:0200000460009A
:100000004643464200000156000000000103030081
:1000100000000000000000000000000000000000E0
:1000200000000000000000000000000000000000D0
:1000300000000000000000000000000000000000C0
:1000400000000000010408000000000000000000A3
:100050000000800000000000000000000000000020
:100060000000000000000000000000000000000090
:100070000000000000000000000000000000000080
:10008000EB04180A063204260000000000000000FD
:10009000050404240000000000000000000000002F
:1000A0000000000000000000000000000000000050
:1000B0000604000000000000000000000000000036
:1000C0000000000000000000000000000000000030
:1000D00020041808000000000000000000000000DC
:1000E0000000000000000000000000000000000010
:1000F0000000000000000000000000000000000000
:10010000D8041808000000000000000000000000F3
:100110000204180804200000000000000000000095
:1001200000000000000000000000000000000000CF
:10013000600400000000000000000000000000005B
:1001400000000000000000000000000000000000AF
:10015000000000000000000000000000000000009F
:10016000000000000000000000000000000000008F
:10017000000000000000000000000000000000007F
:10018000000000000000000000000000000000006F
:10019000000000000000000000000000000000005F
:1001A000000000000000000000000000000000004F
:1001B000000000000000000000000000000000003F
:1001C000000100000010000001000000000000001D
:1001D000000001000000000000000000000000001E
:1001E000000000000000000000000000000000000F
:1001F00000000000000000000000000000000000FF
:10020000FFFFFFFFFFFFFFFFFFFFFFFFFFFFFFFFFE
:10021000FFFFFFFFFFFFFFFFFFFFFFFFFFFFFFFFEE
:10022000FFFFFFFFFFFFFFFFFFFFFFFFFFFFFFFFDE
:10023000FFFFFFFFFFFFFFFFFFFFFFFFFFFFFFFFCE
:10024000FFFFFFFFFFFFFFFFFFFFFFFFFFFFFFFFBE
:10025000FFFFFFFFFFFFFFFFFFFFFFFFFFFFFFFFAE
:10026000FFFFFFFFFFFFFFFFFFFFFFFFFFFFFFFF9E
:10027000FFFFFFFFFFFFFFFFFFFFFFFFFFFFFFFF8E
:10028000FFFFFFFFFFFFFFFFFFFFFFFFFFFFFFFF7E
:10029000FFFFFFFFFFFFFFFFFFFFFFFFFFFFFFFF6E
:1002A000FFFFFFFFFFFFFFFFFFFFFFFFFFFFFFFF5E
:1002B000FFFFFFFFFFFFFFFFFFFFFFFFFFFFFFFF4E
:1002C000FFFFFFFFFFFFFFFFFFFFFFFFFFFFFFFF3E
:1002D000FFFFFFFFFFFFFFFFFFFFFFFFFFFFFFFF2E
:1002E000FFFFFFFFFFFFFFFFFFFFFFFFFFFFFFFF1E
:1002F000FFFFFFFFFFFFFFFFFFFFFFFFFFFFFFFF0E
:10030000FFFFFFFFFFFFFFFFFFFFFFFFFFFFFFFFFD
:10031000FFFFFFFFFFFFFFFFFFFFFFFFFFFFFFFFED
:10032000FFFFFFFFFFFFFFFFFFFFFFFFFFFFFFFFDD
:10033000FFFFFFFFFFFFFFFFFFFFFFFFFFFFFFFFCD
:10034000FFFFFFFFFFFFFFFFFFFFFFFFFFFFFFFFBD
:10035000FFFFFFFFFFFFFFFFFFFFFFFFFFFFFFFFAD
:10036000FFFFFFFFFFFFFFFFFFFFFFFFFFFFFFFF9D
:10037000FFFFFFFFFFFFFFFFFFFFFFFFFFFFFFFF8D
:10038000FFFFFFFFFFFFFFFFFFFFFFFFFFFFFFFF7D
:10039000FFFFFFFFFFFFFFFFFFFFFFFFFFFFFFFF6D
:1003A000FFFFFFFFFFFFFFFFFFFFFFFFFFFFFFFF5D
:1003B000FFFFFFFFFFFFFFFFFFFFFFFFFFFFFFFF4D
:1003C000FFFFFFFFFFFFFFFFFFFFFFFFFFFFFFFF3D
:1003D000FFFFFFFFFFFFFFFFFFFFFFFFFFFFFFFF2D
:1003E000FFFFFFFFFFFFFFFFFFFFFFFFFFFFFFFF1D
:1003F000FFFFFFFFFFFFFFFFFFFFFFFFFFFFFFFF0D
:10040000FFFFFFFFFFFFFFFFFFFFFFFFFFFFFFFFFC
:10041000FFFFFFFFFFFFFFFFFFFFFFFFFFFFFFFFEC
:10042000FFFFFFFFFFFFFFFFFFFFFFFFFFFFFFFFDC
:10043000FFFFFFFFFFFFFFFFFFFFFFFFFFFFFFFFCC
:10044000FFFFFFFFFFFFFFFFFFFFFFFFFFFFFFFFBC
:10045000FFFFFFFFFFFFFFFFFFFFFFFFFFFFFFFFAC
:10046000FFFFFFFFFFFFFFFFFFFFFFFFFFFFFFFF9C
:10047000FFFFFFFFFFFFFFFFFFFFFFFFFFFFFFFF8C
:10048000FFFFFFFFFFFFFFFFFFFFFFFFFFFFFFFF7C
:10049000FFFFFFFFFFFFFFFFFFFFFFFFFFFFFFFF6C
:1004A000FFFFFFFFFFFFFFFFFFFFFFFFFFFFFFFF5C
:1004B000FFFFFFFFFFFFFFFFFFFFFFFFFFFFFFFF4C
:1004C000FFFFFFFFFFFFFFFFFFFFFFFFFFFFFFFF3C
:1004D000FFFFFFFFFFFFFFFFFFFFFFFFFFFFFFFF2C
:1004E000FFFFFFFFFFFFFFFFFFFFFFFFFFFFFFFF1C
:1004F000FFFFFFFFFFFFFFFFFFFFFFFFFFFFFFFF0C
:10050000FFFFFFFFFFFFFFFFFFFFFFFFFFFFFFFFFB
:10051000FFFFFFFFFFFFFFFFFFFFFFFFFFFFFFFFEB
:10052000FFFFFFFFFFFFFFFFFFFFFFFFFFFFFFFFDB
:10053000FFFFFFFFFFFFFFFFFFFFFFFFFFFFFFFFCB
:10054000FFFFFFFFFFFFFFFFFFFFFFFFFFFFFFFFBB
:10055000FFFFFFFFFFFFFFFFFFFFFFFFFFFFFFFFAB
:10056000FFFFFFFFFFFFFFFFFFFFFFFFFFFFFFFF9B
:10057000FFFFFFFFFFFFFFFFFFFFFFFFFFFFFFFF8B
:10058000FFFFFFFFFFFFFFFFFFFFFFFFFFFFFFFF7B
:10059000FFFFFFFFFFFFFFFFFFFFFFFFFFFFFFFF6B
:1005A000FFFFFFFFFFFFFFFFFFFFFFFFFFFFFFFF5B
:1005B000FFFFFFFFFFFFFFFFFFFFFFFFFFFFFFFF4B
:1005C000FFFFFFFFFFFFFFFFFFFFFFFFFFFFFFFF3B
:1005D000FFFFFFFFFFFFFFFFFFFFFFFFFFFFFFFF2B
:1005E000FFFFFFFFFFFFFFFFFFFFFFFFFFFFFFFF1B
:1005F000FFFFFFFFFFFFFFFFFFFFFFFFFFFFFFFF0B
:10060000FFFFFFFFFFFFFFFFFFFFFFFFFFFFFFFFFA
:10061000FFFFFFFFFFFFFFFFFFFFFFFFFFFFFFFFEA
:10062000FFFFFFFFFFFFFFFFFFFFFFFFFFFFFFFFDA
:10063000FFFFFFFFFFFFFFFFFFFFFFFFFFFFFFFFCA
:10064000FFFFFFFFFFFFFFFFFFFFFFFFFFFFFFFFBA
:10065000FFFFFFFFFFFFFFFFFFFFFFFFFFFFFFFFAA
:10066000FFFFFFFFFFFFFFFFFFFFFFFFFFFFFFFF9A
:10067000FFFFFFFFFFFFFFFFFFFFFFFFFFFFFFFF8A
:10068000FFFFFFFFFFFFFFFFFFFFFFFFFFFFFFFF7A
:10069000FFFFFFFFFFFFFFFFFFFFFFFFFFFFFFFF6A
:1006A000FFFFFFFFFFFFFFFFFFFFFFFFFFFFFFFF5A
:1006B000FFFFFFFFFFFFFFFFFFFFFFFFFFFFFFFF4A
:1006C000FFFFFFFFFFFFFFFFFFFFFFFFFFFFFFFF3A
:1006D000FFFFFFFFFFFFFFFFFFFFFFFFFFFFFFFF2A
:1006E000FFFFFFFFFFFFFFFFFFFFFFFFFFFFFFFF1A
:1006F000FFFFFFFFFFFFFFFFFFFFFFFFFFFFFFFF0A
:10070000FFFFFFFFFFFFFFFFFFFFFFFFFFFFFFFFF9
:10071000FFFFFFFFFFFFFFFFFFFFFFFFFFFFFFFFE9
:10072000FFFFFFFFFFFFFFFFFFFFFFFFFFFFFFFFD9
:10073000FFFFFFFFFFFFFFFFFFFFFFFFFFFFFFFFC9
:10074000FFFFFFFFFFFFFFFFFFFFFFFFFFFFFFFFB9
:10075000FFFFFFFFFFFFFFFFFFFFFFFFFFFFFFFFA9
:10076000FFFFFFFFFFFFFFFFFFFFFFFFFFFFFFFF99
:10077000FFFFFFFFFFFFFFFFFFFFFFFFFFFFFFFF89
:10078000FFFFFFFFFFFFFFFFFFFFFFFFFFFFFFFF79
:10079000FFFFFFFFFFFFFFFFFFFFFFFFFFFFFFFF69
:1007A000FFFFFFFFFFFFFFFFFFFFFFFFFFFFFFFF59
:1007B000FFFFFFFFFFFFFFFFFFFFFFFFFFFFFFFF49
:1007C000FFFFFFFFFFFFFFFFFFFFFFFFFFFFFFFF39
:1007D000FFFFFFFFFFFFFFFFFFFFFFFFFFFFFFFF29
:1007E000FFFFFFFFFFFFFFFFFFFFFFFFFFFFFFFF19
:1007F000FFFFFFFFFFFFFFFFFFFFFFFFFFFFFFFF09
:10080000FFFFFFFFFFFFFFFFFFFFFFFFFFFFFFFFF8
:10081000FFFFFFFFFFFFFFFFFFFFFFFFFFFFFFFFE8
:10082000FFFFFFFFFFFFFFFFFFFFFFFFFFFFFFFFD8
:10083000FFFFFFFFFFFFFFFFFFFFFFFFFFFFFFFFC8
:10084000FFFFFFFFFFFFFFFFFFFFFFFFFFFFFFFFB8
:10085000FFFFFFFFFFFFFFFFFFFFFFFFFFFFFFFFA8
:10086000FFFFFFFFFFFFFFFFFFFFFFFFFFFFFFFF98
:10087000FFFFFFFFFFFFFFFFFFFFFFFFFFFFFFFF88
:10088000FFFFFFFFFFFFFFFFFFFFFFFFFFFFFFFF78
:10089000FFFFFFFFFFFFFFFFFFFFFFFFFFFFFFFF68
:1008A000FFFFFFFFFFFFFFFFFFFFFFFFFFFFFFFF58
:1008B000FFFFFFFFFFFFFFFFFFFFFFFFFFFFFFFF48
:1008C000FFFFFFFFFFFFFFFFFFFFFFFFFFFFFFFF38
:1008D000FFFFFFFFFFFFFFFFFFFFFFFFFFFFFFFF28
:1008E000FFFFFFFFFFFFFFFFFFFFFFFFFFFFFFFF18
:1008F000FFFFFFFFFFFFFFFFFFFFFFFFFFFFFFFF08
:10090000FFFFFFFFFFFFFFFFFFFFFFFFFFFFFFFFF7
:10091000FFFFFFFFFFFFFFFFFFFFFFFFFFFFFFFFE7
:10092000FFFFFFFFFFFFFFFFFFFFFFFFFFFFFFFFD7
:10093000FFFFFFFFFFFFFFFFFFFFFFFFFFFFFFFFC7
:10094000FFFFFFFFFFFFFFFFFFFFFFFFFFFFFFFFB7
:10095000FFFFFFFFFFFFFFFFFFFFFFFFFFFFFFFFA7
:10096000FFFFFFFFFFFFFFFFFFFFFFFFFFFFFFFF97
:10097000FFFFFFFFFFFFFFFFFFFFFFFFFFFFFFFF87
:10098000FFFFFFFFFFFFFFFFFFFFFFFFFFFFFFFF77
:10099000FFFFFFFFFFFFFFFFFFFFFFFFFFFFFFFF67
:1009A000FFFFFFFFFFFFFFFFFFFFFFFFFFFFFFFF57
:1009B000FFFFFFFFFFFFFFFFFFFFFFFFFFFFFFFF47
:1009C000FFFFFFFFFFFFFFFFFFFFFFFFFFFFFFFF37
:1009D000FFFFFFFFFFFFFFFFFFFFFFFFFFFFFFFF27
:1009E000FFFFFFFFFFFFFFFFFFFFFFFFFFFFFFFF17
:1009F000FFFFFFFFFFFFFFFFFFFFFFFFFFFFFFFF07
:100A0000FFFFFFFFFFFFFFFFFFFFFFFFFFFFFFFFF6
:100A1000FFFFFFFFFFFFFFFFFFFFFFFFFFFFFFFFE6
:100A2000FFFFFFFFFFFFFFFFFFFFFFFFFFFFFFFFD6
:100A3000FFFFFFFFFFFFFFFFFFFFFFFFFFFFFFFFC6
:100A4000FFFFFFFFFFFFFFFFFFFFFFFFFFFFFFFFB6
:100A5000FFFFFFFFFFFFFFFFFFFFFFFFFFFFFFFFA6
:100A6000FFFFFFFFFFFFFFFFFFFFFFFFFFFFFFFF96
:100A7000FFFFFFFFFFFFFFFFFFFFFFFFFFFFFFFF86
:100A8000FFFFFFFFFFFFFFFFFFFFFFFFFFFFFFFF76
:100A9000FFFFFFFFFFFFFFFFFFFFFFFFFFFFFFFF66
:100AA000FFFFFFFFFFFFFFFFFFFFFFFFFFFFFFFF56
:100AB000FFFFFFFFFFFFFFFFFFFFFFFFFFFFFFFF46
:100AC000FFFFFFFFFFFFFFFFFFFFFFFFFFFFFFFF36
:100AD000FFFFFFFFFFFFFFFFFFFFFFFFFFFFFFFF26
:100AE000FFFFFFFFFFFFFFFFFFFFFFFFFFFFFFFF16
:100AF000FFFFFFFFFFFFFFFFFFFFFFFFFFFFFFFF06
:100B0000FFFFFFFFFFFFFFFFFFFFFFFFFFFFFFFFF5
:100B1000FFFFFFFFFFFFFFFFFFFFFFFFFFFFFFFFE5
:100B2000FFFFFFFFFFFFFFFFFFFFFFFFFFFFFFFFD5
:100B3000FFFFFFFFFFFFFFFFFFFFFFFFFFFFFFFFC5
:100B4000FFFFFFFFFFFFFFFFFFFFFFFFFFFFFFFFB5
:100B5000FFFFFFFFFFFFFFFFFFFFFFFFFFFFFFFFA5
:100B6000FFFFFFFFFFFFFFFFFFFFFFFFFFFFFFFF95
:100B7000FFFFFFFFFFFFFFFFFFFFFFFFFFFFFFFF85
:100B8000FFFFFFFFFFFFFFFFFFFFFFFFFFFFFFFF75
:100B9000FFFFFFFFFFFFFFFFFFFFFFFFFFFFFFFF65
:100BA000FFFFFFFFFFFFFFFFFFFFFFFFFFFFFFFF55
:100BB000FFFFFFFFFFFFFFFFFFFFFFFFFFFFFFFF45
:100BC000FFFFFFFFFFFFFFFFFFFFFFFFFFFFFFFF35
:100BD000FFFFFFFFFFFFFFFFFFFFFFFFFFFFFFFF25
:100BE000FFFFFFFFFFFFFFFFFFFFFFFFFFFFFFFF15
:100BF000FFFFFFFFFFFFFFFFFFFFFFFFFFFFFFFF05
:100C0000FFFFFFFFFFFFFFFFFFFFFFFFFFFFFFFFF4
:100C1000FFFFFFFFFFFFFFFFFFFFFFFFFFFFFFFFE4
:100C2000FFFFFFFFFFFFFFFFFFFFFFFFFFFFFFFFD4
:100C3000FFFFFFFFFFFFFFFFFFFFFFFFFFFFFFFFC4
:100C4000FFFFFFFFFFFFFFFFFFFFFFFFFFFFFFFFB4
:100C5000FFFFFFFFFFFFFFFFFFFFFFFFFFFFFFFFA4
:100C6000FFFFFFFFFFFFFFFFFFFFFFFFFFFFFFFF94
:100C7000FFFFFFFFFFFFFFFFFFFFFFFFFFFFFFFF84
:100C8000FFFFFFFFFFFFFFFFFFFFFFFFFFFFFFFF74
:100C9000FFFFFFFFFFFFFFFFFFFFFFFFFFFFFFFF64
:100CA000FFFFFFFFFFFFFFFFFFFFFFFFFFFFFFFF54
:100CB000FFFFFFFFFFFFFFFFFFFFFFFFFFFFFFFF44
:100CC000FFFFFFFFFFFFFFFFFFFFFFFFFFFFFFFF34
:100CD000FFFFFFFFFFFFFFFFFFFFFFFFFFFFFFFF24
:100CE000FFFFFFFFFFFFFFFFFFFFFFFFFFFFFFFF14
:100CF000FFFFFFFFFFFFFFFFFFFFFFFFFFFFFFFF04
:100D0000FFFFFFFFFFFFFFFFFFFFFFFFFFFFFFFFF3
:100D1000FFFFFFFFFFFFFFFFFFFFFFFFFFFFFFFFE3
:100D2000FFFFFFFFFFFFFFFFFFFFFFFFFFFFFFFFD3
:100D3000FFFFFFFFFFFFFFFFFFFFFFFFFFFFFFFFC3
:100D4000FFFFFFFFFFFFFFFFFFFFFFFFFFFFFFFFB3
:100D5000FFFFFFFFFFFFFFFFFFFFFFFFFFFFFFFFA3
:100D6000FFFFFFFFFFFFFFFFFFFFFFFFFFFFFFFF93
:100D7000FFFFFFFFFFFFFFFFFFFFFFFFFFFFFFFF83
:100D8000FFFFFFFFFFFFFFFFFFFFFFFFFFFFFFFF73
:100D9000FFFFFFFFFFFFFFFFFFFFFFFFFFFFFFFF63
:100DA000FFFFFFFFFFFFFFFFFFFFFFFFFFFFFFFF53
:100DB000FFFFFFFFFFFFFFFFFFFFFFFFFFFFFFFF43
:100DC000FFFFFFFFFFFFFFFFFFFFFFFFFFFFFFFF33
:100DD000FFFFFFFFFFFFFFFFFFFFFFFFFFFFFFFF23
:100DE000FFFFFFFFFFFFFFFFFFFFFFFFFFFFFFFF13
:100DF000FFFFFFFFFFFFFFFFFFFFFFFFFFFFFFFF03
:100E0000FFFFFFFFFFFFFFFFFFFFFFFFFFFFFFFFF2
:100E1000FFFFFFFFFFFFFFFFFFFFFFFFFFFFFFFFE2
:100E2000FFFFFFFFFFFFFFFFFFFFFFFFFFFFFFFFD2
:100E3000FFFFFFFFFFFFFFFFFFFFFFFFFFFFFFFFC2
:100E4000FFFFFFFFFFFFFFFFFFFFFFFFFFFFFFFFB2
:100E5000FFFFFFFFFFFFFFFFFFFFFFFFFFFFFFFFA2
:100E6000FFFFFFFFFFFFFFFFFFFFFFFFFFFFFFFF92
:100E7000FFFFFFFFFFFFFFFFFFFFFFFFFFFFFFFF82
:100E8000FFFFFFFFFFFFFFFFFFFFFFFFFFFFFFFF72
:100E9000FFFFFFFFFFFFFFFFFFFFFFFFFFFFFFFF62
:100EA000FFFFFFFFFFFFFFFFFFFFFFFFFFFFFFFF52
:100EB000FFFFFFFFFFFFFFFFFFFFFFFFFFFFFFFF42
:100EC000FFFFFFFFFFFFFFFFFFFFFFFFFFFFFFFF32
:100ED000FFFFFFFFFFFFFFFFFFFFFFFFFFFFFFFF22
:100EE000FFFFFFFFFFFFFFFFFFFFFFFFFFFFFFFF12
:100EF000FFFFFFFFFFFFFFFFFFFFFFFFFFFFFFFF02
:100F0000FFFFFFFFFFFFFFFFFFFFFFFFFFFFFFFFF1
:100F1000FFFFFFFFFFFFFFFFFFFFFFFFFFFFFFFFE1
:100F2000FFFFFFFFFFFFFFFFFFFFFFFFFFFFFFFFD1
:100F3000FFFFFFFFFFFFFFFFFFFFFFFFFFFFFFFFC1
:100F4000FFFFFFFFFFFFFFFFFFFFFFFFFFFFFFFFB1
:100F5000FFFFFFFFFFFFFFFFFFFFFFFFFFFFFFFFA1
:100F6000FFFFFFFFFFFFFFFFFFFFFFFFFFFFFFFF91
:100F7000FFFFFFFFFFFFFFFFFFFFFFFFFFFFFFFF81
:100F8000FFFFFFFFFFFFFFFFFFFFFFFFFFFFFFFF71
:100F9000FFFFFFFFFFFFFFFFFFFFFFFFFFFFFFFF61
:100FA000FFFFFFFFFFFFFFFFFFFFFFFFFFFFFFFF51
:100FB000FFFFFFFFFFFFFFFFFFFFFFFFFFFFFFFF41
:100FC000FFFFFFFFFFFFFFFFFFFFFFFFFFFFFFFF31
:100FD000FFFFFFFFFFFFFFFFFFFFFFFFFFFFFFFF21
:100FE000FFFFFFFFFFFFFFFFFFFFFFFFFFFFFFFF11
:100FF000FFFFFFFFFFFFFFFFFFFFFFFFFFFFFFFF01
:10100000D1002043F1150060000000000000000046
:10101000201000600010006000440160000000002B
:10102000000000600050010000000000FFFFFFFF13
:10103000FFFFFFFFFFFFFFFFFFFFFFFFFFFFFFFFC0
:10104000FFFFFFFFFFFFFFFFFFFFFFFFFFFFFFFFB0
:10105000FFFFFFFFFFFFFFFFFFFFFFFFFFFFFFFFA0
:10106000FFFFFFFFFFFFFFFFFFFFFFFFFFFFFFFF90
:10107000FFFFFFFFFFFFFFFFFFFFFFFFFFFFFFFF80
:10108000FFFFFFFFFFFFFFFFFFFFFFFFFFFFFFFF70
:10109000FFFFFFFFFFFFFFFFFFFFFFFFFFFFFFFF60
:1010A000FFFFFFFFFFFFFFFFFFFFFFFFFFFFFFFF50
:1010B000FFFFFFFFFFFFFFFFFFFFFFFFFFFFFFFF40
:1010C000FFFFFFFFFFFFFFFFFFFFFFFFFFFFFFFF30
:1010D000FFFFFFFFFFFFFFFFFFFFFFFFFFFFFFFF20
:1010E000FFFFFFFFFFFFFFFFFFFFFFFFFFFFFFFF10
:1010F000FFFFFFFFFFFFFFFFFFFFFFFFFFFFFFFF00
:10110000FFFFFFFFFFFFFFFFFFFFFFFFFFFFFFFFEF
:10111000FFFFFFFFFFFFFFFFFFFFFFFFFFFFFFFFDF
:10112000FFFFFFFFFFFFFFFFFFFFFFFFFFFFFFFFCF
:10113000FFFFFFFFFFFFFFFFFFFFFFFFFFFFFFFFBF
:10114000FFFFFFFFFFFFFFFFFFFFFFFFFFFFFFFFAF
:10115000FFFFFFFFFFFFFFFFFFFFFFFFFFFFFFFF9F
:10116000FFFFFFFFFFFFFFFFFFFFFFFFFFFFFFFF8F
:10117000FFFFFFFFFFFFFFFFFFFFFFFFFFFFFFFF7F
:10118000FFFFFFFFFFFFFFFFFFFFFFFFFFFFFFFF6F
:10119000FFFFFFFFFFFFFFFFFFFFFFFFFFFFFFFF5F
:1011A000FFFFFFFFFFFFFFFFFFFFFFFFFFFFFFFF4F
:1011B000FFFFFFFFFFFFFFFFFFFFFFFFFFFFFFFF3F
:1011C000FFFFFFFFFFFFFFFFFFFFFFFFFFFFFFFF2F
:1011D000FFFFFFFFFFFFFFFFFFFFFFFFFFFFFFFF1F
:1011E000FFFFFFFFFFFFFFFFFFFFFFFFFFFFFFFF0F
:1011F000FFFFFFFFFFFFFFFFFFFFFFFFFFFFFFFFFF
:10120000FFFFFFFFFFFFFFFFFFFFFFFFFFFFFFFFEE
:10121000FFFFFFFFFFFFFFFFFFFFFFFFFFFFFFFFDE
:10122000FFFFFFFFFFFFFFFFFFFFFFFFFFFFFFFFCE
:10123000FFFFFFFFFFFFFFFFFFFFFFFFFFFFFFFFBE
:10124000FFFFFFFFFFFFFFFFFFFFFFFFFFFFFFFFAE
:10125000FFFFFFFFFFFFFFFFFFFFFFFFFFFFFFFF9E
:10126000FFFFFFFFFFFFFFFFFFFFFFFFFFFFFFFF8E
:10127000FFFFFFFFFFFFFFFFFFFFFFFFFFFFFFFF7E
:10128000FFFFFFFFFFFFFFFFFFFFFFFFFFFFFFFF6E
:10129000FFFFFFFFFFFFFFFFFFFFFFFFFFFFFFFF5E
:1012A000FFFFFFFFFFFFFFFFFFFFFFFFFFFFFFFF4E
:1012B000FFFFFFFFFFFFFFFFFFFFFFFFFFFFFFFF3E
:1012C000FFFFFFFFFFFFFFFFFFFFFFFFFFFFFFFF2E
:1012D000FFFFFFFFFFFFFFFFFFFFFFFFFFFFFFFF1E
:1012E000FFFFFFFFFFFFFFFFFFFFFFFFFFFFFFFF0E
:1012F000FFFFFFFFFFFFFFFFFFFFFFFFFFFFFFFFFE
:10130000FFFFFFFFFFFFFFFFFFFFFFFFFFFFFFFFED
:10131000FFFFFFFFFFFFFFFFFFFFFFFFFFFFFFFFDD
:10132000FFFFFFFFFFFFFFFFFFFFFFFFFFFFFFFFCD
:10133000FFFFFFFFFFFFFFFFFFFFFFFFFFFFFFFFBD
:10134000FFFFFFFFFFFFFFFFFFFFFFFFFFFFFFFFAD
:10135000FFFFFFFFFFFFFFFFFFFFFFFFFFFFFFFF9D
:10136000FFFFFFFFFFFFFFFFFFFFFFFFFFFFFFFF8D
:10137000FFFFFFFFFFFFFFFFFFFFFFFFFFFFFFFF7D
:10138000FFFFFFFFFFFFFFFFFFFFFFFFFFFFFFFF6D
:10139000FFFFFFFFFFFFFFFFFFFFFFFFFFFFFFFF5D
:1013A000FFFFFFFFFFFFFFFFFFFFFFFFFFFFFFFF4D
:1013B000FFFFFFFFFFFFFFFFFFFFFFFFFFFFFFFF3D
:1013C000FFFFFFFFFFFFFFFFFFFFFFFFFFFFFFFF2D
:1013D000FFFFFFFFFFFFFFFFFFFFFFFFFFFFFFFF1D
:1013E000FFFFFFFFFFFFFFFFFFFFFFFFFFFFFFFF0D
:1013F000FFFFFFFFFFFFFFFFFFFFFFFFFFFFFFFFFD
:10140000824205D051F8043B40F8043B8242F9D8AF
:10141000704700BF044A05494FF0000342F8043BFF
:101420009142FBD8704700BFC07A0020008800209E
:1014300080B5BFF34F8F00F0F1F9544C544B0820A6
:101440005449C3F85401544AC3F800115348C3F82F
:10145000F0405349FFF7D4FF524A53495348FFF72E
:10146000CFFF534CFFF7D6FF4FF470004FF0E02151
:101470000023504AC1F8880D44F823200133B02BD3
:10148000FAD14D4B80214D4A03F8011B9342FBD109
:101490004FF0E0254A4F4B4A4FF0FF31C5F8084D59
:1014A0000026D5F8243D43F4E023C5F8243DFB692C
:1014B00023F07F0343F04003FB617B6A23F07F034B
:1014C00043F040037B629166D1661167516700F07B
:1014D000ADF93D4B63223D49A3633D4BE3630323D9
:1014E0006A613C4AAE612B61C5F8202DD5F8FC2D10
:1014F000394B42F08072C5F8FC2D1A6842F00102A7
:101500001A605B680B6000F055FB344800F0C0FDCA
:10151000F96E334B334A41F44051F9661E60C3F80B
:101520000861C3F81861C3F82861C3F83861936B88
:10153000DB0708D442F615632B4951651365936B9D
:1015400043F001039363274A284C936843F0011347
:10155000936000F0F5F900F091FC00F09DFD00F0C3
:1015600057FB00F05DF92368132BFCD900F0E8FB72
:101570002368B3F5967FFBD300F056F900F052F9DB
:1015800000F07AFD00F080FD30BFFDE70C0D111377
:1015900000800D401B101820C8A3000000000000B0
:1015A00020230060C07A0020ECC60060000000200C
:1015B00000780020415E000000E400E0A0E400E0CC
:1015C00000C00F4000C00A403D7400008C8700201E
:1015D0004174000000002020001000E00046C323FA
:1015E0000040084000400D400000C0569087002099
:1015F000054B4FF42A01054A05485A641864054A08
:1016000099639546FFF714FF00C00A40AFAAAAAA43
:1016100007002000000007201BB9124B1B6F9B0422
:101620001ED400F03F000F4B22F0604221F06041D9
:1016300040F489101867C3F88010C3F890201A6F1F
:1016400022F480521A671A6F002AFCDAD3F870115C
:10165000054A0A40C3F870211A6F22F480321A67D3
:10166000704700BF00800D40FF7F7FFFB1F5607FB6
:10167000F0B50E468DB028BF4FF460760F46054694
:1016800072B62E4B00247022186021462C4B2D4838
:101690001C8000F0E5FCCFB121462A484FF0010C38
:1016A0004A0901F01F03013150F822400CFA03F3FC
:1016B0008E4243EA040340F82230F1D82846002342
:1016C0004380013300F582709E42F9D81E4C257884
:1016D00015B162B60DB0F0BD082000F0C9FC1B4B7F
:1016E00080220646009302A90693194B02710560F9
:1016F00008A8029300F0D4FC06A9164A304600F070
:10170000BFFC069B08A8DB689847009B02A8DB6823
:1017100098472378002BDCD10F4B104AC3F858218F
:101720000F49D0204FF0E023402281F84600C3F853
:1017300008210123237062B60DB0F0BD147F002094
:10174000B48700201C7F0020C98700205C4800204F
:10175000D54F00001B10010000780020E14F000071
:1017600000E400E02B4A0021012310B4C2F8A000DD
:10177000C2F8A410C2F8B0305369DB07FCD50123CE
:101780004FF4803423495361C2F8A000C2F8A4404A
:10179000C2F8B0304B69DC07FCD501234FF40034AC
:1017A0001C4A4B61C1F8A000C1F8A440C1F8B03098
:1017B0005369D907FCD50123174C16495361C2F868
:1017C000A000C2F8A440C2F8B0304B69DB07FCD5DA
:1017D000D1F8003145F60D5021249AB24C61824275
:1017E00014D045F69D518A420CD1C3F34253032BCA
:1017F0000CD0A3F104035DF8044BB3FA83F35B0947
:101800001801704700205DF8044B704708205DF810
:10181000044B704700402A4004000300704700BF9B
:10182000704700BF704700BF00BF704710B44FF053
:10183000E023002110243248C3F8941DC3F89C4DC6
:101840001124C3F8A00D2F48C3F89C4D1224C3F8EF
:10185000A00D2D48C3F89C4D2C4AC3F8A00D2C4C6C
:1018600042F015022B48C3F89C4DC3F8A00D2A4C3A
:101870002A48C3F89C4DC3F8A00D294CC3F89C2DF1
:101880002848294AC3F8A04DC3F89C0DC3F8A02DE1
:1018900002F5A022254C0C322548C3F89C4DC3F814
:1018A000A02D244AC3F89C0DC3F8A02D02F140627C
:1018B000214C02322148C3F89C4DC3F8A02D0A32B6
:1018C000C3F89C0DC3F8A02D00BF00BF00BF00BF30
:1018D00000BF0122C3F8942DBFF34F8FBFF36F8F6A
:1018E000C3F8501FBFF34F8FBFF36F8FD3F8142D82
:1018F0005DF8044B42F44032C3F8142D704700BF2A
:101900003F00001025000807090010000088002093
:1019100013002000210002071400002025000813F6
:10192000090000101600202027000B1317000040AC
:10193000180000602F000B07190000701A000080CB
:10194000F0B5824B1822824D0120824F83B0C3F83C
:101950005C528149C3F86072804CC3F86452A5F5AB
:1019600030457F4EC3F8685248F20C75C3F86C429C
:10197000C3F87042C3F87442C3F878424FF0FF34A2
:10198000DA661A675A679A67DA67C3F88020C3F87D
:101990008420C3F88820C1F82C03724AC1F83003B0
:1019A000C1F83403C1F83803C1F83C03C1F850034F
:1019B000B1696D4B0A406D486D4913436D4AB3617F
:1019C000D6F8843043F00C03C6F88430036843F043
:1019D0000203036003682B4021251A43664B026013
:1019E00044608A68654C1340654A43F00053836045
:1019F000C36823F07803C360036A13402343036280
:101A0000036A13405F4A234340F2056443628262E3
:101A1000C2620022D1F8B83023F03F0343F0010343
:101A2000C0F8B830D1F8BC30574923F03F0343F039
:101A30000103C0F8BC3002610567C0F8804045670B
:101A4000C0F884400224036823F00203036081612C
:101A50004E4B4F49C46143F8042B8B42FBD1434D9D
:101A60002B6843F001032B602C6814F00104FBD1B8
:101A70004549022340F2F5622046A96140F29941AE
:101A8000EB6140F26643C5F8002242F20142C5F81C
:101A90001032404BC5F82012C5F8303240F23543C1
:101AA000C5F834223C49C5F840323C4BC5F85012C9
:101AB0003B4AC5F8543242F20123C5F86022C5F80A
:101AC0006432FFF74FFE0646002836D083024FF4FB
:101AD00080222B660123C5F8A040244CC5F8A42021
:101AE000C5F8B0306369DA07FCD5012537056561B3
:101AF0003846FFF737FE32182A4BD2B21A7078B147
:101B000080024FF4802319496066C4F8A070C4F8BD
:101B1000A430C4F8B0504B69DB07FCD501234B61FE
:101B200021490024214801230094401A00EB02526D
:101B30001F4800F091FA03B0F0BD1D4B194A186020
:101B40001070D860C3E9010003B0F0BD00801F40F1
:101B5000F9B00100F910010000841F40F970010084
:101B600000C00F40FFFCFF1F0003008000402A4020
:101B700000802A401200FFFFFF37F700400000807E
:101B800000FFF07CFF000F83F05AF05A00422A4019
:101B900000432A409F041830EB06180A063201263B
:101BA0003806180ACF87002000000070000000707F
:101BB000F4860020F0B4154A40274FF480314FF4EA
:101BC00080564FF400554FF4404443F242001369ED
:101BD00013F0020F0ED113F4005F0FD013F4805FE7
:101BE0000ED0002BF3DA13F4803F0BD15B060BD53C
:101BF000F0BC7047946151619061E8E75561E6E798
:101C00005661E4E79161E2E75761E0E700800D404B
:101C10003F4A03203F49F3EE095AD2F880304FF093
:101C2000000C9FED3D6A23F001039FED3C5A30B458
:101C3000C2F88030C2F89000D1F8E010384DCBB235
:101C4000384C39482B6007EE903A0B0DC1F30B214D
:101C5000F8EEE77A06EE903A07EE101A334BB8EE3C
:101C6000C77A2160F8EEE66A314937EEC66A37EE88
:101C7000C55A76EEC76A77EEE57A26EE266AC3ED98
:101C8000006A25EE265AD2F8803067EEA64AC0EDEB
:101C9000007AC6EE275A274885EE276AC4EEA76A5F
:101CA00075EE875AFCEEE55A36EE076A15EE904A55
:101CB000BCEEC66A43EA045376EE877AC2F88030F7
:101CC00016EE103AD2F89041FCEEE77A01EA0341B1
:101CD000214317EE903AC2F89011C3F30B03D2F8E8
:101CE00090110B431449C2F89031D2F8803043F080
:101CF0000203C2F88030114B80F840C0C1F8403177
:101D00004FF0E023012230BCC3F80821704700BF28
:101D100000810D4000441F400000AA420000B44270
:101D20007C8700207887002080870020848700201F
:101D30000000FF0F00E400E00078002005600000D4
:101D4000314B40F6617210B5C3F8202140F20444D3
:101D500000F0AAF92D4A2E49D2F880302D4843F0E0
:101D60000303C2F880302C4BC1F8604102681A426C
:101D700003D1D1F8A8319A071BD0254A4FF0004172
:101D8000244B5963D2F8403143F00203C2F840318A
:101D9000D2F840319B07FBD44FF400304FF0E021E4
:101DA0001C4B4FF00042C1F88C0219209A6300F0DE
:101DB0005BF9184A4FF08040154C002190630A20CF
:101DC000164B11604FF42072C4F8A801184600F0B9
:101DD00047F94FF4800203464FF4810040F243116B
:101DE0001860C4F858311A640D4B0E4AC4F84811F3
:101DF000C3F804224FF0E0224FF400310123C2F86F
:101E00000C11C4F8403110BD00800D4000C00F40DF
:101E100000002E4000900D40001C1E00000000201D
:101E200000780020ED61000008B50E4B1B6E9B078B
:101E300000D4FBBE72B60C4B00200C4AC3F8400124
:101E400003F160430A49A3F55F2311649D46BFF384
:101E50004F8F4FF400130748074ADB6902609B6805
:101E6000984700BF00441F4000002E4000C00A40B9
:101E70000300200000802020000012EB104BA02067
:101E8000104AD96E41F4403110B4D96640F237643B
:101E9000D96E41F44071D96654649064936C1B060A
:101EA000FCD4094A40F23761A02351649364936CD7
:101EB00013F08003FBD1054A13705DF8044B7047A3
:101EC00000C00F4000400C4000800C40CE87002036
:101ED00043690A4A03EB011010B4037A084C02EB81
:101EE0000313D3E901321460C2681A6003690BB1AD
:101EF00042691A605DF8044B704700BFCC4800206F
:101F000061F801004369027E03EB021292F808C0F7
:101F10008C451CD01A7AFF2A19D0914210B504467C
:101F200016D01A7EFF2A06D00121D3E900231268B9
:101F30001A4201D1217610BD064B0522204603EB43
:101F40000C135B681A60FFF7C3FF2176F3E7704755
:101F50000021EAE7CC48002043690A4A03EB01105C
:101F600010B490F82830084C02EB0313D3E9013287
:101F70001460C26A1A60036B0BB1426B1A605DF8A1
:101F8000044B7047CC48002061F801004369427E51
:101F900003EB021292F828C08C451ED093F828203B
:101FA000FF2A1AD0914210B5044617D093F8382072
:101FB000FF2A06D00121D3E9002312681A4201D179
:101FC000617610BD064B0522204603EB0C135B68BF
:101FD0001A60FFF7C1FF6176F3E770470021EAE777
:101FE000CC480020164942698B6B23F47C0343F4F0
:101FF000802370B58B630446124DD2E900130A6842
:102000001A4303690A60022200211A610E4A19610B
:102010009A6401225A629D624FF43035DD624FF0BE
:1020200001159E6C1E6519629D651A61017EFFF7A0
:102030004FFF617E2046BDE87040FFF78DBF00BFB7
:1020400000C00F40B80B05053B372819F8B500BF95
:10205000F8BC08BC9E4670475FF800F0417600006F
:102060005FF800F0299E00005FF800F0ED5B0000D3
:102070005FF800F0D95D00005FF800F0099F0000F4
:102080005FF800F07D5500005FF800F0955C0000FF
:102090005FF800F0FD5800005FF800F0DD7400000C
:1020A0005FF800F0495000005FF800F02969000077
:1020B000450000004D460000C54E0000815600005E
:1020C00018035400650065006E007300790020005D
:1020D0004D004900440049001803540065006500A4
:1020E0006E00730079006400750069006E006F0077
:1020F0000403090409029500030100C032080B0023
:10210000020202010009040000010202010005248C
:102110000010010524010101042402060524060023
:10212000010705820310001009040100020A0000E3
:102130000007050302400000070583024000000974
:10214000040200020103000007240100012500062B
:1021500024020101000624020202000924030103F3
:102160000102010009240302040101010009050420
:10217000024000000000052501010109058402401C
:102180000000000005250101030000000902950080
:10219000030100C032080B00020202010009040022
:1021A00000010202010005240010010524010101C3
:1021B0000424020605240600010705820310000519
:1021C00009040100020A00000007050302000200E2
:1021D0000705830200020009040200020103000057
:1021E0000724010001250006240201010006240243
:1021F0000202000924030103010201000924030271
:102200000401010100090504020002000000052587
:1022100001010109058402000200000005250101F9
:10222000030000000A060002EF0201400100000066
:1022300080C00F40000000031900000010000000E3
:10224000E8841F4001000000FF000000FF000000C4
:102250000000000000000000180000001000000056
:10226000E4841F4001000000FF000000FF000000A8
:1022700000000000000000001F000000ED7B0000D7
:1022800070C00F40000C00001100000011000000A1
:10229000E0841F40020000002C000000120000003B
:1022A000E0841F4001000000100000001100000049
:1022B000DC841F40020000002D000000120000001E
:1022C000DC841F40010000001E000000E17B0000D4
:1022D00070C00F40C000000012000000130000009A
:1022E000D0841F4001000000FF000000FF0000003C
:1022F00000000000000000001300000013000000B8
:10230000CC841F4001000000FF000000FF0000001F
:1023100000000000000000001C000000D57B000051
:1023200000000000000000000000000000000000AD
:10233000000000000000000000000000000000009D
:102340000548064B1B1AD90F01EBA301491002D017
:10235000034B03B118477047C07A0020C07A0020B1
:102360000000000008B5054B1BB105490548AFF357
:102370000080BDE80840FFF7E3BF00BF0000000099
:10238000048700200050016010B5044604210B486A
:1023900007F0D8F8204609F083FF0146204607F0F1
:1023A000D1F8204609F07CFF132806D804460134F2
:1023B000202007F0B1F8142CF9D110BD98060020A8
:1023C0002DE9F04F541E8BB00F2C00F2A380002992
:1023D000C0F2A0808A42C0F29D8093FBF2F402FB1F
:1023E0001433002B0093C0F29880C4680023A242EB
:1023F0000360C0E90121D8BFC360002900F08A80D2
:102400008A4200F0F7800124551A0023A542079460
:102410000195CDE9083300F383800294002940F34D
:102420000281009B4FF0000C4FF001098B469E4645
:10243000A4EB0308C3F1000A554607E050F8271043
:1024400001351943454540F8271022D005EB0E0110
:102450000AAF002D2B464FEA611601F01F01B8BFED
:10246000531907EB86065F1103F01F0356F80C6C37
:1024700009FA03F326FA01F101F001010029DDD187
:1024800050F82710013521EA0301454540F827108F
:10249000DCD10CF1010C05EB0408A244AEEB040EF8
:1024A000DC45C9D104FB0CF7019E012E32D1009B03
:1024B0000299FC1ACD1A3D44DF1B07E050F82E109C
:1024C00001341943AC4240F82E1023D0E1190DF12C
:1024D000280E002C23464FEA611C01F01F01B8BFF3
:1024E00013190EEB8C0C4FEA631E03F01F035CF80C
:1024F00008CC06FA03F32CFA01F101F001010029DE
:10250000DCD150F82E10013421EA0301AC4240F82E
:102510002E10DBD10BB0BDE8F08F1344009364E7BD
:102520000DF124091D46A046A346A6468A460294FC
:1025300004900592019C002608EB0E02029F544570
:10254000304639460392A8BF544603E053F80C1CAA
:1025500053F8043C06F01F0280000136D14000F120
:1025600028070BFA02F2701111F0010F6F4423EAF1
:10257000020C42EA03020AAB14BF47F8042C47F8E6
:1025800004CCB04503EB8003E0D1002128460DE0E8
:1025900059F82530134349F8253001310AAA4B1167
:1025A000714502EB830314D053F8080C01F01F02AD
:1025B00008EB0103D04003F01F025D11C0070BFAC6
:1025C00002F2E5D459F8250020EA020049F8250076
:1025D000E3E7544520DB019B1B1B0193019A099BF8
:1025E000012A079312DC2146CDF808E0039CDDE9BF
:1025F000040213E7002101250B4605FA03F4013319
:102600009A4241EA0401F8D1016083E7DDF80C80C9
:10261000A246089D02938DE7029BB6460893AAEB5B
:1026200004030193DAE700273EE700BFF8B505464B
:102630003548422405F01CFA2D2006F06DFF013CC0
:10264000FAD13148AE0005F013FA06212F4806F002
:1026500079FF691C2C4805F0FFF904212C4806F08D
:1026600071FF0921284805F0F7F90221294806F0F1
:1026700069FF294C05EB850304EB83039F6837B1A1
:10268000384609F00DFE0146384606F05BFF771923
:102690000321224804EB870706F054FF204A7B6899
:1026A0001948A2FB03230A229909002305F0EEF939
:1026B00003211C4806F046FF134805F0D9F908210C
:1026C000194806F03FFFFF6837B1384609F0E8FDCA
:1026D0000146384606F036FF2E440B4805F0C8F98F
:1026E000082104EB8604114806F02CFF246934B15C
:1026F000204609F0D5FD0146204606F023FF02489A
:10270000BDE8F84005F0B4B920610020640600205F
:102710006C06002074060020A00600207806002029
:10272000D34D62107C060020800600208C0600201D
:10273000F6EE007A90ED016AD0ED024AB4EEE76A57
:10274000F1EE007AF1EE10FA10B540F1C880BFEE5C
:10275000000AA6EE270AF5EEC04AF1EE10FA40F3A1
:10276000B080B3EE003A9FED604AB2EE005A64EEDC
:10277000833A24EE855A76EE637A36EE237AFAFEB1
:10278000677AFDEEE77ABBFE477A17EE902AFDEEF8
:10279000C77A17EE904AA24239DCF0EE441A90ED67
:1027A000032A0134DFED512A514912E0F8EEE77AAD
:1027B000DEED006ADEED015A013237EE677AA242A1
:1027C00075EEE65AF0EE667AE7EE257AA5EE274A30
:1027D0001DD007EE902AB0EE437AF8EEE77A76EE57
:1027E000677AA7EE827A27EE227AFBFE477AFDEE21
:1027F000E77A17EE903AB3F5006F01EB830ED5D36D
:102800000132F0EE617AA242A5EE274AE1D1B6EE9E
:10281000003A30EE044A9FED340AB1EE455A36EEE6
:10282000433A73EE637A33EE237AFAFE677AFDEE6B
:10283000E77ABBFE477A17EE902AFDEEC77A17EECD
:10284000901A8A423BDCB3EE002AD0ED032AF0EE68
:10285000401A0131DFED253A254C12E0F8EEE77A17
:10286000DEED006ADEED015A013237EE677A8A4208
:1028700075EEE65AF0EE667AE7EE257AA5EE270ABF
:102880001DD007EE902AB0EE427AF8EEE77A73EEAA
:10289000677AA7EEA27A27EE237AFBFE477AFDEE4F
:1028A000E77A17EE903AB3F5006F04EB830ED5D3B9
:1028B0000132F0EE617A8A42A5EE270AE1D134EEC8
:1028C000000A36EE246AF7EE007AB4EEE76AF1EE1B
:1028D00010FAA8BF36EE676A80ED016A10BDB0EE4F
:1028E000080AA6EE670A36E70000000000008042F2
:1028F00088070020DFED7F7A90ED027AD0ED006A44
:10290000B4EEE77A10B5F1EE10FA04462DED048B23
:1029100009D4DFED797A66EEA77AB4EEE77AF1EEC4
:1029200010FA77FE877A94ED038A9FED727AB4EEFF
:10293000C78AF1EE10FA54D4B7EE007A87EE089AFF
:102940009FED6E7A87EEA60A20EE070A07F0A4FF35
:102950006368F0EE408A082B2CD8DFE803F06F762E
:102960008087919CA8054700D4ED040AB2EE040AC2
:10297000DFED637AC0EEA70A07F0AAFBB5EE400AC6
:10298000B0EE408AF1EE10FA00F1B180B1EEC80A63
:10299000C8EE808AB7EE007AFFEE007A84ED087AFE
:1029A000E8EE087A38EE478A28EE098AC4ED0A7AFA
:1029B00084ED098AF7EE006A78EE897AB0EE666AED
:1029C000A7EEA86A86EE867A67EE287A84ED057A05
:1029D00027EEA80AC4ED067ABDEC048B84ED070A45
:1029E00010BDB0EE478A9FED479AA9E7D4ED040ADF
:1029F000B2EE040ADFED427AC0EEA70A07F068FBE8
:102A0000B5EE400AB0EE408AF1EE10FA6CD4B1EEA9
:102A1000C80AB7EE007A68EE086A68EE808A77EE38
:102A2000487A37EE667AC4ED086A67EE897A84EDF3
:102A30000A7A67EE887AC4ED097ABBE700234FF083
:102A40007E5223626362A262B4E7F1EE497A4FF0EC
:102A50007E522D4B2262C4ED097AA362AAE70023BD
:102A60004FF07E522362A3626262A3E7F1EE497ADD
:102A70004FF07E5200232262C4ED097AA36299E7E7
:102A8000F1EE497A4FF07E524FF040432262C4ED9E
:102A9000097AA3628EE7F8EE007A4FF07E520023A7
:102AA000226269EE277AA362C4ED097A82E7DFED3C
:102AB000147AB2EE040AD4ED040AC0EEA70A07F0B5
:102AC00007FB0023A362B7EE007A28EE008AFFEE30
:102AD000007A84ED087A87EE089AE0EE007A67EED5
:102AE000897AC4ED097A65E707F0B4FE91E707F04B
:102AF000B1FE4DE76F12833A48E1FA3EDB0F4940E1
:102B000000002042FFFF7944000080BF436830B4DA
:102B10002DED048B042B00F25981DFE803F037CB55
:102B20005D9503008168CE4A0D6890ED0E7A2A44C7
:102B30009FEDCC6A82EAD2330A6042F0010202FBC6
:102B400003F383EAD31243F03D0404FB0232534003
:102B500083EA933307EE903AF8EE677A67EE867A67
:102B6000B4EEE77AF1EE10FA00F33381D0ED0B6AA0
:102B700090ED0C0A26EE800AD0ED0F7A67EEA67A69
:102B8000C0ED0B7ABDEC048B30BC70478168B0EEB1
:102B9000007AB34ABFEE000A0B68DFEDB26A1A444E
:102BA00082EAD23342F001000A6000FB03F383EAB9
:102BB000D31243F03D0101FB0232534083EA9333C9
:102BC00007EE903AF8EE677ABDEC048B67EEA67AD2
:102BD00030BCA7EE870A70478168B0EE005AA04A61
:102BE000FFEE006A0B68B0EE0C0A90ED0A7A1A4408
:102BF000DFED9C4ADFED9C5A42F0010482EAD233B9
:102C00000A6004FB03F39FED996A83EAD31243F051
:102C10003D0101FB0232534083EA933307EE903AC1
:102C2000F8EE677ABDEC048B67EEA47A30BCE7EE71
:102C3000856AF0EE477AE6EEA57A87EE867A27EE89
:102C4000000A80ED0A7A70478168854A0B6890ED2A
:102C50000D7A1A44DFED836A82EAD23342F0010032
:102C60000A6000FB03F383EAD31243F03D0101FB4A
:102C70000232534083EA933307EE903AF8EE677AD4
:102C800067EEA67AB4EEE77AF1EE10FA40F29E8093
:102C9000B6EE006AB7EE000AFFEE006A27EE067A8B
:102CA000BDEC048BB4EEE77A30BCF1EE10FA30FEE6
:102CB000260A70478468B0EE009A694ABFEE004A5F
:102CC0002368D0ED038A1A4490ED040AD0ED050A7A
:102CD00042F0010182EAD233D0ED061A01FB03F380
:102CE000DFED609A226083EAD31143F03D02DFED0D
:102CF000607A02FB0132DFED5F4A9FED5F8A53404D
:102D0000DFED5E3A9FED5E5A83EA93339FED5D1AE5
:102D1000DFED5D5A07EE103A9FED5C6ADFED5C6A0D
:102D2000B8EE477A9FED5B2AD0ED072A9FED5A3A1D
:102D300027EE297AA7EE094A64EE277A64EE244A40
:102D400024EE055AE8EE887AE0EE234AD0ED083A00
:102D5000A0EE815A24EE066A64EE255A26EEC47A65
:102D6000F0EE466A9FED4D6AE1EE825AC0ED037ABD
:102D700037EEA40AC0ED044AE2EE836AD0ED092AD8
:102D8000A3EE867A9FED463A30EE050A9FED456A3E
:102D9000DFED453A64EE067A80ED055A30EE250AFD
:102DA000C0ED065AC0ED076AC0ED097A30EE260A7A
:102DB00080ED087ABDEC048B30EE070A30BC30EEB3
:102DC000220AA4EE030A20EE230A70479FED370A79
:102DD000D8E6374BF6EE005A364C2B449FED365A68
:102DE0002C44DFED366A83EAD33243F001030C60F2
:102DF00003FB02F242F03D0382EAD21103FB012100
:102E000084EAD43344F001044A4004FB03F382EA29
:102E1000923283EAD31143F03D0407EE902A04FB7B
:102E20000131B8EE677A4B4083EA933327EE067A96
:102E300007EE903AE7EE056AF8EE677A67EE867A73
:102E4000F4EEE57AF1EE10FA05D4B0EE660A4FF032
:102E50007E53036390E6B1EE660A194BF9E700BFB3
:102E6000F5792B6D0000802F0AD7A33C5C8F823F41
:102E7000BD66633D65C1993D4AB57F3F384A7E3F97
:102E8000618B1D3E6210783FF8F79E3E8E6F083FC3
:102E9000AD6D8A3CF2D25D3FCDCC0C3F38F842BFDD
:102EA0006744093F9C6AED3DAE47E13D00000000EC
:102EB000EAF356DADF6D82473333333F9A99993E0E
:102EC000000080BFF6EE006AD0ED027A90ED097A3C
:102ED00077EEA67AB5EEC07AFDEEE77AF1EE10FA5B
:102EE00017EE903A83F3020310B583660446C0F8E8
:102EF00080302DED048B90ED0A9A90ED0B8AD0ED89
:102F00000C8A40F2DA80D0ED3C7A9FED8B0A27EEF6
:102F1000277A80EE070A06F0FFFFF7EE007AB5EE9B
:102F2000C09A37EEC00AF1EE10FA84ED400A40F282
:102F3000CE80D4ED3C7A9FED810A29EE279A80EE6F
:102F4000090A06F0E9FFF7EE007AF5EEC08A37EEDF
:102F5000C00AF1EE10FA84ED410A40F2C280D4EDCD
:102F60003C7A9FED760A68EEA78A80EE280A06F082
:102F7000D3FFF7EE007AB5EEC08A37EEC00AF1EE65
:102F800010FA84ED420A00F1B680F7EE007AB4EE52
:102F9000678AF1EE10FA37FE888AD4ED0D7A84ED57
:102FA0003F8AF5EEC07A94ED0E9A94ED0F8AD4ED37
:102FB000108AF1EE10FA40F2B08094ED437A9FED62
:102FC0005E0A67EE877A80EE270A06F0A5FFF7EE25
:102FD000007A37EEC00AB5EEC09A84ED470AF1EEEA
:102FE00010FA40F29780D4ED437A9FED540A29EE0F
:102FF000279A80EE090A06F08FFFF7EE007A37EE87
:10300000C00AF5EEC08A84ED480AF1EE10FA75D9CF
:10301000D4ED437A9FED490A68EEA78A80EE280A2C
:1030200006F07AFFF7EE007AB5EEC08A37EEC00AF6
:10303000F1EE10FA84ED490A69D4F7EE007AB4EEA5
:10304000678AF1EE10FA37FE888ABFEE007AD4ED77
:10305000127A84ED468AF4EEC77AF1EE10FA5FD464
:10306000B7EE000AF4EEC07AF1EE10FA08DD9FED3B
:10307000348A84ED510A84ED508ABDEC048B10BD76
:1030800037EE808A9FED2F7AF5EE007A28EE078AD8
:1030900028EE278AB0EE480A07F0AEFAF0EE407A42
:1030A000B0EE480AB0EE678A07F0A2F984ED510A43
:1030B00084ED508ABDEC048B10BDB5EEC09AB7EE1E
:1030C000000AF1EE10FA84ED400A3FF632AFF5EE59
:1030D000C08AB7EE000AF1EE10FA84ED410A3FF61D
:1030E0003EAFB5EEC08AB7EE000AF1EE10FA84EDFD
:1030F000420A7FF54AAF9FED148A4EE7B5EEC08ACB
:10310000B7EE000AF1EE10FA84ED490A95D59FED6D
:103110000E8A9AE7B7EE000A73E7B7EE000A5AE79D
:10312000B7EE008A9FED080A84ED510A84ED508ABB
:10313000BDEC048B10BD00BF549F8CBF8E5D93C04F
:103140002EBD3BB3DB0F494000000000D0ED117AEB
:10315000F5EEC07A38B5F1EE10FA04462DED048B89
:1031600000F3FE80D0ED4D6A90ED4E7AF6EE005AF7
:10317000D4ED038A67EEA66A94ED4A9AB2EE0E6A1F
:1031800068EEA58A67EE877A9FEDC47AB0EE000AF2
:10319000F0EE680A27EE868AD6EE860AC0EE870A27
:1031A00006F096FF94ED157ADFEDBD6A29EE000A70
:1031B000C0EE077AF4EEE67AF1EE10FA00F1218122
:1031C0009FEDB86AF4EEC67AF1EE10FA00F3AF8024
:1031D000F4EEE67AC4ED177AF1EE10FA40F3588176
:1031E000F7EE006A86EEA77ADFEDAC0A84ED187A76
:1031F00078EE888AB0EE000AC8EEA00A06F068FFF2
:1032000094ED1B7ADFEDA66A29EE000AC0EE077A7C
:10321000F4EEE67AF1EE10FA00F1F8809FEDA16A83
:10322000F4EEC67AF1EE10FA00F3F580F4EEE67AE9
:10323000C4ED1D7AF1EE10FA40F32D81F7EE006A2D
:1032400086EEA77AD4ED216A9FED956A84ED1E7A09
:10325000F6EE007A29EE279AC9EE267AF4EEC67ABF
:10326000F1EE10FA00F1C880DFED8E6AF4EEE67A36
:10327000F1EE10FA00F3D480F4EEC67AC4ED237AAE
:10328000F1EE10FA40F30181F7EE006A86EEA77ABC
:1032900094ED4B6AD4ED140AD4ED086AD4ED457A66
:1032A00060EE860A94ED058A84ED247AB0EE000A79
:1032B000E6EEA70A06F00CFFF3EE046A28EE000A19
:1032C000D4ED007A9FED786AB6EE007AD4ED075A15
:1032D000B4EE660A67EE867AF1EE10FA48BFB0EEF9
:1032E000660AB4EE670AF1EE10FAF4EEC75A37FE3A
:1032F000800AF1EE10FA1FD5DFED6C6AD4ED277A63
:10330000B4EEE60A94ED068A37EEA77AF1EE10FAEB
:1033100000F18B8067EE867AB4EEE70AF1EE10FAE0
:1033200040F3AE80DFED626A27EEA60A7FE09FEDF4
:10333000617A84ED176A57E7F2EE037AD4ED066AF4
:10334000002304F1BC0084ED310AA6EEA77AC4F88C
:10335000CC3084ED327AFFF7CDFABDEC048B38BD6A
:103360004568BEEE006A544B2A685449F0EE466A3E
:103370001344D0ED4D3A114490ED4E4A83EAD332D6
:1033800043F0010341F0010CDFED4D4A03FB02F273
:1033900081EAD1339FED4B5A0CFB03F382EAD21042
:1033A00042F03D0CDFED485A0CFB0020424082EA1F
:1033B000923207EE102A83EAD312B8EE477AE7EE8C
:1033C000246A66EE856AE3EEA56AC4ED4D6A29605B
:1033D00043F03D0101FB0232534083EA933307EE91
:1033E000103AB8EE477AA7EE246A26EE057AA4EEE4
:1033F000257A84ED4E7AB9E6B0EE467A84ED236AFA
:1034000046E7B0EE667AC4ED176AEDE6B0EE667A8E
:10341000C4ED1D6A16E79FED277A84ED1D6A11E75A
:103420009FED247AC4ED236A32E79FED280A80EEEF
:10343000070A06F071FDF7EE007AB5EEC08A37EEA6
:10344000C00AF1EE10FA84ED280A09D4DFED207AE3
:10345000B4EEE78AF1EE10FA0DDD9FED1E8A01E071
:103460009FED0F8A4FF07E5384ED298ABDEC048BCB
:10347000C4F8A83038BDF1EE007A28EE278AF1E7CB
:10348000DFED0B7A20EE270AD1E7B0EE467AFFE6B1
:10349000B0EE667AA8E6B0EE667AD3E6000096440F
:1034A0000000000048E1FA3E6666E63E6F12833A8D
:1034B000DB0FC9C0BC9C0240F5792B6DEAF356DAEC
:1034C0000000802FCDCC4C3D77BE7F3F2FE3CDBB9E
:1034D0006666863F666686402DE9F84F0023002524
:1034E00000F62C5204462DED048BC0F8401DC0F8A8
:1034F000583DC0F85C3D80F8603D4B1E1560072BC1
:1035000000F27E81DFE813F0C800F80025013A01DF
:1035100057015D010800080000F50C7AF7EE007A0B
:103520009FEDB88A082957464FF0000600F54D6513
:10353000DFEDB59A9FEDB59A4FF0000BDFF8FC92E6
:1035400008FE278ADFEDB28ADFF8F4824C22294692
:1035500007F1080004F036FD3846FFF7B3FC534688
:10356000D3F8F420194603F5AA7362B39D42F7D14C
:10357000504600210AE0D0F84C21D1F84C319A4253
:1035800038BF014600F5AA70A8420AD090F8503121
:10359000002BF7D10029EED1014600F5AA70A84210
:1035A000F4D181B95046002900F00E81D0F84C21A9
:1035B000D1F84C319A4238BF014600F5AA708542D5
:1035C000F1D100295AD0F7EE007A91ED137AD1F8B3
:1035D00004C009EB8603D4F8642DE7EE697A93ED15
:1035E000007ADCF8003027EE087AC1ED4B8A03EB55
:1035F0000800C1F838B1C1F834B180EAD03381EDA8
:103600004A7AC1ED4C7AC1F858B0C1E9526240F033
:10361000010202FB03F3012281F85021CCF80000E3
:1036200043F03D00C1F8F420C1F8102183EAD31221
:10363000C1F888B000FB0232C1F8B8B05340C1F8FD
:10364000B4B0C1F8B0B083EA9333C1F8ACB0C1F8FC
:10365000E8B007EE903A0023C1F8ECB0F8EE677AD4
:10366000C1F8F8B0C1F814B1C1F83C3167EE897AFD
:10367000BBFE677A77EEC77AC1ED1C7A013607F593
:10368000AA77082E7FF462AF624B04F62454BDEC97
:10369000048B2360BDE8F88FDFED5F6A032390EDB4
:1036A000017A9FED5E6AC6EE877A8361F4EEC67A90
:1036B000F1EE10FA00F19980DFED596AF4EEE67A46
:1036C000F1EE10FA00F38C80F4EEC67AC0ED037AC6
:1036D000F1EE10FA40F38E80F7EE006A86EEA77ADC
:1036E0000022504B84ED047AA26004F62454236037
:1036F000BDEC048BBDE8F88FDFED476A94ED017AED
:1037000000239FED466AC6EE877AA361F4EEC67A7F
:10371000F1EE10FA5AD4DFED426AF4EEE67AF1EEF9
:1037200010FA58DCF4EEC67AC4ED037AF1EE10FA22
:1037300063DDF7EE006A86EEA77A00223A4B84ED4D
:10374000047AA26004F62454BDEC048B2360BDE827
:10375000F88FB6EE007A00F61C52344BD2ED007AA8
:1037600004F6245467EE877ABDEC048BFDEEE77A0D
:1037700017EE902A62632360BDE8F88F00F61C51B3
:10378000B4EE007A00222A4BD1ED007A04F62454DC
:10379000C0F80C2267EE877AC0F81C22C0F82C22F1
:1037A000FDEEE77ABDEC048B17EE902AC0F8582D99
:1037B0002360BDE8F88FB0EE087A00F61C52154B76
:1037C000CCE7DFED1C6A99E70146F6E6B0EE467AF3
:1037D00084ED036AB1E79FED187AC4ED036AACE7A4
:1037E0009FED157AC0ED036A7AE7B0EE467A80ED78
:1037F000036A75E7B0EE467A72E7B0EE467A9CE768
:1038000000239FE700008042CCCC4C3E0000802F7C
:10381000CDCC4C3F295C0F3E0000DC430000000093
:1038200048E1FA3E9A99993EEC51383ECDCC4C3F56
:103830009A99193F00005C42BC9C024090470020CE
:10384000F5792B6D2DE9F84FD0F8403D0446042B57
:1038500007D0052B00F04A81032B00F02381BDE83F
:10386000F88FD0F80412B1B3D0F80C325A1103F02B
:103870001F00013304EB82029942D8BF0023D2F823
:103880000022C4F80C3222FA00F3D90723D5DFED69
:10389000CC7A94ED0D7ACB4AB4EEE77ACA4B226229
:1038A0006362F1EE10FAC4ED0A7A00F27C82B0EEA7
:1038B000670AD4ED0C7A84ED110AF5EEC07AF1EEC8
:1038C00010FA00F286829FEDBE0A4FF07E5384ED1F
:1038D000140A2364E364D4F81412002900F08780EA
:1038E000D4F81C325A1103F01F00013304EB82029A
:1038F0009942D8BF0023D2F81022C4F81C3222FA11
:1039000000F3DA0773D5DFEDB16A94ED197ADFEDD4
:10391000AC5AC6EE877AAE4B2366F4EEE57AF1EE4A
:1039200010FA00F13B829FEDAB7AF4EEC77AF1EE2C
:1039300010FA00F37982F4EEE57AC4ED1B7AF1EE29
:1039400010FA40F37982B7EE007A87EE276ADFED4E
:10395000A26A94ED1F7A84ED1C6A9FED996AC6EE07
:10396000877AF4EEC67AF1EE10FA00F153829FEDF9
:10397000997AF4EEC77AF1EE10FA00F35082F4EE81
:10398000C67AC4ED217AF1EE10FA40F35282B7EE16
:10399000007AC7EE276ADFED8A7A4FF07A5394ED0A
:1039A000167AC4ED226AC4ED1A7AB4EEE77AC4ED51
:1039B000407AC4F88030C4ED417AF1EE10FA00F29A
:1039C0001E82B0EE670AD4ED177A84ED440AF5EE54
:1039D000C07AF1EE10FA00F207829FED790A4FF0FB
:1039E0007E5384ED470AC4F80C31C4F81831D4F87A
:1039F000241200293FF433AFD4F82C325A1103F0CB
:103A00001F00013304EB82029942D8BF0023D2F891
:103A10002022C4F82C3222FA00F3DB077FF51FAF17
:103A2000F7EE007A4FF07C5023466C4A04F1900187
:103A30009FED6B5AF0EE673ADFED616ADFED654AA4
:103A40009FED684AC4F824011CE0B4EEE47AB0EEBD
:103A5000446AF1EE10FA00F36B81B5EEC07A83EDA3
:103A60004E7AF1EE10FACCBF83EE876AB0EE666A4A
:103A7000C3ED4D6A183383ED496A994200F05B81CA
:103A8000F2EC017A67EE857AD3ED4C5AB0EE666AB5
:103A900087EEA57AB5EEC07AF1EE10FAD5D5C3ED72
:103AA0004E6AE5E79FED460AD0ED0D7A454AF4EE01
:103AB000C07A4D4B02624362F1EE10FA80ED0A0AC1
:103AC00000F22B81D4ED0C7A84ED110AF5EEC07A68
:103AD000F1EE10FA00F216819FED390A4FF07E5395
:103AE00084ED140A2364E364BDE8F88F90F8606DF8
:103AF00000213E4D4FF0040C86F001069FED3C5A2C
:103B0000DFED3C5A9FED3C6A9FED2D7ADFF8EC80AB
:103B100080F8606D002E4DD004F50C79D5ED007A5B
:103B2000D4F864ED04F54D60CA46CB46DAF8F420CB
:103B300053460AF5AA7A002A00F086805045F5D14E
:103B400000230AE0D9F84C71D3F84C21974238BFD2
:103B50004B4609F5AA7981450BD099F850A1BAF1E5
:103B6000000FF6D1002BEDD14B4609F5AA7981451E
:103B7000F3D15A46002B67D1134602F5AA72894643
:103B800090420DD0002B00F0BB80D2F84C71D3F8DE
:103B90004C118F4238BF134602F5AA729042F1D100
:103BA0004946002B50D10131043508293FF457AE66
:103BB000002EB1D104F5617304F624602CE000BF3F
:103BC00000000000000048423333733F00003E43D2
:103BD000CDCC4C3F48E1FA3E0000984374070020EA
:103BE0000000A543BC9C02406666663FB0470020CB
:103BF0009A99993E0000802F3333333FF5792B6D2E
:103C0000550CDDC00000000000C0DA456666E63EE7
:103C100003F5AA739842C6D013F8042C002AF7D0F3
:103C200053F80C2C8A42F3D14FF0000753F8602C64
:103C300003F8047C0AB143F860CC53F8442C002A02
:103C4000E6D043F844CCE3E7C3ED4A7AF7EE007AD6
:103C5000D3ED136A0122C3F84CE10435E6EEC57AD0
:103C6000D3F804E0C3F848110131DEF8000083F80E
:103C700050210829404483ED4B6A83ED4E7AC3ED11
:103C80004C7A83ED4D7A83ED167ACEF80000C3F8B6
:103C9000F420C3F810214FF0000283ED227AC3F81C
:103CA0003C2180EAD03240F0010083ED2E7A83ED92
:103CB0002D7A00FB02F283ED2C7A82EAD21042F0D8
:103CC0003D0E83ED2B7A0EFB002083ED3A7A82EADB
:103CD000000283ED3B7A83ED3E7A82EA923283EDF5
:103CE000457A07EE902AF8EE677A67EEA57AFBFE32
:103CF000676A77EEE67AC3ED1C7A7FF459AFAEE5DA
:103D0000494639E794ED127A1FED430A67EE877A48
:103D100080EE270A06F000F9E0E690ED0F7A1FED3D
:103D2000480A67EE877A80EE270A06F0F5F8C9E6BA
:103D3000C3ED4E4A9CE6D4ED4A7AC4ED7B6AF5EEBB
:103D4000C07AC4ED7C6AF1EE10FA37D81FED530A41
:103D5000D4ED4B7A002394ED487A04F5E0701FED22
:103D6000566A5FED566A67EE867A354A27EE267AFE
:103D7000C4F8D03184ED7F0AC4F8CC21F4EEC77AC0
:103D8000F1EE10FA58BFF0EE477AC4ED727AFEF702
:103D9000B1FD4FF07E53C4F8F83160E5B0EE656ACE
:103DA000C4ED1B5AD3E5D4ED0F7A9FED260A27EE1A
:103DB000277A80EE070A06F0AFF87AE594ED7D7A6F
:103DC0009FED200A67EE877A80EE270A06F0A4F8B6
:103DD000BEE794ED127A9FED1B0A67EE877A80EEBC
:103DE000270A06F099F870E594ED457A9FED150ADB
:103DF00067EE877A80EE270A06F08EF8EFE5D4EDBD
:103E0000427A9FED100A27EE277A80EE070A06F025
:103E100083F8D8E5F0EE466A84ED216ABBE5DFED74
:103E20000A6A84ED217AB6E59FED076A84ED1B7A74
:103E30008DE5F0EE466AAEE5B0EE656A87E500BF57
:103E40008104353F550CDDC0BC9C02402DE9F04F8C
:103E5000824618462DED108B8FB00D93DAF8683D31
:103E6000CDE906120133289ACAF8683D151ADAF826
:103E7000643D2B44CAF8643DDAF8383DBFF35B8FEC
:103E8000DAF83C2D93420ED0CAF83C3D0023DAF814
:103E9000342DCAF84C3DCAF8442D00228AF8483D1A
:103EA0000AF624531A60DAF84C4D002C01F0DB833B
:103EB000012C01F0C1830AF552630B93DAF8403DFF
:103EC000062B01F06284289A0D9B9A4241F3678386
:103ED000DFEDC98A99469FEDCC8ADAF8583D289AD9
:103EE000002BA2EB090441F31B83DAF85C3D002BA5
:103EF00041F339839C422146DAF8402DA8BF194688
:103F0000013A5B1A01EB0908CAF85C3D072A01F285
:103F1000A982DFE812F0FF05FF05310ADD070A007C
:103F2000FF050A000A00DDF8A0800AF54D630AF5D6
:103F30000C74CDF830A00393069B03EB89030A931E
:103F4000079B03EB8903CDE9089305E004F5AA7408
:103F5000039BA34201F0FE82D4F8F430002BF5D08D
:103F6000089ED4ED079A464594ED04AAEEDA04F1D2
:103F70006C03D4F83CB19FEDA19A04F1540A049368
:103F800004F18403BBF1000F9D4D0593DDE9099712
:103F90003B464F46994640F36C810BF1FF3BD4F80A
:103FA0001031C4F83CB1013B032B16D8DFE813F005
:103FB00034044D042E040400D4ED457A94ED497A7E
:103FC000E7EEC77AF4EEE87AF1EE10FA41F1838277
:103FD000002384ED458AC4F81031A36E032B01F24F
:103FE0008684DFE813F04D04C7040D040400D4ED0B
:103FF00016BADFED847A2BEEA70A06F0F9F994EDF4
:10400000177AF7EE007A7BEE87BAB0EE40BAF4EE9C
:10401000E7BAF1EE10FAA8BF7BEEE7BAC4ED16BA24
:10402000D4F88030032B01F24D84DFE813F07703DE
:10403000AA02A6020400D4ED1CBADFED727A2BEEC0
:10404000A70A06F0D5F994ED1D7AF7EE007A7BEE1B
:1040500087BAF4EEE7BAF1EE10FAA8BF7BEEE7BA42
:10406000C4ED1CBA30EE0B0AD4F89830F6EE007AA4
:1040700020EE27EA032B01F21084DFE813F00C0294
:104080003F013B010400D4ED22BADFED5E7A2BEE56
:10409000A70A06F0ADF994ED237AF7EE007A7BEEED
:1040A00087BAF4EEE7BAF1EE10FAA8BF7BEEE7BAF2
:1040B000C4ED22BAF6EE007AAAEE00EAF4EEE79A30
:1040C000F1EE10FA41F1D58194ED2EDAB0EE4E0A00
:1040D000D4ED29AAF1EE4E5AB0EE4D7A94ED2ABAFB
:1040E000CDED017ACDED025AAEEE677AAAEEC70A9F
:1040F0002BEE000A06F0FAFBD4ED2BFAF0EE40BAF4
:1041000094ED28CAB0EE6F0A06F0F0FB7BEEC0BA61
:10411000ECEE2BFAB0EE6F0A06F0E8FB94ED2CFA09
:10412000F0EE40EAB0EE4F0A06F0E0FB3EEEC00AC9
:10413000ACEE00FAB0EE4F0A06F0D8FBD4ED2DBA83
:10414000F0EE40DAB0EE6B0A06F0D0FB3DEEC00AAE
:10415000ECEE00BAB0EE6B0A06F0C8FBF0EE40CA17
:10416000B0EE4D0A06F0C2FBDDED017A3CEEC00A6E
:10417000DDED025AACEE00DAB0EE4D7AA5EEA77A8C
:10418000A7EE6AEA2EEE0B0A06F0B0FB70EE6E6A3E
:10419000B0EE6F0AA6EE8C0A84ED2B0A06F0A6FBA1
:1041A00030EE6D0AA0EE0CFAB0EE4F0A84ED2CFA58
:1041B00006F09CFB30EE6C0AE0EE0CBAB0EE6B0A37
:1041C000C4ED2DBA06F092FBF0EE40BAB0EE4D0A07
:1041D00006F08CFBB0EE4D7A3BEEC00AA0EE0C7AF6
:1041E00084ED2E7AD4F8F430013B032B01F2518395
:1041F000DFE803F0664A450C17B7D138000080426B
:104200008C270020DB0FC94000000000D4ED3E7A6F
:10421000D4ED426AE7EEE67AF4EEE87AF1EE10FACF
:1042200041F15581F0EE487A002384ED3E8AC4F8CE
:10423000F430D4ED4C5A0136D9ED006A67EEA57A18
:1042400094ED506A464567EE877AB0EE667AA7EE3F
:10425000867AA9EC017A97ED007AD4ED516AA7EE3F
:10426000A67AA7EC017A3FF471AEBBF1000F3FF7DD
:1042700094AE20464FF00F0BFEF768FF8FE6D4EDAB
:104280003F7AC4ED3E7AD4E7D4ED3E7AD4ED3F6A6E
:10429000D4ED415A36EEE76AE5EE867A37EEE66A05
:1042A000B0EEC66AB4EEE86AF1EE10FA41F10F81A1
:1042B0000323F0EE667AC4ED3E6AC4F8F430B8E742
:1042C000F7EE086AD4ED3E7AD4ED405AB7EE006AB4
:1042D00076EEE76AE5EEA67AF4EEC67AF1EE10FA2B
:1042E000C1F2F5800223F0EE467A84ED3E6AC4F80E
:1042F000F4309EE70598FEF71BFADBE6D4ED225A70
:10430000F7EE001AD4ED253ABFEE000A94ED235AD9
:10431000F4EEE35AF1EE10FAB5EEC05A48BFB0EE33
:10432000610AF1EE10FA40F3AC80F3EE002A25EEBC
:10433000223A35EEC37A75EE837ABAFE477ABDEE3D
:10434000C77AFBFE677AFDEEE77A17EE103A17EEB2
:10435000900A834201F3158294ED242A01301FED67
:10436000564A1BE0F8EEE77A9CED007ADCED014A54
:10437000F5EEC06A013336EE676A74EEC74AF0EEB6
:10438000477AF1EE10FAE6EE247AA8BF77EEE17AEA
:10439000834277EEA77A34EE274A1DD007EE903A93
:1043A000F8EEE76A75EEE66A66EE826A36EEA26AB3
:1043B00026EE096AFBFE467AFDEEE77A17EE902AB2
:1043C000B2F5006F05EB820CCCD30133F0EE487AE6
:1043D000834234EE274AE1D175EEE33A30EE044AE7
:1043E00033EEC37A73EE837ABAFE477ABDEEC77AAC
:1043F000FBFE677AFDEEE77A17EE103A17EE900AA9
:10440000834201F39881F3EE002A94ED243AB8EE4A
:10441000002A0130F7EE001A1FED850A07EE903AE8
:104420000133F8EEE77A73EEE77A67EE837A77EE98
:10443000A26A66EE896ABBFE667ABDEEC77A17EE9F
:10444000102AB2F5006F05EB820C16D2B8EEC77ACF
:104450009CED006ADCED014AF5EEC07A76EEC76AA3
:1044600074EEC64AB0EE467AF1EE10FAA6EEA47AE1
:10447000A8BF37EE617AA7EE020A8342CED134EEAE
:10448000000A75EE855AF7EE007AF4EEE75AF1EE7F
:1044900010FA6DDA6EE094ED233AF0EE007ABFEE9A
:1044A000000AD4ED225AB5EEC03AA5EEA70AF1EE05
:1044B00010FA54DDB3EE004AB0EE657AF0EE657A9C
:1044C000A3EE447AE3EE047ABAFE477ABDEEC77AE9
:1044D000FBFE677AFDEEE77A17EE103A17EE900AC8
:1044E000834201F34A81F8EE002AD4ED243AB7EE74
:1044F000002A01305FEDBC4A07EE903A0133F8EE36
:10450000E77A75EEE77A67EEA37A77EE846A66EE6D
:10451000896ABBFE667ABDEEC77A17EE102AB2F53D
:10452000006F05EB820C16D2B8EEC77A9CED006ADC
:104530009CED015AF5EEC07A76EEC76A35EE465A22
:10454000B0EE467AF1EE10FAA6EE857AA8BF37EE05
:10455000427AE7EE224A8342CED130EE240A75EE4B
:10456000835AF7EE007AF4EEE75AF1EE10FA01DB27
:1045700075EEE75AC4ED225A9CE50498FEF7D8F888
:1045800070E5D4ED1C5AF7EE001AD4ED1F3ABFEED9
:10459000000A94ED1D5AF4EEE35AF1EE10FAB5EE6E
:1045A000C05A48BFB0EE610AF1EE10FA40F3AC8099
:1045B000F3EE002A25EE223A35EEC37A75EE837AC1
:1045C000BAFE477ABDEEC77AFBFE677AFDEEE77A60
:1045D00017EE103A17EE900A834201F3CA8094ED69
:1045E0001E2A01309FEDE04A1BE0F8EEE77A9CEDD1
:1045F000007ADCED014AF5EEC06A013336EE676AF7
:1046000074EEC74AF0EE477AF1EE10FAE6EE247A3D
:10461000A8BF77EEE17A834277EEA77A34EE274A95
:104620001DD007EE903AF8EEE76A75EEE66A66EEA0
:10463000826A36EEA26A26EE096AFBFE467AFDEE33
:10464000E77A17EE902AB2F5006F05EB820CCCD317
:104650000133F0EE487A834234EE274AE1D175EE19
:10466000E33A34EE004A33EEC37A73EE837ABAFE4D
:10467000477ABDEEC77AFBFE677AFDEEE77A17EE62
:10468000103A17EE900A834201F35B80F3EE002AA2
:1046900094ED1E3AB8EE002A0130F7EE001A9FEDB5
:1046A000B20A07EE903A0133F8EEE77A73EEE77A52
:1046B00067EE837A77EEA26A66EE896ABBFE667A57
:1046C000BDEEC77A17EE102AB2F5006F05EB820C2B
:1046D00016D2B8EEC77A9CED006ADCED014AF5EE21
:1046E000C07A76EEC76A74EEC64AB0EE467AF1EE4C
:1046F00010FAA6EEA47AA8BF37EE617AA7EE020AF6
:104700008342CED130EE040A75EE855AF7EE007A78
:10471000F4EEE75AF1EE10FA6DDA6EE094ED1D3A20
:10472000F0EE007ABFEE000AD4ED1C5AB5EEC03AA6
:10473000A5EEA70AF1EE10FA54DDB3EE004AB0EE92
:10474000657AF0EE657AA3EE447AE3EE047ABAFE77
:10475000477ABDEEC77AFBFE677AFDEEE77A17EE81
:10476000103A17EE900A834200F3FF87F8EE002A12
:10477000D4ED1E3AB7EE002A0130DFED7B4A07EE9A
:10478000903A0133F8EEE77A75EEE77A67EEA37AAE
:1047900077EE846A66EE896ABBFE667ABDEEC77AFA
:1047A00017EE102AB2F5006F05EB820C16D2B8EEA8
:1047B000C77A9CED006A9CED015AF5EEC07A76EE60
:1047C000C76A35EE465AB0EE467AF1EE10FAA6EE1A
:1047D000857AA8BF37EE427AE7EE224A8342CED1ED
:1047E00030EE240A75EE835AF7EE007AF4EEE75ABB
:1047F000F1EE10FA01DB75EEE75AC4ED1C5A31E414
:104800005046FDF795FFB0EE40BA09E4D4F81831F0
:10481000C4F81431FFF7E1BBB7EE087AD4ED457A5E
:1048200094ED476AF7EE006A37EE677AE6EE077AAC
:10483000F4EEE67AF1EE10FAC0F24D860223C4EDF2
:10484000456AC4F81031FFF7C8BBD4ED457AD4ED02
:10485000466A94ED486A36EEE77AE6EE077A37EE76
:10486000E67AB0EEC77AB4EEE87AF1EE10FA40F1EB
:1048700032860323C4ED456AC4F81031FFF7ADBB9F
:1048800094ED173AF0EE007ABFEE00BAD4ED165A66
:10489000B5EEC03AA5EEA7BAF1EE10FA54DDB3EECC
:1048A000004AB0EE657AF0EE657AA3EE447AE3EE64
:1048B000047ABAFE477ABDEEC77AFBFE677AFDEE50
:1048C000E77A17EE103A17EE900A834200F3498711
:1048D000F8EE002AD4ED183AB7EE002A0130DFEDE9
:1048E000224A07EE903A0133F8EEE77A75EEE77A5E
:1048F00067EEA37A77EE846A66EE896ABBFE667A13
:10490000BDEEC77A17EE102AB2F5006F05EB820CE8
:1049100016D2B8EEC77A9CED006A9CED015AF5EE0E
:10492000C07A76EEC76A35EE465AB0EE467AF1EEB8
:1049300010FAA6EE857AA8BF37EE427AE7EE224A51
:104940008342CED13BEE24BA75EE835AF7EE007A5D
:10495000F4EEE75AF1EE10FA01DB75EEE75AC4ED1A
:10496000165AFFF75DBB00BF00000000DB0FC94017
:1049700000008042D4ED165AF7EE001AD4ED193A31
:10498000BFEE00BA94ED175AF4EEE35AF1EE10FAC6
:10499000B5EEC05A48BFB0EE61BAF1EE10FA40F37E
:1049A000AC80F3EE002A25EE223A35EEC37A75EE9E
:1049B000837ABAFE477ABDEEC77AFBFE677AFDEED0
:1049C000E77A17EE103A17EE900A834200F3C58695
:1049D00094ED182A01301FED1C4A1BE0F8EEE77A2F
:1049E0009CED007ADCED014AF5EEC06A013336EE4B
:1049F000676A74EEC74AF0EE477AF1EE10FAE6EE17
:104A0000247AA8BF77EEE17A834277EEA77A34EE74
:104A1000274A1DD007EE903AF8EEE76A75EEE66A8F
:104A200066EE826A36EEA26A26EE096AFBFE467AD6
:104A3000FDEEE77A17EE902AB2F5006F05EB820CD7
:104A4000CCD30133F0EE487A834234EE274AE1D1E9
:104A500075EEE33A34EE0B4A33EEC37A73EE837AA3
:104A6000BAFE477ABDEEC77AFBFE677AFDEEE77ABB
:104A700017EE103A17EE900A834200F36886F3EEC1
:104A8000002A94ED183AB8EE002A0130F7EE001A29
:104A90001FED4BBA07EE903A0133F8EEE77A73EE6A
:104AA000E77A67EE837A77EEA26A66EE896ABBFEE2
:104AB000667ABDEEC77A17EE102AB2F5006F05EBE5
:104AC000820C16D2B8EEC77A9CED006ADCED014A82
:104AD000F5EEC07A76EEC76A74EEC64AB0EE467A54
:104AE000F1EE10FAA6EEA47AA8BF37EE617AA7EE2F
:104AF00002BA8342CED134EE0BBA75EE855AF7EE88
:104B0000007AF4EEE75AF1EE10FABFF626AF26E788
:104B1000DDF8A080C14580F2A584069B0AF104055A
:104B20001FED6E9A03EB8907079B5FED6F9ADAF82A
:104B300018B003EB8906DE4CBBF1030F00F21A85B7
:104B4000DFE81BF042016E006A0004009AED02AA41
:104B50002AEE090A05F04CFC9AED037AF7EE007A8A
:104B60003AEE07AAB4EEE7AAF1EE10FAA8BF3AEEC1
:104B700067AA8AED02AAD7ED007A09F1010977EE5A
:104B8000807AC145E7EC017AD6ED007A37EE800AEB
:104B9000A6EC010AD0D1289B4B453FF79EA90B9B61
:104BA000079A0698D3ED007A0D9B02EB830100EB88
:104BB0008302289B00EB83000AF6285393ED006ADA
:104BC0000AF62453D3ED006A17E077EE867AF4EE06
:104BD000676AF1EE10FA48BFF0EE667A92ED007A5D
:104BE00027EE277AA2EC017A824291ED007A27EE35
:104BF000877AA1EC017A00F0D584F4EEE76AF1EE51
:104C000010FAE2DCEAD577EEC67AF4EE676AF1EEE6
:104C100010FA76FEA77AE1E72846FDF789FDAAE7B4
:104C2000DAED025AF7EE001ADAED053ABFEE000AA5
:104C3000DAED034AF4EEE35AF1EE10FAF5EEC04A6B
:104C400048BFB0EE610AF1EE10FA40F3AE80F3EE29
:104C5000002A24EEA23A35EEC37A75EE837ABAFEC4
:104C6000477ABDEEC77AFBFE677AFDEEE77A17EE6C
:104C7000102A17EE90CA624500F3FF859AED042AC8
:104C80000CF1010C9FED8B4A1BE0F8EEE77AD0EDBA
:104C9000006A90ED015AB5EEC07A013236EE676ACD
:104CA00035EE665AF0EE667AF1EE10FAE6EE057A27
:104CB000A8BF77EEE17A624577EEA77A34EE274A0D
:104CC0001DD007EE902AB8EEE77A35EEC77A27EEC8
:104CD000027A37EE226A26EE296AFBFE467AFDEE5C
:104CE000E77A17EE903AB3F5006F04EB8300CCD36C
:104CF0000132F0EE487A624534EE274AE1D175EE92
:104D0000E33A30EE044A33EEC37A73EE837ABAFEA6
:104D1000477ABDEEC77AFBFE677AFDEEE77A17EEBB
:104D2000102A17EE90CA624500F3A185F3EE002A1F
:104D30009AED043AB8EE002A0CF1010CF7EE001AD5
:104D40009FED5C0A07EE902A0132F8EEE77A73EEE7
:104D5000E77A67EE837A77EEA26A66EEA96ABBFE0F
:104D6000667ABDEEC77A17EE103AB3F5006F04EB22
:104D7000830016D2B8EEC77A90ED006A90ED015A22
:104D8000F5EEC07A76EEC76A35EE465AB0EE467A50
:104D9000F1EE10FAA6EE857AA8BF37EE617AA7EE9B
:104DA000020A6245CED134EE000A75EEA47AB7EE5F
:104DB000007AF4EEC77AF1EE10FAC0F2EC8377EEE7
:104DC000C77ACAED027AD6E69AED033AF0EE007A97
:104DD000BFEE000ADAED025AB5EEC03AA5EEA70A18
:104DE000F1EE10FA55DDB3EE004AB0EE657AF0EE62
:104DF000657AA3EE447AE3EE047ABAFE477ABDEE12
:104E0000C77AFBFE677AFDEEE77A17EE102A17EEF7
:104E100090CA624500F32785F8EE002ADAED043ADD
:104E2000B7EE002A0CF1010CDFED224A07EE902AC2
:104E30000132F8EEE77A75EEE77A67EEA37A77EE5D
:104E4000846A66EEA96ABBFE667ABDEEC77A17EE83
:104E5000103AB3F5006F04EB830016D2B8EEC77AB0
:104E600090ED006A90ED015AF5EEC07A76EEC76AD1
:104E700035EE465AB0EE467AF1EE10FAA6EE857A95
:104E8000A8BF37EE427AE7EE224A6245CED130EE35
:104E9000240A75EE835AF7EE007AF4EEE75AF1EE43
:104EA00010FAA8BF75EEE75ACAED025A63E600BFD2
:104EB0008C27002000000000DB0FC940BD3786357D
:104EC000DB0F4940F304353F00008042DDF8A0804D
:104ED0009AED109AB4EEE89AF1EE10FA40F36A8374
:104EE000F7EE009ADAED0BAAC1457AEEE9AA80F254
:104EF00096844FEA8903079A5FED11BA019302EB9A
:104F00008907069B1FED13BA1FED12AA03EB890652
:104F100003EB880501E09AED109AB0EE695ADAEDDC
:104F2000136ADAED087ADAED075AAAEEA65A9AED74
:104F30000A6A9AED147A27EE267A67EE857A8AED68
:104F4000137A87EEA50A30EE060AB4EEE90AF1EE0E
:104F500010FAA8BF30EE690A8AED0A0A20EE2B0A81
:104F600005F046FA9AED0ECAF0EE407AB4EECBCADE
:104F7000F1EE10FA0DD420EE0C0A05F0B7FCF0EEBD
:104F8000407AB0EE4C0AB0EE67CA05F0AFFCCCEE4A
:104F9000007A9AED117ADAED096A67EE897A27EEDE
:104FA000097A67EEA67A8AED107A96ED007AA7EE76
:104FB0008A7AA6EC017AB54297ED007AA7EE8A7A52
:104FC000A7EC017AA7D1DAED437AF4EEE87AF1EEB4
:104FD00010FA40F31F831FED467AF6EE007A9AED41
:104FE000159A29EE079A29EE279AB0EE490A05F09C
:104FF00003FBB0EE40AADAED189AB0EE490A05F0CC
:10500000F7F92AEE29AA69EE809A06990AF1940224
:10501000019BF6EE00AAF0EE00BA4C4601EB030B42
:105020000799CDF808900AF16407D9461FED5BBADD
:105030000AF17C06CD18934638460134FDF778FB1B
:10504000B0EE409A3046FDF773FB9AED437A39EEA5
:10505000009ADAED447A584667EE877A29EE2A9A62
:10506000CAED437A29EE079AFDF750FD9AED416AA1
:105070004445DAED405A30EE464ADAED3B6AB0EE8E
:10508000465A9AED3A2A9AED3E7ADAED3C2AA5EE96
:10509000A65A9AED3D3A64EE266ADAED3F3ADAED29
:1050A000467ADAED474AE2EE256A64EEA74AA4EEB4
:1050B000225ACAED464A26EE877AD6EEAB5A95EECC
:1050C0002B6AA0EE037ACAED405A8AED416AA5EE3A
:1050D000237AD9ED006A67EE877AB0EE667A67EEDA
:1050E000A97AE9EE0A7AA7EE8B7AA9EC017A95ED16
:1050F000007AA7EE8B7AA5EC017A9DDBDAED7E3A99
:10510000DDF80890F4EEE83AF1EE10FA40F3AA81E7
:10511000069AB8EE004A019B0AF190051FED965AD7
:10512000D618079AD418EE4AF7EE004A50469FED7B
:10513000ED3AD0ED4D5ABFEE001AD0ED500AD0ED49
:105140004E2AF4EEE05AF1EE10FAF5EEC02A48BF0E
:10515000B0EE641AF1EE10FA40F3A880B3EE009AB4
:1051600022EE890A35EEC07A75EE807ABAFE477A69
:10517000BDEEC77AFBFE677AFDEEE77A17EE101AEE
:1051800017EE907AB94200F3C381D0ED4F9A013700
:10519000DFEDD41A1BE0F8EEE77A9EED007A9EED83
:1051A000012AF5EEC06A013136EE676A32EE472A0F
:1051B000F0EE477AF1EE10FAE6EE027AA8BF77EE4B
:1051C000E47AB94277EEA77A71EEA71A1DD007EEFE
:1051D000901AF8EEE76A75EEE66A66EEA96A36EEB0
:1051E000896A26EE056AFBFE467AFDEEE77A17EE3F
:1051F000903AB3F5006F02EB830ECCD30131F0EEA1
:10520000487AB94271EEA71AE1D175EEE00A71EE63
:10521000211A70EEC07A30EE800AFAFE677AFDEE4F
:10522000E77ABBFE400A17EE901AFDEEC07A17EE41
:10523000907AB94200F36F81B3EE009A90ED4F0A75
:1052400001379FEDA81A07EE901A0131F8EEE77AC0
:1052500070EEE77A67EE807A77EE896A66EE856AA5
:10526000BBFE667ABDEEC77A17EE103AB3F5006F53
:1052700002EB830E16D2B8EEC77A9EED006A9EED61
:10528000012AF5EEC07A76EEC76A32EE462AB0EE13
:10529000467AF1EE10FAA6EE827AA8BF37EE647A6B
:1052A000A7EE041AB942CED131EE811A75EEA25A98
:1052B000183033EE013AF4EEE45AF1EE10FAA8BFDA
:1052C00075EEE45AC0ED475A85427FF432AFF1EEF5
:1052D000085ADAED7F4A9AED7C6AB0EE002A64EE55
:1052E000A34ADAED7B6AC3EE252A9AED767A9AED27
:1052F000750A09F10109CAED7E4ADAED797AC145EC
:105300009AED779AF0EE465ADAED780A9AED7A1A23
:10531000DAED491AE6EE875A9FED733A72EEC64A05
:1053200024EE877AE4EE895AA0EE267A95EE826A18
:1053300067EE277AD7EE026AE2EEA07A8AED7C6AFF
:10534000CAED7B6A96ED007AE5EE817A67EEA33AC4
:10535000F0EE477A63EEA13AE3EE837AE6EC017A67
:10536000D4ED007AE3EE837AE4EC017A7ADADAEDCE
:105370007E3AD9E6DDF8A0809AED109AB4EEE89A6C
:10538000F1EE10FA6EDDF7EE009ADAED0BAAC145E8
:105390007AEEE9AA66DA069B079A03EB8904DFED49
:1053A00053BA9FED53BA02EB89099FED4FAA03EB65
:1053B000880601E09AED109AB0EE695ADAED136AA8
:1053C000DAED087ADAED075AAAEEA65A9AED0A6AD9
:1053D0009AED147A27EE267A67EE857A8AED137AAB
:1053E00087EEA50A30EE060AB4EEE90AF1EE10FAED
:1053F000A8BF30EE690A8AED0A0A20EE2B0A04F0F3
:10540000F7FF9AED0ECAF0EE407AB4EECBCAF1EE99
:1054100010FA0DD420EE0C0A05F068FAF0EE407A8E
:10542000B0EE4C0AB0EE67CA05F060FACCEE007A36
:105430009AED117ADAED096A67EE897A27EE097A30
:1054400067EEA67A8AED107A94ED007AA7EE8A7A52
:10545000A4EC017AA64299ED007AA7EE8A7AA9EC2B
:10546000017AA7D1C146289B4B453EF736ADFFF7E1
:1054700096BBD4ED3B6AB0EE005A94ED3A6A7EEEEC
:10548000664AD4ED357AF0EE665AD4ED342A94EDBE
:10549000363A94ED387AE6EE275AD4ED373A64EE90
:1054A000A77A94ED394AE2EE867AE4EE835A27EE43
:1054B000877A97EE856AD5EE856AAEEE237A84ED1B
:1054C0003A6AC4ED3B6AA5EE847AFEF78BBEC4ED62
:1054D0003E7AFEF7AEBEC4ED457AFEF77EBD00BF54
:1054E0008C27002000000000F304353FDB0FC9408B
:1054F000BD378635DB0F49408FC2F53C550CDDC00A
:1055000000005C4248E1FA3E00000000BC9C024002
:105510005FED031A79E61FED041A31EE811AC5E634
:10552000DAF8403D013B072B3FF639AB01A252F8B8
:1055300023F000BFF1270000F127000055300000E4
:10554000AD2B0000071C0000F1270000071C000025
:10555000071C0000C146289BDDF830A04B453EF7F4
:10556000BCACFFF71CBB5046FEF76CF9DAF8583DAF
:10557000FEF7C0BCDAED027AB7EE007ADAED036A24
:105580001FED1F0A77EEA67AF4EEC77AF1EE10FA55
:10559000A8BF77EEC77ACAED027AFFF7ECBA0B9B89
:1055A000D3ED007A0B9BC3ED007A0FB0BDEC108BEE
:1055B000BDE8F08FDAED437AF4EEE87AF1EE10FA16
:1055C00007DCDAED467AF4EEE87AF1EE10FA40F311
:1055D00036811FED387AF6EE007A9AED159A29EEAB
:1055E000079A29EE279AB0EE490A05F005F8B0EEC1
:1055F00040AAB0EE490ADAED189A04F0F9FEC14566
:105600002AEE29AA69EE809ABFF62CAF4FEA8903E9
:105610000193FAE4DAED467AF4EEE87AF1EE10FA64
:105620003FF7D9ACDAED7E3AF4EEE83AF1EE10FA53
:105630003FF76EADC14616E7DAF8543D5B1B002B11
:10564000CAF8543D3EF737ACDAF8441D5046FDF732
:1056500043FF0AF552630B930223CAF84C3D8AF8C4
:10566000484DFEF72BBC0AF55263D3ED007A0B933D
:10567000F5EEC07AF1EE10FA3EF620AC5FED628AEC
:105680000AF561779AED0F0A04261FED648A20EE71
:10569000280A88EE000A04F03FFC8AED110A9AED10
:1056A000420A20EE280A88EE000A04F035FC8AED52
:1056B000440A9AED450A20EE280A88EE000A04F012
:1056C0002BFC8AED470A9AED7D0A20EE280A88EE27
:1056D000000A04F021FC0AF6246120468AED7F0AC4
:1056E0003B4603E003F5AA73994218D013F8042C43
:1056F000002AF7D053F80C2CA242F3D153F8602CB7
:1057000003F8040C0AB143F8606C53F8442C002AE7
:10571000E8D043F8446C03F5AA739942E6D101340A
:10572000082CDDD10123CAF84C3DDAF8503DCAF807
:10573000543DFEF7C3BB1FED8C0A34EE000AFEF7A2
:10574000A0BE1FED8F0A30EE040AFEF7DDBF1FED8D
:1057500092BA34EE0BBAFFF7D0B91FED954AFFF7B6
:1057600077B95FED974AFFF7EDB85FED994AFFF71C
:1057700037B81FED9B4AFEF772BF5FED9D4AFEF7FB
:10578000ECBE1FED9F4AFEF727BE0AF61C53B1EE92
:10579000087A07EE905AB7EE006AD3ED006A0AF66F
:1057A0002C53F8EEE77A66EE876AB1EE0C0A87EEC4
:1057B000A67AD3ED007A77EE277AF4EEC67AF1EE88
:1057C00010FAA8BF77EEC67A27EE800AC3ED007AFA
:1057D00004F014FC5FEDB67A9AED017A20EE270A08
:1057E0005FEDB76AC0EE077AF4EEE67AF1EE10FAF2
:1057F00034D41FEDBC6AF4EEC67AF1EE10FA40DC48
:10580000F4EEE67ACAED037AF1EE10FA3EDDF7EE39
:10581000006A86EEA77A8AED047AFEF754BBDAEDC9
:10582000437AF4EEE87AF1EE10FA3FF71BAEDAEDC8
:10583000467AF4EEE87AF1EE10FA3FF713AEDAEDBD
:105840007E3AF4EEE83AF1EE10FA7FF70BAEC1457E
:10585000BFF608AE4FEA8903019359E4B0EE667AC9
:10586000CAED036AD7E75FEDD84AFFF710BB1FED1B
:10587000DA0A34EE000AFFF798BA1FEDDD4AFFF7A7
:105880003EBA1FEDDE7A8AED036AC4E7B0EE667AAF
:10589000C1E7F0EE487AFEF7CCBCD4ED227AB7EE41
:1058A000007AD4ED236A9FED1C0A77EEA67AF4EE17
:1058B000C77AF1EE10FAA8BF77EEC77AC4ED227A64
:1058C000FEF7F8BBD4ED1C7AB7EE007AD4ED1D6A72
:1058D0009FED110A77EEA67AF4EEC77AF1EE10FA90
:1058E000A8BF77EEC77AC4ED1C7AFEF7BBBBD4ED38
:1058F000167AB7EE007AD4ED176A9FED07BA77EE05
:10590000A67AF4EEC77AF1EE10FAA8BF77EEC77A5E
:10591000C4ED167AFEF784BB00000000F0B583B03A
:10592000054601F02BFD002800F08380044601F0BD
:1059300025FD064600287ED04FF4007200213F4826
:1059400006F002FC4FF4007200213D4806F0FCFB1B
:1059500080223A4900230092394AA869FEF776FA74
:10596000364ABFEE007AB01CF7EE006A9FED356A4A
:1059700004F1020C324902F5007E334F29E0F4EEC7
:10598000E67AF1EE10FA4DDC67EE867AFDEEE77A04
:1059900017EE903A1BB2F1EC017A2CF8023FF4EECC
:1059A000677AF1EE10FA40D6F4EEC77AF1EE10FA0B
:1059B0001DDBF4EEE67AF1EE10FA30DC67EE867A63
:1059C000FDEEE77A17EE903A1BB2964520F8023FBB
:1059D00012D0F2EC017AF4EE677AF1EE10FA26D6E4
:1059E000F4EEC77AF1EE10FAC9DA3B46D3E73B464C
:1059F000964520F8023FECD100222146284601F0CE
:105A00003BFD01223146284601F036FD204601F0DB
:105A10000BFD304603B0BDE8F04001F005BD47F690
:105A2000FF73D2E747F6FF73B5E70023CDE7002306
:105A3000B1E703B0F0BD2046ECE700BFD87F0020FF
:105A4000D881002000FEFF460180FFFF000000001B
:105A50002DE9F04F264D40F2EE28264C264FDFF878
:105A6000B8902E682DED068B99B003F0E9FD2378F0
:105A7000002B00F056833B78DA0740F152832B6805
:105A8000D9F800209B1A0E2B40F24B832E681A4F38
:105A9000DFF8848003F0D4FD2378002B00F04C83E2
:105AA0003B78DB0740F148832B68D8F800209B1A2D
:105AB0000E2B40F24183114801F004F94D210F48AB
:105AC00001F046F90E4E0F4B0F4A104913600022A9
:105AD00033600846722301E010F8013F0132002BC9
:105AE000FAD10B4B72240B485340622218E000BFDE
:105AF00090870020DC870020DB870020707E00205C
:105B0000F064002000442C4714720020C95000208B
:105B100067E6096A512D9ECCA087002011F8014F3D
:105B20005340224600FB03F34FEAF343002CF5D128
:105B3000D94983EA1343D94FB0EE086A01FB03F356
:105B4000D74AD8490DF1040C83EA5333DFEDD65A16
:105B50009FEDD68A07F12C0E02FB03F307F62852BD
:105B600087ED0F8A0DF11408116044F2E84283EAD0
:105B7000134307F15409C7F8502D4FF0020BCC4ADC
:105B800001253B607A64CB4BCB4A03F1100A87EDC9
:105B9000018A3A6587ED078A87ED128ADFEDC76AC9
:105BA0009FEDC77ADFEDC77A0FCB8CE80F00CDED04
:105BB000035A8DED046A9CE80F008EE80F009AE806
:105BC000070088E8070087ED198AC7ED326A87ED7C
:105BD000337AC7ED347AC7F89840C7F878B0C7F879
:105BE00090B087ED1F8A87ED258AC7F89C7089E8F9
:105BF00007003846D43080ED008AFCF77BFE07F1C1
:105C0000D400C7F8D850FCF775FEAF4B07F1D400AD
:105C1000C7F8DC30AD4BC7F8E0300023C7F8E430FC
:105C2000FCF768FE4FF07E5307F1900287ED428A41
:105C3000C7F82C31A64B87ED458AC7F81031A54B24
:105C400087ED488AC7F81C31A34BC7F828313B467B
:105C500083ED4C8A1833C3F82C519342F8D19F48F6
:105C600087ED708AFCF746FE9C48C7F8C451FCF7E4
:105C700041FE9B4B9FED9BAAC7F8FC319A4B97487E
:105C8000C7F8C831914B87ED7D8AC7F8CC3187EDD5
:105C900074AAFCF72FFE0023102205219348FCF77D
:105CA0008FFB0423102292481946924CFCF788FB84
:105CB000012310220B21904804F52A6AFCF780FB8F
:105CC0004C228E49404602F07DF94FF07A5341460E
:105CD0004C22079350468A4B8A4D08938A4BDFED3E
:105CE0008BAA0C934FF07E53DFED899A0E93894B6C
:105CF0009FED899ADFED898A0F9302F063F9B7EE81
:105D0000008A04F1BC084FF0010B4C22844904F1D5
:105D1000080025604FF00009676002F053F9404623
:105D2000E566C4F88450C4F898B0C4F89C50C4ED3B
:105D300028AA84ED29AA84ED2A8AC4F8BC50656596
:105D4000FCF7D8FD4046C4F8C090FCF7D3FDC4F87A
:105D5000F050C4ED409AB0EE490A04F0DDF878EE58
:105D6000407AB0EE680ADFF8EC81C4ED417A04F0C5
:105D7000D3F878EE407AC4F80C51B0EE490AC4ED7D
:105D8000479AC4ED427AC4F8FC8004F0C5F878EE76
:105D9000407AB0EE680AC4ED487A04F0BDF838EEF7
:105DA000400AC4F81881204604F5AA7404ED0C0AD0
:105DB000FDF788F8A245A2D15A4B02225A48182171
:105DC00087F848BD4224C7F8409DC7F8449D83ED3D
:105DD00000AAC7F8309DC7F8349DC7F8389DC7F8AA
:105DE0003C9D03ED01AAC7F84C2D06F061FC4F481D
:105DF00001F03EFE3D2003F08FFB013CFAD14B4801
:105E0000422401F035FE1221494803F09BFB47482C
:105E100001F02EFE3D2003F07FFB013CFAD1434808
:105E200001F026FE4348FCF7AFFA96ED000A042184
:105E30003E48B7EEC00A01F03FFE03213E4803F0A2
:105E400081FB3A4801F014FE36213C4803F07AFB0E
:105E5000364801F00DFE3821394803F073FB334812
:105E600001F006FE3A21374803F06CFB2F4801F0A1
:105E7000FFFD3A21344803F065FB2C4801F0F8FDA2
:105E80002F21324803F05EFB284801F0F1FD304835
:105E9000FCF77AFA60E000BF6BCAEB85F86400207B
:105EA00035AEB2C2939B143BCDCC0C3F00442C4783
:105EB00057ED7F3FD005002003337F3F78C2393D47
:105EC000C6373E39281D7D3F0000E1448104353F3F
:105ED000FFC67F3F99BB7F3F0AD7A33DB86600202E
:105EE000CF7F7F3F0000000000C0DA45F866002049
:105EF000086700202867002018670020EC050020B4
:105F000000803B4600442C470AD7233CE0D18C3D1F
:105F1000000F233B9A99193E6DDF88BA6DDF08BAEE
:105F2000C87100201C720020000020202061002089
:105F3000D0500020E4500020F0500020F450002009
:105F40002C51002068510020A4510020E051002075
:105F5000105200203333333F02217F489FED7C0BEA
:105F600001F0AAFD2C217D4803F0ECFA7A4801F0FB
:105F70007FFD3B217A4803F0E5FA774801F078FD90
:105F80003921784803F0DEFA734801F071FD3821B9
:105F9000754803F0D7FA704801F06AFD7348FCF7C2
:105FA000F3F980216C4801F057FD0721704803F098
:105FB000C9FA694801F05CFD6E48FCF7E5F9DFEDD0
:105FC0006E7A96ED000A0221634820EE270AB7EEAA
:105FD000C00A01F071FD0B21684803F0B3FA5E4876
:105FE00001F046FD6648FCF7CFF94FF416715A48A8
:105FF00001F032FD0421634803F0A4FA564801F091
:1060000037FD6148FCF7C0F91821534801F024FD21
:106010001B215E4803F096FA4F4801F029FD4E48D7
:1060200001F026FD20215A4803F08CFA4A4801F07D
:106030001FFD3B21574803F085FA474801F018FD42
:106040003B21554803F07EFA434801F011FD3B2106
:10605000524803F077FA404801F00AFD35215048D4
:1060600003F070FA3C4801F003FD3B214D4803F07A
:1060700069FA394801F0FCFC3B214B4803F062FA15
:10608000354801F0F5FC3B21484803F05BFA324803
:1060900001F0EEFC3921464803F054FA2E4801F095
:1060A000E7FC3621434803F04DFA2B4801F0E0FCB1
:1060B0003821414803F046FA274801F0D9FC3B213A
:1060C0003E4803F03FFA244801F0D2FC3A213C4814
:1060D00003F038FA204801F0CBFC2E21394803F0B8
:1060E00031FA1D4801F0C4FC3621374803F02AFA82
:1060F000194801F0BDFC3921344803F023FA164851
:1061000001F0B6FC3321324803F01CFA124801F0CA
:10611000AFFC114819B0BDEC068BBDE8F04F01F0A3
:10612000A7BC2B6822789B1B6AB1B3F5FA6F3FF6C8
:10613000ADAC03F085FA98E42B689B1BB3F57A6F3E
:10614000FFF4A8ACB7E44345F3D99FE4AFF3008074
:106150000000000000807B402061002020520020D1
:10616000505200208C520020C852002004530020BE
:1061700010530020185300200000003C2C53002036
:1061800038530020445300204C5300205C5300201F
:10619000785300209C530020D85300201454002032
:1061A0005054002088540020C45400200055002082
:1061B0003C55002078550020B0550020EC550020BB
:1061C000285600206456002094560020CC5600200B
:1061D00008570020000000002DE9F04FB44CB54DE9
:1061E00023682968002B2DED048B83B030DBB24E81
:1061F000B24F32788AB13A688A1ADFF8349303EBE7
:1062000083014FEA830A09EB81014968914240D931
:1062100003B0BDEC048BBDE8F08F3A688A1AB2F582
:10622000617FEAD3A64CA74B2488A74A1C8012881A
:10623000A64BA7481A80D0F8640DA64BA64A186052
:1062400001231160337003B0BDEC048BBDE8F08F07
:10625000A24D00229E4B286822600130974C286096
:1062600021609548D3F8301D027051B1C3F8302D2C
:10627000C3F8342DD3F8382DBFF35B8F0132C3F848
:10628000382D002003B0BDEC048BBDE8F04FFCF7C7
:10629000CDB98C4A4FF4C851DFED916A1288DFF80E
:1062A000308201FB02F2D8F8640D07EE902A844A8E
:1062B0001288F8EEE77A01FB02F2844967EEA67ACB
:1062C00007EE102A874AB1F800B0B8EEC77A92ED0F
:1062D000006A8149B8EE466A27EE267AD2ED006A56
:1062E0007C4AF8EE666A0968126887EE069A821A96
:1062F0007D480192C7EEA68A2A68521A092108EE43
:10630000102A7A4A5244C2ED008A794A42F823B0F0
:1063100003F018F9774801F0ABFB7748FCF734F845
:10632000B7EEC90A0221734801F0C6FB0221734887
:1063300003F008F96F4801F09BFB7148FCF724F863
:10634000B7EEE80A02216B4801F0B6FB02216B4868
:1063500003F0F8F8674801F08BFB6A48FCF714F883
:1063600000230A225946634801F090FB0421664845
:1063700003F0E8F818215F4801F06EFB072163483D
:1063800003F0E0F85B4801F073FB6148FBF7FCFFAA
:1063900008F5617308F62460002153F8602C03F5BA
:1063A000AA7302B101318342F7D1524801F054FB84
:1063B000504801F05DFB574BB8EE487B93ED006A07
:1063C000B7EEC66A9FED345B27EE067B87EE058B42
:1063D000B5EEC08BF1EE10FA40F3AC80DDED017A42
:1063E0004D4BB8EE677B4D4853449FED2D6B37EE18
:1063F000487B27EE067B87EE089BF7EEC97BC3ED53
:10640000007AFBF7C1FF00230A220199394801F005
:106410003DFB0B21424803F095F8B6EE007B0023CC
:106420000A22344838EE077BFCEEC77B17EE901A41
:1064300001F02CFB08213B4803F084F8B0EE490B37
:1064400003212C4801F038FB02212C4803F07AF894
:10645000284801F00DFB3448FBF796FFBBF1170FFE
:1064600000F2A580BEEE007BB4EEC79BF1EE10FA01
:1064700000F119829FED0C7BB4EEC79BF1EE10FA90
:1064800040F18D803121294803F05CF8194801F072
:10649000EFFA93E0AFF300800000000000408F406F
:1064A00000000000000059409A9999999999B9BF44
:1064B000F464002090870020C8870020307E0020F0
:1064C000B0870020B2870020AC870020AE87002074
:1064D000F86400202C7E0020107F0020287E002001
:1064E0000044AC431C610020484C0020A47E0020E6
:1064F000C87E002020610020544C00205C4C00200D
:10650000604C0020684C00206C060020784C002075
:10651000804C0020F0640020EC7E0020904C002095
:10652000A04C0020AC4C0020B84C00202C4D00208A
:10653000A0060020344B0022344853441A60FBF775
:1065400023FF00230A220199314801F09FFA0B2111
:10655000304802F0F7FFB6EE007B00230A222C48F9
:1065600038EE078BFCEEC87B17EE901A01F08EFA1E
:106570000821294802F0E6FF032125489FED200B62
:1065800001F09AFA0221254802F0DCFF204801F0D0
:106590006FFA2348FBF7F8FEBBF1170F07D80D2160
:1065A000204802F0CFFF1A4801F062FA06E03221DB
:1065B0001D4802F0C7FF164801F05AFA2068013062
:1065C0000828206032DC2B6800223B6000EB80034F
:1065D000327059F82330D8F8302D93423FF452AE40
:1065E000C8F8303DC8F8343DD8F8383DBFF35B8F6C
:1065F0000133C8F8383D206844E600BFAFF300809F
:106600000000000000000000EC7E0020904C002004
:1066100020610020A04C0020AC4C00205C4C0020ED
:10662000B84C0020604D0020C44C0020D8F8303D0C
:106630005BB10023C8F8303DC8F8343DD8F8383D88
:10664000BFF35B8F0133C8F8383DA748422501F0FE
:106650000FFA3D2002F060FF013DFAD1A24801F09F
:1066600007FA0E21A14802F06DFFA1492B460A222C
:10667000096842259C4801F009FA9B4801F0F8F9A5
:106680003D2002F049FF013DFAD1974801F0F0F9B1
:10669000984E43219848994F02F054FFDFF8C0927A
:1066A000DFF8C082DFF8C0A28F4D8F4801F0E0F91B
:1066B0000221504602F046FFD7F808B0BBF1000FA8
:1066C00006D0584605F0ECFD0146584602F03AFF68
:1066D000584605F0E5FD2928834607D80BF1010B44
:1066E000202002F019FFBBF12A0FF7D1B6EC010A06
:1066F000022128461437B7EEC00A01F0DDF9042163
:106700007F4802F01FFF00230A2259F8041F284681
:1067100001F0BCF905217B4802F014FFB8EC010A36
:1067200003212846B7EEC00A01F0C6F9284601F059
:106730009FF9754B9E42BBD16E4B42256A4893ED43
:10674000009AD3ED078A93ED088A78EEC98A38EE6D
:10675000498A01F08DF92D2002F0DEFE013DFAD1CB
:106760006148422501F084F93821684802F0EAFEC8
:106770005D4801F07DF92D2002F0CEFE013DFAD1F9
:10678000594801F075F96248FBF7FEFDB7EEC90AFA
:106790000221554801F090F90C215E4802F0D2FE2A
:1067A000514801F065F95C48FBF7EEFDB7EEE80AE9
:1067B00002214D4801F080F91E21584802F0C2FE26
:1067C000494801F055F95648FBF7DEFDB7EEC80A17
:1067D0000221454801F070F92121524802F0B2FE31
:1067E000414801F045F95048FBF7CEFDDFED4F7A07
:1067F000F4EEE78AF1EE10FA5DDC2B214C4802F052
:10680000A1FE394801F034F94A48FBF7BDFDDFED40
:10681000477AB4EEE78AF1EE10FA5CDDDFED467AF6
:10682000B2EE007A304877EEC97A67EE877A87EE63
:10683000887AFDEEC77A17EE901A01F00DF9312132
:106840003E4802F07FFE284801F012F9264801F088
:106850000FF938213A4802F075FE234801F008F993
:106860002A21384802F06EFE1F4801F001F93A2152
:10687000354802F067FE1C4801F0FAF83821334829
:1068800002F060FE184801F0F3F8174801F0F0F844
:1068900033212F4802F056FE134801F0E9F84FF07B
:1068A000FF332360B4E433212A4802F04BFE0E4844
:1068B00001F0DEF882E688EE280A02210A48B7EEE7
:1068C000C00A01F0F9F82721234802F03BFE0648F0
:1068D00001F0CEF898E70E21204802F033FE02487E
:1068E00001F0C6F8B2E700BF20610020704D002023
:1068F000287E0020A47E0020804D0020A0060020DD
:1069000098060020C44D0020C87E0020CC4D0020F9
:10691000084E0020184E0020284E0020384E00203F
:10692000584E0020684E0020C05200200AD7233C59
:10693000B44E0020E04E00200000B442F04E002093
:10694000344F0020704F00209C4F0020D84F002073
:1069500014500020F84C00208C4E0020244F0020C2
:10696000C47E0020EC7E0020740600202D49002308
:106970002D4A2E4810B50C6882B010601361138147
:10698000D360002C4AD0234619465B69002BFBD10B
:106990004A6127480021274B1060274851619061C8
:1069A00002205160917203F118021972D960996145
:1069B000D96158721A6122466469002CFBD11F49C3
:1069C00053615C605C619C7219601A4800F09CFB2A
:1069D0001B4B1C490A221C4819601A7200F07CFDEE
:1069E000144B224610490094174800F0E9FD174A5D
:1069F0001749154802F0F6FF164800F06DFD012218
:106A0000094900920B4B134800F0DAFD0F4A104978
:106A1000104802B0BDE8104002F0E4BF14460A601E
:106A2000B7E700BF187F0020547E0020D847002021
:106A300058480020347E0020F8640020E4470020FD
:106A4000707E0020184800207C7E0020707200209C
:106A500055530000907E00200020704700207047B2
:106A6000F8B50127027A1E4C0D46BA40C1F3072142
:106A70000646204684F8A52084F8307184F82F71EA
:106A800002F0DAFFE9B2204602F0D6FF00212046EC
:106A900003F0AAF808B10020F8BD3B460222317A83
:106AA000204603F021F90128F5D994F8A22094F8A2
:106AB000A300824210D2531CA118DBB2897E9842F7
:106AC0004FEA012184F8A23006D923440232987E8D
:106AD00084F8A2200843F8BD4FF0FF30F8BD00BF96
:106AE00030610020F8B50127037A144C242903FAF9
:106AF00007F30D4608BFC2801646C1F307212046A2
:106B000084F8A53084F8307184F82F7102F094FF76
:106B1000E9B2204602F090FFC6F30721204602F0BA
:106B20008BFF2046F1B202F087FF3946204603F082
:106B30005BF8B0FA80F04009F8BD00BF306100207A
:106B40002DE9F0414FF001080F461546302144F27F
:106B5000600280F804800446FFF7C4FF064610B9BF
:106B60003046BDE8F0816C2226212046FFF7BAFFAF
:106B70004FF4F97228212046FFF7B4FF40F6227245
:106B80002C212046FFF7AEFF44F246423C2120462E
:106B9000FFF7A8FF40F2371224212046FFF7A2FF9B
:106BA000002F6BD0454B342120469F428CBF42467C
:106BB0000022FFF797FF07EE905A9FED417A3221AE
:106BC000B8EE676A07EE907A2046F8EE676AB5FB82
:106BD000F7F2C6EE267A02F01F0206EE902AF8EED1
:106BE000E66A77EEE67A67EE877AFCEEE77A17EEEA
:106BF000903AC3F30A0343EAC222FFF773FF44F259
:106C0000FF5230212046FFF76DFF732202212046FC
:106C1000FFF768FF4FF4C87001F078F941F61D5294
:106C20002E212046FFF75EFF072204212046FFF7B2
:106C300059FFB02206212046FFF754FF10220A21F7
:106C40002046FFF74FFF00220E212046FFF74AFFA4
:106C500043F63C4210212046FFF744FF47F67F727F
:106C600022212046FFF73EFF362224212046FFF74F
:106C700039FF012330466372BDE8F08144F2FF0220
:106C800030212046FFF72EFF732202212046FFF716
:106C900029FF4FF4C87001F039F941F61D522E2139
:106CA0002046FFF71FFF042220461146FFF71AFF78
:106CB000302206212046FFF715FFBFE7406603019B
:106CC0000000004510B50446084805F001FD052008
:106CD00001F01CF906212046FFF7C2FE2046044AB7
:106CE0000021BDE81040FFF72BBF00BF306100203E
:106CF0000040C40A10B50446D1B1012901D00020DA
:106D000010BD40F273122A21FFF7ECFE0028F6D0E6
:106D1000882220212046FFF7E5FE0028EFD0E288F8
:106D20002046242122F00402BDE81040FFF7DABE1D
:106D300055222021FFF7D6FE0028E0D0E288204629
:106D4000242142F00402BDE81040FFF7CBBE00BF93
:106D500038B5054611B380290CD8C1F180042B79D0
:106D600044EA042453B9224628462221BDE838408B
:106D7000FFF7B8BE2B790024002BF4D0EA8800235B
:106D80002421284622F010022B71FFF7ABFE224689
:106D900028462221BDE83840FFF7A4BE012347F66C
:106DA0007F7222210371FFF79DFEEA882846242185
:106DB00042F01002BDE83840FFF794BE9FED1F7A05
:106DC000DFED1F7AE0EE077A38B50546FCEEE77A8C
:106DD00017EE904A14B3802C0CD8C4F180042B79A0
:106DE00044EA042453B9224628462221BDE838400B
:106DF000FFF778BE2B790024002BF4D0EA8800231B
:106E00002421284622F010022B71FFF76BFE224648
:106E100028462221BDE83840FFF764BE012347F62B
:106E20007F7222210371FFF75DFEEA882846242144
:106E300042F01002BDE83840FFF754BE00000143A5
:106E4000EE7CFF3E2DE9F84F454B464C186819790A
:106E500004F580750368444AAB42D1770BD2434BAB
:106E60001B78002B4BD04FF0E02340222C4605F539
:106E70008075C3F808223E4BDFF804A1D3F80080E8
:106E8000DFF800913B4BBAF80060D3F800B0B9F8D6
:106E90000070B8F1000F4FD0BBF1000F21D1B8F155
:106EA000000F49D008F10401204601EB46014036AD
:106EB00000F0C3F9BFF34F8F4FF0E022C2F8704FDC
:106EC0002034AC42FAD3BFF34F8FBFF36F8F7F2EC6
:106ED00026D8AAF800607F2F15D8A9F80070BDE861
:106EE000F88F0BF1040208F10401204602EB47027F
:106EF000403701EB4601403600F080F9DAE72C46D6
:106F000005F58075B7E700245846A9F8004000F061
:106F10008BFA194B1A681C60164B1A60BDE8F88F83
:106F200000244046AAF8004000F07EFA134A104BB5
:106F3000116814601960CEE7BBF1000F08D00BF1A7
:106F40000401204601EB4701403700F096F9B1E714
:106F50004FF480725946204605F0F6F8AAE700BFC4
:106F6000A07F00206018202000800E40CA870020EB
:106F7000907F0020987F00209C7F0020947F00203D
:106F8000B6870020B887002038B50021044600F0FD
:106F900097FA88B172B61C4A1368002B2BD01B4994
:106FA0000D68002D2CD0156008600021184A118052
:106FB00062B6184600F038FA0121204600F080FA47
:106FC00098B172B6134A136883B113490C6854B16F
:106FD00014600024114A0860148062B61846BDE8A7
:106FE000384000F021BA086062B638BD0B49106025
:106FF0000B8062B638BD064910600B8062B6DBE7D5
:10700000086062B6D8E700BF907F0020947F002020
:10701000B6870020987F00209C7F0020B887002042
:1070200010B5044600F0C6FB204610BDF8B52D4C47
:1070300005462D4AE36F43F44023E3679368002B32
:1070400046DBD2F88830002B42DB002342F210727C
:107050004FF40C611C2005F037FBE369234A23F44D
:107060004063234943F40063E361A36A1A40214B60
:1070700042F0CE02A2624A68134043F400234B6000
:107080002DB91D4B0322C3F82021C3F824211A4E29
:107090000327154B0124C6F8287100254FF48030D2
:1070A0001649174A174E1D66DC601E6158619961CA
:1070B000DA61C3F8E050C3F88C4004F1E064C3F82F
:1070C0009040C3F89400C3F89810C3F89C20F8BD12
:1070D000002DFCD1084B0322C3F82021C3F8242142
:1070E000F8BD00BF00C00F400040384000FEFFFF69
:1070F00000C00A40F8FFF7FF00801F401B1F01007F
:10710000001F1F1F0100004770B5264D00240121FC
:10711000254E284600F0EAFA244A254B2046146002
:107120001C60FFF783FF234B0321234A0220C3F88F
:1071300080112B6821491A604FF480729C61DA82B9
:10714000DA8306229C829A831D4ADE601A61C3E9B3
:10715000011029791B480FFA81FC1B4B40F82C4089
:1071600040F82C30194B1A48D976D2F86630194CB1
:1071700043F01043C2F8663042F81A0C00F094FA5B
:107180002A79154B0121207002F1100003EB5213F4
:1071900002F01F02114C91409B00114A42F820401E
:1071A000196070BDA07F002000FEFFFF907F0020CF
:1071B000987F002000801F406018202002000101FD
:1071C0002240384000C00E401400008000800E4075
:1071D00001000090CA87002040380038254B00008D
:1071E00000780020024A0349034802F0FBBB00BFBD
:1071F00070720020014D0000A07F00202DE9F04FAB
:1072000000F5807EB1E8A00AB2E84015C5EA064361
:10721000C6EA2544C7EA0845C8EA2746C9EA0A4734
:10722000CAEA2948CBEA0C49CCEA2B4AA0E8F8077D
:107230008645E7D1BDE8F04F70474FF000022DE9D9
:10724000F00F00F5807C00BFB1E8A00AC5EA020398
:10725000C2EA2544C7EA0205C2EA2746C9EA02078C
:10726000C2EA2948CBEA0209C2EA2B4AA0E8F80799
:107270008445E9D1BDE8F00F70474FF000022DE9D9
:10728000F00F00F5807C00BFB1E8A00AC2EA054318
:10729000C2EA0504C2EA0745C2EA0706C2EA09478C
:1072A000C2EA0908C2EA0B49C2EA0B0AA0E8F807D9
:1072B0008445E9D1BDE8F00F70472DE9F00F089C37
:1072C00000F5007B51F8045B53F8046BC5EA0647F0
:1072D000C6EA254952F8045B54F8046BC5EA06482F
:1072E000C6EA254AA0E880078345EBD1BDE8F00F48
:1072F000704700BF4FF0E0234022C3F808227047D8
:10730000F8B5144B144D1C686E689CB1237A204666
:107310006BB123686F681B6898476B68E188DB1B5B
:10732000C3F38F12B1EB931FA28038BFE280646970
:10733000002CEBD1084B094A5B6810889B1B084C5A
:10734000C3F38F11B0EB931F218038BF1180BFF3BF
:107350004F8FF8BD187F0020001000E0B28700209A
:10736000B0870020036818470B680360704700BFB0
:107370000B680360704700BF704700BF30B472B63F
:10738000244D254C2A8804F1700104EB82038B42C2
:107390003CD204F16F01501CC91A00EB910002E0CD
:1073A0000132824232D09C4653F8041B0029F7D0A8
:1073B000B1FA81F04FF00043C34021EA0301CCF859
:1073C000001001B90132154B2A801A88013291B29E
:1073D000198062B6ACEB040C41F67C73C0EB006420
:1073E0004FEAAC0CC0EB841001240CEB8C1C03EBBB
:1073F000CC1303EB80030A480068C4541844094BBB
:107400001C88944230BC38BF1980704762B6002097
:1074100030BC7047B48700201C7F0020AC87002060
:10742000147F0020AE870020428872B60378012BBB
:1074300003D9013B037062B67047D14353090B482F
:107440004FF0004201F01F01CA4050F823100A43D8
:107450000749B1F800C040F823209C45054A88BF81
:107460000B801388013B138062B670471C7F00209D
:10747000B4870020AC870020C36813B91DE0DB6827
:10748000E3B1187A9042FAD110B4586893F809C061
:10749000006950F82C4054B1DB682BB1187A904247
:1074A000F3D0DB68002BF9D15DF8044B704740F84E
:1074B0002C10087801300870EEE77047704700BF65
:1074C000437A8B4206D90369002253F8210043F81E
:1074D000212070470020704700220449C0E90022A3
:1074E000028102740A680860C26070478C7F0020C5
:1074F000037CFBB903680146FBB14368EBB1427AF8
:107500005B7A9A421CD230B472B62B4B1C68ECB139
:10751000E368C3B1486801E0DB68A3B15A688242FE
:10752000FAD193F809C04A7A9445F5D162B604209D
:1075300030BC7047012062B67047032062B67047C6
:10754000022062B670476469002CE1D11B4C2368AD
:1075500043B1994202D10BE0994207D01A46DB6849
:10756000002BF9D1052062B630BC704702F10C0443
:107570000D68E868E8B1C3681BB908E0DA683AB199
:10758000134681421846F9D162B60620D0E7034679
:10759000D960CB68002023600123C860AA7A2B72CF
:1075A0001A44AA724A68947A13721C4494720B7437
:1075B000D9E7E960EDE700BF187F00208C7F00204D
:1075C00010B5047C9DF808E00CB1012010BD0272DA
:1075D00080F809E0C0E90013BDE81040FFF788BF5C
:1075E00038B5037C002B36D043680446427A5B7A78
:1075F0009A4238D272B60168CB68002B2DD09842DF
:1076000033D01A46DB689C422AD0002BF9D162683D
:10761000607A136953F8200048B1FFF705FF72B68E
:1076200062680025607A1369216843F820508B7ADC
:10763000013BDBB28B7203B90B72937A013BDBB275
:10764000937203B913720A4B00201A6820741C60ED
:10765000E26062B638BD012038BD62B6032038BD95
:10766000E368D360D3E7022038BDC368CB60CEE7C0
:107670008C7F002010B50446FFF7B2FF094A13685B
:1076800043B19C4202D108E09C4205D01A46DB6817
:10769000002BF9D1204610BD0C32E3682046136060
:1076A00010BD00BF8C7F00200C4B1A789AB90C4A91
:1076B0000C4910B4C2F858110B48D02401224FF0E5
:1076C000E02180F8464040241046C1F808415DF8AA
:1076D000044B1A7070470020704700BFC987002014
:1076E00000780020E14F000000E400E070B472B6C2
:1076F00021B9036813B102790F2A45D9294C218891
:10770000002341FA03F212F0010208D00133102BDA
:10771000F7D162B600220371026070BC70474FF06F
:10772000010C0CFA03FC41EA0C01218062B61E4DEB
:107730005FFA83FC1D4940F2824680F804C0EC6F7A
:10774000194483F0030344F0C0044901EC67A5F534
:107750009F35174CA5F58075266084F81AC084F80B
:107760001EC084F818C084F81FC00160C1E900225F
:10777000C1E90222C1E90422C1E906225A5D42F0B0
:10778000C0025A5570BC7047064C218841FA02F578
:10779000ED07B5D5054D1544B3EB451FB0D162B625
:1077A000BBE700BFBA87002000C00F408074000212
:1077B00000800E4003790F2B11D8094A937672B6D8
:1077C0000849012290F804C00B8802FA0CF223EA5F
:1077D00002030B8062B6102200230271036070471F
:1077E00000800E40BA870020704700BF704700BF7E
:1077F000704700BF704700BF70B51A4C1A4D236820
:10780000AB4202D0194AD16829BBA369AB4202D06E
:10781000164AD169C9B9236BAB4202D0134AD16A67
:1078200069B9A36CAB4209D0104AD16B31B10121C7
:107830001B680F48D163BDE87040184770BD012137
:107840001B680C48D1629847EBE701211B680A4886
:10785000D1619847DFE701211B6804F10800D1607E
:107860009847D2E7C07A0020600700200041084016
:10787000107B0020F87A0020E07A002038B5064C12
:10788000A4F1600554F8083C2046183CDB68984792
:10789000AC42F7D138BD00BF107B002003682DE952
:1078A000F041044688B01746002B4BD000229A6066
:1078B0000122DA60304D04A8DFF8E0801D4451F861
:1078C000083B2D1102935B6805EB45069847F600CF
:1078D00006F1080058F806304044DB6801909847EC
:1078E000264A04A9DDE90103029248F806309B68A4
:1078F0009847029B04A8DB68984723680322204826
:107900001F609A601F4A23791F4C53551378517892
:10791000C0F828428B4228BF0B469178D2788B4220
:1079200028BF0B46934228BF1346184C4FF0E02265
:107930004FF08061012084F87A30C2F80C1108B051
:10794000BDE8F081124AD36E43F44053D36601225E
:10795000104B1A60104A13460260403298680028A3
:10796000A8D0103393422360F8D100231846236037
:1079700008B0BDE8F08100BF00BFF7BF600700207E
:107980000078002064720020D954000000E400E078
:1079900000C00F400040084000410840C07A00206D
:1079A00010B4064B0020064C064A1C609C611C6308
:1079B0009C6405495DF8044B02F014B8C07A0020BD
:1079C00060070020707200205D55000000207047A5
:1079D000084601F0A1BD00BF012A70B508BF0A2208
:1079E0008AB091B34FF0210E01E05FFA86FE0EF1EE
:1079F000FF36B1FBF2F502FB15145FFA84FC092C8B
:107A00000CF137040CF1300C98BF5FFA8CF40EF1D6
:107A1000280C88BFE4B29142EC4429460CF8244C6F
:107A2000E3D24BB10EF1FF3E2D225FFA8EFE0EF136
:107A300028036B4403F8242C036801A9CEF1220229
:107A40005B68714498470AB070BD30224FF0210E38
:107A50008DF82520E5E700BF002903DB00230A227B
:107A6000FFF7BABF49422D230A22FFF7B5BF00BF77
:107A700000B5036883B040F60D2C022201A95B68B3
:107A8000ADF804C0984703B05DF804FB5AB9036829
:107A9000C9B2074A1B68934200B506D108465DF893
:107AA00004EB01F039BDFFF797BF5DF804EB184711
:107AB000B156000000000000B4EE400B70B5F1EECE
:107AC00010FA05462DED028B86B07CD6B0EEC07B59
:107AD0009FED476BB4EE467BF1EE10FA6BDC9FED49
:107AE000467BB4EEC70BF1EE10FA5ADC9FED447BF7
:107AF000B4EEC70BF1EE10FA53D4B5EEC00B0C4642
:107B0000F1EE10FA5BD40023B6EE007B002C5ED0C1
:107B10004FF0000C9FED3C6B0CF1010C27EE067B47
:107B20005FFA8CF2A242F7D330EE070B0A22284606
:107B3000FCEEC07BB8EE678B17EE901A30EE488BE8
:107B4000FFF74AFF0F2C4FF02E03B2EE046B0646F0
:107B500028BF0F248DF808300DF1090302AA611E19
:107B600053FA81F128EE060BFCEEC07BCDED017AD5
:107B70009DF8043007EE903A3033B8EEE78B02F808
:107B8000013F914230EE488BECD12B68013402A9C1
:107B900028465B68E2B29847304606B0BDEC028BDF
:107BA00070BD2B6803221A495B6806B0BDEC028BDE
:107BB000BDE870401847036803221649F4E7B1EEA8
:107BC000400B0123A0E7036803221349ECE730EEE2
:107BD000070B0A222846FCEEC07B17EE901A06B06F
:107BE000BDEC028BBDE87040FFF7F6BEAFF300803E
:107BF000FFFFFFFFFFFFEF7F000000E0FFFFEF410F
:107C0000000000E0FFFFEFC19A9999999999B93F57
:107C10005C0700205807002054070020A249A34B0E
:107C200088422DE9F047A24C5E699A69D4F80C802D
:107C30001BD9A04B984240F20281C31A9E491B0AED
:107C4000A1FB031340F22761DB0903EB830303EB82
:107C5000830303F2E2438B4228BF0B46A3F5487728
:107C6000964BA3FB0737FF0804E0954FB8428CBF43
:107C70000E2706278D4908F01F09D1F88030B94535
:107C800043F0C003C1F880300CD228F01F08A1F5E2
:107C9000F82148EA0708C1F80C800B68002BFCDAD1
:107CA00008F01F0916F0007324D186490C69864933
:107CB000A14300F0EA8082F4805134464FF48055AD
:107CC00014F0605F04D026F060561E43774B5E616F
:107CD00011F4405F07D022F4405274492A438A616C
:107CE0008B6C1A07FCD446F00076704A5661936C90
:107CF0009B06FCD4754CA04200F2CE804FF0010CE4
:107D00000146634603FB011203F1010E0CF101056C
:107D1000A24218D8BEF1080F4FF0010340F08D8049
:107D2000BCF1040F00F291800A18A24200F2A48074
:107D300005FB00F1AC4603F1010E03FB01120CF14F
:107D40000105A242E6D90CF1FF318C0286EA8121BD
:107D50005F4810445F4A90427FD9DFF8A4A16C22AB
:107D60005D48584DB0FBFEF0D5F800E0B0FBFCF0EC
:107D7000DFF890C10EEA0C0CD44509D042F4005251
:107D80004FF4805CC5F800C02A602A68002AFCDA3B
:107D9000464A156905F007059D4203D01361936CAF
:107DA000DD03FCD411F4E05F09D026F4E05604F4BE
:107DB000E0543E4A26435661936C9907FCD44749E8
:107DC000474A014491423CD8464BC909A3FB0131C3
:107DD000090B4B1E1B0286EA030212F4407F06D0F9
:107DE00026F4407603F44073304A334353612F4AFC
:107DF000536923F000735361936C9B06FCD43A4B98
:107E00004F45A3FB00234FF0FF324FEA9343B0FBF3
:107E1000F1F1B2FBF3F3354A1060354A1160354A8F
:107E2000136008D228F01F08214A48EA0707D760E4
:107E30001368002BFCDABDE8F087734662E712276F
:107E400018E74FF440730421C5E70CF1FF312048D7
:107E500007238C02104486EA8121274ADFF8A8A074
:107E6000A2FB0020020D2548362A38BF362202FB2D
:107E700000F042EA0A0A74E74FEA8C24002386EAFB
:107E80008C214FF0010EAC4662E71D4686F0C054CF
:107E900011464FF0C05313E700244FF0010C024687
:107EA00031462346E64653E700A4781F00C00F4042
:107EB000000008400046C32323B24C001F85EB514D
:107EC00000366E0100800D4040300080FFB19F26DB
:107ED000808D5B00FF7EF64D00643F4D7FD1F00842
:107EE0007F17B42C9F10E50083DE1B431C6100202C
:107EF0001861002088870020819F5E16001BB70054
:107F00006C2000807F3001800020008000B9704725
:107F10002DE9F84F01218146214C224D224E54E893
:107F2000003F2A68306844E80013002BF7D11F494E
:107F30004B684FF47A7BDFF878A01B1A01270BFB04
:107F400002F8DAF80020A3FB02325A4594BF9044AD
:107F5000D84454E8003F2A68306844E80073002B96
:107F6000F7D14B68DAF800C01B1A0BFB02F2A3FB37
:107F70000C3CBCF57A7F94BF624402F57A72A2EBA6
:107F80000802B2F57A7F06D3B9F1010908F57A78CB
:107F9000DFD1BDE8F88F01F053FB0449D9E700BFFA
:107FA00094870020908700208C870020001000E03C
:107FB0008887002008B5FDF74BFDFEF70DF901F0AD
:107FC0003FFBFAE7844641EA000313F003036DD157
:107FD000403A41D351F8043B40F8043B51F8043B8C
:107FE00040F8043B51F8043B40F8043B51F8043B93
:107FF00040F8043B51F8043B40F8043B51F8043B83
:1080000040F8043B51F8043B40F8043B51F8043B72
:1080100040F8043B51F8043B40F8043B51F8043B62
:1080200040F8043B51F8043B40F8043B51F8043B52
:1080300040F8043B51F8043B40F8043B51F8043B42
:1080400040F8043B51F8043B40F8043B51F8043B32
:1080500040F8043B403ABDD2303211D351F8043BD2
:1080600040F8043B51F8043B40F8043B51F8043B12
:1080700040F8043B51F8043B40F8043B103AEDD281
:108080000C3205D351F8043B40F8043B043AF9D2D2
:10809000043208D0D2071CBF11F8013B00F8013BA5
:1080A00001D30B8803806046704700BF082A13D3B2
:1080B0008B078DD010F003038AD0C3F10403D21ACA
:1080C000DB071CBF11F8013B00F8013B80D331F8FE
:1080D000023B20F8023B7BE7043AD9D3013A11F87E
:1080E000013B00F8013BF9D20B7803704B784370E9
:1080F0008B7883706046704703F062BD01F1FF3CEE
:1081000070B56646002400E00134B0FBF2F502FBD6
:108110001503092B03F1370E03F130035FFA8EFECE
:1081200098BF5FFA83FE9042284606F801EFEBD233
:10813000631C0022C818CA547CB162461CF8015F57
:1081400010F8016DA1EB0C0302328CF80060013BCA
:10815000521A057023449A42EFDB084670BD00BFF7
:1081600072B6EFF30583524CC4F884301EF0040F4E
:108170000CBFEFF30882EFF309824FF0E0234D4E7E
:108180004D4DD3F8280DD3F82C1DC4E92201D3F8A6
:10819000341DD3F8383DC4E924139369C4F89830EA
:1081A000D369C4F89C3000F0BFF884ED280A01F0D0
:1081B0009FFB0B214FF0FF32C4F8A4000B46C4F81C
:1081C00080103E49301D5A40202402F00103013C3A
:1081D00001FB03F383EA5202F7D1A84202D073688D
:1081E0000646EFE7324BC3F8A820BFF34F8F4FF09E
:1081F000E0233049324AC3F8701FC3F8702FBFF331
:108200004F8FBFF36F8F2F4A02252F48D36E2F4910
:1082100043F44053D3660560D3692D4823F07F03B0
:1082200043F04003D3610B6883423DD8264D0021C3
:108230004FF0E0234FF0FF3229600126C5F8081106
:108240002449C5F80011C5F80861C3F88021C3F8B6
:108250008421C3F88821C3F88C21C3F8902101E060
:1082600000F054F9D5F80C31002BF9D00134C5F8E1
:108270000C614F2CF4D9184B022018494FF00042E2
:10828000C1F840015A63D5F80C313BB9144815497F
:108290000D4A0163D2F80C31002BFAD04FF0E023E5
:1082A000114AC3F80C2DFEE7FFF7B8FCBEE700BF8C
:1082B00000FF272080FF2720A8FF27202083B8ED7C
:1082C000A0FF272000C00F40004008401C61002094
:1082D000803DCD0B009F240000900D4000002E40FB
:1082E00000800F40F100AD0B0400FA050A490A684E
:1082F00038B108B513180948834204D810460B60FA
:1083000008BD1046704703F089FF0C234FF0FF3281
:108310000360104608BD00BF6C72002000002820DA
:1083200030BFFDE7FFF71CBF124AD2F880305B0771
:10833000FBD5D2F880301048C3F30B230F4990EDE2
:10834000007A07EE903A91ED006AB8EE477A0C4A4F
:10835000F8EEE77A0B4BD2ED006A77EEC77A93ED31
:10836000007AB8EE477A67EE867A87EEA60A37EE8D
:10837000400A704700810D407887002080870020E8
:10838000848700207C870020836BF0B41BB1536886
:1083900043F40043536072B6446B3CB31A4B226003
:1083A000D3F8B0410C421DD1184E776804E07468D0
:1083B000E41BB4F5166F0BD2D3F8404144F480446B
:1083C000C3F84041D3F8B851D3F840416404EED526
:1083D0000D4007D10C4CC0E90225D4F8B0310B4355
:1083E000C4F8B031426362B6F0BC7047064DC0E9D4
:1083F0000224D5F8B0310B43C5F8B03102634263B3
:1084000062B6F0BC704700BF00002E40001000E0D4
:1084100070B5056B9DB106462A46002403E012683C
:108420000134012A0CD0536813F08003F7D0326373
:108430002CB12846B36B2D689847013CF9D170BD2B
:10844000C6E90C33F4E700BF30B4D9B91F4C204B58
:108450000021204A01254FF0011099601D60C4E9F8
:10846000023180245C60C2F8BC01D2F8B0311A48F5
:108470002B43C2F8B0310160D2F8B031002BFBD1F0
:1084800030BC70470904154B104C012541F08001A8
:108490009860104A596000F580511D60D96000F560
:1084A0000051A364196100F5405100F58040596105
:1084B00000219861E164D2F8B03143F48033C2F80E
:1084C000B031D2F8B031002BFBD1C0E70000002062
:1084D000207B002000002E40E8860020407B00200A
:1084E000084901220B7802FA00F023EA0000087024
:1084F00030B9054AD2F8483123F08003C2F8483138
:10850000704700BFD487002000002E402DE9F04FB7
:108510009C4C83B0D4F84461F107C4F844616AD537
:10852000D4F8AC31002B61D0DFF88482964DDFF8AF
:1085300078B208F5805ADFF87C92944FC4F8AC31D9
:10854000D5E90A20D4F8403143F40053C4F840314F
:10855000D4F840319B04F5D5D4F8403123F40053CE
:10856000C4F840314FF00113C4F8B431D4F8B43139
:1085700013F00113FAD191B240F2816CCBF80030C4
:10858000614500F2D980B1F5D06F80F06181B1F51D
:10859000817F00F08F8140F2AB8040F2023C614568
:1085A00000F0B281B1F5A06F40F0C1807849EB6472
:1085B0008B600123A9640B6080234B604FF0011393
:1085C000C4F8BC31D4F8B03143F48033C4F8B031CE
:1085D000D4F8B031002BFBD1130C5B0643F0807351
:1085E000C4F85431D4F8AC31002BA7D1654AD2F885
:1085F000BC31002B4AD1720616D5624BD3F8AC21A0
:10860000C3F8AC21D3F8BC21C3F8BC21D3F8B041E6
:10861000002CFBD14FF0FF32C3F8B421D3F88431E2
:1086200000F012FE5B4B1C60F40103D55A4B1B6833
:1086300003B19847B00103D5584B1B6803B1984765
:10864000710708D54F4BD3F8843113F400731AD057
:10865000534B01221A704B4BD3F848311A060FD5F1
:1086600033060DD54F4A13782BB1013BDBB21370A3
:10867000002B00F0428203B0BDE8F04F00F0E4BBF5
:1086800003B0BDE8F08F464A1370E4E74649C2F8EC
:10869000BC310868034240F061813E4A14681C40C6
:1086A000A9D05FEA144810D0374D4FF0010998FA6D
:1086B000A8F7B7FA87F705EBC71009FA07F74030B4
:1086C000FFF7A6FE38EA0708F1D1A4B2002C92D039
:1086D0002D4D4FF0010894FAA4F7B7FA87F705EB90
:1086E000C71008FA07F7FFF793FEBC43F3D182E700
:1086F000802900F0A780822919D183B210F0780078
:1087000015D103F07F0257F82210284A108018066E
:1087100000F1C081CB0701D501231370022123484A
:10872000FFF792FE5EE7010C072900F045814FF04C
:108730000113C4F8C03155E742F2210C6145F2D073
:108740003AD942F22123994268D042F22133994228
:10875000EDD10F4B00229A60EA640122AB641A60EB
:1087600080225A604FF00113C4F8BC31D4F8B03104
:1087700043F48033C4F8B031D4F8B031002BFBD1CE
:1087800030E700BF00002E4000000020C0012E4056
:10879000207B0020EC860020A4870020A8870020F2
:1087A000DD870020DE870020E88600201C8700206F
:1087B000E0860020407B0020B1F5086F3AD0B1F58B
:1087C000106FB4D1B548C2F307424FF0C8110093FF
:1087D0000270B34AC4F8C821C4F8CC11C4F8D0114F
:1087E00000F034FD00F0CEFAAE4A0121009BAA64ED
:1087F00011608021936051604FF00112EB64C4F866
:10880000BC21D4F8B02142F48032C4F8B021CBF8B6
:108810000030D4F8B031002BFBD1E3E680B2002861
:1088200097D1A14BC2F307421968A04B1960A04B26
:108830001A708EE7994B01219E481B780370FFF751
:1088400003FECFE69B4802210380FFF7FDFDC9E64A
:10885000994B596800293FF46AAF4FEA124E82B231
:1088600004E019690C3300293FF461AFB3F800C08C
:10887000F445F6D1B3F802C09445F2D14FEA1E2276
:10888000032A00F0D8801A89000C824228BF0246D1
:10889000BEF5007F40F0D480884B89491878894B19
:1088A0000092002818BF19468748FFF78BFB864BBC
:1088B000009ADAE010F0780F83B27FF438AF03F05B
:1088C0007F0213F0800F57F8223014BF23F4803357
:1088D00023F0010347F822300022724BEA649A60C9
:1088E0000122AB641A6080225A604FF00113C4F871
:1088F000BC31D4F8B03143F48033C4F8B031D4F88B
:10890000B031002BFBD16DE610F0780F83B27FF40D
:108910000EAF03F07F0213F0800F57F8223014BF20
:1089200043F4803343F0010347F8223000225D4BCB
:10893000EA649A600122AB641A6080225A604FF0A8
:108940000113C4F8BC31D4F8B03143F48033C4F817
:10895000B031D4F8B031002BFBD143E600200860E1
:108960005A490C88486842F221018C427FF495AE46
:1089700080B200287FF491AE5549564C03C9A180BE
:1089800086284FEA11412060A1717FF486AE72B64D
:108990005148017841F008010170D2F848110D06E4
:1089A00005D480200143C2F84401C2F8481162B6E0
:1089B0004A4A5021117070E6EB6001234349C9F81F
:1089C0000030474B0A60C9F80430464B4860C9F88C
:1089D0001030C5F80890C9E9028AD4F8B02142F0F5
:1089E0000102C4F8B02103F5805203F50053C9F821
:1089F0001420C9F81830D4F8B031002BFBD1294A23
:108A0000EB6493600123AA64136048F2800353600F
:108A10004FF00113C4F8BC31D4F8B03143F48033C3
:108A2000C4F8B0314FF48033CBF80030D4F8B03113
:108A3000002BFBD1D6E5000C0A78824228BF024603
:108A4000BEF5E06F50D11D4B1D4893F800C01D4985
:108A50001D4BBCF1000F18BF014600921846FFF7EE
:108A6000B1FA072103464170009A23F01F01134415
:108A7000BFF34F8F4FF0E020C0F8701F20318B42C2
:108A8000FAD8BFF34F8FBFF36F8F0F481146FFF730
:108A9000DBFCA7E5C9033FF53FAE3FE6DC870020DE
:108AA0000200CC00207B002090870020A0870020BF
:108AB000DB8700201C8700208C5F0020DD870020E2
:108AC000F42000608C210060601A2020207E0020AD
:108AD000E086002098870020D4870020DE870020D1
:108AE00080000700E0A60020064B1846CDE90023D1
:108AF000FFF768FADDE90023B7E70320FFF7F0FC92
:108B000003F0DAFD601A20202DE9F0471F46831E8E
:108B1000022B01D9BDE8F087DFF84C9015460C46D2
:108B20003C2209EBC01806464FEAC01A002108F1A2
:108B30000400240403F008FBB5FA85F2012352096E
:108B400044EA427449F80A40C8F83870C8F8083056
:108B5000002FDFD0034AB34011680B431360BDE818
:108B6000F08700BFEC860020000000202DE9F047D0
:108B70000D46811E022901D9BDE8F087C701DFF843
:108B80004C909246044640373C2200211E4609EB99
:108B900007082D0408F1040003F0D6FABAFA8AF2A5
:108BA000520945EA427249F807200122C8F83860A4
:108BB000C8F80820002EDFD0034B10341968A240FB
:108BC0000A431A60BDE8F087EC8600200000002010
:108BD00012048160C36101F5405342F0800210B479
:108BE0000124426001F50052046001F5805401F552
:108BF0008041C46081615DF8044BC0E90423704783
:108C0000831E0A46022B00D97047064B00F1100163
:108C10004FF0010C03EBC0100CFA01F14030FFF7EC
:108C2000B3BB00BF00000020831E0A46022B00D900
:108C300070470121024B814003EBC010FFF7A4BB3A
:108C40000000002040687047124A134BD2F82002FF
:108C500020F07F40984210B584B002D200EB800033
:108C600040000E4C01A90A22FFF748FA01A900238F
:108C7000204611F8012B01333AB10A2B20F8022FBC
:108C8000F7D11623237004B010BD5B00DBB2237054
:108C900004B010BD00441F4080969800A8760020C4
:108CA00000F0F2BB00F0C2BB00F026BC00F0E0BB5D
:108CB00000F07CBC00F052BC0846114600F042BCFB
:108CC000F8B5144C4FF0E025134E4FF4003204EB8E
:108CD0004024124F06EB40160346C5F88C2121466E
:108CE0003A883046FFF774FF3B882344BFF34F8F29
:108CF000C5F85C4F2034A342FAD8BFF34F8FBFF3BF
:108D00006F8F04203146FFF78FFF4FF40033C5F813
:108D10000C31F8BD001B2020607B0020BC870020A8
:108D200042684FF6FC71114BC2F30E42C0691B88BA
:108D30009B1A0B4017D00E4930B40E4C0E4D2278C2
:108D400021F810300021013225F81010062A94BFB6
:108D5000D1B20A46217009490C6823440B60084BC4
:108D6000985430BC7047FFF7ABBF00BFBC870020F2
:108D70002C870020D08700204887002024870020EF
:108D800064870020214B70B51B78002B3BD04FF43B
:108D900000731E461E4980221E4D00240B800021B8
:108DA0001D482B8003F0D0F91C4A21461C4B14703F
:108DB000C0221C481C8003F0C7F91B4A31461B4BDC
:108DC000042094609C60C2E90044194AC3E900444D
:108DD0001470184B184A1C70184B14602246FFF789
:108DE00093FE2346224629880420FFF7BFFE204633
:108DF0000134FFF765FF062CF9D100231049114A11
:108E00000B70137070BD40231E46C3E7DD87002042
:108E1000BC870020C4870020207D0020D787002049
:108E2000C0870020607B00202C870020488700201E
:108E3000D0870020D287002024870020016A00000C
:108E4000D5870020D98700202DE9F843214B1D78D4
:108E500015B9214E33880BB9BDE8F883DFF8888057
:108E60001E4A98F800701E4C02EB47191D4A04EB8D
:108E70004724128848462146D21A2B46FFF7A8FEFF
:108E8000BFF34F8F04F1200204F50073934234BF07
:108E9000012310234FF0E02204EB4313C2F8704F7C
:108EA00020349C42FAD1BFF34F8FBFF36F8F01374D
:108EB00049460420FFF7A4FE032F4FF000034FF0B4
:108EC000020098BFFDB2338088F80050BDE8F84337
:108ED000FFF706BBD9870020C0870020207D002037
:108EE00000272020C4870020D7870020F8B5144C25
:108EF0004FF0E025134E4FF4003204EB4024124FA4
:108F000006EB40160346C5F88C2121463A883046C8
:108F1000FFF75EFE3B882344BFF34F8FC5F85C4FDD
:108F20002034A342FAD8BFF34F8FBFF36F8F0320D3
:108F30003146FFF779FE4FF40033C5F80C31F8BD28
:108F4000002F2020207C0020BE870020244B2DE90C
:108F5000F0411C884368C569C3F30E43E41A002C32
:108F600024DD204920480A780078D3B21F4E82427F
:108F70001F4807D010F8038036F81870C7F5007244
:108F8000944218D90133002226F81540082B194EB7
:108F900088BF134626F8152098BFDAB2C554164B81
:108FA0000A701A6814441C60BDE8F0812846BDE8C8
:108FB000F041FFF79BBF07EB4820104922462744AA
:108FC000084401EB4521FEF7FDFF0B4A284626F831
:108FD000187013682344BDE8F0411360FFF786BFA3
:108FE000BE870020D1870020D3870020388700204B
:108FF0006C8700205487002028870020002F202025
:109000001D4B1A78002A36D102F0FF031B4A127852
:109010008AB32DE9F0411A4D2A8852B3194EC2F590
:109020000068194F3278194C07EB421704EBC22441
:10903000424638462146FFF7CBFD04EB0802BFF35A
:109040004F8F4FF0E023C3F8704F2034A242FAD87C
:10905000BFF34F8FBFF36F8F03203946FFF7D0FD6B
:1090600033780133DBB2032B88BF00233370002336
:109070002B80BDE8F0817047DA870020DC87002074
:10908000C2870020D8870020A07D0020003F20203C
:109090002DE9F04F85B0CDE90110002900F0BF8027
:1090A0000023604CDFF89881DFF898A15E4F0093B1
:1090B00001235E4A23705E4B1978B8F8003002EB4A
:1090C0004119002B40F0A7801E461D469B4648468E
:1090D000FFF7B8FD10F0800000F08C80BFF34F8FD9
:1090E0009AF8003084F800B005B93E68002B7DD1B5
:1090F0003B689B1B782B00F287804E4B1B78002B24
:1091000074D000F09DFA0122B8F8003015462270A4
:10911000002BDCD0464AC3F5006011781A4600EBFC
:10912000C120454DC9022844019D954217D20393A1
:10913000DDE901512A46FEF745FF039B4FF040420F
:109140005B1BA8F800303D4BC3F88420BFF34F8F62
:10915000009800232844237005B0BDE8F08F364BFB
:10916000CD180299FEF72EFF00234FF40062294626
:109170004846FFF72DFDBFF34F8F05F1200205F59F
:109180000063934234BF012340234FF0E02205EBFC
:109190004313C2F8705F2035AB42FAD1BFF34F8F53
:1091A000BFF36F8F03204946FFF72AFD204A13784B
:1091B0000133DBB2032B84BF00231D4A1370B8F8C0
:1091C0000030019AD11A009A1A4401910092029A31
:1091D0001A4400230292194AA8F80030C2F88430D9
:1091E000BFF34F8F237000297FF462AF009805B062
:1091F000BDE8F08F4FF400620D4B8AF8000019783B
:109200001346A8F800208AE7012300988AF8003066
:1092100005B0BDE8F08F1A46C3F500607FE70198FE
:10922000E5E700BFDA87002090870020A07D0020BE
:10923000D8870020DC870020003F202000002E403F
:10924000C2870020D6870020704700BF2D4B002129
:1092500080222D4870B51B7800242C4D8B422C4E5B
:109260000CBF40234FF400732B80338002F06CFF5F
:10927000284A2146284B14704FF4807227481C80DE
:1092800002F062FF264A1021264B0220C2E9004468
:10929000C2E90244244AC3E900441470234AC3E9E2
:1092A0000244234B1C70234614602246FFF75EFCE9
:1092B0002246318803201F4BFFF726FC234601225C
:1092C00029880320FFF752FC20460134FFF70EFEE9
:1092D000082CF9D1184B00214A221848184C046078
:1092E000C3F88410C3F88020D3F84821154942F010
:1092F0008072C3F8482121B1134A137843F0010367
:10930000137070BDDD870020A07D0020C68700207F
:10931000BE870020D8870020C2870020207C002044
:109320003887002054870020D1870020288700201C
:10933000D38700202D6C000000002E40A487002061
:10934000E16C000000000000DF8700202DE9F04FF5
:109350004FF0E0234FF40032DFF8C8A083B0C3F829
:109360008C218B469AF8004000294FD08046E4B209
:109370000027DFF8B490264BABEB070225491B789A
:10938000A34204F101043FD0092C234B404628BFDF
:1093900000241E5D39F816C00CEB462319441F4B00
:1093A00033F81650A5EB0C05AA421CD20CEB462C48
:1093B00018491B4C61440192FEF704FE216839F8FC
:1093C00016505846019AA1EB0B012A44394429F85A
:1093D000162021604FF0E0234FF40032C3F80C2137
:1093E00003B0BDE8F08F2A462F44FEF7EBFD0C4991
:1093F000E3B230460A68A844521B0A608AF800307B
:10940000FFF774FDBB45B6D83846E3E70846E1E709
:10941000D1870020002F20206C8700203887002073
:1094200028870020D3870020548700200B4B0C4A4C
:1094300012781978D3B28A420DD0013309480A4A0A
:10944000092B0A4928BF0023C35C31F8131002EB33
:109450004323585C70474FF0FF307047D18700209E
:10946000D38700206C870020002F20205487002005
:10947000044B10B51C680CB1204610BD00F0E0F89C
:10948000204610BD288700202DE9F84F144E154DB9
:1094900033782A78934221D0DCB2DFF85090DFF89D
:1094A00050B0DFF85080104F0134082C5FFA84FA76
:1094B00001D90024A24619F80400DBF8003038F87E
:1094C000102037F81010521A9B1ACBF80030FFF713
:1094D0000DFD86F800A02B78A342E5D1BDE8F88FFA
:1094E000D3870020D1870020548700206C8700207C
:1094F000288700203887002000B583B001210DF1B6
:109500000700FFF723FF20B19DF8070003B05DF8C7
:1095100004FB4FF0FF30F9E7094B00B583B01B782F
:109520008DF807003BB101210DF10700FFF7B0FDF9
:1095300003B05DF804FB03F0FF0003B05DF804FB2B
:10954000DC870020044B1B7803F0FF020BB1FFF710
:109550009FBD1046704700BFDC8700202DE9F04119
:109560000024DFF8448001230D4D27460D4E88F876
:109570000030337828462035A34204F1010405D099
:10958000FFF760FB030658BF07F50067042CF0D116
:10959000BFF34F8F0023384688F80030BDE8F081D4
:1095A000A07D0020D8870020DA8700202DE9F8432D
:1095B0001D4B1B7813B11D4D2A880AB9BDE8F883ED
:1095C0001B4EC2F500691B4933784A461A4C01EB21
:1095D00043181A4F04EBC324012340463B70214635
:1095E0000023FFF7F5FA04EB0902BFF34F8F4FF0AA
:1095F000E023C3F8704F2034A242FAD8BFF34F8F54
:10960000BFF36F8F03204146FFF7FAFA3378013337
:10961000DBB2032B88BF0023337000232B80BFF302
:109620004F8F3B70BDE8F883DC870020C2870020A5
:10963000D8870020A07D0020003F2020DA8700206E
:109640002DE9F8432D4B1E7866B12D4F3B784BB971
:109650000123F1073B7043D4B20726D400233B70AB
:10966000730701D4BDE8F883264B1A68002AF9D0A5
:10967000EFF30582002AF5D1EFF3108572B6186872
:10968000002834D0204C2178002930D101222270CA
:1096900042691A60002A2ED0916105B962B6002590
:1096A0008368457798472570DCE7DFF8648098F891
:1096B0000030002BD2D00025DFF858902B4659F807
:1096C00023400135236820461B69984710B1636920
:1096D0009B68984798F80020EBB29A42EFD8BDE714
:1096E000FFF7C6FE0028B7D0AFF30080B4E7002D27
:1096F000B8D162B6B6E7054B1A60CEE7DF87002027
:10970000CD870020A87F0020CB870020B47F0020D9
:10971000CC870020B87F002070B5EFF3108272B6BE
:109720000C4C206880B10C4E00254369236073B156
:109730009D6102B962B6836845779847EFF310825E
:1097400072B620680028F0D102B962B670BD3360ED
:10975000EFE700BFB07F0020AC7F0020FFF7DCBF49
:109760000449054A4968054B1960136801331360C1
:10977000704700BF001000E0908700208C87002019
:1097800000230F2248F2B82C194610B54FF470444C
:109790004FF4806EA0F88C414FF46044A0F88E2105
:1097A0000A46A0F89031B0F888319BB243F0F0033C
:1097B000A0F8883101EB4103013100EB4313042988
:1097C0009C80A3F806E05A841A865A805A81A3F82E
:1097D0000EC05A82DA825A83DA83EBD1B0F888312C
:1097E0009BB243F00F03A0F88831B0F888319BB2E8
:1097F00043F47063A0F8883110BD00BF374B384A7E
:10980000996F384841F47F0170B5996741F20106BC
:10981000D3F8801045F6C05543F226040A43C3F836
:109820008020FFF7ADFF00F58040FFF7A9FF00F5AE
:109830008040FFF7A5FF00F58040FFF7A1FF002261
:10984000A0F503104FF00F0E114600EB42134FEA44
:10985000421C01329981042A5981A3F80EE09E82AC
:10986000DD8020F80C1019829C81EED100221E4868
:109870004FF00F0E41F20106114645F6C05543F276
:10988000260400EB42134FEA421C01329981042A5C
:109890005981A3F80EE09E82DD8020F80C10198219
:1098A0009C81EED1002211480F2641F2010511469C
:1098B00045F6C05443F2260E00EB42134FEA421C19
:1098C00001329981042A5981DE819D82DC8020F851
:1098D0000C101982A3F80CE0EED170BD00C00F404F
:1098E000000003FC00C03D4000001E4000401E4040
:1098F000074A506A936A19468446506A936A9942A5
:10990000F9D18445F7D1DB0B43EA4040704700BFF3
:1099100000400D4008B5D0E900325BB1BAB10F4B41
:10992000A3FB0213DB0803EB4303B2EB83030AD16F
:10993000012008BD094BA3FB0213DB0803EB430323
:10994000B2EB830301D0D21A4260F02AF0D802F0C1
:1099500065FC1C22034600201A6008BDABAAAAAA17
:1099600070B5044638B319B1B2FA82F67609A2B9D5
:10997000206800B36268F2B1184B194902FB03F387
:10998000B1EBB30F17D3A368E3B900220123226020
:109990006260A260E260184670BD1D46049BC0E98B
:1099A0000012C360FFF7B6FF03460028F3D06DB97D
:1099B0000123184670BD02F031FC1622002302601C
:1099C000184670BD002102F0BFFBDEE76268314639
:1099D0002068A56002F0B8FB0123DCE7ABAAAAAAC5
:1099E0005555551503460846194602F0FFBB00BF02
:1099F00090F8A32090F8A200101A704790F8A230B7
:109A000090F8A3209A4205D95A1C034480F8A2205A
:109A1000987E70474FF0FF30704700BF90F8A2303B
:109A200090F8A3209A4202D91844807E70474FF0E4
:109A3000FF307047704700BF0346B0F8300178B17F
:109A400093F82F21882A03D9012200205A607047F9
:109A500002F1010C01201A4483F82FC182F8A510ED
:109A6000704700BF38B5B0F830410CB9204638BD5A
:109A700090F82F310546C3F18904A2420DD814464F
:109A800005F1A50022461844FEF79CFA95F82F31FF
:109A90002046234485F82F3138BD01224260EFE78C
:109AA0002DE9F04FD0F814A01524017E8146437EA5
:109AB00083B00AEB0111384A0AEB0313374F097AD6
:109AC00093F8283002EB01150901E86852F801808B
:109AD00002EB0311D5F804B01B01CE68D558CBF8C2
:109AE0000040C8F88400D8F804304A6803432C4981
:109AF0000192C8F804301460C5F884606B68334381
:109B00006B60284B4C683A68A3FB0232920C02EB64
:109B1000820252004B681B1B9A42FBD84FF0090C83
:109B20001F4ADFF880E0D8F80830034202D0AB6863
:109B300033422FD1C5F8886054683968AEFB0131D3
:109B4000890C01EB810153681B1B9942FBD8C5F8B6
:109B5000846054683968AEFB0131890C01EB8101E6
:109B600053681B1B9942FBD8BCF1010CDBD160464A
:109B700099F81830019A0AEB0313DB68CBF8003030
:109B800099F819300AEB031ADAF82C30136003B095
:109B9000BDE8F08F0120EBE7CC4800201C610020DD
:109BA000001000E083DE1B430E4A10B51168046903
:109BB00005E0DB0107D413685B1A102B08D8636932
:109BC00013F0007FF5D14FF4FE430120636110BD17
:109BD000FFF766FF0028FAD04FF4FE4301206361CF
:109BE000F5E700BF908700202DE9F04790F82FA1FE
:109BF0000569BAF1000F4FD081468846FFF7D4FFC0
:109C0000002849D0374E0024376818E06B691905E1
:109C100051D4DA0455D4580559D4990441D4326842
:109C2000D21B322A3DD8544507D9EA6D520704D1D8
:109C30009B0555D4B8F1000F52D0FFF701FD5445F4
:109C4000E4D8EA6D500702F00703DFD413E099F877
:109C5000A5200133022442F48062042B2A661ED020
:109C60008A4503F1010309EB01020ED992F8A52000
:109C7000042B2A66CAD00121002CE8D021460133EA
:109C800001348A4509EB0102F0D8B8F1000FBDD0CC
:109C90004FF400732B66B9E70420BDE8F087012478
:109CA000B4E72B694FF40072042043F440732B6136
:109CB0002A66BDE8F0872B69042043F440732B61CA
:109CC000EBE72B69052043F440732B61E5E72B6933
:109CD0004FF40072022043F440732B612A66DCE7E4
:109CE0000020DAE7908700202DE9F84F83460C46E4
:109CF00015461F46D0F810A0FFF756FF002800F0C9
:109D00009E806100012DDFF83C8140F20146CBB21C
:109D10004FF0000138BF0125D8F800900C461E43D3
:109D2000ABF8A21020E09BF8A330872B3FD9DAF8DC
:109D3000142010055AD412F4105F70D1D8F80030F6
:109D4000A3EB0903322B6AD89BF8A330AB4209D3AB
:109D5000022C07D9DAF85C30590703D193054BD4AC
:109D6000002F49D0FFF76CFC022CDCD8DAF85C300D
:109D700003F007025B07D6D4681E224440F48070CB
:109D80004CB9CAF860600134131B032BCBD8022CEA
:109D9000C9D8002CF5D0012C37D01FB14FF4007377
:109DA000CAF860309BF8A3300324872BBFD8DAF8B9
:109DB0005C2012F4E02FC2F3024CB8D0591C9C4432
:109DC0001933C9B25FFA8CFC5BFA83F3DAF87000DE
:109DD0004A1C61458BF8A310D1B203F8010FA6D03D
:109DE0008929F3D1DAF814201005A4D5DAF8103057
:109DF00043F44073CAF81030DAF85C3013F4E02F03
:109E000006D19BF8A300BDE8F88FCAF86000BAE756
:109E1000DAF8103043F40073CAF81030F1E7DAF8DA
:109E200010304FF4007243F44073CAF81030CAF88F
:109E30006020DAF85C3013F4E02FE2D0E8E7042089
:109E4000BDE8F88F90870020F8B506690446D6F87B
:109E5000145115F4706301D0C6F81431A8070BD55E
:109E6000D6F8702111043ED50023012184F8A230D8
:109E7000234484F8A3109A76EB0710D594F8307138
:109E8000FFB194F82E7194F82F31BB4227D97B1C77
:109E9000274484F82E3197F8A530C6F8603115F4C0
:109EA000407F0DD094F8A30018B1D4F83C3103B131
:109EB00098470023A4F8A230A4F82E3184F830315A
:109EC000F8BDD4F8383103B19847002384F82E3117
:109ED000012384F8303194F82F31BB42D7D80023C6
:109EE000C6F86031DBE794F8A330872BC4D8591C3F
:109EF000C9B2BDE70148FFF7A7BF00BF306100202E
:109F00000148FFF7A1BF00BF706200200148FFF7C2
:109F10009BBF00BFB063002010EE103A40F22A4110
:109F2000C3F30A528A42B7EEC03A32D8B7EE000BFA
:109F30002D4B93ED4A2B93ED481BB0EE417BA2EEE7
:109F4000037B17EE100A37EE417B00F01F0203EB94
:109F5000C20130B492EE037B93ED4C4B53F8324088
:109F60004D6893ED4E6B93ED505BA4EE076B27EEBF
:109F7000074B00210A1905EBC033A5EE070B43EC94
:109F8000172BA6EE040B30BC20EE070BB7EEC00B70
:109F9000704713F5000F20D0B2F5FF6F1AD2DFED36
:109FA000137AB4EEE70AF1EE10FA10DCDFED107A66
:109FB000B4EEE70AF1EE10FA12D4DFED0E7AB4EE49
:109FC000E70AF1EE10FAB1D5002000F015BC002030
:109FD00000F018BC30EE000A70479FED070A70478A
:109FE000002000F003BC00BF800200201772B142C5
:109FF000B4F1CFC2CF8ECEC20000000010EE103AF6
:10A00000C3F30A52B2F5866FB7EEC07A2ED2B7EE1E
:10A01000000B2A4B93ED402B32EE073B13EE100A58
:10A0200033EE423B00F01F0203EBC20130B437EEC7
:10A03000437B93ED424B53F832404D6893ED446BB4
:10A0400093ED465BA4EE076B27EE074B00210A1940
:10A0500005EBC033A5EE070B43EC172BA6EE040B64
:10A0600030BC20EE070BB7EEC00B704713F5000FA6
:10A070001ED0B2F5FF6F18D2B5EEC00AF1EE10FA9D
:10A0800010DCDFED0F6AB4EEE60AF1EE10FA12D939
:10A09000DFED0C6AB4EEE60AF1EE10FAB7D5002057
:10A0A00000F0AABB002000F0ADBB30EE000A704704
:10A0B0009FED050A7047002000F098BB8002002049
:10A0C000000016C3000015C30000000000000000DF
:10A0D00030B410EE103A2DED028BA3F5000110EE16
:10A0E000902AB1F1FE4F10EE104A82B04FEA4201C1
:10A0F0007CD201F1FF3C6FF08070844580F0F780E6
:10A10000002004F1404303F54D03C3F3C342DB0DCC
:10A11000DB05E11ADB1507EE903AB14B03EB0212B7
:10A1200092ED003B04EE101AB7EEE06AB7EEC44AB7
:10A13000BFEE000BA3EE040B93ED443B20EE001B9F
:10A1400093ED464B93ED402BA0EE034B93ED425B1A
:10A1500093ED483BA0EE025B21EE012B92ED028BCA
:10A16000B8EEE77B37EE087BA0EE037BA1EE047B25
:10A17000A5EE027B26EE077B17EE903A48F2BF0170
:10A18000C3F3CF338B4250D2B7EE000B954B93ED18
:10A19000402B37EE023B13EE102A33EE423B02F027
:10A1A0001F01821803EBC10093ED424B37EE437B56
:10A1B00053F83140456893ED446B93ED465BA7EE51
:10A1C000046B27EE074B0023181905EBC231A7EEED
:10A1D000050B41EC170BA6EE040B20EE070BB7EEB8
:10A1E000C00B02B0BDEC028B30BC70474D1E6FF04F
:10A1F0008070854280F0CE8059004D1E854280F0EF
:10A200009280002B55DB0020B4F5000FBFF479AF2E
:10A21000DFED757A07EE103A67EE277A17EE904A6F
:10A2200024F00044A4F138646BE79FED656BB4EE55
:10A23000C67BF1EE10FA15DC9FED636BB4EEC67BC6
:10A24000F1EE10FA20DD4FF04C5388B10193DDEDB3
:10A25000016ABFEE006A76EE666AF4EE466AF1EED7
:10A2600010FA11D002B0BDEC028B30BC00F0CABABB
:10A270000093DDED006AB7EE006A76EE866AF4EED2
:10A28000466AF1EE10FAEDD19FED516BB4EEC67B4C
:10A29000F1EE10FA57D99FED506BB4EEC67BF1EE9C
:10A2A00010FA7FF571AF02B0BDEC028B30BC00F04C
:10A2B000A3BAC2F3C7517E2911DD962954DC0120CF
:10A2C000C1F1960100FA01F1481E104207D1114276
:10A2D00014BF01200020000424F0004494E700EEA5
:10A2E000103A02B0BDEC028B30BC00F0A3BA0029DA
:10A2F00052D0B3F17E5F2CD06400B4F17F4F2ED8E2
:10A30000B1F17F4F2BD1B4F1FE4F4BD0B4F1FE4FE2
:10A310006FEA020234BF00240124D20F94424CD0D1
:10A320009FED320A5DE7002B20EE000A1EDB0020C5
:10A3300000293AD1002ABFF654AF02B0BDEC028B1F
:10A3400030BC00F065BA02B0BDEC028B30BC00F04E
:10A350004DBA82F48002520012F5000F22D907EEA6
:10A36000903A37EEA00A3CE70020B5E7C2F3C753A6
:10A37000A3F17F001728DAD8C3F19600012303FA6E
:10A3800000F0441E1442D2D11040D1D0B1EE400AA8
:10A390001846CDE70029AFD184F48002520012F5AF
:10A3A000000FDCD8B7EE000A1BE7002ABFF619AF92
:10A3B000F7EE007A87EE800A13E720EEA00A10E796
:10A3C00071D5D1FFFFFF5F40E2AAA3FFFFFF5F400F
:10A3D0000000000000C062C00000000000A062C0D9
:10A3E000C8030020800200200000004B0000000095
:10A3F00030B510EE104AC4F30A53B3F57D7FB7EEC3
:10A40000C06A83B01BD226EE065BB3F5667F6ED3BF
:10A4100026EE052B25EE021B734B93ED1A3B93EDB5
:10A42000187B93ED164BA5EE037BA2EE046BB0EE0A
:10A43000460BA7EE010BB7EEC00B03B030BD40F2E8
:10A440002E4293425ED8684991ED087B26EE077B49
:10A45000FDEEC77B91ED0A5B17EE903A03F5000322
:10A460001B1613F0020F07EE903A01F1700208BFBD
:10A470000A46D807B8EEE77BA7EE456B26EE067BCB
:10A480001BD403F0030301EBC30192ED1A4B91EDD2
:10A49000002B92ED185B26EE026B92ED163BA7EEB9
:10A4A000045B26EE074B27EE047BA4EE036BA5EEC0
:10A4B000076BB7EEC60B03B030BD92ED142B27EE41
:10A4C000075B92ED126B92ED0E3BA7EE026B92EDE5
:10A4D0000C0B92ED104BA7EE030B27EE057BA5EEC0
:10A4E000040BA6EE070BB7EEC00B03B030BD220D78
:10A4F00012F4FF6FDFD1B7EEC55B00EE104A8DEDB1
:10A50000015AD8E7B3F5FF6F4BD2384BC4F38362DF
:10A5100003EB820053F822200569C4F31603C4F349
:10A52000C25143F400038B40016A03FB02F2A3FB18
:10A530000110E3FB050202F100518D0F01F04041D3
:10A54000511A01F00FFB2A4B9FED257B05EBD474CC
:10A5500041EC160B14F0020FA3F1700208BF134672
:10A56000E90726EE077B27EE076B1FD404F00304F0
:10A5700002EBC40293ED1A4B92ED002B93ED185BA6
:10A5800027EE027B93ED163BA6EE045B27EE064B0F
:10A5900026EE046BA4EE037BA5EE067BB7EEC70B9D
:10A5A00089E703B0BDE8304000F044B993ED142BC7
:10A5B00026EE065B93ED127B93ED0E3BA6EE027B3F
:10A5C00093ED0C0B93ED104BA6EE030B26EE056BF3
:10A5D000A5EE040BA7EE060BB7EEC00B6BE700BFB2
:10A5E000182D4454FB21193CF00400206C48002035
:10A5F000600500200000000038B510EE104AC4F3DA
:10A600000A53B3F57D7FB7EEC07A1ED227EE077BE3
:10A61000B3F5667F6FD327EE071B634B93ED142BC7
:10A6200093ED125B93ED0E3BA7EE025B93ED0C0BEB
:10A6300093ED104BA7EE030B27EE017BA1EE040B6D
:10A64000A5EE070BB7EEC00B38BD40F22E42934289
:10A6500054D8554991ED086B27EE066BFDEEC66B9D
:10A6600091ED0A5B16EE903A03F500031B1613F00A
:10A67000020F06EE903A01F1700208BF0A46D807B1
:10A68000B8EEE66BA6EE457B27EE076B1AD503F016
:10A69000030301EBC30191ED002B92ED1A4B92EDF8
:10A6A000185B92ED163BA6EE045B27EE027B27EECD
:10A6B000064B26EE046BA4EE037BA5EE067BB7EEFD
:10A6C000C70B38BD92ED142B92ED127B92ED0E3B31
:10A6D00092ED0C0B92ED104B26EE065BA6EE027B84
:10A6E000A6EE030B26EE056BA5EE040BA7EE060BFC
:10A6F000B7EEC00B38BDB7EE000A38BDB3F5FF6F3B
:10A700003DD22A4BC4F3836203EB820053F822202C
:10A710000569C4F31603C4F3C25143F400038B402C
:10A72000016A03FB02F2A3FB0110E3FB050202F145
:10A7300000518D0F01F04041511A01F013FA1C4BEA
:10A740009FED177B05EBD47441EC160B14F0020F50
:10A75000A3F1700208BF1346E90726EE077B27EE38
:10A76000076B10D504F0030402EBC40292ED002B3A
:10A7700093ED1A4B93ED185B93ED163B93E7BDE811
:10A78000384000F057B893ED142B93ED127B93ED06
:10A790000E3B93ED0C0B93ED104B9DE7AFF3008058
:10A7A000182D4454FB21193CF00400206C48002073
:10A7B0006005002010B582B08DED010A044601F05D
:10A7C0002DFD9DED010A046002B010BD30B1F1EE27
:10A7D000407A27EE800A2220FFF7ECBFF0EE407AA5
:10A7E00027EE800A2220FFF7E5BF00BF9FED010A98
:10A7F000FFF7ECBF000000109FED010AFFF7E6BF76
:10A800000000201A9FED010AFFF7E0BF0000007072
:10A810009FED070AFFEE007AB7EE007A00284FF0AE
:10A82000220047FE277A87EE800AFFF7C3BF00BFEA
:10A830000000000070EE407AB4EE400A87EEA77A7E
:10A84000F1EE10FAB0EE470A02D62120FFF7B2BFB0
:10A85000704700BF08B52DED028BB0EE408A00F0C6
:10A860009FF9B4EE488AF1EE10FA06D6DFED098AB8
:10A87000B4EEE88AF1EE10FA02D4BDEC028B08BD0A
:10A8800001F0CCFC88EEA80ABDEC028B212303600A
:10A8900008BD00BF0000000010EE103A114A23F07E
:10A8A0000043934218DDB3F1FF4F02DB30EE400A64
:10A8B000704700B583B0684600F076F9400000F0BC
:10A8C0000200DDED010A9DED000AC0F1010000F07B
:10A8D00087F803B05DF804FBDFED030A012000F008
:10A8E0007FB800BFDA0F493F0000000030B52DED02
:10A8F000028B83B08DED010A019C24F00043B3F17B
:10A90000FF4F10DB324B002C93ED007AD3ED007A31
:10A9100039DBF0EE406A87EE260A30EE270A03B0F4
:10A92000BDEC028B30BD2B4A93420FDD284A2A4BE7
:10A9300092ED000AD3ED007A30EE670A002CB8BF22
:10A94000B1EE400A03B0BDEC028B30BDB3F1105F35
:10A9500023DBB3F17E5F214D29DB00F089FBD5EDD0
:10A96000007A20EE270A00F04FFA194BD3ED007A57
:10A97000D5ED006A95ED007A37EE000A86EE807A12
:10A9800037EEC70ADAE7DDED016A87EE260A30EE18
:10A99000670A03B0BDEC028B30BD0D4BDDED017AD3
:10A9A00093ED000A30EE270A20EE270AB7E795ED6F
:10A9B000008A00F05DFB28EE400A00F025FA95EDD4
:10A9C000007A37EE007AF1EE407A87EE870AB5E733
:10A9D0009C760020FFFFAF41A0760020A4760020E7
:10A9E00008B510EE103A23F00042B2F1465FF0EEE7
:10A9F000407A0FDABDEEC07A17EE101AF9B9431C8F
:10AA0000134300F09F80012803D0BFEE007A87EE49
:10AA1000270A08BD50498A4211DB9FED507ADFEDCD
:10AA2000506A002BBCBFF1EE600AF1EE407A77EE7F
:10AA3000677A36EEE07ADFED4B0A77EE277A67EE3B
:10AA4000A76ADFED494ADFED495A9FED495A9FED6C
:10AA5000496A414926EEA67A8A42E7EE245AA7EED1
:10AA6000056ADFED454A9FED455AE5EE874AA6EEB9
:10AA7000075ADFED435A9FED436AE4EE875AA5EE8D
:10AA8000076ADFED414A9FED415AE5EE874AA6EE9F
:10AA9000075A9FED3F6ADFED3F5AA4EE876AE5EE65
:10AAA000075AB0EE467AA5EEA67A27EEA65AB0EE81
:10AAB000606AA7EE056ADFED384AE6EE260AE5EEA3
:10AAC000240A37EEA00A1FDA0128A2D0BFEE007ACE
:10AAD000C7EE006A314B10EE102A1A4006EE102A1B
:10AAE00016EE902A76EE677A134000EE103AB7EE33
:10AAF000007A70EEE70AF0EE477AE6EE007AE0EED2
:10AB0000807AA7EEA60A08BD07EE100AB8EEC77A4B
:10AB100060EE006A30EE070A9B1786EE806A03F04B
:10AB20000203C3F10103F0EE005A36EE606A06EE4E
:10AB3000903A77EEC67AF8EEE66AA7EEE57A26EE68
:10AB4000870A08BD00F094FAB7EE007AF0EE407A7A
:10AB500087EE270A08BD00BF40A12C3FDA0F493F0E
:10AB600068212233000000005FAE9BB745F4A33894
:10AB70008453D9377AC09538C8261A3AB9378139FB
:10AB800016696B3B48DEBE3AA427B33C1F37113C25
:10AB90008988083ED10D5D3DABAAAA3E00F0FFFFBB
:10ABA000B1EEC00A704700BF70B510EE103A884A87
:10ABB00023F00044944286B0054670DD854A9442F5
:10ABC00010EE106A22DC002BDFED837A834A24F03A
:10ABD0000F04B0EE407A40F3E280944270EE677A60
:10ABE00009BFDFED7F6A9FED7F7A9FED7F7A77EE79
:10ABF000E67A012077EEC76A77EEE67AC5ED006A5D
:10AC000077EEC77AC5ED017A06B070BD774A9442F7
:10AC100054DDB4F1FF4F49DAE215863AA4EBC25392
:10AC200007EE903ABDEEE77ADFED716AB8EEC77ACB
:10AC300077EEC77A8DED037A67EEA67ABDEEE77AF6
:10AC4000B8EEC77A77EEC77A8DED047A67EEA67A0A
:10AC5000F5EE407AF1EE10FACDED057A40F08E80F7
:10AC6000B5EE407AF1EE10FA14BF022301236149D8
:10AC700001910221009103A8294600F001FA002E5B
:10AC8000C2DA95ED007AD5ED017AB1EE477AF1EEB0
:10AC9000677A85ED007AC5ED017A4042B4E700227B
:10ACA00085ED000A4260002006B070BD70EE407A6B
:10ACB0000020C5ED017AC5ED007AA5E700F0D8F9CE
:10ACC0009FED4D7A9FED446AF6EE007AE0EE077A4A
:10ACD0009FED447AFDEEE77A17EE900AF8EEE76A08
:10ACE0001F28A6EEC60A66EE877AB1EE666A1EDCFB
:10ACF000424A411E24F0FF0352F82120934216D00D
:10AD000030EE677A85ED007A30EE470A002E30EE9D
:10AD1000670A85ED010ABFF677AFB1EE477AB1EE6B
:10AD2000400A85ED007A85ED010A40426CE730EE7D
:10AD3000677AE21517EE103AC3F3C753C3EBD45347
:10AD4000082BDFDD9FED267A9FED275AF0EE405A63
:10AD5000E6EE075A70EE657AE6EE077AD6EE857A69
:10AD600035EEE77A17EE103AC3F3C753D21A192A11
:10AD700006DCB0EE650A85ED007AC5E7032376E7C9
:10AD80009FED1F7A9FED1F5AB0EE650AA6EE070AE7
:10AD900075EEC07AE6EE077AD6EE857AB0E7944291
:10ADA00070EE277A09BFDFED0E6A9FED0E7A9FEDF8
:10ADB0000E7A77EEA67A4FF0FF3077EE876A77EE5D
:10ADC000E67AC5ED006A77EE877AC5ED017A1BE772
:10ADD000D80F493FE3CB1640800FC93FD00FC93F82
:10ADE000004435374344353708A3852E800F494347
:10ADF00000008043745C002084F9223F485000200A
:10AE000000A3852E32318D2410EE102A894922F0BC
:10AE100000438B422AD9B3F1FF4F7ED800F0D68091
:10AE2000002AC0F28A80844A934200F2F0809FEDAB
:10AE3000837A20EE077AF6EE007A77EE877A9FED36
:10AE4000806ADFED806AFDEEE77AB8EEE77A17EE0A
:10AE5000903AF0EE407AE7EE467A27EE267A37EE21
:10AE6000C70A77EEC07A77EEC77A07E076498B4259
:10AE700056D8B3F14C5FC0F082800023B6EE003AA2
:10AE800020EE034ADFED716A9FED716ADFED714AD2
:10AE90009FED715A20EE047AF7EE003AA7EE266A8B
:10AEA000DFED6E6AE6EE074AB0EE086AE4EE876A06
:10AEB000F1EE085AA6EE875AF0EE636AE5EE076AED
:10AEC000A4EE666AE0EE465A36EEC66AC6EE256A1B
:10AED00066EE876A002B4DD076EEE76A5A1CD6EEF6
:10AEE000807A77EEC77A63D0012B51D05A1C392A69
:10AEF00033D8162B70DC4FF080721A41C2F17E52AB
:10AF000007EE102A77EEC07A77EE677A17EE902A6E
:10AF100002EBC35300EE103A704730EE000A704760
:10AF20004F498B4279D8002ADFED457A47DB9FED08
:10AF3000457A70EE677A012391E7DFED4A7A70EE89
:10AF4000277AF5EEC07AF1EE10FA63D49FED3B7AE2
:10AF5000FEEE007A20EE077A6FE777EEC07A73EEA6
:10AF6000E77A17EE902A02EBC35307EE903A37EEDA
:10AF7000E30A704790EE267A30EE470A7047DFED1D
:10AF80003A7A70EE277A77EEE77A30EE670A704702
:10AF9000BDEE007AB4EEC70AF1EE10FA2ED530EE0F
:10AFA000033AB8EE000A77EEC37A27EE800A7047BC
:10AFB00070EE677ABEEE000AA7EE830A70479FED37
:10AFC0002B7A70EE277A4FF0FF3348E7FFEE007AD6
:10AFD000002A20FE270A7047C3F17F02D20507EE40
:10AFE000102A77EE877A70EE677A77EEA37A17EEFB
:10AFF000902A02EBC35300EE103A704770EE677A66
:10B00000B0EE007AE7EE873AB0EE630A70470020B0
:10B01000FFF7F8BBBFEE000A70479FED087AF6EE27
:10B02000007AFEEE006A002A20EE077A67FEA67A12
:10B0300003E700BF43B895411772B1423BAAB83F3E
:10B040008071313FD1F717371872B13EBBED57B45D
:10B05000547E8636CD70A6B8898808BD010DD03AD9
:10B060009115853F6042A20DCAF24971D1F717B719
:10B0700010EE103A23F0004300EE103A704700BF84
:10B080002DE9F04F2DED048BDBB01C4603930691A8
:10B09000A04B6899089253F82150111D824604F183
:10B0A000FF38C0F29882D31E48BF131DDB100293F5
:10B0B0000133DB000793DDE907239B1A0593029B0D
:10B0C00015EB0801A3EB080316D401319FED927A2A
:10B0D000699819441EAA002BA4BF50F8234007EE1C
:10B0E000904A03F10103ACBFF8EEE77AF0EE477A3D
:10B0F0008B42E2EC017AEED1002DC0F2DB82039BA1
:10B100001EAA02EB830446AE4FEA830C4046EF18BA
:10B110000AEB8301B8F1000FDFED7F7A09DB2246ED
:10B120005346F3EC016A32ED017A8B42E6EE877A00
:10B13000F7D10130B842E6EC017A04F10404E9D118
:10B140000AAF07EB8503043B9FED759ADFED738A29
:10B15000059804930AEB0C0407EB850946AE0095AD
:10B160005AAB03EB8503002D13ED140A4FEA850B50
:10B1700016DD06EB85033A4660EE097AB0EE407ABA
:10B18000FDEEE77A73ED016AF8EEE77AB342A7EED7
:10B19000E87A37EEA60ABDEEC77AA2EC017AEBD1C7
:10B1A000019000F0DFFAB0EE408AB4EE000A28EE1B
:10B1B000000A00F091FAF2EE007AA0EE678A019898
:10B1C0000028FDEEC89AF8EEE97A38EE678A76DD57
:10B1D00005F1FF3EC0F1080357F82E2042FA03FCA8
:10B1E0000CFA03F3D31AC0F1070119EE902A47F8BD
:10B1F0002E300B416244002B09EE902A67DCB5EE3D
:10B20000408AF1EE10FA40F0BE80009A05F1FF3B53
:10B210005A450EDC4FEA850C07EB850200219E465D
:10B2200052F8043D4A4541EA0301F9D1002940F0B2
:10B23000F180009B013B57F82330002B40F0E68063
:10B24000049B4FF0010C53F8042D0CF1010C002A63
:10B25000F9D06B1CAC449E460299039A01EB030B98
:10B260000BF1804B69992A440BF1FF3B06EB8305F8
:10B270001EAB01EB8B0B03EB8201DBED017A9FED43
:10B28000267AF8EEE77AB8F1000F0BF1040BC1ED66
:10B29000007A0A4601F1040109DB534601E072ED30
:10B2A000017AF3EC016AA342A6EEA77AF7D10EF178
:10B2B000010EE645A5EC017ADFDD654650E740F07A
:10B2C0009B806B1E57F82330DB11002B97DD19EEA6
:10B2D000902A002D02F1010209EE902A40F391819B
:10B2E000396800297ED1012D26D03A464FF0010C55
:10B2F00052F8041F002979D00CF10102C1F58071C8
:10B30000954247F82C1016DD57F82210BB4407EB86
:10B3100082020AE03C4C0020000000000000804354
:10B320000000803B0000C93F1168C1F1FF0142F8F5
:10B33000041B5A45F8D1012100280CDD012800F03A
:10B340004181022807D105F1FF3C57F82C2002F07B
:10B350003F0247F82C20022B7FF451AFB7EE000AD2
:10B3600030EE488A00293FF44AAF0993019000F07B
:10B37000F9F938EE408A099B0198B5EE408AF1EE62
:10B3800010FA3FF442AF9846DDE90732B0EE480AC2
:10B39000981A0195009D00F0E5F91FED207A019BB8
:10B3A000B4EEC70AF1EE10FAC0F255815FED247ACF
:10B3B000059A60EE277A0832FDEEE77A0592F8EEFC
:10B3C000E77A03F1010BA7EEC70AFDEEE77ABDEEBF
:10B3D000C00A10EE102A47F8232017EE903A47F8DB
:10B3E0002B302BE001224FF0000C87E70CF1010C11
:10B3F000AC457FF47DAF9FE7F6EE007AB4EEE78AC6
:10B40000F1EE10FA80F2EC800023F8E66B1C9E4609
:10B410009C4621E7059B009DA3F1080257F82B30BD
:10B420000592F04653B9ACF104033B4453F8041DB4
:10B430000BF1FF3B083A0029F8D005920598B7EECA
:10B44000000A00F08FF9BBF1000FC0F229810BF167
:10B45000010646AA1FED4E7A4FEA860C07EB8603DB
:10B4600002EB860273ED017AF8EEE77ABB4267EEF3
:10B47000807A20EE070A62ED017AF3D1ACF1040381
:10B4800046AA002D1FED596A02EB03044FF000009D
:10B4900022DB8F49DFED8F7AB0EE467A2246002319
:10B4A00003E0984208DBB1EC017AF2EC016A013367
:10B4B0009D42E6EE877AF4DA5AAB03EB80035845F7
:10B4C00043ED287A4FEA800100F10102A4F104045F
:10B4D00005D0002D1046DCDADFED7E7AECE7689AC5
:10B4E000022A1DDC002A00F38E8010D132ABDFED82
:10B4F000797A9C443CED017A634577EE877AF9D1FD
:10B5000043460BB1F1EE677A069BC3ED007A19EE64
:10B51000903A03F007005BB0BDEC048BBDE8F08F00
:10B52000689A032AF3D1BBF1000F00F0CB8032A858
:10B5300013ED287A00EB8B020BF1804372ED017A58
:10B54000F0EE476A37EE277A904277EEC77A82EDBF
:10B55000007A77EEA67AC2ED017AEFD1BBF1010F46
:10B5600040F3B08001F5B4720DEB020111ED287AC1
:10B570009A0033A900EB830373ED017AF0EE476A7A
:10B5800037EE277A994277EEC77A83ED007A77EE25
:10B59000A67AC3ED017AEFD1131DDFED4E7A034495
:10B5A000083033ED017A984277EE877AF9D1434635
:10B5B000002B58D10699329A339B0A604B60C1ED3B
:10B5C000027AA4E705F1FF3C57F82C2002F07F0235
:10B5D00047F82C20BFE608230793002302936AE56F
:10B5E00019EE903A002D03F1010309EE903AC8BF1D
:10B5F00002233FF775AEF7EE007A37EEC88A0223D2
:10B60000FDE5002198E632ABDFED327A03EB8606EA
:10B6100036ED017AB34277EE877AF9D143469DED54
:10B62000327A93BB069BBBF1000FC3ED007A77EE35
:10B63000677A0CDD33AA0123B2EC017A01339B4512
:10B6400077EE877AF8DA43460BB1F1EE677A069B1C
:10B65000C3ED017A5BE7BDEEC00A9B4610EE102AEF
:10B6600047F82320EAE6DDED326A9DED337A069B4A
:10B67000F1EE666AB1EE477AF1EE677AC3ED006AE1
:10B6800083ED017AC3ED027A41E7069BF1EE676A2A
:10B69000BBF1000F77EE677AC3ED006ACADCD4E72E
:10B6A000689B022B0ADC002B0FDC7FF430AFDFED50
:10B6B000097A25E7039B4FEA830C41E5689B032B3E
:10B6C0007FF425AFDFED037A71E7DFED027AA5E7BE
:10B6D0003C0600200000000010EE102AC2F3C75301
:10B6E0007F3B162B22F000412ADC002B10EE100AC3
:10B6F00018DB194919410A4221D0DFED187A70EEA2
:10B70000277AF5EEC07AF1EE10FA18DD002A04DA95
:10B710004FF4000242FA03F3184420EA010300EE5A
:10B72000103A7047DFED0D7A70EE277AF5EEC07AA9
:10B73000F1EE10FA03DD002A08DB9FED090A7047DD
:10B74000B1F1FF4FFBD330EE000A7047FFEE007AF5
:10B75000002900FE270A7047FFFF7F00CAF24971E7
:10B760000000000010EE103A33F0004110EE102AF5
:10B7700027D0B1F1FF4F21D213F0FF4F22D1DFEDDF
:10B780002B7A2B4A60EE277A904217EE903A33DB01
:10B790004CF2503CC3F3C751604517EE902AA1F11B
:10B7A000190115DDDFED237ADFED236AB0EE677A4C
:10B7B000002B67FEA67A27EE870A704730EE000A54
:10B7C000704770474CF2503C60454FEAD151E9DC7C
:10B7D0000144FE29E6DC002915DC11F1160F19DB06
:10B7E000193122F0FF4242EAC15207EE902A9FED42
:10B7F000130A27EE800A7047DFED117A07EE103A40
:10B8000027EE270A704722F0FF4242EAC15300EEBA
:10B81000103A7047DFED0A7ADFED0A6AB0EE677A18
:10B82000002B67FEA67A27EE870A70470000004CBF
:10B83000B03CFFFFCAF24971CAF249F1000000337F
:10B840006042A20D6042A28D81F0004102E000BF83
:10B8500083F0004330B54FEA41044FEA430594EAD0
:10B86000050F08BF90EA020F1FBF54EA000C55EA0B
:10B87000020C7FEA645C7FEA655C00F0E2804FEADC
:10B880005454D4EB5555B8BF6D420CDD2C4480EABE
:10B89000020281EA030382EA000083EA010180EAEE
:10B8A000020281EA0303362D88BF30BD11F0004F3C
:10B8B0004FEA01314FF4801C4CEA113102D0404272
:10B8C00061EB410113F0004F4FEA03334CEA1333AD
:10B8D00002D0524263EB430394EA050F00F0A780C5
:10B8E000A4F10104D5F1200E0DDB02FA0EFC22FAC0
:10B8F00005F2801841F1000103FA0EF2801843FAB4
:10B9000005F359410EE0A5F120050EF1200E012AA4
:10B9100003FA0EFC28BF4CF0020C43FA05F3C018E2
:10B9200051EBE37101F0004507D54FF0000EDCF15B
:10B93000000C7EEB00006EEB0101B1F5801F1BD304
:10B94000B1F5001F0CD349085FEA30004FEA3C0C08
:10B9500004F101044FEA445212F5800F80F09A80FE
:10B96000BCF1004F08BF5FEA500C50F1000041EB02
:10B97000045141EA050130BD5FEA4C0C404141EB06
:10B980000101013C28BFB1F5801FE9D291F0000F01
:10B9900004BF01460020B1FA81F308BF2033A3F1B0
:10B9A0000B03B3F120020CDA0C3208DD02F1140CA7
:10B9B000C2F10C0201FA0CF021FA02F10CE002F1E2
:10B9C0001402D8BFC2F1200C01FA02F120FA0CFCDB
:10B9D000DCBF41EA0C019040E41AA2BF01EB045124
:10B9E000294330BD6FEA04041F3C1CDA0C340EDC22
:10B9F00004F11404C4F1200220FA04F001FA02F365
:10BA000040EA030021FA04F345EA030130BDC4F122
:10BA10000C04C4F1200220FA02F001FA04F340EA17
:10BA20000300294630BD21FA04F0294630BD94F0C8
:10BA3000000F83F4801306BF81F480110134013DAF
:10BA40004EE77FEA645C18BF7FEA655C29D094EA20
:10BA5000050F08BF90EA020F05D054EA000C04BF9E
:10BA60001946104630BD91EA030F1EBF0021002089
:10BA700030BD5FEA545C05D14000494128BF41F028
:10BA8000004130BD14F580043CBF01F5801130BD8C
:10BA900001F0004545F0FE4141F470014FF0000017
:10BAA00030BD7FEA645C1ABF194610467FEA655CC8
:10BAB0001CBF0B46024650EA013406BF52EA03356A
:10BAC00091EA030F41F4002130BD00BF90F0000F58
:10BAD00004BF0021704730B54FF4806404F1320494
:10BAE0004FF000054FF0000150E700BF90F0000F4D
:10BAF00004BF0021704730B54FF4806404F1320474
:10BB000010F0004548BF40424FF000013EE700BF43
:10BB100042004FEAE2014FEA31014FEA02701FBFD3
:10BB200012F07F4393F07F4F81F06051704732F005
:10BB30007F4208BF704793F07F4F04BF41F400215C
:10BB4000704730B54FF4607401F0004521F00041BA
:10BB50001CE700BF50EA010208BF704730B54FF044
:10BB600000050AE050EA010208BF704730B511F045
:10BB7000004502D5404261EB41014FF4806404F17D
:10BB800032045FEA915C3FF4D8AE4FF003025FEA03
:10BB9000DC0C18BF03325FEADC0C18BF033202EB87
:10BBA000DC02C2F1200300FA03FC20FA02F001FAE1
:10BBB00003FE40EA0E0021FA02F11444BDE600BF84
:10BBC000024B0146186800F003B800BF84760020DD
:10BBD0002DE9F04F01F10B06162E83B0044624D850
:10BBE000102900F2BA8000F0A3FA102618220220D1
:10BBF000B54F3A44A2F1080153688B4200F0BA8075
:10BC00005A68D96822F003021A449D68E9608D6081
:10BC1000516841F001012046516003F1080500F030
:10BC20008DFA284603B0BDE8F08F36F0070600F124
:10BC30009480B14200F2918000F07AFAB6F5FC7F70
:10BC4000C0F09A81730A00F08F80042B00F26F819C
:10BC5000B30903F1390003F1380CC3009A4F3B4498
:10BC6000A3F108055B689D4206D10CE0002980F233
:10BC70002781DB689D4206D05A6822F00302911B9F
:10BC80000F29F3DD60463D69DFF850C265457CD081
:10BC90006A6822F00302931B0F2B00F37B81002BB9
:10BCA000C7E904CC80F26C81B2F5007F80F01A8184
:10BCB000D308796801334FEA521E012202FA0EF2CC
:10BCC0000A4357F833E0C5F808E007EBC301083929
:10BCD000E9607A6047F83350CEF80C5083100121A8
:10BCE0009940914257D8114206D120F003004900F3
:10BCF000114200F10400FAD007EBC0094D46864618
:10BD0000D5F80C80454508D11DE1002B80F2248137
:10BD1000D8F80C80454500F01681D8F8042022F0B0
:10BD20000302931B0F2BF0DD2046D8E9025408EBE9
:10BD3000060146F00106C8F80460EC60A56043F017
:10BD40000104C7E90411C1E902CC4C6048F8023093
:10BD500000F0F4F908F1080502E00C232360002547
:10BD6000284603B0BDE8F08F4FF4007340204FF039
:10BD70003F0C73E7D3689A4208BF02307FF440AFAC
:10BD80003D69DFF858C1654582D17A688310012189
:10BD900099409142A7D9BD686B6823F003094E45CD
:10BDA00003D8A9EB06030F2B7ADCDFF834B1474B3D
:10BDB000DBF800201B680132334405EB090A00F070
:10BDC000338103F580530F3323F47F6828F00F0885
:10BDD0004146204600F010FA411C024600F0F38074
:10BDE000824500F2EE803A4B1968414419600846DA
:10BDF00000F04E81DBF80010019301311BBFA2EB74
:10BE00000A010918CBF80020196012F0070B00F0A6
:10BE10001781CBF108010A44CBF5805190440831D9
:10BE2000A1EB0801C1F30B0A51462046009200F035
:10BE3000E3F9421CDDE9002300F04F81801A00EB9A
:10BE40000A081968BA6048F001005144BD425060C8
:10BE5000196000F02981B9F10F0F40F2278168685D
:10BE6000A9F10C0C2CF0070C00F0010040EA0C00CA
:10BE700068604FF0050E05EB0C00BCF10F0FC0E938
:10BE800001EE00F2328150681546124B1A688A4260
:10BE900038BF1960104B1A688A4238BF196094E0A5
:10BEA000AA1943F0010346F001066E602046BA600D
:10BEB000536000F043F90835284603B0BDE8F08F21
:10BEC000D9681A44A1E600BF74720020A48500203E
:10BED000748500209C850020A08500207C720020B5
:10BEE0007C760020B2F5206F4FEA522363D3142BE7
:10BEF00000F2B78003F15C01C9005B3307EB010E70
:10BF00007958AEF1080E8E4500F091804B6823F011
:10BF10000303934202D989688E45F7D1D1F80CE02A
:10BF20007A68C5E9021ECEF80850CD60D6E6142B1B
:10BF300059D9542B00F29D80330B03F16F0003F1AC
:10BF40006E0CC3008AE60EF1010E1EF0030F05F120
:10BF500008057FF4D5AE51E0424445465368D8F811
:10BF60000C1043F00103536055F8083F2046D96098
:10BF70008B6000F0E3F8F3E6F00806F1080237E61C
:10BF80002A442046536843F001035360083500F00B
:10BF9000D5F8E5E6A919204646F0010643F001046C
:10BFA0006E60C7E90411C1E902CC4C60AB5000F0EF
:10BFB000C5F80835D4E6930903F13901C9003833CF
:10BFC0009CE7BD425FD0BD68686820F00308464525
:10BFD000A8EB060302D80F2B3FF762AF204600F014
:10BFE000ADF80025BCE603F15C0003F15B0CC30077
:10BFF00034E659F808394B4540F0968010F0030FAD
:10C0000000F1FF30F5D17B6823EA01037B60490032
:10C0100099423FF6C0AE19B9BDE649000EF1040ED3
:10C020001942FAD0704667E603F11008D0E69A107C
:10C030004FF001087B6808FA02F21A437A6070E751
:10C0400002EB08014942C1F30B0A51462046009217
:10C0500000F0D2F8431CDDE900237FF4EFAEDA46AE
:10C06000EFE6542B25D8130B03F16F01C9006E3393
:10C0700044E7B3F5AA7F25D8F30B03F1780003F169
:10C08000770CC300EAE5294B186840441860B1E614
:10C09000CAF30B0CBCF1000F7FF4ACAEBD68C84412
:10C0A00048F001006860F0E61546EEE601235360B3
:10C0B00094E7B3F5AA7F23D8D30B03F17801C90025
:10C0C00077331BE740F25452934223D8B30C03F169
:10C0D0007D0003F17C0CC300C0E5ABF1080BD84434
:10C0E000A8EB02084FF0000AABE605F10801204674
:10C0F000009300F0D7F9BD68009B68681968C4E632
:10C1000040F254518B420BD8930C03F17D01C900CE
:10C110007C33F3E64FF47E737F204FF07E0C9DE579
:10C120004FF47E717E23E9E67B6870E7748500201A
:10C13000014800F09DB800BF70850020014800F064
:10C1400099B800BF70850020830730B548D0541ED1
:10C15000002A3FD0CAB2034601E0013C3AD303F8BB
:10C16000012B9D07F9D1032C2DD9CDB245EA052528
:10C170000F2C45EA054536D9A4F1100222F00F0C28
:10C1800003F1200EE6444FEA121C03F1100242E9CB
:10C19000045542E9025510327245F8D10CF1010202
:10C1A00014F00C0F03EB021204F00F0C13D0ACF1DF
:10C1B000040323F003030433134442F8045B934263
:10C1C000FBD10CF003042CB1C9B21C4403F8011BD1
:10C1D0009C42FBD130BD64461346002CF4D1F9E7F4
:10C1E00003461446BFE71A46A446E0E713460A464C
:10C1F0000146022000F0C2B838B5074D00220446BF
:10C2000008462A60FCF772F8431C00D038BD2B6842
:10C21000002BFBD0236038BDF0860020014B18684E
:10C22000704700BF8476002070B50D4E0D4D761B13
:10C23000B61006D0002455F8043B01349847A642B6
:10C24000F9D1094E094D761B00F03AFAB61006D026
:10C25000002455F8043B01349847A642F9D170BD3B
:10C26000B0200060B0200060C0200060B0200060FE
:10C27000704700BF704700BF0000000000000000D2
:10C2800000000000000000000000000000000000AE
:10C29000000000000000000000000000000000009E
:10C2A00090F800F06DE9024520F007016FF0000CF6
:10C2B00010F0070491F820F040F049804FF000049E
:10C2C0006FF00700D1E9002391F840F000F1080079
:10C2D00082FA4CF2A4FA8CF283FA4CF3A2FA8CF3B1
:10C2E0004BBBD1E9022382FA4CF200F10800A4FA18
:10C2F0008CF283FA4CF3A2FA8CF3E3B9D1E904236C
:10C3000082FA4CF200F10800A4FA8CF283FA4CF3A2
:10C31000A2FA8CF37BB9D1E9062301F1200182FA5C
:10C320004CF200F10800A4FA8CF283FA4CF3A2FA62
:10C330008CF3002BC6D0002A04BF04301A4612BA70
:10C34000B2FA82F2FDE8024500EBD2007047D1E973
:10C35000002304F00305C4F100004FEAC50514F002
:10C36000040F91F840F00CFA05F562EA05021CBFD3
:10C3700063EA050362464FF00004A9E72DE9F047A0
:10C38000DFF87CA00646DAF8000098460F46914692
:10C39000FFF76EFF184B1C6824B365681F2D24DC63
:10C3A0005EB96B1C0235DAF80000636044F8257052
:10C3B000FFF760FF0020BDE8F08704EB8501012353
:10C3C000C1F88890D4F88821AB401A43022EC4F8F3
:10C3D0008821C1F80881E4D1D4F88C211A43C4F82B
:10C3E0008C21DEE7054C1C60D7E7DAF80000FFF788
:10C3F00041FF4FF0FF30DEE7D8830020DC830020D0
:10C4000068720020F8B5244F0C460646FFF790FEF0
:10C41000BB685D68C4F57E610F3125F003054B19DB
:10C4200023F47F6323F00F03A3F58054B4F5805FFA
:10C4300007DB00213046FFF7DFFEBB682B44984244
:10C4400004D03046FFF77AFE0020F8BD6142304646
:10C45000FFF7D2FE01300DD0104ABB682D1B45F00E
:10C4600001055D60136830461B1B1360FFF766FE15
:10C470000120F8BD00213046FFF7BEFEBA68831ADE
:10C480000F2BDEDD43F001035360054B03491B68AE
:10C49000C01A0860D5E700BF7472002074850020C0
:10C4A0007C760020002961D0F8B50C460646FFF7DF
:10C4B0003FFE54F8042C7B4FA4F1080522F0010143
:10C4C00005EB010CB868DCF80430604523F0030389
:10C4D00000F08B80D207CCF8043032D454F8082C0A
:10C4E000AD1A1144AA6807F1080082426AD00CEB29
:10C4F0000304D4F804E0EC68D4601EF0010FA260DD
:10C5000000F0978041F001036B60CCF80010B1F5AA
:10C51000007F35D27868CB080122490901338A406F
:10C52000024357F833107A6007EBC302083AC5E9B3
:10C53000021247F83350CD603046BDE8F840FFF7AF
:10C54000FDBD0CEB03025268D00710D4194407F16B
:10C550000800DCF80830834273D0DCF80C20DA6085
:10C56000936041F001036B606950D0E7704741F080
:10C570000103B1F5007F44F8043CCCF80010C9D3A6
:10C58000B1F5206F4FEA512348D28B0903F13900EE
:10C5900003F13802C300F818FB580838984259D004
:10C5A0005A6822F003028A4202D99B689842F7D166
:10C5B000D868C5E902308560DD603046BDE8F840E6
:10C5C000FFF7BCBD0CEB03025268D20763D40B44E7
:10C5D000DCE90212CA60916043F001026A603046F1
:10C5E000EB50BDE8F840FFF7A9BD0B44D10707D4D5
:10C5F00054F8082CAD1A1344D5E90212CA609160B0
:10C6000043F001026A60284ABD6012689A4293D8DA
:10C61000264B30461968FFF7F5FE8DE7142B0AD933
:10C62000542B1FD80B0B03F16F0003F16E02C300F4
:10C63000B1E719448DE703F15C0003F15B02C3002D
:10C64000A9E741F00103C7E90455C5E902006B60A1
:10C65000695071E779689210012404FA02F20A43E2
:10C660007A60A6E7B3F5AA7F06D8CB0B03F1780072
:10C6700003F17702C3008EE740F25452934206D88A
:10C680008B0C03F17D0003F17C02C30083E74FF4C0
:10C690007E737E227FE741F001036B60CCF80010CF
:10C6A0004AE700BF7472002080760020A485002035
:10C6B0005FF800F06D1600605FF800F0291E006062
:10C6C0005FF800F04D2000605FF800F01916006080
:10C6D0005FF800F0E51F00600000000000000000AF
:04C6E000F8B500BFEA
:08C6E40000D3FF7F01000000FC
:10C6EC00000000000000000000000000000000003E
:10C6FC00000000000000000000000000000000002E
:10C70C00000000000000000000000000000000001D
:10C71C00000000000000000000000000000000000D
:10C72C0000000000000000000000000000000000FD
:10C73C0000000000000000000000000000000000ED
:10C74C0000000000000000000000000000000000DD
:10C75C0000000000000000000000000000000000CD
:10C76C0000000000000000000000000000000000BD
:10C77C0000000000000000000000000000000000AD
:10C78C00000000000000000000000000000000009D
:10C79C00000000000000000000000000000000008D
:10C7AC00000000000000000000000000000000007D
:10C7BC00000000000000000000000000000000006D
:10C7CC00000000000000000000000000000000005D
:10C7DC00000000000000000000000000000000004D
:10C7EC00000000000000000000000000000000003D
:10C7FC00000000000000000000000000000000002D
:10C80C00000000000000000000000000000000001C
:10C81C00000000000000000000000000000000000C
:10C82C0000000000000000000000000000000000FC
:10C83C0000000000000000000000000000000000EC
:10C84C0000000000000000000000000000000000DC
:10C85C0000000000000000000000000000000000CC
:10C86C0000000000000000000000000000000000BC
:10C87C0000000000000000000000000000000000AC
:10C88C00000000000000000000000000000000009C
:10C89C00000000000000000000000000000000008C
:10C8AC00000000000000000000000000000000007C
:10C8BC00000000000000000000000000000000006C
:10C8CC00000000000000000000000000000000005C
:10C8DC00000000000000000000000000000000004C
:10C8EC00000000000000000000000000000000003C
:10C8FC00000000000000000000000000000000002C
:10C90C00000000000000000000000000000000001B
:10C91C00000000000000000000000000000000000B
:10C92C0000000000000000000000000000000000FB
:10C93C0000000000000000000000000000000000EB
:10C94C0000000000000000000000000000000000DB
:10C95C0000000000000000000000000000000000CB
:10C96C00000000000000F03F748515D3B0D9EF3FF4
:10C97C000F89F96C58B5EF3F515B12D00193EF3F23
:10C98C007B517D3CB872EF3FAAB968318754EF3FB9
:10C99C003862756E7A38EF3FE1DE1FF59D1EEF3F72
:10C9AC0015B7310AFE06EF3FCBA93A37A7F1EE3F98
:10C9BC002234124CA6DEEE3F2D89616008CEEE3F8C
:10C9CC00272A36D5DABFEE3F824F9D562BB4EE3F69
:10C9DC00295448DD07ABEE3F85553AB07EA4EE3FB7
:10C9EC00CD3B7F669EA0EE3F745FECE8759FEE3FFB
:10C9FC008701EB7314A1EE3F13CE4C9989A5EE3F42
:10CA0C00DBA02A42E5ACEE3FE5C5CDB037B7EE3F33
:10CA1C0090F0A38291C4EE3F5D253EB203D5EE3F6C
:10CA2C00ADD35A999FE8EE3F475EFBF276FFEE3F9F
:10CA3C009C5285DD9B19EF3F6990EFDC2037EF3F6F
:10CA4C0087A4FBDC1858EF3F5F9B7B33977CEF3F51
:10CA5C00DA90A4A2AFA4EF3F40456E5B76D0EF3FD7
:10CA6C00000000000000E8429423914BF86AAC3FB0
:10CA7C00F3C4FA50CEBFCE3FD6520CFF422EE63F47
:10CA8C000000000000003843FE822B65471547402C
:10CA9C009423914BF86ABC3EF3C4FA50CEBF2E3FA0
:10CAAC00D6520CFF422E963FBEF3F879EC61F63F5E
:10CABC001930965BC6FEDEBF3D88AF4AED71F53F7F
:10CACC00A4FCD432680BDBBFB010F0F03995F43F06
:10CADC007BB71F0A8B41D7BF8503B8B095C9F33F0D
:10CAEC007BCF6D1AE99DD3BFA564880C190DF33F5C
:10CAFC0031B6F2F39B1DD0BFA08E0B7B225EF23FB2
:10CB0C00F07A3B1B1D7CC9BF3F341A4A4ABBF13F2C
:10CB1C009F3CAF93E3F9C2BFBAE58AF05823F13FCB
:10CB2C005C8D78BFCB60B9BFA70099413F95F03FB2
:10CB3C00CE5F47B69D6FAABF000000000000F03F1B
:10CB4C000000000000000000AC479AFD8C60EE3F36
:10CB5C003DF5249FCA38B33FA06A021FB3A4EC3F33
:10CB6C00BA913854A976C43FE6FC6A573620EB3F9D
:10CB7C00D2E4C44A0B84CE3F2DAAA163D1C2E93FB3
:10CB8C001C65C6F04506D43FED417803E686E83FC8
:10CB9C00F89F1B2C9C8ED83F624853F5DC67E73F0F
:10CBAC00CC7BB14EA4E0DC3F0B6E49C91676D23F6C
:10CBBC007AC675A06919D7BFDDBAA76C0AC7DE3F64
:10CBCC00C8F6BE484715E7BF2BB82A654715F73F8F
:10CBDC00000000000000F03F000000000000F0BF6B
:10CBEC00000000000000F0BF000000000000F03F5B
:10CBFC0083C8C96D305F6441182D4454FB21F93F43
:10CC0C00000000000000F03F1C620CFDFFFFDFBFC6
:10CC1C00198F06E15355A53F9D359AE887C056BF3D
:10CC2C00C3F87B024393F93E03A695595455C5BFEF
:10CC3C00C40B23057610813F24CF7437EB9429BFA6
:10CC4C00000000000000F03F000000000000F0BFFA
:10CC5C00000000000000F0BF000000000000F03FEA
:10CC6C0083C8C96D305F6441182D4454FB21F93FD2
:10CC7C00000000000000F0BF1C620CFDFFFFDF3F56
:10CC8C00198F06E15355A5BF9D359AE887C0563FCD
:10CC9C00C3F87B024393F9BE03A695595455C5BFFF
:10CCAC00C40B23057610813F24CF7437EB9429BF36
:10CCBC000000C040CDCC4C3DCDCCCC3E0000004063
:10CCCC000000003FEC51383E9A99193E00000000DC
:10CCDC000000E0400000000000A00C46CDCC4C3E13
:10CCEC0000000000000000000AD7A33BCDCCCC3DD7
:10CCFC00CDCC4C3FCDCC4C3EA69B443B9A99193E97
:10CD0C000000003FCDCC4C3E0000000000000000B5
:10CD1C000000003F000000000000C93F0000F03997
:10CD2C000000DA370000A2330000842E0000502BE4
:10CD3C000000C2270000D0220000C41F0000C61B48
:10CD4C00000044177374616765200000206F662033
:10CD5C000000000020200000202028002073290063
:10CD6C002020686561723A200000000020205041AC
:10CD7C0053533A2000000000202020200000000027
:10CD8C0000000000B80B00003C570020505700205A
:10CD9C007C5700200100000070170000B8570020DD
:10CDAC00D457002014580020020000008813000003
:10CDBC006058002080580020BC5800200300000060
:10CDCC0088130000FC580020045900203059002022
:10CDDC0004000000701700007459002094590020C2
:10CDEC00C85900200500000028230000045A002028
:10CDFC00205A00205C5A002006000000581B00003E
:10CE0C009C5A0020A85A0020E85A00200700000075
:10CE1C0070170000305B0020545B0020845B002006
:10CE2C000800000070170000C45B0020EC5B0020C1
:10CE3C00345C00206E616E00696E66006F76660071
:10CE4C00C9540000CD540000D1540000D55400004A
:10CE5C000000803F39D6BD3F8273E63F07F0224089
:10CE6C00D6562840166A7940000000003A1C19B3C7
:10CE7C002F7219B42F0DADB47B2C1AB5BF6071B5E0
:10CE8C00C215AEB51345EDB5B91B1BB6257044B62E
:10CE9C00949672B667C192B6C492AEB62CB6CCB6A6
:10CEAC00D420EDB629E307B74D4C1AB7FEC32DB706
:10CEBC008D4142B776BB57B75D276EB707BD82B7BA
:10CECC00BED38EB763519BB71A2FA8B79B65B5B766
:10CEDC0036EDC2B7D5BDD0B7F8CEDEB7BE17EDB7BD
:10CEEC00E18EFBB75F1505B8A8700CB81FD413B84A
:10CEFC006A3A1BB8069E22B847F929B85D4631B884
:10CF0C00537F38B8129E3FB8669C46B8FE734DB836
:10CF1C006D1E54B833955AB8B8D160B855CD66B8B3
:10CF2C0055816CB8F8E671B877F776B806AC7BB873
:10CF3C00DAFD7FB815F381B81AAF83B8A12F85B885
:10CF4C00557186B8EC7087B8242B88B8CB9C88B800
:10CF5C00BEC288B8E89988B84B1F88B8FB4F87B811
:10CF6C00262986B811A884B81CCA82B8C78C80B888
:10CF7C005CDB7BB81FD575B89C026FB8DF5F67B8F8
:10CF8C0044E95EB8789B55B87C734BB8AB6E40B82F
:10CF9C00BB8A34B8C3C527B83B1E1AB8FF920BB86E
:10CFAC00AF46F8B7E99DD7B7E92BB5B7CEF190B737
:10CFBC0030E355B7675C06B7AE5B4DB6D38E0C3617
:10CFCC001210FA36B7485A373B6B9D370850CF379B
:10CFDC00966401380BE61B38A026373812205338DC
:10CFEC00A4CB6F380E918638E48D95383CD8A43894
:10CFFC00C36BB438ED43C438F15BD438CFAEE438EE
:10D00C004F37F53801F80239A3690B39A3ED133901
:10D01C00FD801C39962025393DC92D39AC77363920
:10D02C0087283F3961D84739BB835039052759398F
:10D03C009FBE6139E0466A390EBC7239681A7B3979
:10D04C0012AF8139B8C185393AC38939ACB18D3940
:10D05C00208B9139A84D953958F7983944869C39CD
:10D06C0085F89F39384CA3397D7FA6397C90A93936
:10D07C00637DAC396844AF39CAE3B139D359B4399B
:10D08C00D6A4B63934C3B8395AB3BA39C373BC3918
:10D09C00FA02BE39995FBF394C88C039CF7BC13990
:10D0AC00F438C2399EBEC239C50BC339791FC33996
:10D0BC00DDF8C2392E97C239BFF9C139FD1FC1390C
:10D0CC006F09C039B4B5BE398824BD39C155BB39D7
:10D0DC005249B9394AFFB639D477B4393AB3B13970
:10D0EC00E4B1AE395574AB3933FBA7394047A43999
:10D0FC005B59A03986329C39DFD39739A43E9339DA
:10D10C0032748E3904768939B5458439F8C97D393C
:10D11C0061AB72398D336739A0665B39F5484F398D
:10D12C0023DF4239F52D36396E3A2939C4091C39B9
:10D13C0062A10E39E20601391E80E638BFA5CA3855
:10D14C00EE8AAE38443C92384B8D6B38846E323854
:10D15C00306EF237D3048037B989DD35FABB47B767
:10D16C00C7E5D4B7798222B894005AB8EA6788B870
:10D17C005569A3B8B8F5BDB837FED7B8F673F1B892
:10D18C000E2405B9F23511B94BE81CB9CC3328B9CA
:10D19C003C1133B973793DB9656547B920CE50B9A7
:10D1AC00D4AC59B9D4FA61B99BB169B9CECA70B9CA
:10D1BC00424077B9FE0B7DB9201481B9BE4783B9C3
:10D1CC00341E85B9FB9486B9B0A987B9105A88B9B1
:10D1DC0001A488B98E8588B9E8FC87B96E0887B92F
:10D1EC00A6A685B944D683B9299681B9CBCA7DB98F
:10D1FC00718677B9285E70B9345168B93F5F5FB9F1
:10D20C005E8855B90ACD4AB92A2E3FB90DAD32B94F
:10D21C00724B25B9810B17B9D2EF07B9D8F6EFB815
:10D22C008363CEB86B2DABB82F5D86B899F83FB839
:10D23C005F54E0B7FC2BEBB6B6F56037E6A41038BC
:10D24C0097B56B3849A9A438AAAED43873ED023916
:10D25C009C0E1C390BB23539A5CE4F39F25A6A39AE
:10D26C0093A68239934D9039421D9E394410AC39A6
:10D27C001B21BA39254AC839A485D639BACDE43927
:10D28C00701CF339DBB5003AB2DA073AA2F90E3A60
:10D29C00840F163A2D191D3A6A13243A05FB2A3AC3
:10D2AC00C5CC313A6E85383AC7213F3A959E453AFE
:10D2BC00A3F84B3ABE2C523ABA37583A73165E3A28
:10D2CC00CEC5633ABB42693A348A6E3A4399733A93
:10D2DC00006D783A95027D3A9FAB803A25B4823A3C
:10D2EC008F99843A9B5A863A13F6873ACD6A893AD3
:10D2FC00AFB78A3AABDB8B3AC3D58C3A07A58D3ADC
:10D30C0099488E3AABBF8E3A82098F3A71258F3A83
:10D31C00E2128F3A50D18E3A49608E3A6FBF8D3AF5
:10D32C007AEE8C3A35ED8B3A81BB8A3A5459893A6C
:10D33C00BAC6873AD603863ADF10843A24EE813A8D
:10D34C0017387F3A21367A3A8AD7743AA81D6F3A41
:10D35C00F909693A2C9E623A1DDC5B3AD2C5543A03
:10D36C00815D4D3A8AA5453A7BA03D3A0A51353A42
:10D37C0019BA2C3AB4DE233A0EC21A3A8367113A20
:10D38C0096D2073ADC0DFC39B010E83986B5D339A2
:10D39C008104BF390206AA39ABC29439AC867E39F6
:10D3AC002A2253395C6A273959E4F638C0999E38D9
:10D3BC002D380C38386713B7F3B155B871FFC2B8B4
:10D3CC009E5B0DB980EB38B98D1A64B9F26987B9D7
:10D3DC004B819CB9D848B1B922B6C5B9BDBED9B933
:10D3EC004758EDB9393C00BA828A09BAF19112BAA0
:10D3FC00884D1BBA5AB823BA94CD2BBA748833BA59
:10D40C0058E43ABAB6DC41BA276D48BA61914EBAC3
:10D41C00414554BAC78459BA1E4C5EBA989762BA41
:10D42C00B86366BA2AAD69BACF706CBABAAB6EBAC9
:10D43C002F5B70BAAE7C71BAEA0D72BAD30C72BAA9
:10D44C00927771BA914C70BA748A6EBA20306CBAF9
:10D45C00BD3C69BAB3AF65BAAD8861BA9BC75CBA5B
:10D46C00B26C57BA6C7851BA89EB4ABA10C743BA46
:10D47C004F0C3CBADBBC33BA8FDA2ABA906721BAAC
:10D48C00486617BA68D90CBAE8C301BA0C52ECB9A1
:10D49C008718D4B9D1E2BAB9FEB8A0B9A8A385B996
:10D4AC00D75753B9C8B619B9A7F0BCB87BC606B8DC
:10D4BC002C3AE437C736B838E7F21C3928F55E3910
:10D4CC0059049139A609B339027DD5399D50F839E3
:10D4DC002ABB0D3ADB6F1F3A063F313A2E21433AF5
:10D4EC00BA0E553AF4FF663A11ED783A1767853A59
:10D4FC00AE4D8E3A4E26973AF1EC9F3A919DA83A52
:10D50C002334B13A9FACB93AFE02C23A3E33CA3A1E
:10D51C006039D23A6F11DA3A81B7E13AB327E93A76
:10D52C00335EF03A3C57F73A1D0FFE3A1941023B75
:10D53C007A56053BF545083BDC0D0B3B8EAC0D3BA1
:10D54C007720103B1268123BEB81143B9C6C163B12
:10D55C00D226183B4BAF193BD9041B3B5F261C3B17
:10D56C00D8121D3B51C91D3BED481E3BE5901E3B9F
:10D57C008AA01E3B42771E3B8D141E3B03781D3B3D
:10D58C0052A11C3B46901B3BBF441A3BBBBE183BF5
:10D59C004FFE163BAD03153B1FCF123B0C61103BEE
:10D5AC00F4B90D3B72DA0A3B3CC3073B2375043BD1
:10D5BC0012F1003B1F70FA3A7896F23AA257EA3A07
:10D5CC0047B6E13A41B5D83A9E57CF3A9FA0C53AF3
:10D5DC00B193BB3A7434B13AB586A63A6E8E9B3A87
:10D5EC00C54F903A0CCF843A7321723ADF325A3AD3
:10D5FC00E8DB413A6026293A601C103A7F90ED39FD
:10D60C002569BA3949D88639DAE7253973937638DA
:10D61C00F1AB2BB8AF9913B9B2387CB9864CB2B90F
:10D62C00B245E6B905F80CBAD19926BA3DFC3FBA19
:10D63C00491359BAF4D271BAA41785BA2C0E91BAFF
:10D64C0027C79CBAB53CA8BA0469B3BA5546BEBA4A
:10D65C00FECEC8BA68FDD2BA1BCCDCBAB735E6BA76
:10D66C00FE34EFBAD4C4F7BA3EE0FFBA36C103BBFE
:10D67C005A5307BB4EA40ABBEBB10DBB237A10BBAC
:10D68C00FFFA12BBA83215BB5D1F17BB7FBF18BBBF
:10D69C0089111ABB17141BBBE4C51BBBCB251CBBC8
:10D6AC00CB321CBB03EC1BBBB4501BBB47601ABB7F
:10D6BC00451A19BB5E7E17BB678C15BB594413BB4F
:10D6CC0058A610BBA9B20DBBBB690ABB23CC06BBC9
:10D6DC009EDA02BB1D2CFDBAFEFEF3BA4430EABA48
:10D6EC009FC2DFBA0CB9D4BAD916C9BA9BDFBCBA7F
:10D6FC003517B0BAD4C1A2BAEEE394BA408286BA56
:10D70C009D436FBAC48F50BA0DF430BA147C10BA62
:10D71C00E267DEB973509AB9DF9729B9F754DFB7CE
:10D72C006D5EE838303E83390961CD3904310C3AED
:10D73C003011323A5341583A6BB17E3A99A8923A29
:10D74C001208A63AC56EB93A3CD4CC3AEE2FE03A60
:10D75C004079F33AC653033B0FD90C3B2248163B96
:10D76C00A29C1F3B33D2283B7DE4313B2ECF3A3B6E
:10D77C00F88D433B981C4C3BD676543B85985C3BD0
:10D78C00897D643BD4216C3B6F81733B72987A3BEF
:10D79C0089B1803BCBEE833B3302873BFFE9893B6E
:10D7AC0081A48C3B18308F3B328B913B54B4933B10
:10D7BC0010AA953B0F6B973B0CF6983BD8499A3BBC
:10D7CC0059659B3B8C479C3B84EF9C3B6B5C9D3B26
:10D7DC00868D9D3B2F829D3BDC399D3B1BB49C3B36
:10D7EC0095F09B3B0FEF9A3B65AF993B9131983B82
:10D7FC00AA75963BDE7B943B7C44923BEBCF8F3BF4
:10D80C00B11E8D3B6E318A3BE008873BDFA5833B25
:10D81C006209803BF068783B9F50703B5ECC673B65
:10D82C00F5DE5E3B5E8B553BC9D44B3B9BBE413B0F
:10D83C006A4C373BFC812C3B4B63213B7EF4153B04
:10D84C00E8390A3B1970FC3A2CE7E33AB0E2CA3AE1
:10D85C009F6CB13A3A8F973A12AA7A3AB091453AFC
:10D86C0063EB0F3A699BB339663E0D39B4BC9BB878
:10D87C0053E094B91E8201BA2E9538BAD5906FBA7E
:10D88C00302E93BA796FAEBAC97FC9BA9D52E4BA39
:10D89C006CDBFEBAD7860CBB746E19BB531E26BB51
:10D8AC00459032BB28BE3EBBE8A14ABB843556BB73
:10D8BC000D7361BBAF546CBBAFD476BBB77680BB7A
:10D8CC00B84C85BBADE989BBFA4A8EBB196E92BBCD
:10D8DC00985096BB1CF099BB624A9DBB415DA0BBA6
:10D8EC00A826A3BBA3A4A5BB5BD5A7BB16B7A9BB96
:10D8FC003948ABBB4787ACBBE672ADBBDD09AEBBF1
:10D90C00154BAEBB9A35AEBB9EC8ADBB7403ADBB5D
:10D91C0099E5ABBBAC6EAABB749EA8BBE074A6BB6E
:10D92C0004F2A3BB1F16A1BB95E19DBBF4549ABB9B
:10D93C00F17096BB6A3692BB66A68DBB14C288BBCF
:10D94C00CC8A83BB17047CBBF65270BBD00564BB7E
:10D95C00912057BB72A749BBF69E3BBBEB0B2DBB73
:10D96C006AF31DBBD35A0EBB998FFCBA7F80DBBA0E
:10D97C00B494B9BA11D996BAD8B566BA27501EBAAA
:10D98C00213BA9B90FB71BB817708439F31D0F3A97
:10D99C009AD65C3AD4A0953A131FBD3A43D5E43AD3
:10D9AC002D59063B89521A3BF74D2E3BA442423B64
:10D9BC00A627563B05F4693BBE9E7D3B628F883B98
:10D9CC008335923B3BBD9B3B0222A53B555FAE3B57
:10D9DC00B970B73BB851C03BE8FDC83BE970D13BCF
:10D9EC006BA6D93B2C9AE13BFE47E93BC7ABF03B1E
:10D9FC0082C1F73B4385FE3B9B79023CD483053CBB
:10DA0C007E5F083CDF0A0B3C4A840D3C27CA0F3C66
:10DA1C00EDDA113C29B5133C7C57153C9CC0163CE7
:10DA2C0054EF173C87E2183C2E99193C5B121A3CB8
:10DA3C003A4D1A3C0D491A3C32051A3C2381193CCB
:10DA4C0071BC183CCDB6173CFF6F163CF0E7143C8C
:10DA5C00A31E133C3814113CECC80E3C1B3D0C3C73
:10DA6C003C71093CE565063CCB1B033C7D27FF3B29
:10DA7C005B9DF73B4B9BEF3B9E23E73BE438DE3B48
:10DA8C00E4DDD43B9F15CB3B4EE3C03B634AB63B36
:10DA9C00864EAB3B95F39F3BA33D943BF630883BC6
:10DAAC000EA4773BFF4A5E3B7060443B6FEE293B14
:10DABC0061FF0E3B003CE73AACAAAF3AECC26E3ABF
:10DACC0076DEF9398B9D20384F79D3B9C4325EBAE2
:10DADC001093A9BACD31E4BAD66D0FBB38BB2CBBB1
:10DAEC00CEF349BB390A67BB83F881BB564D90BB5B
:10DAFC00CC7C9EBB1980ACBB6E50BABB01E7C7BBDC
:10DB0C000D3DD5BBD54BE2BBA70CEFBBE178FBBB06
:10DB1C00F9C403BCB09C09BC61400FBCE9AC14BC9B
:10DB2C0031DF19BC35D41EBC008923BCB2FA27BC2A
:10DB3C0081262CBCB80930BCB9A133BC02EC36BC74
:10DB4C0028E639BCDF8D3CBCF7E03EBC5EDD40BC5A
:10DB5C00258142BC79CA43BCAEB744BC394745BCED
:10DB6C00B47745BCDF4745BCA0B644BC06C343BC38
:10DB7C00456C42BCC0B140BCFE923EBCB50F3CBC37
:10DB8C00C52739BC3ADB35BC4E2A32BC66152EBCD7
:10DB9C00169D29BC1FC224BC72851FBC2CE819BC65
:10DBAC0099EB13BC36910DBCABDA06BCA293FFBB50
:10DBBC005BC1F0BBE942E1BB121DD1BBF354C0BB4E
:10DBCC0003F0AEBB14F49CBB4D678ABB54A06EBB78
:10DBDC00FB6A47BBD53C1FBB9449ECBABF6498BAEF
:10DBEC00CBD605BABE082039727C583A6DA8C53A16
:10DBFC008D0D103B57B83D3B51C16B3B640A8D3BBF
:10DC0C00504FA43B2BA5BB3B8601D33BCA59EA3BE7
:10DC1C009BD1003C73690C3CEFEE173C7F5C233CC2
:10DC2C008DAC2E3C76D9393C92DD443C36B34F3C1E
:10DC3C00B3545A3C5CBC643C86E46E3C8BC7783C69
:10DC4C00E72F813CDCD3853CE24C8A3C3E988E3CF1
:10DC5C003BB3923C309B963C804D9A3C9AC79D3C82
:10DC6C00FA06A13C2D09A43CCFCBA63C8F4CA93C79
:10DC7C002E89AB3C817FAD3C752DAF3C0A91B03CFD
:10DC8C005CA8B13C9D71B23C1AEBB23C3E13B33C68
:10DC9C008DE8B23CAB69B23C5C95B13C826AB03C5D
:10DCAC001FE8AE3C5B0DAD3C7ED9AA3CF54BA83CC5
:10DCBC005264A53C4B22A23CC1859E3CB88E9A3C3A
:10DCCC005F3D963C0C92913C418D8C3CA82F873C3F
:10DCDC00187A813C25DB763C89166A3C10A95C3CA1
:10DCEC00C8954E3C19E03F3CC68B303CED9C203C2B
:10DCFC000A18103CE403FE3BB1BFDA3B9C6EB63B0A
:10DD0C007B1C913BBEAB553B2350073B8D085D3ACA
:10DD1C009C06D3B9D5F3DABAE3E841BB0EC68BBB8C
:10DD2C004820B7BBF1F0E2BB969207BCBBD41DBC3C
:10DD3C00D23434BC74A84ABCE82461BC2A9F77BC9A
:10DD4C00F30587BCC12F92BC0A479DBCB945A8BC42
:10DD5C009625B3BC48E0BDBC556FC8BC26CCD2BC24
:10DD6C0006F0DCBC24D4E6BC9671F0BC58C1F9BCFE
:10DD7C00265E01BDA1AD05BD7ACB09BD03B40DBDB9
:10DD8C00886311BD4BD614BD880818BD75F61ABD35
:10DD9C00419C1DBD18F61FBD230022BD87B623BDB7
:10DDAC00671525BDE81826BD2ABD26BD53FE26BD28
:10DDBC0088D826BDF14726BDBB4825BD17D723BD46
:10DDCC003CEF21BD668D1FBDDAAD1CBDE54C19BD08
:10DDDC00DE6615BD25F810BD26FD0BBD587206BDBF
:10DDEC00405400BDE33EF3BC19A1E4BC84C8D4BCD0
:10DDFC00A6AEC3BC254DB1BCC99D9DBC819A88BC47
:10DE0C00C67A64BC590135BC8EBD02BC1D499BBB96
:10DE1C00F25EADBA89DA143B6519C63BB0DF233C20
:10DE2C0093B8673CF64F973CF34EBC3C1DDDE23C8F
:10DE3C000F7F053DB15A1A3D1203303DB079463D76
:10DE4C00EDBF5D3D0CD7753D1B60873D383E943D65
:10DE5C005286A13DD038AF3D0756BD3D3EDECB3D91
:10DE6C00ACD1DA3D7730EA3DB9FAF93D7730EA3D8D
:10DE7C00ACD1DA3D3EDECB3D0756BD3DD038AF3D93
:10DE8C005286A13D383E943D1B60873D0CD7753DB5
:10DE9C00EDBF5D3DB079463D1203303DB15A1A3DA0
:10DEAC000F7F053D1DDDE23CF34EBC3CF64F973C2D
:10DEBC0093B8673CB0DF233C6519C63B89DA143B49
:10DECC00F25EADBA1D499BBB8EBD02BC590135BC7F
:10DEDC00C67A64BC819A88BCC99D9DBC254DB1BCD9
:10DEEC00A6AEC3BC84C8D4BC19A1E4BCE33EF3BC4D
:10DEFC00405400BD587206BD26FD0BBD25F810BD63
:10DF0C00DE6615BDE54C19BDDAAD1CBD668D1FBDB9
:10DF1C003CEF21BD17D723BDBB4825BDF14726BD1E
:10DF2C0088D826BD53FE26BD2ABD26BDE81826BDC1
:10DF3C00671525BD87B623BD230022BD18F61FBD6E
:10DF4C00419C1DBD75F61ABD880818BD4BD614BD75
:10DF5C00886311BD03B40DBD7ACB09BDA1AD05BD60
:10DF6C00265E01BD58C1F9BC9671F0BC24D4E6BC48
:10DF7C0006F0DCBC26CCD2BC556FC8BC48E0BDBC9E
:10DF8C009625B3BCB945A8BC0A479DBCC12F92BC11
:10DF9C00F30587BC2A9F77BCE82461BC74A84ABCF3
:10DFAC00D23434BCBBD41DBC969207BCF1F0E2BB9E
:10DFBC004820B7BB0EC68BBBE3E841BBD5F3DABA3E
:10DFCC009C06D3B98D085D3A2350073BBEAB553B3D
:10DFDC007B1C913B9C6EB63BB1BFDA3BE403FE3B32
:10DFEC000A18103CED9C203CC68B303C19E03F3CA1
:10DFFC00C8954E3C10A95C3C89166A3C25DB763CE6
:10E00C00187A813CA82F873C418D8C3C0C92913C1A
:10E01C005F3D963CB88E9A3CC1859E3C4B22A23CFF
:10E02C005264A53CF54BA83C7ED9AA3C5B0DAD3C9B
:10E03C001FE8AE3C826AB03C5C95B13CAB69B23C2B
:10E04C008DE8B23C3E13B33C1AEBB23C9D71B23C32
:10E05C005CA8B13C0A91B03C752DAF3C817FAD3CC6
:10E06C002E89AB3C8F4CA93CCFCBA63C2D09A43CB4
:10E07C00FA06A13C9AC79D3C804D9A3C309B963C3D
:10E08C003BB3923C3E988E3CE24C8A3CDCD3853CC4
:10E09C00E72F813C8BC7783C86E46E3C5CBC643CCF
:10E0AC00B3545A3C36B34F3C92DD443C76D9393CA0
:10E0BC008DAC2E3C7F5C233CEFEE173C73690C3C23
:10E0CC009BD1003CCA59EA3B8601D33B2BA5BB3BF9
:10E0DC00504FA43B640A8D3B51C16B3B57B83D3B41
:10E0EC008D0D103B6DA8C53A727C583ABE0820398C
:10E0FC00CBD605BABF6498BA9449ECBAD53C1FBBD1
:10E10C00FB6A47BB54A06EBB4D678ABB14F49CBB27
:10E11C0003F0AEBBF354C0BB121DD1BBE942E1BB53
:10E12C005BC1F0BBA293FFBBABDA06BC36910DBC56
:10E13C0099EB13BC2CE819BC72851FBC1FC224BC04
:10E14C00169D29BC66152EBC4E2A32BC3ADB35BC5A
:10E15C00C52739BCB50F3CBCFE923EBCC0B140BC1F
:10E16C00456C42BC06C343BCA0B644BCDF4745BCAF
:10E17C00B47745BC394745BCAEB744BC79CA43BC3F
:10E18C00258142BC5EDD40BCF7E03EBCDF8D3CBC73
:10E19C0028E639BC02EC36BCB9A133BCB80930BC9A
:10E1AC0081262CBCB2FA27BC008923BC35D41EBCFA
:10E1BC0031DF19BCE9AC14BC61400FBCB09C09BC8C
:10E1CC00F9C403BCE178FBBBA70CEFBBD54BE2BB9E
:10E1DC000D3DD5BB01E7C7BB6E50BABB1980ACBBBC
:10E1EC00CC7C9EBB564D90BB83F881BB390A67BB78
:10E1FC00CEF349BB38BB2CBBD66D0FBBCD31E4BACB
:10E20C001093A9BAC4325EBA4F79D3B98B9D20381A
:10E21C0076DEF939ECC26E3AACAAAF3A003CE73A7A
:10E22C0061FF0E3B6FEE293B7060443BFF4A5E3B47
:10E23C000EA4773BF630883BA33D943B95F39F3B74
:10E24C00864EAB3B634AB63B4EE3C03B9F15CB3B84
:10E25C00E4DDD43BE438DE3B9E23E73B4B9BEF3BBA
:10E26C005B9DF73B7D27FF3BCB1B033CE565063CE9
:10E27C003C71093C1B3D0C3CECC80E3C3814113C69
:10E28C00A31E133CF0E7143CFF6F163CCDB6173CB5
:10E29C0071BC183C2381193C32051A3C0D491A3CBF
:10E2AC003A4D1A3C5B121A3C2E99193C87E2183CE9
:10E2BC0054EF173C9CC0163C7C57153C29B5133CBD
:10E2CC00EDDA113C27CA0F3C4A840D3CDF0A0B3CAB
:10E2DC007E5F083CD483053C9B79023C4385FE3B26
:10E2EC0082C1F73BC7ABF03BFE47E93B2C9AE13BC5
:10E2FC006BA6D93BE970D13BE8FDC83BB851C03B9C
:10E30C00B970B73B555FAE3B0222A53B3BBD9B3B77
:10E31C008335923B628F883BBE9E7D3B05F4693B07
:10E32C00A627563BA442423BF74D2E3B89521A3B43
:10E33C002D59063B43D5E43A131FBD3AD4A0953A68
:10E34C009AD65C3AF31D0F3A177084390FB71BB885
:10E35C00213BA9B927501EBAD8B566BA11D996BABD
:10E36C00B494B9BA7F80DBBA998FFCBAD35A0EBB7E
:10E37C006AF31DBBEB0B2DBBF69E3BBB72A749BBD7
:10E38C00912057BBD00564BBF65270BB17047CBB05
:10E39C00CC8A83BB14C288BB66A68DBB6A3692BB83
:10E3AC00F17096BBF4549ABB95E19DBB1F16A1BBB3
:10E3BC0004F2A3BBE074A6BB749EA8BBAC6EAABB54
:10E3CC0099E5ABBB7403ADBB9EC8ADBB9A35AEBB78
:10E3DC00154BAEBBDD09AEBBE672ADBB4787ACBB24
:10E3EC003948ABBB16B7A9BB5BD5A7BBA3A4A5BBD0
:10E3FC00A826A3BB415DA0BB624A9DBB1CF099BB88
:10E40C00985096BB196E92BBFA4A8EBBADE989BB8C
:10E41C00B84C85BBB77680BBAFD476BBAF546CBB66
:10E42C000D7361BB843556BBE8A14ABB28BE3EBB0D
:10E43C00459032BB531E26BB746E19BBD7860CBBE2
:10E44C006CDBFEBA9D52E4BAC97FC9BA796FAEBA19
:10E45C00302E93BAD5906FBA2E9538BA1E8201BA67
:10E46C0053E094B9B4BC9BB8663E0D39699BB33983
:10E47C0063EB0F3AB091453A12AA7A3A3A8F973A2F
:10E48C009F6CB13AB0E2CA3A2CE7E33A1970FC3A05
:10E49C00E8390A3B7EF4153B4B63213BFC812C3B5A
:10E4AC006A4C373B9BBE413BC9D44B3B5E8B553BC7
:10E4BC00F5DE5E3B5ECC673B9F50703BF068783B73
:10E4CC006209803BDFA5833BE008873B6E318A3BCA
:10E4DC00B11E8D3BEBCF8F3B7C44923BDE7B943B60
:10E4EC00AA75963B9131983B65AF993B0FEF9A3BE0
:10E4FC0095F09B3B1BB49C3BDC399D3B2F829D3B99
:10E50C00868D9D3B6B5C9D3B84EF9C3B8C479C3B81
:10E51C0059659B3BD8499A3B0CF6983B0F6B973B44
:10E52C0010AA953B54B4933B328B913B18308F3BE4
:10E53C0081A48C3BFFE9893B3302873BCBEE833BC9
:10E54C0089B1803B72987A3B6F81733BD4216C3BD1
:10E55C00897D643B85985C3BD676543B981C4C3B40
:10E56C00F88D433B2ECF3A3B7DE4313B33D2283BF5
:10E57C00A29C1F3B2248163B0FD90C3BC653033BB6
:10E58C004079F33AEE2FE03A3CD4CC3AC56EB93A26
:10E59C001208A63A99A8923A6BB17E3A5341583A6E
:10E5AC003011323A04310C3A0961CD39303E83399D
:10E5BC006D5EE838F754DFB7DF9729B973509AB915
:10E5CC00E267DEB9147C10BA0DF430BAC48F50BABD
:10E5DC009D436FBA408286BAEEE394BAD4C1A2BA14
:10E5EC003517B0BA9BDFBCBAD916C9BA0CB9D4BAB4
:10E5FC009FC2DFBA4430EABAFEFEF3BA1D2CFDBA54
:10E60C009EDA02BB23CC06BBBB690ABBA9B20DBB0D
:10E61C0058A610BB594413BB678C15BB5E7E17BB49
:10E62C00451A19BB47601ABBB4501BBB03EC1BBB90
:10E63C00CB321CBBCB251CBBE4C51BBB17141BBBB3
:10E64C0089111ABB7FBF18BB5D1F17BBA83215BB46
:10E65C00FFFA12BB237A10BBEBB10DBB4EA40ABB65
:10E66C005A5307BB36C103BB3EE0FFBAD4C4F7BA5A
:10E67C00FE34EFBAB735E6BA1BCCDCBA68FDD2BAB9
:10E68C00FECEC8BA5546BEBA0469B3BAB53CA8BAF0
:10E69C0027C79CBA2C0E91BAA41785BAF4D271BABA
:10E6AC00491359BA3DFC3FBAD19926BA05F80CBAB0
:10E6BC00B245E6B9864CB2B9B2387CB9AF9913B948
:10E6CC00F1AB2BB873937638DAE7253949D886390C
:10E6DC002569BA397F90ED39601C103A6026293AC9
:10E6EC00E8DB413ADF325A3A7321723A0CCF843A62
:10E6FC00C54F903A6E8E9B3AB586A63A7434B13AB1
:10E70C00B193BB3A9FA0C53A9E57CF3A41B5D83A80
:10E71C0047B6E13AA257EA3A7896F23A1F70FA3ABB
:10E72C0012F1003B2375043B3CC3073B72DA0A3BF6
:10E73C00F4B90D3B0C61103B1FCF123BAD03153BE5
:10E74C004FFE163BBBBE183BBF441A3B46901B3BCF
:10E75C0052A11C3B03781D3B8D141E3B42771E3B84
:10E76C008AA01E3BE5901E3BED481E3B51C91D3B4C
:10E77C00D8121D3B5F261C3BD9041B3B4BAF193BEE
:10E78C00D226183B9C6C163BEB81143B1268123B57
:10E79C007720103B8EAC0D3BDC0D0B3BF545083B5D
:10E7AC007A56053B1941023B1D0FFE3A3C57F73A8E
:10E7BC00335EF03AB327E93A81B7E13A6F11DA3AAE
:10E7CC006039D23A3E33CA3AFE02C23A9FACB93AE9
:10E7DC002334B13A919DA83AF1EC9F3A4E26973AE0
:10E7EC00AE4D8E3A1767853A11ED783AF4FF663ADA
:10E7FC00BA0E553A2E21433A063F313ADB6F1F3A97
:10E80C002ABB0D3A9D50F839027DD539A609B3398A
:10E81C005904913928F55E39E7F21C39C736B838F6
:10E82C002C3AE4377BC606B8A7F0BCB8C8B619B901
:10E83C00D75753B9A8A385B9FEB8A0B9D1E2BAB9D4
:10E84C008718D4B90C52ECB9E8C301BA68D90CBA20
:10E85C00486617BA906721BA8FDA2ABADBBC33BA8A
:10E86C004F0C3CBA10C743BA89EB4ABA6C7851BA10
:10E87C00B26C57BA9BC75CBAAD8861BAB3AF65BA14
:10E88C00BD3C69BA20306CBA748A6EBA914C70BABD
:10E89C00927771BAD30C72BAEA0D72BAAE7C71BAB5
:10E8AC002F5B70BABAAB6EBACF706CBA2AAD69BABC
:10E8BC00B86366BA989762BA1E4C5EBAC78459BAE6
:10E8CC00414554BA61914EBA276D48BAB6DC41BA8B
:10E8DC0058E43ABA748833BA94CD2BBA5AB823BADE
:10E8EC00884D1BBAF19112BA828A09BA393C00BA26
:10E8FC004758EDB9BDBED9B922B6C5B9D848B1B9DA
:10E90C004B819CB9F26987B98D1A64B980EB38B91F
:10E91C009E5B0DB971FFC2B8F3B155B8386713B728
:10E92C002D380C38C0999E3859E4F6385C6A273972
:10E93C002A225339AC867E39ABC294390206AA39E5
:10E94C008104BF3986B5D339B010E839DC0DFC39F8
:10E95C0096D2073A8367113A0EC21A3AB4DE233ABA
:10E96C0019BA2C3A0A51353A7BA03D3A8AA5453A58
:10E97C00815D4D3AD2C5543A1DDC5B3A2C9E623A0D
:10E98C00F909693AA81D6F3A8AD7743A21367A3A4E
:10E99C0017387F3A24EE813ADF10843AD603863A50
:10E9AC00BAC6873A5459893A81BB8A3A35ED8B3AC3
:10E9BC007AEE8C3A6FBF8D3A49608E3A50D18E3ACE
:10E9CC00E2128F3A71258F3A82098F3AABBF8E3A99
:10E9DC0099488E3A07A58D3AC3D58C3AABDB8B3A66
:10E9EC00AFB78A3ACD6A893A13F6873A9B5A863A78
:10E9FC008F99843A25B4823A9FAB803A95027D3A3E
:10EA0C00006D783A4399733A348A6E3ABB42693A4C
:10EA1C00CEC5633A73165E3ABA37583ABE2C523AA0
:10EA2C00A3F84B3A959E453AC7213F3A6E85383A42
:10EA3C00C5CC313A05FB2A3A6A13243A2D191D3AF2
:10EA4C00840F163AA2F90E3AB2DA073ADBB5003A5D
:10EA5C00701CF339BACDE439A485D639254AC839A6
:10EA6C001B21BA394410AC39421D9E39934D903953
:10EA7C0093A68239F25A6A39A5CE4F390BB2353981
:10EA8C009C0E1C3973ED0239AAAED43849A9A438AE
:10EA9C0097B56B38E6A41038B6F56037FC2BEBB69F
:10EAAC005F54E0B799F83FB82F5D86B86B2DABB8C3
:10EABC008363CEB8D8F6EFB8D2EF07B9810B17B98C
:10EACC00724B25B90DAD32B92A2E3FB90ACD4AB9D0
:10EADC005E8855B93F5F5FB9345168B9285E70B92B
:10EAEC00718677B9CBCA7DB9299681B944D683B9D9
:10EAFC00A6A685B96E0887B9E8FC87B98E8588B952
:10EB0C0001A488B9105A88B9B0A987B9FB9486B901
:10EB1C00341E85B9BE4783B9201481B9FE0B7DB96B
:10EB2C00424077B9CECA70B99BB169B9D4FA61B910
:10EB3C00D4AC59B920CE50B9656547B973793DB994
:10EB4C003C1133B9CC3328B94BE81CB9F23511B9A7
:10EB5C000E2405B9F673F1B837FED7B8B8F5BDB8C1
:10EB6C005569A3B8EA6788B894005AB8798222B874
:10EB7C00C7E5D4B7FABB47B7B989DD35D3048037BD
:10EB8C00306EF237846E32384B8D6B38443C923891
:10EB9C00EE8AAE38BFA5CA381E80E638E2060139C7
:10EBAC0062A10E39C4091C396E3A2939F52D363952
:10EBBC0023DF4239F5484F39A0665B398D3367390D
:10EBCC0061AB7239F8C97D39B54584390476893918
:10EBDC0032748E39A43E9339DFD3973986329C39FF
:10EBEC005B59A0394047A43933FBA7395574AB396D
:10EBFC00E4B1AE393AB3B139D477B4394AFFB63946
:10EC0C005249B939C155BB398824BD39B4B5BE395F
:10EC1C006F09C039FD1FC139BFF9C1392E97C239EF
:10EC2C00DDF8C239791FC339C50BC3399EBEC23951
:10EC3C00F438C239CF7BC1394C88C039995FBF39A0
:10EC4C00FA02BE39C373BC395AB3BA3934C3B839B2
:10EC5C00D6A4B639D359B439CAE3B1396844AF39FB
:10EC6C00637DAC397C90A9397D7FA639384CA339AA
:10EC7C0085F89F3944869C3958F79839A84D9539B1
:10EC8C00208B9139ACB18D393AC38939B8C18539EA
:10EC9C0012AF8139681A7B390EBC7239E0466A3979
:10ECAC009FBE613905275939BB83503961D8473923
:10ECBC0087283F39AC7736393DC92D39962025390F
:10ECCC00FD801C39A3ED1339A3690B3901F8023906
:10ECDC004F37F538CFAEE438F15BD438ED43C43858
:10ECEC00C36BB4383CD8A438E48D95380E91863873
:10ECFC00A4CB6F3812205338A02637380BE61B38BC
:10ED0C00966401380850CF373B6B9D37B7485A375C
:10ED1C001210FA36D38E0C36AE5B4DB6675C06B766
:10ED2C0030E355B7CEF190B7E92BB5B7E99DD7B71E
:10ED3C00AF46F8B7FF920BB83B1E1AB8C3C527B83D
:10ED4C00BB8A34B8AB6E40B87C734BB8789B55B863
:10ED5C0044E95EB8DF5F67B89C026FB81FD575B821
:10ED6C005CDB7BB8C78C80B81CCA82B811A884B88D
:10ED7C00262986B8FB4F87B84B1F88B8E89988B806
:10ED8C00BEC288B8CB9C88B8242B88B8EC7087B8E6
:10ED9C00557186B8A12F85B81AAF83B815F381B811
:10EDAC00DAFD7FB806AC7BB877F776B8F8E671B8C1
:10EDBC0055816CB855CD66B8B8D160B833955AB892
:10EDCC006D1E54B8FE734DB8669C46B8129E3FB883
:10EDDC00537F38B85D4631B847F929B8069E22B83A
:10EDEC006A3A1BB81FD413B8A8700CB85F1505B8D5
:10EDFC00E18EFBB7BE17EDB7F8CEDEB7D5BDD0B7F9
:10EE0C0036EDC2B79B65B5B71A2FA8B763519BB740
:10EE1C00BED38EB707BD82B75D276EB776BB57B72B
:10EE2C008D4142B7FEC32DB74D4C1AB729E307B736
:10EE3C00D420EDB62CB6CCB6C492AEB667C192B6A1
:10EE4C00949672B6257044B6B91B1BB61245EDB537
:10EE5C00C215AEB5BF6071B57A2C1AB52D0DADB417
:10EE6C002D7219B4321C19B3009E05290000000044
:10EE7C003A1C99B625C819B7378867B772D39AB7B1
:10EE8C00A0FDC1B7752DE9B7882608B8F4A21BB848
:10EE9C006C002FB8103342B8BE2E55B813E767B8C4
:10EEAC00704F7AB8832D86B86AFE8EB8DC9397B80B
:10EEBC0033E79FB8C2F1A7B8CFACAFB89D11B7B8C4
:10EECC006D19BEB881BDC4B823F7CAB8A9BFD0B8F4
:10EEDC007510D6B8FEE2DAB8D130DFB898F3E2B8E4
:10EEEC001C25E6B84BBFE8B83ABCEAB82D16ECB80E
:10EEFC009AC7ECB82BCBECB8C41BECB88BB4EAB803
:10EF0C00E690E8B882ACE5B85803E2B8B291DDB847
:10EF1C002B54D8B8B647D2B8A169CBB89AB7C3B8F6
:10EF2C00AF2FBBB857D0B1B86F98A7B841879CB872
:10EF3C00879C90B86DD883B823776CB8168E4FB871
:10EF4C00D3F830B86DBB10B8E7B5DDB7E0BA96B7FB
:10EF5C00AD2719B74721AF33DEF72137743EA437FD
:10EF6C008A60FA3701A52938557057381242833810
:10EF7C00A9689B38E323B438366BCD389C35E73819
:10EF8C00CABC003995160E39F9A21B39875C293990
:10EF9C00993D373956404539AE5E533962926139E5
:10EFAC0003D56F39F41F7E3938368639C5598D39FA
:10EFBC0017779439948A9B399390A2395A85A93939
:10EFCC002765B0392A2CB7398DD6BD397160C43953
:10EFDC00F2C5CA392A03D1392F14D7391BF5DC39BC
:10EFEC0009A2E2391817E8396F50ED393E4AF23967
:10EFFC00BE00F7393770FB390295FF39C2B5013ABB
:10F00C001F78033ADE0F053A577B063AEAB8073AFF
:10F01C0008C7083A31A4093AF54E0A3AF4C50A3A37
:10F02C00E3070B3A88130B3ABEE70A3A77830A3A9E
:10F03C00B9E5093AA20D093A6AFA073A5EAB063A03
:10F04C00E81F053A8C57033AE851013A701DFE3916
:10F05C00A41BF939569EF339ADA5ED390A32E739BF
:10F06C000C44E03991DCD839B8FCD039DDA5C8396D
:10F07C009DD9BF39D699B639A8E8AC3973C8A2392D
:10F08C00D93B9839BB458D393CE9813981536C3971
:10F09C00D61554393C213B39F67D2139BF3407391B
:10F0AC009A9DD8389AABA1387A4F5338919CC23775
:10F0BC00210394B6E9EE07B807CE7EB87B76BBB8D1
:10F0CC00BA0CF8B8F6871AB9C93239B946F957B932
:10F0DC0094CD76B9C9D08AB970339AB97387A9B966
:10F0EC006CC5B8B9DCE5C7B934E1D6B9D2AFE5B96E
:10F0FC000A4AF4B9125401BA336108BA88480FBAF3
:10F10C00340616BA5A961CBA25F522BAC41E29BA68
:10F11C00700F2FBA6CC334BA09373ABAA4663FBA27
:10F12C00AC4E44BAA2EB48BA1C3A4DBAC73651BAE7
:10F13C0067DE54BADC2D58BA20225BBA4DB85DBAE2
:10F14C009DED5FBA6DBF61BA3B2B63BAAC2E64BA4E
:10F15C008DC764BAD4F364BAA0B164BA3DFF63BA84
:10F16C0025DB62BA024461BAAC385FBA2FB85CBA1C
:10F17C00C9C159BAEE5456BA457152BAAC164EBA08
:10F18C00394549BA39FD43BA343F3EBAE80B38BA6F
:10F19C00506431BAA0492ABA46BD22BAECC01ABA98
:10F1AC00785612BA088009BAF83F00BABB31EDB9EB
:10F1BC000E1BD9B9FF41C4B914ADAEB9436398B9AC
:10F1CC00F56B81B9FC9D53B9402923B91716E3B8E7
:10F1DC0003567BB8D1B831B7843C26383C2CBE38AA
:10F1EC0049641539D4634C3925FF81394B0E9E394E
:10F1FC008853BA39C2C2D6399B4FF339BDF6073A98
:10F20C00C747163A6994243A0CD6323A0206413A68
:10F21C008F1D4F3AE8155D3A35E86A3A9A8D783A7F
:10F22C0099FF823A0D9B893AB615903A266C963A1C
:10F23C00F29A9C3AB39EA23A0C74A83AA817AE3A2A
:10F24C003B86B33A89BCB83A61B7BD3AA473C23AAB
:10F25C0043EEC63A4224CB3ABB12CF3ADEB6D23A90
:10F26C00F30DD63A5D15D93A98CADB3A3E2BDE3A05
:10F27C000735E03ACDE5E13A883BE33A5534E43AD8
:10F28C0074CEE43A4B08E53A66E0E43A7A55E43A4F
:10F29C006366E33A2912E23AFF57E03A4237DE3A24
:10F2AC007FAFDB3A6EC0D83AF769D53A31ACD13A78
:10F2BC006287CD3A02FCC83AB90AC43A5EB4BE3A87
:10F2CC00FCF9B83ACFDCB23A445EAC3AFA7FA53AD4
:10F2DC00C0439E3A99AB963AB7B98E3A7E70863A4D
:10F2EC0000A57B3A03C5693AE846573AF030443AF0
:10F2FC00B789303A2F581C3AA5A3073A72E7E4397C
:10F30C00B7A0B9399E838D3982424139462DCC380C
:10F31C008B811A372CC7A7B8E26532B9A9DB88B93B
:10F32C00C7D7B8B9B512E9B9BDBB0CBA66F824BADF
:10F33C0083343DBA236555BA347F6DBAC5BB82BAE6
:10F34C0073A18EBAFA6A9ABAAD12A6BAD992B1BAA8
:10F35C00CFE5BCBADC05C8BA58EDD2BA9E96DDBA78
:10F36C0014FCE7BA2F18F2BA71E5FBBA37AF02BB3F
:10F37C00EA3E07BB309F0BBB79CD0FBB41C713BB1C
:10F38C00148A17BB91131BBB67611EBB5B7121BB3E
:10F39C00454124BB16CF26BBD41829BB9F1C2BBBC5
:10F3AC00B0D82CBB5C4B2EBB15732FBB674E30BB40
:10F3BC00FFDB30BBA81A31BB4D0931BBFCA630BBFF
:10F3CC00E2F22FBB4FEC2EBBB9922DBBB7E52BBB9A
:10F3DC0005E529BB869027BB42E824BB65EC21BB25
:10F3EC00459D1EBB5CFB1ABB4B0717BBDEC112BB9A
:10F3FC00032C0EBBD24609BB8C1304BB2C27FDBAC5
:10F40C00FB90F1BAEE67E5BABAAFD8BA606CCBBA7A
:10F41C002DA2BDBAB755AFBADF8BA0BACA4991BA03
:10F42C00E79481BACBE562BA75D341BA33FF1FBA00
:10F43C00D4EBFAB9F389B4B9CBE859B9AF1E91B88A
:10F44C00947B953862C25F395E20BB39727E033A79
:10F45C0048AB293A5006503AE07E763A09828E3A09
:10F46C0064C2A13AD8F7B43AAB19C83A0F1FDB3AC9
:10F47C002BFFED3A8F58003BFE95093B70B3123BC6
:10F48C0071AC1B3B937C243B6A1F2D3B9590353B09
:10F49C00BBCB3D3B90CC453BD48E4D3B590E553BA5
:10F4AC0002475C3BC634633BB3D3693BEE1F703BF6
:10F4BC00B815763B6BB17B3BC277803B4EE6823B0B
:10F4CC00B722853B6F2B873BF8FE883BE99B8A3B39
:10F4DC00ED008C3BC62C8D3B4A1E8E3B67D48E3B7D
:10F4EC00224E8F3B9C8A8F3B09898F3BBD488F3BBB
:10F4FC0021C98E3BBC098E3B310A8D3B3BCA8B3BF1
:10F50C00B5498A3B9688883BF186863BF544843B1B
:10F51C00F2C2813BA7027E3B4401783B0B83713BDB
:10F52C0086896A3B7B16633BED2B5B3B18CC523BCD
:10F53C0074F9493BB4B6403BC406373BC9EC2C3B91
:10F54C00216C223B6188173B54450C3BFBA6003BCE
:10F55C001663E93AD6D2D03A65A6B73A56E79D3A41
:10F56C00929F833AC0B2513AAE3E1B3A8AF1C739E8
:10F57C00C0DD2F3922E54AB8F6C18BB90B11FFB9A2
:10F58C00778C39BAEAD373BACB2297BAEF63B4BA91
:10F59C006AA0D1BA27CBEEBA7AEB05BB455B14BB9C
:10F5AC004AAE22BBD7DD30BB3BE33EBBC4B74CBB42
:10F5BC00C4545ABB97B367BB9FCD74BB27CE80BBDB
:10F5CC00920C87BBDC1E8DBBDB0193BB70B298BB6E
:10F5DC008C2D9EBB3270A3BB7177A8BB7040ADBBAA
:10F5EC0068C8B1BBA70CB6BB940ABABBAEBFBDBB57
:10F5FC008F29C1BBE945C4BB9012C7BB708DC9BB79
:10F60C0099B4CBBB3986CDBBA100CFBB4222D0BBBA
:10F61C00B3E9D0BBB055D1BB1965D1BBF516D1BB85
:10F62C00736AD0BBE95ECFBBD6F3CDBBE428CCBBB1
:10F63C00E5FDC9BBD672C7BBDF87C4BB543DC1BB9C
:10F64C00B593BDBBAB8BB9BB0D26B5BBDF63B0BBF4
:10F65C004E46ABBBB6CEA5BB9DFE9FBBB4D799BBEC
:10F66C00D95B93BB138D8CBB946D85BB6DFF7BBB42
:10F67C00028C6CBB3E865CBBCCF34BBBA0DA3ABBBA
:10F68C00FC4029BB6C2D17BBC1A604BB2568E3BA93
:10F69C0070B9BCBA965095BA837A5ABA231F09BA74
:10F6AC008CC05AB99D84E538B0C0E139CCBB453A21
:10F6BC00768F8D3A8F72B83A9D74E33A6A41073B64
:10F6CC0017C51C3BBE3B323BB49B473B41DB5C3B11
:10F6DC00A1F0713B0669833BDCBA8D3BEEE8973BAE
:10F6EC005EEEA13B50C6AB3BF46BB53B81DABE3B47
:10F6FC003D0DC83B7BFFD03BA1ACD93B2610E23B78
:10F70C009825EA3B9DE8F13BF354F93B3B33003C35
:10F71C00908C033C85B4063C37A9093CD7680C3C5B
:10F72C00A9F10E3C0242113C5058133C1433153CC9
:10F73C00E8D0163C7C30183C9A50193C23301A3CCB
:10F74C0015CE1A3C85291B3CA6411B3CC7151B3CFE
:10F75C0052A51A3CD0EF193CE5F4183C55B4173CB3
:10F76C00032E163CED61143C3550123C19F90F3C3C
:10F77C00F85C0D3C4F7C0A3CBB57073CFBEF033C51
:10F78C00EB45003C11B5F83BDD5DF03BB288E73B47
:10F79C004438DE3B856FD43BA531CA3B0E82BF3B60
:10F7AC006664B43B8CDCA83B98EE9C3BDA9E903BA9
:10F7BC00D7F1833B93D86D3B3D26533BE7D6373B84
:10F7CC002EF51B3B0D18FF3A7B4DC53AE7A18A3A43
:10F7DC00585A1E3ACE3D1839D6D5A6B9CFE14DBAF6
:10F7EC00AC90A4BA657AE2BAAC4910BB37602FBBB7
:10F7FC0024734EBBA5746DBB682B86BBD48595BB9F
:10F80C0090C2A4BB94DAB3BBD4C6C2BB4880D1BBF4
:10F81C00EEFFDFBBCB3EEEBBF135FCBB40EF04BCD7
:10F82C00D4980BBC5A1412BC825E18BC09741EBC52
:10F83C00BC5124BC7AF429BC34592FBCED7C34BCAB
:10F84C00C25C39BCE2F53DBC974542BC464946BC5E
:10F85C006DFE49BCA7624DBCB07350BC5F2F53BC4E
:10F86C00AE9355BCB99E57BCBD4E59BC1EA25ABCDA
:10F87C0061975BBC362D5CBC70625CBC0C365CBCAE
:10F88C002EA75BBC25B55ABC6B5F59BCA2A557BC57
:10F89C009A8755BC4D0553BCE31E50BCAFD44CBC31
:10F8AC00332749BC1C1745BC46A540BCB9D23BBC50
:10F8BC00AAA036BC7E1031BCC3232BBC37DC24BCC5
:10F8CC00C33B1EBC7C4417BCA3F80FBCA35A08BC9A
:10F8DC00116D00BC5C65F0BBC15CDFBB72C6CDBBFF
:10F8EC00DBA8BBBBB50AA9BB01F395BB0A6982BBFC
:10F8FC00B4E85CBB843934BB9ED40ABB2895C1BA2E
:10F90C00B0B158BA57B930B96C18023AE6EC983A1B
:10F91C00D265F13AA628253B88C4513B31737E3B16
:10F92C008490953B22DDAB3B7B15C23B872FD83BAC
:10F93C003221EE3B32F0013C7FB10C3C724F173C54
:10F94C0001C5213C270D2C3CE522363C4801403CAE
:10F95C0067A3493C6A04533C871F5C3C08F0643C39
:10F96C004C716D3CCA9E753C11747D3C6776823C33
:10F97C006502863CF75B893C24818C3C03708F3C90
:10F98C00C026923C9AA3943CE5E4963C0CE9983C46
:10F99C0091AE9A3C0C349C3C2F789D3CC6799E3C95
:10F9AC00B6379F3C00B19F3CBFE49F3C2CD29F3CA0
:10F9BC009D789F3C84D79E3C73EE9D3C1ABD9C3C2D
:10F9CC0046439B3CE580993C0676973CD622953C79
:10F9DC00A287923CDAA48F3C0B7B8C3CE60A893CD8
:10F9EC003A55853CF95A813C673A7A3C363A713C37
:10F9FC0004B8673CB5B65D3C6B39533C8843483C16
:10FA0C00ABD83C3CB1FC303CB1B3243CFE01183CBF
:10FA1C0022EC0A3CC4EDFA3B6D4EDF3B9C04C33B2D
:10FA2C00141BA63BF99C883B9E2B553BE622183BAE
:10FA3C006370B43A6824DC398A790FBACEACC7BA91
:10FA4C00C24824BB3B1A65BB931793BBB6B5B3BB7B
:10FA5C005159D4BB01F4F4BBA3BB0ABC3EEA1ABC9B
:10FA6C0078FE2ABCEDF03ABC35BA4ABCE3525ABC1B
:10FA7C0090B369BCD4D478BCAAD783BCDE1D8BBC34
:10FA8C00633992BCA12699BC07E29FBC1368A6BC43
:10FA9C004FB5ACBC54C6B2BCCD97B8BC7826BEBC76
:10FAAC00246FC3BCBA6EC8BC3722CDBCB286D1BCE5
:10FABC005C99D5BC8357D9BC91BEDCBC0FCCDFBCE8
:10FACC00A57DE2BC1FD1E4BC6AC4E6BC9755E8BC7A
:10FADC00DC82E9BC974AEABC4CABEABCA8A3EABC02
:10FAEC008232EABCDA56E9BCDF0FE8BCE85CE6BC63
:10FAFC007C3DE4BC4EB1E1BC42B8DEBC6752DBBC21
:10FB0C00FF7FD7BC7B41D3BC7A97CEBCCF82C9BC1C
:10FB1C007C04C4BCB31DBEBCD9CFB7BC821CB1BC69
:10FB2C007405AABCA48CA2BC3AB49ABC8B7E92BCC1
:10FB3C001DEE89BCA50581BC0C906FBCA2705CBC91
:10FB4C0088B348BC915F34BCE87B1FBC0B100ABC6B
:10FB5C009747E8BB937EBBBBE7D58DBB06BE3EBBD0
:10FB6C00A8AFC0BA2C4F1EB7D190C03A3835423B23
:10FB7C000B80923B0C40C43BC345F63BF83D143C18
:10FB8C007D662D3C7C91463CDBB35F3C5EC2783C91
:10FB9C00D8D8883C303B953C7682A13CE1A8AD3C62
:10FBAC00A4A8B93CEC7BC53CEA1CD13CCD85DC3C23
:10FBBC00CAB0E73C1D98F23C0B36FD3C72C2033DCB
:10FBCC0084BF083D738F0D3D802F123DF89C163D70
:10FBDC0033D51A3D97D51E3D999B223DBC24263D1D
:10FBEC00976E293DD1762C3D243B2F3D61B9313D9B
:10FBFC006FEF333D48DB353D037B373DCCCC383D97
:10FC0C00EECE393DCC7F3A3DE5DD3A3DD7E73A3D86
:10FC1C00609C3A3D59FA393DBF00393DAEAE373D97
:10FC2C006503363D46FE333DD49E313DBAE42E3D50
:10FC3C00C5CF2B3DE75F283D3B95243D0070203D13
:10FC4C009DF01B3DA117173DC0E5113DDA5B0C3D46
:10FC5C00F57A063D4044003D2672F33CDFB5E53CA9
:10FC6C00FD56D73C2659C83C51C0B83CC790A83C5F
:10FC7C0022CF973C4C80863C0153693C92A0443C7B
:10FC8C00FDF41E3C1EB9F03B5AC8A13B5465223B07
:10FC9C00D6CFEBB79AEB28BBE94CA9BBA951FFBB5C
:10FCAC00C2312BBC713057BCCCC981BCB92498BCB7
:10FCBC00DD9FAEBCE131C5BC33D1DBBC0C74F2BCF6
:10FCCC00398804BD1FCE0FBD8C061BBD402C26BD34
:10FCDC00E53931BD162A3CBD5AF746BD2A9C51BDAB
:10FCEC00F1125CBD0D5666BDD45F70BD8F2A7ABD16
:10FCFC0042D881BDF87586BD87EB8ABD0C368FBDA9
:10FD0C00A25293BD663E97BD77F69ABDF6779EBD1F
:10FD1C0007C0A1BDD3CBA4BD8998A7BD5B23AABD49
:10FD2C008669ACBD4C68AEBDFA1CB0BDE584B1BDF6
:10FD3C006E9DB2BD0164B3BD16D6B3BD32F1B3BD79
:10FD4C00EBB2B3BDE118B3BDC820B2BD64C8B0BD41
:10FD5C00870DAFBD1AEEACBD1668AABD8979A7BDDB
:10FD6C009420A4BD6E5BA0BD64289CBDDB8597BDB3
:10FD7C004B7292BD48EC8CBD7CF286BDAB8380BDD2
:10FD8C00653D73BD118564BD7DDC54BD034244BD2E
:10FD9C0033B432BDD13120BDDFB90CBD2697F0BCD8
:10FDAC00BDCCC5BCDA1399BC8FD854BC1659E7BB73
:10FDBC0056516ABAEE76B43BD2F1463CE3BC9B3C5E
:10FDCC0015E7D53C3BFA083DC3F0273D26D5473D0A
:10FDDC002DA5683D332F853D137F963DC340A83D2F
:10FDEC00B372BA3D3713CD3D8620E03DBE98F33D4E
:10FDFC00EFBC033EE6E00D3E2A37183E93BE223E92
:10FE0C00EF752D3EFB5B383E6C6F433EEAAE4E3ECB
:10FE1C0011195A3E71AC653E9267713EEF487D3EBA
:10FE2C007DA7843E0EBC8A3E5AE1903E8B16973ECF
:10FE3C00C95A9D3E37ADA33EF30CAA3E1A79B03E8B
:10FE4C00C4F0B63E0673BD3EF3FEC33E9A93CA3E63
:10FE5C000A30D13E4DD3D73E6E7CDE3E742AE53E51
:10FE6C0067DCEB3E4C91F23E2848F93E0000003F27
:10FE7C00EC5B033F5AB7063FCD110A3FC66A0D3FF4
:10FE8C00C9C1103F5916143FFB67173F33B61A3FD1
:10FE9C0086001E3F7D46213F9E87243F73C3273F2C
:10FEAC0086F92A3F65292E3F9B52313FBA74343F65
:10FEBC00538F373FF9A13A3F41AC3D3FC4AD403F72
:10FECC001BA6433FE494463FBC79493F45544C3F05
:10FEDC0025244F3F01E9513F84A2543F5B50573FCB
:10FEEC0036F2593FC6875C3FC4105F3FE88C613FD8
:10FEFC00EFFB633F995D663FAAB1683FE8F76A3F45
:10FF0C001E306D3F1A5A6F3FAD75713FAE82733F15
:10FF1C00F480753F5C70773FC750793F19227B3F67
:10FF2C0039E47C3F12977E3F4A1D803F59E7803F62
:10FF3C00B1A9813F4F64823F3317833F5DC2833F3A
:10FF4C00CF65843F8F01853FA295853F1022863F68
:10FF5C00E4A6863F2824873FEB99873F3B08883FE0
:10FF6C00286F883FC5CE883F2527893F5E78893F1B
:10FF7C0086C2893FB7058A3F09428A3F99778A3FF3
:10FF8C0081A68A3FE2CE8A3FD8F08A3F860C8B3F0F
:10FF9C000D228B3F8E318B3F2F3B8B3F133F8B3F83
:10FFAC00613D8B3F40368B3FD7298B3F4E188B3FA3
:10FFBC00D0018B3F85E68A3F98C68A3F36A28A3F9E
:10FFCC0089798A3FBD4C8A3F001C8A3F7FE7893F75
:10FFDC0067AF893FE673893F2A35893F61F3883FD4
:10FFEC00B8AE883F6067883F841D883F54D1873FF7
:04FFFC00FF82873FBA
:02000004600199
:10000000B032873F98E0863FE18C863FBB37863F22
:1000100051E1853FCF89853F6231853F34D8843FA8
:10002000717E843F4224843FD0C9833F456F833F24
:10003000C814833F7FBA823F9360823F2707823F85
:1000400061AE813F6356813F52FF803F4DA9803FA3
:100050007654803FEC00803F9B5D7F3F6FBC7E3FCE
:100060008E1E7E3F2C847D3F7EED7C3FB45A7C3FCC
:10007000FECB7B3F87417B3F7ABB7A3FFD397A3F9E
:1000800037BD793F4845793F51D2783F6F64783F1B
:10009000BCFB773F5198773F423A773FA4E1763FE8
:1000A000868E763FF640763F00F9753FACB6753FD9
:1000B000027A753F0443753FB411753F13E6743FF0
:1000C0001CC0743FCA9F743F1585743FF46F743F22
:1000D0005A60743F3A56743F8351743F2252743FC2
:1000E0000358743F1163743F3373743F5088743FF7
:1000F0004CA2743F09C1743F6AE4743F4E0C753FD3
:100100009338753F1769753FB49D753F46D6753F67
:10011000A712763FAD52763F3196763F08DD763FA7
:100120000927773F0874773FD9C3773F5016783F48
:100130003F6B783F7AC2783FD21B793F1977793F7E
:1001400021D4793FBB327A3FB9927A3FECF37A3FC0
:1001500027567B3F39B97B3FF71C7C3F31817C3F81
:10016000BAE57C3F664A7D3F08AF7D3F74137E3F12
:1001700080777E3F00DB7E3FCB3D7F3FB89F7F3F58
:100180004F00803F2C30803F5F5F803FD68D803FA7
:100190007FBB803F48E8803F2014813FF83E813F8D
:1001A000BF68813F6791813FE1B8813F20DF813F98
:1001B0001704823FB827823FFA49823FD16A823FC3
:1001C000338A823F16A8823F72C4823F3FDF823F5C
:1001D00077F8823F1210833F0B26833F5E3A833FBE
:1001E000064D833F005E833F4A6D833FE17A833F44
:1001F000C586833FF690833F7499833F3FA0833F3A
:100200005BA5833FCAA8833F8FAA833FADAA833FE4
:100210002AA9833F0BA6833F56A1833F129B833FAE
:100220004593833FF789833F307F833FFA72833F53
:100230005E65833F6556833F1B46833F8934833F1A
:10024000BB21833FBD0D833F9AF8823F5FE2823F2F
:1002500019CB823FD5B2823FA099823F887F823FEF
:100260009B64823FE648823F772C823F5F0F823F4C
:10027000AAF1813F67D3813FA6B4813F7495813F46
:10028000E275813FFD55813FD435813F7715813F30
:10029000F4F4803F59D4803FB6B3803F1893803F39
:1002A0008D72803F2452803FEB31803FEF11803FC1
:1002B0007BE47F3FC8A57F3FDD677F3FD42A7F3F38
:1002C000C6EE7E3FCAB37E3FF7797E3F63417E3FF5
:1002D000240A7E3F4FD47D3FF89F7D3F316D7D3FA7
:1002E0000D3C7D3F9D0C7D3FF2DE7C3F1AB37C3F91
:1002F00025897C3F20617C3F173B7C3F16177C3F64
:1003000028F57B3F56D57B3FA9B77B3F289C7B3F99
:10031000D9827B3FC36B7B3FE9567B3F50447B3F99
:10032000F9337B3FE6257B3F171A7B3F8C107B3FE1
:1003300044097B3F3B047B3F6F017B3FDA007B3FFF
:1003400078027B3F42067B3F320C7B3F3F147B3F72
:10035000601E7B3F8B2A7B3FB8387B3FD9487B3F71
:10036000E35A7B3FCA6E7B3F80847B3FF79B7B3F9A
:1003700020B57B3FEDCF7B3F4DEC7B3F300A7C3F90
:1003800085297C3F3B4A7C3F406C7C3F828F7C3F91
:10039000EEB37C3F72D97C3FFBFF7C3F74277D3FEF
:1003A000CB4F7D3FEC787D3FC2A27D3F3ACD7D3F74
:1003B0003FF87D3FBE237E3FA14F7E3FD57B7E3FF2
:1003C00046A87E3FDFD47E3F8D017F3F3B2E7F3F9F
:1003D000D75A7F3F4D877F3F8AB37F3F7ADF7F3F8A
:1003E0008605803F161B803F6530803F6A45803F11
:1003F0001D5A803F746E803F6982803FF395803F35
:100400000BA9803FA9BB803FC6CD803F5DDF803F09
:1004100065F0803FDA00813FB510813FF11F813FD9
:10042000892E813F773C813FB849813F4856813FC3
:100430002162813F416D813FA577813F4B81813FA3
:100440002E8A813F4E92813FA999813F3EA0813FF4
:100450000BA6813F0FAB813F4BAF813FBFB2813FC6
:100460006AB5813F4EB7813F6CB8813FC5B8813FC7
:100470005AB8813F2FB7813F44B5813F9DB2813F3C
:100480003DAF813F27AB813F5FA6813FE7A0813F22
:10049000C59A813FFD93813F938C813F8B84813F3F
:1004A000EC7B813FBA72813FFA68813FB25E813F47
:1004B000E953813FA348813FE83C813FBD30813F04
:1004C0002924813F3217813FDE09813F36FC803F7E
:1004D0003FEE803F00E0803F80D1803FC7C2803F39
:1004E000DBB3803FC3A4803F8695803F2B86803F4F
:1004F000BA76803F3A67803FB057803F2548803FBB
:100500009F38803F2429803FBC19803F6D0A803F7F
:100510007CF67F3F69D87F3FAFBA7F3F599D7F3FD1
:1005200074807F3F0B647F3F29487F3FDA2C7F3FF9
:1005300027127F3F1CF87E3FC2DE7E3F23C67E3FF0
:1005400047AE7E3F37977E3FFC807E3F9D6B7E3F70
:1005500021577E3F8F437E3FEF307E3F441F7E3FDB
:10056000960E7E3FE8FE7D3F40F07D3FA1E27D3F5D
:100570000FD67D3F8CCA7D3F1CC07D3FBFB67D3FFF
:1005800078AE7D3F48A77D3F2FA17D3F2C9C7D3FCE
:1005900041987D3F6B957D3FA9937D3FF9927D3FCB
:1005A0005A937D3FC8947D3F3F977D3FBE9A7D3FE4
:1005B0003E9F7D3FBCA47D3F34AB7D3F9FB27D3FDE
:1005C000F8BA7D3F39C47D3F5DCE7D3F5BD97D3F2D
:1005D0002EE57D3FCEF17D3F33FF7D3F560D7E3FC3
:1005E0002F1C7E3FB52B7E3FE03B7E3FA74C7E3FDE
:1005F000015E7E3FE66F7E3F4B827E3F28957E3FC9
:1006000073A87E3F23BC7E3F2ED07E3F8AE47E3F90
:100610002EF97E3F0F0E7F3F25237F3F64387F3FBB
:10062000C44D7F3F3B637F3FBF787F3F468E7F3F18
:10063000C7A37F3F38B97F3F91CE7F3FC8E37F3F5D
:10064000D4F87F3FD606803F2411803F4F1B803F68
:100650005425803F2E2F803FDA38803F5342803F21
:10066000974B803FA154803F6D5D803FFA65803F8E
:10067000436E803F4676803F007E803F6E85803FA0
:100680008D8C803F5C93803FD899803FFF9F803F57
:10069000CFA5803F46AB803F64B0803F26B5803F0A
:1006A0008CB9803F94BD803F3DC1803F88C4803F6E
:1006B00073C7803FFEC9803F29CC803FF4CD803F87
:1006C0005FCF803F6AD0803F17D1803F65D1803FA8
:1006D00056D1803FEAD0803F22D0803F01CF803F7B
:1006E00086CD803FB5CB803F8DC9803F13C7803F0B
:1006F00046C4803F2AC1803FC0BD803F0BBA803FC7
:100700000DB6803FC8B1803F40AD803F77A8803FA5
:1007100070A3803F2E9E803FB298803F0293803F1F
:100720001F8D803F0D87803FCE80803F677A803F5E
:10073000DA73803F2A6D803F5C66803F725F803F46
:100740006F58803F5751803F2E4A803FF642803F8E
:10075000B33B803F6834803F192D803FC925803FDF
:100760007A1E803F3217803FF10F803FBC08803FE8
:100770009601803F02F57F3F02E77F3F30D97F3F00
:1007800093CB7F3F30BE7F3F0CB17F3F2DA47F3F97
:1007900097977F3F4E8B7F3F597F7F3FBB737F3F54
:1007A00078687F3F945D7F3F13537F3FF9487F3FD9
:1007B000493F7F3F07367F3F342D7F3FD4247F3F23
:1007C000EA1C7F3F76157F3F7D0E7F3FFF077F3F0F
:1007D000FD017F3F7AFC7E3F76F77E3FF2F27E3F5F
:1007E000EFEE7E3F6DEB7E3F6CE87E3FECE57E3FBB
:1007F000EDE37E3F6EE27E3F6FE17E3FEEE07E3FC7
:10080000EBE07E3F64E17E3F57E27E3FC3E37E3F05
:10081000A6E57E3FFEE77E3FC8EA7E3F02EE7E3FD2
:10082000A9F17E3FBBF57E3F33FA7E3F10FF7E3F4E
:100830004F047F3FEA097F3FE00F7F3F2C167F3F49
:10084000CB1C7F3FB9237F3FF22A7F3F71327F3F2E
:10085000333A7F3F34427F3F6F4A7F3FE1527F3FD1
:10086000835B7F3F54647F3F4D6D7F3F6A767F3F60
:10087000A77F7F3F00897F3F70927F3FF39B7F3F41
:1008800084A57F3F1FAF7F3FBFB87F3F60C27F3FE0
:10089000FECB7F3F95D57F3F20DF7F3F9CE87F3FAA
:1008A00004F27F3F54FB7F3F4402803FCF06803FEE
:1008B000490B803FAF0F803F0014803F3A18803FC4
:1008C0005D1C803F6520803F5224803F2328803F6D
:1008D000D52B803F692F803FDB32803F2C36803F15
:1008E0005A39803F643C803F4A3F803F0A42803F04
:1008F000A344803F1647803F6149803F844B803F3F
:100900007E4D803F4F4F803FF650803F7452803F76
:10091000C853803FF354803FF355803FC956803F12
:100920007657803FF957803F5358803F8558803F26
:100930008D58803F6E58803F2758803FBA57803F80
:100940002657803F6C56803F8E55803F8C54803FA9
:100950006853803F2152803FB950803F314F803FE4
:100960008A4D803FC54B803FE449803FE747803F49
:10097000D045803F9F43803F5841803FF93E803FB4
:10098000863C803FFF39803F6637803FBB34803FE5
:100990000132803F392F803F652C803F8529803F81
:1009A0009B26803FA823803FAF20803FB01D803F23
:1009B000AD1A803FA717803F9F14803F9811803F5A
:1009C000910E803F8D0B803F8E08803F9305803FC6
:1009D0009F02803F65FF7F3F9FF97F3FECF37F3FA2
:1009E00050EE7F3FCCE87F3F63E37F3F17DE7F3FE2
:1009F000EAD87F3FDED37F3FF4CE7F3F2ECA7F3FD2
:100A00008FC57F3F17C17F3FC8BC7F3FA3B87F3FE3
:100A1000AAB47F3FDEB07F3F40AD7F3FD1A97F3F8B
:100A200092A67F3F83A37F3FA6A07F3FFB9D7F3F92
:100A3000829B7F3F3C997F3F2A977F3F4B957F3F2B
:100A4000A0937F3F28927F3FE4907F3FD48F7F3FEA
:100A5000F78E7F3F4D8E7F3FD58D7F3F908D7F3FBF
:100A60007C8D7F3F998D7F3FE68D7F3F628E7F3FFC
:100A70000D8F7F3FE58F7F3FEA907F3F1B927F3F47
:100A800075937F3FF9947F3FA5967F3F77987F3F8F
:100A90006E9A7F3F899C7F3FC69E7F3F24A17F3F08
:100AA000A2A37F3F3DA67F3FF4A87F3FC6AB7F3F19
:100AB000B1AE7F3FB3B17F3FCAB47F3FF5B77F3F51
:100AC00032BB7F3F80BE7F3FDDC17F3F46C57F3F5A
:100AD000BBC87F3F39CC7F3FBECF7F3F4AD37F3FEC
:100AE000DBD67F3F6EDA7F3F02DE7F3F96E17F3FBE
:100AF00028E57F3FB6E87F3F3EEC7F3FC0EF7F3F7A
:100B00003AF37F3FAAF67F3F0FFA7F3F67FD7F3FB3
:100B10005900803FF701803F8C03803F1905803FDB
:100B20009D06803F1708803F8609803FEB0A803F83
:100B3000440C803F920D803FD30E803F0810803FD1
:100B40003011803F4B12803F5813803F5814803F34
:100B50004915803F2D16803F0117803FC817803F01
:100B60008018803F2919803FC319803F4E1A803F6B
:100B7000CB1A803F381B803F971B803FE71B803F8D
:100B8000281C803F5B1C803F801C803F961C803F60
:100B90009E1C803F991C803F861C803F651C803FC7
:100BA000381C803FFE1B803FB71B803F641B803F8B
:100BB000061B803F9C1A803F271A803FA719803F61
:100BC0001D19803F8A18803FED17803F4717803FEF
:100BD0009816803FE215803F2415803F5F14803FC8
:100BE0009313803FC112803FE911803F0C11803F79
:100BF0002B10803F450F803F5B0E803F6E0D803F86
:100C00007E0C803F8C0B803F980A803FA309803F79
:100C1000AD08803FB607803FC006803FCA05803FD1
:100C2000D404803FE003803FEE02803FFE01803F1E
:100C30001001803F2500803F7BFE7F3FB3FC7F3F5C
:100C4000F3FA7F3F3BF97F3F8DF77F3FE8F57F3F2A
:100C50004EF47F3FBFF27F3F3BF17F3FC3EF7F3FCB
:100C600057EE7F3FF9EC7F3FA7EB7F3F63EA7F3F83
:100C70002DE97F3F05E87F3FEBE67F3FE0E57F3FE3
:100C8000E4E47F3FF7E37F3F1AE37F3F4BE27F3FA0
:100C90008CE17F3FDDE07F3F3CE07F3FACDF7F3F8B
:100CA0002ADF7F3FB8DE7F3F55DE7F3F01DE7F3F9B
:100CB000BDDD7F3F87DD7F3F5FDD7F3F46DD7F3FDF
:100CC0003BDD7F3F3EDD7F3F4FDD7F3F6CDD7F3F84
:100CD00097DD7F3FCEDD7F3F12DE7F3F61DE7F3FCE
:100CE000BCDE7F3F22DF7F3F93DF7F3F0DE07F3F12
:100CF00092E07F3F20E17F3FB7E17F3F56E27F3FB9
:100D0000FDE27F3FACE37F3F61E47F3F1DE57F3F36
:100D1000E0E57F3FA7E67F3F74E77F3F45E87F3F01
:100D20001AE97F3FF3E97F3FCFEA7F3FAEEB7F3F9A
:100D30008FEC7F3F71ED7F3F55EE7F3F39EF7F3F77
:100D40001EF07F3F03F17F3FE7F17F3FCAF27F3F15
:100D5000ACF37F3F8CF47F3F6AF57F3F46F67F3FE1
:100D60001FF77F3FF4F77F3FC6F87F3F95F97F3F3E
:100D70005FFA7F3F25FB7F3FE6FB7F3FA2FC7F3F83
:100D800059FD7F3F0BFE7F3FB8FE7F3F5EFF7F3FF9
:100D9000FFFF7F3F4D00803F9700803FDE00803F98
:100DA0002101803F6201803F9F01803FD901803F48
:100DB0000F02803F4202803F7202803F9E02803FCE
:100DC000C702803FED02803F0F03803F2E03803F2C
:100DD0004903803F6103803F7603803F8803803F63
:100DE0009703803FA203803FAB03803FB003803F67
:100DF000B303803FB303803FB003803FAB03803F2A
:100E0000A303803F9903803F8C03803F7D03803F95
:100E10006C03803F5803803F4303803F2C03803F97
:100E20001303803FF802803FDC02803FBF02803F17
:100E3000A002803F8002803F5E02803F3C02803FF4
:100E40001902803FF501803FD001803FAA01803F19
:100E50008401803F5E01803F3701803F1001803F69
:100E6000E900803FC200803F9B00803F7400803FCC
:100E70004D00803F2600803F0000803F00005C4224
:100E8000A4F07642DFCF8242FED4924262D0A442E6
:100E90002F9DAE427DFFC3420000DC420000DC42D9
:100EA0005CCF244300005C43A4D08243A4D0A4437D
:100EB0000000C443A4F0F643A4D024440000000082
:100EC00000000000016000000000000000000000C1
:100ED000694C00000000000000000000B156000056
:100EE0009969000095690000916900008D69000012
:100EF0008969000085690000816900000000000028
:100F000000000000A5490000394700009D4A00008C
:100F10003D470000D549000000000000000000002F
:100F20001977000045770000AD56000015770000E6
:100F3000D1760000DD760000FD76000000000000A4
:100F400000000000FD350000455000004950000041
:100F50005150000059500000A2000000F9A200000A
:100F600083F9A2006E83F9A24E6E83F9444E6E831C
:100F700015444E6E2915444EFC29154427FC2915AD
:100F80005727FC29D15727FCF5D1572734F5D157DE
:100F9000DD34F5D1C0DD34F5DBC0DD3462DBC0DD2E
:100FA0009562DBC0999562DB3C999562433C9995CB
:100FB00090433C994190433C00000042C8801F4050
:100FC000B8821F400800000000000042C4801F409B
:100FD000B4821F400400000000C0004224801F4073
:100FE00014821F401000000000C0004228801F40F3
:100FF00018821F402000000000C000422C801F40CB
:101000001C821F404000000000C0004234801F408E
:1010100024821F40000100000040004264811F4004
:1010200054831F40000400000040004280811F40A4
:1010300070831F4000000200004000427C811F407E
:101040006C831F40000001000040004268811F4087
:1010500058831F4000080000004000423C811F40B0
:101060002C831F40010000000040004244811F40CB
:1010700034831F40040000000040004240811F40B4
:1010800030831F40020000000040004248811F40A2
:1010900038831F40080000000000004204811F4008
:1010A000F4821F40000004000000004208811F403D
:1010B000F8821F40000008000000004218811F4015
:1010C00008831F40000080000000004214811F4080
:1010D00004831F40000040000000004200811F40C8
:1010E000F0821F400000020000000042FC801F4010
:1010F000EC821F40000001000000004224811F40DC
:1011000014831F40000000040000004228811F409B
:1011100018831F4000000008000000421C811F408F
:101120000C831F40000000010000004220811F408E
:1011300010831F400000000200000042EC801F40AE
:10114000DC821F400010000000000042F0801F40C1
:10115000E0821F40002000000000004234811F4058
:1011600024831F40000000400000004238811F40DF
:1011700028831F40000000800080004294801F40B0
:1011800084821F400000040000C0004290801F4085
:1011900080821F400000008000800042A8801F4025
:1011A00098821F400000800000800042A4801F4001
:1011B00094821F4000004000004000426C811F40AC
:1011C0005C831F400010000000C0004230801F40C0
:1011D00020821F408000000000400042B0811F407C
:1011E000A0831F400000002000400042AC811F404F
:1011F0009C831F40000000100040004284811F407B
:1012000074831F40000004000040004288811F409A
:1012100078831F4000000800000000422C811F401E
:101220001C831F40000000100000004230811F405E
:1012300020831F4000000020000000420C811F405E
:10124000FC821F40000010000000004210811F407F
:1012500000831F400000200000800042C8811F4022
:10126000B8831F400080000000800042C4811F40FE
:10127000B4831F400040000000800042C0811F4036
:10128000B0831F400020000000800042BC811F404E
:10129000AC831F400010000000800042D0811F403E
:1012A000C0831F400000020000800042CC811F402C
:1012B000BC831F400000010000C0004274801F403A
:1012C00064821F400000000100C0004280801F4077
:1012D00070821F400000000800C0004284801F4050
:1012E00074821F400000001000C000426C801F404C
:1012F0005C821F400000400000C000427C801F4014
:101300006C821F400000000400C0004278801F4033
:1013100068821F400000000200C0004288801F4019
:1013200078821F4000000020040000000700000039
:10133000090000002020726573756C743A0000008B
:10134000637075206E6F7700202500006370752034
:101350006D617800617564696F206D656D206D61E8
:101360007800000020626C6F636B7300766F6963B6
:10137000657320736F756E64696E67006672616D68
:1013800065732072656E64657265640020206578FF
:10139000706563746564200020206472696674203F
:1013A0000000000064726F706F75747300000000BD
:1013B0004641494C3A20617564696F20626C6F63E5
:1013C0006B20706F6F6C20657868617573746564ED
:1013D0002C20626C6F636B732077657265206C6F75
:1013E000737400004641494C3A206672616D652075
:1013F00073686F727466616C6C2C2074686520670A
:1014000072617068206973206D697373696E6720FB
:10141000757064617465730057415443483A207392
:101420006D616C6C2073686F727466616C6C2C20DB
:10143000726572756E206265666F72652062656C9A
:10144000696576696E672069740000006E6F6E656D
:1014500020646574656374656400000053554D4DE8
:101460004152592C20706173732000002020737446
:10147000616765202020202020202020202020209F
:10148000202020202020202020202020202020205C
:1014900020202020202020202020637075206D61D6
:1014A0007820206D656D20206472696674202500A7
:1014B00020202020200000002020424C45502050B9
:1014C0004954434820434F53542C20746865206E80
:1014D000756D6265722074686973207365737369D2
:1014E0006F6E2065786973747320746F20676574FC
:1014F00000000000677261706820626173656C694A
:101500006E6500002025202873696C656E6365296F
:10151000000000003820766F69636573206C6F7778
:10152000000000002025206F7665722062617365DF
:101530006C696E652C20353520746F203131302078
:10154000487A00003820766F6963657320686967A0
:10155000680000002025206F766572206261736547
:101560006C696E652C203335323020746F20373033
:10157000343020487A0000007820666F722074684A
:10158000652073616D6520706F6C7970686F6E791E
:1015900020736978206F63746176657320757000BD
:1015A0006E6F74206D656173757261626C652C205D
:1015B000746865206C6F772066696775726520694D
:1015C0007320746F6F20736D616C6C00766F69634C
:1015D00065206365696C696E6700000020766F693D
:1015E0006365732061742037206B487A20626566DA
:1015F0006F72652074686520626C6F636B20627522
:10160000646765742072756E73206F7574000000D6
:101610006E6F74206D656173757261626C65000038
:10162000202041206261726520736177206F7363AF
:10163000696C6C61746F722069732061626F75747C
:1016400020332E37782066726F6D2041343430207D
:10165000746F2037206B487A0000000020206F6EE6
:101660002074686520686F73742E204578706563F8
:1016700074206C657373207468616E207468617483
:1016800020686572653A00002020746865736520E3
:101690006172652077686F6C6520766F696365732A
:1016A0002C20616E6420746865206C6164646572CE
:1016B0002066696C7465722C20656E76656C6F703F
:1016C000657300002020616E6420636F6E74726F1A
:1016D0006C2D726174652075706461746520636F30
:1016E0007374207468652073616D65206174206275
:1016F0006F746820706974636865732E0000000061
:10170000202072657374617274696E6720746865F5
:101710002073657175656E63652C20756E706C75D0
:1017200067207768656E20796F7520617265206427
:101730006F6E6500000FC93F000F494000CB964017
:10174000000FC9400053FB4000CB164100ED2F4174
:10175000000F49410031624100537B41003A8A4108
:1017600000CB9641005CA34100EDAF41007EBC413F
:10177000000FC94100A0D5410031E24100C2EE4155
:101780000053FB4100F20342003A0A420083104238
:1017900000CB164200141D42005C234200A52942E2
:1017A00000ED2F4200363642007E3C4200C74242E6
:1017B000000F49426272696E6775700062656C6CF9
:1017C0006F77732030305F4272696E67557000002A
:1017D00073616D706C6520726174650020487A00D9
:1017E00020202020202066726F6D2062656C6C6F57
:1017F00077733A3A5465656E737953616D706C65B1
:101800005261746528292E20457665727920656EAF
:1018100076656C6F70650000202020202020636FAB
:10182000656666696369656E742C2066696C7465AB
:1018300072206375746F666620616E642064656CE7
:101840006179206C656E67746820696E20746865C4
:101850000000000020202020202070726F6772613D
:101860006D20697320646572697665642066726FA5
:101870006D2074686973206E756D6265722E2049E3
:10188000662074686520636F646563206973000077
:1018900020202020202061637475616C6C792063A6
:1018A0006C6F636B656420736F6D657768657265D7
:1018B00020656C73652C207374616765203220721B
:1018C00065616473207368617270000020202020BD
:1018D00020206F7220666C6174206F6E206120740E
:1018E000756E65722062792065786163746C792009
:1018F0007468617420726174696F2E00706974631A
:1019000068207265666572656E63650020487A2C92
:101910002077686963682069732041342E205374EE
:1019200061676573203220616E64203320737573A4
:101930007461696E2069742C000000002020202052
:101940002020736F2061206775697461722074753F
:101950006E6572206F7220612070686F6E652074F2
:10196000756E6572206170702073686F756C64208D
:1019700072656164204134002020202020206174A1
:1019800020302063656E74732E20416E7920636F62
:101990006E73697374656E742063656E747320650D
:1019A00072726F7220697320746865207261746945
:1019B0006F0000002020202020206265747765657C
:1019C0006E2074686520726174652061626F76654F
:1019D00020616E642074686520636F64656327739B
:1019E000207265616C20636C6F636B2E00000000D9
:1019F000626C6F636B2073697A65000020667261A8
:101A00006D657300657870656374656420757064D6
:101A10006174657300000000207065722073656357
:101A20006F6E640063707520636C6F636B00000001
:101A3000204D487A00000000617564696F20626C77
:101A40006F636B730000000020616C6C6F636174E6
:101A5000656420627920417564696F4D656D6F72B0
:101A6000792829002020486F7720746F20726561E3
:101A700064206561636820737461676520726573B3
:101A8000756C743A000000002020202063707520DF
:101A90006E6F77202F20637075206D617820204154
:101AA0007564696F50726F636573736F725573619C
:101AB000676520616E6420697473206D6178696D5B
:101AC000756D2C0020202020202020202020202088
:101AD0002020202020202020202020726573657483
:101AE00020617420746865207374617274206F665D
:101AF00020657665727920737461676520736F0065
:101B000020202020202020202020202020202020D5
:101B10002020202020202065616368206669677589
:101B200072652062656C6F6E677320746F206F6ED4
:101B3000652073746167652E204974002020202081
:101B40002020202020202020202020202020202095
:101B500020202069732074696D65207370656E7430
:101B600020696E73696465207468652061756469B5
:101B70006F00000020202020202020202020202076
:101B80002020202020202020202020696E746572D3
:101B9000727570742E205072696E74696E6720665B
:101BA000726F6D206C6F6F7028292072756E7300D4
:101BB0002020202020202020202020202020202025
:101BC0002020202020202062656C6F772069742CF3
:101BD000206275742055534220696E746572727567
:101BE00070747320646F206E6F742C00202020208E
:101BF00020202020202020202020202020202020E5
:101C0000202020736F2074726561742069742061D4
:101C100073206D6F73746C7920696E646570656E86
:101C200064656E74206F6600202020202020202014
:101C30002020202020202020202020202020207351
:101C4000657269616C207472616666696320726195
:101C500074686572207468616E20696D6D756E655B
:101C60002E00000020202020617564696F206D65C2
:101C70006D206D6178202020202020417564696FDF
:101C80004D656D6F727955736167654D617820613F
:101C90006761696E737420746865000020202020DD
:101CA0002020202020202020202020202020202034
:101CB000202020616C6C6F636174696F6E2E2052FE
:101CC00065616368696E67206974206D65616E7314
:101CD00020746865000000002020202020202020A3
:101CE00020202020202020202020202020202070A4
:101CF0006F6F6C2072616E20746F20697473206C3A
:101D0000696D69742C207768696368206D616B6503
:101D1000732061002020202020202020202020204F
:101D200020202020202020202020206661696C6552
:101D30006420616C6C6F63617465282920706F7317
:101D40007369626C652E20497420646F65730000AE
:101D50002020202020202020202020202020202083
:101D6000202020202020206E6F742070726F7665F6
:101D7000206F6E652068617070656E65642E00006E
:101D8000202020206672616D6573202F20647269A7
:101D9000667420202020206672616D65732074684F
:101DA000652072656E646572207761732061736B64
:101DB000656420666F7200002020202020202020F3
:101DC00020202020202020202020202020202061D2
:101DD0006761696E737420656C61707365642077E8
:101DE000616C6C2074696D652E2053656520746884
:101DF00065000000202020202020202020202020FE
:101E000020202020202020202020206E6F7465209C
:101E1000756E6465722074686520666972737420DB
:101E2000726573756C742E0053494C454E434520C2
:101E300028626173656C696E652900006E6F746855
:101E4000696E6720617420616C6C3A206E6F206847
:101E50006973732C206E6F2068756D2C206E6F2057
:101E60007469636B696E670073696C656E63652C7A
:101E700020616E64206120637075206D617820742C
:101E80006861742069732074686520617564696F86
:101E90002067726170682773206F776E20636F739D
:101EA0007400000053494E452041343430202870DE
:101EB00069746368207265666572656E6365290082
:101EC0006F6E65207374656164792073696E652037
:101ED000746F6E652C20657175616C20696E20626F
:101EE0006F746820656172732C206E6F20776F624B
:101EF000626C6520616E64206E6F2062757A7A0074
:101F000061206775697461722074756E6572206FE7
:101F1000722070686F6E652074756E6572206170D6
:101F20007020726561647320413420776974686938
:101F30006E206120636F75706C65206F662063652D
:101F40006E7473206F6620300000000053415720EC
:101F5000413434302028424C455020726573696406
:101F600075616C207461626C65732900746865200A
:101F700073616D652070697463682C206E6F7720C3
:101F800062726967687420616E642062757A7A791A
:101F90002C20627574206576656E20616E64206306
:101FA0006C65616E000000007468652073616D658A
:101FB0002041342072656164696E672C20776974F2
:101FC00068206E6F2067726974206F72206372617F
:101FD000636B6C6520726964696E67206F6E207434
:101FE000686520746F6E65004B49434B000000002C
:101FF0006F6E65206B69636B206472756D2065760A
:1020000065727920353030206D732C2074756E65C3
:102010006420746F20353020487A00006120636CA2
:1020200065616E207468756D7020776974682061D1
:1020300020636C69636B206F6E2074686520667224
:102040006F6E742C20616E642073696C656E6365BD
:10205000206265747765656E20686974730000009E
:102060004452554D204B495420286575636C696472
:1020700065616E207061747465726E732900000072
:102080006B69636B2C20736E61726520616E6420D6
:10209000686174206F7665722031362073697874B8
:1020A00065656E746873206174203132302062700F
:1020B0006D0000007374656164792074696D652C2E
:1020C0002065766572792068697420646973746923
:1020D0006E63742C206E6F7468696E672064726F13
:1020E00070706564206F7220646F75626C65640047
:1020F000504F4C592043484F5244202838205641D5
:1021000020766F696365732900000000616E2041CD
:10211000206D696E6F7220392063686F72642C20A5
:102120007468726565207365636F6E6473206F6E8B
:1021300020616E64207468726565207365636F6EDC
:102140006473206F66660000656967687420736554
:1021500070617261746520706974636865732C20A6
:102160006120736D6F6F74682072656C6561736553
:102170002C207265616C2073696C656E63652062EA
:1021800065747765656E0000504954434820535785
:1021900045455000612073617720676C6964696E02
:1021A0006720353520487A20746F2037303430204E
:1021B000487A206F76657220736978207365636F43
:1021C0006E64732C207468656E207265706561742E
:1021D000696E6700736D6F6F74682074686520772F
:1021E000686F6C65207761792075702C206E6F2088
:1021F0007374657070696E672C206E6F20776869E4
:1022000073746C652064657363656E64696E6720C2
:10221000616761696E73742069740000504F4C5996
:10222000204C4F5720283820766F696365732C2027
:10223000353520746F2031313020487A2900000074
:1022400061206C6F77207375737461696E656420AB
:102250006569676874206E6F746520636C7573744C
:1022600065722C2068656C64207374656164790004
:1022700073746561647920736F756E642C20616E70
:1022800064206120637075206D617820746F206315
:102290006F6D7061726520616761696E737420741F
:1022A0006865206E6578742073746167650000004E
:1022B000504F4C59204849474820283820766F69AC
:1022C0006365732C203335323020746F20373034FF
:1022D0003020487A290000007468652073616D65BC
:1022E000206569676874206E6F7465732073697800
:1022F000206F6374617665732075703A207665721D
:1023000079206272696768742C207475726E206916
:102310007420646F776E2066697273740000000029
:1023200073746561647920736F756E642C20616EBF
:10233000642074686520637075206D61782074680E
:1023400069732077686F6C652073657373696F6E4E
:102350002065786973747320746F2067657400005A
:10236000A2000000F9000000830000006E000000E1
:102370004E0000004400000015000000290000008D
:10238000FC0000002700000057000000D100000002
:10239000F500000034000000DD000000C000000077
:1023A000DB000000620000009500000099000000C2
:1023B0003C000000430000009000000041000000CD
:1023C000FE0000005100000063000000AB000000B0
:1023D000DE000000BB000000C5000000610000003E
:1023E000B7000000240000006E0000003A0000006A
:1023F000420000004D000000D2000000E00000009C
:1024000006000000490000002E000000EA00000065
:1024100009000000D1000000920000001C00000034
:10242000FE0000001D000000EB0000001C0000008A
:10243000B100000029000000A70000003E000000DD
:10244000E80000008200000035000000F5000000F8
:102450002E000000BB0000004400000084000000CB
:10246000E90000009C000000700000002600000051
:10247000B40000005F0000007E000000410000008A
:102480003900000091000000D60000003900000073
:10249000830000005300000039000000F400000039
:1024A0009C000000840000005F0000008B00000022
:1024B000BD000000F9000000280000003B00000003
:1024C0001F000000F800000097000000FF0000005F
:1024D000DE00000005000000980000000F00000072
:1024E000EF0000002F000000110000008B00000032
:1024F0005A0000000A0000006D0000001F000000EC
:102500006D000000360000007E000000CF000000DB
:1025100027000000CB00000009000000B700000009
:102520004F000000460000003F0000006600000071
:102530009E0000005F000000EA0000002D00000087
:102540007500000027000000BA000000C70000006E
:10255000EB000000E5000000F10000007B0000003F
:102560003D0000000700000039000000F7000000F7
:102570008A0000005200000092000000EA00000003
:102580006B000000FB0000005F000000B1000000D5
:102590001F0000008D0000005D000000080000002A
:1025A000560000000300000030000000460000005C
:1025B000FC0000007B0000006B000000AB0000008E
:1025C000F0000000CF000000BC0000002000000070
:1025D0009A000000F4000000360000001D0000001A
:1025E000A9000000E300000091000000610000006D
:1025F0005E000000E60000001B0000000800000074
:102600006500000099000000850000005F000000E8
:1026100014000000A000000068000000400000005E
:102620008D000000FF000000D800000080000000C6
:102630004D00000073000000270000003100000082
:102640000600000006000000150000005600000013
:10265000CA00000073000000A8000000C9000000CC
:1026600060000000E20000007B000000C0000000ED
:102670008C0000006B000000000100008876002044
:102680001200000000060000242200600A00000082
:10269000000200008C21006095000000000700008F
:1026A000F42000609500000000030000F0200060AE
:1026B0000000000001030904D820006000000000B1
:1026C00002030904C02000600000000003030904A5
:1026D000A8760020000000000000000000000000BC
:1026E0000000000000000000A885002010860020E7
:1026F00078860020000000000000000000000000BC
:1027000000000000000000000000000000000000C9
:1027100000000000000000000000000000000000B9
:1027200000000000000000000000000000000000A9
:102730000000000000000000000000000000000099
:102740000000000000000000000000000000000089
:102750000000000000000000000000000000000079
:102760000000000000000000000000000000000069
:102770000000000000000000000000000100000058
:10278000000000000E33CDAB34126DE6ECDE050028
:102790000B0000000000000000000000000000002E
:1027A0000000000000000000000000000000000029
:1027B0000000000000000000000000000000000019
:1027C0000000000000000000000000000000000009
:1027D00000000000000000000000000000000000F9
:1027E00000000000000000000000000000000000E9
:1027F00000000000000000000000000000000000D9
:10280000000000000029DE07007B9A17F047002037
:1028100000000000E8030000000000003448002031
:1028200000000000E80300000000000000003F403E
:10283000D022006000000000000000000000000046
:102840000000000000000000000000000000000088
:102850000000000000000000000000000000000078
:102860000000000000000000000000000000000068
:102870000000000000000000000000000000000058
:102880000000000000000000000000000000000048
:102890000000000000000000000000000000000038
:1028A0000000000000000000000000000000000028
:1028B0000000000000000000000000000000000018
:1028C0000000000000000000000000000000000008
:1028D00000000000000000000000000000000000F8
:1028E00000000000000000000000000000000000E8
:1028F00000000000000000000000000000000000D8
:1029000000000000000000000000000000000000C7
:1029100000000000000000000000000000000000B7
:1029200000000000000000000000000000000000A7
:102930000000000000000000000000000000000097
:102940000000000000000000000000000000000087
:1029500000000000000000000000000034480020DB
:1029600000000000E80300000000000000803F407D
:102970008022006000000000000000000000000055
:102980000000000000000000000000000000000047
:102990000000000000000000000000000000000037
:1029A0000000000000000000000000000000000027
:1029B0000000000000000000000000000000000017
:1029C0000000000000000000000000000000000007
:1029D00000000000000000000000000000000000F7
:1029E00000000000000000000000000000000000E7
:1029F00000000000000000000000000000000000D7
:102A000000000000000000000000000000000000C6
:102A100000000000000000000000000000000000B6
:102A200000000000000000000000000000000000A6
:102A30000000000000000000000000000000000096
:102A40000000000000000000000000000000000086
:102A50000000000000000000000000000000000076
:102A60000000000000000000000000000000000066
:102A70000000000000000000000000000000000056
:102A80000000000000000000000000000000000046
:102A9000000000000000000000000000344800209A
:102AA00000000000E80300000000000000C03F40FC
:102AB0003022006000000000000000000000000064
:102AC0000000000000000000000000000000000006
:102AD00000000000000000000000000000000000F6
:102AE00000000000000000000000000000000000E6
:102AF00000000000000000000000000000000000D6
:102B000000000000000000000000000000000000C5
:102B100000000000000000000000000000000000B5
:102B200000000000000000000000000000000000A5
:102B30000000000000000000000000000000000095
:102B40000000000000000000000000000000000085
:102B50000000000000000000000000000000000075
:102B60000000000000000000000000000000000065
:102B70000000000000000000000000000000000055
:102B80000000000000000000000000000000000045
:102B90000000000000000000000000000000000035
:102BA0000000000000000000000000000000000025
:102BB0000000000000000000000000000000000015
:102BC0000000000000000000000000000000000005
:102BD00000000000000000000000000000442C473E
:102BE000FFFFFFFF0000000000803B4700000000E7
:102BF00000000000000000000000003F0000000096
:102C000000803B47000048420000803F0000000079
:102C10000000C040CDCC4C3DCDCCCC3E00000040AF
:102C200000803B47000000000000000000803B47A0
:102C300000000000000000000000003FEC51383EA2
:102C40009A99193E0000803F00803B470000000039
:102C500000000000000000000000003F0000000035
:102C600000803B4700000000000000000000000062
:102C70000000003F0000000000803B470000000013
:102C80000000000000000000000000000000000044
:102C90000000000000000000000000000000000034
:102CA00000000000000000000000803F0000000065
:102CB000000000000000000000803B470000000012
:102CC00000007A44F304353F0000000000000000DB
:102CD00000000000000000000000000000000000F4
:102CE0000000803F000000000000000000803B4723
:102CF000000000000000000000803B4700000000D2
:102D00000000000000803B470000803F0AD7A33D41
:102D10000000803F00803B470000000000000000F2
:102D2000000000000000003F0000000000803B4762
:102D30000000000000000000000000000000003F54
:102D40000000000000803B47000000000000000081
:102D5000000000000000003F0000000000803B4732
:102D60000000000000000000000000000000003F24
:102D70000000000000803B47000000000000000051
:102D8000000000000000003F0000000000803B4702
:102D90000000000000000000000000000000003FF4
:102DA0000000000000803B470000000000007A4463
:102DB000F304353F000000000000000000000000A8
:102DC0000000000000000000000000000000803F44
:102DD000000000000000000000803B4700000000F1
:102DE00000000000000000000000000000000000E3
:102DF00000000000000000000000000000000000D3
:102E000000000000000000000000000000000000C2
:102E10000000000000803B470000000000000000B0
:102E20000000E0400000000000A00C46CDCC4C3E6D
:102E300000000000000000000AD7A33BCDCCCC3D31
:102E4000CDCC4C3FCDCC4C3EA69B443B9A99193EF1
:102E50000000003FCDCC4C3E000000000000000010
:102E60000000003F0000000000803B470000000021
:102E700000000000000000000000003F0000000013
:102E800000803B4700000000000000000000000040
:102E90000000003F0000000000803B4700000000F1
:102EA00000000000000000000000003F00000000E3
:102EB00000803B4700000000000000000000803F51
:102EC0000000000000000000000000000000000002
:102ED00000803B470000000000007A44F304353FC7
:102EE00000000000000000000000000000000000E2
:102EF00000000000000000000000803F0000000013
:102F00000000000000803B470000000000000000BF
:102F10000000803F0000803F0000803F0000803FB5
:102F200000803B4700000000000000000000803FE0
:102F30000000803F0000803F0000803F0000DC4335
:102F40000000803F0000803F000000000000000003
:102F500000000000F304353FF304353FFFFFFFFF9F
:102F6000000000000000000000803B47000000005F
:102F7000000000000000E0400000000000A00C463F
:102F8000CDCC4C3E00000000000000000AD7A33B5F
:102F9000CDCCCC3DCDCC4C3FCDCC4C3EA69B443B88
:102FA0009A99193E0000003FCDCC4C3E0000000035
:102FB000000000000000003F0000000000803B47D0
:102FC0000000000000000000000000000000003FC2
:102FD0000000000000803B470000000000000000EF
:102FE000000000000000003F0000000000803B47A0
:102FF0000000000000000000000000000000003F92
:103000000000000000803B470000000000000000BE
:103010000000803F000000000000000000000000F1
:103020000000000000803B470000000000007A44E0
:10303000F304353F00000000000000000000000025
:103040000000000000000000000000000000803FC1
:10305000000000000000000000803B47000000006E
:10306000000000000000803F0000803F0000803F23
:103070000000803F00803B4700000000000000008F
:103080000000803F0000803F0000803F0000803F44
:103090000000DC430000803F0000803F0000000093
:1030A0000000000000000000F304353FF304353F4A
:1030B000FFFFFFFF000000000000000000803B4712
:1030C00000000000000000000000E04000000000E0
:1030D00000A00C46CDCC4C3E0000000000000000DB
:1030E0000AD7A33BCDCCCC3DCDCC4C3FCDCC4C3E38
:1030F000A69B443B9A99193E0000003FCDCC4C3E24
:1031000000000000000000000000003F0000000080
:1031100000803B47000000000000000000000000AD
:103120000000003F0000000000803B47000000005E
:1031300000000000000000000000003F0000000050
:1031400000803B470000000000000000000000007D
:103150000000003F0000000000803B47000000002E
:10316000000000000000803F0000000000000000A0
:10317000000000000000000000803B47000000004D
:1031800000007A44F304353F000000000000000016
:10319000000000000000000000000000000000002F
:1031A0000000803F000000000000000000803B475E
:1031B00000000000000000000000803F0000803F91
:1031C0000000803F0000803F00803B47000000007F
:1031D000000000000000803F0000803F0000803FB2
:1031E0000000803F0000DC430000803F0000803F83
:1031F000000000000000000000000000F304353F64
:10320000F304353FFFFFFFFF000000000000000057
:1032100000803B4700000000000000000000E0408C
:103220000000000000A00C46CDCC4C3E0000000089
:10323000000000000AD7A33BCDCCCC3DCDCC4C3F09
:10324000CDCC4C3EA69B443B9A99193E0000003FD2
:10325000CDCC4C3E00000000000000000000003F0C
:103260000000000000803B4700000000000000005C
:10327000000000000000003F0000000000803B470D
:103280000000000000000000000000000000003FFF
:103290000000000000803B4700000000000000002C
:1032A000000000000000003F0000000000803B47DD
:1032B00000000000000000000000803F000000004F
:1032C00000000000000000000000000000803B47FC
:1032D0000000000000007A44F304353F00000000C5
:1032E00000000000000000000000000000000000DE
:1032F000000000000000803F00000000000000000F
:1033000000803B4700000000000000000000803FFC
:103310000000803F0000803F0000803F00803B476E
:1033200000000000000000000000803F0000803F1F
:103330000000803F0000803F0000DC430000803F31
:103340000000803F000000000000000000000000BE
:10335000F304353FF304353FFFFFFFFF000000009B
:103360000000000000803B4700000000000000005B
:103370000000E0400000000000A00C46CDCC4C3E18
:1033800000000000000000000AD7A33BCDCCCC3DDC
:10339000CDCC4C3FCDCC4C3EA69B443B9A99193E9C
:1033A0000000003FCDCC4C3E0000000000000000BB
:1033B0000000003F0000000000803B4700000000CC
:1033C00000000000000000000000003F00000000BE
:1033D00000803B47000000000000000000000000EB
:1033E0000000003F0000000000803B47000000009C
:1033F00000000000000000000000003F000000008E
:1034000000803B4700000000000000000000803FFB
:1034100000000000000000000000000000000000AC
:1034200000803B470000000000007A44F304353F71
:10343000000000000000000000000000000000008C
:1034400000000000000000000000803F00000000BD
:103450000000000000803B4700000000000000006A
:103460000000803F0000803F0000803F0000803F60
:1034700000803B4700000000000000000000803F8B
:103480000000803F0000803F0000803F0000DC43E0
:103490000000803F0000803F0000000000000000AE
:1034A00000000000F304353FF304353FFFFFFFFF4A
:1034B000000000000000000000803B47000000000A
:1034C000000000000000E0400000000000A00C46EA
:1034D000CDCC4C3E00000000000000000AD7A33B0A
:1034E000CDCCCC3DCDCC4C3FCDCC4C3EA69B443B33
:1034F0009A99193E0000003FCDCC4C3E00000000E0
:10350000000000000000003F0000000000803B477A
:103510000000000000000000000000000000003F6C
:103520000000000000803B47000000000000000099
:10353000000000000000003F0000000000803B474A
:103540000000000000000000000000000000003F3C
:103550000000000000803B47000000000000000069
:103560000000803F0000000000000000000000009C
:103570000000000000803B470000000000007A448B
:10358000F304353F000000000000000000000000D0
:103590000000000000000000000000000000803F6C
:1035A000000000000000000000803B470000000019
:1035B000000000000000803F0000803F0000803FCE
:1035C0000000803F00803B4700000000000000003A
:1035D0000000803F0000803F0000803F0000803FEF
:1035E0000000DC430000803F0000803F000000003E
:1035F0000000000000000000F304353FF304353FF5
:10360000FFFFFFFF000000000000000000803B47BC
:1036100000000000000000000000E040000000008A
:1036200000A00C46CDCC4C3E000000000000000085
:103630000AD7A33BCDCCCC3DCDCC4C3FCDCC4C3EE2
:10364000A69B443B9A99193E0000003FCDCC4C3ECE
:1036500000000000000000000000003F000000002B
:1036600000803B4700000000000000000000000058
:103670000000003F0000000000803B470000000009
:1036800000000000000000000000003F00000000FB
:1036900000803B4700000000000000000000000028
:1036A0000000003F0000000000803B4700000000D9
:1036B000000000000000803F00000000000000004B
:1036C000000000000000000000803B4700000000F8
:1036D00000007A44F304353F0000000000000000C1
:1036E00000000000000000000000000000000000DA
:1036F0000000803F000000000000000000803B4709
:1037000000000000000000000000803F0000803F3B
:103710000000803F0000803F00803B470000000029
:10372000000000000000803F0000803F0000803F5C
:103730000000803F0000DC430000803F0000803F2D
:10374000000000000000000000000000F304353F0E
:10375000F304353FFFFFFFFF000000000000000002
:1037600000803B4700000000000000000000E04037
:103770000000000000A00C46CDCC4C3E0000000034
:10378000000000000AD7A33BCDCCCC3DCDCC4C3FB4
:10379000CDCC4C3EA69B443B9A99193E0000003F7D
:1037A000CDCC4C3E00000000000000000000003FB7
:1037B0000000000000803B47000000000000000007
:1037C000000000000000003F0000000000803B47B8
:1037D0000000000000000000000000000000003FAA
:1037E0000000000000803B470000000000000000D7
:1037F000000000000000003F0000000000803B4788
:1038000000000000000000000000803F00000000F9
:1038100000000000000000000000000000803B47A6
:103820000000000000007A44F304353F000000006F
:103830000000000000000000000000000000000088
:10384000000000000000803F0000000000000000B9
:1038500000803B4700000000000000000000803FA7
:103860000000803F0000803F0000803F00803B4719
:1038700000000000000000000000803F0000803FCA
:103880000000803F0000803F0000DC430000803FDC
:103890000000803F00000000000000000000000069
:1038A000F304353FF304353FFFFFFFFF0000000046
:1038B00000000000000000000000E04000000000E8
:1038C00000A00C46CDCC4C3E0000000000000000E3
:1038D0000AD7A33BCDCCCC3DCDCC4C3FCDCC4C3E40
:1038E000A69B443B9A99193E0000003FCDCC4C3E2C
:1038F00000000000000000000000003F0000000089
:1039000000803B4700000000000000000000803FF6
:1039100000000000000000000000000000000000A7
:103920000000000000000000000000000100000096
:103930000200000000000000000000000000000085
:103940000000000000000000000000000000000077
:10395000FFFFFFFF6C850020005F202000000000BB
:10396000000000000000000074720020747200204B
:103970007C7200207C7200208472002084720020FF
:103980008C7200208C7200209472002094720020AF
:103990009C7200209C720020A4720020A47200205F
:1039A000AC720020AC720020B4720020B47200200F
:1039B000BC720020BC720020C4720020C4720020BF
:1039C000CC720020CC720020D4720020D47200206F
:1039D000DC720020DC720020E4720020E47200201F
:1039E000EC720020EC720020F4720020F4720020CF
:1039F000FC720020FC72002004730020047300207D
:103A00000C7300200C73002014730020147300202A
:103A10001C7300201C7300202473002024730020DA
:103A20002C7300202C73002034730020347300208A
:103A30003C7300203C73002044730020447300203A
:103A40004C7300204C7300205473002054730020EA
:103A50005C7300205C73002064730020647300209A
:103A60006C7300206C73002074730020747300204A
:103A70007C7300207C7300208473002084730020FA
:103A80008C7300208C7300209473002094730020AA
:103A90009C7300209C730020A4730020A47300205A
:103AA000AC730020AC730020B4730020B47300200A
:103AB000BC730020BC730020C4730020C4730020BA
:103AC000CC730020CC730020D4730020D47300206A
:103AD000DC730020DC730020E4730020E47300201A
:103AE000EC730020EC730020F4730020F4730020CA
:103AF000FC730020FC730020047400200474002078
:103B00000C7400200C740020147400201474002025
:103B10001C7400201C7400202474002024740020D5
:103B20002C7400202C740020347400203474002085
:103B30003C7400203C740020447400204474002035
:103B40004C7400204C7400205474002054740020E5
:103B50005C7400205C740020647400206474002095
:103B60006C7400206C740020747400207474002045
:103B70007C7400207C7400208474002084740020F5
:103B80008C7400208C7400209474002094740020A5
:103B90009C7400209C740020A4740020A474002055
:103BA000AC740020AC740020B4740020B474002005
:103BB000BC740020BC740020C4740020C4740020B5
:103BC000CC740020CC740020D4740020D474002065
:103BD000DC740020DC740020E4740020E474002015
:103BE000EC740020EC740020F4740020F4740020C5
:103BF000FC740020FC740020047500200475002073
:103C00000C7500200C750020147500201475002020
:103C10001C7500201C7500202475002024750020D0
:103C20002C7500202C750020347500203475002080
:103C30003C7500203C750020447500204475002030
:103C40004C7500204C7500205475002054750020E0
:103C50005C7500205C750020647500206475002090
:103C60006C7500206C750020747500207475002040
:103C70007C7500207C7500208475002084750020F0
:103C80008C7500208C7500209475002094750020A0
:103C90009C7500209C750020A4750020A475002050
:103CA000AC750020AC750020B4750020B475002000
:103CB000BC750020BC750020C4750020C4750020B0
:103CC000CC750020CC750020D4750020D475002060
:103CD000DC750020DC750020E4750020E475002010
:103CE000EC750020EC750020F4750020F4750020C0
:103CF000FC750020FC75002004760020047600206E
:103D00000C7600200C76002014760020147600201B
:103D10001C7600201C7600202476002024760020CB
:103D20002C7600202C76002034760020347600207B
:103D30003C7600203C76002044760020447600202B
:103D40004C7600204C7600205476002054760020DB
:103D50005C7600205C76002064760020647600208B
:103D60006C7600206C760020FFFFFFFF0000020051
:103D7000F85F002012010002EF020140C016890422
:103D800080020102030100000000803F6042A20D9A
:103D9000000000400C0300000000000000000000D4
:103DA0000000000000000000000000000000000013
:103DB0000000000000000000000000000000000003
:103DC00000000000000000000000000000000000F3
:103DD00000000000000000000000000000000000E3
:103DE00000000000000000000000000000000000D3
:103DF00000000000000000000000000000000000C3
:103E000000000000000000000000000000000000B2
:103E100000000000000000000000000000000000A2
:103E20000000000000000000000000000000000092
:103E30000000000000000000000000000000000082
:103E40000000000000000000000000000000000072
:103E50000000000000000000000000000000000062
:103E60000000000000000000000000000000000052
:103E70000000000000000000000000000000000042
:103E80000000000000000000000000000000000032
:103E90000000000000000000000000000000000022
:103EA0000000000000000000000000000000000012
:103EB0000000000000000000000000000000000002
:103EC00000000000000000000000000000000000F2
:103ED00000000000000000000000000000000000E2
:103EE00000000000000000000000000000000000D2
:103EF00000000000000000000000000000000000C2
:103F000000000000000000000000000000000000B1
:103F100000000000000000000000000000000000A1
:103F20000000000000000000000000000000000091
:103F30000000000000000000000000000000000081
:103F40000000000000000000000000000000000071
:103F50000000000000000000000000000000000061
:103F60000000000000000000000000000000000051
:103F70000000000000000000000000000000000041
:103F80000000000000000000000000000000000031
:103F90000000000000000000000000000000000021
:103FA0000000000000000000000000000000000011
:103FB0000000000000000000000000000000000001
:103FC00000000000000000000000000000000000F1
:103FD00000000000000000000000000000000000E1
:103FE00000000000000000000000000000000000D1
:103FF00000000000000000000000000000000000C1
:1040000000000000000000000000000000000000B0
:1040100000000000000000000000000000000000A0
:104020000000000000000000000000000000000090
:104030000000000000000000000000000000000080
:104040000000000000000000000000000000000070
:104050000000000000000000000000000000000060
:104060000000000000000000000000000000000050
:104070000000000000000000000000000000000040
:104080000000000000000000000000000000000030
:104090000000000000000000000000000000000020
:1040A0000000000000000000000000000000000010
:1040B0000000000000000000000000000000000000
:1040C00000000000000000000000000000000000F0
:1040D00000000000000000000000000000000000E0
:1040E00000000000000000000000000000000000D0
:1040F00000000000000000000000000000000000C0
:1041000000000000000000000000000000000000AF
:10411000000000000000000000000000000000009F
:10412000000000000000000000000000000000008F
:10413000000000000000000000000000000000007F
:10414000000000000000000000000000000000006F
:10415000000000000000000000000000000000005F
:10416000000000000000000000000000000000004F
:10417000000000000000000000000000000000003F
:10418000000000000000000000000000000000002F
:10419000000000000000000000000000000000001F
:0C41A00000000000000000000000000013
:1041AC00FFFFFFFFFFFFFFFFFFFFFFFFFFFFFFFF13
:1041BC00FFFFFFFFFFFFFFFFFFFFFFFFFFFFFFFF03
:1041CC00FFFFFFFFFFFFFFFFFFFFFFFFFFFFFFFFF3
:1041DC00FFFFFFFFFFFFFFFFFFFFFFFFFFFFFFFFE3
:1041EC00FFFFFFFFFFFFFFFFFFFFFFFFFFFFFFFFD3
:1041FC00FFFFFFFFFFFFFFFFFFFFFFFFFFFFFFFFC3
:10420C00FFFFFFFFFFFFFFFFFFFFFFFFFFFFFFFFB2
:10421C00FFFFFFFFFFFFFFFFFFFFFFFFFFFFFFFFA2
:10422C00FFFFFFFFFFFFFFFFFFFFFFFFFFFFFFFF92
:10423C00FFFFFFFFFFFFFFFFFFFFFFFFFFFFFFFF82
:10424C00FFFFFFFFFFFFFFFFFFFFFFFFFFFFFFFF72
:10425C00FFFFFFFFFFFFFFFFFFFFFFFFFFFFFFFF62
:10426C00FFFFFFFFFFFFFFFFFFFFFFFFFFFFFFFF52
:10427C00FFFFFFFFFFFFFFFFFFFFFFFFFFFFFFFF42
:10428C00FFFFFFFFFFFFFFFFFFFFFFFFFFFFFFFF32
:10429C00FFFFFFFFFFFFFFFFFFFFFFFFFFFFFFFF22
:1042AC00FFFFFFFFFFFFFFFFFFFFFFFFFFFFFFFF12
:1042BC00FFFFFFFFFFFFFFFFFFFFFFFFFFFFFFFF02
:1042CC00FFFFFFFFFFFFFFFFFFFFFFFFFFFFFFFFF2
:1042DC00FFFFFFFFFFFFFFFFFFFFFFFFFFFFFFFFE2
:1042EC00FFFFFFFFFFFFFFFFFFFFFFFFFFFFFFFFD2
:1042FC00FFFFFFFFFFFFFFFFFFFFFFFFFFFFFFFFC2
:10430C00FFFFFFFFFFFFFFFFFFFFFFFFFFFFFFFFB1
:10431C00FFFFFFFFFFFFFFFFFFFFFFFFFFFFFFFFA1
:10432C00FFFFFFFFFFFFFFFFFFFFFFFFFFFFFFFF91
:10433C00FFFFFFFFFFFFFFFFFFFFFFFFFFFFFFFF81
:10434C00FFFFFFFFFFFFFFFFFFFFFFFFFFFFFFFF71
:10435C00FFFFFFFFFFFFFFFFFFFFFFFFFFFFFFFF61
:10436C00FFFFFFFFFFFFFFFFFFFFFFFFFFFFFFFF51
:10437C00FFFFFFFFFFFFFFFFFFFFFFFFFFFFFFFF41
:10438C00FFFFFFFFFFFFFFFFFFFFFFFFFFFFFFFF31
:10439C00FFFFFFFFFFFFFFFFFFFFFFFFFFFFFFFF21
:1043AC00FFFFFFFFFFFFFFFFFFFFFFFFFFFFFFFF11
:1043BC00FFFFFFFFFFFFFFFFFFFFFFFFFFFFFFFF01
:1043CC00FFFFFFFFFFFFFFFFFFFFFFFFFFFFFFFFF1
:1043DC00FFFFFFFFFFFFFFFFFFFFFFFFFFFFFFFFE1
:1043EC00FFFFFFFFFFFFFFFFFFFFFFFFFFFFFFFFD1
:1043FC00FFFFFFFF000000000000000000000000B5
:10440C0000000000000000000000000000000000A0
:10441C000000000000000000000000000000000090
:10442C000000000000000000000000000000000080
:10443C000000000000000000000000000000000070
:10444C000000000000000000000000000000000060
:10445C000000000000000000000000000000000050
:10446C000000000000000000000000000000000040
:10447C000000000000000000000000000000000030
:10448C000000000000000000000000000000000020
:10449C000000000000000000000000000000000010
:1044AC000000000000000000000000000000000000
:1044BC0000000000000000000000000000000000F0
:1044CC0000000000000000000000000000000000E0
:1044DC0000000000000000000000000000000000D0
:1044EC0000000000000000000000000000000000C0
:1044FC0000000000000000000000000000000000B0
:10450C00000000000000000000000000000000009F
:10451C00000000000000000000000000000000008F
:10452C00000000000000000000000000000000007F
:10453C00000000000000000000000000000000006F
:10454C00000000000000000000000000000000005F
:10455C00000000000000000000000000000000004F
:10456C00000000000000000000000000000000003F
:10457C00000000000000000000000000000000002F
:10458C00000000000000000000000000000000001F
:10459C00000000000000000000000000000000000F
:1045AC0000000000000000000000000000000000FF
:1045BC0000000000000000000000000000000000EF
:1045CC0000000000000000000000000000000000DF
:1045DC0000000000000000000000000000000000CF
:1045EC0000000000000000000000000000000000BF
:1045FC0000000000000000000000000000000000AF
:10460C00000000000000000000000000000000009E
:10461C00000000000000000000000000000000008E
:10462C00000000000000000000000000000000007E
:10463C00000000000000000000000000000000006E
:10464C00000000000000000000000000000000005E
:10465C00000000000000000000000000000000004E
:10466C00000000000000000000000000000000003E
:10467C00000000000000000000000000000000002E
:10468C00000000000000000000000000000000001E
:10469C00000000000000000000000000000000000E
:1046AC0000000000000000000000000000000000FE
:1046BC0000000000000000000000000000000000EE
:1046CC0000000000000000000000000000000000DE
:1046DC0000000000000000000000000000000000CE
:1046EC0000000000000000000000000000000000BE
:1046FC0000000000000000000000000000000000AE
:10470C00000000000000000000000000000000009D
:10471C00000000000000000000000000000000008D
:10472C00000000000000000000000000000000007D
:10473C00000000000000000000000000000000006D
:10474C00000000000000000000000000000000005D
:10475C00000000000000000000000000000000004D
:10476C00000000000000000000000000000000003D
:10477C00000000000000000000000000000000002D
:10478C00000000000000000000000000000000001D
:10479C00000000000000000000000000000000000D
:1047AC0000000000000000000000000000000000FD
:1047BC0000000000000000000000000000000000ED
:1047CC0000000000000000000000000000000000DD
:1047DC0000000000000000000000000000000000CD
:1047EC0000000000000000000000000000000000BD
:1047FC0000000000000000000000000000000000AD
:10480C00000000000000000000000000000000009C
:10481C00000000000000000000000000000000008C
:10482C00000000000000000000000000000000007C
:10483C00000000000000000000000000000000006C
:10484C00000000000000000000000000000000005C
:10485C00000000000000000000000000000000004C
:10486C00000000000000000000000000000000003C
:10487C00000000000000000000000000000000002C
:10488C00000000000000000000000000000000001C
:10489C00000000000000000000000000000000000C
:1048AC0000000000000000000000000000000000FC
:1048BC0000000000000000000000000000000000EC
:1048CC0000000000000000000000000000000000DC
:1048DC0000000000000000000000000000000000CC
:1048EC0000000000000000000000000000000000BC
:1048FC0000000000000000000000000000000000AC
:10490C00000000000000000000000000000000009B
:10491C00000000000000000000000000000000008B
:10492C00000000000000000000000000000000007B
:10493C00000000000000000000000000000000006B
:10494C00000000000000000000000000000000005B
:10495C00000000000000000000000000000000004B
:10496C00000000000000000000000000000000003B
:10497C00000000000000000000000000000000002B
:10498C00000000000000000000000000000000001B
:10499C00000000000000000000000000000000000B
:1049AC0000000000000000000000000000000000FB
:1049BC0000000000000000000000000000000000EB
:1049CC0000000000000000000000000000000000DB
:1049DC0000000000000000000000000000000000CB
:1049EC0000000000000000000000000000000000BB
:1049FC0000000000000000000000000000000000AB
:104A0C00000000000000000000000000000000009A
:104A1C00000000000000000000000000000000008A
:104A2C00000000000000000000000000000000007A
:104A3C00000000000000000000000000000000006A
:104A4C00000000000000000000000000000000005A
:104A5C00000000000000000000000000000000004A
:104A6C00000000000000000000000000000000003A
:104A7C00000000000000000000000000000000002A
:104A8C00000000000000000000000000000000001A
:104A9C00000000000000000000000000000000000A
:104AAC0000000000000000000000000000000000FA
:104ABC0000000000000000000000000000000000EA
:104ACC0000000000000000000000000000000000DA
:104ADC0000000000000000000000000000000000CA
:104AEC0000000000000000000000000000000000BA
:104AFC0000000000000000000000000000000000AA
:104B0C000000000000000000000000000000000099
:104B1C000000000000000000000000000000000089
:104B2C000000000000000000000000000000000079
:104B3C000000000000000000000000000000000069
:104B4C000000000000000000000000000000000059
:104B5C000000000000000000000000000000000049
:104B6C000000000000000000000000000000000039
:104B7C000000000000000000000000000000000029
:104B8C000000000000000000000000000000000019
:104B9C000000000000000000000000000000000009
:104BAC0000000000000000000000000000000000F9
:104BBC0000000000000000000000000000000000E9
:104BCC0000000000000000000000000000000000D9
:104BDC0000000000000000000000000000000000C9
:104BEC0000000000000000000000000000000000B9
:104BFC0000000000000000000000000000000000A9
:104C0C000000000000000000000000000000000098
:104C1C000000000000000000000000000000000088
:104C2C000000000000000000000000000000000078
:104C3C000000000000000000000000000000000068
:104C4C000000000000000000000000000000000058
:104C5C000000000000000000000000000000000048
:104C6C000000000000000000000000000000000038
:104C7C000000000000000000000000000000000028
:104C8C000000000000000000000000000000000018
:104C9C000000000000000000000000000000000008
:104CAC0000000000000000000000000000000000F8
:104CBC0000000000000000000000000000000000E8
:104CCC0000000000000000000000000000000000D8
:104CDC0000000000000000000000000000000000C8
:104CEC0000000000000000000000000000000000B8
:104CFC0000000000000000000000000000000000A8
:104D0C000000000000000000000000000000000097
:104D1C000000000000000000000000000000000087
:104D2C000000000000000000000000000000000077
:104D3C000000000000000000000000000000000067
:104D4C000000000000000000000000000000000057
:104D5C000000000000000000000000000000000047
:104D6C000000000000000000000000000000000037
:104D7C000000000000000000000000000000000027
:104D8C000000000000000000000000000000000017
:104D9C000000000000000000000000000000000007
:104DAC0000000000000000000000000000000000F7
:104DBC0000000000000000000000000000000000E7
:104DCC0000000000000000000000000000000000D7
:104DDC0000000000000000000000000000000000C7
:104DEC0000000000000000000000000000000000B7
:104DFC0000000000000000000000000000000000A7
:104E0C000000000000000000000000000000000096
:104E1C000000000000000000000000000000000086
:104E2C000000000000000000000000000000000076
:104E3C000000000000000000000000000000000066
:104E4C000000000000000000000000000000000056
:104E5C000000000000000000000000000000000046
:104E6C000000000000000000000000000000000036
:104E7C000000000000000000000000000000000026
:104E8C000000000000000000000000000000000016
:104E9C000000000000000000000000000000000006
:104EAC0000000000000000000000000000000000F6
:104EBC0000000000000000000000000000000000E6
:104ECC0000000000000000000000000000000000D6
:104EDC0000000000000000000000000000000000C6
:104EEC0000000000000000000000000000000000B6
:104EFC0000000000000000000000000000000000A6
:104F0C000000000000000000000000000000000095
:104F1C000000000000000000000000000000000085
:104F2C000000000000000000000000000000000075
:104F3C000000000000000000000000000000000065
:104F4C000000000000000000000000000000000055
:104F5C000000000000000000000000000000000045
:104F6C000000000000000000000000000000000035
:104F7C000000000000000000000000000000000025
:104F8C000000000000000000000000000000000015
:104F9C000000000000000000000000000000000005
:104FAC0000000000000000000000000000000000F5
:104FBC0000000000000000000000000000000000E5
:104FCC0000000000000000000000000000000000D5
:104FDC0000000000000000000000000000000000C5
:104FEC0000000000000000000000000000000000B5
:044FFC0000000000B1
:040000056000100087
:00000001FF
