:0200000460009A
:100000004643464200000156000000000103030081
:1000100000000000000000000000000000000000E0
:1000200000000000000000000000000000000000D0
:1000300000000000000000000000000000000000C0
:1000400000000000010408000000000000000000A3
:100050000000200000000000000000000000000080
:100060000000000000000000000000000000000090
:100070000000000000000000000000000000000080
:10008000EB04180A063204260000000000000000FD
:10009000050404240000000000000000000000002F
:1000A0000000000000000000000000000000000050
:1000B0000604000000000000000000000000000036
:1000C0000000000000000000000000000000000030
:1000D00020041808000000000000000000000000DC
:1000E0000000000000000000000000000000000010
:1000F0000000000000000000000000000000000000
:10010000D8041808000000000000000000000000F3
:100110000204180804200000000000000000000095
:1001200000000000000000000000000000000000CF
:10013000600400000000000000000000000000005B
:1001400000000000000000000000000000000000AF
:10015000000000000000000000000000000000009F
:10016000000000000000000000000000000000008F
:10017000000000000000000000000000000000007F
:10018000000000000000000000000000000000006F
:10019000000000000000000000000000000000005F
:1001A000000000000000000000000000000000004F
:1001B000000000000000000000000000000000003F
:1001C000000100000010000001000000000000001D
:1001D000000001000000000000000000000000001E
:1001E000000000000000000000000000000000000F
:1001F00000000000000000000000000000000000FF
:10020000FFFFFFFFFFFFFFFFFFFFFFFFFFFFFFFFFE
:10021000FFFFFFFFFFFFFFFFFFFFFFFFFFFFFFFFEE
:10022000FFFFFFFFFFFFFFFFFFFFFFFFFFFFFFFFDE
:10023000FFFFFFFFFFFFFFFFFFFFFFFFFFFFFFFFCE
:10024000FFFFFFFFFFFFFFFFFFFFFFFFFFFFFFFFBE
:10025000FFFFFFFFFFFFFFFFFFFFFFFFFFFFFFFFAE
:10026000FFFFFFFFFFFFFFFFFFFFFFFFFFFFFFFF9E
:10027000FFFFFFFFFFFFFFFFFFFFFFFFFFFFFFFF8E
:10028000FFFFFFFFFFFFFFFFFFFFFFFFFFFFFFFF7E
:10029000FFFFFFFFFFFFFFFFFFFFFFFFFFFFFFFF6E
:1002A000FFFFFFFFFFFFFFFFFFFFFFFFFFFFFFFF5E
:1002B000FFFFFFFFFFFFFFFFFFFFFFFFFFFFFFFF4E
:1002C000FFFFFFFFFFFFFFFFFFFFFFFFFFFFFFFF3E
:1002D000FFFFFFFFFFFFFFFFFFFFFFFFFFFFFFFF2E
:1002E000FFFFFFFFFFFFFFFFFFFFFFFFFFFFFFFF1E
:1002F000FFFFFFFFFFFFFFFFFFFFFFFFFFFFFFFF0E
:10030000FFFFFFFFFFFFFFFFFFFFFFFFFFFFFFFFFD
:10031000FFFFFFFFFFFFFFFFFFFFFFFFFFFFFFFFED
:10032000FFFFFFFFFFFFFFFFFFFFFFFFFFFFFFFFDD
:10033000FFFFFFFFFFFFFFFFFFFFFFFFFFFFFFFFCD
:10034000FFFFFFFFFFFFFFFFFFFFFFFFFFFFFFFFBD
:10035000FFFFFFFFFFFFFFFFFFFFFFFFFFFFFFFFAD
:10036000FFFFFFFFFFFFFFFFFFFFFFFFFFFFFFFF9D
:10037000FFFFFFFFFFFFFFFFFFFFFFFFFFFFFFFF8D
:10038000FFFFFFFFFFFFFFFFFFFFFFFFFFFFFFFF7D
:10039000FFFFFFFFFFFFFFFFFFFFFFFFFFFFFFFF6D
:1003A000FFFFFFFFFFFFFFFFFFFFFFFFFFFFFFFF5D
:1003B000FFFFFFFFFFFFFFFFFFFFFFFFFFFFFFFF4D
:1003C000FFFFFFFFFFFFFFFFFFFFFFFFFFFFFFFF3D
:1003D000FFFFFFFFFFFFFFFFFFFFFFFFFFFFFFFF2D
:1003E000FFFFFFFFFFFFFFFFFFFFFFFFFFFFFFFF1D
:1003F000FFFFFFFFFFFFFFFFFFFFFFFFFFFFFFFF0D
:10040000FFFFFFFFFFFFFFFFFFFFFFFFFFFFFFFFFC
:10041000FFFFFFFFFFFFFFFFFFFFFFFFFFFFFFFFEC
:10042000FFFFFFFFFFFFFFFFFFFFFFFFFFFFFFFFDC
:10043000FFFFFFFFFFFFFFFFFFFFFFFFFFFFFFFFCC
:10044000FFFFFFFFFFFFFFFFFFFFFFFFFFFFFFFFBC
:10045000FFFFFFFFFFFFFFFFFFFFFFFFFFFFFFFFAC
:10046000FFFFFFFFFFFFFFFFFFFFFFFFFFFFFFFF9C
:10047000FFFFFFFFFFFFFFFFFFFFFFFFFFFFFFFF8C
:10048000FFFFFFFFFFFFFFFFFFFFFFFFFFFFFFFF7C
:10049000FFFFFFFFFFFFFFFFFFFFFFFFFFFFFFFF6C
:1004A000FFFFFFFFFFFFFFFFFFFFFFFFFFFFFFFF5C
:1004B000FFFFFFFFFFFFFFFFFFFFFFFFFFFFFFFF4C
:1004C000FFFFFFFFFFFFFFFFFFFFFFFFFFFFFFFF3C
:1004D000FFFFFFFFFFFFFFFFFFFFFFFFFFFFFFFF2C
:1004E000FFFFFFFFFFFFFFFFFFFFFFFFFFFFFFFF1C
:1004F000FFFFFFFFFFFFFFFFFFFFFFFFFFFFFFFF0C
:10050000FFFFFFFFFFFFFFFFFFFFFFFFFFFFFFFFFB
:10051000FFFFFFFFFFFFFFFFFFFFFFFFFFFFFFFFEB
:10052000FFFFFFFFFFFFFFFFFFFFFFFFFFFFFFFFDB
:10053000FFFFFFFFFFFFFFFFFFFFFFFFFFFFFFFFCB
:10054000FFFFFFFFFFFFFFFFFFFFFFFFFFFFFFFFBB
:10055000FFFFFFFFFFFFFFFFFFFFFFFFFFFFFFFFAB
:10056000FFFFFFFFFFFFFFFFFFFFFFFFFFFFFFFF9B
:10057000FFFFFFFFFFFFFFFFFFFFFFFFFFFFFFFF8B
:10058000FFFFFFFFFFFFFFFFFFFFFFFFFFFFFFFF7B
:10059000FFFFFFFFFFFFFFFFFFFFFFFFFFFFFFFF6B
:1005A000FFFFFFFFFFFFFFFFFFFFFFFFFFFFFFFF5B
:1005B000FFFFFFFFFFFFFFFFFFFFFFFFFFFFFFFF4B
:1005C000FFFFFFFFFFFFFFFFFFFFFFFFFFFFFFFF3B
:1005D000FFFFFFFFFFFFFFFFFFFFFFFFFFFFFFFF2B
:1005E000FFFFFFFFFFFFFFFFFFFFFFFFFFFFFFFF1B
:1005F000FFFFFFFFFFFFFFFFFFFFFFFFFFFFFFFF0B
:10060000FFFFFFFFFFFFFFFFFFFFFFFFFFFFFFFFFA
:10061000FFFFFFFFFFFFFFFFFFFFFFFFFFFFFFFFEA
:10062000FFFFFFFFFFFFFFFFFFFFFFFFFFFFFFFFDA
:10063000FFFFFFFFFFFFFFFFFFFFFFFFFFFFFFFFCA
:10064000FFFFFFFFFFFFFFFFFFFFFFFFFFFFFFFFBA
:10065000FFFFFFFFFFFFFFFFFFFFFFFFFFFFFFFFAA
:10066000FFFFFFFFFFFFFFFFFFFFFFFFFFFFFFFF9A
:10067000FFFFFFFFFFFFFFFFFFFFFFFFFFFFFFFF8A
:10068000FFFFFFFFFFFFFFFFFFFFFFFFFFFFFFFF7A
:10069000FFFFFFFFFFFFFFFFFFFFFFFFFFFFFFFF6A
:1006A000FFFFFFFFFFFFFFFFFFFFFFFFFFFFFFFF5A
:1006B000FFFFFFFFFFFFFFFFFFFFFFFFFFFFFFFF4A
:1006C000FFFFFFFFFFFFFFFFFFFFFFFFFFFFFFFF3A
:1006D000FFFFFFFFFFFFFFFFFFFFFFFFFFFFFFFF2A
:1006E000FFFFFFFFFFFFFFFFFFFFFFFFFFFFFFFF1A
:1006F000FFFFFFFFFFFFFFFFFFFFFFFFFFFFFFFF0A
:10070000FFFFFFFFFFFFFFFFFFFFFFFFFFFFFFFFF9
:10071000FFFFFFFFFFFFFFFFFFFFFFFFFFFFFFFFE9
:10072000FFFFFFFFFFFFFFFFFFFFFFFFFFFFFFFFD9
:10073000FFFFFFFFFFFFFFFFFFFFFFFFFFFFFFFFC9
:10074000FFFFFFFFFFFFFFFFFFFFFFFFFFFFFFFFB9
:10075000FFFFFFFFFFFFFFFFFFFFFFFFFFFFFFFFA9
:10076000FFFFFFFFFFFFFFFFFFFFFFFFFFFFFFFF99
:10077000FFFFFFFFFFFFFFFFFFFFFFFFFFFFFFFF89
:10078000FFFFFFFFFFFFFFFFFFFFFFFFFFFFFFFF79
:10079000FFFFFFFFFFFFFFFFFFFFFFFFFFFFFFFF69
:1007A000FFFFFFFFFFFFFFFFFFFFFFFFFFFFFFFF59
:1007B000FFFFFFFFFFFFFFFFFFFFFFFFFFFFFFFF49
:1007C000FFFFFFFFFFFFFFFFFFFFFFFFFFFFFFFF39
:1007D000FFFFFFFFFFFFFFFFFFFFFFFFFFFFFFFF29
:1007E000FFFFFFFFFFFFFFFFFFFFFFFFFFFFFFFF19
:1007F000FFFFFFFFFFFFFFFFFFFFFFFFFFFFFFFF09
:10080000FFFFFFFFFFFFFFFFFFFFFFFFFFFFFFFFF8
:10081000FFFFFFFFFFFFFFFFFFFFFFFFFFFFFFFFE8
:10082000FFFFFFFFFFFFFFFFFFFFFFFFFFFFFFFFD8
:10083000FFFFFFFFFFFFFFFFFFFFFFFFFFFFFFFFC8
:10084000FFFFFFFFFFFFFFFFFFFFFFFFFFFFFFFFB8
:10085000FFFFFFFFFFFFFFFFFFFFFFFFFFFFFFFFA8
:10086000FFFFFFFFFFFFFFFFFFFFFFFFFFFFFFFF98
:10087000FFFFFFFFFFFFFFFFFFFFFFFFFFFFFFFF88
:10088000FFFFFFFFFFFFFFFFFFFFFFFFFFFFFFFF78
:10089000FFFFFFFFFFFFFFFFFFFFFFFFFFFFFFFF68
:1008A000FFFFFFFFFFFFFFFFFFFFFFFFFFFFFFFF58
:1008B000FFFFFFFFFFFFFFFFFFFFFFFFFFFFFFFF48
:1008C000FFFFFFFFFFFFFFFFFFFFFFFFFFFFFFFF38
:1008D000FFFFFFFFFFFFFFFFFFFFFFFFFFFFFFFF28
:1008E000FFFFFFFFFFFFFFFFFFFFFFFFFFFFFFFF18
:1008F000FFFFFFFFFFFFFFFFFFFFFFFFFFFFFFFF08
:10090000FFFFFFFFFFFFFFFFFFFFFFFFFFFFFFFFF7
:10091000FFFFFFFFFFFFFFFFFFFFFFFFFFFFFFFFE7
:10092000FFFFFFFFFFFFFFFFFFFFFFFFFFFFFFFFD7
:10093000FFFFFFFFFFFFFFFFFFFFFFFFFFFFFFFFC7
:10094000FFFFFFFFFFFFFFFFFFFFFFFFFFFFFFFFB7
:10095000FFFFFFFFFFFFFFFFFFFFFFFFFFFFFFFFA7
:10096000FFFFFFFFFFFFFFFFFFFFFFFFFFFFFFFF97
:10097000FFFFFFFFFFFFFFFFFFFFFFFFFFFFFFFF87
:10098000FFFFFFFFFFFFFFFFFFFFFFFFFFFFFFFF77
:10099000FFFFFFFFFFFFFFFFFFFFFFFFFFFFFFFF67
:1009A000FFFFFFFFFFFFFFFFFFFFFFFFFFFFFFFF57
:1009B000FFFFFFFFFFFFFFFFFFFFFFFFFFFFFFFF47
:1009C000FFFFFFFFFFFFFFFFFFFFFFFFFFFFFFFF37
:1009D000FFFFFFFFFFFFFFFFFFFFFFFFFFFFFFFF27
:1009E000FFFFFFFFFFFFFFFFFFFFFFFFFFFFFFFF17
:1009F000FFFFFFFFFFFFFFFFFFFFFFFFFFFFFFFF07
:100A0000FFFFFFFFFFFFFFFFFFFFFFFFFFFFFFFFF6
:100A1000FFFFFFFFFFFFFFFFFFFFFFFFFFFFFFFFE6
:100A2000FFFFFFFFFFFFFFFFFFFFFFFFFFFFFFFFD6
:100A3000FFFFFFFFFFFFFFFFFFFFFFFFFFFFFFFFC6
:100A4000FFFFFFFFFFFFFFFFFFFFFFFFFFFFFFFFB6
:100A5000FFFFFFFFFFFFFFFFFFFFFFFFFFFFFFFFA6
:100A6000FFFFFFFFFFFFFFFFFFFFFFFFFFFFFFFF96
:100A7000FFFFFFFFFFFFFFFFFFFFFFFFFFFFFFFF86
:100A8000FFFFFFFFFFFFFFFFFFFFFFFFFFFFFFFF76
:100A9000FFFFFFFFFFFFFFFFFFFFFFFFFFFFFFFF66
:100AA000FFFFFFFFFFFFFFFFFFFFFFFFFFFFFFFF56
:100AB000FFFFFFFFFFFFFFFFFFFFFFFFFFFFFFFF46
:100AC000FFFFFFFFFFFFFFFFFFFFFFFFFFFFFFFF36
:100AD000FFFFFFFFFFFFFFFFFFFFFFFFFFFFFFFF26
:100AE000FFFFFFFFFFFFFFFFFFFFFFFFFFFFFFFF16
:100AF000FFFFFFFFFFFFFFFFFFFFFFFFFFFFFFFF06
:100B0000FFFFFFFFFFFFFFFFFFFFFFFFFFFFFFFFF5
:100B1000FFFFFFFFFFFFFFFFFFFFFFFFFFFFFFFFE5
:100B2000FFFFFFFFFFFFFFFFFFFFFFFFFFFFFFFFD5
:100B3000FFFFFFFFFFFFFFFFFFFFFFFFFFFFFFFFC5
:100B4000FFFFFFFFFFFFFFFFFFFFFFFFFFFFFFFFB5
:100B5000FFFFFFFFFFFFFFFFFFFFFFFFFFFFFFFFA5
:100B6000FFFFFFFFFFFFFFFFFFFFFFFFFFFFFFFF95
:100B7000FFFFFFFFFFFFFFFFFFFFFFFFFFFFFFFF85
:100B8000FFFFFFFFFFFFFFFFFFFFFFFFFFFFFFFF75
:100B9000FFFFFFFFFFFFFFFFFFFFFFFFFFFFFFFF65
:100BA000FFFFFFFFFFFFFFFFFFFFFFFFFFFFFFFF55
:100BB000FFFFFFFFFFFFFFFFFFFFFFFFFFFFFFFF45
:100BC000FFFFFFFFFFFFFFFFFFFFFFFFFFFFFFFF35
:100BD000FFFFFFFFFFFFFFFFFFFFFFFFFFFFFFFF25
:100BE000FFFFFFFFFFFFFFFFFFFFFFFFFFFFFFFF15
:100BF000FFFFFFFFFFFFFFFFFFFFFFFFFFFFFFFF05
:100C0000FFFFFFFFFFFFFFFFFFFFFFFFFFFFFFFFF4
:100C1000FFFFFFFFFFFFFFFFFFFFFFFFFFFFFFFFE4
:100C2000FFFFFFFFFFFFFFFFFFFFFFFFFFFFFFFFD4
:100C3000FFFFFFFFFFFFFFFFFFFFFFFFFFFFFFFFC4
:100C4000FFFFFFFFFFFFFFFFFFFFFFFFFFFFFFFFB4
:100C5000FFFFFFFFFFFFFFFFFFFFFFFFFFFFFFFFA4
:100C6000FFFFFFFFFFFFFFFFFFFFFFFFFFFFFFFF94
:100C7000FFFFFFFFFFFFFFFFFFFFFFFFFFFFFFFF84
:100C8000FFFFFFFFFFFFFFFFFFFFFFFFFFFFFFFF74
:100C9000FFFFFFFFFFFFFFFFFFFFFFFFFFFFFFFF64
:100CA000FFFFFFFFFFFFFFFFFFFFFFFFFFFFFFFF54
:100CB000FFFFFFFFFFFFFFFFFFFFFFFFFFFFFFFF44
:100CC000FFFFFFFFFFFFFFFFFFFFFFFFFFFFFFFF34
:100CD000FFFFFFFFFFFFFFFFFFFFFFFFFFFFFFFF24
:100CE000FFFFFFFFFFFFFFFFFFFFFFFFFFFFFFFF14
:100CF000FFFFFFFFFFFFFFFFFFFFFFFFFFFFFFFF04
:100D0000FFFFFFFFFFFFFFFFFFFFFFFFFFFFFFFFF3
:100D1000FFFFFFFFFFFFFFFFFFFFFFFFFFFFFFFFE3
:100D2000FFFFFFFFFFFFFFFFFFFFFFFFFFFFFFFFD3
:100D3000FFFFFFFFFFFFFFFFFFFFFFFFFFFFFFFFC3
:100D4000FFFFFFFFFFFFFFFFFFFFFFFFFFFFFFFFB3
:100D5000FFFFFFFFFFFFFFFFFFFFFFFFFFFFFFFFA3
:100D6000FFFFFFFFFFFFFFFFFFFFFFFFFFFFFFFF93
:100D7000FFFFFFFFFFFFFFFFFFFFFFFFFFFFFFFF83
:100D8000FFFFFFFFFFFFFFFFFFFFFFFFFFFFFFFF73
:100D9000FFFFFFFFFFFFFFFFFFFFFFFFFFFFFFFF63
:100DA000FFFFFFFFFFFFFFFFFFFFFFFFFFFFFFFF53
:100DB000FFFFFFFFFFFFFFFFFFFFFFFFFFFFFFFF43
:100DC000FFFFFFFFFFFFFFFFFFFFFFFFFFFFFFFF33
:100DD000FFFFFFFFFFFFFFFFFFFFFFFFFFFFFFFF23
:100DE000FFFFFFFFFFFFFFFFFFFFFFFFFFFFFFFF13
:100DF000FFFFFFFFFFFFFFFFFFFFFFFFFFFFFFFF03
:100E0000FFFFFFFFFFFFFFFFFFFFFFFFFFFFFFFFF2
:100E1000FFFFFFFFFFFFFFFFFFFFFFFFFFFFFFFFE2
:100E2000FFFFFFFFFFFFFFFFFFFFFFFFFFFFFFFFD2
:100E3000FFFFFFFFFFFFFFFFFFFFFFFFFFFFFFFFC2
:100E4000FFFFFFFFFFFFFFFFFFFFFFFFFFFFFFFFB2
:100E5000FFFFFFFFFFFFFFFFFFFFFFFFFFFFFFFFA2
:100E6000FFFFFFFFFFFFFFFFFFFFFFFFFFFFFFFF92
:100E7000FFFFFFFFFFFFFFFFFFFFFFFFFFFFFFFF82
:100E8000FFFFFFFFFFFFFFFFFFFFFFFFFFFFFFFF72
:100E9000FFFFFFFFFFFFFFFFFFFFFFFFFFFFFFFF62
:100EA000FFFFFFFFFFFFFFFFFFFFFFFFFFFFFFFF52
:100EB000FFFFFFFFFFFFFFFFFFFFFFFFFFFFFFFF42
:100EC000FFFFFFFFFFFFFFFFFFFFFFFFFFFFFFFF32
:100ED000FFFFFFFFFFFFFFFFFFFFFFFFFFFFFFFF22
:100EE000FFFFFFFFFFFFFFFFFFFFFFFFFFFFFFFF12
:100EF000FFFFFFFFFFFFFFFFFFFFFFFFFFFFFFFF02
:100F0000FFFFFFFFFFFFFFFFFFFFFFFFFFFFFFFFF1
:100F1000FFFFFFFFFFFFFFFFFFFFFFFFFFFFFFFFE1
:100F2000FFFFFFFFFFFFFFFFFFFFFFFFFFFFFFFFD1
:100F3000FFFFFFFFFFFFFFFFFFFFFFFFFFFFFFFFC1
:100F4000FFFFFFFFFFFFFFFFFFFFFFFFFFFFFFFFB1
:100F5000FFFFFFFFFFFFFFFFFFFFFFFFFFFFFFFFA1
:100F6000FFFFFFFFFFFFFFFFFFFFFFFFFFFFFFFF91
:100F7000FFFFFFFFFFFFFFFFFFFFFFFFFFFFFFFF81
:100F8000FFFFFFFFFFFFFFFFFFFFFFFFFFFFFFFF71
:100F9000FFFFFFFFFFFFFFFFFFFFFFFFFFFFFFFF61
:100FA000FFFFFFFFFFFFFFFFFFFFFFFFFFFFFFFF51
:100FB000FFFFFFFFFFFFFFFFFFFFFFFFFFFFFFFF41
:100FC000FFFFFFFFFFFFFFFFFFFFFFFFFFFFFFFF31
:100FD000FFFFFFFFFFFFFFFFFFFFFFFFFFFFFFFF21
:100FE000FFFFFFFFFFFFFFFFFFFFFFFFFFFFFFFF11
:100FF000FFFFFFFFFFFFFFFFFFFFFFFFFFFFFFFF01
:10100000D1002043ED15006000000000000000004A
:10101000201000600010006000400160000000002F
:1010200000000060004C010000000000FFFFFFFF17
:10103000FFFFFFFFFFFFFFFFFFFFFFFFFFFFFFFFC0
:10104000FFFFFFFFFFFFFFFFFFFFFFFFFFFFFFFFB0
:10105000FFFFFFFFFFFFFFFFFFFFFFFFFFFFFFFFA0
:10106000FFFFFFFFFFFFFFFFFFFFFFFFFFFFFFFF90
:10107000FFFFFFFFFFFFFFFFFFFFFFFFFFFFFFFF80
:10108000FFFFFFFFFFFFFFFFFFFFFFFFFFFFFFFF70
:10109000FFFFFFFFFFFFFFFFFFFFFFFFFFFFFFFF60
:1010A000FFFFFFFFFFFFFFFFFFFFFFFFFFFFFFFF50
:1010B000FFFFFFFFFFFFFFFFFFFFFFFFFFFFFFFF40
:1010C000FFFFFFFFFFFFFFFFFFFFFFFFFFFFFFFF30
:1010D000FFFFFFFFFFFFFFFFFFFFFFFFFFFFFFFF20
:1010E000FFFFFFFFFFFFFFFFFFFFFFFFFFFFFFFF10
:1010F000FFFFFFFFFFFFFFFFFFFFFFFFFFFFFFFF00
:10110000FFFFFFFFFFFFFFFFFFFFFFFFFFFFFFFFEF
:10111000FFFFFFFFFFFFFFFFFFFFFFFFFFFFFFFFDF
:10112000FFFFFFFFFFFFFFFFFFFFFFFFFFFFFFFFCF
:10113000FFFFFFFFFFFFFFFFFFFFFFFFFFFFFFFFBF
:10114000FFFFFFFFFFFFFFFFFFFFFFFFFFFFFFFFAF
:10115000FFFFFFFFFFFFFFFFFFFFFFFFFFFFFFFF9F
:10116000FFFFFFFFFFFFFFFFFFFFFFFFFFFFFFFF8F
:10117000FFFFFFFFFFFFFFFFFFFFFFFFFFFFFFFF7F
:10118000FFFFFFFFFFFFFFFFFFFFFFFFFFFFFFFF6F
:10119000FFFFFFFFFFFFFFFFFFFFFFFFFFFFFFFF5F
:1011A000FFFFFFFFFFFFFFFFFFFFFFFFFFFFFFFF4F
:1011B000FFFFFFFFFFFFFFFFFFFFFFFFFFFFFFFF3F
:1011C000FFFFFFFFFFFFFFFFFFFFFFFFFFFFFFFF2F
:1011D000FFFFFFFFFFFFFFFFFFFFFFFFFFFFFFFF1F
:1011E000FFFFFFFFFFFFFFFFFFFFFFFFFFFFFFFF0F
:1011F000FFFFFFFFFFFFFFFFFFFFFFFFFFFFFFFFFF
:10120000FFFFFFFFFFFFFFFFFFFFFFFFFFFFFFFFEE
:10121000FFFFFFFFFFFFFFFFFFFFFFFFFFFFFFFFDE
:10122000FFFFFFFFFFFFFFFFFFFFFFFFFFFFFFFFCE
:10123000FFFFFFFFFFFFFFFFFFFFFFFFFFFFFFFFBE
:10124000FFFFFFFFFFFFFFFFFFFFFFFFFFFFFFFFAE
:10125000FFFFFFFFFFFFFFFFFFFFFFFFFFFFFFFF9E
:10126000FFFFFFFFFFFFFFFFFFFFFFFFFFFFFFFF8E
:10127000FFFFFFFFFFFFFFFFFFFFFFFFFFFFFFFF7E
:10128000FFFFFFFFFFFFFFFFFFFFFFFFFFFFFFFF6E
:10129000FFFFFFFFFFFFFFFFFFFFFFFFFFFFFFFF5E
:1012A000FFFFFFFFFFFFFFFFFFFFFFFFFFFFFFFF4E
:1012B000FFFFFFFFFFFFFFFFFFFFFFFFFFFFFFFF3E
:1012C000FFFFFFFFFFFFFFFFFFFFFFFFFFFFFFFF2E
:1012D000FFFFFFFFFFFFFFFFFFFFFFFFFFFFFFFF1E
:1012E000FFFFFFFFFFFFFFFFFFFFFFFFFFFFFFFF0E
:1012F000FFFFFFFFFFFFFFFFFFFFFFFFFFFFFFFFFE
:10130000FFFFFFFFFFFFFFFFFFFFFFFFFFFFFFFFED
:10131000FFFFFFFFFFFFFFFFFFFFFFFFFFFFFFFFDD
:10132000FFFFFFFFFFFFFFFFFFFFFFFFFFFFFFFFCD
:10133000FFFFFFFFFFFFFFFFFFFFFFFFFFFFFFFFBD
:10134000FFFFFFFFFFFFFFFFFFFFFFFFFFFFFFFFAD
:10135000FFFFFFFFFFFFFFFFFFFFFFFFFFFFFFFF9D
:10136000FFFFFFFFFFFFFFFFFFFFFFFFFFFFFFFF8D
:10137000FFFFFFFFFFFFFFFFFFFFFFFFFFFFFFFF7D
:10138000FFFFFFFFFFFFFFFFFFFFFFFFFFFFFFFF6D
:10139000FFFFFFFFFFFFFFFFFFFFFFFFFFFFFFFF5D
:1013A000FFFFFFFFFFFFFFFFFFFFFFFFFFFFFFFF4D
:1013B000FFFFFFFFFFFFFFFFFFFFFFFFFFFFFFFF3D
:1013C000FFFFFFFFFFFFFFFFFFFFFFFFFFFFFFFF2D
:1013D000FFFFFFFFFFFFFFFFFFFFFFFFFFFFFFFF1D
:1013E000FFFFFFFFFFFFFFFFFFFFFFFFFFFFFFFF0D
:1013F000FFFFFFFFFFFFFFFFFFFFFFFFFFFFFFFFFD
:10140000824205D051F8043B40F8043B8242F9D8AF
:10141000704700BF044A05494FF0000342F8043BFF
:101420009142FBD8704700BFC07A0020008800209E
:1014300080B5BFF34F8F00F093F9534C534B082006
:101440005349C3F85401534AC3F800115248C3F832
:10145000F0405249FFF7D4FF514A52495248FFF732
:10146000CFFF524CFFF7D6FF4FF470004FF0E02152
:1014700000234F4AC1F8880D44F823200133B02BD4
:10148000FAD14C4B80214C4A03F8011B9342FBD10B
:101490004FF0E025494F4A4A4FF0FF31C5F8084D5B
:1014A0000026D5F8243D43F4E023C5F8243DFB692C
:1014B00023F07F0343F04003FB617B6A23F07F034B
:1014C00043F040037B629166D1661167516700F07B
:1014D0004FF93C4B63223C49A3633C4BE36303233A
:1014E0006A613B4AAE612B61C5F8202DD5F8FC2D11
:1014F000384B42F08072C5F8FC2D1A6842F00102A8
:101500001A605B680B6000F0BDF9334800F018FC0E
:10151000F96E324B324A41F44051F9661E60C3F80D
:101520000861C3F81861C3F82861C3F83861936B88
:10153000DB0708D442F615632A4951651365936B9E
:1015400043F001039363264A274C936843F0011349
:10155000936000F0FBFA00F00BFC00F0C1F900F022
:1015600001F92368132BFCD900F052FA2368B3F574
:10157000967FFBD300F0FAF800F0F6F800F0E4FBF9
:1015800000F0D6FB30BFFDE70C0D111300800D40BD
:101590001B10182008A3000000000000E81F0060D6
:1015A000C07A0020F4C20060000000200078002013
:1015B000415E000000E400E0A0E400E000C00F4055
:1015C00000C00A403D74000078870020417400008C
:1015D00000002020001000E00046C3230040084027
:1015E00000400D400000C0567C870020054B4FF4A2
:1015F0002A01054A05485A641864054A99639546C4
:10160000FFF716FF00C00A40AFAAAAAA07002000F1
:10161000000007201BB9124B1B6F9B041ED400F067
:101620003F000F4B22F0604221F0604140F48910EE
:101630001867C3F88010C3F890201A6F22F4805204
:101640001A671A6F002AFCDAD3F87011054A0A40AB
:10165000C3F870211A6F22F480321A67704700BFF6
:1016600000800D40FF7F7FFFB1F5607FF0B50E4633
:101670008DB028BF4FF460760F46054672B62E4BEC
:1016800000247022186021462C4B2D481C8000F04D
:1016900053FBCFB121462A484FF0010C4A0901F013
:1016A0001F03013150F822400CFA03F38E4243EA43
:1016B000040340F82230F1D8284600234380013348
:1016C00000F582709E42F9D81E4C257815B162B69D
:1016D0000DB0F0BD082000F03BFB1B4B80220646FE
:1016E000009302A90693194B0271056008A80293A2
:1016F00000F03AFB06A9164A304600F031FB069B83
:1017000008A8DB689847009B02A8DB689847237805
:10171000002BDCD10F4B104AC3F858210F49D020C1
:101720004FF0E023402281F84600C3F8082101234E
:10173000237062B60DB0F0BD147F0020A08700209A
:101740001C7F0020B58700205C480020D54F00009A
:101750001B10010000780020E14F000000E400E0D1
:10176000704700BF704700BF704700BF00BF7047A1
:1017700010B44FF0E023002110243248C3F8941D28
:10178000C3F89C4D1124C3F8A00D2F48C3F89C4DFD
:101790001224C3F8A00D2D48C3F89C4D2C4AC3F861
:1017A000A00D2C4C42F015022B48C3F89C4DC3F8F9
:1017B000A00D2A4C2A48C3F89C4DC3F8A00D294C13
:1017C000C3F89C2D2848294AC3F8A04DC3F89C0DA6
:1017D000C3F8A02D02F5A022254C0C322548C3F8F1
:1017E0009C4DC3F8A02D244AC3F89C0DC3F8A02D2E
:1017F00002F14062214C02322148C3F89C4DC3F8EB
:10180000A02D0A32C3F89C0DC3F8A02D00BF00BF65
:1018100000BF00BF00BF0122C3F8942DBFF34F8F5C
:10182000BFF36F8FC3F8501FBFF34F8FBFF36F8F9E
:10183000D3F8142D5DF8044B42F44032C3F8142D54
:10184000704700BF3F000010250008070900100086
:10185000008800201300200021000207140000204F
:1018600025000813090000101600202027000B1384
:1018700017000040180000602F000B0719000070CF
:101880001A000080F0B4154A40274FF480314FF41D
:1018900080564FF400554FF4404443F24200136920
:1018A00013F0020F0ED113F4005F0FD013F4805F1A
:1018B0000ED0002BF3DA13F4803F0BD15B060BD56F
:1018C000F0BC7047946151619061E8E75561E6E7CB
:1018D0005661E4E79161E2E75761E0E700800D407F
:1018E0003F4A03203F49F3EE095AD2F880304FF0C7
:1018F000000C9FED3D6A23F001039FED3C5A30B48C
:10190000C2F88030C2F89000D1F8E010384DCBB268
:10191000384C39482B6007EE903A0B0DC1F30B2180
:10192000F8EEE77A06EE903A07EE101A334BB8EE6F
:10193000C77A2160F8EEE66A314937EEC66A37EEBB
:10194000C55A76EEC76A77EEE57A26EE266AC3EDCB
:10195000006A25EE265AD2F8803067EEA64AC0ED1E
:10196000007AC6EE275A274885EE276AC4EEA76A92
:1019700075EE875AFCEEE55A36EE076A15EE904A88
:10198000BCEEC66A43EA045376EE877AC2F880302A
:1019900016EE103AD2F89041FCEEE77A01EA0341E4
:1019A000214317EE903AC2F89011C3F30B03D2F81B
:1019B00090110B431449C2F89031D2F8803043F0B3
:1019C0000203C2F88030114B80F840C0C1F84031AA
:1019D0004FF0E023012230BCC3F80821704700BF5C
:1019E00000810D4000441F400000AA420000B442A4
:1019F00068870020648700206C87002070870020A3
:101A00000000FF0F00E400E0007800200560000007
:101A1000314B40F6617210B5C3F8202140F2044406
:101A200000F082F92D4A2E49D2F880302D4843F03B
:101A30000303C2F880302C4BC1F8604102681A429F
:101A400003D1D1F8A8319A071BD0254A4FF00041A5
:101A5000244B5963D2F8403143F00203C2F84031BD
:101A6000D2F840319B07FBD44FF400304FF0E02117
:101A70001C4B4FF00042C1F88C0219209A6300F011
:101A80006BF9184A4FF08040154C002190630A20F2
:101A9000164B11604FF42072C4F8A801184600F0EC
:101AA0004BF94FF4800203464FF4810040F243119A
:101AB0001860C4F858311A640D4B0E4AC4F8481126
:101AC000C3F804224FF0E0224FF400310123C2F8A2
:101AD0000C11C4F8403110BD00800D4000C00F4013
:101AE00000002E4000900D40001C1E000000002051
:101AF00000780020ED61000008B50E4B1B6E9B07BF
:101B000000D4FBBE72B60C4B00200C4AC3F8400157
:101B100003F160430A49A3F55F2311649D46BFF3B7
:101B20004F8F4FF400130748074ADB6902609B6838
:101B3000984700BF00441F4000002E4000C00A40EC
:101B40000300200000802020000012EB104BA0209A
:101B5000104AD96E41F4403110B4D96640F237646E
:101B6000D96E41F44071D96654649064936C1B063D
:101B7000FCD4094A40F23761A02351649364936C0A
:101B800013F08003FBD1054A13705DF8044B7047D6
:101B900000C00F4000400C4000800C40BA8700207D
:101BA00043690A4A03EB011010B4037A084C02EBB4
:101BB0000313D3E901321460C2681A6003690BB1E0
:101BC00042691A605DF8044B704700BFCC480020A2
:101BD00061F801004369027E03EB021292F808C02B
:101BE0008C451CD01A7AFF2A19D0914210B50446B0
:101BF00016D01A7EFF2A06D00121D3E900231268ED
:101C00001A4201D1217610BD064B0522204603EB76
:101C10000C135B681A60FFF7C3FF2176F3E7704788
:101C20000021EAE7CC48002043690A4A03EB01108F
:101C300010B490F82830084C02EB0313D3E90132BA
:101C40001460C26A1A60036B0BB1426B1A605DF8D4
:101C5000044B7047CC48002061F801004369427E84
:101C600003EB021292F828C08C451ED093F828206E
:101C7000FF2A1AD0914210B5044617D093F83820A5
:101C8000FF2A06D00121D3E9002312681A4201D1AC
:101C9000617610BD064B0522204603EB0C135B68F2
:101CA0001A60FFF7C1FF6176F3E770470021EAE7AA
:101CB000CC480020164942698B6B23F47C0343F423
:101CC000802370B58B630446124DD2E900130A6875
:101CD0001A4303690A60022200211A610E4A19613F
:101CE0009A6401225A629D624FF43035DD624FF0F2
:101CF00001159E6C1E6519629D651A61017EFFF7D4
:101D00004FFF617E2046BDE87040FFF78DBF00BFEA
:101D100000C00F40B80B05053B372819F8B500BFC8
:101D2000F8BC08BC9E4670475FF800F029690000C7
:101D30005FF800F0955C00005FF800F0599D00002E
:101D40005FF800F0FD5800005FF800F0399E0000D9
:101D50005FF800F0D95D00005FF800F0ED5B000077
:101D60005FF800F07D5500005FF800F0495000007A
:101D70005FF800F0DD740000450000004D460000F3
:081D8000C54E00008156000071
:101D880018035400650065006E0073007900200098
:101D98004D004900440049001803540065006500DF
:101DA8006E00730079006400750069006E006F00B2
:101DB8000403090409029500030100C032080B005E
:101DC80002020201000904000001020201000524C8
:101DD800001001052401010104240206052406005F
:101DE800010705820310001009040100020A00001F
:101DF80000070503024000000705830240000009B0
:101E08000402000201030000072401000125000666
:101E1800240201010006240202020009240301032E
:101E2800010201000924030204010101000905045B
:101E38000240000000000525010101090584024057
:101E480000000000052501010300000009029500BB
:101E5800030100C032080B0002020201000904005D
:101E680000010202010005240010010524010101FE
:101E78000424020605240600010705820310000554
:101E880009040100020A000000070503020002001D
:101E98000705830200020009040200020103000092
:101EA800072401000125000624020101000624027E
:101EB80002020009240301030102010009240302AC
:101EC80004010101000905040200020000000525C3
:101ED8000101010905840200020000000525010135
:101EE800030000000A060002EF02014001000000A2
:101EF80080C00F400000000319000000100000001F
:101F0800E8841F4001000000FF000000FF000000FF
:101F18000000000000000000180000001000000091
:101F2800E4841F4001000000FF000000FF000000E3
:101F380000000000000000001F0000001D7B0000E2
:101F480070C00F40000C00001100000011000000DC
:101F5800E0841F400200000024000000120000007E
:101F6800E0841F4001000000100000001100000084
:101F7800DC841F4002000000250000001200000061
:101F8800DC841F40010000001E000000117B0000DF
:101F980070C00F40C00000001200000013000000D5
:101FA800D0841F4001000000FF000000FF00000077
:101FB80000000000000000001300000013000000F3
:101FC800CC841F4001000000FF000000FF0000005B
:101FD80000000000000000001C000000057B00005D
:101FE80000000000000000000000000000000000E9
:101FF80000000000000000000000000000000000D9
:102008000548064B1B1AD90F01EBA301491002D052
:10201800034B03B118477047C07A0020C07A0020EC
:102028000000000008B5054B1BB105490548AFF392
:102038000080BDE80840FFF7E3BF00BF00000000D4
:10204800F0860020004C016010B5044604210B48BE
:1020580007F0D8F8204609F023FF0146204607F08C
:10206800D1F8204609F01CFF132806D8044601348D
:10207800202007F0B1F8142CF9D110BD98060020E3
:102088002DE9F04F541E8BB00F2C00F2A3800029CD
:10209800C0F2A0808A42C0F29D8093FBF2F402FB5A
:1020A8001433002B0093C0F29880C4680023A24226
:1020B8000360C0E90121D8BFC360002900F08A800D
:1020C8008A4200F0F7800124551A0023A54207949C
:1020D8000195CDE9083300F383800294002940F389
:1020E8000281009B4FF0000C4FF001098B469E4681
:1020F800A4EB0308C3F1000A554607E050F827107F
:1021080001351943454540F8271022D005EB0E014B
:102118000AAF002D2B464FEA611601F01F01B8BF28
:10212800531907EB86065F1103F01F0356F80C6C72
:1021380009FA03F326FA01F101F001010029DDD1C2
:1021480050F82710013521EA0301454540F82710CA
:10215800DCD10CF1010C05EB0408A244AEEB040E33
:10216800DC45C9D104FB0CF7019E012E32D1009B3E
:102178000299FC1ACD1A3D44DF1B07E050F82E10D7
:1021880001341943AC4240F82E1023D0E1190DF167
:10219800280E002C23464FEA611C01F01F01B8BF2E
:1021A80013190EEB8C0C4FEA631E03F01F035CF847
:1021B80008CC06FA03F32CFA01F101F00101002919
:1021C800DCD150F82E10013421EA0301AC4240F86A
:1021D8002E10DBD10BB0BDE8F08F1344009364E7F9
:1021E8000DF124091D46A046A346A6468A46029438
:1021F80004900592019C002608EB0E02029F5445AC
:10220800304639460392A8BF544603E053F80C1CE5
:1022180053F8043C06F01F0280000136D14000F15B
:1022280028070BFA02F2701111F0010F6F4423EA2C
:10223800020C42EA03020AAB14BF47F8042C47F821
:1022480004CCB04503EB8003E0D1002128460DE023
:1022580059F82530134349F8253001310AAA4B11A2
:10226800714502EB830314D053F8080C01F01F02E8
:1022780008EB0103D04003F01F025D11C0070BFA01
:1022880002F2E5D459F8250020EA020049F82500B1
:10229800E3E7544520DB019B1B1B0193019A099B33
:1022A800012A079312DC2146CDF808E0039CDDE9FA
:1022B800040213E7002101250B4605FA03F4013354
:1022C8009A4241EA0401F8D1016083E7DDF80C8005
:1022D800A246089D02938DE7029BB6460893AAEB97
:1022E80004030193DAE700273EE700BFF8B5054687
:1022F8003548422405F01CFA2D2006F06DFF013CFC
:10230800FAD13148AE0005F013FA06212F4806F03D
:1023180079FF691C2C4805F0FFF904212C4806F0C8
:1023280071FF0921284805F0F7F90221294806F02C
:1023380069FF294C05EB850304EB83039F6837B1DC
:10234800384609F0ADFD0146384606F05BFF7719BF
:102358000321224804EB870706F054FF204A7B68D4
:102368001948A2FB03230A229909002305F0EEF974
:1023780003211C4806F046FF134805F0D9F9082147
:10238800194806F03FFFFF6837B1384609F088FD65
:102398000146384606F036FF2E440B4805F0C8F9CA
:1023A800082104EB8604114806F02CFF246934B197
:1023B800204609F075FD0146204606F023FF024835
:1023C800BDE8F84005F0B4B930600020640600208C
:1023D8006C06002074060020A00600207806002065
:1023E800D34D62107C060020800600208C06002059
:1023F800F6EE007A90ED016AD0ED024AB4EEE76A93
:10240800F1EE007AF1EE10FA10B540F1C880BFEE97
:10241800000AA6EE270AF5EEC04AF1EE10FA40F3DC
:10242800B080B3EE003A9FED604AB2EE005A64EE17
:10243800833A24EE855A76EE637A36EE237AFAFEEC
:10244800677AFDEEE77ABBFE477A17EE902AFDEE33
:10245800C77A17EE904AA24239DCF0EE441A90EDA2
:10246800032A0134DFED512A514912E0F8EEE77AE8
:10247800DEED006ADEED015A013237EE677AA242DC
:1024880075EEE65AF0EE667AE7EE257AA5EE274A6B
:102498001DD007EE902AB0EE437AF8EEE77A76EE92
:1024A800677AA7EE827A27EE227AFBFE477AFDEE5C
:1024B800E77A17EE903AB3F5006F01EB830ED5D3A8
:1024C8000132F0EE617AA242A5EE274AE1D1B6EEDA
:1024D800003A30EE044A9FED340AB1EE455A36EE22
:1024E800433A73EE637A33EE237AFAFE677AFDEEA7
:1024F800E77ABBFE477A17EE902AFDEEC77A17EE09
:10250800901A8A423BDCB3EE002AD0ED032AF0EEA3
:10251800401A0131DFED253A254C12E0F8EEE77A52
:10252800DEED006ADEED015A013237EE677A8A4243
:1025380075EEE65AF0EE667AE7EE257AA5EE270AFA
:102548001DD007EE902AB0EE427AF8EEE77A73EEE5
:10255800677AA7EEA27A27EE237AFBFE477AFDEE8A
:10256800E77A17EE903AB3F5006F04EB830ED5D3F4
:102578000132F0EE617A8A42A5EE270AE1D134EE03
:10258800000A36EE246AF7EE007AB4EEE76AF1EE56
:1025980010FAA8BF36EE676A80ED016A10BDB0EE8A
:1025A800080AA6EE670A36E700000000000080422D
:1025B80088070020DFED7F7A90ED027AD0ED006A7F
:1025C800B4EEE77A10B5F1EE10FA04462DED048B5F
:1025D80009D4DFED797A66EEA77AB4EEE77AF1EE00
:1025E80010FA77FE877A94ED038A9FED727AB4EE3B
:1025F800C78AF1EE10FA54D4B7EE007A87EE089A3B
:102608009FED6E7A87EEA60A20EE070A07F03CFFD8
:102618006368F0EE408A082B2CD8DFE803F06F7669
:102628008087919CA8054700D4ED040AB2EE040AFD
:10263800DFED637AC0EEA70A07F042FBB5EE400A69
:10264800B0EE408AF1EE10FA00F1B180B1EEC80A9E
:10265800C8EE808AB7EE007AFFEE007A84ED087A39
:10266800E8EE087A38EE478A28EE098AC4ED0A7A35
:1026780084ED098AF7EE006A78EE897AB0EE666A28
:10268800A7EEA86A86EE867A67EE287A84ED057A40
:1026980027EEA80AC4ED067ABDEC048B84ED070A80
:1026A80010BDB0EE478A9FED479AA9E7D4ED040A1A
:1026B800B2EE040ADFED427AC0EEA70A07F000FB8B
:1026C800B5EE400AB0EE408AF1EE10FA6CD4B1EEE5
:1026D800C80AB7EE007A68EE086A68EE808A77EE74
:1026E800487A37EE667AC4ED086A67EE897A84ED2F
:1026F8000A7A67EE887AC4ED097ABBE700234FF0BF
:102708007E5223626362A262B4E7F1EE497A4FF027
:102718007E522D4B2262C4ED097AA362AAE70023F8
:102728004FF07E522362A3626262A3E7F1EE497A18
:102738004FF07E5200232262C4ED097AA36299E722
:10274800F1EE497A4FF07E524FF040432262C4EDD9
:10275800097AA3628EE7F8EE007A4FF07E520023E2
:10276800226269EE277AA362C4ED097A82E7DFED77
:10277800147AB2EE040AD4ED040AC0EEA70A07F0F0
:102788009FFA0023A362B7EE007A28EE008AFFEED4
:10279800007A84ED087A87EE089AE0EE007A67EE10
:1027A800897AC4ED097A65E707F04CFE91E707F0EE
:1027B80049FE4DE76F12833A48E1FA3EDB0F494084
:1027C80000002042FFFF7944000080BF436830B416
:1027D8002DED048B042B00F25981DFE803F037CB91
:1027E8005D9503008168CE4A0D6890ED0E7A2A4403
:1027F8009FEDCC6A82EAD2330A6042F0010202FB02
:1028080003F383EAD31243F03D0404FB023253403E
:1028180083EA933307EE903AF8EE677A67EE867AA2
:10282800B4EEE77AF1EE10FA00F33381D0ED0B6ADB
:1028380090ED0C0A26EE800AD0ED0F7A67EEA67AA4
:10284800C0ED0B7ABDEC048B30BC70478168B0EEEC
:10285800007AB34ABFEE000A0B68DFEDB26A1A4489
:1028680082EAD23342F001000A6000FB03F383EAF4
:10287800D31243F03D0101FB0232534083EA933304
:1028880007EE903AF8EE677ABDEC048B67EEA67A0D
:1028980030BCA7EE870A70478168B0EE005AA04A9C
:1028A800FFEE006A0B68B0EE0C0A90ED0A7A1A4443
:1028B800DFED9C4ADFED9C5A42F0010482EAD233F4
:1028C8000A6004FB03F39FED996A83EAD31243F08D
:1028D8003D0101FB0232534083EA933307EE903AFD
:1028E800F8EE677ABDEC048B67EEA47A30BCE7EEAD
:1028F800856AF0EE477AE6EEA57A87EE867A27EEC5
:10290800000A80ED0A7A70478168854A0B6890ED65
:102918000D7A1A44DFED836A82EAD23342F001006D
:102928000A6000FB03F383EAD31243F03D0101FB85
:102938000232534083EA933307EE903AF8EE677A0F
:1029480067EEA67AB4EEE77AF1EE10FA40F29E80CE
:10295800B6EE006AB7EE000AFFEE006A27EE067AC6
:10296800BDEC048BB4EEE77A30BCF1EE10FA30FE21
:10297800260A70478468B0EE009A694ABFEE004A9A
:102988002368D0ED038A1A4490ED040AD0ED050AB5
:1029980042F0010182EAD233D0ED061A01FB03F3BB
:1029A800DFED609A226083EAD31143F03D02DFED48
:1029B800607A02FB0132DFED5F4A9FED5F8A534088
:1029C800DFED5E3A9FED5E5A83EA93339FED5D1A21
:1029D800DFED5D5A07EE103A9FED5C6ADFED5C6A49
:1029E800B8EE477A9FED5B2AD0ED072A9FED5A3A59
:1029F80027EE297AA7EE094A64EE277A64EE244A7C
:102A080024EE055AE8EE887AE0EE234AD0ED083A3B
:102A1800A0EE815A24EE066A64EE255A26EEC47AA0
:102A2800F0EE466A9FED4D6AE1EE825AC0ED037AF8
:102A380037EEA40AC0ED044AE2EE836AD0ED092A13
:102A4800A3EE867A9FED463A30EE050A9FED456A79
:102A5800DFED453A64EE067A80ED055A30EE250A38
:102A6800C0ED065AC0ED076AC0ED097A30EE260AB5
:102A780080ED087ABDEC048B30EE070A30BC30EEEE
:102A8800220AA4EE030A20EE230A70479FED370AB4
:102A9800D8E6374BF6EE005A364C2B449FED365AA3
:102AA8002C44DFED366A83EAD33243F001030C602D
:102AB80003FB02F242F03D0382EAD21103FB01213B
:102AC80084EAD43344F001044A4004FB03F382EA65
:102AD800923283EAD31143F03D0407EE902A04FBB7
:102AE8000131B8EE677A4B4083EA933327EE067AD2
:102AF80007EE903AE7EE056AF8EE677A67EE867AAF
:102B0800F4EEE57AF1EE10FA05D4B0EE660A4FF06D
:102B18007E53036390E6B1EE660A194BF9E700BFEE
:102B2800F5792B6D0000802F0AD7A33C5C8F823F7C
:102B3800BD66633D65C1993D4AB57F3F384A7E3FD2
:102B4800618B1D3E6210783FF8F79E3E8E6F083FFE
:102B5800AD6D8A3CF2D25D3FCDCC0C3F38F842BF18
:102B68006744093F9C6AED3DAE47E13D0000000027
:102B7800EAF356DADF6D82473333333F9A99993E49
:102B8800000080BFF6EE006AD0ED027A90ED097A77
:102B980077EEA67AB5EEC07AFDEEE77AF1EE10FA96
:102BA80017EE903A83F3020310B583660446C0F823
:102BB80080302DED048B90ED0A9A90ED0B8AD0EDC4
:102BC8000C8A40F2DA80D0ED3C7A9FED8B0A27EE32
:102BD800277A80EE070A06F097FFF7EE007AB5EE3F
:102BE800C09A37EEC00AF1EE10FA84ED400A40F2BE
:102BF800CE80D4ED3C7A9FED810A29EE279A80EEAB
:102C0800090A06F081FFF7EE007AF5EEC08A37EE82
:102C1800C00AF1EE10FA84ED410A40F2C280D4ED08
:102C28003C7A9FED760A68EEA78A80EE280A06F0BD
:102C38006BFFF7EE007AB5EEC08A37EEC00AF1EE08
:102C480010FA84ED420A00F1B680F7EE007AB4EE8D
:102C5800678AF1EE10FA37FE888AD4ED0D7A84ED92
:102C68003F8AF5EEC07A94ED0E9A94ED0F8AD4ED72
:102C7800108AF1EE10FA40F2B08094ED437A9FED9D
:102C88005E0A67EE877A80EE270A06F03DFFF7EEC8
:102C9800007A37EEC00AB5EEC09A84ED470AF1EE25
:102CA80010FA40F29780D4ED437A9FED540A29EE4A
:102CB800279A80EE090A06F027FFF7EE007A37EE2A
:102CC800C00AF5EEC08A84ED480AF1EE10FA75D90B
:102CD800D4ED437A9FED490A68EEA78A80EE280A68
:102CE80006F012FFF7EE007AB5EEC08A37EEC00A9A
:102CF800F1EE10FA84ED490A69D4F7EE007AB4EEE1
:102D0800678AF1EE10FA37FE888ABFEE007AD4EDB2
:102D1800127A84ED468AF4EEC77AF1EE10FA5FD49F
:102D2800B7EE000AF4EEC07AF1EE10FA08DD9FED76
:102D3800348A84ED510A84ED508ABDEC048B10BDB1
:102D480037EE808A9FED2F7AF5EE007A28EE078A13
:102D580028EE278AB0EE480A07F046FAF0EE407AE5
:102D6800B0EE480AB0EE678A07F03AF984ED510AE6
:102D780084ED508ABDEC048B10BDB5EEC09AB7EE59
:102D8800000AF1EE10FA84ED400A3FF632AFF5EE94
:102D9800C08AB7EE000AF1EE10FA84ED410A3FF658
:102DA8003EAFB5EEC08AB7EE000AF1EE10FA84ED38
:102DB800420A7FF54AAF9FED148A4EE7B5EEC08A06
:102DC800B7EE000AF1EE10FA84ED490A95D59FEDA9
:102DD8000E8A9AE7B7EE000A73E7B7EE000A5AE7D9
:102DE800B7EE008A9FED080A84ED510A84ED508AF7
:102DF800BDEC048B10BD00BF549F8CBF8E5D93C08B
:102E08002EBD3BB3DB0F494000000000D0ED117A26
:102E1800F5EEC07A38B5F1EE10FA04462DED048BC4
:102E280000F3FE80D0ED4D6A90ED4E7AF6EE005A32
:102E3800D4ED038A67EEA66A94ED4A9AB2EE0E6A5A
:102E480068EEA58A67EE877A9FEDC47AB0EE000A2D
:102E5800F0EE680A27EE868AD6EE860AC0EE870A62
:102E680006F02EFF94ED157ADFEDBD6A29EE000A13
:102E7800C0EE077AF4EEE67AF1EE10FA00F121815D
:102E88009FEDB86AF4EEC67AF1EE10FA00F3AF805F
:102E9800F4EEE67AC4ED177AF1EE10FA40F35881B1
:102EA800F7EE006A86EEA77ADFEDAC0A84ED187AB1
:102EB80078EE888AB0EE000AC8EEA00A06F000FF95
:102EC80094ED1B7ADFEDA66A29EE000AC0EE077AB8
:102ED800F4EEE67AF1EE10FA00F1F8809FEDA16ABF
:102EE800F4EEC67AF1EE10FA00F3F580F4EEE67A25
:102EF800C4ED1D7AF1EE10FA40F32D81F7EE006A69
:102F080086EEA77AD4ED216A9FED956A84ED1E7A44
:102F1800F6EE007A29EE279AC9EE267AF4EEC67AFA
:102F2800F1EE10FA00F1C880DFED8E6AF4EEE67A71
:102F3800F1EE10FA00F3D480F4EEC67AC4ED237AE9
:102F4800F1EE10FA40F30181F7EE006A86EEA77AF7
:102F580094ED4B6AD4ED140AD4ED086AD4ED457AA1
:102F680060EE860A94ED058A84ED247AB0EE000AB4
:102F7800E6EEA70A06F0A4FEF3EE046A28EE000ABD
:102F8800D4ED007A9FED786AB6EE007AD4ED075A50
:102F9800B4EE660A67EE867AF1EE10FA48BFB0EE34
:102FA800660AB4EE670AF1EE10FAF4EEC75A37FE75
:102FB800800AF1EE10FA1FD5DFED6C6AD4ED277A9E
:102FC800B4EEE60A94ED068A37EEA77AF1EE10FA27
:102FD80000F18B8067EE867AB4EEE70AF1EE10FA1C
:102FE80040F3AE80DFED626A27EEA60A7FE09FED30
:102FF800617A84ED176A57E7F2EE037AD4ED066A30
:10300800002304F1BC0084ED310AA6EEA77AC4F8C7
:10301800CC3084ED327AFFF7CDFABDEC048B38BDA5
:103028004568BEEE006A544B2A685449F0EE466A79
:103038001344D0ED4D3A114490ED4E4A83EAD33211
:1030480043F0010341F0010CDFED4D4A03FB02F2AE
:1030580081EAD1339FED4B5A0CFB03F382EAD2107D
:1030680042F03D0CDFED485A0CFB0020424082EA5A
:10307800923207EE102A83EAD312B8EE477AE7EEC7
:10308800246A66EE856AE3EEA56AC4ED4D6A296096
:1030980043F03D0101FB0232534083EA933307EECC
:1030A800103AB8EE477AA7EE246A26EE057AA4EE1F
:1030B800257A84ED4E7AB9E6B0EE467A84ED236A35
:1030C80046E7B0EE667AC4ED176AEDE6B0EE667ACA
:1030D800C4ED1D6A16E79FED277A84ED1D6A11E796
:1030E8009FED247AC4ED236A32E79FED280A80EE2B
:1030F800070A06F009FDF7EE007AB5EEC08A37EE4A
:10310800C00AF1EE10FA84ED280A09D4DFED207A1E
:10311800B4EEE78AF1EE10FA0DDD9FED1E8A01E0AC
:103128009FED0F8A4FF07E5384ED298ABDEC048B06
:10313800C4F8A83038BDF1EE007A28EE278AF1E706
:10314800DFED0B7A20EE270AD1E7B0EE467AFFE6EC
:10315800B0EE667AA8E6B0EE667AD3E6000096444A
:103168000000000048E1FA3E6666E63E6F12833AC8
:10317800DB0FC9C0BC9C0240F5792B6DEAF356DA27
:103188000000802FCDCC4C3D77BE7F3F2FE3CDBBD9
:103198006666863F666686402DE9F84F002300255F
:1031A80000F62C5204462DED048BC0F8401DC0F8E3
:1031B800583DC0F85C3D80F8603D4B1E1560072BFC
:1031C80000F27E81DFE813F0C800F80025013A011B
:1031D80057015D010800080000F50C7AF7EE007A47
:1031E8009FEDB88A082957464FF0000600F54D654F
:1031F800DFEDB59A9FEDB59A4FF0000BDFF8FC9222
:1032080008FE278ADFEDB28ADFF8F4824C222946CD
:1032180007F1080004F036FD3846FFF7B3FC5346C3
:10322800D3F8F420194603F5AA7362B39D42F7D187
:10323800504600210AE0D0F84C21D1F84C319A428E
:1032480038BF014600F5AA70A8420AD090F850315C
:10325800002BF7D10029EED1014600F5AA70A8424B
:10326800F4D181B95046002900F00E81D0F84C21E4
:10327800D1F84C319A4238BF014600F5AA70854210
:10328800F1D100295AD0F7EE007A91ED137AD1F8EE
:1032980004C009EB8603D4F8642DE7EE697A93ED50
:1032A800007ADCF8003027EE087AC1ED4B8A03EB90
:1032B8000800C1F838B1C1F834B180EAD03381EDE3
:1032C8004A7AC1ED4C7AC1F858B0C1E9526240F06F
:1032D800010202FB03F3012281F85021CCF800001F
:1032E80043F03D00C1F8F420C1F8102183EAD3125D
:1032F800C1F888B000FB0232C1F8B8B05340C1F839
:10330800B4B0C1F8B0B083EA9333C1F8ACB0C1F837
:10331800E8B007EE903A0023C1F8ECB0F8EE677A0F
:10332800C1F8F8B0C1F814B1C1F83C3167EE897A38
:10333800BBFE677A77EEC77AC1ED1C7A013607F5CE
:10334800AA77082E7FF462AF624B04F62454BDECD2
:10335800048B2360BDE8F88FDFED5F6A032390EDEF
:10336800017A9FED5E6AC6EE877A8361F4EEC67ACB
:10337800F1EE10FA00F19980DFED596AF4EEE67A81
:10338800F1EE10FA00F38C80F4EEC67AC0ED037A01
:10339800F1EE10FA40F38E80F7EE006A86EEA77A17
:1033A8000022504B84ED047AA26004F62454236072
:1033B800BDEC048BBDE8F88FDFED476A94ED017A28
:1033C80000239FED466AC6EE877AA361F4EEC67ABB
:1033D800F1EE10FA5AD4DFED426AF4EEE67AF1EE35
:1033E80010FA58DCF4EEC67AC4ED037AF1EE10FA5E
:1033F80063DDF7EE006A86EEA77A00223A4B84ED89
:10340800047AA26004F62454BDEC048B2360BDE862
:10341800F88FB6EE007A00F61C52344BD2ED007AE3
:1034280004F6245467EE877ABDEC048BFDEEE77A48
:1034380017EE902A62632360BDE8F88F00F61C51EE
:10344800B4EE007A00222A4BD1ED007A04F6245417
:10345800C0F80C2267EE877AC0F81C22C0F82C222C
:10346800FDEEE77ABDEC048B17EE902AC0F8582DD4
:103478002360BDE8F88FB0EE087A00F61C52154BB1
:10348800CCE7DFED1C6A99E70146F6E6B0EE467A2E
:1034980084ED036AB1E79FED187AC4ED036AACE7DF
:1034A8009FED157AC0ED036A7AE7B0EE467A80EDB3
:1034B800036A75E7B0EE467A72E7B0EE467A9CE7A3
:1034C80000239FE700008042CCCC4C3E0000802FB8
:1034D800CDCC4C3F295C0F3E0000DC4300000000CF
:1034E80048E1FA3E9A99993EEC51383ECDCC4C3F92
:1034F8009A99193F00005C42BC9C0240904700200A
:10350800F5792B6D2DE9F84FD0F8403D0446042B92
:1035180007D0052B00F04A81032B00F02381BDE87A
:10352800F88FD0F80412B1B3D0F80C325A1103F066
:103538001F00013304EB82029942D8BF0023D2F85E
:103548000022C4F80C3222FA00F3D90723D5DFEDA4
:10355800CC7A94ED0D7ACB4AB4EEE77ACA4B226264
:103568006362F1EE10FAC4ED0A7A00F27C82B0EEE2
:10357800670AD4ED0C7A84ED110AF5EEC07AF1EE03
:1035880010FA00F286829FEDBE0A4FF07E5384ED5A
:10359800140A2364E364D4F81412002900F0878025
:1035A800D4F81C325A1103F01F00013304EB8202D5
:1035B8009942D8BF0023D2F81022C4F81C3222FA4C
:1035C80000F3DA0773D5DFEDB16A94ED197ADFED10
:1035D800AC5AC6EE877AAE4B2366F4EEE57AF1EE86
:1035E80010FA00F13B829FEDAB7AF4EEC77AF1EE68
:1035F80010FA00F37982F4EEE57AC4ED1B7AF1EE65
:1036080010FA40F37982B7EE007A87EE276ADFED89
:10361800A26A94ED1F7A84ED1C6A9FED996AC6EE42
:10362800877AF4EEC67AF1EE10FA00F153829FED34
:10363800997AF4EEC77AF1EE10FA00F35082F4EEBC
:10364800C67AC4ED217AF1EE10FA40F35282B7EE51
:10365800007AC7EE276ADFED8A7A4FF07A5394ED45
:10366800167AC4ED226AC4ED1A7AB4EEE77AC4ED8C
:10367800407AC4F88030C4ED417AF1EE10FA00F2D5
:103688001E82B0EE670AD4ED177A84ED440AF5EE8F
:10369800C07AF1EE10FA00F207829FED790A4FF036
:1036A8007E5384ED470AC4F80C31C4F81831D4F8B5
:1036B800241200293FF433AFD4F82C325A1103F006
:1036C8001F00013304EB82029942D8BF0023D2F8CD
:1036D8002022C4F82C3222FA00F3DB077FF51FAF53
:1036E800F7EE007A4FF07C5023466C4A04F19001C3
:1036F8009FED6B5AF0EE673ADFED616ADFED654AE0
:103708009FED684AC4F824011CE0B4EEE47AB0EEF8
:10371800446AF1EE10FA00F36B81B5EEC07A83EDDE
:103728004E7AF1EE10FACCBF83EE876AB0EE666A85
:10373800C3ED4D6A183383ED496A994200F05B8105
:10374800F2EC017A67EE857AD3ED4C5AB0EE666AF0
:1037580087EEA57AB5EEC07AF1EE10FAD5D5C3EDAD
:103768004E6AE5E79FED460AD0ED0D7A454AF4EE3C
:10377800C07A4D4B02624362F1EE10FA80ED0A0AFC
:1037880000F22B81D4ED0C7A84ED110AF5EEC07AA3
:10379800F1EE10FA00F216819FED390A4FF07E53D0
:1037A80084ED140A2364E364BDE8F88F90F8606D33
:1037B80000213E4D4FF0040C86F001069FED3C5A67
:1037C800DFED3C5A9FED3C6A9FED2D7ADFF8EC80E7
:1037D80080F8606D002E4DD004F50C79D5ED007A97
:1037E800D4F864ED04F54D60CA46CB46DAF8F42007
:1037F80053460AF5AA7A002A00F086805045F5D18A
:1038080000230AE0D9F84C71D3F84C21974238BF0D
:103818004B4609F5AA7981450BD099F850A1BAF120
:10382800000FF6D1002BEDD14B4609F5AA79814559
:10383800F3D15A46002B67D1134602F5AA7289467E
:1038480090420DD0002B00F0BB80D2F84C71D3F819
:103858004C118F4238BF134602F5AA729042F1D13B
:103868004946002B50D10131043508293FF457AEA1
:10387800002EB1D104F5617304F624602CE000BF7A
:1038880000000000000048423333733F00003E430D
:10389800CDCC4C3F48E1FA3E000098437407002025
:1038A8000000A543BC9C02406666663FB047002006
:1038B8009A99993E0000802F3333333FF5792B6D69
:1038C800550CDDC00000000000C0DA456666E63E23
:1038D80003F5AA739842C6D013F8042C002AF7D02F
:1038E80053F80C2C8A42F3D14FF0000753F8602CA0
:1038F80003F8047C0AB143F860CC53F8442C002A3E
:10390800E6D043F844CCE3E7C3ED4A7AF7EE007A11
:10391800D3ED136A0122C3F84CE10435E6EEC57A0B
:10392800D3F804E0C3F848110131DEF8000083F849
:1039380050210829404483ED4B6A83ED4E7AC3ED4C
:103948004C7A83ED4D7A83ED167ACEF80000C3F8F1
:10395800F420C3F810214FF0000283ED227AC3F857
:103968003C2180EAD03240F0010083ED2E7A83EDCD
:103978002D7A00FB02F283ED2C7A82EAD21042F013
:103988003D0E83ED2B7A0EFB002083ED3A7A82EA16
:10399800000283ED3B7A83ED3E7A82EA923283ED30
:1039A800457A07EE902AF8EE677A67EEA57AFBFE6D
:1039B800676A77EEE67AC3ED1C7A7FF459AFAEE515
:1039C800494639E794ED127A1FED430A67EE877A84
:1039D80080EE270A06F098F8E0E690ED0F7A1FEDE2
:1039E800480A67EE877A80EE270A06F08DF8C9E65E
:1039F800C3ED4E4A9CE6D4ED4A7AC4ED7B6AF5EEF7
:103A0800C07AC4ED7C6AF1EE10FA37D81FED530A7C
:103A1800D4ED4B7A002394ED487A04F5E0701FED5D
:103A2800566A5FED566A67EE867A354A27EE267A39
:103A3800C4F8D03184ED7F0AC4F8CC21F4EEC77AFB
:103A4800F1EE10FA58BFF0EE477AC4ED727AFEF73D
:103A5800B1FD4FF07E53C4F8F83160E5B0EE656A09
:103A6800C4ED1B5AD3E5D4ED0F7A9FED260A27EE55
:103A7800277A80EE070A06F047F87AE594ED7D7A12
:103A88009FED200A67EE877A80EE270A06F03CF859
:103A9800BEE794ED127A9FED1B0A67EE877A80EEF7
:103AA800270A06F031F870E594ED457A9FED150A7E
:103AB80067EE877A80EE270A06F026F8EFE5D4ED60
:103AC800427A9FED100A27EE277A80EE070A06F061
:103AD8001BF8D8E5F0EE466A84ED216ABBE5DFED18
:103AE8000A6A84ED217AB6E59FED076A84ED1B7AB0
:103AF8008DE5F0EE466AAEE5B0EE656A87E500BF93
:103B08008104353F550CDDC0BC9C02402DE9F04FC7
:103B1800824618462DED108B8FB00D93DAF8683D6C
:103B2800CDE906120133289ACAF8683D151ADAF861
:103B3800643D2B44CAF8643DDAF8383DBFF35B8F27
:103B4800DAF83C2D93420ED0CAF83C3D0023DAF84F
:103B5800342DCAF84C3DCAF8442D00228AF8483D55
:103B68000AF624531A60DAF84C4D002C01F0DB8376
:103B7800012C01F0C1830AF552630B93DAF8403D3A
:103B8800062B01F06284289A0D9B9A4241F36783C1
:103B9800DFEDC98A99469FEDCC8ADAF8583D289A14
:103BA800002BA2EB090441F31B83DAF85C3D002BE0
:103BB80041F339839C422146DAF8402DA8BF1946C3
:103BC800013A5B1A01EB0908CAF85C3D072A01F2C1
:103BD800A982DFE812F0FF05FF05310ADD070A00B8
:103BE800FF050A000A00DDF8A0800AF54D630AF512
:103BF8000C74CDF830A00393069B03EB89030A935A
:103C0800079B03EB8903CDE9089305E004F5AA7443
:103C1800039BA34201F0FE82D4F8F430002BF5D0C8
:103C2800089ED4ED079A464594ED04AAEEDA04F10D
:103C38006C03D4F83CB19FEDA19A04F1540A0493A3
:103C480004F18403BBF1000F9D4D0593DDE909974D
:103C58003B464F46994640F36C810BF1FF3BD4F845
:103C68001031C4F83CB1013B032B16D8DFE813F040
:103C780034044D042E040400D4ED457A94ED497AB9
:103C8800E7EEC77AF4EEE87AF1EE10FA41F18382B2
:103C9800002384ED458AC4F81031A36E032B01F28A
:103CA8008684DFE813F04D04C7040D040400D4ED46
:103CB80016BADFED847A2BEEA70A06F091F994ED97
:103CC800177AF7EE007A7BEE87BAB0EE40BAF4EED8
:103CD800E7BAF1EE10FAA8BF7BEEE7BAC4ED16BA60
:103CE800D4F88030032B01F24D84DFE813F077031A
:103CF800AA02A6020400D4ED1CBADFED727A2BEEFC
:103D0800A70A06F06DF994ED1D7AF7EE007A7BEEBE
:103D180087BAF4EEE7BAF1EE10FAA8BF7BEEE7BA7D
:103D2800C4ED1CBA30EE0B0AD4F89830F6EE007ADF
:103D380020EE27EA032B01F21084DFE813F00C02CF
:103D48003F013B010400D4ED22BADFED5E7A2BEE91
:103D5800A70A06F045F994ED237AF7EE007A7BEE90
:103D680087BAF4EEE7BAF1EE10FAA8BF7BEEE7BA2D
:103D7800C4ED22BAF6EE007AAAEE00EAF4EEE79A6B
:103D8800F1EE10FA41F1D58194ED2EDAB0EE4E0A3B
:103D9800D4ED29AAF1EE4E5AB0EE4D7A94ED2ABA36
:103DA800CDED017ACDED025AAEEE677AAAEEC70ADA
:103DB8002BEE000A06F092FBD4ED2BFAF0EE40BA97
:103DC80094ED28CAB0EE6F0A06F088FB7BEEC0BA05
:103DD800ECEE2BFAB0EE6F0A06F080FB94ED2CFAAD
:103DE800F0EE40EAB0EE4F0A06F078FB3EEEC00A6D
:103DF800ACEE00FAB0EE4F0A06F070FBD4ED2DBA27
:103E0800F0EE40DAB0EE6B0A06F068FB3DEEC00A51
:103E1800ECEE00BAB0EE6B0A06F060FBF0EE40CABA
:103E2800B0EE4D0A06F05AFBDDED017A3CEEC00A11
:103E3800DDED025AACEE00DAB0EE4D7AA5EEA77AC7
:103E4800A7EE6AEA2EEE0B0A06F048FB70EE6E6AE1
:103E5800B0EE6F0AA6EE8C0A84ED2B0A06F03EFB44
:103E680030EE6D0AA0EE0CFAB0EE4F0A84ED2CFA93
:103E780006F034FB30EE6C0AE0EE0CBAB0EE6B0ADA
:103E8800C4ED2DBA06F02AFBF0EE40BAB0EE4D0AAA
:103E980006F024FBB0EE4D7A3BEEC00AA0EE0C7A99
:103EA80084ED2E7AD4F8F430013B032B01F25183D0
:103EB800DFE803F0664A450C17B7D13800008042A6
:103EC8008C270020DB0FC94000000000D4ED3E7AAB
:103ED800D4ED426AE7EEE67AF4EEE87AF1EE10FA0B
:103EE80041F15581F0EE487A002384ED3E8AC4F80A
:103EF800F430D4ED4C5A0136D9ED006A67EEA57A54
:103F080094ED506A464567EE877AB0EE667AA7EE7A
:103F1800867AA9EC017A97ED007AD4ED516AA7EE7A
:103F2800A67AA7EC017A3FF471AEBBF1000F3FF718
:103F380094AE20464FF00F0BFEF768FF8FE6D4EDE6
:103F48003F7AC4ED3E7AD4E7D4ED3E7AD4ED3F6AA9
:103F5800D4ED415A36EEE76AE5EE867A37EEE66A40
:103F6800B0EEC66AB4EEE86AF1EE10FA41F10F81DC
:103F78000323F0EE667AC4ED3E6AC4F8F430B8E77D
:103F8800F7EE086AD4ED3E7AD4ED405AB7EE006AEF
:103F980076EEE76AE5EEA67AF4EEC67AF1EE10FA66
:103FA800C1F2F5800223F0EE467A84ED3E6AC4F849
:103FB800F4309EE70598FEF71BFADBE6D4ED225AAB
:103FC800F7EE001AD4ED253ABFEE000A94ED235A15
:103FD800F4EEE35AF1EE10FAB5EEC05A48BFB0EE6F
:103FE800610AF1EE10FA40F3AC80F3EE002A25EEF8
:103FF800223A35EEC37A75EE837ABAFE477ABDEE79
:10400800C77AFBFE677AFDEEE77A17EE103A17EEED
:10401800900A834201F3158294ED242A01301FEDA2
:10402800564A1BE0F8EEE77A9CED007ADCED014A8F
:10403800F5EEC06A013336EE676A74EEC74AF0EEF1
:10404800477AF1EE10FAE6EE247AA8BF77EEE17A25
:10405800834277EEA77A34EE274A1DD007EE903ACE
:10406800F8EEE76A75EEE66A66EE826A36EEA26AEE
:1040780026EE096AFBFE467AFDEEE77A17EE902AED
:10408800B2F5006F05EB820CCCD30133F0EE487A21
:10409800834234EE274AE1D175EEE33A30EE044A22
:1040A80033EEC37A73EE837ABAFE477ABDEEC77AE7
:1040B800FBFE677AFDEEE77A17EE103A17EE900AE4
:1040C800834201F39881F3EE002A94ED243AB8EE86
:1040D800002A0130F7EE001A1FED850A07EE903A24
:1040E8000133F8EEE77A73EEE77A67EE837A77EED4
:1040F800A26A66EE896ABBFE667ABDEEC77A17EEDB
:10410800102AB2F5006F05EB820C16D2B8EEC77A0A
:104118009CED006ADCED014AF5EEC07A76EEC76ADE
:1041280074EEC64AB0EE467AF1EE10FAA6EEA47A1C
:10413800A8BF37EE617AA7EE020A8342CED134EEE9
:10414800000A75EE855AF7EE007AF4EEE75AF1EEBA
:1041580010FA6DDA6EE094ED233AF0EE007ABFEED5
:10416800000AD4ED225AB5EEC03AA5EEA70AF1EE40
:1041780010FA54DDB3EE004AB0EE657AF0EE657AD7
:10418800A3EE447AE3EE047ABAFE477ABDEEC77A24
:10419800FBFE677AFDEEE77A17EE103A17EE900A03
:1041A800834201F34A81F8EE002AD4ED243AB7EEAF
:1041B800002A01305FEDBC4A07EE903A0133F8EE71
:1041C800E77A75EEE77A67EEA37A77EE846A66EEA9
:1041D800896ABBFE667ABDEEC77A17EE102AB2F579
:1041E800006F05EB820C16D2B8EEC77A9CED006A18
:1041F8009CED015AF5EEC07A76EEC76A35EE465A5E
:10420800B0EE467AF1EE10FAA6EE857AA8BF37EE40
:10421800427AE7EE224A8342CED130EE240A75EE86
:10422800835AF7EE007AF4EEE75AF1EE10FA01DB62
:1042380075EEE75AC4ED225A9CE50498FEF7D8F8C3
:1042480070E5D4ED1C5AF7EE001AD4ED1F3ABFEE14
:10425800000A94ED1D5AF4EEE35AF1EE10FAB5EEA9
:10426800C05A48BFB0EE610AF1EE10FA40F3AC80D4
:10427800F3EE002A25EE223A35EEC37A75EE837AFC
:10428800BAFE477ABDEEC77AFBFE677AFDEEE77A9B
:1042980017EE103A17EE900A834201F3CA8094EDA4
:1042A8001E2A01309FEDE04A1BE0F8EEE77A9CED0C
:1042B800007ADCED014AF5EEC06A013336EE676A32
:1042C80074EEC74AF0EE477AF1EE10FAE6EE247A79
:1042D800A8BF77EEE17A834277EEA77A34EE274AD1
:1042E8001DD007EE903AF8EEE76A75EEE66A66EEDC
:1042F800826A36EEA26A26EE096AFBFE467AFDEE6F
:10430800E77A17EE902AB2F5006F05EB820CCCD352
:104318000133F0EE487A834234EE274AE1D175EE54
:10432800E33A34EE004A33EEC37A73EE837ABAFE88
:10433800477ABDEEC77AFBFE677AFDEEE77A17EE9D
:10434800103A17EE900A834201F35B80F3EE002ADD
:1043580094ED1E3AB8EE002A0130F7EE001A9FEDF0
:10436800B20A07EE903A0133F8EEE77A73EEE77A8D
:1043780067EE837A77EEA26A66EE896ABBFE667A92
:10438800BDEEC77A17EE102AB2F5006F05EB820C66
:1043980016D2B8EEC77A9CED006ADCED014AF5EE5C
:1043A800C07A76EEC76A74EEC64AB0EE467AF1EE87
:1043B80010FAA6EEA47AA8BF37EE617AA7EE020A31
:1043C8008342CED130EE040A75EE855AF7EE007AB4
:1043D800F4EEE75AF1EE10FA6DDA6EE094ED1D3A5C
:1043E800F0EE007ABFEE000AD4ED1C5AB5EEC03AE2
:1043F800A5EEA70AF1EE10FA54DDB3EE004AB0EECE
:10440800657AF0EE657AA3EE447AE3EE047ABAFEB2
:10441800477ABDEEC77AFBFE677AFDEEE77A17EEBC
:10442800103A17EE900A834200F3FF87F8EE002A4D
:10443800D4ED1E3AB7EE002A0130DFED7B4A07EED5
:10444800903A0133F8EEE77A75EEE77A67EEA37AE9
:1044580077EE846A66EE896ABBFE667ABDEEC77A35
:1044680017EE102AB2F5006F05EB820C16D2B8EEE3
:10447800C77A9CED006A9CED015AF5EEC07A76EE9B
:10448800C76A35EE465AB0EE467AF1EE10FAA6EE55
:10449800857AA8BF37EE427AE7EE224A8342CED128
:1044A80030EE240A75EE835AF7EE007AF4EEE75AF6
:1044B800F1EE10FA01DB75EEE75AC4ED1C5A31E44F
:1044C8005046FDF795FFB0EE40BA09E4D4F818312C
:1044D800C4F81431FFF7E1BBB7EE087AD4ED457A9A
:1044E80094ED476AF7EE006A37EE677AE6EE077AE8
:1044F800F4EEE67AF1EE10FAC0F24D860223C4ED2E
:10450800456AC4F81031FFF7C8BBD4ED457AD4ED3D
:10451800466A94ED486A36EEE77AE6EE077A37EEB1
:10452800E67AB0EEC77AB4EEE87AF1EE10FA40F126
:1045380032860323C4ED456AC4F81031FFF7ADBBDA
:1045480094ED173AF0EE007ABFEE00BAD4ED165AA1
:10455800B5EEC03AA5EEA7BAF1EE10FA54DDB3EE07
:10456800004AB0EE657AF0EE657AA3EE447AE3EE9F
:10457800047ABAFE477ABDEEC77AFBFE677AFDEE8B
:10458800E77A17EE103A17EE900A834200F349874C
:10459800F8EE002AD4ED183AB7EE002A0130DFED24
:1045A800224A07EE903A0133F8EEE77A75EEE77A99
:1045B80067EEA37A77EE846A66EE896ABBFE667A4E
:1045C800BDEEC77A17EE102AB2F5006F05EB820C24
:1045D80016D2B8EEC77A9CED006A9CED015AF5EE4A
:1045E800C07A76EEC76A35EE465AB0EE467AF1EEF4
:1045F80010FAA6EE857AA8BF37EE427AE7EE224A8D
:104608008342CED13BEE24BA75EE835AF7EE007A98
:10461800F4EEE75AF1EE10FA01DB75EEE75AC4ED55
:10462800165AFFF75DBB00BF00000000DB0FC94052
:1046380000008042D4ED165AF7EE001AD4ED193A6C
:10464800BFEE00BA94ED175AF4EEE35AF1EE10FA01
:10465800B5EEC05A48BFB0EE61BAF1EE10FA40F3B9
:10466800AC80F3EE002A25EE223A35EEC37A75EED9
:10467800837ABAFE477ABDEEC77AFBFE677AFDEE0B
:10468800E77A17EE103A17EE900A834200F3C586D0
:1046980094ED182A01301FED1C4A1BE0F8EEE77A6A
:1046A8009CED007ADCED014AF5EEC06A013336EE86
:1046B800676A74EEC74AF0EE477AF1EE10FAE6EE52
:1046C800247AA8BF77EEE17A834277EEA77A34EEB0
:1046D800274A1DD007EE903AF8EEE76A75EEE66ACB
:1046E80066EE826A36EEA26A26EE096AFBFE467A12
:1046F800FDEEE77A17EE902AB2F5006F05EB820C13
:10470800CCD30133F0EE487A834234EE274AE1D124
:1047180075EEE33A34EE0B4A33EEC37A73EE837ADE
:10472800BAFE477ABDEEC77AFBFE677AFDEEE77AF6
:1047380017EE103A17EE900A834200F36886F3EEFC
:10474800002A94ED183AB8EE002A0130F7EE001A64
:104758001FED4BBA07EE903A0133F8EEE77A73EEA5
:10476800E77A67EE837A77EEA26A66EE896ABBFE1D
:10477800667ABDEEC77A17EE102AB2F5006F05EB20
:10478800820C16D2B8EEC77A9CED006ADCED014ABD
:10479800F5EEC07A76EEC76A74EEC64AB0EE467A8F
:1047A800F1EE10FAA6EEA47AA8BF37EE617AA7EE6A
:1047B80002BA8342CED134EE0BBA75EE855AF7EEC3
:1047C800007AF4EEE75AF1EE10FABFF626AF26E7C4
:1047D800DDF8A080C14580F2A584069B0AF1040596
:1047E8001FED6E9A03EB8907079B5FED6F9ADAF866
:1047F80018B003EB8906DE4CBBF1030F00F21A85F3
:10480800DFE81BF042016E006A0004009AED02AA7C
:104818002AEE090A05F0E4FB9AED037AF7EE007A2E
:104828003AEE07AAB4EEE7AAF1EE10FAA8BF3AEEFC
:1048380067AA8AED02AAD7ED007A09F1010977EE95
:10484800807AC145E7EC017AD6ED007A37EE800A26
:10485800A6EC010AD0D1289B4B453FF79EA90B9B9C
:10486800079A0698D3ED007A0D9B02EB830100EBC3
:104878008302289B00EB83000AF6285393ED006A15
:104888000AF62453D3ED006A17E077EE867AF4EE41
:10489800676AF1EE10FA48BFF0EE667A92ED007A98
:1048A80027EE277AA2EC017A824291ED007A27EE70
:1048B800877AA1EC017A00F0D584F4EEE76AF1EE8C
:1048C80010FAE2DCEAD577EEC67AF4EE676AF1EE22
:1048D80010FA76FEA77AE1E72846FDF789FDAAE7F0
:1048E800DAED025AF7EE001ADAED053ABFEE000AE1
:1048F800DAED034AF4EEE35AF1EE10FAF5EEC04AA7
:1049080048BFB0EE610AF1EE10FA40F3AE80F3EE64
:10491800002A24EEA23A35EEC37A75EE837ABAFEFF
:10492800477ABDEEC77AFBFE677AFDEEE77A17EEA7
:10493800102A17EE90CA624500F3FF859AED042A03
:104948000CF1010C9FED8B4A1BE0F8EEE77AD0EDF5
:10495800006A90ED015AB5EEC07A013236EE676A08
:1049680035EE665AF0EE667AF1EE10FAE6EE057A62
:10497800A8BF77EEE17A624577EEA77A34EE274A48
:104988001DD007EE902AB8EEE77A35EEC77A27EE03
:10499800027A37EE226A26EE296AFBFE467AFDEE97
:1049A800E77A17EE903AB3F5006F04EB8300CCD3A7
:1049B8000132F0EE487A624534EE274AE1D175EECD
:1049C800E33A30EE044A33EEC37A73EE837ABAFEE2
:1049D800477ABDEEC77AFBFE677AFDEEE77A17EEF7
:1049E800102A17EE90CA624500F3A185F3EE002A5B
:1049F8009AED043AB8EE002A0CF1010CF7EE001A11
:104A08009FED5C0A07EE902A0132F8EEE77A73EE22
:104A1800E77A67EE837A77EEA26A66EEA96ABBFE4A
:104A2800667ABDEEC77A17EE103AB3F5006F04EB5D
:104A3800830016D2B8EEC77A90ED006A90ED015A5D
:104A4800F5EEC07A76EEC76A35EE465AB0EE467A8B
:104A5800F1EE10FAA6EE857AA8BF37EE617AA7EED6
:104A6800020A6245CED134EE000A75EEA47AB7EE9A
:104A7800007AF4EEC77AF1EE10FAC0F2EC8377EE22
:104A8800C77ACAED027AD6E69AED033AF0EE007AD2
:104A9800BFEE000ADAED025AB5EEC03AA5EEA70A53
:104AA800F1EE10FA55DDB3EE004AB0EE657AF0EE9D
:104AB800657AA3EE447AE3EE047ABAFE477ABDEE4D
:104AC800C77AFBFE677AFDEEE77A17EE102A17EE33
:104AD80090CA624500F32785F8EE002ADAED043A19
:104AE800B7EE002A0CF1010CDFED224A07EE902AFE
:104AF8000132F8EEE77A75EEE77A67EEA37A77EE99
:104B0800846A66EEA96ABBFE667ABDEEC77A17EEBE
:104B1800103AB3F5006F04EB830016D2B8EEC77AEB
:104B280090ED006A90ED015AF5EEC07A76EEC76A0C
:104B380035EE465AB0EE467AF1EE10FAA6EE857AD0
:104B4800A8BF37EE427AE7EE224A6245CED130EE70
:104B5800240A75EE835AF7EE007AF4EEE75AF1EE7E
:104B680010FAA8BF75EEE75ACAED025A63E600BF0D
:104B78008C27002000000000DB0FC940BD378635B8
:104B8800DB0F4940F304353F00008042DDF8A08088
:104B98009AED109AB4EEE89AF1EE10FA40F36A83AF
:104BA800F7EE009ADAED0BAAC1457AEEE9AA80F28F
:104BB80096844FEA8903079A5FED11BA019302EBD5
:104BC8008907069B1FED13BA1FED12AA03EB89068E
:104BD80003EB880501E09AED109AB0EE695ADAED18
:104BE800136ADAED087ADAED075AAAEEA65A9AEDB0
:104BF8000A6A9AED147A27EE267A67EE857A8AEDA4
:104C0800137A87EEA50A30EE060AB4EEE90AF1EE49
:104C180010FAA8BF30EE690A8AED0A0A20EE2B0ABC
:104C280005F0DEF99AED0ECAF0EE407AB4EECBCA82
:104C3800F1EE10FA0DD420EE0C0A05F04FFCF0EE60
:104C4800407AB0EE4C0AB0EE67CA05F047FCCCEEED
:104C5800007A9AED117ADAED096A67EE897A27EE19
:104C6800097A67EEA67A8AED107A96ED007AA7EEB1
:104C78008A7AA6EC017AB54297ED007AA7EE8A7A8D
:104C8800A7EC017AA7D1DAED437AF4EEE87AF1EEEF
:104C980010FA40F31F831FED467AF6EE007A9AED7C
:104CA800159A29EE079A29EE279AB0EE490A05F0D7
:104CB8009BFAB0EE40AADAED189AB0EE490A05F070
:104CC8008FF92AEE29AA69EE809A06990AF19402C8
:104CD800019BF6EE00AAF0EE00BA4C4601EB030B7E
:104CE8000799CDF808900AF16407D9461FED5BBA19
:104CF8000AF17C06CD18934638460134FDF778FB57
:104D0800B0EE409A3046FDF773FB9AED437A39EEE0
:104D1800009ADAED447A584667EE877A29EE2A9A9D
:104D2800CAED437A29EE079AFDF750FD9AED416ADC
:104D38004445DAED405A30EE464ADAED3B6AB0EEC9
:104D4800465A9AED3A2A9AED3E7ADAED3C2AA5EED1
:104D5800A65A9AED3D3A64EE266ADAED3F3ADAED64
:104D6800467ADAED474AE2EE256A64EEA74AA4EEEF
:104D7800225ACAED464A26EE877AD6EEAB5A95EE07
:104D88002B6AA0EE037ACAED405A8AED416AA5EE75
:104D9800237AD9ED006A67EE877AB0EE667A67EE15
:104DA800A97AE9EE0A7AA7EE8B7AA9EC017A95ED51
:104DB800007AA7EE8B7AA5EC017A9DDBDAED7E3AD4
:104DC800DDF80890F4EEE83AF1EE10FA40F3AA8123
:104DD800069AB8EE004A019B0AF190051FED965A13
:104DE800D618079AD418EE4AF7EE004A50469FEDB7
:104DF800ED3AD0ED4D5ABFEE001AD0ED500AD0ED85
:104E08004E2AF4EEE05AF1EE10FAF5EEC02A48BF49
:104E1800B0EE641AF1EE10FA40F3A880B3EE009AEF
:104E280022EE890A35EEC07A75EE807ABAFE477AA4
:104E3800BDEEC77AFBFE677AFDEEE77A17EE101A29
:104E480017EE907AB94200F3C381D0ED4F9A01373B
:104E5800DFEDD41A1BE0F8EEE77A9EED007A9EEDBE
:104E6800012AF5EEC06A013136EE676A32EE472A4A
:104E7800F0EE477AF1EE10FAE6EE027AA8BF77EE86
:104E8800E47AB94277EEA77A71EEA71A1DD007EE39
:104E9800901AF8EEE76A75EEE66A66EEA96A36EEEB
:104EA800896A26EE056AFBFE467AFDEEE77A17EE7A
:104EB800903AB3F5006F02EB830ECCD30131F0EEDC
:104EC800487AB94271EEA71AE1D175EEE00A71EE9F
:104ED800211A70EEC07A30EE800AFAFE677AFDEE8B
:104EE800E77ABBFE400A17EE901AFDEEC07A17EE7D
:104EF800907AB94200F36F81B3EE009A90ED4F0AB1
:104F080001379FEDA81A07EE901A0131F8EEE77AFB
:104F180070EEE77A67EE807A77EE896A66EE856AE0
:104F2800BBFE667ABDEEC77A17EE103AB3F5006F8E
:104F380002EB830E16D2B8EEC77A9EED006A9EED9C
:104F4800012AF5EEC07A76EEC76A32EE462AB0EE4E
:104F5800467AF1EE10FAA6EE827AA8BF37EE647AA6
:104F6800A7EE041AB942CED131EE811A75EEA25AD3
:104F7800183033EE013AF4EEE45AF1EE10FAA8BF15
:104F880075EEE45AC0ED475A85427FF432AFF1EE30
:104F9800085ADAED7F4A9AED7C6AB0EE002A64EE90
:104FA800A34ADAED7B6AC3EE252A9AED767A9AED62
:104FB800750A09F10109CAED7E4ADAED797AC14527
:104FC8009AED779AF0EE465ADAED780A9AED7A1A5F
:104FD800DAED491AE6EE875A9FED733A72EEC64A41
:104FE80024EE877AE4EE895AA0EE267A95EE826A54
:104FF80067EE277AD7EE026AE2EEA07A8AED7C6A3B
:10500800CAED7B6A96ED007AE5EE817A67EEA33AFF
:10501800F0EE477A63EEA13AE3EE837AE6EC017AA2
:10502800D4ED007AE3EE837AE4EC017A7ADADAED09
:105038007E3AD9E6DDF8A0809AED109AB4EEE89AA7
:10504800F1EE10FA6EDDF7EE009ADAED0BAAC14523
:105058007AEEE9AA66DA069B079A03EB8904DFED84
:1050680053BA9FED53BA02EB89099FED4FAA03EBA0
:10507800880601E09AED109AB0EE695ADAED136AE3
:10508800DAED087ADAED075AAAEEA65A9AED0A6A14
:105098009AED147A27EE267A67EE857A8AED137AE6
:1050A80087EEA50A30EE060AB4EEE90AF1EE10FA28
:1050B800A8BF30EE690A8AED0A0A20EE2B0A04F02E
:1050C8008FFF9AED0ECAF0EE407AB4EECBCAF1EE3D
:1050D80010FA0DD420EE0C0A05F000FAF0EE407A32
:1050E800B0EE4C0AB0EE67CA05F0F8F9CCEE007ADB
:1050F8009AED117ADAED096A67EE897A27EE097A6C
:1051080067EEA67A8AED107A94ED007AA7EE8A7A8D
:10511800A4EC017AA64299ED007AA7EE8A7AA9EC66
:10512800017AA7D1C146289B4B453EF736ADFFF71C
:1051380096BBD4ED3B6AB0EE005A94ED3A6A7EEE27
:10514800664AD4ED357AF0EE665AD4ED342A94EDF9
:10515800363A94ED387AE6EE275AD4ED373A64EECB
:10516800A77A94ED394AE2EE867AE4EE835A27EE7E
:10517800877A97EE856AD5EE856AAEEE237A84ED56
:105188003A6AC4ED3B6AA5EE847AFEF78BBEC4ED9D
:105198003E7AFEF7AEBEC4ED457AFEF77EBD00BF8F
:1051A8008C27002000000000F304353FDB0FC940C6
:1051B800BD378635DB0F49408FC2F53C550CDDC045
:1051C80000005C4248E1FA3E00000000BC9C02403E
:1051D8005FED031A79E61FED041A31EE811AC5E670
:1051E800DAF8403D013B072B3FF639AB01A252F8F4
:1051F80023F000BFF1270000F12700005530000020
:10520800AD2B0000071C0000F1270000071C000060
:10521800071C0000C146289BDDF830A04B453EF72F
:10522800BCACFFF71CBB5046FEF76CF9DAF8583DEA
:10523800FEF7C0BCDAED027AB7EE007ADAED036A5F
:105248001FED1F0A77EEA67AF4EEC77AF1EE10FA90
:10525800A8BF77EEC77ACAED027AFFF7ECBA0B9BC4
:10526800D3ED007A0B9BC3ED007A0FB0BDEC108B29
:10527800BDE8F08FDAED437AF4EEE87AF1EE10FA51
:1052880007DCDAED467AF4EEE87AF1EE10FA40F34C
:1052980036811FED387AF6EE007A9AED159A29EEE6
:1052A800079A29EE279AB0EE490A04F09DFFB0EE5E
:1052B80040AAB0EE490ADAED189A04F091FEC14509
:1052C8002AEE29AA69EE809ABFF62CAF4FEA890325
:1052D8000193FAE4DAED467AF4EEE87AF1EE10FAA0
:1052E8003FF7D9ACDAED7E3AF4EEE83AF1EE10FA8F
:1052F8003FF76EADC14616E7DAF8543D5B1B002B4D
:10530800CAF8543D3EF737ACDAF8441D5046FDF76D
:1053180043FF0AF552630B930223CAF84C3D8AF8FF
:10532800484DFEF72BBC0AF55263D3ED007A0B9378
:10533800F5EEC07AF1EE10FA3EF620AC5FED628A27
:105348000AF561779AED0F0A04261FED648A20EEAC
:10535800280A88EE000A04F0D7FB8AED110A9AEDB4
:10536800420A20EE280A88EE000A04F0CDFB8AEDF6
:10537800440A9AED450A20EE280A88EE000A04F04D
:10538800C3FB8AED470A9AED7D0A20EE280A88EECB
:10539800000A04F0B9FB0AF6246120468AED7F0A68
:1053A8003B4603E003F5AA73994218D013F8042C7E
:1053B800002AF7D053F80C2CA242F3D153F8602CF2
:1053C80003F8040C0AB143F8606C53F8442C002A23
:1053D800E8D043F8446C03F5AA739942E6D1013446
:1053E800082CDDD10123CAF84C3DDAF8503DCAF843
:1053F800543DFEF7C3BB1FED8C0A34EE000AFEF7DE
:10540800A0BE1FED8F0A30EE040AFEF7DDBF1FEDC8
:1054180092BA34EE0BBAFFF7D0B91FED954AFFF7F1
:1054280077B95FED974AFFF7EDB85FED994AFFF757
:1054380037B81FED9B4AFEF772BF5FED9D4AFEF736
:10544800ECBE1FED9F4AFEF727BE0AF61C53B1EECD
:10545800087A07EE905AB7EE006AD3ED006A0AF6AA
:105468002C53F8EEE77A66EE876AB1EE0C0A87EEFF
:10547800A67AD3ED007A77EE277AF4EEC67AF1EEC3
:1054880010FAA8BF77EEC67A27EE800AC3ED007A35
:1054980004F0ACFB5FEDB67A9AED017A20EE270AAC
:1054A8005FEDB76AC0EE077AF4EEE67AF1EE10FA2D
:1054B80034D41FEDBC6AF4EEC67AF1EE10FA40DC83
:1054C800F4EEE67ACAED037AF1EE10FA3EDDF7EE75
:1054D800006A86EEA77A8AED047AFEF754BBDAED05
:1054E800437AF4EEE87AF1EE10FA3FF71BAEDAED04
:1054F800467AF4EEE87AF1EE10FA3FF713AEDAEDF9
:105508007E3AF4EEE83AF1EE10FA7FF70BAEC145B9
:10551800BFF608AE4FEA8903019359E4B0EE667A04
:10552800CAED036AD7E75FEDD84AFFF710BB1FED56
:10553800DA0A34EE000AFFF798BA1FEDDD4AFFF7E2
:105548003EBA1FEDDE7A8AED036AC4E7B0EE667AEA
:10555800C1E7F0EE487AFEF7CCBCD4ED227AB7EE7C
:10556800007AD4ED236A9FED1C0A77EEA67AF4EE52
:10557800C77AF1EE10FAA8BF77EEC77AC4ED227A9F
:10558800FEF7F8BBD4ED1C7AB7EE007AD4ED1D6AAD
:105598009FED110A77EEA67AF4EEC77AF1EE10FACB
:1055A800A8BF77EEC77AC4ED1C7AFEF7BBBBD4ED73
:1055B800167AB7EE007AD4ED176A9FED07BA77EE40
:1055C800A67AF4EEC77AF1EE10FAA8BF77EEC77A9A
:1055D800C4ED167AFEF784BB00000000F0B583B076
:1055E800054601F02BFD002800F08380044601F0F9
:1055F80025FD064600287ED04FF4007200213F4862
:1056080006F09AFB4FF4007200213D4806F094FB27
:1056180080223A4900230092394AA869FEF776FAAF
:10562800364ABFEE007AB01CF7EE006A9FED356A85
:1056380004F1020C324902F5007E334F29E0F4EE02
:10564800E67AF1EE10FA4DDC67EE867AFDEEE77A3F
:1056580017EE903A1BB2F1EC017A2CF8023FF4EE07
:10566800677AF1EE10FA40D6F4EEC77AF1EE10FA46
:105678001DDBF4EEE67AF1EE10FA30DC67EE867A9E
:10568800FDEEE77A17EE903A1BB2964520F8023FF6
:1056980012D0F2EC017AF4EE677AF1EE10FA26D61F
:1056A800F4EEC77AF1EE10FAC9DA3B46D3E73B4687
:1056B800964520F8023FECD100222146284601F009
:1056C8003BFD01223146284601F036FD204601F017
:1056D8000BFD304603B0BDE8F04001F005BD47F6CC
:1056E800FF73D2E747F6FF73B5E70023CDE7002342
:1056F800B1E703B0F0BD2046ECE700BFD47F00203F
:10570800D481002000FEFF460180FFFF000000005A
:105718002DE9F04F264D40F2EE28264C264FDFF8B3
:10572800B8902E682DED068B99B003F0E9FD23782B
:10573800002B00F056833B78DA0740F152832B6840
:10574800D9F800209B1A0E2B40F24B832E681A4F73
:10575800DFF8848003F0D4FD2378002B00F04C831D
:105768003B78DB0740F148832B68D8F800209B1A68
:105778000E2B40F24183114801F004F94D210F48E6
:1057880001F046F90E4E0F4B0F4A104913600022E4
:1057980033600846722301E010F8013F0132002B04
:1057A800FAD10B4B72240B485340622218E000BF19
:1057B8007C870020C7870020C6870020707E0020D5
:1057C8000064002000442C4724710020D94F002099
:1057D80067E6096A512D9ECC8C87002011F8014F8D
:1057E8005340224600FB03F34FEAF343002CF5D164
:1057F800D94983EA1343D94FB0EE086A01FB03F392
:10580800D74AD8490DF1040C83EA5333DFEDD65A51
:105818009FEDD68A07F12C0E02FB03F307F62852F8
:1058280087ED0F8A0DF11408116044F2E84283EA0B
:10583800134307F15409C7F8502D4FF0020BCC4A17
:1058480001253B607A64CB4BCB4A03F1100A87ED04
:10585800018A3A6587ED078A87ED128ADFEDC76A04
:105868009FEDC77ADFEDC77A0FCB8CE80F00CDED3F
:10587800035A8DED046A9CE80F008EE80F009AE841
:10588800070088E8070087ED198AC7ED326A87EDB7
:10589800337AC7ED347AC7F89840C7F878B0C7F8B4
:1058A80090B087ED1F8A87ED258AC7F89C7089E834
:1058B80007003846D43080ED008AFCF77BFE07F1FC
:1058C800D400C7F8D850FCF775FEAF4B07F1D400E9
:1058D800C7F8DC30AD4BC7F8E0300023C7F8E43038
:1058E800FCF768FE4FF07E5307F1900287ED428A7D
:1058F800C7F82C31A64B87ED458AC7F81031A54B60
:1059080087ED488AC7F81C31A34BC7F828313B46B6
:1059180083ED4C8A1833C3F82C519342F8D19F4831
:1059280087ED708AFCF746FE9C48C7F8C451FCF71F
:1059380041FE9B4B9FED9BAAC7F8FC319A4B9748B9
:10594800C7F8C831914B87ED7D8AC7F8CC3187ED10
:1059580074AAFCF72FFE0023102205219348FCF7B8
:105968008FFB0423102292481946924CFCF788FBBF
:10597800012310220B21904804F52A6AFCF780FBCA
:105988004C228E49404602F07DF94FF07A53414649
:105998004C22079350468A4B8A4D08938A4BDFED79
:1059A8008BAA0C934FF07E53DFED899A0E93894BA7
:1059B8009FED899ADFED898A0F9302F063F9B7EEBC
:1059C800008A04F1BC084FF0010B4C22844904F111
:1059D800080025604FF00009676002F053F940465F
:1059E800E566C4F88450C4F898B0C4F89C50C4ED77
:1059F80028AA84ED29AA84ED2A8AC4F8BC506565D2
:105A0800FCF7D8FD4046C4F8C090FCF7D3FDC4F8B5
:105A1800F050C4ED409AB0EE490A04F075F878EEFB
:105A2800407AB0EE680ADFF8EC81C4ED417A04F000
:105A38006BF878EE407AC4F80C51B0EE490AC4ED20
:105A4800479AC4ED427AC4F8FC8004F05DF878EE19
:105A5800407AB0EE680AC4ED487A04F055F838EE9A
:105A6800400AC4F81881204604F5AA7404ED0C0A0B
:105A7800FDF788F8A245A2D15A4B02225A481821AC
:105A880087F848BD4224C7F8409DC7F8449D83ED78
:105A980000AAC7F8309DC7F8349DC7F8389DC7F8E5
:105AA8003C9D03ED01AAC7F84C2D06F00DFC4F48AC
:105AB80001F03EFE3D2003F08FFB013CFAD14B483C
:105AC800422401F035FE1221494803F09BFB474868
:105AD80001F02EFE3D2003F07FFB013CFAD1434844
:105AE80001F026FE4348FCF7AFFA96ED000A0421C0
:105AF8003E48B7EEC00A01F03FFE03213E4803F0DE
:105B080081FB3A4801F014FE36213C4803F07AFB49
:105B1800364801F00DFE3821394803F073FB33484D
:105B280001F006FE3A21374803F06CFB2F4801F0DC
:105B3800FFFD3A21344803F065FB2C4801F0F8FDDD
:105B48002F21324803F05EFB284801F0F1FD304870
:105B5800FCF77AFA60E000BF6BCAEB8508640020A6
:105B680035AEB2C2939B143BCDCC0C3F00442C47BE
:105B780057ED7F3FD005002003337F3F78C2393D82
:105B8800C6373E39281D7D3F0000E1448104353F7A
:105B9800FFC67F3F99BB7F3F0AD7A33DC86500205A
:105BA800CF7F7F3F0000000000C0DA450866002074
:105BB800186600203866002028660020EC050020C2
:105BC80000803B4600442C470AD7233CE0D18C3D5B
:105BD800000F233B9A99193E6DDF88BA6DDF08BA2A
:105BE800D87000202C710020000020203060002098
:105BF800E04F0020F44F0020005000200450002007
:105C08003C50002078500020B4500020F050002074
:105C1800205100203333333F02217F489FED7C0B16
:105C280001F0AAFD2C217D4803F0ECFA7A4801F036
:105C38007FFD3B217A4803F0E5FA774801F078FDCB
:105C48003921784803F0DEFA734801F071FD3821F4
:105C5800754803F0D7FA704801F06AFD7348FCF7FD
:105C6800F3F980216C4801F057FD0721704803F0D3
:105C7800C9FA694801F05CFD6E48FCF7E5F9DFED0B
:105C88006E7A96ED000A0221634820EE270AB7EEE5
:105C9800C00A01F071FD0B21684803F0B3FA5E48B1
:105CA80001F046FD6648FCF7CFF94FF416715A48E3
:105CB80001F032FD0421634803F0A4FA564801F0CC
:105CC80037FD6148FCF7C0F91821534801F024FD5D
:105CD8001B215E4803F096FA4F4801F029FD4E4813
:105CE80001F026FD20215A4803F08CFA4A4801F0B9
:105CF8001FFD3B21574803F085FA474801F018FD7E
:105D08003B21554803F07EFA434801F011FD3B2141
:105D1800524803F077FA404801F00AFD352150480F
:105D280003F070FA3C4801F003FD3B214D4803F0B5
:105D380069FA394801F0FCFC3B214B4803F062FA50
:105D4800354801F0F5FC3B21484803F05BFA32483E
:105D580001F0EEFC3921464803F054FA2E4801F0D0
:105D6800E7FC3621434803F04DFA2B4801F0E0FCEC
:105D78003821414803F046FA274801F0D9FC3B2175
:105D88003E4803F03FFA244801F0D2FC3A213C484F
:105D980003F038FA204801F0CBFC2E21394803F0F3
:105DA80031FA1D4801F0C4FC3621374803F02AFABD
:105DB800194801F0BDFC3921344803F023FA16488C
:105DC80001F0B6FC3321324803F01CFA124801F006
:105DD800AFFC114819B0BDEC068BBDE8F04F01F0DF
:105DE800A7BC2B6822789B1B6AB1B3F5FA6F3FF604
:105DF800ADAC03F085FA98E42B689B1BB3F57A6F7A
:105E0800FFF4A8ACB7E44345F3D99FE4AFF30080AF
:105E18000000000000807B403060002030510020EE
:105E2800605100209C510020D851002014520020BD
:105E380020520020285200200000003C3C52002044
:105E480048520020545200205C5200206C5200201E
:105E580088520020AC520020E85200202453002031
:105E68006053002098530020D45300201054002081
:105E78004C54002088540020C0540020FC540020BA
:105E88003855002074550020A4550020DC5500200A
:105E980018560020000000002DE9F04FB44CB54D15
:105EA80023682968002B2DED048B83B030DBB24EBC
:105EB800B24F32788AB13A688A1ADFF8349303EB22
:105EC80083014FEA830A09EB81014968914240D96D
:105ED80003B0BDEC048BBDE8F08F3A688A1AB2F5BE
:105EE800617FEAD3A64CA74B2488A74A1C80128856
:105EF800A64BA7481A80D0F8640DA64BA64A18608E
:105F080001231160337003B0BDEC048BBDE8F08F42
:105F1800A24D00229E4B286822600130974C2860D1
:105F280021609548D3F8301D027051B1C3F8302D67
:105F3800C3F8342DD3F8382DBFF35B8F0132C3F883
:105F4800382D002003B0BDEC048BBDE8F04FFCF702
:105F5800CDB98C4A4FF4C851DFED916A1288DFF849
:105F6800308201FB02F2D8F8640D07EE902A844AC9
:105F78001288F8EEE77A01FB02F2844967EEA67A06
:105F880007EE102A874AB1F800B0B8EEC77A92ED4A
:105F9800006A8149B8EE466A27EE267AD2ED006A91
:105FA8007C4AF8EE666A0968126887EE069A821AD1
:105FB8007D480192C7EEA68A2A68521A092108EE7E
:105FC800102A7A4A5244C2ED008A794A42F823B02C
:105FD80003F018F9774801F0ABFB7748FCF734F881
:105FE800B7EEC90A0221734801F0C6FB02217348C3
:105FF80003F008F96F4801F09BFB7148FCF724F89F
:10600800B7EEE80A02216B4801F0B6FB02216B48A3
:1060180003F0F8F8674801F08BFB6A48FCF714F8BE
:1060280000230A225946634801F090FB0421664880
:1060380003F0E8F818215F4801F06EFB0721634878
:1060480003F0E0F85B4801F073FB6148FBF7FCFFE5
:1060580008F5617308F62460002153F8602C03F5F5
:10606800AA7302B101318342F7D1524801F054FBBF
:10607800504801F05DFB574BB8EE487B93ED006A42
:10608800B7EEC66A9FED345B27EE067B87EE058B7D
:10609800B5EEC08BF1EE10FA40F3AC80DDED017A7D
:1060A8004D4BB8EE677B4D4853449FED2D6B37EE53
:1060B800487B27EE067B87EE089BF7EEC97BC3ED8E
:1060C800007AFBF7C1FF00230A220199394801F041
:1060D8003DFB0B21424803F095F8B6EE007B002308
:1060E8000A22344838EE077BFCEEC77B17EE901A7D
:1060F80001F02CFB08213B4803F084F8B0EE490B73
:1061080003212C4801F038FB02212C4803F07AF8CF
:10611800284801F00DFB3448FBF796FFBBF1170F39
:1061280000F2A580BEEE007BB4EEC79BF1EE10FA3C
:1061380000F119829FED0C7BB4EEC79BF1EE10FACB
:1061480040F18D803121294803F05CF8194801F0AD
:10615800EFFA93E0AFF300800000000000408F40AA
:1061680000000000000059409A9999999999B9BF7F
:10617800046400207C870020B4870020307E002043
:106188009C8700209E870020988700209A870020FF
:10619800086400202C7E0020107F0020287E00202C
:1061A8000044AC432C600020584B0020A47E002003
:1061B800C87E002030600020644B00206C4B00201B
:1061C800704B0020784B00206C060020884B002084
:1061D800904B002000640020EC7E0020A04B0020A3
:1061E800B04B0020BC4B0020C84B00203C4C00208A
:1061F800A0060020344B0022344853441A60FBF7B1
:1062080023FF00230A220199314801F09FFA0B214C
:10621800304802F0F7FFB6EE007B00230A222C4834
:1062280038EE078BFCEEC87B17EE901A01F08EFA59
:106238000821294802F0E6FF032125489FED200B9D
:1062480001F09AFA0221254802F0DCFF204801F00B
:106258006FFA2348FBF7F8FEBBF1170F07D80D219B
:10626800204802F0CFFF1A4801F062FA06E0322116
:106278001D4802F0C7FF164801F05AFA206801309D
:106288000828206032DC2B6800223B6000EB80038A
:10629800327059F82330D8F8302D93423FF452AE7B
:1062A800C8F8303DC8F8343DD8F8383DBFF35B8FA7
:1062B8000133C8F8383D206844E600BFAFF30080DA
:1062C8000000000000000000EC7E0020A04B002031
:1062D80030600020B04B0020BC4B00206C4B0020ED
:1062E800C84B0020704C0020D44B0020D8F8303D1B
:1062F8005BB10023C8F8303DC8F8343DD8F8383DC4
:10630800BFF35B8F0133C8F8383DA748422501F039
:106318000FFA3D2002F060FF013DFAD1A24801F0DA
:1063280007FA0E21A14802F06DFFA1492B460A2267
:10633800096842259C4801F009FA9B4801F0F8F9E0
:106348003D2002F049FF013DFAD1974801F0F0F9EC
:10635800984E43219848994F02F054FFDFF8C092B5
:10636800DFF8C082DFF8C0A28F4D8F4801F0E0F956
:106378000221504602F046FFD7F808B0BBF1000FE3
:1063880006D0584605F08CFD0146584602F03AFF03
:10639800584605F085FD2928834607D80BF1010BDF
:1063A800202002F019FFBBF12A0FF7D1B6EC010A41
:1063B800022128461437B7EEC00A01F0DDF904219E
:1063C8007F4802F01FFF00230A2259F8041F2846BD
:1063D80001F0BCF905217B4802F014FFB8EC010A72
:1063E80003212846B7EEC00A01F0C6F9284601F095
:1063F8009FF9754B9E42BBD16E4B42256A4893ED7F
:10640800009AD3ED078A93ED088A78EEC98A38EEA8
:10641800498A01F08DF92D2002F0DEFE013DFAD106
:106428006148422501F084F93821684802F0EAFE03
:106438005D4801F07DF92D2002F0CEFE013DFAD134
:10644800594801F075F96248FBF7FEFDB7EEC90A35
:106458000221554801F090F90C215E4802F0D2FE65
:10646800514801F065F95C48FBF7EEFDB7EEE80A24
:1064780002214D4801F080F91E21584802F0C2FE61
:10648800494801F055F95648FBF7DEFDB7EEC80A52
:106498000221454801F070F92121524802F0B2FE6C
:1064A800414801F045F95048FBF7CEFDDFED4F7A42
:1064B800F4EEE78AF1EE10FA5DDC2B214C4802F08D
:1064C800A1FE394801F034F94A48FBF7BDFDDFED7C
:1064D800477AB4EEE78AF1EE10FA5CDDDFED467A32
:1064E800B2EE007A304877EEC97A67EE877A87EE9F
:1064F800887AFDEEC77A17EE901A01F00DF931216E
:106508003E4802F07FFE284801F012F9264801F0C3
:106518000FF938213A4802F075FE234801F008F9CE
:106528002A21384802F06EFE1F4801F001F93A218D
:10653800354802F067FE1C4801F0FAF83821334864
:1065480002F060FE184801F0F3F8174801F0F0F87F
:1065580033212F4802F056FE134801F0E9F84FF0B6
:10656800FF332360B4E433212A4802F04BFE0E487F
:1065780001F0DEF882E688EE280A02210A48B7EE22
:10658800C00A01F0F9F82721234802F03BFE06482B
:1065980001F0CEF898E70E21204802F033FE0248B9
:1065A80001F0C6F8B2E700BF30600020804C002040
:1065B800287E0020A47E0020904C0020A006002009
:1065C80098060020D44C0020C87E0020DC4C002017
:1065D800184D0020284D0020384D0020484D00203F
:1065E800684D0020784D0020D05100200AD7233C68
:1065F800C44D0020F04D00200000B442004E0020A1
:10660800444E0020804E0020AC4E0020E84E002072
:10661800244F0020084C00209C4D0020344E0020C0
:10662800C47E0020EC7E0020740600202D49002343
:106638002D4A2E4810B50C6882B010601361138182
:10664800D360002C4AD0234619465B69002BFBD146
:106658004A6127480021274B106027485161906103
:1066680002205160917203F118021972D960996180
:10667800D96158721A6122466469002CFBD11F49FE
:1066880053615C605C619C7219601A4800F09CFB65
:106698001B4B1C490A221C4819601A7200F07CFD29
:1066A800144B224610490094174800F0E9FD174A98
:1066B8001749154802F08EFF164800F06DFD0122BB
:1066C800094900920B4B134800F0DAFD0F4A1049B4
:1066D800104802B0BDE8104002F07CBF14460A60C2
:1066E800B7E700BF187F0020547E0020D84700205D
:1066F80058480020347E002008640020E447002029
:10670800707E0020184800207C7E002080710020C8
:1067180055530000907E00200020704700207047ED
:10672800F8B50127027A1E4C0D46BA40C1F307217D
:106738000646204684F8A52084F8307184F82F7125
:1067480002F072FFE9B2204602F06EFF00212046F7
:1067580003F042F808B10020F8BD3B460222317A26
:10676800204603F0B9F80128F5D994F8A22094F846
:10677800A300824210D2531CA118DBB2897E984232
:106788004FEA012184F8A23006D923440232987EC8
:1067980084F8A2200843F8BD4FF0FF30F8BD00BFD1
:1067A80040600020F8B50127037A144C242903FA25
:1067B80007F30D4608BFC2801646C1F307212046DD
:1067C80084F8A53084F8307184F82F7102F02CFF1A
:1067D800E9B2204602F028FFC6F30721204602F05E
:1067E80023FF2046F1B202F01FFF3946204602F08F
:1067F800F3FFB0FA80F04009F8BD00BF4060002008
:106808002DE9F0414FF001080F461546302144F2BA
:10681800600280F804800446FFF7C4FF064610B9FA
:106828003046BDE8F0816C2226212046FFF7BAFFEA
:106838004FF4F97228212046FFF7B4FF40F6227280
:106848002C212046FFF7AEFF44F246423C21204669
:10685800FFF7A8FF40F2371224212046FFF7A2FFD6
:10686800002F6BD0454B342120469F428CBF4246B7
:106878000022FFF797FF07EE905A9FED417A3221E9
:10688800B8EE676A07EE907A2046F8EE676AB5FBBD
:10689800F7F2C6EE267A02F01F0206EE902AF8EE0C
:1068A800E66A77EEE67A67EE877AFCEEE77A17EE25
:1068B800903AC3F30A0343EAC222FFF773FF44F294
:1068C800FF5230212046FFF76DFF73220221204638
:1068D800FFF768FF4FF4C87001F078F941F61D52D0
:1068E8002E212046FFF75EFF072204212046FFF7EE
:1068F80059FFB02206212046FFF754FF10220A2133
:106908002046FFF74FFF00220E212046FFF74AFFDF
:1069180043F63C4210212046FFF744FF47F67F72BA
:1069280022212046FFF73EFF362224212046FFF78A
:1069380039FF012330466372BDE8F08144F2FF025B
:1069480030212046FFF72EFF732202212046FFF751
:1069580029FF4FF4C87001F039F941F61D522E2174
:106968002046FFF71FFF042220461146FFF71AFFB3
:10697800302206212046FFF715FFBFE740660301D6
:106988000000004510B50446084805F0A1FC0520A4
:1069980001F01CF906212046FFF7C2FE2046044AF2
:1069A8000021BDE81040FFF72BBF00BF406000206A
:1069B8000040C40A10B50446D1B1012901D0002015
:1069C80010BD40F273122A21FFF7ECFE0028F6D022
:1069D800882220212046FFF7E5FE0028EFD0E28834
:1069E8002046242122F00402BDE81040FFF7DABE59
:1069F80055222021FFF7D6FE0028E0D0E288204665
:106A0800242142F00402BDE81040FFF7CBBE00BFCE
:106A180038B5054611B380290CD8C1F180042B790B
:106A280044EA042453B9224628462221BDE83840C6
:106A3800FFF7B8BE2B790024002BF4D0EA88002396
:106A48002421284622F010022B71FFF7ABFE2246C4
:106A580028462221BDE83840FFF7A4BE012347F6A7
:106A68007F7222210371FFF79DFEEA8828462421C0
:106A780042F01002BDE83840FFF794BE9FED1F7A40
:106A8800DFED1F7AE0EE077A38B50546FCEEE77AC7
:106A980017EE904A14B3802C0CD8C4F180042B79DB
:106AA80044EA042453B9224628462221BDE8384046
:106AB800FFF778BE2B790024002BF4D0EA88002356
:106AC8002421284622F010022B71FFF76BFE224684
:106AD80028462221BDE83840FFF764BE012347F667
:106AE8007F7222210371FFF75DFEEA882846242180
:106AF80042F01002BDE83840FFF754BE00000143E1
:106B0800EE7CFF3E2DE9F84F454B464C1868197945
:106B180004F580750368444AAB42D1770BD2434BE6
:106B28001B78002B4BD04FF0E02340222C4605F574
:106B38008075C3F808223E4BDFF804A1D3F8008023
:106B4800DFF800913B4BBAF80060D3F800B0B9F811
:106B58000070B8F1000F4FD0BBF1000F21D1B8F190
:106B6800000F49D008F10401204601EB46014036E8
:106B780000F0C3F9BFF34F8F4FF0E022C2F8704F17
:106B88002034AC42FAD3BFF34F8FBFF36F8F7F2E01
:106B980026D8AAF800607F2F15D8A9F80070BDE89C
:106BA800F88F0BF1040208F10401204602EB4702BA
:106BB800403701EB4601403600F080F9DAE72C4611
:106BC80005F58075B7E700245846A9F8004000F09D
:106BD8008BFA194B1A681C60164B1A60BDE8F88FBF
:106BE80000244046AAF8004000F07EFA134A104BF1
:106BF800116814601960CEE7BBF1000F08D00BF1E3
:106C08000401204601EB4701403700F096F9B1E74F
:106C18004FF480725946204605F08EF8AAE700BF67
:106C2800A07F00206018202000800E40B68700203A
:106C3800907F0020987F00209C7F0020947F002078
:106C4800A2870020A487002038B50021044600F060
:106C580097FA88B172B61C4A1368002B2BD01B49CF
:106C68000D68002D2CD0156008600021184A11808D
:106C780062B6184600F038FA0121204600F080FA82
:106C880098B172B6134A136883B113490C6854B1AA
:106C980014600024114A0860148062B61846BDE8E2
:106CA800384000F021BA086062B638BD0B49106060
:106CB8000B8062B638BD064910600B8062B6DBE710
:106CC800086062B6D8E700BF907F0020947F00205C
:106CD800A2870020987F00209C7F0020A4870020A6
:106CE80010B5044600F0C6FB204610BDF8B52D4C83
:106CF80005462D4AE36F43F44023E3679368002B6E
:106D080046DBD2F88830002B42DB002342F21072B7
:106D18004FF40C611C2005F0CBFAE369234A23F4F5
:106D28004063234943F40063E361A36A1A40214B9B
:106D380042F0CE02A2624A68134043F400234B603B
:106D48002DB91D4B0322C3F82021C3F824211A4E64
:106D58000327154B0124C6F8287100254FF480300D
:106D68001649174A174E1D66DC601E615861996105
:106D7800DA61C3F8E050C3F88C4004F1E064C3F86A
:106D88009040C3F89400C3F89810C3F89C20F8BD4D
:106D9800002DFCD1084B0322C3F82021C3F824217D
:106DA800F8BD00BF00C00F400040384000FEFFFFA4
:106DB80000C00A40F8FFF7FF00801F401B1F0100BA
:106DC800001F1F1F0100004770B5264D0024012138
:106DD800254E284600F0EAFA244A254B204614603E
:106DE8001C60FFF783FF234B0321234A0220C3F8CB
:106DF80080112B6821491A604FF480729C61DA82F5
:106E0800DA8306229C829A831D4ADE601A61C3E9EE
:106E1800011029791B480FFA81FC1B4B40F82C40C4
:106E280040F82C30194B1A48D976D2F86630194CEC
:106E380043F01043C2F8663042F81A0C00F094FA96
:106E48002A79154B0121207002F1100003EB52132F
:106E580002F01F02114C91409B00114A42F8204059
:106E6800196070BDA07F002000FEFFFF907F00200A
:106E7800987F002000801F40601820200200010138
:106E88002240384000C00E401400008000800E40B0
:106E980001000090B687002040380038254B0000DC
:106EA80000780020024A0349034802F093BB00BF60
:106EB80080710020014D0000A07F00202DE9F04FD7
:106EC80000F5807EB1E8A00AB2E84015C5EA06439D
:106ED800C6EA2544C7EA0845C8EA2746C9EA0A4770
:106EE800CAEA2948CBEA0C49CCEA2B4AA0E8F807B9
:106EF8008645E7D1BDE8F04F70474FF000022DE915
:106F0800F00F00F5807C00BFB1E8A00AC5EA0203D3
:106F1800C2EA2544C7EA0205C2EA2746C9EA0207C7
:106F2800C2EA2948CBEA0209C2EA2B4AA0E8F807D4
:106F38008445E9D1BDE8F00F70474FF000022DE914
:106F4800F00F00F5807C00BFB1E8A00AC2EA054353
:106F5800C2EA0504C2EA0745C2EA0706C2EA0947C7
:106F6800C2EA0908C2EA0B49C2EA0B0AA0E8F80714
:106F78008445E9D1BDE8F00F70472DE9F00F089C72
:106F880000F5007B51F8045B53F8046BC5EA06472B
:106F9800C6EA254952F8045B54F8046BC5EA06486A
:106FA800C6EA254AA0E880078345EBD1BDE8F00F83
:106FB800704700BF4FF0E0234022C3F80822704713
:106FC800F8B5144B144D1C686E689CB1237A2046A2
:106FD8006BB123686F681B6898476B68E188DB1B97
:106FE800C3F38F12B1EB931FA28038BFE2806469AC
:106FF800002CEBD1084B094A5B6810889B1B084C96
:10700800C3F38F11B0EB931F218038BF1180BFF3FA
:107018004F8FF8BD187F0020001000E09E870020E9
:107028009C870020036818470B680360704700BFFF
:107038000B680360704700BF704700BF30B472B67A
:10704800244D254C2A8804F1700104EB82038B42FD
:107058003CD204F16F01501CC91A00EB910002E008
:107068000132824232D09C4653F8041B0029F7D0E3
:10707800B1FA81F04FF00043C34021EA0301CCF894
:10708800001001B90132154B2A801A88013291B2D9
:10709800198062B6ACEB040C41F67C73C0EB00645B
:1070A8004FEAAC0CC0EB841001240CEB8C1C03EBF6
:1070B800CC1303EB80030A480068C4541844094BF6
:1070C8001C88944230BC38BF1980704762B60020D3
:1070D80030BC7047A08700201C7F002098870020C4
:1070E800147F00209A870020428872B60378012B0B
:1070F80003D9013B037062B67047D14353090B486B
:107108004FF0004201F01F01CA4050F823100A4313
:107118000749B1F800C040F823209C45054A88BFBC
:107128000B801388013B138062B670471C7F0020D8
:10713800A087002098870020C36813B91DE0DB688A
:10714800E3B1187A9042FAD110B4586893F809C09C
:10715800006950F82C4054B1DB682BB1187A904282
:10716800F3D0DB68002BF9D15DF8044B704740F889
:107178002C10087801300870EEE77047704700BFA0
:10718800437A8B4206D90369002253F8210043F859
:10719800212070470020704700220449C0E90022DE
:1071A800028102740A680860C26070478C7F002000
:1071B800037CFBB903680146FBB14368EBB1427A33
:1071C8005B7A9A421CD230B472B62B4B1C68ECB175
:1071D800E368C3B1486801E0DB68A3B15A6882423A
:1071E800FAD193F809C04A7A9445F5D162B60420D9
:1071F80030BC7047012062B67047032062B6704702
:10720800022062B670476469002CE1D11B4C2368E8
:1072180043B1994202D10BE0994207D01A46DB6884
:10722800002BF9D1052062B630BC704702F10C047E
:107238000D68E868E8B1C3681BB908E0DA683AB1D4
:10724800134681421846F9D162B60620D0E70346B4
:10725800D960CB68002023600123C860AA7A2B720A
:107268001A44AA724A68947A13721C4494720B7472
:10727800D9E7E960EDE700BF187F00208C7F002088
:1072880010B5047C9DF808E00CB1012010BD027215
:1072980080F809E0C0E90013BDE81040FFF788BF97
:1072A80038B5037C002B36D043680446427A5B7AB3
:1072B8009A4238D272B60168CB68002B2DD098421A
:1072C80033D01A46DB689C422AD0002BF9D1626879
:1072D800607A136953F8200048B1FFF705FF72B6CA
:1072E80062680025607A1369216843F820508B7A18
:1072F800013BDBB28B7203B90B72937A013BDBB2B1
:10730800937203B913720A4B00201A6820741C6028
:10731800E26062B638BD012038BD62B6032038BDD0
:10732800E368D360D3E7022038BDC368CB60CEE7FB
:107338008C7F002010B50446FFF7B2FF094A136896
:1073480043B19C4202D108E09C4205D01A46DB6852
:10735800002BF9D1204610BD0C32E368204613609B
:1073680010BD00BF8C7F00200C4B1A789AB90C4ACC
:107378000C4910B4C2F858110B48D02401224FF020
:10738800E02180F8464040241046C1F808415DF8E5
:10739800044B1A7070470020704700BFB587002063
:1073A80000780020E14F000000E400E070B472B6FD
:1073B80021B9036813B102790F2A45D9294C2188CC
:1073C800002341FA03F212F0010208D00133102B16
:1073D800F7D162B600220371026070BC70474FF0AB
:1073E800010C0CFA03FC41EA0C01218062B61E4D27
:1073F8005FFA83FC1D4940F2824680F804C0EC6FB6
:10740800194483F0030344F0C0044901EC67A5F56F
:107418009F35174CA5F58075266084F81AC084F846
:107428001EC084F818C084F81FC00160C1E900229A
:10743800C1E90222C1E90422C1E906225A5D42F0EB
:10744800C0025A5570BC7047064C218841FA02F5B3
:10745800ED07B5D5054D1544B3EB451FB0D162B660
:10746800BBE700BFA687002000C00F408074000261
:1074780000800E4003790F2B11D8094A937672B613
:107488000849012290F804C00B8802FA0CF223EA9A
:1074980002030B8062B6102200230271036070475A
:1074A80000800E40A6870020704700BF704700BFCD
:1074B800704700BF704700BF70B51A4C1A4D23685B
:1074C800AB4202D0194AD16829BBA369AB4202D0AA
:1074D800164AD169C9B9236BAB4202D0134AD16AA3
:1074E80069B9A36CAB4209D0104AD16B31B1012103
:1074F8001B680F48D163BDE87040184770BD012173
:107508001B680C48D1629847EBE701211B680A48C1
:10751800D1619847DFE701211B6804F10800D160B9
:107528009847D2E7C07A0020600700200041084051
:10753800107B0020F87A0020E07A002038B5064C4D
:10754800A4F1600554F8083C2046183CDB689847CD
:10755800AC42F7D138BD00BF107B002003682DE98D
:10756800F041044688B01746002B4BD000229A60A1
:107578000122DA60304D04A8DFF8E0801D4451F89C
:10758800083B2D1102935B6805EB45069847F6000A
:1075980006F1080058F806304044DB680190984727
:1075A800264A04A9DDE90103029248F806309B68DF
:1075B8009847029B04A8DB68984723680322204861
:1075C8001F609A601F4A23791F4C535513785178CE
:1075D800C0F828428B4228BF0B469178D2788B425C
:1075E80028BF0B46934228BF1346184C4FF0E022A1
:1075F8004FF08061012084F87A30C2F80C1108B08D
:10760800BDE8F081124AD36E43F44053D366012299
:10761800104B1A60104A13460260403298680028DE
:10762800A8D0103393422360F8D100231846236072
:1076380008B0BDE8F08100BF00BFF7BF60070020B9
:107648000078002074710020D954000000E400E0A4
:1076580000C00F400040084000410840C07A0020A8
:1076680010B4064B0020064C064A1C609C611C6343
:107678009C6405495DF8044B01F0ACBFC07A00205A
:1076880060070020807100205D55000000207047D1
:10769800084601F0A1BD00BF012A70B508BF0A2243
:1076A8008AB091B34FF0210E01E05FFA86FE0EF129
:1076B800FF36B1FBF2F502FB15145FFA84FC092CC6
:1076C8000CF137040CF1300C98BF5FFA8CF40EF112
:1076D800280C88BFE4B29142EC4429460CF8244CAB
:1076E800E3D24BB10EF1FF3E2D225FFA8EFE0EF172
:1076F80028036B4403F8242C036801A9CEF1220265
:107708005B68714498470AB070BD30224FF0210E73
:107718008DF82520E5E700BF002903DB00230A22B6
:10772800FFF7BABF49422D230A22FFF7B5BF00BFB2
:1077380000B5036883B040F60D2C022201A95B68EE
:10774800ADF804C0984703B05DF804FB5AB9036864
:10775800C9B2074A1B68934200B506D108465DF8CE
:1077680004EB01F039BDFFF797BF5DF804EB18474C
:10777800B156000000000000B4EE400B70B5F1EE09
:1077880010FA05462DED028B86B07CD6B0EEC07B94
:107798009FED476BB4EE467BF1EE10FA6BDC9FED84
:1077A800467BB4EEC70BF1EE10FA5ADC9FED447B32
:1077B800B4EEC70BF1EE10FA53D4B5EEC00B0C467D
:1077C800F1EE10FA5BD40023B6EE007B002C5ED0FD
:1077D8004FF0000C9FED3C6B0CF1010C27EE067B83
:1077E8005FFA8CF2A242F7D330EE070B0A22284642
:1077F800FCEEC07BB8EE678B17EE901A30EE488B24
:10780800FFF74AFF0F2C4FF02E03B2EE046B06462B
:1078180028BF0F248DF808300DF1090302AA611E54
:1078280053FA81F128EE060BFCEEC07BCDED017A10
:107838009DF8043007EE903A3033B8EEE78B02F843
:10784800013F914230EE488BECD12B68013402A9FC
:1078580028465B68E2B29847304606B0BDEC028B1A
:1078680070BD2B6803221A495B6806B0BDEC028B19
:10787800BDE870401847036803221649F4E7B1EEE3
:10788800400B0123A0E7036803221349ECE730EE1D
:10789800070B0A222846FCEEC07B17EE901A06B0AA
:1078A800BDEC028BBDE87040FFF7F6BEAFF3008079
:1078B800FFFFFFFFFFFFEF7F000000E0FFFFEF414A
:1078C800000000E0FFFFEFC19A9999999999B93F93
:1078D8005C0700205807002054070020A249A34B4A
:1078E80088422DE9F047A24C5E699A69D4F80C8069
:1078F8001BD9A04B984240F20281C31A9E491B0A29
:10790800A1FB031340F22761DB0903EB830303EBBD
:10791800830303F2E2438B4228BF0B46A3F5487763
:10792800964BA3FB0737FF0804E0954FB8428CBF7E
:107938000E2706278D4908F01F09D1F88030B94570
:1079480043F0C003C1F880300CD228F01F08A1F51D
:10795800F82148EA0708C1F80C800B68002BFCDA0C
:1079680008F01F0916F0007324D186490C6986496E
:10797800A14300F0EA8082F4805134464FF48055E8
:1079880014F0605F04D026F060561E43774B5E61AA
:1079980011F4405F07D022F4405274492A438A61A7
:1079A8008B6C1A07FCD446F00076704A5661936CCB
:1079B8009B06FCD4754CA04200F2CE804FF0010C1F
:1079C8000146634603FB011203F1010E0CF10105A8
:1079D800A24218D8BEF1080F4FF0010340F08D8085
:1079E800BCF1040F00F291800A18A24200F2A480B0
:1079F80005FB00F1AC4603F1010E03FB01120CF18B
:107A08000105A242E6D90CF1FF318C0286EA8121F8
:107A18005F4810445F4A90427FD9DFF8A4A16C22E6
:107A28005D48584DB0FBFEF0D5F800E0B0FBFCF027
:107A3800DFF890C10EEA0C0CD44509D042F400528C
:107A48004FF4805CC5F800C02A602A68002AFCDA76
:107A5800464A156905F007059D4203D01361936CEA
:107A6800DD03FCD411F4E05F09D026F4E05604F4F9
:107A7800E0543E4A26435661936C9907FCD4474923
:107A8800474A014491423CD8464BC909A3FB0131FE
:107A9800090B4B1E1B0286EA030212F4407F06D034
:107AA80026F4407603F44073304A334353612F4A37
:107AB800536923F000735361936C9B06FCD43A4BD3
:107AC8004F45A3FB00234FF0FF324FEA9343B0FB2F
:107AD800F1F1B2FBF3F3354A1060354A1160354ACB
:107AE800136008D228F01F08214A48EA0707D76020
:107AF8001368002BFCDABDE8F087734662E71227AB
:107B080018E74FF440730421C5E70CF1FF31204812
:107B180007238C02104486EA8121274ADFF8A8A0AF
:107B2800A2FB0020020D2548362A38BF362202FB68
:107B380000F042EA0A0A74E74FEA8C24002386EA36
:107B48008C214FF0010EAC4662E71D4686F0C0540A
:107B580011464FF0C05313E700244FF0010C0246C2
:107B680031462346E64653E700A4781F00C00F407D
:107B7800000008400046C32323B24C001F85EB5188
:107B880000366E0100800D4040300080FFB19F2616
:107B9800808D5B00FF7EF64D00643F4D7FD1F0087D
:107BA8007F17B42C9F10E50083DE1B432C60002058
:107BB8002860002074870020819F5E16001BB70094
:107BC8006C2000807F3001800020008000B9704761
:107BD8002DE9F84F01218146214C224D224E54E8CF
:107BE800003F2A68306844E80013002BF7D11F498A
:107BF8004B684FF47A7BDFF878A01B1A01270BFB40
:107C080002F8DAF80020A3FB02325A4594BF9044E8
:107C1800D84454E8003F2A68306844E80073002BD1
:107C2800F7D14B68DAF800C01B1A0BFB02F2A3FB72
:107C38000C3CBCF57A7F94BF624402F57A72A2EBE1
:107C48000802B2F57A7F06D3B9F1010908F57A7806
:107C5800DFD1BDE8F88F01F053FB0449D9E700BF35
:107C6800808700207C87002078870020001000E0B3
:107C78007487002008B5FDF74BFDFEF70DF901F0FC
:107C88003FFBFAE7844641EA000313F003036DD192
:107C9800403A41D351F8043B40F8043B51F8043BC7
:107CA80040F8043B51F8043B40F8043B51F8043BCE
:107CB80040F8043B51F8043B40F8043B51F8043BBE
:107CC80040F8043B51F8043B40F8043B51F8043BAE
:107CD80040F8043B51F8043B40F8043B51F8043B9E
:107CE80040F8043B51F8043B40F8043B51F8043B8E
:107CF80040F8043B51F8043B40F8043B51F8043B7E
:107D080040F8043B51F8043B40F8043B51F8043B6D
:107D180040F8043B403ABDD2303211D351F8043B0D
:107D280040F8043B51F8043B40F8043B51F8043B4D
:107D380040F8043B51F8043B40F8043B103AEDD2BC
:107D48000C3205D351F8043B40F8043B043AF9D20D
:107D5800043208D0D2071CBF11F8013B00F8013BE0
:107D680001D30B8803806046704700BF082A13D3ED
:107D78008B078DD010F003038AD0C3F10403D21A05
:107D8800DB071CBF11F8013B00F8013B80D331F839
:107D9800023B20F8023B7BE7043AD9D3013A11F8B9
:107DA800013B00F8013BF9D20B7803704B78437024
:107DB8008B7883706046704703F0FABC01F1FF3C92
:107DC80070B56646002400E00134B0FBF2F502FB12
:107DD8001503092B03F1370E03F130035FFA8EFE0A
:107DE80098BF5FFA83FE9042284606F801EFEBD26F
:107DF800631C0022C818CA547CB162461CF8015F93
:107E080010F8016DA1EB0C0302328CF80060013B05
:107E1800521A057023449A42EFDB084670BD00BF32
:107E280072B6EFF30583524CC4F884301EF0040F89
:107E38000CBFEFF30882EFF309824FF0E0234D4EB9
:107E48004D4DD3F8280DD3F82C1DC4E92201D3F8E1
:107E5800341DD3F8383DC4E924139369C4F8983025
:107E6800D369C4F89C3000F0BFF884ED280A01F00B
:107E78009FFB0B214FF0FF32C4F8A4000B46C4F857
:107E880080103E49301D5A40202402F00103013C75
:107E980001FB03F383EA5202F7D1A84202D07368C8
:107EA8000646EFE7324BC3F8A820BFF34F8F4FF0D9
:107EB800E0233049324AC3F8701FC3F8702FBFF36C
:107EC8004F8FBFF36F8F2F4A02252F48D36E2F494C
:107ED80043F44053D3660560D3692D4823F07F03EC
:107EE80043F04003D3610B6883423DD8264D0021FF
:107EF8004FF0E0234FF0FF3229600126C5F8081142
:107F08002449C5F80011C5F80861C3F88021C3F8F1
:107F18008421C3F88821C3F88C21C3F8902101E09B
:107F280000F054F9D5F80C31002BF9D00134C5F81C
:107F38000C614F2CF4D9184B022018494FF000421D
:107F4800C1F840015A63D5F80C313BB914481549BA
:107F58000D4A0163D2F80C31002BFAD04FF0E02320
:107F6800114AC3F80C2DFEE7FFF7B8FCBEE700BFC7
:107F780000FF272080FF2720A8FF27202083B8EDB7
:107F8800A0FF272000C00F40004008402C600020C0
:107F9800803DCD0B009F240000900D4000002E4036
:107FA80000800F40F100AD0B0400FA050A490A6889
:107FB80038B108B513180948834204D810460B6035
:107FC80008BD1046704703F021FF0C234FF0FF3225
:107FD8000360104608BD00BF7C7100200000282007
:107FE80030BFFDE7FFF71CBF124AD2F880305B07AD
:107FF800FBD5D2F880301048C3F30B230F4990ED1E
:10800800007A07EE903A91ED006AB8EE477A0C4A8A
:10801800F8EEE77A0B4BD2ED006A77EEC77A93ED6C
:10802800007AB8EE477A67EE867A87EEA60A37EEC8
:10803800400A704700810D40648700206C8700204B
:108048007087002068870020836BF0B41BB15368E9
:1080580043F40043536072B6446B3CB31A4B22603E
:10806800D3F8B0410C421DD1184E776804E074680B
:10807800E41BB4F5166F0BD2D3F8404144F48044A6
:10808800C3F84041D3F8B851D3F840416404EED561
:108098000D4007D10C4CC0E90225D4F8B0310B4390
:1080A800C4F8B031426362B6F0BC7047064DC0E90F
:1080B8000224D5F8B0310B43C5F8B03102634263EE
:1080C80062B6F0BC704700BF00002E40001000E010
:1080D80070B5056B9DB106462A46002403E0126878
:1080E8000134012A0CD0536813F08003F7D03263AF
:1080F8002CB12846B36B2D689847013CF9D170BD67
:10810800C6E90C33F4E700BF30B4D9B91F4C204B93
:108118000021204A01254FF0011099601D60C4E933
:10812800023180245C60C2F8BC01D2F8B0311A4830
:108138002B43C2F8B0310160D2F8B031002BFBD12B
:1081480030BC70470904154B104C012541F08001E3
:108158009860104A596000F580511D60D96000F59B
:108168000051A364196100F5405100F58040596140
:1081780000219861E164D2F8B03143F48033C2F849
:10818800B031D2F8B031002BFBD1C0E7000000209D
:10819800207B002000002E40E4860020407B002049
:1081A800084901220B7802FA00F023EA000008705F
:1081B80030B9054AD2F8483123F08003C2F8483173
:1081C800704700BFBF87002000002E402DE9F04F08
:1081D8009C4C83B0D4F84461F107C4F844616AD573
:1081E800D4F8AC31002B61D0DFF88482964DDFF8EB
:1081F80078B208F5805ADFF87C92944FC4F8AC3115
:10820800D5E90A20D4F8403143F40053C4F840318A
:10821800D4F840319B04F5D5D4F8403123F4005309
:10822800C4F840314FF00113C4F8B431D4F8B43174
:1082380013F00113FAD191B240F2816CCBF80030FF
:10824800614500F2D980B1F5D06F80F06181B1F558
:10825800817F00F08F8140F2AB8040F2023C6145A3
:1082680000F0B281B1F5A06F40F0C1807849EB64AD
:108278008B600123A9640B6080234B604FF00113CE
:10828800C4F8BC31D4F8B03143F48033C4F8B03109
:10829800D4F8B031002BFBD1130C5B0643F080738C
:1082A800C4F85431D4F8AC31002BA7D1654AD2F8C0
:1082B800BC31002B4AD1720616D5624BD3F8AC21DB
:1082C800C3F8AC21D3F8BC21C3F8BC21D3F8B04122
:1082D800002CFBD14FF0FF32C3F8B421D3F884311E
:1082E80000F012FE5B4B1C60F40103D55A4B1B686F
:1082F80003B19847B00103D5584B1B6803B19847A1
:10830800710708D54F4BD3F8843113F400731AD092
:10831800534B01221A704B4BD3F848311A060FD52C
:1083280033060DD54F4A13782BB1013BDBB21370DE
:10833800002B00F0428203B0BDE8F04F00F0E4BB30
:1083480003B0BDE8F08F464A1370E4E74649C2F827
:10835800BC310868034240F061813E4A14681C4001
:10836800A9D05FEA144810D0374D4FF0010998FAA8
:10837800A8F7B7FA87F705EBC71009FA07F74030EF
:10838800FFF7A6FE38EA0708F1D1A4B2002C92D074
:108398002D4D4FF0010894FAA4F7B7FA87F705EBCB
:1083A800C71008FA07F7FFF793FEBC43F3D182E73B
:1083B800802900F0A780822919D183B210F07800B3
:1083C80015D103F07F0257F82210284A10801806AA
:1083D80000F1C081CB0701D5012313700221234886
:1083E800FFF792FE5EE7010C072900F045814FF088
:1083F8000113C4F8C03155E742F2210C6145F2D0AF
:108408003AD942F22123994268D042F22133994263
:10841800EDD10F4B00229A60EA640122AB641A6026
:1084280080225A604FF00113C4F8BC31D4F8B0313F
:1084380043F48033C4F8B031D4F8B031002BFBD109
:1084480030E700BF00002E4000000020C0012E4091
:10845800207B0020E8860020908700209487002059
:10846800C8870020C9870020E486002008870020EC
:10847800DC860020407B0020B1F5086F3AD0B1F5CA
:10848800106FB4D1B548C2F307424FF0C81100933A
:108498000270B34AC4F8C821C4F8CC11C4F8D0118A
:1084A80000F034FD00F0CEFAAE4A0121009BAA6428
:1084B80011608021936051604FF00112EB64C4F8A1
:1084C800BC21D4F8B02142F48032C4F8B021CBF8F2
:1084D8000030D4F8B031002BFBD1E3E680B200289D
:1084E80097D1A14BC2F307421968A04B1960A04B62
:1084F8001A708EE7994B01219E481B780370FFF78D
:1085080003FECFE69B4802210380FFF7FDFDC9E685
:10851800994B596800293FF46AAF4FEA124E82B26C
:1085280004E019690C3300293FF461AFB3F800C0C7
:10853800F445F6D1B3F802C09445F2D14FEA1E22B1
:10854800032A00F0D8801A89000C824228BF02460C
:10855800BEF5007F40F0D480884B89491878894B54
:108568000092002818BF19468748FFF78BFB864BF7
:10857800009ADAE010F0780F83B27FF438AF03F096
:108588007F0213F0800F57F8223014BF23F4803392
:1085980023F0010347F822300022724BEA649A6004
:1085A8000122AB641A6080225A604FF00113C4F8AC
:1085B800BC31D4F8B03143F48033C4F8B031D4F8C6
:1085C800B031002BFBD16DE610F0780F83B27FF449
:1085D8000EAF03F07F0213F0800F57F8223014BF5C
:1085E80043F4803343F0010347F8223000225D4B07
:1085F800EA649A600122AB641A6080225A604FF0E4
:108608000113C4F8BC31D4F8B03143F48033C4F852
:10861800B031D4F8B031002BFBD143E6002008601C
:108628005A490C88486842F221018C427FF495AE81
:1086380080B200287FF491AE5549564C03C9A180F9
:1086480086284FEA11412060A1717FF486AE72B688
:108658005148017841F008010170D2F848110D061F
:1086680005D480200143C2F84401C2F8481162B61B
:108678004A4A5021117070E6EB6001234349C9F85A
:108688000030474B0A60C9F80430464B4860C9F8C7
:108698001030C5F80890C9E9028AD4F8B02142F030
:1086A8000102C4F8B02103F5805203F50053C9F85C
:1086B8001420C9F81830D4F8B031002BFBD1294A5E
:1086C800EB6493600123AA64136048F2800353604B
:1086D8004FF00113C4F8BC31D4F8B03143F48033FF
:1086E800C4F8B0314FF48033CBF80030D4F8B0314F
:1086F800002BFBD1D6E5000C0A78824228BF02463F
:10870800BEF5E06F50D11D4B1D4893F800C01D49C0
:108718001D4BBCF1000F18BF014600921846FFF729
:10872800B1FA072103464170009A23F01F01134450
:10873800BFF34F8F4FF0E020C0F8701F20318B42FD
:10874800FAD8BFF34F8FBFF36F8F0F481146FFF76B
:10875800DBFCA7E5C9033FF53FAE3FE6C78700202E
:108768000200CC00207B00207C8700208C87002022
:10877800C6870020088700209C5E0020C88700204C
:10878800BC1D0060541E0060601A2020207E00205E
:10879800DC86002084870020BF870020C98700204E
:1087A80080000700DCA60020064B1846CDE9002310
:1087B800FFF768FADDE90023B7E70320FFF7F0FCCD
:1087C80003F07EFD601A20202DE9F0471F46831E26
:1087D800022B01D9BDE8F087DFF84C9015460C460E
:1087E8003C2209EBC01806464FEAC01A002108F1DE
:1087F8000400240403F0A0FAB5FA85F20123520913
:1088080044EA427449F80A40C8F83870C8F8083091
:10881800002FDFD0034AB34011680B431360BDE853
:10882800F08700BFE8860020000000202DE9F0470F
:108838000D46811E022901D9BDE8F087C701DFF87E
:108848004C909246044640373C2200211E4609EBD4
:1088580007082D0408F1040003F06EFABAFA8AF248
:10886800520945EA427249F807200122C8F83860DF
:10887800C8F80820002EDFD0034B10341968A24036
:108888000A431A60BDE8F087E8860020000000204F
:1088980012048160C36101F5405342F0800210B4B4
:1088A8000124426001F50052046001F5805401F58D
:1088B8008041C46081615DF8044BC0E904237047BE
:1088C800831E0A46022B00D97047064B00F110019F
:1088D8004FF0010C03EBC0100CFA01F14030FFF728
:1088E800B3BB00BF00000020831E0A46022B00D93C
:1088F80070470121024B814003EBC010FFF7A4BB76
:108908000000002040687047124A134BD2F820023A
:1089180020F07F40984210B584B002D200EB80006E
:1089280040000E4C01A90A22FFF748FA01A90023CA
:10893800204611F8012B01333AB10A2B20F8022FF7
:10894800F7D11623237004B010BD5B00DBB223708F
:1089580004B010BD00441F4080969800B8750020F0
:1089680000F0F2BB00F0C2BB00F026BC00F0E0BB98
:1089780000F07CBC00F052BC0846114600F042BC36
:10898800F8B5144C4FF0E025134E4FF4003204EBC9
:108998004024124F06EB40160346C5F88C212146A9
:1089A8003A883046FFF774FF3B882344BFF34F8F64
:1089B800C5F85C4F2034A342FAD8BFF34F8FBFF3FA
:1089C8006F8F04203146FFF78FFF4FF40033C5F84F
:1089D8000C31F8BD001B2020607B0020A8870020F8
:1089E80042684FF6FC71114BC2F30E42C0691B88F6
:1089F8009B1A0B4017D00E4930B40E4C0E4D2278FE
:108A080021F810300021013225F81010062A94BFF1
:108A1800D1B20A46217009490C6823440B60084BFF
:108A2800985430BC7047FFF7ABBF00BFA887002041
:108A380018870020BB87002034870020108700207B
:108A480050870020214B70B51B78002B3BD04FF48A
:108A580000731E461E4980221E4D00240B800021F3
:108A68001D482B8003F068F91C4A21461C4B1470E2
:108A7800C0221C481C8003F05FF91B4A31461B4B7F
:108A8800042094609C60C2E90044194AC3E9004488
:108A98001470184B184A1C70184B14602246FFF7C4
:108AA80093FE2346224629880420FFF7BFFE20466E
:108AB8000134FFF765FF062CF9D100231049114A4C
:108AC8000B70137070BD40231E46C3E7C887002093
:108AD800A8870020B0870020207D0020C2870020C2
:108AE800AC870020607B0020188700203487002096
:108AF800BB870020BD87002010870020016A000086
:108B0800C0870020C48700202DE9F843214B1D7839
:108B180015B9214E33880BB9BDE8F883DFF8888092
:108B28001E4A98F800701E4C02EB47191D4A04EBC8
:108B38004724128848462146D21A2B46FFF7A8FE3A
:108B4800BFF34F8F04F1200204F50073934234BF42
:108B5800012310234FF0E02204EB4313C2F8704FB7
:108B680020349C42FAD1BFF34F8FBFF36F8F013788
:108B780049460420FFF7A4FE032F4FF000034FF0EF
:108B8800020098BFFDB2338088F80050BDE8F84372
:108B9800FFF706BBC4870020AC870020207D00209B
:108BA80000272020B0870020C2870020F8B5144C89
:108BB8004FF0E025134E4FF4003204EB4024124FDF
:108BC80006EB40160346C5F88C2121463A88304604
:108BD800FFF75EFE3B882344BFF34F8FC5F85C4F19
:108BE8002034A342FAD8BFF34F8FBFF36F8F03200F
:108BF8003146FFF779FE4FF40033C5F80C31F8BD64
:108C0800002F2020207C0020AA870020244B2DE95B
:108C1800F0411C884368C569C3F30E43E41A002C6D
:108C280024DD204920480A780078D3B21F4E8242BA
:108C38001F4807D010F8038036F81870C7F500727F
:108C4800944218D90133002226F81540082B194EF2
:108C580088BF134626F8152098BFDAB2C554164BBC
:108C68000A701A6814441C60BDE8F0812846BDE803
:108C7800F041FFF79BBF07EB4820104922462744E5
:108C8800084401EB4521FEF7FDFF0B4A284626F86C
:108C9800187013682344BDE8F0411360FFF786BFDE
:108CA800AA870020BC870020BE87002024870020D8
:108CB800588700204087002014870020002F20209C
:108CC8001D4B1A78002A36D102F0FF031B4A12788E
:108CD8008AB32DE9F0411A4D2A8852B3194EC2F5CC
:108CE8000068194F3278194C07EB421704EBC2247D
:108CF800424638462146FFF7CBFD04EB0802BFF396
:108D08004F8F4FF0E023C3F8704F2034A242FAD8B7
:108D1800BFF34F8FBFF36F8F03203946FFF7D0FDA6
:108D280033780133DBB2032B88BF00233370002371
:108D38002B80BDE8F0817047C5870020C7870020D9
:108D4800AE870020C3870020A07D0020003F2020A0
:108D58002DE9F04F85B0CDE90110002900F0BF8062
:108D68000023604CDFF89881DFF898A15E4F0093EC
:108D780001235E4A23705E4B1978B8F8003002EB85
:108D88004119002B40F0A7801E461D469B464846C9
:108D9800FFF7B8FD10F0800000F08C80BFF34F8F14
:108DA8009AF8003084F800B005B93E68002B7DD1F0
:108DB8003B689B1B782B00F287804E4B1B78002B5F
:108DC80074D000F09DFA0122B8F8003015462270E0
:108DD800002BDCD0464AC3F5006011781A4600EB38
:108DE800C120454DC9022844019D954217D20393DD
:108DF800DDE901512A46FEF745FF039B4FF040424B
:108E08005B1BA8F800303D4BC3F88420BFF34F8F9D
:108E1800009800232844237005B0BDE8F08F364B36
:108E2800CD180299FEF72EFF00234FF40062294661
:108E38004846FFF72DFDBFF34F8F05F1200205F5DA
:108E48000063934234BF012340234FF0E02205EB37
:108E58004313C2F8705F2035AB42FAD1BFF34F8F8E
:108E6800BFF36F8F03204946FFF72AFD204A137886
:108E78000133DBB2032B84BF00231D4A1370B8F8FB
:108E88000030019AD11A009A1A4401910092029A6C
:108E98001A4400230292194AA8F80030C2F8843014
:108EA800BFF34F8F237000297FF462AF009805B09D
:108EB800BDE8F08F4FF400620D4B8AF80000197876
:108EC8001346A8F800208AE7012300988AF80030A2
:108ED80005B0BDE8F08F1A46C3F500607FE701983A
:108EE800E5E700BFC58700207C870020A07D002023
:108EF800C3870020C7870020003F202000002E40A5
:108F0800AE870020C1870020704700BF2D4B00218D
:108F180080222D4870B51B7800242C4D8B422C4E96
:108F28000CBF40234FF400732B80338002F004FF02
:108F3800284A2146284B14704FF4807227481C8019
:108F480002F0FAFE264A1021264B0220C2E900440C
:108F5800C2E90244244AC3E900441470234AC3E91D
:108F68000244234B1C70234614602246FFF75EFC24
:108F78002246318803201F4BFFF726FC2346012297
:108F880029880320FFF752FC20460134FFF70EFE24
:108F9800082CF9D1184B00214A221848184C0460B3
:108FA800C3F88410C3F88020D3F84821154942F04B
:108FB8008072C3F8482121B1134A137843F00103A2
:108FC800137070BDC8870020A07D0020B2870020E4
:108FD800AA870020C3870020AE870020207C0020BD
:108FE8002487002040870020BC87002014870020A9
:108FF800BE8700202D6C000000002E4090870020C6
:10900800E16C000000000000CA8700202DE9F04F45
:109018004FF0E0234FF40032DFF8C8A083B0C3F864
:109028008C218B469AF8004000294FD08046E4B244
:109038000027DFF8B490264BABEB070225491B78D5
:10904800A34204F101043FD0092C234B404628BF1A
:1090580000241E5D39F816C00CEB462319441F4B3B
:1090680033F81650A5EB0C05AA421CD20CEB462C83
:1090780018491B4C61440192FEF704FE216839F837
:1090880016505846019AA1EB0B012A44394429F895
:10909800162021604FF0E0234FF40032C3F80C2172
:1090A80003B0BDE8F08F2A462F44FEF7EBFD0C49CC
:1090B800E3B230460A68A844521B0A608AF80030B6
:1090C800FFF774FDBB45B6D83846E3E70846E1E745
:1090D800BC870020002F20205887002024870020EC
:1090E80014870020BE870020408700200B4B0C4AC5
:1090F80012781978D3B28A420DD0013309480A4A46
:10910800092B0A4928BF0023C35C31F8131002EB6E
:109118004323585C70474FF0FF307047BC870020EE
:10912800BE87002058870020002F2020408700207D
:10913800044B10B51C680CB1204610BD00F0E0F8D7
:10914800204610BD148700202DE9F84F144E154D08
:1091580033782A78934221D0DCB2DFF85090DFF8D8
:1091680050B0DFF85080104F0134082C5FFA84FAB1
:1091780001D90024A24619F80400DBF8003038F8B9
:10918800102037F81010521A9B1ACBF80030FFF74E
:109198000DFD86F800A02B78A342E5D1BDE8F88F35
:1091A800BE870020BC870020408700205887002009
:1091B800148700202487002000B583B001210DF119
:1091C8000700FFF723FF20B19DF8070003B05DF803
:1091D80004FB4FF0FF30F9E7094B00B583B01B786B
:1091E8008DF807003BB101210DF10700FFF7B0FD35
:1091F80003B05DF804FB03F0FF0003B05DF804FB67
:10920800C7870020044B1B7803F0FF020BB1FFF760
:109218009FBD1046704700BFC78700202DE9F04169
:109228000024DFF8448001230D4D27460D4E88F8B1
:109238000030337828462035A34204F1010405D0D4
:10924800FFF760FB030658BF07F50067042CF0D151
:10925800BFF34F8F0023384688F80030BDE8F0810F
:10926800A07D0020C3870020C58700202DE9F84392
:109278001D4B1B7813B11D4D2A880AB9BDE8F88328
:109288001B4EC2F500691B4933784A461A4C01EB5C
:1092980043181A4F04EBC324012340463B70214670
:1092A8000023FFF7F5FA04EB0902BFF34F8F4FF0E5
:1092B800E023C3F8704F2034A242FAD8BFF34F8F8F
:1092C800BFF36F8F03204146FFF7FAFA3378013373
:1092D800DBB2032B88BF0023337000232B80BFF33E
:1092E8004F8F3B70BDE8F883C7870020AE8700200A
:1092F800C3870020A07D0020003F2020C5870020D4
:109308002DE9F8432D4B1E7866B12D4F3B784BB9AC
:109318000123F1073B7043D4B20726D400233B70E6
:10932800730701D4BDE8F883264B1A68002AF9D0E0
:10933800EFF30582002AF5D1EFF3108572B61868AD
:10934800002834D0204C2178002930D10122227005
:1093580042691A60002A2ED0916105B962B60025CB
:109368008368457798472570DCE7DFF8648098F8CC
:109378000030002BD2D00025DFF858902B4659F842
:1093880023400135236820461B69984710B163695B
:109398009B68984798F80020EBB29A42EFD8BDE74F
:1093A800FFF7C6FE0028B7D0AFF30080B4E7002D62
:1093B800B8D162B6B6E7054B1A60CEE7CA87002077
:1093C800B9870020A87F0020B7870020B47F00203D
:1093D800B8870020B87F002070B5EFF3108272B60E
:1093E8000C4C206880B10C4E00254369236073B192
:1093F8009D6102B962B6836845779847EFF310829A
:1094080072B620680028F0D102B962B670BD336028
:10941800EFE700BFB07F0020AC7F0020FFF7DCBF84
:109428000449054A4968054B1960136801331360FC
:10943800704700BF001000E07C870020788700207C
:1094480000230F2248F2B82C194610B54FF4704487
:109458004FF4806EA0F88C414FF46044A0F88E2140
:109468000A46A0F89031B0F888319BB243F0F00377
:10947800A0F8883101EB4103013100EB43130429C3
:109488009C80A3F806E05A841A865A805A81A3F869
:109498000EC05A82DA825A83DA83EBD1B0F8883167
:1094A8009BB243F00F03A0F88831B0F888319BB223
:1094B80043F47063A0F8883110BD00BF374B384AB9
:1094C800996F384841F47F0170B5996741F20106F8
:1094D800D3F8801045F6C05543F226040A43C3F872
:1094E8008020FFF7ADFF00F58040FFF7A9FF00F5EA
:1094F8008040FFF7A5FF00F58040FFF7A1FF00229D
:10950800A0F503104FF00F0E114600EB42134FEA7F
:10951800421C01329981042A5981A3F80EE09E82E7
:10952800DD8020F80C1019829C81EED100221E48A3
:109538004FF00F0E41F20106114645F6C05543F2B1
:10954800260400EB42134FEA421C01329981042A97
:109558005981A3F80EE09E82DD8020F80C10198254
:109568009C81EED1002211480F2641F201051146D7
:1095780045F6C05443F2260E00EB42134FEA421C54
:1095880001329981042A5981DE819D82DC8020F88C
:109598000C101982A3F80CE0EED170BD00C00F408A
:1095A800000003FC00C03D4000001E4000401E407B
:1095B800074A506A936A19468446506A936A9942E0
:1095C800F9D18445F7D1DB0B43EA4040704700BF2F
:1095D80000400D4003460846194602F0FFBB00BF95
:1095E80090F8A32090F8A200101A704790F8A230C3
:1095F80090F8A3209A4205D95A1C034480F8A22067
:10960800987E70474FF0FF30704700BF90F8A23047
:1096180090F8A3209A4202D91844807E70474FF0F0
:10962800FF307047704700BF0346B0F8300178B18B
:1096380093F82F21882A03D9012200205A60704705
:1096480002F1010C01201A4483F82FC182F8A510F9
:10965800704700BF38B5B0F830410CB9204638BD66
:1096680090F82F310546C3F18904A2420DD814465B
:1096780005F1A50022461844FEF704FB95F82F31A2
:109688002046234485F82F3138BD01224260EFE798
:109698002DE9F04FD0F814A01524017E8146437EB1
:1096A80083B00AEB0111384A0AEB0313374F097AE2
:1096B80093F8283002EB01150901E86852F8018097
:1096C80002EB0311D5F804B01B01CE68D558CBF8CE
:1096D8000040C8F88400D8F804304A6803432C498D
:1096E8000192C8F804301460C5F884606B6833438D
:1096F8006B60284B4C683A68A3FB0232920C02EB71
:10970800820252004B681B1B9A42FBD84FF0090C8F
:109718001F4ADFF880E0D8F80830034202D0AB686F
:1097280033422FD1C5F8886054683968AEFB0131DF
:10973800890C01EB810153681B1B9942FBD8C5F8C2
:10974800846054683968AEFB0131890C01EB8101F2
:1097580053681B1B9942FBD8BCF1010CDBD1604656
:1097680099F81830019A0AEB0313DB68CBF800303C
:1097780099F819300AEB031ADAF82C30136003B0A1
:10978800BDE8F08F0120EBE7CC4800202C600020DA
:10979800001000E083DE1B430E4A10B5116804690F
:1097A80005E0DB0107D413685B1A102B08D863693E
:1097B80013F0007FF5D14FF4FE430120636110BD23
:1097C800FFF766FF0028FAD04FF4FE4301206361DB
:1097D800F5E700BF7C8700202DE9F04790F82FA11E
:1097E8000569BAF1000F4FD081468846FFF7D4FFCC
:1097F800002849D0374E0024376818E06B691905EE
:1098080051D4DA0455D4580559D4990441D432684E
:10981800D21B322A3DD8544507D9EA6D520704D1E4
:109828009B0555D4B8F1000F52D0FFF769FD544598
:10983800E4D8EA6D500702F00703DFD413E099F883
:10984800A5200133022442F48062042B2A661ED02C
:109858008A4503F1010309EB01020ED992F8A5200C
:10986800042B2A66CAD00121002CE8D021460133F6
:1098780001348A4509EB0102F0D8B8F1000FBDD0D8
:109888004FF400732B66B9E70420BDE8F087012484
:10989800B4E72B694FF40072042043F440732B6142
:1098A8002A66BDE8F0872B69042043F440732B61D6
:1098B800EBE72B69052043F440732B61E5E72B693F
:1098C8004FF40072022043F440732B612A66DCE7F0
:1098D8000020DAE77C8700202DE9F84F83460C4604
:1098E80015461F46D0F810A0FFF756FF002800F0D5
:1098F8009E806100012DDFF83C8140F20146CBB229
:109908004FF0000138BF0125D8F800900C461E43DF
:10991800ABF8A21020E09BF8A330872B3FD9DAF8E8
:10992800142010055AD412F4105F70D1D8F8003002
:10993800A3EB0903322B6AD89BF8A330AB4209D3B7
:10994800022C07D9DAF85C30590703D193054BD4B8
:10995800002F49D0FFF7D4FC022CDCD8DAF85C30B1
:1099680003F007025B07D6D4681E224440F48070D7
:109978004CB9CAF860600134131B032BCBD8022CF6
:10998800C9D8002CF5D0012C37D01FB14FF4007383
:10999800CAF860309BF8A3300324872BBFD8DAF8C5
:1099A8005C2012F4E02FC2F3024CB8D0591C9C443E
:1099B8001933C9B25FFA8CFC5BFA83F3DAF87000EA
:1099C8004A1C61458BF8A310D1B203F8010FA6D049
:1099D8008929F3D1DAF814201005A4D5DAF8103063
:1099E80043F44073CAF81030DAF85C3013F4E02F0F
:1099F80006D19BF8A300BDE8F88FCAF86000BAE763
:109A0800DAF8103043F40073CAF81030F1E7DAF8E6
:109A180010304FF4007243F44073CAF81030CAF89B
:109A28006020DAF85C3013F4E02FE2D0E8E7042095
:109A3800BDE8F88F7C870020F8B506690446D6F89B
:109A4800145115F4706301D0C6F81431A8070BD56A
:109A5800D6F8702111043ED50023012184F8A230E4
:109A6800234484F8A3109A76EB0710D594F8307144
:109A7800FFB194F82E7194F82F31BB4227D97B1C83
:109A8800274484F82E3197F8A530C6F8603115F4CC
:109A9800407F0DD094F8A30018B1D4F83C3103B13D
:109AA80098470023A4F8A230A4F82E3184F8303166
:109AB800F8BDD4F8383103B19847002384F82E3123
:109AC800012384F8303194F82F31BB42D7D80023D2
:109AD800C6F86031DBE794F8A330872BC4D8591C4B
:109AE800C9B2BDE70148FFF7A7BF00BF406000202B
:109AF8000148FFF7A1BF00BF806100200148FFF7C0
:109B08009BBF00BFC062002010EE103A40F22A410D
:109B1800C3F30A528A42B7EEC03A32D8B7EE000B06
:109B28002D4B93ED4A2B93ED481BB0EE417BA2EEF3
:109B3800037B17EE100A37EE417B00F01F0203EBA0
:109B4800C20130B492EE037B93ED4C4B53F8324094
:109B58004D6893ED4E6B93ED505BA4EE076B27EECB
:109B6800074B00210A1905EBC033A5EE070B43ECA0
:109B7800172BA6EE040B30BC20EE070BB7EEC00B7C
:109B8800704713F5000F20D0B2F5FF6F1AD2DFED42
:109B9800137AB4EEE70AF1EE10FA10DCDFED107A72
:109BA800B4EEE70AF1EE10FA12D4DFED0E7AB4EE55
:109BB800E70AF1EE10FAB1D5002000F015BC00203C
:109BC80000F018BC30EE000A70479FED070A704796
:109BD800002000F003BC00BF800200201772B142D1
:109BE800B4F1CFC2CF8ECEC20000000010EE103A02
:109BF800C3F30A52B2F5866FB7EEC07A2ED2B7EE2B
:109C0800000B2A4B93ED402B32EE073B13EE100A64
:109C180033EE423B00F01F0203EBC20130B437EED3
:109C2800437B93ED424B53F832404D6893ED446BC0
:109C380093ED465BA4EE076B27EE074B00210A194C
:109C480005EBC033A5EE070B43EC172BA6EE040B70
:109C580030BC20EE070BB7EEC00B704713F5000FB2
:109C68001ED0B2F5FF6F18D2B5EEC00AF1EE10FAA9
:109C780010DCDFED0F6AB4EEE60AF1EE10FA12D945
:109C8800DFED0C6AB4EEE60AF1EE10FAB7D5002063
:109C980000F0AABB002000F0ADBB30EE000A704710
:109CA8009FED050A7047002000F098BB8002002055
:109CB800000016C3000015C30000000000000000EB
:109CC80030B410EE103A2DED028BA3F5000110EE22
:109CD800902AB1F1FE4F10EE104A82B04FEA4201CD
:109CE8007CD201F1FF3C6FF08070844580F0F780F2
:109CF800002004F1404303F54D03C3F3C342DB0DD9
:109D0800DB05E11ADB1507EE903AB14B03EB0212C3
:109D180092ED003B04EE101AB7EEE06AB7EEC44AC3
:109D2800BFEE000BA3EE040B93ED443B20EE001BAB
:109D380093ED464B93ED402BA0EE034B93ED425B26
:109D480093ED483BA0EE025B21EE012B92ED028BD6
:109D5800B8EEE77B37EE087BA0EE037BA1EE047B31
:109D6800A5EE027B26EE077B17EE903A48F2BF017C
:109D7800C3F3CF338B4250D2B7EE000B954B93ED24
:109D8800402B37EE023B13EE102A33EE423B02F033
:109D98001F01821803EBC10093ED424B37EE437B62
:109DA80053F83140456893ED446B93ED465BA7EE5D
:109DB800046B27EE074B0023181905EBC231A7EEF9
:109DC800050B41EC170BA6EE040B20EE070BB7EEC4
:109DD800C00B02B0BDEC028B30BC70474D1E6FF05B
:109DE8008070854280F0CE8059004D1E854280F0FB
:109DF8009280002B55DB0020B4F5000FBFF479AF3B
:109E0800DFED757A07EE103A67EE277A17EE904A7B
:109E180024F00044A4F138646BE79FED656BB4EE61
:109E2800C67BF1EE10FA15DC9FED636BB4EEC67BD2
:109E3800F1EE10FA20DD4FF04C5388B10193DDEDBF
:109E4800016ABFEE006A76EE666AF4EE466AF1EEE3
:109E580010FA11D002B0BDEC028B30BC00F0CABAC7
:109E68000093DDED006AB7EE006A76EE866AF4EEDE
:109E7800466AF1EE10FAEDD19FED516BB4EEC67B58
:109E8800F1EE10FA57D99FED506BB4EEC67BF1EEA8
:109E980010FA7FF571AF02B0BDEC028B30BC00F058
:109EA800A3BAC2F3C7517E2911DD962954DC0120DB
:109EB800C1F1960100FA01F1481E104207D1114282
:109EC80014BF01200020000424F0004494E700EEB1
:109ED800103A02B0BDEC028B30BC00F0A3BA0029E6
:109EE80052D0B3F17E5F2CD06400B4F17F4F2ED8EE
:109EF800B1F17F4F2BD1B4F1FE4F4BD0B4F1FE4FEF
:109F08006FEA020234BF00240124D20F94424CD0DD
:109F18009FED320A5DE7002B20EE000A1EDB0020D1
:109F280000293AD1002ABFF654AF02B0BDEC028B2B
:109F380030BC00F065BA02B0BDEC028B30BC00F05A
:109F48004DBA82F48002520012F5000F22D907EEB2
:109F5800903A37EEA00A3CE70020B5E7C2F3C753B2
:109F6800A3F17F001728DAD8C3F19600012303FA7A
:109F780000F0441E1442D2D11040D1D0B1EE400AB4
:109F88001846CDE70029AFD184F48002520012F5BB
:109F9800000FDCD8B7EE000A1BE7002ABFF619AF9E
:109FA800F7EE007A87EE800A13E720EEA00A10E7A2
:109FB80071D5D1FFFFFF5F40E2AAA3FFFFFF5F401B
:109FC8000000000000C062C00000000000A062C0E5
:109FD800C8030020800200200000004B00000000A1
:109FE80030B510EE104AC4F30A53B3F57D7FB7EECF
:109FF800C06A83B01BD226EE065BB3F5667F6ED3CC
:10A0080026EE052B25EE021B734B93ED1A3B93EDC1
:10A01800187B93ED164BA5EE037BA2EE046BB0EE16
:10A02800460BA7EE010BB7EEC00B03B030BD40F2F4
:10A038002E4293425ED8684991ED087B26EE077B55
:10A04800FDEEC77B91ED0A5B17EE903A03F500032E
:10A058001B1613F0020F07EE903A01F1700208BFC9
:10A068000A46D807B8EEE77BA7EE456B26EE067BD7
:10A078001BD403F0030301EBC30192ED1A4B91EDDE
:10A08800002B92ED185B26EE026B92ED163BA7EEC5
:10A09800045B26EE074B27EE047BA4EE036BA5EECC
:10A0A800076BB7EEC60B03B030BD92ED142B27EE4D
:10A0B800075B92ED126B92ED0E3BA7EE026B92EDF1
:10A0C8000C0B92ED104BA7EE030B27EE057BA5EECC
:10A0D800040BA6EE070BB7EEC00B03B030BD220D84
:10A0E80012F4FF6FDFD1B7EEC55B00EE104A8DEDBD
:10A0F800015AD8E7B3F5FF6F4BD2384BC4F38362EC
:10A1080003EB820053F822200569C4F31603C4F355
:10A11800C25143F400038B40016A03FB02F2A3FB24
:10A128000110E3FB050202F100518D0F01F04041DF
:10A13800511A01F00FFB2A4B9FED257B05EBD474D8
:10A1480041EC160B14F0020FA3F1700208BF13467E
:10A15800E90726EE077B27EE076B1FD404F00304FC
:10A1680002EBC40293ED1A4B92ED002B93ED185BB2
:10A1780027EE027B93ED163BA6EE045B27EE064B1B
:10A1880026EE046BA4EE037BA5EE067BB7EEC70BA9
:10A1980089E703B0BDE8304000F044B993ED142BD3
:10A1A80026EE065B93ED127B93ED0E3BA6EE027B4B
:10A1B80093ED0C0B93ED104BA6EE030B26EE056BFF
:10A1C800A5EE040BA7EE060BB7EEC00B6BE700BFBE
:10A1D800182D4454FB21193CF00400206C48002041
:10A1E800600500200000000038B510EE104AC4F3E6
:10A1F8000A53B3F57D7FB7EEC07A1ED227EE077BF0
:10A20800B3F5667F6FD327EE071B634B93ED142BD3
:10A2180093ED125B93ED0E3BA7EE025B93ED0C0BF7
:10A2280093ED104BA7EE030B27EE017BA1EE040B79
:10A23800A5EE070BB7EEC00B38BD40F22E42934295
:10A2480054D8554991ED086B27EE066BFDEEC66BA9
:10A2580091ED0A5B16EE903A03F500031B1613F016
:10A26800020F06EE903A01F1700208BF0A46D807BD
:10A27800B8EEE66BA6EE457B27EE076B1AD503F022
:10A28800030301EBC30191ED002B92ED1A4B92ED04
:10A29800185B92ED163BA6EE045B27EE027B27EED9
:10A2A800064B26EE046BA4EE037BA5EE067BB7EE09
:10A2B800C70B38BD92ED142B92ED127B92ED0E3B3D
:10A2C80092ED0C0B92ED104B26EE065BA6EE027B90
:10A2D800A6EE030B26EE056BA5EE040BA7EE060B08
:10A2E800B7EEC00B38BDB7EE000A38BDB3F5FF6F47
:10A2F8003DD22A4BC4F3836203EB820053F8222039
:10A308000569C4F31603C4F3C25143F400038B4038
:10A31800016A03FB02F2A3FB0110E3FB050202F151
:10A3280000518D0F01F04041511A01F013FA1C4BF6
:10A338009FED177B05EBD47441EC160B14F0020F5C
:10A34800A3F1700208BF1346E90726EE077B27EE44
:10A35800076B10D504F0030402EBC40292ED002B46
:10A3680093ED1A4B93ED185B93ED163B93E7BDE81D
:10A37800384000F057B893ED142B93ED127B93ED12
:10A388000E3B93ED0C0B93ED104B9DE7AFF3008064
:10A39800182D4454FB21193CF00400206C4800207F
:10A3A8006005002010B582B08DED010A044601F069
:10A3B8002DFD9DED010A046002B010BD30B1F1EE33
:10A3C800407A27EE800A2220FFF7ECBFF0EE407AB1
:10A3D80027EE800A2220FFF7E5BF00BF9FED010AA4
:10A3E800FFF7ECBF000000109FED010AFFF7E6BF82
:10A3F8000000201A9FED010AFFF7E0BF000000707F
:10A408009FED070AFFEE007AB7EE007A00284FF0BA
:10A41800220047FE277A87EE800AFFF7C3BF00BFF6
:10A428000000000070EE407AB4EE400A87EEA77A8A
:10A43800F1EE10FAB0EE470A02D62120FFF7B2BFBC
:10A44800704700BF08B52DED028BB0EE408A00F0D2
:10A458009FF9B4EE488AF1EE10FA06D6DFED098AC4
:10A46800B4EEE88AF1EE10FA02D4BDEC028B08BD16
:10A4780001F0CCFC88EEA80ABDEC028B2123036016
:10A4880008BD00BF0000000010EE103A114A23F08A
:10A498000043934218DDB3F1FF4F02DB30EE400A70
:10A4A800704700B583B0684600F076F9400000F0C8
:10A4B8000200DDED010A9DED000AC0F1010000F087
:10A4C80087F803B05DF804FBDFED030A012000F014
:10A4D8007FB800BFDA0F493F0000000030B52DED0E
:10A4E800028B83B08DED010A019C24F00043B3F187
:10A4F800FF4F10DB324B002C93ED007AD3ED007A3E
:10A5080039DBF0EE406A87EE260A30EE270A03B000
:10A51800BDEC028B30BD2B4A93420FDD284A2A4BF3
:10A5280092ED000AD3ED007A30EE670A002CB8BF2E
:10A53800B1EE400A03B0BDEC028B30BDB3F1105F41
:10A5480023DBB3F17E5F214D29DB00F089FBD5EDDC
:10A55800007A20EE270A00F04FFA194BD3ED007A63
:10A56800D5ED006A95ED007A37EE000A86EE807A1E
:10A5780037EEC70ADAE7DDED016A87EE260A30EE24
:10A58800670A03B0BDEC028B30BD0D4BDDED017ADF
:10A5980093ED000A30EE270A20EE270AB7E795ED7B
:10A5A800008A00F05DFB28EE400A00F025FA95EDE0
:10A5B800007A37EE007AF1EE407A87EE870AB5E73F
:10A5C800AC750020FFFFAF41B0750020B4750020C6
:10A5D80008B510EE103A23F00042B2F1465FF0EEF3
:10A5E800407A0FDABDEEC07A17EE101AF9B9431C9B
:10A5F800134300F09F80012803D0BFEE007A87EE56
:10A60800270A08BD50498A4211DB9FED507ADFEDD9
:10A61800506A002BBCBFF1EE600AF1EE407A77EE8B
:10A62800677A36EEE07ADFED4B0A77EE277A67EE47
:10A63800A76ADFED494ADFED495A9FED495A9FED78
:10A64800496A414926EEA67A8A42E7EE245AA7EEDD
:10A65800056ADFED454A9FED455AE5EE874AA6EEC5
:10A66800075ADFED435A9FED436AE4EE875AA5EE99
:10A67800076ADFED414A9FED415AE5EE874AA6EEAB
:10A68800075A9FED3F6ADFED3F5AA4EE876AE5EE71
:10A69800075AB0EE467AA5EEA67A27EEA65AB0EE8D
:10A6A800606AA7EE056ADFED384AE6EE260AE5EEAF
:10A6B800240A37EEA00A1FDA0128A2D0BFEE007ADA
:10A6C800C7EE006A314B10EE102A1A4006EE102A27
:10A6D80016EE902A76EE677A134000EE103AB7EE3F
:10A6E800007A70EEE70AF0EE477AE6EE007AE0EEDE
:10A6F800807AA7EEA60A08BD07EE100AB8EEC77A58
:10A7080060EE006A30EE070A9B1786EE806A03F057
:10A718000203C3F10103F0EE005A36EE606A06EE5A
:10A72800903A77EEC67AF8EEE66AA7EEE57A26EE74
:10A73800870A08BD00F094FAB7EE007AF0EE407A86
:10A7480087EE270A08BD00BF40A12C3FDA0F493F1A
:10A7580068212233000000005FAE9BB745F4A338A0
:10A768008453D9377AC09538C8261A3AB937813907
:10A7780016696B3B48DEBE3AA427B33C1F37113C31
:10A788008988083ED10D5D3DABAAAA3E00F0FFFFC7
:10A79800B1EEC00A704700BF70B510EE103A884A93
:10A7A80023F00044944286B0054670DD854A944201
:10A7B80010EE106A22DC002BDFED837A834A24F046
:10A7C8000F04B0EE407A40F3E280944270EE677A6C
:10A7D80009BFDFED7F6A9FED7F7A9FED7F7A77EE85
:10A7E800E67A012077EEC76A77EEE67AC5ED006A69
:10A7F80077EEC77AC5ED017A06B070BD774A944204
:10A8080054DDB4F1FF4F49DAE215863AA4EBC2539E
:10A8180007EE903ABDEEE77ADFED716AB8EEC77AD7
:10A8280077EEC77A8DED037A67EEA67ABDEEE77A02
:10A83800B8EEC77A77EEC77A8DED047A67EEA67A16
:10A84800F5EE407AF1EE10FACDED057A40F08E8003
:10A85800B5EE407AF1EE10FA14BF022301236149E4
:10A8680001910221009103A8294600F001FA002E67
:10A87800C2DA95ED007AD5ED017AB1EE477AF1EEBC
:10A88800677A85ED007AC5ED017A4042B4E7002287
:10A8980085ED000A4260002006B070BD70EE407A77
:10A8A8000020C5ED017AC5ED007AA5E700F0D8F9DA
:10A8B8009FED4D7A9FED446AF6EE007AE0EE077A56
:10A8C8009FED447AFDEEE77A17EE900AF8EEE76A14
:10A8D8001F28A6EEC60A66EE877AB1EE666A1EDC07
:10A8E800424A411E24F0FF0352F82120934216D019
:10A8F80030EE677A85ED007A30EE470A002E30EEAA
:10A90800670A85ED010ABFF677AFB1EE477AB1EE77
:10A91800400A85ED007A85ED010A40426CE730EE89
:10A92800677AE21517EE103AC3F3C753C3EBD45353
:10A93800082BDFDD9FED267A9FED275AF0EE405A6F
:10A94800E6EE075A70EE657AE6EE077AD6EE857A75
:10A9580035EEE77A17EE103AC3F3C753D21A192A1D
:10A9680006DCB0EE650A85ED007AC5E7032376E7D5
:10A978009FED1F7A9FED1F5AB0EE650AA6EE070AF3
:10A9880075EEC07AE6EE077AD6EE857AB0E794429D
:10A9980070EE277A09BFDFED0E6A9FED0E7A9FED04
:10A9A8000E7A77EEA67A4FF0FF3077EE876A77EE69
:10A9B800E67AC5ED006A77EE877AC5ED017A1BE77E
:10A9C800D80F493FE3CB1640800FC93FD00FC93F8E
:10A9D800004435374344353708A3852E800F494353
:10A9E80000008043845B002084F9223F584F0020F8
:10A9F80000A3852E32318D2410EE102A894922F0C9
:10AA080000438B422AD9B3F1FF4F7ED800F0D6809D
:10AA1800002AC0F28A80844A934200F2F0809FEDB7
:10AA2800837A20EE077AF6EE007A77EE877A9FED42
:10AA3800806ADFED806AFDEEE77AB8EEE77A17EE16
:10AA4800903AF0EE407AE7EE467A27EE267A37EE2D
:10AA5800C70A77EEC07A77EEC77A07E076498B4265
:10AA680056D8B3F14C5FC0F082800023B6EE003AAE
:10AA780020EE034ADFED716A9FED716ADFED714ADE
:10AA88009FED715A20EE047AF7EE003AA7EE266A97
:10AA9800DFED6E6AE6EE074AB0EE086AE4EE876A12
:10AAA800F1EE085AA6EE875AF0EE636AE5EE076AF9
:10AAB800A4EE666AE0EE465A36EEC66AC6EE256A27
:10AAC80066EE876A002B4DD076EEE76A5A1CD6EE02
:10AAD800807A77EEC77A63D0012B51D05A1C392A75
:10AAE80033D8162B70DC4FF080721A41C2F17E52B7
:10AAF80007EE102A77EEC07A77EE677A17EE902A7B
:10AB080002EBC35300EE103A704730EE000A70476C
:10AB18004F498B4279D8002ADFED457A47DB9FED14
:10AB2800457A70EE677A012391E7DFED4A7A70EE95
:10AB3800277AF5EEC07AF1EE10FA63D49FED3B7AEE
:10AB4800FEEE007A20EE077A6FE777EEC07A73EEB2
:10AB5800E77A17EE902A02EBC35307EE903A37EEE6
:10AB6800E30A704790EE267A30EE470A7047DFED29
:10AB78003A7A70EE277A77EEE77A30EE670A70470E
:10AB8800BDEE007AB4EEC70AF1EE10FA2ED530EE1B
:10AB9800033AB8EE000A77EEC37A27EE800A7047C8
:10ABA80070EE677ABEEE000AA7EE830A70479FED43
:10ABB8002B7A70EE277A4FF0FF3348E7FFEE007AE2
:10ABC800002A20FE270A7047C3F17F02D20507EE4C
:10ABD800102A77EE877A70EE677A77EEA37A17EE07
:10ABE800902A02EBC35300EE103A704770EE677A72
:10ABF800B0EE007AE7EE873AB0EE630A70470020BD
:10AC0800FFF7F8BBBFEE000A70479FED087AF6EE33
:10AC1800007AFEEE006A002A20EE077A67FEA67A1E
:10AC280003E700BF43B895411772B1423BAAB83F4A
:10AC38008071313FD1F717371872B13EBBED57B469
:10AC4800547E8636CD70A6B8898808BD010DD03AE5
:10AC58009115853F6042A20DCAF24971D1F717B725
:10AC680010EE103A23F0004300EE103A704700BF90
:10AC78002DE9F04F2DED048BDBB01C4603930691B4
:10AC8800A04B6899089253F82150111D824604F18F
:10AC9800FF38C0F29882D31E48BF131DDB10029301
:10ACA8000133DB000793DDE907239B1A0593029B19
:10ACB80015EB0801A3EB080316D401319FED927A36
:10ACC800699819441EAA002BA4BF50F8234007EE28
:10ACD800904A03F10103ACBFF8EEE77AF0EE477A49
:10ACE8008B42E2EC017AEED1002DC0F2DB82039BAD
:10ACF8001EAA02EB830446AE4FEA830C4046EF18C7
:10AD08000AEB8301B8F1000FDFED7F7A09DB2246F9
:10AD18005346F3EC016A32ED017A8B42E6EE877A0C
:10AD2800F7D10130B842E6EC017A04F10404E9D124
:10AD38000AAF07EB8503043B9FED759ADFED738A35
:10AD4800059804930AEB0C0407EB850946AE0095B9
:10AD58005AAB03EB8503002D13ED140A4FEA850B5C
:10AD680016DD06EB85033A4660EE097AB0EE407AC6
:10AD7800FDEEE77A73ED016AF8EEE77AB342A7EEE3
:10AD8800E87A37EEA60ABDEEC77AA2EC017AEBD1D3
:10AD9800019000F0DFFAB0EE408AB4EE000A28EE27
:10ADA800000A00F091FAF2EE007AA0EE678A0198A4
:10ADB8000028FDEEC89AF8EEE97A38EE678A76DD63
:10ADC80005F1FF3EC0F1080357F82E2042FA03FCB4
:10ADD8000CFA03F3D31AC0F1070119EE902A47F8C9
:10ADE8002E300B416244002B09EE902A67DCB5EE49
:10ADF800408AF1EE10FA40F0BE80009A05F1FF3B60
:10AE08005A450EDC4FEA850C07EB850200219E4669
:10AE180052F8043D4A4541EA0301F9D1002940F0BE
:10AE2800F180009B013B57F82330002B40F0E6806F
:10AE3800049B4FF0010C53F8042D0CF1010C002A6F
:10AE4800F9D06B1CAC449E460299039A01EB030BA4
:10AE58000BF1804B69992A440BF1FF3B06EB830504
:10AE68001EAB01EB8B0B03EB8201DBED017A9FED4F
:10AE7800267AF8EEE77AB8F1000F0BF1040BC1ED72
:10AE8800007A0A4601F1040109DB534601E072ED3C
:10AE9800017AF3EC016AA342A6EEA77AF7D10EF184
:10AEA800010EE645A5EC017ADFDD654650E740F086
:10AEB8009B806B1E57F82330DB11002B97DD19EEB2
:10AEC800902A002D02F1010209EE902A40F39181A7
:10AED800396800297ED1012D26D03A464FF0010C61
:10AEE80052F8041F002979D00CF10102C1F58071D4
:10AEF800954247F82C1016DD57F82210BB4407EB93
:10AF080082020AE04C4B0020000000000000804351
:10AF18000000803B0000C93F1168C1F1FF0142F801
:10AF2800041B5A45F8D1012100280CDD012800F046
:10AF38004181022807D105F1FF3C57F82C2002F087
:10AF48003F0247F82C20022B7FF451AFB7EE000ADE
:10AF580030EE488A00293FF44AAF0993019000F087
:10AF6800F9F938EE408A099B0198B5EE408AF1EE6E
:10AF780010FA3FF442AF9846DDE90732B0EE480ACE
:10AF8800981A0195009D00F0E5F91FED207A019BC4
:10AF9800B4EEC70AF1EE10FAC0F255815FED247ADB
:10AFA800059A60EE277A0832FDEEE77A0592F8EE08
:10AFB800E77A03F1010BA7EEC70AFDEEE77ABDEECB
:10AFC800C00A10EE102A47F8232017EE903A47F8E7
:10AFD8002B302BE001224FF0000C87E70CF1010C1D
:10AFE800AC457FF47DAF9FE7F6EE007AB4EEE78AD2
:10AFF800F1EE10FA80F2EC800023F8E66B1C9E4616
:10B008009C4621E7059B009DA3F1080257F82B30C9
:10B018000592F04653B9ACF104033B4453F8041DC0
:10B028000BF1FF3B083A0029F8D005920598B7EED6
:10B03800000A00F08FF9BBF1000FC0F229810BF173
:10B04800010646AA1FED4E7A4FEA860C07EB8603E7
:10B0580002EB860273ED017AF8EEE77ABB4267EEFF
:10B06800807A20EE070A62ED017AF3D1ACF104038D
:10B0780046AA002D1FED596A02EB03044FF00000A9
:10B0880022DB8F49DFED8F7AB0EE467A2246002325
:10B0980003E0984208DBB1EC017AF2EC016A013373
:10B0A8009D42E6EE877AF4DA5AAB03EB8003584503
:10B0B80043ED287A4FEA800100F10102A4F104046B
:10B0C80005D0002D1046DCDADFED7E7AECE7689AD1
:10B0D800022A1DDC002A00F38E8010D132ABDFED8E
:10B0E800797A9C443CED017A634577EE877AF9D109
:10B0F80043460BB1F1EE677A069BC3ED007A19EE71
:10B10800903A03F007005BB0BDEC048BBDE8F08F0C
:10B11800689A032AF3D1BBF1000F00F0CB8032A864
:10B1280013ED287A00EB8B020BF1804372ED017A64
:10B13800F0EE476A37EE277A904277EEC77A82EDCB
:10B14800007A77EEA67AC2ED017AEFD1BBF1010F52
:10B1580040F3B08001F5B4720DEB020111ED287ACD
:10B168009A0033A900EB830373ED017AF0EE476A86
:10B1780037EE277A994277EEC77A83ED007A77EE31
:10B18800A67AC3ED017AEFD1131DDFED4E7A0344A1
:10B19800083033ED017A984277EE877AF9D1434641
:10B1A800002B58D10699329A339B0A604B60C1ED47
:10B1B800027AA4E705F1FF3C57F82C2002F07F0241
:10B1C80047F82C20BFE608230793002302936AE57B
:10B1D80019EE903A002D03F1010309EE903AC8BF29
:10B1E80002233FF775AEF7EE007A37EEC88A0223DE
:10B1F800FDE5002198E632ABDFED327A03EB8606F7
:10B2080036ED017AB34277EE877AF9D143469DED60
:10B21800327A93BB069BBBF1000FC3ED007A77EE41
:10B22800677A0CDD33AA0123B2EC017A01339B451E
:10B2380077EE877AF8DA43460BB1F1EE677A069B28
:10B24800C3ED017A5BE7BDEEC00A9B4610EE102AFB
:10B2580047F82320EAE6DDED326A9DED337A069B56
:10B26800F1EE666AB1EE477AF1EE677AC3ED006AED
:10B2780083ED017AC3ED027A41E7069BF1EE676A36
:10B28800BBF1000F77EE677AC3ED006ACADCD4E73A
:10B29800689B022B0ADC002B0FDC7FF430AFDFED5C
:10B2A800097A25E7039B4FEA830C41E5689B032B4A
:10B2B8007FF425AFDFED037A71E7DFED027AA5E7CA
:10B2C8003C0600200000000010EE102AC2F3C7530D
:10B2D8007F3B162B22F000412ADC002B10EE100ACF
:10B2E80018DB194919410A4221D0DFED187A70EEAE
:10B2F800277AF5EEC07AF1EE10FA18DD002A04DAA2
:10B308004FF4000242FA03F3184420EA010300EE66
:10B31800103A7047DFED0D7A70EE277AF5EEC07AB5
:10B32800F1EE10FA03DD002A08DB9FED090A7047E9
:10B33800B1F1FF4FFBD330EE000A7047FFEE007A01
:10B34800002900FE270A7047FFFF7F00CAF24971F3
:10B358000000000010EE103A33F0004110EE102A01
:10B3680027D0B1F1FF4F21D213F0FF4F22D1DFEDEB
:10B378002B7A2B4A60EE277A904217EE903A33DB0D
:10B388004CF2503CC3F3C751604517EE902AA1F127
:10B39800190115DDDFED237ADFED236AB0EE677A58
:10B3A800002B67FEA67A27EE870A704730EE000A60
:10B3B800704770474CF2503C60454FEAD151E9DC88
:10B3C8000144FE29E6DC002915DC11F1160F19DB12
:10B3D800193122F0FF4242EAC15207EE902A9FED4E
:10B3E800130A27EE800A7047DFED117A07EE103A4C
:10B3F80027EE270A704722F0FF4242EAC15300EEC7
:10B40800103A7047DFED0A7ADFED0A6AB0EE677A24
:10B41800002B67FEA67A27EE870A70470000004CCB
:10B42800B03CFFFFCAF24971CAF249F1000000338B
:10B438006042A20D6042A28D81F0004102E000BF8F
:10B4480083F0004330B54FEA41044FEA430594EADC
:10B45800050F08BF90EA020F1FBF54EA000C55EA17
:10B46800020C7FEA645C7FEA655C00F0E2804FEAE8
:10B478005454D4EB5555B8BF6D420CDD2C4480EACA
:10B48800020281EA030382EA000083EA010180EAFA
:10B49800020281EA0303362D88BF30BD11F0004F48
:10B4A8004FEA01314FF4801C4CEA113102D040427E
:10B4B80061EB410113F0004F4FEA03334CEA1333B9
:10B4C80002D0524263EB430394EA050F00F0A780D1
:10B4D800A4F10104D5F1200E0DDB02FA0EFC22FACC
:10B4E80005F2801841F1000103FA0EF2801843FAC0
:10B4F80005F359410EE0A5F120050EF1200E012AB1
:10B5080003FA0EFC28BF4CF0020C43FA05F3C018EE
:10B5180051EBE37101F0004507D54FF0000EDCF167
:10B52800000C7EEB00006EEB0101B1F5801F1BD310
:10B53800B1F5001F0CD349085FEA30004FEA3C0C14
:10B5480004F101044FEA445212F5800F80F09A800A
:10B55800BCF1004F08BF5FEA500C50F1000041EB0E
:10B56800045141EA050130BD5FEA4C0C404141EB12
:10B578000101013C28BFB1F5801FE9D291F0000F0D
:10B5880004BF01460020B1FA81F308BF2033A3F1BC
:10B598000B03B3F120020CDA0C3208DD02F1140CB3
:10B5A800C2F10C0201FA0CF021FA02F10CE002F1EE
:10B5B8001402D8BFC2F1200C01FA02F120FA0CFCE7
:10B5C800DCBF41EA0C019040E41AA2BF01EB045130
:10B5D800294330BD6FEA04041F3C1CDA0C340EDC2E
:10B5E80004F11404C4F1200220FA04F001FA02F371
:10B5F80040EA030021FA04F345EA030130BDC4F12F
:10B608000C04C4F1200220FA02F001FA04F340EA23
:10B618000300294630BD21FA04F0294630BD94F0D4
:10B62800000F83F4801306BF81F480110134013DBB
:10B638004EE77FEA645C18BF7FEA655C29D094EA2C
:10B64800050F08BF90EA020F05D054EA000C04BFAA
:10B658001946104630BD91EA030F1EBF0021002095
:10B6680030BD5FEA545C05D14000494128BF41F034
:10B67800004130BD14F580043CBF01F5801130BD98
:10B6880001F0004545F0FE4141F470014FF0000023
:10B6980030BD7FEA645C1ABF194610467FEA655CD4
:10B6A8001CBF0B46024650EA013406BF52EA033576
:10B6B80091EA030F41F4002130BD00BF90F0000F64
:10B6C80004BF0021704730B54FF4806404F13204A0
:10B6D8004FF000054FF0000150E700BF90F0000F59
:10B6E80004BF0021704730B54FF4806404F1320480
:10B6F80010F0004548BF40424FF000013EE700BF50
:10B7080042004FEAE2014FEA31014FEA02701FBFDF
:10B7180012F07F4393F07F4F81F06051704732F011
:10B728007F4208BF704793F07F4F04BF41F4002168
:10B73800704730B54FF4607401F0004521F00041C6
:10B748001CE700BF50EA010208BF704730B54FF050
:10B7580000050AE050EA010208BF704730B511F051
:10B76800004502D5404261EB41014FF4806404F189
:10B7780032045FEA915C3FF4D8AE4FF003025FEA0F
:10B78800DC0C18BF03325FEADC0C18BF033202EB93
:10B79800DC02C2F1200300FA03FC20FA02F001FAED
:10B7A80003FE40EA0E0021FA02F11444BDE600BF90
:10B7B800024B0146186800F003B800BF94750020DA
:10B7C8002DE9F04F01F10B06162E83B0044624D85C
:10B7D800102900F2BA8000F0A3FA102618220220DD
:10B7E800B54F3A44A2F1080153688B4200F0BA8081
:10B7F8005A68D96822F003021A449D68E9608D608E
:10B80800516841F001012046516003F1080500F03C
:10B818008DFA284603B0BDE8F08F36F0070600F130
:10B828009480B14200F2918000F07AFAB6F5FC7F7C
:10B83800C0F09A81730A00F08F80042B00F26F81A8
:10B84800B30903F1390003F1380CC3009A4F3B44A4
:10B85800A3F108055B689D4206D10CE0002980F23F
:10B868002781DB689D4206D05A6822F00302911BAB
:10B878000F29F3DD60463D69DFF850C265457CD08D
:10B888006A6822F00302931B0F2B00F37B81002BC5
:10B89800C7E904CC80F26C81B2F5007F80F01A8190
:10B8A800D308796801334FEA521E012202FA0EF2D8
:10B8B8000A4357F833E0C5F808E007EBC301083935
:10B8C800E9607A6047F83350CEF80C5083100121B4
:10B8D8009940914257D8114206D120F003004900FF
:10B8E800114200F10400FAD007EBC0094D46864624
:10B8F800D5F80C80454508D11DE1002B80F2248144
:10B90800D8F80C80454500F01681D8F8042022F0BC
:10B918000302931B0F2BF0DD2046D8E9025408EBF5
:10B92800060146F00106C8F80460EC60A56043F023
:10B938000104C7E90411C1E902CC4C6048F802309F
:10B9480000F0F4F908F1080502E00C232360002553
:10B95800284603B0BDE8F08F4FF4007340204FF045
:10B968003F0C73E7D3689A4208BF02307FF440AFB8
:10B978003D69DFF858C1654582D17A688310012195
:10B9880099409142A7D9BD686B6823F003094E45D9
:10B9980003D8A9EB06030F2B7ADCDFF834B1474B49
:10B9A800DBF800201B680132334405EB090A00F07C
:10B9B800338103F580530F3323F47F6828F00F0891
:10B9C8004146204600F010FA411C024600F0F38080
:10B9D800824500F2EE803A4B1968414419600846E6
:10B9E80000F04E81DBF80010019301311BBFA2EB80
:10B9F8000A010918CBF80020196012F0070B00F0B3
:10BA08001781CBF108010A44CBF5805190440831E5
:10BA1800A1EB0801C1F30B0A51462046009200F041
:10BA2800E3F9421CDDE9002300F04F81801A00EBA6
:10BA38000A081968BA6048F001005144BD425060D4
:10BA4800196000F02981B9F10F0F40F22781686869
:10BA5800A9F10C0C2CF0070C00F0010040EA0C00D6
:10BA680068604FF0050E05EB0C00BCF10F0FC0E944
:10BA780001EE00F2328150681546124B1A688A426C
:10BA880038BF1960104B1A688A4238BF196094E0B1
:10BA9800AA1943F0010346F001066E602046BA6019
:10BAA800536000F043F90835284603B0BDE8F08F2D
:10BAB800D9681A44A1E600BF84710020A08500203F
:10BAC80070850020988500209C8500208C710020BE
:10BAD8008C750020B2F5206F4FEA522363D3142BE4
:10BAE80000F2B78003F15C01C9005B3307EB010E7C
:10BAF8007958AEF1080E8E4500F091804B6823F01E
:10BB08000303934202D989688E45F7D1D1F80CE036
:10BB18007A68C5E9021ECEF80850CD60D6E6142B27
:10BB280059D9542B00F29D80330B03F16F0003F1B8
:10BB38006E0CC3008AE60EF1010E1EF0030F05F12C
:10BB480008057FF4D5AE51E0424445465368D8F81D
:10BB58000C1043F00103536055F8083F2046D960A4
:10BB68008B6000F0E3F8F3E6F00806F1080237E628
:10BB78002A442046536843F001035360083500F017
:10BB8800D5F8E5E6A919204646F0010643F0010478
:10BB98006E60C7E90411C1E902CC4C60AB5000F0FB
:10BBA800C5F80835D4E6930903F13901C9003833DB
:10BBB8009CE7BD425FD0BD68686820F00308464531
:10BBC800A8EB060302D80F2B3FF762AF204600F020
:10BBD800ADF80025BCE603F15C0003F15B0CC30083
:10BBE80034E659F808394B4540F0968010F0030FB9
:10BBF80000F1FF30F5D17B6823EA01037B6049003F
:10BC080099423FF6C0AE19B9BDE649000EF1040EDF
:10BC18001942FAD0704667E603F11008D0E69A1088
:10BC28004FF001087B6808FA02F21A437A6070E75D
:10BC380002EB08014942C1F30B0A51462046009223
:10BC480000F0D2F8431CDDE900237FF4EFAEDA46BA
:10BC5800EFE6542B25D8130B03F16F01C9006E339F
:10BC680044E7B3F5AA7F25D8F30B03F1780003F175
:10BC7800770CC300EAE5294B186840441860B1E620
:10BC8800CAF30B0CBCF1000F7FF4ACAEBD68C8441E
:10BC980048F001006860F0E61546EEE601235360BF
:10BCA80094E7B3F5AA7F23D8D30B03F17801C90031
:10BCB80077331BE740F25452934223D8B30C03F175
:10BCC8007D0003F17C0CC300C0E5ABF1080BD84440
:10BCD800A8EB02084FF0000AABE605F10801204680
:10BCE800009300F0DFF9BD68009B68681968C4E636
:10BCF80040F254518B420BD8930C03F17D01C900DB
:10BD08007C33F3E64FF47E737F204FF07E0C9DE585
:10BD18004FF47E717E23E9E67B6870E7708500202A
:10BD2800014800F09DB800BF6C850020014800F074
:10BD380099B800BF6C850020830730B548D0541EE1
:10BD4800002A3FD0CAB2034601E0013C3AD303F8C7
:10BD5800012B9D07F9D1032C2DD9CDB245EA052534
:10BD68000F2C45EA054536D9A4F1100222F00F0C34
:10BD780003F1200EE6444FEA121C03F1100242E9D7
:10BD8800045542E9025510327245F8D10CF101020E
:10BD980014F00C0F03EB021204F00F0C13D0ACF1EB
:10BDA800040323F003030433134442F8045B93426F
:10BDB800FBD10CF003042CB1C9B21C4403F8011BDD
:10BDC8009C42FBD130BD64461346002CF4D1F9E700
:10BDD80003461446BFE71A46A446E0E713460A4658
:10BDE8000146022000F0CAB838B5074D00220446C3
:10BDF80008462A60FCF7DAF8431C00D038BD2B68E7
:10BE0800002BFBD0236038BDEC860020014B18685E
:10BE1800704700BF9475002070B50D4E0D4D761B10
:10BE2800B61006D0002455F8043B01349847A642C2
:10BE3800F9D1094E094D761B00F03EFAB61006D02E
:10BE4800002455F8043B01349847A642F9D170BD47
:10BE5800781D0060781D0060881D0060781D0060F6
:10BE6800704700BF704700BF0000000000000000DE
:10BE780000000000000000000000000000000000BA
:10BE880000000000000000000000000000000000AA
:10BE9800000000000000000000000000000000009A
:10BEA80090F800F06DE9024520F007016FF0000CF2
:10BEB80010F0070491F820F040F049804FF000049A
:10BEC8006FF00700D1E9002391F840F000F1080075
:10BED80082FA4CF2A4FA8CF283FA4CF3A2FA8CF3AD
:10BEE8004BBBD1E9022382FA4CF200F10800A4FA14
:10BEF8008CF283FA4CF3A2FA8CF3E3B9D1E9042368
:10BF080082FA4CF200F10800A4FA8CF283FA4CF39E
:10BF1800A2FA8CF37BB9D1E9062301F1200182FA58
:10BF28004CF200F10800A4FA8CF283FA4CF3A2FA5E
:10BF38008CF3002BC6D0002A04BF04301A4612BA6C
:10BF4800B2FA82F2FDE8024500EBD2007047D1E96F
:10BF5800002304F00305C4F100004FEAC50514F0FE
:10BF6800040F91F840F00CFA05F562EA05021CBFCF
:10BF780063EA050362464FF00004A9E72DE9F0479C
:10BF8800DFF87CA00646DAF8000098460F4691468E
:10BF9800FFF766FF184B1C6824B365681F2D24DC67
:10BFA8005EB96B1C0235DAF80000636044F825704E
:10BFB800FFF758FF0020BDE8F08704EB8501012357
:10BFC800C1F88890D4F88821AB401A43022EC4F8EF
:10BFD8008821C1F80881E4D1D4F88C211A43C4F827
:10BFE8008C21DEE7054C1C60D7E7DAF80000FFF784
:10BFF80039FF4FF0FF30DEE7D4830020D8830020DC
:10C0080078710020F8B5244F0C460646FFF788FEE5
:10C01800BB685D68C4F57E610F3125F003054B19D7
:10C0280023F47F6323F00F03A3F58054B4F5805FF6
:10C0380007DB00213046FFF7D7FEBB682B44984248
:10C0480004D03046FFF772FE0020F8BD614230464A
:10C05800FFF7CAFE01300DD0104ABB682D1B45F012
:10C0680001055D60136830461B1B1360FFF75EFE19
:10C078000120F8BD00213046FFF7B6FEBA68831AE2
:10C088000F2BDEDD43F001035360054B03491B68AA
:10C09800C01A0860D5E700BF8471002070850020B1
:10C0A8008C750020002961D0F8B50C460646FFF7CC
:10C0B80037FE54F8042C7B4FA4F1080522F0010147
:10C0C80005EB010CB868DCF80430604523F0030385
:10C0D80000F08B80D207CCF8043032D454F8082C06
:10C0E800AD1A1144AA6807F1080082426AD00CEB25
:10C0F8000304D4F804E0EC68D4601EF0010FA260D9
:10C1080000F0978041F001036B60CCF80010B1F5A6
:10C11800007F35D27868CB080122490901338A406B
:10C12800024357F833107A6007EBC302083AC5E9AF
:10C13800021247F83350CD603046BDE8F840FFF7AB
:10C14800F5BD0CEB03025268D00710D4194407F16F
:10C158000800DCF80830834273D0DCF80C20DA6081
:10C16800936041F001036B606950D0E7704741F07C
:10C178000103B1F5007F44F8043CCCF80010C9D3A2
:10C18800B1F5206F4FEA512348D28B0903F13900EA
:10C1980003F13802C300F818FB580838984259D000
:10C1A8005A6822F003028A4202D99B689842F7D162
:10C1B800D868C5E902308560DD603046BDE8F840E2
:10C1C800FFF7B4BD0CEB03025268D20763D40B44EB
:10C1D800DCE90212CA60916043F001026A603046ED
:10C1E800EB50BDE8F840FFF7A1BD0B44D10707D4D9
:10C1F80054F8082CAD1A1344D5E90212CA609160AC
:10C2080043F001026A60284ABD6012689A4293D8D6
:10C21800264B30461968FFF7F5FE8DE7142B0AD92F
:10C22800542B1FD80B0B03F16F0003F16E02C300F0
:10C23800B1E719448DE703F15C0003F15B02C30029
:10C24800A9E741F00103C7E90455C5E902006B609D
:10C25800695071E779689210012404FA02F20A43DE
:10C268007A60A6E7B3F5AA7F06D8CB0B03F178006E
:10C2780003F17702C3008EE740F25452934206D886
:10C288008B0C03F17D0003F17C02C30083E74FF4BC
:10C298007E737E227FE741F001036B60CCF80010CB
:10C2A8004AE700BF8471002090750020A085002017
:10C2B8005FF800F0151600605FF800F01D1D0060C3
:10C2C8005FF800F0F91A00605FF800F06916006086
:10C2D8005FF800F0B51C00600000000000000000DE
:04C2E800F8B500BFE6
:08C2EC00F0D2FF7F0100000009
:10C2F400000000000000000000000000000000003A
:10C304000000000000000000000000000000000029
:10C314000000000000000000000000000000000019
:10C324000000000000000000000000000000000009
:10C3340000000000000000000000000000000000F9
:10C3440000000000000000000000000000000000E9
:10C3540000000000000000000000000000000000D9
:10C3640000000000000000000000000000000000C9
:10C3740000000000000000000000000000000000B9
:10C3840000000000000000000000000000000000A9
:10C394000000000000000000000000000000000099
:10C3A4000000000000000000000000000000000089
:10C3B4000000000000000000000000000000000079
:10C3C4000000000000000000000000000000000069
:10C3D4000000000000000000000000000000000059
:10C3E4000000000000000000000000000000000049
:10C3F4000000000000000000000000000000000039
:10C404000000000000000000000000000000000028
:10C414000000000000000000000000000000000018
:10C424000000000000000000000000000000000008
:10C4340000000000000000000000000000000000F8
:10C4440000000000000000000000000000000000E8
:10C4540000000000000000000000000000000000D8
:10C4640000000000000000000000000000000000C8
:10C4740000000000000000000000000000000000B8
:10C4840000000000000000000000000000000000A8
:10C494000000000000000000000000000000000098
:10C4A4000000000000000000000000000000000088
:10C4B4000000000000000000000000000000000078
:10C4C4000000000000000000000000000000000068
:10C4D4000000000000000000000000000000000058
:10C4E4000000000000000000000000000000000048
:10C4F4000000000000000000000000000000000038
:10C504000000000000000000000000000000000027
:10C514000000000000000000000000000000000017
:10C524000000000000000000000000000000000007
:10C5340000000000000000000000000000000000F7
:10C5440000000000000000000000000000000000E7
:10C5540000000000000000000000000000000000D7
:10C5640000000000000000000000000000000000C7
:10C57400000000000000F03F748515D3B0D9EF3FF0
:10C584000F89F96C58B5EF3F515B12D00193EF3F1F
:10C594007B517D3CB872EF3FAAB968318754EF3FB5
:10C5A4003862756E7A38EF3FE1DE1FF59D1EEF3F6E
:10C5B40015B7310AFE06EF3FCBA93A37A7F1EE3F94
:10C5C4002234124CA6DEEE3F2D89616008CEEE3F88
:10C5D400272A36D5DABFEE3F824F9D562BB4EE3F65
:10C5E400295448DD07ABEE3F85553AB07EA4EE3FB3
:10C5F400CD3B7F669EA0EE3F745FECE8759FEE3FF7
:10C604008701EB7314A1EE3F13CE4C9989A5EE3F3D
:10C61400DBA02A42E5ACEE3FE5C5CDB037B7EE3F2F
:10C6240090F0A38291C4EE3F5D253EB203D5EE3F68
:10C63400ADD35A999FE8EE3F475EFBF276FFEE3F9B
:10C644009C5285DD9B19EF3F6990EFDC2037EF3F6B
:10C6540087A4FBDC1858EF3F5F9B7B33977CEF3F4D
:10C66400DA90A4A2AFA4EF3F40456E5B76D0EF3FD3
:10C67400000000000000E8429423914BF86AAC3FAC
:10C68400F3C4FA50CEBFCE3FD6520CFF422EE63F43
:10C694000000000000003843FE822B654715474028
:10C6A4009423914BF86ABC3EF3C4FA50CEBF2E3F9C
:10C6B400D6520CFF422E963FBEF3F879EC61F63F5A
:10C6C4001930965BC6FEDEBF3D88AF4AED71F53F7B
:10C6D400A4FCD432680BDBBFB010F0F03995F43F02
:10C6E4007BB71F0A8B41D7BF8503B8B095C9F33F09
:10C6F4007BCF6D1AE99DD3BFA564880C190DF33F58
:10C7040031B6F2F39B1DD0BFA08E0B7B225EF23FAD
:10C71400F07A3B1B1D7CC9BF3F341A4A4ABBF13F28
:10C724009F3CAF93E3F9C2BFBAE58AF05823F13FC7
:10C734005C8D78BFCB60B9BFA70099413F95F03FAE
:10C74400CE5F47B69D6FAABF000000000000F03F17
:10C754000000000000000000AC479AFD8C60EE3F32
:10C764003DF5249FCA38B33FA06A021FB3A4EC3F2F
:10C77400BA913854A976C43FE6FC6A573620EB3F99
:10C78400D2E4C44A0B84CE3F2DAAA163D1C2E93FAF
:10C794001C65C6F04506D43FED417803E686E83FC4
:10C7A400F89F1B2C9C8ED83F624853F5DC67E73F0B
:10C7B400CC7BB14EA4E0DC3F0B6E49C91676D23F68
:10C7C4007AC675A06919D7BFDDBAA76C0AC7DE3F60
:10C7D400C8F6BE484715E7BF2BB82A654715F73F8B
:10C7E400000000000000F03F000000000000F0BF67
:10C7F400000000000000F0BF000000000000F03F57
:10C8040083C8C96D305F6441182D4454FB21F93F3E
:10C81400000000000000F03F1C620CFDFFFFDFBFC2
:10C82400198F06E15355A53F9D359AE887C056BF39
:10C83400C3F87B024393F93E03A695595455C5BFEB
:10C84400C40B23057610813F24CF7437EB9429BFA2
:10C85400000000000000F03F000000000000F0BFF6
:10C86400000000000000F0BF000000000000F03FE6
:10C8740083C8C96D305F6441182D4454FB21F93FCE
:10C88400000000000000F0BF1C620CFDFFFFDF3F52
:10C89400198F06E15355A5BF9D359AE887C0563FC9
:10C8A400C3F87B024393F9BE03A695595455C5BFFB
:10C8B400C40B23057610813F24CF7437EB9429BF32
:10C8C4000000C040CDCC4C3DCDCCCC3E000000405F
:10C8D4000000003FEC51383E9A99193E00000000D8
:10C8E4000000E0400000000000A00C46CDCC4C3E0F
:10C8F40000000000000000000AD7A33BCDCCCC3DD3
:10C90400CDCC4C3FCDCC4C3EA69B443B9A99193E92
:10C914000000003FCDCC4C3E0000000000000000B1
:10C924000000003F000000000000C93F0000F03993
:10C934000000DA370000A2330000842E0000502BE0
:10C944000000C2270000D0220000C41F0000C61B44
:10C95400000044177374616765200000206F66202F
:10C96400000000002020000020202800207329005F
:10C974002020686561723A200000000020205041A8
:10C9840053533A2000000000202020200000000023
:10C9940000000000B80B00004C5600206056002038
:10C9A4008C5600200100000070170000C8560020BB
:10C9B400E4560020245700200200000088130000E1
:10C9C4007057002090570020CC570020030000002F
:10C9D400881300000C5800201458002040580020F0
:10C9E400040000007017000084580020A4580020A0
:10C9F400D858002005000000282300001459002006
:10CA0400305900206C59002006000000581B00001B
:10CA1400AC590020B8590020F85900200700000044
:10CA240070170000405A0020645A0020945A0020D5
:10CA34000800000070170000D45A0020FC5A00209F
:10CA4400445B00206E616E00696E66006F7666005E
:10CA5400C9540000CD540000D1540000D554000046
:10CA64000000803F39D6BD3F8273E63F07F0224085
:10CA7400D6562840166A7940000000003A1C19B3C3
:10CA84002F7219B42F0DADB47B2C1AB5BF6071B5DC
:10CA9400C215AEB51345EDB5B91B1BB6257044B62A
:10CAA400949672B667C192B6C492AEB62CB6CCB6A2
:10CAB400D420EDB629E307B74D4C1AB7FEC32DB702
:10CAC4008D4142B776BB57B75D276EB707BD82B7B6
:10CAD400BED38EB763519BB71A2FA8B79B65B5B762
:10CAE40036EDC2B7D5BDD0B7F8CEDEB7BE17EDB7B9
:10CAF400E18EFBB75F1505B8A8700CB81FD413B846
:10CB04006A3A1BB8069E22B847F929B85D4631B87F
:10CB1400537F38B8129E3FB8669C46B8FE734DB832
:10CB24006D1E54B833955AB8B8D160B855CD66B8AF
:10CB340055816CB8F8E671B877F776B806AC7BB86F
:10CB4400DAFD7FB815F381B81AAF83B8A12F85B881
:10CB5400557186B8EC7087B8242B88B8CB9C88B8FC
:10CB6400BEC288B8E89988B84B1F88B8FB4F87B80D
:10CB7400262986B811A884B81CCA82B8C78C80B884
:10CB84005CDB7BB81FD575B89C026FB8DF5F67B8F4
:10CB940044E95EB8789B55B87C734BB8AB6E40B82B
:10CBA400BB8A34B8C3C527B83B1E1AB8FF920BB86A
:10CBB400AF46F8B7E99DD7B7E92BB5B7CEF190B733
:10CBC40030E355B7675C06B7AE5B4DB6D38E0C3613
:10CBD4001210FA36B7485A373B6B9D370850CF3797
:10CBE400966401380BE61B38A026373812205338D8
:10CBF400A4CB6F380E918638E48D95383CD8A43890
:10CC0400C36BB438ED43C438F15BD438CFAEE438E9
:10CC14004F37F53801F80239A3690B39A3ED1339FD
:10CC2400FD801C39962025393DC92D39AC7736391C
:10CC340087283F3961D84739BB835039052759398B
:10CC44009FBE6139E0466A390EBC7239681A7B3975
:10CC540012AF8139B8C185393AC38939ACB18D393C
:10CC6400208B9139A84D953958F7983944869C39C9
:10CC740085F89F39384CA3397D7FA6397C90A93932
:10CC8400637DAC396844AF39CAE3B139D359B43997
:10CC9400D6A4B63934C3B8395AB3BA39C373BC3914
:10CCA400FA02BE39995FBF394C88C039CF7BC1398C
:10CCB400F438C2399EBEC239C50BC339791FC33992
:10CCC400DDF8C2392E97C239BFF9C139FD1FC13908
:10CCD4006F09C039B4B5BE398824BD39C155BB39D3
:10CCE4005249B9394AFFB639D477B4393AB3B1396C
:10CCF400E4B1AE395574AB3933FBA7394047A43995
:10CD04005B59A03986329C39DFD39739A43E9339D5
:10CD140032748E3904768939B5458439F8C97D3938
:10CD240061AB72398D336739A0665B39F5484F3989
:10CD340023DF4239F52D36396E3A2939C4091C39B5
:10CD440062A10E39E20601391E80E638BFA5CA3851
:10CD5400EE8AAE38443C92384B8D6B38846E323850
:10CD6400306EF237D3048037B989DD35FABB47B763
:10CD7400C7E5D4B7798222B894005AB8EA6788B86C
:10CD84005569A3B8B8F5BDB837FED7B8F673F1B88E
:10CD94000E2405B9F23511B94BE81CB9CC3328B9C6
:10CDA4003C1133B973793DB9656547B920CE50B9A3
:10CDB400D4AC59B9D4FA61B99BB169B9CECA70B9C6
:10CDC400424077B9FE0B7DB9201481B9BE4783B9BF
:10CDD400341E85B9FB9486B9B0A987B9105A88B9AD
:10CDE40001A488B98E8588B9E8FC87B96E0887B92B
:10CDF400A6A685B944D683B9299681B9CBCA7DB98B
:10CE0400718677B9285E70B9345168B93F5F5FB9EC
:10CE14005E8855B90ACD4AB92A2E3FB90DAD32B94B
:10CE2400724B25B9810B17B9D2EF07B9D8F6EFB811
:10CE34008363CEB86B2DABB82F5D86B899F83FB835
:10CE44005F54E0B7FC2BEBB6B6F56037E6A41038B8
:10CE540097B56B3849A9A438AAAED43873ED023912
:10CE64009C0E1C390BB23539A5CE4F39F25A6A39AA
:10CE740093A68239934D9039421D9E394410AC39A2
:10CE84001B21BA39254AC839A485D639BACDE43923
:10CE9400701CF339DBB5003AB2DA073AA2F90E3A5C
:10CEA400840F163A2D191D3A6A13243A05FB2A3ABF
:10CEB400C5CC313A6E85383AC7213F3A959E453AFA
:10CEC400A3F84B3ABE2C523ABA37583A73165E3A24
:10CED400CEC5633ABB42693A348A6E3A4399733A8F
:10CEE400006D783A95027D3A9FAB803A25B4823A38
:10CEF4008F99843A9B5A863A13F6873ACD6A893ACF
:10CF0400AFB78A3AABDB8B3AC3D58C3A07A58D3AD7
:10CF140099488E3AABBF8E3A82098F3A71258F3A7F
:10CF2400E2128F3A50D18E3A49608E3A6FBF8D3AF1
:10CF34007AEE8C3A35ED8B3A81BB8A3A5459893A68
:10CF4400BAC6873AD603863ADF10843A24EE813A89
:10CF540017387F3A21367A3A8AD7743AA81D6F3A3D
:10CF6400F909693A2C9E623A1DDC5B3AD2C5543AFF
:10CF7400815D4D3A8AA5453A7BA03D3A0A51353A3E
:10CF840019BA2C3AB4DE233A0EC21A3A8367113A1C
:10CF940096D2073ADC0DFC39B010E83986B5D3399E
:10CFA4008104BF390206AA39ABC29439AC867E39F2
:10CFB4002A2253395C6A273959E4F638C0999E38D5
:10CFC4002D380C38386713B7F3B155B871FFC2B8B0
:10CFD4009E5B0DB980EB38B98D1A64B9F26987B9D3
:10CFE4004B819CB9D848B1B922B6C5B9BDBED9B92F
:10CFF4004758EDB9393C00BA828A09BAF19112BA9C
:10D00400884D1BBA5AB823BA94CD2BBA748833BA54
:10D0140058E43ABAB6DC41BA276D48BA61914EBABF
:10D02400414554BAC78459BA1E4C5EBA989762BA3D
:10D03400B86366BA2AAD69BACF706CBABAAB6EBAC5
:10D044002F5B70BAAE7C71BAEA0D72BAD30C72BAA5
:10D05400927771BA914C70BA748A6EBA20306CBAF5
:10D06400BD3C69BAB3AF65BAAD8861BA9BC75CBA57
:10D07400B26C57BA6C7851BA89EB4ABA10C743BA42
:10D084004F0C3CBADBBC33BA8FDA2ABA906721BAA8
:10D09400486617BA68D90CBAE8C301BA0C52ECB99D
:10D0A4008718D4B9D1E2BAB9FEB8A0B9A8A385B992
:10D0B400D75753B9C8B619B9A7F0BCB87BC606B8D8
:10D0C4002C3AE437C736B838E7F21C3928F55E390C
:10D0D40059049139A609B339027DD5399D50F839DF
:10D0E4002ABB0D3ADB6F1F3A063F313A2E21433AF1
:10D0F400BA0E553AF4FF663A11ED783A1767853A55
:10D10400AE4D8E3A4E26973AF1EC9F3A919DA83A4D
:10D114002334B13A9FACB93AFE02C23A3E33CA3A1A
:10D124006039D23A6F11DA3A81B7E13AB327E93A72
:10D13400335EF03A3C57F73A1D0FFE3A1941023B71
:10D144007A56053BF545083BDC0D0B3B8EAC0D3B9D
:10D154007720103B1268123BEB81143B9C6C163B0E
:10D16400D226183B4BAF193BD9041B3B5F261C3B13
:10D17400D8121D3B51C91D3BED481E3BE5901E3B9B
:10D184008AA01E3B42771E3B8D141E3B03781D3B39
:10D1940052A11C3B46901B3BBF441A3BBBBE183BF1
:10D1A4004FFE163BAD03153B1FCF123B0C61103BEA
:10D1B400F4B90D3B72DA0A3B3CC3073B2375043BCD
:10D1C40012F1003B1F70FA3A7896F23AA257EA3A03
:10D1D40047B6E13A41B5D83A9E57CF3A9FA0C53AEF
:10D1E400B193BB3A7434B13AB586A63A6E8E9B3A83
:10D1F400C54F903A0CCF843A7321723ADF325A3ACF
:10D20400E8DB413A6026293A601C103A7F90ED39F8
:10D214002569BA3949D88639DAE7253973937638D6
:10D22400F1AB2BB8AF9913B9B2387CB9864CB2B90B
:10D23400B245E6B905F80CBAD19926BA3DFC3FBA15
:10D24400491359BAF4D271BAA41785BA2C0E91BAFB
:10D2540027C79CBAB53CA8BA0469B3BA5546BEBA46
:10D26400FECEC8BA68FDD2BA1BCCDCBAB735E6BA72
:10D27400FE34EFBAD4C4F7BA3EE0FFBA36C103BBFA
:10D284005A5307BB4EA40ABBEBB10DBB237A10BBA8
:10D29400FFFA12BBA83215BB5D1F17BB7FBF18BBBB
:10D2A40089111ABB17141BBBE4C51BBBCB251CBBC4
:10D2B400CB321CBB03EC1BBBB4501BBB47601ABB7B
:10D2C400451A19BB5E7E17BB678C15BB594413BB4B
:10D2D40058A610BBA9B20DBBBB690ABB23CC06BBC5
:10D2E4009EDA02BB1D2CFDBAFEFEF3BA4430EABA44
:10D2F4009FC2DFBA0CB9D4BAD916C9BA9BDFBCBA7B
:10D304003517B0BAD4C1A2BAEEE394BA408286BA51
:10D314009D436FBAC48F50BA0DF430BA147C10BA5E
:10D32400E267DEB973509AB9DF9729B9F754DFB7CA
:10D334006D5EE838303E83390961CD3904310C3AE9
:10D344003011323A5341583A6BB17E3A99A8923A25
:10D354001208A63AC56EB93A3CD4CC3AEE2FE03A5C
:10D364004079F33AC653033B0FD90C3B2248163B92
:10D37400A29C1F3B33D2283B7DE4313B2ECF3A3B6A
:10D38400F88D433B981C4C3BD676543B85985C3BCC
:10D39400897D643BD4216C3B6F81733B72987A3BEB
:10D3A40089B1803BCBEE833B3302873BFFE9893B6A
:10D3B40081A48C3B18308F3B328B913B54B4933B0C
:10D3C40010AA953B0F6B973B0CF6983BD8499A3BB8
:10D3D40059659B3B8C479C3B84EF9C3B6B5C9D3B22
:10D3E400868D9D3B2F829D3BDC399D3B1BB49C3B32
:10D3F40095F09B3B0FEF9A3B65AF993B9131983B7E
:10D40400AA75963BDE7B943B7C44923BEBCF8F3BEF
:10D41400B11E8D3B6E318A3BE008873BDFA5833B21
:10D424006209803BF068783B9F50703B5ECC673B61
:10D43400F5DE5E3B5E8B553BC9D44B3B9BBE413B0B
:10D444006A4C373BFC812C3B4B63213B7EF4153B00
:10D45400E8390A3B1970FC3A2CE7E33AB0E2CA3ADD
:10D464009F6CB13A3A8F973A12AA7A3AB091453AF8
:10D4740063EB0F3A699BB339663E0D39B4BC9BB874
:10D4840053E094B91E8201BA2E9538BAD5906FBA7A
:10D49400302E93BA796FAEBAC97FC9BA9D52E4BA35
:10D4A4006CDBFEBAD7860CBB746E19BB531E26BB4D
:10D4B400459032BB28BE3EBBE8A14ABB843556BB6F
:10D4C4000D7361BBAF546CBBAFD476BBB77680BB76
:10D4D400B84C85BBADE989BBFA4A8EBB196E92BBC9
:10D4E400985096BB1CF099BB624A9DBB415DA0BBA2
:10D4F400A826A3BBA3A4A5BB5BD5A7BB16B7A9BB92
:10D504003948ABBB4787ACBBE672ADBBDD09AEBBEC
:10D51400154BAEBB9A35AEBB9EC8ADBB7403ADBB59
:10D5240099E5ABBBAC6EAABB749EA8BBE074A6BB6A
:10D5340004F2A3BB1F16A1BB95E19DBBF4549ABB97
:10D54400F17096BB6A3692BB66A68DBB14C288BBCB
:10D55400CC8A83BB17047CBBF65270BBD00564BB7A
:10D56400912057BB72A749BBF69E3BBBEB0B2DBB6F
:10D574006AF31DBBD35A0EBB998FFCBA7F80DBBA0A
:10D58400B494B9BA11D996BAD8B566BA27501EBAA6
:10D59400213BA9B90FB71BB817708439F31D0F3A93
:10D5A4009AD65C3AD4A0953A131FBD3A43D5E43ACF
:10D5B4002D59063B89521A3BF74D2E3BA442423B60
:10D5C400A627563B05F4693BBE9E7D3B628F883B94
:10D5D4008335923B3BBD9B3B0222A53B555FAE3B53
:10D5E400B970B73BB851C03BE8FDC83BE970D13BCB
:10D5F4006BA6D93B2C9AE13BFE47E93BC7ABF03B1A
:10D6040082C1F73B4385FE3B9B79023CD483053CB6
:10D614007E5F083CDF0A0B3C4A840D3C27CA0F3C62
:10D62400EDDA113C29B5133C7C57153C9CC0163CE3
:10D6340054EF173C87E2183C2E99193C5B121A3CB4
:10D644003A4D1A3C0D491A3C32051A3C2381193CC7
:10D6540071BC183CCDB6173CFF6F163CF0E7143C88
:10D66400A31E133C3814113CECC80E3C1B3D0C3C6F
:10D674003C71093CE565063CCB1B033C7D27FF3B25
:10D684005B9DF73B4B9BEF3B9E23E73BE438DE3B44
:10D69400E4DDD43B9F15CB3B4EE3C03B634AB63B32
:10D6A400864EAB3B95F39F3BA33D943BF630883BC2
:10D6B4000EA4773BFF4A5E3B7060443B6FEE293B10
:10D6C40061FF0E3B003CE73AACAAAF3AECC26E3ABB
:10D6D40076DEF9398B9D20384F79D3B9C4325EBADE
:10D6E4001093A9BACD31E4BAD66D0FBB38BB2CBBAD
:10D6F400CEF349BB390A67BB83F881BB564D90BB57
:10D70400CC7C9EBB1980ACBB6E50BABB01E7C7BBD7
:10D714000D3DD5BBD54BE2BBA70CEFBBE178FBBB02
:10D72400F9C403BCB09C09BC61400FBCE9AC14BC97
:10D7340031DF19BC35D41EBC008923BCB2FA27BC26
:10D7440081262CBCB80930BCB9A133BC02EC36BC70
:10D7540028E639BCDF8D3CBCF7E03EBC5EDD40BC56
:10D76400258142BC79CA43BCAEB744BC394745BCE9
:10D77400B47745BCDF4745BCA0B644BC06C343BC34
:10D78400456C42BCC0B140BCFE923EBCB50F3CBC33
:10D79400C52739BC3ADB35BC4E2A32BC66152EBCD3
:10D7A400169D29BC1FC224BC72851FBC2CE819BC61
:10D7B40099EB13BC36910DBCABDA06BCA293FFBB4C
:10D7C4005BC1F0BBE942E1BB121DD1BBF354C0BB4A
:10D7D40003F0AEBB14F49CBB4D678ABB54A06EBB74
:10D7E400FB6A47BBD53C1FBB9449ECBABF6498BAEB
:10D7F400CBD605BABE082039727C583A6DA8C53A12
:10D804008D0D103B57B83D3B51C16B3B640A8D3BBA
:10D81400504FA43B2BA5BB3B8601D33BCA59EA3BE3
:10D824009BD1003C73690C3CEFEE173C7F5C233CBE
:10D834008DAC2E3C76D9393C92DD443C36B34F3C1A
:10D84400B3545A3C5CBC643C86E46E3C8BC7783C65
:10D85400E72F813CDCD3853CE24C8A3C3E988E3CED
:10D864003BB3923C309B963C804D9A3C9AC79D3C7E
:10D87400FA06A13C2D09A43CCFCBA63C8F4CA93C75
:10D884002E89AB3C817FAD3C752DAF3C0A91B03CF9
:10D894005CA8B13C9D71B23C1AEBB23C3E13B33C64
:10D8A4008DE8B23CAB69B23C5C95B13C826AB03C59
:10D8B4001FE8AE3C5B0DAD3C7ED9AA3CF54BA83CC1
:10D8C4005264A53C4B22A23CC1859E3CB88E9A3C36
:10D8D4005F3D963C0C92913C418D8C3CA82F873C3B
:10D8E400187A813C25DB763C89166A3C10A95C3C9D
:10D8F400C8954E3C19E03F3CC68B303CED9C203C27
:10D904000A18103CE403FE3BB1BFDA3B9C6EB63B05
:10D914007B1C913BBEAB553B2350073B8D085D3AC6
:10D924009C06D3B9D5F3DABAE3E841BB0EC68BBB88
:10D934004820B7BBF1F0E2BB969207BCBBD41DBC38
:10D94400D23434BC74A84ABCE82461BC2A9F77BC96
:10D95400F30587BCC12F92BC0A479DBCB945A8BC3E
:10D964009625B3BC48E0BDBC556FC8BC26CCD2BC20
:10D9740006F0DCBC24D4E6BC9671F0BC58C1F9BCFA
:10D98400265E01BDA1AD05BD7ACB09BD03B40DBDB5
:10D99400886311BD4BD614BD880818BD75F61ABD31
:10D9A400419C1DBD18F61FBD230022BD87B623BDB3
:10D9B400671525BDE81826BD2ABD26BD53FE26BD24
:10D9C40088D826BDF14726BDBB4825BD17D723BD42
:10D9D4003CEF21BD668D1FBDDAAD1CBDE54C19BD04
:10D9E400DE6615BD25F810BD26FD0BBD587206BDBB
:10D9F400405400BDE33EF3BC19A1E4BC84C8D4BCCC
:10DA0400A6AEC3BC254DB1BCC99D9DBC819A88BC42
:10DA1400C67A64BC590135BC8EBD02BC1D499BBB92
:10DA2400F25EADBA89DA143B6519C63BB0DF233C1C
:10DA340093B8673CF64F973CF34EBC3C1DDDE23C8B
:10DA44000F7F053DB15A1A3D1203303DB079463D72
:10DA5400EDBF5D3D0CD7753D1B60873D383E943D61
:10DA64005286A13DD038AF3D0756BD3D3EDECB3D8D
:10DA7400ACD1DA3D7730EA3DB9FAF93D7730EA3D89
:10DA8400ACD1DA3D3EDECB3D0756BD3DD038AF3D8F
:10DA94005286A13D383E943D1B60873D0CD7753DB1
:10DAA400EDBF5D3DB079463D1203303DB15A1A3D9C
:10DAB4000F7F053D1DDDE23CF34EBC3CF64F973C29
:10DAC40093B8673CB0DF233C6519C63B89DA143B45
:10DAD400F25EADBA1D499BBB8EBD02BC590135BC7B
:10DAE400C67A64BC819A88BCC99D9DBC254DB1BCD5
:10DAF400A6AEC3BC84C8D4BC19A1E4BCE33EF3BC49
:10DB0400405400BD587206BD26FD0BBD25F810BD5E
:10DB1400DE6615BDE54C19BDDAAD1CBD668D1FBDB5
:10DB24003CEF21BD17D723BDBB4825BDF14726BD1A
:10DB340088D826BD53FE26BD2ABD26BDE81826BDBD
:10DB4400671525BD87B623BD230022BD18F61FBD6A
:10DB5400419C1DBD75F61ABD880818BD4BD614BD71
:10DB6400886311BD03B40DBD7ACB09BDA1AD05BD5C
:10DB7400265E01BD58C1F9BC9671F0BC24D4E6BC44
:10DB840006F0DCBC26CCD2BC556FC8BC48E0BDBC9A
:10DB94009625B3BCB945A8BC0A479DBCC12F92BC0D
:10DBA400F30587BC2A9F77BCE82461BC74A84ABCEF
:10DBB400D23434BCBBD41DBC969207BCF1F0E2BB9A
:10DBC4004820B7BB0EC68BBBE3E841BBD5F3DABA3A
:10DBD4009C06D3B98D085D3A2350073BBEAB553B39
:10DBE4007B1C913B9C6EB63BB1BFDA3BE403FE3B2E
:10DBF4000A18103CED9C203CC68B303C19E03F3C9D
:10DC0400C8954E3C10A95C3C89166A3C25DB763CE1
:10DC1400187A813CA82F873C418D8C3C0C92913C16
:10DC24005F3D963CB88E9A3CC1859E3C4B22A23CFB
:10DC34005264A53CF54BA83C7ED9AA3C5B0DAD3C97
:10DC44001FE8AE3C826AB03C5C95B13CAB69B23C27
:10DC54008DE8B23C3E13B33C1AEBB23C9D71B23C2E
:10DC64005CA8B13C0A91B03C752DAF3C817FAD3CC2
:10DC74002E89AB3C8F4CA93CCFCBA63C2D09A43CB0
:10DC8400FA06A13C9AC79D3C804D9A3C309B963C39
:10DC94003BB3923C3E988E3CE24C8A3CDCD3853CC0
:10DCA400E72F813C8BC7783C86E46E3C5CBC643CCB
:10DCB400B3545A3C36B34F3C92DD443C76D9393C9C
:10DCC4008DAC2E3C7F5C233CEFEE173C73690C3C1F
:10DCD4009BD1003CCA59EA3B8601D33B2BA5BB3BF5
:10DCE400504FA43B640A8D3B51C16B3B57B83D3B3D
:10DCF4008D0D103B6DA8C53A727C583ABE08203988
:10DD0400CBD605BABF6498BA9449ECBAD53C1FBBCC
:10DD1400FB6A47BB54A06EBB4D678ABB14F49CBB23
:10DD240003F0AEBBF354C0BB121DD1BBE942E1BB4F
:10DD34005BC1F0BBA293FFBBABDA06BC36910DBC52
:10DD440099EB13BC2CE819BC72851FBC1FC224BC00
:10DD5400169D29BC66152EBC4E2A32BC3ADB35BC56
:10DD6400C52739BCB50F3CBCFE923EBCC0B140BC1B
:10DD7400456C42BC06C343BCA0B644BCDF4745BCAB
:10DD8400B47745BC394745BCAEB744BC79CA43BC3B
:10DD9400258142BC5EDD40BCF7E03EBCDF8D3CBC6F
:10DDA40028E639BC02EC36BCB9A133BCB80930BC96
:10DDB40081262CBCB2FA27BC008923BC35D41EBCF6
:10DDC40031DF19BCE9AC14BC61400FBCB09C09BC88
:10DDD400F9C403BCE178FBBBA70CEFBBD54BE2BB9A
:10DDE4000D3DD5BB01E7C7BB6E50BABB1980ACBBB8
:10DDF400CC7C9EBB564D90BB83F881BB390A67BB74
:10DE0400CEF349BB38BB2CBBD66D0FBBCD31E4BAC6
:10DE14001093A9BAC4325EBA4F79D3B98B9D203816
:10DE240076DEF939ECC26E3AACAAAF3A003CE73A76
:10DE340061FF0E3B6FEE293B7060443BFF4A5E3B43
:10DE44000EA4773BF630883BA33D943B95F39F3B70
:10DE5400864EAB3B634AB63B4EE3C03B9F15CB3B80
:10DE6400E4DDD43BE438DE3B9E23E73B4B9BEF3BB6
:10DE74005B9DF73B7D27FF3BCB1B033CE565063CE5
:10DE84003C71093C1B3D0C3CECC80E3C3814113C65
:10DE9400A31E133CF0E7143CFF6F163CCDB6173CB1
:10DEA40071BC183C2381193C32051A3C0D491A3CBB
:10DEB4003A4D1A3C5B121A3C2E99193C87E2183CE5
:10DEC40054EF173C9CC0163C7C57153C29B5133CB9
:10DED400EDDA113C27CA0F3C4A840D3CDF0A0B3CA7
:10DEE4007E5F083CD483053C9B79023C4385FE3B22
:10DEF40082C1F73BC7ABF03BFE47E93B2C9AE13BC1
:10DF04006BA6D93BE970D13BE8FDC83BB851C03B97
:10DF1400B970B73B555FAE3B0222A53B3BBD9B3B73
:10DF24008335923B628F883BBE9E7D3B05F4693B03
:10DF3400A627563BA442423BF74D2E3B89521A3B3F
:10DF44002D59063B43D5E43A131FBD3AD4A0953A64
:10DF54009AD65C3AF31D0F3A177084390FB71BB881
:10DF6400213BA9B927501EBAD8B566BA11D996BAB9
:10DF7400B494B9BA7F80DBBA998FFCBAD35A0EBB7A
:10DF84006AF31DBBEB0B2DBBF69E3BBB72A749BBD3
:10DF9400912057BBD00564BBF65270BB17047CBB01
:10DFA400CC8A83BB14C288BB66A68DBB6A3692BB7F
:10DFB400F17096BBF4549ABB95E19DBB1F16A1BBAF
:10DFC40004F2A3BBE074A6BB749EA8BBAC6EAABB50
:10DFD40099E5ABBB7403ADBB9EC8ADBB9A35AEBB74
:10DFE400154BAEBBDD09AEBBE672ADBB4787ACBB20
:10DFF4003948ABBB16B7A9BB5BD5A7BBA3A4A5BBCC
:10E00400A826A3BB415DA0BB624A9DBB1CF099BB83
:10E01400985096BB196E92BBFA4A8EBBADE989BB88
:10E02400B84C85BBB77680BBAFD476BBAF546CBB62
:10E034000D7361BB843556BBE8A14ABB28BE3EBB09
:10E04400459032BB531E26BB746E19BBD7860CBBDE
:10E054006CDBFEBA9D52E4BAC97FC9BA796FAEBA15
:10E06400302E93BAD5906FBA2E9538BA1E8201BA63
:10E0740053E094B9B4BC9BB8663E0D39699BB3397F
:10E0840063EB0F3AB091453A12AA7A3A3A8F973A2B
:10E094009F6CB13AB0E2CA3A2CE7E33A1970FC3A01
:10E0A400E8390A3B7EF4153B4B63213BFC812C3B56
:10E0B4006A4C373B9BBE413BC9D44B3B5E8B553BC3
:10E0C400F5DE5E3B5ECC673B9F50703BF068783B6F
:10E0D4006209803BDFA5833BE008873B6E318A3BC6
:10E0E400B11E8D3BEBCF8F3B7C44923BDE7B943B5C
:10E0F400AA75963B9131983B65AF993B0FEF9A3BDC
:10E1040095F09B3B1BB49C3BDC399D3B2F829D3B94
:10E11400868D9D3B6B5C9D3B84EF9C3B8C479C3B7D
:10E1240059659B3BD8499A3B0CF6983B0F6B973B40
:10E1340010AA953B54B4933B328B913B18308F3BE0
:10E1440081A48C3BFFE9893B3302873BCBEE833BC5
:10E1540089B1803B72987A3B6F81733BD4216C3BCD
:10E16400897D643B85985C3BD676543B981C4C3B3C
:10E17400F88D433B2ECF3A3B7DE4313B33D2283BF1
:10E18400A29C1F3B2248163B0FD90C3BC653033BB2
:10E194004079F33AEE2FE03A3CD4CC3AC56EB93A22
:10E1A4001208A63A99A8923A6BB17E3A5341583A6A
:10E1B4003011323A04310C3A0961CD39303E833999
:10E1C4006D5EE838F754DFB7DF9729B973509AB911
:10E1D400E267DEB9147C10BA0DF430BAC48F50BAB9
:10E1E4009D436FBA408286BAEEE394BAD4C1A2BA10
:10E1F4003517B0BA9BDFBCBAD916C9BA0CB9D4BAB0
:10E204009FC2DFBA4430EABAFEFEF3BA1D2CFDBA4F
:10E214009EDA02BB23CC06BBBB690ABBA9B20DBB09
:10E2240058A610BB594413BB678C15BB5E7E17BB45
:10E23400451A19BB47601ABBB4501BBB03EC1BBB8C
:10E24400CB321CBBCB251CBBE4C51BBB17141BBBAF
:10E2540089111ABB7FBF18BB5D1F17BBA83215BB42
:10E26400FFFA12BB237A10BBEBB10DBB4EA40ABB61
:10E274005A5307BB36C103BB3EE0FFBAD4C4F7BA56
:10E28400FE34EFBAB735E6BA1BCCDCBA68FDD2BAB5
:10E29400FECEC8BA5546BEBA0469B3BAB53CA8BAEC
:10E2A40027C79CBA2C0E91BAA41785BAF4D271BAB6
:10E2B400491359BA3DFC3FBAD19926BA05F80CBAAC
:10E2C400B245E6B9864CB2B9B2387CB9AF9913B944
:10E2D400F1AB2BB873937638DAE7253949D8863908
:10E2E4002569BA397F90ED39601C103A6026293AC5
:10E2F400E8DB413ADF325A3A7321723A0CCF843A5E
:10E30400C54F903A6E8E9B3AB586A63A7434B13AAC
:10E31400B193BB3A9FA0C53A9E57CF3A41B5D83A7C
:10E3240047B6E13AA257EA3A7896F23A1F70FA3AB7
:10E3340012F1003B2375043B3CC3073B72DA0A3BF2
:10E34400F4B90D3B0C61103B1FCF123BAD03153BE1
:10E354004FFE163BBBBE183BBF441A3B46901B3BCB
:10E3640052A11C3B03781D3B8D141E3B42771E3B80
:10E374008AA01E3BE5901E3BED481E3B51C91D3B48
:10E38400D8121D3B5F261C3BD9041B3B4BAF193BEA
:10E39400D226183B9C6C163BEB81143B1268123B53
:10E3A4007720103B8EAC0D3BDC0D0B3BF545083B59
:10E3B4007A56053B1941023B1D0FFE3A3C57F73A8A
:10E3C400335EF03AB327E93A81B7E13A6F11DA3AAA
:10E3D4006039D23A3E33CA3AFE02C23A9FACB93AE5
:10E3E4002334B13A919DA83AF1EC9F3A4E26973ADC
:10E3F400AE4D8E3A1767853A11ED783AF4FF663AD6
:10E40400BA0E553A2E21433A063F313ADB6F1F3A92
:10E414002ABB0D3A9D50F839027DD539A609B33986
:10E424005904913928F55E39E7F21C39C736B838F2
:10E434002C3AE4377BC606B8A7F0BCB8C8B619B9FD
:10E44400D75753B9A8A385B9FEB8A0B9D1E2BAB9D0
:10E454008718D4B90C52ECB9E8C301BA68D90CBA1C
:10E46400486617BA906721BA8FDA2ABADBBC33BA86
:10E474004F0C3CBA10C743BA89EB4ABA6C7851BA0C
:10E48400B26C57BA9BC75CBAAD8861BAB3AF65BA10
:10E49400BD3C69BA20306CBA748A6EBA914C70BAB9
:10E4A400927771BAD30C72BAEA0D72BAAE7C71BAB1
:10E4B4002F5B70BABAAB6EBACF706CBA2AAD69BAB8
:10E4C400B86366BA989762BA1E4C5EBAC78459BAE2
:10E4D400414554BA61914EBA276D48BAB6DC41BA87
:10E4E40058E43ABA748833BA94CD2BBA5AB823BADA
:10E4F400884D1BBAF19112BA828A09BA393C00BA22
:10E504004758EDB9BDBED9B922B6C5B9D848B1B9D5
:10E514004B819CB9F26987B98D1A64B980EB38B91B
:10E524009E5B0DB971FFC2B8F3B155B8386713B724
:10E534002D380C38C0999E3859E4F6385C6A27396E
:10E544002A225339AC867E39ABC294390206AA39E1
:10E554008104BF3986B5D339B010E839DC0DFC39F4
:10E5640096D2073A8367113A0EC21A3AB4DE233AB6
:10E5740019BA2C3A0A51353A7BA03D3A8AA5453A54
:10E58400815D4D3AD2C5543A1DDC5B3A2C9E623A09
:10E59400F909693AA81D6F3A8AD7743A21367A3A4A
:10E5A40017387F3A24EE813ADF10843AD603863A4C
:10E5B400BAC6873A5459893A81BB8A3A35ED8B3ABF
:10E5C4007AEE8C3A6FBF8D3A49608E3A50D18E3ACA
:10E5D400E2128F3A71258F3A82098F3AABBF8E3A95
:10E5E40099488E3A07A58D3AC3D58C3AABDB8B3A62
:10E5F400AFB78A3ACD6A893A13F6873A9B5A863A74
:10E604008F99843A25B4823A9FAB803A95027D3A39
:10E61400006D783A4399733A348A6E3ABB42693A48
:10E62400CEC5633A73165E3ABA37583ABE2C523A9C
:10E63400A3F84B3A959E453AC7213F3A6E85383A3E
:10E64400C5CC313A05FB2A3A6A13243A2D191D3AEE
:10E65400840F163AA2F90E3AB2DA073ADBB5003A59
:10E66400701CF339BACDE439A485D639254AC839A2
:10E674001B21BA394410AC39421D9E39934D90394F
:10E6840093A68239F25A6A39A5CE4F390BB235397D
:10E694009C0E1C3973ED0239AAAED43849A9A438AA
:10E6A40097B56B38E6A41038B6F56037FC2BEBB69B
:10E6B4005F54E0B799F83FB82F5D86B86B2DABB8BF
:10E6C4008363CEB8D8F6EFB8D2EF07B9810B17B988
:10E6D400724B25B90DAD32B92A2E3FB90ACD4AB9CC
:10E6E4005E8855B93F5F5FB9345168B9285E70B927
:10E6F400718677B9CBCA7DB9299681B944D683B9D5
:10E70400A6A685B96E0887B9E8FC87B98E8588B94D
:10E7140001A488B9105A88B9B0A987B9FB9486B9FD
:10E72400341E85B9BE4783B9201481B9FE0B7DB967
:10E73400424077B9CECA70B99BB169B9D4FA61B90C
:10E74400D4AC59B920CE50B9656547B973793DB990
:10E754003C1133B9CC3328B94BE81CB9F23511B9A3
:10E764000E2405B9F673F1B837FED7B8B8F5BDB8BD
:10E774005569A3B8EA6788B894005AB8798222B870
:10E78400C7E5D4B7FABB47B7B989DD35D3048037B9
:10E79400306EF237846E32384B8D6B38443C92388D
:10E7A400EE8AAE38BFA5CA381E80E638E2060139C3
:10E7B40062A10E39C4091C396E3A2939F52D36394E
:10E7C40023DF4239F5484F39A0665B398D33673909
:10E7D40061AB7239F8C97D39B54584390476893914
:10E7E40032748E39A43E9339DFD3973986329C39FB
:10E7F4005B59A0394047A43933FBA7395574AB3969
:10E80400E4B1AE393AB3B139D477B4394AFFB63941
:10E814005249B939C155BB398824BD39B4B5BE395B
:10E824006F09C039FD1FC139BFF9C1392E97C239EB
:10E83400DDF8C239791FC339C50BC3399EBEC2394D
:10E84400F438C239CF7BC1394C88C039995FBF399C
:10E85400FA02BE39C373BC395AB3BA3934C3B839AE
:10E86400D6A4B639D359B439CAE3B1396844AF39F7
:10E87400637DAC397C90A9397D7FA639384CA339A6
:10E8840085F89F3944869C3958F79839A84D9539AD
:10E89400208B9139ACB18D393AC38939B8C18539E6
:10E8A40012AF8139681A7B390EBC7239E0466A3975
:10E8B4009FBE613905275939BB83503961D847391F
:10E8C40087283F39AC7736393DC92D39962025390B
:10E8D400FD801C39A3ED1339A3690B3901F8023902
:10E8E4004F37F538CFAEE438F15BD438ED43C43854
:10E8F400C36BB4383CD8A438E48D95380E9186386F
:10E90400A4CB6F3812205338A02637380BE61B38B7
:10E91400966401380850CF373B6B9D37B7485A3758
:10E924001210FA36D38E0C36AE5B4DB6675C06B762
:10E9340030E355B7CEF190B7E92BB5B7E99DD7B71A
:10E94400AF46F8B7FF920BB83B1E1AB8C3C527B839
:10E95400BB8A34B8AB6E40B87C734BB8789B55B85F
:10E9640044E95EB8DF5F67B89C026FB81FD575B81D
:10E974005CDB7BB8C78C80B81CCA82B811A884B889
:10E98400262986B8FB4F87B84B1F88B8E89988B802
:10E99400BEC288B8CB9C88B8242B88B8EC7087B8E2
:10E9A400557186B8A12F85B81AAF83B815F381B80D
:10E9B400DAFD7FB806AC7BB877F776B8F8E671B8BD
:10E9C40055816CB855CD66B8B8D160B833955AB88E
:10E9D4006D1E54B8FE734DB8669C46B8129E3FB87F
:10E9E400537F38B85D4631B847F929B8069E22B836
:10E9F4006A3A1BB81FD413B8A8700CB85F1505B8D1
:10EA0400E18EFBB7BE17EDB7F8CEDEB7D5BDD0B7F4
:10EA140036EDC2B79B65B5B71A2FA8B763519BB73C
:10EA2400BED38EB707BD82B75D276EB776BB57B727
:10EA34008D4142B7FEC32DB74D4C1AB729E307B732
:10EA4400D420EDB62CB6CCB6C492AEB667C192B69D
:10EA5400949672B6257044B6B91B1BB61245EDB533
:10EA6400C215AEB5BF6071B57A2C1AB52D0DADB413
:10EA74002D7219B4321C19B3009E05290000000040
:10EA84003A1C99B625C819B7378867B772D39AB7AD
:10EA9400A0FDC1B7752DE9B7882608B8F4A21BB844
:10EAA4006C002FB8103342B8BE2E55B813E767B8C0
:10EAB400704F7AB8832D86B86AFE8EB8DC9397B807
:10EAC40033E79FB8C2F1A7B8CFACAFB89D11B7B8C0
:10EAD4006D19BEB881BDC4B823F7CAB8A9BFD0B8F0
:10EAE4007510D6B8FEE2DAB8D130DFB898F3E2B8E0
:10EAF4001C25E6B84BBFE8B83ABCEAB82D16ECB80A
:10EB04009AC7ECB82BCBECB8C41BECB88BB4EAB8FE
:10EB1400E690E8B882ACE5B85803E2B8B291DDB843
:10EB24002B54D8B8B647D2B8A169CBB89AB7C3B8F2
:10EB3400AF2FBBB857D0B1B86F98A7B841879CB86E
:10EB4400879C90B86DD883B823776CB8168E4FB86D
:10EB5400D3F830B86DBB10B8E7B5DDB7E0BA96B7F7
:10EB6400AD2719B74721AF33DEF72137743EA437F9
:10EB74008A60FA3701A5293855705738124283380C
:10EB8400A9689B38E323B438366BCD389C35E73815
:10EB9400CABC003995160E39F9A21B39875C29398C
:10EBA400993D373956404539AE5E533962926139E1
:10EBB40003D56F39F41F7E3938368639C5598D39F6
:10EBC40017779439948A9B399390A2395A85A93935
:10EBD4002765B0392A2CB7398DD6BD397160C4394F
:10EBE400F2C5CA392A03D1392F14D7391BF5DC39B8
:10EBF40009A2E2391817E8396F50ED393E4AF23963
:10EC0400BE00F7393770FB390295FF39C2B5013AB6
:10EC14001F78033ADE0F053A577B063AEAB8073AFB
:10EC240008C7083A31A4093AF54E0A3AF4C50A3A33
:10EC3400E3070B3A88130B3ABEE70A3A77830A3A9A
:10EC4400B9E5093AA20D093A6AFA073A5EAB063AFF
:10EC5400E81F053A8C57033AE851013A701DFE3912
:10EC6400A41BF939569EF339ADA5ED390A32E739BB
:10EC74000C44E03991DCD839B8FCD039DDA5C83969
:10EC84009DD9BF39D699B639A8E8AC3973C8A23929
:10EC9400D93B9839BB458D393CE9813981536C396D
:10ECA400D61554393C213B39F67D2139BF34073917
:10ECB4009A9DD8389AABA1387A4F5338919CC23771
:10ECC400210394B6E9EE07B807CE7EB87B76BBB8CD
:10ECD400BA0CF8B8F6871AB9C93239B946F957B92E
:10ECE40094CD76B9C9D08AB970339AB97387A9B962
:10ECF4006CC5B8B9DCE5C7B934E1D6B9D2AFE5B96A
:10ED04000A4AF4B9125401BA336108BA88480FBAEE
:10ED1400340616BA5A961CBA25F522BAC41E29BA64
:10ED2400700F2FBA6CC334BA09373ABAA4663FBA23
:10ED3400AC4E44BAA2EB48BA1C3A4DBAC73651BAE3
:10ED440067DE54BADC2D58BA20225BBA4DB85DBADE
:10ED54009DED5FBA6DBF61BA3B2B63BAAC2E64BA4A
:10ED64008DC764BAD4F364BAA0B164BA3DFF63BA80
:10ED740025DB62BA024461BAAC385FBA2FB85CBA18
:10ED8400C9C159BAEE5456BA457152BAAC164EBA04
:10ED9400394549BA39FD43BA343F3EBAE80B38BA6B
:10EDA400506431BAA0492ABA46BD22BAECC01ABA94
:10EDB400785612BA088009BAF83F00BABB31EDB9E7
:10EDC4000E1BD9B9FF41C4B914ADAEB9436398B9A8
:10EDD400F56B81B9FC9D53B9402923B91716E3B8E3
:10EDE40003567BB8D1B831B7843C26383C2CBE38A6
:10EDF40049641539D4634C3925FF81394B0E9E394A
:10EE04008853BA39C2C2D6399B4FF339BDF6073A93
:10EE1400C747163A6994243A0CD6323A0206413A64
:10EE24008F1D4F3AE8155D3A35E86A3A9A8D783A7B
:10EE340099FF823A0D9B893AB615903A266C963A18
:10EE4400F29A9C3AB39EA23A0C74A83AA817AE3A26
:10EE54003B86B33A89BCB83A61B7BD3AA473C23AA7
:10EE640043EEC63A4224CB3ABB12CF3ADEB6D23A8C
:10EE7400F30DD63A5D15D93A98CADB3A3E2BDE3A01
:10EE84000735E03ACDE5E13A883BE33A5534E43AD4
:10EE940074CEE43A4B08E53A66E0E43A7A55E43A4B
:10EEA4006366E33A2912E23AFF57E03A4237DE3A20
:10EEB4007FAFDB3A6EC0D83AF769D53A31ACD13A74
:10EEC4006287CD3A02FCC83AB90AC43A5EB4BE3A83
:10EED400FCF9B83ACFDCB23A445EAC3AFA7FA53AD0
:10EEE400C0439E3A99AB963AB7B98E3A7E70863A49
:10EEF40000A57B3A03C5693AE846573AF030443AEC
:10EF0400B789303A2F581C3AA5A3073A72E7E43977
:10EF1400B7A0B9399E838D3982424139462DCC3808
:10EF24008B811A372CC7A7B8E26532B9A9DB88B937
:10EF3400C7D7B8B9B512E9B9BDBB0CBA66F824BADB
:10EF440083343DBA236555BA347F6DBAC5BB82BAE2
:10EF540073A18EBAFA6A9ABAAD12A6BAD992B1BAA4
:10EF6400CFE5BCBADC05C8BA58EDD2BA9E96DDBA74
:10EF740014FCE7BA2F18F2BA71E5FBBA37AF02BB3B
:10EF8400EA3E07BB309F0BBB79CD0FBB41C713BB18
:10EF9400148A17BB91131BBB67611EBB5B7121BB3A
:10EFA400454124BB16CF26BBD41829BB9F1C2BBBC1
:10EFB400B0D82CBB5C4B2EBB15732FBB674E30BB3C
:10EFC400FFDB30BBA81A31BB4D0931BBFCA630BBFB
:10EFD400E2F22FBB4FEC2EBBB9922DBBB7E52BBB96
:10EFE40005E529BB869027BB42E824BB65EC21BB21
:10EFF400459D1EBB5CFB1ABB4B0717BBDEC112BB96
:10F00400032C0EBBD24609BB8C1304BB2C27FDBAC0
:10F01400FB90F1BAEE67E5BABAAFD8BA606CCBBA76
:10F024002DA2BDBAB755AFBADF8BA0BACA4991BAFF
:10F03400E79481BACBE562BA75D341BA33FF1FBAFC
:10F04400D4EBFAB9F389B4B9CBE859B9AF1E91B886
:10F05400947B953862C25F395E20BB39727E033A75
:10F0640048AB293A5006503AE07E763A09828E3A05
:10F0740064C2A13AD8F7B43AAB19C83A0F1FDB3AC5
:10F084002BFFED3A8F58003BFE95093B70B3123BC2
:10F0940071AC1B3B937C243B6A1F2D3B9590353B05
:10F0A400BBCB3D3B90CC453BD48E4D3B590E553BA1
:10F0B40002475C3BC634633BB3D3693BEE1F703BF2
:10F0C400B815763B6BB17B3BC277803B4EE6823B07
:10F0D400B722853B6F2B873BF8FE883BE99B8A3B35
:10F0E400ED008C3BC62C8D3B4A1E8E3B67D48E3B79
:10F0F400224E8F3B9C8A8F3B09898F3BBD488F3BB7
:10F1040021C98E3BBC098E3B310A8D3B3BCA8B3BEC
:10F11400B5498A3B9688883BF186863BF544843B17
:10F12400F2C2813BA7027E3B4401783B0B83713BD7
:10F1340086896A3B7B16633BED2B5B3B18CC523BC9
:10F1440074F9493BB4B6403BC406373BC9EC2C3B8D
:10F15400216C223B6188173B54450C3BFBA6003BCA
:10F164001663E93AD6D2D03A65A6B73A56E79D3A3D
:10F17400929F833AC0B2513AAE3E1B3A8AF1C739E4
:10F18400C0DD2F3922E54AB8F6C18BB90B11FFB99E
:10F19400778C39BAEAD373BACB2297BAEF63B4BA8D
:10F1A4006AA0D1BA27CBEEBA7AEB05BB455B14BB98
:10F1B4004AAE22BBD7DD30BB3BE33EBBC4B74CBB3E
:10F1C400C4545ABB97B367BB9FCD74BB27CE80BBD7
:10F1D400920C87BBDC1E8DBBDB0193BB70B298BB6A
:10F1E4008C2D9EBB3270A3BB7177A8BB7040ADBBA6
:10F1F40068C8B1BBA70CB6BB940ABABBAEBFBDBB53
:10F204008F29C1BBE945C4BB9012C7BB708DC9BB74
:10F2140099B4CBBB3986CDBBA100CFBB4222D0BBB6
:10F22400B3E9D0BBB055D1BB1965D1BBF516D1BB81
:10F23400736AD0BBE95ECFBBD6F3CDBBE428CCBBAD
:10F24400E5FDC9BBD672C7BBDF87C4BB543DC1BB98
:10F25400B593BDBBAB8BB9BB0D26B5BBDF63B0BBF0
:10F264004E46ABBBB6CEA5BB9DFE9FBBB4D799BBE8
:10F27400D95B93BB138D8CBB946D85BB6DFF7BBB3E
:10F28400028C6CBB3E865CBBCCF34BBBA0DA3ABBB6
:10F29400FC4029BB6C2D17BBC1A604BB2568E3BA8F
:10F2A40070B9BCBA965095BA837A5ABA231F09BA70
:10F2B4008CC05AB99D84E538B0C0E139CCBB453A1D
:10F2C400768F8D3A8F72B83A9D74E33A6A41073B60
:10F2D40017C51C3BBE3B323BB49B473B41DB5C3B0D
:10F2E400A1F0713B0669833BDCBA8D3BEEE8973BAA
:10F2F4005EEEA13B50C6AB3BF46BB53B81DABE3B43
:10F304003D0DC83B7BFFD03BA1ACD93B2610E23B73
:10F314009825EA3B9DE8F13BF354F93B3B33003C31
:10F32400908C033C85B4063C37A9093CD7680C3C57
:10F33400A9F10E3C0242113C5058133C1433153CC5
:10F34400E8D0163C7C30183C9A50193C23301A3CC7
:10F3540015CE1A3C85291B3CA6411B3CC7151B3CFA
:10F3640052A51A3CD0EF193CE5F4183C55B4173CAF
:10F37400032E163CED61143C3550123C19F90F3C38
:10F38400F85C0D3C4F7C0A3CBB57073CFBEF033C4D
:10F39400EB45003C11B5F83BDD5DF03BB288E73B43
:10F3A4004438DE3B856FD43BA531CA3B0E82BF3B5C
:10F3B4006664B43B8CDCA83B98EE9C3BDA9E903BA5
:10F3C400D7F1833B93D86D3B3D26533BE7D6373B80
:10F3D4002EF51B3B0D18FF3A7B4DC53AE7A18A3A3F
:10F3E400585A1E3ACE3D1839D6D5A6B9CFE14DBAF2
:10F3F400AC90A4BA657AE2BAAC4910BB37602FBBB3
:10F4040024734EBBA5746DBB682B86BBD48595BB9A
:10F4140090C2A4BB94DAB3BBD4C6C2BB4880D1BBF0
:10F42400EEFFDFBBCB3EEEBBF135FCBB40EF04BCD3
:10F43400D4980BBC5A1412BC825E18BC09741EBC4E
:10F44400BC5124BC7AF429BC34592FBCED7C34BCA7
:10F45400C25C39BCE2F53DBC974542BC464946BC5A
:10F464006DFE49BCA7624DBCB07350BC5F2F53BC4A
:10F47400AE9355BCB99E57BCBD4E59BC1EA25ABCD6
:10F4840061975BBC362D5CBC70625CBC0C365CBCAA
:10F494002EA75BBC25B55ABC6B5F59BCA2A557BC53
:10F4A4009A8755BC4D0553BCE31E50BCAFD44CBC2D
:10F4B400332749BC1C1745BC46A540BCB9D23BBC4C
:10F4C400AAA036BC7E1031BCC3232BBC37DC24BCC1
:10F4D400C33B1EBC7C4417BCA3F80FBCA35A08BC96
:10F4E400116D00BC5C65F0BBC15CDFBB72C6CDBBFB
:10F4F400DBA8BBBBB50AA9BB01F395BB0A6982BBF8
:10F50400B4E85CBB843934BB9ED40ABB2895C1BA29
:10F51400B0B158BA57B930B96C18023AE6EC983A17
:10F52400D265F13AA628253B88C4513B31737E3B12
:10F534008490953B22DDAB3B7B15C23B872FD83BA8
:10F544003221EE3B32F0013C7FB10C3C724F173C50
:10F5540001C5213C270D2C3CE522363C4801403CAA
:10F5640067A3493C6A04533C871F5C3C08F0643C35
:10F574004C716D3CCA9E753C11747D3C6776823C2F
:10F584006502863CF75B893C24818C3C03708F3C8C
:10F59400C026923C9AA3943CE5E4963C0CE9983C42
:10F5A40091AE9A3C0C349C3C2F789D3CC6799E3C91
:10F5B400B6379F3C00B19F3CBFE49F3C2CD29F3C9C
:10F5C4009D789F3C84D79E3C73EE9D3C1ABD9C3C29
:10F5D40046439B3CE580993C0676973CD622953C75
:10F5E400A287923CDAA48F3C0B7B8C3CE60A893CD4
:10F5F4003A55853CF95A813C673A7A3C363A713C33
:10F6040004B8673CB5B65D3C6B39533C8843483C11
:10F61400ABD83C3CB1FC303CB1B3243CFE01183CBB
:10F6240022EC0A3CC4EDFA3B6D4EDF3B9C04C33B29
:10F63400141BA63BF99C883B9E2B553BE622183BAA
:10F644006370B43A6824DC398A790FBACEACC7BA8D
:10F65400C24824BB3B1A65BB931793BBB6B5B3BB77
:10F664005159D4BB01F4F4BBA3BB0ABC3EEA1ABC97
:10F6740078FE2ABCEDF03ABC35BA4ABCE3525ABC17
:10F6840090B369BCD4D478BCAAD783BCDE1D8BBC30
:10F69400633992BCA12699BC07E29FBC1368A6BC3F
:10F6A4004FB5ACBC54C6B2BCCD97B8BC7826BEBC72
:10F6B400246FC3BCBA6EC8BC3722CDBCB286D1BCE1
:10F6C4005C99D5BC8357D9BC91BEDCBC0FCCDFBCE4
:10F6D400A57DE2BC1FD1E4BC6AC4E6BC9755E8BC76
:10F6E400DC82E9BC974AEABC4CABEABCA8A3EABCFE
:10F6F4008232EABCDA56E9BCDF0FE8BCE85CE6BC5F
:10F704007C3DE4BC4EB1E1BC42B8DEBC6752DBBC1C
:10F71400FF7FD7BC7B41D3BC7A97CEBCCF82C9BC18
:10F724007C04C4BCB31DBEBCD9CFB7BC821CB1BC65
:10F734007405AABCA48CA2BC3AB49ABC8B7E92BCBD
:10F744001DEE89BCA50581BC0C906FBCA2705CBC8D
:10F7540088B348BC915F34BCE87B1FBC0B100ABC67
:10F764009747E8BB937EBBBBE7D58DBB06BE3EBBCC
:10F77400A8AFC0BA2C4F1EB7D190C03A3835423B1F
:10F784000B80923B0C40C43BC345F63BF83D143C14
:10F794007D662D3C7C91463CDBB35F3C5EC2783C8D
:10F7A400D8D8883C303B953C7682A13CE1A8AD3C5E
:10F7B400A4A8B93CEC7BC53CEA1CD13CCD85DC3C1F
:10F7C400CAB0E73C1D98F23C0B36FD3C72C2033DC7
:10F7D40084BF083D738F0D3D802F123DF89C163D6C
:10F7E40033D51A3D97D51E3D999B223DBC24263D19
:10F7F400976E293DD1762C3D243B2F3D61B9313D97
:10F804006FEF333D48DB353D037B373DCCCC383D92
:10F81400EECE393DCC7F3A3DE5DD3A3DD7E73A3D82
:10F82400609C3A3D59FA393DBF00393DAEAE373D93
:10F834006503363D46FE333DD49E313DBAE42E3D4C
:10F84400C5CF2B3DE75F283D3B95243D0070203D0F
:10F854009DF01B3DA117173DC0E5113DDA5B0C3D42
:10F86400F57A063D4044003D2672F33CDFB5E53CA5
:10F87400FD56D73C2659C83C51C0B83CC790A83C5B
:10F8840022CF973C4C80863C0153693C92A0443C77
:10F89400FDF41E3C1EB9F03B5AC8A13B5465223B03
:10F8A400D6CFEBB79AEB28BBE94CA9BBA951FFBB58
:10F8B400C2312BBC713057BCCCC981BCB92498BCB3
:10F8C400DD9FAEBCE131C5BC33D1DBBC0C74F2BCF2
:10F8D400398804BD1FCE0FBD8C061BBD402C26BD30
:10F8E400E53931BD162A3CBD5AF746BD2A9C51BDA7
:10F8F400F1125CBD0D5666BDD45F70BD8F2A7ABD12
:10F9040042D881BDF87586BD87EB8ABD0C368FBDA4
:10F91400A25293BD663E97BD77F69ABDF6779EBD1B
:10F9240007C0A1BDD3CBA4BD8998A7BD5B23AABD45
:10F934008669ACBD4C68AEBDFA1CB0BDE584B1BDF2
:10F944006E9DB2BD0164B3BD16D6B3BD32F1B3BD75
:10F95400EBB2B3BDE118B3BDC820B2BD64C8B0BD3D
:10F96400870DAFBD1AEEACBD1668AABD8979A7BDD7
:10F974009420A4BD6E5BA0BD64289CBDDB8597BDAF
:10F984004B7292BD48EC8CBD7CF286BDAB8380BDCE
:10F99400653D73BD118564BD7DDC54BD034244BD2A
:10F9A40033B432BDD13120BDDFB90CBD2697F0BCD4
:10F9B400BDCCC5BCDA1399BC8FD854BC1659E7BB6F
:10F9C40056516ABAEE76B43BD2F1463CE3BC9B3C5A
:10F9D40015E7D53C3BFA083DC3F0273D26D5473D06
:10F9E4002DA5683D332F853D137F963DC340A83D2B
:10F9F400B372BA3D3713CD3D8620E03DBE98F33D4A
:10FA0400EFBC033EE6E00D3E2A37183E93BE223E8D
:10FA1400EF752D3EFB5B383E6C6F433EEAAE4E3EC7
:10FA240011195A3E71AC653E9267713EEF487D3EB6
:10FA34007DA7843E0EBC8A3E5AE1903E8B16973ECB
:10FA4400C95A9D3E37ADA33EF30CAA3E1A79B03E87
:10FA5400C4F0B63E0673BD3EF3FEC33E9A93CA3E5F
:10FA64000A30D13E4DD3D73E6E7CDE3E742AE53E4D
:10FA740067DCEB3E4C91F23E2848F93E0000003F23
:10FA8400EC5B033F5AB7063FCD110A3FC66A0D3FF0
:10FA9400C9C1103F5916143FFB67173F33B61A3FCD
:10FAA40086001E3F7D46213F9E87243F73C3273F28
:10FAB40086F92A3F65292E3F9B52313FBA74343F61
:10FAC400538F373FF9A13A3F41AC3D3FC4AD403F6E
:10FAD4001BA6433FE494463FBC79493F45544C3F01
:10FAE40025244F3F01E9513F84A2543F5B50573FC7
:10FAF40036F2593FC6875C3FC4105F3FE88C613FD4
:10FB0400EFFB633F995D663FAAB1683FE8F76A3F40
:10FB14001E306D3F1A5A6F3FAD75713FAE82733F11
:10FB2400F480753F5C70773FC750793F19227B3F63
:10FB340039E47C3F12977E3F4A1D803F59E7803F5E
:10FB4400B1A9813F4F64823F3317833F5DC2833F36
:10FB5400CF65843F8F01853FA295853F1022863F64
:10FB6400E4A6863F2824873FEB99873F3B08883FDC
:10FB7400286F883FC5CE883F2527893F5E78893F17
:10FB840086C2893FB7058A3F09428A3F99778A3FEF
:10FB940081A68A3FE2CE8A3FD8F08A3F860C8B3F0B
:10FBA4000D228B3F8E318B3F2F3B8B3F133F8B3F7F
:10FBB400613D8B3F40368B3FD7298B3F4E188B3F9F
:10FBC400D0018B3F85E68A3F98C68A3F36A28A3F9A
:10FBD40089798A3FBD4C8A3F001C8A3F7FE7893F71
:10FBE40067AF893FE673893F2A35893F61F3883FD0
:10FBF400B8AE883F6067883F841D883F54D1873FF3
:10FC0400FF82873FB032873F98E0863FE18C863F92
:10FC1400BB37863F51E1853FCF89853F6231853FC0
:10FC240034D8843F717E843F4224843FD0C9833FCB
:10FC3400456F833FC814833F7FBA823F9360823FFE
:10FC44002707823F61AE813F6356813F52FF803F69
:10FC54004DA9803F7654803FEC00803F9B5D7F3F01
:10FC64006FBC7E3F8E1E7E3F2C847D3F7EED7C3FAD
:10FC7400B45A7C3FFECB7B3F87417B3F7ABB7A3FC4
:10FC8400FD397A3F37BD793F4845793F51D2783FB6
:10FC94006F64783FBCFB773F5198773F423A773F98
:10FCA400A4E1763F868E763FF640763F00F9753FB5
:10FCB400ACB6753F027A753F0443753FB411753F86
:10FCC40013E6743F1CC0743FCA9F743F1585743F8C
:10FCD400F46F743F5A60743F3A56743F8351743FD3
:10FCE4002252743F0358743F1163743F3373743F5B
:10FCF4005088743F4CA2743F09C1743F6AE4743F56
:10FD04004E0C753F9338753F1769753FB49D753F29
:10FD140046D6753FA712763FAD52763F3196763F71
:10FD240008DD763F0927773F0874773FD9C3773FCB
:10FD34005016783F3F6B783F7AC2783FD21B793FA9
:10FD44001977793F21D4793FBB327A3FB9927A3F10
:10FD5400ECF37A3F27567B3F39B97B3FF71C7C3F56
:10FD640031817C3FBAE57C3F664A7D3F08AF7D3FE9
:10FD740074137E3F80777E3F00DB7E3FCB3D7F3F29
:10FD8400B89F7F3F4F00803F2C30803F5F5F803FB4
:10FD9400D68D803F7FBB803F48E8803F2014813F61
:10FDA400F83E813FBF68813F6791813FE1B8813F61
:10FDB40020DF813F1704823FB827823FFA49823F00
:10FDC400D16A823F338A823F16A8823F72C4823F3F
:10FDD4003FDF823F77F8823F1210833F0B26833F39
:10FDE4005E3A833F064D833F005E833F4A6D833F07
:10FDF400E17A833FC586833FF690833F7499833FBE
:10FE04003FA0833F5BA5833FCAA8833F8FAA833F5C
:10FE1400ADAA833F2AA9833F0BA6833F56A1833F04
:10FE2400129B833F4593833FF789833F307F833F12
:10FE3400FA72833F5E65833F6556833F1B46833F6B
:10FE44008934833FBB21833FBD0D833F9AF8823FB2
:10FE54005FE2823F19CB823FD5B2823FA099823FB5
:10FE6400887F823F9B64823FE648823F772C823FB3
:10FE74005F0F823FAAF1813F67D3813FA6B4813FE0
:10FE84007495813FE275813FFD55813FD435813FB3
:10FE94007715813FF4F4803F59D4803FB6B3803F57
:10FEA4001893803F8D72803F2452803FEB31803F16
:10FEB400EF11803F7BE47F3FC8A57F3FDD677F3F35
:10FEC400D42A7F3FC6EE7E3FCAB37E3FF7797E3F9A
:10FED40063417E3F240A7E3F4FD47D3FF89F7D3FA0
:10FEE400316D7D3F0D3C7D3F9D0C7D3FF2DE7C3FBF
:10FEF4001AB37C3F25897C3F20617C3F173B7C3FC4
:10FF040016177C3F28F57B3F56D57B3FA9B77B3F2F
:10FF1400289C7B3FD9827B3FC36B7B3FE9567B3F69
:10FF240050447B3FF9337B3FE6257B3F171A7B3FE9
:10FF34008C107B3F44097B3F3B047B3F6F017B3F3D
:10FF4400DA007B3F78027B3F42067B3F320C7B3FEB
:10FF54003F147B3F601E7B3F8B2A7B3FB8387B3F3F
:10FF6400D9487B3FE35A7B3FCA6E7B3F80847B3F0B
:10FF7400F79B7B3F20B57B3FEDCF7B3F4DEC7B3F39
:10FF8400300A7C3F85297C3F3B4A7C3F406C7C3F68
:10FF9400828F7C3FEEB37C3F72D97C3FFBFF7C3F7A
:10FFA40074277D3FCB4F7D3FEC787D3FC2A27D3FE0
:10FFB4003ACD7D3F3FF87D3FBE237E3FA14F7E3F3C
:10FFC400D57B7E3F46A87E3FDFD47E3F8D017F3FB9
:10FFD4003B2E7F3FD75A7F3F4D877F3F8AB37F3F7A
:10FFE4007ADF7F3F8605803F161B803F6530803F68
:0CFFF4006A45803F1D5A803F746E803FBC
:02000004600199
:100000006982803FF395803F0BA9803FA9BB803F69
:10001000C6CD803F5DDF803F65F0803FDA00813FE5
:10002000B510813FF11F813F892E813F773C813F91
:10003000B849813F4856813F2162813F416D813FF0
:10004000A577813F4B81813F2E8A813F4E92813F30
:10005000A999813F3EA0813F0BA6813F0FAB813F15
:100060004BAF813FBFB2813F6AB5813F4EB7813F01
:100070006CB8813FC5B8813F5AB8813F2FB7813FE7
:1000800044B5813F9DB2813F3DAF813F27AB813F6A
:100090005FA6813FE7A0813FC59A813FFD93813FE5
:1000A000938C813F8B84813FEC7B813FBA72813F8F
:1000B000FA68813FB25E813FE953813FA348813FA7
:1000C000E83C813FBD30813F2924813F3217813F89
:1000D000DE09813F36FC803F3FEE803F00E0803FFD
:1000E00080D1803FC7C2803FDBB3803FC3A4803F45
:1000F0008695803F2B86803FBA76803F3A67803F67
:10010000B057803F2548803F9F38803F2429803F5B
:10011000BC19803F6D0A803F7CF67F3F69D87F3FE6
:10012000AFBA7F3F599D7F3F74807F3F0B647F3F15
:1001300029487F3FDA2C7F3F27127F3F1CF87E3F04
:10014000C2DE7E3F23C67E3F47AE7E3F37977E3F6F
:10015000FC807E3F9D6B7E3F21577E3F8F437E3FDD
:10016000EF307E3F441F7E3F960E7E3FE8FE7D3F90
:1001700040F07D3FA1E27D3F0FD67D3F8CCA7D3FA1
:100180001CC07D3FBFB67D3F78AE7D3F48A77D3F19
:100190002FA17D3F2C9C7D3F41987D3F6B957D3FFE
:1001A000A9937D3FF9927D3F5A937D3FC8947D3F4F
:1001B0003F977D3FBE9A7D3F3E9F7D3FBCA47D3FE4
:1001C00034AB7D3F9FB27D3FF8BA7D3F39C47D3F60
:1001D0005DCE7D3F5BD97D3F2EE57D3FCEF17D3FFE
:1001E00033FF7D3F560D7E3F2F1C7E3FB52B7E3F5C
:1001F000E03B7E3FA74C7E3F015E7E3FE66F7E3F49
:100200004B827E3F28957E3F73A87E3F23BC7E3F76
:100210002ED07E3F8AE47E3F2EF97E3F0F0E7F3F39
:1002200025237F3F64387F3FC44D7F3F3B637F3F43
:10023000BF787F3F468E7F3FC7A37F3F38B97F3F60
:1002400091CE7F3FC8E37F3FD4F87F3FD606803F03
:100250002411803F4F1B803F5425803F2E2F803F2D
:10026000DA38803F5342803F974B803FA154803F14
:100270006D5D803FFA65803F436E803F4676803FEC
:10028000007E803F6E85803F8D8C803F5C93803FF9
:10029000D899803FFF9F803FCFA5803F46AB803FEE
:1002A00064B0803F26B5803F8CB9803F94BD803FCD
:1002B0003DC1803F88C4803F73C7803FFEC9803FF7
:1002C00029CC803FF4CD803F5FCF803F6AD0803F14
:1002D00017D1803F65D1803F56D1803FEAD0803F23
:1002E00022D0803F01CF803F86CD803FB5CB803F7D
:1002F0008DC9803F13C7803F46C4803F2AC1803FDD
:10030000C0BD803F0BBA803F0DB6803FC8B1803F73
:1003100040AD803F77A8803F70A3803F2E9E803FF6
:10032000B298803F0293803F1F8D803F0D87803FB2
:10033000CE80803F677A803FDA73803F2A6D803FAE
:100340005C66803F725F803F6F58803F5751803FAF
:100350002E4A803FF642803FB33B803F6834803F67
:10036000192D803FC925803F7A1E803F3217803F7C
:10037000F10F803FBC08803F9601803F02F57F3F30
:1003800002E77F3F30D97F3F93CB7F3F30BE7F3F37
:100390000CB17F3F2DA47F3F97977F3F4E8B7F3FD0
:1003A000597F7F3FBB737F3F78687F3F945D7F3F7E
:1003B00013537F3FF9487F3F493F7F3F07367F3FD9
:1003C000342D7F3FD4247F3FEA1C7F3F76157F3F4B
:1003D0007D0E7F3FFF077F3FFD017F3F7AFC7E3F21
:1003E00076F77E3FF2F27E3FEFEE7E3F6DEB7E3F93
:1003F0006CE87E3FECE57E3FEDE37E3F6EE27E3FC4
:100400006FE17E3FEEE07E3FEBE07E3F64E17E3FCA
:1004100057E27E3FC3E37E3FA6E57E3FFEE77E3F99
:10042000C8EA7E3F02EE7E3FA9F17E3FBBF57E3FEC
:1004300033FA7E3F10FF7E3F4F047F3FEA097F3F44
:10044000E00F7F3F2C167F3FCB1C7F3FB9237F3FC0
:10045000F22A7F3F71327F3F333A7F3F34427F3F02
:100460006F4A7F3FE1527F3F835B7F3F54647F3F12
:100470004D6D7F3F6A767F3FA77F7F3F00897F3F3B
:1004800070927F3FF39B7F3F84A57F3F1FAF7F3FED
:10049000BFB87F3F60C27F3FFECB7F3F95D57F3F98
:1004A00020DF7F3F9CE87F3F04F27F3F54FB7F3F8C
:1004B0004402803FCF06803F490B803FAF0F803F13
:1004C0000014803F3A18803F5D1C803F6520803FCC
:1004D0005224803F2328803FD52B803F692F803FC7
:1004E000DB32803F2C36803F5A39803F643C803F6E
:1004F0004A3F803F0A42803FA344803F1647803FE7
:100500006149803F844B803F7E4D803F4F4F803F0D
:10051000F650803F7452803FC853803FF354803F71
:10052000F355803FC956803F7657803FF957803F4B
:100530005358803F8558803F8D58803F6E58803F8C
:100540002758803FBA57803F2657803F6C56803FE0
:100550008E55803F8C54803F6853803F2152803FAE
:10056000B950803F314F803F8A4D803FC54B803F1F
:10057000E449803FE747803FD045803F9F43803F2D
:100580005841803FF93E803F863C803FFF39803FA5
:100590006637803FBB34803F0132803F392F803F38
:1005A000652C803F8529803F9B26803FA823803F84
:1005B000AF20803FB01D803FAD1A803FA717803F1E
:1005C0009F14803F9811803F910E803F8D0B803F9C
:1005D0008E08803F9305803F9F02803F65FF7F3FED
:1005E0009FF97F3FECF37F3F50EE7F3FCCE87F3FAA
:1005F00063E37F3F17DE7F3FEAD87F3FDED37F3F55
:10060000F4CE7F3F2ECA7F3F8FC57F3F17C17F3F0C
:10061000C8BC7F3FA3B87F3FAAB47F3FDEB07F3F17
:1006200040AD7F3FD1A97F3F92A67F3F83A37F3F0D
:10063000A6A07F3FFB9D7F3F829B7F3F3C997F3FF2
:100640002A977F3F4B957F3FA0937F3F28927F3F24
:10065000E4907F3FD48F7F3FF78E7F3F4D8E7F3F6B
:10066000D58D7F3F908D7F3F7C8D7F3F998D7F3FE4
:10067000E68D7F3F628E7F3F0D8F7F3FE58F7F3F0F
:10068000EA907F3F1B927F3F75937F3FF9947F3FB6
:10069000A5967F3F77987F3F6E9A7F3F899C7F3FEB
:1006A000C69E7F3F24A17F3FA2A37F3F3DA67F3F01
:1006B000F4A87F3FC6AB7F3FB1AE7F3FB3B17F3F72
:1006C000CAB47F3FF5B77F3F32BB7F3F80BE7F3FDD
:1006D000DDC17F3F46C57F3FBBC87F3F39CC7F3FF1
:1006E000BECF7F3F4AD37F3FDBD67F3F6EDA7F3F6F
:1006F00002DE7F3F96E17F3F28E57F3FB6E87F3F00
:100700003EEC7F3FC0EF7F3F3AF37F3FAAF67F3F4B
:100710000FFA7F3F67FD7F3F5900803FF701803F21
:100720008C03803F1905803F9D06803F1708803F5E
:100730008609803FEB0A803F440C803F920D803F4A
:10074000D30E803F0810803F3011803F4B12803F16
:100750005813803F5814803F4915803F2D16803F25
:100760000117803FC817803F8018803F2919803FBC
:10077000C319803F4E1A803FCB1A803F381B803F01
:10078000971B803FE71B803F281C803F5B1C803FFE
:10079000801C803F961C803F9E1C803F991C803FA0
:1007A000861C803F651C803F381C803FFE1B803FBD
:1007B000B71B803F641B803F061B803F9C1A803F15
:1007C000271A803FA719803F1D19803F8A18803F54
:1007D000ED17803F4717803F9816803FE215803F16
:1007E0002415803F5F14803F9313803FC112803FE8
:1007F000E911803F0C11803F2B10803F450F803F57
:100800005B0E803F6E0D803F7E0C803F8C0B803FE7
:10081000980A803FA309803FAD08803FB607803F1C
:10082000C006803FCA05803FD404803FE003803F7C
:10083000EE02803FFE01803F1001803F2500803F97
:100840007BFE7F3FB3FC7F3FF3FA7F3F3BF97F3F67
:100850008DF77F3FE8F57F3F4EF47F3FBFF27F3F4C
:100860003BF17F3FC3EF7F3F57EE7F3FF9EC7F3F88
:10087000A7EB7F3F63EA7F3F2DE97F3F05E87F3F9E
:10088000EBE67F3FE0E57F3FE4E47F3FF7E37F3F38
:100890001AE37F3F4BE27F3F8CE17F3FDDE07F3F0C
:1008A0003CE07F3FACDF7F3F2ADF7F3FB8DE7F3F0A
:1008B00055DE7F3F01DE7F3FBDDD7F3F87DD7F3F30
:1008C0005FDD7F3F46DD7F3F3BDD7F3F3EDD7F3F9E
:1008D0004FDD7F3F6CDD7F3F97DD7F3FCEDD7F3F8C
:1008E00012DE7F3F61DE7F3FBCDE7F3F22DF7F3F46
:1008F00093DF7F3F0DE07F3F92E07F3F20E17F3F2E
:10090000B7E17F3F56E27F3FFDE27F3FACE37F3FB1
:1009100061E47F3F1DE57F3FE0E57F3FA7E67F3F46
:1009200074E77F3F45E87F3F1AE97F3FF3E97F3F68
:10093000CFEA7F3FAEEB7F3F8FEC7F3F71ED7F3F94
:1009400055EE7F3F39EF7F3F1EF07F3F03F17F3F42
:10095000E7F17F3FCAF27F3FACF37F3F8CF47F3FEC
:100960006AF57F3F46F67F3F1FF77F3FF4F77F3FF3
:10097000C6F87F3F95F97F3F5FFA7F3F25FB7F3FBA
:10098000E6FB7F3FA2FC7F3F59FD7F3F0BFE7F3F91
:10099000B8FE7F3F5EFF7F3FFFFF7F3F4D00803F00
:1009A0009700803FDE00803F2101803F6201803F51
:1009B0009F01803FD901803F0F02803F4202803F6C
:1009C0007202803F9E02803FC702803FED02803F5F
:1009D0000F03803F2E03803F4903803F6103803F28
:1009E0007603803F8803803F9703803FA203803FC8
:1009F000AB03803FB003803FB303803FB303803F2E
:100A0000B003803FAB03803FA303803F9903803F47
:100A10008C03803F7D03803F6C03803F5803803F01
:100A20004303803F2C03803F1303803FF802803F45
:100A3000DC02803FBF02803FA002803F8002803FF7
:100A40005E02803F3C02803F1902803FF501803FFB
:100A5000D001803FAA01803F8401803F5E01803F3A
:100A60003701803F1001803FE900803FC200803F96
:100A70009B00803F7400803F4D00803F2600803FF8
:100A80000000803F00005C42A4F07642DFCF82424B
:100A9000FED4924262D0A4422F9DAE427DFFC3425B
:100AA0000000DC420000DC425CCF244300005C43D9
:100AB000A4D08243A4D0A4430000C443A4F0F643CE
:100AC000A4D02444000000000000000001600000E9
:100AD0000000000000000000694C00000000000061
:100AE00000000000B15600009969000095690000FF
:100AF000916900008D690000896900008569000026
:100B0000816900000000000000000000A54900000D
:100B1000394700009D4A00003D470000D5490000CC
:100B2000000000000000000049760000757600001B
:100B3000AD56000045760000017600000D760000FD
:100B40002D7600000000000000000000FD350000D0
:100B5000455000004950000051500000595000001D
:100B6000A2000000F9A2000083F9A2006E83F9A29E
:100B70004E6E83F9444E6E8315444E6E2915444ED5
:100B8000FC29154427FC29155727FC29D15727FC98
:100B9000F5D1572734F5D157DD34F5D1C0DD34F523
:100BA000DBC0DD3462DBC0DD9562DBC0999562DBC2
:100BB0003C999562433C999590433C994190433CC4
:100BC00000000042C8801F40B8821F40080000009B
:100BD00000000042C4801F40B4821F400400000097
:100BE00000C0004224801F4014821F4010000000FB
:100BF00000C0004228801F4018821F4020000000D3
:100C000000C000422C801F401C821F40400000009A
:100C100000C0004234801F4024821F4000010000B9
:100C20000040004264811F4054831F4000040000C4
:100C30000040004280811F4070831F40000002007E
:100C4000004000427C811F406C831F400000010077
:100C50000040004268811F4058831F400008000088
:100C6000004000423C811F402C831F4001000000D7
:100C70000040004244811F4034831F4004000000B4
:100C80000040004240811F4030831F4002000000AE
:100C90000040004248811F4038831F400800000088
:100CA0000000004204811F40F4821F400000040045
:100CB0000000004208811F40F8821F400000080029
:100CC0000000004218811F4008831F400000800080
:100CD0000000004214811F4004831F4000004000B8
:100CE0000000004200811F40F0821F40000002000F
:100CF00000000042FC801F40EC821F400000010009
:100D00000000004224811F4014831F4000000004A3
:100D10000000004228811F4018831F400000000887
:100D2000000000421C811F400C831F400000000196
:100D30000000004220811F4010831F40000000027D
:100D400000000042EC801F40DC821F4000100000C9
:100D500000000042F0801F40E0821F4000200000A1
:100D60000000004234811F4024831F4000000040E7
:100D70000000004238811F4028831F40000000808F
:100D80000080004294801F4084821F4000000400C5
:100D900000C0004290801F4080821F400000008001
:100DA00000800042A8801F4098821F400000800001
:100DB00000800042A4801F4094821F400000400039
:100DC000004000426C811F405C831F400010000007
:100DD00000C0004230801F4020821F408000000081
:100DE00000800042C8811F40B8831F40008000007F
:100DF00000800042C4811F40B4831F4000400000B7
:100E000000800042C0811F40B0831F4000200000CE
:100E100000800042BC811F40AC831F4000100000D6
:100E200000800042D0811F40C0831F4000000200AC
:100E300000800042CC811F40BC831F4000000100A5
:100E40000400000007000000090000002020726577
:100E500073756C743A000000637075206E6F7700D4
:100E600020250000637075206D61780061756469EC
:100E70006F206D656D206D617800000020626C6FE1
:100E8000636B7300766F6963657320736F756E644F
:100E9000696E67006672616D65732072656E646568
:100EA0007265640020206578706563746564200055
:100EB00020206472696674200000000064726F7004
:100EC0006F757473000000004641494C3A2061750B
:100ED00064696F20626C6F636B20706F6F6C20654C
:100EE00078686175737465642C20626C6F636B73D2
:100EF0002077657265206C6F737400004641494C21
:100F00003A206672616D652073686F727466616CF9
:100F10006C2C20746865206772617068206973208A
:100F20006D697373696E67207570646174657300B1
:100F300057415443483A20736D616C6C2073686F5D
:100F4000727466616C6C2C20726572756E206265BD
:100F5000666F72652062656C696576696E67206987
:100F6000740000006E6F6E6520646574656374655F
:100F70006400000053554D4D4152592C207061734F
:100F800073200000202073746167652020202020DA
:100F90002020202020202020202020202020202051
:100FA0002020202020202020202020202020202041
:100FB0002020637075206D617820206D656D202084
:100FC0006472696674202500202020202000000023
:100FD0002020424C455020504954434820434F5311
:100FE000542C20746865206E756D6265722074687B
:100FF00069732073657373696F6E206578697374A4
:101000007320746F20676574000000006772617060
:101010006820626173656C696E6500002025202878
:1010200073696C656E636529000000003820766F77
:1010300069636573206C6F77000000002025206FC6
:1010400076657220626173656C696E652C2035353A
:1010500020746F2031313020487A00003820766FBC
:101060006963657320686967680000002025206F48
:1010700076657220626173656C696E652C2033350C
:10108000323020746F203730343020487A0000002E
:101090007820666F72207468652073616D652070BA
:1010A0006F6C7970686F6E7920736978206F6374E4
:1010B00061766573207570006E6F74206D65617365
:1010C000757261626C652C20746865206C6F772086
:1010D00066696775726520697320746F6F20736D20
:1010E000616C6C00766F696365206365696C696E1D
:1010F0006700000020766F69636573206174203794
:10110000206B487A206265666F726520746865207E
:10111000626C6F636B206275646765742072756EB4
:1011200073206F75740000006E6F74206D656173BD
:10113000757261626C6500002020412062617265F9
:1011400020736177206F7363696C6C61746F7220B8
:1011500069732061626F757420332E377820667250
:101160006F6D204134343020746F2037206B487A03
:101170000000000020206F6E2074686520686F7387
:10118000742E20457870656374206C6573732074C9
:1011900068616E207468617420686572653A000049
:1011A00020207468657365206172652077686F6CB4
:1011B0006520766F696365732C20616E64207468A6
:1011C00065206C61646465722066696C7465722C5C
:1011D00020656E76656C6F70657300002020616E0F
:1011E0006420636F6E74726F6C2D7261746520750C
:1011F000706461746520636F737420746865207314
:10120000616D6520617420626F7468207069746319
:101210006865732E0000000020207265737461728F
:1012200074696E67207468652073657175656E6397
:10123000652C20756E706C7567207768656E2079F7
:101240006F752061726520646F6E6500000FC93F85
:10125000000F494000CB9640000FC9400053FB40AF
:1012600000CB164100ED2F41000F49410031624192
:1012700000537B41003A8A4100CB9641005CA34178
:1012800000EDAF41007EBC41000FC94100A0D54137
:101290000031E24100C2EE410053FB4100F2034243
:1012A000003A0A420083104200CB164200141D424D
:1012B000005C234200A5294200ED2F420036364251
:1012C000007E3C4200C74242000F49426272696E92
:1012D0006775700062656C6C6F77732030305F42A9
:1012E00072696E675570000073616D706C65207275
:1012F0006174650020487A0020202020202066723A
:101300006F6D2062656C6C6F77733A3A5465656EE9
:10131000737953616D706C655261746528292E2054
:10132000457665727920656E76656C6F7065000034
:10133000202020202020636F656666696369656EE2
:10134000742C2066696C746572206375746F6666B0
:1013500020616E642064656C6179206C656E6774D1
:101360006820696E2074686500000000202020203D
:10137000202070726F6772616D20697320646572DE
:10138000697665642066726F6D2074686973206E7B
:10139000756D6265722E2049662074686520636FE2
:1013A0006465632069730000202020202020616391
:1013B0007475616C6C7920636C6F636B656420730A
:1013C0006F6D65776865726520656C73652C207339
:1013D000746167652032207265616473207368618F
:1013E000727000002020202020206F7220666C6127
:1013F00074206F6E20612074756E65722062792092
:1014000065786163746C79207468617420726174AA
:10141000696F2E0070697463682072656665726515
:101420006E63650020487A2C2077686963682069BC
:10143000732041342E20537461676573203220611C
:101440006E642033207375737461696E2069742C27
:1014500000000000202020202020736F20612067E2
:1014600075697461722074756E6572206F72206187
:101470002070686F6E652074756E65722061707083
:101480002073686F756C642072656164204134005C
:10149000202020202020617420302063656E74732A
:1014A0002E20416E7920636F6E73697374656E745C
:1014B0002063656E7473206572726F722069732089
:1014C00074686520726174696F000000202020201C
:1014D00020206265747765656E207468652072618E
:1014E00074652061626F766520616E642074686542
:1014F00020636F6465632773207265616C20636C81
:101500006F636B2E00000000626C6F636B20736969
:101510007A650000206672616D657300657870659C
:101520006374656420757064617465730000000005
:1015300020706572207365636F6E64006370752040
:10154000636C6F636B000000204D487A0000000060
:10155000617564696F20626C6F636B7300000000DB
:1015600020616C6C6F6361746564206279204175E1
:1015700064696F4D656D6F72792829002020486F6E
:101580007720746F207265616420656163682073E1
:101590007461676520726573756C743A00000000B1
:1015A00020202020637075206E6F77202F206370BD
:1015B00075206D61782020417564696F50726F638A
:1015C0006573736F72557361676520616E6420691E
:1015D0007473206D6178696D756D2C00202020205A
:1015E00020202020202020202020202020202020FB
:1015F00020202072657365742061742074686520F2
:101600007374617274206F662065766572792073D9
:101610007461676520736F00202020202020202027
:101620002020202020202020202020202020206575
:10163000616368206669677572652062656C6F6EAC
:10164000677320746F206F6E652073746167652EF9
:10165000204974002020202020202020202020202D
:101660002020202020202020202020697320746941
:101670006D65207370656E7420696E736964652092
:1016800074686520617564696F0000002020202067
:10169000202020202020202020202020202020204A
:1016A000202020696E746572727570742E205072DD
:1016B000696E74696E672066726F6D206C6F6F70F3
:1016C00028292072756E73002020202020202020E1
:1016D00020202020202020202020202020202062C8
:1016E000656C6F772069742C2062757420555342A5
:1016F00020696E746572727570747320646F206EE9
:101700006F742C002020202020202020202020204A
:101710002020202020202020202020736F20747281
:10172000656174206974206173206D6F73746C79C6
:1017300020696E646570656E64656E74206F660006
:101740002020202020202020202020202020202099
:101750002020202020202073657269616C20747223
:10176000616666696320726174686572207468617D
:101770006E20696D6D756E652E00000020202020A2
:10178000617564696F206D656D206D617820202022
:10179000202020417564696F4D656D6F72795573B6
:1017A0006167654D617820616761696E737420744B
:1017B00068650000202020202020202020202020DC
:1017C0002020202020202020202020616C6C6F63AE
:1017D0006174696F6E2E205265616368696E67205F
:1017E0006974206D65616E73207468650000000087
:1017F00020202020202020202020202020202020E9
:1018000020202020202020706F6F6C2072616E20BD
:10181000746F20697473206C696D69742C2077680B
:10182000696368206D616B65732061002020202052
:1018300020202020202020202020202020202020A8
:101840002020206661696C656420616C6C6F636147
:101850007465282920706F737369626C652E204946
:101860007420646F65730000202020202020202039
:101870002020202020202020202020202020206E1A
:101880006F742070726F7665206F6E65206861706E
:1018900070656E65642E0000202020206672616DE8
:1018A0006573202F206472696674202020202066D2
:1018B00072616D6573207468652072656E6465720F
:1018C000207761732061736B656420666F7200001E
:1018D0002020202020202020202020202020202008
:1018E00020202020202020616761696E73742065AC
:1018F0006C61707365642077616C6C2074696D65D0
:101900002E2053656520746865000000202020208B
:1019100020202020202020202020202020202020C7
:101920002020206E6F746520756E64657220746867
:101930006520666972737420726573756C742E000D
:1019400053494C454E43452028626173656C696E6E
:10195000652900006E6F7468696E6720617420618C
:101960006C6C3A206E6F20686973732C206E6F2048
:1019700068756D2C206E6F207469636B696E6700EB
:1019800073696C656E63652C20616E6420612063F1
:101990007075206D6178207468617420697320749B
:1019A000686520617564696F20677261706827736C
:1019B000206F776E20636F737400000053494E45AB
:1019C0002041343430202870697463682072656661
:1019D0006572656E636529006F6E6520737465615D
:1019E00064792073696E6520746F6E652C20657153
:1019F00075616C20696E20626F7468206561727316
:101A00002C206E6F20776F62626C6520616E64209F
:101A10006E6F2062757A7A006120677569746172F1
:101A20002074756E6572206F722070686F6E65200D
:101A300074756E65722061707020726561647320C8
:101A400041342077697468696E206120636F757016
:101A50006C65206F662063656E7473206F6620303E
:101A60000000000053415720413434302028424CBC
:101A7000455020726573696475616C207461626C95
:101A8000657329007468652073616D6520706974E1
:101A900063682C206E6F77206272696768742061BA
:101AA0006E642062757A7A792C206275742065766E
:101AB000656E20616E6420636C65616E00000000DD
:101AC0007468652073616D652041342072656164BE
:101AD000696E672C2077697468206E6F2067726961
:101AE00074206F7220637261636B6C65207269642D
:101AF000696E67206F6E2074686520746F6E650074
:101B00004B49434B000000006F6E65206B69636BAF
:101B1000206472756D2065766572792035303020CD
:101B20006D732C2074756E656420746F20353020C1
:101B3000487A00006120636C65616E207468756D81
:101B4000702077697468206120636C69636B206F13
:101B50006E207468652066726F6E742C20616E64EE
:101B60002073696C656E6365206265747765656E68
:101B700020686974730000004452554D204B49544D
:101B800020286575636C696465616E20706174748A
:101B900065726E73290000006B69636B2C20736E95
:101BA00061726520616E6420686174206F76657271
:101BB000203136207369787465656E7468732061AE
:101BC00074203132302062706D00000073746561E2
:101BD00064792074696D652C20657665727920685A
:101BE00069742064697374696E63742C206E6F74F9
:101BF00068696E672064726F70706564206F722010
:101C0000646F75626C656400504F4C592043484FB7
:101C1000524420283820564120766F696365732925
:101C200000000000616E2041206D696E6F722039E6
:101C30002063686F72642C20746872656520736518
:101C4000636F6E6473206F6E20616E6420746872BF
:101C50006565207365636F6E6473206F6666000050
:101C6000656967687420736570617261746520705E
:101C70006974636865732C206120736D6F6F74687D
:101C80002072656C656173652C207265616C2073D0
:101C9000696C656E6365206265747765656E0000CA
:101CA00050495443482053574545500061207361C3
:101CB0007720676C6964696E6720353520487A2023
:101CC000746F203730343020487A206F7665722068
:101CD000736978207365636F6E64732C2074686514
:101CE0006E20726570656174696E6700736D6F6FE9
:101CF0007468207468652077686F6C6520776179F7
:101D00002075702C206E6F207374657070696E671B
:101D10002C206E6F2077686973746C65206465731E
:101D200063656E64696E6720616761696E737420B4
:101D300069740000504F4C59204C4F5720283820D0
:101D4000766F696365732C20353520746F203131CF
:101D50003020487A2900000061206C6F772073756D
:101D6000737461696E6564206569676874206E6F5D
:101D7000746520636C75737465722C2068656C647F
:101D8000207374656164790073746561647920738C
:101D90006F756E642C20616E642061206370752005
:101DA0006D617820746F20636F6D70617265206162
:101DB0006761696E737420746865206E657874203D
:101DC0007374616765000000504F4C5920484947C3
:101DD0004820283820766F696365732C20333532AC
:101DE0003020746F203730343020487A29000000CA
:101DF0007468652073616D65206569676874206E1D
:101E00006F74657320736978206F6374617665738E
:101E10002075703A207665727920627269676874FD
:101E20002C207475726E20697420646F776E206642
:101E300069727374000000007374656164792073C3
:101E40006F756E642C20616E642074686520637009
:101E500075206D617820746869732077686F6C6590
:101E60002073657373696F6E20657869737473206E
:101E7000746F206765740000A2000000F900000084
:101E8000830000006E0000004E00000044000000CF
:101E90001500000029000000FC00000027000000E1
:101EA00057000000D1000000F500000034000000E1
:101EB000DD000000C0000000DB0000006200000048
:101EC00095000000990000003C0000004300000065
:101ED0009000000041000000FE00000051000000E2
:101EE00063000000AB000000DE000000BB0000004B
:101EF000C500000061000000B700000024000000E1
:101F00006E0000003A000000420000004D0000009A
:101F1000D2000000E00000000600000049000000C0
:101F20002E000000EA00000009000000D1000000BF
:101F3000920000001C000000FE0000001D000000D8
:101F4000EB0000001C000000B100000029000000B0
:101F5000A70000003E000000E80000008200000032
:101F600035000000F50000002E000000BB0000005E
:101F70004400000084000000E90000009C00000014
:101F80007000000026000000B40000005F000000A8
:101F90007E000000410000003900000091000000B8
:101FA000D60000003900000083000000530000004C
:101FB00039000000F40000009C00000084000000D4
:101FC0005F0000008B000000BD000000F900000071
:101FD000280000003B0000001F000000F800000087
:101FE00097000000FF000000DE0000000500000078
:101FF000980000000F000000EF0000002F0000001C
:10200000110000008B0000005A0000000A000000D0
:102010006D0000001F0000006D0000003600000091
:102020007E000000CF00000027000000CB00000071
:1020300009000000B70000004F000000460000004B
:102040003F000000660000009E0000005F000000EE
:10205000EA0000002D0000007500000027000000CD
:10206000BA000000C7000000EB000000E50000001F
:10207000F10000007B0000003D00000007000000B0
:1020800039000000F70000008A0000005200000044
:1020900092000000EA0000006B000000FB0000005E
:1020A0005F000000B10000001F0000008D00000074
:1020B0005D00000008000000560000000300000062
:1020C0003000000046000000FC0000007B00000023
:1020D0006B000000AB000000F0000000CF0000002B
:1020E000BC000000200000009A000000F400000086
:1020F000360000001D000000A9000000E300000001
:1021000091000000610000005E000000E600000099
:102110001B0000000800000065000000990000009E
:10212000850000005F00000014000000A000000017
:1021300068000000400000008D000000FF0000006B
:10214000D8000000800000004D0000007300000077
:10215000270000003100000006000000060000001B
:102160001500000056000000CA00000073000000C7
:10217000A8000000C900000060000000E2000000AC
:102180007B000000C00000008C0000006B0000001D
:1021900000010000987500201200000000060000F9
:1021A000EC1E00600A00000000020000541E0060E7
:1021B0009500000000070000BC1D006095000000B5
:1021C00000030000B81D00600000000001030904C6
:1021D000A01D00600000000002030904881D0060CB
:1021E0000000000003030904B8750020000000008F
:1021F00000000000000000000000000000000000DF
:10220000A48500200C8600207486002000000000B9
:1022100000000000000000000000000000000000BE
:1022200000000000000000000000000000000000AE
:10223000000000000000000000000000000000009E
:10224000000000000000000000000000000000008E
:10225000000000000000000000000000000000007E
:10226000000000000000000000000000000000006E
:10227000000000000000000000000000000000005E
:10228000000000000000000000000000000000004E
:102290000000000001000000000000000E33CDAB84
:1022A00034126DE6ECDE05000B00000000000000BB
:1022B000000000000000000000000000000000001E
:1022C000000000000000000000000000000000000E
:1022D00000000000000000000000000000000000FE
:1022E00000000000000000000000000000000000EE
:1022F00000000000000000000000000000000000DE
:1023000000000000000000000000000000000000CD
:102310000000000000000000000000000029DE07AF
:10232000007B9A17F047002000000000E80300003F
:10233000000000003448002000000000E803000016
:102340000000000000003F40981F006000000000F7
:10235000000000000000000000000000000000007D
:10236000000000000000000000000000000000006D
:10237000000000000000000000000000000000005D
:10238000000000000000000000000000000000004D
:10239000000000000000000000000000000000003D
:1023A000000000000000000000000000000000002D
:1023B000000000000000000000000000000000001D
:1023C000000000000000000000000000000000000D
:1023D00000000000000000000000000000000000FD
:1023E00000000000000000000000000000000000ED
:1023F00000000000000000000000000000000000DD
:1024000000000000000000000000000000000000CC
:1024100000000000000000000000000000000000BC
:1024200000000000000000000000000000000000AC
:10243000000000000000000000000000000000009C
:10244000000000000000000000000000000000008C
:10245000000000000000000000000000000000007C
:10246000000000000000000000000000000000006C
:10247000000000003448002000000000E8030000D5
:102480000000000000803F40481F00600000000086
:10249000000000000000000000000000000000003C
:1024A000000000000000000000000000000000002C
:1024B000000000000000000000000000000000001C
:1024C000000000000000000000000000000000000C
:1024D00000000000000000000000000000000000FC
:1024E00000000000000000000000000000000000EC
:1024F00000000000000000000000000000000000DC
:1025000000000000000000000000000000000000CB
:1025100000000000000000000000000000000000BB
:1025200000000000000000000000000000000000AB
:10253000000000000000000000000000000000009B
:10254000000000000000000000000000000000008B
:10255000000000000000000000000000000000007B
:10256000000000000000000000000000000000006B
:10257000000000000000000000000000000000005B
:10258000000000000000000000000000000000004B
:10259000000000000000000000000000000000003B
:1025A000000000000000000000000000000000002B
:1025B000000000003448002000000000E803000094
:1025C0000000000000C03F40F81E00600000000056
:1025D00000000000000000000000000000000000FB
:1025E00000000000000000000000000000000000EB
:1025F00000000000000000000000000000000000DB
:1026000000000000000000000000000000000000CA
:1026100000000000000000000000000000000000BA
:1026200000000000000000000000000000000000AA
:10263000000000000000000000000000000000009A
:10264000000000000000000000000000000000008A
:10265000000000000000000000000000000000007A
:10266000000000000000000000000000000000006A
:10267000000000000000000000000000000000005A
:10268000000000000000000000000000000000004A
:10269000000000000000000000000000000000003A
:1026A000000000000000000000000000000000002A
:1026B000000000000000000000000000000000001A
:1026C000000000000000000000000000000000000A
:1026D00000000000000000000000000000000000FA
:1026E00000000000000000000000000000000000EA
:1026F0000000000000442C47FFFFFFFF0000000027
:1027000000803B47000000000000000000000000C7
:102710000000003F0000000000803B4700004842EE
:102720000000803F000000000000C040CDCC4C3DC8
:10273000CDCCCC3E0000004000803B4700000000B4
:102740000000000000803B47000000000000000087
:102750000000003FEC51383E9A99193E0000803F3E
:1027600000803B4700000000000000000000000067
:102770000000003F0000000000803B470000000018
:1027800000000000000000000000003F000000000A
:1027900000803B4700000000000000000000000037
:1027A0000000000000000000000000000000000029
:1027B0000000000000000000000000000000000019
:1027C0000000803F0000000000000000000000004A
:1027D00000803B470000000000007A44F304353FCE
:1027E00000000000000000000000000000000000E9
:1027F00000000000000000000000803F000000001A
:102800000000000000803B470000000000000000C6
:1028100000803B47000000000000000000803B47B4
:102820000000803F0AD7A33D0000803F00803B4767
:102830000000000000000000000000000000003F59
:102840000000000000803B47000000000000000086
:10285000000000000000003F0000000000803B4737
:102860000000000000000000000000000000003F29
:102870000000000000803B47000000000000000056
:10288000000000000000003F0000000000803B4707
:102890000000000000000000000000000000003FF9
:1028A0000000000000803B47000000000000000026
:1028B000000000000000003F0000000000803B47D7
:1028C0000000000000007A44F304353F00000000DF
:1028D00000000000000000000000000000000000F8
:1028E000000000000000803F000000000000000029
:1028F00000803B47000000000000000000000000D6
:1029000000000000000000000000000000000000C7
:1029100000000000000000000000000000000000B7
:1029200000000000000000000000000000803B47A5
:1029300000000000000000000000E0400000000077
:1029400000A00C46CDCC4C3E000000000000000072
:102950000AD7A33BCDCCCC3DCDCC4C3FCDCC4C3ECF
:10296000A69B443B9A99193E0000003FCDCC4C3EBB
:1029700000000000000000000000003F0000000018
:1029800000803B4700000000000000000000000045
:102990000000003F0000000000803B4700000000F6
:1029A00000000000000000000000003F00000000E8
:1029B00000803B4700000000000000000000000015
:1029C0000000003F0000000000803B4700000000C6
:1029D000000000000000803F000000000000000038
:1029E000000000000000000000803B4700000000E5
:1029F00000007A44F304353F0000000000000000AE
:102A000000000000000000000000000000000000C6
:102A10000000803F000000000000000000803B47F5
:102A200000000000000000000000803F0000803F28
:102A30000000803F0000803F00803B470000000016
:102A4000000000000000803F0000803F0000803F49
:102A50000000803F0000DC430000803F0000803F1A
:102A6000000000000000000000000000F304353FFB
:102A7000F304353FFFFFFFFF0000000000000000EF
:102A800000803B4700000000000000000000E04024
:102A90000000000000A00C46CDCC4C3E0000000021
:102AA000000000000AD7A33BCDCCCC3DCDCC4C3FA1
:102AB000CDCC4C3EA69B443B9A99193E0000003F6A
:102AC000CDCC4C3E00000000000000000000003FA4
:102AD0000000000000803B470000000000000000F4
:102AE000000000000000003F0000000000803B47A5
:102AF0000000000000000000000000000000003F97
:102B00000000000000803B470000000000000000C3
:102B1000000000000000003F0000000000803B4774
:102B200000000000000000000000803F00000000E6
:102B300000000000000000000000000000803B4793
:102B40000000000000007A44F304353F000000005C
:102B50000000000000000000000000000000000075
:102B6000000000000000803F0000000000000000A6
:102B700000803B4700000000000000000000803F94
:102B80000000803F0000803F0000803F00803B4706
:102B900000000000000000000000803F0000803FB7
:102BA0000000803F0000803F0000DC430000803FC9
:102BB0000000803F00000000000000000000000056
:102BC000F304353FF304353FFFFFFFFF0000000033
:102BD0000000000000803B470000000000000000F3
:102BE0000000E0400000000000A00C46CDCC4C3EB0
:102BF00000000000000000000AD7A33BCDCCCC3D74
:102C0000CDCC4C3FCDCC4C3EA69B443B9A99193E33
:102C10000000003FCDCC4C3E000000000000000052
:102C20000000003F0000000000803B470000000063
:102C300000000000000000000000003F0000000055
:102C400000803B4700000000000000000000000082
:102C50000000003F0000000000803B470000000033
:102C600000000000000000000000003F0000000025
:102C700000803B4700000000000000000000803F93
:102C80000000000000000000000000000000000044
:102C900000803B470000000000007A44F304353F09
:102CA0000000000000000000000000000000000024
:102CB00000000000000000000000803F0000000055
:102CC0000000000000803B47000000000000000002
:102CD0000000803F0000803F0000803F0000803FF8
:102CE00000803B4700000000000000000000803F23
:102CF0000000803F0000803F0000803F0000DC4378
:102D00000000803F0000803F000000000000000045
:102D100000000000F304353FF304353FFFFFFFFFE1
:102D2000000000000000000000803B4700000000A1
:102D3000000000000000E0400000000000A00C4681
:102D4000CDCC4C3E00000000000000000AD7A33BA1
:102D5000CDCCCC3DCDCC4C3FCDCC4C3EA69B443BCA
:102D60009A99193E0000003FCDCC4C3E0000000077
:102D7000000000000000003F0000000000803B4712
:102D80000000000000000000000000000000003F04
:102D90000000000000803B47000000000000000031
:102DA000000000000000003F0000000000803B47E2
:102DB0000000000000000000000000000000003FD4
:102DC0000000000000803B47000000000000000001
:102DD0000000803F00000000000000000000000034
:102DE0000000000000803B470000000000007A4423
:102DF000F304353F00000000000000000000000068
:102E00000000000000000000000000000000803F03
:102E1000000000000000000000803B4700000000B0
:102E2000000000000000803F0000803F0000803F65
:102E30000000803F00803B470000000000000000D1
:102E40000000803F0000803F0000803F0000803F86
:102E50000000DC430000803F0000803F00000000D5
:102E60000000000000000000F304353FF304353F8C
:102E7000FFFFFFFF000000000000000000803B4754
:102E800000000000000000000000E0400000000022
:102E900000A00C46CDCC4C3E00000000000000001D
:102EA0000AD7A33BCDCCCC3DCDCC4C3FCDCC4C3E7A
:102EB000A69B443B9A99193E0000003FCDCC4C3E66
:102EC00000000000000000000000003F00000000C3
:102ED00000803B47000000000000000000000000F0
:102EE0000000003F0000000000803B4700000000A1
:102EF00000000000000000000000003F0000000093
:102F000000803B47000000000000000000000000BF
:102F10000000003F0000000000803B470000000070
:102F2000000000000000803F0000000000000000E2
:102F3000000000000000000000803B47000000008F
:102F400000007A44F304353F000000000000000058
:102F50000000000000000000000000000000000071
:102F60000000803F000000000000000000803B47A0
:102F700000000000000000000000803F0000803FD3
:102F80000000803F0000803F00803B4700000000C1
:102F9000000000000000803F0000803F0000803FF4
:102FA0000000803F0000DC430000803F0000803FC5
:102FB000000000000000000000000000F304353FA6
:102FC000F304353FFFFFFFFF00000000000000009A
:102FD00000803B4700000000000000000000E040CF
:102FE0000000000000A00C46CDCC4C3E00000000CC
:102FF000000000000AD7A33BCDCCCC3DCDCC4C3F4C
:10300000CDCC4C3EA69B443B9A99193E0000003F14
:10301000CDCC4C3E00000000000000000000003F4E
:103020000000000000803B4700000000000000009E
:10303000000000000000003F0000000000803B474F
:103040000000000000000000000000000000003F41
:103050000000000000803B4700000000000000006E
:10306000000000000000003F0000000000803B471F
:1030700000000000000000000000803F0000000091
:1030800000000000000000000000000000803B473E
:103090000000000000007A44F304353F0000000007
:1030A0000000000000000000000000000000000020
:1030B000000000000000803F000000000000000051
:1030C00000803B4700000000000000000000803F3F
:1030D0000000803F0000803F0000803F00803B47B1
:1030E00000000000000000000000803F0000803F62
:1030F0000000803F0000803F0000DC430000803F74
:103100000000803F00000000000000000000000000
:10311000F304353FF304353FFFFFFFFF00000000DD
:103120000000000000803B4700000000000000009D
:103130000000E0400000000000A00C46CDCC4C3E5A
:1031400000000000000000000AD7A33BCDCCCC3D1E
:10315000CDCC4C3FCDCC4C3EA69B443B9A99193EDE
:103160000000003FCDCC4C3E0000000000000000FD
:103170000000003F0000000000803B47000000000E
:1031800000000000000000000000003F0000000000
:1031900000803B470000000000000000000000002D
:1031A0000000003F0000000000803B4700000000DE
:1031B00000000000000000000000003F00000000D0
:1031C00000803B4700000000000000000000803F3E
:1031D00000000000000000000000000000000000EF
:1031E00000803B470000000000007A44F304353FB4
:1031F00000000000000000000000000000000000CF
:1032000000000000000000000000803F00000000FF
:103210000000000000803B470000000000000000AC
:103220000000803F0000803F0000803F0000803FA2
:1032300000803B4700000000000000000000803FCD
:103240000000803F0000803F0000803F0000DC4322
:103250000000803F0000803F0000000000000000F0
:1032600000000000F304353FF304353FFFFFFFFF8C
:10327000000000000000000000803B47000000004C
:10328000000000000000E0400000000000A00C462C
:10329000CDCC4C3E00000000000000000AD7A33B4C
:1032A000CDCCCC3DCDCC4C3FCDCC4C3EA69B443B75
:1032B0009A99193E0000003FCDCC4C3E0000000022
:1032C000000000000000003F0000000000803B47BD
:1032D0000000000000000000000000000000003FAF
:1032E0000000000000803B470000000000000000DC
:1032F000000000000000003F0000000000803B478D
:103300000000000000000000000000000000003F7E
:103310000000000000803B470000000000000000AB
:103320000000803F000000000000000000000000DE
:103330000000000000803B470000000000007A44CD
:10334000F304353F00000000000000000000000012
:103350000000000000000000000000000000803FAE
:10336000000000000000000000803B47000000005B
:10337000000000000000803F0000803F0000803F10
:103380000000803F00803B4700000000000000007C
:103390000000803F0000803F0000803F0000803F31
:1033A0000000DC430000803F0000803F0000000080
:1033B0000000000000000000F304353FF304353F37
:1033C000FFFFFFFF00000000000000000000000001
:1033D0000000E0400000000000A00C46CDCC4C3EB8
:1033E00000000000000000000AD7A33BCDCCCC3D7C
:1033F000CDCC4C3FCDCC4C3EA69B443B9A99193E3C
:103400000000003FCDCC4C3E00000000000000005A
:103410000000003F0000000000803B47000000006B
:10342000000000000000803F0000000000000000DD
:10343000000000000000000000000000000000008C
:103440000000000001000000020000000000000079
:10345000000000000000000000000000000000006C
:103460000000000000000000FFFFFFFF6885002053
:10347000005F2020000000000000000000000000AD
:1034800084710020847100208C7100208C710020D8
:1034900094710020947100209C7100209C71002088
:1034A000A4710020A4710020AC710020AC71002038
:1034B000B4710020B4710020BC710020BC710020E8
:1034C000C4710020C4710020CC710020CC71002098
:1034D000D4710020D4710020DC710020DC71002048
:1034E000E4710020E4710020EC710020EC710020F8
:1034F000F4710020F4710020FC710020FC710020A8
:1035000004720020047200200C7200200C72002053
:1035100014720020147200201C7200201C72002003
:1035200024720020247200202C7200202C720020B3
:1035300034720020347200203C7200203C72002063
:1035400044720020447200204C7200204C72002013
:1035500054720020547200205C7200205C720020C3
:1035600064720020647200206C7200206C72002073
:1035700074720020747200207C7200207C72002023
:1035800084720020847200208C7200208C720020D3
:1035900094720020947200209C7200209C72002083
:1035A000A4720020A4720020AC720020AC72002033
:1035B000B4720020B4720020BC720020BC720020E3
:1035C000C4720020C4720020CC720020CC72002093
:1035D000D4720020D4720020DC720020DC72002043
:1035E000E4720020E4720020EC720020EC720020F3
:1035F000F4720020F4720020FC720020FC720020A3
:1036000004730020047300200C7300200C7300204E
:1036100014730020147300201C7300201C730020FE
:1036200024730020247300202C7300202C730020AE
:1036300034730020347300203C7300203C7300205E
:1036400044730020447300204C7300204C7300200E
:1036500054730020547300205C7300205C730020BE
:1036600064730020647300206C7300206C7300206E
:1036700074730020747300207C7300207C7300201E
:1036800084730020847300208C7300208C730020CE
:1036900094730020947300209C7300209C7300207E
:1036A000A4730020A4730020AC730020AC7300202E
:1036B000B4730020B4730020BC730020BC730020DE
:1036C000C4730020C4730020CC730020CC7300208E
:1036D000D4730020D4730020DC730020DC7300203E
:1036E000E4730020E4730020EC730020EC730020EE
:1036F000F4730020F4730020FC730020FC7300209E
:1037000004740020047400200C7400200C74002049
:1037100014740020147400201C7400201C740020F9
:1037200024740020247400202C7400202C740020A9
:1037300034740020347400203C7400203C74002059
:1037400044740020447400204C7400204C74002009
:1037500054740020547400205C7400205C740020B9
:1037600064740020647400206C7400206C74002069
:1037700074740020747400207C7400207C74002019
:1037800084740020847400208C7400208C740020C9
:1037900094740020947400209C7400209C74002079
:1037A000A4740020A4740020AC740020AC74002029
:1037B000B4740020B4740020BC740020BC740020D9
:1037C000C4740020C4740020CC740020CC74002089
:1037D000D4740020D4740020DC740020DC74002039
:1037E000E4740020E4740020EC740020EC740020E9
:1037F000F4740020F4740020FC740020FC74002099
:1038000004750020047500200C7500200C75002044
:1038100014750020147500201C7500201C750020F4
:1038200024750020247500202C7500202C750020A4
:1038300034750020347500203C7500203C75002054
:1038400044750020447500204C7500204C75002004
:1038500054750020547500205C7500205C750020B4
:1038600064750020647500206C7500206C75002064
:1038700074750020747500207C7500207C75002014
:10388000FFFFFFFF00000200085F0020120100029E
:10389000EF020140C0168904790201020301000011
:1038A0000000803F6042A20D000000400C030000B9
:1038B0000000000000000000000000000000000008
:1038C00000000000000000000000000000000000F8
:1038D00000000000000000000000000000000000E8
:1038E00000000000000000000000000000000000D8
:1038F00000000000000000000000000000000000C8
:1039000000000000000000000000000000000000B7
:1039100000000000000000000000000000000000A7
:103920000000000000000000000000000000000097
:103930000000000000000000000000000000000087
:103940000000000000000000000000000000000077
:103950000000000000000000000000000000000067
:103960000000000000000000000000000000000057
:103970000000000000000000000000000000000047
:103980000000000000000000000000000000000037
:103990000000000000000000000000000000000027
:1039A0000000000000000000000000000000000017
:1039B0000000000000000000000000000000000007
:1039C00000000000000000000000000000000000F7
:1039D00000000000000000000000000000000000E7
:1039E00000000000000000000000000000000000D7
:1039F00000000000000000000000000000000000C7
:103A000000000000000000000000000000000000B6
:103A100000000000000000000000000000000000A6
:103A20000000000000000000000000000000000096
:103A30000000000000000000000000000000000086
:103A40000000000000000000000000000000000076
:103A50000000000000000000000000000000000066
:103A60000000000000000000000000000000000056
:103A70000000000000000000000000000000000046
:103A80000000000000000000000000000000000036
:103A90000000000000000000000000000000000026
:103AA0000000000000000000000000000000000016
:103AB0000000000000000000000000000000000006
:103AC00000000000000000000000000000000000F6
:103AD00000000000000000000000000000000000E6
:103AE00000000000000000000000000000000000D6
:103AF00000000000000000000000000000000000C6
:103B000000000000000000000000000000000000B5
:103B100000000000000000000000000000000000A5
:103B20000000000000000000000000000000000095
:103B30000000000000000000000000000000000085
:103B40000000000000000000000000000000000075
:103B50000000000000000000000000000000000065
:103B60000000000000000000000000000000000055
:103B70000000000000000000000000000000000045
:103B80000000000000000000000000000000000035
:103B90000000000000000000000000000000000025
:103BA0000000000000000000000000000000000015
:103BB0000000000000000000000000000000000005
:103BC00000000000000000000000000000000000F5
:103BD00000000000000000000000000000000000E5
:103BE00000000000000000000000000000000000D5
:103BF00000000000000000000000000000000000C5
:103C000000000000000000000000000000000000B4
:103C100000000000000000000000000000000000A4
:103C20000000000000000000000000000000000094
:103C30000000000000000000000000000000000084
:103C40000000000000000000000000000000000074
:103C50000000000000000000000000000000000064
:103C60000000000000000000000000000000000054
:103C70000000000000000000000000000000000044
:103C80000000000000000000000000000000000034
:103C90000000000000000000000000000000000024
:103CA0000000000000000000000000000000000014
:103CB0000000000000000000000000000000000004
:103CC00000000000000000000000000000000000F4
:103CD00000000000000000000000000000000000E4
:103CE00000000000000000000000000000000000D4
:103CF00000000000000000000000000000000000C4
:103D000000000000000000000000000000000000B3
:103D100000000000000000000000000000000000A3
:103D20000000000000000000000000000000000093
:103D30000000000000000000000000000000000083
:103D40000000000000000000000000000000000073
:103D50000000000000000000000000000000000063
:103D60000000000000000000000000000000000053
:103D70000000000000000000000000000000000043
:103D80000000000000000000000000000000000033
:103D90000000000000000000000000000000000023
:103DA0000000000000000000000000000000000013
:043DB000000000000F
:103DB400FFFFFFFFFFFFFFFFFFFFFFFFFFFFFFFF0F
:103DC400FFFFFFFFFFFFFFFFFFFFFFFFFFFFFFFFFF
:103DD400FFFFFFFFFFFFFFFFFFFFFFFFFFFFFFFFEF
:103DE400FFFFFFFFFFFFFFFFFFFFFFFFFFFFFFFFDF
:103DF400FFFFFFFFFFFFFFFFFFFFFFFFFFFFFFFFCF
:103E0400FFFFFFFFFFFFFFFFFFFFFFFFFFFFFFFFBE
:103E1400FFFFFFFFFFFFFFFFFFFFFFFFFFFFFFFFAE
:103E2400FFFFFFFFFFFFFFFFFFFFFFFFFFFFFFFF9E
:103E3400FFFFFFFFFFFFFFFFFFFFFFFFFFFFFFFF8E
:103E4400FFFFFFFFFFFFFFFFFFFFFFFFFFFFFFFF7E
:103E5400FFFFFFFFFFFFFFFFFFFFFFFFFFFFFFFF6E
:103E6400FFFFFFFFFFFFFFFFFFFFFFFFFFFFFFFF5E
:103E7400FFFFFFFFFFFFFFFFFFFFFFFFFFFFFFFF4E
:103E8400FFFFFFFFFFFFFFFFFFFFFFFFFFFFFFFF3E
:103E9400FFFFFFFFFFFFFFFFFFFFFFFFFFFFFFFF2E
:103EA400FFFFFFFFFFFFFFFFFFFFFFFFFFFFFFFF1E
:103EB400FFFFFFFFFFFFFFFFFFFFFFFFFFFFFFFF0E
:103EC400FFFFFFFFFFFFFFFFFFFFFFFFFFFFFFFFFE
:103ED400FFFFFFFFFFFFFFFFFFFFFFFFFFFFFFFFEE
:103EE400FFFFFFFFFFFFFFFFFFFFFFFFFFFFFFFFDE
:103EF400FFFFFFFFFFFFFFFFFFFFFFFFFFFFFFFFCE
:103F0400FFFFFFFFFFFFFFFFFFFFFFFFFFFFFFFFBD
:103F1400FFFFFFFFFFFFFFFFFFFFFFFFFFFFFFFFAD
:103F2400FFFFFFFFFFFFFFFFFFFFFFFFFFFFFFFF9D
:103F3400FFFFFFFFFFFFFFFFFFFFFFFFFFFFFFFF8D
:103F4400FFFFFFFFFFFFFFFFFFFFFFFFFFFFFFFF7D
:103F5400FFFFFFFFFFFFFFFFFFFFFFFFFFFFFFFF6D
:103F6400FFFFFFFFFFFFFFFFFFFFFFFFFFFFFFFF5D
:103F7400FFFFFFFFFFFFFFFFFFFFFFFFFFFFFFFF4D
:103F8400FFFFFFFFFFFFFFFFFFFFFFFFFFFFFFFF3D
:103F9400FFFFFFFFFFFFFFFFFFFFFFFFFFFFFFFF2D
:103FA400FFFFFFFFFFFFFFFFFFFFFFFFFFFFFFFF1D
:103FB400FFFFFFFFFFFFFFFFFFFFFFFFFFFFFFFF0D
:103FC400FFFFFFFFFFFFFFFFFFFFFFFFFFFFFFFFFD
:103FD400FFFFFFFFFFFFFFFFFFFFFFFFFFFFFFFFED
:103FE400FFFFFFFFFFFFFFFFFFFFFFFFFFFFFFFFDD
:103FF400FFFFFFFFFFFFFFFFFFFFFFFF00000000C9
:1040040000000000000000000000000000000000AC
:10401400000000000000000000000000000000009C
:10402400000000000000000000000000000000008C
:10403400000000000000000000000000000000007C
:10404400000000000000000000000000000000006C
:10405400000000000000000000000000000000005C
:10406400000000000000000000000000000000004C
:10407400000000000000000000000000000000003C
:10408400000000000000000000000000000000002C
:10409400000000000000000000000000000000001C
:1040A400000000000000000000000000000000000C
:1040B40000000000000000000000000000000000FC
:1040C40000000000000000000000000000000000EC
:1040D40000000000000000000000000000000000DC
:1040E40000000000000000000000000000000000CC
:1040F40000000000000000000000000000000000BC
:1041040000000000000000000000000000000000AB
:10411400000000000000000000000000000000009B
:10412400000000000000000000000000000000008B
:10413400000000000000000000000000000000007B
:10414400000000000000000000000000000000006B
:10415400000000000000000000000000000000005B
:10416400000000000000000000000000000000004B
:10417400000000000000000000000000000000003B
:10418400000000000000000000000000000000002B
:10419400000000000000000000000000000000001B
:1041A400000000000000000000000000000000000B
:1041B40000000000000000000000000000000000FB
:1041C40000000000000000000000000000000000EB
:1041D40000000000000000000000000000000000DB
:1041E40000000000000000000000000000000000CB
:1041F40000000000000000000000000000000000BB
:1042040000000000000000000000000000000000AA
:10421400000000000000000000000000000000009A
:10422400000000000000000000000000000000008A
:10423400000000000000000000000000000000007A
:10424400000000000000000000000000000000006A
:10425400000000000000000000000000000000005A
:10426400000000000000000000000000000000004A
:10427400000000000000000000000000000000003A
:10428400000000000000000000000000000000002A
:10429400000000000000000000000000000000001A
:1042A400000000000000000000000000000000000A
:1042B40000000000000000000000000000000000FA
:1042C40000000000000000000000000000000000EA
:1042D40000000000000000000000000000000000DA
:1042E40000000000000000000000000000000000CA
:1042F40000000000000000000000000000000000BA
:1043040000000000000000000000000000000000A9
:104314000000000000000000000000000000000099
:104324000000000000000000000000000000000089
:104334000000000000000000000000000000000079
:104344000000000000000000000000000000000069
:104354000000000000000000000000000000000059
:104364000000000000000000000000000000000049
:104374000000000000000000000000000000000039
:104384000000000000000000000000000000000029
:104394000000000000000000000000000000000019
:1043A4000000000000000000000000000000000009
:1043B40000000000000000000000000000000000F9
:1043C40000000000000000000000000000000000E9
:1043D40000000000000000000000000000000000D9
:1043E40000000000000000000000000000000000C9
:1043F40000000000000000000000000000000000B9
:1044040000000000000000000000000000000000A8
:104414000000000000000000000000000000000098
:104424000000000000000000000000000000000088
:104434000000000000000000000000000000000078
:104444000000000000000000000000000000000068
:104454000000000000000000000000000000000058
:104464000000000000000000000000000000000048
:104474000000000000000000000000000000000038
:104484000000000000000000000000000000000028
:104494000000000000000000000000000000000018
:1044A4000000000000000000000000000000000008
:1044B40000000000000000000000000000000000F8
:1044C40000000000000000000000000000000000E8
:1044D40000000000000000000000000000000000D8
:1044E40000000000000000000000000000000000C8
:1044F40000000000000000000000000000000000B8
:1045040000000000000000000000000000000000A7
:104514000000000000000000000000000000000097
:104524000000000000000000000000000000000087
:104534000000000000000000000000000000000077
:104544000000000000000000000000000000000067
:104554000000000000000000000000000000000057
:104564000000000000000000000000000000000047
:104574000000000000000000000000000000000037
:104584000000000000000000000000000000000027
:104594000000000000000000000000000000000017
:1045A4000000000000000000000000000000000007
:1045B40000000000000000000000000000000000F7
:1045C40000000000000000000000000000000000E7
:1045D40000000000000000000000000000000000D7
:1045E40000000000000000000000000000000000C7
:1045F40000000000000000000000000000000000B7
:1046040000000000000000000000000000000000A6
:104614000000000000000000000000000000000096
:104624000000000000000000000000000000000086
:104634000000000000000000000000000000000076
:104644000000000000000000000000000000000066
:104654000000000000000000000000000000000056
:104664000000000000000000000000000000000046
:104674000000000000000000000000000000000036
:104684000000000000000000000000000000000026
:104694000000000000000000000000000000000016
:1046A4000000000000000000000000000000000006
:1046B40000000000000000000000000000000000F6
:1046C40000000000000000000000000000000000E6
:1046D40000000000000000000000000000000000D6
:1046E40000000000000000000000000000000000C6
:1046F40000000000000000000000000000000000B6
:1047040000000000000000000000000000000000A5
:104714000000000000000000000000000000000095
:104724000000000000000000000000000000000085
:104734000000000000000000000000000000000075
:104744000000000000000000000000000000000065
:104754000000000000000000000000000000000055
:104764000000000000000000000000000000000045
:104774000000000000000000000000000000000035
:104784000000000000000000000000000000000025
:104794000000000000000000000000000000000015
:1047A4000000000000000000000000000000000005
:1047B40000000000000000000000000000000000F5
:1047C40000000000000000000000000000000000E5
:1047D40000000000000000000000000000000000D5
:1047E40000000000000000000000000000000000C5
:1047F40000000000000000000000000000000000B5
:1048040000000000000000000000000000000000A4
:104814000000000000000000000000000000000094
:104824000000000000000000000000000000000084
:104834000000000000000000000000000000000074
:104844000000000000000000000000000000000064
:104854000000000000000000000000000000000054
:104864000000000000000000000000000000000044
:104874000000000000000000000000000000000034
:104884000000000000000000000000000000000024
:104894000000000000000000000000000000000014
:1048A4000000000000000000000000000000000004
:1048B40000000000000000000000000000000000F4
:1048C40000000000000000000000000000000000E4
:1048D40000000000000000000000000000000000D4
:1048E40000000000000000000000000000000000C4
:1048F40000000000000000000000000000000000B4
:1049040000000000000000000000000000000000A3
:104914000000000000000000000000000000000093
:104924000000000000000000000000000000000083
:104934000000000000000000000000000000000073
:104944000000000000000000000000000000000063
:104954000000000000000000000000000000000053
:104964000000000000000000000000000000000043
:104974000000000000000000000000000000000033
:104984000000000000000000000000000000000023
:104994000000000000000000000000000000000013
:1049A4000000000000000000000000000000000003
:1049B40000000000000000000000000000000000F3
:1049C40000000000000000000000000000000000E3
:1049D40000000000000000000000000000000000D3
:1049E40000000000000000000000000000000000C3
:1049F40000000000000000000000000000000000B3
:104A040000000000000000000000000000000000A2
:104A14000000000000000000000000000000000092
:104A24000000000000000000000000000000000082
:104A34000000000000000000000000000000000072
:104A44000000000000000000000000000000000062
:104A54000000000000000000000000000000000052
:104A64000000000000000000000000000000000042
:104A74000000000000000000000000000000000032
:104A84000000000000000000000000000000000022
:104A94000000000000000000000000000000000012
:104AA4000000000000000000000000000000000002
:104AB40000000000000000000000000000000000F2
:104AC40000000000000000000000000000000000E2
:104AD40000000000000000000000000000000000D2
:104AE40000000000000000000000000000000000C2
:104AF40000000000000000000000000000000000B2
:104B040000000000000000000000000000000000A1
:104B14000000000000000000000000000000000091
:104B24000000000000000000000000000000000081
:104B34000000000000000000000000000000000071
:104B44000000000000000000000000000000000061
:104B54000000000000000000000000000000000051
:104B64000000000000000000000000000000000041
:104B74000000000000000000000000000000000031
:104B84000000000000000000000000000000000021
:104B94000000000000000000000000000000000011
:104BA4000000000000000000000000000000000001
:104BB40000000000000000000000000000000000F1
:104BC40000000000000000000000000000000000E1
:104BD40000000000000000000000000000000000D1
:104BE40000000000000000000000000000000000C1
:0C4BF400000000000000000000000000B5
:040000056000100087
:00000001FF
