:0200000460009A
:100000004643464200000156000000000103030081
:1000100000000000000000000000000000000000E0
:1000200000000000000000000000000000000000D0
:1000300000000000000000000000000000000000C0
:1000400000000000010408000000000000000000A3
:100050000000200000000000000000000000000080
:100060000000000000000000000000000000000090
:100070000000000000000000000000000000000080
:10008000EB04180A063204260000000000000000FD
:10009000050404240000000000000000000000002F
:1000A0000000000000000000000000000000000050
:1000B0000604000000000000000000000000000036
:1000C0000000000000000000000000000000000030
:1000D00020041808000000000000000000000000DC
:1000E0000000000000000000000000000000000010
:1000F0000000000000000000000000000000000000
:10010000D8041808000000000000000000000000F3
:100110000204180804200000000000000000000095
:1001200000000000000000000000000000000000CF
:10013000600400000000000000000000000000005B
:1001400000000000000000000000000000000000AF
:10015000000000000000000000000000000000009F
:10016000000000000000000000000000000000008F
:10017000000000000000000000000000000000007F
:10018000000000000000000000000000000000006F
:10019000000000000000000000000000000000005F
:1001A000000000000000000000000000000000004F
:1001B000000000000000000000000000000000003F
:1001C000000100000010000001000000000000001D
:1001D000000001000000000000000000000000001E
:1001E000000000000000000000000000000000000F
:1001F00000000000000000000000000000000000FF
:10020000FFFFFFFFFFFFFFFFFFFFFFFFFFFFFFFFFE
:10021000FFFFFFFFFFFFFFFFFFFFFFFFFFFFFFFFEE
:10022000FFFFFFFFFFFFFFFFFFFFFFFFFFFFFFFFDE
:10023000FFFFFFFFFFFFFFFFFFFFFFFFFFFFFFFFCE
:10024000FFFFFFFFFFFFFFFFFFFFFFFFFFFFFFFFBE
:10025000FFFFFFFFFFFFFFFFFFFFFFFFFFFFFFFFAE
:10026000FFFFFFFFFFFFFFFFFFFFFFFFFFFFFFFF9E
:10027000FFFFFFFFFFFFFFFFFFFFFFFFFFFFFFFF8E
:10028000FFFFFFFFFFFFFFFFFFFFFFFFFFFFFFFF7E
:10029000FFFFFFFFFFFFFFFFFFFFFFFFFFFFFFFF6E
:1002A000FFFFFFFFFFFFFFFFFFFFFFFFFFFFFFFF5E
:1002B000FFFFFFFFFFFFFFFFFFFFFFFFFFFFFFFF4E
:1002C000FFFFFFFFFFFFFFFFFFFFFFFFFFFFFFFF3E
:1002D000FFFFFFFFFFFFFFFFFFFFFFFFFFFFFFFF2E
:1002E000FFFFFFFFFFFFFFFFFFFFFFFFFFFFFFFF1E
:1002F000FFFFFFFFFFFFFFFFFFFFFFFFFFFFFFFF0E
:10030000FFFFFFFFFFFFFFFFFFFFFFFFFFFFFFFFFD
:10031000FFFFFFFFFFFFFFFFFFFFFFFFFFFFFFFFED
:10032000FFFFFFFFFFFFFFFFFFFFFFFFFFFFFFFFDD
:10033000FFFFFFFFFFFFFFFFFFFFFFFFFFFFFFFFCD
:10034000FFFFFFFFFFFFFFFFFFFFFFFFFFFFFFFFBD
:10035000FFFFFFFFFFFFFFFFFFFFFFFFFFFFFFFFAD
:10036000FFFFFFFFFFFFFFFFFFFFFFFFFFFFFFFF9D
:10037000FFFFFFFFFFFFFFFFFFFFFFFFFFFFFFFF8D
:10038000FFFFFFFFFFFFFFFFFFFFFFFFFFFFFFFF7D
:10039000FFFFFFFFFFFFFFFFFFFFFFFFFFFFFFFF6D
:1003A000FFFFFFFFFFFFFFFFFFFFFFFFFFFFFFFF5D
:1003B000FFFFFFFFFFFFFFFFFFFFFFFFFFFFFFFF4D
:1003C000FFFFFFFFFFFFFFFFFFFFFFFFFFFFFFFF3D
:1003D000FFFFFFFFFFFFFFFFFFFFFFFFFFFFFFFF2D
:1003E000FFFFFFFFFFFFFFFFFFFFFFFFFFFFFFFF1D
:1003F000FFFFFFFFFFFFFFFFFFFFFFFFFFFFFFFF0D
:10040000FFFFFFFFFFFFFFFFFFFFFFFFFFFFFFFFFC
:10041000FFFFFFFFFFFFFFFFFFFFFFFFFFFFFFFFEC
:10042000FFFFFFFFFFFFFFFFFFFFFFFFFFFFFFFFDC
:10043000FFFFFFFFFFFFFFFFFFFFFFFFFFFFFFFFCC
:10044000FFFFFFFFFFFFFFFFFFFFFFFFFFFFFFFFBC
:10045000FFFFFFFFFFFFFFFFFFFFFFFFFFFFFFFFAC
:10046000FFFFFFFFFFFFFFFFFFFFFFFFFFFFFFFF9C
:10047000FFFFFFFFFFFFFFFFFFFFFFFFFFFFFFFF8C
:10048000FFFFFFFFFFFFFFFFFFFFFFFFFFFFFFFF7C
:10049000FFFFFFFFFFFFFFFFFFFFFFFFFFFFFFFF6C
:1004A000FFFFFFFFFFFFFFFFFFFFFFFFFFFFFFFF5C
:1004B000FFFFFFFFFFFFFFFFFFFFFFFFFFFFFFFF4C
:1004C000FFFFFFFFFFFFFFFFFFFFFFFFFFFFFFFF3C
:1004D000FFFFFFFFFFFFFFFFFFFFFFFFFFFFFFFF2C
:1004E000FFFFFFFFFFFFFFFFFFFFFFFFFFFFFFFF1C
:1004F000FFFFFFFFFFFFFFFFFFFFFFFFFFFFFFFF0C
:10050000FFFFFFFFFFFFFFFFFFFFFFFFFFFFFFFFFB
:10051000FFFFFFFFFFFFFFFFFFFFFFFFFFFFFFFFEB
:10052000FFFFFFFFFFFFFFFFFFFFFFFFFFFFFFFFDB
:10053000FFFFFFFFFFFFFFFFFFFFFFFFFFFFFFFFCB
:10054000FFFFFFFFFFFFFFFFFFFFFFFFFFFFFFFFBB
:10055000FFFFFFFFFFFFFFFFFFFFFFFFFFFFFFFFAB
:10056000FFFFFFFFFFFFFFFFFFFFFFFFFFFFFFFF9B
:10057000FFFFFFFFFFFFFFFFFFFFFFFFFFFFFFFF8B
:10058000FFFFFFFFFFFFFFFFFFFFFFFFFFFFFFFF7B
:10059000FFFFFFFFFFFFFFFFFFFFFFFFFFFFFFFF6B
:1005A000FFFFFFFFFFFFFFFFFFFFFFFFFFFFFFFF5B
:1005B000FFFFFFFFFFFFFFFFFFFFFFFFFFFFFFFF4B
:1005C000FFFFFFFFFFFFFFFFFFFFFFFFFFFFFFFF3B
:1005D000FFFFFFFFFFFFFFFFFFFFFFFFFFFFFFFF2B
:1005E000FFFFFFFFFFFFFFFFFFFFFFFFFFFFFFFF1B
:1005F000FFFFFFFFFFFFFFFFFFFFFFFFFFFFFFFF0B
:10060000FFFFFFFFFFFFFFFFFFFFFFFFFFFFFFFFFA
:10061000FFFFFFFFFFFFFFFFFFFFFFFFFFFFFFFFEA
:10062000FFFFFFFFFFFFFFFFFFFFFFFFFFFFFFFFDA
:10063000FFFFFFFFFFFFFFFFFFFFFFFFFFFFFFFFCA
:10064000FFFFFFFFFFFFFFFFFFFFFFFFFFFFFFFFBA
:10065000FFFFFFFFFFFFFFFFFFFFFFFFFFFFFFFFAA
:10066000FFFFFFFFFFFFFFFFFFFFFFFFFFFFFFFF9A
:10067000FFFFFFFFFFFFFFFFFFFFFFFFFFFFFFFF8A
:10068000FFFFFFFFFFFFFFFFFFFFFFFFFFFFFFFF7A
:10069000FFFFFFFFFFFFFFFFFFFFFFFFFFFFFFFF6A
:1006A000FFFFFFFFFFFFFFFFFFFFFFFFFFFFFFFF5A
:1006B000FFFFFFFFFFFFFFFFFFFFFFFFFFFFFFFF4A
:1006C000FFFFFFFFFFFFFFFFFFFFFFFFFFFFFFFF3A
:1006D000FFFFFFFFFFFFFFFFFFFFFFFFFFFFFFFF2A
:1006E000FFFFFFFFFFFFFFFFFFFFFFFFFFFFFFFF1A
:1006F000FFFFFFFFFFFFFFFFFFFFFFFFFFFFFFFF0A
:10070000FFFFFFFFFFFFFFFFFFFFFFFFFFFFFFFFF9
:10071000FFFFFFFFFFFFFFFFFFFFFFFFFFFFFFFFE9
:10072000FFFFFFFFFFFFFFFFFFFFFFFFFFFFFFFFD9
:10073000FFFFFFFFFFFFFFFFFFFFFFFFFFFFFFFFC9
:10074000FFFFFFFFFFFFFFFFFFFFFFFFFFFFFFFFB9
:10075000FFFFFFFFFFFFFFFFFFFFFFFFFFFFFFFFA9
:10076000FFFFFFFFFFFFFFFFFFFFFFFFFFFFFFFF99
:10077000FFFFFFFFFFFFFFFFFFFFFFFFFFFFFFFF89
:10078000FFFFFFFFFFFFFFFFFFFFFFFFFFFFFFFF79
:10079000FFFFFFFFFFFFFFFFFFFFFFFFFFFFFFFF69
:1007A000FFFFFFFFFFFFFFFFFFFFFFFFFFFFFFFF59
:1007B000FFFFFFFFFFFFFFFFFFFFFFFFFFFFFFFF49
:1007C000FFFFFFFFFFFFFFFFFFFFFFFFFFFFFFFF39
:1007D000FFFFFFFFFFFFFFFFFFFFFFFFFFFFFFFF29
:1007E000FFFFFFFFFFFFFFFFFFFFFFFFFFFFFFFF19
:1007F000FFFFFFFFFFFFFFFFFFFFFFFFFFFFFFFF09
:10080000FFFFFFFFFFFFFFFFFFFFFFFFFFFFFFFFF8
:10081000FFFFFFFFFFFFFFFFFFFFFFFFFFFFFFFFE8
:10082000FFFFFFFFFFFFFFFFFFFFFFFFFFFFFFFFD8
:10083000FFFFFFFFFFFFFFFFFFFFFFFFFFFFFFFFC8
:10084000FFFFFFFFFFFFFFFFFFFFFFFFFFFFFFFFB8
:10085000FFFFFFFFFFFFFFFFFFFFFFFFFFFFFFFFA8
:10086000FFFFFFFFFFFFFFFFFFFFFFFFFFFFFFFF98
:10087000FFFFFFFFFFFFFFFFFFFFFFFFFFFFFFFF88
:10088000FFFFFFFFFFFFFFFFFFFFFFFFFFFFFFFF78
:10089000FFFFFFFFFFFFFFFFFFFFFFFFFFFFFFFF68
:1008A000FFFFFFFFFFFFFFFFFFFFFFFFFFFFFFFF58
:1008B000FFFFFFFFFFFFFFFFFFFFFFFFFFFFFFFF48
:1008C000FFFFFFFFFFFFFFFFFFFFFFFFFFFFFFFF38
:1008D000FFFFFFFFFFFFFFFFFFFFFFFFFFFFFFFF28
:1008E000FFFFFFFFFFFFFFFFFFFFFFFFFFFFFFFF18
:1008F000FFFFFFFFFFFFFFFFFFFFFFFFFFFFFFFF08
:10090000FFFFFFFFFFFFFFFFFFFFFFFFFFFFFFFFF7
:10091000FFFFFFFFFFFFFFFFFFFFFFFFFFFFFFFFE7
:10092000FFFFFFFFFFFFFFFFFFFFFFFFFFFFFFFFD7
:10093000FFFFFFFFFFFFFFFFFFFFFFFFFFFFFFFFC7
:10094000FFFFFFFFFFFFFFFFFFFFFFFFFFFFFFFFB7
:10095000FFFFFFFFFFFFFFFFFFFFFFFFFFFFFFFFA7
:10096000FFFFFFFFFFFFFFFFFFFFFFFFFFFFFFFF97
:10097000FFFFFFFFFFFFFFFFFFFFFFFFFFFFFFFF87
:10098000FFFFFFFFFFFFFFFFFFFFFFFFFFFFFFFF77
:10099000FFFFFFFFFFFFFFFFFFFFFFFFFFFFFFFF67
:1009A000FFFFFFFFFFFFFFFFFFFFFFFFFFFFFFFF57
:1009B000FFFFFFFFFFFFFFFFFFFFFFFFFFFFFFFF47
:1009C000FFFFFFFFFFFFFFFFFFFFFFFFFFFFFFFF37
:1009D000FFFFFFFFFFFFFFFFFFFFFFFFFFFFFFFF27
:1009E000FFFFFFFFFFFFFFFFFFFFFFFFFFFFFFFF17
:1009F000FFFFFFFFFFFFFFFFFFFFFFFFFFFFFFFF07
:100A0000FFFFFFFFFFFFFFFFFFFFFFFFFFFFFFFFF6
:100A1000FFFFFFFFFFFFFFFFFFFFFFFFFFFFFFFFE6
:100A2000FFFFFFFFFFFFFFFFFFFFFFFFFFFFFFFFD6
:100A3000FFFFFFFFFFFFFFFFFFFFFFFFFFFFFFFFC6
:100A4000FFFFFFFFFFFFFFFFFFFFFFFFFFFFFFFFB6
:100A5000FFFFFFFFFFFFFFFFFFFFFFFFFFFFFFFFA6
:100A6000FFFFFFFFFFFFFFFFFFFFFFFFFFFFFFFF96
:100A7000FFFFFFFFFFFFFFFFFFFFFFFFFFFFFFFF86
:100A8000FFFFFFFFFFFFFFFFFFFFFFFFFFFFFFFF76
:100A9000FFFFFFFFFFFFFFFFFFFFFFFFFFFFFFFF66
:100AA000FFFFFFFFFFFFFFFFFFFFFFFFFFFFFFFF56
:100AB000FFFFFFFFFFFFFFFFFFFFFFFFFFFFFFFF46
:100AC000FFFFFFFFFFFFFFFFFFFFFFFFFFFFFFFF36
:100AD000FFFFFFFFFFFFFFFFFFFFFFFFFFFFFFFF26
:100AE000FFFFFFFFFFFFFFFFFFFFFFFFFFFFFFFF16
:100AF000FFFFFFFFFFFFFFFFFFFFFFFFFFFFFFFF06
:100B0000FFFFFFFFFFFFFFFFFFFFFFFFFFFFFFFFF5
:100B1000FFFFFFFFFFFFFFFFFFFFFFFFFFFFFFFFE5
:100B2000FFFFFFFFFFFFFFFFFFFFFFFFFFFFFFFFD5
:100B3000FFFFFFFFFFFFFFFFFFFFFFFFFFFFFFFFC5
:100B4000FFFFFFFFFFFFFFFFFFFFFFFFFFFFFFFFB5
:100B5000FFFFFFFFFFFFFFFFFFFFFFFFFFFFFFFFA5
:100B6000FFFFFFFFFFFFFFFFFFFFFFFFFFFFFFFF95
:100B7000FFFFFFFFFFFFFFFFFFFFFFFFFFFFFFFF85
:100B8000FFFFFFFFFFFFFFFFFFFFFFFFFFFFFFFF75
:100B9000FFFFFFFFFFFFFFFFFFFFFFFFFFFFFFFF65
:100BA000FFFFFFFFFFFFFFFFFFFFFFFFFFFFFFFF55
:100BB000FFFFFFFFFFFFFFFFFFFFFFFFFFFFFFFF45
:100BC000FFFFFFFFFFFFFFFFFFFFFFFFFFFFFFFF35
:100BD000FFFFFFFFFFFFFFFFFFFFFFFFFFFFFFFF25
:100BE000FFFFFFFFFFFFFFFFFFFFFFFFFFFFFFFF15
:100BF000FFFFFFFFFFFFFFFFFFFFFFFFFFFFFFFF05
:100C0000FFFFFFFFFFFFFFFFFFFFFFFFFFFFFFFFF4
:100C1000FFFFFFFFFFFFFFFFFFFFFFFFFFFFFFFFE4
:100C2000FFFFFFFFFFFFFFFFFFFFFFFFFFFFFFFFD4
:100C3000FFFFFFFFFFFFFFFFFFFFFFFFFFFFFFFFC4
:100C4000FFFFFFFFFFFFFFFFFFFFFFFFFFFFFFFFB4
:100C5000FFFFFFFFFFFFFFFFFFFFFFFFFFFFFFFFA4
:100C6000FFFFFFFFFFFFFFFFFFFFFFFFFFFFFFFF94
:100C7000FFFFFFFFFFFFFFFFFFFFFFFFFFFFFFFF84
:100C8000FFFFFFFFFFFFFFFFFFFFFFFFFFFFFFFF74
:100C9000FFFFFFFFFFFFFFFFFFFFFFFFFFFFFFFF64
:100CA000FFFFFFFFFFFFFFFFFFFFFFFFFFFFFFFF54
:100CB000FFFFFFFFFFFFFFFFFFFFFFFFFFFFFFFF44
:100CC000FFFFFFFFFFFFFFFFFFFFFFFFFFFFFFFF34
:100CD000FFFFFFFFFFFFFFFFFFFFFFFFFFFFFFFF24
:100CE000FFFFFFFFFFFFFFFFFFFFFFFFFFFFFFFF14
:100CF000FFFFFFFFFFFFFFFFFFFFFFFFFFFFFFFF04
:100D0000FFFFFFFFFFFFFFFFFFFFFFFFFFFFFFFFF3
:100D1000FFFFFFFFFFFFFFFFFFFFFFFFFFFFFFFFE3
:100D2000FFFFFFFFFFFFFFFFFFFFFFFFFFFFFFFFD3
:100D3000FFFFFFFFFFFFFFFFFFFFFFFFFFFFFFFFC3
:100D4000FFFFFFFFFFFFFFFFFFFFFFFFFFFFFFFFB3
:100D5000FFFFFFFFFFFFFFFFFFFFFFFFFFFFFFFFA3
:100D6000FFFFFFFFFFFFFFFFFFFFFFFFFFFFFFFF93
:100D7000FFFFFFFFFFFFFFFFFFFFFFFFFFFFFFFF83
:100D8000FFFFFFFFFFFFFFFFFFFFFFFFFFFFFFFF73
:100D9000FFFFFFFFFFFFFFFFFFFFFFFFFFFFFFFF63
:100DA000FFFFFFFFFFFFFFFFFFFFFFFFFFFFFFFF53
:100DB000FFFFFFFFFFFFFFFFFFFFFFFFFFFFFFFF43
:100DC000FFFFFFFFFFFFFFFFFFFFFFFFFFFFFFFF33
:100DD000FFFFFFFFFFFFFFFFFFFFFFFFFFFFFFFF23
:100DE000FFFFFFFFFFFFFFFFFFFFFFFFFFFFFFFF13
:100DF000FFFFFFFFFFFFFFFFFFFFFFFFFFFFFFFF03
:100E0000FFFFFFFFFFFFFFFFFFFFFFFFFFFFFFFFF2
:100E1000FFFFFFFFFFFFFFFFFFFFFFFFFFFFFFFFE2
:100E2000FFFFFFFFFFFFFFFFFFFFFFFFFFFFFFFFD2
:100E3000FFFFFFFFFFFFFFFFFFFFFFFFFFFFFFFFC2
:100E4000FFFFFFFFFFFFFFFFFFFFFFFFFFFFFFFFB2
:100E5000FFFFFFFFFFFFFFFFFFFFFFFFFFFFFFFFA2
:100E6000FFFFFFFFFFFFFFFFFFFFFFFFFFFFFFFF92
:100E7000FFFFFFFFFFFFFFFFFFFFFFFFFFFFFFFF82
:100E8000FFFFFFFFFFFFFFFFFFFFFFFFFFFFFFFF72
:100E9000FFFFFFFFFFFFFFFFFFFFFFFFFFFFFFFF62
:100EA000FFFFFFFFFFFFFFFFFFFFFFFFFFFFFFFF52
:100EB000FFFFFFFFFFFFFFFFFFFFFFFFFFFFFFFF42
:100EC000FFFFFFFFFFFFFFFFFFFFFFFFFFFFFFFF32
:100ED000FFFFFFFFFFFFFFFFFFFFFFFFFFFFFFFF22
:100EE000FFFFFFFFFFFFFFFFFFFFFFFFFFFFFFFF12
:100EF000FFFFFFFFFFFFFFFFFFFFFFFFFFFFFFFF02
:100F0000FFFFFFFFFFFFFFFFFFFFFFFFFFFFFFFFF1
:100F1000FFFFFFFFFFFFFFFFFFFFFFFFFFFFFFFFE1
:100F2000FFFFFFFFFFFFFFFFFFFFFFFFFFFFFFFFD1
:100F3000FFFFFFFFFFFFFFFFFFFFFFFFFFFFFFFFC1
:100F4000FFFFFFFFFFFFFFFFFFFFFFFFFFFFFFFFB1
:100F5000FFFFFFFFFFFFFFFFFFFFFFFFFFFFFFFFA1
:100F6000FFFFFFFFFFFFFFFFFFFFFFFFFFFFFFFF91
:100F7000FFFFFFFFFFFFFFFFFFFFFFFFFFFFFFFF81
:100F8000FFFFFFFFFFFFFFFFFFFFFFFFFFFFFFFF71
:100F9000FFFFFFFFFFFFFFFFFFFFFFFFFFFFFFFF61
:100FA000FFFFFFFFFFFFFFFFFFFFFFFFFFFFFFFF51
:100FB000FFFFFFFFFFFFFFFFFFFFFFFFFFFFFFFF41
:100FC000FFFFFFFFFFFFFFFFFFFFFFFFFFFFFFFF31
:100FD000FFFFFFFFFFFFFFFFFFFFFFFFFFFFFFFF21
:100FE000FFFFFFFFFFFFFFFFFFFFFFFFFFFFFFFF11
:100FF000FFFFFFFFFFFFFFFFFFFFFFFFFFFFFFFF01
:10100000D1002043ED15006000000000000000004A
:1010100020100060001000600080006000000000F0
:1010200000000060008C000000000000FFFFFFFFD8
:10103000FFFFFFFFFFFFFFFFFFFFFFFFFFFFFFFFC0
:10104000FFFFFFFFFFFFFFFFFFFFFFFFFFFFFFFFB0
:10105000FFFFFFFFFFFFFFFFFFFFFFFFFFFFFFFFA0
:10106000FFFFFFFFFFFFFFFFFFFFFFFFFFFFFFFF90
:10107000FFFFFFFFFFFFFFFFFFFFFFFFFFFFFFFF80
:10108000FFFFFFFFFFFFFFFFFFFFFFFFFFFFFFFF70
:10109000FFFFFFFFFFFFFFFFFFFFFFFFFFFFFFFF60
:1010A000FFFFFFFFFFFFFFFFFFFFFFFFFFFFFFFF50
:1010B000FFFFFFFFFFFFFFFFFFFFFFFFFFFFFFFF40
:1010C000FFFFFFFFFFFFFFFFFFFFFFFFFFFFFFFF30
:1010D000FFFFFFFFFFFFFFFFFFFFFFFFFFFFFFFF20
:1010E000FFFFFFFFFFFFFFFFFFFFFFFFFFFFFFFF10
:1010F000FFFFFFFFFFFFFFFFFFFFFFFFFFFFFFFF00
:10110000FFFFFFFFFFFFFFFFFFFFFFFFFFFFFFFFEF
:10111000FFFFFFFFFFFFFFFFFFFFFFFFFFFFFFFFDF
:10112000FFFFFFFFFFFFFFFFFFFFFFFFFFFFFFFFCF
:10113000FFFFFFFFFFFFFFFFFFFFFFFFFFFFFFFFBF
:10114000FFFFFFFFFFFFFFFFFFFFFFFFFFFFFFFFAF
:10115000FFFFFFFFFFFFFFFFFFFFFFFFFFFFFFFF9F
:10116000FFFFFFFFFFFFFFFFFFFFFFFFFFFFFFFF8F
:10117000FFFFFFFFFFFFFFFFFFFFFFFFFFFFFFFF7F
:10118000FFFFFFFFFFFFFFFFFFFFFFFFFFFFFFFF6F
:10119000FFFFFFFFFFFFFFFFFFFFFFFFFFFFFFFF5F
:1011A000FFFFFFFFFFFFFFFFFFFFFFFFFFFFFFFF4F
:1011B000FFFFFFFFFFFFFFFFFFFFFFFFFFFFFFFF3F
:1011C000FFFFFFFFFFFFFFFFFFFFFFFFFFFFFFFF2F
:1011D000FFFFFFFFFFFFFFFFFFFFFFFFFFFFFFFF1F
:1011E000FFFFFFFFFFFFFFFFFFFFFFFFFFFFFFFF0F
:1011F000FFFFFFFFFFFFFFFFFFFFFFFFFFFFFFFFFF
:10120000FFFFFFFFFFFFFFFFFFFFFFFFFFFFFFFFEE
:10121000FFFFFFFFFFFFFFFFFFFFFFFFFFFFFFFFDE
:10122000FFFFFFFFFFFFFFFFFFFFFFFFFFFFFFFFCE
:10123000FFFFFFFFFFFFFFFFFFFFFFFFFFFFFFFFBE
:10124000FFFFFFFFFFFFFFFFFFFFFFFFFFFFFFFFAE
:10125000FFFFFFFFFFFFFFFFFFFFFFFFFFFFFFFF9E
:10126000FFFFFFFFFFFFFFFFFFFFFFFFFFFFFFFF8E
:10127000FFFFFFFFFFFFFFFFFFFFFFFFFFFFFFFF7E
:10128000FFFFFFFFFFFFFFFFFFFFFFFFFFFFFFFF6E
:10129000FFFFFFFFFFFFFFFFFFFFFFFFFFFFFFFF5E
:1012A000FFFFFFFFFFFFFFFFFFFFFFFFFFFFFFFF4E
:1012B000FFFFFFFFFFFFFFFFFFFFFFFFFFFFFFFF3E
:1012C000FFFFFFFFFFFFFFFFFFFFFFFFFFFFFFFF2E
:1012D000FFFFFFFFFFFFFFFFFFFFFFFFFFFFFFFF1E
:1012E000FFFFFFFFFFFFFFFFFFFFFFFFFFFFFFFF0E
:1012F000FFFFFFFFFFFFFFFFFFFFFFFFFFFFFFFFFE
:10130000FFFFFFFFFFFFFFFFFFFFFFFFFFFFFFFFED
:10131000FFFFFFFFFFFFFFFFFFFFFFFFFFFFFFFFDD
:10132000FFFFFFFFFFFFFFFFFFFFFFFFFFFFFFFFCD
:10133000FFFFFFFFFFFFFFFFFFFFFFFFFFFFFFFFBD
:10134000FFFFFFFFFFFFFFFFFFFFFFFFFFFFFFFFAD
:10135000FFFFFFFFFFFFFFFFFFFFFFFFFFFFFFFF9D
:10136000FFFFFFFFFFFFFFFFFFFFFFFFFFFFFFFF8D
:10137000FFFFFFFFFFFFFFFFFFFFFFFFFFFFFFFF7D
:10138000FFFFFFFFFFFFFFFFFFFFFFFFFFFFFFFF6D
:10139000FFFFFFFFFFFFFFFFFFFFFFFFFFFFFFFF5D
:1013A000FFFFFFFFFFFFFFFFFFFFFFFFFFFFFFFF4D
:1013B000FFFFFFFFFFFFFFFFFFFFFFFFFFFFFFFF3D
:1013C000FFFFFFFFFFFFFFFFFFFFFFFFFFFFFFFF2D
:1013D000FFFFFFFFFFFFFFFFFFFFFFFFFFFFFFFF1D
:1013E000FFFFFFFFFFFFFFFFFFFFFFFFFFFFFFFF0D
:1013F000FFFFFFFFFFFFFFFFFFFFFFFFFFFFFFFFFD
:10140000824205D051F8043B40F8043B8242F9D8AF
:10141000704700BF044A05494FF0000342F8043BFF
:101420009142FBD8704700BFC016002080230020E7
:1014300080B5BFF34F8F00F093F9534C534B082006
:101440005349C3F85401534AC3F800115248C3F832
:10145000F0405249FFF7D4FF514A52495248FFF732
:10146000CFFF524CFFF7D6FF4FF470004FF0E02152
:1014700000234F4AC1F8880D44F823200133B02BD4
:10148000FAD14C4B80214C4A03F8011B9342FBD10B
:101490004FF0E025494F4A4A4FF0FF31C5F8084D5B
:1014A0000026D5F8243D43F4E023C5F8243DFB692C
:1014B00023F07F0343F04003FB617B6A23F07F034B
:1014C00043F040037B629166D1661167516700F07B
:1014D0004FF93C4B63223C49A3633C4BE36303233A
:1014E0006A613B4AAE612B61C5F8202DD5F8FC2D11
:1014F000384B42F08072C5F8FC2D1A6842F00102A8
:101500001A605B680B6000F0BDF9334800F028FCFE
:10151000F96E324B324A41F44051F9661E60C3F80D
:101520000861C3F81861C3F82861C3F83861936B88
:10153000DB0708D442F615632A4951651365936B9E
:1015400043F001039363264A274C936843F0011349
:10155000936000F0FBFA00F0FBFB00F0C1F900F033
:1015600001F92368132BFCD900F052FA2368B3F574
:10157000967FFBD300F0FAF800F0F6F800F0F4FBE9
:1015800000F0F6FB30BFFDE70C0D111300800D409D
:101590001B101820E845000000000000E81F006054
:1015A000C0160020D4650060000000200014002058
:1015B000FD15000000E400E0A0E400E000C00F40E2
:1015C00000C00A4041270000FC22002045270000FF
:1015D00000002020001000E00046C3230040084027
:1015E00000400D400000C05600230020054B4FF482
:1015F0002A01054A05485A641864054A99639546C4
:10160000FFF716FF00C00A40ABAAAAAA07002000F5
:10161000008007201BB9124B1B6F9B041ED400F0E7
:101620003F000F4B22F0604221F0604140F48910EE
:101630001867C3F88010C3F890201A6F22F4805204
:101640001A671A6F002AFCDAD3F87011054A0A40AB
:10165000C3F870211A6F22F480321A67704700BFF6
:1016600000800D40FF7F7FFFB1F5607FF0B50E4633
:101670008DB028BF4FF460760F46054672B62E4BEC
:1016800000247022186021462C4B2D481C8000F04D
:101690005BFBCFB121462A484FF0010C4A0901F00B
:1016A0001F03013150F822400CFA03F38E4243EA43
:1016B000040340F82230F1D8284600234380013348
:1016C00000F582709E42F9D81E4C257815B162B69D
:1016D0000DB0F0BD082000F027FB1B4B8022064612
:1016E000009302A90693194B0271056008A80293A2
:1016F00000F032FB06A9164A304600F019FB069BA3
:1017000008A8DB689847009B02A8DB689847237805
:10171000002BDCD10F4B104AC3F858210F49D020C1
:101720004FF0E023402281F84600C3F8082101234E
:10173000237062B60DB0F0BD981A0020242300205B
:10174000A01A0020382300202C050020350D0000B1
:101750001B10010000140020410D000000E400E017
:10176000704700BF704700BF704700BF00BF7047A1
:1017700010B44FF0E023002110243248C3F8941D28
:10178000C3F89C4D1124C3F8A00D2F48C3F89C4DFD
:101790001224C3F8A00D2D48C3F89C4D2C4AC3F861
:1017A000A00D2C4C42F015022B48C3F89C4DC3F8F9
:1017B000A00D2A4C2A48C3F89C4DC3F8A00D294C13
:1017C000C3F89C2D2848294AC3F8A04DC3F89C0DA6
:1017D000C3F8A02D02F5A022254C0C322548C3F8F1
:1017E0009C4DC3F8A02D244AC3F89C0DC3F8A02D2E
:1017F00002F14062214C02322148C3F89C4DC3F8EB
:10180000A02D0A32C3F89C0DC3F8A02D00BF00BF65
:1018100000BF00BF00BF0122C3F8942DBFF34F8F5C
:10182000BFF36F8FC3F8501FBFF34F8FBFF36F8F9E
:10183000D3F8142D5DF8044B42F44032C3F8142D54
:10184000704700BF3F000010250008070900100086
:101850008023002013002000210002071400002034
:1018600025000813090000101600202027000B1384
:1018700017000040180000602F000B0719000070CF
:101880001A000080F0B4154A40274FF480314FF41D
:1018900080564FF400554FF4404443F24200136920
:1018A00013F0020F0ED113F4005F0FD013F4805F1A
:1018B0000ED0002BF3DA13F4803F0BD15B060BD56F
:1018C000F0BC7047946151619061E8E75561E6E7CB
:1018D0005661E4E79161E2E75761E0E700800D407F
:1018E0003F4A03203F49F3EE095AD2F880304FF0C7
:1018F000000C9FED3D6A23F001039FED3C5A30B48C
:10190000C2F88030C2F89000D1F8E010384DCBB268
:10191000384C39482B6007EE903A0B0DC1F30B2180
:10192000F8EEE77A06EE903A07EE101A334BB8EE6F
:10193000C77A2160F8EEE66A314937EEC66A37EEBB
:10194000C55A76EEC76A77EEE57A26EE266AC3EDCB
:10195000006A25EE265AD2F8803067EEA64AC0ED1E
:10196000007AC6EE275A274885EE276AC4EEA76A92
:1019700075EE875AFCEEE55A36EE076A15EE904A88
:10198000BCEEC66A43EA045376EE877AC2F880302A
:1019900016EE103AD2F89041FCEEE77A01EA0341E4
:1019A000214317EE903AC2F89011C3F30B03D2F81B
:1019B00090110B431449C2F89031D2F8803043F0B3
:1019C0000203C2F88030114B80F840C0C1F84031AA
:1019D0004FF0E023012230BCC3F80821704700BF5C
:1019E00000810D4000441F400000AA420000B442A4
:1019F000EC220020E8220020F0220020F422002027
:101A00000000FF0F00E400E000140020C1170000F8
:101A1000314B40F6617210B5C3F8202140F2044406
:101A200000F08EF92D4A2E49D2F880302D4843F02F
:101A30000303C2F880302C4BC1F8604102681A429F
:101A400003D1D1F8A8319A071BD0254A4FF00041A5
:101A5000244B5963D2F8403143F00203C2F84031BD
:101A6000D2F840319B07FBD44FF400304FF0E02117
:101A70001C4B4FF00042C1F88C0219209A6300F011
:101A80005BF9184A4FF08040154C002190630A2002
:101A9000164B11604FF42072C4F8A801184600F0EC
:101AA00053F94FF4800203464FF4810040F2431192
:101AB0001860C4F858311A640D4B0E4AC4F8481126
:101AC000C3F804224FF0E0224FF400310123C2F8A2
:101AD0000C11C4F8403110BD00800D4000C00F4013
:101AE00000002E4000900D40001C1E000000002051
:101AF00000140020A919000008B50E4B1B6E9B07AF
:101B000000D4FBBE72B60C4B00200C4AC3F8400157
:101B100003F160430A49A3F55F2311649D46BFF3B7
:101B20004F8F4FF400130748074ADB6902609B6838
:101B3000984700BF00441F4000002E4000C00A40EC
:101B40000300200000802020000012EB104BA0209A
:101B5000104AD96E41F4403110B4D96640F237646E
:101B6000D96E41F44071D96654649064936C1B063D
:101B7000FCD4094A40F23761A02351649364936C0A
:101B800013F08003FBD1054A13705DF8044B7047D6
:101B900000C00F4000400C4000800C403D2300205E
:101BA00043690A4A03EB011010B4037A084C02EBB4
:101BB0000313D3E901321460C2681A6003690BB1E0
:101BC00042691A605DF8044B704700BF9C05002015
:101BD00061F801004369027E03EB021292F808C02B
:101BE0008C451CD01A7AFF2A19D0914210B50446B0
:101BF00016D01A7EFF2A06D00121D3E900231268ED
:101C00001A4201D1217610BD064B0522204603EB76
:101C10000C135B681A60FFF7C3FF2176F3E7704788
:101C20000021EAE79C05002043690A4A03EB011002
:101C300010B490F82830084C02EB0313D3E90132BA
:101C40001460C26A1A60036B0BB1426B1A605DF8D4
:101C5000044B70479C05002061F801004369427EF7
:101C600003EB021292F828C08C451ED093F828206E
:101C7000FF2A1AD0914210B5044617D093F83820A5
:101C8000FF2A06D00121D3E9002312681A4201D1AC
:101C9000617610BD064B0522204603EB0C135B68F2
:101CA0001A60FFF7C1FF6176F3E770470021EAE7AA
:101CB0009C050020164942698B6B23F47C0343F496
:101CC000802370B58B630446124DD2E900130A6875
:101CD0001A4303690A60022200211A610E4A19613F
:101CE0009A6401225A629D624FF43035DD624FF0F2
:101CF00001159E6C1E6519629D651A61017EFFF7D4
:101D00004FFF617E2046BDE87040FFF78DBF00BFEA
:101D100000C00F40B80B05053B372819F8B500BFC8
:101D2000F8BC08BC9E4670475FF800F0F91500004B
:101D30005FF800F0DD1200005FF800F00D14000005
:101D40005FF800F0E12000005FF800F0554100006E
:101D50005FF800F0392B00005FF800F0A90D0000DB
:101D60005FF800F0692700005FF800F035420000DE
:101D70005FF800F0B514000045000000AD0300005E
:081D8000250C0000E113000036
:101D880018035400650065006E0073007900200098
:101D98004D004900440049001803540065006500DF
:101DA8006E00730079006400750069006E006F00B2
:101DB8000403090409029500030100C032080B005E
:101DC80002020201000904000001020201000524C8
:101DD800001001052401010104240206052406005F
:101DE800010705820310001009040100020A00001F
:101DF80000070503024000000705830240000009B0
:101E08000402000201030000072401000125000666
:101E1800240201010006240202020009240301032E
:101E2800010201000924030204010101000905045B
:101E38000240000000000525010101090584024057
:101E480000000000052501010300000009029500BB
:101E5800030100C032080B0002020201000904005D
:101E680000010202010005240010010524010101FE
:101E78000424020605240600010705820310000554
:101E880009040100020A000000070503020002001D
:101E98000705830200020009040200020103000092
:101EA800072401000125000624020101000624027E
:101EB80002020009240301030102010009240302AC
:101EC80004010101000905040200020000000525C3
:101ED8000101010905840200020000000525010135
:101EE800030000000A060002EF02014001000000A2
:101EF80080C00F400000000319000000100000001F
:101F0800E8841F4001000000FF000000FF000000FF
:101F18000000000000000000180000001000000091
:101F2800E4841F4001000000FF000000FF000000E3
:101F380000000000000000001F00000079310000D0
:101F480070C00F40000C00001100000011000000DC
:101F5800E0841F400200000024000000120000007E
:101F6800E0841F4001000000100000001100000084
:101F7800DC841F4002000000250000001200000061
:101F8800DC841F40010000001E0000006D310000CD
:101F980070C00F40C00000001200000013000000D5
:101FA800D0841F4001000000FF000000FF00000077
:101FB80000000000000000001300000013000000F3
:101FC800CC841F4001000000FF000000FF0000005B
:101FD80000000000000000001C000000613100004B
:101FE80000000000000000000000000000000000E9
:101FF80000000000000000000000000000000000D9
:102008000548064B1B1AD90F01EBA301491002D052
:10201800034B03B118477047C0160020C0160020B4
:102028000000000008B5054B1BB105490548AFF392
:102038000080BDE80840FFF7E3BF00BF00000000D4
:1020480074220020008C00602DE9F0472DED088BEC
:10205800054600F0A3FE002800F0F580044600F0D5
:102068009DFE0646002800F0F2804FF40072002121
:102078007A4804F05FF84FF400720021784804F0C1
:1020880059F8D5F81880DFED777AD8ED09AAF4EE7B
:10209800E7AAF1EE10FA40F3B180B7EE008A98EDA6
:1020A800049ADFF8B8919FED70AA39EE489ADFEDEF
:1020B8006F9ADFED6F8A09F50077DFF8A4A101E0D8
:1020C800D8ED09AAB0EE485AD8ED0C6AD8ED017AD5
:1020D800D8ED005AA9EE265A98ED036A98ED0D7AC4
:1020E80027EE267A67EE857A88ED0C7A87EEA50AC0
:1020F80030EE060AB4EEC80AF1EE10FAA8BF30EEC8
:10210800480A88ED030A20EE0A0A03F09DF898EDC4
:1021180007BAF0EE407AB4EEE9BAF1EE10FA0DD44F
:1021280020EE0B0A03F0D0F9F0EE407AB0EE4B0A3D
:10213800B0EE67BA03F0C8F9CBEE007A98ED0A7AE8
:1021480098ED026A67EEAA7A27EE2A7A67EE867A0F
:1021580088ED097AD9ED006A9AED007AE7EEA86A67
:10216800A7EEA87AE9EC016A4F45AAEC017AA7D153
:10217800BFEE007A394AF7EE006A9FED3E6AB01C5E
:1021880004F1020C3649DFF8F4E029E0F4EEE67ACF
:10219800F1EE10FA50DC67EE867AFDEEE77A17EE7C
:1021A800903A1BB2F1EC017A2CF8023FF4EE677A10
:1021B800F1EE10FA43D6F4EEC77AF1EE10FA1FDB0F
:1021C800F4EEE67AF1EE10FA33DC67EE867AFDEE8D
:1021D800E77A17EE903A1BB2BA4220F8023F14D0C1
:1021E800F2EC017AF4EE677AF1EE10FA29D6F4EE01
:1021F800C77AF1EE10FAC9DA7346D3E71E4FB7E78C
:102208007346BA4220F8023FEAD121462846002206
:1022180000F042FE31462846012200F03DFE2046ED
:1022280000F012FE3046BDEC088BBDE8F04700F028
:102238000BBE47F6FF73CFE747F6FF73B2E70023FD
:10224800CAE70023AEE7BDEC088BBDE8F087BDEC1C
:10225800088B2046BDE8F04700F0F6BD581B00206B
:10226800581D002017B7D138DB0FC940BD37863558
:10227800F304353F00FEFF46581D00200180FFFF94
:1022880030B5154B85B0154CEC46DFF86CE0144DB5
:10229800C4F82CE00FCB8CE80F00124A124B0292C4
:1022A80003939CE80F00A4464CF810EB8CE80F0051
:1022B8000E4A0C210E4B0F48C4F820E0A26263635B
:1022C80004F07AF9284600F00DFA4D21284605B0A9
:1022D800BDE8304000F04CBAA8040020700D002082
:1022E800641A0020CDCC0C3F0000404057ED7F3FE2
:1022F80003337F3F0000202000442C4710B51E4CBC
:102308009FED1E0AD4ED067A1D4AF4EEC07A1D4BE5
:102318006260A360F1EE10FA84ED030A09D994ED26
:10232800087A9FED190A67EE877A80EE270A02F08D
:1023380019FFD4ED057A84ED0A0AF5EEC07AF1EEBC
:1023480010FA0DD89FED0D0A4FF07E5384ED0D0A5B
:102358004FF4FA7063622363BDE8104001F046B899
:1023680094ED0B7A9FED080A67EE877A80EE270ACC
:1023780002F0F8FEE8E700BF700D00200000000042
:10238800000048426666663F550CDDC02D490023B3
:102398002D4A2E4810B50C6882B010601361138165
:1023A800D360002C4AD0234619465B69002BFBD129
:1023B8004A6127480021274B1060274851619061E6
:1023C80002205160917203F118021972D960996163
:1023D800D96158721A6122466469002CFBD11F49E1
:1023E80053615C605C619C7219601A4800F09CFB48
:1023F8001B4B1C490A221C4819601A7200F07CFD0C
:10240800144B224610490094174800F0E9FD174A7A
:102418001749154802F00CFC164800F06DFD012222
:10242800094900920B4B134800F0DAFD0F4A104996
:10243800104802B0BDE8104002F0FABB14460A602A
:10244800B7E700BF9C1A0020481A0020D0040020DB
:1024580028050020281A0020700D0020DC04002028
:10246800641A0020E8040020701A0020B40D00202F
:10247800B5100000841A0020002070470020704723
:10248800F8B50127027A1E4C0D46BA40C1F3072160
:102498000646204684F8A52084F8307184F82F7108
:1024A80002F0F0FBE9B2204602F0ECFB00212046E6
:1024B80002F0C0FC08B10020F8BD3B460222317A88
:1024C800204602F037FD0128F5D994F8A22094F8A7
:1024D800A300824210D2531CA118DBB2897E984215
:1024E8004FEA012184F8A23006D923440232987EAB
:1024F80084F8A2200843F8BD4FF0FF30F8BD00BFB4
:10250800B0090020F8B50127037A144C242903FAEE
:1025180007F30D4608BFC2801646C1F307212046BF
:1025280084F8A53084F8307184F82F7102F0AAFB82
:10253800E9B2204602F0A6FBC6F30721204602F0C6
:10254800A1FB2046F1B202F09DFB3946204602F07D
:1025580071FCB0FA80F04009F8BD00BFB009002056
:102568002DE9F0414FF001080F461546302144F29D
:10257800600280F804800446FFF7C4FF064610B9DD
:102588003046BDE8F0816C2226212046FFF7BAFFCD
:102598004FF4F97228212046FFF7B4FF40F6227263
:1025A8002C212046FFF7AEFF44F246423C2120464C
:1025B800FFF7A8FF40F2371224212046FFF7A2FFB9
:1025C800002F6BD0454B342120469F428CBF42469A
:1025D8000022FFF797FF07EE905A9FED417A3221CC
:1025E800B8EE676A07EE907A2046F8EE676AB5FBA0
:1025F800F7F2C6EE267A02F01F0206EE902AF8EEEF
:10260800E66A77EEE67A67EE877AFCEEE77A17EE07
:10261800903AC3F30A0343EAC222FFF773FF44F276
:10262800FF5230212046FFF76DFF7322022120461A
:10263800FFF768FF4FF4C87000F0D8FE41F61D524E
:102648002E212046FFF75EFF072204212046FFF7D0
:1026580059FFB02206212046FFF754FF10220A2115
:102668002046FFF74FFF00220E212046FFF74AFFC2
:1026780043F63C4210212046FFF744FF47F67F729D
:1026880022212046FFF73EFF362224212046FFF76D
:1026980039FF012330466372BDE8F08144F2FF023E
:1026A80030212046FFF72EFF732202212046FFF734
:1026B80029FF4FF4C87000F099FE41F61D522E21F3
:1026C8002046FFF71FFF042220461146FFF71AFF96
:1026D800302206212046FFF715FFBFE740660301B9
:1026E8000000004510B50446084803F055FF0520D2
:1026F80000F07CFE06212046FFF7C2FE2046044A71
:102708000021BDE81040FFF72BBF00BFB009002033
:102718000040C40A10B50446D1B1012901D00020F7
:1027280010BD40F273122A21FFF7ECFE0028F6D004
:10273800882220212046FFF7E5FE0028EFD0E28816
:102748002046242122F00402BDE81040FFF7DABE3B
:1027580055222021FFF7D6FE0028E0D0E288204647
:10276800242142F00402BDE81040FFF7CBBE00BFB1
:1027780038B5054611B380290CD8C1F180042B79EE
:1027880044EA042453B9224628462221BDE83840A9
:10279800FFF7B8BE2B790024002BF4D0EA88002379
:1027A8002421284622F010022B71FFF7ABFE2246A7
:1027B80028462221BDE83840FFF7A4BE012347F68A
:1027C8007F7222210371FFF79DFEEA8828462421A3
:1027D80042F01002BDE83840FFF794BE9FED1F7A23
:1027E800DFED1F7AE0EE077A38B50546FCEEE77AAA
:1027F80017EE904A14B3802C0CD8C4F180042B79BE
:1028080044EA042453B9224628462221BDE8384028
:10281800FFF778BE2B790024002BF4D0EA88002338
:102828002421284622F010022B71FFF76BFE224666
:1028380028462221BDE83840FFF764BE012347F649
:102848007F7222210371FFF75DFEEA882846242162
:1028580042F01002BDE83840FFF754BE00000143C3
:10286800EE7CFF3E2DE9F84F454B464C1868197928
:1028780004F580750368444AAB42D1770BD2434BC9
:102888001B78002B4BD04FF0E02340222C4605F557
:102898008075C3F808223E4BDFF804A1D3F8008006
:1028A800DFF800913B4BBAF80060D3F800B0B9F8F4
:1028B8000070B8F1000F4FD0BBF1000F21D1B8F173
:1028C800000F49D008F10401204601EB46014036CB
:1028D80000F0C3F9BFF34F8F4FF0E022C2F8704FFA
:1028E8002034AC42FAD3BFF34F8FBFF36F8F7F2EE4
:1028F80026D8AAF800607F2F15D8A9F80070BDE87F
:10290800F88F0BF1040208F10401204602EB47029C
:10291800403701EB4601403600F080F9DAE72C46F3
:1029280005F58075B7E700245846A9F8004000F07F
:102938008BFA194B1A681C60164B1A60BDE8F88FA1
:1029480000244046AAF8004000F07EFA134A104BD3
:10295800116814601960CEE7BBF1000F08D00BF1C5
:102968000401204601EB4701403700F096F9B1E732
:102978004FF480725946204603F0DCFBAAE700BFFB
:10298800241B0020400C202000800E40392300200A
:10299800141B00201C1B0020201B0020181B0020DB
:1029A800262300202823002038B50021044600F003
:1029B80097FA88B172B61C4A1368002B2BD01B49B2
:1029C8000D68002D2CD0156008600021184A118070
:1029D80062B6184600F038FA0121204600F080FA65
:1029E80098B172B6134A136883B113490C6854B18D
:1029F80014600024114A0860148062B61846BDE8C5
:102A0800384000F021BA086062B638BD0B49106042
:102A18000B8062B638BD064910600B8062B6DBE7F2
:102A2800086062B6D8E700BF141B0020181B0020FE
:102A3800262300201C1B0020201B00202823002008
:102A480010B5044600F0C6FB204610BDF8B52D4C65
:102A580005462D4AE36F43F44023E3679368002B50
:102A680046DBD2F88830002B42DB002342F210729A
:102A78004FF40C611C2003F09BFDE369234A23F407
:102A88004063234943F40063E361A36A1A40214B7E
:102A980042F0CE02A2624A68134043F400234B601E
:102AA8002DB91D4B0322C3F82021C3F824211A4E47
:102AB8000327154B0124C6F8287100254FF48030F0
:102AC8001649174A174E1D66DC601E6158619961E8
:102AD800DA61C3F8E050C3F88C4004F1E064C3F84D
:102AE8009040C3F89400C3F89810C3F89C20F8BD30
:102AF800002DFCD1084B0322C3F82021C3F8242160
:102B0800F8BD00BF00C00F400040384000FEFFFF86
:102B180000C00A40F8FFF7FF00801F401B1F01009C
:102B2800001F1F1F0100004770B5264D002401211A
:102B3800254E284600F0EAFA244A254B2046146020
:102B48001C60FFF783FF234B0321234A0220C3F8AD
:102B580080112B6821491A604FF480729C61DA82D7
:102B6800DA8306229C829A831D4ADE601A61C3E9D1
:102B7800011029791B480FFA81FC1B4B40F82C40A7
:102B880040F82C30194B1A48D976D2F86630194CCF
:102B980043F01043C2F8663042F81A0C00F094FA79
:102BA8002A79154B0121207002F1100003EB521312
:102BB80002F01F02114C91409B00114A42F820403C
:102BC800196070BD241B002000FEFFFF141B0020AD
:102BD8001C1B002000801F40400C20200200010127
:102BE8002240384000C00E401400008000800E4093
:102BF8000100009039230020403800388508000083
:102C080000140020024A0349034802F011B800BF2B
:102C1800B40D0020610A0000241B00202DE9F04FAC
:102C280000F5807EB1E8A00AB2E84015C5EA06437F
:102C3800C6EA2544C7EA0845C8EA2746C9EA0A4752
:102C4800CAEA2948CBEA0C49CCEA2B4AA0E8F8079B
:102C58008645E7D1BDE8F04F70474FF000022DE9F7
:102C6800F00F00F5807C00BFB1E8A00AC5EA0203B6
:102C7800C2EA2544C7EA0205C2EA2746C9EA0207AA
:102C8800C2EA2948CBEA0209C2EA2B4AA0E8F807B7
:102C98008445E9D1BDE8F00F70474FF000022DE9F7
:102CA800F00F00F5807C00BFB1E8A00AC2EA054336
:102CB800C2EA0504C2EA0745C2EA0706C2EA0947AA
:102CC800C2EA0908C2EA0B49C2EA0B0AA0E8F807F7
:102CD8008445E9D1BDE8F00F70472DE9F00F089C55
:102CE80000F5007B51F8045B53F8046BC5EA06470E
:102CF800C6EA254952F8045B54F8046BC5EA06484D
:102D0800C6EA254AA0E880078345EBD1BDE8F00F65
:102D1800704700BF4FF0E0234022C3F808227047F5
:102D2800F8B5144B144D1C686E689CB1237A204684
:102D38006BB123686F681B6898476B68E188DB1B79
:102D4800C3F38F12B1EB931FA28038BFE28064698E
:102D5800002CEBD1084B094A5B6810889B1B084C78
:102D6800C3F38F11B0EB931F218038BF1180BFF3DD
:102D78004F8FF8BD9C1A0020001000E0222300208D
:102D880020230020036818470B680360704700BFC2
:102D98000B680360704700BF704700BF30B472B65D
:102DA800244D254C2A8804F1700104EB82038B42E0
:102DB8003CD204F16F01501CC91A00EB910002E0EB
:102DC8000132824232D09C4653F8041B0029F7D0C6
:102DD800B1FA81F04FF00043C34021EA0301CCF877
:102DE800001001B90132154B2A801A88013291B2BC
:102DF800198062B6ACEB040C41F67C73C0EB00643E
:102E08004FEAAC0CC0EB841001240CEB8C1C03EBD8
:102E1800CC1303EB80030A480068C4541844094BD8
:102E28001C88944230BC38BF1980704762B60020B5
:102E380030BC704724230020A01A00201C23002047
:102E4800981A00201E230020428872B60378012BAE
:102E580003D9013B037062B67047D14353090B484D
:102E68004FF0004201F01F01CA4050F823100A43F6
:102E78000749B1F800C040F823209C45054A88BF9F
:102E88000B801388013B138062B67047A01A00209C
:102E9800242300201C230020C36813B91DE0DB682D
:102EA800E3B1187A9042FAD110B4586893F809C07F
:102EB800006950F82C4054B1DB682BB1187A904265
:102EC800F3D0DB68002BF9D15DF8044B704740F86C
:102ED8002C10087801300870EEE77047704700BF83
:102EE800437A8B4206D90369002253F8210043F83C
:102EF800212070470020704700220449C0E90022C1
:102F0800028102740A680860C2607047101B0020C2
:102F1800037CFBB903680146FBB14368EBB1427A15
:102F28005B7A9A421CD230B472B62B4B1C68ECB157
:102F3800E368C3B1486801E0DB68A3B15A6882421C
:102F4800FAD193F809C04A7A9445F5D162B60420BB
:102F580030BC7047012062B67047032062B67047E4
:102F6800022062B670476469002CE1D11B4C2368CB
:102F780043B1994202D10BE0994207D01A46DB6867
:102F8800002BF9D1052062B630BC704702F10C0461
:102F98000D68E868E8B1C3681BB908E0DA683AB1B7
:102FA800134681421846F9D162B60620D0E7034697
:102FB800D960CB68002023600123C860AA7A2B72ED
:102FC8001A44AA724A68947A13721C4494720B7455
:102FD800D9E7E960EDE700BF9C1A0020101B00202C
:102FE80010B5047C9DF808E00CB1012010BD0272F8
:102FF80080F809E0C0E90013BDE81040FFF788BF7A
:1030080038B5037C002B36D043680446427A5B7A95
:103018009A4238D272B60168CB68002B2DD09842FC
:1030280033D01A46DB689C422AD0002BF9D162685B
:10303800607A136953F8200048B1FFF705FF72B6AC
:1030480062680025607A1369216843F820508B7AFA
:10305800013BDBB28B7203B90B72937A013BDBB293
:10306800937203B913720A4B00201A6820741C600B
:10307800E26062B638BD012038BD62B6032038BDB3
:10308800E368D360D3E7022038BDC368CB60CEE7DE
:10309800101B002010B50446FFF7B2FF094A136859
:1030A80043B19C4202D108E09C4205D01A46DB6835
:1030B800002BF9D1204610BD0C32E368204613607E
:1030C80010BD00BF101B00200C4B1A789AB90C4A8F
:1030D8000C4910B4C2F858110B48D02401224FF003
:1030E800E02180F8464040241046C1F808415DF8C8
:1030F800044B1A7070470020704700BF3823002027
:1031080000140020410D000000E400E070B472B625
:1031180021B9036813B102790F2A45D9294C2188AE
:10312800002341FA03F212F0010208D00133102BF8
:10313800F7D162B600220371026070BC70474FF08D
:10314800010C0CFA03FC41EA0C01218062B61E4D09
:103158005FFA83FC1D4940F2824680F804C0EC6F98
:10316800194483F0030344F0C0044901EC67A5F552
:103178009F35174CA5F58075266084F81AC084F829
:103188001EC084F818C084F81FC00160C1E900227D
:10319800C1E90222C1E90422C1E906225A5D42F0CE
:1031A800C0025A5570BC7047064C218841FA02F596
:1031B800ED07B5D5054D1544B3EB451FB0D162B643
:1031C800BBE700BF2A23002000C00F408074000224
:1031D80000800E4003790F2B11D8094A937672B6F6
:1031E8000849012290F804C00B8802FA0CF223EA7D
:1031F80002030B8062B6102200230271036070473D
:1032080000800E402A230020704700BF704700BF8F
:10321800704700BF704700BF70B51A4C1A4D23683D
:10322800AB4202D0194AD16829BBA369AB4202D08C
:10323800164AD169C9B9236BAB4202D0134AD16A85
:1032480069B9A36CAB4209D0104AD16B31B10121E5
:103258001B680F48D163BDE87040184770BD012155
:103268001B680C48D1629847EBE701211B680A48A4
:10327800D1619847DFE701211B6804F10800D1609C
:103288009847D2E7C0160020B80400200041084043
:1032980010170020F8160020E016002038B5064C5C
:1032A800A4F1600554F8083C2046183CDB689847B0
:1032B800AC42F7D138BD00BF1017002003682DE9D4
:1032C800F041044688B01746002B4BD000229A6084
:1032D8000122DA60304D04A8DFF8E0801D4451F87F
:1032E800083B2D1102935B6805EB45069847F600ED
:1032F80006F1080058F806304044DB68019098470A
:10330800264A04A9DDE90103029248F806309B68C1
:103318009847029B04A8DB68984723680322204843
:103328001F609A601F4A23791F4C535513785178B0
:10333800C0F828428B4228BF0B469178D2788B423E
:1033480028BF0B46934228BF1346184C4FF0E02283
:103358004FF08061012084F87A30C2F80C1108B06F
:10336800BDE8F081124AD36E43F44053D36601227C
:10337800104B1A60104A13460260403298680028C1
:10338800A8D0103393422360F8D100231846236055
:1033980008B0BDE8F08100BF00BFF7BFB804002047
:1033A80000140020A80D00203912000000E400E0FD
:1033B80000C00F400040084000410840C0160020EF
:1033C80010B4064B0020064C064A1C609C611C6326
:1033D8009C6405495DF8044B01F02ABCC016002026
:1033E800B8040020B40D0020BD12000000B97047D9
:1033F8002DE9F84F01218146214C224D224E54E8F7
:10340800003F2A68306844E80013002BF7D11F49B1
:103418004B684FF47A7BDFF878A01B1A01270BFB67
:1034280002F8DAF80020A3FB02325A4594BF904410
:10343800D84454E8003F2A68306844E80073002BF9
:10344800F7D14B68DAF800C01B1A0BFB02F2A3FB9A
:103458000C3CBCF57A7F94BF624402F57A72A2EB09
:103468000802B2F57A7F06D3B9F1010908F57A782E
:10347800DFD1BDE8F88F01F0C5F80449D9E700BFEE
:103488000423002000230020FC220020001000E07C
:10349800F822002008B5FEF7F3FEFEF72FFF01F033
:1034A800B1F8FAE7844641EA000313F003036DD14B
:1034B800403A41D351F8043B40F8043B51F8043BEF
:1034C80040F8043B51F8043B40F8043B51F8043BF6
:1034D80040F8043B51F8043B40F8043B51F8043BE6
:1034E80040F8043B51F8043B40F8043B51F8043BD6
:1034F80040F8043B51F8043B40F8043B51F8043BC6
:1035080040F8043B51F8043B40F8043B51F8043BB5
:1035180040F8043B51F8043B40F8043B51F8043BA5
:1035280040F8043B51F8043B40F8043B51F8043B95
:1035380040F8043B403ABDD2303211D351F8043B35
:1035480040F8043B51F8043B40F8043B51F8043B75
:1035580040F8043B51F8043B40F8043B103AEDD2E4
:103568000C3205D351F8043B40F8043B043AF9D235
:10357800043208D0D2071CBF11F8013B00F8013B08
:1035880001D30B8803806046704700BF082A13D315
:103598008B078DD010F003038AD0C3F10403D21A2D
:1035A800DB071CBF11F8013B00F8013B80D331F861
:1035B800023B20F8023B7BE7043AD9D3013A11F8E1
:1035C800013B00F8013BF9D20B7803704B7843704C
:1035D8008B7883706046704702F0E8BA72B6EFF3F2
:1035E8000583524CC4F884301EF0040F0CBFEFF36F
:1035F8000882EFF309824FF0E0234D4E4D4DD3F88A
:10360800280DD3F82C1DC4E92201D3F8341DD3F8B2
:10361800383DC4E924139369C4F89830D369C4F8D1
:103628009C3000F0BFF884ED280A01F0EFFA0B2176
:103638004FF0FF32C4F8A4000B46C4F880103E498E
:10364800301D5A40202402F00103013C01FB03F322
:1036580083EA5202F7D1A84202D073680646EFE720
:10366800324BC3F8A820BFF34F8F4FF0E023304907
:10367800324AC3F8701FC3F8702FBFF34F8FBFF3E0
:103688006F8F2F4A02252F48D36E2F4943F440539A
:10369800D3660560D3692D4823F07F0343F04003C8
:1036A800D3610B6883423DD8264D00214FF0E023BB
:1036B8004FF0FF3229600126C5F808112449C5F8E2
:1036C8000011C5F80861C3F88021C3F88421C3F844
:1036D8008821C3F88C21C3F8902101E000F054F947
:1036E800D5F80C31002BF9D00134C5F80C614F2CFA
:1036F800F4D9184B022018494FF00042C1F8400194
:103708005A63D5F80C313BB9144815490D4A016381
:10371800D2F80C31002BFAD04FF0E023114AC3F84D
:103728000C2DFEE701F010F8BEE700BF00FF2720D0
:1037380080FF2720A8FF27202083B8EDA0FF27209F
:1037480000C00F4000400840AC090020803DCD0B70
:10375800009F240000900D4000002E4000800F4084
:10376800F100AD0B0400FA050A490A6838B108B53A
:1037780013180948834204D810460B6008BD104648
:10378800704702F041FD0C234FF0FF3203601046F2
:1037980008BD00BFB00D00200000282030BFFDE7A5
:1037A800FFF71CBF124AD2F880305B07FBD5D2F86E
:1037B80080301048C3F30B230F4990ED007A07EED1
:1037C800903A91ED006AB8EE477A0C4AF8EEE77A3B
:1037D8000B4BD2ED006A77EEC77A93ED007AB8EE1C
:1037E800477A67EE867A87EEA60A37EE400A704770
:1037F80000810D40E8220020F0220020F422002061
:10380800EC220020836BF0B41BB1536843F40043EF
:10381800536072B6446B3CB31A4B2260D3F8B04184
:103828000C421DD1184E776804E07468E41BB4F5A7
:10383800166F0BD2D3F8404144F48044C3F840419A
:10384800D3F8B851D3F840416404EED50D4007D100
:103858000C4CC0E90225D4F8B0310B43C4F8B031A0
:10386800426362B6F0BC7047064DC0E90224D5F841
:10387800B0310B43C5F8B0310263426362B6F0BCA5
:10388800704700BF00002E40001000E070B5056BC7
:103898009DB106462A46002403E012680134012A35
:1038A8000CD0536813F08003F7D032632CB128464C
:1038B800B36B2D689847013CF9D170BDC6E90C334C
:1038C800F4E700BF30B4D9B91F4C204B0021204A7F
:1038D80001254FF0011099601D60C4E90231802470
:1038E8005C60C2F8BC01D2F8B0311A482B43C2F868
:1038F800B0310160D2F8B031002BFBD130BC704739
:103908000904154B104C012541F080019860104ABC
:10391800596000F580511D60D96000F50051A3641D
:10392800196100F5405100F5804059610021986106
:10393800E164D2F8B03143F48033C2F8B031D2F840
:10394800B031002BFBD1C0E7000000202017002079
:1039580000002E406822002040170020084901225C
:103968000B7802FA00F023EA0000087030B9054A23
:10397800D2F8483123F08003C2F84831704700BFBD
:103988004223002000002E402DE9F04F9C4C83B0CC
:10399800D4F84461F107C4F844616AD5D4F8AC316D
:1039A800002B61D0DFF88482964DDFF878B208F5F5
:1039B800805ADFF87C92944FC4F8AC31D5E90A20DC
:1039C800D4F8403143F40053C4F84031D4F84031BE
:1039D8009B04F5D5D4F8403123F40053C4F84031A2
:1039E8004FF00113C4F8B431D4F8B43113F0011313
:1039F800FAD191B240F2816CCBF80030614500F207
:103A0800D980B1F5D06F80F06181B1F5817F00F088
:103A18008F8140F2AB8040F2023C614500F0B281F8
:103A2800B1F5A06F40F0C1807849EB648B60012349
:103A3800A9640B6080234B604FF00113C4F8BC31BC
:103A4800D4F8B03143F48033C4F8B031D4F8B0318D
:103A5800002BFBD1130C5B0643F08073C4F8543180
:103A6800D4F8AC31002BA7D1654AD2F8BC31002B71
:103A78004AD1720616D5624BD3F8AC21C3F8AC21F3
:103A8800D3F8BC21C3F8BC21D3F8B041002CFBD13A
:103A98004FF0FF32C3F8B421D3F8843100F024FD8D
:103AA8005B4B1C60F40103D55A4B1B6803B1984764
:103AB800B00103D5584B1B6803B19847710708D567
:103AC8004F4BD3F8843113F400731AD0534B0122AF
:103AD8001A704B4BD3F848311A060FD533060DD55B
:103AE8004F4A13782BB1013BDBB21370002B00F067
:103AF800428203B0BDE8F04F00F0D2BB03B0BDE88E
:103B0800F08F464A1370E4E74649C2F8BC310868AA
:103B1800034240F061813E4A14681C40A9D05FEA24
:103B2800144810D0374D4FF0010998FAA8F7B7FAA2
:103B380087F705EBC71009FA07F74030FFF7A6FE2D
:103B480038EA0708F1D1A4B2002C92D02D4D4FF0DD
:103B5800010894FAA4F7B7FA87F705EBC71008FA33
:103B680007F7FFF793FEBC43F3D182E7802900F003
:103B7800A780822919D183B210F0780015D103F0FB
:103B88007F0257F82210284A1080180600F1C081D9
:103B9800CB0701D50123137002212348FFF792FEBA
:103BA8005EE7010C072900F045814FF00113C4F8C6
:103BB800C03155E742F2210C6145F2D03AD942F2C0
:103BC8002123994268D042F221339942EDD10F4B1B
:103BD80000229A60EA640122AB641A6080225A606B
:103BE8004FF00113C4F8BC31D4F8B03143F480333A
:103BF800C4F8B031D4F8B031002BFBD130E700BFA6
:103C080000002E4000000020C0012E402017002098
:103C18006C22002014230020182300204A230020AF
:103C28004B230020682200208C22002060220020E4
:103C380040170020B1F5086F3AD0B1F5106FB4D134
:103C4800B548C2F307424FF0C81100930270B34A57
:103C5800C4F8C821C4F8CC11C4F8D01100F046FC4F
:103C680000F0BCFAAE4A0121009BAA6411608021D1
:103C7800936051604FF00112EB64C4F8BC21D4F892
:103C8800B02142F48032C4F8B021CBF80030D4F827
:103C9800B031002BFBD1E3E680B2002897D1A14BCD
:103CA800C2F307421968A04B1960A04B1A708EE73F
:103CB800994B01219E481B780370FFF703FECFE65E
:103CC8009B4802210380FFF7FDFDC9E6994B59681F
:103CD80000293FF46AAF4FEA124E82B204E0196934
:103CE8000C3300293FF461AFB3F800C0F445F6D1B6
:103CF800B3F802C09445F2D14FEA1E22032A00F01D
:103D0800D8801A89000C824228BF0246BEF5007F7F
:103D180040F0D480884B89491878894B0092002854
:103D280018BF19468748FFF7BDFB864B009ADAE0B3
:103D380010F0780F83B27FF438AF03F07F0213F0EE
:103D4800800F57F8223014BF23F4803323F0010387
:103D580047F822300022724BEA649A600122AB6471
:103D68001A6080225A604FF00113C4F8BC31D4F8AD
:103D7800B03143F48033C4F8B031D4F8B031002BFB
:103D8800FBD16DE610F0780F83B27FF40EAF03F02D
:103D98007F0213F0800F57F8223014BF43F48033AA
:103DA80043F0010347F8223000225D4BEA649A6031
:103DB8000122AB641A6080225A604FF00113C4F8E4
:103DC800BC31D4F8B03143F48033C4F8B031D4F8FE
:103DD800B031002BFBD143E6002008605A490C881B
:103DE800486842F221018C427FF495AE80B20028E7
:103DF8007FF491AE5549564C03C9A18086284FEAF5
:103E080011412060A1717FF486AE72B651480178E5
:103E180041F008010170D2F848110D0605D4802040
:103E28000143C2F84401C2F8481162B64A4A502117
:103E3800117070E6EB6001234349C9F80030474B25
:103E48000A60C9F80430464B4860C9F81030C5F814
:103E58000890C9E9028AD4F8B02142F00102C4F8F6
:103E6800B02103F5805203F50053C9F81420C9F8AE
:103E78001830D4F8B031002BFBD1294AEB64936099
:103E88000123AA64136048F2800353604FF00113C2
:103E9800C4F8BC31D4F8B03143F48033C4F8B0313D
:103EA8004FF48033CBF80030D4F8B031002BFBD17D
:103EB800D6E5000C0A78824228BF0246BEF5E06FBC
:103EC80050D11D4B1D4893F800C01D491D4BBCF136
:103ED800000F18BF014600921846FFF7E3FA0721C2
:103EE80003464170009A23F01F011344BFF34F8F1C
:103EF8004FF0E020C0F8701F20318B42FAD8BFF392
:103F08004F8FBFF36F8F0F481146FFF7DBFCA7E514
:103F1800C9033FF53FAE3FE6492300200200CC002D
:103F28002017002000230020102300204823002011
:103F38008C2200201C0800204A230020BC1D0060A1
:103F4800541E0060400E2020201A0020602200200D
:103F580008230020422300204B2300208000070074
:103F680060420020064B1846CDE90023FFF79AFA75
:103F7800DDE90023B7E70320FFF7F0FC02F014FBAC
:103F8800400E20202DE9F0471F46831E022B01D941
:103F9800BDE8F087DFF84C9015460C463C2209EB4B
:103FA800C01806464FEAC01A002108F1040024048C
:103FB80002F0C0F8B5FA85F20123520944EA4274C6
:103FC80049F80A40C8F83870C8F80830002FDFD020
:103FD800034AB34011680B431360BDE8F08700BF84
:103FE8006C220020000000202DE9F0470D46811EBC
:103FF800022901D9BDE8F087C701DFF84C90924645
:10400800044640373C2200211E4609EB07082D04D0
:1040180008F1040002F08EF8BAFA8AF2520945EA69
:10402800427249F807200122C8F83860C8F8082009
:10403800002EDFD0034B10341968A2400A431A60DF
:10404800BDE8F0876C220020000000201204816087
:10405800C36101F5405342F0800210B4012442606C
:1040680001F50052046001F5805401F58041C460F7
:1040780081615DF8044BC0E904237047831E0A463A
:10408800022B00D97047064B00F110014FF0010CCC
:1040980003EBC0100CFA01F14030FFF7B3BB00BFCF
:1040A80000000020831E0A46022B00D97047012118
:1040B800024B814003EBC010FFF7A4BB00000020B7
:1040C800124A134BD2F8200220F07F40984210B5D4
:1040D80084B002D200EB800040000E4C01A90A22F5
:1040E80000F0AAFC01A90023204611F8012B013396
:1040F8003AB10A2B20F8022FF7D11623237004B007
:1041080010BD5B00DBB2237004B010BD00441F403B
:1041180080969800EC110020F8B5144C4FF0E0257B
:10412800134E4FF4003204EB4024124F06EB4016B6
:104138000346C5F88C2121463A883046FFF786FFAA
:104148003B882344BFF34F8FC5F85C4F2034A3420C
:10415800FAD8BFF34F8FBFF36F8F04203146FFF7B4
:10416800A1FF4FF40033C5F80C31F8BDE00E202054
:10417800601700202C23002042684FF6FC71114B79
:10418800C2F30E42C0691B889B1A0B4017D00E4918
:1041980030B40E4C0E4D227821F810300021013237
:1041A80025F81010062A94BFD1B20A462170094991
:1041B8000C6823440B60084B985430BC7047FFF7D9
:1041C800ABBF00BF2C2300209C2200203E230020F0
:1041D800B822002094220020D4220020214B70B560
:1041E8001B78002B3BD04FF400731E461E498022DB
:1041F8001E4D00240B8000211D482B8001F09AFFE2
:104208001C4A21461C4B1470C0221C481C8001F01B
:1042180091FF1B4A31461B4B042094609C60C2E905
:104228000044194AC3E900441470184B184A1C701A
:10423800184B14602246FFF7A5FE2346224629881C
:104248000420FFF7D1FE20460134FFF765FF062C56
:10425800F9D100231049114A0B70137070BD402327
:104268001E46C3E74A2300202C23002034230020C5
:10427800201900204423002030230020601700204C
:104288009C220020B82200203E230020402300204A
:104298009422002099210000432300204623002077
:1042A8002DE9F843214B1D7815B9214E33880BB9F8
:1042B800BDE8F883DFF888801E4A98F800701E4C25
:1042C80002EB47191D4A04EB472412884846214649
:1042D800D21A2B46FFF7BAFEBFF34F8F04F1200224
:1042E80004F50073934234BF012310234FF0E022FA
:1042F80004EB4313C2F8704F20349C42FAD1BFF349
:104308004F8FBFF36F8F013749460420FFF7B6FE82
:10431800032F4FF000034FF0020098BFFDB2338027
:1043280088F80050BDE8F843FFF718BB4623002083
:104338003023002020190020E01A202034230020F8
:1043480044230020F8B5144C4FF0E025134E4FF4E9
:10435800003204EB4024124F06EB40160346C5F822
:104368008C2121463A883046FFF770FE3B8823446B
:10437800BFF34F8FC5F85C4F2034A342FAD8BFF380
:104388004F8FBFF36F8F03203146FFF78BFE4FF43B
:104398000033C5F80C31F8BDE02220202018002099
:1043A8002E230020244B2DE9F0411C884368C56961
:1043B800C3F30E43E41A002C24DD204920480A7870
:1043C8000078D3B21F4E82421F4807D010F80380EE
:1043D80036F81870C7F50072944218D901330022D4
:1043E80026F81540082B194E88BF134626F81520C5
:1043F80098BFDAB2C554164B0A701A6814441C6088
:10440800BDE8F0812846BDE8F041FFF79BBF07EB08
:104418004820104922462744084401EB4521FFF76C
:1044280041F80B4A284626F8187013682344BDE85B
:10443800F0411360FFF786BF2E2300203F230020A2
:1044480041230020A8220020DC220020C4220020D2
:1044580098220020E02220201D4B1A78002A36D10D
:1044680002F0FF031B4A12788AB32DE9F0411A4D76
:104478002A8852B3194EC2F50068194F3278194C80
:1044880007EB421704EBC224424638462146FFF7A1
:10449800DDFD04EB0802BFF34F8F4FF0E023C3F8B4
:1044A800704F2034A242FAD8BFF34F8FBFF36F8FFB
:1044B80003203946FFF7E2FD33780133DBB2032BE3
:1044C80088BF0023337000232B80BDE8F08170473C
:1044D80047230020492300203223002045230020C1
:1044E800A0190020E0322020704700BF2D4B00218A
:1044F80080222D4870B51B7800242C4D8B422C4E01
:104508000CBF40234FF400732B80338001F012FE60
:10451800284A2146284B14704FF4807227481C8083
:1045280001F008FE264A1021264B0220C2E9004469
:10453800C2E90244244AC3E900441470234AC3E987
:104548000244234B1C70234614602246FFF74CFD9F
:104558002246318803201F4BFFF714FD2346012212
:1045680029880320FFF740FD20460134FFF7EAFEC3
:10457800082CF9D1184B00214A221848184C04601D
:10458800C3F88410C3F88020D3F84821154942F0B5
:104598008072C3F8482121B1134A137843F001030C
:1045A800137070BD4A230020A01900203623002074
:1045B8002E2300204523002032230020201800202D
:1045C800A8220020C42200203F2300209822002097
:1045D80041230020C523000000002E4014230020A2
:1045E80079240000000000004C230020044B10B583
:1045F8001C680CB1204610BD00F004F8204610BD20
:10460800982200202DE9F8432D4B1E7866B12D4FD6
:104618003B784BB90123F1073B7043D4B20726D44A
:1046280000233B70730701D4BDE8F883264B1A6852
:10463800002AF9D0EFF30582002AF5D1EFF31085AF
:1046480072B61868002834D0204C2178002930D15F
:104658000122227042691A60002A2ED0916105B9A0
:1046680062B600258368457798472570DCE7DFF850
:10467800648098F80030002BD2D00025DFF85890DD
:104688002B4659F823400135236820461B69984773
:1046980010B163699B68984798F80020EBB29A427A
:1046A800EFD8BDE7FFF7A2FF0028B7D0AFF300802F
:1046B800B4E7002DB8D162B6B6E7054B1A60CEE76D
:1046C8004C2300203C2300202C1B00203A230020F0
:1046D800381B00203B2300203C1B002070B5EFF363
:1046E800108272B60C4C206880B10C4E00254369CC
:1046F800236073B19D6102B962B6836845779847B4
:10470800EFF3108272B620680028F0D102B962B6C1
:1047180070BD3360EFE700BF341B0020301B002062
:10472800FFF7DCBF0449054A4968054B196013685F
:1047380001331360704700BF001000E00023002021
:10474800FC22002000207047A249A34B88422DE993
:10475800F047A24C5E699A69D4F80C801BD9A04B2B
:10476800984240F20281C31A9E491B0AA1FB031317
:1047780040F22761DB0903EB830303EB830303F2B6
:10478800E2438B4228BF0B46A3F54877964BA3FB21
:104798000737FF0804E0954FB8428CBF0E2706275D
:1047A8008D4908F01F09D1F88030B94543F0C0039E
:1047B800C1F880300CD228F01F08A1F5F82148EA8A
:1047C8000708C1F80C800B68002BFCDA08F01F09F9
:1047D80016F0007324D186490C698649A14300F07C
:1047E800EA8082F4805134464FF4805514F0605FBB
:1047F80004D026F060561E43774B5E6111F4405F8B
:1048080007D022F4405274492A438A618B6C1A07F4
:10481800FCD446F00076704A5661936C9B06FCD433
:10482800754CA04200F2CE804FF0010C0146634661
:1048380003FB011203F1010E0CF10105A24218D885
:10484800BEF1080F4FF0010340F08D80BCF1040F5A
:1048580000F291800A18A24200F2A48005FB00F140
:10486800AC4603F1010E03FB01120CF10105A24253
:10487800E6D90CF1FF318C0286EA81215F481044A9
:104888005F4A90427FD9DFF8A4A16C225D48584D59
:10489800B0FBFEF0D5F800E0B0FBFCF0DFF890C10B
:1048A8000EEA0C0CD44509D042F400524FF4805C57
:1048B800C5F800C02A602A68002AFCDA464A156949
:1048C80005F007059D4203D01361936CDD03FCD40A
:1048D80011F4E05F09D026F4E05604F4E0543E4AAF
:1048E80026435661936C9907FCD44749474A0144CB
:1048F80091423CD8464BC909A3FB0131090B4B1E19
:104908001B0286EA030212F4407F06D026F44076A2
:1049180003F44073304A334353612F4A536923F0F9
:1049280000735361936C9B06FCD43A4B4F45A3FB31
:1049380000234FF0FF324FEA9343B0FBF1F1B2FB93
:10494800F3F3354A1060354A1160354A136008D2CE
:1049580028F01F08214A48EA0707D7601368002B88
:10496800FCDABDE8F087734662E7122718E74FF4D0
:1049780040730421C5E70CF1FF31204807238C025E
:10498800104486EA8121274ADFF8A8A0A2FB00206C
:10499800020D2548362A38BF362202FB00F042EACB
:1049A8000A0A74E74FEA8C24002386EA8C214FF028
:1049B800010EAC4662E71D4686F0C05411464FF022
:1049C800C05313E700244FF0010C0246314623463A
:1049D800E64653E700A4781F00C00F4000000840D7
:1049E8000046C32323B24C001F85EB5100366E01ED
:1049F80000800D4040300080FFB19F26808D5B0015
:104A0800FF7EF64D00643F4D7FD1F0087F17B42C30
:104A18009F10E50083DE1B43AC090020A809002095
:104A2800F8220020819F5E16001BB7006C200080D2
:104A38007F3001800020008001F1FF3C70B56646A0
:104A4800002400E00134B0FBF2F502FB1503092B4A
:104A580003F1370E03F130035FFA8EFE98BF5FFA59
:104A680083FE9042284606F801EFEBD2631C002231
:104A7800C818CA547CB162461CF8015F10F8016D71
:104A8800A1EB0C0302328CF80060013B521A05704E
:104A980023449A42EFDB084670BD00BF00230F2273
:104AA80048F2B82C194610B54FF470444FF4806E94
:104AB800A0F88C414FF46044A0F88E210A46A0F873
:104AC8009031B0F888319BB243F0F003A0F88831F8
:104AD80001EB4103013100EB431304299C80A3F847
:104AE80006E05A841A865A805A81A3F80EC05A8260
:104AF800DA825A83DA83EBD1B0F888319BB243F07B
:104B08000F03A0F88831B0F888319BB243F4706382
:104B1800A0F8883110BD00BF374B384A996F384824
:104B280041F47F0170B5996741F20106D3F880100E
:104B380045F6C05543F226040A43C3F88020FFF720
:104B4800ADFF00F58040FFF7A9FF00F58040FFF7B3
:104B5800A5FF00F58040FFF7A1FF0022A0F5031094
:104B68004FF00F0E114600EB42134FEA421C013280
:104B78009981042A5981A3F80EE09E82DD8020F8ED
:104B88000C1019829C81EED100221E484FF00F0EA6
:104B980041F20106114645F6C05543F2260400EBE2
:104BA80042134FEA421C01329981042A5981A3F821
:104BB8000EE09E82DD8020F80C1019829C81EED1D7
:104BC800002211480F2641F20105114645F6C0544E
:104BD80043F2260E00EB42134FEA421C0132998140
:104BE800042A5981DE819D82DC8020F80C1019820C
:104BF800A3F80CE0EED170BD00C00F40000003FC2C
:104C080000C03D4000001E4000401E40074A506A58
:104C1800936A19468446506A936A9942F9D1844541
:104C2800F7D1DB0B43EA4040704700BF00400D401E
:104C380003460846194601F0CFBA00BF90F8A320F2
:104C480090F8A200101A704790F8A23090F8A320AC
:104C58009A4205D95A1C034480F8A220987E7047CE
:104C68004FF0FF30704700BF90F8A23090F8A320B3
:104C78009A4202D91844807E70474FF0FF3070473F
:104C8800704700BF0346B0F8300178B193F82F2180
:104C9800882A03D9012200205A60704702F1010CCA
:104CA80001201A4483F82FC182F8A510704700BF6D
:104CB80038B5B0F830410CB9204638BD90F82F31DE
:104CC8000546C3F18904A2420DD8144605F1A50092
:104CD80022461844FEF7E6FB95F82F312046234478
:104CE80085F82F3138BD01224260EFE72DE9F04FFA
:104CF800D0F814A01524017E8146437E83B00AEBC8
:104D08000111384A0AEB0313374F097A93F8283010
:104D180002EB01150901E86852F8018002EB031162
:104D2800D5F804B01B01CE68D558CBF80040C8F8B8
:104D38008400D8F804304A6803432C490192C8F823
:104D480004301460C5F884606B6833436B60284B8B
:104D58004C683A68A3FB0232920C02EB82025200C2
:104D68004B681B1B9A42FBD84FF0090C1F4ADFF80F
:104D780080E0D8F80830034202D0AB6833422FD124
:104D8800C5F8886054683968AEFB0131890C01EBBD
:104D9800810153681B1B9942FBD8C5F8846054688D
:104DA8003968AEFB0131890C01EB810153681B1B8B
:104DB8009942FBD8BCF1010CDBD1604699F8183058
:104DC800019A0AEB0313DB68CBF8003099F8193025
:104DD8000AEB031ADAF82C30136003B0BDE8F08F41
:104DE8000120EBE79C050020AC090020001000E042
:104DF80083DE1B430E4A10B51168046905E0DB0128
:104E080007D413685B1A102B08D8636913F0007F66
:104E1800F5D14FF4FE430120636110BDFFF766FF33
:104E28000028FAD04FF4FE4301206361F5E700BF84
:104E3800002300202DE9F04790F82FA10569BAF169
:104E4800000F4FD081468846FFF7D4FF002849D08D
:104E5800374E0024376818E06B69190551D4DA0415
:104E680055D4580559D4990441D43268D21B322AF2
:104E78003DD8544507D9EA6D520704D19B0555D44E
:104E8800B8F1000F52D0FFF7BDFB5445E4D8EA6DE6
:104E9800500702F00703DFD413E099F8A520013387
:104EA800022442F48062042B2A661ED08A4503F14C
:104EB800010309EB01020ED992F8A520042B2A66FA
:104EC800CAD00121002CE8D02146013301348A459B
:104ED80009EB0102F0D8B8F1000FBDD04FF4007310
:104EE8002B66B9E70420BDE8F0870124B4E72B69F5
:104EF8004FF40072042043F440732B612A66BDE826
:104F0800F0872B69042043F440732B61EBE72B698E
:104F1800052043F440732B61E5E72B694FF40072D9
:104F2800022043F440732B612A66DCE70020DAE7AD
:104F3800002300202DE9F84F83460C4615461F46EE
:104F4800D0F810A0FFF756FF002800F09E806100FF
:104F5800012DDFF83C8140F20146CBB24FF0000151
:104F680038BF0125D8F800900C461E43ABF8A210B4
:104F780020E09BF8A330872B3FD9DAF814201005DE
:104F88005AD412F4105F70D1D8F80030A3EB09039B
:104F9800322B6AD89BF8A330AB4209D3022C07D92D
:104FA800DAF85C30590703D193054BD4002F49D068
:104FB800FFF728FB022CDCD8DAF85C3003F0070294
:104FC8005B07D6D4681E224440F480704CB9CAF8F6
:104FD80060600134131B032BCBD8022CC9D8002CDA
:104FE800F5D0012C37D01FB14FF40073CAF86030E8
:104FF8009BF8A3300324872BBFD8DAF85C2012F47F
:10500800E02FC2F3024CB8D0591C9C441933C9B2E2
:105018005FFA8CFC5BFA83F3DAF870004A1C61458E
:105028008BF8A310D1B203F8010FA6D08929F3D1C8
:10503800DAF814201005A4D5DAF8103043F44073D8
:10504800CAF81030DAF85C3013F4E02F06D19BF878
:10505800A300BDE8F88FCAF86000BAE7DAF81030A4
:1050680043F40073CAF81030F1E7DAF810304FF45F
:10507800007243F44073CAF81030CAF86020DAF8B6
:105088005C3013F4E02FE2D0E8E70420BDE8F88FA5
:1050980000230020F8B506690446D6F8145115F423
:1050A800706301D0C6F81431A8070BD5D6F8702163
:1050B80011043ED50023012184F8A230234484F84A
:1050C800A3109A76EB0710D594F83071FFB194F8D5
:1050D8002E7194F82F31BB4227D97B1C274484F8C2
:1050E8002E3197F8A530C6F8603115F4407F0DD001
:1050F80094F8A30018B1D4F83C3103B198470023C1
:10510800A4F8A230A4F82E3184F83031F8BDD4F8D0
:10511800383103B19847002384F82E31012384F8ED
:10512800303194F82F31BB42D7D80023C6F860310C
:10513800DBE794F8A330872BC4D8591CC9B2BDE764
:105148000148FFF7A7BF00BFB00900200148FFF7DB
:10515800A1BF00BFF00A00200148FFF79BBF00BFB6
:10516800300C002010EE103A40F22A41C3F30A52E4
:105178008A42B7EEC03A32D8B7EE000B2D4B93ED0A
:105188004A2B93ED481BB0EE417BA2EE037B17EE52
:10519800100A37EE417B00F01F0203EBC20130B466
:1051A80092EE037B93ED4C4B53F832404D6893EDF0
:1051B8004E6B93ED505BA4EE076B27EE074B002177
:1051C8000A1905EBC033A5EE070B43EC172BA6EE27
:1051D800040B30BC20EE070BB7EEC00B704713F57D
:1051E800000F20D0B2F5FF6F1AD2DFED137AB4EEBC
:1051F800E70AF1EE10FA10DCDFED107AB4EEE70AF8
:10520800F1EE10FA12D4DFED0E7AB4EEE70AF1EE01
:1052180010FAB1D5002000F03BB9002000F03EB9EB
:1052280030EE000A70479FED070A7047002000F033
:1052380029B900BF800200201772B142B4F1CFC271
:10524800CF8ECEC20000000030B510EE104AC4F375
:105258000A53B3F57D7FB7EEC06A83B01BD226EE42
:10526800065BB3F5667F6ED326EE052B25EE021B93
:10527800734B93ED1A3B93ED187B93ED164BA5EE0C
:10528800037BA2EE046BB0EE460BA7EE010BB7EE64
:10529800C00B03B030BD40F22E4293425ED868493D
:1052A80091ED087B26EE077BFDEEC77B91ED0A5B4F
:1052B80017EE903A03F500031B1613F0020F07EEE2
:1052C800903A01F1700208BF0A46D807B8EEE77BAA
:1052D800A7EE456B26EE067B1BD403F0030301EB18
:1052E800C30192ED1A4B91ED002B92ED185B26EE5F
:1052F800026B92ED163BA7EE045B26EE074B27EEFA
:10530800047BA4EE036BA5EE076BB7EEC60B03B0E8
:1053180030BD92ED142B27EE075B92ED126B92EDE8
:105328000E3BA7EE026B92ED0C0B92ED104BA7EE25
:10533800030B27EE057BA5EE040BA6EE070BB7EED5
:10534800C00B03B030BD220D12F4FF6FDFD1B7EEF2
:10535800C55B00EE104A8DED015AD8E7B3F5FF6F33
:105368004BD2384BC4F3836203EB820053F82220FC
:105378000569C4F31603C4F3C25143F400038B4018
:10538800016A03FB02F2A3FB0110E3FB050202F131
:1053980000518D0F01F04041511A00F0D9FB2A4B02
:1053A8009FED257B05EBD47441EC160B14F0020F2E
:1053B800A3F1700208BF1346E90726EE077B27EE24
:1053C800076B1FD404F0030402EBC40293ED1A4BDD
:1053D80092ED002B93ED185B27EE027B93ED163BC5
:1053E800A6EE045B27EE064B26EE046BA4EE037BC9
:1053F800A5EE067BB7EEC70B89E703B0BDE83040E2
:1054080000F052B893ED142B26EE065B93ED127B59
:1054180093ED0E3BA6EE027B93ED0C0B93ED104B38
:10542800A6EE030B26EE056BA5EE040BA7EE060B06
:10543800B7EEC00B6BE700BF182D4454FB21193C95
:10544800C80300203C0500203804002010B582B0B5
:105458008DED010A044600F0D7FE9DED010A0460B7
:1054680002B010BD30B1F1EE407A27EE800A22205A
:10547800FFF7ECBFF0EE407A27EE800A2220FFF714
:10548800E5BF00BF9FED010AFFF7ECBF0000001069
:105498009FED010AFFF7E6BF0000201A9FED010A01
:1054A800FFF7E0BF0000007070EE407AB4EE400AEB
:1054B80087EEA77AF1EE10FAB0EE470A02D621205D
:1054C800FFF7C4BF704700BF30B52DED028B83B026
:1054D8008DED010A019C24F00043B3F1FF4F10DB6E
:1054E800324B002C93ED007AD3ED007A39DBF0EEE5
:1054F800406A87EE260A30EE270A03B0BDEC028B1D
:1055080030BD2B4A93420FDD284A2A4B92ED000A00
:10551800D3ED007A30EE670A002CB8BFB1EE400A2E
:1055280003B0BDEC028B30BDB3F1105F23DBB3F1E8
:105538007E5F214D29DB00F075F9D5ED007A20EE6C
:10554800270A00F03BF8194BD3ED007AD5ED006A35
:1055580095ED007A37EE000A86EE807A37EEC70AB4
:10556800DAE7DDED016A87EE260A30EE670A03B056
:10557800BDEC028B30BD0D4BDDED017A93ED000AD9
:1055880030EE270A20EE270AB7E795ED008A00F0EB
:1055980049F928EE400A00F011F895ED007A37EE47
:1055A800007AF1EE407A87EE870AB5E7E01100202D
:1055B800FFFFAF41E4110020E811002010EE102A8F
:1055C800894922F000438B422AD9B3F1FF4F7ED894
:1055D80000F0D680002AC0F28A80844A934200F202
:1055E800F0809FED837A20EE077AF6EE007A77EE68
:1055F800877A9FED806ADFED806AFDEEE77AB8EE84
:10560800E77A17EE903AF0EE407AE7EE467A27EE20
:10561800267A37EEC70A77EEC07A77EEC77A07E0C0
:1056280076498B4256D8B3F14C5FC0F08280002394
:10563800B6EE003A20EE034ADFED716A9FED716A1B
:10564800DFED714A9FED715A20EE047AF7EE003AC9
:10565800A7EE266ADFED6E6AE6EE074AB0EE086A44
:10566800E4EE876AF1EE085AA6EE875AF0EE636A0E
:10567800E5EE076AA4EE666AE0EE465A36EEC66ABA
:10568800C6EE256A66EE876A002B4DD076EEE76A8D
:105698005A1CD6EE807A77EEC77A63D0012B51D0A8
:1056A8005A1C392A33D8162B70DC4FF080721A41F5
:1056B800C2F17E5207EE102A77EEC07A77EE677A4B
:1056C80017EE902A02EBC35300EE103A704730EE03
:1056D800000A70474F498B4279D8002ADFED457A96
:1056E80047DB9FED457A70EE677A012391E7DFED9E
:1056F8004A7A70EE277AF5EEC07AF1EE10FA63D4A2
:105708009FED3B7AFEEE007A20EE077A6FE777EEA0
:10571800C07A73EEE77A17EE902A02EBC35307EECE
:10572800903A37EEE30A704790EE267A30EE470A51
:105738007047DFED3A7A70EE277A77EEE77A30EE47
:10574800670A7047BDEE007AB4EEC70AF1EE10FAA8
:105758002ED530EE033AB8EE000A77EEC37A27EE7C
:10576800800A704770EE677ABEEE000AA7EE830AD9
:1057780070479FED2B7A70EE277A4FF0FF3348E79A
:10578800FFEE007A002A20FE270A7047C3F17F0245
:10579800D20507EE102A77EE877A70EE677A77EEF1
:1057A800A37A17EE902A02EBC35300EE103A704723
:1057B80070EE677AB0EE007AE7EE873AB0EE630AE9
:1057C80070470020FFF76ABEBFEE000A70479FEDE2
:1057D800087AF6EE007AFEEE006A002A20EE077AD2
:1057E80067FEA67A03E700BF43B895411772B14236
:1057F8003BAAB83F8071313FD1F717371872B13ED5
:10580800BBED57B4547E8636CD70A6B8898808BDDE
:10581800010DD03A9115853F6042A20DCAF2497137
:10582800D1F717B710EE103A23F0004300EE103A04
:10583800704700BF81F0004102E000BF83F00043E1
:1058480030B54FEA41044FEA430594EA050F08BF13
:1058580090EA020F1FBF54EA000C55EA020C7FEAD7
:10586800645C7FEA655C00F0E2804FEA5454D4EB54
:105878005555B8BF6D420CDD2C4480EA020281EA1E
:10588800030382EA000083EA010180EA020281EA56
:105898000303362D88BF30BD11F0004F4FEA0131A8
:1058A8004FF4801C4CEA113102D0404261EB4101B7
:1058B80013F0004F4FEA03334CEA133302D052423D
:1058C80063EB430394EA050F00F0A780A4F10104F9
:1058D800D5F1200E0DDB02FA0EFC22FA05F2801833
:1058E80041F1000103FA0EF2801843FA05F3594119
:1058F8000EE0A5F120050EF1200E012A03FA0EFC98
:1059080028BF4CF0020C43FA05F3C01851EBE371C1
:1059180001F0004507D54FF0000EDCF1000C7EEBDE
:1059280000006EEB0101B1F5801F1BD3B1F5001F1C
:105938000CD349085FEA30004FEA3C0C04F101043B
:105948004FEA445212F5800F80F09A80BCF1004F64
:1059580008BF5FEA500C50F1000041EB045141EAE6
:10596800050130BD5FEA4C0C404141EB0101013CAF
:1059780028BFB1F5801FE9D291F0000F04BF01469E
:105988000020B1FA81F308BF2033A3F10B03B3F170
:1059980020020CDA0C3208DD02F1140CC2F10C0200
:1059A80001FA0CF021FA02F10CE002F11402D8BF5E
:1059B800C2F1200C01FA02F120FA0CFCDCBF41EA2A
:1059C8000C019040E41AA2BF01EB0451294330BDF9
:1059D8006FEA04041F3C1CDA0C340EDC04F11404D6
:1059E800C4F1200220FA04F001FA02F340EA0300AD
:1059F80021FA04F345EA030130BDC4F10C04C4F1F3
:105A0800200220FA02F001FA04F340EA03002946D2
:105A180030BD21FA04F0294630BD94F0000F83F41C
:105A2800801306BF81F480110134013D4EE77FEAFF
:105A3800645C18BF7FEA655C29D094EA050F08BF4B
:105A480090EA020F05D054EA000C04BF194610462C
:105A580030BD91EA030F1EBF0021002030BD5FEA70
:105A6800545C05D14000494128BF41F0004130BD98
:105A780014F580043CBF01F5801130BD01F00045EC
:105A880045F0FE4141F470014FF0000030BD7FEA5F
:105A9800645C1ABF194610467FEA655C1CBF0B465A
:105AA800024650EA013406BF52EA033591EA030F71
:105AB80041F4002130BD00BF90F0000F04BF002169
:105AC800704730B54FF4806404F132044FF000059C
:105AD8004FF0000150E700BF90F0000F04BF002115
:105AE800704730B54FF4806404F1320410F000457B
:105AF80048BF40424FF000013EE700BF42004FEA76
:105B0800E2014FEA31014FEA02701FBF12F07F43F2
:105B180093F07F4F81F06051704732F07F4208BFA9
:105B2800704793F07F4F04BF41F40021704730B5B0
:105B38004FF4607401F0004521F000411CE700BFFC
:105B480050EA010208BF704730B54FF000050AE07F
:105B580050EA010208BF704730B511F0004502D580
:105B6800404261EB41014FF4806404F132045FEA82
:105B7800915C3FF4D8AE4FF003025FEADC0C18BF2B
:105B880003325FEADC0C18BF033202EBDC02C2F11D
:105B9800200300FA03FC20FA02F001FA03FE40EAAF
:105BA8000E0021FA02F11444BDE600BF024B014683
:105BB800186800F003B800BFC81100202DE9F04FA5
:105BC80001F10B06162E83B0044624D8102900F2E2
:105BD800BA8000F0A3FA102618220220B54F3A44E2
:105BE800A2F1080153688B4200F0BA805A68D9685C
:105BF80022F003021A449D68E9608D60516841F003
:105C080001012046516003F1080500F08DFA28468D
:105C180003B0BDE8F08F36F0070600F19480B1427A
:105C280000F2918000F07AFAB6F5FC7FC0F09A8114
:105C3800730A00F08F80042B00F26F81B30903F11F
:105C4800390003F1380CC3009A4F3B44A3F108050F
:105C58005B689D4206D10CE0002980F22781DB6851
:105C68009D4206D05A6822F00302911B0F29F3DDEA
:105C780060463D69DFF850C265457CD06A6822F00D
:105C88000302931B0F2B00F37B81002BC7E904CC85
:105C980080F26C81B2F5007F80F01A81D3087968B0
:105CA80001334FEA521E012202FA0EF20A4357F854
:105CB80033E0C5F808E007EBC3010839E9607A600A
:105CC80047F83350CEF80C50831001219940914287
:105CD80057D8114206D120F003004900114200F1C3
:105CE8000400FAD007EBC0094D468646D5F80C806B
:105CF800454508D11DE1002B80F22481D8F80C809D
:105D0800454500F01681D8F8042022F00302931BC1
:105D18000F2BF0DD2046D8E9025408EB060146F0C7
:105D28000106C8F80460EC60A56043F00104C7E907
:105D38000411C1E902CC4C6048F8023000F0F4F9D3
:105D480008F1080502E00C2323600025284603B06B
:105D5800BDE8F08F4FF4007340204FF03F0C73E71D
:105D6800D3689A4208BF02307FF440AF3D69DFF83C
:105D780058C1654582D17A688310012199409142C2
:105D8800A7D9BD686B6823F003094E4503D8A9EB72
:105D980006030F2B7ADCDFF834B1474BDBF8002021
:105DA8001B680132334405EB090A00F0338103F51F
:105DB80080530F3323F47F6828F00F0841462046AC
:105DC80000F010FA411C024600F0F380824500F210
:105DD800EE803A4B196841441960084600F04E813C
:105DE800DBF80010019301311BBFA2EB0A0109186F
:105DF800CBF80020196012F0070B00F01781CBF1E7
:105E080008010A44CBF5805190440831A1EB080100
:105E1800C1F30B0A51462046009200F0E3F9421CF8
:105E2800DDE9002300F04F81801A00EB0A081968A9
:105E3800BA6048F001005144BD425060196000F05A
:105E48002981B9F10F0F40F227816868A9F10C0C7C
:105E58002CF0070C00F0010040EA0C0068604FF0DD
:105E6800050E05EB0C00BCF10F0FC0E901EE00F2C6
:105E7800328150681546124B1A688A4238BF196039
:105E8800104B1A688A4238BF196094E0AA1943F087
:105E9800010346F001066E602046BA60536000F0C8
:105EA80043F90835284603B0BDE8F08FD9681A448D
:105EB800A1E600BFB80D002024210020F420002016
:105EC8001C21002020210020C00D0020C01100202E
:105ED800B2F5206F4FEA522363D3142B00F2B78038
:105EE80003F15C01C9005B3307EB010E7958AEF191
:105EF800080E8E4500F091804B6823F0030393420F
:105F080002D989688E45F7D1D1F80CE07A68C5E9DD
:105F1800021ECEF80850CD60D6E6142B59D9542B62
:105F280000F29D80330B03F16F0003F16E0CC30088
:105F38008AE60EF1010E1EF0030F05F108057FF445
:105F4800D5AE51E0424445465368D8F80C1043F0AA
:105F58000103536055F8083F2046D9608B6000F074
:105F6800E3F8F3E6F00806F1080237E62A4420468B
:105F7800536843F001035360083500F0D5F8E5E6AF
:105F8800A919204646F0010643F001046E60C7E9EE
:105F98000411C1E902CC4C60AB5000F0C5F80835DB
:105FA800D4E6930903F13901C90038339CE7BD42AF
:105FB8005FD0BD68686820F003084645A8EB060373
:105FC80002D80F2B3FF762AF204600F0ADF800254E
:105FD800BCE603F15C0003F15B0CC30034E659F83E
:105FE80008394B4540F0968010F0030F00F1FF3060
:105FF800F5D17B6823EA01037B60490099423FF6AB
:10600800C0AE19B9BDE649000EF1040E1942FAD026
:10601800704667E603F11008D0E69A104FF00108C1
:106028007B6808FA02F21A437A6070E702EB08010B
:106038004942C1F30B0A51462046009200F0D2F8BB
:10604800431CDDE900237FF4EFAEDA46EFE6542B7C
:1060580025D8130B03F16F01C9006E3344E7B3F57C
:10606800AA7F25D8F30B03F1780003F1770CC3005E
:10607800EAE5294B186840441860B1E6CAF30B0CEE
:10608800BCF1000F7FF4ACAEBD68C84448F0010015
:106098006860F0E61546EEE60123536094E7B3F531
:1060A800AA7F23D8D30B03F17801C90077331BE704
:1060B80040F25452934223D8B30C03F17D0003F10C
:1060C8007C0CC300C0E5ABF1080BD844A8EB020870
:1060D8004FF0000AABE605F108012046009300F0F6
:1060E80055F9BD68009B68681968C4E640F25451C8
:1060F8008B420BD8930C03F17D01C9007C33F3E686
:106108004FF47E737F204FF07E0C9DE54FF47E7137
:106118007E23E9E67B6870E7F4200020014800F060
:106128009DB800BFF0200020014800F099B800BFDA
:10613800F0200020830730B548D0541E002A3FD0F5
:10614800CAB2034601E0013C3AD303F8012B9D078C
:10615800F9D1032C2DD9CDB245EA05250F2C45EAF6
:10616800054536D9A4F1100222F00F0C03F1200ED8
:10617800E6444FEA121C03F1100242E9045542E9D1
:10618800025510327245F8D10CF1010214F00C0FCF
:1061980003EB021204F00F0C13D0ACF1040323F04C
:1061A80003030433134442F8045B9342FBD10CF01D
:1061B80003042CB1C9B21C4403F8011B9C42FBD157
:1061C80030BD64461346002CF4D1F9E70346144663
:1061D800BFE71A46A446E0E713460A4601460220EE
:1061E80000F040B838B5074D0022044608462A603A
:1061F800FDF7BAFA431C00D038BD2B68002BFBD042
:10620800236038BD70220020014B1868704700BF1A
:10621800C811002070B50D4E0D4D761BB61006D076
:10622800002455F8043B01349847A642F9D1094E99
:10623800094D761B00F0B4F9B61006D0002455F8C5
:10624800043B01349847A642F9D170BD781D00601F
:10625800781D0060881D0060781D0060704700BFD1
:10626800704700BF2DE9F047DFF87CA00646DAF852
:10627800000098460F469146FFF7F0FF184B1C6840
:1062880024B365681F2D24DC5EB96B1C0235DAF86F
:106298000000636044F82570FFF7E2FF0020BDE8C6
:1062A800F08704EB85010123C1F88890D4F8882190
:1062B800AB401A43022EC4F88821C1F80881E4D102
:1062C800D4F88C211A43C4F88C21DEE7054C1C60F5
:1062D800D7E7DAF80000FFF7C3FF4FF0FF30DEE73B
:1062E800581F00205C1F0020AC0D0020F8B5244F7B
:1062F8000C460646FFF712FFBB685D68C4F57E6171
:106308000F3125F003054B1923F47F6323F00F03A6
:10631800A3F58054B4F5805F07DB00213046FFF712
:1063280061FFBB682B44984204D03046FFF7FCFE5F
:106338000020F8BD61423046FFF754FF01300DD010
:10634800104ABB682D1B45F001055D601368304697
:106358001B1B1360FFF7E8FE0120F8BD0021304643
:10636800FFF740FFBA68831A0F2BDEDD43F0010305
:106378005360054B03491B68C01A0860D5E700BF86
:10638800B80D0020F4200020C0110020002961D0A1
:10639800F8B50C460646FFF7C1FE54F8042C7B4FAF
:1063A800A4F1080522F0010105EB010CB868DCF83E
:1063B8000430604523F0030300F08B80D207CCF84B
:1063C800043032D454F8082CAD1A1144AA6807F1E5
:1063D800080082426AD00CEB0304D4F804E0EC68AD
:1063E800D4601EF0010FA26000F0978041F0010315
:1063F8006B60CCF80010B1F5007F35D27868CB0817
:106408000122490901338A40024357F833107A6060
:1064180007EBC302083AC5E9021247F83350CD60CA
:106428003046BDE8F840FFF77FBE0CEB0302526828
:10643800D00710D4194407F10800DCF8083083426B
:1064480073D0DCF80C20DA60936041F001036B60D4
:106458006950D0E7704741F00103B1F5007F44F877
:10646800043CCCF80010C9D3B1F5206F4FEA512392
:1064780048D28B0903F1390003F13802C300F81838
:10648800FB580838984259D05A6822F003028A42C9
:1064980002D99B689842F7D1D868C5E9023085606F
:1064A800DD603046BDE8F840FFF73EBE0CEB030266
:1064B8005268D20763D40B44DCE90212CA609160C7
:1064C80043F001026A603046EB50BDE8F840FFF740
:1064D8002BBE0B44D10707D454F8082CAD1A13442B
:1064E800D5E90212CA60916043F001026A60284A45
:1064F800BD6012689A4293D8264B30461968FFF758
:10650800F5FE8DE7142B0AD9542B1FD80B0B03F17A
:106518006F0003F16E02C300B1E719448DE703F180
:106528005C0003F15B02C300A9E741F00103C7E97E
:106538000455C5E902006B60695071E779689210EB
:10654800012404FA02F20A437A60A6E7B3F5AA7FA7
:1065580006D8CB0B03F1780003F17702C3008EE76E
:1065680040F25452934206D88B0C03F17D0003F19C
:106578007C02C30083E74FF47E737E227FE741F0FD
:1065880001036B60CCF800104AE700BFB80D00208B
:10659800C4110020242100205FF800F0B51C006021
:1065A8005FF800F01D1D00605FF800F0F91A006048
:1065B8005FF800F0151600605FF800F069160060DB
:0465C800F8B500BF63
:0865CC006CE6FF7F01000000F6
:1065D40000000000000000000000000000000000B7
:1065E40000000000000000000000000000000000A7
:1065F4000000000000000000000000000000000097
:106604000000000000000000000000000000000086
:106614000000000000000000000000000000000076
:106624000000000000000000000000000000000066
:106634000000000000000000000000000000000056
:106644000000000000000000000000000000000046
:106654000000000000000000000000000000000036
:106664000000000000000000000000000000000026
:106674000000000000000000000000000000000016
:106684000000000000000000000000000000000006
:1066940000000000000000000000000000000000F6
:1066A40000000000000000000000000000000000E6
:1066B40000000000000000000000000000000000D6
:1066C40000000000000000000000000000000000C6
:1066D40000000000000000000000000000000000B6
:1066E40000000000000000000000000000000000A6
:1066F4000000000000000000000000000000000096
:106704000000000000000000000000000000000085
:106714000000000000000000000000000000000075
:106724000000000000000000000000000000000065
:106734000000000000000000000000000000000055
:106744000000000000000000000000000000000045
:106754000000000000000000000000000000000035
:106764000000000000000000000000000000000025
:106774000000000000000000000000000000000015
:106784000000000000000000000000000000000005
:1067940000000000000000000000000000000000F5
:1067A40000000000000000000000000000000000E5
:1067B40000000000000000000000000000000000D5
:1067C40000000000000000000000000000000000C5
:1067D40000000000000000000000000000000000B5
:1067E40000000000000000000000000000000000A5
:1067F4000000000000000000000000000000000095
:106804000000000000000000000000000000000084
:106814000000000000000000000000000000000074
:106824000000000000000000000000000000000064
:106834000000000000000000000000000000000054
:106844000000000000000000000000000000000044
:10685400000000000000F03F748515D3B0D9EF3F6D
:106864000F89F96C58B5EF3F515B12D00193EF3F9C
:106874007B517D3CB872EF3FAAB968318754EF3F32
:106884003862756E7A38EF3FE1DE1FF59D1EEF3FEB
:1068940015B7310AFE06EF3FCBA93A37A7F1EE3F11
:1068A4002234124CA6DEEE3F2D89616008CEEE3F05
:1068B400272A36D5DABFEE3F824F9D562BB4EE3FE2
:1068C400295448DD07ABEE3F85553AB07EA4EE3F30
:1068D400CD3B7F669EA0EE3F745FECE8759FEE3F74
:1068E4008701EB7314A1EE3F13CE4C9989A5EE3FBB
:1068F400DBA02A42E5ACEE3FE5C5CDB037B7EE3FAD
:1069040090F0A38291C4EE3F5D253EB203D5EE3FE5
:10691400ADD35A999FE8EE3F475EFBF276FFEE3F18
:106924009C5285DD9B19EF3F6990EFDC2037EF3FE8
:1069340087A4FBDC1858EF3F5F9B7B33977CEF3FCA
:10694400DA90A4A2AFA4EF3F40456E5B76D0EF3F50
:10695400000000000000E8429423914BF86AAC3F29
:10696400F3C4FA50CEBFCE3FD6520CFF422EE63FC0
:106974000000000000003843FE822B6547154740A5
:106984009423914BF86ABC3EF3C4FA50CEBF2E3F19
:10699400D6520CFF422E963F000000000000F03F4C
:1069A400000000000000F0BF000000000000F0BF85
:1069B400000000000000F03F83C8C96D305F6441EF
:1069C400182D4454FB21F93F000000000000F03F63
:1069D4001C620CFDFFFFDFBF198F06E15355A53F75
:1069E4009D359AE887C056BFC3F87B024393F93EAE
:1069F40003A695595455C5BFC40B23057610813F92
:106A040024CF7437EB9429BF000000000000F03F4E
:106A1400000000000000F0BF000000000000F0BF14
:106A2400000000000000F03F83C8C96D305F64417E
:106A3400182D4454FB21F93F000000000000F0BF72
:106A44001C620CFDFFFFDF3F198F06E15355A5BF04
:106A54009D359AE887C0563FC3F87B024393F9BE3D
:106A640003A695595455C5BFC40B23057610813F21
:106A740024CF7437EB9429BF0000C040CDCC4C3DEB
:106A8400CDCCCC3E00000040291200002D120000A5
:106A94003112000035120000000000000000000068
:106AA400BD1700000000000000000000C90900003C
:106AB4000000000000000000050700009904000029
:106AC400FD0700009D0400003507000000000000E1
:106AD40000000000A52C0000D12C00006527000058
:106AE400A12C00005D2C0000692C0000892C000002
:106AF400000000000000000069000000A50D000077
:106B0400A90D0000B10D0000B90D0000A2000000A5
:106B1400F9A2000083F9A2006E83F9A24E6E83F9F4
:106B2400444E6E8315444E6E2915444EFC2915447B
:106B340027FC29155727FC29D15727FCF5D15727BE
:106B440034F5D157DD34F5D1C0DD34F5DBC0DD34A7
:106B540062DBC0DD9562DBC0999562DB3C9995628E
:106B6400433C999590433C994190433C000000423A
:106B7400C8801F40B8821F40080000000000004287
:106B8400C4801F40B4821F400400000000C00042C3
:106B940024801F4014821F401000000000C00042E7
:106BA40028801F4018821F402000000000C00042BF
:106BB4002C801F401C821F404000000000C0004287
:106BC40034801F4024821F40000100000040004226
:106BD40064811F4054831F400004000000400042B1
:106BE40080811F4070831F4000000200004000426B
:106BF4007C811F406C831F40000001000040004264
:106C040068811F4058831F40000800000040004274
:106C14003C811F402C831F400100000000400042C3
:106C240044811F4034831F400400000000400042A0
:106C340040811F4030831F4002000000004000429A
:106C440048811F4038831F400800000000000042B4
:106C540004811F40F4821F40000004000000004231
:106C640008811F40F8821F40000008000000004215
:106C740018811F4008831F4000008000000000426C
:106C840014811F4004831F400000400000000042A4
:106C940000811F40F0821F400000020000000042FB
:106CA400FC801F40EC821F400000010000000042F5
:106CB40024811F4014831F40000000040000004290
:106CC40028811F4018831F40000000080000004274
:106CD4001C811F400C831F40000000010000004283
:106CE40020811F4010831F4000000002000000426A
:106CF400EC801F40DC821F400010000000000042B6
:106D0400F0801F40E0821F4000200000000000428D
:106D140034811F4024831F400000004000000042D3
:106D240038811F4028831F400000008000800042FB
:106D340094801F4084821F400000040000C0004271
:106D440090801F4080821F4000000080008000422D
:106D5400A8801F4098821F400000800000800042ED
:106D6400A4801F4094821F40000040000040004265
:106D74006C811F405C831F400010000000C0004273
:106D840030801F4020821F408000000000800042AD
:106D9400C8811F40B8831F4000800000008000426B
:106DA400C4811F40B4831F400040000000800042A3
:106DB400C0811F40B0831F400020000000800042BB
:106DC400BC811F40AC831F400010000000800042C3
:106DD400D0811F40C0831F40000002000080004299
:106DE400CC811F40BC831F40000001000001000053
:106DF400CC1100201200000000060000EC1E006010
:106E04000A00000000020000541E0060950000000B
:106E140000070000BC1D0060950000000003000096
:106E2400B81D00600000000001030904A01D0060FB
:106E34000000000002030904881D00600000000037
:106E440003030904EC11002000000000000000000E
:106E540000000000000000000000000028210020C5
:106E640090210020F8210020000000000000000014
:106E7400000000000000000000000000000000000E
:106E840000000000000000000000000000000000FE
:106E940000000000000000000000000000000000EE
:106EA40000000000000000000000000000000000DE
:106EB40000000000000000000000000000000000CE
:106EC40000000000000000000000000000000000BE
:106ED40000000000000000000000000000000000AE
:106EE400000000000000000000000000000000009E
:106EF40001000000000000000E33CDAB34126DE63B
:106F0400ECDE05000B0000000000000000000000A3
:106F1400000000000000000000000000000000006D
:106F2400000000000000000000000000000000005D
:106F3400000000000000000000000000000000004D
:106F4400000000000000000000000000000000003D
:106F5400000000000000000000000000000000002D
:106F6400000000000000000000000000000000001D
:106F740000000000000000000029DE07007B9A17D3
:106F84000405002000000000E803000000000000E9
:106F940000003F40981F0060000000000000000057
:106FA40000000000000000000000000000000000DD
:106FB40000000000000000000000000000000000CD
:106FC40000000000000000000000000000000000BD
:106FD40000000000000000000000000000000000AD
:106FE400000000000000000000000000000000009D
:106FF400000000000000000000000000000000008D
:10700400000000000000000000000000000000007C
:10701400000000000000000000000000000000006C
:10702400000000000000000000000000000000005C
:10703400000000000000000000000000000000004C
:10704400000000000000000000000000000000003C
:10705400000000000000000000000000000000002C
:10706400000000000000000000000000000000001C
:10707400000000000000000000000000000000000C
:1070840000000000000000000000000000000000FC
:1070940000000000000000000000000000000000EC
:1070A40000000000000000000000000000000000DC
:1070B40000000000000000000000000000000000CC
:1070C4000405002000000000E803000000000000A8
:1070D40000803F40481F00600000000000000000E6
:1070E400000000000000000000000000000000009C
:1070F400000000000000000000000000000000008C
:10710400000000000000000000000000000000007B
:10711400000000000000000000000000000000006B
:10712400000000000000000000000000000000005B
:10713400000000000000000000000000000000004B
:10714400000000000000000000000000000000003B
:10715400000000000000000000000000000000002B
:10716400000000000000000000000000000000001B
:10717400000000000000000000000000000000000B
:1071840000000000000000000000000000000000FB
:1071940000000000000000000000000000000000EB
:1071A40000000000000000000000000000000000DB
:1071B40000000000000000000000000000000000CB
:1071C40000000000000000000000000000000000BB
:1071D40000000000000000000000000000000000AB
:1071E400000000000000000000000000000000009B
:1071F400000000000000000000000000000000008B
:107204000405002000000000E80300000000000066
:1072140000C03F40F81E00600000000000000000B5
:10722400000000000000000000000000000000005A
:10723400000000000000000000000000000000004A
:10724400000000000000000000000000000000003A
:10725400000000000000000000000000000000002A
:10726400000000000000000000000000000000001A
:10727400000000000000000000000000000000000A
:1072840000000000000000000000000000000000FA
:1072940000000000000000000000000000000000EA
:1072A40000000000000000000000000000000000DA
:1072B40000000000000000000000000000000000CA
:1072C40000000000000000000000000000000000BA
:1072D40000000000000000000000000000000000AA
:1072E400000000000000000000000000000000009A
:1072F400000000000000000000000000000000008A
:107304000000000000000000000000000000000079
:107314000000000000000000000000000000000069
:107324000000000000000000000000000000000059
:107334000000000000000000000000000000000049
:1073440000803B47000048420000803F00000000EE
:107354000000C040CDCC4C3DCDCCCC3E0000004024
:1073640000803B47000000000000000000803B4715
:107374000000000000000000FFFFFFFFEC200020E1
:10738400E052202000000000000000000000000087
:10739400B80D0020B80D0020C00D0020C00D002045
:1073A400C80D0020C80D0020D00D0020D00D0020F5
:1073B400D80D0020D80D0020E00D0020E00D0020A5
:1073C400E80D0020E80D0020F00D0020F00D002055
:1073D400F80D0020F80D0020000E0020000E002003
:1073E400080E0020080E0020100E0020100E0020B1
:1073F400180E0020180E0020200E0020200E002061
:10740400280E0020280E0020300E0020300E002010
:10741400380E0020380E0020400E0020400E0020C0
:10742400480E0020480E0020500E0020500E002070
:10743400580E0020580E0020600E0020600E002020
:10744400680E0020680E0020700E0020700E0020D0
:10745400780E0020780E0020800E0020800E002080
:10746400880E0020880E0020900E0020900E002030
:10747400980E0020980E0020A00E0020A00E0020E0
:10748400A80E0020A80E0020B00E0020B00E002090
:10749400B80E0020B80E0020C00E0020C00E002040
:1074A400C80E0020C80E0020D00E0020D00E0020F0
:1074B400D80E0020D80E0020E00E0020E00E0020A0
:1074C400E80E0020E80E0020F00E0020F00E002050
:1074D400F80E0020F80E0020000F0020000F0020FE
:1074E400080F0020080F0020100F0020100F0020AC
:1074F400180F0020180F0020200F0020200F00205C
:10750400280F0020280F0020300F0020300F00200B
:10751400380F0020380F0020400F0020400F0020BB
:10752400480F0020480F0020500F0020500F00206B
:10753400580F0020580F0020600F0020600F00201B
:10754400680F0020680F0020700F0020700F0020CB
:10755400780F0020780F0020800F0020800F00207B
:10756400880F0020880F0020900F0020900F00202B
:10757400980F0020980F0020A00F0020A00F0020DB
:10758400A80F0020A80F0020B00F0020B00F00208B
:10759400B80F0020B80F0020C00F0020C00F00203B
:1075A400C80F0020C80F0020D00F0020D00F0020EB
:1075B400D80F0020D80F0020E00F0020E00F00209B
:1075C400E80F0020E80F0020F00F0020F00F00204B
:1075D400F80F0020F80F00200010002000100020F9
:1075E40008100020081000201010002010100020A7
:1075F4001810002018100020201000202010002057
:107604002810002028100020301000203010002006
:1076140038100020381000204010002040100020B6
:107624004810002048100020501000205010002066
:107634005810002058100020601000206010002016
:1076440068100020681000207010002070100020C6
:107654007810002078100020801000208010002076
:107664008810002088100020901000209010002026
:107674009810002098100020A0100020A0100020D6
:10768400A8100020A8100020B0100020B010002086
:10769400B8100020B8100020C0100020C010002036
:1076A400C8100020C8100020D0100020D0100020E6
:1076B400D8100020D8100020E0100020E010002096
:1076C400E8100020E8100020F0100020F010002046
:1076D400F8100020F81000200011002000110020F4
:1076E40008110020081100201011002010110020A2
:1076F4001811002018110020201100202011002052
:107704002811002028110020301100203011002001
:1077140038110020381100204011002040110020B1
:107724004811002048110020501100205011002061
:107734005811002058110020601100206011002011
:1077440068110020681100207011002070110020C1
:107754007811002078110020801100208011002071
:107764008811002088110020901100209011002021
:107774009811002098110020A0110020A0110020D1
:10778400A8110020A8110020B0110020B011002081
:10779400FFFFFFFF00000200880800201201000222
:1077A400EF020140C01689047902010203010000BE
:1077B4000000803F6042A20D000000400C03000066
:1077C40000000000000000000000000000000000B5
:1077D40000000000000000000000000000000000A5
:1077E4000000000000000000000000000000000095
:1077F4000000000000000000000000000000000085
:107804000000000000000000000000000000000074
:107814000000000000000000000000000000000064
:107824000000000000000000000000000000000054
:107834000000000000000000000000000000000044
:107844000000000000000000000000000000000034
:107854000000000000000000000000000000000024
:107864000000000000000000000000000000000014
:107874000000000000000000000000000000000004
:1078840000000000000000000000000000000000F4
:1078940000000000000000000000000000000000E4
:1078A40000000000000000000000000000000000D4
:1078B40000000000000000000000000000000000C4
:1078C40000000000000000000000000000000000B4
:1078D40000000000000000000000000000000000A4
:1078E4000000000000000000000000000000000094
:1078F4000000000000000000000000000000000084
:107904000000000000000000000000000000000073
:107914000000000000000000000000000000000063
:107924000000000000000000000000000000000053
:107934000000000000000000000000000000000043
:107944000000000000000000000000000000000033
:107954000000000000000000000000000000000023
:107964000000000000000000000000000000000013
:107974000000000000000000000000000000000003
:1079840000000000000000000000000000000000F3
:1079940000000000000000000000000000000000E3
:1079A40000000000000000000000000000000000D3
:1079B40000000000000000000000000000000000C3
:1079C40000000000000000000000000000000000B3
:1079D40000000000000000000000000000000000A3
:1079E4000000000000000000000000000000000093
:1079F4000000000000000000000000000000000083
:107A04000000000000000000000000000000000072
:107A14000000000000000000000000000000000062
:107A24000000000000000000000000000000000052
:107A34000000000000000000000000000000000042
:107A44000000000000000000000000000000000032
:107A54000000000000000000000000000000000022
:107A64000000000000000000000000000000000012
:107A74000000000000000000000000000000000002
:107A840000000000000000000000000000000000F2
:107A940000000000000000000000000000000000E2
:107AA40000000000000000000000000000000000D2
:107AB40000000000000000000000000000000000C2
:107AC40000000000000000000000000000000000B2
:107AD40000000000000000000000000000000000A2
:107AE4000000000000000000000000000000000092
:107AF4000000000000000000000000000000000082
:107B04000000000000000000000000000000000071
:107B14000000000000000000000000000000000061
:107B24000000000000000000000000000000000051
:107B34000000000000000000000000000000000041
:107B44000000000000000000000000000000000031
:107B54000000000000000000000000000000000021
:107B64000000000000000000000000000000000011
:107B74000000000000000000000000000000000001
:107B840000000000000000000000000000000000F1
:107B940000000000000000000000000000000000E1
:107BA40000000000000000000000000000000000D1
:107BB40000000000000000000000000000000000C1
:107BC40000000000000000000000000000000000B1
:107BD40000000000000000000000000000000000A1
:107BE4000000000000000000000000000000000091
:107BF4000000000000000000000000000000000081
:107C04000000000000000000000000000000000070
:107C14000000000000000000000000000000000060
:107C24000000000000000000000000000000000050
:107C34000000000000000000000000000000000040
:107C44000000000000000000000000000000000030
:107C54000000000000000000000000000000000020
:107C64000000000000000000000000000000000010
:107C74000000000000000000000000000000000000
:107C840000000000000000000000000000000000F0
:107C9400FFFFFFFFFFFFFFFFFFFFFFFFFFFFFFFFF0
:107CA400FFFFFFFFFFFFFFFFFFFFFFFFFFFFFFFFE0
:107CB400FFFFFFFFFFFFFFFFFFFFFFFFFFFFFFFFD0
:107CC400FFFFFFFFFFFFFFFFFFFFFFFFFFFFFFFFC0
:107CD400FFFFFFFFFFFFFFFFFFFFFFFFFFFFFFFFB0
:107CE400FFFFFFFFFFFFFFFFFFFFFFFFFFFFFFFFA0
:107CF400FFFFFFFFFFFFFFFFFFFFFFFFFFFFFFFF90
:107D0400FFFFFFFFFFFFFFFFFFFFFFFFFFFFFFFF7F
:107D1400FFFFFFFFFFFFFFFFFFFFFFFFFFFFFFFF6F
:107D2400FFFFFFFFFFFFFFFFFFFFFFFFFFFFFFFF5F
:107D3400FFFFFFFFFFFFFFFFFFFFFFFFFFFFFFFF4F
:107D4400FFFFFFFFFFFFFFFFFFFFFFFFFFFFFFFF3F
:107D5400FFFFFFFFFFFFFFFFFFFFFFFFFFFFFFFF2F
:107D6400FFFFFFFFFFFFFFFFFFFFFFFFFFFFFFFF1F
:107D7400FFFFFFFFFFFFFFFFFFFFFFFFFFFFFFFF0F
:107D8400FFFFFFFFFFFFFFFFFFFFFFFFFFFFFFFFFF
:107D9400FFFFFFFFFFFFFFFFFFFFFFFFFFFFFFFFEF
:107DA400FFFFFFFFFFFFFFFFFFFFFFFFFFFFFFFFDF
:107DB400FFFFFFFFFFFFFFFFFFFFFFFFFFFFFFFFCF
:107DC400FFFFFFFFFFFFFFFFFFFFFFFFFFFFFFFFBF
:107DD400FFFFFFFFFFFFFFFFFFFFFFFFFFFFFFFFAF
:107DE400FFFFFFFFFFFFFFFFFFFFFFFFFFFFFFFF9F
:107DF400FFFFFFFFFFFFFFFFFFFFFFFFFFFFFFFF8F
:107E0400FFFFFFFFFFFFFFFFFFFFFFFFFFFFFFFF7E
:107E1400FFFFFFFFFFFFFFFFFFFFFFFFFFFFFFFF6E
:107E2400FFFFFFFFFFFFFFFFFFFFFFFFFFFFFFFF5E
:107E3400FFFFFFFFFFFFFFFFFFFFFFFFFFFFFFFF4E
:107E4400FFFFFFFFFFFFFFFFFFFFFFFFFFFFFFFF3E
:107E5400FFFFFFFFFFFFFFFFFFFFFFFFFFFFFFFF2E
:107E6400FFFFFFFFFFFFFFFFFFFFFFFFFFFFFFFF1E
:107E7400FFFFFFFFFFFFFFFFFFFFFFFFFFFFFFFF0E
:107E8400FFFFFFFFFFFFFFFFFFFFFFFFFFFFFFFFFE
:107E9400FFFFFFFFFFFFFFFFFFFFFFFFFFFFFFFFEE
:107EA400FFFFFFFFFFFFFFFFFFFFFFFFFFFFFFFFDE
:107EB400FFFFFFFFFFFFFFFFFFFFFFFFFFFFFFFFCE
:107EC400FFFFFFFFFFFFFFFFFFFFFFFFFFFFFFFFBE
:107ED400FFFFFFFFFFFFFFFFFFFFFFFFFFFFFFFFAE
:107EE400FFFFFFFFFFFFFFFFFFFFFFFFFFFFFFFF9E
:107EF400FFFFFFFFFFFFFFFFFFFFFFFFFFFFFFFF8E
:107F0400FFFFFFFFFFFFFFFFFFFFFFFFFFFFFFFF7D
:107F1400FFFFFFFFFFFFFFFFFFFFFFFFFFFFFFFF6D
:107F2400FFFFFFFFFFFFFFFFFFFFFFFFFFFFFFFF5D
:107F3400FFFFFFFFFFFFFFFFFFFFFFFFFFFFFFFF4D
:107F4400FFFFFFFFFFFFFFFFFFFFFFFFFFFFFFFF3D
:107F5400FFFFFFFFFFFFFFFFFFFFFFFFFFFFFFFF2D
:107F6400FFFFFFFFFFFFFFFFFFFFFFFFFFFFFFFF1D
:107F7400FFFFFFFFFFFFFFFFFFFFFFFFFFFFFFFF0D
:107F8400FFFFFFFFFFFFFFFFFFFFFFFFFFFFFFFFFD
:107F9400FFFFFFFFFFFFFFFFFFFFFFFFFFFFFFFFED
:107FA400FFFFFFFFFFFFFFFFFFFFFFFFFFFFFFFFDD
:107FB400FFFFFFFFFFFFFFFFFFFFFFFFFFFFFFFFCD
:107FC400FFFFFFFFFFFFFFFFFFFFFFFFFFFFFFFFBD
:107FD400FFFFFFFFFFFFFFFFFFFFFFFFFFFFFFFFAD
:107FE400FFFFFFFFFFFFFFFFFFFFFFFFFFFFFFFF9D
:107FF400FFFFFFFFFFFFFFFFFFFFFFFF0000000089
:10800400000000000000000000000000000000006C
:10801400000000000000000000000000000000005C
:10802400000000000000000000000000000000004C
:10803400000000000000000000000000000000003C
:10804400000000000000000000000000000000002C
:10805400000000000000000000000000000000001C
:10806400000000000000000000000000000000000C
:1080740000000000000000000000000000000000FC
:1080840000000000000000000000000000000000EC
:1080940000000000000000000000000000000000DC
:1080A40000000000000000000000000000000000CC
:1080B40000000000000000000000000000000000BC
:1080C40000000000000000000000000000000000AC
:1080D400000000000000000000000000000000009C
:1080E400000000000000000000000000000000008C
:1080F400000000000000000000000000000000007C
:10810400000000000000000000000000000000006B
:10811400000000000000000000000000000000005B
:10812400000000000000000000000000000000004B
:10813400000000000000000000000000000000003B
:10814400000000000000000000000000000000002B
:10815400000000000000000000000000000000001B
:10816400000000000000000000000000000000000B
:1081740000000000000000000000000000000000FB
:1081840000000000000000000000000000000000EB
:1081940000000000000000000000000000000000DB
:1081A40000000000000000000000000000000000CB
:1081B40000000000000000000000000000000000BB
:1081C40000000000000000000000000000000000AB
:1081D400000000000000000000000000000000009B
:1081E400000000000000000000000000000000008B
:1081F400000000000000000000000000000000007B
:10820400000000000000000000000000000000006A
:10821400000000000000000000000000000000005A
:10822400000000000000000000000000000000004A
:10823400000000000000000000000000000000003A
:10824400000000000000000000000000000000002A
:10825400000000000000000000000000000000001A
:10826400000000000000000000000000000000000A
:1082740000000000000000000000000000000000FA
:1082840000000000000000000000000000000000EA
:1082940000000000000000000000000000000000DA
:1082A40000000000000000000000000000000000CA
:1082B40000000000000000000000000000000000BA
:1082C40000000000000000000000000000000000AA
:1082D400000000000000000000000000000000009A
:1082E400000000000000000000000000000000008A
:1082F400000000000000000000000000000000007A
:108304000000000000000000000000000000000069
:108314000000000000000000000000000000000059
:108324000000000000000000000000000000000049
:108334000000000000000000000000000000000039
:108344000000000000000000000000000000000029
:108354000000000000000000000000000000000019
:108364000000000000000000000000000000000009
:1083740000000000000000000000000000000000F9
:1083840000000000000000000000000000000000E9
:1083940000000000000000000000000000000000D9
:1083A40000000000000000000000000000000000C9
:1083B40000000000000000000000000000000000B9
:1083C40000000000000000000000000000000000A9
:1083D4000000000000000000000000000000000099
:1083E4000000000000000000000000000000000089
:1083F4000000000000000000000000000000000079
:108404000000000000000000000000000000000068
:108414000000000000000000000000000000000058
:108424000000000000000000000000000000000048
:108434000000000000000000000000000000000038
:108444000000000000000000000000000000000028
:108454000000000000000000000000000000000018
:108464000000000000000000000000000000000008
:1084740000000000000000000000000000000000F8
:1084840000000000000000000000000000000000E8
:1084940000000000000000000000000000000000D8
:1084A40000000000000000000000000000000000C8
:1084B40000000000000000000000000000000000B8
:1084C40000000000000000000000000000000000A8
:1084D4000000000000000000000000000000000098
:1084E4000000000000000000000000000000000088
:1084F4000000000000000000000000000000000078
:108504000000000000000000000000000000000067
:108514000000000000000000000000000000000057
:108524000000000000000000000000000000000047
:108534000000000000000000000000000000000037
:108544000000000000000000000000000000000027
:108554000000000000000000000000000000000017
:108564000000000000000000000000000000000007
:1085740000000000000000000000000000000000F7
:1085840000000000000000000000000000000000E7
:1085940000000000000000000000000000000000D7
:1085A40000000000000000000000000000000000C7
:1085B40000000000000000000000000000000000B7
:1085C40000000000000000000000000000000000A7
:1085D4000000000000000000000000000000000097
:1085E4000000000000000000000000000000000087
:1085F4000000000000000000000000000000000077
:108604000000000000000000000000000000000066
:108614000000000000000000000000000000000056
:108624000000000000000000000000000000000046
:108634000000000000000000000000000000000036
:108644000000000000000000000000000000000026
:108654000000000000000000000000000000000016
:108664000000000000000000000000000000000006
:1086740000000000000000000000000000000000F6
:1086840000000000000000000000000000000000E6
:1086940000000000000000000000000000000000D6
:1086A40000000000000000000000000000000000C6
:1086B40000000000000000000000000000000000B6
:1086C40000000000000000000000000000000000A6
:1086D4000000000000000000000000000000000096
:1086E4000000000000000000000000000000000086
:1086F4000000000000000000000000000000000076
:108704000000000000000000000000000000000065
:108714000000000000000000000000000000000055
:108724000000000000000000000000000000000045
:108734000000000000000000000000000000000035
:108744000000000000000000000000000000000025
:108754000000000000000000000000000000000015
:108764000000000000000000000000000000000005
:1087740000000000000000000000000000000000F5
:1087840000000000000000000000000000000000E5
:1087940000000000000000000000000000000000D5
:1087A40000000000000000000000000000000000C5
:1087B40000000000000000000000000000000000B5
:1087C40000000000000000000000000000000000A5
:1087D4000000000000000000000000000000000095
:1087E4000000000000000000000000000000000085
:1087F4000000000000000000000000000000000075
:108804000000000000000000000000000000000064
:108814000000000000000000000000000000000054
:108824000000000000000000000000000000000044
:108834000000000000000000000000000000000034
:108844000000000000000000000000000000000024
:108854000000000000000000000000000000000014
:108864000000000000000000000000000000000004
:1088740000000000000000000000000000000000F4
:1088840000000000000000000000000000000000E4
:1088940000000000000000000000000000000000D4
:1088A40000000000000000000000000000000000C4
:1088B40000000000000000000000000000000000B4
:1088C40000000000000000000000000000000000A4
:1088D4000000000000000000000000000000000094
:1088E4000000000000000000000000000000000084
:1088F4000000000000000000000000000000000074
:108904000000000000000000000000000000000063
:108914000000000000000000000000000000000053
:108924000000000000000000000000000000000043
:108934000000000000000000000000000000000033
:108944000000000000000000000000000000000023
:108954000000000000000000000000000000000013
:108964000000000000000000000000000000000003
:1089740000000000000000000000000000000000F3
:1089840000000000000000000000000000000000E3
:1089940000000000000000000000000000000000D3
:1089A40000000000000000000000000000000000C3
:1089B40000000000000000000000000000000000B3
:1089C40000000000000000000000000000000000A3
:1089D4000000000000000000000000000000000093
:1089E4000000000000000000000000000000000083
:1089F4000000000000000000000000000000000073
:108A04000000000000000000000000000000000062
:108A14000000000000000000000000000000000052
:108A24000000000000000000000000000000000042
:108A34000000000000000000000000000000000032
:108A44000000000000000000000000000000000022
:108A54000000000000000000000000000000000012
:108A64000000000000000000000000000000000002
:108A740000000000000000000000000000000000F2
:108A840000000000000000000000000000000000E2
:108A940000000000000000000000000000000000D2
:108AA40000000000000000000000000000000000C2
:108AB40000000000000000000000000000000000B2
:108AC40000000000000000000000000000000000A2
:108AD4000000000000000000000000000000000092
:108AE4000000000000000000000000000000000082
:108AF4000000000000000000000000000000000072
:108B04000000000000000000000000000000000061
:108B14000000000000000000000000000000000051
:108B24000000000000000000000000000000000041
:108B34000000000000000000000000000000000031
:108B44000000000000000000000000000000000021
:108B54000000000000000000000000000000000011
:108B64000000000000000000000000000000000001
:108B740000000000000000000000000000000000F1
:108B840000000000000000000000000000000000E1
:108B940000000000000000000000000000000000D1
:108BA40000000000000000000000000000000000C1
:108BB40000000000000000000000000000000000B1
:108BC40000000000000000000000000000000000A1
:108BD4000000000000000000000000000000000091
:108BE4000000000000000000000000000000000081
:0C8BF40000000000000000000000000075
:040000056000100087
:00000001FF
