:0200000460009A
:100000004643464200000156000000000103030081
:1000100000000000000000000000000000000000E0
:1000200000000000000000000000000000000000D0
:1000300000000000000000000000000000000000C0
:1000400000000000010408000000000000000000A3
:100050000000800000000000000000000000000020
:100060000000000000000000000000000000000090
:100070000000000000000000000000000000000080
:10008000EB04180A063204260000000000000000FD
:10009000050404240000000000000000000000002F
:1000A0000000000000000000000000000000000050
:1000B0000604000000000000000000000000000036
:1000C0000000000000000000000000000000000030
:1000D00020041808000000000000000000000000DC
:1000E0000000000000000000000000000000000010
:1000F0000000000000000000000000000000000000
:10010000D8041808000000000000000000000000F3
:100110000204180804200000000000000000000095
:1001200000000000000000000000000000000000CF
:10013000600400000000000000000000000000005B
:1001400000000000000000000000000000000000AF
:10015000000000000000000000000000000000009F
:10016000000000000000000000000000000000008F
:10017000000000000000000000000000000000007F
:10018000000000000000000000000000000000006F
:10019000000000000000000000000000000000005F
:1001A000000000000000000000000000000000004F
:1001B000000000000000000000000000000000003F
:1001C000000100000010000001000000000000001D
:1001D000000001000000000000000000000000001E
:1001E000000000000000000000000000000000000F
:1001F00000000000000000000000000000000000FF
:10020000FFFFFFFFFFFFFFFFFFFFFFFFFFFFFFFFFE
:10021000FFFFFFFFFFFFFFFFFFFFFFFFFFFFFFFFEE
:10022000FFFFFFFFFFFFFFFFFFFFFFFFFFFFFFFFDE
:10023000FFFFFFFFFFFFFFFFFFFFFFFFFFFFFFFFCE
:10024000FFFFFFFFFFFFFFFFFFFFFFFFFFFFFFFFBE
:10025000FFFFFFFFFFFFFFFFFFFFFFFFFFFFFFFFAE
:10026000FFFFFFFFFFFFFFFFFFFFFFFFFFFFFFFF9E
:10027000FFFFFFFFFFFFFFFFFFFFFFFFFFFFFFFF8E
:10028000FFFFFFFFFFFFFFFFFFFFFFFFFFFFFFFF7E
:10029000FFFFFFFFFFFFFFFFFFFFFFFFFFFFFFFF6E
:1002A000FFFFFFFFFFFFFFFFFFFFFFFFFFFFFFFF5E
:1002B000FFFFFFFFFFFFFFFFFFFFFFFFFFFFFFFF4E
:1002C000FFFFFFFFFFFFFFFFFFFFFFFFFFFFFFFF3E
:1002D000FFFFFFFFFFFFFFFFFFFFFFFFFFFFFFFF2E
:1002E000FFFFFFFFFFFFFFFFFFFFFFFFFFFFFFFF1E
:1002F000FFFFFFFFFFFFFFFFFFFFFFFFFFFFFFFF0E
:10030000FFFFFFFFFFFFFFFFFFFFFFFFFFFFFFFFFD
:10031000FFFFFFFFFFFFFFFFFFFFFFFFFFFFFFFFED
:10032000FFFFFFFFFFFFFFFFFFFFFFFFFFFFFFFFDD
:10033000FFFFFFFFFFFFFFFFFFFFFFFFFFFFFFFFCD
:10034000FFFFFFFFFFFFFFFFFFFFFFFFFFFFFFFFBD
:10035000FFFFFFFFFFFFFFFFFFFFFFFFFFFFFFFFAD
:10036000FFFFFFFFFFFFFFFFFFFFFFFFFFFFFFFF9D
:10037000FFFFFFFFFFFFFFFFFFFFFFFFFFFFFFFF8D
:10038000FFFFFFFFFFFFFFFFFFFFFFFFFFFFFFFF7D
:10039000FFFFFFFFFFFFFFFFFFFFFFFFFFFFFFFF6D
:1003A000FFFFFFFFFFFFFFFFFFFFFFFFFFFFFFFF5D
:1003B000FFFFFFFFFFFFFFFFFFFFFFFFFFFFFFFF4D
:1003C000FFFFFFFFFFFFFFFFFFFFFFFFFFFFFFFF3D
:1003D000FFFFFFFFFFFFFFFFFFFFFFFFFFFFFFFF2D
:1003E000FFFFFFFFFFFFFFFFFFFFFFFFFFFFFFFF1D
:1003F000FFFFFFFFFFFFFFFFFFFFFFFFFFFFFFFF0D
:10040000FFFFFFFFFFFFFFFFFFFFFFFFFFFFFFFFFC
:10041000FFFFFFFFFFFFFFFFFFFFFFFFFFFFFFFFEC
:10042000FFFFFFFFFFFFFFFFFFFFFFFFFFFFFFFFDC
:10043000FFFFFFFFFFFFFFFFFFFFFFFFFFFFFFFFCC
:10044000FFFFFFFFFFFFFFFFFFFFFFFFFFFFFFFFBC
:10045000FFFFFFFFFFFFFFFFFFFFFFFFFFFFFFFFAC
:10046000FFFFFFFFFFFFFFFFFFFFFFFFFFFFFFFF9C
:10047000FFFFFFFFFFFFFFFFFFFFFFFFFFFFFFFF8C
:10048000FFFFFFFFFFFFFFFFFFFFFFFFFFFFFFFF7C
:10049000FFFFFFFFFFFFFFFFFFFFFFFFFFFFFFFF6C
:1004A000FFFFFFFFFFFFFFFFFFFFFFFFFFFFFFFF5C
:1004B000FFFFFFFFFFFFFFFFFFFFFFFFFFFFFFFF4C
:1004C000FFFFFFFFFFFFFFFFFFFFFFFFFFFFFFFF3C
:1004D000FFFFFFFFFFFFFFFFFFFFFFFFFFFFFFFF2C
:1004E000FFFFFFFFFFFFFFFFFFFFFFFFFFFFFFFF1C
:1004F000FFFFFFFFFFFFFFFFFFFFFFFFFFFFFFFF0C
:10050000FFFFFFFFFFFFFFFFFFFFFFFFFFFFFFFFFB
:10051000FFFFFFFFFFFFFFFFFFFFFFFFFFFFFFFFEB
:10052000FFFFFFFFFFFFFFFFFFFFFFFFFFFFFFFFDB
:10053000FFFFFFFFFFFFFFFFFFFFFFFFFFFFFFFFCB
:10054000FFFFFFFFFFFFFFFFFFFFFFFFFFFFFFFFBB
:10055000FFFFFFFFFFFFFFFFFFFFFFFFFFFFFFFFAB
:10056000FFFFFFFFFFFFFFFFFFFFFFFFFFFFFFFF9B
:10057000FFFFFFFFFFFFFFFFFFFFFFFFFFFFFFFF8B
:10058000FFFFFFFFFFFFFFFFFFFFFFFFFFFFFFFF7B
:10059000FFFFFFFFFFFFFFFFFFFFFFFFFFFFFFFF6B
:1005A000FFFFFFFFFFFFFFFFFFFFFFFFFFFFFFFF5B
:1005B000FFFFFFFFFFFFFFFFFFFFFFFFFFFFFFFF4B
:1005C000FFFFFFFFFFFFFFFFFFFFFFFFFFFFFFFF3B
:1005D000FFFFFFFFFFFFFFFFFFFFFFFFFFFFFFFF2B
:1005E000FFFFFFFFFFFFFFFFFFFFFFFFFFFFFFFF1B
:1005F000FFFFFFFFFFFFFFFFFFFFFFFFFFFFFFFF0B
:10060000FFFFFFFFFFFFFFFFFFFFFFFFFFFFFFFFFA
:10061000FFFFFFFFFFFFFFFFFFFFFFFFFFFFFFFFEA
:10062000FFFFFFFFFFFFFFFFFFFFFFFFFFFFFFFFDA
:10063000FFFFFFFFFFFFFFFFFFFFFFFFFFFFFFFFCA
:10064000FFFFFFFFFFFFFFFFFFFFFFFFFFFFFFFFBA
:10065000FFFFFFFFFFFFFFFFFFFFFFFFFFFFFFFFAA
:10066000FFFFFFFFFFFFFFFFFFFFFFFFFFFFFFFF9A
:10067000FFFFFFFFFFFFFFFFFFFFFFFFFFFFFFFF8A
:10068000FFFFFFFFFFFFFFFFFFFFFFFFFFFFFFFF7A
:10069000FFFFFFFFFFFFFFFFFFFFFFFFFFFFFFFF6A
:1006A000FFFFFFFFFFFFFFFFFFFFFFFFFFFFFFFF5A
:1006B000FFFFFFFFFFFFFFFFFFFFFFFFFFFFFFFF4A
:1006C000FFFFFFFFFFFFFFFFFFFFFFFFFFFFFFFF3A
:1006D000FFFFFFFFFFFFFFFFFFFFFFFFFFFFFFFF2A
:1006E000FFFFFFFFFFFFFFFFFFFFFFFFFFFFFFFF1A
:1006F000FFFFFFFFFFFFFFFFFFFFFFFFFFFFFFFF0A
:10070000FFFFFFFFFFFFFFFFFFFFFFFFFFFFFFFFF9
:10071000FFFFFFFFFFFFFFFFFFFFFFFFFFFFFFFFE9
:10072000FFFFFFFFFFFFFFFFFFFFFFFFFFFFFFFFD9
:10073000FFFFFFFFFFFFFFFFFFFFFFFFFFFFFFFFC9
:10074000FFFFFFFFFFFFFFFFFFFFFFFFFFFFFFFFB9
:10075000FFFFFFFFFFFFFFFFFFFFFFFFFFFFFFFFA9
:10076000FFFFFFFFFFFFFFFFFFFFFFFFFFFFFFFF99
:10077000FFFFFFFFFFFFFFFFFFFFFFFFFFFFFFFF89
:10078000FFFFFFFFFFFFFFFFFFFFFFFFFFFFFFFF79
:10079000FFFFFFFFFFFFFFFFFFFFFFFFFFFFFFFF69
:1007A000FFFFFFFFFFFFFFFFFFFFFFFFFFFFFFFF59
:1007B000FFFFFFFFFFFFFFFFFFFFFFFFFFFFFFFF49
:1007C000FFFFFFFFFFFFFFFFFFFFFFFFFFFFFFFF39
:1007D000FFFFFFFFFFFFFFFFFFFFFFFFFFFFFFFF29
:1007E000FFFFFFFFFFFFFFFFFFFFFFFFFFFFFFFF19
:1007F000FFFFFFFFFFFFFFFFFFFFFFFFFFFFFFFF09
:10080000FFFFFFFFFFFFFFFFFFFFFFFFFFFFFFFFF8
:10081000FFFFFFFFFFFFFFFFFFFFFFFFFFFFFFFFE8
:10082000FFFFFFFFFFFFFFFFFFFFFFFFFFFFFFFFD8
:10083000FFFFFFFFFFFFFFFFFFFFFFFFFFFFFFFFC8
:10084000FFFFFFFFFFFFFFFFFFFFFFFFFFFFFFFFB8
:10085000FFFFFFFFFFFFFFFFFFFFFFFFFFFFFFFFA8
:10086000FFFFFFFFFFFFFFFFFFFFFFFFFFFFFFFF98
:10087000FFFFFFFFFFFFFFFFFFFFFFFFFFFFFFFF88
:10088000FFFFFFFFFFFFFFFFFFFFFFFFFFFFFFFF78
:10089000FFFFFFFFFFFFFFFFFFFFFFFFFFFFFFFF68
:1008A000FFFFFFFFFFFFFFFFFFFFFFFFFFFFFFFF58
:1008B000FFFFFFFFFFFFFFFFFFFFFFFFFFFFFFFF48
:1008C000FFFFFFFFFFFFFFFFFFFFFFFFFFFFFFFF38
:1008D000FFFFFFFFFFFFFFFFFFFFFFFFFFFFFFFF28
:1008E000FFFFFFFFFFFFFFFFFFFFFFFFFFFFFFFF18
:1008F000FFFFFFFFFFFFFFFFFFFFFFFFFFFFFFFF08
:10090000FFFFFFFFFFFFFFFFFFFFFFFFFFFFFFFFF7
:10091000FFFFFFFFFFFFFFFFFFFFFFFFFFFFFFFFE7
:10092000FFFFFFFFFFFFFFFFFFFFFFFFFFFFFFFFD7
:10093000FFFFFFFFFFFFFFFFFFFFFFFFFFFFFFFFC7
:10094000FFFFFFFFFFFFFFFFFFFFFFFFFFFFFFFFB7
:10095000FFFFFFFFFFFFFFFFFFFFFFFFFFFFFFFFA7
:10096000FFFFFFFFFFFFFFFFFFFFFFFFFFFFFFFF97
:10097000FFFFFFFFFFFFFFFFFFFFFFFFFFFFFFFF87
:10098000FFFFFFFFFFFFFFFFFFFFFFFFFFFFFFFF77
:10099000FFFFFFFFFFFFFFFFFFFFFFFFFFFFFFFF67
:1009A000FFFFFFFFFFFFFFFFFFFFFFFFFFFFFFFF57
:1009B000FFFFFFFFFFFFFFFFFFFFFFFFFFFFFFFF47
:1009C000FFFFFFFFFFFFFFFFFFFFFFFFFFFFFFFF37
:1009D000FFFFFFFFFFFFFFFFFFFFFFFFFFFFFFFF27
:1009E000FFFFFFFFFFFFFFFFFFFFFFFFFFFFFFFF17
:1009F000FFFFFFFFFFFFFFFFFFFFFFFFFFFFFFFF07
:100A0000FFFFFFFFFFFFFFFFFFFFFFFFFFFFFFFFF6
:100A1000FFFFFFFFFFFFFFFFFFFFFFFFFFFFFFFFE6
:100A2000FFFFFFFFFFFFFFFFFFFFFFFFFFFFFFFFD6
:100A3000FFFFFFFFFFFFFFFFFFFFFFFFFFFFFFFFC6
:100A4000FFFFFFFFFFFFFFFFFFFFFFFFFFFFFFFFB6
:100A5000FFFFFFFFFFFFFFFFFFFFFFFFFFFFFFFFA6
:100A6000FFFFFFFFFFFFFFFFFFFFFFFFFFFFFFFF96
:100A7000FFFFFFFFFFFFFFFFFFFFFFFFFFFFFFFF86
:100A8000FFFFFFFFFFFFFFFFFFFFFFFFFFFFFFFF76
:100A9000FFFFFFFFFFFFFFFFFFFFFFFFFFFFFFFF66
:100AA000FFFFFFFFFFFFFFFFFFFFFFFFFFFFFFFF56
:100AB000FFFFFFFFFFFFFFFFFFFFFFFFFFFFFFFF46
:100AC000FFFFFFFFFFFFFFFFFFFFFFFFFFFFFFFF36
:100AD000FFFFFFFFFFFFFFFFFFFFFFFFFFFFFFFF26
:100AE000FFFFFFFFFFFFFFFFFFFFFFFFFFFFFFFF16
:100AF000FFFFFFFFFFFFFFFFFFFFFFFFFFFFFFFF06
:100B0000FFFFFFFFFFFFFFFFFFFFFFFFFFFFFFFFF5
:100B1000FFFFFFFFFFFFFFFFFFFFFFFFFFFFFFFFE5
:100B2000FFFFFFFFFFFFFFFFFFFFFFFFFFFFFFFFD5
:100B3000FFFFFFFFFFFFFFFFFFFFFFFFFFFFFFFFC5
:100B4000FFFFFFFFFFFFFFFFFFFFFFFFFFFFFFFFB5
:100B5000FFFFFFFFFFFFFFFFFFFFFFFFFFFFFFFFA5
:100B6000FFFFFFFFFFFFFFFFFFFFFFFFFFFFFFFF95
:100B7000FFFFFFFFFFFFFFFFFFFFFFFFFFFFFFFF85
:100B8000FFFFFFFFFFFFFFFFFFFFFFFFFFFFFFFF75
:100B9000FFFFFFFFFFFFFFFFFFFFFFFFFFFFFFFF65
:100BA000FFFFFFFFFFFFFFFFFFFFFFFFFFFFFFFF55
:100BB000FFFFFFFFFFFFFFFFFFFFFFFFFFFFFFFF45
:100BC000FFFFFFFFFFFFFFFFFFFFFFFFFFFFFFFF35
:100BD000FFFFFFFFFFFFFFFFFFFFFFFFFFFFFFFF25
:100BE000FFFFFFFFFFFFFFFFFFFFFFFFFFFFFFFF15
:100BF000FFFFFFFFFFFFFFFFFFFFFFFFFFFFFFFF05
:100C0000FFFFFFFFFFFFFFFFFFFFFFFFFFFFFFFFF4
:100C1000FFFFFFFFFFFFFFFFFFFFFFFFFFFFFFFFE4
:100C2000FFFFFFFFFFFFFFFFFFFFFFFFFFFFFFFFD4
:100C3000FFFFFFFFFFFFFFFFFFFFFFFFFFFFFFFFC4
:100C4000FFFFFFFFFFFFFFFFFFFFFFFFFFFFFFFFB4
:100C5000FFFFFFFFFFFFFFFFFFFFFFFFFFFFFFFFA4
:100C6000FFFFFFFFFFFFFFFFFFFFFFFFFFFFFFFF94
:100C7000FFFFFFFFFFFFFFFFFFFFFFFFFFFFFFFF84
:100C8000FFFFFFFFFFFFFFFFFFFFFFFFFFFFFFFF74
:100C9000FFFFFFFFFFFFFFFFFFFFFFFFFFFFFFFF64
:100CA000FFFFFFFFFFFFFFFFFFFFFFFFFFFFFFFF54
:100CB000FFFFFFFFFFFFFFFFFFFFFFFFFFFFFFFF44
:100CC000FFFFFFFFFFFFFFFFFFFFFFFFFFFFFFFF34
:100CD000FFFFFFFFFFFFFFFFFFFFFFFFFFFFFFFF24
:100CE000FFFFFFFFFFFFFFFFFFFFFFFFFFFFFFFF14
:100CF000FFFFFFFFFFFFFFFFFFFFFFFFFFFFFFFF04
:100D0000FFFFFFFFFFFFFFFFFFFFFFFFFFFFFFFFF3
:100D1000FFFFFFFFFFFFFFFFFFFFFFFFFFFFFFFFE3
:100D2000FFFFFFFFFFFFFFFFFFFFFFFFFFFFFFFFD3
:100D3000FFFFFFFFFFFFFFFFFFFFFFFFFFFFFFFFC3
:100D4000FFFFFFFFFFFFFFFFFFFFFFFFFFFFFFFFB3
:100D5000FFFFFFFFFFFFFFFFFFFFFFFFFFFFFFFFA3
:100D6000FFFFFFFFFFFFFFFFFFFFFFFFFFFFFFFF93
:100D7000FFFFFFFFFFFFFFFFFFFFFFFFFFFFFFFF83
:100D8000FFFFFFFFFFFFFFFFFFFFFFFFFFFFFFFF73
:100D9000FFFFFFFFFFFFFFFFFFFFFFFFFFFFFFFF63
:100DA000FFFFFFFFFFFFFFFFFFFFFFFFFFFFFFFF53
:100DB000FFFFFFFFFFFFFFFFFFFFFFFFFFFFFFFF43
:100DC000FFFFFFFFFFFFFFFFFFFFFFFFFFFFFFFF33
:100DD000FFFFFFFFFFFFFFFFFFFFFFFFFFFFFFFF23
:100DE000FFFFFFFFFFFFFFFFFFFFFFFFFFFFFFFF13
:100DF000FFFFFFFFFFFFFFFFFFFFFFFFFFFFFFFF03
:100E0000FFFFFFFFFFFFFFFFFFFFFFFFFFFFFFFFF2
:100E1000FFFFFFFFFFFFFFFFFFFFFFFFFFFFFFFFE2
:100E2000FFFFFFFFFFFFFFFFFFFFFFFFFFFFFFFFD2
:100E3000FFFFFFFFFFFFFFFFFFFFFFFFFFFFFFFFC2
:100E4000FFFFFFFFFFFFFFFFFFFFFFFFFFFFFFFFB2
:100E5000FFFFFFFFFFFFFFFFFFFFFFFFFFFFFFFFA2
:100E6000FFFFFFFFFFFFFFFFFFFFFFFFFFFFFFFF92
:100E7000FFFFFFFFFFFFFFFFFFFFFFFFFFFFFFFF82
:100E8000FFFFFFFFFFFFFFFFFFFFFFFFFFFFFFFF72
:100E9000FFFFFFFFFFFFFFFFFFFFFFFFFFFFFFFF62
:100EA000FFFFFFFFFFFFFFFFFFFFFFFFFFFFFFFF52
:100EB000FFFFFFFFFFFFFFFFFFFFFFFFFFFFFFFF42
:100EC000FFFFFFFFFFFFFFFFFFFFFFFFFFFFFFFF32
:100ED000FFFFFFFFFFFFFFFFFFFFFFFFFFFFFFFF22
:100EE000FFFFFFFFFFFFFFFFFFFFFFFFFFFFFFFF12
:100EF000FFFFFFFFFFFFFFFFFFFFFFFFFFFFFFFF02
:100F0000FFFFFFFFFFFFFFFFFFFFFFFFFFFFFFFFF1
:100F1000FFFFFFFFFFFFFFFFFFFFFFFFFFFFFFFFE1
:100F2000FFFFFFFFFFFFFFFFFFFFFFFFFFFFFFFFD1
:100F3000FFFFFFFFFFFFFFFFFFFFFFFFFFFFFFFFC1
:100F4000FFFFFFFFFFFFFFFFFFFFFFFFFFFFFFFFB1
:100F5000FFFFFFFFFFFFFFFFFFFFFFFFFFFFFFFFA1
:100F6000FFFFFFFFFFFFFFFFFFFFFFFFFFFFFFFF91
:100F7000FFFFFFFFFFFFFFFFFFFFFFFFFFFFFFFF81
:100F8000FFFFFFFFFFFFFFFFFFFFFFFFFFFFFFFF71
:100F9000FFFFFFFFFFFFFFFFFFFFFFFFFFFFFFFF61
:100FA000FFFFFFFFFFFFFFFFFFFFFFFFFFFFFFFF51
:100FB000FFFFFFFFFFFFFFFFFFFFFFFFFFFFFFFF41
:100FC000FFFFFFFFFFFFFFFFFFFFFFFFFFFFFFFF31
:100FD000FFFFFFFFFFFFFFFFFFFFFFFFFFFFFFFF21
:100FE000FFFFFFFFFFFFFFFFFFFFFFFFFFFFFFFF11
:100FF000FFFFFFFFFFFFFFFFFFFFFFFFFFFFFFFF01
:10100000D1002043F1150060000000000000000046
:10101000201000600010006000F40060000000007C
:10102000000000600000010000000000FFFFFFFF63
:10103000FFFFFFFFFFFFFFFFFFFFFFFFFFFFFFFFC0
:10104000FFFFFFFFFFFFFFFFFFFFFFFFFFFFFFFFB0
:10105000FFFFFFFFFFFFFFFFFFFFFFFFFFFFFFFFA0
:10106000FFFFFFFFFFFFFFFFFFFFFFFFFFFFFFFF90
:10107000FFFFFFFFFFFFFFFFFFFFFFFFFFFFFFFF80
:10108000FFFFFFFFFFFFFFFFFFFFFFFFFFFFFFFF70
:10109000FFFFFFFFFFFFFFFFFFFFFFFFFFFFFFFF60
:1010A000FFFFFFFFFFFFFFFFFFFFFFFFFFFFFFFF50
:1010B000FFFFFFFFFFFFFFFFFFFFFFFFFFFFFFFF40
:1010C000FFFFFFFFFFFFFFFFFFFFFFFFFFFFFFFF30
:1010D000FFFFFFFFFFFFFFFFFFFFFFFFFFFFFFFF20
:1010E000FFFFFFFFFFFFFFFFFFFFFFFFFFFFFFFF10
:1010F000FFFFFFFFFFFFFFFFFFFFFFFFFFFFFFFF00
:10110000FFFFFFFFFFFFFFFFFFFFFFFFFFFFFFFFEF
:10111000FFFFFFFFFFFFFFFFFFFFFFFFFFFFFFFFDF
:10112000FFFFFFFFFFFFFFFFFFFFFFFFFFFFFFFFCF
:10113000FFFFFFFFFFFFFFFFFFFFFFFFFFFFFFFFBF
:10114000FFFFFFFFFFFFFFFFFFFFFFFFFFFFFFFFAF
:10115000FFFFFFFFFFFFFFFFFFFFFFFFFFFFFFFF9F
:10116000FFFFFFFFFFFFFFFFFFFFFFFFFFFFFFFF8F
:10117000FFFFFFFFFFFFFFFFFFFFFFFFFFFFFFFF7F
:10118000FFFFFFFFFFFFFFFFFFFFFFFFFFFFFFFF6F
:10119000FFFFFFFFFFFFFFFFFFFFFFFFFFFFFFFF5F
:1011A000FFFFFFFFFFFFFFFFFFFFFFFFFFFFFFFF4F
:1011B000FFFFFFFFFFFFFFFFFFFFFFFFFFFFFFFF3F
:1011C000FFFFFFFFFFFFFFFFFFFFFFFFFFFFFFFF2F
:1011D000FFFFFFFFFFFFFFFFFFFFFFFFFFFFFFFF1F
:1011E000FFFFFFFFFFFFFFFFFFFFFFFFFFFFFFFF0F
:1011F000FFFFFFFFFFFFFFFFFFFFFFFFFFFFFFFFFF
:10120000FFFFFFFFFFFFFFFFFFFFFFFFFFFFFFFFEE
:10121000FFFFFFFFFFFFFFFFFFFFFFFFFFFFFFFFDE
:10122000FFFFFFFFFFFFFFFFFFFFFFFFFFFFFFFFCE
:10123000FFFFFFFFFFFFFFFFFFFFFFFFFFFFFFFFBE
:10124000FFFFFFFFFFFFFFFFFFFFFFFFFFFFFFFFAE
:10125000FFFFFFFFFFFFFFFFFFFFFFFFFFFFFFFF9E
:10126000FFFFFFFFFFFFFFFFFFFFFFFFFFFFFFFF8E
:10127000FFFFFFFFFFFFFFFFFFFFFFFFFFFFFFFF7E
:10128000FFFFFFFFFFFFFFFFFFFFFFFFFFFFFFFF6E
:10129000FFFFFFFFFFFFFFFFFFFFFFFFFFFFFFFF5E
:1012A000FFFFFFFFFFFFFFFFFFFFFFFFFFFFFFFF4E
:1012B000FFFFFFFFFFFFFFFFFFFFFFFFFFFFFFFF3E
:1012C000FFFFFFFFFFFFFFFFFFFFFFFFFFFFFFFF2E
:1012D000FFFFFFFFFFFFFFFFFFFFFFFFFFFFFFFF1E
:1012E000FFFFFFFFFFFFFFFFFFFFFFFFFFFFFFFF0E
:1012F000FFFFFFFFFFFFFFFFFFFFFFFFFFFFFFFFFE
:10130000FFFFFFFFFFFFFFFFFFFFFFFFFFFFFFFFED
:10131000FFFFFFFFFFFFFFFFFFFFFFFFFFFFFFFFDD
:10132000FFFFFFFFFFFFFFFFFFFFFFFFFFFFFFFFCD
:10133000FFFFFFFFFFFFFFFFFFFFFFFFFFFFFFFFBD
:10134000FFFFFFFFFFFFFFFFFFFFFFFFFFFFFFFFAD
:10135000FFFFFFFFFFFFFFFFFFFFFFFFFFFFFFFF9D
:10136000FFFFFFFFFFFFFFFFFFFFFFFFFFFFFFFF8D
:10137000FFFFFFFFFFFFFFFFFFFFFFFFFFFFFFFF7D
:10138000FFFFFFFFFFFFFFFFFFFFFFFFFFFFFFFF6D
:10139000FFFFFFFFFFFFFFFFFFFFFFFFFFFFFFFF5D
:1013A000FFFFFFFFFFFFFFFFFFFFFFFFFFFFFFFF4D
:1013B000FFFFFFFFFFFFFFFFFFFFFFFFFFFFFFFF3D
:1013C000FFFFFFFFFFFFFFFFFFFFFFFFFFFFFFFF2D
:1013D000FFFFFFFFFFFFFFFFFFFFFFFFFFFFFFFF1D
:1013E000FFFFFFFFFFFFFFFFFFFFFFFFFFFFFFFF0D
:1013F000FFFFFFFFFFFFFFFFFFFFFFFFFFFFFFFFFD
:10140000824205D051F8043B40F8043B8242F9D8AF
:10141000704700BF044A05494FF0000342F8043BFF
:101420009142FBD8704700BFC05E0020A06B002037
:1014300080B5BFF34F8F00F01BFA544C544B08207B
:101440005449C3F85401544AC3F800115348C3F82F
:10145000F0405349FFF7D4FF524A53495348FFF72E
:10146000CFFF534CFFF7D6FF4FF470004FF0E02151
:101470000023504AC1F8880D44F823200133B02BD3
:10148000FAD14D4B80214D4A03F8011B9342FBD109
:101490004FF0E0254A4F4B4A4FF0FF31C5F8084D59
:1014A0000026D5F8243D43F4E023C5F8243DFB692C
:1014B00023F07F0343F04003FB617B6A23F07F034B
:1014C00043F040037B629166D1661167516700F07B
:1014D000D7F93D4B63223D49A3633D4BE3630323AF
:1014E0006A613C4AAE612B61C5F8202DD5F8FC2D10
:1014F000394B42F08072C5F8FC2D1A6842F00102A7
:101500001A605B680B6000F07FFB344800F0C0FDA0
:10151000F96E334B334A41F44051F9661E60C3F80B
:101520000861C3F81861C3F82861C3F83861936B88
:10153000DB0708D442F615632B4951651365936B9D
:1015400043F001039363274A284C936843F0011347
:10155000936000F01FFA00F005F900F081FD00F043
:1015600081FB00F087F92368132BFCD900F012FCF3
:101570002368B3F5967FFBD300F080F900F07CF987
:1015800000F092FD00F078FD30BFFDE70C0D111367
:1015900000800D401B101820A86E00000000000005
:1015A00020230060C05E0020CC910060000000207D
:1015B000005C00205D2C000000E400E0A0E400E0FE
:1015C00000C00F4000C00A40A13D0000106B002089
:1015D000A53D000000002020001000E00046C323CD
:1015E0000040084000400D400000C056146B002031
:1015F000054B4FF42A01054A05485A641864054A08
:1016000099639546FFF714FF00C00A40ABAAAAAA47
:1016100007002000008007201BB9124B1B6F9B04A2
:101620001ED400F03F000F4B22F0604221F06041D9
:1016300040F489101867C3F88010C3F890201A6F1F
:1016400022F480521A671A6F002AFCDAD3F870115C
:10165000054A0A40C3F870211A6F22F480321A67D3
:10166000704700BF00800D40FF7F7FFFB1F5607FB6
:10167000F0B50E468DB028BF4FF460760F46054694
:1016800072B62E4B00247022186021462C4B2D4838
:101690001C8000F0E9FCCFB121462A484FF0010C34
:1016A0004A0901F01F03013150F822400CFA03F3FC
:1016B0008E4243EA040340F82230F1D82846002342
:1016C0004380013300F582709E42F9D81E4C257884
:1016D00015B162B60DB0F0BD082000F0BDFC1B4B8B
:1016E00080220646009302A90693194B02710560F9
:1016F00008A8029300F0C4FC06A9164A304600F080
:10170000B7FC069B08A8DB689847009B02A8DB682B
:1017100098472378002BDCD10F4B104AC3F858218F
:101720000F49D0204FF0E023402281F84600C3F853
:1017300008210123237062B60DB0F0BD986200202D
:10174000386B0020A06200204C6B0020AC460020CB
:10175000E52200001B100100005C0020F1220000C7
:1017600000E400E0104BA020104AD96E41F4403153
:1017700010B4D96640F23764D96E41F44071D9662D
:1017800054649064936C1B06FCD4094A40F23761A0
:10179000A02351649364936C13F08003FBD1054A3A
:1017A00013705DF8044B704700C00F4000400C40C0
:1017B00000800C40516B00202B4A0021012310B403
:1017C000C2F8A000C2F8A410C2F8B0305369DB0719
:1017D000FCD501234FF4803423495361C2F8A000A3
:1017E000C2F8A440C2F8B0304B69DC07FCD5012335
:1017F0004FF400341C4A4B61C1F8A000C1F8A4406A
:10180000C1F8B0305369D907FCD50123174C1649EC
:101810005361C2F8A000C2F8A440C2F8B0304B69CE
:10182000DB07FCD5D1F8003145F60D5021249AB2E2
:101830004C61824214D045F69D518A420CD1C3F3CB
:101840004253032B0CD0A3F104035DF8044BB3FA0D
:1018500083F35B091801704700205DF8044B704763
:1018600008205DF8044B704700402A400400030044
:10187000704700BF704700BF704700BF00BF704790
:1018800010B44FF0E023002110243248C3F8941D17
:10189000C3F89C4D1124C3F8A00D2F48C3F89C4DEC
:1018A0001224C3F8A00D2D48C3F89C4D2C4AC3F850
:1018B000A00D2C4C42F015022B48C3F89C4DC3F8E8
:1018C000A00D2A4C2A48C3F89C4DC3F8A00D294C02
:1018D000C3F89C2D2848294AC3F8A04DC3F89C0D95
:1018E000C3F8A02D02F5A022254C0C322548C3F8E0
:1018F0009C4DC3F8A02D244AC3F89C0DC3F8A02D1D
:1019000002F14062214C02322148C3F89C4DC3F8D9
:10191000A02D0A32C3F89C0DC3F8A02D00BF00BF54
:1019200000BF00BF00BF0122C3F8942DBFF34F8F4B
:10193000BFF36F8FC3F8501FBFF34F8FBFF36F8F8D
:10194000D3F8142D5DF8044B42F44032C3F8142D43
:10195000704700BF3F000010250008070900100075
:10196000A06B0020130020002100020714000020BB
:1019700025000813090000101600202027000B1373
:1019800017000040180000602F000B0719000070BE
:101990001A000080F0B5824B1822824D0120824F40
:1019A00083B0C3F85C528149C3F86072804CC3F8BD
:1019B0006452A5F530457F4EC3F8685248F20C7565
:1019C000C3F86C42C3F87042C3F87442C3F878425B
:1019D0004FF0FF34DA661A675A679A67DA67C3F816
:1019E0008020C3F88420C3F88820C1F82C03724AF1
:1019F000C1F83003C1F83403C1F83803C1F83C031F
:101A0000C1F85003B1696D4B0A406D486D491343ED
:101A10006D4AB361D6F8843043F00C03C6F88430C5
:101A2000036843F00203036003682B4021251A4337
:101A3000664B026044608A68654C1340654A43F017
:101A400000538360C36823F07803C360036A1340C4
:101A500023430362036A13405F4A234340F2056451
:101A600043628262C2620022D1F8B83023F03F03A1
:101A700043F00103C0F8B830D1F8BC30574923F027
:101A80003F0343F00103C0F8BC3002610567C0F8B2
:101A900080404567C0F884400224036823F00203B5
:101AA000036081614E4B4F49C46143F8042B8B4264
:101AB000FBD1434D2B6843F001032B602C6814F0DD
:101AC0000104FBD14549022340F2F5622046A96199
:101AD00040F29941EB6140F26643C5F8002242F2C0
:101AE0000142C5F81032404BC5F82012C5F830321B
:101AF00040F23543C5F834223C49C5F840323C4BEE
:101B0000C5F850123B4AC5F8543242F20123C5F8D9
:101B10006022C5F86432FFF74FFE0646002836D033
:101B200083024FF480222B660123C5F8A040244C89
:101B3000C5F8A420C5F8B0306369DA07FCD50125E3
:101B4000370565613846FFF737FE32182A4BD2B2A7
:101B50001A7078B180024FF4802319496066C4F886
:101B6000A070C4F8A430C4F8B0504B69DB07FCD5B2
:101B700001234B6121490024214801230094401A8C
:101B800000EB02521F4800F087FA03B0F0BD1D4B76
:101B9000194A18601070D860C3E9010003B0F0BDA5
:101BA00000801F40F9B00100F910010000841F40BF
:101BB000F970010000C00F40FFFCFF1F0003008010
:101BC00000402A4000802A401200FFFFFF37F70044
:101BD0004000008000FFF07CFF000F83F05AF05AB5
:101BE00000422A4000432A409F041830EB06180A9E
:101BF000063201263806180A526B002000000070D9
:101C000000000070786A0020F0B4154A40274FF4B5
:101C100080314FF480564FF400554FF4404443F266
:101C20004200136913F0020F0ED113F4005F0FD0BE
:101C300013F4805F0ED0002BF3DA13F4803F0BD146
:101C40005B060BD5F0BC7047946151619061E8E789
:101C50005561E6E75661E4E79161E2E75761E0E745
:101C600000800D403F4A03203F49F3EE095AD2F865
:101C700080304FF0000C9FED3D6A23F001039FED93
:101C80003C5A30B4C2F88030C2F89000D1F8E0106D
:101C9000384DCBB2384C39482B6007EE903A0B0DDB
:101CA000C1F30B21F8EEE77A06EE903A07EE101A30
:101CB000334BB8EEC77A2160F8EEE66A314937EE69
:101CC000C66A37EEC55A76EEC76A77EEE57A26EE33
:101CD000266AC3ED006A25EE265AD2F8803067EEF8
:101CE000A64AC0ED007AC6EE275A274885EE276A35
:101CF000C4EEA76A75EE875AFCEEE55A36EE076A1F
:101D000015EE904ABCEEC66A43EA045376EE877A33
:101D1000C2F8803016EE103AD2F89041FCEEE77A25
:101D200001EA0341214317EE903AC2F89011C3F340
:101D30000B03D2F890110B431449C2F89031D2F83A
:101D4000803043F00203C2F88030114B80F840C06D
:101D5000C1F840314FF0E023012230BCC3F8082124
:101D6000704700BF00810D4000441F400000AA42A0
:101D70000000B442006B0020FC6A0020046B0020CD
:101D8000086B00200000FF0F00E400E0005C002072
:101D9000212E0000314B40F6617210B5C3F82021AE
:101DA00040F2044400F07CF92D4A2E49D2F88030EC
:101DB0002D4843F00303C2F880302C4BC1F860413A
:101DC00002681A4203D1D1F8A8319A071BD0254ADC
:101DD0004FF00041244B5963D2F8403143F00203E5
:101DE000C2F84031D2F840319B07FBD44FF40030A9
:101DF0004FF0E0211C4B4FF00042C1F88C0219203B
:101E00009A6300F041F9184A4FF08040154C0021C8
:101E100090630A20164B11604FF42072C4F8A80199
:101E2000184600F021F94FF4800203464FF4810078
:101E300040F243111860C4F858311A640D4B0E4A31
:101E4000C4F84811C3F804224FF0E0224FF40031E7
:101E50000123C2F80C11C4F8403110BD00800D40C0
:101E600000C00F4000002E4000900D40001C1E00DE
:101E700000000020005C00200930000008B50E4B77
:101E80001B6E9B0700D4FBBE72B60C4B00200C4AA5
:101E9000C3F8400103F160430A49A3F55F231164CD
:101EA0009D46BFF34F8F4FF400130748074ADB6985
:101EB00002609B68984700BF00441F4000002E400E
:101EC00000C00A400300200000802020000012EB28
:101ED00043690A4A03EB011010B4037A084C02EB81
:101EE0000313D3E901321460C2681A6003690BB1AD
:101EF00042691A605DF8044B704700BF1C47002020
:101F000061F801004369027E03EB021292F808C0F7
:101F10008C451CD01A7AFF2A19D0914210B504467C
:101F200016D01A7EFF2A06D00121D3E900231268B9
:101F30001A4201D1217610BD064B0522204603EB43
:101F40000C135B681A60FFF7C3FF2176F3E7704755
:101F50000021EAE71C47002043690A4A03EB01100D
:101F600010B490F82830084C02EB0313D3E9013287
:101F70001460C26A1A60036B0BB1426B1A605DF8A1
:101F8000044B70471C47002061F801004369427E02
:101F900003EB021292F828C08C451ED093F828203B
:101FA000FF2A1AD0914210B5044617D093F8382072
:101FB000FF2A06D00121D3E9002312681A4201D179
:101FC000617610BD064B0522204603EB0C135B68BF
:101FD0001A60FFF7C1FF6176F3E770470021EAE777
:101FE0001C470020164942698B6B23F47C0343F4A1
:101FF000802370B58B630446124DD2E900130A6842
:102000001A4303690A60022200211A610E4A19610B
:102010009A6401225A629D624FF43035DD624FF0BE
:1020200001159E6C1E6519629D651A61017EFFF7A0
:102030004FFF617E2046BDE87040FFF78DBF00BFB7
:1020400000C00F40B80B05053B372819F8B500BF95
:10205000F8BC08BC9E4670475FF800F0592C0000A1
:102060005FF800F0994100005FF800F0116A00008D
:102070005FF800F08D2800005FF800F0152B0000DD
:102080005FF800F0592300005FF800F06D2A0000AF
:102090005FF800F0C93D00005FF800F0FD4200006D
:1020A0005FF800F0413700005FF800F0F16A0000CF
:1020B000450000005D190000D521000091290000B5
:1020C00018035400650065006E007300790020005D
:1020D0004D004900440049001803540065006500A4
:1020E0006E00730079006400750069006E006F0077
:1020F0000403090409029500030100C032080B0023
:10210000020202010009040000010202010005248C
:102110000010010524010101042402060524060023
:10212000010705820310001009040100020A0000E3
:102130000007050302400000070583024000000974
:10214000040200020103000007240100012500062B
:1021500024020101000624020202000924030103F3
:102160000102010009240302040101010009050420
:10217000024000000000052501010109058402401C
:102180000000000005250101030000000902950080
:10219000030100C032080B00020202010009040022
:1021A00000010202010005240010010524010101C3
:1021B0000424020605240600010705820310000519
:1021C00009040100020A00000007050302000200E2
:1021D0000705830200020009040200020103000057
:1021E0000724010001250006240201010006240243
:1021F0000202000924030103010201000924030271
:102200000401010100090504020002000000052587
:1022100001010109058402000200000005250101F9
:10222000030000000A060002EF0201400100000066
:1022300080C00F40000000031900000010000000E3
:10224000E8841F4001000000FF000000FF000000C4
:102250000000000000000000180000001000000056
:10226000E4841F4001000000FF000000FF000000A8
:1022700000000000000000001F000000A94800004E
:1022800070C00F40000C00001100000011000000A1
:10229000E0841F40020000002C000000120000003B
:1022A000E0841F4001000000100000001100000049
:1022B000DC841F40020000002D000000120000001E
:1022C000DC841F40010000001E0000009D4800004B
:1022D00070C00F40C000000012000000130000009A
:1022E000D0841F4001000000FF000000FF0000003C
:1022F00000000000000000001300000013000000B8
:10230000CC841F4001000000FF000000FF0000001F
:1023100000000000000000001C00000091480000C8
:1023200000000000000000000000000000000000AD
:10233000000000000000000000000000000000009D
:102340000548064B1B1AD90F01EBA301491002D017
:10235000034B03B118477047C05E0020C05E0020E9
:102360000000000008B5054B1BB105490548AFF357
:102370000080BDE80840FFF7E3BF00BF0000000099
:10238000886A0020000001602DE9F04F541E8BB0D8
:102390000F2C00F2A3800029C0F2A0808A42C0F274
:1023A0009D8093FBF2F402FB1433002B0093C0F2E8
:1023B0009880C4680023A2420360C0E90121D8BF0D
:1023C000C360002900F08A808A4200F0F78001246F
:1023D000551A0023A54207940195CDE9083300F36F
:1023E00083800294002940F30281009B4FF0000C8F
:1023F0004FF001098B469E46A4EB0308C3F1000A87
:10240000554607E050F8271001351943454540F877
:10241000271022D005EB0E010AAF002D2B464FEA04
:10242000611601F01F01B8BF531907EB86065F1153
:1024300003F01F0356F80C6C09FA03F326FA01F1B6
:1024400001F001010029DDD150F82710013521EA02
:102450000301454540F82710DCD10CF1010C05EBD8
:102460000408A244AEEB040EDC45C9D104FB0CF712
:10247000019E012E32D1009B0299FC1ACD1A3D44D7
:10248000DF1B07E050F82E1001341943AC4240F82E
:102490002E1023D0E1190DF1280E002C23464FEA0F
:1024A000611C01F01F01B8BF13190EEB8C0C4FEA31
:1024B000631E03F01F035CF808CC06FA03F32CFA42
:1024C00001F101F001010029DCD150F82E10013496
:1024D00021EA0301AC4240F82E10DBD10BB0BDE87D
:1024E000F08F1344009364E70DF124091D46A046C4
:1024F000A346A6468A46029404900592019C0026B3
:1025000008EB0E02029F5445304639460392A8BF9D
:10251000544603E053F80C1C53F8043C06F01F0229
:1025200080000136D14000F128070BFA02F2701149
:1025300011F0010F6F4423EA020C42EA03020AABD6
:1025400014BF47F8042C47F804CCB04503EB8003D4
:10255000E0D1002128460DE059F82530134349F811
:10256000253001310AAA4B11714502EB830314D0C7
:1025700053F8080C01F01F0208EB0103D04003F0F0
:102580001F025D11C0070BFA02F2E5D459F82500CD
:1025900020EA020049F82500E3E7544520DB019BCF
:1025A0001B1B0193019A099B012A079312DC214608
:1025B000CDF808E0039CDDE9040213E700210125C2
:1025C0000B4605FA03F401339A4241EA0401F8D1BB
:1025D000016083E7DDF80C80A246089D02938DE739
:1025E000029BB6460893AAEB04030193DAE700279F
:1025F0003EE700BFDFED7F7A90ED027AD0ED006A12
:10260000B4EEE77A10B5F1EE10FA04462DED048B26
:1026100009D4DFED797A66EEA77AB4EEE77AF1EEC7
:1026200010FA77FE877A94ED038A9FED727AB4EE02
:10263000C78AF1EE10FA54D4B7EE007A87EE089A02
:102640009FED6E7A87EEA60A20EE070A04F018FFC7
:102650006368F0EE408A082B2CD8DFE803F06F7631
:102660008087919CA8054700D4ED040AB2EE040AC5
:10267000DFED637AC0EEA70A04F01EFBB5EE400A58
:10268000B0EE408AF1EE10FA00F1B180B1EEC80A66
:10269000C8EE808AB7EE007AFFEE007A84ED087A01
:1026A000E8EE087A38EE478A28EE098AC4ED0A7AFD
:1026B00084ED098AF7EE006A78EE897AB0EE666AF0
:1026C000A7EEA86A86EE867A67EE287A84ED057A08
:1026D00027EEA80AC4ED067ABDEC048B84ED070A48
:1026E00010BDB0EE478A9FED479AA9E7D4ED040AE2
:1026F000B2EE040ADFED427AC0EEA70A04F0DCFA7B
:10270000B5EE400AB0EE408AF1EE10FA6CD4B1EEAC
:10271000C80AB7EE007A68EE086A68EE808A77EE3B
:10272000487A37EE667AC4ED086A67EE897A84EDF6
:102730000A7A67EE887AC4ED097ABBE700234FF086
:102740007E5223626362A262B4E7F1EE497A4FF0EF
:102750007E522D4B2262C4ED097AA362AAE70023C0
:102760004FF07E522362A3626262A3E7F1EE497AE0
:102770004FF07E5200232262C4ED097AA36299E7EA
:10278000F1EE497A4FF07E524FF040432262C4EDA1
:10279000097AA3628EE7F8EE007A4FF07E520023AA
:1027A000226269EE277AA362C4ED097A82E7DFED3F
:1027B000147AB2EE040AD4ED040AC0EEA70A04F0BB
:1027C0007BFA0023A362B7EE007A28EE008AFFEEC0
:1027D000007A84ED087A87EE089AE0EE007A67EED8
:1027E000897AC4ED097A65E704F028FE91E704F0E0
:1027F00025FE4DE76F12833A48E1FA3EDB0F494070
:1028000000002042FFFF7944000080BF436830B4DD
:102810002DED048B042B00F25981DFE803F037CB58
:102820005D9503008168CE4A0D6890ED0E7A2A44CA
:102830009FEDCC6A82EAD2330A6042F0010202FBC9
:1028400003F383EAD31243F03D0404FB0232534006
:1028500083EA933307EE903AF8EE677A67EE867A6A
:10286000B4EEE77AF1EE10FA00F33381D0ED0B6AA3
:1028700090ED0C0A26EE800AD0ED0F7A67EEA67A6C
:10288000C0ED0B7ABDEC048B30BC70478168B0EEB4
:10289000007AB34ABFEE000A0B68DFEDB26A1A4451
:1028A00082EAD23342F001000A6000FB03F383EABC
:1028B000D31243F03D0101FB0232534083EA9333CC
:1028C00007EE903AF8EE677ABDEC048B67EEA67AD5
:1028D00030BCA7EE870A70478168B0EE005AA04A64
:1028E000FFEE006A0B68B0EE0C0A90ED0A7A1A440B
:1028F000DFED9C4ADFED9C5A42F0010482EAD233BC
:102900000A6004FB03F39FED996A83EAD31243F054
:102910003D0101FB0232534083EA933307EE903AC4
:10292000F8EE677ABDEC048B67EEA47A30BCE7EE74
:10293000856AF0EE477AE6EEA57A87EE867A27EE8C
:10294000000A80ED0A7A70478168854A0B6890ED2D
:102950000D7A1A44DFED836A82EAD23342F0010035
:102960000A6000FB03F383EAD31243F03D0101FB4D
:102970000232534083EA933307EE903AF8EE677AD7
:1029800067EEA67AB4EEE77AF1EE10FA40F29E8096
:10299000B6EE006AB7EE000AFFEE006A27EE067A8E
:1029A000BDEC048BB4EEE77A30BCF1EE10FA30FEE9
:1029B000260A70478468B0EE009A694ABFEE004A62
:1029C0002368D0ED038A1A4490ED040AD0ED050A7D
:1029D00042F0010182EAD233D0ED061A01FB03F383
:1029E000DFED609A226083EAD31143F03D02DFED10
:1029F000607A02FB0132DFED5F4A9FED5F8A534050
:102A0000DFED5E3A9FED5E5A83EA93339FED5D1AE8
:102A1000DFED5D5A07EE103A9FED5C6ADFED5C6A10
:102A2000B8EE477A9FED5B2AD0ED072A9FED5A3A20
:102A300027EE297AA7EE094A64EE277A64EE244A43
:102A400024EE055AE8EE887AE0EE234AD0ED083A03
:102A5000A0EE815A24EE066A64EE255A26EEC47A68
:102A6000F0EE466A9FED4D6AE1EE825AC0ED037AC0
:102A700037EEA40AC0ED044AE2EE836AD0ED092ADB
:102A8000A3EE867A9FED463A30EE050A9FED456A41
:102A9000DFED453A64EE067A80ED055A30EE250A00
:102AA000C0ED065AC0ED076AC0ED097A30EE260A7D
:102AB00080ED087ABDEC048B30EE070A30BC30EEB6
:102AC000220AA4EE030A20EE230A70479FED370A7C
:102AD000D8E6374BF6EE005A364C2B449FED365A6B
:102AE0002C44DFED366A83EAD33243F001030C60F5
:102AF00003FB02F242F03D0382EAD21103FB012103
:102B000084EAD43344F001044A4004FB03F382EA2C
:102B1000923283EAD31143F03D0407EE902A04FB7E
:102B20000131B8EE677A4B4083EA933327EE067A99
:102B300007EE903AE7EE056AF8EE677A67EE867A76
:102B4000F4EEE57AF1EE10FA05D4B0EE660A4FF035
:102B50007E53036390E6B1EE660A194BF9E700BFB6
:102B6000F5792B6D0000802F0AD7A33C5C8F823F44
:102B7000BD66633D65C1993D4AB57F3F384A7E3F9A
:102B8000618B1D3E6210783FF8F79E3E8E6F083FC6
:102B9000AD6D8A3CF2D25D3FCDCC0C3F38F842BFE0
:102BA0006744093F9C6AED3DAE47E13D00000000EF
:102BB000EAF356DADF6D82473333333F9A99993E11
:102BC000000080BFF8B50026044600F5077700F541
:102BD000F6752DED048B9FEDBB8ADFEDBB8A9FED73
:102BE000BB9ADFEDBB9A6A6892B3EB68591103F0A8
:102BF0001F00013355F821109A42D8BF002321FA53
:102C000000F2EB60D30723D5D7ED007AFB683EBB1B
:102C100094ED077AC4ED027AB5EEC07AE36084EDF4
:102C2000048AF1EE10FA51D8B0EE480AD4ED067AD3
:102C300084ED0B0AF5EEC07AF1EE10FA00F2948002
:102C4000B0EE480A4FF07E5384ED0E0AA362636330
:102C5000013604371035032EC5D1BDEC048BF8BD09
:102C6000012E00F08C80B7EE007AC4F80C31994A3E
:102C7000234604F19001B0EE475A27EE877AD3ED50
:102C8000465AB0EE486AC7EE256AF5EEC06AF1EE24
:102C900010FA66D4F4EEE86AB0EE496AF1EE10FA82
:102CA0001FDCF5EEC06AC3ED486AF1EE10FACCBF46
:102CB00085EE266AB0EE486A83ED478A183383EDC5
:102CC000436A994216D0B2EC017AD6E7D4ED097A7C
:102CD0009FED810A27EE277A80EE070A03F07AFF3C
:102CE000A4E7C3ED488A183383ED418A994283ED06
:102CF000436AE8D1D4ED447A84ED758AF5EEC07A62
:102D000084ED768AF1EE10FA00F2CB80B0EE480A3C
:102D1000D4ED457A013694ED427A04F5D470DFEDB6
:102D20006F6A67EEA97A6E4B043727EE267A84ED38
:102D3000790AC4F8B431103584ED6E8AF4EEC77A9E
:102D4000F1EE10FA58BFF0EE477AC4ED6C7AFFF757
:102D500051FC4FF07E53032EC4F8E0317FF443AFB3
:102D60007BE783ED488AA7E794ED0C7A9FED5A0A3A
:102D700067EE877A80EE270A03F02CFF62E7D4ED36
:102D8000136AA36487EEA67AB5EEC07AF1EE10FA64
:102D90005DD4B4EEE87AF1EE10FA78DCB5EEC07AE4
:102DA00084ED157AF1EE10FA40F38680B7EE006AF2
:102DB000C6EE076A9FED4B7A94ED196AC4ED166A68
:102DC00067EE877A87EE867AB5EEC07AF1EE10FA72
:102DD00058D4B4EEE87AF1EE10FA5DDCB5EEC07AC4
:102DE00084ED1B7AF1EE10FA69DDF7EE007AC7EE9A
:102DF000876AD4ED107A4FF07A53C4ED1C6A84EDE3
:102E0000148A84ED3A8AF5EEC07A84ED3B8AA36693
:102E1000F1EE10FA2BD8B0EE480AD4ED117A84ED19
:102E20003E0AF5EEC07AF1EE10FA15D8B0EE480A77
:102E300001364FF07E5304371035032E84ED410ADE
:102E4000C4F8F430C4F800317FF4CDAE05E7F0EEFD
:102E5000486A84ED158AADE794ED3F7A9FED1E0A2E
:102E600067EE877A80EE270A03F0B4FEE0E794ED80
:102E70003C7A9FED190A67EE877A80EE270A03F005
:102E8000A9FECAE7F0EE486A84ED1B8AB1E7F0EECE
:102E9000496AC4ED158A8DE7F0EE496AC4ED1B8AD4
:102EA000A7E794ED777A9FED0C0A67EE877A80EEBC
:102EB000270A03F08FFE2BE7F0EE486A7AE7F0EE80
:102EC000486A96E70000000048E1FA3EBC9C0240D8
:102ED00000C0DA452C060020550CDDC06666E63ED3
:102EE0008104353FCDCCCC3F2DE9F04F2DED0A8B41
:102EF00087B01E461A9B9E42CDE9041280F2B08430
:102F0000D0F83C3204469FEDE18A0193019BDFED4E
:102F1000E58A002B40F31F841A9B94ED0A9ADFED9B
:102F2000E27A9B1B019AB4EEE79A9342A8BF13463C
:102F3000F1EE10FA03EB0609039340F32684F7EE53
:102F4000009AD4ED05AAB1457AEEE9AA40F38D8442
:102F5000B300059ADFEDCEBA029302EB860B049B19
:102F60009FEDCCBA03EB86089FEDCBAA03EB890556
:102F700001E094ED0A9AB0EE695AD4ED0D6AD4EDF1
:102F8000027AD4ED015AAAEEA65A94ED046A94EDA1
:102F90000E7A27EE267A67EE857A84ED0D7A87EE33
:102FA000A50A30EE060AB4EEE90AF1EE10FAA8BF5F
:102FB00030EE690A84ED040A20EE2B0A04F00CF8C6
:102FC00094ED08CAF0EE407AB4EECBCAF1EE10FAF6
:102FD0000DD420EE0C0A04F07DFAF0EE407AB0EE4B
:102FE0004C0AB0EE67CA04F075FACCEE007A94EDA4
:102FF0000B7AD4ED036A67EE897A27EE097A67EED9
:10300000A67A84ED0A7A98ED007AA7EE8A7AA8EC7F
:10301000017A45459BED007AA7EE8A7AABEC017AFE
:10302000A7D1D4ED3DAADFEDA07AB0EE6AAAF4EE06
:10303000E7AAF1EE10FA40F3C4839FED987AF6EE1A
:10304000007A94ED0F9A29EE079A29EE279AB0EEAE
:10305000490A04F0C5F8F0EE409AB0EE490A94ED42
:10306000129A03F0B9FF69EE899A20EE099A049A40
:10307000F6EE00AA029B04F17C0B9FED87BAB046E6
:1030800002EB030A059A864DD718D4ED145AF1EED7
:10309000007AD4ED154AF4EEEA5AF1EE10FA40F156
:1030A000F581FFEE006AE5EEA76AF5EEC04AF1EEA3
:1030B00010FA40F3A680F3EE002AF2EE003A24EE76
:1030C000A23A64EEA33A35EEC37A75EE837ABAFE7D
:1030D000477ABDEEC77AFBFE677AFDEEE77A17EE18
:1030E000102A17EE901A8A4200F33F8394ED162AB5
:1030F00001319FED6C4A12E0F8EEE77A9CED006A30
:103100009CED015A013237EE677A8A4235EE465A13
:10311000F0EE467AE7EE057AA3EEA74A1DD007EE59
:10312000902AB0EE627AF8EEE77A75EEE77AA7EECB
:10313000827A27EE087AFBFE477AFDEEE77A17EEF1
:10314000903AB3F5006F05EB830CD5D30132F0EE66
:10315000687A8A42A3EEA74AE1D175EEEA2A34EEF4
:10316000264AF1EE633A72EEC37A32EE833AFAFE01
:10317000677AFDEEE77ABBFE433A17EE902AFDEE42
:10318000C37A17EE901A8A4200F3F282B3EE002A55
:1031900094ED163A0131DFED436A12E0F8EEE77A7A
:1031A0009CED006A9CED015A013237EE677A8A4243
:1031B00035EE465AF0EE467AE7EE057AE3EEA76A78
:1031C0001DD007EE902AB0EE427AF8EEE77A72EE62
:1031D000E77AA7EE837A27EE087AFBFE477AFDEEC0
:1031E000E77A17EE903AB3F5006F05EB830CD5D371
:1031F0000132F0EE687A8A42E3EEA76AE1D176EE18
:10320000846A75EEA45AD4ED1B4AF7EE007AF4EE08
:10321000E75AF1EE10FAA8BF75EEE75AF1EE007A20
:10322000C4ED145AD4ED1A5AF4EEEA5AF1EE10FA3B
:1032300040F13181FFEE003AE5EEA73AF5EEC04AE3
:10324000F1EE10FA40F3B780F3EE002AB2EE004A36
:1032500024EEA22A24EE844A35EEC27A75EE827AF2
:10326000BAFE477ABDEEC77AFBFE677AFDEEE77AD3
:1032700017EE102A17EE901A8A4200F38382D4EDDB
:103280001C1A01319FED073A23E000BF0000804285
:10329000DB0FC940BD378635F304353FDB0F4940AE
:1032A000400600200000000017B7D138F8EEE77A9A
:1032B0009CED006A9CED015A013237EE677A8A4232
:1032C00035EE465AF0EE467AE7EE057AA4EE273A56
:1032D0001DD007EE902AB0EE627AF8EEE77A75EE2E
:1032E000E77AA7EEA17A27EE087AFBFE477AFDEE91
:1032F000E77A17EE903AB3F5006F05EB830CD5D360
:103300000132F0EE687A8A42A4EE273AE1D175EEF6
:10331000EA2A33EE233AB1EE444A32EEC27A72EE32
:10332000827ABAFE477ABDEEC77AFBFE677AFDEE77
:10333000E77A17EE102A17EE901A8A4200F31D82E0
:10334000F3EE001A94ED1C2A01315FED2A3A12E0E7
:10335000F8EEE77A9CED006A9CED015A013237EEF7
:10336000677A8A4235EE465AF0EE467AE7EE057AFB
:10337000E4EE273A1DD007EE902AB0EE617AF8EE1F
:10338000E77A72EEE77AA7EE827A27EE087AFBFEFA
:10339000477AFDEEE77A17EE903AB3F5006F05EB4A
:1033A000830CD5D30132F0EE687A8A42E4EE273AF4
:1033B000E1D173EE233A75EEA45A5846F7EE007A3F
:1033C00008F1010873EEA63AF4EEE75A63EEAA3A62
:1033D000F1EE10FAA8BF75EEE75AD4ED3E7A67EE2B
:1033E0008A7AC4ED1A5A23EE8AAAC4ED3D7AFFF711
:1033F0000DFA94ED3B6AD4ED3A5AB0EE004A70EE05
:10340000463AD4ED356AB0EE465AD4ED341A94ED0E
:10341000387AC14594ED362AA5EEA65AD4ED372A5E
:1034200063EEA66A94ED393AD4ED407AD4ED414A80
:10343000E1EEA56A64EEA74AA3EE825AC4ED404AC3
:1034400026EE877AD6EE845A95EE046AA0EE227AAA
:10345000C4ED3A5A84ED3B6AA5EE037ADAED006AD0
:1034600067EE877AB0EE667A67EE897AE9EE8A7A55
:10347000A7EE8B7AAAEC017A97ED007AA7EE8B7A09
:10348000A7EC017A0CDD94ED3DAAFEE5F0EE086AAA
:10349000E5EEE76A09E6F0EE083AE5EEE73ACDE652
:1034A000D4ED783A5FED807AF4EEE73AF1EE10FA77
:1034B00040F34281049AB8EE004A029B04F1900561
:1034C000E24802EB030C059AD718F7EE004A2346B0
:1034D0009FEDDF3A93ED475AFFEE005A93ED4A1AFB
:1034E00093ED482AB4EEC15AF1EE10FAB5EEC02AB7
:1034F00048BFF0EE645AF1EE10FA40F3AA80F3EE02
:10350000000A62EE202A75EE627A35EE227AFAFE21
:10351000677AFDEEE77ABBFE477A17EE901AFDEE6A
:10352000C77A17EE902A914200F3FB8093ED499AF7
:1035300001329FEDC70A19E0F8EEE66AD8ED007A8D
:1035400098ED017AF5EEC01A013176EE666A37EE33
:10355000677AF1EE10FAE6EE877AA8BF77EEE47AA2
:10356000914277EEA77A30EE270A20D007EE901A24
:10357000F8EEE71A75EE611A61EE891A71EEA06A2B
:1035800026EE886AFBFE466AFDEEE66A16EE90EAD3
:1035900016EE90AA00EB8E08BAF5006FC646CBD3A4
:1035A0000131F0EE687A914230EE270ADED135EE35
:1035B000411A30EE250A71EE627A71EE222AFAFE85
:1035C000677AFDEEE77AFBFE622A17EE901AFDEEAF
:1035D000E27A17EE902A914200F39E80F3EE000A01
:1035E000D3ED491A0132DFED9A5A07EE901A0131F4
:1035F000F8EEE72A71EE622A62EEA12A72EEA06A64
:1036000026EE886AFBFE466AFDEEE66A16EE90EA52
:1036100016EE90AA00EB8E08BAF5006FC64614D2DB
:10362000F8EEE66AD8ED007A98ED017AF5EEC02A58
:1036300076EE666A37EE677AF1EE10FAE6EE877A92
:10364000A8BF77EEE47AE7EE845A9142CDD170EECE
:10365000255A75EE027A183333EE253AF4EEE47A01
:10366000F1EE10FAA8BF77EEE47AC3ED417A9D42FD
:103670007FF430AFF1EE085A94ED795A94ED766A02
:10368000013625EE235AD4ED756AC3EE252A94ED52
:10369000707AD4ED6F0AB14584ED785AD4ED737A1F
:1036A00094ED710AF0EE465A94ED721AD4ED741A44
:1036B000B0EE003A94ED432AE6EE875ADFED654A14
:1036C00032EEC65A25EE077AE5EE005AA0EEA67A4B
:1036D00095EE836A67EE277AD7EE036AE2EE817A87
:1036E00084ED766AC4ED756A9CED007AE5EEA17A08
:1036F00067EEA33AF0EE477A63EE823AE3EEA47AFD
:10370000ECEC017AD7ED007AE3EEA47AE7EC017AEB
:1037100012DDD4ED783AD8E6DFED4D5A70EE255A39
:1037200097E79FED4B0A42E7D4ED783AF4EEE73A9B
:10373000F1EE10FA3FF7BEAE019B039A9B1A01937C
:10374000C4F83C321A9B4B4540F38A80019B4E469D
:10375000002B3FF7E1AB2046FFF734FAD4F83832BC
:103760000193C4F83C32FFF7D7BB9FED394AF4E42C
:10377000DFED376A76EE846A43E5DFED353A73EEC6
:10378000233A18E69FED323AC1E5D4ED3DAAF4EEB6
:10379000E7AAF1EE10FA38DC94ED407AB4EEE77A5D
:1037A000F1EE10FA31DCD4ED783ADFED2B7AF4EE5D
:1037B000E73AF1EE10FABFDDB145BDDDB30002938B
:1037C00078E694ED407AB4EEE77AF1EE10FAABDDEC
:1037D0009FED227AF6EE007A94ED0F9A29EE079A81
:1037E00029EE279AB0EE490A03F0FAFCF0EE409A6F
:1037F000B0EE490A94ED129A03F0EEFB69EE299AB5
:1038000029EE009AB0EE6AAA31E49FED147AF6EE42
:10381000007A94ED0FAA2AEE07AA2AEE27AAB0EEA4
:103820004A0A03F0DDFCF0EE409AB0EE4A0A94ED4D
:10383000129A03F0D1FBB14569EE899A29EE009AFC
:103840007FF77AAFB3000293DCE700BF4426002085
:1038500000000000F304353F17B7D138DB0F4940B3
:1038600007B0BDEC0A8BBDE8F08F94ED3D7AB4EE65
:10387000E77AF1EE10FA3FF75FAF94ED407AB4EEDD
:10388000E77AF1EE10FA8EDD56E700BFF0B583B0AF
:10389000054600F0FBFE002800F08380044600F09F
:1038A000F5FE064600287ED04FF4007200213F4806
:1038B00005F03EFA4FF4007200213D4805F038FA59
:1038C00080223A4900230092394AA869FFF70CFB8D
:1038D000364ABFEE007AB01CF7EE006A9FED356AFB
:1038E00004F1020C324902F5007E334F29E0F4EE78
:1038F000E67AF1EE10FA4DDC67EE867AFDEEE77AB5
:1039000017EE903A1BB2F1EC017A2CF8023FF4EE7C
:10391000677AF1EE10FA40D6F4EEC77AF1EE10FABB
:103920001DDBF4EEE67AF1EE10FA30DC67EE867A13
:10393000FDEEE77A17EE903A1BB2964520F8023F6B
:1039400012D0F2EC017AF4EE677AF1EE10FA26D694
:10395000F4EEC77AF1EE10FAC9DA3B46D3E73B46FC
:10396000964520F8023FECD100222146284600F07F
:103970000BFF01223146284600F006FF204600F0EA
:10398000DBFE304603B0BDE8F04000F0D5BE47F6A0
:10399000FF73D2E747F6FF73B5E70023CDE70023B7
:1039A000B1E703B0F0BD2046ECE700BF5C63002048
:1039B0005C65002000FEFF460180FFFF2DE9F04717
:1039C0000C2184B0724805F0E7FB724800F002FB5E
:1039D0004D21704800F044FB6F48722300220146DD
:1039E00001E011F8013F0132002BFAD16B4B722537
:1039F000642153406A4A01E010F8015F4B402946B8
:103A000002FB03F34FEAF343002DF5D1654983EA46
:103A10001343654CEC4601FB03F36449644A04F12B
:103A2000140E83EA5333634E02F1100904F13C088B
:103A300001FB03F3DFED606A66624FF0020A83EA7E
:103A400013439FED5E7ADFED5E7A0127236041F23A
:103A50008953C4ED2C6AC4F838325A4B84ED2D7A60
:103A6000E362594BC4F83462A36366602663C4F80A
:103A700080500FCA8CE80F008EE80F0099E807000D
:103A80008CE8070088E807002046E664C4ED2E7A3B
:103A900040F8BC6FC4F860A0C4F878A06666E6671A
:103AA000C4F88440FEF7A6FD04F1BC00C4F8C07061
:103AB000FEF7A0FD454B464A04F1BC00C4F8C830EF
:103AC0000023C4F8C420C4F8CC30FEF793FD414A6B
:103AD0004FF07E53C4F8F060C4F8F8203E4AC4F8B2
:103AE00014312346C4F804213C4AC4F8FC60C4F8ED
:103AF000102104F19002C4F80861C3F8186118336A
:103B0000C3F814719A42F8D13548C4F8A861FEF799
:103B100071FD3348C4F8AC71FEF76CFD314B32498E
:103B20002A4AC4F8E43100232D48C4F8B011C4F87F
:103B3000B421C4F8B831C4F8DC61FEF75BFD0023A2
:103B4000102205212948FEF71FFC042310222848D3
:103B50001946FEF719FC012310220B212548FEF718
:103B600013FC254A254B4FF07C512548C4F81C22F4
:103B7000C4F82032234A244BC4F82402C4F830127B
:103B8000C4F82822C4F82C3204B0BDE8F08700BF86
:103B90000000202064620020454B002067E6096A8F
:103BA000512D9ECC6BCAEB85C053002035AEB2C2FE
:103BB000D005002000442C4778C2393DC6373E3935
:103BC000281D7D3F57E67F3F03337F3F8104353F0C
:103BD0000000E144FFC67F3F99BB7F3F0AD7A33D6A
:103BE00068550020CF7F7F3F00C0DA45AC550020EC
:103BF000BC550020CC5500200000484200003E4348
:103C00000000A5433333733FCDCC4C3F08B50E20A5
:103C100001F064F8164BC0EB00109FED165AF1EE60
:103C2000005A1549C200F6EE006A91ED8D6A322005
:103C3000A3FB02C3D21A03EB52035B0A3C3307EE29
:103C4000903AF8EEE77A87EE857A27EE257AC6EE87
:103C5000077A77EEA67AFDEEE77A17EE903A012B17
:103C6000B8BF0123C1F83832BDE8084001F08EB872
:103C70000510400000007042C05300202D49002371
:103C80002D4A2E4810B50C6882B010601361138164
:103C9000D360002C4AD0234619465B69002BFBD128
:103CA0004A6127480021274B1060274851619061E5
:103CB00002205160917203F118021972D960996162
:103CC000D96158721A6122466469002CFBD11F49E0
:103CD00053615C605C619C7219601A4800F09CFB47
:103CE0001B4B1C490A221C4819601A7200F07CFD0B
:103CF000144B224610490094174800F0E9FD174A7A
:103D00001749154802F0CCFC164800F06DFD012261
:103D1000094900920B4B134800F0DAFD0F4A104995
:103D2000104802B0BDE8104002F0BABC14460A6068
:103D3000B7E700BF9C620020486200205046002088
:103D4000A846002028620020C05300205C460020C6
:103D50006462002068460020706200200C5600203B
:103D60006526000084620020002070470020704714
:103D7000F8B50127027A1E4C0D46BA40C1F307215F
:103D80000646204684F8A52084F8307184F82F7107
:103D900002F0B0FCE9B2204602F0ACFC0021204663
:103DA00002F080FD08B10020F8BD3B460222317AC6
:103DB000204602F0F7FD0128F5D994F8A22094F8E6
:103DC000A300824210D2531CA118DBB2897E984214
:103DD0004FEA012184F8A23006D923440232987EAA
:103DE00084F8A2200843F8BD4FF0FF30F8BD00BFB3
:103DF00000500020F8B50127037A144C242903FA57
:103E000007F30D4608BFC2801646C1F307212046BE
:103E100084F8A53084F8307184F82F7102F06AFCC0
:103E2000E9B2204602F066FCC6F30721204602F004
:103E300061FC2046F1B202F05DFC3946204602F0FA
:103E400031FDB0FA80F04009F8BD00BF00500020FD
:103E50002DE9F0414FF001080F461546302144F29C
:103E6000600280F804800446FFF7C4FF064610B9DC
:103E70003046BDE8F0816C2226212046FFF7BAFFCC
:103E80004FF4F97228212046FFF7B4FF40F6227262
:103E90002C212046FFF7AEFF44F246423C2120464B
:103EA000FFF7A8FF40F2371224212046FFF7A2FFB8
:103EB000002F6BD0454B342120469F428CBF424699
:103EC0000022FFF797FF07EE905A9FED417A3221CB
:103ED000B8EE676A07EE907A2046F8EE676AB5FB9F
:103EE000F7F2C6EE267A02F01F0206EE902AF8EEEE
:103EF000E66A77EEE67A67EE877AFCEEE77A17EE07
:103F0000903AC3F30A0343EAC222FFF773FF44F275
:103F1000FF5230212046FFF76DFF73220221204619
:103F2000FFF768FF4FF4C87000F030FF41F61D52F4
:103F30002E212046FFF75EFF072204212046FFF7CF
:103F400059FFB02206212046FFF754FF10220A2114
:103F50002046FFF74FFF00220E212046FFF74AFFC1
:103F600043F63C4210212046FFF744FF47F67F729C
:103F700022212046FFF73EFF362224212046FFF76C
:103F800039FF012330466372BDE8F08144F2FF023D
:103F900030212046FFF72EFF732202212046FFF733
:103FA00029FF4FF4C87000F0F1FE41F61D522E219A
:103FB0002046FFF71FFF042220461146FFF71AFF95
:103FC000302206212046FFF715FFBFE740660301B8
:103FD0000000004510B50446084805F0E9F8052042
:103FE00000F0D4FE06212046FFF7C2FE2046044A18
:103FF0000021BDE81040FFF72BBF00BF005000209C
:104000000040C40A10B50446D1B1012901D00020F6
:1040100010BD40F273122A21FFF7ECFE0028F6D003
:10402000882220212046FFF7E5FE0028EFD0E28815
:104030002046242122F00402BDE81040FFF7DABE3A
:1040400055222021FFF7D6FE0028E0D0E288204646
:10405000242142F00402BDE81040FFF7CBBE00BFB0
:1040600038B5054611B380290CD8C1F180042B79ED
:1040700044EA042453B9224628462221BDE83840A8
:10408000FFF7B8BE2B790024002BF4D0EA88002378
:104090002421284622F010022B71FFF7ABFE2246A6
:1040A00028462221BDE83840FFF7A4BE012347F689
:1040B0007F7222210371FFF79DFEEA8828462421A2
:1040C00042F01002BDE83840FFF794BE9FED1F7A22
:1040D000DFED1F7AE0EE077A38B50546FCEEE77AA9
:1040E00017EE904A14B3802C0CD8C4F180042B79BD
:1040F00044EA042453B9224628462221BDE8384028
:10410000FFF778BE2B790024002BF4D0EA88002337
:104110002421284622F010022B71FFF76BFE224665
:1041200028462221BDE83840FFF764BE012347F648
:104130007F7222210371FFF75DFEEA882846242161
:1041400042F01002BDE83840FFF754BE00000143C2
:10415000EE7CFF3E2DE9F84F454B464C1868197927
:1041600004F580750368444AAB42D1770BD2434BC8
:104170001B78002B4BD04FF0E02340222C4605F556
:104180008075C3F808223E4BDFF804A1D3F8008005
:10419000DFF800913B4BBAF80060D3F800B0B9F8F3
:1041A0000070B8F1000F4FD0BBF1000F21D1B8F172
:1041B000000F49D008F10401204601EB46014036CA
:1041C00000F0C3F9BFF34F8F4FF0E022C2F8704FF9
:1041D0002034AC42FAD3BFF34F8FBFF36F8F7F2EE3
:1041E00026D8AAF800607F2F15D8A9F80070BDE87E
:1041F000F88F0BF1040208F10401204602EB47029C
:10420000403701EB4601403600F080F9DAE72C46F2
:1042100005F58075B7E700245846A9F8004000F07E
:104220008BFA194B1A681C60164B1A60BDE8F88FA0
:1042300000244046AAF8004000F07EFA134A104BD2
:10424000116814601960CEE7BBF1000F08D00BF1C4
:104250000401204601EB4701403700F096F9B1E731
:104260004FF480725946204604F062FDAAE700BF71
:1042700024630020400C202000800E404D6B002065
:10428000146300201C6300202063002018630020BA
:104290003A6B00203C6B002038B50021044600F04A
:1042A00097FA88B172B61C4A1368002B2BD01B49B1
:1042B0000D68002D2CD0156008600021184A11806F
:1042C00062B6184600F038FA0121204600F080FA64
:1042D00098B172B6134A136883B113490C6854B18C
:1042E00014600024114A0860148062B61846BDE8C4
:1042F000384000F021BA086062B638BD0B49106042
:104300000B8062B638BD064910600B8062B6DBE7F1
:10431000086062B6D8E700BF14630020186300206D
:104320003A6B00201C630020206300203C6B0020BF
:1043300010B5044600F0C6FB204610BDF8B52D4C64
:1043400005462D4AE36F43F44023E3679368002B4F
:1043500046DBD2F88830002B42DB002342F2107299
:104360004FF40C611C2004F01FFFE369234A23F47F
:104370004063234943F40063E361A36A1A40214B7D
:1043800042F0CE02A2624A68134043F400234B601D
:104390002DB91D4B0322C3F82021C3F824211A4E46
:1043A0000327154B0124C6F8287100254FF48030EF
:1043B0001649174A174E1D66DC601E6158619961E7
:1043C000DA61C3F8E050C3F88C4004F1E064C3F84C
:1043D0009040C3F89400C3F89810C3F89C20F8BD2F
:1043E000002DFCD1084B0322C3F82021C3F824215F
:1043F000F8BD00BF00C00F400040384000FEFFFF86
:1044000000C00A40F8FFF7FF00801F401B1F01009B
:10441000001F1F1F0100004770B5264D0024012119
:10442000254E284600F0EAFA244A254B204614601F
:104430001C60FFF783FF234B0321234A0220C3F8AC
:1044400080112B6821491A604FF480729C61DA82D6
:10445000DA8306229C829A831D4ADE601A61C3E9D0
:10446000011029791B480FFA81FC1B4B40F82C40A6
:1044700040F82C30194B1A48D976D2F86630194CCE
:1044800043F01043C2F8663042F81A0C00F094FA78
:104490002A79154B0121207002F1100003EB521311
:1044A00002F01F02114C91409B00114A42F820403B
:1044B000196070BD2463002000FEFFFF146300201C
:1044C0001C63002000801F40400C202002000101DE
:1044D0002240384000C00E401400008000800E4092
:1044E000010000904D6B002040380038351E000060
:1044F000005C0020024A0349034802F0D1B800BF23
:104500000C56002011200000246300202DE9F04FFC
:1045100000F5807EB1E8A00AB2E84015C5EA06437E
:10452000C6EA2544C7EA0845C8EA2746C9EA0A4751
:10453000CAEA2948CBEA0C49CCEA2B4AA0E8F8079A
:104540008645E7D1BDE8F04F70474FF000022DE9F6
:10455000F00F00F5807C00BFB1E8A00AC5EA0203B5
:10456000C2EA2544C7EA0205C2EA2746C9EA0207A9
:10457000C2EA2948CBEA0209C2EA2B4AA0E8F807B6
:104580008445E9D1BDE8F00F70474FF000022DE9F6
:10459000F00F00F5807C00BFB1E8A00AC2EA054335
:1045A000C2EA0504C2EA0745C2EA0706C2EA0947A9
:1045B000C2EA0908C2EA0B49C2EA0B0AA0E8F807F6
:1045C0008445E9D1BDE8F00F70472DE9F00F089C54
:1045D00000F5007B51F8045B53F8046BC5EA06470D
:1045E000C6EA254952F8045B54F8046BC5EA06484C
:1045F000C6EA254AA0E880078345EBD1BDE8F00F65
:10460000704700BF4FF0E0234022C3F808227047F4
:10461000F8B5144B144D1C686E689CB1237A204683
:104620006BB123686F681B6898476B68E188DB1B78
:10463000C3F38F12B1EB931FA28038BFE28064698D
:10464000002CEBD1084B094A5B6810889B1B084C77
:10465000C3F38F11B0EB931F218038BF1180BFF3DC
:104660004F8FF8BD9C620020001000E0366B0020E8
:10467000346B0020036818470B680360704700BF65
:104680000B680360704700BF704700BF30B472B65C
:10469000244D254C2A8804F1700104EB82038B42DF
:1046A0003CD204F16F01501CC91A00EB910002E0EA
:1046B0000132824232D09C4653F8041B0029F7D0C5
:1046C000B1FA81F04FF00043C34021EA0301CCF876
:1046D000001001B90132154B2A801A88013291B2BB
:1046E000198062B6ACEB040C41F67C73C0EB00643D
:1046F0004FEAAC0CC0EB841001240CEB8C1C03EBD8
:10470000CC1303EB80030A480068C4541844094BD7
:104710001C88944230BC38BF1980704762B60020B4
:1047200030BC7047386B0020A0620020306B002046
:1047300098620020326B0020428872B60378012B09
:1047400003D9013B037062B67047D14353090B484C
:104750004FF0004201F01F01CA4050F823100A43F5
:104760000749B1F800C040F823209C45054A88BF9E
:104770000B801388013B138062B67047A062002053
:10478000386B0020306B0020C36813B91DE0DB6874
:10479000E3B1187A9042FAD110B4586893F809C07E
:1047A000006950F82C4054B1DB682BB1187A904264
:1047B000F3D0DB68002BF9D15DF8044B704740F86B
:1047C0002C10087801300870EEE77047704700BF82
:1047D000437A8B4206D90369002253F8210043F83B
:1047E000212070470020704700220449C0E90022C0
:1047F000028102740A680860C2607047106300207A
:10480000037CFBB903680146FBB14368EBB1427A14
:104810005B7A9A421CD230B472B62B4B1C68ECB156
:10482000E368C3B1486801E0DB68A3B15A6882421B
:10483000FAD193F809C04A7A9445F5D162B60420BA
:1048400030BC7047012062B67047032062B67047E3
:10485000022062B670476469002CE1D11B4C2368CA
:1048600043B1994202D10BE0994207D01A46DB6866
:10487000002BF9D1052062B630BC704702F10C0460
:104880000D68E868E8B1C3681BB908E0DA683AB1B6
:10489000134681421846F9D162B60620D0E7034696
:1048A000D960CB68002023600123C860AA7A2B72EC
:1048B0001A44AA724A68947A13721C4494720B7454
:1048C000D9E7E960EDE700BF9C620020106300209B
:1048D00010B5047C9DF808E00CB1012010BD0272F7
:1048E00080F809E0C0E90013BDE81040FFF788BF79
:1048F00038B5037C002B36D043680446427A5B7A95
:104900009A4238D272B60168CB68002B2DD09842FB
:1049100033D01A46DB689C422AD0002BF9D162685A
:10492000607A136953F8200048B1FFF705FF72B6AB
:1049300062680025607A1369216843F820508B7AF9
:10494000013BDBB28B7203B90B72937A013BDBB292
:10495000937203B913720A4B00201A6820741C600A
:10496000E26062B638BD012038BD62B6032038BDB2
:10497000E368D360D3E7022038BDC368CB60CEE7DD
:104980001063002010B50446FFF7B2FF094A136810
:1049900043B19C4202D108E09C4205D01A46DB6834
:1049A000002BF9D1204610BD0C32E368204613607D
:1049B00010BD00BF106300200C4B1A789AB90C4A46
:1049C0000C4910B4C2F858110B48D02401224FF002
:1049D000E02180F8464040241046C1F808415DF8C7
:1049E000044B1A7070470020704700BF4C6B0020CA
:1049F000005C0020F122000000E400E070B472B618
:104A000021B9036813B102790F2A45D9294C2188AD
:104A1000002341FA03F212F0010208D00133102BF7
:104A2000F7D162B600220371026070BC70474FF08C
:104A3000010C0CFA03FC41EA0C01218062B61E4D08
:104A40005FFA83FC1D4940F2824680F804C0EC6F97
:104A5000194483F0030344F0C0044901EC67A5F551
:104A60009F35174CA5F58075266084F81AC084F828
:104A70001EC084F818C084F81FC00160C1E900227C
:104A8000C1E90222C1E90422C1E906225A5D42F0CD
:104A9000C0025A5570BC7047064C218841FA02F595
:104AA000ED07B5D5054D1544B3EB451FB0D162B642
:104AB000BBE700BF3E6B002000C00F4080740002C7
:104AC00000800E4003790F2B11D8094A937672B6F5
:104AD0000849012290F804C00B8802FA0CF223EA7C
:104AE00002030B8062B6102200230271036070473C
:104AF00000800E403E6B0020704700BF704700BF33
:104B0000704700BF704700BF70B51A4C1A4D23683C
:104B1000AB4202D0194AD16829BBA369AB4202D08B
:104B2000164AD169C9B9236BAB4202D0134AD16A84
:104B300069B9A36CAB4209D0104AD16B31B10121E4
:104B40001B680F48D163BDE87040184770BD012154
:104B50001B680C48D1629847EBE701211B680A48A3
:104B6000D1619847DFE701211B6804F10800D1609B
:104B70009847D2E7C05E0020180600200041084098
:104B8000105F0020F85E0020E05E002038B5064C83
:104B9000A4F1600554F8083C2046183CDB689847AF
:104BA000AC42F7D138BD00BF105F002003682DE98B
:104BB000F041044688B01746002B4BD000229A6083
:104BC0000122DA60304D04A8DFF8E0801D4451F87E
:104BD000083B2D1102935B6805EB45069847F600EC
:104BE00006F1080058F806304044DB680190984709
:104BF000264A04A9DDE90103029248F806309B68C1
:104C00009847029B04A8DB68984723680322204842
:104C10001F609A601F4A23791F4C535513785178AF
:104C2000C0F828428B4228BF0B469178D2788B423D
:104C300028BF0B46934228BF1346184C4FF0E02282
:104C40004FF08061012084F87A30C2F80C1108B06E
:104C5000BDE8F081124AD36E43F44053D36601227B
:104C6000104B1A60104A13460260403298680028C0
:104C7000A8D0103393422360F8D100231846236054
:104C800008B0BDE8F08100BF00BFF7BF18060020E4
:104C9000005C002000560020E927000000E400E04E
:104CA00000C00F400040084000410840C05E0020A6
:104CB00010B4064B0020064C064A1C609C611C6325
:104CC0009C6405495DF8044B01F0EABCC05E00201D
:104CD000180600200C5600206D2800002A2849D80C
:104CE000F8B5254F04463B78E3B9244B1B5DFF2BF9
:104CF00029D0234A02EB041291680A6802F440505A
:104D0000B0F5805F30D01C061FD41E4C2360236A90
:104D1000D80704D401F046F9236AD907FAD5194B0C
:104D2000586AF8BD174D184E01E001F03BF9AB6C25
:104D30001B06FAD4B36C13F08003F6D13B700F4B13
:104D40001B5DFF2BD5D10020F8BD0F4C03F07F0376
:104D50002360236ADA0704D401F024F9236ADB070D
:104D6000FAD5094B586AF8BD22F480521C060A6035
:104D7000EBD4CAE700207047516B0020184B00208D
:104D80001C47002000400C4000800C4000B97047D8
:104D90002DE9F84F01218146214C224D224E54E845
:104DA000003F2A68306844E80013002BF7D11F4900
:104DB0004B684FF47A7BDFF878A01B1A01270BFBB6
:104DC00002F8DAF80020A3FB02325A4594BF90445F
:104DD000D84454E8003F2A68306844E80073002B48
:104DE000F7D14B68DAF800C01B1A0BFB02F2A3FBE9
:104DF0000C3CBCF57A7F94BF624402F57A72A2EB58
:104E00000802B2F57A7F06D3B9F1010908F57A787C
:104E1000DFD1BDE8F88F01F0C5F80449D9E700BF3C
:104E2000186B0020146B0020106B0020001000E0B5
:104E30000C6B002008B5FEF7C1FDFEF7E7FE01F0A0
:104E4000B1F8FAE7844641EA000313F003036DD199
:104E5000403A41D351F8043B40F8043B51F8043B3D
:104E600040F8043B51F8043B40F8043B51F8043B44
:104E700040F8043B51F8043B40F8043B51F8043B34
:104E800040F8043B51F8043B40F8043B51F8043B24
:104E900040F8043B51F8043B40F8043B51F8043B14
:104EA00040F8043B51F8043B40F8043B51F8043B04
:104EB00040F8043B51F8043B40F8043B51F8043BF4
:104EC00040F8043B51F8043B40F8043B51F8043BE4
:104ED00040F8043B403ABDD2303211D351F8043B84
:104EE00040F8043B51F8043B40F8043B51F8043BC4
:104EF00040F8043B51F8043B40F8043B103AEDD233
:104F00000C3205D351F8043B40F8043B043AF9D283
:104F1000043208D0D2071CBF11F8013B00F8013B56
:104F200001D30B8803806046704700BF082A13D363
:104F30008B078DD010F003038AD0C3F10403D21A7B
:104F4000DB071CBF11F8013B00F8013B80D331F8AF
:104F5000023B20F8023B7BE7043AD9D3013A11F82F
:104F6000013B00F8013BF9D20B7803704B7843709A
:104F70008B7883706046704703F016BC72B6EFF30F
:104F80000583524CC4F884301EF0040F0CBFEFF3BD
:104F90000882EFF309824FF0E0234D4E4D4DD3F8D8
:104FA000280DD3F82C1DC4E92201D3F8341DD3F801
:104FB000383DC4E924139369C4F89830D369C4F820
:104FC0009C3000F0BFF884ED280A01F0EFFA0B21C5
:104FD0004FF0FF32C4F8A4000B46C4F880103E49DD
:104FE000301D5A40202402F00103013C01FB03F371
:104FF00083EA5202F7D1A84202D073680646EFE76F
:10500000324BC3F8A820BFF34F8F4FF0E023304955
:10501000324AC3F8701FC3F8702FBFF34F8FBFF32E
:105020006F8F2F4A02252F48D36E2F4943F44053E8
:10503000D3660560D3692D4823F07F0343F0400316
:10504000D3610B6883423DD8264D00214FF0E02309
:105050004FF0FF3229600126C5F808112449C5F830
:105060000011C5F80861C3F88021C3F88421C3F892
:105070008821C3F88C21C3F8902101E000F054F995
:10508000D5F80C31002BF9D00134C5F80C614F2C48
:10509000F4D9184B022018494FF00042C1F84001E2
:1050A0005A63D5F80C313BB9144815490D4A0163D0
:1050B000D2F80C31002BFAD04FF0E023114AC3F89C
:1050C0000C2DFEE701F010F8BEE700BF00FF27201F
:1050D00080FF2720A8FF27202083B8EDA0FF2720EE
:1050E00000C00F4000400840FC4F0020803DCD0B29
:1050F000009F240000900D4000002E4000800F40D3
:10510000F100AD0B0400FA050A490A6838B108B588
:1051100013180948834204D810460B6008BD104696
:10512000704703F06FFE0C234FF0FF320360104610
:1051300008BD00BF085600200000282030BFFDE752
:10514000FFF71CBF124AD2F880305B07FBD5D2F8BC
:1051500080301048C3F30B230F4990ED007A07EE1F
:10516000903A91ED006AB8EE477A0C4AF8EEE77A89
:105170000B4BD2ED006A77EEC77A93ED007AB8EE6A
:10518000477A67EE867A87EEA60A37EE400A7047BE
:1051900000810D40FC6A0020046B0020086B002099
:1051A000006B0020836BF0B41BB1536843F40043E1
:1051B000536072B6446B3CB31A4B2260D3F8B041D3
:1051C0000C421DD1184E776804E07468E41BB4F5F6
:1051D000166F0BD2D3F8404144F48044C3F84041E9
:1051E000D3F8B851D3F840416404EED50D4007D14F
:1051F0000C4CC0E90225D4F8B0310B43C4F8B031EF
:10520000426362B6F0BC7047064DC0E90224D5F88F
:10521000B0310B43C5F8B0310263426362B6F0BCF3
:10522000704700BF00002E40001000E070B5056B15
:105230009DB106462A46002403E012680134012A83
:105240000CD0536813F08003F7D032632CB128469A
:10525000B36B2D689847013CF9D170BDC6E90C339A
:10526000F4E700BF30B4D9B91F4C204B0021204ACD
:1052700001254FF0011099601D60C4E902318024BE
:105280005C60C2F8BC01D2F8B0311A482B43C2F8B6
:10529000B0310160D2F8B031002BFBD130BC704787
:1052A0000904154B104C012541F080019860104A0B
:1052B000596000F580511D60D96000F50051A3646C
:1052C000196100F5405100F5804059610021986155
:1052D000E164D2F8B03143F48033C2F8B031D2F88F
:1052E000B031002BFBD1C0E700000020205F002080
:1052F00000002E406C6A0020405F00200849012217
:105300000B7802FA00F023EA0000087030B9054A71
:10531000D2F8483123F08003C2F84831704700BF0B
:10532000576B002000002E402DE9F04F9C4C83B0BD
:10533000D4F84461F107C4F844616AD5D4F8AC31BB
:10534000002B61D0DFF88482964DDFF878B208F543
:10535000805ADFF87C92944FC4F8AC31D5E90A202A
:10536000D4F8403143F40053C4F84031D4F840310C
:105370009B04F5D5D4F8403123F40053C4F84031F0
:105380004FF00113C4F8B431D4F8B43113F0011361
:10539000FAD191B240F2816CCBF80030614500F255
:1053A000D980B1F5D06F80F06181B1F5817F00F0D7
:1053B0008F8140F2AB8040F2023C614500F0B28147
:1053C000B1F5A06F40F0C1807849EB648B60012398
:1053D000A9640B6080234B604FF00113C4F8BC310B
:1053E000D4F8B03143F48033C4F8B031D4F8B031DC
:1053F000002BFBD1130C5B0643F08073C4F85431CF
:10540000D4F8AC31002BA7D1654AD2F8BC31002BBF
:105410004AD1720616D5624BD3F8AC21C3F8AC2141
:10542000D3F8BC21C3F8BC21D3F8B041002CFBD188
:105430004FF0FF32C3F8B421D3F8843100F024FDDB
:105440005B4B1C60F40103D55A4B1B6803B19847B2
:10545000B00103D5584B1B6803B19847710708D5B5
:105460004F4BD3F8843113F400731AD0534B0122FD
:105470001A704B4BD3F848311A060FD533060DD5A9
:105480004F4A13782BB1013BDBB21370002B00F0B5
:10549000428203B0BDE8F04F00F0D2BB03B0BDE8DC
:1054A000F08F464A1370E4E74649C2F8BC310868F9
:1054B000034240F061813E4A14681C40A9D05FEA73
:1054C000144810D0374D4FF0010998FAA8F7B7FAF1
:1054D00087F705EBC71009FA07F74030FFF7A6FE7C
:1054E00038EA0708F1D1A4B2002C92D02D4D4FF02C
:1054F000010894FAA4F7B7FA87F705EBC71008FA82
:1055000007F7FFF793FEBC43F3D182E7802900F051
:10551000A780822919D183B210F0780015D103F049
:105520007F0257F82210284A1080180600F1C08127
:10553000CB0701D50123137002212348FFF792FE08
:105540005EE7010C072900F045814FF00113C4F814
:10555000C03155E742F2210C6145F2D03AD942F20E
:105560002123994268D042F221339942EDD10F4B69
:1055700000229A60EA640122AB641A6080225A60B9
:105580004FF00113C4F8BC31D4F8B03143F4803388
:10559000C4F8B031D4F8B031002BFBD130E700BFF4
:1055A00000002E4000000020C0012E40205F00209F
:1055B000706A0020286B00202C6B00205F6B00209D
:1055C000606B00206C6A0020A06A0020646A0020E2
:1055D000405F0020B1F5086F3AD0B1F5106FB4D13B
:1055E000B548C2F307424FF0C81100930270B34AA6
:1055F000C4F8C821C4F8CC11C4F8D01100F046FC9E
:1056000000F0BCFAAE4A0121009BAA64116080211F
:10561000936051604FF00112EB64C4F8BC21D4F8E0
:10562000B02142F48032C4F8B021CBF80030D4F875
:10563000B031002BFBD1E3E680B2002897D1A14B1B
:10564000C2F307421968A04B1960A04B1A708EE78D
:10565000994B01219E481B780370FFF703FECFE6AC
:105660009B4802210380FFF7FDFDC9E6994B59686D
:1056700000293FF46AAF4FEA124E82B204E0196982
:105680000C3300293FF461AFB3F800C0F445F6D104
:10569000B3F802C09445F2D14FEA1E22032A00F06B
:1056A000D8801A89000C824228BF0246BEF5007FCE
:1056B00040F0D480884B89491878894B00920028A3
:1056C00018BF19468748FFF7BDFB864B009ADAE002
:1056D00010F0780F83B27FF438AF03F07F0213F03D
:1056E000800F57F8223014BF23F4803323F00103D6
:1056F00047F822300022724BEA649A600122AB64C0
:105700001A6080225A604FF00113C4F8BC31D4F8FB
:10571000B03143F48033C4F8B031D4F8B031002B49
:10572000FBD16DE610F0780F83B27FF40EAF03F07B
:105730007F0213F0800F57F8223014BF43F48033F8
:1057400043F0010347F8223000225D4BEA649A607F
:105750000122AB641A6080225A604FF00113C4F832
:10576000BC31D4F8B03143F48033C4F8B031D4F84C
:10577000B031002BFBD143E6002008605A490C8869
:10578000486842F221018C427FF495AE80B2002835
:105790007FF491AE5549564C03C9A18086284FEA43
:1057A00011412060A1717FF486AE72B65148017834
:1057B00041F008010170D2F848110D0605D480208F
:1057C0000143C2F84401C2F8481162B64A4A502166
:1057D000117070E6EB6001234349C9F80030474B74
:1057E0000A60C9F80430464B4860C9F81030C5F863
:1057F0000890C9E9028AD4F8B02142F00102C4F845
:10580000B02103F5805203F50053C9F81420C9F8FC
:105810001830D4F8B031002BFBD1294AEB649360E7
:105820000123AA64136048F2800353604FF0011310
:10583000C4F8BC31D4F8B03143F48033C4F8B0318B
:105840004FF48033CBF80030D4F8B031002BFBD1CB
:10585000D6E5000C0A78824228BF0246BEF5E06F0A
:1058600050D11D4B1D4893F800C01D491D4BBCF184
:10587000000F18BF014600921846FFF7E3FA072110
:1058800003464170009A23F01F011344BFF34F8F6A
:105890004FF0E020C0F8701F20318B42FAD8BFF3E0
:1058A0004F8FBFF36F8F0F481146FFF7DBFCA7E563
:1058B000C9033FF53FAE3FE65E6B00200200CC001F
:1058C000205F0020146B0020246B00205D6B002003
:1058D000A06A0020684E00205F6B0020F42000606A
:1058E0008C210060400E202020620020646A00208D
:1058F0001C6B0020576B0020606B002080000700AD
:10590000648A0020064B1846CDE90023FFF79AFA77
:10591000DDE90023B7E70320FFF7F0FC03F040FCCC
:10592000400E20202DE9F0471F46831E022B01D98F
:10593000BDE8F087DFF84C9015460C463C2209EB99
:10594000C01806464FEAC01A002108F104002404DA
:1059500003F0EEF9B5FA85F20123520944EA4274E4
:1059600049F80A40C8F83870C8F80830002FDFD06E
:10597000034AB34011680B431360BDE8F08700BFD2
:10598000706A0020000000202DE9F0470D46811EBE
:10599000022901D9BDE8F087C701DFF84C90924693
:1059A000044640373C2200211E4609EB07082D041F
:1059B00008F1040003F0BCF9BAFA8AF2520945EA88
:1059C000427249F807200122C8F83860C8F8082058
:1059D000002EDFD0034B10341968A2400A431A602E
:1059E000BDE8F087706A002000000020120481608A
:1059F000C36101F5405342F0800210B401244260BB
:105A000001F50052046001F5805401F58041C46045
:105A100081615DF8044BC0E904237047831E0A4688
:105A2000022B00D97047064B00F110014FF0010C1A
:105A300003EBC0100CFA01F14030FFF7B3BB00BF1D
:105A400000000020831E0A46022B00D97047012166
:105A5000024B814003EBC010FFF7A4BB0000002005
:105A6000124A134BD2F8200220F07F40984210B522
:105A700084B002D200EB800040000E4C01A90A2243
:105A800000F0AAFC01A90023204611F8012B0133E4
:105A90003AB10A2B20F8022FF7D11623237004B055
:105AA00010BD5B00DBB2237004B010BD00441F408A
:105AB00080969800445A0020F8B5144C4FF0E02529
:105AC000134E4FF4003204EB4024124F06EB401605
:105AD0000346C5F88C2121463A883046FFF786FFF9
:105AE0003B882344BFF34F8FC5F85C4F2034A3425B
:105AF000FAD8BFF34F8FBFF36F8F04203146FFF703
:105B0000A1FF4FF40033C5F80C31F8BDE00E2020A2
:105B1000605F0020406B002042684FF6FC71114B23
:105B2000C2F30E42C0691B889B1A0B4017D00E4966
:105B300030B40E4C0E4D227821F810300021013285
:105B400025F81010062A94BFD1B20A4621700949DF
:105B50000C6823440B60084B985430BC7047FFF727
:105B6000ABBF00BF406B0020B06A0020536B002029
:105B7000CC6A0020A86A0020E86A0020214B70B59A
:105B80001B78002B3BD04FF400731E461E49802229
:105B90001E4D00240B8000211D482B8003F0C8F807
:105BA0001C4A21461C4B1470C0221C481C8003F068
:105BB000BFF81B4A31461B4B042094609C60C2E92D
:105BC0000044194AC3E900441470184B184A1C7069
:105BD000184B14602246FFF7A5FE2346224629886B
:105BE0000420FFF7D1FE20460134FFF765FF062CA5
:105BF000F9D100231049114A0B70137070BD402376
:105C00001E46C3E75F6B0020406B0020486B0020FE
:105C100020610020596B0020446B0020605F002051
:105C2000B06A0020CC6A0020536B0020556B002026
:105C3000A86A0020F9370000586B00205B6B002039
:105C40002DE9F843214B1D7815B9214E33880BB946
:105C5000BDE8F883DFF888801E4A98F800701E4C73
:105C600002EB47191D4A04EB472412884846214697
:105C7000D21A2B46FFF7BAFEBFF34F8F04F1200272
:105C800004F50073934234BF012310234FF0E02248
:105C900004EB4313C2F8704F20349C42FAD1BFF397
:105CA0004F8FBFF36F8F013749460420FFF7B6FED1
:105CB000032F4FF000034FF0020098BFFDB2338076
:105CC00088F80050BDE8F843FFF718BB5B6B002075
:105CD000446B002020610020E01A2020486B002047
:105CE000596B0020F8B5144C4FF0E025134E4FF4DB
:105CF000003204EB4024124F06EB40160346C5F871
:105D00008C2121463A883046FFF770FE3B882344B9
:105D1000BFF34F8FC5F85C4F2034A342FAD8BFF3CE
:105D20004F8FBFF36F8F03203146FFF78BFE4FF489
:105D30000033C5F80C31F8BDE0222020206000209F
:105D4000426B0020244B2DE9F0411C884368C56953
:105D5000C3F30E43E41A002C24DD204920480A78BE
:105D60000078D3B21F4E82421F4807D010F803803C
:105D700036F81870C7F50072944218D90133002222
:105D800026F81540082B194E88BF134626F8152013
:105D900098BFDAB2C554164B0A701A6814441C60D6
:105DA000BDE8F0812846BDE8F041FFF79BBF07EB57
:105DB0004820104922462744084401EB4521FFF7BB
:105DC00041F80B4A284626F8187013682344BDE8AA
:105DD000F0411360FFF786BF426B0020546B002038
:105DE000566B0020BC6A0020F06A0020D86A0020B0
:105DF000AC6A0020E02220201D4B1A78002A36D100
:105E000002F0FF031B4A12788AB32DE9F0411A4DC4
:105E10002A8852B3194EC2F50068194F3278194CCE
:105E200007EB421704EBC224424638462146FFF7EF
:105E3000DDFD04EB0802BFF34F8F4FF0E023C3F802
:105E4000704F2034A242FAD8BFF34F8FBFF36F8F49
:105E500003203946FFF7E2FD33780133DBB2032B31
:105E600088BF0023337000232B80BDE8F08170478A
:105E70005C6B00205E6B0020466B00205A6B00209C
:105E8000A0610020E0322020704700BF2D4B002190
:105E900080222D4870B51B7800242C4D8B422C4E4F
:105EA0000CBF40234FF400732B80338002F040FF7F
:105EB000284A2146284B14704FF4807227481C80D2
:105EC00002F036FF264A1021264B0220C2E9004488
:105ED000C2E90244244AC3E900441470234AC3E9D6
:105EE0000244234B1C70234614602246FFF74CFDEE
:105EF0002246318803201F4BFFF714FD2346012261
:105F000029880320FFF740FD20460134FFF7EAFE11
:105F1000082CF9D1184B00214A221848184C04606B
:105F2000C3F88410C3F88020D3F84821154942F003
:105F30008072C3F8482121B1134A137843F001035A
:105F4000137070BD5F6B0020A06100204A6B0020C1
:105F5000426B00205A6B0020466B0020206000201E
:105F6000BC6A0020D86A0020546B0020AC6A002074
:105F7000566B0020253A000000002E40286B0020C0
:105F8000D93A000000000000616B0020044B10B5FE
:105F90001C680CB1204610BD00F004F8204610BD6E
:105FA000AC6A00202DE9F8432D4B1E7866B12D4FC9
:105FB0003B784BB90123F1073B7043D4B20726D499
:105FC00000233B70730701D4BDE8F883264B1A68A1
:105FD000002AF9D0EFF30582002AF5D1EFF31085FE
:105FE00072B61868002834D0204C2178002930D1AE
:105FF0000122227042691A60002A2ED0916105B9EF
:1060000062B600258368457798472570DCE7DFF89E
:10601000648098F80030002BD2D00025DFF858902B
:106020002B4659F823400135236820461B699847C1
:1060300010B163699B68984798F80020EBB29A42C8
:10604000EFD8BDE7FFF7A2FF0028B7D0AFF300807D
:10605000B4E7002DB8D162B6B6E7054B1A60CEE7BB
:10606000616B0020506B00202C6300204E6B0020E1
:10607000386300204F6B00203C63002070B5EFF3C5
:10608000108272B60C4C206880B10C4E002543691A
:10609000236073B19D6102B962B683684577984702
:1060A000EFF3108272B620680028F0D102B962B610
:1060B00070BD3360EFE700BF346300203063002021
:1060C000FFF7DCBF0449054A4968054B19601368AE
:1060D00001331360704700BF001000E0146B002014
:1060E000106B002000207047A249A34B88422DE985
:1060F000F047A24C5E699A69D4F80C801BD9A04B7A
:10610000984240F20281C31A9E491B0AA1FB031365
:1061100040F22761DB0903EB830303EB830303F204
:10612000E2438B4228BF0B46A3F54877964BA3FB6F
:106130000737FF0804E0954FB8428CBF0E270627AB
:106140008D4908F01F09D1F88030B94543F0C003EC
:10615000C1F880300CD228F01F08A1F5F82148EAD8
:106160000708C1F80C800B68002BFCDA08F01F0947
:1061700016F0007324D186490C698649A14300F0CA
:10618000EA8082F4805134464FF4805514F0605F09
:1061900004D026F060561E43774B5E6111F4405FD9
:1061A00007D022F4405274492A438A618B6C1A0743
:1061B000FCD446F00076704A5661936C9B06FCD482
:1061C000754CA04200F2CE804FF0010C01466346B0
:1061D00003FB011203F1010E0CF10105A24218D8D4
:1061E000BEF1080F4FF0010340F08D80BCF1040FA9
:1061F00000F291800A18A24200F2A48005FB00F18F
:10620000AC4603F1010E03FB01120CF10105A242A1
:10621000E6D90CF1FF318C0286EA81215F481044F7
:106220005F4A90427FD9DFF8A4A16C225D48584DA7
:10623000B0FBFEF0D5F800E0B0FBFCF0DFF890C159
:106240000EEA0C0CD44509D042F400524FF4805CA5
:10625000C5F800C02A602A68002AFCDA464A156997
:1062600005F007059D4203D01361936CDD03FCD458
:1062700011F4E05F09D026F4E05604F4E0543E4AFD
:1062800026435661936C9907FCD44749474A014419
:1062900091423CD8464BC909A3FB0131090B4B1E67
:1062A0001B0286EA030212F4407F06D026F44076F1
:1062B00003F44073304A334353612F4A536923F048
:1062C00000735361936C9B06FCD43A4B4F45A3FB80
:1062D00000234FF0FF324FEA9343B0FBF1F1B2FBE2
:1062E000F3F3354A1060354A1160354A136008D21D
:1062F00028F01F08214A48EA0707D7601368002BD7
:10630000FCDABDE8F087734662E7122718E74FF41E
:1063100040730421C5E70CF1FF31204807238C02AC
:10632000104486EA8121274ADFF8A8A0A2FB0020BA
:10633000020D2548362A38BF362202FB00F042EA19
:106340000A0A74E74FEA8C24002386EA8C214FF076
:10635000010EAC4662E71D4686F0C05411464FF070
:10636000C05313E700244FF0010C02463146234688
:10637000E64653E700A4781F00C00F400000084025
:106380000046C32323B24C001F85EB5100366E013B
:1063900000800D4040300080FFB19F26808D5B0063
:1063A000FF7EF64D00643F4D7FD1F0087F17B42C7F
:1063B0009F10E50083DE1B43FC4F0020F84F0020B8
:1063C0000C6B0020819F5E16001BB7006C200080C4
:1063D0007F3001800020008001F1FF3C70B56646EF
:1063E000002400E00134B0FBF2F502FB1503092B99
:1063F00003F1370E03F130035FFA8EFE98BF5FFAA8
:1064000083FE9042284606F801EFEBD2631C00227F
:10641000C818CA547CB162461CF8015F10F8016DBF
:10642000A1EB0C0302328CF80060013B521A05709C
:1064300023449A42EFDB084670BD00BF00230F22C1
:1064400048F2B82C194610B54FF470444FF4806EE2
:10645000A0F88C414FF46044A0F88E210A46A0F8C1
:106460009031B0F888319BB243F0F003A0F8883146
:1064700001EB4103013100EB431304299C80A3F895
:1064800006E05A841A865A805A81A3F80EC05A82AE
:10649000DA825A83DA83EBD1B0F888319BB243F0C9
:1064A0000F03A0F88831B0F888319BB243F47063D1
:1064B000A0F8883110BD00BF374B384A996F384873
:1064C00041F47F0170B5996741F20106D3F880105D
:1064D00045F6C05543F226040A43C3F88020FFF76F
:1064E000ADFF00F58040FFF7A9FF00F58040FFF702
:1064F000A5FF00F58040FFF7A1FF0022A0F50310E3
:106500004FF00F0E114600EB42134FEA421C0132CE
:106510009981042A5981A3F80EE09E82DD8020F83B
:106520000C1019829C81EED100221E484FF00F0EF4
:1065300041F20106114645F6C05543F2260400EB30
:1065400042134FEA421C01329981042A5981A3F86F
:106550000EE09E82DD8020F80C1019829C81EED125
:10656000002211480F2641F20105114645F6C0549C
:1065700043F2260E00EB42134FEA421C013299818E
:10658000042A5981DE819D82DC8020F80C1019825A
:10659000A3F80CE0EED170BD00C00F40000003FC7A
:1065A00000C03D4000001E4000401E40074A506AA7
:1065B000936A19468446506A936A9942F9D1844590
:1065C000F7D1DB0B43EA4040704700BF00400D406D
:1065D00008B5D0E900325BB1BAB10F4BA3FB02138F
:1065E000DB0803EB4303B2EB83030AD1012008BDB0
:1065F000094BA3FB0213DB0803EB4303B2EB83035A
:1066000001D0D21A4260F02AF0D802F0FBFB1C2223
:10661000034600201A6008BDABAAAAAA70B50446BA
:1066200038B319B1B2FA82F67609A2B9206800B37C
:106630006268F2B1184B194902FB03F3B1EBB30FD7
:1066400017D3A368E3B90022012322606260A2602D
:10665000E260184670BD1D46049BC0E90012C3608D
:10666000FFF7B6FF03460028F3D06DB901231846A3
:1066700070BD02F0C7FB162200230260184670BDF1
:10668000002102F055FBDEE7626831462068A56014
:1066900002F04EFB0123DCE7ABAAAAAA555555151B
:1066A00003460846194602F095BB00BF90F8A320A8
:1066B00090F8A200101A704790F8A23090F8A3202A
:1066C0009A4205D95A1C034480F8A220987E70474C
:1066D0004FF0FF30704700BF90F8A23090F8A32031
:1066E0009A4202D91844807E70474FF0FF307047BD
:1066F000704700BF0346B0F8300178B193F82F21FE
:10670000882A03D9012200205A60704702F1010C47
:1067100001201A4483F82FC182F8A510704700BFEA
:1067200038B5B0F830410CB9204638BD90F82F315B
:106730000546C3F18904A2420DD8144605F1A5000F
:1067400022461844FEF77EFB95F82F31204623445D
:1067500085F82F3138BD01224260EFE72DE9F04F77
:10676000D0F814A01524017E8146437E83B00AEB45
:106770000111384A0AEB0313374F097A93F828308E
:1067800002EB01150901E86852F8018002EB0311E0
:10679000D5F804B01B01CE68D558CBF80040C8F836
:1067A0008400D8F804304A6803432C490192C8F8A1
:1067B00004301460C5F884606B6833436B60284B09
:1067C0004C683A68A3FB0232920C02EB8202520040
:1067D0004B681B1B9A42FBD84FF0090C1F4ADFF88D
:1067E00080E0D8F80830034202D0AB6833422FD1A2
:1067F000C5F8886054683968AEFB0131890C01EB3B
:10680000810153681B1B9942FBD8C5F8846054680A
:106810003968AEFB0131890C01EB810153681B1B08
:106820009942FBD8BCF1010CDBD1604699F81830D5
:10683000019A0AEB0313DB68CBF8003099F81930A2
:106840000AEB031ADAF82C30136003B0BDE8F08FBE
:106850000120EBE71C470020FC4F0020001000E067
:1068600083DE1B430E4A10B51168046905E0DB01A5
:1068700007D413685B1A102B08D8636913F0007FE4
:10688000F5D14FF4FE430120636110BDFFF766FFB1
:106890000028FAD04FF4FE4301206361F5E700BF02
:1068A000146B00202DE9F04790F82FA10569BAF18B
:1068B000000F4FD081468846FFF7D4FF002849D00B
:1068C000374E0024376818E06B69190551D4DA0493
:1068D00055D4580559D4990441D43268D21B322A70
:1068E0003DD8544507D9EA6D520704D19B0555D4CC
:1068F000B8F1000F52D0FFF755FB5445E4D8EA6DCC
:10690000500702F00703DFD413E099F8A520013304
:10691000022442F48062042B2A661ED08A4503F1C9
:10692000010309EB01020ED992F8A520042B2A6677
:10693000CAD00121002CE8D02146013301348A4518
:1069400009EB0102F0D8B8F1000FBDD04FF400738D
:106950002B66B9E70420BDE8F0870124B4E72B6972
:106960004FF40072042043F440732B612A66BDE8A3
:10697000F0872B69042043F440732B61EBE72B690C
:10698000052043F440732B61E5E72B694FF4007257
:10699000022043F440732B612A66DCE70020DAE72B
:1069A000146B00202DE9F84F83460C4615461F4610
:1069B000D0F810A0FFF756FF002800F09E8061007D
:1069C000012DDFF83C8140F20146CBB24FF00001CF
:1069D00038BF0125D8F800900C461E43ABF8A21032
:1069E00020E09BF8A330872B3FD9DAF8142010055C
:1069F0005AD412F4105F70D1D8F80030A3EB090319
:106A0000322B6AD89BF8A330AB4209D3022C07D9AA
:106A1000DAF85C30590703D193054BD4002F49D0E5
:106A2000FFF7C0FA022CDCD8DAF85C3003F007027A
:106A30005B07D6D4681E224440F480704CB9CAF873
:106A400060600134131B032BCBD8022CC9D8002C57
:106A5000F5D0012C37D01FB14FF40073CAF8603065
:106A60009BF8A3300324872BBFD8DAF85C2012F4FC
:106A7000E02FC2F3024CB8D0591C9C441933C9B260
:106A80005FFA8CFC5BFA83F3DAF870004A1C61450C
:106A90008BF8A310D1B203F8010FA6D08929F3D146
:106AA000DAF814201005A4D5DAF8103043F4407356
:106AB000CAF81030DAF85C3013F4E02F06D19BF8F6
:106AC000A300BDE8F88FCAF86000BAE7DAF8103022
:106AD00043F40073CAF81030F1E7DAF810304FF4DD
:106AE000007243F44073CAF81030CAF86020DAF834
:106AF0005C3013F4E02FE2D0E8E70420BDE8F88F23
:106B0000146B0020F8B506690446D6F8145115F444
:106B1000706301D0C6F81431A8070BD5D6F87021E0
:106B200011043ED50023012184F8A230234484F8C7
:106B3000A3109A76EB0710D594F83071FFB194F852
:106B40002E7194F82F31BB4227D97B1C274484F83F
:106B50002E3197F8A530C6F8603115F4407F0DD07E
:106B600094F8A30018B1D4F83C3103B1984700233E
:106B7000A4F8A230A4F82E3184F83031F8BDD4F84E
:106B8000383103B19847002384F82E31012384F86B
:106B9000303194F82F31BB42D7D80023C6F860318A
:106BA000DBE794F8A330872BC4D8591CC9B2BDE7E2
:106BB0000148FFF7A7BF00BF005000200148FFF7C2
:106BC000A1BF00BF405100200148FFF79BBF00BF9D
:106BD0008052002010EE103A40F22A41C3F30A52CC
:106BE0008A42B7EEC03A32D8B7EE000B2D4B93ED88
:106BF0004A2B93ED481BB0EE417BA2EE037B17EED0
:106C0000100A37EE417B00F01F0203EBC20130B4E3
:106C100092EE037B93ED4C4B53F832404D6893ED6D
:106C20004E6B93ED505BA4EE076B27EE074B0021F4
:106C30000A1905EBC033A5EE070B43EC172BA6EEA4
:106C4000040B30BC20EE070BB7EEC00B704713F5FA
:106C5000000F20D0B2F5FF6F1AD2DFED137AB4EE39
:106C6000E70AF1EE10FA10DCDFED107AB4EEE70A75
:106C7000F1EE10FA12D4DFED0E7AB4EEE70AF1EE7F
:106C800010FAB1D5002000F0ABBB002000F0AEBB85
:106C900030EE000A70479FED070A7047002000F0B1
:106CA00099BB00BF800200201772B142B4F1CFC27D
:106CB000CF8ECEC20000000030B410EE103A2DEDA1
:106CC000028BA3F5000110EE902AB1F1FE4F10EEF9
:106CD000104A82B04FEA42017CD201F1FF3C6FF0D2
:106CE0008070844580F0F780002004F1404303F574
:106CF0004D03C3F3C342DB0DDB05E11ADB1507EEE1
:106D0000903AB14B03EB021292ED003B04EE101AE5
:106D1000B7EEE06AB7EEC44ABFEE000BA3EE040B79
:106D200093ED443B20EE001B93ED464B93ED402B3F
:106D3000A0EE034B93ED425B93ED483BA0EE025B6C
:106D400021EE012B92ED028BB8EEE77B37EE087B4C
:106D5000A0EE037BA1EE047BA5EE027B26EE077B73
:106D600017EE903A48F2BF01C3F3CF338B4250D2B3
:106D7000B7EE000B954B93ED402B37EE023B13EE35
:106D8000102A33EE423B02F01F01821803EBC100D0
:106D900093ED424B37EE437B53F83140456893ED1A
:106DA000446B93ED465BA7EE046B27EE074B002385
:106DB000181905EBC231A7EE050B41EC170BA6EE37
:106DC000040B20EE070BB7EEC00B02B0BDEC028B3C
:106DD00030BC70474D1E6FF08070854280F0CE80D1
:106DE00059004D1E854280F09280002B55DB00201B
:106DF000B4F5000FBFF479AFDFED757A07EE103A06
:106E000067EE277A17EE904A24F00044A4F1386424
:106E10006BE79FED656BB4EEC67BF1EE10FA15DC07
:106E20009FED636BB4EEC67BF1EE10FA20DD4FF000
:106E30004C5388B10193DDED016ABFEE006A76EE36
:106E4000666AF4EE466AF1EE10FA11D002B0BDECBB
:106E5000028B30BC00F0CABA0093DDED006AB7EED9
:106E6000006A76EE866AF4EE466AF1EE10FAEDD12B
:106E70009FED516BB4EEC67BF1EE10FA57D99FED42
:106E8000506BB4EEC67BF1EE10FA7FF571AF02B035
:106E9000BDEC028B30BC00F0A3BAC2F3C7517E290F
:106EA00011DD962954DC0120C1F1960100FA01F1AF
:106EB000481E104207D1114214BF012000200004D7
:106EC00024F0004494E700EE103A02B0BDEC028BCF
:106ED00030BC00F0A3BA002952D0B3F17E5F2CD0B1
:106EE0006400B4F17F4F2ED8B1F17F4F2BD1B4F1B4
:106EF000FE4F4BD0B4F1FE4F6FEA020234BF0024C4
:106F00000124D20F94424CD09FED320A5DE7002B52
:106F100020EE000A1EDB002000293AD1002ABFF62D
:106F200054AF02B0BDEC028B30BC00F065BA02B0C9
:106F3000BDEC028B30BC00F04DBA82F480025200EE
:106F400012F5000F22D907EE903A37EEA00A3CE77F
:106F50000020B5E7C2F3C753A3F17F001728DAD8A2
:106F6000C3F19600012303FA00F0441E1442D2D16B
:106F70001040D1D0B1EE400A1846CDE70029AFD17C
:106F800084F48002520012F5000FDCD8B7EE000A3C
:106F90001BE7002ABFF619AFF7EE007A87EE800AEA
:106FA00013E720EEA00A10E771D5D1FFFFFF5F4085
:106FB000E2AAA3FFFFFF5F400000000000C062C024
:106FC0000000000000A062C0C80300208002002072
:106FD0000000004B0000000030B510EE104AC4F372
:106FE0000A53B3F57D7FB7EEC06A83B01BD226EE9D
:106FF000065BB3F5667F6ED326EE052B25EE021BEE
:10700000734B93ED1A3B93ED187B93ED164BA5EE66
:10701000037BA2EE046BB0EE460BA7EE010BB7EEBE
:10702000C00B03B030BD40F22E4293425ED8684997
:1070300091ED087B26EE077BFDEEC77B91ED0A5BA9
:1070400017EE903A03F500031B1613F0020F07EE3C
:10705000903A01F1700208BF0A46D807B8EEE77B04
:10706000A7EE456B26EE067B1BD403F0030301EB72
:10707000C30192ED1A4B91ED002B92ED185B26EEB9
:10708000026B92ED163BA7EE045B26EE074B27EE54
:10709000047BA4EE036BA5EE076BB7EEC60B03B043
:1070A00030BD92ED142B27EE075B92ED126B92ED43
:1070B0000E3BA7EE026B92ED0C0B92ED104BA7EE80
:1070C000030B27EE057BA5EE040BA6EE070BB7EE30
:1070D000C00B03B030BD220D12F4FF6FDFD1B7EE4D
:1070E000C55B00EE104A8DED015AD8E7B3F5FF6F8E
:1070F0004BD2384BC4F3836203EB820053F8222057
:107100000569C4F31603C4F3C25143F400038B4072
:10711000016A03FB02F2A3FB0110E3FB050202F18B
:1071200000518D0F01F04041511A01F00FFB2A4B25
:107130009FED257B05EBD47441EC160B14F0020F88
:10714000A3F1700208BF1346E90726EE077B27EE7E
:10715000076B1FD404F0030402EBC40293ED1A4B37
:1071600092ED002B93ED185B27EE027B93ED163B1F
:10717000A6EE045B27EE064B26EE046BA4EE037B23
:10718000A5EE067BB7EEC70B89E703B0BDE830403C
:1071900000F044B993ED142B26EE065B93ED127BC1
:1071A00093ED0E3BA6EE027B93ED0C0B93ED104B93
:1071B000A6EE030B26EE056BA5EE040BA7EE060B61
:1071C000B7EEC00B6BE700BF182D4454FB21193CF0
:1071D000F0040020BC4600206005002000000000F4
:1071E00038B510EE104AC4F30A53B3F57D7FB7EEFD
:1071F000C07A1ED227EE077BB3F5667F6FD327EEEA
:10720000071B634B93ED142B93ED125B93ED0E3B39
:10721000A7EE025B93ED0C0B93ED104BA7EE030B67
:1072200027EE017BA1EE040BA5EE070BB7EEC00B1A
:1072300038BD40F22E42934254D8554991ED086B27
:1072400027EE066BFDEEC66B91ED0A5B16EE903AEB
:1072500003F500031B1613F0020F06EE903A01F13E
:10726000700208BF0A46D807B8EEE66BA6EE457B6B
:1072700027EE076B1AD503F0030301EBC30191ED71
:10728000002B92ED1A4B92ED185B92ED163BA6EE99
:10729000045B27EE027B27EE064B26EE046BA4EE82
:1072A000037BA5EE067BB7EEC70B38BD92ED142B22
:1072B00092ED127B92ED0E3B92ED0C0B92ED104B8A
:1072C00026EE065BA6EE027BA6EE030B26EE056B12
:1072D000A5EE040BA7EE060BB7EEC00B38BDB7EE5C
:1072E000000A38BDB3F5FF6F3DD22A4BC4F3836269
:1072F00003EB820053F822200569C4F31603C4F39C
:10730000C25143F400038B40016A03FB02F2A3FB6A
:107310000110E3FB050202F100518D0F01F0404125
:10732000511A01F013FA1C4B9FED177B05EBD47437
:1073300041EC160B14F0020FA3F1700208BF1346C4
:10734000E90726EE077B27EE076B10D504F0030450
:1073500002EBC40292ED002B93ED1A4B93ED185BF8
:1073600093ED163B93E7BDE8384000F057B893ED36
:10737000142B93ED127B93ED0E3B93ED0C0B93EDE1
:10738000104B9DE7AFF30080182D4454FB21193CAE
:10739000F0040020BC4600206005002010B582B03B
:1073A0008DED010A044601F02DFD9DED010A0460FA
:1073B00002B010BD30B1F1EE407A27EE800A2220F3
:1073C000FFF7ECBFF0EE407A27EE800A2220FFF7AD
:1073D000E5BF00BF9FED010AFFF7ECBF0000001002
:1073E0009FED010AFFF7E6BF0000201A9FED010A9A
:1073F000FFF7E0BF000000709FED070AFFEE007A84
:10740000B7EE007A00284FF0220047FE277A87EE79
:10741000800AFFF7C3BF00BF0000000070EE407A93
:10742000B4EE400A87EEA77AF1EE10FAB0EE470A02
:1074300002D62120FFF7B2BF704700BF08B52DED7F
:10744000028BB0EE408A00F09FF9B4EE488AF1EE6C
:1074500010FA06D6DFED098AB4EEE88AF1EE10FAEA
:1074600002D4BDEC028B08BD01F0CCFC88EEA80A6A
:10747000BDEC028B2123036008BD00BF00000000AB
:1074800010EE103A114A23F00043934218DDB3F195
:10749000FF4F02DB30EE400A704700B583B068460C
:1074A00000F076F9400000F00200DDED010A9DEDEC
:1074B000000AC0F1010000F087F803B05DF804FB9A
:1074C000DFED030A012000F07FB800BFDA0F493F6B
:1074D0000000000030B52DED028B83B08DED010A68
:1074E000019C24F00043B3F1FF4F10DB324B002C22
:1074F00093ED007AD3ED007A39DBF0EE406A87EE47
:10750000260A30EE270A03B0BDEC028B30BD2B4AB1
:1075100093420FDD284A2A4B92ED000AD3ED007A00
:1075200030EE670A002CB8BFB1EE400A03B0BDECE4
:10753000028B30BDB3F1105F23DBB3F17E5F214DD1
:1075400029DB00F089FBD5ED007A20EE270A00F058
:107550004FFA194BD3ED007AD5ED006A95ED007A1C
:1075600037EE000A86EE807A37EEC70ADAE7DDEDFD
:10757000016A87EE260A30EE670A03B0BDEC028B83
:1075800030BD0D4BDDED017A93ED000A30EE270A98
:1075900020EE270AB7E795ED008A00F05DFB28EEA4
:1075A000400A00F025FA95ED007A37EE007AF1EE08
:1075B000407A87EE870AB5E7385A0020FFFFAF41CF
:1075C0003C5A0020405A002008B510EE103A23F033
:1075D0000042B2F1465FF0EE407A0FDABDEEC07ABB
:1075E00017EE101AF9B9431C134300F09F800128CD
:1075F00003D0BFEE007A87EE270A08BD50498A42C1
:1076000011DB9FED507ADFED506A002BBCBFF1EE2D
:10761000600AF1EE407A77EE677A36EEE07ADFEDD7
:107620004B0A77EE277A67EEA76ADFED494ADFED6E
:10763000495A9FED495A9FED496A414926EEA67A7B
:107640008A42E7EE245AA7EE056ADFED454A9FED30
:10765000455AE5EE874AA6EE075ADFED435A9FEDFD
:10766000436AE4EE875AA5EE076ADFED414A9FEDD3
:10767000415AE5EE874AA6EE075A9FED3F6ADFEDD5
:107680003F5AA4EE876AE5EE075AB0EE467AA5EEB9
:10769000A67A27EEA65AB0EE606AA7EE056ADFED7D
:1076A000384AE6EE260AE5EE240A37EEA00A1FDA8B
:1076B0000128A2D0BFEE007AC7EE006A314B10EE6F
:1076C000102A1A4006EE102A16EE902A76EE677AF5
:1076D000134000EE103AB7EE007A70EEE70AF0EED3
:1076E000477AE6EE007AE0EE807AA7EEA60A08BDB9
:1076F00007EE100AB8EEC77A60EE006A30EE070AAD
:107700009B1786EE806A03F00203C3F10103F0EEDB
:10771000005A36EE606A06EE903A77EEC67AF8EED8
:10772000E66AA7EEE57A26EE870A08BD00F094FA2D
:10773000B7EE007AF0EE407A87EE270A08BD00BF68
:1077400040A12C3FDA0F493F68212233000000009E
:107750005FAE9BB745F4A3388453D9377AC09538C8
:10776000C8261A3AB937813916696B3B48DEBE3AEA
:10777000A427B33C1F37113C8988083ED10D5D3DDD
:10778000ABAAAA3E00F0FFFFB1EEC00A704700BFEF
:1077900070B510EE103A884A23F00044944286B047
:1077A000054670DD854A944210EE106A22DC002BFB
:1077B000DFED837A834A24F00F04B0EE407A40F381
:1077C000E280944270EE677A09BFDFED7F6A9FED39
:1077D0007F7A9FED7F7A77EEE67A012077EEC76AAF
:1077E00077EEE67AC5ED006A77EEC77AC5ED017AE5
:1077F00006B070BD774A944254DDB4F1FF4F49DAC8
:10780000E215863AA4EBC25307EE903ABDEEE77A52
:10781000DFED716AB8EEC77A77EEC77A8DED037A3D
:1078200067EEA67ABDEEE77AB8EEC77A77EEC77A4A
:107830008DED047A67EEA67AF5EE407AF1EE10FA55
:10784000CDED057A40F08E80B5EE407AF1EE10FA7B
:1078500014BF02230123614901910221009103A871
:10786000294600F001FA002EC2DA95ED007AD5ED36
:10787000017AB1EE477AF1EE677A85ED007AC5EDCF
:10788000017A4042B4E7002285ED000A4260002000
:1078900006B070BD70EE407A0020C5ED017AC5EDEE
:1078A000007AA5E700F0D8F99FED4D7A9FED446A84
:1078B000F6EE007AE0EE077A9FED447AFDEEE77A85
:1078C00017EE900AF8EEE76A1F28A6EEC60A66EEE3
:1078D000877AB1EE666A1EDC424A411E24F0FF033D
:1078E00052F82120934216D030EE677A85ED007A67
:1078F00030EE470A002E30EE670A85ED010ABFF62A
:1079000077AFB1EE477AB1EE400A85ED007A85EDAA
:10791000010A40426CE730EE677AE21517EE103A42
:10792000C3F3C753C3EBD453082BDFDD9FED267A97
:107930009FED275AF0EE405AE6EE075A70EE657A50
:10794000E6EE077AD6EE857A35EEE77A17EE103A4C
:10795000C3F3C753D21A192A06DCB0EE650A85EDC7
:10796000007AC5E7032376E79FED1F7A9FED1F5A44
:10797000B0EE650AA6EE070A75EEC07AE6EE077A63
:10798000D6EE857AB0E7944270EE277A09BFDFED34
:107990000E6A9FED0E7A9FED0E7A77EEA67A4FF083
:1079A000FF3077EE876A77EEE67AC5ED006A77EE0C
:1079B000877AC5ED017A1BE7D80F493FE3CB164024
:1079C000800FC93FD00FC93F004435374344353796
:1079D00008A3852E800F494300008043504B0020B0
:1079E00084F9223F984A002000A3852E32318D244D
:1079F00010EE102A894922F000438B422AD9B3F1B4
:107A0000FF4F7ED800F0D680002AC0F28A80844AD8
:107A1000934200F2F0809FED837A20EE077AF6EE33
:107A2000007A77EE877A9FED806ADFED806AFDEE5F
:107A3000E77AB8EEE77A17EE903AF0EE407AE7EEA2
:107A4000467A27EE267A37EEC70A77EEC07A77EEC7
:107A5000C77A07E076498B4256D8B3F14C5FC0F045
:107A600082800023B6EE003A20EE034ADFED716A11
:107A70009FED716ADFED714A9FED715A20EE047A35
:107A8000F7EE003AA7EE266ADFED6E6AE6EE074AE9
:107A9000B0EE086AE4EE876AF1EE085AA6EE875A5D
:107AA000F0EE636AE5EE076AA4EE666AE0EE465A17
:107AB00036EEC66AC6EE256A66EE876A002B4DD0A2
:107AC00076EEE76A5A1CD6EE807A77EEC77A63D0F4
:107AD000012B51D05A1C392A33D8162B70DC4FF0A9
:107AE00080721A41C2F17E5207EE102A77EEC07AF8
:107AF00077EE677A17EE902A02EBC35300EE103A46
:107B0000704730EE000A70474F498B4279D8002AFF
:107B1000DFED457A47DB9FED457A70EE677A01230A
:107B200091E7DFED4A7A70EE277AF5EEC07AF1EE52
:107B300010FA63D49FED3B7AFEEE007A20EE077ACE
:107B40006FE777EEC07A73EEE77A17EE902A02EBD2
:107B5000C35307EE903A37EEE30A704790EE267A69
:107B600030EE470A7047DFED3A7A70EE277A77EE0B
:107B7000E77A30EE670A7047BDEE007AB4EEC70AC6
:107B8000F1EE10FA2ED530EE033AB8EE000A77EE99
:107B9000C37A27EE800A704770EE677ABEEE000A5D
:107BA000A7EE830A70479FED2B7A70EE277A4FF08D
:107BB000FF3348E7FFEE007A002A20FE270A7047CD
:107BC000C3F17F02D20507EE102A77EE877A70EEB6
:107BD000677A77EEA37A17EE902A02EBC35300EE92
:107BE000103A704770EE677AB0EE007AE7EE873AA7
:107BF000B0EE630A70470020FFF7F8BBBFEE000A43
:107C000070479FED087AF6EE007AFEEE006A002AD1
:107C100020EE077A67FEA67A03E700BF43B89541D6
:107C20001772B1423BAAB83F8071313FD1F7173785
:107C30001872B13EBBED57B4547E8636CD70A6B8EF
:107C4000898808BD010DD03A9115853F6042A20D8B
:107C5000CAF24971D1F717B710EE103A23F000437A
:107C600000EE103A704700BF2DE9F04F2DED048B68
:107C7000DBB01C4603930691A04B6899089253F819
:107C80002150111D824604F1FF38C0F29882D31EA4
:107C900048BF131DDB1002930133DB000793DDE9BE
:107CA00007239B1A0593029B15EB0801A3EB08031E
:107CB00016D401319FED927A699819441EAA002BBF
:107CC000A4BF50F8234007EE904A03F10103ACBF74
:107CD000F8EEE77AF0EE477A8B42E2EC017AEED1E9
:107CE000002DC0F2DB82039B1EAA02EB830446AE8A
:107CF0004FEA830C4046EF180AEB8301B8F1000FFE
:107D0000DFED7F7A09DB22465346F3EC016A32ED60
:107D1000017A8B42E6EE877AF7D10130B842E6EC81
:107D2000017A04F10404E9D10AAF07EB8503043BAF
:107D30009FED759ADFED738A059804930AEB0C04A6
:107D400007EB850946AE00955AAB03EB8503002D82
:107D500013ED140A4FEA850B16DD06EB85033A4650
:107D600060EE097AB0EE407AFDEEE77A73ED016AD3
:107D7000F8EEE77AB342A7EEE87A37EEA60ABDEE50
:107D8000C77AA2EC017AEBD1019000F0DFFAB0EEF5
:107D9000408AB4EE000A28EE000A00F091FAF2EEF2
:107DA000007AA0EE678A01980028FDEEC89AF8EEE6
:107DB000E97A38EE678A76DD05F1FF3EC0F1080307
:107DC00057F82E2042FA03FC0CFA03F3D31AC0F141
:107DD000070119EE902A47F82E300B416244002B20
:107DE00009EE902A67DCB5EE408AF1EE10FA40F019
:107DF000BE80009A05F1FF3B5A450EDC4FEA850C28
:107E000007EB850200219E4652F8043D4A4541EAAF
:107E10000301F9D1002940F0F180009B013B57F8A4
:107E20002330002B40F0E680049B4FF0010C53F808
:107E3000042D0CF1010C002AF9D06B1CAC449E46B9
:107E40000299039A01EB030B0BF1804B69992A44C9
:107E50000BF1FF3B06EB83051EAB01EB8B0B03EB3A
:107E60008201DBED017A9FED267AF8EEE77AB8F130
:107E7000000F0BF1040BC1ED007A0A4601F1040179
:107E800009DB534601E072ED017AF3EC016AA3428B
:107E9000A6EEA77AF7D10EF1010EE645A5EC017A20
:107EA000DFDD654650E740F09B806B1E57F82330BE
:107EB000DB11002B97DD19EE902A002D02F1010253
:107EC00009EE902A40F39181396800297ED1012D75
:107ED00026D03A464FF0010C52F8041F002979D001
:107EE0000CF10102C1F58071954247F82C1016DDA6
:107EF00057F82210BB4407EB82020AE08C4A0020AC
:107F000000000000000080430000803B0000C93FEB
:107F10001168C1F1FF0142F8041B5A45F8D1012153
:107F200000280CDD012800F04181022807D105F16D
:107F3000FF3C57F82C2002F03F0247F82C20022B80
:107F40007FF451AFB7EE000A30EE488A00293FF4C3
:107F50004AAF0993019000F0F9F938EE408A099B85
:107F60000198B5EE408AF1EE10FA3FF442AF984620
:107F7000DDE90732B0EE480A981A0195009D00F03D
:107F8000E5F91FED207A019BB4EEC70AF1EE10FA75
:107F9000C0F255815FED247A059A60EE277A0832A7
:107FA000FDEEE77A0592F8EEE77A03F1010BA7EE12
:107FB000C70AFDEEE77ABDEEC00A10EE102A47F8B8
:107FC000232017EE903A47F82B302BE001224FF098
:107FD000000C87E70CF1010CAC457FF47DAF9FE707
:107FE000F6EE007AB4EEE78AF1EE10FA80F2EC8059
:107FF0000023F8E66B1C9E469C4621E7059B009DEE
:10800000A3F1080257F82B300592F04653B9ACF1B2
:1080100004033B4453F8041D0BF1FF3B083A0029CD
:10802000F8D005920598B7EE000A00F08FF9BBF181
:10803000000FC0F229810BF1010646AA1FED4E7A0E
:108040004FEA860C07EB860302EB860273ED017A9A
:10805000F8EEE77ABB4267EE807A20EE070A62ED1F
:10806000017AF3D1ACF1040346AA002D1FED596A41
:1080700002EB03044FF0000022DB8F49DFED8F7A23
:10808000B0EE467A2246002303E0984208DBB1ECCA
:10809000017AF2EC016A01339D42E6EE877AF4DA66
:1080A0005AAB03EB8003584543ED287A4FEA800131
:1080B00000F10102A4F1040405D0002D1046DCDA21
:1080C000DFED7E7AECE7689A022A1DDC002A00F3D5
:1080D0008E8010D132ABDFED797A9C443CED017A91
:1080E000634577EE877AF9D143460BB1F1EE677AB3
:1080F000069BC3ED007A19EE903A03F007005BB0DF
:10810000BDEC048BBDE8F08F689A032AF3D1BBF174
:10811000000F00F0CB8032A813ED287A00EB8B0221
:108120000BF1804372ED017AF0EE476A37EE277A61
:10813000904277EEC77A82ED007A77EEA67AC2EDAA
:10814000017AEFD1BBF1010F40F3B08001F5B472B9
:108150000DEB020111ED287A9A0033A900EB83039D
:1081600073ED017AF0EE476A37EE277A994277EE9F
:10817000C77A83ED007A77EEA67AC3ED017AEFD164
:10818000131DDFED4E7A0344083033ED017A984237
:1081900077EE877AF9D14346002B58D10699329A67
:1081A000339B0A604B60C1ED027AA4E705F1FF3C06
:1081B00057F82C2002F07F0247F82C20BFE6082356
:1081C0000793002302936AE519EE903A002D03F11C
:1081D000010309EE903AC8BF02233FF775AEF7EEF0
:1081E000007A37EEC88A0223FDE5002198E632AB1B
:1081F000DFED327A03EB860636ED017AB34277EE95
:10820000877AF9D143469DED327A93BB069BBBF149
:10821000000FC3ED007A77EE677A0CDD33AA0123F5
:10822000B2EC017A01339B4577EE877AF8DA434660
:108230000BB1F1EE677A069BC3ED017A5BE7BDEE09
:10824000C00A9B4610EE102A47F82320EAE6DDED2F
:10825000326A9DED337A069BF1EE666AB1EE477A9B
:10826000F1EE677AC3ED006A83ED017AC3ED027A1D
:1082700041E7069BF1EE676ABBF1000F77EE677A84
:10828000C3ED006ACADCD4E7689B022B0ADC002B32
:108290000FDC7FF430AFDFED097A25E7039B4FEA6F
:1082A000830C41E5689B032B7FF425AFDFED037A58
:1082B00071E7DFED027AA5E7F0050020000000007D
:1082C00010EE102AC2F3C7537F3B162B22F0004159
:1082D0002ADC002B10EE100A18DB194919410A425A
:1082E00021D0DFED187A70EE277AF5EEC07AF1EE44
:1082F00010FA18DD002A04DA4FF4000242FA03F300
:10830000184420EA010300EE103A7047DFED0D7AC1
:1083100070EE277AF5EEC07AF1EE10FA03DD002A4E
:1083200008DB9FED090A7047B1F1FF4FFBD330EE38
:10833000000A7047FFEE007A002900FE270A704706
:10834000FFFF7F00CAF249710000000010EE103AF2
:1083500033F0004110EE102A27D0B1F1FF4F21D2A7
:1083600013F0FF4F22D1DFED2B7A2B4A60EE277AF4
:10837000904217EE903A33DB4CF2503CC3F3C751B6
:10838000604517EE902AA1F1190115DDDFED237A82
:10839000DFED236AB0EE677A002B67FEA67A27EE40
:1083A000870A704730EE000A704770474CF2503C25
:1083B00060454FEAD151E9DC0144FE29E6DC0029A1
:1083C00015DC11F1160F19DB193122F0FF4242EAD8
:1083D000C15207EE902A9FED130A27EE800A7047DC
:1083E000DFED117A07EE103A27EE270A704722F0E8
:1083F000FF4242EAC15300EE103A7047DFED0A7ABD
:10840000DFED0A6AB0EE677A002B67FEA67A27EEE8
:10841000870A70470000004CB03CFFFFCAF2497168
:10842000CAF249F1000000336042A20D6042A28D01
:1084300081F0004102E000BF83F0004330B54FEA15
:1084400041044FEA430594EA050F08BF90EA020F82
:108450001FBF54EA000C55EA020C7FEA645C7FEA15
:10846000655C00F0E2804FEA5454D4EB5555B8BF38
:108470006D420CDD2C4480EA020281EA030382EAA9
:10848000000083EA010180EA020281EA0303362D3B
:1084900088BF30BD11F0004F4FEA01314FF4801C0E
:1084A0004CEA113102D0404261EB410113F0004F20
:1084B0004FEA03334CEA133302D0524263EB4303D7
:1084C00094EA050F00F0A780A4F10104D5F1200E75
:1084D0000DDB02FA0EFC22FA05F2801841F10001D0
:1084E00003FA0EF2801843FA05F359410EE0A5F1A4
:1084F00020050EF1200E012A03FA0EFC28BF4CF0D5
:10850000020C43FA05F3C01851EBE37101F000458A
:1085100007D54FF0000EDCF1000C7EEB00006EEB97
:108520000101B1F5801F1BD3B1F5001F0CD3490821
:108530005FEA30004FEA3C0C04F101044FEA445278
:1085400012F5800F80F09A80BCF1004F08BF5FEAFF
:10855000500C50F1000041EB045141EA050130BDDF
:108560005FEA4C0C404141EB0101013C28BFB1F5F1
:10857000801FE9D291F0000F04BF01460020B1FA3C
:1085800081F308BF2033A3F10B03B3F120020CDA0F
:108590000C3208DD02F1140CC2F10C0201FA0CF0ED
:1085A00021FA02F10CE002F11402D8BFC2F1200C52
:1085B00001FA02F120FA0CFCDCBF41EA0C01904008
:1085C000E41AA2BF01EB0451294330BD6FEA040451
:1085D0001F3C1CDA0C340EDC04F11404C4F120023C
:1085E00020FA04F001FA02F340EA030021FA04F34E
:1085F00045EA030130BDC4F10C04C4F1200220FAA5
:1086000002F001FA04F340EA0300294630BD21FAE2
:1086100004F0294630BD94F0000F83F4801306BFA8
:1086200081F480110134013D4EE77FEA645C18BF9C
:108630007FEA655C29D094EA050F08BF90EA020F33
:1086400005D054EA000C04BF1946104630BD91EA2B
:10865000030F1EBF0021002030BD5FEA545C05D12E
:108660004000494128BF41F0004130BD14F580046D
:108670003CBF01F5801130BD01F0004545F0FE41E1
:1086800041F470014FF0000030BD7FEA645C1ABF16
:10869000194610467FEA655C1CBF0B46024650EA4D
:1086A000013406BF52EA033591EA030F41F4002179
:1086B00030BD00BF90F0000F04BF0021704730B5FF
:1086C0004FF4806404F132044FF000054FF00001D4
:1086D00050E700BF90F0000F04BF0021704730B595
:1086E0004FF4806404F1320410F0004548BF40426A
:1086F0004FF000013EE700BF42004FEAE2014FEABF
:1087000031014FEA02701FBF12F07F4393F07F4F99
:1087100081F06051704732F07F4208BF704793F09C
:108720007F4F04BF41F40021704730B54FF46074AF
:1087300001F0004521F000411CE700BF50EA0102B2
:1087400008BF704730B54FF000050AE050EA01025B
:1087500008BF704730B511F0004502D5404261EBCB
:1087600041014FF4806404F132045FEA915C3FF40C
:10877000D8AE4FF003025FEADC0C18BF03325FEAA9
:10878000DC0C18BF033202EBDC02C2F1200300FA5A
:1087900003FC20FA02F001FA03FE40EA0E0021FA7F
:1087A00002F11444BDE600BF024B0146186800F018
:1087B00003B800BF205A00202DE9F04F01F10B064D
:1087C000162E83B0044624D8102900F2BA8000F097
:1087D000A3FA102618220220B54F3A44A2F108014C
:1087E00053688B4200F0BA805A68D96822F00302BD
:1087F0001A449D68E9608D60516841F0010120468E
:10880000516003F1080500F08DFA284603B0BDE879
:10881000F08F36F0070600F19480B14200F29180AB
:1088200000F07AFAB6F5FC7FC0F09A81730A00F086
:108830008F80042B00F26F81B30903F1390003F13B
:10884000380CC3009A4F3B44A3F108055B689D4276
:1088500006D10CE0002980F22781DB689D4206D01A
:108860005A6822F00302911B0F29F3DD60463D692F
:10887000DFF850C265457CD06A6822F00302931B82
:108880000F2B00F37B81002BC7E904CC80F26C81B5
:10889000B2F5007F80F01A81D308796801334FEA7E
:1088A000521E012202FA0EF20A4357F833E0C5F8CD
:1088B00008E007EBC3010839E9607A6047F83350F4
:1088C000CEF80C50831001219940914257D81142A3
:1088D00006D120F003004900114200F10400FAD053
:1088E00007EBC0094D468646D5F80C80454508D1B2
:1088F0001DE1002B80F22481D8F80C80454500F062
:108900001681D8F8042022F00302931B0F2BF0DD10
:108910002046D8E9025408EB060146F00106C8F8E3
:108920000460EC60A56043F00104C7E90411C1E9EB
:1089300002CC4C6048F8023000F0F4F908F1080568
:1089400002E00C2323600025284603B0BDE8F08F29
:108950004FF4007340204FF03F0C73E7D3689A4206
:1089600008BF02307FF440AF3D69DFF858C165456C
:1089700082D17A688310012199409142A7D9BD68BC
:108980006B6823F003094E4503D8A9EB06030F2BB0
:108990007ADCDFF834B1474BDBF800201B6801328A
:1089A000334405EB090A00F0338103F580530F339C
:1089B00023F47F6828F00F084146204600F010FAA3
:1089C000411C024600F0F380824500F2EE803A4BF3
:1089D000196841441960084600F04E81DBF8001028
:1089E000019301311BBFA2EB0A010918CBF800204B
:1089F000196012F0070B00F01781CBF108010A444F
:108A0000CBF5805190440831A1EB0801C1F30B0A6A
:108A100051462046009200F0E3F9421CDDE90023B4
:108A200000F04F81801A00EB0A081968BA6048F01C
:108A300001005144BD425060196000F02981B9F134
:108A40000F0F40F227816868A9F10C0C2CF0070C7D
:108A500000F0010040EA0C0068604FF0050E05EBE5
:108A60000C00BCF10F0FC0E901EE00F2328150683A
:108A70001546124B1A688A4238BF1960104B1A68A3
:108A80008A4238BF196094E0AA1943F0010346F006
:108A900001066E602046BA60536000F043F9083565
:108AA000284603B0BDE8F08FD9681A44A1E600BF9C
:108AB0001056002028690020F86800202069002056
:108AC0002469002018560020185A0020B2F5206FA3
:108AD0004FEA522363D3142B00F2B78003F15C01F9
:108AE000C9005B3307EB010E7958AEF1080E8E45D5
:108AF00000F091804B6823F00303934202D9896808
:108B00008E45F7D1D1F80CE07A68C5E9021ECEF89F
:108B10000850CD60D6E6142B59D9542B00F29D8015
:108B2000330B03F16F0003F16E0CC3008AE60EF104
:108B3000010E1EF0030F05F108057FF4D5AE51E0DC
:108B4000424445465368D8F80C1043F00103536083
:108B500055F8083F2046D9608B6000F0E3F8F3E653
:108B6000F00806F1080237E62A442046536843F02D
:108B700001035360083500F0D5F8E5E6A919204651
:108B800046F0010643F001046E60C7E90411C1E933
:108B900002CC4C60AB5000F0C5F80835D4E6930920
:108BA00003F13901C90038339CE7BD425FD0BD688D
:108BB000686820F003084645A8EB060302D80F2B8F
:108BC0003FF762AF204600F0ADF80025BCE603F1A8
:108BD0005C0003F15B0CC30034E659F808394B45DF
:108BE00040F0968010F0030F00F1FF30F5D17B6864
:108BF00023EA01037B60490099423FF6C0AE19B9F0
:108C0000BDE649000EF1040E1942FAD0704667E63F
:108C100003F11008D0E69A104FF001087B6808FABB
:108C200002F21A437A6070E702EB08014942C1F38D
:108C30000B0A51462046009200F0D2F8431CDDE9B1
:108C400000237FF4EFAEDA46EFE6542B25D8130B62
:108C500003F16F01C9006E3344E7B3F5AA7F25D84D
:108C6000F30B03F1780003F1770CC300EAE5294B1D
:108C7000186840441860B1E6CAF30B0CBCF1000F51
:108C80007FF4ACAEBD68C84448F001006860F0E60F
:108C90001546EEE60123536094E7B3F5AA7F23D887
:108CA000D30B03F17801C90077331BE740F254522C
:108CB000934223D8B30C03F17D0003F17C0CC30075
:108CC000C0E5ABF1080BD844A8EB02084FF0000A4E
:108CD000ABE605F108012046009300F055F9BD68A8
:108CE000009B68681968C4E640F254518B420BD867
:108CF000930C03F17D01C9007C33F3E64FF47E73DE
:108D00007F204FF07E0C9DE54FF47E717E23E9E6D7
:108D10007B6870E7F8680020014800F09DB800BF4C
:108D2000F4680020014800F099B800BFF468002002
:108D3000830730B548D0541E002A3FD0CAB203463C
:108D400001E0013C3AD303F8012B9D07F9D1032C34
:108D50002DD9CDB245EA05250F2C45EA054536D972
:108D6000A4F1100222F00F0C03F1200EE6444FEAAA
:108D7000121C03F1100242E9045542E90255103277
:108D80007245F8D10CF1010214F00C0F03EB021242
:108D900004F00F0C13D0ACF1040323F003030433ED
:108DA000134442F8045B9342FBD10CF003042CB152
:108DB000C9B21C4403F8011B9C42FBD130BD644680
:108DC0001346002CF4D1F9E703461446BFE71A46D0
:108DD000A446E0E713460A460146022000F040B8E8
:108DE00038B5074D0022044608462A60FCF78CF986
:108DF000431C00D038BD2B68002BFBD0236038BD4E
:108E0000746A0020014B1868704700BF205A002088
:108E100070B50D4E0D4D761BB61006D0002455F8DA
:108E2000043B01349847A642F9D1094E094D761BFF
:108E300000F0C2F9B61006D0002455F8043B013406
:108E40009847A642F9D170BDB0200060B020006004
:108E5000C0200060B0200060704700BF704700BFB6
:108E60002DE9F047DFF87CA00646DAF800009846C6
:108E70000F469146FFF7F0FF184B1C6824B3656856
:108E80001F2D24DC5EB96B1C0235DAF8000063602C
:108E900044F82570FFF7E2FF0020BDE8F08704EBFF
:108EA00085010123C1F88890D4F88821AB401A438A
:108EB000022EC4F88821C1F80881E4D1D4F88C21AD
:108EC0001A43C4F88C21DEE7054C1C60D7E7DAF8BA
:108ED0000000FFF7C3FF4FF0FF30DEE75C670020C4
:108EE0006067002004560020F8B5244F0C46064663
:108EF000FFF712FFBB685D68C4F57E610F3125F096
:108F000003054B1923F47F6323F00F03A3F580546B
:108F1000B4F5805F07DB00213046FFF761FFBB68D7
:108F20002B44984204D03046FFF7FCFE0020F8BDE9
:108F300061423046FFF754FF01300DD0104ABB6844
:108F40002D1B45F001055D60136830461B1B136047
:108F5000FFF7E8FE0120F8BD00213046FFF740FF93
:108F6000BA68831A0F2BDEDD43F001035360054B13
:108F700003491B68C01A0860D5E700BF10560020DF
:108F8000F8680020185A0020002961D0F8B50C4676
:108F90000646FFF7C1FE54F8042C7B4FA4F10805E8
:108FA00022F0010105EB010CB868DCF804306045E3
:108FB00023F0030300F08B80D207CCF8043032D4C6
:108FC00054F8082CAD1A1144AA6807F1080082422F
:108FD0006AD00CEB0304D4F804E0EC68D4601EF013
:108FE000010FA26000F0978041F001036B60CCF8A4
:108FF0000010B1F5007F35D27868CB08012249090D
:1090000001338A40024357F833107A6007EBC302FA
:10901000083AC5E9021247F83350CD603046BDE842
:10902000F840FFF77FBE0CEB03025268D00710D464
:10903000194407F10800DCF80830834273D0DCF8EB
:109040000C20DA60936041F001036B606950D0E757
:10905000704741F00103B1F5007F44F8043CCCF8BF
:109060000010C9D3B1F5206F4FEA512348D28B09C4
:1090700003F1390003F13802C300F818FB5808382F
:10908000984259D05A6822F003028A4202D99B685A
:109090009842F7D1D868C5E902308560DD60304676
:1090A000BDE8F840FFF73EBE0CEB03025268D20762
:1090B00063D40B44DCE90212CA60916043F0010200
:1090C0006A603046EB50BDE8F840FFF72BBE0B441A
:1090D000D10707D454F8082CAD1A1344D5E902126D
:1090E000CA60916043F001026A60284ABD6012685C
:1090F0009A4293D8264B30461968FFF7F5FE8DE764
:10910000142B0AD9542B1FD80B0B03F16F0003F15A
:109110006E02C300B1E719448DE703F15C0003F16F
:109120005B02C300A9E741F00103C7E90455C5E9A3
:1091300002006B60695071E779689210012404FAAB
:1091400002F20A437A60A6E7B3F5AA7F06D8CB0BF2
:1091500003F1780003F17702C3008EE740F2545226
:10916000934206D88B0C03F17D0003F17C02C3000F
:1091700083E74FF47E737E227FE741F001036B604B
:10918000CCF800104AE700BF105600201C5A0020FF
:1091900028690020000000005FF800F06D160060F4
:1091A0005FF800F07D1E00605FF800F019160060A7
:1091B0005FF800F0E51F00605FF800F04D200060F0
:0491C000F8B500BF3F
:0891C400DCD4FF7F0100000074
:1091CC000000000000000000000000000000000093
:1091DC000000000000000000000000000000000083
:1091EC000000000000000000000000000000000073
:1091FC000000000000000000000000000000000063
:10920C000000000000000000000000000000000052
:10921C000000000000000000000000000000000042
:10922C000000000000000000000000000000000032
:10923C000000000000000000000000000000000022
:10924C000000000000000000000000000000000012
:10925C000000000000000000000000000000000002
:10926C0000000000000000000000000000000000F2
:10927C0000000000000000000000000000000000E2
:10928C0000000000000000000000000000000000D2
:10929C0000000000000000000000000000000000C2
:1092AC0000000000000000000000000000000000B2
:1092BC0000000000000000000000000000000000A2
:1092CC000000000000000000000000000000000092
:1092DC000000000000000000000000000000000082
:1092EC000000000000000000000000000000000072
:1092FC000000000000000000000000000000000062
:10930C000000000000000000000000000000000051
:10931C000000000000000000000000000000000041
:10932C000000000000000000000000000000000031
:10933C000000000000000000000000000000000021
:10934C000000000000000000000000000000000011
:10935C000000000000000000000000000000000001
:10936C0000000000000000000000000000000000F1
:10937C0000000000000000000000000000000000E1
:10938C0000000000000000000000000000000000D1
:10939C0000000000000000000000000000000000C1
:1093AC0000000000000000000000000000000000B1
:1093BC0000000000000000000000000000000000A1
:1093CC000000000000000000000000000000000091
:1093DC000000000000000000000000000000000081
:1093EC000000000000000000000000000000000071
:1093FC000000000000000000000000000000000061
:10940C000000000000000000000000000000000050
:10941C000000000000000000000000000000000040
:10942C000000000000000000000000000000000030
:10943C000000000000000000000000000000000020
:10944C00000000000000F03F748515D3B0D9EF3F49
:10945C000F89F96C58B5EF3F515B12D00193EF3F78
:10946C007B517D3CB872EF3FAAB968318754EF3F0E
:10947C003862756E7A38EF3FE1DE1FF59D1EEF3FC7
:10948C0015B7310AFE06EF3FCBA93A37A7F1EE3FED
:10949C002234124CA6DEEE3F2D89616008CEEE3FE1
:1094AC00272A36D5DABFEE3F824F9D562BB4EE3FBE
:1094BC00295448DD07ABEE3F85553AB07EA4EE3F0C
:1094CC00CD3B7F669EA0EE3F745FECE8759FEE3F50
:1094DC008701EB7314A1EE3F13CE4C9989A5EE3F97
:1094EC00DBA02A42E5ACEE3FE5C5CDB037B7EE3F89
:1094FC0090F0A38291C4EE3F5D253EB203D5EE3FC2
:10950C00ADD35A999FE8EE3F475EFBF276FFEE3FF4
:10951C009C5285DD9B19EF3F6990EFDC2037EF3FC4
:10952C0087A4FBDC1858EF3F5F9B7B33977CEF3FA6
:10953C00DA90A4A2AFA4EF3F40456E5B76D0EF3F2C
:10954C00000000000000E8429423914BF86AAC3F05
:10955C00F3C4FA50CEBFCE3FD6520CFF422EE63F9C
:10956C000000000000003843FE822B654715474081
:10957C009423914BF86ABC3EF3C4FA50CEBF2E3FF5
:10958C00D6520CFF422E963FBEF3F879EC61F63FB3
:10959C001930965BC6FEDEBF3D88AF4AED71F53FD4
:1095AC00A4FCD432680BDBBFB010F0F03995F43F5B
:1095BC007BB71F0A8B41D7BF8503B8B095C9F33F62
:1095CC007BCF6D1AE99DD3BFA564880C190DF33FB1
:1095DC0031B6F2F39B1DD0BFA08E0B7B225EF23F07
:1095EC00F07A3B1B1D7CC9BF3F341A4A4ABBF13F82
:1095FC009F3CAF93E3F9C2BFBAE58AF05823F13F21
:10960C005C8D78BFCB60B9BFA70099413F95F03F07
:10961C00CE5F47B69D6FAABF000000000000F03F70
:10962C000000000000000000AC479AFD8C60EE3F8B
:10963C003DF5249FCA38B33FA06A021FB3A4EC3F88
:10964C00BA913854A976C43FE6FC6A573620EB3FF2
:10965C00D2E4C44A0B84CE3F2DAAA163D1C2E93F08
:10966C001C65C6F04506D43FED417803E686E83F1D
:10967C00F89F1B2C9C8ED83F624853F5DC67E73F64
:10968C00CC7BB14EA4E0DC3F0B6E49C91676D23FC1
:10969C007AC675A06919D7BFDDBAA76C0AC7DE3FB9
:1096AC00C8F6BE484715E7BF2BB82A654715F73FE4
:1096BC00000000000000F03F000000000000F0BFC0
:1096CC00000000000000F0BF000000000000F03FB0
:1096DC0083C8C96D305F6441182D4454FB21F93F98
:1096EC00000000000000F03F1C620CFDFFFFDFBF1C
:1096FC00198F06E15355A53F9D359AE887C056BF93
:10970C00C3F87B024393F93E03A695595455C5BF44
:10971C00C40B23057610813F24CF7437EB9429BFFB
:10972C00000000000000F03F000000000000F0BF4F
:10973C00000000000000F0BF000000000000F03F3F
:10974C0083C8C96D305F6441182D4454FB21F93F27
:10975C00000000000000F0BF1C620CFDFFFFDF3FAB
:10976C00198F06E15355A5BF9D359AE887C0563F22
:10977C00C3F87B024393F9BE03A695595455C5BF54
:10978C00C40B23057610813F24CF7437EB9429BF8B
:10979C000000C040CDCC4C3DCDCCCC3E00000040B8
:1097AC000000003FEC51383E9A99193E0000C93F29
:1097BC000000F0390000DA370000A2330000842EDC
:1097CC000000502B0000C2270000D0220000C41F54
:1097DC000000C61B00004417D9270000DD2700003D
:1097EC00E1270000E52700000000803F39D6BD3F8F
:1097FC008273E63F07F02240D6562840166A79401D
:10980C00000000003A1C19B32F7219B42F0DADB41F
:10981C007B2C1AB5BF6071B5C215AEB51345EDB54D
:10982C00B91B1BB6257044B6949672B667C192B636
:10983C00C492AEB62CB6CCB6D420EDB629E307B79D
:10984C004D4C1AB7FEC32DB78D4142B776BB57B7F7
:10985C005D276EB707BD82B7BED38EB763519BB77A
:10986C001A2FA8B79B65B5B736EDC2B7D5BDD0B723
:10987C00F8CEDEB7BE17EDB7E18EFBB75F1505B8B6
:10988C00A8700CB81FD413B86A3A1BB8069E22B83D
:10989C0047F929B85D4631B8537F38B8129E3FB8A6
:1098AC00669C46B8FE734DB86D1E54B833955AB8C5
:1098BC00B8D160B855CD66B855816CB8F8E671B8BA
:1098CC0077F776B806AC7BB8DAFD7FB815F381B8BC
:1098DC001AAF83B8A12F85B8557186B8EC7087B8CC
:1098EC00242B88B8CB9C88B8BEC288B8E89988B8B5
:1098FC004B1F88B8FB4F87B8262986B811A884B8A7
:10990C001CCA82B8C78C80B85CDB7BB81FD575B815
:10991C009C026FB8DF5F67B844E95EB8789B55B8B6
:10992C007C734BB8AB6E40B8BB8A34B8C3C527B890
:10993C003B1E1AB8FF920BB8AF46F8B7E99DD7B7E4
:10994C00E92BB5B7CEF190B730E355B7675C06B7E6
:10995C00AE5B4DB6D38E0C361210FA36B7485A376A
:10996C003B6B9D370850CF37966401380BE61B389C
:10997C00A026373812205338A4CB6F380E91863876
:10998C00E48D95383CD8A438C36BB438ED43C43857
:10999C00F15BD438CFAEE4384F37F53801F80239E3
:1099AC00A3690B39A3ED1339FD801C399620253999
:1099BC003DC92D39AC77363987283F3961D84739BD
:1099CC00BB835039052759399FBE6139E0466A3946
:1099DC000EBC7239681A7B3912AF8139B8C185391E
:1099EC003AC38939ACB18D39208B9139A84D953951
:1099FC0058F7983944869C3985F89F39384CA339E7
:109A0C007D7FA6397C90A939637DAC396844AF3928
:109A1C00CAE3B139D359B439D6A4B63934C3B83939
:109A2C005AB3BA39C373BC39FA02BE39995FBF391C
:109A3C004C88C039CF7BC139F438C2399EBEC2398B
:109A4C00C50BC339791FC339DDF8C2392E97C2391A
:109A5C00BFF9C139FD1FC1396F09C039B4B5BE3961
:109A6C008824BD39C155BB395249B9394AFFB63979
:109A7C00D477B4393AB3B139E4B1AE395574AB39A2
:109A8C0033FBA7394047A4395B59A03986329C393E
:109A9C00DFD39739A43E933932748E3904768939E1
:109AAC00B5458439F8C97D3961AB72398D33673965
:109ABC00A0665B39F5484F3923DF4239F52D36392D
:109ACC006E3A2939C4091C3962A10E39E2060139F2
:109ADC001E80E638BFA5CA38EE8AAE38443C9238B0
:109AEC004B8D6B38846E3238306EF237D30480373E
:109AFC00B989DD35FABB47B7C7E5D4B7798222B847
:109B0C0094005AB8EA6788B85569A3B8B8F5BDB8D7
:109B1C0037FED7B8F673F1B80E2405B9F23511B982
:109B2C004BE81CB9CC3328B93C1133B973793DB926
:109B3C00656547B920CE50B9D4AC59B9D4FA61B9DE
:109B4C009BB169B9CECA70B9424077B9FE0B7DB9E9
:109B5C00201481B9BE4783B9341E85B9FB9486B9EC
:109B6C00B0A987B9105A88B901A488B98E8588B96B
:109B7C00E8FC87B96E0887B9A6A685B944D683B91F
:109B8C00299681B9CBCA7DB9718677B9285E70B92F
:109B9C00345168B93F5F5FB95E8855B90ACD4AB98F
:109BAC002A2E3FB90DAD32B9724B25B9810B17B9BD
:109BBC00D2EF07B9D8F6EFB88363CEB86B2DABB83C
:109BCC002F5D86B899F83FB85F54E0B7FC2BEBB625
:109BDC00B6F56037E6A4103897B56B3849A9A438A8
:109BEC00AAAED43873ED02399C0E1C390BB2353940
:109BFC00A5CE4F39F25A6A3993A68239934D9039D2
:109C0C00421D9E394410AC391B21BA39254AC8393A
:109C1C00A485D639BACDE439701CF339DBB5003ADA
:109C2C00B2DA073AA2F90E3A840F163A2D191D3AF8
:109C3C006A13243A05FB2A3AC5CC313A6E85383A78
:109C4C00C7213F3A959E453AA3F84B3ABE2C523A5F
:109C5C00BA37583A73165E3ACEC5633ABB42693A84
:109C6C00348A6E3A4399733A006D783A95027D3A8C
:109C7C009FAB803A25B4823A8F99843A9B5A863AA4
:109C8C0013F6873ACD6A893AAFB78A3AABDB8B3A8F
:109C9C00C3D58C3A07A58D3A99488E3AABBF8E3A0C
:109CAC0082098F3A71258F3AE2128F3A50D18E3A4F
:109CBC0049608E3A6FBF8D3A7AEE8C3A35ED8B3A1D
:109CCC0081BB8A3A5459893ABAC6873AD603863A3E
:109CDC00DF10843A24EE813A17387F3A21367A3AEB
:109CEC008AD7743AA81D6F3AF909693A2C9E623AE0
:109CFC001DDC5B3AD2C5543A815D4D3A8AA5453A92
:109D0C007BA03D3A0A51353A19BA2C3AB4DE233AC3
:109D1C000EC21A3A8367113A96D2073ADC0DFC3917
:109D2C00B010E83986B5D3398104BF390206AA3997
:109D3C00ABC29439AC867E392A2253395C6A2739F6
:109D4C0059E4F638C0999E382D380C38386713B75B
:109D5C00F3B155B871FFC2B89E5B0DB980EB38B941
:109D6C008D1A64B9F26987B94B819CB9D848B1B9DD
:109D7C0022B6C5B9BDBED9B94758EDB9393C00BA00
:109D8C00828A09BAF19112BA884D1BBA5AB823BA11
:109D9C0094CD2BBA748833BA58E43ABAB6DC41BACB
:109DAC00276D48BA61914EBA414554BAC78459BA25
:109DBC001E4C5EBA989762BAB86366BA2AAD69BA95
:109DCC00CF706CBABAAB6EBA2F5B70BAAE7C71BA8C
:109DDC00EA0D72BAD30C72BA927771BA914C70BA0E
:109DEC00748A6EBA20306CBABD3C69BAB3AF65BA2E
:109DFC00AD8861BA9BC75CBAB26C57BA6C7851BA71
:109E0C0089EB4ABA10C743BA4F0C3CBADBBC33BA25
:109E1C008FDA2ABA906721BA486617BA68D90CBA91
:109E2C00E8C301BA0C52ECB98718D4B9D1E2BAB96B
:109E3C00FEB8A0B9A8A385B9D75753B9C8B619B9F4
:109E4C00A7F0BCB87BC606B82C3AE437C736B8388E
:109E5C00E7F21C3928F55E3959049139A609B33952
:109E6C00027DD5399D50F8392ABB0D3ADB6F1F3A6C
:109E7C00063F313A2E21433ABA0E553AF4FF663A70
:109E8C0011ED783A1767853AAE4D8E3A4E26973AD1
:109E9C00F1EC9F3A919DA83A2334B13A9FACB93A70
:109EAC00FE02C23A3E33CA3A6039D23A6F11DA3AFC
:109EBC0081B7E13AB327E93A335EF03A3C57F73AC7
:109ECC001D0FFE3A1941023B7A56053BF545083BFE
:109EDC00DC0D0B3B8EAC0D3B7720103B1268123B1C
:109EEC00EB81143B9C6C163BD226183B4BAF193BB9
:109EFC00D9041B3B5F261C3BD8121D3B51C91D3B93
:109F0C00ED481E3BE5901E3B8AA01E3B42771E3B54
:109F1C008D141E3B03781D3B52A11C3B46901B3BF2
:109F2C00BF441A3BBBBE183B4FFE163BAD03153B63
:109F3C001FCF123B0C61103BF4B90D3B72DA0A3B9C
:109F4C003CC3073B2375043B12F1003B1F70FA3AEC
:109F5C007896F23AA257EA3A47B6E13A41B5D83A7E
:109F6C009E57CF3A9FA0C53AB193BB3A7434B13ADD
:109F7C00B586A63A6E8E9B3AC54F903A0CCF843A72
:109F8C007321723ADF325A3AE8DB413A6026293AB9
:109F9C00601C103A7F90ED392569BA3949D8863959
:109FAC00DAE7253973937638F1AB2BB8AF9913B93F
:109FBC00B2387CB9864CB2B9B245E6B905F80CBAE0
:109FCC00D19926BA3DFC3FBA491359BAF4D271BAA9
:109FDC00A41785BA2C0E91BA27C79CBAB53CA8BA5F
:109FEC000469B3BA5546BEBAFECEC8BA68FDD2BA39
:109FFC001BCCDCBAB735E6BAFE34EFBAD4C4F7BA28
:10A00C003EE0FFBA36C103BB5A5307BB4EA40ABB92
:10A01C00EBB10DBB237A10BBFFFA12BBA83215BBF8
:10A02C005D1F17BB7FBF18BB89111ABB17141BBB55
:10A03C00E4C51BBBCB251CBBCB321CBB03EC1BBB35
:10A04C00B4501BBB47601ABB451A19BB5E7E17BBCD
:10A05C00678C15BB594413BB58A610BBA9B20DBBDA
:10A06C00BB690ABB23CC06BB9EDA02BB1D2CFDBA16
:10A07C00FEFEF3BA4430EABA9FC2DFBA0CB9D4BAC6
:10A08C00D916C9BA9BDFBCBA3517B0BAD4C1A2BABB
:10A09C00EEE394BA408286BA9D436FBAC48F50BA2D
:10A0AC000DF430BA147C10BAE267DEB973509AB969
:10A0BC00DF9729B9F754DFB76D5EE838303E833946
:10A0CC000961CD3904310C3A3011323A5341583AC6
:10A0DC006BB17E3A99A8923A1208A63AC56EB93A73
:10A0EC003CD4CC3AEE2FE03A4079F33AC653033BDA
:10A0FC000FD90C3B2248163BA29C1F3B33D2283B6A
:10A10C007DE4313B2ECF3A3BF88D433B981C4C3BC6
:10A11C00D676543B85985C3B897D643BD4216C3B63
:10A12C006F81733B72987A3B89B1803BCBEE833B5A
:10A13C003302873BFFE9893B81A48C3B18308F3B72
:10A14C00328B913B54B4933B10AA953B0F6B973BCE
:10A15C000CF6983BD8499A3B59659B3B8C479C3BEA
:10A16C0084EF9C3B6B5C9D3B868D9D3B2F829D3B86
:10A17C00DC399D3B1BB49C3B95F09B3B0FEF9A3B12
:10A18C0065AF993B9131983BAA75963BDE7B943B2E
:10A19C007C44923BEBCF8F3BB11E8D3B6E318A3BA7
:10A1AC00E008873BDFA5833B6209803BF068783B86
:10A1BC009F50703B5ECC673BF5DE5E3B5E8B553B48
:10A1CC00C9D44B3B9BBE413B6A4C373BFC812C3B7F
:10A1DC004B63213B7EF4153BE8390A3B1970FC3A82
:10A1EC002CE7E33AB0E2CA3A9F6CB13A3A8F973A0D
:10A1FC0012AA7A3AB091453A63EB0F3A699BB3399C
:10A20C00663E0D39B4BC9BB853E094B91E8201BABA
:10A21C002E9538BAD5906FBA302E93BA796FAEBAF4
:10A22C00C97FC9BA9D52E4BA6CDBFEBAD7860CBBA7
:10A23C00746E19BB531E26BB459032BB28BE3EBB69
:10A24C00E8A14ABB843556BB0D7361BBAF546CBBE4
:10A25C00AFD476BBB77680BBB84C85BBADE989BBB8
:10A26C00FA4A8EBB196E92BB985096BB1CF099BBE8
:10A27C00624A9DBB415DA0BBA826A3BBA3A4A5BB02
:10A28C005BD5A7BB16B7A9BB3948ABBB4787ACBBE3
:10A29C00E672ADBBDD09AEBB154BAEBB9A35AEBBA2
:10A2AC009EC8ADBB7403ADBB99E5ABBBAC6EAABB92
:10A2BC00749EA8BBE074A6BB04F2A3BB1F16A1BB83
:10A2CC0095E19DBBF4549ABBF17096BB6A3692BB78
:10A2DC0066A68DBB14C288BBCC8A83BB17047CBB1F
:10A2EC00F65270BBD00564BB912057BB72A749BB1B
:10A2FC00F69E3BBBEB0B2DBB6AF31DBBD35A0EBBBF
:10A30C00998FFCBA7F80DBBAB494B9BA11D996BADA
:10A31C00D8B566BA27501EBA213BA9B90FB71BB8DE
:10A32C0017708439F31D0F3A9AD65C3AD4A0953A3B
:10A33C00131FBD3A43D5E43A2D59063B89521A3BBB
:10A34C00F74D2E3BA442423BA627563B05F4693BF6
:10A35C00BE9E7D3B628F883B8335923B3BBD9B3BD6
:10A36C000222A53B555FAE3BB970B73BB851C03B21
:10A37C00E8FDC83BE970D13B6BA6D93B2C9AE13B7D
:10A38C00FE47E93BC7ABF03B82C1F73B4385FE3B45
:10A39C009B79023CD483053C7E5F083CDF0A0B3C76
:10A3AC004A840D3C27CA0F3CEDDA113C29B5133C0D
:10A3BC007C57153C9CC0163C54EF173C87E2183C6C
:10A3CC002E99193C5B121A3C3A4D1A3C0D491A3C19
:10A3DC0032051A3C2381193C71BC183CCDB6173C94
:10A3EC00FF6F163CF0E7143CA31E133C3814113CD1
:10A3FC00ECC80E3C1B3D0C3C3C71093CE565063C35
:10A40C00CB1B033C7D27FF3B5B9DF73B4B9BEF3B03
:10A41C009E23E73BE438DE3BE4DDD43B9F15CB3B8E
:10A42C004EE3C03B634AB63B864EAB3B95F39F3B3A
:10A43C00A33D943BF630883B0EA4773BFF4A5E3B32
:10A44C007060443B6FEE293B61FF0E3B003CE73AEA
:10A45C00ACAAAF3AECC26E3A76DEF9398B9D203855
:10A46C004F79D3B9C4325EBA1093A9BACD31E4BADC
:10A47C00D66D0FBB38BB2CBBCEF349BB390A67BBBF
:10A48C0083F881BB564D90BBCC7C9EBB1980ACBB7A
:10A49C006E50BABB01E7C7BB0D3DD5BBD54BE2BB7C
:10A4AC00A70CEFBBE178FBBBF9C403BCB09C09BCA7
:10A4BC0061400FBCE9AC14BC31DF19BC35D41EBCF7
:10A4CC00008923BCB2FA27BC81262CBCB80930BC4D
:10A4DC00B9A133BC02EC36BC28E639BCDF8D3CBCE0
:10A4EC00F7E03EBC5EDD40BC258142BC79CA43BC72
:10A4FC00AEB744BC394745BCB47745BCDF4745BC17
:10A50C00A0B644BC06C343BC456C42BCC0B140BC05
:10A51C00FE923EBCB50F3CBCC52739BC3ADB35BC02
:10A52C004E2A32BC66152EBC169D29BC1FC224BCFB
:10A53C0072851FBC2CE819BC99EB13BC36910DBC71
:10A54C00ABDA06BCA293FFBB5BC1F0BBE942E1BB3B
:10A55C00121DD1BBF354C0BB03F0AEBB14F49CBBB7
:10A56C004D678ABB54A06EBBFB6A47BBD53C1FBB77
:10A57C009449ECBABF6498BACBD605BABE08203958
:10A58C00727C583A6DA8C53A8D0D103B57B83D3BBF
:10A59C0051C16B3B640A8D3B504FA43B2BA5BB3B7D
:10A5AC008601D33BCA59EA3B9BD1003C73690C3CF6
:10A5BC00EFEE173C7F5C233C8DAC2E3C76D9393CBE
:10A5CC0092DD443C36B34F3CB3545A3C5CBC643CC7
:10A5DC0086E46E3C8BC7783CE72F813CDCD3853C12
:10A5EC00E24C8A3C3E988E3C3BB3923C309B963C72
:10A5FC00804D9A3C9AC79D3CFA06A13C2D09A43C7F
:10A60C00CFCBA63C8F4CA93C2E89AB3C817FAD3C7B
:10A61C00752DAF3C0A91B03C5CA8B13C9D71B23C2D
:10A62C001AEBB23C3E13B33C8DE8B23CAB69B23C86
:10A63C005C95B13C826AB03C1FE8AE3C5B0DAD3C16
:10A64C007ED9AA3CF54BA83C5264A53C4B22A23CBB
:10A65C00C1859E3CB88E9A3C5F3D963C0C92913CD9
:10A66C00418D8C3CA82F873C187A813C25DB763CAD
:10A67C0089166A3C10A95C3CC8954E3C19E03F3CDD
:10A68C00C68B303CED9C203C0A18103CE403FE3B8E
:10A69C00B1BFDA3B9C6EB63B7B1C913BBEAB553BD2
:10A6AC002350073B8D085D3A9C06D3B9D5F3DABA33
:10A6BC00E3E841BB0EC68BBB4820B7BBF1F0E2BB55
:10A6CC00969207BCBBD41DBCD23434BC74A84ABC13
:10A6DC00E82461BC2A9F77BCF30587BCC12F92BCD0
:10A6EC000A479DBCB945A8BC9625B3BC48E0BDBC87
:10A6FC00556FC8BC26CCD2BC06F0DCBC24D4E6BC5E
:10A70C009671F0BC58C1F9BC265E01BDA1AD05BD6A
:10A71C007ACB09BD03B40DBD886311BD4BD614BDF6
:10A72C00880818BD75F61ABD419C1DBD18F61FBDD5
:10A73C00230022BD87B623BD671525BDE81826BDAD
:10A74C002ABD26BD53FE26BD88D826BDF14726BDA1
:10A75C00BB4825BD17D723BD3CEF21BD668D1FBD62
:10A76C00DAAD1CBDE54C19BDDE6615BD25F810BD76
:10A77C0026FD0BBD587206BD405400BDE33EF3BC34
:10A78C0019A1E4BC84C8D4BCA6AEC3BC254DB1BCD5
:10A79C00C99D9DBC819A88BCC67A64BC590135BCE4
:10A7AC008EBD02BC1D499BBBF25EADBA89DA143B6F
:10A7BC006519C63BB0DF233C93B8673CF64F973C1A
:10A7CC00F34EBC3C1DDDE23C0F7F053DB15A1A3DFA
:10A7DC001203303DB079463DEDBF5D3D0CD7753D64
:10A7EC001B60873D383E943D5286A13DD038AF3D2D
:10A7FC000756BD3D3EDECB3DACD1DA3D7730EA3D70
:10A80C00B9FAF93D7730EA3DACD1DA3D3EDECB3DCD
:10A81C000756BD3DD038AF3D5286A13D383E943DE4
:10A82C001B60873D0CD7753DEDBF5D3DB079463D56
:10A83C001203303DB15A1A3D0F7F053D1DDDE23C40
:10A84C00F34EBC3CF64F973C93B8673CB0DF233CCF
:10A85C006519C63B89DA143BF25EADBA1D499BBB48
:10A86C008EBD02BC590135BCC67A64BC819A88BCC9
:10A87C00C99D9DBC254DB1BCA6AEC3BC84C8D4BC7F
:10A88C0019A1E4BCE33EF3BC405400BD587206BDB4
:10A89C0026FD0BBD25F810BDDE6615BDE54C19BDBA
:10A8AC00DAAD1CBD668D1FBD3CEF21BD17D723BD96
:10A8BC00BB4825BDF14726BD88D826BD53FE26BD15
:10A8CC002ABD26BDE81826BD671525BD87B623BD54
:10A8DC00230022BD18F61FBD419C1DBD75F61ABD87
:10A8EC00880818BD4BD614BD886311BD03B40DBDCB
:10A8FC007ACB09BDA1AD05BD265E01BD58C1F9BC21
:10A90C009671F0BC24D4E6BC06F0DCBC26CCD2BCE0
:10A91C00556FC8BC48E0BDBC9625B3BCB945A8BCB6
:10A92C000A479DBCC12F92BCF30587BC2A9F77BCFC
:10A93C00E82461BC74A84ABCD23434BCBBD41DBC62
:10A94C00969207BCF1F0E2BB4820B7BB0EC68BBB9E
:10A95C00E3E841BBD5F3DABA9C06D3B98D085D3A6E
:10A96C002350073BBEAB553B7B1C913B9C6EB63BCF
:10A97C00B1BFDA3BE403FE3B0A18103CED9C203CD3
:10A98C00C68B303C19E03F3CC8954E3C10A95C3C52
:10A99C0089166A3C25DB763C187A813CA82F873CCB
:10A9AC00418D8C3C0C92913C5F3D963CB88E9A3C10
:10A9BC00C1859E3C4B22A23C5264A53CF54BA83C65
:10A9CC007ED9AA3C5B0DAD3C1FE8AE3C826AB03C24
:10A9DC005C95B13CAB69B23C8DE8B23C3E13B33CE8
:10A9EC001AEBB23C9D71B23C5CA8B13C0A91B03CF4
:10A9FC00752DAF3C817FAD3C2E89AB3C8F4CA93C77
:10AA0C00CFCBA63C2D09A43CFA06A13C9AC79D3C91
:10AA1C00804D9A3C309B963C3BB3923C3E988E3C8E
:10AA2C00E24C8A3CDCD3853CE72F813C8BC7783CDD
:10AA3C0086E46E3C5CBC643CB3545A3C36B34F3C2D
:10AA4C0092DD443C76D9393C8DAC2E3C7F5C233C6A
:10AA5C00EFEE173C73690C3C9BD1003CCA59EA3BA6
:10AA6C008601D33B2BA5BB3B504FA43B640A8D3BCB
:10AA7C0051C16B3B57B83D3B8D0D103B6DA8C53A92
:10AA8C00727C583ABE082039CBD605BABF6498BA46
:10AA9C009449ECBAD53C1FBBFB6A47BB54A06EBBB8
:10AAAC004D678ABB14F49CBB03F0AEBBF354C0BB24
:10AABC00121DD1BBE942E1BB5BC1F0BBA293FFBB52
:10AACC00ABDA06BC36910DBC99EB13BC2CE819BC67
:10AADC0072851FBC1FC224BC169D29BC66152EBCDA
:10AAEC004E2A32BC3ADB35BCC52739BCB50F3CBC51
:10AAFC00FE923EBCC0B140BC456C42BC06C343BCDC
:10AB0C00A0B644BCDF4745BCB47745BC394745BC0F
:10AB1C00AEB744BC79CA43BC258142BC5EDD40BCA7
:10AB2C00F7E03EBCDF8D3CBC28E639BC02EC36BC01
:10AB3C00B9A133BCB80930BC81262CBCB2FA27BCF5
:10AB4C00008923BC35D41EBC31DF19BCE9AC14BC64
:10AB5C0061400FBCB09C09BCF9C403BCE178FBBBE1
:10AB6C00A70CEFBBD54BE2BB0D3DD5BB01E7C7BB7B
:10AB7C006E50BABB1980ACBBCC7C9EBB564D90BB07
:10AB8C0083F881BB390A67BBCEF349BB38BB2CBBFE
:10AB9C00D66D0FBBCD31E4BA1093A9BAC4325EBAEC
:10ABAC004F79D3B98B9D203876DEF939ECC26E3AE9
:10ABBC00ACAAAF3A003CE73A61FF0E3B6FEE293B83
:10ABCC007060443BFF4A5E3B0EA4773BF630883BFB
:10ABDC00A33D943B95F39F3B864EAB3B634AB63B00
:10ABEC004EE3C03B9F15CB3BE4DDD43BE438DE3B6E
:10ABFC009E23E73B4B9BEF3B5B9DF73B7D27FF3B4E
:10AC0C00CB1B033CE565063C3C71093C1B3D0C3CF5
:10AC1C00ECC80E3C3814113CA31E133CF0E7143C5A
:10AC2C00FF6F163CCDB6173C71BC183C2381193C08
:10AC3C0032051A3C0D491A3C3A4D1A3C5B121A3C2F
:10AC4C002E99193C87E2183C54EF173C9CC0163CDB
:10AC5C007C57153C29B5133CEDDA113C27CA0F3C47
:10AC6C004A840D3CDF0A0B3C7E5F083CD483053CD8
:10AC7C009B79023C4385FE3B82C1F73BC7ABF03B63
:10AC8C00FE47E93B2C9AE13B6BA6D93BE970D13BE3
:10AC9C00E8FDC83BB851C03BB970B73B555FAE3B04
:10ACAC000222A53B3BBD9B3B8335923B628F883B8D
:10ACBC00BE9E7D3B05F4693BA627563BA442423B16
:10ACCC00F74D2E3B89521A3B2D59063B43D5E43A9E
:10ACDC00131FBD3AD4A0953A9AD65C3AF31D0F3A9D
:10ACEC00177084390FB71BB8213BA9B927501EBA6E
:10ACFC00D8B566BA11D996BAB494B9BA7F80DBBA12
:10AD0C00998FFCBAD35A0EBB6AF31DBBEB0B2DBB50
:10AD1C00F69E3BBB72A749BB912057BBD00564BBC9
:10AD2C00F65270BB17047CBBCC8A83BB14C288BBA5
:10AD3C0066A68DBB6A3692BBF17096BBF4549ABB77
:10AD4C0095E19DBB1F16A1BB04F2A3BBE074A6BB8F
:10AD5C00749EA8BBAC6EAABB99E5ABBB7403ADBB30
:10AD6C009EC8ADBB9A35AEBB154BAEBBDD09AEBBB9
:10AD7C00E672ADBB4787ACBB3948ABBB16B7A9BBBA
:10AD8C005BD5A7BBA3A4A5BBA826A3BB415DA0BB59
:10AD9C00624A9DBB1CF099BB985096BB196E92BB36
:10ADAC00FA4A8EBBADE989BBB84C85BBB77680BB84
:10ADBC00AFD476BBAF546CBB0D7361BB843556BB43
:10ADCC00E8A14ABB28BE3EBB459032BB531E26BBF6
:10ADDC00746E19BBD7860CBB6CDBFEBA9D52E4BA01
:10ADEC00C97FC9BA796FAEBA302E93BAD5906FBA03
:10ADFC002E9538BA1E8201BA53E094B9B4BC9BB8F4
:10AE0C00663E0D39699BB33963EB0F3AB091453A05
:10AE1C0012AA7A3A3A8F973A9F6CB13AB0E2CA3A90
:10AE2C002CE7E33A1970FC3AE8390A3B7EF4153BFF
:10AE3C004B63213BFC812C3B6A4C373B9BBE413B1B
:10AE4C00C9D44B3B5E8B553BF5DE5E3B5ECC673B22
:10AE5C009F50703BF068783B6209803BDFA5833BD9
:10AE6C00E008873B6E318A3BB11E8D3BEBCF8F3BAD
:10AE7C007C44923BDE7B943BAA75963B9131983B8C
:10AE8C0065AF993B0FEF9A3B95F09B3B1BB49C3BFA
:10AE9C00DC399D3B2F829D3B868D9D3B6B5C9D3BA6
:10AEAC0084EF9C3B8C479C3B59659B3BD8499A3B18
:10AEBC000CF6983B0F6B973B10AA953B54B4933B05
:10AECC00328B913B18308F3B81A48C3BFFE9893B43
:10AEDC003302873BCBEE833B89B1803B72987A3B44
:10AEEC006F81733BD4216C3B897D643B85985C3BC3
:10AEFC00D676543B981C4C3BF88D433B2ECF3A3BBB
:10AF0C007DE4313B33D2283BA29C1F3B2248163BAD
:10AF1C000FD90C3BC653033B4079F33AEE2FE03A82
:10AF2C003CD4CC3AC56EB93A1208A63A99A8923AD2
:10AF3C006BB17E3A5341583A3011323A04310C3AE3
:10AF4C000961CD39303E83396D5EE838F754DFB78F
:10AF5C00DF9729B973509AB9E267DEB9147C10BA3D
:10AF6C000DF430BAC48F50BA9D436FBA408286BA82
:10AF7C00EEE394BAD4C1A2BA3517B0BA9BDFBCBA0F
:10AF8C00D916C9BA0CB9D4BA9FC2DFBA4430EABADE
:10AF9C00FEFEF3BA1D2CFDBA9EDA02BB23CC06BB17
:10AFAC00BB690ABBA9B20DBB58A610BB594413BB55
:10AFBC00678C15BB5E7E17BB451A19BB47601ABB65
:10AFCC00B4501BBB03EC1BBBCB321CBBCB251CBB3B
:10AFDC00E4C51BBB17141BBB89111ABB7FBF18BB65
:10AFEC005D1F17BBA83215BBFFFA12BB237A10BB2F
:10AFFC00EBB10DBB4EA40ABB5A5307BB36C103BB06
:10B00C003EE0FFBAD4C4F7BAFE34EFBAB735E6BAAD
:10B01C001BCCDCBA68FDD2BAFECEC8BA5546BEBA55
:10B02C000469B3BAB53CA8BA27C79CBA2C0E91BA1E
:10B03C00A41785BAF4D271BA491359BA3DFC3FBA78
:10B04C00D19926BA05F80CBAB245E6B9864CB2B914
:10B05C00B2387CB9AF9913B9F1AB2BB8739376387E
:10B06C00DAE7253949D886392569BA397F90ED391F
:10B07C00601C103A6026293AE8DB413ADF325A3A32
:10B08C007321723A0CCF843AC54F903A6E8E9B3A2C
:10B09C00B586A63A7434B13AB193BB3A9FA0C53A7F
:10B0AC009E57CF3A41B5D83A47B6E13AA257EA3A59
:10B0BC007896F23A1F70FA3A12F1003B2375043B72
:10B0CC003CC3073B72DA0A3BF4B90D3B0C61103BF5
:10B0DC001FCF123BAD03153B4FFE163BBBBE183BBF
:10B0EC00BF441A3B46901B3B52A11C3B03781D3BB3
:10B0FC008D141E3B42771E3B8AA01E3BE5901E3BE7
:10B10C00ED481E3B51C91D3BD8121D3B5F261C3B15
:10B11C00D9041B3B4BAF193BD226183B9C6C163BFE
:10B12C00EB81143B1268123B7720103B8EAC0D3B2D
:10B13C00DC0D0B3BF545083B7A56053B1941023BB0
:10B14C001D0FFE3A3C57F73A335EF03AB327E93A13
:10B15C0081B7E13A6F11DA3A6039D23A3E33CA3AE2
:10B16C00FE02C23A9FACB93A2334B13A919DA83A47
:10B17C00F1EC9F3A4E26973AAE4D8E3A1767853AC8
:10B18C0011ED783AF4FF663ABA0E553A2E21433A4D
:10B19C00063F313ADB6F1F3A2ABB0D3A9D50F83906
:10B1AC00027DD539A609B3395904913928F55E3990
:10B1BC00E7F21C39C736B8382C3AE4377BC606B8E8
:10B1CC00A7F0BCB8C8B619B9D75753B9A8A385B955
:10B1DC00FEB8A0B9D1E2BAB98718D4B90C52ECB9FF
:10B1EC00E8C301BA68D90CBA486617BA906721BA95
:10B1FC008FDA2ABADBBC33BA4F0C3CBA10C743BA4D
:10B20C0089EB4ABA6C7851BAB26C57BA9BC75CBA24
:10B21C00AD8861BAB3AF65BABD3C69BA20306CBABF
:10B22C00748A6EBA914C70BA927771BAD30C72BAA6
:10B23C00EA0D72BAAE7C71BA2F5B70BABAAB6EBA49
:10B24C00CF706CBA2AAD69BAB86366BA989762BA0D
:10B25C001E4C5EBAC78459BA414554BA61914EBA74
:10B26C00276D48BAB6DC41BA58E43ABA748833BA96
:10B27C0094CD2BBA5AB823BA884D1BBAF19112BA95
:10B28C00828A09BA393C00BA4758EDB9BDBED9B962
:10B29C0022B6C5B9D848B1B94B819CB9F26987B906
:10B2AC008D1A64B980EB38B99E5B0DB971FFC2B8C9
:10B2BC00F3B155B8386713B72D380C38C0999E3890
:10B2CC0059E4F6385C6A27392A225339AC867E3920
:10B2DC00ABC294390206AA398104BF3986B5D33979
:10B2EC00B010E839DC0DFC3996D2073A8367113A75
:10B2FC000EC21A3AB4DE233A19BA2C3A0A51353A2C
:10B30C007BA03D3A8AA5453A815D4D3AD2C5543A67
:10B31C001DDC5B3A2C9E623AF909693AA81D6F3A1A
:10B32C008AD7743A21367A3A17387F3A24EE813A22
:10B33C00DF10843AD603863ABAC6873A5459893A0A
:10B34C0081BB8A3A35ED8B3A7AEE8C3A6FBF8D3AE7
:10B35C0049608E3A50D18E3AE2128F3A71258F3A6B
:10B36C0082098F3AABBF8E3A99488E3A07A58D3A2F
:10B37C00C3D58C3AABDB8B3AAFB78A3ACD6A893AF4
:10B38C0013F6873A9B5A863A8F99843A25B4823AB7
:10B39C009FAB803A95027D3A006D783A4399733AA7
:10B3AC00348A6E3ABB42693ACEC5633A73165E3A3A
:10B3BC00BA37583ABE2C523AA3F84B3A959E453AB6
:10B3CC00C7213F3A6E85383AC5CC313A05FB2A3A4B
:10B3DC006A13243A2D191D3A840F163AA2F90E3A23
:10B3EC00B2DA073ADBB5003A701CF339BACDE4395E
:10B3FC00A485D639254AC8391B21BA394410AC3931
:10B40C00421D9E39934D903993A68239F25A6A396E
:10B41C00A5CE4F390BB235399C0E1C3973ED023960
:10B42C00AAAED43849A9A43897B56B38E6A410381D
:10B43C00B6F56037FC2BEBB65F54E0B799F83FB824
:10B44C002F5D86B86B2DABB88363CEB8D8F6EFB84A
:10B45C00D2EF07B9810B17B9724B25B90DAD32B9C3
:10B46C002A2E3FB90ACD4AB95E8855B93F5F5FB9FC
:10B47C00345168B9285E70B9718677B9CBCA7DB979
:10B48C00299681B944D683B9A6A685B96E0887B921
:10B49C00E8FC87B98E8588B901A488B9105A88B997
:10B4AC00B0A987B9FB9486B9341E85B9BE4783B958
:10B4BC00201481B9FE0B7DB9424077B9CECA70B960
:10B4CC009BB169B9D4FA61B9D4AC59B920CE50B991
:10B4DC00656547B973793DB93C1133B9CC3328B99B
:10B4EC004BE81CB9F23511B90E2405B9F673F1B855
:10B4FC0037FED7B8B8F5BDB85569A3B8EA6788B8B0
:10B50C0094005AB8798222B8C7E5D4B7FABB47B7CA
:10B51C00B989DD35D3048037306EF237846E32381A
:10B52C004B8D6B38443C9238EE8AAE38BFA5CA3886
:10B53C001E80E638E206013962A10E39C4091C39B5
:10B54C006E3A2939F52D363923DF4239F5484F3912
:10B55C00A0665B398D33673961AB7239F8C97D39B7
:10B56C00B54584390476893932748E39A43E9339C1
:10B57C00DFD3973986329C395B59A0394047A439BF
:10B58C0033FBA7395574AB39E4B1AE393AB3B139A1
:10B59C00D477B4394AFFB6395249B939C155BB3998
:10B5AC008824BD39B4B5BE396F09C039FD1FC13906
:10B5BC00BFF9C1392E97C239DDF8C239791FC339A9
:10B5CC00C50BC3399EBEC239F438C239CF7BC139E1
:10B5DC004C88C039995FBF39FA02BE39C373BC3984
:10B5EC005AB3BA3934C3B839D6A4B639D359B439E5
:10B5FC00CAE3B1396844AF39637DAC397C90A93961
:10B60C007D7FA639384CA33985F89F3944869C39FF
:10B61C0058F79839A84D9539208B9139ACB18D39A3
:10B62C003AC38939B8C1853912AF8139681A7B3967
:10B63C000EBC7239E0466A399FBE6139052759390B
:10B64C00BB83503961D8473987283F39AC773639B5
:10B65C003DC92D3996202539FD801C39A3ED1339B0
:10B66C00A3690B3901F802394F37F538CFAEE438FE
:10B67C00F15BD438ED43C438C36BB4383CD8A43830
:10B68C00E48D95380E918638A4CB6F381220533840
:10B69C00A02637380BE61B38966401380850CF3794
:10B6AC003B6B9D37B7485A371210FA36D38E0C368F
:10B6BC00AE5B4DB6675C06B730E355B7CEF190B7CD
:10B6CC00E92BB5B7E99DD7B7AF46F8B7FF920BB8E2
:10B6DC003B1E1AB8C3C527B8BB8A34B8AB6E40B88A
:10B6EC007C734BB8789B55B844E95EB8DF5F67B89C
:10B6FC009C026FB81FD575B85CDB7BB8C78C80B863
:10B70C001CCA82B811A884B8262986B8FB4F87B802
:10B71C004B1F88B8E89988B8BEC288B8CB9C88B84B
:10B72C00242B88B8EC7087B8557186B8A12F85B8D2
:10B73C001AAF83B815F381B8DAFD7FB806AC7BB8C5
:10B74C0077F776B8F8E671B855816CB855CD66B810
:10B75C00B8D160B833955AB86D1E54B8FE734DB855
:10B76C00669C46B8129E3FB8537F38B85D4631B8D8
:10B77C0047F929B8069E22B86A3A1BB81FD413B8E9
:10B78C00A8700CB85F1505B8E18EFBB7BE17EDB706
:10B79C00F8CEDEB7D5BDD0B736EDC2B79B65B5B721
:10B7AC001A2FA8B763519BB7BED38EB707BD82B70C
:10B7BC005D276EB776BB57B78D4142B7FEC32DB729
:10B7CC004D4C1AB729E307B7D420EDB62CB6CCB63E
:10B7DC00C492AEB667C192B6949672B6257044B652
:10B7EC00B91B1BB61245EDB5C215AEB5BF6071B530
:10B7FC007A2C1AB52D0DADB42D7219B4321C19B3A7
:10B80C00009E0529000000003A1C99B625C819B7FE
:10B81C00378867B772D39AB7A0FDC1B7752DE9B752
:10B82C00882608B8F4A21BB86C002FB8103342B8A5
:10B83C00BE2E55B813E767B8704F7AB8832D86B80B
:10B84C006AFE8EB8DC9397B833E79FB8C2F1A7B8FD
:10B85C00CFACAFB89D11B7B86D19BEB881BDC4B827
:10B86C0023F7CAB8A9BFD0B87510D6B8FEE2DAB8BB
:10B87C00D130DFB898F3E2B81C25E6B84BBFE8B876
:10B88C003ABCEAB82D16ECB89AC7ECB82BCBECB88E
:10B89C00C41BECB88BB4EAB8E690E8B882ACE5B857
:10B8AC005803E2B8B291DDB82B54D8B8B647D2B829
:10B8BC00A169CBB89AB7C3B8AF2FBBB857D0B1B842
:10B8CC006F98A7B841879CB8879C90B86DD883B8FF
:10B8DC0023776CB8168E4FB8D3F830B86DBB10B850
:10B8EC00E7B5DDB7E0BA96B7AD2719B74721AF3347
:10B8FC00DEF72137743EA4378A60FA3701A5293860
:10B90C005570573812428338A9689B38E323B438F2
:10B91C00366BCD389C35E738CABC003995160E39D4
:10B92C00F9A21B39875C2939993D3739564045397D
:10B93C00AE5E53396292613903D56F39F41F7E398B
:10B94C0038368639C5598D3917779439948A9B398D
:10B95C009390A2395A85A9392765B0392A2CB73961
:10B96C008DD6BD397160C439F2C5CA392A03D139B3
:10B97C002F14D7391BF5DC3909A2E2391817E8392D
:10B98C006F50ED393E4AF239BE00F7393770FB394A
:10B99C000295FF39C2B5013A1F78033ADE0F053A1A
:10B9AC00577B063AEAB8073A08C7083A31A4093A6D
:10B9BC00F54E0A3AF4C50A3AE3070B3A88130B3AE8
:10B9CC00BEE70A3A77830A3AB9E5093AA20D093A71
:10B9DC006AFA073A5EAB063AE81F053A8C57033A07
:10B9EC00E851013A701DFE39A41BF939569EF33902
:10B9FC00ADA5ED390A32E7390C44E03991DCD83980
:10BA0C00B8FCD039DDA5C8399DD9BF39D699B6391E
:10BA1C00A8E8AC3973C8A239D93B9839BB458D39E4
:10BA2C003CE9813981536C39D61554393C213B3969
:10BA3C00F67D2139BF3407399A9DD8389AABA13895
:10BA4C007A4F5338919CC237210394B6E9EE07B86C
:10BA5C0007CE7EB87B76BBB8BA0CF8B8F6871AB9A5
:10BA6C00C93239B946F957B994CD76B9C9D08AB922
:10BA7C0070339AB97387A9B96CC5B8B9DCE5C7B985
:10BA8C0034E1D6B9D2AFE5B90A4AF4B9125401BAC5
:10BA9C00336108BA88480FBA340616BA5A961CBADB
:10BAAC0025F522BAC41E29BA700F2FBA6CC334BA4A
:10BABC0009373ABAA4663FBAAC4E44BAA2EB48BABC
:10BACC001C3A4DBAC73651BA67DE54BADC2D58BA97
:10BADC0020225BBA4DB85DBA9DED5FBA6DBF61BAFD
:10BAEC003B2B63BAAC2E64BA8DC764BAD4F364BA78
:10BAFC00A0B164BA3DFF63BA25DB62BA024461BAF5
:10BB0C00AC385FBA2FB85CBAC9C159BAEE5456BA40
:10BB1C00457152BAAC164EBA394549BA39FD43BAD9
:10BB2C00343F3EBAE80B38BA506431BAA0492ABA4D
:10BB3C0046BD22BAECC01ABA785612BA088009BAB5
:10BB4C00F83F00BABB31EDB90E1BD9B9FF41C4B9EE
:10BB5C0014ADAEB9436398B9F56B81B9FC9D53B97B
:10BB6C00402923B91716E3B803567BB8D1B831B7BF
:10BB7C00843C26383C2CBE3849641539D4634C3986
:10BB8C0025FF81394B0E9E398853BA39C2C2D6393A
:10BB9C009B4FF339BDF6073AC747163A6994243AD6
:10BBAC000CD6323A0206413A8F1D4F3AE8155D3AEF
:10BBBC0035E86A3A9A8D783A99FF823A0D9B893A20
:10BBCC00B615903A266C963AF29A9C3AB39EA23AE3
:10BBDC000C74A83AA817AE3A3B86B33A89BCB83A6B
:10BBEC0061B7BD3AA473C23A43EEC63A4224CB3A8B
:10BBFC00BB12CF3ADEB6D23AF30DD63A5D15D93A2E
:10BC0C0098CADB3A3E2BDE3A0735E03ACDE5E13A0D
:10BC1C00883BE33A5534E43A74CEE43A4B08E53ABF
:10BC2C0066E0E43A7A55E43A6366E33A2912E23A7A
:10BC3C00FF57E03A4237DE3A7FAFDB3A6EC0D83A74
:10BC4C00F769D53A31ACD13A6287CD3A02FCC83AA1
:10BC5C00B90AC43A5EB4BE3AFCF9B83ACFDCB23A8F
:10BC6C00445EAC3AFA7FA53AC0439E3A99AB963AF9
:10BC7C00B7B98E3A7E70863A00A57B3A03C5693A0D
:10BC8C00E846573AF030443AB789303A2F581C3AC4
:10BC9C00A5A3073A72E7E439B7A0B9399E838D3969
:10BCAC0082424139462DCC388B811A372CC7A7B824
:10BCBC00E26532B9A9DB88B9C7D7B8B9B512E9B909
:10BCCC00BDBB0CBA66F824BA83343DBA236555BAA9
:10BCDC00347F6DBAC5BB82BA73A18EBAFA6A9ABAAE
:10BCEC00AD12A6BAD992B1BACFE5BCBADC05C8BAC6
:10BCFC0058EDD2BA9E96DDBA14FCE7BA2F18F2BAF8
:10BD0C0071E5FBBA37AF02BBEA3E07BB309F0BBBFA
:10BD1C0079CD0FBB41C713BB148A17BB91131BBB47
:10BD2C0067611EBB5B7121BB454124BB16CF26BB93
:10BD3C00D41829BB9F1C2BBBB0D82CBB5C4B2EBB87
:10BD4C0015732FBB674E30BBFFDB30BBA81A31BB62
:10BD5C004D0931BBFCA630BBE2F22FBB4FEC2EBB26
:10BD6C00B9922DBBB7E52BBB05E529BB869027BB4C
:10BD7C0042E824BB65EC21BB459D1EBB5CFB1ABB9A
:10BD8C004B0717BBDEC112BB032C0EBBD24609BB43
:10BD9C008C1304BB2C27FDBAFB90F1BAEE67E5BA05
:10BDAC00BAAFD8BA606CCBBA2DA2BDBAB755AFBA80
:10BDBC00DF8BA0BACA4991BAE79481BACBE562BAD3
:10BDCC0075D341BA33FF1FBAD4EBFAB9F389B4B9BE
:10BDDC00CBE859B9AF1E91B8947B953862C25F39E4
:10BDEC005E20BB39727E033A48AB293A5006503A72
:10BDFC00E07E763A09828E3A64C2A13AD8F7B43A18
:10BE0C00AB19C83A0F1FDB3A2BFFED3A8F58003BAA
:10BE1C00FE95093B70B3123B71AC1B3B937C243BEE
:10BE2C006A1F2D3B9590353BBBCB3D3B90CC453BA6
:10BE3C00D48E4D3B590E553B02475C3BC634633B9D
:10BE4C00B3D3693BEE1F703BB815763B6BB17B3BB4
:10BE5C00C277803B4EE6823BB722853B6F2B873BFC
:10BE6C00F8FE883BE99B8A3BED008C3BC62C8D3B56
:10BE7C004A1E8E3B67D48E3B224E8F3B9C8A8F3B57
:10BE8C0009898F3BBD488F3B21C98E3BBC098E3B3A
:10BE9C00310A8D3B3BCA8B3BB5498A3B9688883B24
:10BEAC00F186863BF544843BF2C2813BA7027E3B84
:10BEBC004401783B0B83713B86896A3B7B16633B61
:10BECC00ED2B5B3B18CC523B74F9493BB4B6403B71
:10BEDC00C406373BC9EC2C3B216C223B6188173BD9
:10BEEC0054450C3BFBA6003B1663E93AD6D2D03A3C
:10BEFC0065A6B73A56E79D3A929F833AC0B2513A3B
:10BF0C00AE3E1B3A8AF1C739C0DD2F3922E54AB85B
:10BF1C00F6C18BB90B11FFB9778C39BAEAD373BA66
:10BF2C00CB2297BAEF63B4BA6AA0D1BA27CBEEBAD8
:10BF3C007AEB05BB455B14BB4AAE22BBD7DD30BBED
:10BF4C003BE33EBBC4B74CBBC4545ABB97B367BBB3
:10BF5C009FCD74BB27CE80BB920C87BBDC1E8DBBE8
:10BF6C00DB0193BB70B298BB8C2D9EBB3270A3BB14
:10BF7C007177A8BB7040ADBB68C8B1BBA70CB6BB92
:10BF8C00940ABABBAEBFBDBB8F29C1BBE945C4BBCC
:10BF9C009012C7BB708DC9BB99B4CBBB3986CDBBD6
:10BFAC00A100CFBB4222D0BBB3E9D0BBB055D1BBB3
:10BFBC001965D1BBF516D1BB736AD0BBE95ECFBB9B
:10BFCC00D6F3CDBBE428CCBBE5FDC9BBD672C7BB51
:10BFDC00DF87C4BB543DC1BBB593BDBBAB8BB9BBF9
:10BFEC000D26B5BBDF63B0BB4E46ABBBB6CEA5BB17
:10BFFC009DFE9FBBB4D799BBD95B93BB138D8CBBF8
:10C00C00946D85BB6DFF7BBB028C6CBB3E865CBBB1
:10C01C00CCF34BBBA0DA3ABBFC4029BB6C2D17BB55
:10C02C00C1A604BB2568E3BA70B9BCBA965095BAE0
:10C03C00837A5ABA231F09BA8CC05AB99D84E53841
:10C04C00B0C0E139CCBB453A768F8D3A8F72B83A95
:10C05C009D74E33A6A41073B17C51C3BBE3B323B20
:10C06C00B49B473B41DB5C3BA1F0713B0669833BD6
:10C07C00DCBA8D3BEEE8973B5EEEA13B50C6AB3B8A
:10C08C00F46BB53B81DABE3B3D0DC83B7BFFD03B2F
:10C09C00A1ACD93B2610E23B9825EA3B9DE8F13B4D
:10C0AC00F354F93B3B33003C908C033C85B4063C89
:10C0BC0037A9093CD7680C3CA9F10E3C0242113C53
:10C0CC005058133C1433153CE8D0163C7C30183CCB
:10C0DC009A50193C23301A3C15CE1A3C85291B3C2E
:10C0EC00A6411B3CC7151B3C52A51A3CD0EF193C72
:10C0FC00E5F4183C55B4173C032E163CED61143C8A
:10C10C003550123C19F90F3CF85C0D3C4F7C0A3C45
:10C11C00BB57073CFBEF033CEB45003C11B5F83B30
:10C12C00DD5DF03BB288E73B4438DE3B856FD43BAA
:10C13C00A531CA3B0E82BF3B6664B43B8CDCA83B8A
:10C14C0098EE9C3BDA9E903BD7F1833B93D86D3BAA
:10C15C003D26533BE7D6373B2EF51B3B0D18FF3ADC
:10C16C007B4DC53AE7A18A3A585A1E3ACE3D18394A
:10C17C00D6D5A6B9CFE14DBAAC90A4BA657AE2BADD
:10C18C00AC4910BB37602FBB24734EBBA5746DBB81
:10C19C00682B86BBD48595BB90C2A4BB94DAB3BB89
:10C1AC00D4C6C2BB4880D1BBEEFFDFBBCB3EEEBBDF
:10C1BC00F135FCBB40EF04BCD4980BBC5A1412BC38
:10C1CC00825E18BC09741EBCBC5124BC7AF429BC18
:10C1DC0034592FBCED7C34BCC25C39BCE2F53DBC9F
:10C1EC00974542BC464946BC6DFE49BCA7624DBC56
:10C1FC00B07350BC5F2F53BCAE9355BCB99E57BCAB
:10C20C00BD4E59BC1EA25ABC61975BBC362D5CBCA2
:10C21C0070625CBC0C365CBC2EA75BBC25B55ABCF2
:10C22C006B5F59BCA2A557BC9A8755BC4D0553BC36
:10C23C00E31E50BCAFD44CBC332749BC1C1745BCC7
:10C24C0046A540BCB9D23BBCAAA036BC7E1031BCC2
:10C25C00C3232BBC37DC24BCC33B1EBC7C4417BCA7
:10C26C00A3F80FBCA35A08BC116D00BC5C65F0BBF5
:10C27C00C15CDFBB72C6CDBBDBA8BBBBB50AA9BB1F
:10C28C0001F395BB0A6982BBB4E85CBB843934BB4F
:10C29C009ED40ABB2895C1BAB0B158BA57B930B9B7
:10C2AC006C18023AE6EC983AD265F13AA628253B8E
:10C2BC0088C4513B31737E3B8490953B22DDAB3B74
:10C2CC007B15C23B872FD83B3221EE3B32F0013C31
:10C2DC007FB10C3C724F173C01C5213C270D2C3C07
:10C2EC00E522363C4801403C67A3493C6A04533C78
:10C2FC00871F5C3C08F0643C4C716D3CCA9E753CDD
:10C30C0011747D3C6776823C6502863CF75B893C08
:10C31C0024818C3C03708F3CC026923C9AA3943CA5
:10C32C00E5E4963C0CE9983C91AE9A3C0C349C3C70
:10C33C002F789D3CC6799E3CB6379F3C00B19F3C04
:10C34C00BFE49F3C2CD29F3C9D789F3C84D79E3C65
:10C35C0073EE9D3C1ABD9C3C46439B3CE580993C4E
:10C36C000676973CD622953CA287923CDAA48F3C69
:10C37C000B7B8C3CE60A893C3A55853CF95A813C4E
:10C38C00673A7A3C363A713C04B8673CB5B65D3CCA
:10C39C006B39533C8843483CABD83C3CB1FC303CFB
:10C3AC00B1B3243CFE01183C22EC0A3CC4EDFA3B30
:10C3BC006D4EDF3B9C04C33B141BA63BF99C883B96
:10C3CC009E2B553BE622183B6370B43A6824DC394B
:10C3DC008A790FBACEACC7BAC24824BB3B1A65BB2C
:10C3EC00931793BBB6B5B3BB5159D4BB01F4F4BB93
:10C3FC00A3BB0ABC3EEA1ABC78FE2ABCEDF03ABCE0
:10C40C0035BA4ABCE3525ABC90B369BCD4D478BC9C
:10C41C00AAD783BCDE1D8BBC633992BCA12699BC08
:10C42C0007E29FBC1368A6BC4FB5ACBC54C6B2BCEB
:10C43C00CD97B8BC7826BEBC246FC3BCBA6EC8BC42
:10C44C003722CDBCB286D1BC5C99D5BC8357D9BC44
:10C45C0091BEDCBC0FCCDFBCA57DE2BC1FD1E4BC23
:10C46C006AC4E6BC9755E8BCDC82E9BC974AEABCD6
:10C47C004CABEABCA8A3EABC8232EABCDA56E9BCF3
:10C48C00DF0FE8BCE85CE6BC7C3DE4BC4EB1E1BC33
:10C49C0042B8DEBC6752DBBCFF7FD7BC7B41D3BC50
:10C4AC007A97CEBCCF82C9BC7C04C4BCB31DBEBCC5
:10C4BC00D9CFB7BC821CB1BC7405AABCA48CA2BCDD
:10C4CC003AB49ABC8B7E92BC1DEE89BCA50581BC8E
:10C4DC000C906FBCA2705CBC88B348BC915F34BC40
:10C4EC00E87B1FBC0B100ABC9747E8BB937EBBBB19
:10C4FC00E7D58DBB06BE3EBBA8AFC0BA2C4F1EB74E
:10C50C00D190C03A3835423B0B80923B0C40C43B37
:10C51C00C345F63BF83D143C7D662D3C7C91463C76
:10C52C00DBB35F3C5EC2783CD8D8883C303B953C52
:10C53C007682A13CE1A8AD3CA4A8B93CEC7BC53CFF
:10C54C00EA1CD13CCD85DC3CCAB0E73C1D98F23CE2
:10C55C000B36FD3C72C2033D84BF083D738F0D3D0D
:10C56C00802F123DF89C163D33D51A3D97D51E3DB4
:10C57C00999B223DBC24263D976E293DD1762C3DBE
:10C58C00243B2F3D61B9313D6FEF333D48DB353DE9
:10C59C00037B373DCCCC383DEECE393DCC7F3A3D9C
:10C5AC00E5DD3A3DD7E73A3D609C3A3D59FA393DD5
:10C5BC00BF00393DAEAE373D6503363D46FE333DDB
:10C5CC00D49E313DBAE42E3DC5CF2B3DE75F283DCF
:10C5DC003B95243D0070203D9DF01B3DA117173D60
:10C5EC00C0E5113DDA5B0C3DF57A063D4044003D5B
:10C5FC002672F33CDFB5E53CFD56D73C2659C83CCA
:10C60C0051C0B83CC790A83C22CF973C4C80863C8C
:10C61C000153693C92A0443CFDF41E3C1EB9F03B16
:10C62C005AC8A13B5465223BD6CFEBB79AEB28BB3B
:10C63C00E94CA9BBA951FFBBC2312BBC713057BC13
:10C64C00CCC981BCB92498BCDD9FAEBCE131C5BC62
:10C65C0033D1DBBC0C74F2BC398804BD1FCE0FBDCA
:10C66C008C061BBD402C26BDE53931BD162A3CBDC0
:10C67C005AF746BD2A9C51BDF1125CBD0D5666BDE4
:10C68C00D45F70BD8F2A7ABD42D881BDF87586BD46
:10C69C0087EB8ABD0C368FBDA25293BD663E97BD0B
:10C6AC0077F69ABDF6779EBD07C0A1BDD3CBA4BDCE
:10C6BC008998A7BD5B23AABD8669ACBD4C68AEBD8D
:10C6CC00FA1CB0BDE584B1BD6E9DB2BD0164B3BDB5
:10C6DC0016D6B3BD32F1B3BDEBB2B3BDE118B3BDE9
:10C6EC00C820B2BD64C8B0BD870DAFBD1AEEACBDDD
:10C6FC001668AABD8979A7BD9420A4BD6E5BA0BDA8
:10C70C0064289CBDDB8597BD4B7292BD48EC8CBDFB
:10C71C007CF286BDAB8380BD653D73BD118564BD68
:10C72C007DDC54BD034244BD33B432BDD13120BD98
:10C73C00DFB90CBD2697F0BCBDCCC5BCDA1399BCD7
:10C74C008FD854BC1659E7BB56516ABAEE76B43B37
:10C75C00D2F1463CE3BC9B3C15E7D53C3BFA083D8B
:10C76C00C3F0273D26D5473D2DA5683D332F853D8C
:10C77C00137F963DC340A83DB372BA3D3713CD3DF0
:10C78C008620E03DBE98F33DEFBC033EE6E00D3E57
:10C79C002A37183E93BE223EEF752D3EFB5B383E8A
:10C7AC006C6F433EEAAE4E3E11195A3E71AC653E7B
:10C7BC009267713EEF487D3E7DA7843E0EBC8A3E5B
:10C7CC005AE1903E8B16973EC95A9D3E37ADA33E1B
:10C7DC00F30CAA3E1A79B03EC4F0B63E0673BD3EC9
:10C7EC00F3FEC33E9A93CA3E0A30D13E4DD3D73E98
:10C7FC006E7CDE3E742AE53E67DCEB3E4C91F23EED
:10C80C002848F93E0000003FEC5B033F5AB7063F57
:10C81C00CD110A3FC66A0D3FC9C1103F5916143FCE
:10C82C00FB67173F33B61A3F86001E3F7D46213FFC
:10C83C009E87243F73C3273F86F92A3F65292E3FE5
:10C84C009B52313FBA74343F538F373FF9A13A3F73
:10C85C0041AC3D3FC4AD403F1BA6433FE494463F33
:10C86C00BC79493F45544C3F25244F3F01E9513F8A
:10C87C0084A2543F5B50573F36F2593FC6875C3F0A
:10C88C00C4105F3FE88C613FEFFB633F995D663FEF
:10C89C00AAB1683FE8F76A3F1E306D3F1A5A6F3FE6
:10C8AC00AD75713FAE82733FF480753F5C70773F1E
:10C8BC00C750793F19227B3F39E47C3F12977E3F6A
:10C8CC004A1D803F59E7803FB1A9813F4F64823FA9
:10C8DC003317833F5DC2833FCF65843F8F01853F14
:10C8EC00A295853F1022863FE4A6863F2824873FE9
:10C8FC00EB99873F3B08883F286F883FC5CE883F20
:10C90C002527893F5E78893F86C2893FB7058A3FD4
:10C91C0009428A3F99778A3F81A68A3FE2CE8A3FB5
:10C92C00D8F08A3F860C8B3F0D228B3F8E318B3F8C
:10C93C002F3B8B3F133F8B3F613D8B3F40368B3FF3
:10C94C00D7298B3F4E188B3FD0018B3F85E68A3F12
:10C95C0098C68A3F36A28A3F89798A3FBD4C8A3F66
:10C96C00001C8A3F7FE7893F67AF893FE673893FA9
:10C97C002A35893F61F3883FB8AE883F6067883FAE
:10C98C00841D883F54D1873FFF82873FB032873F59
:10C99C0098E0863FE18C863FBB37863F51E1853F6F
:10C9AC00CF89853F6231853F34D8843F717E843F87
:10C9BC004224843FD0C9833F456F833FC814833FD3
:10C9CC007FBA823F9360823F2707823F61AE813FEF
:10C9DC006356813F52FF803F4DA9803F7654803F84
:10C9EC00EC00803F9B5D7F3F6FBC7E3F8E1E7E3F89
:10C9FC002C847D3F7EED7C3FB45A7C3FFECB7B3F4D
:10CA0C0087417B3F7ABB7A3FFD397A3F37BD793F0F
:10CA1C004845793F51D2783F6F64783FBCFB773FF4
:10CA2C005198773F423A773FA4E1763F868E763F26
:10CA3C00F640763F00F9753FACB6753F027A753F0C
:10CA4C000443753FB411753F13E6743F1CC0743F2B
:10CA5C00CA9F743F1585743FF46F743F5A60743FDE
:10CA6C003A56743F8351743F2252743F0358743FBB
:10CA7C001163743F3373743F5088743F4CA2743FFE
:10CA8C0009C1743F6AE4743F4E0C753F9338753F8F
:10CA9C001769753FB49D753F46D6753FA712763F13
:10CAAC00AD52763F3196763F08DD763F0927773FCA
:10CABC000874773FD9C3773F5016783F3F6B783F68
:10CACC007AC2783FD21B793F1977793F21D4793FCD
:10CADC00BB327A3FB9927A3FECF37A3F27567B3FD1
:10CAEC0039B97B3FF71C7C3F31817C3FBAE57C3FF9
:10CAFC00664A7D3F08AF7D3F74137E3F80777E3F53
:10CB0C0000DB7E3FCB3D7F3FB89F7F3F4F00803F98
:10CB1C002C30803F5F5F803FD68D803F7FBB803F56
:10CB2C0048E8803F2014813FF83E813FBF68813F39
:10CB3C006791813FE1B8813F20DF813F1704823F3D
:10CB4C00B827823FFA49823FD16A823F338A823FBB
:10CB5C0016A8823F72C4823F3FDF823F77F8823F44
:10CB6C001210833F0B26833F5E3A833F064D833F73
:10CB7C00005E833F4A6D833FE17A833FC586833FE6
:10CB8C00F690833F7499833F3FA0833F5BA5833F1F
:10CB9C00CAA8833F8FAA833FADAA833F2AA9833FAC
:10CBAC000BA6833F56A1833F129B833F4593833F44
:10CBBC00F789833F307F833FFA72833F5E65833F03
:10CBCC006556833F1B46833F8934833FBB21833F9C
:10CBDC00BD0D833F9AF8823F5FE2823F19CB823FC3
:10CBEC00D5B2823FA099823F887F823F9B64823F6F
:10CBFC00E648823F772C823F5F0F823FAAF1813F4C
:10CC0C0067D3813FA6B4813F7495813FE275813F24
:10CC1C00FD55813FD435813F7715813FF4F4803F3A
:10CC2C0059D4803FB6B3803F1893803F8D72803FBC
:10CC3C002452803FEB31803FEF11803F7BE47F3FFC
:10CC4C00C8A57F3FDD677F3FD42A7F3FC6EE7E3F7E
:10CC5C00CAB37E3FF7797E3F63417E3F240A7E3F15
:10CC6C004FD47D3FF89F7D3F316D7D3F0D3C7D3F27
:10CC7C009D0C7D3FF2DE7C3F1AB37C3F25897C3FC7
:10CC8C0020617C3F173B7C3F16177C3F28F57B3F90
:10CC9C0056D57B3FA9B77B3F289C7B3FD9827B3FF6
:10CCAC00C36B7B3FE9567B3F50447B3FF9337B3F63
:10CCBC00E6257B3F171A7B3F8C107B3F44097B3F5B
:10CCCC003B047B3F6F017B3FDA007B3F78027B3F6D
:10CCDC0042067B3F320C7B3F3F147B3F601E7B3F09
:10CCEC008B2A7B3FB8387B3FD9487B3FE35A7B3F4D
:10CCFC00CA6E7B3F80847B3FF79B7B3F20B57B3F9D
:10CD0C00EDCF7B3F4DEC7B3F300A7C3F85297C3F50
:10CD1C003B4A7C3F406C7C3F828F7C3FEEB37C3F38
:10CD2C0072D97C3FFBFF7C3F74277D3FCB4F7D3F0F
:10CD3C00EC787D3FC2A27D3F3ACD7D3F3FF87D3FF1
:10CD4C00BE237E3FA14F7E3FD57B7E3F46A87E3FD4
:10CD5C00DFD47E3F8D017F3F3B2E7F3FD75A7F3FF5
:10CD6C004D877F3F8AB37F3F7ADF7F3F8605803FC9
:10CD7C00161B803F6530803F6A45803F1D5A803FBF
:10CD8C00746E803F6982803FF395803F0BA9803F92
:10CD9C00A9BB803FC6CD803F5DDF803F65F0803F03
:10CDAC00DA00813FB510813FF11F813F892E813F11
:10CDBC00773C813FB849813F4856813F2162813F92
:10CDCC00416D813FA577813F4B81813F2E8A813F09
:10CDDC004E92813FA999813F3EA0813F0BA6813F96
:10CDEC000FAB813F4BAF813FBFB2813F6AB5813FF3
:10CDFC004EB7813F6CB8813FC5B8813F5AB8813F6F
:10CE0C002FB7813F44B5813F9DB2813F3DAF813FFC
:10CE1C0027AB813F5FA6813FE7A0813FC59A813F49
:10CE2C00FD93813F938C813F8B84813FEC7B813FD1
:10CE3C00BA72813FFA68813FB25E813FE953813F0C
:10CE4C00A348813FE83C813FBD30813F2924813F8D
:10CE5C003217813FDE09813F36FC803F3FEE803F39
:10CE6C0000E0803F80D1803FC7C2803FDBB3803F72
:10CE7C00C3A4803F8695803F2B86803FBA76803F47
:10CE8C003A67803FB057803F2548803F9F38803FAE
:10CE9C002429803FBC19803F6D0A803F7CF67F3F80
:10CEAC0069D87F3FAFBA7F3F599D7F3F74807F3FEA
:10CEBC000B647F3F29487F3FDA2C7F3F27127F3F4F
:10CECC001CF87E3FC2DE7E3F23C67E3F47AE7E3FD0
:10CEDC0037977E3FFC807E3F9D6B7E3F21577E3F88
:10CEEC008F437E3FEF307E3F441F7E3F960E7E3F4A
:10CEFC00E8FE7D3F40F07D3FA1E27D3F0FD67D3FB8
:10CF0C008CCA7D3F1CC07D3FBFB67D3F78AE7D3F58
:10CF1C0048A77D3F2FA17D3F2C9C7D3F41987D3FB5
:10CF2C006B957D3FA9937D3FF9927D3F5A937D3F51
:10CF3C00C8947D3F3F977D3FBE9A7D3F3E9F7D3F8E
:10CF4C00BCA47D3F34AB7D3F9FB27D3FF8BA7D3FA3
:10CF5C0039C47D3F5DCE7D3F5BD97D3F2EE57D3F66
:10CF6C00CEF17D3F33FF7D3F560D7E3F2F1C7E3F24
:10CF7C00B52B7E3FE03B7E3FA74C7E3F015E7E3F64
:10CF8C00E66F7E3F4B827E3F28957E3F73A87E3FA7
:10CF9C0023BC7E3F2ED07E3F8AE47E3F2EF97E3F1F
:10CFAC000F0E7F3F25237F3F64387F3FC44D7F3F6B
:10CFBC003B637F3FBF787F3F468E7F3FC7A37F3F5A
:10CFCC0038B97F3F91CE7F3FC8E37F3FD4F87F3F96
:10CFDC00D606803F2411803F4F1B803F5425803F55
:10CFEC002E2F803FDA38803F5342803F974B803F53
:10CFFC00A154803F6D5D803FFA65803F436E803F5A
:10D00C004676803F007E803F6E85803F8D8C803FD2
:10D01C005C93803FD899803FFF9F803FCFA5803F96
:10D02C0046AB803F64B0803F26B5803F8CB9803FD3
:10D03C0094BD803F3DC1803F88C4803F73C7803F13
:10D04C00FEC9803F29CC803FF4CD803F5FCF803F2D
:10D05C006AD0803F17D1803F65D1803F56D1803F49
:10D06C00EAD0803F22D0803F01CF803F86CD803FE9
:10D07C00B5CB803F8DC9803F13C7803F46C4803FEE
:10D08C002AC1803FC0BD803F0BBA803F0DB6803FA8
:10D09C00C8B1803F40AD803F77A8803F70A3803FF0
:10D0AC002E9E803FB298803F0293803F1F8D803F21
:10D0BC000D87803FCE80803F677A803FDA73803F58
:10D0CC002A6D803F5C66803F725F803F6F58803F67
:10D0DC005751803F2E4A803FF642803FB33B803F02
:10D0EC006834803F192D803FC925803F7A1E803FD0
:10D0FC003217803FF10F803FBC08803F9601803F84
:10D10C0002F57F3F02E77F3F30D97F3F93CB7F3FD4
:10D11C0030BE7F3F0CB17F3F2DA47F3F97977F3F61
:10D12C004E8B7F3F597F7F3FBB737F3F78687F3F3C
:10D13C00945D7F3F13537F3FF9487F3F493F7F3FCB
:10D14C0007367F3F342D7F3FD4247F3FEA1C7F3F3F
:10D15C0076157F3F7D0E7F3FFF077F3FFD017F3FB1
:10D16C007AFC7E3F76F77E3FF2F27E3FEFEE7E3F1B
:10D17C006DEB7E3F6CE87E3FECE57E3FEDE37E3F62
:10D18C006EE27E3F6FE17E3FEEE07E3FEBE07E3F66
:10D19C0064E17E3F57E27E3FC3E37E3FA6E57E3FE0
:10D1AC00FEE77E3FC8EA7E3F02EE7E3FA9F17E3F5E
:10D1BC00BBF57E3F33FA7E3F10FF7E3F4F047F3F2F
:10D1CC00EA097F3FE00F7F3F2C167F3FCB1C7F3F50
:10D1DC00B9237F3FF22A7F3F71327F3F333A7F3F43
:10D1EC0034427F3F6F4A7F3FE1527F3F835B7F3FFB
:10D1FC0054647F3F4D6D7F3F6A767F3FA77F7F3FB3
:10D20C0000897F3F70927F3FF39B7F3F84A57F3FD8
:10D21C001FAF7F3FBFB87F3F60C27F3FFECB7F3FDA
:10D22C0095D57F3F20DF7F3F9CE87F3F04F27F3F17
:10D23C0054FB7F3F4402803FCF06803F490B803F29
:10D24C00AF0F803F0014803F3A18803F5D1C803F39
:10D25C006520803F5224803F2328803FD52B803F80
:10D26C00692F803FDB32803F2C36803F5A39803F1C
:10D27C00643C803F4A3F803F0A42803FA344803F4A
:10D28C001647803F6149803F844B803F7E4D803FF5
:10D29C004F4F803FF650803F7452803FC853803FC1
:10D2AC00F354803FF355803FC956803F7657803FFB
:10D2BC00F957803F5358803F8558803F8D58803FA9
:10D2CC006E58803F2758803FBA57803F2657803F83
:10D2DC006C56803F8E55803F8C54803F6853803F06
:10D2EC002152803FB950803F314F803F8A4D803F63
:10D2FC00C54B803FE449803FE747803FD045803FA6
:10D30C009F43803F5841803FF93E803F863C803FA1
:10D31C00FF39803F6637803FBB34803F0132803F0E
:10D32C00392F803F652C803F8529803F9B26803F8D
:10D33C00A823803FAF20803FB01D803FAD1A803FB7
:10D34C00A717803F9F14803F9811803F910E803F1C
:10D35C008D0B803F8E08803F9305803F9F02803F5E
:10D36C0065FF7F3F9FF97F3FECF37F3F50EE7F3FA0
:10D37C00CCE87F3F63E37F3F17DE7F3FEAD87F3FF8
:10D38C00DED37F3FF4CE7F3F2ECA7F3F8FC57F3FDA
:10D39C0017C17F3FC8BC7F3FA3B87F3FAAB47F3F74
:10D3AC00DEB07F3F40AD7F3FD1A97F3F92A67F3F4C
:10D3BC0083A37F3FA6A07F3FFB9D7F3F829B7F3F48
:10D3CC003C997F3F2A977F3F4B957F3FA0937F3FB0
:10D3DC0028927F3FE4907F3FD48F7F3FF78E7F3F33
:10D3EC004D8E7F3FD58D7F3F908D7F3F7C8D7F3FD6
:10D3FC00998D7F3FE68D7F3F628E7F3F0D8F7F3F04
:10D40C00E58F7F3FEA907F3F1B927F3F75937F3F75
:10D41C00F9947F3FA5967F3F77987F3F6E9A7F3F29
:10D42C00899C7F3FC69E7F3F24A17F3FA2A37F3F65
:10D43C003DA67F3FF4A87F3FC6AB7F3FB1AE7F3F99
:10D44C00B3B17F3FCAB47F3FF5B77F3F32BB7F3F5D
:10D45C0080BE7F3FDDC17F3F46C57F3FBBC87F3F5E
:10D46C0039CC7F3FBECF7F3F4AD37F3FDBD67F3F58
:10D47C006EDA7F3F02DE7F3F96E17F3F28E57F3FFC
:10D48C00B6E87F3F3EEC7F3FC0EF7F3F3AF37F3FF4
:10D49C00AAF67F3F0FFA7F3F67FD7F3F5900803F21
:10D4AC00F701803F8C03803F1905803F9D06803F2C
:10D4BC001708803F8609803FEB0A803F440C803F71
:10D4CC00920D803FD30E803F0810803F3011803F7B
:10D4DC004B12803F5813803F5814803F4915803FB2
:10D4EC002D16803F0117803FC817803F8018803F62
:10D4FC002919803FC319803F4E1A803FCB1A803FB9
:10D50C00381B803F971B803FE71B803F281C803FC8
:10D51C005B1C803F801C803F961C803F9E1C803F84
:10D52C00991C803F861C803F651C803F381C803FC7
:10D53C00FE1B803FB71B803F641B803F061B803F58
:10D54C009C1A803F271A803FA719803F1D19803FE6
:10D55C008A18803FED17803F4717803F9816803F11
:10D56C00E215803F2415803F5F14803F9313803F6A
:10D57C00C112803FE911803F0C11803F2B10803F7E
:10D58C00450F803F5B0E803F6E0D803F7E0C803FD1
:10D59C008C0B803F980A803FA309803FAD08803FE9
:10D5AC00B607803FC006803FCA05803FD404803F49
:10D5BC00E003803FEE02803FFE01803F1001803F80
:10D5CC002500803F7BFE7F3FB3FC7F3FF3FA7F3F1C
:10D5DC003BF97F3F8DF77F3FE8F57F3F4EF47F3F70
:10D5EC00BFF27F3F3BF17F3FC3EF7F3F57EE7F3F63
:10D5FC00F9EC7F3FA7EB7F3F63EA7F3F2DE97F3F4D
:10D60C0005E87F3FEBE67F3FE0E57F3FE4E47F3FCB
:10D61C00F7E37F3F1AE37F3F4BE27F3F8CE17F3F95
:10D62C00DDE07F3F3CE07F3FACDF7F3F2ADF7F3F89
:10D63C00B8DE7F3F55DE7F3F01DE7F3FBDDD7F3FA4
:10D64C0087DD7F3F5FDD7F3F46DD7F3F3BDD7F3FFB
:10D65C003EDD7F3F4FDD7F3F6CDD7F3F97DD7F3FC2
:10D66C00CEDD7F3F12DE7F3F61DE7F3FBCDE7F3F42
:10D67C0022DF7F3F93DF7F3F0DE07F3F92E07F3FD4
:10D68C0020E17F3FB7E17F3F56E27F3FFDE27F3FE6
:10D69C00ACE37F3F61E47F3F1DE57F3FE0E57F3FEB
:10D6AC00A7E67F3F74E77F3F45E87F3F1AE97F3F5E
:10D6BC00F3E97F3FCFEA7F3FAEEB7F3F8FEC7F3FBD
:10D6CC0071ED7F3F55EE7F3F39EF7F3F1EF07F3F7F
:10D6DC0003F17F3FE7F17F3FCAF27F3FACF37F3F1F
:10D6EC008CF47F3F6AF57F3F46F67F3F1FF77F3F05
:10D6FC00F4F77F3FC6F87F3F95F97F3F5FFA7F3F96
:10D70C0025FB7F3FE6FB7F3FA2FC7F3F59FD7F3F20
:10D71C000BFE7F3FB8FE7F3F5EFF7F3FFFFF7F3FEB
:10D72C004D00803F9700803FDE00803F2101803F0D
:10D73C006201803F9F01803FD901803F0F02803FF3
:10D74C004202803F7202803F9E02803FC702803FB0
:10D75C00ED02803F0F03803F2E03803F4903803F43
:10D76C006103803F7603803F8803803F9703803FAF
:10D77C00A203803FAB03803FB003803FB303803FE5
:10D78C00B303803FB003803FAB03803FA303803FD4
:10D79C009903803F8C03803F7D03803F6C03803F67
:10D7AC005803803F4303803F2C03803F1303803F8B
:10D7BC00F802803FDC02803FBF02803FA002803F26
:10D7CC008002803F5E02803F3C02803F1902803F16
:10D7DC00F501803FD001803FAA01803F8401803F4A
:10D7EC005E01803F3701803F1001803FE900803FA0
:10D7FC00C200803F9B00803F7400803F4D00803F03
:10D80C002600803F0000803F000000000000000068
:10D81C001D2E00000000000000000000791F000019
:10D82C000000000000000000B51C0000491A0000B8
:10D83C00AD1D00004D1A0000E51C000000000000AA
:10D84C0000000000D543000001440000C53D00006D
:10D85C00D14300008D43000099430000B943000000
:10D86C0000000000000000006D15000055230000B2
:10D87C00592300006123000069230000A20000006E
:10D88C00F9A2000083F9A2006E83F9A24E6E83F90F
:10D89C00444E6E8315444E6E2915444EFC29154496
:10D8AC0027FC29155727FC29D15727FCF5D15727D9
:10D8BC0034F5D157DD34F5D1C0DD34F5DBC0DD34C2
:10D8CC0062DBC0DD9562DBC0999562DB3C999562A9
:10D8DC00433C999590433C994190433C0000004255
:10D8EC00C8801F40B8821F400800000000000042A2
:10D8FC00C4801F40B4821F400400000000C00042DE
:10D90C0024801F4014821F401000000000C0004201
:10D91C0028801F4018821F402000000000C00042D9
:10D92C002C801F401C821F404000000000C00042A1
:10D93C0034801F4024821F40000100000040004240
:10D94C0064811F4054831F400004000000400042CB
:10D95C0080811F4070831F40000002000040004285
:10D96C007C811F406C831F4000000100004000427E
:10D97C0068811F4058831F4000080000004000428F
:10D98C003C811F402C831F400100000000400042DE
:10D99C0044811F4034831F400400000000400042BB
:10D9AC0040811F4030831F400200000000400042B5
:10D9BC0048811F4038831F400800000000000042CF
:10D9CC0004811F40F4821F4000000400000000424C
:10D9DC0008811F40F8821F40000008000000004230
:10D9EC0018811F4008831F40000080000000004287
:10D9FC0014811F4004831F400000400000000042BF
:10DA0C0000811F40F0821F40000002000000004215
:10DA1C00FC801F40EC821F4000000100000000420F
:10DA2C0024811F4014831F400000000400000042AA
:10DA3C0028811F4018831F4000000008000000428E
:10DA4C001C811F400C831F4000000001000000429D
:10DA5C0020811F4010831F40000000020000004284
:10DA6C00EC801F40DC821F400010000000000042D0
:10DA7C00F0801F40E0821F400020000000000042A8
:10DA8C0034811F4024831F400000004000000042EE
:10DA9C0038811F4028831F40000000800080004216
:10DAAC0094801F4084821F400000040000C000428C
:10DABC0090801F4080821F40000000800080004248
:10DACC00A8801F4098821F40000080000080004208
:10DADC00A4801F4094821F40000040000040004280
:10DAEC006C811F405C831F400010000000C000428E
:10DAFC0030801F4020821F40800000000040004208
:10DB0C00B0811F40A0831F40000000200040004255
:10DB1C00AC811F409C831F4000000010004000425D
:10DB2C0084811F4074831F400000040000400042A9
:10DB3C0088811F4078831F400000080000000042CD
:10DB4C002C811F401C831F4000000010000000426D
:10DB5C0030811F4020831F40000000200000004245
:10DB6C000C811F40FC821F4000001000000000428E
:10DB7C0010811F4000831F400000200000800042E5
:10DB8C00C8811F40B8831F40008000000080004205
:10DB9C00C4811F40B4831F4000400000008000423D
:10DBAC00C0811F40B0831F40002000000080004255
:10DBBC00BC811F40AC831F4000100000008000425D
:10DBCC00D0811F40C0831F40000002000080004233
:10DBDC00CC811F40BC831F400000010000C00042EC
:10DBEC0074801F4064821F400000000100C000428E
:10DBFC0080801F4070821F400000000800C000425F
:10DC0C0084801F4074821F400000001000C000423E
:10DC1C006C801F405C821F400000400000C000422E
:10DC2C007C801F406C821F400000000400C000423A
:10DC3C0078801F4068821F400000000200C0004234
:10DC4C0088801F4078821F400000002004000000E4
:10DC5C000700000009000000000FC93F000F4940F9
:10DC6C0000CB9640000FC9400053FB4000CB16413F
:10DC7C0000ED2F41000F49410031624100537B41BF
:10DC8C00003A8A4100CB9641005CA34100EDAF41C4
:10DC9C00007EBC41000FC94100A0D5410031E241DA
:10DCAC0000C2EE410053FB4100F20342003A0A422B
:10DCBC000083104200CB164200141D42005C23422C
:10DCCC0000A5294200ED2F4200363642007E3C4230
:10DCDC0000C74242000F494207080C0B06050F0013
:10DCEC000D0E0102838407080C0B06050F000D0EA8
:10DCFC0001028384FFFFFFFFFFFFFFFFFFFF818215
:10DD0C00090A00006472756D6D616368696E650067
:10DD1C00A2000000F9000000830000006E0000006B
:10DD2C004E00000044000000150000002900000017
:10DD3C00FC0000002700000057000000D10000008C
:10DD4C00F500000034000000DD000000C000000001
:10DD5C00DB0000006200000095000000990000004C
:10DD6C003C00000043000000900000004100000057
:10DD7C00FE0000005100000063000000AB0000003A
:10DD8C00DE000000BB000000C500000061000000C8
:10DD9C00B7000000240000006E0000003A000000F4
:10DDAC00420000004D000000D2000000E000000026
:10DDBC0006000000490000002E000000EA000000F0
:10DDCC0009000000D1000000920000001C000000BF
:10DDDC00FE0000001D000000EB0000001C00000015
:10DDEC00B100000029000000A70000003E00000068
:10DDFC00E80000008200000035000000F500000083
:10DE0C002E000000BB000000440000008400000055
:10DE1C00E90000009C0000007000000026000000DB
:10DE2C00B40000005F0000007E0000004100000014
:10DE3C003900000091000000D600000039000000FD
:10DE4C00830000005300000039000000F4000000C3
:10DE5C009C000000840000005F0000008B000000AC
:10DE6C00BD000000F9000000280000003B0000008D
:10DE7C001F000000F800000097000000FF000000E9
:10DE8C00DE00000005000000980000000F000000FC
:10DE9C00EF0000002F000000110000008B000000BC
:10DEAC005A0000000A0000006D0000001F00000076
:10DEBC006D000000360000007E000000CF00000066
:10DECC0027000000CB00000009000000B700000094
:10DEDC004F000000460000003F00000066000000FC
:10DEEC009E0000005F000000EA0000002D00000012
:10DEFC007500000027000000BA000000C7000000F9
:10DF0C00EB000000E5000000F10000007B000000C9
:10DF1C003D0000000700000039000000F700000081
:10DF2C008A0000005200000092000000EA0000008D
:10DF3C006B000000FB0000005F000000B10000005F
:10DF4C001F0000008D0000005D00000008000000B4
:10DF5C0056000000030000003000000046000000E6
:10DF6C00FC0000007B0000006B000000AB00000018
:10DF7C00F0000000CF000000BC00000020000000FA
:10DF8C009A000000F4000000360000001D000000A4
:10DF9C00A9000000E30000009100000061000000F7
:10DFAC005E000000E60000001B00000008000000FE
:10DFBC006500000099000000850000005F00000073
:10DFCC0014000000A00000006800000040000000E9
:10DFDC008D000000FF000000D80000008000000051
:10DFEC004D0000007300000027000000310000000D
:10DFFC00060000000600000015000000560000009E
:10E00C00CA00000073000000A8000000C900000056
:10E01C0060000000E20000007B000000C000000077
:10E02C008C0000006B00000000010000245A00204E
:10E03C001200000000060000242200600A0000000C
:10E04C00000200008C210060950000000007000019
:10E05C00F42000609500000000030000F020006038
:10E06C000000000001030904D8200060000000003B
:10E07C0002030904C020006000000000030309042F
:10E08C00445A0020000000000000000000000000C6
:10E09C000000000000000000000000002C690020BF
:10E0AC0094690020FC6900200000000000000000C2
:10E0BC000000000000000000000000000000000054
:10E0CC000000000000000000000000000000000044
:10E0DC000000000000000000000000000000000034
:10E0EC000000000000000000000000000000000024
:10E0FC000000000000000000000000000000000014
:10E10C000000000000000000000000000000000003
:10E11C0000000000000000000000000000000000F3
:10E12C0000000000000000000000000000000000E3
:10E13C0001000000000000000E33CDAB34126DE680
:10E14C00ECDE05000B0000000000000000000000E9
:10E15C0000000000000000000000000000000000B3
:10E16C0000000000000000000000000000000000A3
:10E17C000000000000000000000000000000000093
:10E18C000000000000000000000000000000000083
:10E19C000000000000000000000000000000000073
:10E1AC000000000000000000000000000000000063
:10E1BC0000000000000000000029DE07007B9A1719
:10E1CC008446002000000000E8030000000000006E
:10E1DC0000003F40D0220060000000000000000062
:10E1EC000000000000000000000000000000000023
:10E1FC000000000000000000000000000000000013
:10E20C000000000000000000000000000000000002
:10E21C0000000000000000000000000000000000F2
:10E22C0000000000000000000000000000000000E2
:10E23C0000000000000000000000000000000000D2
:10E24C0000000000000000000000000000000000C2
:10E25C0000000000000000000000000000000000B2
:10E26C0000000000000000000000000000000000A2
:10E27C000000000000000000000000000000000092
:10E28C000000000000000000000000000000000082
:10E29C000000000000000000000000000000000072
:10E2AC000000000000000000000000000000000062
:10E2BC000000000000000000000000000000000052
:10E2CC000000000000000000000000000000000042
:10E2DC000000000000000000000000000000000032
:10E2EC000000000000000000000000000000000022
:10E2FC000000000000000000000000000000000012
:10E30C008446002000000000E8030000000000002C
:10E31C0000803F40802200600000000000000000F0
:10E32C0000000000000000000000000000000000E1
:10E33C0000000000000000000000000000000000D1
:10E34C0000000000000000000000000000000000C1
:10E35C0000000000000000000000000000000000B1
:10E36C0000000000000000000000000000000000A1
:10E37C000000000000000000000000000000000091
:10E38C000000000000000000000000000000000081
:10E39C000000000000000000000000000000000071
:10E3AC000000000000000000000000000000000061
:10E3BC000000000000000000000000000000000051
:10E3CC000000000000000000000000000000000041
:10E3DC000000000000000000000000000000000031
:10E3EC000000000000000000000000000000000021
:10E3FC000000000000000000000000000000000011
:10E40C000000000000000000000000000000000000
:10E41C0000000000000000000000000000000000F0
:10E42C0000000000000000000000000000000000E0
:10E43C0000000000000000000000000000000000D0
:10E44C008446002000000000E803000000000000EB
:10E45C0000C03F40302200600000000000000000BF
:10E46C0000000000000000000000000000000000A0
:10E47C000000000000000000000000000000000090
:10E48C000000000000000000000000000000000080
:10E49C000000000000000000000000000000000070
:10E4AC000000000000000000000000000000000060
:10E4BC000000000000000000000000000000000050
:10E4CC000000000000000000000000000000000040
:10E4DC000000000000000000000000000000000030
:10E4EC000000000000000000000000000000000020
:10E4FC000000000000000000000000000000000010
:10E50C0000000000000000000000000000000000FF
:10E51C0000000000000000000000000000000000EF
:10E52C0000000000000000000000000000000000DF
:10E53C0000000000000000000000000000000000CF
:10E54C0000000000000000000000000000000000BF
:10E55C0000000000000000000000000000000000AF
:10E56C00000000000000000000000000000000009F
:10E57C00000000000000000000000000000000008F
:10E58C000000000000803B47000048420000803F34
:10E59C00000000000000C040CDCC4C3DCDCCCC3EAA
:10E5AC000000004000803B4700000000000000001D
:10E5BC0000803B4700000000000000000000003F0E
:10E5CC00EC51383E9A99193E0000803F00803B4741
:10E5DC000000000000000000000000000000003FF0
:10E5EC000000000000803B4700000000000000001D
:10E5FC00000000000000003F0000000000803B47CE
:10E60C0000000000000000000000000000000000FE
:10E61C0000000000000000000000000000000000EE
:10E62C000000000000000000000000000000803F1F
:10E63C0000000000000000000000000000803B47CC
:10E64C000000000000007A44F304353F0000000095
:10E65C0000000000000000000000000000000000AE
:10E66C00000000000000803F0000000000000000DF
:10E67C0000803B47000000000000000000803B478A
:10E68C00000000000000000000803B470000803FBD
:10E69C000AD7A33D0000803F00803B4700000000EC
:10E6AC0000000000000000000000003F000000001F
:10E6BC0000803B470000000000000000000000004C
:10E6CC000000003F0000000000803B4700000000FD
:10E6DC0000000000000000000000003F00000000EF
:10E6EC0000803B470000000000000000000000001C
:10E6FC000000003F0000000000803B4700000000CD
:10E70C0000000000000000000000003F00000000BE
:10E71C0000803B47000000000000000000000000EB
:10E72C000000003F0000000000803B47000000009C
:10E73C0000007A44F304353F0000000000000000A4
:10E74C0000000000000000000000000000000000BD
:10E75C000000803F000000000000000000803B47EC
:10E76C00000000000000000000000000000000009D
:10E77C00000000000000000000000000000000008D
:10E78C00000000000000000000000000000000007D
:10E79C00000000000000000000000000000000006D
:10E7AC00000000000000000000000000000000005D
:10E7BC000000000000803B4701000000000000004A
:10E7CC00FFFFFFFFF0680020E05220200000000057
:10E7DC000000000000000000105600201056002021
:10E7EC0018560020185600202056002020560020D5
:10E7FC002856002028560020305600203056002085
:10E80C003856002038560020405600204056002034
:10E81C0048560020485600205056002050560020E4
:10E82C005856002058560020605600206056002094
:10E83C006856002068560020705600207056002044
:10E84C0078560020785600208056002080560020F4
:10E85C0088560020885600209056002090560020A4
:10E86C009856002098560020A0560020A056002054
:10E87C00A8560020A8560020B0560020B056002004
:10E88C00B8560020B8560020C0560020C0560020B4
:10E89C00C8560020C8560020D0560020D056002064
:10E8AC00D8560020D8560020E0560020E056002014
:10E8BC00E8560020E8560020F0560020F0560020C4
:10E8CC00F8560020F8560020005700200057002072
:10E8DC000857002008570020105700201057002020
:10E8EC0018570020185700202057002020570020D0
:10E8FC002857002028570020305700203057002080
:10E90C00385700203857002040570020405700202F
:10E91C0048570020485700205057002050570020DF
:10E92C00585700205857002060570020605700208F
:10E93C00685700206857002070570020705700203F
:10E94C0078570020785700208057002080570020EF
:10E95C00885700208857002090570020905700209F
:10E96C009857002098570020A0570020A05700204F
:10E97C00A8570020A8570020B0570020B0570020FF
:10E98C00B8570020B8570020C0570020C0570020AF
:10E99C00C8570020C8570020D0570020D05700205F
:10E9AC00D8570020D8570020E0570020E05700200F
:10E9BC00E8570020E8570020F0570020F0570020BF
:10E9CC00F8570020F857002000580020005800206D
:10E9DC00085800200858002010580020105800201B
:10E9EC0018580020185800202058002020580020CB
:10E9FC00285800202858002030580020305800207B
:10EA0C00385800203858002040580020405800202A
:10EA1C0048580020485800205058002050580020DA
:10EA2C00585800205858002060580020605800208A
:10EA3C00685800206858002070580020705800203A
:10EA4C0078580020785800208058002080580020EA
:10EA5C00885800208858002090580020905800209A
:10EA6C009858002098580020A0580020A05800204A
:10EA7C00A8580020A8580020B0580020B0580020FA
:10EA8C00B8580020B8580020C0580020C0580020AA
:10EA9C00C8580020C8580020D0580020D05800205A
:10EAAC00D8580020D8580020E0580020E05800200A
:10EABC00E8580020E8580020F0580020F0580020BA
:10EACC00F8580020F8580020005900200059002068
:10EADC000859002008590020105900201059002016
:10EAEC0018590020185900202059002020590020C6
:10EAFC002859002028590020305900203059002076
:10EB0C003859002038590020405900204059002025
:10EB1C0048590020485900205059002050590020D5
:10EB2C005859002058590020605900206059002085
:10EB3C006859002068590020705900207059002035
:10EB4C0078590020785900208059002080590020E5
:10EB5C008859002088590020905900209059002095
:10EB6C009859002098590020A0590020A059002045
:10EB7C00A8590020A8590020B0590020B0590020F5
:10EB8C00B8590020B8590020C0590020C0590020A5
:10EB9C00C8590020C8590020D0590020D059002055
:10EBAC00D8590020D8590020E0590020E059002005
:10EBBC00E8590020E8590020F0590020F0590020B5
:10EBCC00F8590020F8590020005A0020005A002063
:10EBDC00085A0020085A0020FFFFFFFF0000020027
:10EBEC00D84E002012010002EF020140C016890429
:10EBFC0080020102030100000000803F6042A20D70
:10EC0C00000000400C0300000000000000000000A9
:10EC1C0000000000000000000000000000000000E8
:10EC2C0000000000000000000000000000000000D8
:10EC3C0000000000000000000000000000000000C8
:10EC4C0000000000000000000000000000000000B8
:10EC5C0000000000000000000000000000000000A8
:10EC6C000000000000000000000000000000000098
:10EC7C000000000000000000000000000000000088
:10EC8C000000000000000000000000000000000078
:10EC9C000000000000000000000000000000000068
:10ECAC000000000000000000000000000000000058
:10ECBC000000000000000000000000000000000048
:10ECCC000000000000000000000000000000000038
:10ECDC000000000000000000000000000000000028
:10ECEC000000000000000000000000000000000018
:10ECFC000000000000000000000000000000000008
:10ED0C0000000000000000000000000000000000F7
:10ED1C0000000000000000000000000000000000E7
:10ED2C0000000000000000000000000000000000D7
:10ED3C0000000000000000000000000000000000C7
:10ED4C0000000000000000000000000000000000B7
:10ED5C0000000000000000000000000000000000A7
:10ED6C000000000000000000000000000000000097
:10ED7C000000000000000000000000000000000087
:10ED8C000000000000000000000000000000000077
:10ED9C000000000000000000000000000000000067
:10EDAC000000000000000000000000000000000057
:10EDBC000000000000000000000000000000000047
:10EDCC000000000000000000000000000000000037
:10EDDC000000000000000000000000000000000027
:10EDEC000000000000000000000000000000000017
:10EDFC000000000000000000000000000000000007
:10EE0C0000000000000000000000000000000000F6
:10EE1C0000000000000000000000000000000000E6
:10EE2C0000000000000000000000000000000000D6
:10EE3C0000000000000000000000000000000000C6
:10EE4C0000000000000000000000000000000000B6
:10EE5C0000000000000000000000000000000000A6
:10EE6C000000000000000000000000000000000096
:10EE7C000000000000000000000000000000000086
:10EE8C000000000000000000000000000000000076
:10EE9C000000000000000000000000000000000066
:10EEAC000000000000000000000000000000000056
:10EEBC000000000000000000000000000000000046
:10EECC000000000000000000000000000000000036
:10EEDC000000000000000000000000000000000026
:10EEEC000000000000000000000000000000000016
:10EEFC000000000000000000000000000000000006
:10EF0C0000000000000000000000000000000000F5
:10EF1C0000000000000000000000000000000000E5
:10EF2C0000000000000000000000000000000000D5
:10EF3C0000000000000000000000000000000000C5
:10EF4C0000000000000000000000000000000000B5
:10EF5C0000000000000000000000000000000000A5
:10EF6C000000000000000000000000000000000095
:10EF7C000000000000000000000000000000000085
:10EF8C000000000000000000000000000000000075
:10EF9C000000000000000000000000000000000065
:10EFAC000000000000000000000000000000000055
:10EFBC000000000000000000000000000000000045
:10EFCC000000000000000000000000000000000035
:10EFDC000000000000000000000000000000000025
:10EFEC000000000000000000000000000000000015
:10EFFC000000000000000000000000000000000005
:10F00C0000000000000000000000000000000000F4
:10F01C0000000000000000000000000000000000E4
:10F02C0000000000000000000000000000000000D4
:10F03C0000000000000000000000000000000000C4
:10F04C0000000000000000000000000000000000B4
:10F05C0000000000000000000000000000000000A4
:10F06C000000000000000000000000000000000094
:10F07C000000000000000000000000000000000084
:10F08C00FFFFFFFFFFFFFFFFFFFFFFFFFFFFFFFF84
:10F09C00FFFFFFFFFFFFFFFFFFFFFFFFFFFFFFFF74
:10F0AC00FFFFFFFFFFFFFFFFFFFFFFFFFFFFFFFF64
:10F0BC00FFFFFFFFFFFFFFFFFFFFFFFFFFFFFFFF54
:10F0CC00FFFFFFFFFFFFFFFFFFFFFFFFFFFFFFFF44
:10F0DC00FFFFFFFFFFFFFFFFFFFFFFFFFFFFFFFF34
:10F0EC00FFFFFFFFFFFFFFFFFFFFFFFFFFFFFFFF24
:10F0FC00FFFFFFFFFFFFFFFFFFFFFFFFFFFFFFFF14
:10F10C00FFFFFFFFFFFFFFFFFFFFFFFFFFFFFFFF03
:10F11C00FFFFFFFFFFFFFFFFFFFFFFFFFFFFFFFFF3
:10F12C00FFFFFFFFFFFFFFFFFFFFFFFFFFFFFFFFE3
:10F13C00FFFFFFFFFFFFFFFFFFFFFFFFFFFFFFFFD3
:10F14C00FFFFFFFFFFFFFFFFFFFFFFFFFFFFFFFFC3
:10F15C00FFFFFFFFFFFFFFFFFFFFFFFFFFFFFFFFB3
:10F16C00FFFFFFFFFFFFFFFFFFFFFFFFFFFFFFFFA3
:10F17C00FFFFFFFFFFFFFFFFFFFFFFFFFFFFFFFF93
:10F18C00FFFFFFFFFFFFFFFFFFFFFFFFFFFFFFFF83
:10F19C00FFFFFFFFFFFFFFFFFFFFFFFFFFFFFFFF73
:10F1AC00FFFFFFFFFFFFFFFFFFFFFFFFFFFFFFFF63
:10F1BC00FFFFFFFFFFFFFFFFFFFFFFFFFFFFFFFF53
:10F1CC00FFFFFFFFFFFFFFFFFFFFFFFFFFFFFFFF43
:10F1DC00FFFFFFFFFFFFFFFFFFFFFFFFFFFFFFFF33
:10F1EC00FFFFFFFFFFFFFFFFFFFFFFFFFFFFFFFF23
:10F1FC00FFFFFFFFFFFFFFFFFFFFFFFFFFFFFFFF13
:10F20C00FFFFFFFFFFFFFFFFFFFFFFFFFFFFFFFF02
:10F21C00FFFFFFFFFFFFFFFFFFFFFFFFFFFFFFFFF2
:10F22C00FFFFFFFFFFFFFFFFFFFFFFFFFFFFFFFFE2
:10F23C00FFFFFFFFFFFFFFFFFFFFFFFFFFFFFFFFD2
:10F24C00FFFFFFFFFFFFFFFFFFFFFFFFFFFFFFFFC2
:10F25C00FFFFFFFFFFFFFFFFFFFFFFFFFFFFFFFFB2
:10F26C00FFFFFFFFFFFFFFFFFFFFFFFFFFFFFFFFA2
:10F27C00FFFFFFFFFFFFFFFFFFFFFFFFFFFFFFFF92
:10F28C00FFFFFFFFFFFFFFFFFFFFFFFFFFFFFFFF82
:10F29C00FFFFFFFFFFFFFFFFFFFFFFFFFFFFFFFF72
:10F2AC00FFFFFFFFFFFFFFFFFFFFFFFFFFFFFFFF62
:10F2BC00FFFFFFFFFFFFFFFFFFFFFFFFFFFFFFFF52
:10F2CC00FFFFFFFFFFFFFFFFFFFFFFFFFFFFFFFF42
:10F2DC00FFFFFFFFFFFFFFFFFFFFFFFFFFFFFFFF32
:10F2EC00FFFFFFFFFFFFFFFFFFFFFFFFFFFFFFFF22
:10F2FC00FFFFFFFFFFFFFFFFFFFFFFFFFFFFFFFF12
:10F30C00FFFFFFFFFFFFFFFFFFFFFFFFFFFFFFFF01
:10F31C00FFFFFFFFFFFFFFFFFFFFFFFFFFFFFFFFF1
:10F32C00FFFFFFFFFFFFFFFFFFFFFFFFFFFFFFFFE1
:10F33C00FFFFFFFFFFFFFFFFFFFFFFFFFFFFFFFFD1
:10F34C00FFFFFFFFFFFFFFFFFFFFFFFFFFFFFFFFC1
:10F35C00FFFFFFFFFFFFFFFFFFFFFFFFFFFFFFFFB1
:10F36C00FFFFFFFFFFFFFFFFFFFFFFFFFFFFFFFFA1
:10F37C00FFFFFFFFFFFFFFFFFFFFFFFFFFFFFFFF91
:10F38C00FFFFFFFFFFFFFFFFFFFFFFFFFFFFFFFF81
:10F39C00FFFFFFFFFFFFFFFFFFFFFFFFFFFFFFFF71
:10F3AC00FFFFFFFFFFFFFFFFFFFFFFFFFFFFFFFF61
:10F3BC00FFFFFFFFFFFFFFFFFFFFFFFFFFFFFFFF51
:10F3CC00FFFFFFFFFFFFFFFFFFFFFFFFFFFFFFFF41
:10F3DC00FFFFFFFFFFFFFFFFFFFFFFFFFFFFFFFF31
:10F3EC00FFFFFFFFFFFFFFFFFFFFFFFFFFFFFFFF21
:10F3FC00FFFFFFFF00000000000000000000000005
:10F40C0000000000000000000000000000000000F0
:10F41C0000000000000000000000000000000000E0
:10F42C0000000000000000000000000000000000D0
:10F43C0000000000000000000000000000000000C0
:10F44C0000000000000000000000000000000000B0
:10F45C0000000000000000000000000000000000A0
:10F46C000000000000000000000000000000000090
:10F47C000000000000000000000000000000000080
:10F48C000000000000000000000000000000000070
:10F49C000000000000000000000000000000000060
:10F4AC000000000000000000000000000000000050
:10F4BC000000000000000000000000000000000040
:10F4CC000000000000000000000000000000000030
:10F4DC000000000000000000000000000000000020
:10F4EC000000000000000000000000000000000010
:10F4FC000000000000000000000000000000000000
:10F50C0000000000000000000000000000000000EF
:10F51C0000000000000000000000000000000000DF
:10F52C0000000000000000000000000000000000CF
:10F53C0000000000000000000000000000000000BF
:10F54C0000000000000000000000000000000000AF
:10F55C00000000000000000000000000000000009F
:10F56C00000000000000000000000000000000008F
:10F57C00000000000000000000000000000000007F
:10F58C00000000000000000000000000000000006F
:10F59C00000000000000000000000000000000005F
:10F5AC00000000000000000000000000000000004F
:10F5BC00000000000000000000000000000000003F
:10F5CC00000000000000000000000000000000002F
:10F5DC00000000000000000000000000000000001F
:10F5EC00000000000000000000000000000000000F
:10F5FC0000000000000000000000000000000000FF
:10F60C0000000000000000000000000000000000EE
:10F61C0000000000000000000000000000000000DE
:10F62C0000000000000000000000000000000000CE
:10F63C0000000000000000000000000000000000BE
:10F64C0000000000000000000000000000000000AE
:10F65C00000000000000000000000000000000009E
:10F66C00000000000000000000000000000000008E
:10F67C00000000000000000000000000000000007E
:10F68C00000000000000000000000000000000006E
:10F69C00000000000000000000000000000000005E
:10F6AC00000000000000000000000000000000004E
:10F6BC00000000000000000000000000000000003E
:10F6CC00000000000000000000000000000000002E
:10F6DC00000000000000000000000000000000001E
:10F6EC00000000000000000000000000000000000E
:10F6FC0000000000000000000000000000000000FE
:10F70C0000000000000000000000000000000000ED
:10F71C0000000000000000000000000000000000DD
:10F72C0000000000000000000000000000000000CD
:10F73C0000000000000000000000000000000000BD
:10F74C0000000000000000000000000000000000AD
:10F75C00000000000000000000000000000000009D
:10F76C00000000000000000000000000000000008D
:10F77C00000000000000000000000000000000007D
:10F78C00000000000000000000000000000000006D
:10F79C00000000000000000000000000000000005D
:10F7AC00000000000000000000000000000000004D
:10F7BC00000000000000000000000000000000003D
:10F7CC00000000000000000000000000000000002D
:10F7DC00000000000000000000000000000000001D
:10F7EC00000000000000000000000000000000000D
:10F7FC0000000000000000000000000000000000FD
:10F80C0000000000000000000000000000000000EC
:10F81C0000000000000000000000000000000000DC
:10F82C0000000000000000000000000000000000CC
:10F83C0000000000000000000000000000000000BC
:10F84C0000000000000000000000000000000000AC
:10F85C00000000000000000000000000000000009C
:10F86C00000000000000000000000000000000008C
:10F87C00000000000000000000000000000000007C
:10F88C00000000000000000000000000000000006C
:10F89C00000000000000000000000000000000005C
:10F8AC00000000000000000000000000000000004C
:10F8BC00000000000000000000000000000000003C
:10F8CC00000000000000000000000000000000002C
:10F8DC00000000000000000000000000000000001C
:10F8EC00000000000000000000000000000000000C
:10F8FC0000000000000000000000000000000000FC
:10F90C0000000000000000000000000000000000EB
:10F91C0000000000000000000000000000000000DB
:10F92C0000000000000000000000000000000000CB
:10F93C0000000000000000000000000000000000BB
:10F94C0000000000000000000000000000000000AB
:10F95C00000000000000000000000000000000009B
:10F96C00000000000000000000000000000000008B
:10F97C00000000000000000000000000000000007B
:10F98C00000000000000000000000000000000006B
:10F99C00000000000000000000000000000000005B
:10F9AC00000000000000000000000000000000004B
:10F9BC00000000000000000000000000000000003B
:10F9CC00000000000000000000000000000000002B
:10F9DC00000000000000000000000000000000001B
:10F9EC00000000000000000000000000000000000B
:10F9FC0000000000000000000000000000000000FB
:10FA0C0000000000000000000000000000000000EA
:10FA1C0000000000000000000000000000000000DA
:10FA2C0000000000000000000000000000000000CA
:10FA3C0000000000000000000000000000000000BA
:10FA4C0000000000000000000000000000000000AA
:10FA5C00000000000000000000000000000000009A
:10FA6C00000000000000000000000000000000008A
:10FA7C00000000000000000000000000000000007A
:10FA8C00000000000000000000000000000000006A
:10FA9C00000000000000000000000000000000005A
:10FAAC00000000000000000000000000000000004A
:10FABC00000000000000000000000000000000003A
:10FACC00000000000000000000000000000000002A
:10FADC00000000000000000000000000000000001A
:10FAEC00000000000000000000000000000000000A
:10FAFC0000000000000000000000000000000000FA
:10FB0C0000000000000000000000000000000000E9
:10FB1C0000000000000000000000000000000000D9
:10FB2C0000000000000000000000000000000000C9
:10FB3C0000000000000000000000000000000000B9
:10FB4C0000000000000000000000000000000000A9
:10FB5C000000000000000000000000000000000099
:10FB6C000000000000000000000000000000000089
:10FB7C000000000000000000000000000000000079
:10FB8C000000000000000000000000000000000069
:10FB9C000000000000000000000000000000000059
:10FBAC000000000000000000000000000000000049
:10FBBC000000000000000000000000000000000039
:10FBCC000000000000000000000000000000000029
:10FBDC000000000000000000000000000000000019
:10FBEC000000000000000000000000000000000009
:10FBFC0000000000000000000000000000000000F9
:10FC0C0000000000000000000000000000000000E8
:10FC1C0000000000000000000000000000000000D8
:10FC2C0000000000000000000000000000000000C8
:10FC3C0000000000000000000000000000000000B8
:10FC4C0000000000000000000000000000000000A8
:10FC5C000000000000000000000000000000000098
:10FC6C000000000000000000000000000000000088
:10FC7C000000000000000000000000000000000078
:10FC8C000000000000000000000000000000000068
:10FC9C000000000000000000000000000000000058
:10FCAC000000000000000000000000000000000048
:10FCBC000000000000000000000000000000000038
:10FCCC000000000000000000000000000000000028
:10FCDC000000000000000000000000000000000018
:10FCEC000000000000000000000000000000000008
:10FCFC0000000000000000000000000000000000F8
:10FD0C0000000000000000000000000000000000E7
:10FD1C0000000000000000000000000000000000D7
:10FD2C0000000000000000000000000000000000C7
:10FD3C0000000000000000000000000000000000B7
:10FD4C0000000000000000000000000000000000A7
:10FD5C000000000000000000000000000000000097
:10FD6C000000000000000000000000000000000087
:10FD7C000000000000000000000000000000000077
:10FD8C000000000000000000000000000000000067
:10FD9C000000000000000000000000000000000057
:10FDAC000000000000000000000000000000000047
:10FDBC000000000000000000000000000000000037
:10FDCC000000000000000000000000000000000027
:10FDDC000000000000000000000000000000000017
:10FDEC000000000000000000000000000000000007
:10FDFC0000000000000000000000000000000000F7
:10FE0C0000000000000000000000000000000000E6
:10FE1C0000000000000000000000000000000000D6
:10FE2C0000000000000000000000000000000000C6
:10FE3C0000000000000000000000000000000000B6
:10FE4C0000000000000000000000000000000000A6
:10FE5C000000000000000000000000000000000096
:10FE6C000000000000000000000000000000000086
:10FE7C000000000000000000000000000000000076
:10FE8C000000000000000000000000000000000066
:10FE9C000000000000000000000000000000000056
:10FEAC000000000000000000000000000000000046
:10FEBC000000000000000000000000000000000036
:10FECC000000000000000000000000000000000026
:10FEDC000000000000000000000000000000000016
:10FEEC000000000000000000000000000000000006
:10FEFC0000000000000000000000000000000000F6
:10FF0C0000000000000000000000000000000000E5
:10FF1C0000000000000000000000000000000000D5
:10FF2C0000000000000000000000000000000000C5
:10FF3C0000000000000000000000000000000000B5
:10FF4C0000000000000000000000000000000000A5
:10FF5C000000000000000000000000000000000095
:10FF6C000000000000000000000000000000000085
:10FF7C000000000000000000000000000000000075
:10FF8C000000000000000000000000000000000065
:10FF9C000000000000000000000000000000000055
:10FFAC000000000000000000000000000000000045
:10FFBC000000000000000000000000000000000035
:10FFCC000000000000000000000000000000000025
:10FFDC000000000000000000000000000000000015
:10FFEC000000000000000000000000000000000005
:04FFFC000000000001
:040000056000100087
:00000001FF
