:1000000000000320D1010000BD340000793400005D
:10001000793400007934000079340000793400002C
:10002000793400007934000079340000BD340000D8
:10003000BD34000079340000814300008543000096
:10004000BD340000BD340000BD340000BD340000EC
:10005000BD340000BD340000BD340000BD340000DC
:10006000BD340000BD340000BD340000BD340000CC
:10007000BD340000BD340000BD340000BD340000BC
:10008000BD340000BD340000BD340000BD340000AC
:10009000BD340000BD340000BD340000BD3400009C
:1000A000794B0000854B0000BD340000BD340000DA
:1000B000BD340000BD340000BD340000BD3400007C
:1000C000BD340000BD340000BD340000BD3400006C
:1000D000BD340000BD340000BD340000BD3400005C
:1000E000BD340000BD340000BD340000BD3400004C
:1000F000BD340000BD340000BD340000BD3400003C
:1001000015320000313200004D320000693200002B
:10011000BD340000ED380000BD340000BD340000E7
:10012000BD340000BD340000BD340000BD3400000B
:10013000BD340000BD340000BD340000BD340000FB
:10014000952F0000BD340000BD340000BD34000018
:10015000BD340000BD340000BD340000BD340000DB
:10016000BD340000BD340000914B0000BD340000E0
:10017000BD340000BD340000BD340000BD340000BB
:10018000BD340000BD340000BD340000BD340000AB
:10019000BD340000BD340000BD340000BD3400009B
:1001A000BD340000BD340000BD3400009D4B000094
:1001B000BD340000BD340000BD340000BD3400007B
:1001C000BD340000BD340000BD340000BD3400006B
:1001D0005F4B4CF2205210B5DA814DF62812DA81CD
:1001E00000BF00BF03F06EF95A4B4FF030621A6344
:1001F000594A9A63594ADA634FF0E0234FF4700288
:10020000C3F8882D03F5E823554A1A60554B9A78B0
:10021000110703D59A7842F008029A70524B53485E
:10022000AA221A70524BDA1C121AC11E22F00302C3
:10023000994288BF00224F4903F04AF84E4B4F487D
:10024000DA1C121AC11E22F00302994288BF002252
:10025000002106F0FDFD4A494A484FF4E87203F0D8
:1002600037F8494B494A802103F8011B9342FBD1DF
:100270004FF0E023434AC3F8082D454B8A221A70F9
:10028000A3F5805324225A70A0221A709A799207FB
:10029000FCD59A79D406FCD43E4A937903F00C033A
:1002A000082BFAD1304B60225A70DA78802AFCD1C0
:1002B000384B01221A715D225A719A799006FCD549
:1002C0009A795106FCD5234A33495164002191643F
:1002D000202119702F498B7903F00C030C2BFAD1D4
:1002E0002E4B53602E4A136913F4807303D153616C
:1002F0004FF4A85313614FF0E0232A4A5A610022B9
:100300009A6107221A61284AC3F8202D62B603F0C9
:1003100037F9234B5B69DA0705D5244803F024F944
:10032000234B244ADA61244B1B785B0609D5204C09
:10033000204BE2699A4204D11C4803F015F90023CE
:10034000E36103F0C5F806F0F3FD02F0B9FFFEE744
:100350000020054000800440823F04000100002B83
:100360000300008500D0074000E007404020FF1F49
:10037000A036FF1F00BB00009840FF1FA036FF1FE4
:10038000000000000016FF1F00E400E064E400E04D
:10039000005006400040064000000602C010070062
:1003A00000D003401FBF0200000020201AD87F6A3F
:1003B00000E00340A5C3945A00F00740FFFFFFFF91
:1003C000FFFFFFFFFFFFFFFFFFFFFFFFFFFFFFFF3D
:1003D000FFFFFFFFFFFFFFFFFFFFFFFFFFFFFFFF2D
:1003E000FFFFFFFFFFFFFFFFFFFFFFFFFFFFFFFF1D
:1003F000FFFFFFFFFFFFFFFFFFFFFFFFFFFFFFFF0D
:10040000FFFFFFFFFFFFFFFFFFFFFFFFDEF9FFFF23
:100410000548064B1B1AD90F01EBA301491002D066
:10042000034B03B118477047A036FF1FA036FF1FCC
:100430000000000008B5054B1BB105490548AFF3A6
:100440000080BDE80840FFF7E3BF00BF00000000E8
:10045000A036FF1FF8BA000010B590ED027ADFED6C
:100460007F7AD0ED006AB4EEE77AF1EE10FA2DED66
:10047000048B04460AD4DFED7A7A66EEA77AB4EEEE
:10048000E77AF1EE10FAD8BFF0EE477A87EEA60AC7
:100490009FED727A94ED038AB4EEC78AF1EE10FAFA
:1004A0005ABFB7EE007A87EE089AB0EE478A9FED02
:1004B0006D7A48BF9FED6C9A20EE070A04F0B0FCFD
:1004C0006368F0EE408A082B2CD8DFE803F06A71ED
:1004D0007B828C97A3054200D4ED040ADFED637A9A
:1004E000B2EE040AC0EEA70A04F09AFBB5EE400A89
:1004F000F1EE10FAB0EE408A00F1AC80B1EEC80A1D
:10050000C8EE808AB7EE007AFFEE007AE8EE087A4D
:1005100038EE478A84ED087A28EE098AC4ED0A7A13
:1005200084ED098A78EE897AF7EE006AB0EE666AA1
:10053000A7EEA86A86EE867A67EE287A84ED057AB9
:1005400027EEA80ABDEC048BC4ED067A84ED070AF9
:1005500010BDD4ED040ADFED457AB2EE040AC0EE18
:10056000A70A04F05DFBB5EE400AF1EE10FAB0EE1A
:10057000408A6CD4B1EEC80AB7EE007A77EE487ABA
:1005800068EE086A67EE897A37EE667A67EE887AEF
:1005900068EE808AC4ED086AC4ED097A84ED0A7AAF
:1005A000C0E700234FF07E5223626362A262B9E784
:1005B0002F4BA3624FF07E52F1EE497A2262C4EDD6
:1005C000097AAFE700234FF07E5223626262A36292
:1005D000A8E700234FF07E52F1EE497A2262C4ED83
:1005E000097AA3629EE74FF07E52F1EE497A4FF00E
:1005F00040432262C4ED097AA36293E7F8EE007AE1
:1006000069EE277A00234FF07E522262C4ED097A08
:10061000A36287E7DFED157AD4ED040AB2EE040A8F
:10062000C0EEA70A04F0FCFA0023A36228EE008AB9
:10063000B7EE007A87EE089AFFEE007AE0EE007AD5
:1006400084ED087A67EE897AC4ED097A6AE704F0E6
:1006500045FB91E704F042FB52E700BF6F12833A7B
:1006600048E1FA3EDB0F4940FFFF79440000204299
:10067000000080BFF8B543692DED0E8B0446032BB7
:1006800000F26982DFE813F0E501080122000400AE
:1006900090ED018A9FED9D0A28EE000A04F086FB8A
:1006A00094ED027A38EE078AF7EE007AB4EEE78A24
:1006B000F1EE10FAA8BF38EE678AF0EE408A84EDBA
:1006C000018AB0EE680ABDEC0E8BF8BD90ED019A80
:1006D000D0ED029AF6EE007AB4EEE79AF1EE10FA57
:1006E000F1EE007A4CBFFFEE008AF0EE088AF5EEDC
:1006F000C09A4CBFE9EE278AE9EE678AF1EE10FA5C
:1007000040F3B880B3EE00BA69EE8BBAB2EE00AA3D
:1007100039EE6B0A05F042FBF0EE407AFDEEE77A27
:1007200039EE2B0A17EE905A05F080FBFDEEC07AE9
:1007300029EE8AAA17EE907ABD42DFED77AA3BDC5C
:10074000D4ED03CA9FED75CA714EB0EE6ADA013777
:1007500012E007EE103AD1ED007AB8EEC70A91ED3B
:10076000017A38EE408A37EE677A0135E8EE077A8B
:10077000BD42EAEE27AA1FD007EE905AF8EEE77ABC
:10078000B0EE4B8A79EE677AA7EEAC8A28EE0C8A37
:10079000B0EE480A05F04AFBFDEEC07A17EE903A3B
:1007A000B3F5006F06EB8301D3D30135F0EE4D7A3C
:1007B000BD42EAEE27AADFD1B6EE00BA39EE4BBA57
:1007C0007AEEA8AA3BEE6B0A05F0E8FAF0EE407A62
:1007D000FDEEE77A3BEE2B0A17EE905A05F026FB6A
:1007E000FDEEC07ADFED4C8A17EE907ABD42B1EE95
:1007F0004AAA3DDCD4ED03CA9FED48CA444EB0EE90
:1008000068DA0137F3EE00BA12E007EE103AD1EDE4
:10081000007AB8EEC70A91ED017A38EE408A37EED9
:10082000677A0135E8EE077ABD42EAEE278A1FD0E3
:1008300007EE905AF8EEE77AB0EE6B8A7BEE677AB5
:10084000A7EEAC8A28EE0C8AB0EE480A05F0EEFA64
:10085000FDEEC07A17EE903AB3F5006F06EB830118
:10086000D3D30135F0EE4D7ABD42EAEE278ADFD1CF
:1008700078EEAA8A39EE299AF7EE007AB4EEE79A72
:10088000F1EE10FAA8BF39EE679AB0EE680A84ED6F
:10089000019ABDEC0E8BF8BD90ED019A90ED048AA3
:1008A000D0ED029AB4EEC89AF1EE10FAF7EE00BA63
:1008B000FFEE008AF5EEC09A48BFF0EE6B8AF1EECB
:1008C00010FAD7DDB3EE00AA29EE8ACA9FED12EA2C
:1008D00039EE4C0A05F062FAF0EE407AFDEEE77A66
:1008E00039EE0C0A17EE905A05F0A0FAFDEEC07A28
:1008F00017EE907ABD424FDC94ED03BADFED07AA04
:10090000044EF0EE4ECA013726E000BFDB0FC940AF
:1009100020730000249300000000000000008042CB
:1009200007EE103AD1ED007AB8EEC70A91ED017AE0
:100930007DEEC0DA37EE677AB5EEC0DAEDEE877A93
:100940000135F1EE10FAA8BF77EEEB7ABD4277EEF3
:10095000A77A3EEE27EA1FD007EE905AB8EEE7DA04
:1009600039EE4DDA2DEE0BDA7DEE0ADA6DEEAADA0B
:10097000B0EE6D0A05F05AFAFDEEC07A17EE903A25
:10098000B3F5006F06EB8301CAD30135F0EE6C7A44
:10099000BD423EEE27EADFD179EE48AA38EE8EEA74
:1009A0003AEECC0A05F0FAF9F0EE407AFDEEE77A7D
:1009B0003AEE8C0A17EE905A05F038FAFDEEC07A3E
:1009C00017EE907ABD4200F3C38094ED03CA5FED49
:1009D0002E8A5FED2EBA6A4E0137B3EE00BAF8EEFA
:1009E00000CAB7EE00DA07EE905AB8EEE78A013592
:1009F0003AEEC88A28EE0C8A78EE0BDA6DEEABDAA6
:100A0000B0EE6D0A05F012FAFDEEC07A17EE903ADC
:100A1000B3F5006F06EB830116D207EE103AD1ED65
:100A2000007AB8EEC70A91ED017A7DEEC0DA37EEB2
:100A3000677AB5EEC08AEDEE877AF1EE10FAA8BFBC
:100A400077EECD7AE7EEAC8ABD42CCD17EEE288A35
:100A500010E790ED02CAD0ED019AB5EEC0CAF0EEF3
:100A6000007AFFEE008AF1EE10FAE9EEA78A5ADD6D
:100A7000F3EE00AAB0EE690AACEE6A0A05F08EF950
:100A8000F0EE407AFDEEE77AB0EE690AACEE2A0AA3
:100A900017EE905A05F0CAF9FDEEC07A17EE907A7B
:100AA000BD4252DCD4ED03BA9FED36AA9FED36BAB3
:100AB000334E0137F8EE00CAB7EE00DA07EE905A6F
:100AC000B8EEE78A013539EEC88A28EE2B8A38EE6F
:100AD0002A9A29EE0B9AB0EE490A05F0A7F9FDEE25
:100AE000C07A17EE903AB3F5006F06EB830116D289
:100AF00007EE103AD1ED007AB8EEC70A91ED017A0F
:100B000039EE409A37EE677AB5EEC08AE9EE077A99
:100B1000F1EE10FAA8BF77EECD7AA7EEACAABD42EF
:100B2000CCD178EE8A8A79EE8C9AF7EE007AF4EEE0
:100B3000E79AF1EE10FAA8BF79EEE79AB0EE680AEC
:100B4000C4ED019ABDEC0E8BF8BD9FED0EAAE8E74F
:100B5000DFED0C8A7AE7D0ED017AD0ED026ADFEDA5
:100B6000098A77EEA67AB7EE007AF4EEC77AF1EE4C
:100B700010FAA8BF77EEC77AC0ED017AA1E500BFF1
:100B800024930000000000000000804238B5D0ED42
:100B9000117AF5EEC07AF1EE10FA2DED048B0446D1
:100BA00000F32281D0ED4D6A90ED4E7AD4ED038AA8
:100BB00094ED4A9AB6EE006A68EE868A67EEA66AF7
:100BC000B2EE0E6AF0EE680AD6EE860ADFEDC26A71
:100BD00067EE877AC0EEA60AB0EE000A27EE868A94
:100BE00004F01EF894ED157ADFEDBC6A29EE000AD8
:100BF000C0EE077AF4EEE67AF1EE10FA00F14081E9
:100C00009FEDB76AF4EEC67AF1EE10FA00F3D380E6
:100C1000F4EEE67AF1EE10FAC4BFF7EE006A86EE63
:100C2000A77AC4ED177AD8BFB0EE667A78EE888AD4
:100C3000DFEDA90A84ED187AC8EEA00AB0EE000A2A
:100C400003F0EEFF94ED1B7ADFEDA46A29EE000AB3
:100C5000C0EE077AF4EEE67AF1EE10FA00F11581B3
:100C60009FED9F6AF4EEC67AF1EE10FA00F3178159
:100C7000F4EEE67AF1EE10FAC4BFF7EE006A86EE03
:100C8000A77AC4ED1D7AD8BFB0EE667AF6EE007A88
:100C9000D4ED216A84ED1E7A29EE279AC9EE267AD0
:100CA000DFED8E6AF4EEE67AF1EE10FA00F1F280F2
:100CB0009FED8B6AF4EEC67AF1EE10FA00F3F48041
:100CC000F4EEE67AF1EE10FAC4BFF7EE006A86EEB3
:100CD000A77AC4ED237AD8BFB0EE667AD4ED4B7A0A
:100CE000D4ED140AD4ED086A84ED247A60EEA70AE4
:100CF000D4ED457A94ED058AE6EEA70AB0EE000A37
:100D000003F08EFF28EE000AB3EE047AD4ED007AE9
:100D1000DFED746A94ED076AB4EE470AF1EE10FA5B
:100D200067EEA67A48BFB0EE470AB4EE670AB6EEA1
:100D3000007AF1EE10FAB4EEC76AC8BFB0EE670AE7
:100D4000F1EE10FA3CD59FED686AD4ED277A94ED68
:100D5000068AB4EEC60AF1EE10FA37EEA77A00F171
:100D6000A88067EEA67AB4EEE70AF1EE10FAD5BFD6
:100D7000DFED5E7ADFED5D6A20EE270A27EEA60A38
:100D800080EE070A03F010FFF7EE007A37EEC00A94
:100D9000B5EEC08AF1EE10FA84ED280A00F18C80DD
:100DA000DFED537AB4EEE78AF1EE10FA40F38F806C
:100DB0009FED508A82E09FED507A84ED176A35E707
:100DC000D4ED066A84ED310AF2EE037AA6EEA77A34
:100DD0000023C4F8CC3004F1BC0084ED327AFFF774
:100DE0003BFBBDEC048B38BD4568444B2A68444945
:100DF000DFED444A9FED445AD4ED4D3ADFED435ABE
:100E000094ED4E4A1344114483EAD33243F0010374
:100E100003FB02F241F0010C81EAD1330CFB03F336
:100E200082EAD21042F03D0C0CFB0020424082EAE4
:100E3000923207EE102ABEEE006AB8EE477AF0EE64
:100E4000466AE7EE246A83EAD31266EE856AE3EE29
:100E5000A56AC4ED4D6A296043F03D0101FB0232F1
:100E6000534083EA933307EE103AB8EE477AA7EE81
:100E7000246A26EE057AA4EE257A84ED4E7A95E66C
:100E8000B0EE667AC4ED176AD0E6B0EE667AC4EDCD
:100E90001D6AFBE6B0EE667AC4ED236A1EE79FED9D
:100EA000167A84ED1D6AF1E69FED137A84ED236ACC
:100EB00014E79FED170A63E79FED088A84ED298AFE
:100EC000BDEC048B4FF07E53C4F8A83038BDF1EE72
:100ED000007A28EE278AF1E700009644000000001F
:100EE00048E1FA3E6666E63E6F12833ADB0FC9C000
:100EF0006666863F66668640BC9C0240F5792B6D2F
:100F0000EAF356DA0000802FCDCC4C3D77BE7F3F10
:100F10002FE3CDBB2DE9F84F1D46D0F8F4302DED71
:100F2000108B002B00F016811A9BD0ED078A90EDF4
:100F3000049A9D42044680F20D81DFEDDE9AD0F8DE
:100F40003CA101EB850602EB850B00F1540900F191
:100F50006C0800F18407BAF1000F40F3A1810AF197
:100F6000FF3AD4F81021C4F83CA1013A032A18D85A
:100F7000DFE812F02E014A0145010400D4ED457A64
:100F800094ED497AE7EEC77AF4EEE97AF1EE10FAD9
:100F900040F18081DFEDC87A0022C4ED457AC4F8C3
:100FA00010214846FFF766FB4046B0EE408AFFF747
:100FB00061FB384638EE008AFFF75CFB20EE090A39
:100FC000F6EE00EAA8EE2E0AF4EEEE8AF1EE10FA42
:100FD000B0EE40CA40F1318194ED2E8AD4ED29FA69
:100FE00094ED2AFAF0EE487AE0EE6E7AB1EE40AA7D
:100FF000AFEEE70A2FEE000A03F03CFF94ED2BEA78
:10100000F0EE40AAB0EE4E0A03F034FF94ED28BA99
:101010007AEEC0AAABEE2AEAB0EE4E0A03F02AFF3F
:10102000D4ED2CDAB0EE40DAB0EE6D0A03F022FF18
:101030007DEE406AEBEE26DAB0EE6D0A03F01AFFA1
:10104000D4ED2DAAF0EE40CAB0EE6A0A03F012FF0A
:101050003CEEC00AEBEE00AAB0EE6A0A03F00AFF0B
:10106000F0EE40BAB0EE480A03F004FF3BEEC00ACF
:10107000ABEE008AF0EE487AEAEE2E7AA7EEEFCADF
:101080002CEE0F0A03F0F6FE70EE4D6AB0EE4E0A3B
:10109000A6EE8B0A84ED2B0A03F0ECFE30EE6C7AA0
:1010A000B0EE6D0AA7EE0B0A84ED2C0A03F0E2FE07
:1010B00030EE6B0AE0EE0BAAB0EE6A0AC4ED2DAA80
:1010C00003F0D8FEF0EE40AAB0EE480A03F0D2FEDC
:1010D0003AEEC00AB0EE487AA0EE0B7A84ED2E7A92
:1010E000D4F8F420013A032A00F2E080DFE802F0AD
:1010F000573B3602D4ED3E7AD4ED426AE7EEE67A0B
:10110000F4EEE97AF1EE10FA40F1C780DFED6A7A89
:101110000022C4ED3E7AC4F8F42094ED4C6AD6ED7A
:10112000006A1A9B67EE867A94ED506A67EE877ABA
:10113000B0EE667AA6EE277A0135AB42A6EC017ACC
:101140009BED007AD4ED516AA6EEA77AABEC017A5A
:101150007FF401AFBDEC108BBDE8F88FD4ED3F7A82
:10116000C4ED3E7AD9E7D4ED3E7AD4ED3F6AD4EDB2
:10117000415A36EEE76AE5EE867A37EEE66AB0EE79
:10118000C66AB4EEE96AF1EE10FA40F186800322F5
:10119000F0EE667AC4ED3E6AC4F8F420BDE7D4ED03
:1011A0003E7AD4ED405AF7EE086A76EEE76AB7EE7B
:1011B000006AE5EEA67AF4EEC67AF1EE10FA6CDB80
:1011C0000222F0EE467A84ED3E6AC4F8F420A4E7E9
:1011D000D4ED457A94ED476AB7EE087A37EE677A30
:1011E000F7EE006AE6EE077AF4EEE67AF1EE10FA30
:1011F00050DB0222C4ED456AC4F81021D1E6D4F8D0
:101200001821C4F81421CCE6D4ED457AD4ED466A11
:1012100094ED486A36EEE77AE6EE077A37EEE67A3C
:10122000B0EEC77AB4EEE97AF1EE10FA32D50322C5
:10123000C4ED456AC4F81021B3E6D4ED3B7AD4ED91
:101240003A6A94ED357AD4ED344A94ED364A30EE6C
:10125000675AB0EE676AA6EE876A65EE075AA5EE92
:10126000046AE4EEA65A94ED387AD4ED374A25EEB6
:10127000877AB0EE005AA0EE247AD5EE856AD6EED3
:10128000057AD4ED394AC4ED3A6AA6EE247AC4ED63
:101290003B7A25E7C4ED457A83E6C4ED3E7A3CE728
:1012A0002046FFF773FC4FF00F0A5AE6DFED027A93
:1012B00033E700BF17B7D138000000002DE9F04137
:1012C0002DED0C8BE44C94B0B0EE408A05462146DF
:1012D0006F22002301E011F8012F0133002AFAD117
:1012E000DE4ADF485A406F21702302E00B4614F8B3
:1012F000011F534000FB03F34FEAF3420029F5D1ED
:10130000D84BD949DFEDD9CADFEDD9BA9FEDD9BAAB
:10131000DFEDD98ADFEDD9AA9FEDE4CA82EA124255
:1013200002FB03F3D64A83EA533302FB03F383EA57
:1013300013434C222B6001A801F0CAFFD149D248C7
:1013400005914FF07A52D149D14B029105F52C67A6
:10135000039209920A9001A94C2238460193CDEDDF
:1013600008CA0B9305F1F40401F0B2FF05F1C006C1
:1013700005F694389CE02DEE8A0A88EE800A03F088
:1013800013FCF7EE007A37EEC00AB5EEC0DAF1EEE4
:1013900010FA84ED050A40F251812DEE0A0A88EE1A
:1013A000800A03F001FCF7EE007A37EEC00AB5EED2
:1013B000C09AF1EE10FA84ED060A00F14981F7EEC9
:1013C000007AB4EE679AF1EE10FAC8BFB0EE679AF1
:1013D00014ED2F0A84ED039AB5EEC00AF1EE10FA6F
:1013E00014ED2EDA14ED2D9A14ED2CAA40F27A8128
:1013F00020EE290A8BEE800A03F0D6FBF7EE007A86
:1014000037EEC00AB5EEC0DAF1EE10FA84ED0B0A41
:1014100040F265812DEE290A88EE800A03F0C4FBB4
:10142000F7EE007A37EEC00AB5EEC0AAF1EE10FA78
:1014300084ED0C0A40F246812AEE290A88EE800AE1
:1014400003F0B2FBF7EE007A37EEC00AB5EEC09AB1
:10145000F1EE10FA84ED0D0A00F13E81F7EE007A0C
:10146000B4EE679AF1EE10FAC8BFB0EE679A54ED89
:101470002A7A84ED0A9ABFEE007AF4EEC77AF1EE8A
:1014800010FA00F16F81B7EE000AF4EEC07AF1EEC7
:1014900010FA40F3D0819FED7F9A84ED149A84ED89
:1014A000150A04F5AA74A04506F5AA7600F0DA81BB
:1014B000B5EEC08AF1EE10FA40F31781DFED767ACF
:1014C000B4EEE78AF1EE10FA40F1518104ED3C8A66
:1014D00044F8EC5C4C223946A4F1E80001F0F8FE37
:1014E00004ED278A04ED218A012304ED1B8A44F8C8
:1014F000583C9FED6A0ADFED6A7A9FED6A7A04ED47
:10150000158A28EE000AB4EEE70AF1EE10FA58BF89
:10151000B0EE670A20EE077A38EE080A87EE000A76
:1015200003F042FBF7EE007A37EEC00A04ED13CA6F
:1015300004ED140A44ED127A304604ED0D8AFEF7EC
:101540008BFF002344F8303C3046FEF785FF68EE01
:101550002C7AB0EE489A8BEEA70A84ED009A03F03D
:1015600023FB94ED00AA2AEE0B0A88EE800A03F012
:101570001BFB2AEE2A0A88EE800A03F015FBB5EE63
:10158000C08AF1EE10FA40F39580DFED437AB4EEB5
:10159000E78AF1EE10FA40F18D8028EE2C7AF0EE19
:1015A000487A8BEE870AC4ED077A03F0FDFAD4ED92
:1015B000079A29EE8B0A88EE800A03F0F5FA29EEE5
:1015C000AA0A88EE800A03F0EFFA54ED3A7A14ED95
:1015D000330A54ED32DA14ED319A14ED30DAB6EE06
:1015E000007A77EE877AB5EEC00AFDEEE77AF1EE83
:1015F00010FA17EE903A83F3020344F8883C44F85B
:10160000703C5CD920EE0A0A8BEE800A03F0CCFA1B
:10161000F7EE007A37EEC00AF5EEC0DAF1EE10FA16
:1016200084ED040A3FF6A7AEB5EEC0DAB7EE000AC5
:10163000F1EE10FA84ED050A3FF6AFAEB5EEC09AB2
:10164000B7EE000AF1EE10FA84ED060A7FF5B7AEA8
:101650009FED169ABCE600BFFD72000067E6096ABE
:10166000512D9ECC6BCAEB8528B300000AD7233CD2
:10167000549F8CBFCDCCCC3D8E5D93C0CDCC4C3E29
:1016800035AEB2C2CDCC0C3F3333333F00001041F6
:101690003333B33E2EBD3BB38096184B6666E63EB1
:1016A00000007A44DB0FC9C049FF15BB00000000F1
:1016B00000803B471FED040A5FED037A73E7B7EE46
:1016C000000AA9E7B5EEC09AB7EE000AF1EE10FAEB
:1016D00084ED0D0A7FF5C2AE1FED0C9AC7E6B7EE9A
:1016E000000AA1E6B7EE000A8CE61FED0F9A44F857
:1016F000EC5C04ED3C9A4C223946A4F1E80001F080
:10170000E7FDB5EEC08AF1EE10FA3BDC04ED279A56
:1017100043DC04ED219A4BDC4FF0010304ED1B9AEE
:1017200044F8583C52DC884A04ED159A4FF07E5339
:1017300044F8502C04ED13CA44F8483C5ADC3046B7
:1017400004ED0D9AFEF788FE002344F8303C304645
:10175000FEF782FEB5EEC08AF1EE10FA5EDC9FED78
:101760007B0AFAE6B0EE4C0AB7EE009A95E6784BA3
:1017700044F8EC5C44F8F03C4C223946A4F1E80013
:1017800001F0A6FDDFED737AB4EEE78AF1EE10FA10
:101790003FF5A6AE6E4B44F89C3CDFED6E7AB4EE9E
:1017A000E78AF1EE10FA3FF59DAE694B44F8843CB0
:1017B000DFED687AB4EEE78AF1EE10FA3FF594AE09
:1017C000634A44F86C2C012344F8583CDFED617AFD
:1017D000B4EEE78AF1EE10FA3FF58BAE5C495A4A57
:1017E00044F8541C4FF07E5344F8502C04ED13CAB7
:1017F00044F8483CDFED577AB4EEE78AF1EE10FA90
:101800003FF59AAE524B44F8343C3046FEF724FE86
:10181000002344F8303C3046FEF71EFEDFED4D7AE3
:10182000B4EEE78AF1EE10FA3FF591AE9FED470A6C
:101830009FED499A91E637EE809A9FED487A29EE1E
:10184000079AF5EE007A29EE279AB0EE490A03F0DE
:1018500075FAF0EE407AB0EE490AB0EE679A03F0FE
:10186000A5FA1AE6B5EEC08AF1EE10FA06DDDFED54
:10187000397AB4EEE78AF1EE10FA57D4DFED386A20
:101880009FED358A2B68374A9FED377A1A4442F02C
:10189000010182EAD23301FB03F383EAD31143F05F
:1018A0003D0000FB01314B4083EA933307EE903A51
:1018B000F8EE677AB0EE006A67EE877ABFEE007ADC
:1018C000A7EE867A05F6A4230121F5EEC06AF1EEB3
:1018D00010FA83ED008AC5F8B85A2A6083ED017AC0
:1018E000C5F8B41A1ADBF6EE007AF4EEE76AF1EE08
:1018F00010FA20DCF5EEC06AF1EE10FA0EDD9FED75
:101900001B7AE6EE877AFCEEE77A17EE903AC5F896
:10191000B03A14B0BDEC0C8BBDE8F0810023C5F8E3
:10192000B03A14B0BDEC0C8BBDE8F081DFED107A5D
:10193000C7EE886AA6E74FF00043C5F8B03A14B086
:10194000BDEC0C8BBDE8F081B8BF813D49FF15BBF4
:1019500000803B478096184B00803B47DB0F494097
:10196000ACC52736F5792B6D0000802F0000804F25
:101970008FC2F53D2DE9F04F05462DED0A8BD5F8C8
:10198000AC4ADFEDE17AD0F8B40A07EE104A97B01E
:10199000B8EE470ADDF8A8B020EE270A894692463D
:1019A0009846042800F24D82DFE810F064017901C6
:1019B0009801C401050005F6A42696ED010AF7EE8C
:1019C000006A30EE260AB6EE007A20EE070AF1EE43
:1019D000067A20EE270AD5F8B03AE418C5F8AC4AE2
:1019E00025D3D5F8B83A13B31968C84A9FEDC66A2B
:1019F0000A441A6082EAD23342F0010202FB03F386
:101A000083EAD31243F03D0101FB0232534083EAE3
:101A1000933307EE903AF8EE677AF0EE006A67EEDD
:101A2000867ABFEE007AA7EEA67A86ED017A03F0F9
:101A30009BFADFEDBF7A20EE279ADFEDB57AB4EEA0
:101A4000E79AF1EE10FA80F2E981B0EE679A4C2243
:101A500005F52C6103A801F03BFCDFEDAE9ADFED4C
:101A6000AE8A9FEDAEBA9FEDB0AADFEDADAA05F547
:101A70002A672C46B8E0D4ED3D7A20EE270A89EE9D
:101A8000800A03F091F8F7EE007A37EEC00AB5EE5F
:101A9000C0CAF1EE10FA84ED410A40F2D480D4EDD0
:101AA0003D7A2CEE270A88EE800A03F07DF8F7EEE7
:101AB000007A37EEC00AF5EEC0BAF1EE10FA84ED06
:101AC000420A40F2CA80D4ED3D7A2BEEA70A88EE96
:101AD000800A03F069F8F7EE007A37EEC00AB5EE37
:101AE000C08AF1EE10FA84ED430A00F1C080F7EEEF
:101AF000007AB4EE678AF1EE10FAC8BFB0EE678ADA
:101B000094ED0E0A84ED408AB5EEC00AF1EE10FAAB
:101B100094ED0FCA94ED108AD4ED11BA40F22D81E4
:101B2000D4ED447A20EE270A89EE800A03F03CF8CF
:101B3000F7EE007A37EEC00AB5EEC0CAF1EE10FA41
:101B400084ED480A40F22381D4ED447A2CEE270A32
:101B500088EE800A03F028F8F7EE007A37EEC00A24
:101B6000F5EEC0BAF1EE10FA84ED490A40F2F880C1
:101B7000D4ED447A2BEEA70A88EE800A03F014F81D
:101B8000F7EE007A37EEC00AB5EEC08AF1EE10FA31
:101B900084ED4A0A00F1EE80F7EE007AB4EE678A2F
:101BA000F1EE10FAC8BFB0EE678AD4ED137A84ED77
:101BB000478ABFEE007AF4EEC77AF1EE10FA00F130
:101BC000E980B7EE000AF4EEC07AF1EE10FA40F3C5
:101BD0001081B0EE6A8A84ED518A84ED520A04F5D0
:101BE000AA74A74200F0E3804C2203A904F10C0080
:101BF0008DED069A01F06CFBD4ED037A94ED0A0AA0
:101C000094ED0BCA94ED0C8AD4ED0DBAB6EE007AC1
:101C100077EE877AB5EEC00AFDEEE77AF1EE10FABC
:101C200017EE903A83F30203E366C4F884303FF67C
:101C300022AFB5EEC0CAB7EE000AF1EE10FA84ED9D
:101C4000410A3FF62CAFF5EEC0BAB7EE000AF1EE4E
:101C500010FA84ED420A3FF636AFB5EEC08AB7EE11
:101C6000000AF1EE10FA84ED430A7FF540AF9FEDD4
:101C70002E8A45E7DFED2B7A20EE270A03F096F84F
:101C8000F7EE007A30EE270AF6EE007A20EE270A09
:101C9000F1EE067A20EE270A05F6A4269BE6B6EEBC
:101CA000007AB4EEC70AF1EE10FAF1EE006A4ABF0C
:101CB000FFEE007AF0EE087AE0EE267A05F6A4262A
:101CC00058BFE0EE667AB7EE006A37EE860AF1EEAC
:101CD000066A20EE070A20EE260A7CE6B0EE007ABD
:101CE000FFEE007AE0EE077A05F6A426B7EE006A6A
:101CF00037EE860AF6EE006A20EE260AB1EE067A84
:101D000020EE070A67E600BF0000802FF5792B6DF3
:101D100000002042549F8CBF8E5D93C0DB0F494072
:101D20002EBD3BB3DB0FC9400000000000007A4627
:101D300000004843B6EE007AB4EEC70A5FED067ABB
:101D4000D5F8B03AF1EE10FAB1EE060A58BFB0EE8F
:101D5000670AE418C5F8AC4A6AD305F6A42640E63B
:101D6000B5EEC08AB7EE000AF1EE10FA84ED4A0A29
:101D70007FF512AF1FED148A17E7B5EEC0CAB7EEB4
:101D8000000AF1EE10FA84ED480A3FF6DDAEB7EE38
:101D9000000AE5E6B0EE4A0AB7EE008A84ED518A01
:101DA00084ED520A04F5AA74A7427FF41DAF2C1DDE
:101DB00003E004F5AA74B4420FD0D4F8F430002B39
:101DC000F7D02046CDF800B043465246494604F5C8
:101DD000AA74FFF79FF8B442EFD1D5F80C3BABEBF8
:101DE00008084344C5F80C3B17B0BDEC0A8BBDE8AE
:101DF000F08F37EE808AF5EE007A28EE0B8A28EE17
:101E0000278AB0EE480A02F099FFF0EE407AB0EE71
:101E1000480AB0EE678A02F0C9FFDCE65FED3D7A62
:101E2000B4EE679AF1EE10FAC8BFB0EE679A0EE60C
:101E300003F09AF85FED427A05F6A42620EE279A81
:101E400005E6B0EE060A05F6A426C4E5F0B583B0B3
:101E5000064600F0F1FE002800F08480054600F000
:101E6000EBFE07462846002F6DD04FF4007200218C
:101E70003D483E4C04F0ECFF4FF4007200213B481B
:101E800004F0E6FF80230093384A3749B069002305
:101E9000FFF770FD344A9FED366ADFF8D8E0B81CD2
:101EA000BFEE007AF7EE006AA91C02F5007C29E07B
:101EB000F4EEE67AF1EE10FA4DDC67EE867AFDEE8E
:101EC000E77A17EE903A1BB2F4EC017A21F8023F60
:101ED000F4EE677AF1EE10FA42D6F4EEC77AF1EE3C
:101EE00010FA1DDBF4EEE67AF1EE10FA30DC67EE64
:101EF000867AFDEEE77A17EE903A1BB2944520F809
:101F0000023F12D0F2EC017AF4EE677AF1EE10FAA9
:101F100024D6F4EEC77AF1EE10FAC9DA7346D3E7A5
:101F20007346944520F8023FECD100222946304602
:101F300000F002FF01223946304600F0FDFE28463F
:101F400000F0D0FE384603B0BDE8F04000F0CABE55
:101F500047F6FF73D2E747F6FF73B5E70023B3E711
:101F60000023CBE703B0F0BDB838FF1FB836FF1F22
:101F700000FEFF460180FFFF10B5094C204600F02F
:101F80000BFB4D21204600F03BFB06489FED060A67
:101F9000FFF794F9BDE810400448102100F0DABDC5
:101FA000F43AFF1F4420FF1FA6552C470002FF1FD5
:101FB0002DE9F84F794F7A4DDFF808922DED068B19
:101FC0009FED789ADFED78AA9FED78AADFED789AF9
:101FD000DFED788A07F11C083E464FF02D0B05F621
:101FE000A42A07EE90BAF8EEE77AF2EE080A77EE46
:101FF000C97AB0EE000AC7EEA00A02F011FE6E49DF
:102000000B46D3F8F4201C4603F5AA737AB39A451D
:10201000F7D1694800240AE0D0F84C21D4F84C31BB
:102020009A4238BF044600F5AA7050450AD090F88D
:102030005031002BF7D1002CEED1044600F5AA70E8
:102040005045F4D19CB90C4601F5AA718A450CD0D3
:10205000002CF8D0D1F84C21D4F84C319A4238BF3A
:102060000C4601F5AA718A45F2D1002C59D094EDA5
:10207000137A6168D5F80C3B0A68C4F848B1F7EEEA
:10208000007AE7EE697A4FF0010B4A4420EE2A0A03
:10209000C4F84C3184ED4A0AC4ED4C7A84F850B14E
:1020A00084ED4BAAC4ED4E8AC4ED4D8AC4ED168A68
:1020B00082EAD2330A6042EA0B0202FB03F343F0E6
:1020C0003D0183EAD31201FB0232534083EA93338A
:1020D00007EE903A9FED397AB8EE678A28EE078AC4
:1020E000B0EE480A03F0A2FE38EE400A0023C4ED29
:1020F000228A84ED1C0AC4ED2E8AC4ED2D8AC4ED1B
:102100002C8AC4ED2B8AC4ED3A8AC4ED3B8AC4ED17
:102110003E8AC4F8F4B0C4ED458AC4F810B1C4F8DE
:102120003C31B42001F00EFBB04502D056F804BF9C
:1021300057E740F6C41001F005FB05F6F8352D21F0
:10214000002004241E4B03E003F5AA739D4218D01F
:1021500013F8042C002AF7D053F80C2C8A42F3D140
:1021600053F8602C03F8040C0AB143F8604C53F8A0
:10217000442C002AE8D043F8444C03F5AA739D424E
:10218000E6D1BE4202D057F8041FDBE7BDEC068B58
:1021900040F2DC50BDE8F84F01F0D4BA74B300004F
:1021A0004420FF1F00008A420000DC433333333FEA
:1021B0009A99993E000000004820FF1F0000802FE0
:1021C0009C21FF1FF5792B6D10B52D492D4A0C6808
:1021D0002D481060002382B013611381D360002C5E
:1021E0004AD0234619465B69002BFBD14A61274B35
:1021F0002748106000212748906151615160917219
:10220000022003F1180258721A611972D96099619B
:10221000D96122466469002CFBD153611E4A5C617E
:102220005C609C721A60194800F092FB1B4B1C49C1
:1022300019600A221A721B4800F0AEFD134B1149B7
:1022400000942246174800F01BFE174A174915480C
:1022500002F070F9164800F09FFD01220092094932
:102260000A4B134800F00CFE0F4A1049104802B008
:10227000BDE8104002F05EB90A601446B7E700BF3F
:10228000503BFF1FD83AFF1F10730000B83AFF1FE2
:102290001C7300004420FF1FB8B30000F43AFF1F76
:1022A0009CB30000003BFF1F4020FF1F352F0000A4
:1022B000143BFF1F0020704700207047F8B51F4CEB
:1022C000037A0D465A000127C1F30721064620462E
:1022D00084F8A32084F82E7184F82D7102F056F949
:1022E000E9B2204602F052F90021204602F0D2FA6B
:1022F00008B10020F8BD317A3B460222204602F0A8
:102300003FFB0128F5D994F8A02094F8A10082425F
:1023100010D2A118531CDBB2097E84F8A030984279
:102320004FEA012106D923440232187E84F8A02006
:102330000843F8BD4FF0FF30F8BD00BF682CFF1F09
:10234000F8B5154C037A24294FF0010708BFC28065
:10235000BB400D462046C1F30721164684F8A33042
:1023600084F82E7184F82D7102F010F9E9B220463C
:1023700002F00CF9C6F30721204602F007F9F1B28A
:10238000204602F003F93946204602F083FAB0FAFB
:1023900080F04009F8BD00BF682CFF1FF8B5044667
:1023A0007A480E46154602F021F9052001F0CAF9D7
:1023B00006212046FFF782FF002E76D0B02800F0DD
:1023C000DF800127277144F2600230212046FFF7A9
:1023D000B7FF002872D06C2226212046FFF7B0FFFD
:1023E0004FF4F97228212046FFF7AAFF40F6227227
:1023F0002C212046FFF7A4FF44F246423C21204610
:10240000FFF79EFF40F2371224212046FFF798FF86
:102410005F4B9E4200F2AE80002234212046FFF73F
:102420008FFFB5FBF6F107EE905AF8EE676A07EEFC
:10243000906AB8EE677A01F01F02C6EE877A322101
:10244000204607EE102AF8EEC76A9FED527A77EE23
:10245000E67A67EE877AFCEEE77A17EE903AC3F3F6
:102460000A0343EAC222FFF76BFF44F2FF52302116
:102470002046FFF765FF732202212046FFF760FF29
:102480004FF4C87001F05EF941F61D522E2120462E
:10249000FFF756FF072204212046FFF751FFB02225
:1024A00006212046FFF74CFF46E00123237144F24A
:1024B000600230212046FFF743FF08B90020F8BD35
:1024C0006C2226212046FFF73BFF4FF4F9722821AA
:1024D0002046FFF735FF40F622722C212046FFF7F9
:1024E0002FFF44F246423C212046FFF729FF40F2ED
:1024F000371224212046FFF723FF44F2FF02302148
:102500002046FFF71DFF732202212046FFF718FF28
:102510004FF4C87001F016F941F61D522E212046E5
:10252000FFF70EFF042211462046FFF709FF302275
:1025300006212046FFF704FF10220A212046FFF75C
:10254000FFFE00220E212046FFF7FAFE43F63C4232
:1025500010212046FFF7F4FE47F67F722221204625
:10256000FFF7EEFE362224212046FFF7E9FE012088
:102570006072F8BD3A4634212046FFF7E1FE50E78D
:102580000120002323716072F8BD00BF682CFF1F7B
:102590004066030100000045014A0021FFF7FEBE2E
:1025A000605AC50A10B50446D1B1012901D00020F6
:1025B00010BD40F273122A21FFF7C2FE0028F6D0A8
:1025C000882220212046FFF7BBFE0028EFD0E288BA
:1025D00020462421BDE8104022F00402FFF7B0BEDF
:1025E00055222021FFF7ACFE0028E0D0E2882046EB
:1025F0002421BDE8104042F00402FFF7A1BE00BF55
:1026000038B50546F1B1802903799ABFC1F180043C
:1026100044EA0424002433B9224628462221BDE896
:102620003840FFF78DBEC288002322F010020371EC
:102630002421FFF785FE224628462221BDE83840A6
:10264000FFF77EBE012347F67F7222210371FFF759
:1026500077FEEA8828462421BDE8384042F010027F
:10266000FFF76EBE9FED1D7ADFED1D7AE0EE077A73
:1026700038B5FCEEE77A054617EE904AF4B1802CA7
:1026800003799ABFC4F1800444EA0424002433B9D6
:10269000224628462221BDE83840FFF751BEC288B5
:1026A000002322F0100203712421FFF749FE224685
:1026B00028462221BDE83840FFF742BE012347F6F5
:1026C0007F7222210371FFF73BFEEA88284624210E
:1026D000BDE8384042F01002FFF732BE000001436F
:1026E000EE7CFF3E2DE9F84F374B38481A683849E1
:1026F00012681B79CB7782422AD2364B1B78002B8B
:102700004AD1DFF8E0A0DFF8E090DFF8E080324F58
:10271000DAF80060D9F800B0B8F800403D88002E23
:1027200040D0BBF1000F16D00BF10402311D02EBBB
:10273000450201EB440100F07FF9403540347F2C25
:1027400011D87F2DA8F800401AD83D80BDE8F88F39
:10275000A0F58070D5E7311D01EB4401403400F055
:102760008AF97F2CEDD900243046A8F8004000F00B
:10277000B9FA1A4B7F2D1A68CAF800201C60E4D9F8
:10278000002458463C8000F0ADFA154B1A68C9F891
:1027900000201C60BDE8F88F4FF0E0230122C3F851
:1027A0000822AEE7BBF1000F07D00BF1040101EBEB
:1027B000450100F080F94035C1E74FF48072594679
:1027C00004F046FBBBE700BF403BFF1F4013FF1F69
:1027D000008000403C3BFF1F3A3BFF1F2C3BFF1F8C
:1027E000343BFF1F283BFF1F303BFF1F383BFF1FC1
:1027F00038B50021044600F0C3FA88B172B61C4A0D
:102800001368002B2BD01B490D68002D2CD01560B0
:10281000194A08600021118062B6184600F062FA79
:102820000121204600F0ACFA98B172B6134A136841
:1028300083B113490C6854B11460124A0860002433
:10284000148062B61846BDE8384000F04BBA086004
:1028500062B638BD0B4910600B8062B638BD0649C0
:1028600010600B8062B6DBE7086062B6D8E700BF95
:10287000283BFF1F2C3BFF1F383BFF1F303BFF1F38
:10288000343BFF1F3A3BFF1F10B5044600F020FC0D
:10289000204610BD284A294BD16B41F40041D16339
:1028A000116C41F002011164D16B41F00201D1635E
:1028B0001A68002A37DBD3F88020002A33DB4FF078
:1028C000804270B4C3F80021D3F80021002AFBDB5A
:1028D00001251B4A00264FF2FE01C3F804114FF4F4
:1028E00080341E6617495D609A60174ADC60196182
:1028F0005A61C3F8E060C3F8845005F18E45C3F80F
:102900008850C3F88C40C3F89010C3F8942020B9C5
:102910000E4B4FF4C0629A609A610C4B4FF4C06248
:1029200070BCDA60704728B9084B4FF4C0629A60F7
:102930009A617047704700BF0080044000F0024079
:10294000010000071B1F0100001F1F1F00B00440F3
:1029500038B5254C0121204600F058FB234A244B72
:10296000002010601860FFF795FF224B22494FF4BA
:10297000C0625A602368214A19602149D9602149FF
:1029800019615A6002254FF480720621DA829D6037
:10299000DA8398829983986123791B4D03F18043F0
:1029A00003F504338D2218701A70184B2079184AD9
:1029B000E8764FF0807119601A6000F0D5FA22793C
:1029C000144C15492070531102F1100003F1382303
:1029D000124C41F8204040339B0002F01F020121BD
:1029E00001FA02F21A6038BD403BFF1F283BFF1F6F
:1029F000303BFF1F00B004404012FF1F02000101E6
:102A000000FEFFFF22F002400080004000F0024084
:102A1000010000903C3BFF1F0016FF1FE526000051
:102A2000024A0349034801F085BD00BF4020FF1F53
:102A300089280000403BFF1F2DE9F04F00F5807E04
:102A4000B1E8A00AB2E84015C5EA0643C6EA254443
:102A5000C7EA0845C8EA2746C9EA0A47CAEA294830
:102A6000CBEA0C49CCEA2B4AA0E8F8078645E7D127
:102A7000BDE8F04F70474FF000022DE9F00F00F570
:102A8000807C00BFB1E8A00AC5EA0203C2EA25447F
:102A9000C7EA0205C2EA2746C9EA0207C2EA29488C
:102AA000CBEA0209C2EA2B4AA0E8F8078445E9D13B
:102AB000BDE8F00F70474FF000022DE9F00F00F570
:102AC000807C00BFB1E8A00AC2EA0543C2EA05045F
:102AD000C2EA0745C2EA0706C2EA0947C2EA09088C
:102AE000C2EA0B49C2EA0B0AA0E8F8078445E9D11B
:102AF000BDE8F00F70472DE9F00F089C00F5007B52
:102B000051F8045B53F8046BC5EA0647C6EA254949
:102B100052F8045B54F8046BC5EA0648C6EA254A35
:102B2000A0E880078345EBD1BDE8F00F704700BFF8
:102B30004FF0E0230122C3F80822704703681847CA
:102B40000B680360704700BF0B680360704700BFED
:102B5000704700BFF0B5B1F5607F8DB00E460F46EF
:102B600028BF4FF46076054672B62B4B00241860E0
:102B70002A4B2B481C807022214604F069F9C7B10A
:102B8000274821464FF0010C4A0901F01F0350F875
:102B900022400CFA03F3013123438E4240F82230E5
:102BA000F2D828460023438001339E4200F582700C
:102BB000F9D81C4C257815B162B60DB0F0BD0820CF
:102BC00000F0D0FC184B056080220271064600938D
:102BD000069302A9154B029308A8FFF7B1FF144A08
:102BE00006A9304600F0A8FA069B08A8DB689847BB
:102BF000009B02A8DB6898472378002BDCD10D49A5
:102C00004FF0E0220123D02081F84000C2F80831C3
:102C1000237062B60DB0F0BD483BFF1F5C3BFF1F49
:102C2000603BFF1F583BFF1FBCB30000312B00006F
:102C3000FFA7020000E400E030B472B6244D254C3A
:102C40002A8804F1700104EB82038B423CD204F128
:102C50006F01C91A501C00EB910002E00132824260
:102C600032D09C4653F8041B0029F7D0B1FA81F00A
:102C70004FF00043C34021EA0301CCF8001001B932
:102C80000132154B2A801A88013291B2198062B63E
:102C9000ACEB040C4FEAAC0CC0EB00640CEB8C1CEE
:102CA00041F67C73C0EB841003EBCC1303EB800381
:102CB0000A4800680124C4541844094B1C889442F3
:102CC00038BF198030BC704762B6002030BC7047F6
:102CD0005C3BFF1F603BFF1F4C3BFF1F483BFF1F40
:102CE000543BFF1F428872B60378012B03D9013B86
:102CF000037062B6704751090C48D24302F01F02BC
:102D00004FF0004310B4D340094C50F82120134336
:102D1000228840F821308A42064A88BF21801388E1
:102D2000013B138062B65DF8044B7047603BFF1FA8
:102D30005C3BFF1F4C3BFF1FC36813B91DE0DB6802
:102D4000E3B1187A9042FAD110B4586893F809C0E8
:102D5000006950F82C4054B1DB682BB1187A9042CE
:102D6000F3D0DB68002BF9D15DF8044B704740F8D5
:102D70002C10087801300870EEE77047704700BFEC
:102D8000437A8B4206D90369002253F8210043F8A5
:102D900021207047002070470449002202604260F1
:102DA000028102740A68C26008607047D03BFF1F4E
:102DB000037CFBB903680146FBB14368EBB1427A7F
:102DC0005B7A9A421CD230B472B62B4B1C68ECB1C1
:102DD000E368C3B1486801E0DB68A3B15A68824286
:102DE000FAD193F809C04A7A9445F5D162B6042025
:102DF00030BC7047012062B67047032062B670474E
:102E0000022062B670476469002CE1D11B4C236834
:102E100043B1994202D10BE0994207D01A46DB68D0
:102E2000002BF9D1052062B630BC704702F10C04CA
:102E30000D68E868E8B1C36823B908E0DA681846A5
:102E400032B113468142F9D162B60620D0E703467B
:102E5000D960CB6823600020C860AA7A01231A4495
:102E6000AA724A682B72947A13721C4494720B747F
:102E7000D9E7E960EDE700BF503BFF1FD03BFF1FE4
:102E800010B5047C9DF808E00CB1012010BD027261
:102E900080F809E0BDE81040C0E90013FFF788BFE3
:102EA000037C002B37D010B54368427A5B7A9A4294
:102EB000044638D272B60168CB68002B2DD09842F8
:102EC00033D01A46DB689C422AD0002BF9D16268C5
:102ED000607A136953F8200048B1FFF703FF72B618
:102EE0006268617A1369002043F8210021688B7AB7
:102EF000013BDBB28B7203B90B72937A013BDBB2FD
:102F0000937203B913720A4B00201A682074E260AE
:102F10001C6062B610BD0120704762B6032010BD70
:102F2000E368D360D3E7022010BDC368CB60CEE76F
:102F3000D03BFF1F10B50446FFF7B2FF094A1368E4
:102F400043B19C4202D108E09C4205D01A46DB689E
:102F5000002BF9D1204610BD0C32E36813602046E7
:102F600010BD00BFD03BFF1F084B1A7862B908485C
:102F70004FF0E02101224FF0D00C80F840C0C1F8A2
:102F8000082110461A70704700207047583BFF1FF9
:102F900000E400E04FF0E022F8B5D2F8FC3D174D18
:102FA000174943F08073C2F8FC3D2B680C6843F06E
:102FB00001032B606E689CB1237A20466BB12368B5
:102FC0006F681B6898476B68E188DB1BC3F30F12BF
:102FD000B1EB131FA28038BFE2806469002CEBD1F3
:102FE000064B084A5B681088074C9B1BC3F30F1104
:102FF000B0EB131F218038BF1180F8BD001000E036
:10300000503BFF1F5A3BFF1F563BFF1F10B472B6C9
:1030100021B9026812B103790F2B44D92A4C2188B7
:10302000002341FA03F212F0010209D00133102B00
:10303000F7D162B60022026003715DF8044B70475D
:103040004FF0010C0CFA03FC41EA0C01218062B63E
:103050001E495FFA83FC80F804C00C6C44F0020443
:103060000C64CC6B44F00204CC6303F10073A1F553
:10307000802140F2824403F590630C605B0181F88B
:103080001AC081F81EC081F818C081F81FC05DF811
:10309000044B0360C3E90022C3E90222C3E904220E
:1030A000C3E906227047084C218841FA03FC1CF052
:1030B000010FB5D003F1007303F59063B2EB431F2A
:1030C000AED162B6B9E700BFD43BFF1F0080044019
:1030D00003790F2B11D8094A937672B6084990F8F4
:1030E00004C00B88012202FA0CF223EA02030B80CF
:1030F00062B6102200230271036070470080004016
:10310000D43BFF1F704700BF704700BF704700BF30
:10311000704700BF704700BF38B5064CA4F160058A
:1031200054F8083C2046DB68183C9847AC42F7D17D
:1031300038BD00BF283CFF1F2DE9F041036888B06F
:1031400004461746002B3DD000229A600122DA6027
:10315000294DDFF8BC801D442D1151F8083B029326
:1031600005EB4506F60004A85B68984758F806305A
:1031700006F108004044DB6801909847029B1F4A13
:10318000029204A9019848F806309B689847029B70
:1031900004A8DB689847236819491F6003229A60D6
:1031A00005F13002531103F138232079685440337C
:1031B00001209B0002F01F0200FA02F21A6008B020
:1031C000BDE8F0810F4AD36B43F40003D36300BF23
:1031D0000D4B01221A6003F580730C4A0360986856
:1031E0000028B5D0103393422360F8D1002020602E
:1031F00008B0BDE8F08100BF008FFCBFCCB3000079
:1032000030E400E00080044000700340407103405F
:10321000D83BFF1F0448054A50F8083B01211B68B2
:10322000C2F80C11184700BFD83BFF1F00700340C5
:103230000448054A836901211B68C2F81C1120302B
:10324000184700BFD83BFF1F007003400448054AE1
:10325000036B01211B68C2F82C113830184700BFDE
:10326000D83BFF1F007003400448054A836C0121CE
:103270001B68C2F83C115030184700BFD83BFF1FF5
:1032800000700340094B0A480A4A0B4910B40B4C22
:103290001C6098609C6118621C6398639C6418654C
:1032A0005DF8044B002001F045B900BFD83BFF1F7B
:1032B000053100004020FF1F19310000BCB30000A1
:1032C00008B5FEF759FEFEF773FE00F0BFFFFAE700
:1032D00001B441EA000313F003036FD1403A41D334
:1032E00051F8043B40F8043B51F8043B40F8043BE0
:1032F00051F8043B40F8043B51F8043B40F8043BD0
:1033000051F8043B40F8043B51F8043B40F8043BBF
:1033100051F8043B40F8043B51F8043B40F8043BAF
:1033200051F8043B40F8043B51F8043B40F8043B9F
:1033300051F8043B40F8043B51F8043B40F8043B8F
:1033400051F8043B40F8043B51F8043B40F8043B7F
:1033500051F8043B40F8043B51F8043B40F8043B6F
:10336000403ABDD2303211D351F8043B40F8043B0F
:1033700051F8043B40F8043B51F8043B40F8043B4F
:1033800051F8043B40F8043B103AEDD20C3205D31F
:1033900051F8043B40F8043B043AF9D204320AD015
:1033A000D2071CBF11F8013B00F8013B03D30B7897
:1033B00003704B78437001BC704700BF0C2A4AD39E
:1033C00010F0030311D0C3F10403D21ADB071CBFB2
:1033D00011F8013B00F8013B07D311F8013B00F85D
:1033E000013B11F8013B00F8013B11F003033FF4EE
:1033F00075AF30B4043AC91AC3F1040C51F8044B48
:10340000022B19D0032B0BD0240A51F8043B1D06C4
:1034100044EA050440F8044B1C46043AF4D216E092
:10342000240E51F8043B1D0244EA050440F8044B05
:103430001C46043AF4D20AE0240C51F8043B1D0463
:1034400044EA050440F8044B1C46043AF4D2043222
:10345000B1EB0C0130BC043AA0D3013A11F8013BA6
:1034600000F8013BF9D20B7803704B7843708B78EE
:10347000837001BC704700BF08B50F4C636B5803E5
:103480000DD4636B59050FD4636B1A0511D4636BAC
:10349000DB04F3D500F012F8636B5803F1D500F0AC
:1034A00025FA636B5905EFD500F008F8636B1A0530
:1034B000EDD500F003F8EAE70080044008B5FFF717
:1034C000DBFF00BF014B10221A807047002005402F
:1034D000704700BF0B490A6848B108B5EC4613189D
:1034E000ACF50050834204D20B60104608BD104674
:1034F000704703F017FD0C234FF0FF3203601046B6
:1035000008BD00BF542BFF1FFEE700BF074BDA7852
:10351000802A01D0002070470549064848640022EF
:103520005A70DA78802AFCD00120704700E007400A
:103530000080044000002822074BDA78012A01D0DD
:103540000020704760225A70DA78802AFCD1034B41
:10355000034A5A640120704700E00740008004409D
:103560000000060203F0B0B9034B002210215A619B
:103570005A6018605961704700D00340704700BF1F
:103580004FF0E02C2DE9F0414FF00068CCF80481B9
:103590004FF08058CCF804814FF00058CCF80481EB
:1035A0002F4A3049304C314D314E4FF08048CCF8E5
:1035B0000481282300204EF6FF7E09274FF00048A3
:1035C000CCF804814860C1F808E0CB604B61CB6166
:1035D0004B62CB624B63CB634B64D3605361D3616B
:1035E0005362D3625363D36353640F606860C5F85A
:1035F00008E0EB606B612F606060C4F808E0E36096
:10360000636127605060C2F808E0D36053611760BF
:10361000F16A41F40071F162716802F5803241F0A3
:103620000071716047F6FF740821506082B09460A9
:10363000D3605361116000F0ADFEFFF79FFF0D4CAA
:1036400023680093009B132BFAD900F00BFD23682D
:103650000193019BB3F5967FF9D302B0BDE8F081E9
:1036600000900B400080034000800B40009003401E
:1036700000800440383CFF1F3F2818D810B4124B7C
:1036800053F8302092F8804234B1012381B982F896
:1036900000315DF8044B704703EBC0035B681A68A8
:1036A00059B142F003025DF8044B1A60704770474D
:1036B00082F880305DF8044B704722F002025DF81A
:1036C000044B1A60704700BFDCB300003F2820D8CD
:1036D0001B4A02EBC00301295B680FD004291DD0EF
:1036E00052F83000002280F8802299B1022922D0BD
:1036F00003290DD14FF481721A60704752F83000DF
:103700004FF4A27280F880121A601A6822F0200228
:103710001A6070474FF480721A60704752F8301088
:103720004FF4A272012081F880021A601A6842F0F8
:1037300020021A60704740F203121A60704700BFFF
:10374000DCB300002DE9F843044672B6214F4FF078
:10375000E02293693D68D2F8042D62B6520102D589
:10376000322B88BF01350CB9BDE8F883DFF86890CB
:10377000DFF86880A9EB03039B08A8FB03234FF441
:103780007A7202FB05F505EB93054FF0E02672B661
:10379000B1693A68D6F804CD62B6A9EB01039B087B
:1037A000A8FB03031CF0806FC5EB93034FF47A7002
:1037B00002D0322988BF013200FB0233B3F57A7F91
:1037C00004D3013CD0D005F57A75E0E700F03EFD6A
:1037D000DDE700BF383CFF1F1FBF0200176CC1169A
:1037E00010B472B61A4A1B4C042312F8011B0907C5
:1037F00043F0010C05D554F8331069B154F83C106E
:10380000C9B10433182BF0D162B6134B00221A70E1
:103810005DF8044B00F09CBC0F4904EBC302083078
:1038200050600A780D4844F83300013A0A7062B6D5
:103830005DF8044B7047084A094904EBCC03083093
:103840005860137844F83C10013B137062B6EFE700
:1038500040B600000000FF1F363DFF1F88004000FB
:10386000C8004000421E042A0ED81C4B400140F004
:10387000100010B4034472B6194CA05C03281DD884
:10388000DFE800F01416031970470520A05413F068
:10389000080F088814BFC8228822083142EA004273
:1038A00059601A6062B65DF8044B70470320EDE77B
:1038B00008330220EAE708330420E7E7094B53F80E
:1038C000220038B1084B53F82200416043F822101F
:1038D00062B6E8E743F82210034BF7E70000FF1F4A
:1038E000243DFF1FFC3CFF1F103DFF1F2DE9F04F43
:1038F000DFF810A3DFF810B385B03DE0B14D9E08AE
:1039000005EBC607013A796813F00803D4B2A1F1B8
:10391000080040F0BA8055F836204FEA124C120CDD
:1039200021F808CC00F0A98021F8063C41F8043CBD
:10393000A54B53F82420002A00F00382A34B53F830
:103940002420506043F82400A14B33F81420944401
:1039500023F814C000F0DCFB002800F0EB8117F026
:10396000080F9C4B00F1080018BF5B46786045F8D3
:10397000363008238AF880309AF880305907DCB254
:103980001DD5954B1B78BBB194490A7802F0FF0313
:103990002AB1013BDBB20B70002B00F04883904949
:1039A0000A7802F0FF032AB1013BDBB20B70002B57
:1039B00000F0ED8100F0F4FB04238AF8803014F06D
:1039C000080200F0CC819AF89020D3B2120995D168
:1039D000DFF8F0919B0809EBC30459F833006468E1
:1039E000C0F3830009287CD00FD80138012808D8FB
:1039F0007C4A158842F22100854200F0FB8149F89B
:103A000033B001238AF89430B3E70D28F9D1D4E913
:103A10000007754D49F833B0724E744CC9F8102048
:103A200083B240F2816CC9F818202A6063454FF0D8
:103A30000102C6E90007227000F2FF80B3F5D06FE3
:103A400080F0CB82B3F5817F00F0268240F2DE80E9
:103A500040F2023293427BD107F07F07052F00F23C
:103A60000881020C40F00581614911F8273043F0CC
:103A7000020301F82730134670E017F0080F554B8A
:103A800018BF5B4645F8363073E700F061FB5949D3
:103A9000594A51F82430002B00F05781586841F8FA
:103AA0002400115D03F108007860032905D8DFE8E0
:103AB00001F0120F1502042111551A8817F0080F92
:103AC00014BFC823882343EA024345F8363050E741
:103AD00002211155F1E703211155EEE7052111559A
:103AE000EBE7414D2A683AB34449404C0F884448BB
:103AF00094F800E00678402F3B4628BF4023BEF1F3
:103B0000000F8EF0010E84F800E046F0020486F00B
:103B10000106067009EBC400426014BFC82088206B
:103B200040EA03401A44FB1A9BB249F834000B8068
:103B3000002B00F036812A602A4B1A88B2F5A06F5C
:103B40007FF45FAF9A788AF8982000225A7058E77D
:103B5000B3F5A06F40F08D8000221346B6F806C082
:103B60002748944528BF944667460278402F28BFCF
:103B7000402742F0020E3E0409EBCE0846F0C8068C
:103B8000C8F8043049F83E6000263B442670BCEB80
:103B9000070782F00106067040F01181BCF13F0F6B
:103BA0004FF0010509D946F00206027009EBC60282
:103BB00025705360882349F8363001238AF8943001
:103BC0001FE700BF0000FF1FCC3CFF1FE03CFF1FB2
:103BD0002C3DFF1F88004000293DFF1F2A3DFF1F8D
:103BE000583DFF1FF43CFF1FC03CFF1FBD3CFF1FA3
:103BF000C0200740FC3CFF1F243DFF1FBE3CFF1FB1
:103C0000BC3CFF1F00200740C8004000802B00F094
:103C10008B81822B2DD107F07F07052F29D8A74A4A
:103C200000231380A64B13F827309F0740F1FC8137
:103C300001231370A14B022290E742F2210C63454D
:103C4000BBD01DD942F2212293420DD1BFB2002F29
:103C500082D19C4B1A689C4B1A609C4BC0F3074066
:103C600000221870134679E742F2213293423FF462
:103C700073AF0F238AF8C03001238AF89430C0E66E
:103C8000B3F5086F00F04A81B3F5106FF1D1904B96
:103C9000C0F307400425187059F835301A0606D4C9
:103CA0000135182D0CD059F835301A06F8D509EB26
:103CB000C50301355868083800F04AFA182DF2D1CA
:103CC000844A854B0292854A0192854E854ADFF8E7
:103CD00048820394009200251C4656F8047B2FB1BD
:103CE00038467F6800F034FA002FF9D1009BD8F8ED
:103CF000007043F8045B46F8045C00932FB138462B
:103D00007F6800F025FA002FF9D1029B48F8045B88
:103D100043F8045B0293019B23F8025B0193237831
:103D2000023B032B00F20981DFE813F03F0104019D
:103D30003F0104016C4A45F83600137801331370D3
:103D400017E643F82400674BFCE5115D022926D0F5
:103D50007FF60FAE03291DD10123135509E6E007B5
:103D60006ED4210621D4A20708D5604B93F8882091
:103D70000221D2B283F8882083F88010E30603D5AD
:103D80005A4B102283F8802005B0BDE8F08F00F078
:103D900039FA0FE617F0080F14BF03230223135557
:103DA000E7E53F2F98BF0022C5E6504B80220D214A
:103DB00083F8C01083F88020A207DFD5D5E746F04E
:103DC00002060270402F09EBC6003A4628BF402287
:103DD00043601004134440F088000121BA1A49F8E6
:103DE0003600217055D02B60414B1A8001238AF890
:103DF000943006E692885AB93E4AE51D14F8011B34
:103E000002F8011FAC42F9D13B4A1268862A3CD025
:103E10003A4C3B4825780278002D85F00105257045
:103E200042F0020482F00102027009EBC4024FF07A
:103E30000000506014BFC822882249F83420DEE513
:103E40002A4B2F482F49304C022583F8945002709A
:103E50002E480C602E4D48608C600D24CD60FF20F4
:103E60000A618A6183F8C04001219F2483F8880099
:103E700083F8800083F8982083F88C0083F88440CE
:103E800083F8941005B0BDE8F08F224A0F2010701F
:103E9000BEE73F2FA7D890E607F07F07052F3FF634
:103EA000E8AE000C7FF4E5AE054A12F8273023F0A7
:103EB000020302F82730002213464FE6C43CFF1FDE
:103EC000C0200740383CFF1F543DFF1F503DFF1FDF
:103ED000293DFF1F103DFF1F243DFF1F2C3DFF1FED
:103EE000CC3CFF1FE03CFF1F363DFF1F002007407A
:103EF000BE3CFF1F473DFF1F483DFF1FBD3CFF1F4E
:103F0000BC3CFF1F0000FF1F880040003C3CFF1F1F
:103F10007C3CFF1F2A3DFF1FFC3CFF1F484B4949CB
:103F20001B780B700B4619E6464A00231380454B5D
:103F3000022213E64FF001032370434BB34204F116
:103F400001047FF4CAAE414E039CDFF81481404F58
:103F500000233370042518F8013B3E4AAB541B077D
:103F600025D445F0020145F0030204350023182D45
:103F700049F8313049F83230EDD1374F25783A7869
:103F800042F0020009EBC00C85F00106CCF80430C9
:103F9000002D4DD1882382F0010226703A7049F835
:103FA000303001238AF894302BE52570C5E700F006
:103FB000AFF8002832D009EBC5030830586049F843
:103FC000357000F0A5F808B345F0010309EBC30212
:103FD0000830506049F833B0C3E7204A5368002BDB
:103FE0003FF447AE000CBFB204E013690C32002B63
:103FF0003FF43FAE11888142F7D15188B942F4D1E4
:10400000000A03280CBF1A781289A7E53378013318
:10401000337045F0010349F83300A2E7337849F8DB
:10402000350001333370CCE7064B022296E500BE23
:104030002670C82382F001063E7049F83030BCE596
:10404000293DFF1FC43CFF1FE03CFF1F363DFF1F03
:1040500088004000C0200740BC3CFF1FE0B50000C6
:1040600040B6000010B500F0FBF90023234A1946C2
:1040700042F8331002EBC3000133182B4160F7D133
:104080001F48204C436B43F480234363D4F800382B
:1040900000F5283000F5807043F04073C4F8003814
:1040A000032480F84440184BA02480F84040C2F319
:1040B000072483F89C40C2F30744120E83F8B040F3
:1040C0004FF0FF0C83F8B420012283F880C00F4C1E
:1040D00083F888C083F810C083F8942001704FF0F3
:1040E000E02183F884204FF0700C4FF4001210236D
:1040F00084F835C0C1F80421037210BD0000FF1F11
:104100000080044000D000400020074000E400E0B0
:1041100072B60D490B68B3FA83F01D2810DC4FF01E
:104120000042C24023EA02030B6062B6074A00EB7A
:10413000C000C10002EBC000002353504360704731
:1041400062B60020704700BF582BFF1FD017FF1F1B
:104150000E4BC31AB3F5076F10D20D4A127872B91D
:1041600072B60C4A0C49A2FB032308684FF00042C8
:104170001B0922FA03F303430B6062B67047074A38
:104180001278002AECD0FFF72BBB00BFD017FF1F1F
:10419000363DFF1F398EE338582BFF1F293DFF1F87
:1041A00070B50B4C257845B90A4E31680123237050
:1041B00009B14B8813B90023237070BD9B000B809D
:1041C0000420FFF74FFB002335602370F5E700BFA5
:1041D000373DFF1F383DFF1F084B094A1B6810B5CC
:1041E00054881BB11A885B88D31A1C440CB1204632
:1041F00010BD00F02BF8204610BD00BF3C3DFF1F56
:104200002C3DFF1F38B50E4B1B7853B90D4C216860
:1042100041B103F0FF054B880B800320FFF722FB21
:10422000256038BDFFF774FF014620B1BDE8384076
:104230000320FFF717BB044B01221A7038BD00BFE3
:10424000403DFF1F443DFF1F583DFF1F2DE9F84330
:10425000324E337863B1324F3A784AB90122D907E6
:104260003A7043D49A0726D400225B073A7001D4EF
:10427000BDE8F8832B4B1A68002AF9D0EFF30582CA
:10428000002AF5D1EFF3108572B6186800283AD0ED
:10429000254C2178002936D142691A600123237008
:1042A000002A37D0916105B962B600258368457749
:1042B00098472570DCE7DFF87C8098F80020002A1A
:1042C000D2D00025DFF870902B4659F823402368A0
:1042D00020461B690135984708B12369984798F82B
:1042E0000020EBB29A42F0D83378BDE7FFF774FFB5
:1042F00068B90E4B1B780BB93378B3E7337803F00A
:10430000FE033370AEE7002DB2D162B6B0E700F025
:10431000A5F8EEE7064B1A60C5E700BF5C2BFF1F50
:10432000593DFF1F5C3DFF1F683DFF1FDCB50000CE
:104330006C3DFF1F883DFF1F703DFF1F70B5EFF301
:10434000108272B60C4C206880B10C4E0025436977
:10435000236073B19D6102B962B68368457798475F
:10436000EFF3108272B620680028F0D102B962B66D
:1043700070BD3360EFE700BF643DFF1F603DFF1F6E
:10438000FFF7DCBF024A136801331360704700BFB8
:10439000383CFF1F2A4B2B4A6020E12118705970CE
:1043A00013782948082B34D00A2B20D00C2B274B0C
:1043B0000CBF35215D2112228160C2609960DA60F4
:1043C000234B21491B78214ACBB101230B62136295
:1043D000204B1D491B781D4A012B13D9042B1BD8D8
:1043E00084234B6253621C4B01221A707047174B97
:1043F000392113228160C2609960DA60E0E70B62C4
:104400001362E5E780234B625362134B01221A705B
:1044100070470E4B2121ECE7082B06D885234B6211
:1044200053620D4B01221A707047102B94BF8623E4
:1044300087234B625362084B01221A70704700BFFA
:10444000004007405D2BFF1F00B0034000B00B4051
:10445000893DFF1F5E2BFF1F8A3DFF1F704700BF76
:1044600010B584B072B6FFF751F8174A174951607A
:10447000702080231070137013781B06FCD5D4684D
:10448000FFF75AF862B6124B9C423CBF04EB84041F
:10449000640020460F4C01A90A2200F01DF801A972
:1044A0002046002311F8012B01333AB10A2B20F8E2
:1044B000022FF7D11623237004B010BD5B00DBB2CE
:1044C000237004B010BD00BF00000240000007418F
:1044D00080969800502CFF1F01F1FF3C70B5654697
:1044E000002401E070460134B0FBF2FE02FB1E0323
:1044F000092B03F130068ABF3733F3B2DBB29042A7
:1045000005F8013FEED2631C0022CA54C8187CB1E2
:1045100062461CF8015F10F801ED8CF800E0A1EB99
:104520000C030232013B521A23449A420570EFDB1E
:10453000084670BD03460846194602F0DBBC00BFC2
:104540000020704790F8A12090F8A000101A704742
:1045500090F8A03090F8A1209A4205D95A1C034443
:1045600080F8A020187E70474FF0FF30704700BFE2
:1045700090F8A03090F8A1209A4286BFC018007E23
:104580004FF0FF30704700BF704700BFB0F82E31CA
:104590002BB190F82D31882B03D9012343600020E3
:1045A0007047C218013380F82D31012082F8A31022
:1045B000704700BF38B5B0F82E41A4B190F82D3146
:1045C000C3F18904A24284BF01224260054698BF1C
:1045D0001446A33018442246FEF77AFE95F82D3192
:1045E000234485F82D31204638BD00BF42690023A1
:1045F000A0F8A030C0F82C3110B4D2E900140A6839
:10460000C0F8343122430469C0F838310A60A3701D
:10461000426990F831311849134493F808C05B7B24
:1046200001EBCC0C1B02DCF8044003F4E06343F024
:104630006403236090F8323113449C7CDB7D01EBF2
:10464000C4011B024C68116803F4E06343F0640387
:10465000236009685368194205D003692C225A70F7
:10466000036904229A71036920225A710369802226
:104670009A705DF8044B7047DCB3000038B50369ED
:10468000DA78D5B2D206044622D51022DA706B064B
:104690001DD515F0040567D04249D4F83421002314
:1046A0000B7084F82D31002A72D0904794F82D3188
:1046B000002B6DD02369D0229A70236994F8A3202F
:1046C0001A712369012284F82C210222DA7038BD84
:1046D00015F0400CDDD19A7902F060016029D2B268
:1046E00031D09A7812F0100216D015F0010548D199
:1046F00094F82C2194F82D11914250D9511C224448
:1047000084F82C1192F8A3201A712369D0229A7090
:1047100023690222DA70DAE784F830219A7942F0CC
:1047200020029A71236994F8A1101A798729D2B2CC
:10473000CBD81C4800780028C7D0481C214484F8F6
:10474000A1000A76C1E702F0DF029A71D0F8383191
:1047500023B190F8A10084F8A0C0984723699A7803
:1047600012F01002D8D0C0E7236984F8A150C0220B
:104770009A700C4A23690121117002221879DA70AB
:10478000A5E7C0229A7023691A790222DA709EE79F
:104790000122002384F82D2184F8A3308AE71D71BB
:1047A000B3E700BF8B3DFF1F2DE9F047374C02698F
:1047B000236882B00093DDF80080D378990618D57D
:1047C000334E0546002102E0D3789B0611D52368BD
:1047D0000193019BA3EB08030F2BF5D969B1102BB3
:1047E000F2D0002090702B6980229A7002B0BDE850
:1047F000F087012002B0BDE8F08795F831216B69A0
:1048000013440521187AFEF761FF6B6995F8312191
:104810001344012193F812A05046FEF757FF0927D1
:104820004FF4967900215046FEF726FF4B46013B98
:10483000FDD101215046FEF71FFF4B46013BFDD144
:10484000013FEFD1696995F831310B444FF416728D
:10485000187A5B7B06EBC0001B02406803F4E06340
:1048600043F06403036095F832310B44997CDB7D9F
:1048700006EBC1011B02496803F4E06343F06403E3
:104880000B60013AFDD101212A699DE7383CFF1FE9
:10489000DCB30000F0B503691222DA700269937884
:1048A00013F0200685B004460D4652D0B423937011
:1048B000324920690B680093009E05E00A68019266
:1048C000019A921B042A3DD8C37813F02003F5D037
:1048D00094F82D316BB34FF0000CE646022604EB42
:1048E0000E0393F8A33003710B680293029F2069B3
:1048F00007E092060AD50A680392039AD21B052A9A
:1049000020D8C378DAB213F00203F2D0C67023695C
:10491000DA78D7B2D206184626D4BA0624D5FA07D2
:1049200026D494F82D310CF1010C5FFA8CFE7345FE
:10493000D5D8002015B1236980229A70002384F80D
:104940002E3104E08370236980229A70042005B020
:10495000F0BDFFF729FF28B1236984F82F61B02249
:104960009A70A5E70420F2E780229A700420E1E71C
:10497000BEF1000F0CBF02200320DDE7383CFF1F13
:104980002DE9F0479046994600220369A0F8A0203F
:104990001222DA7003699C7814F0200588B007466B
:1049A0008A4600F0A280B4229A70724E3B69326847
:1049B0000092009A08E030680190019CA4EB020C80
:1049C000BCF1040F00F28980DC7814F02005F2D0ED
:1049D0004FEA4A0242F00102D2B21A7133680293DE
:1049E00002983A6906E0336803930399091A052986
:1049F00000F28580D47814F00205F4D04FF0020C58
:104A000082F803C03B69DC7814F011057FD1B8F15E
:104A1000000F00F08780B8F1010F00F09080A02215
:104A20009A7039690B794FF0A80E33680493049893
:104A300005E032680592059A121A052A6BD8CB78E0
:104A400013F00203F5D081F803C03969CB78DCB2EA
:104A5000DB0608460A4644D4A40642D508F1FF38CE
:104A60005FFA88F8B8F1010F04D181F802E03969E2
:104A700008460A46872D5CD90379B8F1010FD4D1D5
:104A800033680693069805E0316807910799091A7B
:104A9000052959D8D37813F00203F5D00223D37037
:104AA0003A69D378D806D9B258D48B0619D5B02331
:104AB000872D93704FD83A697C19127922766B1C36
:104AC000DDB200BF00BF00BFB9F1000F02D03B69EB
:104AD00080229A7087F8A15003E09D703B69802284
:104AE0009A70284608B0BDE8F087FFF75DFE002801
:104AF000F7D03B6987F82F51B0229A7055E795702F
:104B00003B69802228469A7008B0BDE8F087802271
:104B10009A700025E5E78B703B6980229A7087F8D0
:104B2000A150DEE7B9F1000F14BF8022A0229A70D5
:104B3000D7E77B19007918766C1CE5B29DE7A822AF
:104B40009A703A6913799BE793703B6980229A7057
:104B500087F8A150C5E73B691B79B2E710214FF4F4
:104B60009673D170013BFDD13A69937803F0F70356
:104B70009370B6E7383CFF1F0148FFF77FBD00BFC9
:104B8000682CFF1F0148FFF779BD00BFA42DFF1F50
:104B90000148FFF773BD00BFE02EFF1F0148FFF77C
:104BA0006DBD00BF1C30FF1F08B52DED028BB0EEB0
:104BB000408A00F089FBF0EE408AB0EE480A00F02F
:104BC000AFF868B1DFED127AB4EEE78AF1EE10FAD1
:104BD0000BDCDFED107AB4EEE78AF1EE10FA0FD4B9
:104BE000B0EE680ABDEC028B08BDDFED0B8A02F067
:104BF00099F9B0EE680ABDEC028B2223036008BD70
:104C000002F090F92223DFED058A0360E8E700BF98
:104C10001772B142B5F1CFC20000807F00000000E2
:104C200008B52DED048BB0EE608AB0EE409A00F02E
:104C300043FCB4EE488AF1EE10FAF0EE408A0BD64F
:104C4000B5EE409AF1EE10FA17D1B5EE408AF1EECA
:104C500010FA06D1F7EE008AB0EE680ABDEC048BBC
:104C600008BDB0EE480A00F05BF80028F4D0B5EEBD
:104C7000C08AF1EE10FAEFD525E000F051F888B1C6
:104C8000F5EE408AF1EE10FAE6D1B0EE490A00F0F6
:104C900047F80028E0D0B0EE480A00F041F80028BC
:104CA000DAD010E0B0EE490A00F03AF80028E7D078
:104CB000B0EE480A00F034F80028E1D0F4EE688A3B
:104CC000F1EE10FA04D602F02DF922230360C3E7B7
:104CD00002F028F921230360BEE700BF08B52DEDDF
:104CE000028BB0EE408A00F0E3FBB4EE488AF1EEAE
:104CF00010FA06D6DFED098AB4EEE88AF1EE10FA72
:104D000002D4BDEC028B08BD02F00CF988EEA80AB3
:104D1000BDEC028B2123036008BD00BF0000000032
:104D200082B08DED010A019820F00040B0F1FF4FF4
:104D3000ACBF0020012002B0704700BF10EE103A57
:104D4000184A23F0004393421BDDB3F1FF4F02DB0F
:104D500030EE400A704700B583B0684600F0EEFEC2
:104D600000F003000128DDED010A9DED000A0CD0E2
:104D7000022812D070B1012000F07EF903B05DF876
:104D800004FBDFED090A00F0F5B800F075F9B1EEAB
:104D9000400AF3E700F0EEF8F0E700F0EBF8B1EED0
:104DA000400AEBE7D80F493F0000000010EE103A30
:104DB000194A23F0004393421CDDB3F1FF4F02DB9D
:104DC00030EE400A704700B583B0684600F0B6FE8A
:104DD00000F003000128DDED010A9DED000A0ED070
:104DE000022813D070B100F0C5F8B1EE400A03B04C
:104DF0005DF804FBDFED090A002000F03DB900F08A
:104E0000B9F8F4E7012000F037F9F0E7012000F0ED
:104E100033F9B1EE400AEAE7D80F493F000000003D
:104E200010EE103A114A23F00043934218DDB3F11B
:104E3000FF4F02DB30EE400A704700B583B0684692
:104E400000F07CFE400000F00200DDED010A9DED67
:104E5000000AC0F1010000F057F903B05DF804FB4F
:104E6000DFED030A012000F04FB900BFDA0F493F20
:104E70000000000030B52DED028B83B08DED010AEE
:104E8000019C24F00043B3F1FF4F10DB324B002CA8
:104E900093ED007AD3ED007A39DBF0EE406A87EECD
:104EA000260A30EE270A03B0BDEC028B30BD2B4A38
:104EB00093420FDD284A2A4B92ED000AD3ED007A87
:104EC00030EE670A002CB8BFB1EE400A03B0BDEC6B
:104ED000028B30BDB3F1105F23DBB3F17E5F214D58
:104EE00029DB01F0BDF9D5ED007A20EE270A01F0AB
:104EF00081F8194BD3ED007AD5ED006A95ED007A73
:104F000037EE000A86EE807A37EEC70ADAE7DDED83
:104F1000016A87EE260A30EE670A03B0BDEC028B09
:104F200030BD0D4BDDED017A93ED000A30EE270A1E
:104F300020EE270AB7E795ED008A01F091F928EEF7
:104F4000400A01F057F895ED007A37EE007AF1EE5D
:104F5000407A87EE870AB5E75831FF1FFFFFAF4160
:104F60005C31FF1F6031FF1FF0EE400AB0EE000A17
:104F7000FFF756BE10EE103A23F00043B3F1485F3E
:104F80002CDAFDEEC07A17EE903A002B60D020EEBE
:104F9000007ADFED317A9FED315ADFED315A9FED26
:104FA000316ADFED316AA7EE275ADFED307AE7EE9E
:104FB000055AA7EE256AE7EE067AE7EE276A67EE5E
:104FC000266A60EEC00AF6EE007AE7EE260AB7EE31
:104FD000000AD7EE270A30EE600A704720EE007A0A
:104FE000DFED1D7A9FED1D5ADFED1D5A9FED1D6A05
:104FF000DFED1D6A1E4AA7EE275A9342DFED1B7AAA
:10500000E5EE075AA5EE876AE6EE077AE7EE876ACD
:1050100066EE876AD5DD174A934214DC03F17F43BD
:1050200007EE903AB7EE006A36EE676A60EEC00AA5
:10503000F6EE005AD7EE257AE7EE260A77EEE07A0A
:1050400036EE670A7047B6EE076AF5EE027AEDE7CC
:10505000B7EE000A704700BF4ED747ADF6740F3168
:105060007CF293B4010DD037ABAA2A3D610BB6BADE
:105070009999993E0000483F10EE103A23F0004302
:10508000B3F1485F04DAFDEEC07A17EE903A5BB3F5
:1050900060EE007A9FED157ADFED155A9FED156AE7
:1050A000DFED156AE7EE875A9FED147AA5EEA76A41
:1050B00020EE275AE6EE276AA6EEA77A30B9DFED92
:1050C000106AE7EE876AA6EE850A704727EE457AF2
:1050D000F6EE006AA0EEA67ADFED0A6AD7EE270A9E
:1050E000E5EE260A30EE600A704700BFD3C92E2FC6
:1050F000342FD7B21BEF3836010D50B98988083CE0
:10510000ABAA2ABEABAA2A3E08B510EE103A23F08D
:105110000042B2F1465FF0EE407A0FDABDEEC07A9F
:1051200017EE101AF9B9431C134300F09F800128B1
:1051300003D0BFEE007A87EE270A08BD50498A42A5
:1051400011DB9FED507ADFED506A002BBCBFF1EE12
:10515000600AF1EE407A77EE677A36EEE07ADFEDBC
:105160004B0A77EE277A67EEA76ADFED494ADFED53
:10517000495A9FED495A9FED496A414926EEA67A60
:105180008A42E7EE245AA7EE056ADFED454A9FED15
:10519000455AE5EE874AA6EE075ADFED435A9FEDE2
:1051A000436AE4EE875AA5EE076ADFED414A9FEDB8
:1051B000415AE5EE874AA6EE075A9FED3F6ADFEDBA
:1051C0003F5AA4EE876AE5EE075AB0EE467AA5EE9E
:1051D000A67A27EEA65AB0EE606AA7EE056ADFED62
:1051E000384AE6EE260AE5EE240A37EEA00A1FDA70
:1051F0000128A2D0BFEE007AC7EE006A314B10EE54
:10520000102A1A4006EE102A16EE902A76EE677AD9
:10521000134000EE103AB7EE007A70EEE70AF0EEB7
:10522000477AE6EE007AE0EE807AA7EEA60A08BD9D
:1052300007EE100AB8EEC77A60EE006A30EE070A91
:105240009B1786EE806A03F00203C3F10103F0EEC0
:10525000005A36EE606A06EE903A77EEC67AF8EEBD
:10526000E66AA7EEE57A26EE870A08BD00F0F8FFA9
:10527000B7EE007AF0EE407A87EE270A08BD00BF4D
:1052800040A12C3FDA0F493F682122330000000083
:105290005FAE9BB745F4A3388453D9377AC09538AD
:1052A000C8261A3AB937813916696B3B48DEBE3ACF
:1052B000A427B33C1F37113C8988083ED10D5D3DC2
:1052C000ABAAAA3E00F0FFFF10EE103A23F0004216
:1052D000B2F1FF4F56D84FEAD37100F09580624883
:1052E000834200F38780002BC0F287805F4B9A4295
:1052F0004BD95F4B9A4200F29A805E4B5E4A03EBB9
:105300008103D3ED004A02EB8102C1F1010370EE8B
:10531000644AD2ED007A5B1A34EEE70ADFED576A91
:105320009FED575ADFED575A9FED576A20EE007AEE
:10533000A7EE265ADFED556AE5EE075AE5EE876AD5
:10534000A6EE876AF0EE406AE6EE476A002B42D08E
:10535000B0EE007A20EE266A37EE667AB7EE000AE3
:10536000C6EE076A13F17D0F77EEE67A77EEE47A00
:1053700030EE670A4FDB10EE102A02EBC35300EE4B
:10538000103A704730EE000A7047B2F1505F0AD20F
:10539000DFED3F7A70EE277AB7EE007AF4EEC77A47
:1053A000F1EE10FA5DDC60EE007A9FED347ADFED0D
:1053B000345A9FED346ADFED356AE7EE875A9FED88
:1053C000327AA7EEA56AE7EE866AA7EEA67AF0EE35
:1053D000406AE7EEC76AF0EE007A20EE266A76EEC3
:1053E000E76AB7EE007AC6EE267A77EEC07A37EE35
:1053F000670A7047002000F083BD264B9A427FF673
:1054000075AF002000F076BDDFED237A002918BFCC
:10541000B0EE670A704710EE102A643302EBC353F4
:10542000DFED1E7A00EE103A20EE270A70471C4B83
:105430009FED1C7ADFED1C6A03EB8103D3ED007A4C
:10544000E0EE077A9FED197AFDEEE77AF0EE404A3A
:1054500017EE903AF8EEE77AE7EEE64A67EE877ADB
:105460005AE730EE070A70471772B1421872B13E20
:105470009115853FF4B60000FCB600004CBB3133FB
:105480000EEADDB555B38A38ABAA2A3E610B36BBAE
:10549000CAF24971B5F1CF42000000000000800D52
:1054A000ECB600003BAAB83F8071313FD1F7173707
:1054B000B1EEC00A704700BF2DE9F0412DED028B1F
:1054C00082B0CDED010A8DED000ADDE9004535F031
:1054D000004611D184F48004640014F5000F40F2FA
:1054E0001281DDED007A9DED017A37EE870A02B078
:1054F000BDEC028BBDE8F08124F00047B7F1FF4F0F
:10550000EFDCB6F1FF4F00F3F380002CC0F2028114
:105510004FF00008B6F1FF4F00F01781B6F17E5F43
:1055200000F02281B5F1804F00F00A81B5F17C5F77
:105530009DED000A40F01D81002C80F2478100F0B3
:105540008FFEB7F1FF4F00F02581002F00F01F8183
:10555000B7F17E5F00F01581E20F013A58EA0203CD
:1055600000F03B81B6F19A4F40F35E819E4B9F4223
:1055700040F34F829D4B9F4200F35882F7EE007A32
:1055800030EE670A9FED9A6ADFED9A5AF5EE007ADF
:10559000A0EE676AF6EE006AE6EE406A20EE007A58
:1055A000DFED957A9FED956A27EE267A67EEC77A4A
:1055B000E0EE257AF0EE676AE0EE066A16EE903AC3
:1055C00023F47F6323F00F0307EE103AA0EE467A30
:1055D00006EE903A77EEC77A25F47F6525F00F0541
:1055E0009DED017A06EE105A67EE877A37EE466A2D
:1055F00007EE105AE6EE267A08F1FF3858EA02085C
:1056000026EE877AB7EE008A77EE876ABFEE006AE9
:1056100016EE903A08BFB0EE468A002B23F0004207
:1056200040F3C581B2F1864F00F32E8200F0118263
:10563000B2F17C5F00F353820022104623F47F63B3
:1056400023F00F0306EE103ADFED6D6A9FED6D3A21
:105650009FED6D2ADFED6D3A9FED6D4ADFED6D4AEE
:105660009FED6D5A36EE477AF0EE002A77EEC77A54
:1056700026EE267ADFED696AA7EEA67AB7EE000A73
:10568000F0EE476AE6EE036A66EEA65AF0EE667A38
:10569000E5EE823AE6EE437AB0EE446AA3EEA56AFE
:1056A00077EE677AB0EE647AA6EE257AB0EE456AB8
:1056B000A7EE256AB0EE667AA6EE657AE6EEA77AE0
:1056C00066EE875A37EE626A85EE867A77EE677AFB
:1056D00077EEE67A30EE670A10EE103A1344B3F52F
:1056E000000FC0F2A08100EE103A20EE080AFEE69C
:1056F000B4F17E5F7FF4F5AE85F480056D0015F59D
:10570000000F3FF6EEAEB7EE000A02B0BDEC028B22
:10571000BDE8F081B6F1974F0FDAB6F17E5F09DB95
:10572000F315C3F1960346FA03F202FA03F3B34208
:1057300000F038814FF00008F0E64FF00208E9E68B
:10574000DDED007A27EEA70AD1E6B7F17E5FDAD069
:105750002BDD9FED330ADDED017A002DB8BFF0EEB1
:10576000407AB0EE670AC2E6002D23DB9DED000A09
:10577000BDE600F075FDB7F1FF4F02D0002F7FF4BA
:10578000E7AE002DBCBFF7EE007A87EE800A002C52
:10579000BFF6ADAEA7F17E5757EA080740F0FB8091
:1057A00070EE407A87EEA70AA1E6002D09DB9FED97
:1057B0001C0A9CE69DED007AF7EE007A87EE870AD8
:1057C00095E6DDED017AB1EE670A90E602B0BDEC38
:1057D000028BBDE8F041FFF76BBEDDED007A77EE9E
:1057E000E77A87EEA70A82E6F3FF7F3F0700803F54
:1057F000ABAAAA3E70A5EC363BAAB83F00AAB83FB8
:105800008CBEBF350072313F4CBB31330EEADDB583
:1058100055B38A38610B36BBABAA2A3E1872313FAA
:10582000000000000000804B14F0FF4F40F0EF80BC
:105830005FED047A60EE277A6FF0170317EE907A27
:10584000AC48F915C7F316077F398742194447F06A
:105850007E5340F3D480A848874240F3F1809FED07
:10586000A74A0131B0EE443AA3F50003F7EE005A1F
:10587000002006EE103A76EE257AB7EE007A87EE33
:10588000270A5B1043F0005303F58023034476EEB0
:10589000656A07EE901A66EE803AB8EEE77A13EE84
:1058A000901A07EE903A964BDFED960A9FED968A96
:1058B0009FED961ADFED962ADFED961A9FED962A58
:1058C00077EEE55A194005EE101A36EE656A63EE7A
:1058D000A35AE5EE676AF0EE607AE5EE887AE5EEC7
:1058E000466AA7EEA51A66EE806AE1EE252A73EEF7
:1058F000857AE2EEA51A25EEA58AA1EEA52A67EE25
:10590000A67AF0EE084AB0EE646AE8EE027AA5EEF6
:10591000056ADFED820A9FED821ADFED822A36EEFC
:10592000276A16EE101A194006EE101A76EE644A2F
:10593000E5EE454A77EEE47A67EEA37AE6EE867AFC
:10594000F0EE675AE5EE065A15EE901A194006EE8B
:10595000901AE5EE466A05EE901A77EEE67A67EE63
:10596000A07AE5EE817A77EE837AF0EE676AE5EE6B
:10597000A26A76EE846A76EE876A16EE901A19406D
:1059800006EE901A36EEC77A37EE447AA5EEE27A42
:1059900077EEC77A20E6B8F1010F7FF4A8ADB1EE3B
:1059A000400AA4E502F00102C2F10208B6E55E4930
:1059B0008A4200F38C806FD0B2F17C5F7FF73CAEFF
:1059C000D2154FF400017E3A41FA02F21344C3F3B8
:1059D000C751564A7F39C3F316000A4140F400000C
:1059E000C1F117011A400841404206EE902A37EEF5
:1059F000667AC20577EE876A16EE903A1EE69FED4C
:105A00003F4AF7EE005AB0EE443A002031E7002357
:105A100016E7002D0CDB002002B0BDEC028BBDE8C8
:105A2000F04100F067BA00F071FA5EE6002DF2DD99
:105A3000002002B0BDEC028BBDE8F04100F060BA7E
:105A40009FED3B4A9FED3B3AF7EE085A4FF40010AA
:105A50000FE79FED396A76EEC76A37EE866AB4EED5
:105A6000E66AF1EE10FA0FDC03F500432F4AC3F3A8
:105A7000C7517F39C3F316000A4140F40000C1F159
:105A800017011A400841B0E7B5EEC08AF1EE10FAEE
:105A90004CBF01200020CCE776EEC76AF4EEE76A3F
:105AA000F1EE10FA13DA03F50044204AC4F3C751AB
:105AB0007F39C4F316000A4140F40000C1F1170118
:105AC000002B40FA01F002EA04028DDB8DE7B5EE0F
:105AD000C08AF1EE10FA4CBF012000209CE7D215DD
:105AE0004FF400017E3A41FA02F21344D9150F4AED
:105AF000BFE700BF71C41C00D6B35D00000000000A
:105B000000F0FFFF55326C3E42F1533E05A38B3E41
:105B1000ABAAAA3EB76DDB3E9A99193F4F38763F44
:105B2000A0C39D360038763F00001643000080FF7A
:105B300000C0153FDCCFD1353CAA383370B510EE2C
:105B4000103A884A23F00044944286B0054670DD3E
:105B5000854A944210EE106A22DC002BDFED837A36
:105B6000834A24F00F04B0EE407A40F3E28094427E
:105B700070EE677A09BFDFED7F6A9FED7F7A9FED58
:105B80007F7A77EEE67A012077EEC76A77EEE67ADB
:105B9000C5ED006A77EEC77AC5ED017A06B070BD33
:105BA000774A944254DDB4F1FF4F49DAE215863A60
:105BB000A4EBC25307EE903ABDEEE77ADFED716ACF
:105BC000B8EEC77A77EEC77A8DED037A67EEA67ADC
:105BD000BDEEE77AB8EEC77A77EEC77A8DED047A34
:105BE00067EEA67AF5EE407AF1EE10FACDED057A81
:105BF00040F08E80B5EE407AF1EE10FA14BF022329
:105C00000123614901910221009103A8294600F076
:105C10002FFB002EC2DA95ED007AD5ED017AB1EEB8
:105C2000477AF1EE677A85ED007AC5ED017A404258
:105C3000B4E7002285ED000A4260002006B070BD86
:105C400070EE407A0020C5ED017AC5ED007AA5E737
:105C500000F006FB9FED4D7A9FED446AF6EE007A68
:105C6000E0EE077A9FED447AFDEEE77A17EE900AB0
:105C7000F8EEE76A1F28A6EEC60A66EE877AB1EE4E
:105C8000666A1EDC424A411E24F0FF0352F82120BE
:105C9000934216D030EE677A85ED007A30EE470AEF
:105CA000002E30EE670A85ED010ABFF677AFB1EE40
:105CB000477AB1EE400A85ED007A85ED010A40424F
:105CC0006CE730EE677AE21517EE103AC3F3C7536C
:105CD000C3EBD453082BDFDD9FED267A9FED275AC7
:105CE000F0EE405AE6EE075A70EE657AE6EE077A75
:105CF000D6EE857A35EEE77A17EE103AC3F3C7533E
:105D0000D21A192A06DCB0EE650A85ED007AC5E7DD
:105D1000032376E79FED1F7A9FED1F5AB0EE650AC9
:105D2000A6EE070A75EEC07AE6EE077AD6EE857A19
:105D3000B0E7944270EE277A09BFDFED0E6A9FED5F
:105D40000E7A9FED0E7A77EEA67A4FF0FF3077EE5F
:105D5000876A77EEE67AC5ED006A77EE877AC5ED59
:105D6000017A1BE7D80F493FE3CB1640800FC93FAC
:105D7000D00FC93F004435374344353708A3852E3B
:105D8000800F49430000804384B7000084F9223F1C
:105D900004B7000000A3852E32318D2410EE102AA6
:105DA000C2F3C7537F3B162B22F0004131DC002B9E
:105DB00010EE100A18DB1A4919410A4228D0DFED0B
:105DC000197A70EE277AF5EEC07AF1EE10FA1FDD3F
:105DD000002A04DD4FF4000242FA03F3184420EADB
:105DE000010300EE103A7047DFED0E7A70EE277A6D
:105DF000F5EEC07AF1EE10FA0ADD002A06DBF7EEC6
:105E0000007A002918BFB0EE670A70479FED060AB6
:105E10007047B1F1FF4FFBD330EE000A704700BF6F
:105E2000FFFF7F00CAF249710000008010EE102AC7
:105E3000C2F3C7537F3B162B22F000412ADC002B14
:105E400010EE100A18DB1A4919410A4221D0DFED81
:105E5000197A70EE277AF5EEC07AF1EE10FA18DDB5
:105E6000002A04DA4FF4000242FA03F3184420EA4D
:105E7000010300EE103A7047DFED0E7A70EE277ADC
:105E8000F5EEC07AF1EE10FA03DD002A08DB9FED93
:105E90000A0A7047B1F1FF4FFBD330EE000A70479A
:105EA000FFEE007A002918BFB0EE670A704700BF06
:105EB000FFFF7F00CAF249710000000010B582B0F8
:105EC0008DED010A044601F02DF89DED010A0460F4
:105ED00002B010BD30B1F1EE407A27EE800A2220E8
:105EE000FFF7ECBFF0EE407A27EE800A2220FFF7A2
:105EF000E5BF00BF9FED010AFFF7ECBF00000010F7
:105F00009FED010AFFF7E6BF0000007010EE103AA7
:105F100033F0004110EE102A28D0B1F1FF4F22D209
:105F200013F0FF4F23D1DFED2C7A2C4A60EE277A55
:105F3000904217EE903A34DB4CF2503CC3F3C75119
:105F4000604517EE902AA1F1190116DDDFED247AE4
:105F5000DFED246A002BB0EE677AB8BFF0EE667A08
:105F600027EE870A704730EE000A704770474CF200
:105F7000503C60454FEAD151E8DC0144FE29E5DCA4
:105F8000002915DC11F1160F19DB193122F0FF423F
:105F900042EAC15207EE902A9FED130A27EE800ACB
:105FA0007047DFED127A07EE103A27EE270A7047A6
:105FB00022F0FF4242EAC15300EE103A7047DFED93
:105FC0000B7ADFED0B6A002BB0EE677AB8BFF0EE0C
:105FD000667A27EE870A70470000004CB03CFFFF4E
:105FE000CAF24971CAF249F1000000336042A20DC1
:105FF0006042A28D10EE102A8A4922F000438B42A3
:106000002AD9B3F1FF4F7ED800F0D680002AC0F223
:106010008A80854A934200F2F1809FED847A20EED7
:10602000077AF6EE007A77EE877A9FED816ADFEDE8
:10603000816AFDEEE77AB8EEE77A17EE903AF0EE75
:10604000407AE7EE467A27EE267A37EEC70A77EEF1
:10605000C07A77EEC77A07E077498B4256D8B3F11A
:106060004C5FC0F082800023B6EE003A20EE034A77
:10607000DFED726A9FED726ADFED724A9FED725A30
:1060800020EE047AF7EE003AA7EE266ADFED6F6A9B
:10609000E6EE074AB0EE086AE4EE876AF1EE085AC7
:1060A000A6EE875AF0EE636AE5EE076AA4EE666A2A
:1060B000E0EE465A36EEC66AC6EE256A66EE876A96
:1060C000002B4DD076EEE76A5A1CD6EE807A77EE3A
:1060D000C77A63D0012B51D05A1C392A33D8162BDA
:1060E00071DC4FF080721A41C2F17E5207EE102A25
:1060F00077EEC07A77EE677A17EE902A02EBC353F9
:1061000000EE103A704730EE000A704750498B425B
:106110007AD8002ADFED467A47DB9FED467A70EEAB
:10612000677A012391E7DFED4B7A70EE277AF5EE7F
:10613000C07AF1EE10FA64D49FED3C7AFEEE007A5C
:1061400020EE077A6FE777EEC07A73EEE77A17EE04
:10615000902A02EBC35307EE903A37EEE30A7047FA
:1061600090EE267A30EE470A7047DFED3B7A70EE0C
:10617000277A77EEE77A30EE670A7047BDEE007A4D
:10618000B4EEC70AF1EE10FA2FD530EE033AB8EEAE
:10619000000A77EEC37A27EE800A704770EE677ABE
:1061A000BEEE000AA7EE830A70479FED2C7A70EED0
:1061B000277A4FF0FF3348E7FFEE007A002AB8BF96
:1061C000B0EE670A7047C3F17F02D20507EE102ACE
:1061D00077EE877A70EE677A77EEA37A17EE902AD9
:1061E00002EBC35300EE103A704770EE677AB0EEE0
:1061F000007AE7EE873AB0EE630A70470020FFF7B7
:106200007FBEBFEE000A70479FED087AF6EE007A77
:10621000FEEE006A002A20EE077AB8BFF0EE667A3A
:1062200001E700BF43B895411772B1423BAAB83F9E
:106230008071313FD1F717371872B13EBBED57B4BB
:10624000547E8636CD70A6B8898808BD010DD03A37
:106250009115853F6042A20DCAF24971D1F717B777
:1062600010EE103A23F0004300EE103A704700BFE2
:106270002DE9F04F2DED048BDBB01C460393069106
:10628000A04B6899089253F82150111D824604F1E1
:10629000FF38C0F29882D31E48BF131DDB10029353
:1062A0000133DB000793DDE907239B1A0593029B6B
:1062B00015EB0801A3EB080316D401319FED927A88
:1062C000699819441EAA002BA4BF50F8234007EE7A
:1062D000904A03F10103ACBFF8EEE77AF0EE477A9B
:1062E0008B42E2EC017AEED1002DC0F2DB82039BFF
:1062F0001EAA02EB830446AE4FEA830C4046EF1819
:106300000AEB8301B8F1000FDFED7F7A09DB22464B
:106310005346F3EC016A32ED017A8B42E6EE877A5E
:10632000F7D10130B842E6EC017A04F10404E9D176
:106330000AAF07EB8503043B9FED759ADFED738A87
:10634000059804930AEB0C0407EB850946AE00950B
:106350005AAB03EB8503002D13ED140A4FEA850BAE
:1063600016DD06EB85033A4660EE097AB0EE407A18
:10637000FDEEE77A73ED016AF8EEE77AB342A7EE35
:10638000E87A37EEA60ABDEEC77AA2EC017AEBD125
:106390000190FFF7BBFDB0EE408AB4EE000A28EE94
:1063A000000AFFF743FDF2EE007AA0EE678A01983B
:1063B0000028FDEEC89AF8EEE97A38EE678A76DDB5
:1063C00005F1FF3EC0F1080357F82E2042FA03FC06
:1063D0000CFA03F3D31AC0F1070119EE902A47F81B
:1063E0002E300B416244002B09EE902A67DCB5EE9B
:1063F000408AF1EE10FA40F0BE80009A05F1FF3BB2
:106400005A450EDC4FEA850C07EB850200219E46BB
:1064100052F8043D4A4541EA0301F9D1002940F010
:10642000F180009B013B57F82330002B40F0E680C1
:10643000049B4FF0010C53F8042D0CF1010C002AC1
:10644000F9D06B1CAC449E460299039A01EB030BF6
:106450000BF1804B69992A440BF1FF3B06EB830556
:106460001EAB01EB8B0B03EB8201DBED017A9FEDA1
:10647000267AF8EEE77AB8F1000F0BF1040BC1EDC4
:10648000007A0A4601F1040109DB534601E072ED8E
:10649000017AF3EC016AA342A6EEA77AF7D10EF1D6
:1064A000010EE645A5EC017ADFDD654650E740F0D8
:1064B0009B806B1E57F82330DB11002B97DD19EE04
:1064C000902A002D02F1010209EE902A40F39181F9
:1064D000396800297ED1012D26D03A464FF0010CB3
:1064E00052F8041F002979D00CF10102C1F5807126
:1064F000954247F82C1016DD57F82210BB4407EBE5
:1065000082020AE0C8BA00000000000000008043D8
:106510000000803B0000C93F1168C1F1FF0142F853
:10652000041B5A45F8D1012100280CDD012800F098
:106530004181022807D105F1FF3C57F82C2002F0D9
:106540003F0247F82C20022B7FF451AFB7EE000A30
:1065500030EE488A00293FF44AAF09930190FFF7D3
:10656000D5FC38EE408A099B0198B5EE408AF1EEE1
:1065700010FA3FF442AF9846DDE90732B0EE480A20
:10658000981A0195009DFFF7C1FC1FED207A019B31
:10659000B4EEC70AF1EE10FAC0F255815FED247A2D
:1065A000059A60EE277A0832FDEEE77A0592F8EE5A
:1065B000E77A03F1010BA7EEC70AFDEEE77ABDEE1D
:1065C000C00A10EE102A47F8232017EE903A47F839
:1065D0002B302BE001224FF0000C87E70CF1010C6F
:1065E000AC457FF47DAF9FE7F6EE007AB4EEE78A24
:1065F000F1EE10FA80F2EC800023F8E66B1C9E4668
:106600009C4621E7059B009DA3F1080257F82B301B
:106610000592F04653B9ACF104033B4453F8041D12
:106620000BF1FF3B083A0029F8D005920598B7EE28
:10663000000AFFF76BFCBBF1000FC0F229810BF1E0
:10664000010646AA1FED4E7A4FEA860C07EB860339
:1066500002EB860273ED017AF8EEE77ABB4267EE51
:10666000807A20EE070A62ED017AF3D1ACF10403DF
:1066700046AA002D1FED596A02EB03044FF00000FB
:1066800022DB8F49DFED8F7AB0EE467A2246002377
:1066900003E0984208DBB1EC017AF2EC016A0133C5
:1066A0009D42E6EE877AF4DA5AAB03EB8003584555
:1066B00043ED287A4FEA800100F10102A4F10404BD
:1066C00005D0002D1046DCDADFED7E7AECE7689A23
:1066D000022A1DDC002A00F38E8010D132ABDFEDE0
:1066E000797A9C443CED017A634577EE877AF9D15B
:1066F00043460BB1F1EE677A069BC3ED007A19EEC3
:10670000903A03F007005BB0BDEC048BBDE8F08F5E
:10671000689A032AF3D1BBF1000F00F0CB8032A8B6
:1067200013ED287A00EB8B020BF1804372ED017AB6
:10673000F0EE476A37EE277A904277EEC77A82ED1D
:10674000007A77EEA67AC2ED017AEFD1BBF1010FA4
:1067500040F3B08001F5B4720DEB020111ED287A1F
:106760009A0033A900EB830373ED017AF0EE476AD8
:1067700037EE277A994277EEC77A83ED007A77EE83
:10678000A67AC3ED017AEFD1131DDFED4E7A0344F3
:10679000083033ED017A984277EE877AF9D1434693
:1067A000002B58D10699329A339B0A604B60C1ED99
:1067B000027AA4E705F1FF3C57F82C2002F07F0293
:1067C00047F82C20BFE608230793002302936AE5CD
:1067D00019EE903A002D03F1010309EE903AC8BF7B
:1067E00002233FF775AEF7EE007A37EEC88A022330
:1067F000FDE5002198E632ABDFED327A03EB860649
:1068000036ED017AB34277EE877AF9D143469DEDB2
:10681000327A93BB069BBBF1000FC3ED007A77EE93
:10682000677A0CDD33AA0123B2EC017A01339B4570
:1068300077EE877AF8DA43460BB1F1EE677A069B7A
:10684000C3ED017A5BE7BDEEC00A9B4610EE102A4D
:1068500047F82320EAE6DDED326A9DED337A069BA8
:10686000F1EE666AB1EE477AF1EE677AC3ED006A3F
:1068700083ED017AC3ED027A41E7069BF1EE676A88
:10688000BBF1000F77EE677AC3ED006ACADCD4E78C
:10689000689B022B0ADC002B0FDC7FF430AFDFEDAE
:1068A000097A25E7039B4FEA830C41E5689B032B9C
:1068B0007FF425AFDFED037A71E7DFED027AA5E71C
:1068C000A0BA000000000000024B0146186800F06A
:1068D00003B800BF9836FF1F2DE9F04F01F10B06FA
:1068E000162E83B0044624D8102900F2BA8000F096
:1068F000A3FA102618220220B54F3A44A2F108014B
:1069000053688B4200F0BA805A68D96822F00302BB
:106910001A449D68E9608D60516841F0010120468C
:10692000516003F1080500F08DFA284603B0BDE878
:10693000F08F36F0070600F19480B14200F29180AA
:1069400000F07AFAB6F5FC7FC0F09A81730A00F085
:106950008F80042B00F26F81B30903F1390003F13A
:10696000380CC3009A4F3B44A3F108055B689D4275
:1069700006D10CE0002980F22781DB689D4206D019
:106980005A6822F00302911B0F29F3DD60463D692E
:10699000DFF850C265457CD06A6822F00302931B81
:1069A0000F2B00F37B81002BC7E904CC80F26C81B4
:1069B000B2F5007F80F01A81D308796801334FEA7D
:1069C000521E012202FA0EF20A4357F833E0C5F8CC
:1069D00008E007EBC3010839E9607A6047F83350F3
:1069E000CEF80C50831001219940914257D81142A2
:1069F00006D120F003004900114200F10400FAD052
:106A000007EBC0094D468646D5F80C80454508D1B0
:106A10001DE1002B80F22481D8F80C80454500F060
:106A20001681D8F8042022F00302931B0F2BF0DD0F
:106A30002046D8E9025408EB060146F00106C8F8E2
:106A40000460EC60A56043F00104C7E90411C1E9EA
:106A500002CC4C6048F8023000F0F4F908F1080567
:106A600002E00C2323600025284603B0BDE8F08F28
:106A70004FF4007340204FF03F0C73E7D3689A4205
:106A800008BF02307FF440AF3D69DFF858C165456B
:106A900082D17A688310012199409142A7D9BD68BB
:106AA0006B6823F003094E4503D8A9EB06030F2BAF
:106AB0007ADCDFF834B1474BDBF800201B68013289
:106AC000334405EB090A00F0338103F580530F339B
:106AD00023F47F6828F00F084146204600F010FAA2
:106AE000411C024600F0F380824500F2EE803A4BF2
:106AF000196841441960084600F04E81DBF8001027
:106B0000019301311BBFA2EB0A010918CBF8002049
:106B1000196012F0070B00F01781CBF108010A444D
:106B2000CBF5805190440831A1EB0801C1F30B0A69
:106B300051462046009200F0E3F9421CDDE90023B3
:106B400000F04F81801A00EB0A081968BA6048F01B
:106B500001005144BD425060196000F02981B9F133
:106B60000F0F40F227816868A9F10C0C2CF0070C7C
:106B700000F0010040EA0C0068604FF0050E05EBE4
:106B80000C00BCF10F0FC0E901EE00F23281506839
:106B90001546124B1A688A4238BF1960104B1A68A2
:106BA0008A4238BF196094E0AA1943F0010346F005
:106BB00001066E602046BA60536000F043F9083564
:106BC000284603B0BDE8F08FD9681A44A1E600BF9B
:106BD0006431FF1FBC3DFF1F8C3DFF1FB43DFF1FF5
:106BE000B83DFF1F6C31FF1F6C35FF1FB2F5206FE2
:106BF0004FEA522363D3142B00F2B78003F15C01F8
:106C0000C9005B3307EB010E7958AEF1080E8E45D3
:106C100000F091804B6823F00303934202D9896806
:106C20008E45F7D1D1F80CE07A68C5E9021ECEF89E
:106C30000850CD60D6E6142B59D9542B00F29D8014
:106C4000330B03F16F0003F16E0CC3008AE60EF103
:106C5000010E1EF0030F05F108057FF4D5AE51E0DB
:106C6000424445465368D8F80C1043F00103536082
:106C700055F8083F2046D9608B6000F0E3F8F3E652
:106C8000F00806F1080237E62A442046536843F02C
:106C900001035360083500F0D5F8E5E6A919204650
:106CA00046F0010643F001046E60C7E90411C1E932
:106CB00002CC4C60AB5000F0C5F80835D4E693091F
:106CC00003F13901C90038339CE7BD425FD0BD688C
:106CD000686820F003084645A8EB060302D80F2B8E
:106CE0003FF762AF204600F0ADF80025BCE603F1A7
:106CF0005C0003F15B0CC30034E659F808394B45DE
:106D000040F0968010F0030F00F1FF30F5D17B6862
:106D100023EA01037B60490099423FF6C0AE19B9EE
:106D2000BDE649000EF1040E1942FAD0704667E63E
:106D300003F11008D0E69A104FF001087B6808FABA
:106D400002F21A437A6070E702EB08014942C1F38C
:106D50000B0A51462046009200F0D2F8431CDDE9B0
:106D600000237FF4EFAEDA46EFE6542B25D8130B61
:106D700003F16F01C9006E3344E7B3F5AA7F25D84C
:106D8000F30B03F1780003F1770CC300EAE5294B1C
:106D9000186840441860B1E6CAF30B0CBCF1000F50
:106DA0007FF4ACAEBD68C84448F001006860F0E60E
:106DB0001546EEE60123536094E7B3F5AA7F23D886
:106DC000D30B03F17801C90077331BE740F254522B
:106DD000934223D8B30C03F17D0003F17C0CC30074
:106DE000C0E5ABF1080BD844A8EB02084FF0000A4D
:106DF000ABE605F108012046009300F065F9BD6897
:106E0000009B68681968C4E640F254518B420BD865
:106E1000930C03F17D01C9007C33F3E64FF47E73DC
:106E20007F204FF07E0C9DE54FF47E717E23E9E6D6
:106E30007B6870E78C3DFF1F014800F09DB800BFE4
:106E4000FC3EFF1F014800F099B800BFFC3EFF1F49
:106E5000830730B548D0541E002A3FD0CAB203463B
:106E600001E0013C3AD303F8012B9D07F9D1032C33
:106E70002DD9CDB245EA05250F2C45EA054536D971
:106E8000A4F1100222F00F0C03F1200EE6444FEAA9
:106E9000121C03F1100242E9045542E90255103276
:106EA0007245F8D10CF1010214F00C0F03EB021241
:106EB00004F00F0C13D0ACF1040323F003030433EC
:106EC000134442F8045B9342FBD10CF003042CB151
:106ED000C9B21C4403F8011B9C42FBD130BD64467F
:106EE0001346002CF4D1F9E703461446BFE71A46CF
:106EF000A446E0E713460A460146022000F040B8E7
:106F000038B5074D0022044608462A60FCF7E2FA2D
:106F1000431C00D038BD2B68002BFBD0236038BD4C
:106F20009440FF1F014B1868704700BF9836FF1F41
:106F300070B50D4E0D4D761BB61006D0002455F8D9
:106F4000043B01349847A642F9D1094E094D761BFE
:106F500004F0C0FDB61006D0002455F8043B0134FF
:106F60009847A642F9D170BDE0BA0000E0BA00002F
:106F7000F4BA0000E0BA0000704700BF704700BFDD
:106F80002DE9F047DFF87CA00646DAF800009846C5
:106F90000F469146FFF7F0FF184B1C6824B3656855
:106FA0001F2D24DC5EB96B1C0235DAF8000063602B
:106FB00044F82570FFF7E2FF0020BDE8F08704EBFE
:106FC00085010123C1F88890D4F88821AB401A4389
:106FD000022EC4F88821C1F80881E4D1D4F88C21AC
:106FE0001A43C4F88C21DEE7054C1C60D7E7DAF8B9
:106FF0000000FFF7C3FF4FF0FF30DEE79040FF1FB8
:10700000003FFF1F9C36FF1F024B13B1024800F0E8
:1070100005B8704700000000D5720000002301464B
:107020001A461846FFF7ACBFF8B5244F0C46064683
:10703000FFF702FFBB685D68C4F57E610F3125F084
:1070400003054B1923F47F6323F00F03A3F580544A
:10705000B4F5805F07DB00213046FFF751FFBB68C6
:107060002B44984204D03046FFF7ECFE0020F8BDD8
:1070700061423046FFF744FF01300DD0104ABB6833
:107080002D1B45F001055D60136830461B1B136026
:10709000FFF7D8FE0120F8BD00213046FFF730FF92
:1070A000BA68831A0F2BDEDD43F001035360054BF2
:1070B00003491B68C01A0860D5E700BF6431FF1F91
:1070C0008C3DFF1F6C35FF1F002961D0F8B50C46C1
:1070D0000646FFF7B1FE54F8042C7B4FA4F10805D7
:1070E00022F0010105EB010CB868DCF804306045C2
:1070F00023F0030300F08B80D207CCF8043032D4A5
:1071000054F8082CAD1A1144AA6807F1080082420D
:107110006AD00CEB0304D4F804E0EC68D4601EF0F1
:10712000010FA26000F0978041F001036B60CCF882
:107130000010B1F5007F35D27868CB0801224909EB
:1071400001338A40024357F833107A6007EBC302D9
:10715000083AC5E9021247F83350CD603046BDE821
:10716000F840FFF76FBE0CEB03025268D00710D453
:10717000194407F10800DCF80830834273D0DCF8CA
:107180000C20DA60936041F001036B606950D0E736
:10719000704741F00103B1F5007F44F8043CCCF89E
:1071A0000010C9D3B1F5206F4FEA512348D28B09A3
:1071B00003F1390003F13802C300F818FB5808380E
:1071C000984259D05A6822F003028A4202D99B6839
:1071D0009842F7D1D868C5E902308560DD60304655
:1071E000BDE8F840FFF72EBE0CEB03025268D20751
:1071F00063D40B44DCE90212CA60916043F00102DF
:107200006A603046EB50BDE8F840FFF71BBE0B4408
:10721000D10707D454F8082CAD1A1344D5E902124B
:10722000CA60916043F001026A60284ABD6012683A
:107230009A4293D8264B30461968FFF7F5FE8DE742
:10724000142B0AD9542B1FD80B0B03F16F0003F139
:107250006E02C300B1E719448DE703F15C0003F14E
:107260005B02C300A9E741F00103C7E90455C5E982
:1072700002006B60695071E779689210012404FA8A
:1072800002F20A437A60A6E7B3F5AA7F06D8CB0BD1
:1072900003F1780003F17702C3008EE740F2545205
:1072A000934206D88B0C03F17D0003F17C02C300EE
:1072B00083E74FF47E737E227FE741F001036B602A
:1072C000CCF800104AE700BF6431FF1F7035FF1F84
:1072D000BC3DFF1F38B5074D074C2C1BA41005D033
:1072E000013C55F8043D9847002CF9D1BDE83840E1
:1072F00004F000BC0000000000000000706F6C791A
:1073000073796E746800FFFF000000000000000049
:107310000935000000000000000000004D1E0000C4
:10732000000000003A1C19B32F7219B42F0DADB430
:107330007B2C1AB5BF6071B5C215AEB51345EDB55E
:10734000B91B1BB6257044B6949672B667C192B647
:10735000C492AEB62CB6CCB6D420EDB629E307B7AE
:107360004D4C1AB7FEC32DB78D4142B776BB57B708
:107370005D276EB707BD82B7BED38EB763519BB78B
:107380001A2FA8B79B65B5B736EDC2B7D5BDD0B734
:10739000F8CEDEB7BE17EDB7E18EFBB75F1505B8C7
:1073A000A8700CB81FD413B86A3A1BB8069E22B84E
:1073B00047F929B85D4631B8537F38B8129E3FB8B7
:1073C000669C46B8FE734DB86D1E54B833955AB8D6
:1073D000B8D160B855CD66B855816CB8F8E671B8CB
:1073E00077F776B806AC7BB8DAFD7FB815F381B8CD
:1073F0001AAF83B8A12F85B8557186B8EC7087B8DD
:10740000242B88B8CB9C88B8BEC288B8E89988B8C5
:107410004B1F88B8FB4F87B8262986B811A884B8B7
:107420001CCA82B8C78C80B85CDB7BB81FD575B826
:107430009C026FB8DF5F67B844E95EB8789B55B8C7
:107440007C734BB8AB6E40B8BB8A34B8C3C527B8A1
:107450003B1E1AB8FF920BB8AF46F8B7E99DD7B7F5
:10746000E92BB5B7CEF190B730E355B7675C06B7F7
:10747000AE5B4DB6D38E0C361210FA36B7485A377B
:107480003B6B9D370850CF37966401380BE61B38AD
:10749000A026373812205338A4CB6F380E91863887
:1074A000E48D95383CD8A438C36BB438ED43C43868
:1074B000F15BD438CFAEE4384F37F53801F80239F4
:1074C000A3690B39A3ED1339FD801C3996202539AA
:1074D0003DC92D39AC77363987283F3961D84739CE
:1074E000BB835039052759399FBE6139E0466A3957
:1074F0000EBC7239681A7B3912AF8139B8C185392F
:107500003AC38939ACB18D39208B9139A84D953961
:1075100058F7983944869C3985F89F39384CA339F7
:107520007D7FA6397C90A939637DAC396844AF3939
:10753000CAE3B139D359B439D6A4B63934C3B8394A
:107540005AB3BA39C373BC39FA02BE39995FBF392D
:107550004C88C039CF7BC139F438C2399EBEC2399C
:10756000C50BC339791FC339DDF8C2392E97C2392B
:10757000BFF9C139FD1FC1396F09C039B4B5BE3972
:107580008824BD39C155BB395249B9394AFFB6398A
:10759000D477B4393AB3B139E4B1AE395574AB39B3
:1075A00033FBA7394047A4395B59A03986329C394F
:1075B000DFD39739A43E933932748E3904768939F2
:1075C000B5458439F8C97D3961AB72398D33673976
:1075D000A0665B39F5484F3923DF4239F52D36393E
:1075E0006E3A2939C4091C3962A10E39E206013903
:1075F0001E80E638BFA5CA38EE8AAE38443C9238C1
:107600004B8D6B38846E3238306EF237D30480374E
:10761000B989DD35FABB47B7C7E5D4B7798222B857
:1076200094005AB8EA6788B85569A3B8B8F5BDB8E8
:1076300037FED7B8F673F1B80E2405B9F23511B993
:107640004BE81CB9CC3328B93C1133B973793DB937
:10765000656547B920CE50B9D4AC59B9D4FA61B9EF
:107660009BB169B9CECA70B9424077B9FE0B7DB9FA
:10767000201481B9BE4783B9341E85B9FB9486B9FD
:10768000B0A987B9105A88B901A488B98E8588B97C
:10769000E8FC87B96E0887B9A6A685B944D683B930
:1076A000299681B9CBCA7DB9718677B9285E70B940
:1076B000345168B93F5F5FB95E8855B90ACD4AB9A0
:1076C0002A2E3FB90DAD32B9724B25B9810B17B9CE
:1076D000D2EF07B9D8F6EFB88363CEB86B2DABB84D
:1076E0002F5D86B899F83FB85F54E0B7FC2BEBB636
:1076F000B6F56037E6A4103897B56B3849A9A438B9
:10770000AAAED43873ED02399C0E1C390BB2353950
:10771000A5CE4F39F25A6A3993A68239934D9039E2
:10772000421D9E394410AC391B21BA39254AC8394B
:10773000A485D639BACDE439701CF339DBB5003AEB
:10774000B2DA073AA2F90E3A840F163A2D191D3A09
:107750006A13243A05FB2A3AC5CC313A6E85383A89
:10776000C7213F3A959E453AA3F84B3ABE2C523A70
:10777000BA37583A73165E3ACEC5633ABB42693A95
:10778000348A6E3A4399733A006D783A95027D3A9D
:107790009FAB803A25B4823A8F99843A9B5A863AB5
:1077A00013F6873ACD6A893AAFB78A3AABDB8B3AA0
:1077B000C3D58C3A07A58D3A99488E3AABBF8E3A1D
:1077C00082098F3A71258F3AE2128F3A50D18E3A60
:1077D00049608E3A6FBF8D3A7AEE8C3A35ED8B3A2E
:1077E00081BB8A3A5459893ABAC6873AD603863A4F
:1077F000DF10843A24EE813A17387F3A21367A3AFC
:107800008AD7743AA81D6F3AF909693A2C9E623AF0
:107810001DDC5B3AD2C5543A815D4D3A8AA5453AA2
:107820007BA03D3A0A51353A19BA2C3AB4DE233AD4
:107830000EC21A3A8367113A96D2073ADC0DFC3928
:10784000B010E83986B5D3398104BF390206AA39A8
:10785000ABC29439AC867E392A2253395C6A273907
:1078600059E4F638C0999E382D380C38386713B76C
:10787000F3B155B871FFC2B89E5B0DB980EB38B952
:107880008D1A64B9F26987B94B819CB9D848B1B9EE
:1078900022B6C5B9BDBED9B94758EDB9393C00BA11
:1078A000828A09BAF19112BA884D1BBA5AB823BA22
:1078B00094CD2BBA748833BA58E43ABAB6DC41BADC
:1078C000276D48BA61914EBA414554BAC78459BA36
:1078D0001E4C5EBA989762BAB86366BA2AAD69BAA6
:1078E000CF706CBABAAB6EBA2F5B70BAAE7C71BA9D
:1078F000EA0D72BAD30C72BA927771BA914C70BA1F
:10790000748A6EBA20306CBABD3C69BAB3AF65BA3E
:10791000AD8861BA9BC75CBAB26C57BA6C7851BA81
:1079200089EB4ABA10C743BA4F0C3CBADBBC33BA36
:107930008FDA2ABA906721BA486617BA68D90CBAA2
:10794000E8C301BA0C52ECB98718D4B9D1E2BAB97C
:10795000FEB8A0B9A8A385B9D75753B9C8B619B905
:10796000A7F0BCB87BC606B82C3AE437C736B8389F
:10797000E7F21C3928F55E3959049139A609B33963
:10798000027DD5399D50F8392ABB0D3ADB6F1F3A7D
:10799000063F313A2E21433ABA0E553AF4FF663A81
:1079A00011ED783A1767853AAE4D8E3A4E26973AE2
:1079B000F1EC9F3A919DA83A2334B13A9FACB93A81
:1079C000FE02C23A3E33CA3A6039D23A6F11DA3A0D
:1079D00081B7E13AB327E93A335EF03A3C57F73AD8
:1079E0001D0FFE3A1941023B7A56053BF545083B0F
:1079F000DC0D0B3B8EAC0D3B7720103B1268123B2D
:107A0000EB81143B9C6C163BD226183B4BAF193BC9
:107A1000D9041B3B5F261C3BD8121D3B51C91D3BA3
:107A2000ED481E3BE5901E3B8AA01E3B42771E3B65
:107A30008D141E3B03781D3B52A11C3B46901B3B03
:107A4000BF441A3BBBBE183B4FFE163BAD03153B74
:107A50001FCF123B0C61103BF4B90D3B72DA0A3BAD
:107A60003CC3073B2375043B12F1003B1F70FA3AFD
:107A70007896F23AA257EA3A47B6E13A41B5D83A8F
:107A80009E57CF3A9FA0C53AB193BB3A7434B13AEE
:107A9000B586A63A6E8E9B3AC54F903A0CCF843A83
:107AA0007321723ADF325A3AE8DB413A6026293ACA
:107AB000601C103A7F90ED392569BA3949D886396A
:107AC000DAE7253973937638F1AB2BB8AF9913B950
:107AD000B2387CB9864CB2B9B245E6B905F80CBAF1
:107AE000D19926BA3DFC3FBA491359BAF4D271BABA
:107AF000A41785BA2C0E91BA27C79CBAB53CA8BA70
:107B00000469B3BA5546BEBAFECEC8BA68FDD2BA49
:107B10001BCCDCBAB735E6BAFE34EFBAD4C4F7BA38
:107B20003EE0FFBA36C103BB5A5307BB4EA40ABBA3
:107B3000EBB10DBB237A10BBFFFA12BBA83215BB09
:107B40005D1F17BB7FBF18BB89111ABB17141BBB66
:107B5000E4C51BBBCB251CBBCB321CBB03EC1BBB46
:107B6000B4501BBB47601ABB451A19BB5E7E17BBDE
:107B7000678C15BB594413BB58A610BBA9B20DBBEB
:107B8000BB690ABB23CC06BB9EDA02BB1D2CFDBA27
:107B9000FEFEF3BA4430EABA9FC2DFBA0CB9D4BAD7
:107BA000D916C9BA9BDFBCBA3517B0BAD4C1A2BACC
:107BB000EEE394BA408286BA9D436FBAC48F50BA3E
:107BC0000DF430BA147C10BAE267DEB973509AB97A
:107BD000DF9729B9F754DFB76D5EE838303E833957
:107BE0000961CD3904310C3A3011323A5341583AD7
:107BF0006BB17E3A99A8923A1208A63AC56EB93A84
:107C00003CD4CC3AEE2FE03A4079F33AC653033BEA
:107C10000FD90C3B2248163BA29C1F3B33D2283B7A
:107C20007DE4313B2ECF3A3BF88D433B981C4C3BD7
:107C3000D676543B85985C3B897D643BD4216C3B74
:107C40006F81733B72987A3B89B1803BCBEE833B6B
:107C50003302873BFFE9893B81A48C3B18308F3B83
:107C6000328B913B54B4933B10AA953B0F6B973BDF
:107C70000CF6983BD8499A3B59659B3B8C479C3BFB
:107C800084EF9C3B6B5C9D3B868D9D3B2F829D3B97
:107C9000DC399D3B1BB49C3B95F09B3B0FEF9A3B23
:107CA00065AF993B9131983BAA75963BDE7B943B3F
:107CB0007C44923BEBCF8F3BB11E8D3B6E318A3BB8
:107CC000E008873BDFA5833B6209803BF068783B97
:107CD0009F50703B5ECC673BF5DE5E3B5E8B553B59
:107CE000C9D44B3B9BBE413B6A4C373BFC812C3B90
:107CF0004B63213B7EF4153BE8390A3B1970FC3A93
:107D00002CE7E33AB0E2CA3A9F6CB13A3A8F973A1D
:107D100012AA7A3AB091453A63EB0F3A699BB339AC
:107D2000663E0D39B4BC9BB853E094B91E8201BACB
:107D30002E9538BAD5906FBA302E93BA796FAEBA05
:107D4000C97FC9BA9D52E4BA6CDBFEBAD7860CBBB8
:107D5000746E19BB531E26BB459032BB28BE3EBB7A
:107D6000E8A14ABB843556BB0D7361BBAF546CBBF5
:107D7000AFD476BBB77680BBB84C85BBADE989BBC9
:107D8000FA4A8EBB196E92BB985096BB1CF099BBF9
:107D9000624A9DBB415DA0BBA826A3BBA3A4A5BB13
:107DA0005BD5A7BB16B7A9BB3948ABBB4787ACBBF4
:107DB000E672ADBBDD09AEBB154BAEBB9A35AEBBB3
:107DC0009EC8ADBB7403ADBB99E5ABBBAC6EAABBA3
:107DD000749EA8BBE074A6BB04F2A3BB1F16A1BB94
:107DE00095E19DBBF4549ABBF17096BB6A3692BB89
:107DF00066A68DBB14C288BBCC8A83BB17047CBB30
:107E0000F65270BBD00564BB912057BB72A749BB2B
:107E1000F69E3BBBEB0B2DBB6AF31DBBD35A0EBBCF
:107E2000998FFCBA7F80DBBAB494B9BA11D996BAEB
:107E3000D8B566BA27501EBA213BA9B90FB71BB8EF
:107E400017708439F31D0F3A9AD65C3AD4A0953A4C
:107E5000131FBD3A43D5E43A2D59063B89521A3BCC
:107E6000F74D2E3BA442423BA627563B05F4693B07
:107E7000BE9E7D3B628F883B8335923B3BBD9B3BE7
:107E80000222A53B555FAE3BB970B73BB851C03B32
:107E9000E8FDC83BE970D13B6BA6D93B2C9AE13B8E
:107EA000FE47E93BC7ABF03B82C1F73B4385FE3B56
:107EB0009B79023CD483053C7E5F083CDF0A0B3C87
:107EC0004A840D3C27CA0F3CEDDA113C29B5133C1E
:107ED0007C57153C9CC0163C54EF173C87E2183C7D
:107EE0002E99193C5B121A3C3A4D1A3C0D491A3C2A
:107EF00032051A3C2381193C71BC183CCDB6173CA5
:107F0000FF6F163CF0E7143CA31E133C3814113CE1
:107F1000ECC80E3C1B3D0C3C3C71093CE565063C45
:107F2000CB1B033C7D27FF3B5B9DF73B4B9BEF3B14
:107F30009E23E73BE438DE3BE4DDD43B9F15CB3B9F
:107F40004EE3C03B634AB63B864EAB3B95F39F3B4B
:107F5000A33D943BF630883B0EA4773BFF4A5E3B43
:107F60007060443B6FEE293B61FF0E3B003CE73AFB
:107F7000ACAAAF3AECC26E3A76DEF9398B9D203866
:107F80004F79D3B9C4325EBA1093A9BACD31E4BAED
:107F9000D66D0FBB38BB2CBBCEF349BB390A67BBD0
:107FA00083F881BB564D90BBCC7C9EBB1980ACBB8B
:107FB0006E50BABB01E7C7BB0D3DD5BBD54BE2BB8D
:107FC000A70CEFBBE178FBBBF9C403BCB09C09BCB8
:107FD00061400FBCE9AC14BC31DF19BC35D41EBC08
:107FE000008923BCB2FA27BC81262CBCB80930BC5E
:107FF000B9A133BC02EC36BC28E639BCDF8D3CBCF1
:10800000F7E03EBC5EDD40BC258142BC79CA43BC82
:10801000AEB744BC394745BCB47745BCDF4745BC27
:10802000A0B644BC06C343BC456C42BCC0B140BC16
:10803000FE923EBCB50F3CBCC52739BC3ADB35BC13
:108040004E2A32BC66152EBC169D29BC1FC224BC0C
:1080500072851FBC2CE819BC99EB13BC36910DBC82
:10806000ABDA06BCA293FFBB5BC1F0BBE942E1BB4C
:10807000121DD1BBF354C0BB03F0AEBB14F49CBBC8
:108080004D678ABB54A06EBBFB6A47BBD53C1FBB88
:108090009449ECBABF6498BACBD605BABE08203969
:1080A000727C583A6DA8C53A8D0D103B57B83D3BD0
:1080B00051C16B3B640A8D3B504FA43B2BA5BB3B8E
:1080C0008601D33BCA59EA3B9BD1003C73690C3C07
:1080D000EFEE173C7F5C233C8DAC2E3C76D9393CCF
:1080E00092DD443C36B34F3CB3545A3C5CBC643CD8
:1080F00086E46E3C8BC7783CE72F813CDCD3853C23
:10810000E24C8A3C3E988E3C3BB3923C309B963C82
:10811000804D9A3C9AC79D3CFA06A13C2D09A43C8F
:10812000CFCBA63C8F4CA93C2E89AB3C817FAD3C8C
:10813000752DAF3C0A91B03C5CA8B13C9D71B23C3E
:108140001AEBB23C3E13B33C8DE8B23CAB69B23C97
:108150005C95B13C826AB03C1FE8AE3C5B0DAD3C27
:108160007ED9AA3CF54BA83C5264A53C4B22A23CCC
:10817000C1859E3CB88E9A3C5F3D963C0C92913CEA
:10818000418D8C3CA82F873C187A813C25DB763CBE
:1081900089166A3C10A95C3CC8954E3C19E03F3CEE
:1081A000C68B303CED9C203C0A18103CE403FE3B9F
:1081B000B1BFDA3B9C6EB63B7B1C913BBEAB553BE3
:1081C0002350073B8D085D3A9C06D3B9D5F3DABA44
:1081D000E3E841BB0EC68BBB4820B7BBF1F0E2BB66
:1081E000969207BCBBD41DBCD23434BC74A84ABC24
:1081F000E82461BC2A9F77BCF30587BCC12F92BCE1
:108200000A479DBCB945A8BC9625B3BC48E0BDBC97
:10821000556FC8BC26CCD2BC06F0DCBC24D4E6BC6E
:108220009671F0BC58C1F9BC265E01BDA1AD05BD7B
:108230007ACB09BD03B40DBD886311BD4BD614BD07
:10824000880818BD75F61ABD419C1DBD18F61FBDE6
:10825000230022BD87B623BD671525BDE81826BDBE
:108260002ABD26BD53FE26BD88D826BDF14726BDB2
:10827000BB4825BD17D723BD3CEF21BD668D1FBD73
:10828000DAAD1CBDE54C19BDDE6615BD25F810BD87
:1082900026FD0BBD587206BD405400BDE33EF3BC45
:1082A00019A1E4BC84C8D4BCA6AEC3BC254DB1BCE6
:1082B000C99D9DBC819A88BCC67A64BC590135BCF5
:1082C0008EBD02BC1D499BBBF25EADBA89DA143B80
:1082D0006519C63BB0DF233C93B8673CF64F973C2B
:1082E000F34EBC3C1DDDE23C0F7F053DB15A1A3D0B
:1082F0001203303DB079463DEDBF5D3D0CD7753D75
:108300001B60873D383E943D5286A13DD038AF3D3D
:108310000756BD3D3EDECB3DACD1DA3D7730EA3D80
:10832000B9FAF93D7730EA3DACD1DA3D3EDECB3DDE
:108330000756BD3DD038AF3D5286A13D383E943DF5
:108340001B60873D0CD7753DEDBF5D3DB079463D67
:108350001203303DB15A1A3D0F7F053D1DDDE23C51
:10836000F34EBC3CF64F973C93B8673CB0DF233CE0
:108370006519C63B89DA143BF25EADBA1D499BBB59
:108380008EBD02BC590135BCC67A64BC819A88BCDA
:10839000C99D9DBC254DB1BCA6AEC3BC84C8D4BC90
:1083A00019A1E4BCE33EF3BC405400BD587206BDC5
:1083B00026FD0BBD25F810BDDE6615BDE54C19BDCB
:1083C000DAAD1CBD668D1FBD3CEF21BD17D723BDA7
:1083D000BB4825BDF14726BD88D826BD53FE26BD26
:1083E0002ABD26BDE81826BD671525BD87B623BD65
:1083F000230022BD18F61FBD419C1DBD75F61ABD98
:10840000880818BD4BD614BD886311BD03B40DBDDB
:108410007ACB09BDA1AD05BD265E01BD58C1F9BC31
:108420009671F0BC24D4E6BC06F0DCBC26CCD2BCF1
:10843000556FC8BC48E0BDBC9625B3BCB945A8BCC7
:108440000A479DBCC12F92BCF30587BC2A9F77BC0D
:10845000E82461BC74A84ABCD23434BCBBD41DBC73
:10846000969207BCF1F0E2BB4820B7BB0EC68BBBAF
:10847000E3E841BBD5F3DABA9C06D3B98D085D3A7F
:108480002350073BBEAB553B7B1C913B9C6EB63BE0
:10849000B1BFDA3BE403FE3B0A18103CED9C203CE4
:1084A000C68B303C19E03F3CC8954E3C10A95C3C63
:1084B00089166A3C25DB763C187A813CA82F873CDC
:1084C000418D8C3C0C92913C5F3D963CB88E9A3C21
:1084D000C1859E3C4B22A23C5264A53CF54BA83C76
:1084E0007ED9AA3C5B0DAD3C1FE8AE3C826AB03C35
:1084F0005C95B13CAB69B23C8DE8B23C3E13B33CF9
:108500001AEBB23C9D71B23C5CA8B13C0A91B03C04
:10851000752DAF3C817FAD3C2E89AB3C8F4CA93C87
:10852000CFCBA63C2D09A43CFA06A13C9AC79D3CA2
:10853000804D9A3C309B963C3BB3923C3E988E3C9F
:10854000E24C8A3CDCD3853CE72F813C8BC7783CEE
:1085500086E46E3C5CBC643CB3545A3C36B34F3C3E
:1085600092DD443C76D9393C8DAC2E3C7F5C233C7B
:10857000EFEE173C73690C3C9BD1003CCA59EA3BB7
:108580008601D33B2BA5BB3B504FA43B640A8D3BDC
:1085900051C16B3B57B83D3B8D0D103B6DA8C53AA3
:1085A000727C583ABE082039CBD605BABF6498BA57
:1085B0009449ECBAD53C1FBBFB6A47BB54A06EBBC9
:1085C0004D678ABB14F49CBB03F0AEBBF354C0BB35
:1085D000121DD1BBE942E1BB5BC1F0BBA293FFBB63
:1085E000ABDA06BC36910DBC99EB13BC2CE819BC78
:1085F00072851FBC1FC224BC169D29BC66152EBCEB
:108600004E2A32BC3ADB35BCC52739BCB50F3CBC61
:10861000FE923EBCC0B140BC456C42BC06C343BCEC
:10862000A0B644BCDF4745BCB47745BC394745BC20
:10863000AEB744BC79CA43BC258142BC5EDD40BCB8
:10864000F7E03EBCDF8D3CBC28E639BC02EC36BC12
:10865000B9A133BCB80930BC81262CBCB2FA27BC06
:10866000008923BC35D41EBC31DF19BCE9AC14BC75
:1086700061400FBCB09C09BCF9C403BCE178FBBBF2
:10868000A70CEFBBD54BE2BB0D3DD5BB01E7C7BB8C
:108690006E50BABB1980ACBBCC7C9EBB564D90BB18
:1086A00083F881BB390A67BBCEF349BB38BB2CBB0F
:1086B000D66D0FBBCD31E4BA1093A9BAC4325EBAFD
:1086C0004F79D3B98B9D203876DEF939ECC26E3AFA
:1086D000ACAAAF3A003CE73A61FF0E3B6FEE293B94
:1086E0007060443BFF4A5E3B0EA4773BF630883B0C
:1086F000A33D943B95F39F3B864EAB3B634AB63B11
:108700004EE3C03B9F15CB3BE4DDD43BE438DE3B7E
:108710009E23E73B4B9BEF3B5B9DF73B7D27FF3B5E
:10872000CB1B033CE565063C3C71093C1B3D0C3C06
:10873000ECC80E3C3814113CA31E133CF0E7143C6B
:10874000FF6F163CCDB6173C71BC183C2381193C19
:1087500032051A3C0D491A3C3A4D1A3C5B121A3C40
:108760002E99193C87E2183C54EF173C9CC0163CEC
:108770007C57153C29B5133CEDDA113C27CA0F3C58
:108780004A840D3CDF0A0B3C7E5F083CD483053CE9
:108790009B79023C4385FE3B82C1F73BC7ABF03B74
:1087A000FE47E93B2C9AE13B6BA6D93BE970D13BF4
:1087B000E8FDC83BB851C03BB970B73B555FAE3B15
:1087C0000222A53B3BBD9B3B8335923B628F883B9E
:1087D000BE9E7D3B05F4693BA627563BA442423B27
:1087E000F74D2E3B89521A3B2D59063B43D5E43AAF
:1087F000131FBD3AD4A0953A9AD65C3AF31D0F3AAE
:10880000177084390FB71BB8213BA9B927501EBA7E
:10881000D8B566BA11D996BAB494B9BA7F80DBBA22
:10882000998FFCBAD35A0EBB6AF31DBBEB0B2DBB61
:10883000F69E3BBB72A749BB912057BBD00564BBDA
:10884000F65270BB17047CBBCC8A83BB14C288BBB6
:1088500066A68DBB6A3692BBF17096BBF4549ABB88
:1088600095E19DBB1F16A1BB04F2A3BBE074A6BBA0
:10887000749EA8BBAC6EAABB99E5ABBB7403ADBB41
:108880009EC8ADBB9A35AEBB154BAEBBDD09AEBBCA
:10889000E672ADBB4787ACBB3948ABBB16B7A9BBCB
:1088A0005BD5A7BBA3A4A5BBA826A3BB415DA0BB6A
:1088B000624A9DBB1CF099BB985096BB196E92BB47
:1088C000FA4A8EBBADE989BBB84C85BBB77680BB95
:1088D000AFD476BBAF546CBB0D7361BB843556BB54
:1088E000E8A14ABB28BE3EBB459032BB531E26BB07
:1088F000746E19BBD7860CBB6CDBFEBA9D52E4BA12
:10890000C97FC9BA796FAEBA302E93BAD5906FBA13
:108910002E9538BA1E8201BA53E094B9B4BC9BB804
:10892000663E0D39699BB33963EB0F3AB091453A16
:1089300012AA7A3A3A8F973A9F6CB13AB0E2CA3AA1
:108940002CE7E33A1970FC3AE8390A3B7EF4153B10
:108950004B63213BFC812C3B6A4C373B9BBE413B2C
:10896000C9D44B3B5E8B553BF5DE5E3B5ECC673B33
:108970009F50703BF068783B6209803BDFA5833BEA
:10898000E008873B6E318A3BB11E8D3BEBCF8F3BBE
:108990007C44923BDE7B943BAA75963B9131983B9D
:1089A00065AF993B0FEF9A3B95F09B3B1BB49C3B0B
:1089B000DC399D3B2F829D3B868D9D3B6B5C9D3BB7
:1089C00084EF9C3B8C479C3B59659B3BD8499A3B29
:1089D0000CF6983B0F6B973B10AA953B54B4933B16
:1089E000328B913B18308F3B81A48C3BFFE9893B54
:1089F0003302873BCBEE833B89B1803B72987A3B55
:108A00006F81733BD4216C3B897D643B85985C3BD3
:108A1000D676543B981C4C3BF88D433B2ECF3A3BCB
:108A20007DE4313B33D2283BA29C1F3B2248163BBE
:108A30000FD90C3BC653033B4079F33AEE2FE03A93
:108A40003CD4CC3AC56EB93A1208A63A99A8923AE3
:108A50006BB17E3A5341583A3011323A04310C3AF4
:108A60000961CD39303E83396D5EE838F754DFB7A0
:108A7000DF9729B973509AB9E267DEB9147C10BA4E
:108A80000DF430BAC48F50BA9D436FBA408286BA93
:108A9000EEE394BAD4C1A2BA3517B0BA9BDFBCBA20
:108AA000D916C9BA0CB9D4BA9FC2DFBA4430EABAEF
:108AB000FEFEF3BA1D2CFDBA9EDA02BB23CC06BB28
:108AC000BB690ABBA9B20DBB58A610BB594413BB66
:108AD000678C15BB5E7E17BB451A19BB47601ABB76
:108AE000B4501BBB03EC1BBBCB321CBBCB251CBB4C
:108AF000E4C51BBB17141BBB89111ABB7FBF18BB76
:108B00005D1F17BBA83215BBFFFA12BB237A10BB3F
:108B1000EBB10DBB4EA40ABB5A5307BB36C103BB16
:108B20003EE0FFBAD4C4F7BAFE34EFBAB735E6BABE
:108B30001BCCDCBA68FDD2BAFECEC8BA5546BEBA66
:108B40000469B3BAB53CA8BA27C79CBA2C0E91BA2F
:108B5000A41785BAF4D271BA491359BA3DFC3FBA89
:108B6000D19926BA05F80CBAB245E6B9864CB2B925
:108B7000B2387CB9AF9913B9F1AB2BB8739376388F
:108B8000DAE7253949D886392569BA397F90ED3930
:108B9000601C103A6026293AE8DB413ADF325A3A43
:108BA0007321723A0CCF843AC54F903A6E8E9B3A3D
:108BB000B586A63A7434B13AB193BB3A9FA0C53A90
:108BC0009E57CF3A41B5D83A47B6E13AA257EA3A6A
:108BD0007896F23A1F70FA3A12F1003B2375043B83
:108BE0003CC3073B72DA0A3BF4B90D3B0C61103B06
:108BF0001FCF123BAD03153B4FFE163BBBBE183BD0
:108C0000BF441A3B46901B3B52A11C3B03781D3BC3
:108C10008D141E3B42771E3B8AA01E3BE5901E3BF7
:108C2000ED481E3B51C91D3BD8121D3B5F261C3B26
:108C3000D9041B3B4BAF193BD226183B9C6C163B0F
:108C4000EB81143B1268123B7720103B8EAC0D3B3E
:108C5000DC0D0B3BF545083B7A56053B1941023BC1
:108C60001D0FFE3A3C57F73A335EF03AB327E93A24
:108C700081B7E13A6F11DA3A6039D23A3E33CA3AF3
:108C8000FE02C23A9FACB93A2334B13A919DA83A58
:108C9000F1EC9F3A4E26973AAE4D8E3A1767853AD9
:108CA00011ED783AF4FF663ABA0E553A2E21433A5E
:108CB000063F313ADB6F1F3A2ABB0D3A9D50F83917
:108CC000027DD539A609B3395904913928F55E39A1
:108CD000E7F21C39C736B8382C3AE4377BC606B8F9
:108CE000A7F0BCB8C8B619B9D75753B9A8A385B966
:108CF000FEB8A0B9D1E2BAB98718D4B90C52ECB910
:108D0000E8C301BA68D90CBA486617BA906721BAA5
:108D10008FDA2ABADBBC33BA4F0C3CBA10C743BA5D
:108D200089EB4ABA6C7851BAB26C57BA9BC75CBA35
:108D3000AD8861BAB3AF65BABD3C69BA20306CBAD0
:108D4000748A6EBA914C70BA927771BAD30C72BAB7
:108D5000EA0D72BAAE7C71BA2F5B70BABAAB6EBA5A
:108D6000CF706CBA2AAD69BAB86366BA989762BA1E
:108D70001E4C5EBAC78459BA414554BA61914EBA85
:108D8000276D48BAB6DC41BA58E43ABA748833BAA7
:108D900094CD2BBA5AB823BA884D1BBAF19112BAA6
:108DA000828A09BA393C00BA4758EDB9BDBED9B973
:108DB00022B6C5B9D848B1B94B819CB9F26987B917
:108DC0008D1A64B980EB38B99E5B0DB971FFC2B8DA
:108DD000F3B155B8386713B72D380C38C0999E38A1
:108DE00059E4F6385C6A27392A225339AC867E3931
:108DF000ABC294390206AA398104BF3986B5D3398A
:108E0000B010E839DC0DFC3996D2073A8367113A85
:108E10000EC21A3AB4DE233A19BA2C3A0A51353A3C
:108E20007BA03D3A8AA5453A815D4D3AD2C5543A78
:108E30001DDC5B3A2C9E623AF909693AA81D6F3A2B
:108E40008AD7743A21367A3A17387F3A24EE813A33
:108E5000DF10843AD603863ABAC6873A5459893A1B
:108E600081BB8A3A35ED8B3A7AEE8C3A6FBF8D3AF8
:108E700049608E3A50D18E3AE2128F3A71258F3A7C
:108E800082098F3AABBF8E3A99488E3A07A58D3A40
:108E9000C3D58C3AABDB8B3AAFB78A3ACD6A893A05
:108EA00013F6873A9B5A863A8F99843A25B4823AC8
:108EB0009FAB803A95027D3A006D783A4399733AB8
:108EC000348A6E3ABB42693ACEC5633A73165E3A4B
:108ED000BA37583ABE2C523AA3F84B3A959E453AC7
:108EE000C7213F3A6E85383AC5CC313A05FB2A3A5C
:108EF0006A13243A2D191D3A840F163AA2F90E3A34
:108F0000B2DA073ADBB5003A701CF339BACDE4396E
:108F1000A485D639254AC8391B21BA394410AC3941
:108F2000421D9E39934D903993A68239F25A6A397F
:108F3000A5CE4F390BB235399C0E1C3973ED023971
:108F4000AAAED43849A9A43897B56B38E6A410382E
:108F5000B6F56037FC2BEBB65F54E0B799F83FB835
:108F60002F5D86B86B2DABB88363CEB8D8F6EFB85B
:108F7000D2EF07B9810B17B9724B25B90DAD32B9D4
:108F80002A2E3FB90ACD4AB95E8855B93F5F5FB90D
:108F9000345168B9285E70B9718677B9CBCA7DB98A
:108FA000299681B944D683B9A6A685B96E0887B932
:108FB000E8FC87B98E8588B901A488B9105A88B9A8
:108FC000B0A987B9FB9486B9341E85B9BE4783B969
:108FD000201481B9FE0B7DB9424077B9CECA70B971
:108FE0009BB169B9D4FA61B9D4AC59B920CE50B9A2
:108FF000656547B973793DB93C1133B9CC3328B9AC
:109000004BE81CB9F23511B90E2405B9F673F1B865
:1090100037FED7B8B8F5BDB85569A3B8EA6788B8C0
:1090200094005AB8798222B8C7E5D4B7FABB47B7DB
:10903000B989DD35D3048037306EF237846E32382B
:109040004B8D6B38443C9238EE8AAE38BFA5CA3897
:109050001E80E638E206013962A10E39C4091C39C6
:109060006E3A2939F52D363923DF4239F5484F3923
:10907000A0665B398D33673961AB7239F8C97D39C8
:10908000B54584390476893932748E39A43E9339D2
:10909000DFD3973986329C395B59A0394047A439D0
:1090A00033FBA7395574AB39E4B1AE393AB3B139B2
:1090B000D477B4394AFFB6395249B939C155BB39A9
:1090C0008824BD39B4B5BE396F09C039FD1FC13917
:1090D000BFF9C1392E97C239DDF8C239791FC339BA
:1090E000C50BC3399EBEC239F438C239CF7BC139F2
:1090F0004C88C039995FBF39FA02BE39C373BC3995
:109100005AB3BA3934C3B839D6A4B639D359B439F5
:10911000CAE3B1396844AF39637DAC397C90A93971
:109120007D7FA639384CA33985F89F3944869C3910
:1091300058F79839A84D9539208B9139ACB18D39B4
:109140003AC38939B8C1853912AF8139681A7B3978
:109150000EBC7239E0466A399FBE6139052759391C
:10916000BB83503961D8473987283F39AC773639C6
:109170003DC92D3996202539FD801C39A3ED1339C1
:10918000A3690B3901F802394F37F538CFAEE4380F
:10919000F15BD438ED43C438C36BB4383CD8A43841
:1091A000E48D95380E918638A4CB6F381220533851
:1091B000A02637380BE61B38966401380850CF37A5
:1091C0003B6B9D37B7485A371210FA36D38E0C36A0
:1091D000AE5B4DB6675C06B730E355B7CEF190B7DE
:1091E000E92BB5B7E99DD7B7AF46F8B7FF920BB8F3
:1091F0003B1E1AB8C3C527B8BB8A34B8AB6E40B89B
:109200007C734BB8789B55B844E95EB8DF5F67B8AC
:109210009C026FB81FD575B85CDB7BB8C78C80B873
:109220001CCA82B811A884B8262986B8FB4F87B813
:109230004B1F88B8E89988B8BEC288B8CB9C88B85C
:10924000242B88B8EC7087B8557186B8A12F85B8E3
:109250001AAF83B815F381B8DAFD7FB806AC7BB8D6
:1092600077F776B8F8E671B855816CB855CD66B821
:10927000B8D160B833955AB86D1E54B8FE734DB866
:10928000669C46B8129E3FB8537F38B85D4631B8E9
:1092900047F929B8069E22B86A3A1BB81FD413B8FA
:1092A000A8700CB85F1505B8E18EFBB7BE17EDB717
:1092B000F8CEDEB7D5BDD0B736EDC2B79B65B5B732
:1092C0001A2FA8B763519BB7BED38EB707BD82B71D
:1092D0005D276EB776BB57B78D4142B7FEC32DB73A
:1092E0004D4C1AB729E307B7D420EDB62CB6CCB64F
:1092F000C492AEB667C192B6949672B6257044B663
:10930000B91B1BB61245EDB5C215AEB5BF6071B540
:109310007A2C1AB52D0DADB42D7219B4321C19B3B7
:10932000009E0529000000003A1C99B625C819B70F
:10933000378867B772D39AB7A0FDC1B7752DE9B763
:10934000882608B8F4A21BB86C002FB8103342B8B6
:10935000BE2E55B813E767B8704F7AB8832D86B81C
:109360006AFE8EB8DC9397B833E79FB8C2F1A7B80E
:10937000CFACAFB89D11B7B86D19BEB881BDC4B838
:1093800023F7CAB8A9BFD0B87510D6B8FEE2DAB8CC
:10939000D130DFB898F3E2B81C25E6B84BBFE8B887
:1093A0003ABCEAB82D16ECB89AC7ECB82BCBECB89F
:1093B000C41BECB88BB4EAB8E690E8B882ACE5B868
:1093C0005803E2B8B291DDB82B54D8B8B647D2B83A
:1093D000A169CBB89AB7C3B8AF2FBBB857D0B1B853
:1093E0006F98A7B841879CB8879C90B86DD883B810
:1093F00023776CB8168E4FB8D3F830B86DBB10B861
:10940000E7B5DDB7E0BA96B7AD2719B74721AF3357
:10941000DEF72137743EA4378A60FA3701A5293870
:109420005570573812428338A9689B38E323B43803
:10943000366BCD389C35E738CABC003995160E39E5
:10944000F9A21B39875C2939993D3739564045398E
:10945000AE5E53396292613903D56F39F41F7E399C
:1094600038368639C5598D3917779439948A9B399E
:109470009390A2395A85A9392765B0392A2CB73972
:109480008DD6BD397160C439F2C5CA392A03D139C4
:109490002F14D7391BF5DC3909A2E2391817E8393E
:1094A0006F50ED393E4AF239BE00F7393770FB395B
:1094B0000295FF39C2B5013A1F78033ADE0F053A2B
:1094C000577B063AEAB8073A08C7083A31A4093A7E
:1094D000F54E0A3AF4C50A3AE3070B3A88130B3AF9
:1094E000BEE70A3A77830A3AB9E5093AA20D093A82
:1094F0006AFA073A5EAB063AE81F053A8C57033A18
:10950000E851013A701DFE39A41BF939569EF33912
:10951000ADA5ED390A32E7390C44E03991DCD83990
:10952000B8FCD039DDA5C8399DD9BF39D699B6392F
:10953000A8E8AC3973C8A239D93B9839BB458D39F5
:109540003CE9813981536C39D61554393C213B397A
:10955000F67D2139BF3407399A9DD8389AABA138A6
:109560007A4F5338919CC237210394B6E9EE07B87D
:1095700007CE7EB87B76BBB8BA0CF8B8F6871AB9B6
:10958000C93239B946F957B994CD76B9C9D08AB933
:1095900070339AB97387A9B96CC5B8B9DCE5C7B996
:1095A00034E1D6B9D2AFE5B90A4AF4B9125401BAD6
:1095B000336108BA88480FBA340616BA5A961CBAEC
:1095C00025F522BAC41E29BA700F2FBA6CC334BA5B
:1095D00009373ABAA4663FBAAC4E44BAA2EB48BACD
:1095E0001C3A4DBAC73651BA67DE54BADC2D58BAA8
:1095F00020225BBA4DB85DBA9DED5FBA6DBF61BA0E
:109600003B2B63BAAC2E64BA8DC764BAD4F364BA88
:10961000A0B164BA3DFF63BA25DB62BA024461BA05
:10962000AC385FBA2FB85CBAC9C159BAEE5456BA51
:10963000457152BAAC164EBA394549BA39FD43BAEA
:10964000343F3EBAE80B38BA506431BAA0492ABA5E
:1096500046BD22BAECC01ABA785612BA088009BAC6
:10966000F83F00BABB31EDB90E1BD9B9FF41C4B9FF
:1096700014ADAEB9436398B9F56B81B9FC9D53B98C
:10968000402923B91716E3B803567BB8D1B831B7D0
:10969000843C26383C2CBE3849641539D4634C3997
:1096A00025FF81394B0E9E398853BA39C2C2D6394B
:1096B0009B4FF339BDF6073AC747163A6994243AE7
:1096C0000CD6323A0206413A8F1D4F3AE8155D3A00
:1096D00035E86A3A9A8D783A99FF823A0D9B893A31
:1096E000B615903A266C963AF29A9C3AB39EA23AF4
:1096F0000C74A83AA817AE3A3B86B33A89BCB83A7C
:1097000061B7BD3AA473C23A43EEC63A4224CB3A9B
:10971000BB12CF3ADEB6D23AF30DD63A5D15D93A3E
:1097200098CADB3A3E2BDE3A0735E03ACDE5E13A1E
:10973000883BE33A5534E43A74CEE43A4B08E53AD0
:1097400066E0E43A7A55E43A6366E33A2912E23A8B
:10975000FF57E03A4237DE3A7FAFDB3A6EC0D83A85
:10976000F769D53A31ACD13A6287CD3A02FCC83AB2
:10977000B90AC43A5EB4BE3AFCF9B83ACFDCB23AA0
:10978000445EAC3AFA7FA53AC0439E3A99AB963A0A
:10979000B7B98E3A7E70863A00A57B3A03C5693A1E
:1097A000E846573AF030443AB789303A2F581C3AD5
:1097B000A5A3073A72E7E439B7A0B9399E838D397A
:1097C00082424139462DCC388B811A372CC7A7B835
:1097D000E26532B9A9DB88B9C7D7B8B9B512E9B91A
:1097E000BDBB0CBA66F824BA83343DBA236555BABA
:1097F000347F6DBAC5BB82BA73A18EBAFA6A9ABABF
:10980000AD12A6BAD992B1BACFE5BCBADC05C8BAD6
:1098100058EDD2BA9E96DDBA14FCE7BA2F18F2BA08
:1098200071E5FBBA37AF02BBEA3E07BB309F0BBB0B
:1098300079CD0FBB41C713BB148A17BB91131BBB58
:1098400067611EBB5B7121BB454124BB16CF26BBA4
:10985000D41829BB9F1C2BBBB0D82CBB5C4B2EBB98
:1098600015732FBB674E30BBFFDB30BBA81A31BB73
:109870004D0931BBFCA630BBE2F22FBB4FEC2EBB37
:10988000B9922DBBB7E52BBB05E529BB869027BB5D
:1098900042E824BB65EC21BB459D1EBB5CFB1ABBAB
:1098A0004B0717BBDEC112BB032C0EBBD24609BB54
:1098B0008C1304BB2C27FDBAFB90F1BAEE67E5BA16
:1098C000BAAFD8BA606CCBBA2DA2BDBAB755AFBA91
:1098D000DF8BA0BACA4991BAE79481BACBE562BAE4
:1098E00075D341BA33FF1FBAD4EBFAB9F389B4B9CF
:1098F000CBE859B9AF1E91B8947B953862C25F39F5
:109900005E20BB39727E033A48AB293A5006503A82
:10991000E07E763A09828E3A64C2A13AD8F7B43A28
:10992000AB19C83A0F1FDB3A2BFFED3A8F58003BBB
:10993000FE95093B70B3123B71AC1B3B937C243BFF
:109940006A1F2D3B9590353BBBCB3D3B90CC453BB7
:10995000D48E4D3B590E553B02475C3BC634633BAE
:10996000B3D3693BEE1F703BB815763B6BB17B3BC5
:10997000C277803B4EE6823BB722853B6F2B873B0D
:10998000F8FE883BE99B8A3BED008C3BC62C8D3B67
:109990004A1E8E3B67D48E3B224E8F3B9C8A8F3B68
:1099A00009898F3BBD488F3B21C98E3BBC098E3B4B
:1099B000310A8D3B3BCA8B3BB5498A3B9688883B35
:1099C000F186863BF544843BF2C2813BA7027E3B95
:1099D0004401783B0B83713B86896A3B7B16633B72
:1099E000ED2B5B3B18CC523B74F9493BB4B6403B82
:1099F000C406373BC9EC2C3B216C223B6188173BEA
:109A000054450C3BFBA6003B1663E93AD6D2D03A4C
:109A100065A6B73A56E79D3A929F833AC0B2513A4B
:109A2000AE3E1B3A8AF1C739C0DD2F3922E54AB86C
:109A3000F6C18BB90B11FFB9778C39BAEAD373BA77
:109A4000CB2297BAEF63B4BA6AA0D1BA27CBEEBAE9
:109A50007AEB05BB455B14BB4AAE22BBD7DD30BBFE
:109A60003BE33EBBC4B74CBBC4545ABB97B367BBC4
:109A70009FCD74BB27CE80BB920C87BBDC1E8DBBF9
:109A8000DB0193BB70B298BB8C2D9EBB3270A3BB25
:109A90007177A8BB7040ADBB68C8B1BBA70CB6BBA3
:109AA000940ABABBAEBFBDBB8F29C1BBE945C4BBDD
:109AB0009012C7BB708DC9BB99B4CBBB3986CDBBE7
:109AC000A100CFBB4222D0BBB3E9D0BBB055D1BBC4
:109AD0001965D1BBF516D1BB736AD0BBE95ECFBBAC
:109AE000D6F3CDBBE428CCBBE5FDC9BBD672C7BB62
:109AF000DF87C4BB543DC1BBB593BDBBAB8BB9BB0A
:109B00000D26B5BBDF63B0BB4E46ABBBB6CEA5BB27
:109B10009DFE9FBBB4D799BBD95B93BB138D8CBB08
:109B2000946D85BB6DFF7BBB028C6CBB3E865CBBC2
:109B3000CCF34BBBA0DA3ABBFC4029BB6C2D17BB66
:109B4000C1A604BB2568E3BA70B9BCBA965095BAF1
:109B5000837A5ABA231F09BA8CC05AB99D84E53852
:109B6000B0C0E139CCBB453A768F8D3A8F72B83AA6
:109B70009D74E33A6A41073B17C51C3BBE3B323B31
:109B8000B49B473B41DB5C3BA1F0713B0669833BE7
:109B9000DCBA8D3BEEE8973B5EEEA13B50C6AB3B9B
:109BA000F46BB53B81DABE3B3D0DC83B7BFFD03B40
:109BB000A1ACD93B2610E23B9825EA3B9DE8F13B5E
:109BC000F354F93B3B33003C908C033C85B4063C9A
:109BD00037A9093CD7680C3CA9F10E3C0242113C64
:109BE0005058133C1433153CE8D0163C7C30183CDC
:109BF0009A50193C23301A3C15CE1A3C85291B3C3F
:109C0000A6411B3CC7151B3C52A51A3CD0EF193C82
:109C1000E5F4183C55B4173C032E163CED61143C9A
:109C20003550123C19F90F3CF85C0D3C4F7C0A3C56
:109C3000BB57073CFBEF033CEB45003C11B5F83B41
:109C4000DD5DF03BB288E73B4438DE3B856FD43BBB
:109C5000A531CA3B0E82BF3B6664B43B8CDCA83B9B
:109C600098EE9C3BDA9E903BD7F1833B93D86D3BBB
:109C70003D26533BE7D6373B2EF51B3B0D18FF3AED
:109C80007B4DC53AE7A18A3A585A1E3ACE3D18395B
:109C9000D6D5A6B9CFE14DBAAC90A4BA657AE2BAEE
:109CA000AC4910BB37602FBB24734EBBA5746DBB92
:109CB000682B86BBD48595BB90C2A4BB94DAB3BB9A
:109CC000D4C6C2BB4880D1BBEEFFDFBBCB3EEEBBF0
:109CD000F135FCBB40EF04BCD4980BBC5A1412BC49
:109CE000825E18BC09741EBCBC5124BC7AF429BC29
:109CF00034592FBCED7C34BCC25C39BCE2F53DBCB0
:109D0000974542BC464946BC6DFE49BCA7624DBC66
:109D1000B07350BC5F2F53BCAE9355BCB99E57BCBB
:109D2000BD4E59BC1EA25ABC61975BBC362D5CBCB3
:109D300070625CBC0C365CBC2EA75BBC25B55ABC03
:109D40006B5F59BCA2A557BC9A8755BC4D0553BC47
:109D5000E31E50BCAFD44CBC332749BC1C1745BCD8
:109D600046A540BCB9D23BBCAAA036BC7E1031BCD3
:109D7000C3232BBC37DC24BCC33B1EBC7C4417BCB8
:109D8000A3F80FBCA35A08BC116D00BC5C65F0BB06
:109D9000C15CDFBB72C6CDBBDBA8BBBBB50AA9BB30
:109DA00001F395BB0A6982BBB4E85CBB843934BB60
:109DB0009ED40ABB2895C1BAB0B158BA57B930B9C8
:109DC0006C18023AE6EC983AD265F13AA628253B9F
:109DD00088C4513B31737E3B8490953B22DDAB3B85
:109DE0007B15C23B872FD83B3221EE3B32F0013C42
:109DF0007FB10C3C724F173C01C5213C270D2C3C18
:109E0000E522363C4801403C67A3493C6A04533C88
:109E1000871F5C3C08F0643C4C716D3CCA9E753CED
:109E200011747D3C6776823C6502863CF75B893C19
:109E300024818C3C03708F3CC026923C9AA3943CB6
:109E4000E5E4963C0CE9983C91AE9A3C0C349C3C81
:109E50002F789D3CC6799E3CB6379F3C00B19F3C15
:109E6000BFE49F3C2CD29F3C9D789F3C84D79E3C76
:109E700073EE9D3C1ABD9C3C46439B3CE580993C5F
:109E80000676973CD622953CA287923CDAA48F3C7A
:109E90000B7B8C3CE60A893C3A55853CF95A813C5F
:109EA000673A7A3C363A713C04B8673CB5B65D3CDB
:109EB0006B39533C8843483CABD83C3CB1FC303C0C
:109EC000B1B3243CFE01183C22EC0A3CC4EDFA3B41
:109ED0006D4EDF3B9C04C33B141BA63BF99C883BA7
:109EE0009E2B553BE622183B6370B43A6824DC395C
:109EF0008A790FBACEACC7BAC24824BB3B1A65BB3D
:109F0000931793BBB6B5B3BB5159D4BB01F4F4BBA3
:109F1000A3BB0ABC3EEA1ABC78FE2ABCEDF03ABCF0
:109F200035BA4ABCE3525ABC90B369BCD4D478BCAD
:109F3000AAD783BCDE1D8BBC633992BCA12699BC19
:109F400007E29FBC1368A6BC4FB5ACBC54C6B2BCFC
:109F5000CD97B8BC7826BEBC246FC3BCBA6EC8BC53
:109F60003722CDBCB286D1BC5C99D5BC8357D9BC55
:109F700091BEDCBC0FCCDFBCA57DE2BC1FD1E4BC34
:109F80006AC4E6BC9755E8BCDC82E9BC974AEABCE7
:109F90004CABEABCA8A3EABC8232EABCDA56E9BC04
:109FA000DF0FE8BCE85CE6BC7C3DE4BC4EB1E1BC44
:109FB00042B8DEBC6752DBBCFF7FD7BC7B41D3BC61
:109FC0007A97CEBCCF82C9BC7C04C4BCB31DBEBCD6
:109FD000D9CFB7BC821CB1BC7405AABCA48CA2BCEE
:109FE0003AB49ABC8B7E92BC1DEE89BCA50581BC9F
:109FF0000C906FBCA2705CBC88B348BC915F34BC51
:10A00000E87B1FBC0B100ABC9747E8BB937EBBBB29
:10A01000E7D58DBB06BE3EBBA8AFC0BA2C4F1EB75E
:10A02000D190C03A3835423B0B80923B0C40C43B48
:10A03000C345F63BF83D143C7D662D3C7C91463C87
:10A04000DBB35F3C5EC2783CD8D8883C303B953C63
:10A050007682A13CE1A8AD3CA4A8B93CEC7BC53C10
:10A06000EA1CD13CCD85DC3CCAB0E73C1D98F23CF3
:10A070000B36FD3C72C2033D84BF083D738F0D3D1E
:10A08000802F123DF89C163D33D51A3D97D51E3DC5
:10A09000999B223DBC24263D976E293DD1762C3DCF
:10A0A000243B2F3D61B9313D6FEF333D48DB353DFA
:10A0B000037B373DCCCC383DEECE393DCC7F3A3DAD
:10A0C000E5DD3A3DD7E73A3D609C3A3D59FA393DE6
:10A0D000BF00393DAEAE373D6503363D46FE333DEC
:10A0E000D49E313DBAE42E3DC5CF2B3DE75F283DE0
:10A0F0003B95243D0070203D9DF01B3DA117173D71
:10A10000C0E5113DDA5B0C3DF57A063D4044003D6B
:10A110002672F33CDFB5E53CFD56D73C2659C83CDA
:10A1200051C0B83CC790A83C22CF973C4C80863C9D
:10A130000153693C92A0443CFDF41E3C1EB9F03B27
:10A140005AC8A13B5465223BD6CFEBB79AEB28BB4C
:10A15000E94CA9BBA951FFBBC2312BBC713057BC24
:10A16000CCC981BCB92498BCDD9FAEBCE131C5BC73
:10A1700033D1DBBC0C74F2BC398804BD1FCE0FBDDB
:10A180008C061BBD402C26BDE53931BD162A3CBDD1
:10A190005AF746BD2A9C51BDF1125CBD0D5666BDF5
:10A1A000D45F70BD8F2A7ABD42D881BDF87586BD57
:10A1B00087EB8ABD0C368FBDA25293BD663E97BD1C
:10A1C00077F69ABDF6779EBD07C0A1BDD3CBA4BDDF
:10A1D0008998A7BD5B23AABD8669ACBD4C68AEBD9E
:10A1E000FA1CB0BDE584B1BD6E9DB2BD0164B3BDC6
:10A1F00016D6B3BD32F1B3BDEBB2B3BDE118B3BDFA
:10A20000C820B2BD64C8B0BD870DAFBD1AEEACBDED
:10A210001668AABD8979A7BD9420A4BD6E5BA0BDB8
:10A2200064289CBDDB8597BD4B7292BD48EC8CBD0C
:10A230007CF286BDAB8380BD653D73BD118564BD79
:10A240007DDC54BD034244BD33B432BDD13120BDA9
:10A25000DFB90CBD2697F0BCBDCCC5BCDA1399BCE8
:10A260008FD854BC1659E7BB56516ABAEE76B43B48
:10A27000D2F1463CE3BC9B3C15E7D53C3BFA083D9C
:10A28000C3F0273D26D5473D2DA5683D332F853D9D
:10A29000137F963DC340A83DB372BA3D3713CD3D01
:10A2A0008620E03DBE98F33DEFBC033EE6E00D3E68
:10A2B0002A37183E93BE223EEF752D3EFB5B383E9B
:10A2C0006C6F433EEAAE4E3E11195A3E71AC653E8C
:10A2D0009267713EEF487D3E7DA7843E0EBC8A3E6C
:10A2E0005AE1903E8B16973EC95A9D3E37ADA33E2C
:10A2F000F30CAA3E1A79B03EC4F0B63E0673BD3EDA
:10A30000F3FEC33E9A93CA3E0A30D13E4DD3D73EA8
:10A310006E7CDE3E742AE53E67DCEB3E4C91F23EFD
:10A320002848F93E0000003FEC5B033F5AB7063F68
:10A33000CD110A3FC66A0D3FC9C1103F5916143FDF
:10A34000FB67173F33B61A3F86001E3F7D46213F0D
:10A350009E87243F73C3273F86F92A3F65292E3FF6
:10A360009B52313FBA74343F538F373FF9A13A3F84
:10A3700041AC3D3FC4AD403F1BA6433FE494463F44
:10A38000BC79493F45544C3F25244F3F01E9513F9B
:10A3900084A2543F5B50573F36F2593FC6875C3F1B
:10A3A000C4105F3FE88C613FEFFB633F995D663F00
:10A3B000AAB1683FE8F76A3F1E306D3F1A5A6F3FF7
:10A3C000AD75713FAE82733FF480753F5C70773F2F
:10A3D000C750793F19227B3F39E47C3F12977E3F7B
:10A3E0004A1D803F59E7803FB1A9813F4F64823FBA
:10A3F0003317833F5DC2833FCF65843F8F01853F25
:10A40000A295853F1022863FE4A6863F2824873FF9
:10A41000EB99873F3B08883F286F883FC5CE883F30
:10A420002527893F5E78893F86C2893FB7058A3FE5
:10A4300009428A3F99778A3F81A68A3FE2CE8A3FC6
:10A44000D8F08A3F860C8B3F0D228B3F8E318B3F9D
:10A450002F3B8B3F133F8B3F613D8B3F40368B3F04
:10A46000D7298B3F4E188B3FD0018B3F85E68A3F23
:10A4700098C68A3F36A28A3F89798A3FBD4C8A3F77
:10A48000001C8A3F7FE7893F67AF893FE673893FBA
:10A490002A35893F61F3883FB8AE883F6067883FBF
:10A4A000841D883F54D1873FFF82873FB032873F6A
:10A4B00098E0863FE18C863FBB37863F51E1853F80
:10A4C000CF89853F6231853F34D8843F717E843F98
:10A4D0004224843FD0C9833F456F833FC814833FE4
:10A4E0007FBA823F9360823F2707823F61AE813F00
:10A4F0006356813F52FF803F4DA9803F7654803F95
:10A50000EC00803F9B5D7F3F6FBC7E3F8E1E7E3F99
:10A510002C847D3F7EED7C3FB45A7C3FFECB7B3F5D
:10A5200087417B3F7ABB7A3FFD397A3F37BD793F20
:10A530004845793F51D2783F6F64783FBCFB773F05
:10A540005198773F423A773FA4E1763F868E763F37
:10A55000F640763F00F9753FACB6753F027A753F1D
:10A560000443753FB411753F13E6743F1CC0743F3C
:10A57000CA9F743F1585743FF46F743F5A60743FEF
:10A580003A56743F8351743F2252743F0358743FCC
:10A590001163743F3373743F5088743F4CA2743F0F
:10A5A00009C1743F6AE4743F4E0C753F9338753FA0
:10A5B0001769753FB49D753F46D6753FA712763F24
:10A5C000AD52763F3196763F08DD763F0927773FDB
:10A5D0000874773FD9C3773F5016783F3F6B783F79
:10A5E0007AC2783FD21B793F1977793F21D4793FDE
:10A5F000BB327A3FB9927A3FECF37A3F27567B3FE2
:10A6000039B97B3FF71C7C3F31817C3FBAE57C3F09
:10A61000664A7D3F08AF7D3F74137E3F80777E3F63
:10A6200000DB7E3FCB3D7F3FB89F7F3F4F00803FA9
:10A630002C30803F5F5F803FD68D803F7FBB803F67
:10A6400048E8803F2014813FF83E813FBF68813F4A
:10A650006791813FE1B8813F20DF813F1704823F4E
:10A66000B827823FFA49823FD16A823F338A823FCC
:10A6700016A8823F72C4823F3FDF823F77F8823F55
:10A680001210833F0B26833F5E3A833F064D833F84
:10A69000005E833F4A6D833FE17A833FC586833FF7
:10A6A000F690833F7499833F3FA0833F5BA5833F30
:10A6B000CAA8833F8FAA833FADAA833F2AA9833FBD
:10A6C0000BA6833F56A1833F129B833F4593833F55
:10A6D000F789833F307F833FFA72833F5E65833F14
:10A6E0006556833F1B46833F8934833FBB21833FAD
:10A6F000BD0D833F9AF8823F5FE2823F19CB823FD4
:10A70000D5B2823FA099823F887F823F9B64823F7F
:10A71000E648823F772C823F5F0F823FAAF1813F5C
:10A7200067D3813FA6B4813F7495813FE275813F35
:10A73000FD55813FD435813F7715813FF4F4803F4B
:10A7400059D4803FB6B3803F1893803F8D72803FCD
:10A750002452803FEB31803FEF11803F7BE47F3F0D
:10A76000C8A57F3FDD677F3FD42A7F3FC6EE7E3F8F
:10A77000CAB37E3FF7797E3F63417E3F240A7E3F26
:10A780004FD47D3FF89F7D3F316D7D3F0D3C7D3F38
:10A790009D0C7D3FF2DE7C3F1AB37C3F25897C3FD8
:10A7A00020617C3F173B7C3F16177C3F28F57B3FA1
:10A7B00056D57B3FA9B77B3F289C7B3FD9827B3F07
:10A7C000C36B7B3FE9567B3F50447B3FF9337B3F74
:10A7D000E6257B3F171A7B3F8C107B3F44097B3F6C
:10A7E0003B047B3F6F017B3FDA007B3F78027B3F7E
:10A7F00042067B3F320C7B3F3F147B3F601E7B3F1A
:10A800008B2A7B3FB8387B3FD9487B3FE35A7B3F5D
:10A81000CA6E7B3F80847B3FF79B7B3F20B57B3FAD
:10A82000EDCF7B3F4DEC7B3F300A7C3F85297C3F61
:10A830003B4A7C3F406C7C3F828F7C3FEEB37C3F49
:10A8400072D97C3FFBFF7C3F74277D3FCB4F7D3F20
:10A85000EC787D3FC2A27D3F3ACD7D3F3FF87D3F02
:10A86000BE237E3FA14F7E3FD57B7E3F46A87E3FE5
:10A87000DFD47E3F8D017F3F3B2E7F3FD75A7F3F06
:10A880004D877F3F8AB37F3F7ADF7F3F8605803FDA
:10A89000161B803F6530803F6A45803F1D5A803FD0
:10A8A000746E803F6982803FF395803F0BA9803FA3
:10A8B000A9BB803FC6CD803F5DDF803F65F0803F14
:10A8C000DA00813FB510813FF11F813F892E813F22
:10A8D000773C813FB849813F4856813F2162813FA3
:10A8E000416D813FA577813F4B81813F2E8A813F1A
:10A8F0004E92813FA999813F3EA0813F0BA6813FA7
:10A900000FAB813F4BAF813FBFB2813F6AB5813F03
:10A910004EB7813F6CB8813FC5B8813F5AB8813F7F
:10A920002FB7813F44B5813F9DB2813F3DAF813F0D
:10A9300027AB813F5FA6813FE7A0813FC59A813F5A
:10A94000FD93813F938C813F8B84813FEC7B813FE2
:10A95000BA72813FFA68813FB25E813FE953813F1D
:10A96000A348813FE83C813FBD30813F2924813F9E
:10A970003217813FDE09813F36FC803F3FEE803F4A
:10A9800000E0803F80D1803FC7C2803FDBB3803F83
:10A99000C3A4803F8695803F2B86803FBA76803F58
:10A9A0003A67803FB057803F2548803F9F38803FBF
:10A9B0002429803FBC19803F6D0A803F7CF67F3F91
:10A9C00069D87F3FAFBA7F3F599D7F3F74807F3FFB
:10A9D0000B647F3F29487F3FDA2C7F3F27127F3F60
:10A9E0001CF87E3FC2DE7E3F23C67E3F47AE7E3FE1
:10A9F00037977E3FFC807E3F9D6B7E3F21577E3F99
:10AA00008F437E3FEF307E3F441F7E3F960E7E3F5A
:10AA1000E8FE7D3F40F07D3FA1E27D3F0FD67D3FC8
:10AA20008CCA7D3F1CC07D3FBFB67D3F78AE7D3F69
:10AA300048A77D3F2FA17D3F2C9C7D3F41987D3FC6
:10AA40006B957D3FA9937D3FF9927D3F5A937D3F62
:10AA5000C8947D3F3F977D3FBE9A7D3F3E9F7D3F9F
:10AA6000BCA47D3F34AB7D3F9FB27D3FF8BA7D3FB4
:10AA700039C47D3F5DCE7D3F5BD97D3F2EE57D3F77
:10AA8000CEF17D3F33FF7D3F560D7E3F2F1C7E3F35
:10AA9000B52B7E3FE03B7E3FA74C7E3F015E7E3F75
:10AAA000E66F7E3F4B827E3F28957E3F73A87E3FB8
:10AAB00023BC7E3F2ED07E3F8AE47E3F2EF97E3F30
:10AAC0000F0E7F3F25237F3F64387F3FC44D7F3F7C
:10AAD0003B637F3FBF787F3F468E7F3FC7A37F3F6B
:10AAE00038B97F3F91CE7F3FC8E37F3FD4F87F3FA7
:10AAF000D606803F2411803F4F1B803F5425803F66
:10AB00002E2F803FDA38803F5342803F974B803F63
:10AB1000A154803F6D5D803FFA65803F436E803F6A
:10AB20004676803F007E803F6E85803F8D8C803FE3
:10AB30005C93803FD899803FFF9F803FCFA5803FA7
:10AB400046AB803F64B0803F26B5803F8CB9803FE4
:10AB500094BD803F3DC1803F88C4803F73C7803F24
:10AB6000FEC9803F29CC803FF4CD803F5FCF803F3E
:10AB70006AD0803F17D1803F65D1803F56D1803F5A
:10AB8000EAD0803F22D0803F01CF803F86CD803FFA
:10AB9000B5CB803F8DC9803F13C7803F46C4803FFF
:10ABA0002AC1803FC0BD803F0BBA803F0DB6803FB9
:10ABB000C8B1803F40AD803F77A8803F70A3803F01
:10ABC0002E9E803FB298803F0293803F1F8D803F32
:10ABD0000D87803FCE80803F677A803FDA73803F69
:10ABE0002A6D803F5C66803F725F803F6F58803F78
:10ABF0005751803F2E4A803FF642803FB33B803F13
:10AC00006834803F192D803FC925803F7A1E803FE0
:10AC10003217803FF10F803FBC08803F9601803F94
:10AC200002F57F3F02E77F3F30D97F3F93CB7F3FE5
:10AC300030BE7F3F0CB17F3F2DA47F3F97977F3F72
:10AC40004E8B7F3F597F7F3FBB737F3F78687F3F4D
:10AC5000945D7F3F13537F3FF9487F3F493F7F3FDC
:10AC600007367F3F342D7F3FD4247F3FEA1C7F3F50
:10AC700076157F3F7D0E7F3FFF077F3FFD017F3FC2
:10AC80007AFC7E3F76F77E3FF2F27E3FEFEE7E3F2C
:10AC90006DEB7E3F6CE87E3FECE57E3FEDE37E3F73
:10ACA0006EE27E3F6FE17E3FEEE07E3FEBE07E3F77
:10ACB00064E17E3F57E27E3FC3E37E3FA6E57E3FF1
:10ACC000FEE77E3FC8EA7E3F02EE7E3FA9F17E3F6F
:10ACD000BBF57E3F33FA7E3F10FF7E3F4F047F3F40
:10ACE000EA097F3FE00F7F3F2C167F3FCB1C7F3F61
:10ACF000B9237F3FF22A7F3F71327F3F333A7F3F54
:10AD000034427F3F6F4A7F3FE1527F3F835B7F3F0B
:10AD100054647F3F4D6D7F3F6A767F3FA77F7F3FC3
:10AD200000897F3F70927F3FF39B7F3F84A57F3FE9
:10AD30001FAF7F3FBFB87F3F60C27F3FFECB7F3FEB
:10AD400095D57F3F20DF7F3F9CE87F3F04F27F3F28
:10AD500054FB7F3F4402803FCF06803F490B803F3A
:10AD6000AF0F803F0014803F3A18803F5D1C803F4A
:10AD70006520803F5224803F2328803FD52B803F91
:10AD8000692F803FDB32803F2C36803F5A39803F2D
:10AD9000643C803F4A3F803F0A42803FA344803F5B
:10ADA0001647803F6149803F844B803F7E4D803F06
:10ADB0004F4F803FF650803F7452803FC853803FD2
:10ADC000F354803FF355803FC956803F7657803F0C
:10ADD000F957803F5358803F8558803F8D58803FBA
:10ADE0006E58803F2758803FBA57803F2657803F94
:10ADF0006C56803F8E55803F8C54803F6853803F17
:10AE00002152803FB950803F314F803F8A4D803F73
:10AE1000C54B803FE449803FE747803FD045803FB6
:10AE20009F43803F5841803FF93E803F863C803FB2
:10AE3000FF39803F6637803FBB34803F0132803F1F
:10AE4000392F803F652C803F8529803F9B26803F9E
:10AE5000A823803FAF20803FB01D803FAD1A803FC8
:10AE6000A717803F9F14803F9811803F910E803F2D
:10AE70008D0B803F8E08803F9305803F9F02803F6F
:10AE800065FF7F3F9FF97F3FECF37F3F50EE7F3FB1
:10AE9000CCE87F3F63E37F3F17DE7F3FEAD87F3F09
:10AEA000DED37F3FF4CE7F3F2ECA7F3F8FC57F3FEB
:10AEB00017C17F3FC8BC7F3FA3B87F3FAAB47F3F85
:10AEC000DEB07F3F40AD7F3FD1A97F3F92A67F3F5D
:10AED00083A37F3FA6A07F3FFB9D7F3F829B7F3F59
:10AEE0003C997F3F2A977F3F4B957F3FA0937F3FC1
:10AEF00028927F3FE4907F3FD48F7F3FF78E7F3F44
:10AF00004D8E7F3FD58D7F3F908D7F3F7C8D7F3FE6
:10AF1000998D7F3FE68D7F3F628E7F3F0D8F7F3F14
:10AF2000E58F7F3FEA907F3F1B927F3F75937F3F86
:10AF3000F9947F3FA5967F3F77987F3F6E9A7F3F3A
:10AF4000899C7F3FC69E7F3F24A17F3FA2A37F3F76
:10AF50003DA67F3FF4A87F3FC6AB7F3FB1AE7F3FAA
:10AF6000B3B17F3FCAB47F3FF5B77F3F32BB7F3F6E
:10AF700080BE7F3FDDC17F3F46C57F3FBBC87F3F6F
:10AF800039CC7F3FBECF7F3F4AD37F3FDBD67F3F69
:10AF90006EDA7F3F02DE7F3F96E17F3F28E57F3F0D
:10AFA000B6E87F3F3EEC7F3FC0EF7F3F3AF37F3F05
:10AFB000AAF67F3F0FFA7F3F67FD7F3F5900803F32
:10AFC000F701803F8C03803F1905803F9D06803F3D
:10AFD0001708803F8609803FEB0A803F440C803F82
:10AFE000920D803FD30E803F0810803F3011803F8C
:10AFF0004B12803F5813803F5814803F4915803FC3
:10B000002D16803F0117803FC817803F8018803F72
:10B010002919803FC319803F4E1A803FCB1A803FC9
:10B02000381B803F971B803FE71B803F281C803FD9
:10B030005B1C803F801C803F961C803F9E1C803F95
:10B04000991C803F861C803F651C803F381C803FD8
:10B05000FE1B803FB71B803F641B803F061B803F69
:10B060009C1A803F271A803FA719803F1D19803FF7
:10B070008A18803FED17803F4717803F9816803F22
:10B08000E215803F2415803F5F14803F9313803F7B
:10B09000C112803FE911803F0C11803F2B10803F8F
:10B0A000450F803F5B0E803F6E0D803F7E0C803FE2
:10B0B0008C0B803F980A803FA309803FAD08803FFA
:10B0C000B607803FC006803FCA05803FD404803F5A
:10B0D000E003803FEE02803FFE01803F1001803F91
:10B0E0002500803F7BFE7F3FB3FC7F3FF3FA7F3F2D
:10B0F0003BF97F3F8DF77F3FE8F57F3F4EF47F3F81
:10B10000BFF27F3F3BF17F3FC3EF7F3F57EE7F3F73
:10B11000F9EC7F3FA7EB7F3F63EA7F3F2DE97F3F5D
:10B1200005E87F3FEBE67F3FE0E57F3FE4E47F3FDC
:10B13000F7E37F3F1AE37F3F4BE27F3F8CE17F3FA6
:10B14000DDE07F3F3CE07F3FACDF7F3F2ADF7F3F9A
:10B15000B8DE7F3F55DE7F3F01DE7F3FBDDD7F3FB5
:10B1600087DD7F3F5FDD7F3F46DD7F3F3BDD7F3F0C
:10B170003EDD7F3F4FDD7F3F6CDD7F3F97DD7F3FD3
:10B18000CEDD7F3F12DE7F3F61DE7F3FBCDE7F3F53
:10B1900022DF7F3F93DF7F3F0DE07F3F92E07F3FE5
:10B1A00020E17F3FB7E17F3F56E27F3FFDE27F3FF7
:10B1B000ACE37F3F61E47F3F1DE57F3FE0E57F3FFC
:10B1C000A7E67F3F74E77F3F45E87F3F1AE97F3F6F
:10B1D000F3E97F3FCFEA7F3FAEEB7F3F8FEC7F3FCE
:10B1E00071ED7F3F55EE7F3F39EF7F3F1EF07F3F90
:10B1F00003F17F3FE7F17F3FCAF27F3FACF37F3F30
:10B200008CF47F3F6AF57F3F46F67F3F1FF77F3F15
:10B21000F4F77F3FC6F87F3F95F97F3F5FFA7F3FA6
:10B2200025FB7F3FE6FB7F3FA2FC7F3F59FD7F3F31
:10B230000BFE7F3FB8FE7F3F5EFF7F3FFFFF7F3FFC
:10B240004D00803F9700803FDE00803F2101803F1E
:10B250006201803F9F01803FD901803F0F02803F04
:10B260004202803F7202803F9E02803FC702803FC1
:10B27000ED02803F0F03803F2E03803F4903803F54
:10B280006103803F7603803F8803803F9703803FC0
:10B29000A203803FAB03803FB003803FB303803FF6
:10B2A000B303803FB003803FAB03803FA303803FE5
:10B2B0009903803F8C03803F7D03803F6C03803F78
:10B2C0005803803F4303803F2C03803F1303803F9C
:10B2D000F802803FDC02803FBF02803FA002803F37
:10B2E0008002803F5E02803F3C02803F1902803F27
:10B2F000F501803FD001803FAA01803F8401803F5B
:10B300005E01803F3701803F1001803FE900803FB0
:10B31000C200803F9B00803F7400803F4D00803F13
:10B320002600803F0000803F000000000000E04059
:10B330000000000000A00C46CDCC4C3E00000000F8
:10B34000000000000AD7A33BCDCCCC3DCDCC4C3F78
:10B35000CDCC4C3EA69B443B9A99193E0000003F41
:10B36000CDCC4C3E00000000000000000000003F7B
:10B37000000000002D000000340000003900000033
:10B380003C000000400000004300000047000000B7
:10B390004C000000000000000000000099250000A3
:10B3A000B522000065260000B9220000A525000096
:10B3B0000000000000000000F12700003D2B00000D
:10B3C000412B0000492B0000512B000009310000E7
:10B3D0000D31000011310000153100004008FE431E
:10B3E00040A004404408FE4344A004400018FE432B
:10B3F00000C004403000FE43309004403400FE435F
:10B40000349004401C18FE431CC004401018FE4336
:10B4100010C004400818FE4308C004400C18FE4346
:10B420000CC004400C10FE430CB004401010FE434E
:10B4300010B004401810FE4318B004401C10FE4326
:10B440001CB004401410FE4314B004400418FE4322
:10B4500004C004400010FE4300B004400008FE4356
:10B4600000A004400408FE4304A004400C08FE436E
:10B470000CA004400808FE4308A004401418FE4332
:10B4800014C004401818FE4318C004400410FE43C2
:10B4900004B004400810FE4308B004406820FE4396
:10B4A00068D004401400FE43149004403800FE436A
:10B4B000389004403C00FE433C9004404000FE4372
:10B4C000409004404808FE4348A004404C08FE4316
:10B4D0004CA004402808FE4328A004402C08FE434A
:10B4E0002CA004406020FE4360D004406420FE4352
:10B4F00064D004402010FE4320B004402410FE43DA
:10B5000024B004402810FE4328B004402C10FE4311
:10B510002CB004404400FE43449004407000FE43BD
:10B52000709004407400FE43749004406800FE4331
:10B53000689004405008FE4350A004405808FE4361
:10B5400058A004405C08FE435CA004405408FE433D
:10B5500054A004402018FE4320C004402418FE4399
:10B5600024C004401008FE4310A004401408FE4309
:10B5700014A004403818FE4338C004403418FE4379
:10B5800034C004403018FE4330C004403C18FE4331
:10B590003CC004402C18FE432CC004402820FE432D
:10B5A00028D004402C20FE432CD004400020FE4331
:10B5B00000D004400420FE4304D004400820FE4391
:10B5C00008D004400C20FE430CD004401020FE4361
:10B5D00010D004401420FE4314D0044000FFFFFFAD
:10B5E00000010000F82BFF1F120000000002000005
:10B5F000602BFF1F9500000005030904282CFF1F86
:10B6000000000000000300000C2CFF1F00000000E1
:10B6100001030904102CFF1F0000000002030904AD
:10B62000382CFF1F0000000003030904502CFF1FEB
:10B63000000000000000000000000000000000000A
:10B640001519151519FFFFFF288004408000000020
:10B6500038FFFFFFFF020000000039FFFFFFFF027D
:10B66000000000005B000000288004404000000053
:10B6700004FFFFFFFF0500000000031AFFFFFF05A6
:10B68000050000004A0000003480044080000000F3
:10B69000263AFFFFFF0206000000253BFFFFFF02E6
:10B6A0000600000019000000348004404000000043
:10B6B00012112208300202050702131021072F027F
:10B6C0000205070218000000000000000000000052
:10B6D0008D450000B545000041450000894500004A
:10B6E0004545000051450000714500000000003F45
:10B6F000000000BF8071313F807131BFD1F7173733
:10B70000D1F717B7000FC93F000F494000CB964053
:10B71000000FC9400053FB4000CB164100ED2F4104
:10B72000000F49410031624100537B41003A8A4198
:10B7300000CB9641005CA34100EDAF41007EBC41CF
:10B74000000FC94100A0D5410031E24100C2EE41E5
:10B750000053FB4100F20342003A0A4200831042C8
:10B7600000CB164200141D42005C234200A5294272
:10B7700000ED2F4200363642007E3C4200C7424276
:10B78000000F4942A2000000F90000008300000001
:10B790006E0000004E000000440000001500000094
:10B7A00029000000FC0000002700000057000000F6
:10B7B000D1000000F500000034000000DD000000B2
:10B7C000C0000000DB0000006200000095000000E7
:10B7D000990000003C0000004300000090000000C1
:10B7E00041000000FE000000510000006300000066
:10B7F000AB000000DE000000BB000000C500000040
:10B8000061000000B7000000240000006E0000008E
:10B810003A000000420000004D000000D20000008D
:10B82000E000000006000000490000002E000000BB
:10B83000EA00000009000000D100000092000000B2
:10B840001C000000FE0000001D000000EB000000D6
:10B850001C000000B100000029000000A70000004B
:10B860003E000000E80000008200000035000000FB
:10B87000F50000002E000000BB00000044000000A6
:10B8800084000000E90000009C000000700000003F
:10B8900026000000B40000005F0000007E000000F1
:10B8A000410000003900000091000000D6000000B7
:10B8B0003900000083000000530000003900000040
:10B8C000F40000009C000000840000005F00000005
:10B8D0008B000000BD000000F900000028000000FF
:10B8E0003B0000001F000000F8000000970000006F
:10B8F000FF000000DE0000000500000098000000CE
:10B900000F000000EF0000002F00000011000000F9
:10B910008B0000005A0000000A0000006D000000CB
:10B920001F0000006D000000360000007E000000D7
:10B93000CF00000027000000CB000000090000003D
:10B94000B70000004F000000460000003F0000006C
:10B95000660000009E0000005F000000EA0000009A
:10B960002D0000007500000027000000BA00000054
:10B97000C7000000EB000000E5000000F10000003F
:10B980007B0000003D0000000700000039000000BF
:10B99000F70000008A000000520000009200000042
:10B9A000EA0000006B000000FB0000005F000000E8
:10B9B000B10000001F0000008D0000005D000000CD
:10B9C00008000000560000000300000030000000E6
:10B9D00046000000FC0000007B0000006B0000003F
:10B9E000AB000000F0000000CF000000BC00000031
:10B9F000200000009A000000F40000003600000063
:10BA00001D000000A9000000E300000091000000FC
:10BA1000610000005E000000E60000001B00000066
:10BA2000080000006500000099000000850000008B
:10BA30005F00000014000000A0000000680000008B
:10BA4000400000008D000000FF000000D800000052
:10BA5000800000004D00000073000000270000007F
:10BA60003100000006000000060000001500000084
:10BA700056000000CA00000073000000A80000008B
:10BA8000C900000060000000E20000007B00000030
:10BA9000C00000008C0000006B0000000000C93FE7
:10BAA0000000F0390000DA370000A2330000842ED5
:10BAB0000000502B0000C2270000D0220000C41F4D
:10BAC0000000C61B0000441704000000070000002F
:10BAD00009000000F8B500BFF8BC08BC9E467047DE
:10BAE0000970000035040000C9210000212A00006F
:04BAF000853200009B
:04BAF400F8B500BFE2
:08BAF8003C8AFF7F0100000001
:10BB0000000000000000000000803B470000000033
:10BB1000000000000000E0400000000000A00C4613
:10BB2000CDCC4C3E00000000000000000AD7A33B33
:10BB3000CDCCCC3DCDCC4C3FCDCC4C3EA69B443B5C
:10BB40009A99193E0000003FCDCC4C3E0000000009
:10BB5000000000000000003F0000000000803B47A4
:10BB60000000000000000000000000000000003F96
:10BB70000000000000803B470000000000000000C3
:10BB8000000000000000003F0000000000803B4774
:10BB90000000000000000000000000000000003F66
:10BBA0000000000000803B47000000000000000093
:10BBB0000000803F000000000000000000000000C6
:10BBC0000000000000803B470000000000007A44B5
:10BBD000F304353F000000000000000000000000FA
:10BBE0000000000000000000000000000000803F96
:10BBF000000000000000000000803B470000000043
:10BC0000000000000000803F0000803F0000803FF7
:10BC10000000803F00803B47000000000000000063
:10BC20000000803F0000803F0000803F0000803F18
:10BC30000000DC430000803F0000803F0000000067
:10BC40000000000000000000F304353FF304353F1E
:10BC5000FFFFFFFF000000000000000000803B47E6
:10BC600000000000000000000000E04000000000B4
:10BC700000A00C46CDCC4C3E0000000000000000AF
:10BC80000AD7A33BCDCCCC3DCDCC4C3FCDCC4C3E0C
:10BC9000A69B443B9A99193E0000003FCDCC4C3EF8
:10BCA00000000000000000000000003F0000000055
:10BCB00000803B4700000000000000000000000082
:10BCC0000000003F0000000000803B470000000033
:10BCD00000000000000000000000003F0000000025
:10BCE00000803B4700000000000000000000000052
:10BCF0000000003F0000000000803B470000000003
:10BD0000000000000000803F000000000000000074
:10BD1000000000000000000000803B470000000021
:10BD200000007A44F304353F0000000000000000EA
:10BD30000000000000000000000000000000000003
:10BD40000000803F000000000000000000803B4732
:10BD500000000000000000000000803F0000803F65
:10BD60000000803F0000803F00803B470000000053
:10BD7000000000000000803F0000803F0000803F86
:10BD80000000803F0000DC430000803F0000803F57
:10BD9000000000000000000000000000F304353F38
:10BDA000F304353FFFFFFFFF00000000000000002C
:10BDB00000803B4700000000000000000000E04061
:10BDC0000000000000A00C46CDCC4C3E000000005E
:10BDD000000000000AD7A33BCDCCCC3DCDCC4C3FDE
:10BDE000CDCC4C3EA69B443B9A99193E0000003FA7
:10BDF000CDCC4C3E00000000000000000000003FE1
:10BE00000000000000803B47000000000000000030
:10BE1000000000000000003F0000000000803B47E1
:10BE20000000000000000000000000000000003FD3
:10BE30000000000000803B47000000000000000000
:10BE4000000000000000003F0000000000803B47B1
:10BE500000000000000000000000803F0000000023
:10BE600000000000000000000000000000803B47D0
:10BE70000000000000007A44F304353F0000000099
:10BE800000000000000000000000000000000000B2
:10BE9000000000000000803F0000000000000000E3
:10BEA00000803B4700000000000000000000803FD1
:10BEB0000000803F0000803F0000803F00803B4743
:10BEC00000000000000000000000803F0000803FF4
:10BED0000000803F0000803F0000DC430000803F06
:10BEE0000000803F00000000000000000000000093
:10BEF000F304353FF304353FFFFFFFFF0000000070
:10BF00000000000000803B4700000000000000002F
:10BF10000000E0400000000000A00C46CDCC4C3EEC
:10BF200000000000000000000AD7A33BCDCCCC3DB0
:10BF3000CDCC4C3FCDCC4C3EA69B443B9A99193E70
:10BF40000000003FCDCC4C3E00000000000000008F
:10BF50000000003F0000000000803B4700000000A0
:10BF600000000000000000000000003F0000000092
:10BF700000803B47000000000000000000000000BF
:10BF80000000003F0000000000803B470000000070
:10BF900000000000000000000000003F0000000062
:10BFA00000803B4700000000000000000000803FD0
:10BFB0000000000000000000000000000000000081
:10BFC00000803B470000000000007A44F304353F46
:10BFD0000000000000000000000000000000000061
:10BFE00000000000000000000000803F0000000092
:10BFF0000000000000803B4700000000000000003F
:10C000000000803F0000803F0000803F0000803F34
:10C0100000803B4700000000000000000000803F5F
:10C020000000803F0000803F0000803F0000DC43B4
:10C030000000803F0000803F000000000000000082
:10C0400000000000F304353FF304353FFFFFFFFF1E
:10C05000000000000000000000803B4700000000DE
:10C06000000000000000E0400000000000A00C46BE
:10C07000CDCC4C3E00000000000000000AD7A33BDE
:10C08000CDCCCC3DCDCC4C3FCDCC4C3EA69B443B07
:10C090009A99193E0000003FCDCC4C3E00000000B4
:10C0A000000000000000003F0000000000803B474F
:10C0B0000000000000000000000000000000003F41
:10C0C0000000000000803B4700000000000000006E
:10C0D000000000000000003F0000000000803B471F
:10C0E0000000000000000000000000000000003F11
:10C0F0000000000000803B4700000000000000003E
:10C100000000803F00000000000000000000000070
:10C110000000000000803B470000000000007A445F
:10C12000F304353F000000000000000000000000A4
:10C130000000000000000000000000000000803F40
:10C14000000000000000000000803B4700000000ED
:10C15000000000000000803F0000803F0000803FA2
:10C160000000803F00803B4700000000000000000E
:10C170000000803F0000803F0000803F0000803FC3
:10C180000000DC430000803F0000803F0000000012
:10C190000000000000000000F304353FF304353FC9
:10C1A000FFFFFFFF000000000000000000803B4791
:10C1B00000000000000000000000E040000000005F
:10C1C00000A00C46CDCC4C3E00000000000000005A
:10C1D0000AD7A33BCDCCCC3DCDCC4C3FCDCC4C3EB7
:10C1E000A69B443B9A99193E0000003FCDCC4C3EA3
:10C1F00000000000000000000000003F0000000000
:10C2000000803B470000000000000000000000002C
:10C210000000003F0000000000803B4700000000DD
:10C2200000000000000000000000003F00000000CF
:10C2300000803B47000000000000000000000000FC
:10C240000000003F0000000000803B4700000000AD
:10C25000000000000000803F00000000000000001F
:10C26000000000000000000000803B4700000000CC
:10C2700000007A44F304353F000000000000000095
:10C2800000000000000000000000000000000000AE
:10C290000000803F000000000000000000803B47DD
:10C2A00000000000000000000000803F0000803F10
:10C2B0000000803F0000803F00803B4700000000FE
:10C2C000000000000000803F0000803F0000803F31
:10C2D0000000803F0000DC430000803F0000803F02
:10C2E000000000000000000000000000F304353FE3
:10C2F000F304353FFFFFFFFF0000000000000000D7
:10C3000000803B4700000000000000000000E0400B
:10C310000000000000A00C46CDCC4C3E0000000008
:10C32000000000000AD7A33BCDCCCC3DCDCC4C3F88
:10C33000CDCC4C3EA69B443B9A99193E0000003F51
:10C34000CDCC4C3E00000000000000000000003F8B
:10C350000000000000803B470000000000000000DB
:10C36000000000000000003F0000000000803B478C
:10C370000000000000000000000000000000003F7E
:10C380000000000000803B470000000000000000AB
:10C39000000000000000003F0000000000803B475C
:10C3A00000000000000000000000803F00000000CE
:10C3B00000000000000000000000000000803B477B
:10C3C0000000000000007A44F304353F0000000044
:10C3D000000000000000000000000000000000005D
:10C3E000000000000000803F00000000000000008E
:10C3F00000803B4700000000000000000000803F7C
:10C400000000803F0000803F0000803F00803B47ED
:10C4100000000000000000000000803F0000803F9E
:10C420000000803F0000803F0000DC430000803FB0
:10C430000000803F0000000000000000000000003D
:10C44000F304353FF304353FFFFFFFFF000000001A
:10C450000000000000803B470000000000000000DA
:10C460000000E0400000000000A00C46CDCC4C3E97
:10C4700000000000000000000AD7A33BCDCCCC3D5B
:10C48000CDCC4C3FCDCC4C3EA69B443B9A99193E1B
:10C490000000003FCDCC4C3E00000000000000003A
:10C4A0000000003F0000000000803B47000000004B
:10C4B00000000000000000000000003F000000003D
:10C4C00000803B470000000000000000000000006A
:10C4D0000000003F0000000000803B47000000001B
:10C4E00000000000000000000000003F000000000D
:10C4F00000803B4700000000000000000000803F7B
:10C50000000000000000000000000000000000002B
:10C5100000803B470000000000007A44F304353FF0
:10C52000000000000000000000000000000000000B
:10C5300000000000000000000000803F000000003C
:10C540000000000000803B470000000000000000E9
:10C550000000803F0000803F0000803F0000803FDF
:10C5600000803B4700000000000000000000803F0A
:10C570000000803F0000803F0000803F0000DC435F
:10C580000000803F0000803F00000000000000002D
:10C5900000000000F304353FF304353FFFFFFFFFC9
:10C5A000000000000000000000803B470000000089
:10C5B000000000000000000000000000000000007B
:10C5C00000000000000000000000E040000000004B
:10C5D00000A00C46CDCC4C3E000000000000000046
:10C5E0000AD7A33BCDCCCC3DCDCC4C3FCDCC4C3EA3
:10C5F000A69B443B9A99193E0000003FCDCC4C3E8F
:10C6000000000000000000000000003F00000000EB
:10C61000000000009840FF1FFFFFFFFF010A040019
:10C6200009029500030100C032080B00020202015A
:10C6300000090400000102020100052400100105A8
:10C6400024010101042402060524060001070581D6
:10C650000310004009040100020A0000000705025F
:10C6600002400000070583024000000904020002A6
:10C670000103000007240100012500062402010136
:10C680000506240202020509240301030102010533
:10C690000924030204010101050905050240000007
:10C6A0000000052501010109058402400000000089
:10C6B00005250101030000001201100100000040E7
:10C6C000C016890477020102030100000403090473
:10C6D00018035400650065006E0073007900640063
:10C6E000750069006E006F000E0350006F0072004D
:10C6F000740020003100000018035400650065003C
:10C700006E007300790020004D004900440049008C
:10C710000C0300000000000000000000000000000A
:10C720000000000000000000D0B600000000000083
:10C73000E80300000000000000600640A8B600000A
:10C7400000000000000000000000000000000000E9
:10C7500000000000000000000000000000000000D9
:10C7600000000000000000000000000000000000C9
:10C7700000000000000000000000000000000000B9
:10C7800000000000000000000000000000000000A9
:10C790000000000000000000000000000000000099
:10C7A0000000000000000000000000000000000089
:10C7B0000000000000000000000000000000000079
:10C7C0000000000000000000000000000000000069
:10C7D0000000000000000000000000000000000059
:10C7E0000000000000000000000000000000000049
:10C7F0000000000000000000000000000000000039
:10C800000000000000000000000000000000000028
:10C810000000000000000000000000000000000018
:10C820000000000000000000000000000000000008
:10C8300000000000000000000000000000000000F8
:10C8400000000000000000000000000000000000E8
:10C8500000000000000000000000000000000000D8
:10C8600000000000D0B6000000000000E803000057
:10C87000000000000070064088B6000000000000C4
:10C8800000000000000000000000000000000000A8
:10C890000000000000000000000000000000000098
:10C8A0000000000000000000000000000000000088
:10C8B0000000000000000000000000000000000078
:10C8C0000000000000000000000000000000000068
:10C8D0000000000000000000000000000000000058
:10C8E0000000000000000000000000000000000048
:10C8F0000000000000000000000000000000000038
:10C900000000000000000000000000000000000027
:10C910000000000000000000000000000000000017
:10C920000000000000000000000000000000000007
:10C9300000000000000000000000000000000000F7
:10C9400000000000000000000000000000000000E7
:10C9500000000000000000000000000000000000D7
:10C9600000000000000000000000000000000000C7
:10C9700000000000000000000000000000000000B7
:10C9800000000000000000000000000000000000A7
:10C990000000000000000000000000000000000097
:10C9A000D0B6000000000000E80300000000000016
:10C9B00000600E4068B600000000000000000000AB
:10C9C0000000000000000000000000000000000067
:10C9D0000000000000000000000000000000000057
:10C9E0000000000000000000000000000000000047
:10C9F0000000000000000000000000000000000037
:10CA00000000000000000000000000000000000026
:10CA10000000000000000000000000000000000016
:10CA20000000000000000000000000000000000006
:10CA300000000000000000000000000000000000F6
:10CA400000000000000000000000000000000000E6
:10CA500000000000000000000000000000000000D6
:10CA600000000000000000000000000000000000C6
:10CA700000000000000000000000000000000000B6
:10CA800000000000000000000000000000000000A6
:10CA90000000000000000000000000000000000096
:10CAA0000000000000000000000000000000000086
:10CAB0000000000000000000000000000000000076
:10CAC0000000000000000000000000000000000066
:10CAD000000000000000000000000000D0B60000D0
:10CAE00000000000E80300000000000000700E409D
:10CAF00048B6000000000000000000000000000038
:10CB00000000000000000000000000000000000025
:10CB10000000000000000000000000000000000015
:10CB20000000000000000000000000000000000005
:10CB300000000000000000000000000000000000F5
:10CB400000000000000000000000000000000000E5
:10CB500000000000000000000000000000000000D5
:10CB600000000000000000000000000000000000C5
:10CB700000000000000000000000000000000000B5
:10CB800000000000000000000000000000000000A5
:10CB90000000000000000000000000000000000095
:10CBA0000000000000000000000000000000000085
:10CBB0000000000000000000000000000000000075
:10CBC0000000000000000000000000000000000065
:10CBD0000000000000000000000000000000000055
:10CBE0000000000000000000000000000000000045
:10CBF0000000000000000000000000000000000035
:10CC00000000000000000000000000000000000024
:10CC100000000000000000000000803F6042A20D04
:10CC20000000004000000000000000006431FF1F11
:10CC30006431FF1F6C31FF1F6C31FF1F7431FF1F08
:10CC40007431FF1F7C31FF1F7C31FF1F8431FF1FB8
:10CC50008431FF1F8C31FF1F8C31FF1F9431FF1F68
:10CC60009431FF1F9C31FF1F9C31FF1FA431FF1F18
:10CC7000A431FF1FAC31FF1FAC31FF1FB431FF1FC8
:10CC8000B431FF1FBC31FF1FBC31FF1FC431FF1F78
:10CC9000C431FF1FCC31FF1FCC31FF1FD431FF1F28
:10CCA000D431FF1FDC31FF1FDC31FF1FE431FF1FD8
:10CCB000E431FF1FEC31FF1FEC31FF1FF431FF1F88
:10CCC000F431FF1FFC31FF1FFC31FF1F0432FF1F37
:10CCD0000432FF1F0C32FF1F0C32FF1F1432FF1FE4
:10CCE0001432FF1F1C32FF1F1C32FF1F2432FF1F94
:10CCF0002432FF1F2C32FF1F2C32FF1F3432FF1F44
:10CD00003432FF1F3C32FF1F3C32FF1F4432FF1FF3
:10CD10004432FF1F4C32FF1F4C32FF1F5432FF1FA3
:10CD20005432FF1F5C32FF1F5C32FF1F6432FF1F53
:10CD30006432FF1F6C32FF1F6C32FF1F7432FF1F03
:10CD40007432FF1F7C32FF1F7C32FF1F8432FF1FB3
:10CD50008432FF1F8C32FF1F8C32FF1F9432FF1F63
:10CD60009432FF1F9C32FF1F9C32FF1FA432FF1F13
:10CD7000A432FF1FAC32FF1FAC32FF1FB432FF1FC3
:10CD8000B432FF1FBC32FF1FBC32FF1FC432FF1F73
:10CD9000C432FF1FCC32FF1FCC32FF1FD432FF1F23
:10CDA000D432FF1FDC32FF1FDC32FF1FE432FF1FD3
:10CDB000E432FF1FEC32FF1FEC32FF1FF432FF1F83
:10CDC000F432FF1FFC32FF1FFC32FF1F0433FF1F32
:10CDD0000433FF1F0C33FF1F0C33FF1F1433FF1FDF
:10CDE0001433FF1F1C33FF1F1C33FF1F2433FF1F8F
:10CDF0002433FF1F2C33FF1F2C33FF1F3433FF1F3F
:10CE00003433FF1F3C33FF1F3C33FF1F4433FF1FEE
:10CE10004433FF1F4C33FF1F4C33FF1F5433FF1F9E
:10CE20005433FF1F5C33FF1F5C33FF1F6433FF1F4E
:10CE30006433FF1F6C33FF1F6C33FF1F7433FF1FFE
:10CE40007433FF1F7C33FF1F7C33FF1F8433FF1FAE
:10CE50008433FF1F8C33FF1F8C33FF1F9433FF1F5E
:10CE60009433FF1F9C33FF1F9C33FF1FA433FF1F0E
:10CE7000A433FF1FAC33FF1FAC33FF1FB433FF1FBE
:10CE8000B433FF1FBC33FF1FBC33FF1FC433FF1F6E
:10CE9000C433FF1FCC33FF1FCC33FF1FD433FF1F1E
:10CEA000D433FF1FDC33FF1FDC33FF1FE433FF1FCE
:10CEB000E433FF1FEC33FF1FEC33FF1FF433FF1F7E
:10CEC000F433FF1FFC33FF1FFC33FF1F0434FF1F2D
:10CED0000434FF1F0C34FF1F0C34FF1F1434FF1FDA
:10CEE0001434FF1F1C34FF1F1C34FF1F2434FF1F8A
:10CEF0002434FF1F2C34FF1F2C34FF1F3434FF1F3A
:10CF00003434FF1F3C34FF1F3C34FF1F4434FF1FE9
:10CF10004434FF1F4C34FF1F4C34FF1F5434FF1F99
:10CF20005434FF1F5C34FF1F5C34FF1F6434FF1F49
:10CF30006434FF1F6C34FF1F6C34FF1F7434FF1FF9
:10CF40007434FF1F7C34FF1F7C34FF1F8434FF1FA9
:10CF50008434FF1F8C34FF1F8C34FF1F9434FF1F59
:10CF60009434FF1F9C34FF1F9C34FF1FA434FF1F09
:10CF7000A434FF1FAC34FF1FAC34FF1FB434FF1FB9
:10CF8000B434FF1FBC34FF1FBC34FF1FC434FF1F69
:10CF9000C434FF1FCC34FF1FCC34FF1FD434FF1F19
:10CFA000D434FF1FDC34FF1FDC34FF1FE434FF1FC9
:10CFB000E434FF1FEC34FF1FEC34FF1FF434FF1F79
:10CFC000F434FF1FFC34FF1FFC34FF1F0435FF1F28
:10CFD0000435FF1F0C35FF1F0C35FF1F1435FF1FD5
:10CFE0001435FF1F1C35FF1F1C35FF1F2435FF1F85
:10CFF0002435FF1F2C35FF1F2C35FF1F3435FF1F35
:10D000003435FF1F3C35FF1F3C35FF1F4435FF1FE4
:10D010004435FF1F4C35FF1F4C35FF1F5435FF1F94
:10D020005435FF1F5C35FF1F5C35FF1FFFFFFFFFFF
:10D03000000002000000000000000000C03DFF1FD3
:10D04000283EFF1F903EFF1F000000000000000070
:10D0500000000000000000000000000000000000D0
:10D0600000000000000000000000000000000000C0
:10D0700000000000000000000000000000000000B0
:10D0800000000000000000000000000000000000A0
:10D090000000000000000000000000000000000090
:10D0A0000000000000000000000000000000000080
:10D0B0000000000000000000000000000000000070
:10D0C0000000000000000000000000000000000060
:10D0D00001000000000000000E33CDAB34126DE6FD
:10D0E000ECDE05000B000000000000000000000066
:10D0F0000000000000000000000000000000000030
:10D10000000000000000000000000000000000001F
:10D11000000000000000000000000000000000000F
:10D1200000000000000000000000000000000000FF
:10D1300000000000000000000000000000000000EF
:10D1400000000000000000000000000000000000DF
:10D1500000000000000000007835FF1FF83EFF1FB0
:00000001FF
