:1000000000800020BD010000A53600006136000020
:100010006136000061360000613600006136000084
:10002000613600006136000061360000A536000030
:10003000A5360000613600009D4A0000A14A00007C
:10004000A5360000A5360000A5360000A536000044
:10005000A5360000A5360000A5360000A536000034
:10006000A5360000A5360000A5360000A536000024
:10007000A5360000A5360000A5360000A536000014
:10008000A5360000A5360000A5360000A536000004
:10009000A5360000A5360000A5360000A5360000F4
:1000A000415300004D530000A5360000A536000066
:1000B000A5360000A5360000A5360000A5360000D4
:1000C000A5360000A5360000A5360000A5360000C4
:1000D000A5360000A5360000A5360000A5360000B4
:1000E000A5360000A5360000A5360000A5360000A4
:1000F000A5360000A5360000A5360000A536000094
:10010000A5360000A5360000A5360000A536000083
:10011000A5360000A5360000A5360000A536000073
:10012000A5360000A5360000A5360000A536000063
:10013000A5360000A5360000A5360000A536000053
:10014000A5360000A5360000A5360000A536000043
:10015000013400001D340000393400005534000023
:10016000A5360000C93B0000A5360000A5360000FA
:10017000A5360000A5360000A5360000A536000013
:10018000A5360000A5360000A5360000A536000003
:10019000A5360000A5360000A5360000A5360000F3
:1001A000A5360000A5360000A5360000A5360000E3
:1001B000A5360000A536000089310000574B4CF2EF
:1001C000205210B5DA814DF62812DA8100BF00BF47
:1001D00003F06CFA524B4FF010621A63514A9A6363
:1001E000514ADA63514A136913F4807303D153619E
:1001F0004FF4A85313614E4B9A78110703D59A78A0
:1002000042F008029A704B4B4B482A221A704B4B13
:10021000DA1C121AC11E22F00302994288BF002282
:10022000474903F049F9474B4748DA1C121AC11EE7
:1002300022F00302994288BF0022002107F066FFE6
:10024000424943484FF4DE7203F036F9414B424ACB
:10025000802103F8011B9342FBD14FF0E0233C4A7D
:10026000C3F8082D3D4B8A221A70A3F5805324222F
:100270005A70A0221A709A799207FCD59A79D406FE
:10028000FCD4374B9A7902F00C02082AFAD10522E5
:100290001A7143225A719A799006FCD5304A9379A3
:1002A0005906FCD51E4B4FF08171596405219964A4
:1002B00020211170917901F00C010C29FAD1294A01
:1002C0005A604FF0E023284A5A6100229A610722BF
:1002D0001A61264AC3F8202D62B603F0CFFA134BF9
:1002E0005B69DA0705D5224803F0BCFA214B224AA4
:1002F000DA61224B1B785B0609D51E4C1E4BE26966
:100300009A4204D11A4803F0ADFA0023E36103F0E6
:10031000D3F907F06BFF03F0C7F8FEE700200540B4
:1003200000800440823F04000100002B00D0034005
:1003300000D0074000E0074030A0FF1F10B5FF1FAE
:1003400084CC000028C0FF1F10B5FF1F0000000074
:100350000096FF1F00E400E05FE400E0005006406C
:1003600000400640C01005003F1901000000202099
:10037000114C7E6A00E00340A5C3945A00F0074088
:10038000FFFFFFFFFFFFFFFFFFFFFFFFFFFFFFFF7D
:10039000FFFFFFFFFFFFFFFFFFFFFFFFFFFFFFFF6D
:1003A000FFFFFFFFFFFFFFFFFFFFFFFFFFFFFFFF5D
:1003B000FFFFFFFFFFFFFFFFFFFFFFFFFFFFFFFF4D
:1003C000FFFFFFFFFFFFFFFFFFFFFFFFFFFFFFFF3D
:1003D000FFFFFFFFFFFFFFFFFFFFFFFFFFFFFFFF2D
:1003E000FFFFFFFFFFFFFFFFFFFFFFFFFFFFFFFF1D
:1003F000FFFFFFFFFFFFFFFFFFFFFFFFFFFFFFFF0D
:10040000FFFFFFFFFFFFFFFFFFFFFFFFDEF9FFFF23
:100410000548064B1B1AD90F01EBA301491002D066
:10042000034B03B11847704710B5FF1F10B5FF1FEE
:100430000000000008B5054B1BB105490548AFF3A6
:100440000080BDE80840FFF7E3BF00BF00000000E8
:1004500010B5FF1F7CCC00002DE9F84385687F496B
:100460000446284607F00AFBD4F80090002864D020
:10047000DFF8E881E7687949384607F0FFFA002895
:1004800058D139464FF07E5007F00EFA06464946DD
:10049000404607F009FA724907F052F905F066F88C
:1004A00063680546082B2AD8DFE803F07D848D9425
:1004B0009DA7B305540020696A4907F0F5F9014684
:1004C000694804F071FF074604F0C2FF0146284660
:1004D00007F0EAF94FF07E584146C4F820800546FF
:1004E000384607F023F8314607F02AF939466062AA
:1004F000384607F025F9414607F018F8A062314662
:10050000284607F015F8294607F01AF94FF07E51F2
:1005100007F00EF801464FF07E5007F0C5F9294666
:10052000606107F00DF92946A06107F009F9E06163
:10053000BDE8F8834D4E494FA9E74D49484607F0BD
:10054000FFF880460146284607F0B6FA002891D108
:10055000A8468FE72069434907F0A6F901464248BB
:1005600004F022FF074604F073FF0146284607F017
:10057000E7F839460546384607F0E2F8394680463E
:1005800020624FF07E5006F0D1FF314607F0D8F8D8
:10059000394607F0D5F8414660624FF07E5006F0CC
:1005A000C5FFA062ABE700234FF07E522362636277
:1005B000A262A4E72F4BA3624FF07E5206F10041E6
:1005C000616222629BE700234FF07E5223626262E7
:1005D000A36294E74FF07E52002306F1004161626E
:1005E0002262A3628BE74FF07E524FF0404306F148
:1005F000004161622262A36281E74FF07E53236271
:100600004FF04041304607F09BF800236062A36240
:1006100075E72069134907F047F90146124804F0CD
:10062000C3FE80460146384607F08AF801464FF07F
:100630007E5007F039F94FF07E5706464146276253
:10064000404607F07DF8394606F070FF314607F066
:1006500077F800236062A36251E700BF6F12833A0C
:10066000DB0F49400000204200002041FFFF794499
:1006700048E1FA3E000080BF2DE9F04F43698BB09E
:100680000190032B00F20382DFE813F0B700620150
:1006900025000400019DAA496C68204607F050F827
:1006A00004F02CFFA96803462046029306F040FFA1
:1006B0004FF07E51044607F0F5F9002800F0F6816E
:1006C0004FF07E51204606F031FF019B58600298A2
:1006D0000BB0BDE8F08F019CD4F804804FF07C5142
:1006E000404607F0CBF9A36806934FF081410028FC
:1006F00040F0C081404607F023F80146914806F0DB
:1007000015FF0290069C0021204607F0D5F900282D
:1007100000F003814FF08241204607F011F84FF0BE
:1007200083410746204607F00BF80146054607902F
:10073000404606F0FBFE06F003F907F0DDF9294616
:100740000446404606F0F4FE06F03CF907F0D4F902
:10075000844200F33282431C0593019B0025D3F8A9
:100760000CB04FF0834A4FF085492BE07648039355
:1007700050F823200492591C50F82100114606F02D
:10078000D5FE039B01461846039106F085FF0146FE
:10079000304606F0CBFE039B0146184606F0D0FF1C
:1007A000049A114606F0C4FE0146384606F0C8FF1A
:1007B0000146284606F0BCFE059B01349C420546D6
:1007C00000F0FC81204606F067FF0146404606F037
:1007D000ADFE594606F0B4FF514606F0A9FE494663
:1007E00006F0AEFF064606F0EDF807F085F9B0F525
:1007F000006F0346BAD30021D7E7019ED6F80480E4
:10080000B46806944146404606F092FE4FF07E5191
:1008100006F08CFE00210290204607F04DF90028DA
:100820007BD04FF08341204606F08AFF0146054603
:10083000404606F07BFE06F083F807F05DF9294696
:100840000446404606F074FE06F0BCF807F054F982
:10085000844200F32F82431CD6F80CB00593002786
:100860004FF0834A4FF08549204606F015FF0146B8
:10087000404606F05BFE594606F062FF51460546CB
:1008800006F056FE494606F05BFF064606F09AF86B
:1008900007F032F9B0F5006F04F10104034634D2D9
:1008A0002A48039350F823200492591C50F8210041
:1008B000114606F03BFE039B01461846039106F0E5
:1008C000EBFE0146304606F031FE039B014618461A
:1008D00006F036FF049A114606F02AFE0021034670
:1008E00028461D4607F0DEF828B128464FF07E5115
:1008F00006F01CFE05464FF04041284606F020FF5A
:100900000146384606F014FE0746059B9C42ABD1D3
:100910000298394606F00CFE02900699404606F011
:1009200007FE4FF07E51044607F0BCF800287FF424
:10093000C7AE019B02985C600BB0BDE8F08F00BFB2
:10094000DB0FC94000004040E0850000E4A5000046
:10095000019C2369606808931946039007F08EF89C
:10096000A3680793002840F08E80AA4B0293079C4F
:100970000021204607F0A0F8002800F01B814FF06E
:100980008341204606F0DCFE039E099001460546A1
:10099000304606F0CBFD05F0D3FF07F0ADF8294651
:1009A0000446304606F0C4FD06F00CF807F0A4F843
:1009B00084427DDC431C0693019B0025D3F80CA0E8
:1009C0004FF083494FF08548AB4637E09248049397
:1009D00050F823200592591C50F82100114606F0CA
:1009E000A5FD049B01461846049106F055FE0146FC
:1009F000384606F09BFD049B0146184606F0A0FE13
:100A0000059A114606F094FD5946034630461E46A7
:100A100007F048F828B130464FF07E5106F086FDC9
:100A200006463146304606F083FD0146284606F06C
:100A30007FFD069B01349C4205463AD0204606F0D5
:100A40002BFE0146039806F071FD514606F078FE34
:100A50004946064606F06CFD414606F071FE074623
:100A600005F0B0FF07F048F8B0F5006F0346ADD3CE
:100A70005946DBE7404606F063FE4FF07E5106F034
:100A800055FD02903EE64FF07E5302936FE7019DC5
:100A9000A968686806F04CFD4FF07E51044607F0E7
:100AA00001F8002840F00C81002302936C600EE6F0
:100AB00000252946029806F03BFD08990690039808
:100AC00006F034FD099C2146804606F02FFD05F016
:100AD00037FF07F011F821460446404606F028FD8E
:100AE00005F070FF07F008F8844200F3E780431C2C
:100AF0000593019BD3F80CB000274FF0834A4FF0C9
:100B00008549204606F0C8FD0146404606F00EFD28
:100B1000594606F015FE5146054606F009FD4946C0
:100B200006F00EFE064605F04DFF06F0E5FFB0F5B7
:100B3000006F04F10104034634D23748029350F8A1
:100B400023200492591C50F82100114606F0EEFCB7
:100B5000029B01461846029106F09EFD0146304672
:100B600006F0E4FC029B0146184606F0E9FD049AF3
:100B7000114606F0DDFC0021034628461D4606F01E
:100B800091FF28B128464FF07E5106F0CFFC054674
:100B90004FF04041284606F0D3FD0146384606F0A6
:100BA000C7FC0746059B9C42ABD10698394606F028
:100BB000BFFC029007990398B1E6002502992846E8
:100BC00006F0B6FC4FF07C510490404606F0AEFCB7
:100BD000079C2146814606F0A9FC05F0B1FE06F00F
:100BE0008BFF21460446484606F0A2FC05F0EAFECB
:100BF00006F082FF844207F100475DDC431C03934B
:100C0000019BCDF81480D3F80CB000254FF0834A37
:100C10002DE000BF000080BFE4A500002D4A029037
:100C200052F82080411C52F82100414606F07EFC1B
:100C3000029B01461846029106F02EFD0146304601
:100C400006F074FC029B0146184606F079FD414609
:100C500006F06EFC0146384606F072FD0146284655
:100C600006F066FC039B01349C4205461AD02046E0
:100C700006F012FD0146484606F058FC594606F0BB
:100C80005FFD514606F054FC4FF0854106F058FDDB
:100C9000064605F097FE06F02FFFB0F5006FBDD3B6
:100CA0000021D8E7DDF814800499284606F040FCBE
:100CB000029032E600272BE60025F5E7002774E7CF
:100CC0004FF07E51204606F031FC00230293019B39
:100CD0005860FCE4E08500002DE9F0414FF07C51C4
:100CE0000446806806F024FC06F006FFD4F8248051
:100CF000A76AE56A266B80F30200A066C4F880004C
:100D00000021404606F0C4FE002840F0E280D4F8FE
:100D1000F010404606F014FD01467D4806F0C4FD83
:100D200004F01AFB01464FF07E5006F0FFFBC4F8BA
:100D300000010021384606F0ABFE002840F0D280CA
:100D4000D4F8F010384606F0FBFC0146714806F076
:100D5000ABFD04F001FB01464FF07E5006F0E6FBD0
:100D6000C4F804010021304606F092FE002840F04D
:100D7000B680D4F8F010304606F0E2FC0146654833
:100D800006F092FD04F0E8FA01464FF07E5006F0BE
:100D9000CDFBC4F808010021284606F06FFE0028AC
:100DA00040F0B4804FF07E51284606F085FE08B131
:100DB0004FF07E55D4F83480C4F8FC5000214046F2
:100DC000A76BE56B266C06F063FE002840F0908070
:100DD000D4F80C11404606F0B3FC01464C4806F02E
:100DE00063FD04F0B9FA01464FF07E5006F09EFB19
:100DF000C4F81C010021384606F04AFE002874D1D0
:100E0000D4F80C11384606F09BFC0146414806F028
:100E10004BFD04F0A1FA01464FF07E5006F086FB30
:100E2000C4F820010021304606F032FE002853D1DC
:100E3000D4F80C11304606F083FC0146354806F024
:100E400033FD04F089FA01464FF07E5006F06EFB48
:100E5000C4F824010021284606F010FE00284AD1DB
:100E60004FF07E51284606F027FE08B14FF07E5520
:100E7000A66C2949C4F81851304606F0FFFD002839
:100E80003BD14FF07E51304606F016FE40B1234D67
:100E9000C4F840514FF07E50C4F84401BDE8F081E1
:100EA0004FF07E51304606F043FB1D4906F048FCEA
:100EB0004FF07A5106F044FC064604F0EDFA054680
:100EC000304604F01BFBC4F84051C4F84401BDE8AF
:100ED000F0814FF07E502AE74FF07E50B8E74FF098
:100EE0007E5056E74FF07E503AE74FF07E5097E73E
:100EF0004FF07E507CE70025BAE700204FF07E558A
:100F0000C4F84051C4F84401BDE8F081002551E720
:100F1000549F8CBF8E5D93C0000080BF2EBD3BB33D
:100F2000DB0F49402DE9F047456C04460021284677
:100F300006F0C2FD002840F01081D4F83461D4F8E6
:100F40003881E0684FF07C5106F0FAFB41460746D5
:100F5000284606F0F5FBB74906F0F2FB314681461C
:100F6000284606F0EDFBB34906F0EAFB394606F0E9
:100F7000DDFAB14906F098FC01464FF08040D4F804
:100F8000286104F011FA0146304606F0D9FB616D84
:100F900006F08AFC00252946804606F06FFD0028F1
:100FA00040F03881DFF894A24046514606F084FDB7
:100FB000002840F0B980C4F85C802946404606F01D
:100FC0007BFD28B141464FF07E5006F06DFC054692
:100FD00049462566384606F0ABFA974906F064FCA8
:100FE00001464FF0804004F0DFF90146304606F03C
:100FF000A7FBE16E06F058FC00252946074606F0DF
:101000003DFD002840F00B81DFF830823846414634
:1010100006F052FD002840F00881676729463846EF
:1010200006F04AFD28B14FF07E50394606F03CFCF0
:1010300005464FF07C51A567304606F081FBD4F899
:10104000841006F031FC00273946054606F016FDEF
:10105000002840F0E180794E2846314606F02CFD0C
:10106000002840F0DE80C4F88C503946284606F04F
:1010700023FD28B14FF07E50294606F015FC0746A7
:10108000D4F81411206AC4F8907006F059FBD4F813
:101090002C110546206D06F053FB0146284606F04C
:1010A00047FA01464FF08040656904F07DF901463A
:1010B000284606F045FB62490546206806F040FBDD
:1010C00060490646284606F0D9FC00B15D4D314620
:1010D000284606F0F1FC00B13546E0694FF07C513E
:1010E00006F0CCFC20B3D4F89C70D4F818803946B4
:1010F000384606F01DFA54490646284606F0BEFC5E
:10110000002840F0B1804E49384606F019FB0146F0
:101110000746284606F0D0FC4C49002800F0CC8059
:10112000384606F00DFBA0E0494DC4F85CA04FE73F
:101130004849A06906F004FB4FF07C5106F0F8F92D
:101140000023C4F8C800C4F8C450C4F8CC3004F17B
:10115000BC00FFF781F9BDE8F087D4F804803E4B6E
:10116000D8F800904B4483EAD33043F0010303FBEB
:1011700000F040F03D0280EAD01302FB0303584028
:1011800080EA903006F084FA4FF03E5106F0D8FA2B
:101190004FF07C5106F0CAF9304906F0D1FA3049D7
:1011A0000646D4F8340106F0CBFA0146304606F084
:1011B000BFF92B49C4F834010646D4F8380106F0CB
:1011C000BFFA284A4A44C8F8002082EAD23342F0E3
:1011D000010202FB03F343F03D0183EAD31201FB5A
:1011E0000232074683EA020080EA903006F050FAA5
:1011F0004FF03E5106F0A4FA4FF07C5106F096F9FC
:10120000164906F09DFA394606F092F98046C4F870
:10121000380196E6E565DBE6C4F88C7030E7656773
:1012200007E70B4FC4F88C602AE7094DC4F87480B7
:10123000FFE600BF000070410000964448E1FA3E1E
:101240006666E63E0000A0416F12833ADB0FC9C01C
:10125000BC9C024000001841F5792B6DCDCC4C3D73
:1012600077BE7F3FEAF356DA1548314606F01CFB9D
:1012700004F072F801464FF07E5006F057F9002155
:10128000C4F8A000404606F0F9FB30B90D494046CD
:1012900006F012FC50B10C4800E000204FF07E53E5
:1012A000C4F8A400C4F8A830BDE8F0874FF081412D
:1012B000404606F045FAF1E7284606F041FAD4E741
:1012C0002FE3CDBB6666863F666686402DE9F04F0C
:1012D00095B0119001F0AAFD1090002800F02A832B
:1012E00001F0A4FD1290002800F027834FF4007253
:1012F0000021AF4806F00AFF4FF40072AD4800210C
:1013000006F004FF119B9A69139292F8183B002B88
:101310004FD0139B03F1040803F6A42544460F9510
:101320004C22294604F1080002F0C6F8204604F5D4
:10133000AA74FFF7D1FCAC42F2D1139A002382F8D1
:10134000183BC24605E00F9B0AF5AA7A534500F008
:101350006B82DAF8F430002BF5D0DAF81C30049305
:10136000DAF810300593DAF83C310193924B03938D
:10137000924B02930AF1540306930AF16C0307930C
:101380000AF184030893019B002B4FF07C5B40F330
:101390005D81013B0193019BCAF83C31DAF81031C1
:1013A000013B032B23D8DFE813F0C301A3019E0107
:1013B0000A0002F6A42302F104080F93C1E7DAF849
:1013C0001441DAF82411204606F0BAF90146204605
:1013D00006F0ACF87A49044606F050FB002800F00D
:1013E0001D820023CAF814310023CAF81031069870
:1013F000FFF742F904460798FFF73EF906460898BA
:10140000FFF73AF931460546204606F091F859466D
:1014100006F096F929460446059806F091F901462A
:10142000204606F085F859460446049806F026FB47
:10143000002800F09A815946204606F081F9DAF832
:10144000B830DAF8A4500D9381460146184606F0EC
:101450006DF829460A9506F073F9DAF8A8300146C6
:101460001E46204606F062F83146099606F068F9F5
:1014700004F0A2F8DAF8AC70DAF8A0500646384664
:1014800004F09AF80146304606F050F8294606F076
:1014900057F9394606F04CF80B9004F08DF8DAF85D
:1014A000B0608046304604F087F80146404606F0BA
:1014B0003DF8294606F044F9314606F039F80C901B
:1014C00004F07AF8DAF8B4600746304604F074F8AD
:1014D0000146384606F02AF8294606F031F9314629
:1014E00006F026F80E9004F067F80D9B06461846A5
:1014F00004F062F80146304606F018F8294606F076
:101500001FF90D9B194606F013F84946814606F06F
:101510000DF80A9906F014F90146204606F006F87F
:10152000099906F00DF904F047F8414605F0FEFF71
:10153000294606F005F90B9905F0FAFFCAF8AC0048
:1015400004F03AF8394605F0F1FF294606F0F8F8BC
:101550000C9905F0EDFFCAF8B00004F02DF8314603
:1015600005F0E4FF294606F0EBF80E9A114605F067
:10157000DFFFCAF8B40004F01FF80446484604F040
:101580001BF80146204605F0D1FF294606F0D8F8A1
:10159000494605F0CDFF0446CAF8B800DAF8F43041
:1015A000013B032B00F2CB81DFE803F07D5B560C9F
:1015B00028B7FF1F28B5FF1F24B7FF1F24B5FF1F43
:1015C00017B7D138DAF8F850DAF80811284606F0DB
:1015D000B7F80146284605F0A9FFBC49054606F0C4
:1015E0004DFA002800F01D810023CAF8F8300023CE
:1015F000CAF8F4300025DAF83011284606F0A0F8D1
:10160000214606F09DF8DAF84011044606F098F8F5
:10161000039D014655F8040F039505F089FF2860E6
:10162000DAF84411204606F08BF8029B014653F885
:10163000040F02931C4605F07BFFA54B2060AB42D4
:101640003FF481AE019B002B3FF7A3AE5046FFF75E
:1016500069FC0F2301939EE6DAF8FC50CAF8F850B3
:10166000C9E7DAF8F850DAF8FC602946304605F0A8
:101670005DFFDAF8041106F063F8294605F058FF1B
:101680003146054605F052FF904920F0004006F033
:10169000F5F9002800F0C5800323CAF8F860354644
:1016A000CAF8F430A7E7DAF8F8504FF07F5029462F
:1016B00005F03CFFDAF8001106F042F8294605F083
:1016C00037FF4FF07E51054606F0ECF9002800F098
:1016D000A8804FF07E53CAF8F8300223CAF8F430DD
:1016E0004FF07E5587E7DAF81831CAF814317EE6F4
:1016F000DAF81441DAF818512146284605F016FFA9
:10170000DAF8201106F01CF8214605F011FF2946F1
:10171000044605F00BFF6D4920F0004006F0AEF9DD
:1017200000287BD00323CAF81451CAF810315EE6B2
:10173000DAF814414FF07F50214605F0F7FEDAF851
:101740001C1105F0FDFF214605F0F2FE4FF07E5121
:10175000044606F0A7F9002860D04FF07E53CAF87F
:1017600014310223CAF8103141E6DAF8EC70204651
:10177000394605F0DBFEDAF8E880DAF8D010DAF85E
:10178000D4900646404605F0DBFF49460546304604
:1017900005F0D6FF0146284605F0CAFE4946054633
:1017A000404605F0CDFF394605F0C2FEDAF8D81004
:1017B0008146304605F0C4FF0146484605F0B8FEB4
:1017C00029460646284605F0B3FE414605F0AEFE22
:1017D0003146CAF8E800304605F0AAFE394605F061
:1017E000A5FEDAF8DC10CAF8EC00204605F0A8FFE8
:1017F000DAF8E0100446284605F0A2FF014620462C
:1018000005F096FEDAF8E4100446304605F098FF3D
:101810000146204605F08CFE0446BFE6CAF8144196
:10182000E5E5CAF8F850E6E6139A2A4CD2F8143BDC
:10183000294FDFF8A880DFF8A8A08033C2F8143B56
:10184000129B9E1C109B4FF07E599D1C2EE049461A
:10185000584606F031F9002865D12249584605F06E
:101860006FFF06F049F900B257F804BF25F8020FE0
:101870005946584606F02AF9002857D1414658469D
:1018800006F010F900282FD04946584606F014F902
:10189000002845D11349584605F052FF06F02CF9AF
:1018A00000B20B4B26F8020FA34223D054F804BF1A
:1018B0005946584606F00AF9002839D1414658469B
:1018C00006F0F0F80028C2D15046CDE717B7D1385E
:1018D00024B9FF1F24B7FF1F24B5FF1F000080BFDE
:1018E0000180FFFF00FEFF46164B5046A34226F83C
:1018F000020FDBD1109E119D00223146284601F0D7
:1019000015FB129C01222146284601F00FFB3046B0
:1019100001F0E2FA204615B0BDE8F04F01F0DCBA64
:1019200047F6FF70BDE747F6FF709DE70020B8E778
:10193000002099E715B0BDE8F08F1098EBE700257F
:1019400059E600BF24B9FF1F2DE9F04F2C4C9BB086
:101950000E46029021466922002301E011F8012F72
:101960000133002AFAD1274A27485A4069216D23BA
:1019700002E00B4614F8011F5A4000FB02F24FEA46
:10198000F2420029F5D1214B029C2149214F82EAE4
:10199000124202FB03F3204A83EA533302FB03F3B0
:1019A00083EA134323604C2207A801F085FD1B4BFB
:1019B00008931B4B0A931B4B0B931B4B0D931B4B19
:1019C0000E931B4B0F931B4B10931B4B11931B4BF5
:1019D00018931B4B1B4A199304F6A423079218462D
:1019E00007A94C22059301F067FD04F6EC23009350
:1019F000234603F60C330025F4340493E1E000BFE2
:101A0000B985000067E6096A512D9ECC6BCAEB854B
:101A1000E8C500008E5D93C035AEB2C20000C04084
:101A2000004083459A99993E6666E63EA69BC43B74
:101A3000EC51383E6666263F295C8F3E3333333F98
:101A4000CDCCCC3ECDCC4C3E019B4946184605F052
:101A500077FE0146384605F027FF03F07DFC01467E
:101A60004FF07E5005F062FD60612946584606F051
:101A70000FF8002840F097814946584605F060FE6F
:101A80000146384605F010FF03F066FC01464FF0B2
:101A90007E5005F04BFDA0612946504605F0EEFF53
:101AA000002840F083814FF07E51504606F004F844
:101AB00008B14FF07E5A54F8BC3CC4F80CA029463B
:101AC0001846019305F0E4FF54F8B8BC54F8B49CF0
:101AD00054F8B0AC002840F06381019B41461846A1
:101AE00005F02EFE0146B54805F0DEFE03F034FC9D
:101AF00001464FF07E5005F019FDE0622946584638
:101B000005F0C6FF002840F048814146584605F0E0
:101B100017FE0146384605F0C7FE03F01DFC0146DE
:101B20004FF07E5005F002FD20632946504605F037
:101B3000AFFF002840F02E814146504605F000FEE0
:101B40000146384605F0B0FE03F006FC01464FF0B2
:101B50007E5005F0EBFC60632946484605F08EFF99
:101B6000002840F029814FF07E51484605F0A4FF3F
:101B700008B14FF07E5954F8A88C9149C4F82890C8
:101B8000404605F07BFF002840F012814FF07E5167
:101B9000404605F091FF002800F0DC81DFF8248248
:101BA0004FF07E50009AC4F850804FF0FF336065CC
:101BB00042F8043F049B0092934204F5AA7400F09B
:101BC000DD810021304605F077FF002800F00E810E
:101BD0007D49304605F052FF002800F05B81029BF2
:101BE000059944F8F06C44F8EC3C4C22A4F1E80070
:101BF00001F062FC44F89C6C44F8846C012344F8C6
:101C00006C6C44F8583C714944F8546C304605F00B
:101C100097FD6F49804605F031FF002800F0B18143
:101C20006C49404605F08CFD31468046304605F053
:101C30007FFC0146404605F037FE03F08DFB014670
:101C40004FF07E5005F072FC4FF07E5344F8500C7C
:101C500044F84C5C44F8483CA4F13409484644F844
:101C6000346CFEF7F9FB0023484644F8303CFEF79D
:101C7000F3FB5949304605F063FD01464F4805F036
:101C800013FEB046C4F8008003F066FBD4F8009061
:101C90005249484605F054FD0146384605F004FE19
:101CA00003F05AFB4E49484605F04AFD01463846C6
:101CB00005F0FAFD03F050FB2946304605F0FCFE26
:101CC000002861D04049304605F0D8FE00285BD09E
:101CD0004149304605F034FD0146384805F0E4FD41
:101CE0003346E36103F038FBD4F81C803B4940469F
:101CF00005F026FD0146384605F0D6FD03F02CFB25
:101D00003749404605F01CFD0146384605F0CCFD3C
:101D100003F022FB4FF07C5154F8E80C05F008FC6E
:101D200005F0EAFE54F8CC2C019280F3020044F84E
:101D3000880C44F8700C2946104605F0A9FE54F8AA
:101D4000C83C54F8C4AC54F8C0BC00BB019A03931F
:101D50001046494605F0F4FC0146184805F0A4FD7C
:101D600003F0FAFA01464FF07E5005F0DFFB039BCB
:101D7000206129461846019305F08AFE00283FF4A9
:101D800063AE4FF07E506FE61648174BA9E74FF051
:101D90007E50EDE74FF07E50DDE64FF07E50C3E61B
:101DA0004FF07E50A9E64FF07E5074E6AA4682E6D8
:101DB0004FF07E582846F5E6A946DCE6549F8CBFD6
:101DC000000080BF2EBD3BB38096184B6666E63E92
:101DD00000007A44DB0FC9C00AD7233CCDCCCC3DF0
:101DE000CDCC4C3E49FF15BB00803B47029BDFF842
:101DF0009881059944F8EC3C44F8F08C4C22A4F10D
:101E0000E80001F059FB2946304605F055FE002850
:101E10004CD144F89C8C2946304605F04DFE0028F4
:101E20004ED144F8848C2946304605F045FE002802
:101E300050D1012344F86C8C44F8583C2946304674
:101E400005F03AFE002852D1504B44F8503C4FF078
:101E50007E5344F8548C44F84C5C44F8483C294682
:101E6000304605F029FEA4F134098246002853D1FA
:101E7000484644F8348CFEF7EFFA484644F830AC54
:101E8000FEF7EAFA2946304605F016FE002856D13C
:101E90003F48F7E6029B44F8EC3C3B4B059944F87D
:101EA000F03C4C22A4F1E80001F006FB3949304631
:101EB00005F0E4FD00287FF49DAE334B44F89C3CD4
:101EC0003449304605F0DAFD00287FF495AE2E4BFC
:101ED00044F8843C2F49304605F0D0FD00287FF4BB
:101EE0008DAE294B44F86C3C012344F8583C2949F9
:101EF000304605F0C3FD00287FF485AE224B44F840
:101F0000543C224B44F8503C4FF07E5344F84C5C18
:101F100044F8483CA4F134091E49304605F0AEFDB2
:101F2000804600287FF49AAE174B44F8343C48466C
:101F3000FEF792FA44F8308C4846FEF78DFA1549C0
:101F4000304605F09BFD00287FF493AE1048DFF883
:101F5000388097E640464FF07E5105F0E9FA0E4989
:101F600005F0EEFB4FF07A5105F0EAFB814603F0F5
:101F700093FA8046484603F0C1FA13E61BB0BDE869
:101F8000F08FDFF818804BE600803B47B8BF813DFB
:101F900049FF15BB8096184BDB0F494000007A447F
:101FA0002DE9F8430B78013B0E460546062B1AD85F
:101FB000DFE803F08352191B19190400888805F023
:101FC00067FB4FF08C4105F0B1FA4FF0645105F01A
:101FD000B7FB014605F0ACFAA54905F0B1FB03F0EB
:101FE0005BFBC5F8100BBDE8F8838B784A2B00F03B
:101FF00092807B2BF7D100F6EC2100F60C3700F62F
:10200000F8344FF0000C4FF0040E4FF0FF3602E0B2
:10201000B9420E60E7D051F8040F0028F8DB05F54F
:10202000AC7303E003F5AA73A342F1D013F8042CB8
:10203000002AF7D053F80C2C9042F3D153F8602CBF
:1020400003F804CC0AB143F860EC53F8442C002A9E
:10205000E8D043F844ECE5E788782B1D05F6A42189
:102060000024042603E003F5AA73994218D093F8DC
:102070005021002AF7D0D3F848219042F3D1D3F869
:10208000F42083F850410AB1C3F8F460D3F810216A
:10209000002AE8D0C3F8106103F5AA739942E6D18B
:1020A00005F6EC22002352F8041F884200F0D48089
:1020B0000133082BF7D1BDE8F8838F78A7F14500ED
:1020C00005F0EAFA6A4905F03BFB03F0E5FA2A1D40
:1020D0008046114605F6A42C1346D3F8F4001C469E
:1020E00003F5AA7300283DD09C45F6D100240AE0F0
:1020F000D4F84C31D2F84C01984238BF144602F55E
:10210000AA72624519D092F85031002BF7D1002CF9
:10211000EED11446F3E7C87805F0BAFA554905F050
:102120000FFB554905F00CFB544905F001FA01235A
:10213000C5F8B00A85F8183B55E79CB90C4601F57F
:10214000AA718C450CD0002CF8D0D1F84C21D4F8D1
:102150004C319A4238BF0C4601F5AA718C45F2D138
:10216000002C6DD0F07805F093FA424905F0E8FABA
:10217000D5F8143BD5F8109B4149C4F84C310646BC
:1021800040464FF00108C4F8487184F8508105F0CA
:10219000D7FA494605F0D4FA3146C4F82801C4F804
:1021A0002C614FF07E5005F0C1F9E16C05F0C8FAE2
:1021B00001464FF07E5005F0B9F96268314B116865
:1021C000C4F8300100260B44C4F83861C4F8346107
:1021D000A66583EAD330136043EA080303FB00F0EB
:1021E00040F03D0280EAD01302FB0303584080EA2E
:1021F000903005F04DFA4FF03E5105F0A1FA8146BE
:1022000004F0E0FB0146484605F090F90023206702
:10221000C4F88860C4F8B860C4F8B460C4F8B060AA
:10222000C4F8AC60C4F8E860C4F8EC60C4F8F860C6
:10223000C4F8F480C4F81461C4F81081C4F83C31C7
:1022400005F6EC22002352F8041F00290BDB0133B2
:10225000082BF8D1BDE8F88303F52F734FF0FF3258
:1022600045F82320BFE603F52F7345F82370BAE63F
:10227000ABAAAA3D0402013C0020194600004843D5
:102280000000DC43F5792B6D10B5094C204600F0B9
:1022900077FA5A21204600F0A7FA06490648FFF7C8
:1022A00053FBBDE810400548102100F04BBD00BFB6
:1022B00064B9FF1FA6552C4738A1FF1F0082FF1FDE
:1022C000F0B5374C374D384E83B0002002F000F99E
:1022D000002837D094F900302278002BF5DA2B78DB
:1022E000013BDBB20F2BF0D81343304F31783A78F3
:1022F00083F080006F28E8D801F07F0002F07F01B2
:1023000003F0F002B02A03F00F0343D023D8902A41
:1023100037D0A02A18D14FF0030C4FF400528DF89B
:1023200002008DF8031022488DF800C069468DF830
:102330000130ADF80420FFF733FE002002F0C8F8AA
:102340000028C7D103B0F0BD802ABED14FF0020CE7
:102350004FF40052E3E7D02A0DD0E02A04D140EA3E
:10236000C1124FF0070CDAE7C02AAED14FF0050CCE
:102370004FF40052D3E701464FF0060C4FF40052E1
:10238000CDE700290CBF4FF0020C4FF0010C4FF4C9
:102390000052C4E74FF0040C4FF40052BFE700BFF7
:1023A000D4BCFF1FADBBFF1FAEBBFF1FAFBBFF1FEA
:1023B00038A1FF1F10B52D492D4A0C682D4810601B
:1023C000002382B013611381D360002C4AD02346CE
:1023D00019465B69002BFBD14A61274B27481060E7
:1023E000002127489061516151609172022003F1F0
:1023F000180258721A611972D9609961D96122461E
:102400006469002CFBD153611E4A5C615C609C7264
:102410001A60194800F092FB1B4B1C4919600A22F4
:102420001A721B4800F0B0FD134B1149009422466C
:10243000174800F01DFE174A1749154802F004FC22
:10244000164800F0A1FD0122009209490A4B1348E9
:1024500000F00EFE0F4A1049104802B0BDE81040CF
:1024600002F0F2BB0A601446B7E700BFC0B9FF1F15
:1024700048B9FF1FD085000028B9FF1FDC85000088
:1024800038A1FF1F58C6000064B9FF1F3CC60000FA
:1024900070B9FF1F34A1FF1F2531000084B9FF1F51
:1024A0000020704700207047F8B51F4C037A0D4696
:1024B0005A000127C1F307210646204684F863200D
:1024C00084F8AE7084F8AD7002F0EAFBE9B2204601
:1024D00002F0E6FB0021204602F0C4FD08B1002016
:1024E000F8BD317A3B460222204602F031FE012837
:1024F000F5D994F8602094F86100824210D2A118B6
:10250000531CDBB2097E84F8603098424FEA012107
:1025100006D923440232187E84F860200843F8BDAF
:102520004FF0FF30F8BD00BF48AEFF1FF8B5154CA7
:10253000037A24294FF0010708BFC280BB400D4633
:102540002046C1F30721164684F8633084F8AE7044
:1025500084F8AD7002F0A4FBE9B2204602F0A0FBC3
:10256000C6F30721204602F09BFBF1B2204602F0A1
:1025700097FB3946204602F075FDB0FA80F040091D
:10258000F8BD00BF48AEFF1FF8B504467A480E46B6
:10259000154602F015FC052001F024FA062120461C
:1025A000FFF782FF002E77D0B02800F0E0800127EF
:1025B000277144F2600230212046FFF7B7FF002860
:1025C00073D06C2226212046FFF7B0FF4FF4F9723A
:1025D00028212046FFF7AAFF40F622722C21204630
:1025E000FFF7A4FF44F246423C212046FFF79EFF3E
:1025F00040F2371224212046FFF798FF5F4B9E429E
:1026000000F2AF80002234212046FFF78FFF2846DA
:1026100005F03EF8B5FBF6F50746304605F038F80C
:102620000146384605F040F905F01F0506462846E4
:1026300005F02EF80146304604F078FF4FF08A414D
:1026400005F07EF805F07EFAC0F30A0242EAC522E0
:1026500032212046FFF76AFF44F2FF523021204624
:10266000FFF764FF732202212046FFF75FFF4FF45C
:10267000C87001F0B7F941F61D522E212046FFF730
:1026800055FF072204212046FFF750FFB022062104
:102690002046FFF74BFF46E00123237144F260021E
:1026A00030212046FFF742FF08B90020F8BD6C2218
:1026B00026212046FFF73AFF4FF4F97228212046E1
:1026C000FFF734FF40F622722C212046FFF72EFF41
:1026D00044F246423C212046FFF728FF40F23712E1
:1026E00024212046FFF722FF44F2FF02302120463A
:1026F000FFF71CFF732202212046FFF717FF4FF45C
:10270000C87001F06FF941F61D522E212046FFF7E7
:102710000DFF042211462046FFF708FF3022062154
:102720002046FFF703FF10220A212046FFF7FEFE96
:1027300000220E212046FFF7F9FE43F63C4210210D
:102740002046FFF7F3FE47F67F7222212046FFF76F
:10275000EDFE362224212046FFF7E8FE01206072BC
:10276000F8BD3A4634212046FFF7E0FE4FE701204E
:10277000002323716072F8BD48AEFF1F406603015D
:10278000014A0021FFF700BF605AC50A10B5044690
:10279000D1B1012901D0002010BD40F273122A21CD
:1027A000FFF7C4FE0028F6D0882220212046FFF73C
:1027B000BDFE0028EFD0E28820462421BDE810406D
:1027C00022F00402FFF7B2BE55222021FFF7AEFE31
:1027D0000028E0D0E28820462421BDE8104042F0E5
:1027E0000402FFF7A3BE00BF38B50546F1B180294A
:1027F00003799ABFC1F1800444EA0424002433B968
:10280000224628462221BDE83840FFF78FBEC28805
:10281000002322F0100203712421FFF787FE2246D5
:1028200028462221BDE83840FFF780BE012347F645
:102830007F7222210371FFF779FEEA88284624215E
:10284000BDE8384042F01002FFF770BE38B50B46C5
:1028500005461D49184604F073FF1C4904F068FE44
:1028600005F070F9F8B180282B799ABFC0F1800487
:1028700044EA0424002433B9224628462221BDE834
:102880003840FFF753BEEA88002322F010022B7174
:1028900024212846FFF74AFE224628462221BDE889
:1028A0003840FFF743BE012347F67F7222212B7188
:1028B0002846FFF73BFEEA8828462421BDE8384039
:1028C00042F01002FFF732BE00000143EE7CFF3EF3
:1028D0002DE9F84F374B38481A68384912681B7988
:1028E000CB7782422AD2364B1B78002B4AD1DFF8B5
:1028F000D4A0DFF8D490DFF8D480354FDAF8006048
:10290000D9F800B0B8F800403D88002E41D0BBF1A6
:10291000000F16D00BF10402311D02EB450201EB52
:10292000440100F07FF9403540347F2C11D87F2DD1
:10293000A8F800401AD83D80BDE8F88FA0F5807057
:10294000D5E7311D01EB4401403400F08AF97F2CBA
:10295000EDD900243046A8F8004000F0BDFA1D4B28
:102960007F2D1A68CAF800201C60E4D9002458465C
:102970003C8000F0B1FA184B1A68C9F800201C60BE
:10298000BDE8F88F4FF0E0234FF08042C3F80822F3
:10299000ADE7BBF1000F07D00BF1040101EB4501DE
:1029A00000F07FF94035C0E74FF48072594605F0DA
:1029B000ADFBBAE7B0B9FF1F4093FF1F0080004096
:1029C000ACB9FF1F98B9FF1FA0B9FF1FA8B9FF1F1F
:1029D000AAB9FF1F9CB9FF1FA4B9FF1F38B500217A
:1029E000044600F0C5FA88B1034672B61B4A106867
:1029F00000282AD01A490D68002D2BD01560194ADD
:102A00000B600023138062B600F066FA01212046B5
:102A100000F0AEFA034690B172B6134A106878B16E
:102A200012490C684CB11460114A0B6000241480E8
:102A300062B6BDE8384000F04FBA0B6062B638BDF0
:102A40000B491360088062B638BD064913600880E0
:102A500062B6DBE70B6062B6D8E700BF98B9FF1F2C
:102A60009CB9FF1FA8B9FF1FA0B9FF1FA4B9FF1F82
:102A7000AAB9FF1F10B5044600F020FC204610BD87
:102A8000284A294BD16B41F40041D163116C41F0CC
:102A900002011164D16B41F00201D1631A68002A6E
:102AA00037DBD3F88020002A33DB4FF0864270B446
:102AB000C3F80021D3F80021002AFBDB01251B4AC3
:102AC000002647F23201C3F804114FF480341E6629
:102AD00017495D609A60174ADC6019615A61C3F852
:102AE000E060C3F8845005F18E45C3F88850C3F800
:102AF0008C40C3F89010C3F8942020B90E4B4FF4CB
:102B0000C0629A609A610C4B4FF4C06270BCDA608C
:102B1000704728B9084B4FF4C0629A609A617047B9
:102B2000704700BF0080044000F002400100000731
:102B30001B1F0100001F1F1F00B0044038B5254CAB
:102B40000121204600F05CFB234A244B002010604A
:102B50001860FFF795FF224B22494FF4C0625A607C
:102B60002368214A19602149D960214919615A60B5
:102B700002254FF480720621DA829D60DA83988202
:102B80009983986123791B4D03F1804303F5043346
:102B90008F2218701A70184B2079184AE8764FF077
:102BA000807119601A6000F0D7FA2279144C154927
:102BB0002070531102F1100003F13823124C41F838
:102BC000204040339B0002F01F02012101FA02F273
:102BD0001A6038BDB0B9FF1F98B9FF1FA0B9FF1F19
:102BE00000B004404092FF1F0200010100FEFFFF01
:102BF00022F002400080004000F0024001000090FE
:102C0000ACB9FF1F0096FF1FD1280000024A0349FC
:102C1000034802F019B800BF34A1FF1F752A000055
:102C2000B0B9FF1F2DE9F04F00F5807EB1E8A00A92
:102C3000B2E84015C5EA0643C6EA2544C7EA084596
:102C4000C8EA2746C9EA0A47CAEA2948CBEA0C4932
:102C5000CCEA2B4AA0E8F8078645E7D1BDE8F04F5B
:102C600070474FF000022DE9F00F00F5807C00BFA7
:102C7000B1E8A00AC5EA0203C2EA2544C7EA020590
:102C8000C2EA2746C9EA0207C2EA2948CBEA020992
:102C9000C2EA2B4AA0E8F8078445E9D1BDE8F00F65
:102CA00070474FF000022DE9F00F00F5807C00BF67
:102CB000B1E8A00AC2EA0543C2EA0504C2EA074530
:102CC000C2EA0706C2EA0947C2EA0908C2EA0B4992
:102CD000C2EA0B0AA0E8F8078445E9D1BDE8F00F85
:102CE00070472DE9F00F089C00F5007B51F8045B5C
:102CF00053F8046BC5EA0647C6EA254952F8045B57
:102D000054F8046BC5EA0648C6EA254AA0E88007DD
:102D10008345EBD1BDE8F00F704700BF4FF0E023D3
:102D20004FF08042C3F80822704700BF036818477D
:102D30000B680360704700BF0B680360704700BFFB
:102D4000704700BF70B5C0298E468CB00B4628BFB7
:102D50004FF0C00E72B62D492D4C2E4A086000214E
:102D6000118021606160A160E16021616161C3B196
:102D70000A468C46012501E054F82C1002F01F038E
:102D800005FA03F301320B43964544F82C304FEA21
:102D9000521CF1D80023438001339E4500F5827018
:102DA000F9D81D4C257815B162B60CB070BD08205D
:102DB00000F09CFC194B05608022027106460093CE
:102DC000069302A9164B029308A8FFF7B1FF154A14
:102DD00006A9304600F0A6FA069B08A8DB689847CB
:102DE000009B02A8DB6898472378002BDCD10E4BB0
:102DF0004FF0E022D02083F85E004FF080410123A5
:102E0000C2F80811237062B60CB070BDB8B9FF1FCC
:102E1000D0B9FF1FCCB9FF1FC8B9FF1F5CC60000A7
:102E20001D2D0000FF97010000E400E030B472B6F1
:102E3000244D254C2A8804F1180104EB82038B42AF
:102E40003BD204F11701C91A02F1010C0CEB910CF1
:102E500002E00132624530D0184653F8041B0029C5
:102E6000F7D0B1FA81FC4FF0004323FA0CF321EACA
:102E70000301016001B90132144B2A801A88013222
:102E800091B2198062B6001B801000EB801041F6F1
:102E90007C7303EBC013CCEB0C60CCEB801C0C48B8
:102EA00003EB8C0300680124C4541844094B1C88AC
:102EB000944238BF198030BC704762B6002030BCE5
:102EC000704700BFCCB9FF1FD0B9FF1FBCB9FF1FAF
:102ED000B8B9FF1FC4B9FF1F428872B60378012B2F
:102EE00003D9013B037062B6704751090C48D243C5
:102EF00002F01F024FF0004310B4D340094C50F8C9
:102F000021201343228840F821308A42064A88BF94
:102F100021801388013B138062B610BC704700BF4C
:102F2000D0B9FF1FCCB9FF1FBCB9FF1FC36813B9CD
:102F30001CE0DB68DBB1187A9042FAD110B4586813
:102F400093F809C0006950F82C404CB1DB682BB1F4
:102F5000187A9042F3D0DB68002BF9D110BC70478F
:102F600040F82C10087801300870EFE77047704780
:102F7000437A8B4206D90369002253F8210043F8B3
:102F800021207047002070470449002202604260FF
:102F9000028102740A68C26008607047E8B9FF1FC6
:102FA000037CFBB903680146FBB14368EBB1427A8D
:102FB0005B7A9A421CD230B472B62B4B1C68ECB1CF
:102FC000E368C3B1486801E0DB68A3B15A68824294
:102FD000FAD193F809C04A7A9445F5D162B6042033
:102FE00030BC7047012062B67047032062B670475C
:102FF000022062B670476469002CE1D11B4C236843
:1030000043B1994202D10BE0994207D01A46DB68DE
:10301000002BF9D1052062B630BC704702F10C04D8
:103020000D68E868E8B1C36823B908E0DA681846B3
:1030300032B113468142F9D162B60620D0E7034689
:10304000D960CB6823600020C860AA7A01231A44A3
:10305000AA724A682B72947A13721C4494720B748D
:10306000D9E7E960EDE700BFC0B9FF1FE8B9FF1F6E
:1030700010B5047C9DF808E00CB1012010BD02726F
:1030800080F809E0BDE81040C0E90013FFF788BFF1
:10309000037C002B37D010B54368427A5B7A9A42A2
:1030A000044638D272B60168CB68002B2DD0984206
:1030B00033D01A46DB689C422AD0002BF9D16268D3
:1030C000607A136953F8200048B1FFF705FF72B624
:1030D0006268617A1369002043F8210021688B7AC5
:1030E000013BDBB28B7203B90B72937A013BDBB20B
:1030F000937203B913720A4B00201A682074E260BD
:103100001C6062B610BD0120704762B6032010BD7E
:10311000E368D360D3E7022010BDC368CB60CEE77D
:10312000E8B9FF1F10B50446FFF7B2FF094A13685C
:1031300043B19C4202D108E09C4205D01A46DB68AC
:10314000002BF9D1204610BD0C32E36813602046F5
:1031500010BD00BFE8B9FF1F094B1A7872B90948C2
:103160004FF0E0214FF0D00C80F85EC001224FF00C
:103170008040C1F8080110461A707047002070475F
:10318000C8B9FF1F00E400E04FF0E022F8B5D2F824
:10319000FC3D174D174943F08073C2F8FC3D2B6886
:1031A0000C6843F001032B606E689CB1237A2046C3
:1031B0006BB123686F681B6898476B68E188DB1BFD
:1031C000C3F30F12B1EB131FA28038BFE280646912
:1031D000002CEBD1064B084A5B681088074C9B1B00
:1031E000C3F30F11B0EB131F218038BF1180F8BD5E
:1031F000001000E0C0B9FF1FCAB9FF1FC6B9FF1F0A
:1032000010B472B621B9026812B103790F2B41D9FB
:10321000284C2188002341FA03F212F0010208D061
:103220000133102BF7D162B600220260037110BC8B
:1032300070474FF0010C0CFA03FC41EA0C012180AD
:1032400062B61D495FFA83FC80F804C00C6C44F040
:1032500002040C64CC6B44F00204CC6303F10073F1
:10326000A1F58021822403F590630C605B0181F855
:103270001AC081F81EC081F818C081F81FC010BCA8
:103280000360C3E90022C3E90222C3E90422C3E9BF
:1032900006227047074C218841FA03FC1CF0010FFD
:1032A000B8D003F1007303F59063B2EB431FB1D1C3
:1032B00062B6BCE7ECB9FF1F0080044003790F2B16
:1032C00011D8094A937672B6084990F804C00B8861
:1032D000012202FA0CF223EA02030B8062B61022EA
:1032E000002302710360704700800040ECB9FF1FAB
:1032F000704700BF704700BF704700BF704700BFF6
:10330000704700BF38B5064CA4F1600554F8083C7E
:103310002046DB68183C9847AC42F7D138BD00BF67
:1033200040BAFF1F2DE9F043036887B0044690467A
:10333000002B3ED000229A600122DA60294DDFF88E
:10334000A8901D442D1151F8083B009305EB45064C
:10335000F60002A85B68984706F1080759F806309E
:103360004F443846DB689847009B204A009202A9E8
:1033700049F8063038469B689847009B02A8DB68EE
:10338000984723681A49C3F8008003229A6005F120
:103390004402531103F1382320796854403301204B
:1033A0009B0002F01F0200FA02F21A6007B0BDE8AB
:1033B000F083104AD36B43F40003D36300BF0E4B7A
:1033C00001221A6003F580730C4A03609868002894
:1033D000B4D0103393422360F8D10020206007B0AE
:1033E000BDE8F083008FFCBFF0B9FF1F6CC6000082
:1033F00044E400E00080044000700340407103405A
:103400000448054A50F8083B01211B68C2F80C111A
:10341000184700BFF0B9FF1F007003400448054A79
:10342000836901211B68C2F81C112030184700BFB6
:10343000F0B9FF1F007003400448054A036B0121E7
:103440001B68C2F82C113830184700BFF0B9FF1FB5
:10345000007003400448054A836C01211B68C2F8D0
:103460003C115030184700BFF0B9FF1F00700340F7
:10347000084B0948094A0A4910B40A4C1C60986074
:103480009C6118621C6398639C64186510BC0020E2
:1034900001F0DABBF0B9FF1FF132000034A1FF1FC9
:1034A000053300005CC6000008B5FEF7EDFEFEF730
:1034B00007FF01F059FAFAE701B441EA000313F0FB
:1034C00003036FD1403A41D351F8043B40F8043B29
:1034D00051F8043B40F8043B51F8043B40F8043BEE
:1034E00051F8043B40F8043B51F8043B40F8043BDE
:1034F00051F8043B40F8043B51F8043B40F8043BCE
:1035000051F8043B40F8043B51F8043B40F8043BBD
:1035100051F8043B40F8043B51F8043B40F8043BAD
:1035200051F8043B40F8043B51F8043B40F8043B9D
:1035300051F8043B40F8043B51F8043B40F8043B8D
:1035400051F8043B40F8043B403ABDD2303211D32D
:1035500051F8043B40F8043B51F8043B40F8043B6D
:1035600051F8043B40F8043B51F8043B40F8043B5D
:10357000103AEDD20C3205D351F8043B40F8043B2D
:10358000043AF9D204320AD0D2071CBF11F8013B29
:1035900000F8013B03D30B7803704B78437001BCF8
:1035A000704700BF0C2A4AD310F0030311D0C3F1B7
:1035B0000403D21ADB071CBF11F8013B00F8013BE2
:1035C00007D311F8013B00F8013B11F8013B00F86B
:1035D000013B11F003033FF475AF30B4043AC91A4C
:1035E000C3F1040C51F8044B022B19D0032B0BD060
:1035F000240A51F8043B1D0644EA050440F8044B34
:103600001C46043AF4D216E0240E51F8043B1D0285
:1036100044EA050440F8044B1C46043AF4D20AE09C
:10362000240C51F8043B1D0444EA050440F8044B03
:103630001C46043AF4D20432B1EB0C0130BC043A1B
:10364000A0D3013A11F8013B00F8013BF9D20B7805
:1036500003704B7843708B78837001BC704700BF58
:1036600008B50F4C636B58030DD4636B59050FD429
:10367000636B1A0511D4636BDB04F3D500F012F809
:10368000636B5803F1D500F09FFA636B5905EFD5D2
:1036900000F008F8636B1A05EDD500F003F8EAE7CF
:1036A0000080044008B5FFF7DBFF00BF014B10228C
:1036B0001A80704700200540704700BF094A08B5CE
:1036C0000346106833B169460344A1F580518B422B
:1036D00001D2136008BD04F083FD0C2303604FF09A
:1036E000FF3008BD54ACFF1FFEE700BF04F04ABA2C
:1036F000704700BF212835D8042A33D830B42A4B6C
:103700002A4D53F8223005EBC0021B04546822688E
:1037100012F4E06239D0264A2648C2F89C012648B5
:10372000C2F8A0012548C2F8A4012548C2F8A801A2
:103730002448C2F8AC0104F14042A2F592207C2852
:1037400011D8214872B6226822F4702222601343F5
:10375000C4F3840243F0807340F82210236062B601
:1037600030BC70477047A2F594207C2815D9A2F58B
:1037700096207C2813D9A2F598207C2811D9A2F58F
:103780009A227C2AECD81148DCE755F8300080F802
:1037900080224FF480722260BDE70D48D2E70D48C9
:1037A000D0E70D48CEE700BF7CC6000090C6000001
:1037B0000096FF1F01A1FF1FCDA0FF1F99A0FF1FB3
:1037C00065A0FF1F31A0FF1F58ACFF1F30ADFF1FCA
:1037D00090ACFF1FE0ACFF1F10ADFF1F1A4B03EBB7
:1037E000C0035A6802F14043A3F592217C2905D910
:1037F000A3F594217C2914D8144900E0144910B48D
:1038000072B61368134C23F08773C2F3840023F459
:10381000803343F08073136041F8204062B610BCDF
:103820007047A3F596217C2909D9A3F598217C2915
:1038300007D9A3F59A237C2B05D80749DFE7074969
:10384000DDE70749DBE7704790C6000090ACFF1F3B
:1038500058ACFF1FF136000030ADFF1FE0ACFF1F7A
:1038600010ADFF1F034B002210215A615A601860EF
:103870005961704700D00340704700BFF0B54FF06A
:10388000E0244FF400054FF0807CC4F80851C4F8E0
:1038900008C14FF0007CC4F808C11D4A1D481E49EC
:1038A0004FF0806CC4F808C12823002748F6FF7643
:1038B00009254FF0006CC4F808C183B057609660CA
:1038C000D3605361D3615362D3625363D363536450
:1038D000156047608660C360436105604F608E601D
:1038E000CB604B610D6001F0E3F8FFF7C5FF0B4CB7
:1038F00023680093009B132BFAD900F021FD236865
:103900000193019BB3F5967FF9D303B0F0BD00BFDF
:10391000008003400090034000800B4050BAFF1F1E
:10392000212816D810B4104B53F8302092F880425A
:103930002CB1012371B982F8003110BC704703EB40
:10394000C0035B681A6849B142F0030210BC1A60F8
:103950007047704782F8803010BC704722F0020236
:1039600010BC1A60704700BF90C60000212820D804
:103970001B4A02EBC00301295B680FD004291DD04C
:1039800052F83000002280F8802299B1022922D01A
:1039900003290DD14FF481721A60704752F830003C
:1039A0004FF4A27280F880121A601A6822F0200286
:1039B0001A6070474FF480721A60704752F83010E6
:1039C0004FF4A272012081F880021A601A6842F056
:1039D00020021A60704740F203121A60704700BF5D
:1039E00090C600002DE9F843044672B6204F4FF010
:1039F000E02293693D68D2F8042D62B6520102D5E7
:103A0000322B88BF01350CB9BDE8F883DFF864902C
:103A1000DFF86480A9EB0303A8FB03234FF47A7259
:103A200002FB05F505EB13154FF0E02672B6B16900
:103A30003A68D6F804CD62B6A9EB0103A8FB0303EC
:103A40001CF0806FC5EB13134FF47A7002D032294B
:103A500088BF013200FB0233B3F57A7F04D3013C07
:103A6000D2D005F57A75E1E700F07EFFDEE700BF12
:103A700050BAFF1F3F190100398EE338431E042B53
:103A800017D872B60C4951F8230080B110B40B4C12
:103A9000B0F800C034F81320A2EB0C02D0F804C038
:103AA00041F823C024F8132062B610BC704762B6F8
:103AB00070470020704700BFE4BAFF1F44BBFF1FE0
:103AC00010B472B6194A1A4C042312F8011B0907E4
:103AD00043F0010C05D554F8331061B154F83C1093
:103AE000B9B10433182BF0D162B6124B00221A7010
:103AF00010BC00F089BC0F4904EBC30208305060D1
:103B00000A780D4844F83300013A0A7062B610BCD6
:103B10007047084A094904EBCC0308305860137811
:103B200044F83C10013B137062B6F0E704C8000093
:103B30000080FF1F4EBBFF1F88004000C8004000F0
:103B4000421E042A0ED81C4B400140F0100010B455
:103B5000034472B6194CA05C03281CD8DFE800F0BF
:103B60001315031870470520A05413F0080F088898
:103B700014BFC8228822083142EA004259601A6004
:103B800062B610BC70470320EEE708330220EBE773
:103B900008330420E8E70A4B53F8220038B1094BF8
:103BA00053F82200416043F8221062B6E9E743F877
:103BB0002210044BF7E700BF0080FF1F3CBBFF1F34
:103BC00014BBFF1F28BBFF1F2DE9F04FDFF8D0A269
:103BD000DFF8D0B285B03DE0B34D9E0805EBC607D7
:103BE000013A796813F00803D4B2A1F1080040F05B
:103BF000BA8055F836204FEA124C120C21F808CC46
:103C000000F0A98021F8063C41F8043CA74B53F88A
:103C10002420002A00F00382A54B53F82420506092
:103C200043F82400A34B33F81420944423F814C021
:103C300000F0CAFB002800F0EB8117F0080F9E4B44
:103C400000F1080018BF5B46786045F8363008235D
:103C50008AF880309AF880305907DCB21DD5974B2E
:103C60001B78BBB196490A7802F0FF032AB1013BE9
:103C7000DBB20B70002B00F0488392490A7802F007
:103C8000FF032AB1013BDBB20B70002B00F0ED818A
:103C900000F002FC04238AF8803014F0080200F0DF
:103CA000CC819AF89020D3B2120995D1DFF8F8911F
:103CB0009B0809EBC30459F833006468C0F3830020
:103CC00009287CD00FD80138012808D87E4A1588E9
:103CD00042F22100854200F0FB8149F833B0012314
:103CE0008AF89430B3E70D28F9D1D4E90007774D6D
:103CF00049F833B0744E764CC9F8102083B240F2C4
:103D0000816CC9F818202A6063454FF00102C6E9AA
:103D10000007227000F2FF80B3F5D06F80F0CB82F5
:103D2000B3F5817F00F0268240F2DE8040F202325D
:103D300093427BD107F07F07052F00F20881020C28
:103D400040F00581634911F8273043F0020301F880
:103D50002730134670E017F0080F574B18BF5B462B
:103D600045F8363073E700F04FFB5B495B4A51F88A
:103D70002430002B00F05781586841F82400115D71
:103D800003F108007860032905D8DFE801F0120F7D
:103D90001502042111551A8817F0080F14BFC82303
:103DA000882343EA024345F8363050E70221115593
:103DB000F1E703211155EEE705211155EBE7434DDE
:103DC0002A683AB34649424C0F88464894F800E0C6
:103DD0000678402F3B4628BF4023BEF1000F8EF0EF
:103DE000010E84F800E046F0020486F00106067039
:103DF00009EBC400426014BFC820882040EA034099
:103E00001A44FB1A9BB249F834000B80002B00F0D7
:103E100036812A602C4B1A88B2F5A06F7FF45FAF11
:103E20009A788AF8982000225A7058E7B3F5A06F64
:103E300040F08D8000221346B6F806C0294894450C
:103E400028BF944667460278402F28BF402742F09B
:103E5000020E3E0409EBCE0846F0C806C8F804304E
:103E600049F83E6000263B442670BCEB070782F011
:103E70000106067040F01181BCF13F0F4FF00105C3
:103E800009D946F00206027009EBC602257053609C
:103E9000882349F8363001238AF894301FE700BFA1
:103EA00000200740C80040000080FF1FE4BAFF1F49
:103EB000F8BAFF1F44BBFF1F8800400041BBFF1F33
:103EC00042BBFF1FF4BCFF1F0CBBFF1FD8BAFF1F74
:103ED000D5BAFF1FC020074014BBFF1F3CBBFF1F0C
:103EE000D6BAFF1FD4BAFF1F802B00F08B81822B24
:103EF0002DD107F07F07052F29D8A74A002313806B
:103F0000A64B13F827309F0740F1FC810123137063
:103F1000A14B022290E742F2210C6345BBD01DD990
:103F200042F2212293420DD1BFB2002F82D19C4B8D
:103F30001A689C4B1A609C4BC0F307400022187013
:103F4000134679E742F2213293423FF473AF0F23D5
:103F50008AF8C03001238AF89430C0E6B3F5086FC0
:103F600000F04A81B3F5106FF1D1904BC0F30740D8
:103F70000425187059F835301A0606D40135182D65
:103F80000CD059F835301A06F8D509EBC5030135C0
:103F90005868083800F038FA182DF2D1844A854B59
:103FA0000292854A0192854E854ADFF81882039471
:103FB000009200251C4656F8047B2FB138467F68D6
:103FC00000F022FA002FF9D1009BD8F8007043F8D6
:103FD000045B46F8045C00932FB138467F6800F01C
:103FE00013FA002FF9D1029B48F8045B43F8045BF5
:103FF0000293019B23F8025B01932378023B032B7E
:1040000000F20981DFE813F03F0104013F010401E0
:104010006D4A45F8360013780133137017E643F8FC
:104020002400674BFCE5115D022926D07FF60FAE18
:1040300003291DD10123135509E6E0076ED421069B
:1040400021D4A20708D5614B93F888200221D2B26F
:1040500083F8882083F88010E30603D55B4B102299
:1040600083F8802005B0BDE8F08F00F059FC0FE622
:1040700017F0080F14BF032302231355E7E53F2F62
:1040800098BF0022C5E6514B80220D2183F8C01055
:1040900083F88020A207DFD5D5E746F0020602703C
:1040A000402F09EBC6003A4628BF40224360100467
:1040B000134440F088000121BA1A49F836002170F3
:1040C00055D02B60424B1A8001238AF8943006E6C3
:1040D00092885AB93F4AE51D14F8011B02F8011FE6
:1040E000AC42F9D13C4A1268862A3CD03B4C3C4851
:1040F00025780278002D85F00105257042F0020434
:1041000082F00102027009EBC4024FF0000050601F
:1041100014BFC822882249F83420DEE52B4B3048F2
:104120003049314C022583F8945002702F480C60BE
:104130002F4D48608C600D24CD60FF200A618A619C
:1041400083F8C04001219F2483F8880083F8800011
:1041500083F8982083F88C0083F8844083F89410C7
:1041600005B0BDE8F08F234A0F201070BEE73F2F47
:10417000A7D890E607F07F07052F3FF6E8AE000CC2
:104180007FF4E5AE054A12F8273023F0020302F867
:104190002730002213464FE6DCBAFF1FC02007403D
:1041A00050BAFF1FF0BCFF1FECBCFF1F41BBFF1F3D
:1041B00028BBFF1F3CBBFF1F44BBFF1FE4BAFF1F10
:1041C000F8BAFF1F14BBFF1F4EBBFF1F00200740A4
:1041D000D6BAFF1FE3BCFF1FE4BCFF1FD5BAFF1F09
:1041E000D4BAFF1F0080FF1F8800400054BAFF1F91
:1041F00094BAFF1F42BBFF1F484B49491B780B7005
:104200000B4619E6464A00231380454B022213E66B
:104210004FF001032370434BB34204F101047FF4D8
:10422000CAAE414E039CDFF80481414F0023337036
:10423000042518F8013B3F4AAB541B0725D445F031
:10424000020145F0030204350023182D49F83130EE
:1042500049F83230EDD1384F25783A7842F00200F3
:1042600009EBC00C85F00106CCF80430002D4DD1CF
:10427000882382F0010226703A7049F83030012319
:104280008AF894302BE52570C5E700F09DF80028EA
:1042900032D009EBC5030830586049F8357000F09A
:1042A00093F808B345F0010309EBC30208305060EE
:1042B00049F833B0C3E7214A5368002B3FF447AEB7
:1042C000000CBFB204E013690C32002B3FF43FAE88
:1042D00011888142F7D15188B942F4D1000A0328EC
:1042E0000CBF1A781289A7E533780133337045F093
:1042F000010349F83300A2E7337849F83500013368
:104300003370CCE7064B022296E500BE2670C82328
:1043100082F001063E7049F83030BCE541BBFF1F1A
:10432000DCBAFF1FF8BAFF1F4EBBFF1F04C8000016
:1043300088004000C0200740D4BAFF1FA4C7000077
:1043400070B500F01BFC00231A4A194642F83310DE
:1043500002EBC3000133182B4160F7D1164C174B09
:10436000606B174D40F480206063C2F3072483F82C
:104370009C40144CFF204FF0010CC2F30746120E74
:1043800083F8B0604FF0E02E83F8B42083F880000B
:1043900083F88800187483F894C0217083F884C06F
:1043A000702385F849304FF400721023CEF80821AD
:1043B000237270BD0080FF1F008004400020074072
:1043C00000E400E00021074072B60D490B68B3FA23
:1043D00083F01D2810DC4FF00042C24023EA0203A4
:1043E0000B6062B6074A00EBC000C10002EBC000E0
:1043F000002353504360704762B60020704700BFEF
:1044000038ADFF1FBC97FF1F0E4BC31AB3F5076FE4
:1044100010D20D4A127872B972B60C4A0C49A2FB3E
:10442000032308684FF000421B0922FA03F30343F9
:104430000B6062B67047074A1278002AECD0FFF78B
:104440003FBB00BFBC97FF1F4EBBFF1F398EE33839
:1044500038ADFF1F41BBFF1F38B50C4B0C4D1B681F
:104460002988044643B1B1F5917F09D24B1C9BB218
:10447000084A2B80545438BDB1F5917FF6D338BD2E
:1044800004480022984700210123F1E798BBFF1F51
:10449000D2BCFF1FB0BBFF1F70B50B4C257845B9D0
:1044A0000A4E31680123237009B14B8813B90023E8
:1044B000237070BD9B000B800420FFF741FB00239D
:1044C00035602370F5E700BF54BBFF1F58BBFF1FCB
:1044D000F8B5AB4E33680746002B60D01D885A886C
:1044E00022F003011944043295428C686AD95A803B
:1044F000A44B04F00F05C4F303121A70A5F10803CE
:10450000062B4FEA142612D9AB1E012BF0B261D94B
:10451000052D00F0B780042D00F09B816B1F022B4E
:1045200040F2A2810F2D00F0EA800020F8BD06F0D5
:104530000F0601360FB1BE42F7D1082DC4F3033385
:104540006CD0092D7CD00A2D00F08C800B2D00F052
:1045500091800C2D00F0B2800D2D00F0C2800E2B4A
:10456000E3D1894B894A1B68E0211170002B00F0D0
:104570009A81610CC4F3064201F47E511143F6B2F4
:10458000A1F5005130469847250CEDB2240E804B22
:10459000804A1E70804B15701C700120F8BD7F4B47
:1045A0001B78002BC1D00520FFF768FA0346306066
:1045B0000028BAD00588002D91D1FFF725FF35607E
:1045C0002846F8BD1846FFF71FFF0520FFF756FAEB
:1045D00030608DE7F1380E28A7D801A353F820F0FA
:1045E000234800001B470000414700002B45000006
:1045F0002B450000494800002B45000053470000B0
:104600002B45000065470000D9470000F347000034
:104610002B4500000B48000031480000082B84D1D6
:104620005F4B5A4A1B688021C4F307451170F6B2EC
:10463000240E002BABD02246294630469847A6E7E9
:10464000092B7FF472AF220E504B00F01F81902196
:104650001970544B1B68C4F30745F6B2D4B2002B53
:10466000E9D194E70A2B7FF460AF4F4B474A1B68B0
:10467000A021D9E70B2B7FF458AF4C4B434A1B6862
:10468000B021D1E7F02801D9F728A3D1FFF7E4FE44
:10469000474B404A19884048464C11700D0A3B4A26
:1046A0000570246800201880F0231370002C00F09F
:1046B000E68041480122A0470120F8BD0C2B7FF481
:1046C00034AF3E4B314A1B68C0211170F6B2C4F3BF
:1046D0000745002B3FF45AAF29463046240E984731
:1046E00055E70D2B7FF421AF354B284A1B68D021AD
:1046F0001170F6B2C4F30745002BEDD146E7F72859
:104700003FF668AFF02804D0294B1B88002B3FF4FC
:104710000CAFFFF7A1FE0020F8BD2A4B1A68002A53
:1047200000F08F80600CC4F3064300F47E50184301
:104730009047250CEDB2154B240E1E70002626E77F
:10474000214B1B68C4F30745002BF4D0284698473B
:10475000F1E71E4B1B68002B00F0AA809847C4F3BA
:104760000745E8E71A4B1B68002BF7D1194B1B686C
:10477000002B66D0FA209847C4F30745DBE700BF5B
:1047800050BBFF1FACBBFF1F78BBFF1FD4BCFF1F7C
:10479000ADBBFF1FAEBBFF1FAFBBFF1F41BBFF1F6A
:1047A00070BBFF1F74BBFF1FA8BBFF1F6CBBFF1FAD
:1047B000D2BCFF1F98BBFF1FB0BBFF1F7CBBFF1FFE
:1047C00060BBFF1F84BBFF1F88BBFF1F64BBFF1FB5
:1047D0008CBBFF1F80BBFF1F3C4B1B68002BBDD158
:1047E0003B4B1B68002B2CD0FB209847C4F307459C
:1047F000A1E7384B1B68002BB0D1354B1B6803B3C6
:10480000FC209847C4F3074595E7334B1B68002B02
:10481000A4D12F4B1B68A3B1FE209847C4F30745D2
:1048200089E72E4B1B68C4F30745002B8ED182E726
:104830002B4B1B68002B91D1254B1B680BB1FF2024
:104840009847C4F3074576E7264B1B68002B85D1B4
:10485000F7E7FFF701FEC4F30740FFF7FDFD200E69
:10486000FFF7FAFD0020F8BDFFF7F6FDC4F307409F
:10487000FFF7F2FD072D7FF40BAF200E06E71A4B72
:104880001B68F3B1194898470120F8BD80211970C1
:10489000174B1B68F6B2C4F30745A3B1294630464F
:1048A0001446984773E6C4F30745F6B2240E6EE645
:1048B000074B1B68002BC4D0F8209847C4F307456A
:1048C00039E70120F8BD1C4661E600BF68BBFF1F49
:1048D00080BBFF1F90BBFF1F5CBBFF1FA0BBFF1F68
:1048E0009CBBFF1FA4BBFF1F94BBFF1FB0BBFF1FE0
:1048F00070BBFF1F084B094A1B6810B554881BB1D9
:104900001A885B88D31A1C440CB1204610BD00F0F5
:104910002BF8204610BD00BFD8BCFF1F44BBFF1FB3
:1049200038B50E4B1B7853B90D4C216841B103F0DB
:10493000FF054B880B800320FFF702F9256038BD87
:10494000FFF742FD014620B1BDE838400320FFF7E4
:10495000F7B8044B01221A7038BD00BFDCBCFF1F42
:10496000E0BCFF1FF4BCFF1F2DE9F843324E337843
:1049700063B1324F3A784AB90122D9073A7043D429
:104980009A0726D400225B073A7001D4BDE8F88369
:104990002B4B1A68002AF9D0EFF30582002AF5D1D3
:1049A000EFF3108572B6186800283AD0254C2178AC
:1049B000002936D142691A6001232370002A37D0BA
:1049C000916105B962B600258368457798472570DF
:1049D000DCE7DFF8748098F80020002AD2D00025A8
:1049E000DFF868902B4659F82340236820461B695E
:1049F0000135984708B12369984798F80020EBB231
:104A00009A42F0D83378BDE7FFF774FF68B9104BCE
:104A10001B780BB93378B3E7337803F0FE033370B8
:104A2000AEE7002DB2D162B6B0E700F0A5F8EEE730
:104A3000084B1A60C5E700BF3CADFF1FF5BCFF1F68
:104A4000F8BCFF1F04BDFF1F18BDFF1F0CBDFF1FDB
:104A5000A0C7000008BDFF1F70B5EFF3108272B64B
:104A60000C4C206880B10C4E00254369236073B163
:104A70009D6102B962B6836845779847EFF310826B
:104A800072B620680028F0D102B962B670BD3360FA
:104A9000EFE700BF00BDFF1FFCBCFF1FFFF7DCBF3F
:104AA000024A136801331360704700BF50BAFF1FFA
:104AB0002A4B2B4A6020E12118705970137829483D
:104AC000082B34D00A2B20D00C2B274B0CBF1521E0
:104AD0003D2112228160C2609960DA60234B214936
:104AE0001B78214ACBB101230B621362204B1D4975
:104AF0001B781D4A012B13D9042B1BD884234B622E
:104B000053621C4B01221A707047174B1921132254
:104B10008160C2609960DA60E0E70B621362E5E7EA
:104B200080234B625362134B01221A7070470E4B65
:104B30000121ECE7082B06D885234B6253620D4B0D
:104B400001221A707047102B94BF862387234B6273
:104B50005362084B01221A70704700BF00400740A3
:104B60003DADFF1F00B0034000B00B4019BDFF1F5B
:104B70003EADFF1F1ABDFF1F704700BF10B584B0C8
:104B800072B6174A702441200F2180231470D0710F
:104B90009171137013781B06FCD5906862B6114BA7
:104BA000114C984238BF00EB800001A938BF40008B
:104BB0000A2200F01BF801A92046002311F8012B5E
:104BC00001333AB10A2B20F8022FF7D116232370B4
:104BD00004B010BD5B00DBB2237004B010BD00BF99
:104BE000000002408096980030AEFF1F01F1FF3CAC
:104BF00070B56546002401E070460134B0FBF2FE5A
:104C000002FB1E03092B03F130068ABF3733F3B2D0
:104C1000DBB2904205F8013FEED2631C0022CA5479
:104C2000C8187CB162461CF8015F10F801ED8CF8E1
:104C300000E0A1EB0C030232013B521A23449A42DA
:104C40000570EFDB084670BD03460846194603F0C1
:104C5000AFBA00BF0020704790F8612090F8600064
:104C6000101A704790F8603090F861209A4205D988
:104C70005A1C034480F86020187E70474FF0FF30C4
:104C8000704700BF90F8603090F861209A4286BF6C
:104C9000C018007E4FF0FF30704700BF704700BF64
:104CA000B0F8AE302BB190F8AD30482B03D90123CA
:104CB000436000207047C218013380F8AD300120F6
:104CC00082F86310704700BF38B5B0F8AE40A4B1A9
:104CD00090F8AD30C3F14904A24284BF0122426082
:104CE000054698BF1446633018442246FEF7E4FB9D
:104CF00095F8AD30234485F8AD30204638BD00BF6F
:104D000070B5164C2369DB7813F0200514D094F8A5
:104D1000B0300133DBB2012B84F8B03002D894F804
:104D2000AF3043B9636994F8B1201344BDE87040D3
:104D3000187AFEF753BD70BD636994F8B12013442F
:104D4000187AFEF74BFDD4F8B830002BF3D094F866
:104D5000610084F86050BDE87040184704AFFF1F41
:104D600070B5164C2369DB7813F0200514D094F845
:104D7000B0300133DBB2012B84F8B03002D894F8A4
:104D8000AF3043B9636994F8B1201344BDE8704073
:104D9000187AFEF723BD70BD636994F8B1201344FF
:104DA000187AFEF71BFDD4F8B830002BF3D094F836
:104DB000610084F86050BDE87040184748AEFF1F9E
:104DC00042690023A0F86030C0F8AC3010B4D2E9DA
:104DD00000140A68C0F8B43022430469C0F8B8303F
:104DE0000A60A370426990F8B1301849134493F8EF
:104DF00008C05B7B01EBCC0C1B02DCF8044003F425
:104E0000E06343F06403236090F8B23013449C7C69
:104E1000DB7D01EBC4011B024C68116803F4E06305
:104E200043F06403236009685368194205D003699D
:104E300028225A70036903229A71036920225A7149
:104E4000036980229A7010BC704700BF90C60000B2
:104E500010B50369D978CAB2C906044622D5102113
:104E60005006D9701DD512F0040250D03D49D4F837
:104E7000B42000230B7084F8AD30002A5BD090473B
:104E800094F8AD30002B56D02369D0229A70236954
:104E900094F863201A712369012284F8AC2002225D
:104EA000DA7010BD5106DED4997811F0100117D1D7
:104EB0002D4A80F8B01090424FD02C4A904241D0F9
:104EC00094F861101A794729D2B2E8D825480078B9
:104ED0000028E4D0481C214484F861000A76DEE70B
:104EE00012F0010220D190F8AC1090F8AD00884289
:104EF00081BF4A1C091984F8AC2091F863201A710B
:104F00002369D0229A7023690222DA70C9E72369E3
:104F100084F86120C0219970124A2369012111701F
:104F200002221879DA70BCE7C0229A7003691A79F4
:104F30000222DA70B5E70122002384F8AD2084F85C
:104F40006330A1E7436990F8B12009491344032273
:104F5000187AFEF7CFFB2369B2E7436990F8B120D6
:104F60000449F3E71BBDFF1F48AEFF1F04AFFF1F3F
:104F7000014D0000614D00002DE9F047374C0269FA
:104F8000236882B00093DDF80080D378990618D5A5
:104F9000334E0546002102E0D3789B0611D52368E5
:104FA0000193019BA3EB08030F2BF5D969B1102BDB
:104FB000F2D0002090702B6980229A7002B0BDE878
:104FC000F087012002B0BDE8F08795F8B1206B6949
:104FD00013440521187AFEF7C9FC6B6995F8B120D6
:104FE0001344012193F812A05046FEF7BFFC092795
:104FF0004FF0780900215046FEF792FC4B46013BEA
:10500000FDD101215046FEF78BFC4B46013BFDD103
:10501000013FEFD1696995F8B1300B44F022187A5D
:105020005B7B06EBC0001B02406803F4E06343F0C7
:105030006403036095F8B2300B44997CDB7D06EB8A
:10504000C1011B02496803F4E06343F064030B6091
:10505000013AFDD101212A699EE700BF50BAFF1F26
:1050600090C60000F0B503691222DA7002699378E5
:1050700013F0200685B004460D4652D0B423937039
:10508000324920690B680093009E05E00A6801928E
:10509000019A921B042A3DD8C37813F02003F5D05F
:1050A00094F8AD306BB34FF0000CE646022604EBEB
:1050B0000E0393F8633003710B680293029F20691B
:1050C00007E092060AD50A680392039AD21B052AC2
:1050D00020D8C378DAB213F00203F2D0C670236985
:1050E000DA78D7B2D206184626D4BA0624D5FA07FB
:1050F00026D494F8AD300CF1010C5FFA8CFE7345A8
:10510000D5D8002015B1236980229A70002384F835
:10511000AE3004E08370236980229A70042005B0C9
:10512000F0BDFFF729FF28B1236984F8AF60B022F2
:105130009A70A5E70420F2E780229A700420E1E744
:10514000BEF1000F0CBF02200320DDE750BAFF1FA5
:105150002DE9F0479046994600220369A0F86020A7
:105160001222DA7003699C7814F0200588B0074693
:105170008A4600F09F80B4229A70704E3B69326874
:105180000092009A08E030680190019CA4EB020CA8
:10519000BCF1040F00F28680DC7814F02005F2D018
:1051A0004FEA4A0242F00102D2B21A713368029306
:1051B00002983A6906E0336803930399091A0529AE
:1051C00000F28280D47814F00205F4D04FF0020C83
:1051D00082F803C03B69DC7814F011057CD1B8F18A
:1051E000000F00F08480B8F1010F00F08D80A02244
:1051F0009A7039690B794FF0A80E336804930498BC
:1052000005E032680592059A121A052A68D8CB780B
:1052100013F00203F5D081F803C03969CB78DCB212
:10522000DB0608460A4641D4A4063FD508F1FF38FC
:105230005FFA88F8B8F1010F04D181F802E039690A
:1052400008460A46472D59D90379B8F1010FD4D140
:1052500033680693069805E0316807910799091AA3
:10526000052956D8D37813F00203F5D00223D37062
:105270003A69D378D806D9B255D48B0616D5B0235F
:10528000472D93704CD83A697C19127922766B1CA1
:10529000DDB2B9F1000F02D03B6980229A7087F825
:1052A000615003E09D703B6980229A70284608B0E7
:1052B000BDE8F087FFF760FE0028F7D03B6987F86C
:1052C000AF50B0229A7058E795703B69802228460B
:1052D0009A7008B0BDE8F08780229A700025E5E753
:1052E0008B703B6980229A7087F86150DEE7B9F1D4
:1052F000000F14BF8022A0229A70D7E77B19007993
:1053000018766C1CE5B2A0E7A8229A703A69137966
:105310009EE793703B6980229A7087F86150C5E7D9
:105320003B691B79B5E710217823D170013BFDD192
:105330003A69937803F0F7039370B7E750BAFF1F09
:105340000148FFF785BD00BF48AEFF1F0148FFF7CA
:105350007FBD00BF04AFFF1F38B5044600F018FC46
:105360000546204600F090F848B10D49204602F06D
:10537000A3FB30B90B49204602F080FB48B9284610
:1053800038BD02F02DFF4FF0FF4522230360284671
:1053900038BD02F025FF222300250360EFE700BFA0
:1053A0001772B142B5F1CFC270B50C46064600F097
:1053B00089FD21460546204602F088FB58B90021A8
:1053C000304602F051FBA0B10021204602F04CFB18
:1053D00018B14FF07E55284670BD204600F054F8B5
:1053E0000028F8D00021204602F048FB0028F2D027
:1053F00023E0284600F048F880B10021284602F05A
:1054000033FB0028E7D0304600F03EF80028E2D019
:10541000204600F039F80028DDD00EE0304600F0DC
:1054200033F80028E9D0204600F02EF80028E4D018
:105430002946284602F04AFB20B902F0D1FE222379
:105440000360C8E702F0CCFE21230360C3E700BF7E
:1054500038B5044600F0BEFC21460546204602F061
:1054600035FB20B90021204602F008FB08B9284688
:1054700038BD02F0B5FE002121230360084602F08A
:1054800013FA0546284638BD20F00040B0F1FF4F22
:10549000ACBF002001207047174A20F00043934220
:1054A0001ADD00B5B3F1FF4F83B005DB014602F012
:1054B0003DF803B05DF804FB694601F0CDF800F05B
:1054C0000302012A0199009809D0022A0FD05AB18B
:1054D000012200F0ADF9ECE7002100F0E3B800F0A4
:1054E000A7F900F10040E4E700F0DCF8E1E700F0A4
:1054F000D9F800F10040DCE7D80F493F1A4A20F004
:10550000004393421BDD00B5B3F1FF4F83B005DBD1
:10551000014602F00BF803B05DF804FB694601F0A8
:105520009BF800F00300012801990CD0022813D049
:1055300068B1009800F0B6F800F10040EBE70021F8
:10554000002200F075B9009800F0ACF8E3E700988D
:10555000012200F06DF9DEE70098012200F068F901
:1055600000F10040D7E700BFD80F493F114A20F0B3
:105570000043934219DD00B5B3F1FF4F83B005DB63
:10558000014601F0D3FF03B05DF804FB694601F06A
:1055900063F8420002F0020201990098C2F1010290
:1055A00000F0BCF903B05DF804FB0021012200F01B
:1055B000B5B900BFDA0F493FF0B520F00043B3F1B1
:1055C000FF4F83B0014604460BDB2F4B00291868C0
:1055D0001C6833DB02F068F9214601F0A9FF03B033
:1055E000F0BD2A4A93420BDD274A294B10681968FF
:1055F00001F09CFF002CB8BF00F1004003B0F0BDEB
:10560000B3F1105F21DBB3F17E5F27DB214D01F0A9
:1056100015FC296802F094F801F094FA1A4B01463F
:105620001E682F68286801F083FF0146384602F0A3
:105630003BF90146304601F079FFDBE702F034F92F
:10564000214601F073FF03B0F0BD0F4B01901868C5
:1056500001F06EFF019902F073F8C0E70D4E356856
:1056600001F0ECFB014605F1004002F069F801F0A1
:1056700069FA0146306801F1004501F059FF014621
:10568000284602F011F9B5E7C0AFFF1FFFFFAF4199
:10569000C4AFFF1FC8AFFF1F01464FF08040FFF7A8
:1056A00083BE00BF2DE9F84320F00045B5F1485F07
:1056B000064688464ADA02F01FFA002800F09F806A
:1056C0003146304602F03CF84F49044602F038F8C3
:1056D0004E4901F02DFF214602F032F84C4901F00D
:1056E00025FF214602F02CF84A4901F021FF21460E
:1056F00002F026F8484901F019FF214602F020F88F
:10570000464901F015FF214602F01AF807464FF00E
:105710007C51204602F014F83946034620461C46C8
:1057200002F00EF841460546304602F009F80146FF
:10573000284601F0FBFE0146204601F0F7FE014637
:105740004FF07E5001F0F2FEBDE8F883014601F013
:10575000F7FF2D49044601F0F3FF2C4901F0E8FE64
:10576000214601F0EDFF2A4901F0E0FE214601F05B
:10577000E7FF284901F0DCFE214601F0E1FF264960
:1057800001F0D4FE214601F0DBFF244901F0D0FEF8
:10579000214601F0D5FF224B9D420746B7DD214B44
:1057A0009D4228DC05F17F454FF07E50294601F0EF
:1057B000BDFE81464FF07C51204601F0C1FF2946D5
:1057C00001F0B4FE3946034620461C4601F0B8FFFE
:1057D00041460546304601F0B3FF0146284601F038
:1057E000A5FE0146204601F0A1FE0146484601F013
:1057F0009DFEBDE8F883DFF830900C4DDAE74FF0FE
:105800007E50BDE8F88300BF4ED747ADF6740F3128
:105810007CF29334010DD037610BB63AABAA2A3D26
:105820009999993E0000483F0000383F0000903EA3
:105830002DE9F84320F00043B3F1485F04460E46DB
:10584000904603DA02F058F9002858D02146204645
:1058500001F076FF05460146204601F071FF294917
:105860008146284601F06CFF274901F05FFE29467A
:1058700001F066FF254901F05BFE294601F060FF5B
:10588000234901F053FE294601F05AFF214901F056
:105890004FFE0746B8F1000F22D04FF07C51304642
:1058A00001F04EFF39468046484601F049FF014667
:1058B000404601F03BFE294601F042FF314601F02F
:1058C00035FE15490546484601F03AFF014628468F
:1058D00001F02EFE0146204601F028FEBDE8F883C7
:1058E0000146284601F02CFF0B4901F01FFE4946F6
:1058F00001F026FF214601F01BFEBDE8F88320469B
:10590000BDE8F883D3C92E2F342FD7321BEF38369A
:10591000010D50398988083CABAA2A3E2DE9F04F89
:1059200020F00049B9F1465F83B0044607468B4634
:10593000164613DA02F0E0F848BB731C53EA090379
:1059400000F0F680012E00F0FD8021467E4801F037
:10595000ABFF0546284603B0BDE8F08F7B4B994569
:1059600015DB002804DA01F1004100F100448B4608
:105970002146774801F0DAFD59460446754801F0A2
:10598000D5FD214601F0D4FD4FF0000B0446214621
:10599000204601F0D5FE0146804601F0D1FE414689
:1059A0000546204601F0CCFE6B498246284601F0B0
:1059B000C7FE6A4901F0BCFD294601F0C1FE6849F5
:1059C00001F0B6FD294601F0BBFE664901F0B0FDCD
:1059D000294601F0B5FE644901F0AAFD294601F00F
:1059E000AFFE624901F0A4FD414601F0A9FE604905
:1059F0000190284601F0A4FE5E4901F099FD294678
:105A000001F09EFE5C4901F093FD294601F098FEED
:105A10005A4901F08DFD294601F092FE584901F0E6
:105A200087FD294601F08CFE564901F081FD019B5E
:105A30000146184601F07CFD514601F081FE5946B1
:105A400001F076FD414601F07BFE594601F070FD04
:105A50004D490546504601F073FE294601F068FDA8
:105A600001468046204601F063FD384B99450546C6
:105A70002EDA012E28D0454E014606EA00073248AC
:105A800001F012FF2146054606EA0004384601F0FF
:105A90004DFD0146404601F049FD214601F050FE12
:105AA00021460646384601F04BFE4FF07E5101F08C
:105AB0003FFD0146304601F03BFD294601F040FE26
:105AC000214601F035FD0546284603B0BDE8F08FBC
:105AD000304601F0E1FD29460646284601F030FE39
:105AE00031468146284601F023FD0146484601F033
:105AF000DBFE414601F01AFD0146204601F016FD8D
:105B0000014601F015FD0146304601F00FFDBF17BB
:105B100007F002070446C7F1010001F0BDFD014690
:105B2000204601F00DFE0546284603B0BDE8F08F83
:105B3000204601F083F901464FF07E5001F0B4FE9B
:105B40000546C1E72546BFE7000080BF40A12C3FC6
:105B5000DA0F493F682122338453D9377AC0953808
:105B6000B937813948DEBE3A1F37113CD10D5D3D52
:105B70005FAE9BB745F4A338C8261A3A16696B3B4B
:105B8000A427B33C8988083EABAAAA3E00F0FFFFD9
:105B900020F00042B2F1FF4F2DE9F04704466CD8E7
:105BA0004FEAD07500F0C6807A49884200F3B4808D
:105BB0000028C0F2B680784B9A4263D9774B9A425C
:105BC00000F2C580764B204653F8251001F0AEFC5C
:105BD000744BC5F1010653F825908046761B494663
:105BE000404601F0A3FC0146054601F0A9FD6E49BF
:105BF000044601F0A5FD6D4901F098FC214601F035
:105C00009FFD6B4901F094FC214601F099FD694923
:105C100001F08CFC214601F093FD674901F088FCFE
:105C2000214601F08DFD0146284601F07FFC2C46FF
:105C300007468246002E57D03946284601F080FD9F
:105C4000394604464FF0804001F070FC0146204682
:105C500001F02AFE0146484601F068FC414601F089
:105C600065FC01464FF07E5001F060FC16F17D0F9F
:105C700064DB00EBC650BDE8F087014601F058FC3C
:105C8000BDE8F087B2F1505F09D24C49204601F0DF
:105C90004FFC4FF07E5101F00FFF002874D12146D8
:105CA000204601F04DFD4049054601F049FD3F49C0
:105CB00001F03CFC294601F043FD3D4901F038FC70
:105CC000294601F03DFD3B4901F030FC294601F039
:105CD00037FD394901F02CFC294601F031FD014620
:105CE000204601F023FC82465146204601F028FD63
:105CF0004FF080410546504601F018FC0146284609
:105D000001F0D2FD214601F011FC01464FF07E501A
:105D100001F00CFCBDE8F087BDE8F047002000F082
:105D2000B5BE274B9A427FF646AFBDE8F04700204C
:105D300000F0A8BE002DA3D00020A1E764364FF0EC
:105D4000586100EBC65001F0FBFCBDE8F0871D492F
:105D5000204601F0F5FC1C4B53F8251001F0E8FB40
:105D600001F0CAFE064601F097FC1849054601F00D
:105D7000E7FC0146204601F0D9FB1549804628463C
:105D800001F0DEFC81462AE74FF07E51204601F00B
:105D9000CFFB75E71772B1421872B13E9115853F7E
:105DA00078C8000080C800004CBB31330EEADD35F6
:105DB00055B38A38610B363BABAA2A3ECAF2497109
:105DC000B5F1CF423BAAB83F70C800008071313FA7
:105DD000D1F7173720F00042B2F1FF4F2DE9F04123
:105DE000044654D2002A50D00028034657DB14F052
:105DF000FF4F4FEAE05009D114F400025BD15B0081
:105E00001C02114602F10102F9D5401AC3F3160231
:105E100042F40002C307A0F17F0558BF52000024DE
:105E20006D1052004FF0190E21464FF0807C01EBAF
:105E30000C039342DDBF03EB0C016444D31A1346F9
:105E4000BEF1010E4FEA43024FEA5C0CEFD1BBB149
:105E50001A4E1B4F30683968D6F8008001F066FB97
:105E60000146404601F014FE50B13068396836688A
:105E700001F05EFB0146304601F000FEB8B102348D
:105E8000601000F17C5000EBC550BDE8F081014688
:105E900001F056FC214601F04BFBBDE8F0810146C4
:105EA00001F044FB014601F0FFFCBDE8F081013444
:105EB00024F00104E4E74FF0FF31A6E7CCAFFF1F69
:105EC000D0AFFF1F2DE9F04F31F0004987B00C46ED
:105ED000074680460ED180F480084FEA480818F53E
:105EE000000F40F24D812146384601F021FB07B0FA
:105EF000BDE8F08F20F0004ABAF1FF4FF3DCB9F1B2
:105F0000FF4F0D4600F331810028C0F23E8100268C
:105F1000B9F1FF4F00F05381B9F17E5F00F0578176
:105F2000B5F1804F00F04681B5F17C5F384640F016
:105F30005281B8F1000F80F29B8100F07FFFBAF12F
:105F4000FF4F00F05C81BAF1000F00F05481BAF10C
:105F50007E5F00F049814FEAD873013B00933343E1
:105F600000F08B81B9F19A4F40F38F81B14B9A4584
:105F700040F3D182B04B9A4500F3D9824FF07E5165
:105F800001F0D4FAAD49074601F0DAFBAC4981468D
:105F9000384601F0D5FB4FF07A518046384601F083
:105FA000CFFB0146A74801F0C1FA394601F0C8FB12
:105FB00001464FF07C5001F0B9FA39468246384626
:105FC00001F0BEFB0146504601F0BAFB9E4901F0CC
:105FD000B7FB0146404601F0A9FA01468046484613
:105FE00001F0A6FA20F47F6727F00F0749463846EC
:105FF00001F09CFA0146404601F098FA25F47F65CD
:10600000009B013E25F00F051E4329468146204690
:106010000CBF8E4E4FF07E5601F088FA394601F0E3
:106020008FFB21468046484601F08AFB01464046E8
:1060300001F07EFA29468046384601F081FB014690
:106040000746404601F074FA00280546044620F051
:10605000004340F33382B3F1864F00F3B88200F07F
:106060009782B3F17C5F00F3DE824FF000094D466A
:1060700024F47F6424F00F047549204601F060FB8E
:1060800039468246204601F051FA0146404601F069
:106090004DFA704901F054FB6F490746204601F064
:1060A0004FFB0146384601F043FA0446014650468C
:1060B00001F03EFA5146074601F038FA0146204603
:1060C00001F034FA39468046384601F039FB63491D
:1060D000044601F035FB624901F028FA214601F03F
:1060E0002FFB604901F024FA214601F029FB5E49AB
:1060F00001F01CFA214601F023FB5C4901F018FA7B
:10610000214601F01DFB0146384601F00FFA044616
:106110000146384601F014FB4FF08041824620468C
:1061200001F004FA0146504601F0BEFB4146044628
:10613000384601F005FB414601F0FAF901462046D8
:1061400001F0F4F9394601F0F1F901464FF07E50C3
:1061500001F0ECF903464B44B3F5000FC0F2E381C4
:106160001846314601F0ECFAC1E6B0F17E5F7FF4EB
:10617000BAAE81F480056D0015F5000F3FF6B3AEA1
:106180004FF07E5007B0BDE8F08FB9F1974F0FDAAE
:10619000B9F17E5F0ADB4FEAE953C3F1960349FA8E
:1061A00003F202FA03F34B4500F083810026B3E6C5
:1061B0000226ADE63946384601F0C2FA97E6BAF152
:1061C0007E5FDDD02ADD002D26DB20468FE6002D08
:1061D00029DB38468BE600F031FEBAF1FF4F03D0E1
:1061E000BAF1000F7FF4B3AE002D04DA01464FF090
:1061F0007E5001F059FBB8F1000FBFF678AEAAF15E
:106200007E5A5AEA060A40F04E81014601F08EF9A4
:10621000014601F049FB6AE6002068E6002DFBDA42
:1062200004F1004063E639464FF07E5001F03CFB3C
:106230005DE600BFF3FF7F3F0700803F00AAB83F45
:1062400070A5EC36ABAAAA3E3BAAB83F000080BFBF
:106250000072313F1872313F8CBEBF354CBB3133B9
:106260000EEADD3555B38A38610B363BABAA2A3EC0
:1062700007B0BDE8F04FFFF7ADBD3946384601F035
:1062800055F9014601F010FB31E618F0FF4F40F0E0
:1062900040814FF0974101F053FA6FF017028246A8
:1062A0004FEAEA537F3B9A18A94B0192CAF3160AA8
:1062B0009A454AF07E5807DDA64B9A4540F33F8148
:1062C00001320192A8F5000800231A4605930492B2
:1062D0004FF07E53002719464046029301F026F9FD
:1062E000029B039319468246404601F021F901467C
:1062F0004FF07E5001F0D8FA01460290504601F06E
:106300001FFA4FEA680242F0005202F5802220F4A0
:106310007F6B17442BF00F0BC14639468046584619
:1063200001F00EFA0146504601F000F9039B844645
:1063300019463846674601F0F9F80146484601F02B
:10634000F5F8594601F0FCF90146384601F0EEF83F
:10635000029901F0F5F941468146404601F0F0F915
:106360007D49074601F0ECF97C4901F0E1F8394636
:1063700001F0E6F97A4901F0DBF8394601F0E0F97D
:10638000784901F0D5F8394601F0DAF9764901F09B
:10639000CFF8394601F0D4F9744901F0C9F839460B
:1063A0008246384601F0CCF90146504601F0C8F962
:1063B00059460746404601F0BBF8494601F0C0F98E
:1063C000394601F0B5F859468246584601F0B8F909
:1063D0006749029001F0ACF8514601F0A9F820F4A9
:1063E0007F6727F00F073946584601F0A9F9604941
:1063F0008346384601F09AF8029B194601F096F858
:106400000146504601F092F8414601F099F93946AB
:106410008046484601F094F90146404601F088F86C
:1064200080460146584601F083F820F47F6727F044
:106430000F075049384601F083F9594681463846DE
:1064400001F074F80146404601F070F84A4901F045
:1064500077F94A498046384601F072F901464046CC
:1064600001F066F8049901F063F88046019801F0A4
:1064700013F941468246484601F05AF8DDF814B057
:10648000594601F055F8514601F052F820F47F6763
:1064900027F00F075146384601F048F8594601F0F9
:1064A00045F84946A4E5012E7FF421AD00F10040F6
:1064B0001DE502F00102C2F102062DE5304A9342C9
:1064C00000F3A98000F08B80B3F17C5F7FF7CDAD46
:1064D000DB154FF400027E3B42FA03F303442949E3
:1064E000C3F3C7527F3AC3F31605114145F40005C3
:1064F000C2F11702194015416D42384601F016F8F5
:1065000001460746404601F013F84FEAC5590446D4
:10651000AEE50022C4E6002D0BDB002007B0BDE88D
:10652000F04F00F0AFBA294600F0B4FA19E6002D9A
:10653000F3DD002007B0BDE8F04F00F0A7BA124B22
:106540000593124B04934FF400174FF07F53C2E6AC
:1065500071C41C00D6B35D0042F1533E55326C3E0F
:1065600005A38B3EABAAAA3EB76DDB3E9A99193FB5
:10657000000040400038763F4F38763FA0C39D363C
:1065800000001643000080FF00C0153FDCCFD1356E
:106590002F49404600F0CCFF39468146284600F09E
:1065A000C5FF0146484601F087FA80B905F500436A
:1065B000C3F3C75227497F3A11411940C3F3160369
:1065C000C2F1170243F4000343FA02F595E70021F4
:1065D000304601F053FA003818BF0120AAE73946C7
:1065E00000F0A4FF414601F05DFAA0B905F50043B3
:1065F0001849C3F3C7527F3AC3F31605114145F456
:106600000005C2F11702002C01EA030145FA02F568
:10661000FFF672AF71E70021304601F02FFA003823
:1066200018BF01207AE7DB154FF400027E3B42FAE7
:1066300003F323440749DA157F3AC3F316051141E2
:1066400045F40005C2F117021940154155E700BF96
:106650003CAA3833000080FF2DE9F04FAB4A20F010
:106660000044944289B00D466CDDA94A9442074625
:106670001CDC0028A74940F31E8100F057FFA64B01
:1066800024F00F049C4206466BD0A44900F04EFF54
:1066900001462860304600F049FFA04900F046FF5F
:1066A00001266860304609B0BDE8F08F9C4A9442EC
:1066B0006CDDB4F1FF4F4DDAE615863EA4EBC6540F
:1066C000204601F019FA00F0E7FF01462046059147
:1066D00000F02CFF4FF0874101F032F8804601F0C6
:1066E0000BFA00F0D9FF044621464046069400F01C
:1066F0001DFF4FF0874101F023F80021079001F0C2
:10670000B3F9002800F0B8800021204601F0ACF970
:10671000002814BF01230223824A01920222009220
:106720002946324605A800F08DFB002F0646B9DA4F
:10673000D5E9002302F1004203F100432A606B60B7
:106740004642AFE700262860002230464A6009B082
:10675000BDE8F08F014600F0E9FE00266860286081
:10676000A0E7714900F0E2FE7049044600F0DEFE49
:1067700001462860204600F0D9FE6C4900F0D6FEA4
:1067800001266860304609B0BDE8F08F00F056FB86
:106790006749804600F0D4FF4FF07C5100F0C8FEFE
:1067A00001F0AAF9064600F077FF5A49834600F047
:1067B000C7FF0146404600F0B9FE58498246584698
:1067C00000F0BEFF1F2E81460146504620DC721E9F
:1067D000584B53F8223024F0FF029A4218D000F0B0
:1067E000A5FE8046C5F800804146504600F09EFE5A
:1067F000494600F09BFE002F6860BFF653AF08F1DA
:10680000004800F10040C5F800806860764249E722
:1068100000F08CFEC0F3C753C3EBD453082B804663
:106820004FEAE452DEDD40490392584600F088FF0B
:1068300080460146504600F079FE04462146504607
:1068400000F074FE414600F071FE3849804658461B
:1068500000F076FF414600F069FE01468146204681
:1068600000F064FE039AC0F3C753D21A192A804677
:1068700004DC2860A246B7E703234DE72E495846BB
:1068800000F05EFF01468046204600F04FFE824643
:106890005146204600F04AFE414600F047FE274997
:1068A0000446584600F04CFF214600F03FFE81466A
:1068B0000146504693E700F03BFE174B24F00F04CF
:1068C0009C4206460ED0154900F032FE0146286073
:1068D000304600F02BFE114900F02AFE4FF0FF3643
:1068E0006860DFE6104900F023FE1049044600F01E
:1068F0001FFE01462860204600F018FE0B4900F0FC
:1069000017FE4FF0FF366860CCE600BFD80F493F56
:10691000E3CB1640800FC93FD00FC93F4344353702
:10692000800F494308C900000044353708A3852E6D
:1069300084F9223F88C8000000A3852E32318D24BF
:106940002DE9F041C0F3C7557F3D162D044620F0D8
:10695000004724DC002D804614DB184F2F413842BD
:106960001AD0174900F0E4FD002101F0A5F898B114
:10697000002C03DD4FF400032B41984428EA070064
:10698000BDE8F0810E4900F0D3FD002101F094F83C
:1069900010B1002C0EDB57B92046BDE8F081B7F1ED
:1069A000FF4FF9D3014600F0C3FDBDE8F0814FF081
:1069B0007E50F2E74FF00040EFE700BFFFFF7F009F
:1069C000CAF249712DE9F041C0F3C7557F3D162D3C
:1069D000044620F0004725DC002D804614DB174FCD
:1069E0002F4138421BD0164900F0A2FD002101F0D2
:1069F00063F8A0B1002C03DA4FF400032B41984454
:106A000028EA0700BDE8F0810D4900F091FD002162
:106A100001F052F818B1002C0CDB002000E02046F9
:106A2000BDE8F081B7F1FF4FF9D3014600F080FDDA
:106A3000BDE8F081002FF2D00248F1E7FFFF7F00B0
:106A4000CAF24971000080BF38B505460C4601F016
:106A5000C7FB034628461C6038BD00BF08B540B1DF
:106A600001F1004000F06CFEBDE808402221FFF774
:106A7000EBBF084600F064FEBDE808402221FFF7A6
:106A8000E3BF00BF4FF08051FFF7E8BF4FF0E04198
:106A9000FFF7E4BF10B50C4630F0004103461DD0AF
:106AA000B1F1FF4F1BD210F0FF4F02461BD14FF048
:106AB000984100F045FE204A944203462CDBC0F387
:106AC000C75102464CF250308442A1F1190110DD49
:106AD0001A49184661F31E0000F032FE10BD01464F
:106AE00000F026FD10BD4CF2503084424FEAD151E7
:106AF000EEDC2144FE29EBDC002911DC11F1160F3C
:106B000013DB01F1190022F0FF424FF04C5142EA31
:106B1000C05000F015FE10BD094900F011FE10BD77
:106B200022F0FF4242EAC15010BD0549184661F308
:106B30001E0000F005FE10BDB03CFFFFCAF2497117
:106B40006042A20DAA4A2DE9F84320F00043934287
:106B5000044635D9B3F1FF4F00F2AB8000F01A8143
:106B60000028C0F2B880A34A934200F23381A249C0
:106B700000F0E6FD01464FF07C5000F0D9FC00F03B
:106B8000BBFF064600F088FD9C49074600F0D8FD93
:106B90000146204600F0CAFC99490546384600F0F7
:106BA000CFFD07463946284600F0C0FC01460446A2
:106BB000284600F0BBFC394600F0B8FC814607E0EF
:106BC000904A93427AD8B3F14C5FC0F0AF80002670
:106BD0004FF07C51204600F0B3FD074601462046A9
:106BE00000F0AEFD8849054600F0AAFD874900F097
:106BF0009FFC294600F0A4FD854900F097FC29463A
:106C000000F09EFD834900F093FC294600F098FDBA
:106C1000814900F08BFC294600F092FD4FF07E5137
:106C200000F086FC80464146384600F089FD01466A
:106C30007A4800F07BFC07463946404600F076FC77
:106C400039460746204600F07BFD0146744800F0B7
:106C50006DFC0146384600F027FE294600F070FD25
:106C60000146002E56D0494600F060FC214600F057
:106C700067FD494600F05AFC294600F057FC731C9A
:106C8000054673D0012E5DD0731C392B33D8162ED8
:106C900000F38480214600F049FC4FF080753541B7
:106CA000C5F17E550146284600F040FC00EBC65079
:106CB00002E0014600F03CFCBDE8F883594A9342EB
:106CC00000F28D8000284D495DDB00F02FFC4C4F19
:106CD0000546012666E7544900F02AFC002100F031
:106CE000CDFE002858D14449204600F029FD014638
:106CF0004FF03F4041E7214600F018FC01464FF0BD
:106D00007E5000F013FC4FF07E5100EBC65000F0B7
:106D10000DFCD1E7204600F013FD294600F006FCEB
:106D20000146204600F002FCBDE8F8833F4900F030
:106D3000FFFB014600F0FAFB0146204600F0F6FB9F
:106D4000BDE8F8833A49204600F098FE002835D087
:106D50004FF07C51204600F0EBFB0146284600F046
:106D6000E5FB4FF0404100F0EBFCA5E70146204673
:106D700000F0DCFB4FF07C5100F0E2FC4FF07C5166
:106D800000F0D4FB98E700F0D3FB2A4F05464FF004
:106D9000FF3607E700288FDA27488DE7C6F17F0125
:106DA000C90500F0C5FB0146204600F0BFFB4FF0CF
:106DB0007E5100F0BDFBF60530447DE729462046B4
:106DC00000F0B4FB014600F0B3FB4FF07E5100F041
:106DD000AFFB71E7BDE8F8430020FFF757BE064957
:106DE00000F0AEFC002C014682DB4FF07C50C4E684
:106DF00043B895411772B1423BAAB83F8071313F09
:106E0000D1F717371872B13EBBED57B4547E8636B2
:106E1000CD70A638010DD03A8988083D0000404069
:106E20000000C0409115853F6042A20DCAF2497131
:106E3000000080BED1F717B7000080BF20F00040EF
:106E4000704700BF2DE9F04FDDB01C460693099155
:106E5000A64B66990B9253F821300393111D04F150
:106E6000FF3305460193C0F2EC82D31E48BF131DC9
:106E7000DB1005930133DB000A93DDE90A239B1A3B
:106E80000493059A019BD61A039A12EB030818D4AF
:106E900008F10108DDF89C91B044002420AF08E01F
:106EA00059F8260000F0F8FB0136464547F8040B78
:106EB00007D0002EF4DA01362046464547F8040B89
:106EC000F7D1039B002BC0F21183069B019E20AAE1
:106ED00002EB83079A000092039A291F02910DF595
:106EE000907802EB030901EB8305019B002BB8BFEF
:106EF000002410DBDDF808A0BB4600245BF8041D6D
:106F00005AF8040F00F01CFC0146204600F010FB6C
:106F1000AA450446F2D101364E4548F8044B07F124
:106F20000407E2D1029B009D039A1D440CAB03EBC6
:106F30008203043B07930CAB03EB82030893904658
:106F40005CAB03EB8803B8F1000F53F850AC4FEA89
:106F5000880921DD48AF07EB88040CAE4FF06E5175
:106F6000504600F0EDFB00F0C7FD00F095FB4FF040
:106F70008741834600F0E4FB0146504600F0D6FA14
:106F800000F0BAFD54F8041D46F8040B584600F012
:106F9000CFFABC428246E1D1049E50463146FFF70B
:106FA00079FD4FF07851044600F0CAFBFFF70AFD67
:106FB0004FF0824100F0C4FB0146204600F0B6FAD3
:106FC000044600F099FD824600F066FB014620462B
:106FD00000F0ACFA002E0446314640F3898008F1F7
:106FE000FF360CAAC1F1080352F8262042FA03F03A
:106FF00000FA03F3D21AC1F107010CAB42FA01F710
:10700000002F43F8262082447CDC0021204600F03B
:107010002BFD002800F0D380039B08F1FF34A3422E
:1070200008F1804010DC0CABDDF820C04FEA880688
:1070300003EB8803002253F8041D634542EA010272
:10704000F9D1002A40F01181039B0CAA013B52F8B0
:107050002330002B40F00581079B012653F8042DB7
:107060000136002AFAD008EB0603009308F1010765
:10707000059A02EB0709069A6FF0404399441344BE
:10708000679A434402EB890920AA02EB830848ABC4
:1070900003EB800A59F8040F00F0FEFA019B48F850
:1070A000040F002B19DBDDF808B04446002601E090
:1070B00054F8040D5BF8041F00F042FB0146304613
:1070C00000F036FAAB450646F2D1009B4AF8046F51
:1070D00001379F42DEDD984632E7009B01370026EC
:1070E0009F424AF8046FD5DDF5E700BF4CCC0000A5
:1070F00040F09F8008F1FF330CAA52F82370FF1173
:10710000002F82DDB8F1000F0AF1010A40F39E81E1
:107110000C9E002E40F08580B8F1010F20D00CAB02
:10712000012253F8046F002E7ED0531C0CA9C6F523
:107130008076984541F8226011DD09F130020DEBAF
:1071400002010CAA0CA852F8232000EB830300E0F4
:107150001A68C2F1FF0243F8042B8B42F8D10126D2
:10716000049B002B0EDD012B00F06081022B09D166
:1071700008F1FF320CAB0CA953F8223003F03F03A7
:1071800041F82230022F7FF440AF21464FF07E506D
:1071900000F0CCF90446002E3FF437AF04994FF0CD
:1071A0007E50FFF777FC0146204600F0BFF9044609
:1071B0000021204600F058FC00287FF42DAFDDE9C7
:1071C0000A322046991A0097FFF764FC4FF0874176
:1071D000044600F067FC002800F06481049B4FF037
:1071E0006E5108332046049300F0AAFA00F084FCA4
:1071F00000F052FA4FF08741054600F0A1FA01462F
:10720000204600F093F900F077FC0CAB08F1010484
:1072100043F82800284600F06FFC0CAB43F824002C
:1072200036E00123002281E7013242457FF479AF45
:1072300096E74FF07C5100F035FC074600283FF4FC
:10724000E4AEB8F1000F0AF1010AC8BF02273FF708
:107250005FAF21464FF07E5000F068F902270446E8
:10726000D3E608F10107009702E7049B0097A3F11A
:1072700008020CAB049253F824304BB9331F0CA90D
:107280000B4453F8041D013C083A0029F9D004923C
:1072900004994FF07E50FFF7FDFB002C0746C0F22B
:1072A0002B81631C9A0001920CAA02EB830848AA66
:1072B00002934FF06E5602EB830558F8040D00F070
:1072C000EBF9394600F03CFA314645F8040D3846F2
:1072D00000F036FA0CAB98450746EED1019BDDF87D
:1072E0000C90CDF810A0083B48AA02EB0308002739
:1072F000A346B9F1000FB8BF002515DB874C8848BD
:10730000C2460025002603E0B7420DDB54F8040F07
:107310005AF8041F00F014FA0146284600F008F954
:107320000136B1450546EFDA5CAB03EB87035F45F9
:1073300043F8A05CA8F104084FEA870607F10103AF
:1073400001D01F46D5E7669BDDF810A0022B5C46F6
:1073500017DC002B7CDC0FD1019C34AD2C440020C9
:1073600054F8041D00F0E4F8A542F9D1009B0BB1DC
:1073700000F10040099B18600AF007005DB0BDE80D
:10738000F08F669B032BF7D1002C00F0C28034AF46
:1073900007EB060858F804BC2846594600F0C8F820
:1073A000A94605462946584600F0C0F8494600F06F
:1073B000BFF8C8F8000048F8045D4745EAD1012C41
:1073C00040F3A78006F5B8736B44BD1953F8A04C81
:1073D0000DF1D40855F804BC2046594600F0A8F831
:1073E000A14604462146584600F0A0F8494600F060
:1073F0009FF8286045F8044DA845EBD1341D3C4466
:107400000020083754F8041D00F092F8A742F9D183
:10741000009B002B4ED10999349A359B88600AF065
:1074200007000A604B605DB0BDE8F08F08F1FF32E5
:107430000CAB0CA953F8223003F07F0341F8223043
:10744000A0E608230A930023059316E5002687E6A5
:10745000029B34AD05EB8306002056F8041D00F0B6
:1074600067F8B542F9D1009B002B34D1099B014646
:107470001860349800F05AF8002C0CDD34AE012569
:1074800056F8041F013500F053F8AC42F8DA009BBF
:107490000BB100F10040099B58600AF007005DB095
:1074A000BDE8F08F204600F027FB0CAB444643F8C4
:1074B0002800EDE6DDE93423099900F1004002F1EE
:1074C000004203F1004388600AF007000A604B6045
:1074D0005DB0BDE8F08F099A00F1004301461360EA
:1074E000349800F023F8002CC8DCD2E72B1F02935D
:1074F000069B9B00009315E5669B022B05DC002B89
:1075000009DC7FF439AF002030E7669B032B7FF462
:1075100033AF00207CE70020A5E700BF20CC0000AF
:107520000000C93F80F0004002E000BF81F0004150
:1075300042001FBF5FEA410392EA030F7FEA226C19
:107540007FEA236C6AD04FEA1262D2EB1363C1BFA9
:10755000D218414048404140B8BF5B42192B88BF18
:10756000704710F0004F40F4000020F07F4018BF3B
:10757000404211F0004F41F4000121F07F4118BF5B
:10758000494292EA030F3FD0A2F1010241FA03FC03
:1075900010EB0C00C3F1200301FA03F100F00043EB
:1075A00002D5494260EB4000B0F5000F13D3B0F1B3
:1075B000807F06D340084FEA310102F10102FE2A22
:1075C00051D2B1F1004F40EBC25008BF20F0010092
:1075D00040EA03007047490040EB0000013A28BF31
:1075E000B0F5000FEDD2B0FA80FCACF1080CB2EBB4
:1075F0000C0200FA0CF0AABF00EBC2505242184332
:10760000BCBFD0401843704792F0000F81F40001D6
:1076100006BF80F400000132013BB5E74FEA4103A9
:107620007FEA226C18BF7FEA236C21D092EA030F15
:1076300004D092F0000F08BF0846704790EA010F8F
:107640001CBF0020704712F07F4F04D1400028BFBC
:1076500040F00040704712F100723CBF00F500009E
:10766000704700F0004343F0FE4040F400007047D4
:107670007FEA226216BF08467FEA23630146420280
:1076800006BF5FEA412390EA010F40F48000704793
:107690004FF0000304E000BF10F0004348BF404239
:1076A0005FEA000C08BF704743F0964301464FF075
:1076B00000001CE050EA010208BF70474FF00003D1
:1076C0000AE000BF50EA010208BF704711F0004312
:1076D00002D5404261EB41015FEA010C02BF8446E2
:1076E0000146002043F0B64308BFA3F18053A3F541
:1076F0000003BCFA8CF2083AA3EBC25310DB01FA88
:1077000002FC634400FA02FCC2F12002BCF1004F0B
:1077100020FA02F243EB020008BF20F0010070479C
:1077200002F1200201FA02FCC2F1200250EA4C00F0
:1077300021FA02F243EB020008BF20EADC70704736
:107740004FF0FF0C1CEAD0521EBF1CEAD15392EA44
:107750000C0F93EA0C0F6FD01A4480EA010C400220
:1077600018BF5FEA41211ED04FF0006343EA50107A
:1077700043EA5111A0FB01310CF00040B1F5000FBC
:107780003EBF490041EAD3715B0040EA010062F16B
:107790007F02FD2A1DD8B3F1004F40EBC25008BF55
:1077A00020F00100704790F0000F0CF0004C08BF73
:1077B00049024CEA502040EA51207F3AC2BFD2F140
:1077C000FF0340EAC250704740F400004FF000034E
:1077D000013A5DDC12F1190FDCBF00F00040704788
:1077E000C2F10002410021FA02F1C2F1200200FAC6
:1077F00002FC5FEA310040F1000053EA4C0308BF8D
:1078000020EADC70704792F0000F00F0004C02BFDD
:10781000400010F4000F013AF9D040EA0C0093F058
:10782000000F01F0004C02BF490011F4000F013BB2
:10783000F9D041EA0C018FE70CEAD15392EA0C0F20
:1078400018BF93EA0C0F0AD030F0004C18BF31F08B
:10785000004CD8D180EA010000F00040704790F061
:10786000000F17BF90F0004F084691F0000F91F005
:10787000004F14D092EA0C0F01D142020FD193EACB
:107880000C0F03D14B0218BF084608D180EA010053
:1078900000F0004040F0FE4040F40000704740F02F
:1078A000FE4040F4400070474FF0FF0C1CEAD052FD
:1078B0001EBF1CEAD15392EA0C0F93EA0C0F69D059
:1078C000A2EB030280EA010C49024FEA402037D0C4
:1078D0004FF0805343EA111143EA10130CF00040BB
:1078E0008B4238BF5B0042F17D024FF4000C8B42AB
:1078F00024BF5B1A40EA0C00B3EB510F24BFA3EB8B
:10790000510340EA5C00B3EB910F24BFA3EB91035A
:1079100040EA9C00B3EBD10F24BFA3EBD10340EAB4
:10792000DC001B0118BF5FEA1C1CE0D1FD2A3FF6FA
:1079300050AF8B4240EBC25008BF20F001007047AF
:107940000CF0004C4CEA50207F32C2BFD2F1FF0352
:1079500040EAC250704740F400004FF00003013A83
:1079600037E792F0000F00F0004C02BF400010F427
:10797000000F013AF9D040EA0C0093F0000F01F03B
:10798000004C02BF490011F4000F013BF9D041EA5D
:107990000C0195E70CEAD15392EA0C0F08D1420290
:1079A0007FF47DAF93EA0C0F7FF470AF084676E763
:1079B00093EA0C0F04D14B023FF44CAF08466EE73C
:1079C00030F0004C18BF31F0004CCAD130F000420A
:1079D0007FF45CAF31F000437FF43CAF5FE700BF62
:1079E0004FF0FF3C06E000BF4FF0010C02E000BF8B
:1079F0004FF0010C4DF804CD4FEA40024FEA41032D
:107A00007FEA226C18BF7FEA236C11D001B052EAE2
:107A1000530C18BF90EA010F58BFB2EB030088BFA8
:107A2000C81738BF6FEAE17018BF40F00100704717
:107A30007FEA226C02D15FEA402C05D17FEA236CF9
:107A4000E4D15FEA412CE1D05DF8040B704700BF40
:107A5000844608466146FFE70FB5FFF7C9FF0028D7
:107A600048BF10F1000F0FBD4DF808EDFFF7F4FF10
:107A70000CBF012000205DF808FB00BF4DF808EDA9
:107A8000FFF7EAFF34BF012000205DF808FB00BFCC
:107A90004DF808EDFFF7E0FF94BF012000205DF8EE
:107AA00008FB00BF4DF808EDFFF7D2FF94BF01209F
:107AB00000205DF808FB00BF4DF808EDFFF7C8FF98
:107AC00034BF012000205DF808FB00BF4FEA4002F0
:107AD0004FEA41037FEA226C02D15FEA402C08D1D1
:107AE0007FEA236C02D15FEA412C02D14FF0000003
:107AF00070474FF0010070474FEA4002B2F1FE4F6D
:107B00000FD34FF09E03B3EB12620DD94FEA00235F
:107B100043F0004310F0004F23FA02F018BF404238
:107B200070474FF00000704712F1610F01D142021F
:107B300005D110F0004008BF6FF0004070474FF0D3
:107B40000000704742000ED2B2F1FE4F0BD34FF04F
:107B50009E03B3EB126209D44FEA002343F00043C3
:107B600023FA02F070474FF00000704712F1610FE6
:107B700001D1420202D14FF0FF3070474FF00000B8
:107B8000704700BF024B0146186800F003B800BF01
:107B900008B5FF1F2DE9F04F01F10B06162E83B03B
:107BA000044624D8102900F2BA8000F0A3FA102667
:107BB00018220220B54F3A44A2F1080153688B42C3
:107BC00000F0BA805A68D96822F003021A449D680E
:107BD000E9608D60516841F001012046516003F178
:107BE000080500F08DFA284603B0BDE8F08F36F0A6
:107BF000070600F19480B14200F2918000F07AFA19
:107C0000B6F5FC7FC0F09A81730A00F08F80042BD8
:107C100000F26F81B30903F1390003F1380CC3009E
:107C20009A4F3B44A3F108055B689D4206D10CE0E6
:107C3000002980F22781DB689D4206D05A6822F035
:107C40000302911B0F29F3DD60463D69DFF840C256
:107C500065457CD06A6822F00302931B0F2B00F36A
:107C60007B81002BC7E904CC80F26C81B2F5007FE8
:107C700080F01A81D308796801334FEA521E01223D
:107C800002FA0EF20A4357F833E0C5F808E007EBB2
:107C9000C3010839E9607A6047F83350CEF80C50D8
:107CA000831001219940914257D8114206D120F00A
:107CB00003004900114200F10400FAD007EBC009AB
:107CC0004D468646D5F80C80454508D11DE1002B70
:107CD00080F22481D8F80C80454500F01681D8F850
:107CE000042022F00302931B0F2BF0DD2046D8E97D
:107CF000025408EB060146F00106C8F80460EC6087
:107D0000A56043F00104C7E90411C1E902CC4C604D
:107D100048F8023000F0F4F908F1080502E00C23FD
:107D200023600025284603B0BDE8F08F4FF40073B0
:107D300040204FF03F0C73E7D3689A4208BF0230EF
:107D40007FF440AF3D69DFF848C1654582D17A686C
:107D50008310012199409142A7D9BD686B6823F037
:107D600003094E4503D8A9EB06030F2B7ADCDFF895
:107D700024B1494BDBF800201B680132334405EB8A
:107D8000090A00F0338103F580530F3323F47F6831
:107D900028F00F084146204600F010FA411C024628
:107DA00000F0F380824500F2EE803C4B19684144BC
:107DB0001960084600F04E81DBF800100193013194
:107DC0001BBFA2EB0A010918CBF80020196012F0C2
:107DD000070B00F01781CBF108010A44CBF5805165
:107DE00090440831A1EB0801C1F30B0A514620462B
:107DF000009200F0E3F9421CDDE9002300F04F811E
:107E0000801A00EB0A081968BA6048F00100514472
:107E1000BD425060196000F02981B9F10F0F40F2A6
:107E200027816868A9F10C0C2CF0070C00F0010008
:107E300040EA0C0068604FF0050E05EB0C00BCF149
:107E40000F0FC0E901EE00F2328150681546144B65
:107E50001A688A4238BF1960124B1A688A4238BFC2
:107E6000196094E0AA1943F0010346F001066E6020
:107E70002046BA60536000F043F90835284603B045
:107E8000BDE8F08FD9681A44A1E600BFD4AFFF1F48
:107E9000DCAFFF1FDCB3FF1F4CBDFF1F1CBDFF1F6E
:107EA00044BDFF1F48BDFF1FB2F5206F4FEA5223AC
:107EB00063D3142B00F2B78003F15C01C9005B337C
:107EC00007EB010E7958AEF1080E8E4500F0918057
:107ED0004B6823F00303934202D989688E45F7D19A
:107EE000D1F80CE07A68C5E9021ECEF80850CD60E2
:107EF000D6E6142B59D9542B00F29D80330B03F195
:107F00006F0003F16E0CC3008AE60EF1010E1EF045
:107F1000030F05F108057FF4D5AE51E04244454614
:107F20005368D8F80C1043F00103536055F8083F2C
:107F30002046D9608B6000F0E3F8F3E6F00806F124
:107F4000080237E62A442046536843F00103536091
:107F5000083500F0D5F8E5E6A919204646F00106F7
:107F600043F001046E60C7E90411C1E902CC4C6022
:107F7000AB5000F0C5F80835D4E6930903F1390198
:107F8000C90038339CE7BD425FD0BD68686820F007
:107F900003084645A8EB060302D80F2B3FF762AF54
:107FA000204600F0ADF80025BCE603F15C0003F1CB
:107FB0005B0CC30034E659F808394B4540F0968015
:107FC00010F0030F00F1FF30F5D17B6823EA0103C5
:107FD0007B60490099423FF6C0AE19B9BDE6490041
:107FE0000EF1040E1942FAD0704667E603F110084C
:107FF000D0E69A104FF001087B6808FA02F21A43A3
:108000007A6070E702EB08014942C1F30B0A51465E
:108010002046009200F0D2F8431CDDE900237FF4F3
:10802000EFAEDA46EFE6542B25D8130B03F16F01C0
:10803000C9006E3344E7B3F5AA7F25D8F30B03F1EB
:10804000780003F1770CC300EAE5294B1868404437
:108050001860B1E6CAF30B0CBCF1000F7FF4ACAEB4
:10806000BD68C84448F001006860F0E61546EEE6D9
:108070000123536094E7B3F5AA7F23D8D30B03F110
:108080007801C90077331BE740F25452934223D85A
:10809000B30C03F17D0003F17C0CC300C0E5ABF130
:1080A000080BD844A8EB02084FF0000AABE605F134
:1080B00008012046009300F065F9BD68009B6868E0
:1080C0001968C4E640F254518B420BD8930C03F16B
:1080D0007D01C9007C33F3E64FF47E737F204FF0BF
:1080E0007E0C9DE54FF47E717E23E9E67B6870E7A8
:1080F0001CBDFF1F014800F09DB800BF8CBEFF1FD4
:10810000014800F099B800BF8CBEFF1F830730B54F
:1081100048D0541E002A3FD0CAB2034601E0013CB9
:108120003AD303F8012B9D07F9D1032C2DD9CDB2F9
:1081300045EA05250F2C45EA054536D9A4F110027C
:1081400022F00F0C03F1200EE6444FEA121C03F15B
:10815000100242E9045542E9025510327245F8D145
:108160000CF1010214F00C0F03EB021204F00F0CDF
:1081700013D0ACF1040323F003030433134442F897
:10818000045B9342FBD10CF003042CB1C9B21C4434
:1081900003F8011B9C42FBD130BD64461346002C02
:1081A000F4D1F9E703461446BFE71A46A446E0E7D0
:1081B00013460A460146022000F040B838B5074D84
:1081C0000022044608462A60FBF778FA431C00D0D8
:1081D00038BD2B68002BFBD0236038BD24C0FF1FA7
:1081E000014B1868704700BF08B5FF1F70B50D4EF2
:1081F0000D4D761BB61006D0002455F8043B013413
:108200009847A642F9D1094E094D761B04F024FD8A
:10821000B61006D0002455F8043B01349847A64216
:10822000F9D170BD64CC000064CC000078CC0000B3
:1082300064CC0000704700BF704700BF2DE9F047D5
:10824000DFF874A00646DAF8000098460F4691461B
:10825000FFF7F0FF194B1C6824B365681F2D24DC61
:108260005EB96B1C0235DAF80000636044F82570D3
:10827000FFF7E2FF0020BDE8F08704EB8501012352
:10828000C1F88890D4F88821AB401A43022EC4F874
:108290008821C1F80881E4D1D4F88C211A43C4F8AC
:1082A0008C21DEE7064C1C60D7E7DAF80000FFF708
:1082B000C3FF4FF0FF30DEE70CB5FF1F20C0FF1FEC
:1082C00090BEFF1F024B13B1024800F005B8704783
:1082D0000000000091850000002301461A46184660
:1082E000FFF7ACBFF8B5244F0C460646FFF702FF78
:1082F000BB685D68C4F57E610F3125F003054B193D
:1083000023F47F6323F00F03A3F58054B4F5805F5B
:1083100007DB00213046FFF751FFBB682B44984232
:1083200004D03046FFF7ECFE0020F8BD6142304635
:10833000FFF744FF01300DD0104ABB682D1B45F0FC
:1083400001055D60136830461B1B1360FFF7D8FE04
:108350000120F8BD00213046FFF730FFBA68831ACC
:108360000F2BDEDD43F001035360054B03491B680F
:10837000C01A0860D5E700BFD4AFFF1F1CBDFF1FA8
:10838000DCB3FF1F002961D0F8B50C460646FFF7A5
:10839000B1FE54F8042C7B4FA4F1080522F0010132
:1083A00005EB010CB868DCF80430604523F00303EA
:1083B00000F08B80D207CCF8043032D454F8082C6B
:1083C000AD1A1144AA6807F1080082426AD00CEB8A
:1083D0000304D4F804E0EC68D4601EF0010FA2603E
:1083E00000F0978041F001036B60CCF80010B1F50C
:1083F000007F35D27868CB080122490901338A40D1
:10840000024357F833107A6007EBC302083AC5E914
:10841000021247F83350CD603046BDE8F840FFF710
:108420006FBE0CEB03025268D00710D4194407F159
:108430000800DCF80830834273D0DCF80C20DA60E6
:10844000936041F001036B606950D0E7704741F0E1
:108450000103B1F5007F44F8043CCCF80010C9D307
:10846000B1F5206F4FEA512348D28B0903F139004F
:1084700003F13802C300F818FB580838984259D065
:108480005A6822F003028A4202D99B689842F7D1C7
:10849000D868C5E902308560DD603046BDE8F84047
:1084A000FFF72EBE0CEB03025268D20763D40B44D5
:1084B000DCE90212CA60916043F001026A60304652
:1084C000EB50BDE8F840FFF71BBE0B44D10707D4C3
:1084D00054F8082CAD1A1344D5E90212CA60916011
:1084E00043F001026A60284ABD6012689A4293D83C
:1084F000264B30461968FFF7F5FE8DE7142B0AD995
:10850000542B1FD80B0B03F16F0003F16E02C30055
:10851000B1E719448DE703F15C0003F15B02C3008E
:10852000A9E741F00103C7E90455C5E902006B6002
:10853000695071E779689210012404FA02F20A4343
:108540007A60A6E7B3F5AA7F06D8CB0B03F17800D3
:1085500003F17702C3008EE740F25452934206D8EB
:108560008B0C03F17D0003F17C02C30083E74FF421
:108570007E737E227FE741F001036B60CCF8001030
:108580004AE700BFD4AFFF1FE0B3FF1F4CBDFF1F82
:1085900038B5074D074C2C1BA41005D0013C55F8ED
:1085A000043D9847002CF9D1BDE8384004F064BB85
:1085B00000000000000000006D696469696E73745A
:1085C00072756D656E7400FF000000000000000011
:1085D000E93600000000000000000000CD1200009D
:1085E000000000003A1C19B32F7219B42F0DADB45E
:1085F0007B2C1AB5BF6071B5C215AEB51345EDB58C
:10860000B91B1BB6257044B6949672B667C192B674
:10861000C492AEB62CB6CCB6D420EDB629E307B7DB
:108620004D4C1AB7FEC32DB78D4142B776BB57B735
:108630005D276EB707BD82B7BED38EB763519BB7B8
:108640001A2FA8B79B65B5B736EDC2B7D5BDD0B761
:10865000F8CEDEB7BE17EDB7E18EFBB75F1505B8F4
:10866000A8700CB81FD413B86A3A1BB8069E22B87B
:1086700047F929B85D4631B8537F38B8129E3FB8E4
:10868000669C46B8FE734DB86D1E54B833955AB803
:10869000B8D160B855CD66B855816CB8F8E671B8F8
:1086A00077F776B806AC7BB8DAFD7FB815F381B8FA
:1086B0001AAF83B8A12F85B8557186B8EC7087B80A
:1086C000242B88B8CB9C88B8BEC288B8E89988B8F3
:1086D0004B1F88B8FB4F87B8262986B811A884B8E5
:1086E0001CCA82B8C78C80B85CDB7BB81FD575B854
:1086F0009C026FB8DF5F67B844E95EB8789B55B8F5
:108700007C734BB8AB6E40B8BB8A34B8C3C527B8CE
:108710003B1E1AB8FF920BB8AF46F8B7E99DD7B722
:10872000E92BB5B7CEF190B730E355B7675C06B724
:10873000AE5B4DB6D38E0C361210FA36B7485A37A8
:108740003B6B9D370850CF37966401380BE61B38DA
:10875000A026373812205338A4CB6F380E918638B4
:10876000E48D95383CD8A438C36BB438ED43C43895
:10877000F15BD438CFAEE4384F37F53801F8023921
:10878000A3690B39A3ED1339FD801C3996202539D7
:108790003DC92D39AC77363987283F3961D84739FB
:1087A000BB835039052759399FBE6139E0466A3984
:1087B0000EBC7239681A7B3912AF8139B8C185395C
:1087C0003AC38939ACB18D39208B9139A84D95398F
:1087D00058F7983944869C3985F89F39384CA33925
:1087E0007D7FA6397C90A939637DAC396844AF3967
:1087F000CAE3B139D359B439D6A4B63934C3B83978
:108800005AB3BA39C373BC39FA02BE39995FBF395A
:108810004C88C039CF7BC139F438C2399EBEC239C9
:10882000C50BC339791FC339DDF8C2392E97C23958
:10883000BFF9C139FD1FC1396F09C039B4B5BE399F
:108840008824BD39C155BB395249B9394AFFB639B7
:10885000D477B4393AB3B139E4B1AE395574AB39E0
:1088600033FBA7394047A4395B59A03986329C397C
:10887000DFD39739A43E933932748E39047689391F
:10888000B5458439F8C97D3961AB72398D336739A3
:10889000A0665B39F5484F3923DF4239F52D36396B
:1088A0006E3A2939C4091C3962A10E39E206013930
:1088B0001E80E638BFA5CA38EE8AAE38443C9238EE
:1088C0004B8D6B38846E3238306EF237D30480377C
:1088D000B989DD35FABB47B7C7E5D4B7798222B885
:1088E00094005AB8EA6788B85569A3B8B8F5BDB816
:1088F00037FED7B8F673F1B80E2405B9F23511B9C1
:108900004BE81CB9CC3328B93C1133B973793DB964
:10891000656547B920CE50B9D4AC59B9D4FA61B91C
:108920009BB169B9CECA70B9424077B9FE0B7DB927
:10893000201481B9BE4783B9341E85B9FB9486B92A
:10894000B0A987B9105A88B901A488B98E8588B9A9
:10895000E8FC87B96E0887B9A6A685B944D683B95D
:10896000299681B9CBCA7DB9718677B9285E70B96D
:10897000345168B93F5F5FB95E8855B90ACD4AB9CD
:108980002A2E3FB90DAD32B9724B25B9810B17B9FB
:10899000D2EF07B9D8F6EFB88363CEB86B2DABB87A
:1089A0002F5D86B899F83FB85F54E0B7FC2BEBB663
:1089B000B6F56037E6A4103897B56B3849A9A438E6
:1089C000AAAED43873ED02399C0E1C390BB235397E
:1089D000A5CE4F39F25A6A3993A68239934D903910
:1089E000421D9E394410AC391B21BA39254AC83979
:1089F000A485D639BACDE439701CF339DBB5003A19
:108A0000B2DA073AA2F90E3A840F163A2D191D3A36
:108A10006A13243A05FB2A3AC5CC313A6E85383AB6
:108A2000C7213F3A959E453AA3F84B3ABE2C523A9D
:108A3000BA37583A73165E3ACEC5633ABB42693AC2
:108A4000348A6E3A4399733A006D783A95027D3ACA
:108A50009FAB803A25B4823A8F99843A9B5A863AE2
:108A600013F6873ACD6A893AAFB78A3AABDB8B3ACD
:108A7000C3D58C3A07A58D3A99488E3AABBF8E3A4A
:108A800082098F3A71258F3AE2128F3A50D18E3A8D
:108A900049608E3A6FBF8D3A7AEE8C3A35ED8B3A5B
:108AA00081BB8A3A5459893ABAC6873AD603863A7C
:108AB000DF10843A24EE813A17387F3A21367A3A29
:108AC0008AD7743AA81D6F3AF909693A2C9E623A1E
:108AD0001DDC5B3AD2C5543A815D4D3A8AA5453AD0
:108AE0007BA03D3A0A51353A19BA2C3AB4DE233A02
:108AF0000EC21A3A8367113A96D2073ADC0DFC3956
:108B0000B010E83986B5D3398104BF390206AA39D5
:108B1000ABC29439AC867E392A2253395C6A273934
:108B200059E4F638C0999E382D380C38386713B799
:108B3000F3B155B871FFC2B89E5B0DB980EB38B97F
:108B40008D1A64B9F26987B94B819CB9D848B1B91B
:108B500022B6C5B9BDBED9B94758EDB9393C00BA3E
:108B6000828A09BAF19112BA884D1BBA5AB823BA4F
:108B700094CD2BBA748833BA58E43ABAB6DC41BA09
:108B8000276D48BA61914EBA414554BAC78459BA63
:108B90001E4C5EBA989762BAB86366BA2AAD69BAD3
:108BA000CF706CBABAAB6EBA2F5B70BAAE7C71BACA
:108BB000EA0D72BAD30C72BA927771BA914C70BA4C
:108BC000748A6EBA20306CBABD3C69BAB3AF65BA6C
:108BD000AD8861BA9BC75CBAB26C57BA6C7851BAAF
:108BE00089EB4ABA10C743BA4F0C3CBADBBC33BA64
:108BF0008FDA2ABA906721BA486617BA68D90CBAD0
:108C0000E8C301BA0C52ECB98718D4B9D1E2BAB9A9
:108C1000FEB8A0B9A8A385B9D75753B9C8B619B932
:108C2000A7F0BCB87BC606B82C3AE437C736B838CC
:108C3000E7F21C3928F55E3959049139A609B33990
:108C4000027DD5399D50F8392ABB0D3ADB6F1F3AAA
:108C5000063F313A2E21433ABA0E553AF4FF663AAE
:108C600011ED783A1767853AAE4D8E3A4E26973A0F
:108C7000F1EC9F3A919DA83A2334B13A9FACB93AAE
:108C8000FE02C23A3E33CA3A6039D23A6F11DA3A3A
:108C900081B7E13AB327E93A335EF03A3C57F73A05
:108CA0001D0FFE3A1941023B7A56053BF545083B3C
:108CB000DC0D0B3B8EAC0D3B7720103B1268123B5A
:108CC000EB81143B9C6C163BD226183B4BAF193BF7
:108CD000D9041B3B5F261C3BD8121D3B51C91D3BD1
:108CE000ED481E3BE5901E3B8AA01E3B42771E3B93
:108CF0008D141E3B03781D3B52A11C3B46901B3B31
:108D0000BF441A3BBBBE183B4FFE163BAD03153BA1
:108D10001FCF123B0C61103BF4B90D3B72DA0A3BDA
:108D20003CC3073B2375043B12F1003B1F70FA3A2A
:108D30007896F23AA257EA3A47B6E13A41B5D83ABC
:108D40009E57CF3A9FA0C53AB193BB3A7434B13A1B
:108D5000B586A63A6E8E9B3AC54F903A0CCF843AB0
:108D60007321723ADF325A3AE8DB413A6026293AF7
:108D7000601C103A7F90ED392569BA3949D8863997
:108D8000DAE7253973937638F1AB2BB8AF9913B97D
:108D9000B2387CB9864CB2B9B245E6B905F80CBA1E
:108DA000D19926BA3DFC3FBA491359BAF4D271BAE7
:108DB000A41785BA2C0E91BA27C79CBAB53CA8BA9D
:108DC0000469B3BA5546BEBAFECEC8BA68FDD2BA77
:108DD0001BCCDCBAB735E6BAFE34EFBAD4C4F7BA66
:108DE0003EE0FFBA36C103BB5A5307BB4EA40ABBD1
:108DF000EBB10DBB237A10BBFFFA12BBA83215BB37
:108E00005D1F17BB7FBF18BB89111ABB17141BBB93
:108E1000E4C51BBBCB251CBBCB321CBB03EC1BBB73
:108E2000B4501BBB47601ABB451A19BB5E7E17BB0B
:108E3000678C15BB594413BB58A610BBA9B20DBB18
:108E4000BB690ABB23CC06BB9EDA02BB1D2CFDBA54
:108E5000FEFEF3BA4430EABA9FC2DFBA0CB9D4BA04
:108E6000D916C9BA9BDFBCBA3517B0BAD4C1A2BAF9
:108E7000EEE394BA408286BA9D436FBAC48F50BA6B
:108E80000DF430BA147C10BAE267DEB973509AB9A7
:108E9000DF9729B9F754DFB76D5EE838303E833984
:108EA0000961CD3904310C3A3011323A5341583A04
:108EB0006BB17E3A99A8923A1208A63AC56EB93AB1
:108EC0003CD4CC3AEE2FE03A4079F33AC653033B18
:108ED0000FD90C3B2248163BA29C1F3B33D2283BA8
:108EE0007DE4313B2ECF3A3BF88D433B981C4C3B05
:108EF000D676543B85985C3B897D643BD4216C3BA2
:108F00006F81733B72987A3B89B1803BCBEE833B98
:108F10003302873BFFE9893B81A48C3B18308F3BB0
:108F2000328B913B54B4933B10AA953B0F6B973B0C
:108F30000CF6983BD8499A3B59659B3B8C479C3B28
:108F400084EF9C3B6B5C9D3B868D9D3B2F829D3BC4
:108F5000DC399D3B1BB49C3B95F09B3B0FEF9A3B50
:108F600065AF993B9131983BAA75963BDE7B943B6C
:108F70007C44923BEBCF8F3BB11E8D3B6E318A3BE5
:108F8000E008873BDFA5833B6209803BF068783BC4
:108F90009F50703B5ECC673BF5DE5E3B5E8B553B86
:108FA000C9D44B3B9BBE413B6A4C373BFC812C3BBD
:108FB0004B63213B7EF4153BE8390A3B1970FC3AC0
:108FC0002CE7E33AB0E2CA3A9F6CB13A3A8F973A4B
:108FD00012AA7A3AB091453A63EB0F3A699BB339DA
:108FE000663E0D39B4BC9BB853E094B91E8201BAF9
:108FF0002E9538BAD5906FBA302E93BA796FAEBA33
:10900000C97FC9BA9D52E4BA6CDBFEBAD7860CBBE5
:10901000746E19BB531E26BB459032BB28BE3EBBA7
:10902000E8A14ABB843556BB0D7361BBAF546CBB22
:10903000AFD476BBB77680BBB84C85BBADE989BBF6
:10904000FA4A8EBB196E92BB985096BB1CF099BB26
:10905000624A9DBB415DA0BBA826A3BBA3A4A5BB40
:109060005BD5A7BB16B7A9BB3948ABBB4787ACBB21
:10907000E672ADBBDD09AEBB154BAEBB9A35AEBBE0
:109080009EC8ADBB7403ADBB99E5ABBBAC6EAABBD0
:10909000749EA8BBE074A6BB04F2A3BB1F16A1BBC1
:1090A00095E19DBBF4549ABBF17096BB6A3692BBB6
:1090B00066A68DBB14C288BBCC8A83BB17047CBB5D
:1090C000F65270BBD00564BB912057BB72A749BB59
:1090D000F69E3BBBEB0B2DBB6AF31DBBD35A0EBBFD
:1090E000998FFCBA7F80DBBAB494B9BA11D996BA19
:1090F000D8B566BA27501EBA213BA9B90FB71BB81D
:1091000017708439F31D0F3A9AD65C3AD4A0953A79
:10911000131FBD3A43D5E43A2D59063B89521A3BF9
:10912000F74D2E3BA442423BA627563B05F4693B34
:10913000BE9E7D3B628F883B8335923B3BBD9B3B14
:109140000222A53B555FAE3BB970B73BB851C03B5F
:10915000E8FDC83BE970D13B6BA6D93B2C9AE13BBB
:10916000FE47E93BC7ABF03B82C1F73B4385FE3B83
:109170009B79023CD483053C7E5F083CDF0A0B3CB4
:109180004A840D3C27CA0F3CEDDA113C29B5133C4B
:109190007C57153C9CC0163C54EF173C87E2183CAA
:1091A0002E99193C5B121A3C3A4D1A3C0D491A3C57
:1091B00032051A3C2381193C71BC183CCDB6173CD2
:1091C000FF6F163CF0E7143CA31E133C3814113C0F
:1091D000ECC80E3C1B3D0C3C3C71093CE565063C73
:1091E000CB1B033C7D27FF3B5B9DF73B4B9BEF3B42
:1091F0009E23E73BE438DE3BE4DDD43B9F15CB3BCD
:109200004EE3C03B634AB63B864EAB3B95F39F3B78
:10921000A33D943BF630883B0EA4773BFF4A5E3B70
:109220007060443B6FEE293B61FF0E3B003CE73A28
:10923000ACAAAF3AECC26E3A76DEF9398B9D203893
:109240004F79D3B9C4325EBA1093A9BACD31E4BA1A
:10925000D66D0FBB38BB2CBBCEF349BB390A67BBFD
:1092600083F881BB564D90BBCC7C9EBB1980ACBBB8
:109270006E50BABB01E7C7BB0D3DD5BBD54BE2BBBA
:10928000A70CEFBBE178FBBBF9C403BCB09C09BCE5
:1092900061400FBCE9AC14BC31DF19BC35D41EBC35
:1092A000008923BCB2FA27BC81262CBCB80930BC8B
:1092B000B9A133BC02EC36BC28E639BCDF8D3CBC1E
:1092C000F7E03EBC5EDD40BC258142BC79CA43BCB0
:1092D000AEB744BC394745BCB47745BCDF4745BC55
:1092E000A0B644BC06C343BC456C42BCC0B140BC44
:1092F000FE923EBCB50F3CBCC52739BC3ADB35BC41
:109300004E2A32BC66152EBC169D29BC1FC224BC39
:1093100072851FBC2CE819BC99EB13BC36910DBCAF
:10932000ABDA06BCA293FFBB5BC1F0BBE942E1BB79
:10933000121DD1BBF354C0BB03F0AEBB14F49CBBF5
:109340004D678ABB54A06EBBFB6A47BBD53C1FBBB5
:109350009449ECBABF6498BACBD605BABE08203996
:10936000727C583A6DA8C53A8D0D103B57B83D3BFD
:1093700051C16B3B640A8D3B504FA43B2BA5BB3BBB
:109380008601D33BCA59EA3B9BD1003C73690C3C34
:10939000EFEE173C7F5C233C8DAC2E3C76D9393CFC
:1093A00092DD443C36B34F3CB3545A3C5CBC643C05
:1093B00086E46E3C8BC7783CE72F813CDCD3853C50
:1093C000E24C8A3C3E988E3C3BB3923C309B963CB0
:1093D000804D9A3C9AC79D3CFA06A13C2D09A43CBD
:1093E000CFCBA63C8F4CA93C2E89AB3C817FAD3CBA
:1093F000752DAF3C0A91B03C5CA8B13C9D71B23C6C
:109400001AEBB23C3E13B33C8DE8B23CAB69B23CC4
:109410005C95B13C826AB03C1FE8AE3C5B0DAD3C54
:109420007ED9AA3CF54BA83C5264A53C4B22A23CF9
:10943000C1859E3CB88E9A3C5F3D963C0C92913C17
:10944000418D8C3CA82F873C187A813C25DB763CEB
:1094500089166A3C10A95C3CC8954E3C19E03F3C1B
:10946000C68B303CED9C203C0A18103CE403FE3BCC
:10947000B1BFDA3B9C6EB63B7B1C913BBEAB553B10
:109480002350073B8D085D3A9C06D3B9D5F3DABA71
:10949000E3E841BB0EC68BBB4820B7BBF1F0E2BB93
:1094A000969207BCBBD41DBCD23434BC74A84ABC51
:1094B000E82461BC2A9F77BCF30587BCC12F92BC0E
:1094C0000A479DBCB945A8BC9625B3BC48E0BDBCC5
:1094D000556FC8BC26CCD2BC06F0DCBC24D4E6BC9C
:1094E0009671F0BC58C1F9BC265E01BDA1AD05BDA9
:1094F0007ACB09BD03B40DBD886311BD4BD614BD35
:10950000880818BD75F61ABD419C1DBD18F61FBD13
:10951000230022BD87B623BD671525BDE81826BDEB
:109520002ABD26BD53FE26BD88D826BDF14726BDDF
:10953000BB4825BD17D723BD3CEF21BD668D1FBDA0
:10954000DAAD1CBDE54C19BDDE6615BD25F810BDB4
:1095500026FD0BBD587206BD405400BDE33EF3BC72
:1095600019A1E4BC84C8D4BCA6AEC3BC254DB1BC13
:10957000C99D9DBC819A88BCC67A64BC590135BC22
:109580008EBD02BC1D499BBBF25EADBA89DA143BAD
:109590006519C63BB0DF233C93B8673CF64F973C58
:1095A000F34EBC3C1DDDE23C0F7F053DB15A1A3D38
:1095B0001203303DB079463DEDBF5D3D0CD7753DA2
:1095C0001B60873D383E943D5286A13DD038AF3D6B
:1095D0000756BD3D3EDECB3DACD1DA3D7730EA3DAE
:1095E000B9FAF93D7730EA3DACD1DA3D3EDECB3D0C
:1095F0000756BD3DD038AF3D5286A13D383E943D23
:109600001B60873D0CD7753DEDBF5D3DB079463D94
:109610001203303DB15A1A3D0F7F053D1DDDE23C7E
:10962000F34EBC3CF64F973C93B8673CB0DF233C0D
:109630006519C63B89DA143BF25EADBA1D499BBB86
:109640008EBD02BC590135BCC67A64BC819A88BC07
:10965000C99D9DBC254DB1BCA6AEC3BC84C8D4BCBD
:1096600019A1E4BCE33EF3BC405400BD587206BDF2
:1096700026FD0BBD25F810BDDE6615BDE54C19BDF8
:10968000DAAD1CBD668D1FBD3CEF21BD17D723BDD4
:10969000BB4825BDF14726BD88D826BD53FE26BD53
:1096A0002ABD26BDE81826BD671525BD87B623BD92
:1096B000230022BD18F61FBD419C1DBD75F61ABDC5
:1096C000880818BD4BD614BD886311BD03B40DBD09
:1096D0007ACB09BDA1AD05BD265E01BD58C1F9BC5F
:1096E0009671F0BC24D4E6BC06F0DCBC26CCD2BC1F
:1096F000556FC8BC48E0BDBC9625B3BCB945A8BCF5
:109700000A479DBCC12F92BCF30587BC2A9F77BC3A
:10971000E82461BC74A84ABCD23434BCBBD41DBCA0
:10972000969207BCF1F0E2BB4820B7BB0EC68BBBDC
:10973000E3E841BBD5F3DABA9C06D3B98D085D3AAC
:109740002350073BBEAB553B7B1C913B9C6EB63B0D
:10975000B1BFDA3BE403FE3B0A18103CED9C203C11
:10976000C68B303C19E03F3CC8954E3C10A95C3C90
:1097700089166A3C25DB763C187A813CA82F873C09
:10978000418D8C3C0C92913C5F3D963CB88E9A3C4E
:10979000C1859E3C4B22A23C5264A53CF54BA83CA3
:1097A0007ED9AA3C5B0DAD3C1FE8AE3C826AB03C62
:1097B0005C95B13CAB69B23C8DE8B23C3E13B33C26
:1097C0001AEBB23C9D71B23C5CA8B13C0A91B03C32
:1097D000752DAF3C817FAD3C2E89AB3C8F4CA93CB5
:1097E000CFCBA63C2D09A43CFA06A13C9AC79D3CD0
:1097F000804D9A3C309B963C3BB3923C3E988E3CCD
:10980000E24C8A3CDCD3853CE72F813C8BC7783C1B
:1098100086E46E3C5CBC643CB3545A3C36B34F3C6B
:1098200092DD443C76D9393C8DAC2E3C7F5C233CA8
:10983000EFEE173C73690C3C9BD1003CCA59EA3BE4
:109840008601D33B2BA5BB3B504FA43B640A8D3B09
:1098500051C16B3B57B83D3B8D0D103B6DA8C53AD0
:10986000727C583ABE082039CBD605BABF6498BA84
:109870009449ECBAD53C1FBBFB6A47BB54A06EBBF6
:109880004D678ABB14F49CBB03F0AEBBF354C0BB62
:10989000121DD1BBE942E1BB5BC1F0BBA293FFBB90
:1098A000ABDA06BC36910DBC99EB13BC2CE819BCA5
:1098B00072851FBC1FC224BC169D29BC66152EBC18
:1098C0004E2A32BC3ADB35BCC52739BCB50F3CBC8F
:1098D000FE923EBCC0B140BC456C42BC06C343BC1A
:1098E000A0B644BCDF4745BCB47745BC394745BC4E
:1098F000AEB744BC79CA43BC258142BC5EDD40BCE6
:10990000F7E03EBCDF8D3CBC28E639BC02EC36BC3F
:10991000B9A133BCB80930BC81262CBCB2FA27BC33
:10992000008923BC35D41EBC31DF19BCE9AC14BCA2
:1099300061400FBCB09C09BCF9C403BCE178FBBB1F
:10994000A70CEFBBD54BE2BB0D3DD5BB01E7C7BBB9
:109950006E50BABB1980ACBBCC7C9EBB564D90BB45
:1099600083F881BB390A67BBCEF349BB38BB2CBB3C
:10997000D66D0FBBCD31E4BA1093A9BAC4325EBA2A
:109980004F79D3B98B9D203876DEF939ECC26E3A27
:10999000ACAAAF3A003CE73A61FF0E3B6FEE293BC1
:1099A0007060443BFF4A5E3B0EA4773BF630883B39
:1099B000A33D943B95F39F3B864EAB3B634AB63B3E
:1099C0004EE3C03B9F15CB3BE4DDD43BE438DE3BAC
:1099D0009E23E73B4B9BEF3B5B9DF73B7D27FF3B8C
:1099E000CB1B033CE565063C3C71093C1B3D0C3C34
:1099F000ECC80E3C3814113CA31E133CF0E7143C99
:109A0000FF6F163CCDB6173C71BC183C2381193C46
:109A100032051A3C0D491A3C3A4D1A3C5B121A3C6D
:109A20002E99193C87E2183C54EF173C9CC0163C19
:109A30007C57153C29B5133CEDDA113C27CA0F3C85
:109A40004A840D3CDF0A0B3C7E5F083CD483053C16
:109A50009B79023C4385FE3B82C1F73BC7ABF03BA1
:109A6000FE47E93B2C9AE13B6BA6D93BE970D13B21
:109A7000E8FDC83BB851C03BB970B73B555FAE3B42
:109A80000222A53B3BBD9B3B8335923B628F883BCB
:109A9000BE9E7D3B05F4693BA627563BA442423B54
:109AA000F74D2E3B89521A3B2D59063B43D5E43ADC
:109AB000131FBD3AD4A0953A9AD65C3AF31D0F3ADB
:109AC000177084390FB71BB8213BA9B927501EBAAC
:109AD000D8B566BA11D996BAB494B9BA7F80DBBA50
:109AE000998FFCBAD35A0EBB6AF31DBBEB0B2DBB8F
:109AF000F69E3BBB72A749BB912057BBD00564BB08
:109B0000F65270BB17047CBBCC8A83BB14C288BBE3
:109B100066A68DBB6A3692BBF17096BBF4549ABBB5
:109B200095E19DBB1F16A1BB04F2A3BBE074A6BBCD
:109B3000749EA8BBAC6EAABB99E5ABBB7403ADBB6E
:109B40009EC8ADBB9A35AEBB154BAEBBDD09AEBBF7
:109B5000E672ADBB4787ACBB3948ABBB16B7A9BBF8
:109B60005BD5A7BBA3A4A5BBA826A3BB415DA0BB97
:109B7000624A9DBB1CF099BB985096BB196E92BB74
:109B8000FA4A8EBBADE989BBB84C85BBB77680BBC2
:109B9000AFD476BBAF546CBB0D7361BB843556BB81
:109BA000E8A14ABB28BE3EBB459032BB531E26BB34
:109BB000746E19BBD7860CBB6CDBFEBA9D52E4BA3F
:109BC000C97FC9BA796FAEBA302E93BAD5906FBA41
:109BD0002E9538BA1E8201BA53E094B9B4BC9BB832
:109BE000663E0D39699BB33963EB0F3AB091453A44
:109BF00012AA7A3A3A8F973A9F6CB13AB0E2CA3ACF
:109C00002CE7E33A1970FC3AE8390A3B7EF4153B3D
:109C10004B63213BFC812C3B6A4C373B9BBE413B59
:109C2000C9D44B3B5E8B553BF5DE5E3B5ECC673B60
:109C30009F50703BF068783B6209803BDFA5833B17
:109C4000E008873B6E318A3BB11E8D3BEBCF8F3BEB
:109C50007C44923BDE7B943BAA75963B9131983BCA
:109C600065AF993B0FEF9A3B95F09B3B1BB49C3B38
:109C7000DC399D3B2F829D3B868D9D3B6B5C9D3BE4
:109C800084EF9C3B8C479C3B59659B3BD8499A3B56
:109C90000CF6983B0F6B973B10AA953B54B4933B43
:109CA000328B913B18308F3B81A48C3BFFE9893B81
:109CB0003302873BCBEE833B89B1803B72987A3B82
:109CC0006F81733BD4216C3B897D643B85985C3B01
:109CD000D676543B981C4C3BF88D433B2ECF3A3BF9
:109CE0007DE4313B33D2283BA29C1F3B2248163BEC
:109CF0000FD90C3BC653033B4079F33AEE2FE03AC1
:109D00003CD4CC3AC56EB93A1208A63A99A8923A10
:109D10006BB17E3A5341583A3011323A04310C3A21
:109D20000961CD39303E83396D5EE838F754DFB7CD
:109D3000DF9729B973509AB9E267DEB9147C10BA7B
:109D40000DF430BAC48F50BA9D436FBA408286BAC0
:109D5000EEE394BAD4C1A2BA3517B0BA9BDFBCBA4D
:109D6000D916C9BA0CB9D4BA9FC2DFBA4430EABA1C
:109D7000FEFEF3BA1D2CFDBA9EDA02BB23CC06BB55
:109D8000BB690ABBA9B20DBB58A610BB594413BB93
:109D9000678C15BB5E7E17BB451A19BB47601ABBA3
:109DA000B4501BBB03EC1BBBCB321CBBCB251CBB79
:109DB000E4C51BBB17141BBB89111ABB7FBF18BBA3
:109DC0005D1F17BBA83215BBFFFA12BB237A10BB6D
:109DD000EBB10DBB4EA40ABB5A5307BB36C103BB44
:109DE0003EE0FFBAD4C4F7BAFE34EFBAB735E6BAEC
:109DF0001BCCDCBA68FDD2BAFECEC8BA5546BEBA94
:109E00000469B3BAB53CA8BA27C79CBA2C0E91BA5C
:109E1000A41785BAF4D271BA491359BA3DFC3FBAB6
:109E2000D19926BA05F80CBAB245E6B9864CB2B952
:109E3000B2387CB9AF9913B9F1AB2BB873937638BC
:109E4000DAE7253949D886392569BA397F90ED395D
:109E5000601C103A6026293AE8DB413ADF325A3A70
:109E60007321723A0CCF843AC54F903A6E8E9B3A6A
:109E7000B586A63A7434B13AB193BB3A9FA0C53ABD
:109E80009E57CF3A41B5D83A47B6E13AA257EA3A97
:109E90007896F23A1F70FA3A12F1003B2375043BB0
:109EA0003CC3073B72DA0A3BF4B90D3B0C61103B33
:109EB0001FCF123BAD03153B4FFE163BBBBE183BFD
:109EC000BF441A3B46901B3B52A11C3B03781D3BF1
:109ED0008D141E3B42771E3B8AA01E3BE5901E3B25
:109EE000ED481E3B51C91D3BD8121D3B5F261C3B54
:109EF000D9041B3B4BAF193BD226183B9C6C163B3D
:109F0000EB81143B1268123B7720103B8EAC0D3B6B
:109F1000DC0D0B3BF545083B7A56053B1941023BEE
:109F20001D0FFE3A3C57F73A335EF03AB327E93A51
:109F300081B7E13A6F11DA3A6039D23A3E33CA3A20
:109F4000FE02C23A9FACB93A2334B13A919DA83A85
:109F5000F1EC9F3A4E26973AAE4D8E3A1767853A06
:109F600011ED783AF4FF663ABA0E553A2E21433A8B
:109F7000063F313ADB6F1F3A2ABB0D3A9D50F83944
:109F8000027DD539A609B3395904913928F55E39CE
:109F9000E7F21C39C736B8382C3AE4377BC606B826
:109FA000A7F0BCB8C8B619B9D75753B9A8A385B993
:109FB000FEB8A0B9D1E2BAB98718D4B90C52ECB93D
:109FC000E8C301BA68D90CBA486617BA906721BAD3
:109FD0008FDA2ABADBBC33BA4F0C3CBA10C743BA8B
:109FE00089EB4ABA6C7851BAB26C57BA9BC75CBA63
:109FF000AD8861BAB3AF65BABD3C69BA20306CBAFE
:10A00000748A6EBA914C70BA927771BAD30C72BAE4
:10A01000EA0D72BAAE7C71BA2F5B70BABAAB6EBA87
:10A02000CF706CBA2AAD69BAB86366BA989762BA4B
:10A030001E4C5EBAC78459BA414554BA61914EBAB2
:10A04000276D48BAB6DC41BA58E43ABA748833BAD4
:10A0500094CD2BBA5AB823BA884D1BBAF19112BAD3
:10A06000828A09BA393C00BA4758EDB9BDBED9B9A0
:10A0700022B6C5B9D848B1B94B819CB9F26987B944
:10A080008D1A64B980EB38B99E5B0DB971FFC2B807
:10A09000F3B155B8386713B72D380C38C0999E38CE
:10A0A00059E4F6385C6A27392A225339AC867E395E
:10A0B000ABC294390206AA398104BF3986B5D339B7
:10A0C000B010E839DC0DFC3996D2073A8367113AB3
:10A0D0000EC21A3AB4DE233A19BA2C3A0A51353A6A
:10A0E0007BA03D3A8AA5453A815D4D3AD2C5543AA6
:10A0F0001DDC5B3A2C9E623AF909693AA81D6F3A59
:10A100008AD7743A21367A3A17387F3A24EE813A60
:10A11000DF10843AD603863ABAC6873A5459893A48
:10A1200081BB8A3A35ED8B3A7AEE8C3A6FBF8D3A25
:10A1300049608E3A50D18E3AE2128F3A71258F3AA9
:10A1400082098F3AABBF8E3A99488E3A07A58D3A6D
:10A15000C3D58C3AABDB8B3AAFB78A3ACD6A893A32
:10A1600013F6873A9B5A863A8F99843A25B4823AF5
:10A170009FAB803A95027D3A006D783A4399733AE5
:10A18000348A6E3ABB42693ACEC5633A73165E3A78
:10A19000BA37583ABE2C523AA3F84B3A959E453AF4
:10A1A000C7213F3A6E85383AC5CC313A05FB2A3A89
:10A1B0006A13243A2D191D3A840F163AA2F90E3A61
:10A1C000B2DA073ADBB5003A701CF339BACDE4399C
:10A1D000A485D639254AC8391B21BA394410AC396F
:10A1E000421D9E39934D903993A68239F25A6A39AD
:10A1F000A5CE4F390BB235399C0E1C3973ED02399F
:10A20000AAAED43849A9A43897B56B38E6A410385B
:10A21000B6F56037FC2BEBB65F54E0B799F83FB862
:10A220002F5D86B86B2DABB88363CEB8D8F6EFB888
:10A23000D2EF07B9810B17B9724B25B90DAD32B901
:10A240002A2E3FB90ACD4AB95E8855B93F5F5FB93A
:10A25000345168B9285E70B9718677B9CBCA7DB9B7
:10A26000299681B944D683B9A6A685B96E0887B95F
:10A27000E8FC87B98E8588B901A488B9105A88B9D5
:10A28000B0A987B9FB9486B9341E85B9BE4783B996
:10A29000201481B9FE0B7DB9424077B9CECA70B99E
:10A2A0009BB169B9D4FA61B9D4AC59B920CE50B9CF
:10A2B000656547B973793DB93C1133B9CC3328B9D9
:10A2C0004BE81CB9F23511B90E2405B9F673F1B893
:10A2D00037FED7B8B8F5BDB85569A3B8EA6788B8EE
:10A2E00094005AB8798222B8C7E5D4B7FABB47B709
:10A2F000B989DD35D3048037306EF237846E323859
:10A300004B8D6B38443C9238EE8AAE38BFA5CA38C4
:10A310001E80E638E206013962A10E39C4091C39F3
:10A320006E3A2939F52D363923DF4239F5484F3950
:10A33000A0665B398D33673961AB7239F8C97D39F5
:10A34000B54584390476893932748E39A43E9339FF
:10A35000DFD3973986329C395B59A0394047A439FD
:10A3600033FBA7395574AB39E4B1AE393AB3B139DF
:10A37000D477B4394AFFB6395249B939C155BB39D6
:10A380008824BD39B4B5BE396F09C039FD1FC13944
:10A39000BFF9C1392E97C239DDF8C239791FC339E7
:10A3A000C50BC3399EBEC239F438C239CF7BC1391F
:10A3B0004C88C039995FBF39FA02BE39C373BC39C2
:10A3C0005AB3BA3934C3B839D6A4B639D359B43923
:10A3D000CAE3B1396844AF39637DAC397C90A9399F
:10A3E0007D7FA639384CA33985F89F3944869C393E
:10A3F00058F79839A84D9539208B9139ACB18D39E2
:10A400003AC38939B8C1853912AF8139681A7B39A5
:10A410000EBC7239E0466A399FBE61390527593949
:10A42000BB83503961D8473987283F39AC773639F3
:10A430003DC92D3996202539FD801C39A3ED1339EE
:10A44000A3690B3901F802394F37F538CFAEE4383C
:10A45000F15BD438ED43C438C36BB4383CD8A4386E
:10A46000E48D95380E918638A4CB6F38122053387E
:10A47000A02637380BE61B38966401380850CF37D2
:10A480003B6B9D37B7485A371210FA36D38E0C36CD
:10A49000AE5B4DB6675C06B730E355B7CEF190B70B
:10A4A000E92BB5B7E99DD7B7AF46F8B7FF920BB820
:10A4B0003B1E1AB8C3C527B8BB8A34B8AB6E40B8C8
:10A4C0007C734BB8789B55B844E95EB8DF5F67B8DA
:10A4D0009C026FB81FD575B85CDB7BB8C78C80B8A1
:10A4E0001CCA82B811A884B8262986B8FB4F87B841
:10A4F0004B1F88B8E89988B8BEC288B8CB9C88B88A
:10A50000242B88B8EC7087B8557186B8A12F85B810
:10A510001AAF83B815F381B8DAFD7FB806AC7BB803
:10A5200077F776B8F8E671B855816CB855CD66B84E
:10A53000B8D160B833955AB86D1E54B8FE734DB893
:10A54000669C46B8129E3FB8537F38B85D4631B816
:10A5500047F929B8069E22B86A3A1BB81FD413B827
:10A56000A8700CB85F1505B8E18EFBB7BE17EDB744
:10A57000F8CEDEB7D5BDD0B736EDC2B79B65B5B75F
:10A580001A2FA8B763519BB7BED38EB707BD82B74A
:10A590005D276EB776BB57B78D4142B7FEC32DB767
:10A5A0004D4C1AB729E307B7D420EDB62CB6CCB67C
:10A5B000C492AEB667C192B6949672B6257044B690
:10A5C000B91B1BB61245EDB5C215AEB5BF6071B56E
:10A5D0007A2C1AB52D0DADB42D7219B4321C19B3E5
:10A5E000009E0529000000003A1C99B625C819B73D
:10A5F000378867B772D39AB7A0FDC1B7752DE9B791
:10A60000882608B8F4A21BB86C002FB8103342B8E3
:10A61000BE2E55B813E767B8704F7AB8832D86B849
:10A620006AFE8EB8DC9397B833E79FB8C2F1A7B83B
:10A63000CFACAFB89D11B7B86D19BEB881BDC4B865
:10A6400023F7CAB8A9BFD0B87510D6B8FEE2DAB8F9
:10A65000D130DFB898F3E2B81C25E6B84BBFE8B8B4
:10A660003ABCEAB82D16ECB89AC7ECB82BCBECB8CC
:10A67000C41BECB88BB4EAB8E690E8B882ACE5B895
:10A680005803E2B8B291DDB82B54D8B8B647D2B867
:10A69000A169CBB89AB7C3B8AF2FBBB857D0B1B880
:10A6A0006F98A7B841879CB8879C90B86DD883B83D
:10A6B00023776CB8168E4FB8D3F830B86DBB10B88E
:10A6C000E7B5DDB7E0BA96B7AD2719B74721AF3385
:10A6D000DEF72137743EA4378A60FA3701A529389E
:10A6E0005570573812428338A9689B38E323B43831
:10A6F000366BCD389C35E738CABC003995160E3913
:10A70000F9A21B39875C2939993D373956404539BB
:10A71000AE5E53396292613903D56F39F41F7E39C9
:10A7200038368639C5598D3917779439948A9B39CB
:10A730009390A2395A85A9392765B0392A2CB7399F
:10A740008DD6BD397160C439F2C5CA392A03D139F1
:10A750002F14D7391BF5DC3909A2E2391817E8396B
:10A760006F50ED393E4AF239BE00F7393770FB3988
:10A770000295FF39C2B5013A1F78033ADE0F053A58
:10A78000577B063AEAB8073A08C7083A31A4093AAB
:10A79000F54E0A3AF4C50A3AE3070B3A88130B3A26
:10A7A000BEE70A3A77830A3AB9E5093AA20D093AAF
:10A7B0006AFA073A5EAB063AE81F053A8C57033A45
:10A7C000E851013A701DFE39A41BF939569EF33940
:10A7D000ADA5ED390A32E7390C44E03991DCD839BE
:10A7E000B8FCD039DDA5C8399DD9BF39D699B6395D
:10A7F000A8E8AC3973C8A239D93B9839BB458D3923
:10A800003CE9813981536C39D61554393C213B39A7
:10A81000F67D2139BF3407399A9DD8389AABA138D3
:10A820007A4F5338919CC237210394B6E9EE07B8AA
:10A8300007CE7EB87B76BBB8BA0CF8B8F6871AB9E3
:10A84000C93239B946F957B994CD76B9C9D08AB960
:10A8500070339AB97387A9B96CC5B8B9DCE5C7B9C3
:10A8600034E1D6B9D2AFE5B90A4AF4B9125401BA03
:10A87000336108BA88480FBA340616BA5A961CBA19
:10A8800025F522BAC41E29BA700F2FBA6CC334BA88
:10A8900009373ABAA4663FBAAC4E44BAA2EB48BAFA
:10A8A0001C3A4DBAC73651BA67DE54BADC2D58BAD5
:10A8B00020225BBA4DB85DBA9DED5FBA6DBF61BA3B
:10A8C0003B2B63BAAC2E64BA8DC764BAD4F364BAB6
:10A8D000A0B164BA3DFF63BA25DB62BA024461BA33
:10A8E000AC385FBA2FB85CBAC9C159BAEE5456BA7F
:10A8F000457152BAAC164EBA394549BA39FD43BA18
:10A90000343F3EBAE80B38BA506431BAA0492ABA8B
:10A9100046BD22BAECC01ABA785612BA088009BAF3
:10A92000F83F00BABB31EDB90E1BD9B9FF41C4B92C
:10A9300014ADAEB9436398B9F56B81B9FC9D53B9B9
:10A94000402923B91716E3B803567BB8D1B831B7FD
:10A95000843C26383C2CBE3849641539D4634C39C4
:10A9600025FF81394B0E9E398853BA39C2C2D63978
:10A970009B4FF339BDF6073AC747163A6994243A14
:10A980000CD6323A0206413A8F1D4F3AE8155D3A2D
:10A9900035E86A3A9A8D783A99FF823A0D9B893A5E
:10A9A000B615903A266C963AF29A9C3AB39EA23A21
:10A9B0000C74A83AA817AE3A3B86B33A89BCB83AA9
:10A9C00061B7BD3AA473C23A43EEC63A4224CB3AC9
:10A9D000BB12CF3ADEB6D23AF30DD63A5D15D93A6C
:10A9E00098CADB3A3E2BDE3A0735E03ACDE5E13A4C
:10A9F000883BE33A5534E43A74CEE43A4B08E53AFE
:10AA000066E0E43A7A55E43A6366E33A2912E23AB8
:10AA1000FF57E03A4237DE3A7FAFDB3A6EC0D83AB2
:10AA2000F769D53A31ACD13A6287CD3A02FCC83ADF
:10AA3000B90AC43A5EB4BE3AFCF9B83ACFDCB23ACD
:10AA4000445EAC3AFA7FA53AC0439E3A99AB963A37
:10AA5000B7B98E3A7E70863A00A57B3A03C5693A4B
:10AA6000E846573AF030443AB789303A2F581C3A02
:10AA7000A5A3073A72E7E439B7A0B9399E838D39A7
:10AA800082424139462DCC388B811A372CC7A7B862
:10AA9000E26532B9A9DB88B9C7D7B8B9B512E9B947
:10AAA000BDBB0CBA66F824BA83343DBA236555BAE7
:10AAB000347F6DBAC5BB82BA73A18EBAFA6A9ABAEC
:10AAC000AD12A6BAD992B1BACFE5BCBADC05C8BA04
:10AAD00058EDD2BA9E96DDBA14FCE7BA2F18F2BA36
:10AAE00071E5FBBA37AF02BBEA3E07BB309F0BBB39
:10AAF00079CD0FBB41C713BB148A17BB91131BBB86
:10AB000067611EBB5B7121BB454124BB16CF26BBD1
:10AB1000D41829BB9F1C2BBBB0D82CBB5C4B2EBBC5
:10AB200015732FBB674E30BBFFDB30BBA81A31BBA0
:10AB30004D0931BBFCA630BBE2F22FBB4FEC2EBB64
:10AB4000B9922DBBB7E52BBB05E529BB869027BB8A
:10AB500042E824BB65EC21BB459D1EBB5CFB1ABBD8
:10AB60004B0717BBDEC112BB032C0EBBD24609BB81
:10AB70008C1304BB2C27FDBAFB90F1BAEE67E5BA43
:10AB8000BAAFD8BA606CCBBA2DA2BDBAB755AFBABE
:10AB9000DF8BA0BACA4991BAE79481BACBE562BA11
:10ABA00075D341BA33FF1FBAD4EBFAB9F389B4B9FC
:10ABB000CBE859B9AF1E91B8947B953862C25F3922
:10ABC0005E20BB39727E033A48AB293A5006503AB0
:10ABD000E07E763A09828E3A64C2A13AD8F7B43A56
:10ABE000AB19C83A0F1FDB3A2BFFED3A8F58003BE9
:10ABF000FE95093B70B3123B71AC1B3B937C243B2D
:10AC00006A1F2D3B9590353BBBCB3D3B90CC453BE4
:10AC1000D48E4D3B590E553B02475C3BC634633BDB
:10AC2000B3D3693BEE1F703BB815763B6BB17B3BF2
:10AC3000C277803B4EE6823BB722853B6F2B873B3A
:10AC4000F8FE883BE99B8A3BED008C3BC62C8D3B94
:10AC50004A1E8E3B67D48E3B224E8F3B9C8A8F3B95
:10AC600009898F3BBD488F3B21C98E3BBC098E3B78
:10AC7000310A8D3B3BCA8B3BB5498A3B9688883B62
:10AC8000F186863BF544843BF2C2813BA7027E3BC2
:10AC90004401783B0B83713B86896A3B7B16633B9F
:10ACA000ED2B5B3B18CC523B74F9493BB4B6403BAF
:10ACB000C406373BC9EC2C3B216C223B6188173B17
:10ACC00054450C3BFBA6003B1663E93AD6D2D03A7A
:10ACD00065A6B73A56E79D3A929F833AC0B2513A79
:10ACE000AE3E1B3A8AF1C739C0DD2F3922E54AB89A
:10ACF000F6C18BB90B11FFB9778C39BAEAD373BAA5
:10AD0000CB2297BAEF63B4BA6AA0D1BA27CBEEBA16
:10AD10007AEB05BB455B14BB4AAE22BBD7DD30BB2B
:10AD20003BE33EBBC4B74CBBC4545ABB97B367BBF1
:10AD30009FCD74BB27CE80BB920C87BBDC1E8DBB26
:10AD4000DB0193BB70B298BB8C2D9EBB3270A3BB52
:10AD50007177A8BB7040ADBB68C8B1BBA70CB6BBD0
:10AD6000940ABABBAEBFBDBB8F29C1BBE945C4BB0A
:10AD70009012C7BB708DC9BB99B4CBBB3986CDBB14
:10AD8000A100CFBB4222D0BBB3E9D0BBB055D1BBF1
:10AD90001965D1BBF516D1BB736AD0BBE95ECFBBD9
:10ADA000D6F3CDBBE428CCBBE5FDC9BBD672C7BB8F
:10ADB000DF87C4BB543DC1BBB593BDBBAB8BB9BB37
:10ADC0000D26B5BBDF63B0BB4E46ABBBB6CEA5BB55
:10ADD0009DFE9FBBB4D799BBD95B93BB138D8CBB36
:10ADE000946D85BB6DFF7BBB028C6CBB3E865CBBF0
:10ADF000CCF34BBBA0DA3ABBFC4029BB6C2D17BB94
:10AE0000C1A604BB2568E3BA70B9BCBA965095BA1E
:10AE1000837A5ABA231F09BA8CC05AB99D84E5387F
:10AE2000B0C0E139CCBB453A768F8D3A8F72B83AD3
:10AE30009D74E33A6A41073B17C51C3BBE3B323B5E
:10AE4000B49B473B41DB5C3BA1F0713B0669833B14
:10AE5000DCBA8D3BEEE8973B5EEEA13B50C6AB3BC8
:10AE6000F46BB53B81DABE3B3D0DC83B7BFFD03B6D
:10AE7000A1ACD93B2610E23B9825EA3B9DE8F13B8B
:10AE8000F354F93B3B33003C908C033C85B4063CC7
:10AE900037A9093CD7680C3CA9F10E3C0242113C91
:10AEA0005058133C1433153CE8D0163C7C30183C09
:10AEB0009A50193C23301A3C15CE1A3C85291B3C6C
:10AEC000A6411B3CC7151B3C52A51A3CD0EF193CB0
:10AED000E5F4183C55B4173C032E163CED61143CC8
:10AEE0003550123C19F90F3CF85C0D3C4F7C0A3C84
:10AEF000BB57073CFBEF033CEB45003C11B5F83B6F
:10AF0000DD5DF03BB288E73B4438DE3B856FD43BE8
:10AF1000A531CA3B0E82BF3B6664B43B8CDCA83BC8
:10AF200098EE9C3BDA9E903BD7F1833B93D86D3BE8
:10AF30003D26533BE7D6373B2EF51B3B0D18FF3A1A
:10AF40007B4DC53AE7A18A3A585A1E3ACE3D183988
:10AF5000D6D5A6B9CFE14DBAAC90A4BA657AE2BA1B
:10AF6000AC4910BB37602FBB24734EBBA5746DBBBF
:10AF7000682B86BBD48595BB90C2A4BB94DAB3BBC7
:10AF8000D4C6C2BB4880D1BBEEFFDFBBCB3EEEBB1D
:10AF9000F135FCBB40EF04BCD4980BBC5A1412BC76
:10AFA000825E18BC09741EBCBC5124BC7AF429BC56
:10AFB00034592FBCED7C34BCC25C39BCE2F53DBCDD
:10AFC000974542BC464946BC6DFE49BCA7624DBC94
:10AFD000B07350BC5F2F53BCAE9355BCB99E57BCE9
:10AFE000BD4E59BC1EA25ABC61975BBC362D5CBCE1
:10AFF00070625CBC0C365CBC2EA75BBC25B55ABC31
:10B000006B5F59BCA2A557BC9A8755BC4D0553BC74
:10B01000E31E50BCAFD44CBC332749BC1C1745BC05
:10B0200046A540BCB9D23BBCAAA036BC7E1031BC00
:10B03000C3232BBC37DC24BCC33B1EBC7C4417BCE5
:10B04000A3F80FBCA35A08BC116D00BC5C65F0BB33
:10B05000C15CDFBB72C6CDBBDBA8BBBBB50AA9BB5D
:10B0600001F395BB0A6982BBB4E85CBB843934BB8D
:10B070009ED40ABB2895C1BAB0B158BA57B930B9F5
:10B080006C18023AE6EC983AD265F13AA628253BCC
:10B0900088C4513B31737E3B8490953B22DDAB3BB2
:10B0A0007B15C23B872FD83B3221EE3B32F0013C6F
:10B0B0007FB10C3C724F173C01C5213C270D2C3C45
:10B0C000E522363C4801403C67A3493C6A04533CB6
:10B0D000871F5C3C08F0643C4C716D3CCA9E753C1B
:10B0E00011747D3C6776823C6502863CF75B893C47
:10B0F00024818C3C03708F3CC026923C9AA3943CE4
:10B10000E5E4963C0CE9983C91AE9A3C0C349C3CAE
:10B110002F789D3CC6799E3CB6379F3C00B19F3C42
:10B12000BFE49F3C2CD29F3C9D789F3C84D79E3CA3
:10B1300073EE9D3C1ABD9C3C46439B3CE580993C8C
:10B140000676973CD622953CA287923CDAA48F3CA7
:10B150000B7B8C3CE60A893C3A55853CF95A813C8C
:10B16000673A7A3C363A713C04B8673CB5B65D3C08
:10B170006B39533C8843483CABD83C3CB1FC303C39
:10B18000B1B3243CFE01183C22EC0A3CC4EDFA3B6E
:10B190006D4EDF3B9C04C33B141BA63BF99C883BD4
:10B1A0009E2B553BE622183B6370B43A6824DC3989
:10B1B0008A790FBACEACC7BAC24824BB3B1A65BB6A
:10B1C000931793BBB6B5B3BB5159D4BB01F4F4BBD1
:10B1D000A3BB0ABC3EEA1ABC78FE2ABCEDF03ABC1E
:10B1E00035BA4ABCE3525ABC90B369BCD4D478BCDB
:10B1F000AAD783BCDE1D8BBC633992BCA12699BC47
:10B2000007E29FBC1368A6BC4FB5ACBC54C6B2BC29
:10B21000CD97B8BC7826BEBC246FC3BCBA6EC8BC80
:10B220003722CDBCB286D1BC5C99D5BC8357D9BC82
:10B2300091BEDCBC0FCCDFBCA57DE2BC1FD1E4BC61
:10B240006AC4E6BC9755E8BCDC82E9BC974AEABC14
:10B250004CABEABCA8A3EABC8232EABCDA56E9BC31
:10B26000DF0FE8BCE85CE6BC7C3DE4BC4EB1E1BC71
:10B2700042B8DEBC6752DBBCFF7FD7BC7B41D3BC8E
:10B280007A97CEBCCF82C9BC7C04C4BCB31DBEBC03
:10B29000D9CFB7BC821CB1BC7405AABCA48CA2BC1B
:10B2A0003AB49ABC8B7E92BC1DEE89BCA50581BCCC
:10B2B0000C906FBCA2705CBC88B348BC915F34BC7E
:10B2C000E87B1FBC0B100ABC9747E8BB937EBBBB57
:10B2D000E7D58DBB06BE3EBBA8AFC0BA2C4F1EB78C
:10B2E000D190C03A3835423B0B80923B0C40C43B76
:10B2F000C345F63BF83D143C7D662D3C7C91463CB5
:10B30000DBB35F3C5EC2783CD8D8883C303B953C90
:10B310007682A13CE1A8AD3CA4A8B93CEC7BC53C3D
:10B32000EA1CD13CCD85DC3CCAB0E73C1D98F23C20
:10B330000B36FD3C72C2033D84BF083D738F0D3D4B
:10B34000802F123DF89C163D33D51A3D97D51E3DF2
:10B35000999B223DBC24263D976E293DD1762C3DFC
:10B36000243B2F3D61B9313D6FEF333D48DB353D27
:10B37000037B373DCCCC383DEECE393DCC7F3A3DDA
:10B38000E5DD3A3DD7E73A3D609C3A3D59FA393D13
:10B39000BF00393DAEAE373D6503363D46FE333D19
:10B3A000D49E313DBAE42E3DC5CF2B3DE75F283D0D
:10B3B0003B95243D0070203D9DF01B3DA117173D9E
:10B3C000C0E5113DDA5B0C3DF57A063D4044003D99
:10B3D0002672F33CDFB5E53CFD56D73C2659C83C08
:10B3E00051C0B83CC790A83C22CF973C4C80863CCB
:10B3F0000153693C92A0443CFDF41E3C1EB9F03B55
:10B400005AC8A13B5465223BD6CFEBB79AEB28BB79
:10B41000E94CA9BBA951FFBBC2312BBC713057BC51
:10B42000CCC981BCB92498BCDD9FAEBCE131C5BCA0
:10B4300033D1DBBC0C74F2BC398804BD1FCE0FBD08
:10B440008C061BBD402C26BDE53931BD162A3CBDFE
:10B450005AF746BD2A9C51BDF1125CBD0D5666BD22
:10B46000D45F70BD8F2A7ABD42D881BDF87586BD84
:10B4700087EB8ABD0C368FBDA25293BD663E97BD49
:10B4800077F69ABDF6779EBD07C0A1BDD3CBA4BD0C
:10B490008998A7BD5B23AABD8669ACBD4C68AEBDCB
:10B4A000FA1CB0BDE584B1BD6E9DB2BD0164B3BDF3
:10B4B00016D6B3BD32F1B3BDEBB2B3BDE118B3BD27
:10B4C000C820B2BD64C8B0BD870DAFBD1AEEACBD1B
:10B4D0001668AABD8979A7BD9420A4BD6E5BA0BDE6
:10B4E00064289CBDDB8597BD4B7292BD48EC8CBD3A
:10B4F0007CF286BDAB8380BD653D73BD118564BDA7
:10B500007DDC54BD034244BD33B432BDD13120BDD6
:10B51000DFB90CBD2697F0BCBDCCC5BCDA1399BC15
:10B520008FD854BC1659E7BB56516ABAEE76B43B75
:10B53000D2F1463CE3BC9B3C15E7D53C3BFA083DC9
:10B54000C3F0273D26D5473D2DA5683D332F853DCA
:10B55000137F963DC340A83DB372BA3D3713CD3D2E
:10B560008620E03DBE98F33DEFBC033EE6E00D3E95
:10B570002A37183E93BE223EEF752D3EFB5B383EC8
:10B580006C6F433EEAAE4E3E11195A3E71AC653EB9
:10B590009267713EEF487D3E7DA7843E0EBC8A3E99
:10B5A0005AE1903E8B16973EC95A9D3E37ADA33E59
:10B5B000F30CAA3E1A79B03EC4F0B63E0673BD3E07
:10B5C000F3FEC33E9A93CA3E0A30D13E4DD3D73ED6
:10B5D0006E7CDE3E742AE53E67DCEB3E4C91F23E2B
:10B5E0002848F93E0000003FEC5B033F5AB7063F96
:10B5F000CD110A3FC66A0D3FC9C1103F5916143F0D
:10B60000FB67173F33B61A3F86001E3F7D46213F3A
:10B610009E87243F73C3273F86F92A3F65292E3F23
:10B620009B52313FBA74343F538F373FF9A13A3FB1
:10B6300041AC3D3FC4AD403F1BA6433FE494463F71
:10B64000BC79493F45544C3F25244F3F01E9513FC8
:10B6500084A2543F5B50573F36F2593FC6875C3F48
:10B66000C4105F3FE88C613FEFFB633F995D663F2D
:10B67000AAB1683FE8F76A3F1E306D3F1A5A6F3F24
:10B68000AD75713FAE82733FF480753F5C70773F5C
:10B69000C750793F19227B3F39E47C3F12977E3FA8
:10B6A0004A1D803F59E7803FB1A9813F4F64823FE7
:10B6B0003317833F5DC2833FCF65843F8F01853F52
:10B6C000A295853F1022863FE4A6863F2824873F27
:10B6D000EB99873F3B08883F286F883FC5CE883F5E
:10B6E0002527893F5E78893F86C2893FB7058A3F13
:10B6F00009428A3F99778A3F81A68A3FE2CE8A3FF4
:10B70000D8F08A3F860C8B3F0D228B3F8E318B3FCA
:10B710002F3B8B3F133F8B3F613D8B3F40368B3F31
:10B72000D7298B3F4E188B3FD0018B3F85E68A3F50
:10B7300098C68A3F36A28A3F89798A3FBD4C8A3FA4
:10B74000001C8A3F7FE7893F67AF893FE673893FE7
:10B750002A35893F61F3883FB8AE883F6067883FEC
:10B76000841D883F54D1873FFF82873FB032873F97
:10B7700098E0863FE18C863FBB37863F51E1853FAD
:10B78000CF89853F6231853F34D8843F717E843FC5
:10B790004224843FD0C9833F456F833FC814833F11
:10B7A0007FBA823F9360823F2707823F61AE813F2D
:10B7B0006356813F52FF803F4DA9803F7654803FC2
:10B7C000EC00803F9B5D7F3F6FBC7E3F8E1E7E3FC7
:10B7D0002C847D3F7EED7C3FB45A7C3FFECB7B3F8B
:10B7E00087417B3F7ABB7A3FFD397A3F37BD793F4E
:10B7F0004845793F51D2783F6F64783FBCFB773F33
:10B800005198773F423A773FA4E1763F868E763F64
:10B81000F640763F00F9753FACB6753F027A753F4A
:10B820000443753FB411753F13E6743F1CC0743F69
:10B83000CA9F743F1585743FF46F743F5A60743F1C
:10B840003A56743F8351743F2252743F0358743FF9
:10B850001163743F3373743F5088743F4CA2743F3C
:10B8600009C1743F6AE4743F4E0C753F9338753FCD
:10B870001769753FB49D753F46D6753FA712763F51
:10B88000AD52763F3196763F08DD763F0927773F08
:10B890000874773FD9C3773F5016783F3F6B783FA6
:10B8A0007AC2783FD21B793F1977793F21D4793F0B
:10B8B000BB327A3FB9927A3FECF37A3F27567B3F0F
:10B8C00039B97B3FF71C7C3F31817C3FBAE57C3F37
:10B8D000664A7D3F08AF7D3F74137E3F80777E3F91
:10B8E00000DB7E3FCB3D7F3FB89F7F3F4F00803FD7
:10B8F0002C30803F5F5F803FD68D803F7FBB803F95
:10B9000048E8803F2014813FF83E813FBF68813F77
:10B910006791813FE1B8813F20DF813F1704823F7B
:10B92000B827823FFA49823FD16A823F338A823FF9
:10B9300016A8823F72C4823F3FDF823F77F8823F82
:10B940001210833F0B26833F5E3A833F064D833FB1
:10B95000005E833F4A6D833FE17A833FC586833F24
:10B96000F690833F7499833F3FA0833F5BA5833F5D
:10B97000CAA8833F8FAA833FADAA833F2AA9833FEA
:10B980000BA6833F56A1833F129B833F4593833F82
:10B99000F789833F307F833FFA72833F5E65833F41
:10B9A0006556833F1B46833F8934833FBB21833FDA
:10B9B000BD0D833F9AF8823F5FE2823F19CB823F01
:10B9C000D5B2823FA099823F887F823F9B64823FAD
:10B9D000E648823F772C823F5F0F823FAAF1813F8A
:10B9E00067D3813FA6B4813F7495813FE275813F63
:10B9F000FD55813FD435813F7715813FF4F4803F79
:10BA000059D4803FB6B3803F1893803F8D72803FFA
:10BA10002452803FEB31803FEF11803F7BE47F3F3A
:10BA2000C8A57F3FDD677F3FD42A7F3FC6EE7E3FBC
:10BA3000CAB37E3FF7797E3F63417E3F240A7E3F53
:10BA40004FD47D3FF89F7D3F316D7D3F0D3C7D3F65
:10BA50009D0C7D3FF2DE7C3F1AB37C3F25897C3F05
:10BA600020617C3F173B7C3F16177C3F28F57B3FCE
:10BA700056D57B3FA9B77B3F289C7B3FD9827B3F34
:10BA8000C36B7B3FE9567B3F50447B3FF9337B3FA1
:10BA9000E6257B3F171A7B3F8C107B3F44097B3F99
:10BAA0003B047B3F6F017B3FDA007B3F78027B3FAB
:10BAB00042067B3F320C7B3F3F147B3F601E7B3F47
:10BAC0008B2A7B3FB8387B3FD9487B3FE35A7B3F8B
:10BAD000CA6E7B3F80847B3FF79B7B3F20B57B3FDB
:10BAE000EDCF7B3F4DEC7B3F300A7C3F85297C3F8F
:10BAF0003B4A7C3F406C7C3F828F7C3FEEB37C3F77
:10BB000072D97C3FFBFF7C3F74277D3FCB4F7D3F4D
:10BB1000EC787D3FC2A27D3F3ACD7D3F3FF87D3F2F
:10BB2000BE237E3FA14F7E3FD57B7E3F46A87E3F12
:10BB3000DFD47E3F8D017F3F3B2E7F3FD75A7F3F33
:10BB40004D877F3F8AB37F3F7ADF7F3F8605803F07
:10BB5000161B803F6530803F6A45803F1D5A803FFD
:10BB6000746E803F6982803FF395803F0BA9803FD0
:10BB7000A9BB803FC6CD803F5DDF803F65F0803F41
:10BB8000DA00813FB510813FF11F813F892E813F4F
:10BB9000773C813FB849813F4856813F2162813FD0
:10BBA000416D813FA577813F4B81813F2E8A813F47
:10BBB0004E92813FA999813F3EA0813F0BA6813FD4
:10BBC0000FAB813F4BAF813FBFB2813F6AB5813F31
:10BBD0004EB7813F6CB8813FC5B8813F5AB8813FAD
:10BBE0002FB7813F44B5813F9DB2813F3DAF813F3B
:10BBF00027AB813F5FA6813FE7A0813FC59A813F88
:10BC0000FD93813F938C813F8B84813FEC7B813F0F
:10BC1000BA72813FFA68813FB25E813FE953813F4A
:10BC2000A348813FE83C813FBD30813F2924813FCB
:10BC30003217813FDE09813F36FC803F3FEE803F77
:10BC400000E0803F80D1803FC7C2803FDBB3803FB0
:10BC5000C3A4803F8695803F2B86803FBA76803F85
:10BC60003A67803FB057803F2548803F9F38803FEC
:10BC70002429803FBC19803F6D0A803F7CF67F3FBE
:10BC800069D87F3FAFBA7F3F599D7F3F74807F3F28
:10BC90000B647F3F29487F3FDA2C7F3F27127F3F8D
:10BCA0001CF87E3FC2DE7E3F23C67E3F47AE7E3F0E
:10BCB00037977E3FFC807E3F9D6B7E3F21577E3FC6
:10BCC0008F437E3FEF307E3F441F7E3F960E7E3F88
:10BCD000E8FE7D3F40F07D3FA1E27D3F0FD67D3FF6
:10BCE0008CCA7D3F1CC07D3FBFB67D3F78AE7D3F97
:10BCF00048A77D3F2FA17D3F2C9C7D3F41987D3FF4
:10BD00006B957D3FA9937D3FF9927D3F5A937D3F8F
:10BD1000C8947D3F3F977D3FBE9A7D3F3E9F7D3FCC
:10BD2000BCA47D3F34AB7D3F9FB27D3FF8BA7D3FE1
:10BD300039C47D3F5DCE7D3F5BD97D3F2EE57D3FA4
:10BD4000CEF17D3F33FF7D3F560D7E3F2F1C7E3F62
:10BD5000B52B7E3FE03B7E3FA74C7E3F015E7E3FA2
:10BD6000E66F7E3F4B827E3F28957E3F73A87E3FE5
:10BD700023BC7E3F2ED07E3F8AE47E3F2EF97E3F5D
:10BD80000F0E7F3F25237F3F64387F3FC44D7F3FA9
:10BD90003B637F3FBF787F3F468E7F3FC7A37F3F98
:10BDA00038B97F3F91CE7F3FC8E37F3FD4F87F3FD4
:10BDB000D606803F2411803F4F1B803F5425803F93
:10BDC0002E2F803FDA38803F5342803F974B803F91
:10BDD000A154803F6D5D803FFA65803F436E803F98
:10BDE0004676803F007E803F6E85803F8D8C803F11
:10BDF0005C93803FD899803FFF9F803FCFA5803FD5
:10BE000046AB803F64B0803F26B5803F8CB9803F11
:10BE100094BD803F3DC1803F88C4803F73C7803F51
:10BE2000FEC9803F29CC803FF4CD803F5FCF803F6B
:10BE30006AD0803F17D1803F65D1803F56D1803F87
:10BE4000EAD0803F22D0803F01CF803F86CD803F27
:10BE5000B5CB803F8DC9803F13C7803F46C4803F2C
:10BE60002AC1803FC0BD803F0BBA803F0DB6803FE6
:10BE7000C8B1803F40AD803F77A8803F70A3803F2E
:10BE80002E9E803FB298803F0293803F1F8D803F5F
:10BE90000D87803FCE80803F677A803FDA73803F96
:10BEA0002A6D803F5C66803F725F803F6F58803FA5
:10BEB0005751803F2E4A803FF642803FB33B803F40
:10BEC0006834803F192D803FC925803F7A1E803F0E
:10BED0003217803FF10F803FBC08803F9601803FC2
:10BEE00002F57F3F02E77F3F30D97F3F93CB7F3F13
:10BEF00030BE7F3F0CB17F3F2DA47F3F97977F3FA0
:10BF00004E8B7F3F597F7F3FBB737F3F78687F3F7A
:10BF1000945D7F3F13537F3FF9487F3F493F7F3F09
:10BF200007367F3F342D7F3FD4247F3FEA1C7F3F7D
:10BF300076157F3F7D0E7F3FFF077F3FFD017F3FEF
:10BF40007AFC7E3F76F77E3FF2F27E3FEFEE7E3F59
:10BF50006DEB7E3F6CE87E3FECE57E3FEDE37E3FA0
:10BF60006EE27E3F6FE17E3FEEE07E3FEBE07E3FA4
:10BF700064E17E3F57E27E3FC3E37E3FA6E57E3F1E
:10BF8000FEE77E3FC8EA7E3F02EE7E3FA9F17E3F9C
:10BF9000BBF57E3F33FA7E3F10FF7E3F4F047F3F6D
:10BFA000EA097F3FE00F7F3F2C167F3FCB1C7F3F8E
:10BFB000B9237F3FF22A7F3F71327F3F333A7F3F81
:10BFC00034427F3F6F4A7F3FE1527F3F835B7F3F39
:10BFD00054647F3F4D6D7F3F6A767F3FA77F7F3FF1
:10BFE00000897F3F70927F3FF39B7F3F84A57F3F17
:10BFF0001FAF7F3FBFB87F3F60C27F3FFECB7F3F19
:10C0000095D57F3F20DF7F3F9CE87F3F04F27F3F55
:10C0100054FB7F3F4402803FCF06803F490B803F67
:10C02000AF0F803F0014803F3A18803F5D1C803F77
:10C030006520803F5224803F2328803FD52B803FBE
:10C04000692F803FDB32803F2C36803F5A39803F5A
:10C05000643C803F4A3F803F0A42803FA344803F88
:10C060001647803F6149803F844B803F7E4D803F33
:10C070004F4F803FF650803F7452803FC853803FFF
:10C08000F354803FF355803FC956803F7657803F39
:10C09000F957803F5358803F8558803F8D58803FE7
:10C0A0006E58803F2758803FBA57803F2657803FC1
:10C0B0006C56803F8E55803F8C54803F6853803F44
:10C0C0002152803FB950803F314F803F8A4D803FA1
:10C0D000C54B803FE449803FE747803FD045803FE4
:10C0E0009F43803F5841803FF93E803F863C803FE0
:10C0F000FF39803F6637803FBB34803F0132803F4D
:10C10000392F803F652C803F8529803F9B26803FCB
:10C11000A823803FAF20803FB01D803FAD1A803FF5
:10C12000A717803F9F14803F9811803F910E803F5A
:10C130008D0B803F8E08803F9305803F9F02803F9C
:10C1400065FF7F3F9FF97F3FECF37F3F50EE7F3FDE
:10C15000CCE87F3F63E37F3F17DE7F3FEAD87F3F36
:10C16000DED37F3FF4CE7F3F2ECA7F3F8FC57F3F18
:10C1700017C17F3FC8BC7F3FA3B87F3FAAB47F3FB2
:10C18000DEB07F3F40AD7F3FD1A97F3F92A67F3F8A
:10C1900083A37F3FA6A07F3FFB9D7F3F829B7F3F86
:10C1A0003C997F3F2A977F3F4B957F3FA0937F3FEE
:10C1B00028927F3FE4907F3FD48F7F3FF78E7F3F71
:10C1C0004D8E7F3FD58D7F3F908D7F3F7C8D7F3F14
:10C1D000998D7F3FE68D7F3F628E7F3F0D8F7F3F42
:10C1E000E58F7F3FEA907F3F1B927F3F75937F3FB4
:10C1F000F9947F3FA5967F3F77987F3F6E9A7F3F68
:10C20000899C7F3FC69E7F3F24A17F3FA2A37F3FA3
:10C210003DA67F3FF4A87F3FC6AB7F3FB1AE7F3FD7
:10C22000B3B17F3FCAB47F3FF5B77F3F32BB7F3F9B
:10C2300080BE7F3FDDC17F3F46C57F3FBBC87F3F9C
:10C2400039CC7F3FBECF7F3F4AD37F3FDBD67F3F96
:10C250006EDA7F3F02DE7F3F96E17F3F28E57F3F3A
:10C26000B6E87F3F3EEC7F3FC0EF7F3F3AF37F3F32
:10C27000AAF67F3F0FFA7F3F67FD7F3F5900803F5F
:10C28000F701803F8C03803F1905803F9D06803F6A
:10C290001708803F8609803FEB0A803F440C803FAF
:10C2A000920D803FD30E803F0810803F3011803FB9
:10C2B0004B12803F5813803F5814803F4915803FF0
:10C2C0002D16803F0117803FC817803F8018803FA0
:10C2D0002919803FC319803F4E1A803FCB1A803FF7
:10C2E000381B803F971B803FE71B803F281C803F07
:10C2F0005B1C803F801C803F961C803F9E1C803FC3
:10C30000991C803F861C803F651C803F381C803F05
:10C31000FE1B803FB71B803F641B803F061B803F96
:10C320009C1A803F271A803FA719803F1D19803F24
:10C330008A18803FED17803F4717803F9816803F4F
:10C34000E215803F2415803F5F14803F9313803FA8
:10C35000C112803FE911803F0C11803F2B10803FBC
:10C36000450F803F5B0E803F6E0D803F7E0C803F0F
:10C370008C0B803F980A803FA309803FAD08803F27
:10C38000B607803FC006803FCA05803FD404803F87
:10C39000E003803FEE02803FFE01803F1001803FBE
:10C3A0002500803F7BFE7F3FB3FC7F3FF3FA7F3F5A
:10C3B0003BF97F3F8DF77F3FE8F57F3F4EF47F3FAE
:10C3C000BFF27F3F3BF17F3FC3EF7F3F57EE7F3FA1
:10C3D000F9EC7F3FA7EB7F3F63EA7F3F2DE97F3F8B
:10C3E00005E87F3FEBE67F3FE0E57F3FE4E47F3F0A
:10C3F000F7E37F3F1AE37F3F4BE27F3F8CE17F3FD4
:10C40000DDE07F3F3CE07F3FACDF7F3F2ADF7F3FC7
:10C41000B8DE7F3F55DE7F3F01DE7F3FBDDD7F3FE2
:10C4200087DD7F3F5FDD7F3F46DD7F3F3BDD7F3F39
:10C430003EDD7F3F4FDD7F3F6CDD7F3F97DD7F3F00
:10C44000CEDD7F3F12DE7F3F61DE7F3FBCDE7F3F80
:10C4500022DF7F3F93DF7F3F0DE07F3F92E07F3F12
:10C4600020E17F3FB7E17F3F56E27F3FFDE27F3F24
:10C47000ACE37F3F61E47F3F1DE57F3FE0E57F3F29
:10C48000A7E67F3F74E77F3F45E87F3F1AE97F3F9C
:10C49000F3E97F3FCFEA7F3FAEEB7F3F8FEC7F3FFB
:10C4A00071ED7F3F55EE7F3F39EF7F3F1EF07F3FBD
:10C4B00003F17F3FE7F17F3FCAF27F3FACF37F3F5D
:10C4C0008CF47F3F6AF57F3F46F67F3F1FF77F3F43
:10C4D000F4F77F3FC6F87F3F95F97F3F5FFA7F3FD4
:10C4E00025FB7F3FE6FB7F3FA2FC7F3F59FD7F3F5F
:10C4F0000BFE7F3FB8FE7F3F5EFF7F3FFFFF7F3F2A
:10C500004D00803F9700803FDE00803F2101803F4B
:10C510006201803F9F01803FD901803F0F02803F31
:10C520004202803F7202803F9E02803FC702803FEE
:10C53000ED02803F0F03803F2E03803F4903803F81
:10C540006103803F7603803F8803803F9703803FED
:10C55000A203803FAB03803FB003803FB303803F23
:10C56000B303803FB003803FAB03803FA303803F12
:10C570009903803F8C03803F7D03803F6C03803FA5
:10C580005803803F4303803F2C03803F1303803FC9
:10C59000F802803FDC02803FBF02803FA002803F64
:10C5A0008002803F5E02803F3C02803F1902803F54
:10C5B000F501803FD001803FAA01803F8401803F88
:10C5C0005E01803F3701803F1001803FE900803FDE
:10C5D000C200803F9B00803F7400803F4D00803F41
:10C5E0002600803F0000803F000000000000E04087
:10C5F0000000000000A00C46CDCC4C3E0000000026
:10C60000000000000AD7A33BCDCCCC3DCDCC4C3FA5
:10C61000CDCC4C3EA69B443B9A99193E0000003F6E
:10C62000CDCC4C3E00000000000000000000003FA8
:10C630000000000000000000000000008127000052
:10C64000A12400004D280000A52400008D27000033
:10C650000000000000000000DD2900002D2D00007A
:10C66000312D0000392D0000412D0000F532000071
:10C67000F9320000FD320000013300000800000024
:10C680000C0000000A000000090000000B00000080
:10C690004008FE4340A004404408FE4344A0044038
:10C6A0000018FE4300C004403000FE4330900440B8
:10C6B0003400FE43349004401C18FE431CC0044068
:10C6C0001018FE4310C004400818FE4308C0044080
:10C6D0000C18FE430CC004400C10FE430CB0044088
:10C6E0001010FE4310B004401810FE4318B0044070
:10C6F0001C10FE431CB004401410FE4314B0044050
:10C700000418FE4304C004400010FE4300B004407F
:10C710000008FE4300A004400408FE4304A00440B7
:10C720000C08FE430CA004400808FE4308A0044087
:10C730001418FE4314C004401818FE4318C00440E7
:10C740000410FE4304B004400810FE4308B0044047
:10C750001400FE43149004404C08FE434CA00440D7
:10C760000420FE4304D004402410FE4324B00440BF
:10C770002010FE4320B004402810FE4328B004409F
:10C780002C10FE432CB004400020FE4300D0044097
:10C790004808FE4348A004401000FE4310900440A7
:10C7A00000FFFFFF00010000D8ADFF1F12000000D6
:10C7B0000002000040ADFF1F9500000005030904C2
:10C7C00008AEFF1F0000000000030000ECADFF1FDB
:10C7D0000000000001030904F0ADFF1F000000008D
:10C7E0000203090418AEFF1F000000000303090440
:10C7F00030AEFF1F0000000000000000000000003D
:10C80000000000001519151519FFFFFF34800440C2
:10C81000800000001EFFFFFFFF02000000001DFF60
:10C82000FFFFFF02000000001900000034800440F8
:10C83000400000001211FFFFFF0202000000131071
:10C84000FFFFFF02020000001800000000000000CF
:10C8500000000000A14C0000C94C0000554C000035
:10C860009D4C0000594C0000654C0000854C0000B8
:10C870000000003F000000BF8071313F807131BF78
:10C88000D1F71737D1F717B7000FC93F000F49404D
:10C8900000CB9640000FC9400053FB4000CB16412F
:10C8A00000ED2F41000F49410031624100537B41AF
:10C8B000003A8A4100CB9641005CA34100EDAF41B4
:10C8C000007EBC41000FC94100A0D5410031E241CA
:10C8D00000C2EE410053FB4100F20342003A0A421B
:10C8E0000083104200CB164200141D42005C23421C
:10C8F00000A5294200ED2F4200363642007E3C4220
:10C9000000C74242000F4942A2000000F9000000A7
:10C91000830000006E0000004E0000004400000094
:10C920001500000029000000FC00000027000000A6
:10C9300057000000D1000000F500000034000000A6
:10C94000DD000000C0000000DB000000620000000D
:10C9500095000000990000003C000000430000002A
:10C960009000000041000000FE00000051000000A7
:10C9700063000000AB000000DE000000BB00000010
:10C98000C500000061000000B700000024000000A6
:10C990006E0000003A000000420000004D00000060
:10C9A000D2000000E0000000060000004900000086
:10C9B0002E000000EA00000009000000D100000085
:10C9C000920000001C000000FE0000001D0000009E
:10C9D000EB0000001C000000B10000002900000076
:10C9E000A70000003E000000E800000082000000F8
:10C9F00035000000F50000002E000000BB00000024
:10CA00004400000084000000E90000009C000000D9
:10CA10007000000026000000B40000005F0000006D
:10CA20007E0000004100000039000000910000007D
:10CA3000D600000039000000830000005300000011
:10CA400039000000F40000009C0000008400000099
:10CA50005F0000008B000000BD000000F900000036
:10CA6000280000003B0000001F000000F80000004C
:10CA700097000000FF000000DE000000050000003D
:10CA8000980000000F000000EF0000002F000000E1
:10CA9000110000008B0000005A0000000A00000096
:10CAA0006D0000001F0000006D0000003600000057
:10CAB0007E000000CF00000027000000CB00000037
:10CAC00009000000B70000004F0000004600000011
:10CAD0003F000000660000009E0000005F000000B4
:10CAE000EA0000002D000000750000002700000093
:10CAF000BA000000C7000000EB000000E5000000E5
:10CB0000F10000007B0000003D0000000700000075
:10CB100039000000F70000008A0000005200000009
:10CB200092000000EA0000006B000000FB00000023
:10CB30005F000000B10000001F0000008D00000039
:10CB40005D00000008000000560000000300000027
:10CB50003000000046000000FC0000007B000000E8
:10CB60006B000000AB000000F0000000CF000000F0
:10CB7000BC000000200000009A000000F40000004B
:10CB8000360000001D000000A9000000E3000000C6
:10CB900091000000610000005E000000E60000005F
:10CBA0001B00000008000000650000009900000064
:10CBB000850000005F00000014000000A0000000DD
:10CBC00068000000400000008D000000FF00000031
:10CBD000D8000000800000004D000000730000003D
:10CBE00027000000310000000600000006000000E1
:10CBF0001500000056000000CA000000730000008D
:10CC0000A8000000C900000060000000E200000071
:10CC10007B000000C00000008C0000006B000000E2
:10CC20000000C93F0000F0390000DA370000A233ED
:10CC30000000842E0000502B0000C2270000D022EC
:10CC40000000C41F0000C61B0000441704000000C1
:10CC50000700000009000000F8B500BFF8BC08BCE0
:10CC60009E467047C582000035040000B5230000D1
:08CC70000D2C000071340000DE
:04CC7800F8B500BF4C
:08CC7C00CC7FFF7F01000000E6
:10CC840038B50A4B0A4DD3F8A040C3F8A04005E0DC
:10CC940055F823309847631E1C4005D094FAA4F33A
:10CCA400B3FA83F3002CF3D138BD00BF00D00440A5
:10CCB40030ADFF1F38B50A4B0A4DD3F8A040C3F876
:10CCC400A04005E055F823309847631E1C4005D06A
:10CCD40094FAA4F3B3FA83F3002CF3D138BD00BF64
:10CCE40000C0044010ADFF1F38B50A4B0A4DD3F8FD
:10CCF400A040C3F8A04005E055F823309847631ED0
:10CD04001C4005D094FAA4F3B3FA83F3002CF3D1B6
:10CD140038BD00BF00B00440E0ACFF1F38B50A4B7B
:10CD24000A4DD3F8A040C3F8A04005E055F82330DD
:10CD34009847631E1C4005D094FAA4F3B3FA83F316
:10CD4400002CF3D138BD00BF00A0044090ACFF1FFD
:10CD540038B50A4B0A4DD3F8A040C3F8A04005E00B
:10CD640055F823309847631E1C4005D094FAA4F369
:10CD7400B3FA83F3002CF3D138BD00BF0090044014
:10CD840058ACFF1F000000000000000000803B477B
:10CD940000000000000000000000E040000000006F
:10CDA40000A00C46CDCC4C3E00000000000000006A
:10CDB4000AD7A33BCDCCCC3DCDCC4C3FCDCC4C3EC7
:10CDC400A69B443B9A99193E0000003FCDCC4C3EB3
:10CDD40000000000000000000000003F0000000010
:10CDE40000803B470000000000000000000000003D
:10CDF4000000003F0000000000803B4700000000EE
:10CE040000000000000000000000003F00000000DF
:10CE140000803B470000000000000000000000000C
:10CE24000000003F0000000000803B4700000000BD
:10CE3400000000000000803F00000000000000002F
:10CE4400000000000000000000803B4700000000DC
:10CE540000007A44F304353F0000000000000000A5
:10CE640000000000000000000000000000000000BE
:10CE74000000803F000000000000000000803B47ED
:10CE840000000000000000000000803F0000803F20
:10CE94000000803F0000803F00803B47000000000E
:10CEA400000000000000803F0000803F0000803F41
:10CEB4000000803F0000DC430000803F0000803F12
:10CEC400000000000000000000000000F304353FF3
:10CED400F304353FFFFFFFFF0000000000000000E7
:10CEE40000803B4700000000000000000000E0401C
:10CEF4000000000000A00C46CDCC4C3E0000000019
:10CF0400000000000AD7A33BCDCCCC3DCDCC4C3F98
:10CF1400CDCC4C3EA69B443B9A99193E0000003F61
:10CF2400CDCC4C3E00000000000000000000003F9B
:10CF34000000000000803B470000000000000000EB
:10CF4400000000000000003F0000000000803B479C
:10CF54000000000000000000000000000000003F8E
:10CF64000000000000803B470000000000000000BB
:10CF7400000000000000003F0000000000803B476C
:10CF840000000000000000000000803F00000000DE
:10CF940000000000000000000000000000803B478B
:10CFA4000000000000007A44F304353F0000000054
:10CFB400000000000000000000000000000000006D
:10CFC400000000000000803F00000000000000009E
:10CFD40000803B4700000000000000000000803F8C
:10CFE4000000803F0000803F0000803F00803B47FE
:10CFF40000000000000000000000803F0000803FAF
:10D004000000803F0000803F0000DC430000803FC0
:10D014000000803F0000000000000000000000004D
:10D02400F304353FF304353FFFFFFFFF000000002A
:10D034000000000000803B470000000000000000EA
:10D044000000E0400000000000A00C46CDCC4C3EA7
:10D0540000000000000000000AD7A33BCDCCCC3D6B
:10D06400CDCC4C3FCDCC4C3EA69B443B9A99193E2B
:10D074000000003FCDCC4C3E00000000000000004A
:10D084000000003F0000000000803B47000000005B
:10D0940000000000000000000000003F000000004D
:10D0A40000803B470000000000000000000000007A
:10D0B4000000003F0000000000803B47000000002B
:10D0C40000000000000000000000003F000000001D
:10D0D40000803B4700000000000000000000803F8B
:10D0E400000000000000000000000000000000003C
:10D0F40000803B470000000000007A44F304353F01
:10D10400000000000000000000000000000000001B
:10D1140000000000000000000000803F000000004C
:10D124000000000000803B470000000000000000F9
:10D134000000803F0000803F0000803F0000803FEF
:10D1440000803B4700000000000000000000803F1A
:10D154000000803F0000803F0000803F0000DC436F
:10D164000000803F0000803F00000000000000003D
:10D1740000000000F304353FF304353FFFFFFFFFD9
:10D18400000000000000000000803B470000000099
:10D19400000000000000E0400000000000A00C4679
:10D1A400CDCC4C3E00000000000000000AD7A33B99
:10D1B400CDCCCC3DCDCC4C3FCDCC4C3EA69B443BC2
:10D1C4009A99193E0000003FCDCC4C3E000000006F
:10D1D400000000000000003F0000000000803B470A
:10D1E4000000000000000000000000000000003FFC
:10D1F4000000000000803B47000000000000000029
:10D20400000000000000003F0000000000803B47D9
:10D214000000000000000000000000000000003FCB
:10D224000000000000803B470000000000000000F8
:10D234000000803F0000000000000000000000002B
:10D244000000000000803B470000000000007A441A
:10D25400F304353F0000000000000000000000005F
:10D264000000000000000000000000000000803FFB
:10D27400000000000000000000803B4700000000A8
:10D28400000000000000803F0000803F0000803F5D
:10D294000000803F00803B470000000000000000C9
:10D2A4000000803F0000803F0000803F0000803F7E
:10D2B4000000DC430000803F0000803F00000000CD
:10D2C4000000000000000000F304353FF304353F84
:10D2D400FFFFFFFF000000000000000000803B474C
:10D2E40000000000000000000000E040000000001A
:10D2F40000A00C46CDCC4C3E000000000000000015
:10D304000AD7A33BCDCCCC3DCDCC4C3FCDCC4C3E71
:10D31400A69B443B9A99193E0000003FCDCC4C3E5D
:10D3240000000000000000000000003F00000000BA
:10D3340000803B47000000000000000000000000E7
:10D344000000003F0000000000803B470000000098
:10D3540000000000000000000000003F000000008A
:10D3640000803B47000000000000000000000000B7
:10D374000000003F0000000000803B470000000068
:10D38400000000000000803F0000000000000000DA
:10D39400000000000000000000803B470000000087
:10D3A40000007A44F304353F000000000000000050
:10D3B4000000000000000000000000000000000069
:10D3C4000000803F000000000000000000803B4798
:10D3D40000000000000000000000803F0000803FCB
:10D3E4000000803F0000803F00803B4700000000B9
:10D3F400000000000000803F0000803F0000803FEC
:10D404000000803F0000DC430000803F0000803FBC
:10D41400000000000000000000000000F304353F9D
:10D42400F304353FFFFFFFFF000000000000000091
:10D4340000803B4700000000000000000000E040C6
:10D444000000000000A00C46CDCC4C3E00000000C3
:10D45400000000000AD7A33BCDCCCC3DCDCC4C3F43
:10D46400CDCC4C3EA69B443B9A99193E0000003F0C
:10D47400CDCC4C3E00000000000000000000003F46
:10D484000000000000803B47000000000000000096
:10D49400000000000000003F0000000000803B4747
:10D4A4000000000000000000000000000000003F39
:10D4B4000000000000803B47000000000000000066
:10D4C400000000000000003F0000000000803B4717
:10D4D40000000000000000000000803F0000000089
:10D4E40000000000000000000000000000803B4736
:10D4F4000000000000007A44F304353F00000000FF
:10D504000000000000000000000000000000000017
:10D51400000000000000803F000000000000000048
:10D5240000803B4700000000000000000000803F36
:10D534000000803F0000803F0000803F00803B47A8
:10D5440000000000000000000000803F0000803F59
:10D554000000803F0000803F0000DC430000803F6B
:10D564000000803F000000000000000000000000F8
:10D57400F304353FF304353FFFFFFFFF00000000D5
:10D584000000000000803B47000000000000000095
:10D594000000E0400000000000A00C46CDCC4C3E52
:10D5A40000000000000000000AD7A33BCDCCCC3D16
:10D5B400CDCC4C3FCDCC4C3EA69B443B9A99193ED6
:10D5C4000000003FCDCC4C3E0000000000000000F5
:10D5D4000000003F0000000000803B470000000006
:10D5E40000000000000000000000003F00000000F8
:10D5F40000803B4700000000000000000000000025
:10D604000000003F0000000000803B4700000000D5
:10D6140000000000000000000000003F00000000C7
:10D6240000803B4700000000000000000000803F35
:10D6340000000000000000000000000000000000E6
:10D6440000803B470000000000007A44F304353FAB
:10D6540000000000000000000000000000000000C6
:10D6640000000000000000000000803F00000000F7
:10D674000000000000803B470000000000000000A4
:10D684000000803F0000803F0000803F0000803F9A
:10D6940000803B4700000000000000000000803FC5
:10D6A4000000803F0000803F0000803F0000DC431A
:10D6B4000000803F0000803F0000000000000000E8
:10D6C40000000000F304353FF304353FFFFFFFFF84
:10D6D400000000000000000000803B470000000044
:10D6E400000000000000E0400000000000A00C4624
:10D6F400CDCC4C3E00000000000000000AD7A33B44
:10D70400CDCCCC3DCDCC4C3FCDCC4C3EA69B443B6C
:10D714009A99193E0000003FCDCC4C3E0000000019
:10D72400000000000000003F0000000000803B47B4
:10D734000000000000000000000000000000003FA6
:10D744000000000000803B470000000000000000D3
:10D75400000000000000003F0000000000803B4784
:10D764000000000000000000000000000000003F76
:10D774000000000000803B470000000000000000A3
:10D784000000803F000000000000000000000000D6
:10D794000000000000803B470000000000007A44C5
:10D7A400F304353F0000000000000000000000000A
:10D7B4000000000000000000000000000000803FA6
:10D7C400000000000000000000803B470000000053
:10D7D400000000000000803F0000803F0000803F08
:10D7E4000000803F00803B47000000000000000074
:10D7F4000000803F0000803F0000803F0000803F29
:10D804000000DC430000803F0000803F0000000077
:10D814000000000000000000F304353FF304353F2E
:10D82400FFFFFFFF000000000000000000000000F8
:10D834000000E0400000000000A00C46CDCC4C3EAF
:10D8440000000000000000000AD7A33BCDCCCC3D73
:10D85400CDCC4C3FCDCC4C3EA69B443B9A99193E33
:10D864000000003FCDCC4C3E000000000000000052
:10D874000000003F00000000000000000000000065
:10D884000000000000000000000000000000000094
:10D8940000000000000000000000803F00000000C5
:10D8A4000000000028C0FF1FF1360000F136000020
:10D8B400F1360000F1360000F1360000F1360000C8
:10D8C400F1360000F1360000F1360000F1360000B8
:10D8D400F1360000F1360000F1360000F1360000A8
:10D8E400F1360000F1360000F1360000F136000098
:10D8F400F1360000F1360000F1360000F136000088
:10D90400F1360000F1360000F1360000F136000077
:10D91400F1360000F1360000F1360000F136000067
:10D92400F1360000F1360000F1360000F136000057
:10D93400F1360000F1360000F1360000F136000047
:10D94400F1360000F1360000F1360000F136000037
:10D95400F1360000F1360000F1360000F136000027
:10D96400F1360000F1360000F1360000F136000017
:10D97400F1360000F1360000F1360000F136000007
:10D98400F1360000F1360000FFFFFFFF010A04003A
:10D9940009029500030100C032080B0002020201D3
:10D9A4000009040000010202010005240010010521
:10D9B400240101010424020605240600010705814F
:10D9C4000310004009040100020A000000070502D8
:10D9D400024000000705830240000009040200021F
:10D9E40001030000072401000125000624020101AF
:10D9F40005062402020205092403010301020105AC
:10DA0400092403020401010105090505024000007F
:10DA14000000052501010109058402400000000001
:10DA2400052501010300000012011001000000405F
:10DA3400C0168904750201020301000004030904ED
:10DA440018035400650065006E00730079006400DB
:10DA5400750069006E006F000E0350006F007200C5
:10DA640074002000310000001803540065006500B4
:10DA74006E007300790020004D0049004400490005
:10DA84000C03000000000000000000000000000083
:10DA9400000000000000000054C800000000000066
:10DAA400E803000000000000006006402CC80000ED
:10DAB4000000000000000000000000000000000062
:10DAC4000000000000000000000000000000000052
:10DAD4000000000000000000000000000000000042
:10DAE4000000000000000000000000000000000032
:10DAF4000000000000000000000000000000000022
:10DB04000000000000000000000000000000000011
:10DB14000000000000000000000000000000000001
:10DB240000000000000000000000000000000000F1
:10DB340000000000000000000000000000000000E1
:10DB440000000000000000000000000000000000D1
:10DB54000000000054C8000000000000E8030000BA
:10DB640000000000007006400CC800000000000027
:10DB740000000000000000000000000000000000A1
:10DB84000000000000000000000000000000000091
:10DB94000000000000000000000000000000000081
:10DBA4000000000000000000000000000000000071
:10DBB4000000000000000000000000000000000061
:10DBC4000000000000000000000000000000000051
:10DBD4000000000000000000000000000000000041
:10DBE4000000000000000000000000000000000031
:10DBF4000000000000000000000000000000000021
:10DC04000000000000000000000000000000000010
:10DC14000000803F6042A20D000000400000803FF1
:10DC24006042A20D0000000000000000D4AFFF1FFE
:10DC3400D4AFFF1FDCAFFF1FDCAFFF1FE4AFFF1F3C
:10DC4400E4AFFF1FECAFFF1FECAFFF1FF4AFFF1FEC
:10DC5400F4AFFF1FFCAFFF1FFCAFFF1F04B0FF1F9B
:10DC640004B0FF1F0CB0FF1F0CB0FF1F14B0FF1F48
:10DC740014B0FF1F1CB0FF1F1CB0FF1F24B0FF1FF8
:10DC840024B0FF1F2CB0FF1F2CB0FF1F34B0FF1FA8
:10DC940034B0FF1F3CB0FF1F3CB0FF1F44B0FF1F58
:10DCA40044B0FF1F4CB0FF1F4CB0FF1F54B0FF1F08
:10DCB40054B0FF1F5CB0FF1F5CB0FF1F64B0FF1FB8
:10DCC40064B0FF1F6CB0FF1F6CB0FF1F74B0FF1F68
:10DCD40074B0FF1F7CB0FF1F7CB0FF1F84B0FF1F18
:10DCE40084B0FF1F8CB0FF1F8CB0FF1F94B0FF1FC8
:10DCF40094B0FF1F9CB0FF1F9CB0FF1FA4B0FF1F78
:10DD0400A4B0FF1FACB0FF1FACB0FF1FB4B0FF1F27
:10DD1400B4B0FF1FBCB0FF1FBCB0FF1FC4B0FF1FD7
:10DD2400C4B0FF1FCCB0FF1FCCB0FF1FD4B0FF1F87
:10DD3400D4B0FF1FDCB0FF1FDCB0FF1FE4B0FF1F37
:10DD4400E4B0FF1FECB0FF1FECB0FF1FF4B0FF1FE7
:10DD5400F4B0FF1FFCB0FF1FFCB0FF1F04B1FF1F96
:10DD640004B1FF1F0CB1FF1F0CB1FF1F14B1FF1F43
:10DD740014B1FF1F1CB1FF1F1CB1FF1F24B1FF1FF3
:10DD840024B1FF1F2CB1FF1F2CB1FF1F34B1FF1FA3
:10DD940034B1FF1F3CB1FF1F3CB1FF1F44B1FF1F53
:10DDA40044B1FF1F4CB1FF1F4CB1FF1F54B1FF1F03
:10DDB40054B1FF1F5CB1FF1F5CB1FF1F64B1FF1FB3
:10DDC40064B1FF1F6CB1FF1F6CB1FF1F74B1FF1F63
:10DDD40074B1FF1F7CB1FF1F7CB1FF1F84B1FF1F13
:10DDE40084B1FF1F8CB1FF1F8CB1FF1F94B1FF1FC3
:10DDF40094B1FF1F9CB1FF1F9CB1FF1FA4B1FF1F73
:10DE0400A4B1FF1FACB1FF1FACB1FF1FB4B1FF1F22
:10DE1400B4B1FF1FBCB1FF1FBCB1FF1FC4B1FF1FD2
:10DE2400C4B1FF1FCCB1FF1FCCB1FF1FD4B1FF1F82
:10DE3400D4B1FF1FDCB1FF1FDCB1FF1FE4B1FF1F32
:10DE4400E4B1FF1FECB1FF1FECB1FF1FF4B1FF1FE2
:10DE5400F4B1FF1FFCB1FF1FFCB1FF1F04B2FF1F91
:10DE640004B2FF1F0CB2FF1F0CB2FF1F14B2FF1F3E
:10DE740014B2FF1F1CB2FF1F1CB2FF1F24B2FF1FEE
:10DE840024B2FF1F2CB2FF1F2CB2FF1F34B2FF1F9E
:10DE940034B2FF1F3CB2FF1F3CB2FF1F44B2FF1F4E
:10DEA40044B2FF1F4CB2FF1F4CB2FF1F54B2FF1FFE
:10DEB40054B2FF1F5CB2FF1F5CB2FF1F64B2FF1FAE
:10DEC40064B2FF1F6CB2FF1F6CB2FF1F74B2FF1F5E
:10DED40074B2FF1F7CB2FF1F7CB2FF1F84B2FF1F0E
:10DEE40084B2FF1F8CB2FF1F8CB2FF1F94B2FF1FBE
:10DEF40094B2FF1F9CB2FF1F9CB2FF1FA4B2FF1F6E
:10DF0400A4B2FF1FACB2FF1FACB2FF1FB4B2FF1F1D
:10DF1400B4B2FF1FBCB2FF1FBCB2FF1FC4B2FF1FCD
:10DF2400C4B2FF1FCCB2FF1FCCB2FF1FD4B2FF1F7D
:10DF3400D4B2FF1FDCB2FF1FDCB2FF1FE4B2FF1F2D
:10DF4400E4B2FF1FECB2FF1FECB2FF1FF4B2FF1FDD
:10DF5400F4B2FF1FFCB2FF1FFCB2FF1F04B3FF1F8C
:10DF640004B3FF1F0CB3FF1F0CB3FF1F14B3FF1F39
:10DF740014B3FF1F1CB3FF1F1CB3FF1F24B3FF1FE9
:10DF840024B3FF1F2CB3FF1F2CB3FF1F34B3FF1F99
:10DF940034B3FF1F3CB3FF1F3CB3FF1F44B3FF1F49
:10DFA40044B3FF1F4CB3FF1F4CB3FF1F54B3FF1FF9
:10DFB40054B3FF1F5CB3FF1F5CB3FF1F64B3FF1FA9
:10DFC40064B3FF1F6CB3FF1F6CB3FF1F74B3FF1F59
:10DFD40074B3FF1F7CB3FF1F7CB3FF1F84B3FF1F09
:10DFE40084B3FF1F8CB3FF1F8CB3FF1F94B3FF1FB9
:10DFF40094B3FF1F9CB3FF1F9CB3FF1FA4B3FF1F69
:10E00400A4B3FF1FACB3FF1FACB3FF1FB4B3FF1F18
:10E01400B4B3FF1FBCB3FF1FBCB3FF1FC4B3FF1FC8
:10E02400C4B3FF1FCCB3FF1FCCB3FF1FFFFFFFFF21
:10E0340000000200000000000000000050BDFF1FAF
:10E04400B8BDFF1F20BEFF1F00000000000000003D
:10E0540000000000000000000000000000000000BC
:10E0640000000000000000000000000000000000AC
:10E07400000000000000000000000000000000009C
:10E08400000000000000000000000000000000008C
:10E09400000000000000000000000000000000007C
:10E0A400000000000000000000000000000000006C
:10E0B400000000000000000000000000000000005C
:10E0C400000000000000000000000000000000004C
:10E0D40001000000000000000E33CDAB34126DE6E9
:10E0E400ECDE05000B000000000000000000000052
:10E0F400000000000000000000000000000000001C
:10E10400000000000000000000000000000000000B
:10E1140000000000000000000000000000000000FB
:10E1240000000000000000000000000000000000EB
:10E1340000000000000000000000000000000000DB
:10E1440000000000000000000000000000000000CB
:10E154000000000000000000E8B3FF1F88BEFF1F9E
:00000001FF
