:0200000460009A
:100000004643464200000156000000000103030081
:1000100000000000000000000000000000000000E0
:1000200000000000000000000000000000000000D0
:1000300000000000000000000000000000000000C0
:1000400000000000010408000000000000000000A3
:100050000000800000000000000000000000000020
:100060000000000000000000000000000000000090
:100070000000000000000000000000000000000080
:10008000EB04180A063204260000000000000000FD
:10009000050404240000000000000000000000002F
:1000A0000000000000000000000000000000000050
:1000B0000604000000000000000000000000000036
:1000C0000000000000000000000000000000000030
:1000D00020041808000000000000000000000000DC
:1000E0000000000000000000000000000000000010
:1000F0000000000000000000000000000000000000
:10010000D8041808000000000000000000000000F3
:100110000204180804200000000000000000000095
:1001200000000000000000000000000000000000CF
:10013000600400000000000000000000000000005B
:1001400000000000000000000000000000000000AF
:10015000000000000000000000000000000000009F
:10016000000000000000000000000000000000008F
:10017000000000000000000000000000000000007F
:10018000000000000000000000000000000000006F
:10019000000000000000000000000000000000005F
:1001A000000000000000000000000000000000004F
:1001B000000000000000000000000000000000003F
:1001C000000100000010000001000000000000001D
:1001D000000001000000000000000000000000001E
:1001E000000000000000000000000000000000000F
:1001F00000000000000000000000000000000000FF
:10020000FFFFFFFFFFFFFFFFFFFFFFFFFFFFFFFFFE
:10021000FFFFFFFFFFFFFFFFFFFFFFFFFFFFFFFFEE
:10022000FFFFFFFFFFFFFFFFFFFFFFFFFFFFFFFFDE
:10023000FFFFFFFFFFFFFFFFFFFFFFFFFFFFFFFFCE
:10024000FFFFFFFFFFFFFFFFFFFFFFFFFFFFFFFFBE
:10025000FFFFFFFFFFFFFFFFFFFFFFFFFFFFFFFFAE
:10026000FFFFFFFFFFFFFFFFFFFFFFFFFFFFFFFF9E
:10027000FFFFFFFFFFFFFFFFFFFFFFFFFFFFFFFF8E
:10028000FFFFFFFFFFFFFFFFFFFFFFFFFFFFFFFF7E
:10029000FFFFFFFFFFFFFFFFFFFFFFFFFFFFFFFF6E
:1002A000FFFFFFFFFFFFFFFFFFFFFFFFFFFFFFFF5E
:1002B000FFFFFFFFFFFFFFFFFFFFFFFFFFFFFFFF4E
:1002C000FFFFFFFFFFFFFFFFFFFFFFFFFFFFFFFF3E
:1002D000FFFFFFFFFFFFFFFFFFFFFFFFFFFFFFFF2E
:1002E000FFFFFFFFFFFFFFFFFFFFFFFFFFFFFFFF1E
:1002F000FFFFFFFFFFFFFFFFFFFFFFFFFFFFFFFF0E
:10030000FFFFFFFFFFFFFFFFFFFFFFFFFFFFFFFFFD
:10031000FFFFFFFFFFFFFFFFFFFFFFFFFFFFFFFFED
:10032000FFFFFFFFFFFFFFFFFFFFFFFFFFFFFFFFDD
:10033000FFFFFFFFFFFFFFFFFFFFFFFFFFFFFFFFCD
:10034000FFFFFFFFFFFFFFFFFFFFFFFFFFFFFFFFBD
:10035000FFFFFFFFFFFFFFFFFFFFFFFFFFFFFFFFAD
:10036000FFFFFFFFFFFFFFFFFFFFFFFFFFFFFFFF9D
:10037000FFFFFFFFFFFFFFFFFFFFFFFFFFFFFFFF8D
:10038000FFFFFFFFFFFFFFFFFFFFFFFFFFFFFFFF7D
:10039000FFFFFFFFFFFFFFFFFFFFFFFFFFFFFFFF6D
:1003A000FFFFFFFFFFFFFFFFFFFFFFFFFFFFFFFF5D
:1003B000FFFFFFFFFFFFFFFFFFFFFFFFFFFFFFFF4D
:1003C000FFFFFFFFFFFFFFFFFFFFFFFFFFFFFFFF3D
:1003D000FFFFFFFFFFFFFFFFFFFFFFFFFFFFFFFF2D
:1003E000FFFFFFFFFFFFFFFFFFFFFFFFFFFFFFFF1D
:1003F000FFFFFFFFFFFFFFFFFFFFFFFFFFFFFFFF0D
:10040000FFFFFFFFFFFFFFFFFFFFFFFFFFFFFFFFFC
:10041000FFFFFFFFFFFFFFFFFFFFFFFFFFFFFFFFEC
:10042000FFFFFFFFFFFFFFFFFFFFFFFFFFFFFFFFDC
:10043000FFFFFFFFFFFFFFFFFFFFFFFFFFFFFFFFCC
:10044000FFFFFFFFFFFFFFFFFFFFFFFFFFFFFFFFBC
:10045000FFFFFFFFFFFFFFFFFFFFFFFFFFFFFFFFAC
:10046000FFFFFFFFFFFFFFFFFFFFFFFFFFFFFFFF9C
:10047000FFFFFFFFFFFFFFFFFFFFFFFFFFFFFFFF8C
:10048000FFFFFFFFFFFFFFFFFFFFFFFFFFFFFFFF7C
:10049000FFFFFFFFFFFFFFFFFFFFFFFFFFFFFFFF6C
:1004A000FFFFFFFFFFFFFFFFFFFFFFFFFFFFFFFF5C
:1004B000FFFFFFFFFFFFFFFFFFFFFFFFFFFFFFFF4C
:1004C000FFFFFFFFFFFFFFFFFFFFFFFFFFFFFFFF3C
:1004D000FFFFFFFFFFFFFFFFFFFFFFFFFFFFFFFF2C
:1004E000FFFFFFFFFFFFFFFFFFFFFFFFFFFFFFFF1C
:1004F000FFFFFFFFFFFFFFFFFFFFFFFFFFFFFFFF0C
:10050000FFFFFFFFFFFFFFFFFFFFFFFFFFFFFFFFFB
:10051000FFFFFFFFFFFFFFFFFFFFFFFFFFFFFFFFEB
:10052000FFFFFFFFFFFFFFFFFFFFFFFFFFFFFFFFDB
:10053000FFFFFFFFFFFFFFFFFFFFFFFFFFFFFFFFCB
:10054000FFFFFFFFFFFFFFFFFFFFFFFFFFFFFFFFBB
:10055000FFFFFFFFFFFFFFFFFFFFFFFFFFFFFFFFAB
:10056000FFFFFFFFFFFFFFFFFFFFFFFFFFFFFFFF9B
:10057000FFFFFFFFFFFFFFFFFFFFFFFFFFFFFFFF8B
:10058000FFFFFFFFFFFFFFFFFFFFFFFFFFFFFFFF7B
:10059000FFFFFFFFFFFFFFFFFFFFFFFFFFFFFFFF6B
:1005A000FFFFFFFFFFFFFFFFFFFFFFFFFFFFFFFF5B
:1005B000FFFFFFFFFFFFFFFFFFFFFFFFFFFFFFFF4B
:1005C000FFFFFFFFFFFFFFFFFFFFFFFFFFFFFFFF3B
:1005D000FFFFFFFFFFFFFFFFFFFFFFFFFFFFFFFF2B
:1005E000FFFFFFFFFFFFFFFFFFFFFFFFFFFFFFFF1B
:1005F000FFFFFFFFFFFFFFFFFFFFFFFFFFFFFFFF0B
:10060000FFFFFFFFFFFFFFFFFFFFFFFFFFFFFFFFFA
:10061000FFFFFFFFFFFFFFFFFFFFFFFFFFFFFFFFEA
:10062000FFFFFFFFFFFFFFFFFFFFFFFFFFFFFFFFDA
:10063000FFFFFFFFFFFFFFFFFFFFFFFFFFFFFFFFCA
:10064000FFFFFFFFFFFFFFFFFFFFFFFFFFFFFFFFBA
:10065000FFFFFFFFFFFFFFFFFFFFFFFFFFFFFFFFAA
:10066000FFFFFFFFFFFFFFFFFFFFFFFFFFFFFFFF9A
:10067000FFFFFFFFFFFFFFFFFFFFFFFFFFFFFFFF8A
:10068000FFFFFFFFFFFFFFFFFFFFFFFFFFFFFFFF7A
:10069000FFFFFFFFFFFFFFFFFFFFFFFFFFFFFFFF6A
:1006A000FFFFFFFFFFFFFFFFFFFFFFFFFFFFFFFF5A
:1006B000FFFFFFFFFFFFFFFFFFFFFFFFFFFFFFFF4A
:1006C000FFFFFFFFFFFFFFFFFFFFFFFFFFFFFFFF3A
:1006D000FFFFFFFFFFFFFFFFFFFFFFFFFFFFFFFF2A
:1006E000FFFFFFFFFFFFFFFFFFFFFFFFFFFFFFFF1A
:1006F000FFFFFFFFFFFFFFFFFFFFFFFFFFFFFFFF0A
:10070000FFFFFFFFFFFFFFFFFFFFFFFFFFFFFFFFF9
:10071000FFFFFFFFFFFFFFFFFFFFFFFFFFFFFFFFE9
:10072000FFFFFFFFFFFFFFFFFFFFFFFFFFFFFFFFD9
:10073000FFFFFFFFFFFFFFFFFFFFFFFFFFFFFFFFC9
:10074000FFFFFFFFFFFFFFFFFFFFFFFFFFFFFFFFB9
:10075000FFFFFFFFFFFFFFFFFFFFFFFFFFFFFFFFA9
:10076000FFFFFFFFFFFFFFFFFFFFFFFFFFFFFFFF99
:10077000FFFFFFFFFFFFFFFFFFFFFFFFFFFFFFFF89
:10078000FFFFFFFFFFFFFFFFFFFFFFFFFFFFFFFF79
:10079000FFFFFFFFFFFFFFFFFFFFFFFFFFFFFFFF69
:1007A000FFFFFFFFFFFFFFFFFFFFFFFFFFFFFFFF59
:1007B000FFFFFFFFFFFFFFFFFFFFFFFFFFFFFFFF49
:1007C000FFFFFFFFFFFFFFFFFFFFFFFFFFFFFFFF39
:1007D000FFFFFFFFFFFFFFFFFFFFFFFFFFFFFFFF29
:1007E000FFFFFFFFFFFFFFFFFFFFFFFFFFFFFFFF19
:1007F000FFFFFFFFFFFFFFFFFFFFFFFFFFFFFFFF09
:10080000FFFFFFFFFFFFFFFFFFFFFFFFFFFFFFFFF8
:10081000FFFFFFFFFFFFFFFFFFFFFFFFFFFFFFFFE8
:10082000FFFFFFFFFFFFFFFFFFFFFFFFFFFFFFFFD8
:10083000FFFFFFFFFFFFFFFFFFFFFFFFFFFFFFFFC8
:10084000FFFFFFFFFFFFFFFFFFFFFFFFFFFFFFFFB8
:10085000FFFFFFFFFFFFFFFFFFFFFFFFFFFFFFFFA8
:10086000FFFFFFFFFFFFFFFFFFFFFFFFFFFFFFFF98
:10087000FFFFFFFFFFFFFFFFFFFFFFFFFFFFFFFF88
:10088000FFFFFFFFFFFFFFFFFFFFFFFFFFFFFFFF78
:10089000FFFFFFFFFFFFFFFFFFFFFFFFFFFFFFFF68
:1008A000FFFFFFFFFFFFFFFFFFFFFFFFFFFFFFFF58
:1008B000FFFFFFFFFFFFFFFFFFFFFFFFFFFFFFFF48
:1008C000FFFFFFFFFFFFFFFFFFFFFFFFFFFFFFFF38
:1008D000FFFFFFFFFFFFFFFFFFFFFFFFFFFFFFFF28
:1008E000FFFFFFFFFFFFFFFFFFFFFFFFFFFFFFFF18
:1008F000FFFFFFFFFFFFFFFFFFFFFFFFFFFFFFFF08
:10090000FFFFFFFFFFFFFFFFFFFFFFFFFFFFFFFFF7
:10091000FFFFFFFFFFFFFFFFFFFFFFFFFFFFFFFFE7
:10092000FFFFFFFFFFFFFFFFFFFFFFFFFFFFFFFFD7
:10093000FFFFFFFFFFFFFFFFFFFFFFFFFFFFFFFFC7
:10094000FFFFFFFFFFFFFFFFFFFFFFFFFFFFFFFFB7
:10095000FFFFFFFFFFFFFFFFFFFFFFFFFFFFFFFFA7
:10096000FFFFFFFFFFFFFFFFFFFFFFFFFFFFFFFF97
:10097000FFFFFFFFFFFFFFFFFFFFFFFFFFFFFFFF87
:10098000FFFFFFFFFFFFFFFFFFFFFFFFFFFFFFFF77
:10099000FFFFFFFFFFFFFFFFFFFFFFFFFFFFFFFF67
:1009A000FFFFFFFFFFFFFFFFFFFFFFFFFFFFFFFF57
:1009B000FFFFFFFFFFFFFFFFFFFFFFFFFFFFFFFF47
:1009C000FFFFFFFFFFFFFFFFFFFFFFFFFFFFFFFF37
:1009D000FFFFFFFFFFFFFFFFFFFFFFFFFFFFFFFF27
:1009E000FFFFFFFFFFFFFFFFFFFFFFFFFFFFFFFF17
:1009F000FFFFFFFFFFFFFFFFFFFFFFFFFFFFFFFF07
:100A0000FFFFFFFFFFFFFFFFFFFFFFFFFFFFFFFFF6
:100A1000FFFFFFFFFFFFFFFFFFFFFFFFFFFFFFFFE6
:100A2000FFFFFFFFFFFFFFFFFFFFFFFFFFFFFFFFD6
:100A3000FFFFFFFFFFFFFFFFFFFFFFFFFFFFFFFFC6
:100A4000FFFFFFFFFFFFFFFFFFFFFFFFFFFFFFFFB6
:100A5000FFFFFFFFFFFFFFFFFFFFFFFFFFFFFFFFA6
:100A6000FFFFFFFFFFFFFFFFFFFFFFFFFFFFFFFF96
:100A7000FFFFFFFFFFFFFFFFFFFFFFFFFFFFFFFF86
:100A8000FFFFFFFFFFFFFFFFFFFFFFFFFFFFFFFF76
:100A9000FFFFFFFFFFFFFFFFFFFFFFFFFFFFFFFF66
:100AA000FFFFFFFFFFFFFFFFFFFFFFFFFFFFFFFF56
:100AB000FFFFFFFFFFFFFFFFFFFFFFFFFFFFFFFF46
:100AC000FFFFFFFFFFFFFFFFFFFFFFFFFFFFFFFF36
:100AD000FFFFFFFFFFFFFFFFFFFFFFFFFFFFFFFF26
:100AE000FFFFFFFFFFFFFFFFFFFFFFFFFFFFFFFF16
:100AF000FFFFFFFFFFFFFFFFFFFFFFFFFFFFFFFF06
:100B0000FFFFFFFFFFFFFFFFFFFFFFFFFFFFFFFFF5
:100B1000FFFFFFFFFFFFFFFFFFFFFFFFFFFFFFFFE5
:100B2000FFFFFFFFFFFFFFFFFFFFFFFFFFFFFFFFD5
:100B3000FFFFFFFFFFFFFFFFFFFFFFFFFFFFFFFFC5
:100B4000FFFFFFFFFFFFFFFFFFFFFFFFFFFFFFFFB5
:100B5000FFFFFFFFFFFFFFFFFFFFFFFFFFFFFFFFA5
:100B6000FFFFFFFFFFFFFFFFFFFFFFFFFFFFFFFF95
:100B7000FFFFFFFFFFFFFFFFFFFFFFFFFFFFFFFF85
:100B8000FFFFFFFFFFFFFFFFFFFFFFFFFFFFFFFF75
:100B9000FFFFFFFFFFFFFFFFFFFFFFFFFFFFFFFF65
:100BA000FFFFFFFFFFFFFFFFFFFFFFFFFFFFFFFF55
:100BB000FFFFFFFFFFFFFFFFFFFFFFFFFFFFFFFF45
:100BC000FFFFFFFFFFFFFFFFFFFFFFFFFFFFFFFF35
:100BD000FFFFFFFFFFFFFFFFFFFFFFFFFFFFFFFF25
:100BE000FFFFFFFFFFFFFFFFFFFFFFFFFFFFFFFF15
:100BF000FFFFFFFFFFFFFFFFFFFFFFFFFFFFFFFF05
:100C0000FFFFFFFFFFFFFFFFFFFFFFFFFFFFFFFFF4
:100C1000FFFFFFFFFFFFFFFFFFFFFFFFFFFFFFFFE4
:100C2000FFFFFFFFFFFFFFFFFFFFFFFFFFFFFFFFD4
:100C3000FFFFFFFFFFFFFFFFFFFFFFFFFFFFFFFFC4
:100C4000FFFFFFFFFFFFFFFFFFFFFFFFFFFFFFFFB4
:100C5000FFFFFFFFFFFFFFFFFFFFFFFFFFFFFFFFA4
:100C6000FFFFFFFFFFFFFFFFFFFFFFFFFFFFFFFF94
:100C7000FFFFFFFFFFFFFFFFFFFFFFFFFFFFFFFF84
:100C8000FFFFFFFFFFFFFFFFFFFFFFFFFFFFFFFF74
:100C9000FFFFFFFFFFFFFFFFFFFFFFFFFFFFFFFF64
:100CA000FFFFFFFFFFFFFFFFFFFFFFFFFFFFFFFF54
:100CB000FFFFFFFFFFFFFFFFFFFFFFFFFFFFFFFF44
:100CC000FFFFFFFFFFFFFFFFFFFFFFFFFFFFFFFF34
:100CD000FFFFFFFFFFFFFFFFFFFFFFFFFFFFFFFF24
:100CE000FFFFFFFFFFFFFFFFFFFFFFFFFFFFFFFF14
:100CF000FFFFFFFFFFFFFFFFFFFFFFFFFFFFFFFF04
:100D0000FFFFFFFFFFFFFFFFFFFFFFFFFFFFFFFFF3
:100D1000FFFFFFFFFFFFFFFFFFFFFFFFFFFFFFFFE3
:100D2000FFFFFFFFFFFFFFFFFFFFFFFFFFFFFFFFD3
:100D3000FFFFFFFFFFFFFFFFFFFFFFFFFFFFFFFFC3
:100D4000FFFFFFFFFFFFFFFFFFFFFFFFFFFFFFFFB3
:100D5000FFFFFFFFFFFFFFFFFFFFFFFFFFFFFFFFA3
:100D6000FFFFFFFFFFFFFFFFFFFFFFFFFFFFFFFF93
:100D7000FFFFFFFFFFFFFFFFFFFFFFFFFFFFFFFF83
:100D8000FFFFFFFFFFFFFFFFFFFFFFFFFFFFFFFF73
:100D9000FFFFFFFFFFFFFFFFFFFFFFFFFFFFFFFF63
:100DA000FFFFFFFFFFFFFFFFFFFFFFFFFFFFFFFF53
:100DB000FFFFFFFFFFFFFFFFFFFFFFFFFFFFFFFF43
:100DC000FFFFFFFFFFFFFFFFFFFFFFFFFFFFFFFF33
:100DD000FFFFFFFFFFFFFFFFFFFFFFFFFFFFFFFF23
:100DE000FFFFFFFFFFFFFFFFFFFFFFFFFFFFFFFF13
:100DF000FFFFFFFFFFFFFFFFFFFFFFFFFFFFFFFF03
:100E0000FFFFFFFFFFFFFFFFFFFFFFFFFFFFFFFFF2
:100E1000FFFFFFFFFFFFFFFFFFFFFFFFFFFFFFFFE2
:100E2000FFFFFFFFFFFFFFFFFFFFFFFFFFFFFFFFD2
:100E3000FFFFFFFFFFFFFFFFFFFFFFFFFFFFFFFFC2
:100E4000FFFFFFFFFFFFFFFFFFFFFFFFFFFFFFFFB2
:100E5000FFFFFFFFFFFFFFFFFFFFFFFFFFFFFFFFA2
:100E6000FFFFFFFFFFFFFFFFFFFFFFFFFFFFFFFF92
:100E7000FFFFFFFFFFFFFFFFFFFFFFFFFFFFFFFF82
:100E8000FFFFFFFFFFFFFFFFFFFFFFFFFFFFFFFF72
:100E9000FFFFFFFFFFFFFFFFFFFFFFFFFFFFFFFF62
:100EA000FFFFFFFFFFFFFFFFFFFFFFFFFFFFFFFF52
:100EB000FFFFFFFFFFFFFFFFFFFFFFFFFFFFFFFF42
:100EC000FFFFFFFFFFFFFFFFFFFFFFFFFFFFFFFF32
:100ED000FFFFFFFFFFFFFFFFFFFFFFFFFFFFFFFF22
:100EE000FFFFFFFFFFFFFFFFFFFFFFFFFFFFFFFF12
:100EF000FFFFFFFFFFFFFFFFFFFFFFFFFFFFFFFF02
:100F0000FFFFFFFFFFFFFFFFFFFFFFFFFFFFFFFFF1
:100F1000FFFFFFFFFFFFFFFFFFFFFFFFFFFFFFFFE1
:100F2000FFFFFFFFFFFFFFFFFFFFFFFFFFFFFFFFD1
:100F3000FFFFFFFFFFFFFFFFFFFFFFFFFFFFFFFFC1
:100F4000FFFFFFFFFFFFFFFFFFFFFFFFFFFFFFFFB1
:100F5000FFFFFFFFFFFFFFFFFFFFFFFFFFFFFFFFA1
:100F6000FFFFFFFFFFFFFFFFFFFFFFFFFFFFFFFF91
:100F7000FFFFFFFFFFFFFFFFFFFFFFFFFFFFFFFF81
:100F8000FFFFFFFFFFFFFFFFFFFFFFFFFFFFFFFF71
:100F9000FFFFFFFFFFFFFFFFFFFFFFFFFFFFFFFF61
:100FA000FFFFFFFFFFFFFFFFFFFFFFFFFFFFFFFF51
:100FB000FFFFFFFFFFFFFFFFFFFFFFFFFFFFFFFF41
:100FC000FFFFFFFFFFFFFFFFFFFFFFFFFFFFFFFF31
:100FD000FFFFFFFFFFFFFFFFFFFFFFFFFFFFFFFF21
:100FE000FFFFFFFFFFFFFFFFFFFFFFFFFFFFFFFF11
:100FF000FFFFFFFFFFFFFFFFFFFFFFFFFFFFFFFF01
:10100000D1002043F1150060000000000000000046
:10101000201000600010006000E000600000000090
:101020000000006000EC000000000000FFFFFFFF78
:10103000FFFFFFFFFFFFFFFFFFFFFFFFFFFFFFFFC0
:10104000FFFFFFFFFFFFFFFFFFFFFFFFFFFFFFFFB0
:10105000FFFFFFFFFFFFFFFFFFFFFFFFFFFFFFFFA0
:10106000FFFFFFFFFFFFFFFFFFFFFFFFFFFFFFFF90
:10107000FFFFFFFFFFFFFFFFFFFFFFFFFFFFFFFF80
:10108000FFFFFFFFFFFFFFFFFFFFFFFFFFFFFFFF70
:10109000FFFFFFFFFFFFFFFFFFFFFFFFFFFFFFFF60
:1010A000FFFFFFFFFFFFFFFFFFFFFFFFFFFFFFFF50
:1010B000FFFFFFFFFFFFFFFFFFFFFFFFFFFFFFFF40
:1010C000FFFFFFFFFFFFFFFFFFFFFFFFFFFFFFFF30
:1010D000FFFFFFFFFFFFFFFFFFFFFFFFFFFFFFFF20
:1010E000FFFFFFFFFFFFFFFFFFFFFFFFFFFFFFFF10
:1010F000FFFFFFFFFFFFFFFFFFFFFFFFFFFFFFFF00
:10110000FFFFFFFFFFFFFFFFFFFFFFFFFFFFFFFFEF
:10111000FFFFFFFFFFFFFFFFFFFFFFFFFFFFFFFFDF
:10112000FFFFFFFFFFFFFFFFFFFFFFFFFFFFFFFFCF
:10113000FFFFFFFFFFFFFFFFFFFFFFFFFFFFFFFFBF
:10114000FFFFFFFFFFFFFFFFFFFFFFFFFFFFFFFFAF
:10115000FFFFFFFFFFFFFFFFFFFFFFFFFFFFFFFF9F
:10116000FFFFFFFFFFFFFFFFFFFFFFFFFFFFFFFF8F
:10117000FFFFFFFFFFFFFFFFFFFFFFFFFFFFFFFF7F
:10118000FFFFFFFFFFFFFFFFFFFFFFFFFFFFFFFF6F
:10119000FFFFFFFFFFFFFFFFFFFFFFFFFFFFFFFF5F
:1011A000FFFFFFFFFFFFFFFFFFFFFFFFFFFFFFFF4F
:1011B000FFFFFFFFFFFFFFFFFFFFFFFFFFFFFFFF3F
:1011C000FFFFFFFFFFFFFFFFFFFFFFFFFFFFFFFF2F
:1011D000FFFFFFFFFFFFFFFFFFFFFFFFFFFFFFFF1F
:1011E000FFFFFFFFFFFFFFFFFFFFFFFFFFFFFFFF0F
:1011F000FFFFFFFFFFFFFFFFFFFFFFFFFFFFFFFFFF
:10120000FFFFFFFFFFFFFFFFFFFFFFFFFFFFFFFFEE
:10121000FFFFFFFFFFFFFFFFFFFFFFFFFFFFFFFFDE
:10122000FFFFFFFFFFFFFFFFFFFFFFFFFFFFFFFFCE
:10123000FFFFFFFFFFFFFFFFFFFFFFFFFFFFFFFFBE
:10124000FFFFFFFFFFFFFFFFFFFFFFFFFFFFFFFFAE
:10125000FFFFFFFFFFFFFFFFFFFFFFFFFFFFFFFF9E
:10126000FFFFFFFFFFFFFFFFFFFFFFFFFFFFFFFF8E
:10127000FFFFFFFFFFFFFFFFFFFFFFFFFFFFFFFF7E
:10128000FFFFFFFFFFFFFFFFFFFFFFFFFFFFFFFF6E
:10129000FFFFFFFFFFFFFFFFFFFFFFFFFFFFFFFF5E
:1012A000FFFFFFFFFFFFFFFFFFFFFFFFFFFFFFFF4E
:1012B000FFFFFFFFFFFFFFFFFFFFFFFFFFFFFFFF3E
:1012C000FFFFFFFFFFFFFFFFFFFFFFFFFFFFFFFF2E
:1012D000FFFFFFFFFFFFFFFFFFFFFFFFFFFFFFFF1E
:1012E000FFFFFFFFFFFFFFFFFFFFFFFFFFFFFFFF0E
:1012F000FFFFFFFFFFFFFFFFFFFFFFFFFFFFFFFFFE
:10130000FFFFFFFFFFFFFFFFFFFFFFFFFFFFFFFFED
:10131000FFFFFFFFFFFFFFFFFFFFFFFFFFFFFFFFDD
:10132000FFFFFFFFFFFFFFFFFFFFFFFFFFFFFFFFCD
:10133000FFFFFFFFFFFFFFFFFFFFFFFFFFFFFFFFBD
:10134000FFFFFFFFFFFFFFFFFFFFFFFFFFFFFFFFAD
:10135000FFFFFFFFFFFFFFFFFFFFFFFFFFFFFFFF9D
:10136000FFFFFFFFFFFFFFFFFFFFFFFFFFFFFFFF8D
:10137000FFFFFFFFFFFFFFFFFFFFFFFFFFFFFFFF7D
:10138000FFFFFFFFFFFFFFFFFFFFFFFFFFFFFFFF6D
:10139000FFFFFFFFFFFFFFFFFFFFFFFFFFFFFFFF5D
:1013A000FFFFFFFFFFFFFFFFFFFFFFFFFFFFFFFF4D
:1013B000FFFFFFFFFFFFFFFFFFFFFFFFFFFFFFFF3D
:1013C000FFFFFFFFFFFFFFFFFFFFFFFFFFFFFFFF2D
:1013D000FFFFFFFFFFFFFFFFFFFFFFFFFFFFFFFF1D
:1013E000FFFFFFFFFFFFFFFFFFFFFFFFFFFFFFFF0D
:1013F000FFFFFFFFFFFFFFFFFFFFFFFFFFFFFFFFFD
:10140000824205D051F8043B40F8043B8242F9D8AF
:10141000704700BF044A05494FF0000342F8043BFF
:101420009142FBD8704700BFC05A0020A06700203F
:1014300080B5BFF34F8F00F0F1F9544C544B0820A6
:101440005449C3F85401544AC3F800115348C3F82F
:10145000F0405349FFF7D4FF524A53495348FFF72E
:10146000CFFF534CFFF7D6FF4FF470004FF0E02151
:101470000023504AC1F8880D44F823200133B02BD3
:10148000FAD14D4B80214D4A03F8011B9342FBD109
:101490004FF0E0254A4F4B4A4FF0FF31C5F8084D59
:1014A0000026D5F8243D43F4E023C5F8243DFB692C
:1014B00023F07F0343F04003FB617B6A23F07F034B
:1014C00043F040037B629166D1661167516700F07B
:1014D000ADF93D4B63223D49A3633D4BE3630323D9
:1014E0006A613C4AAE612B61C5F8202DD5F8FC2D10
:1014F000394B42F08072C5F8FC2D1A6842F00102A7
:101500001A605B680B6000F055FB344800F0C4FDC6
:10151000F96E334B334A41F44051F9661E60C3F80B
:101520000861C3F81861C3F82861C3F83861936B88
:10153000DB0708D442F615632B4951651365936B9D
:1015400043F001039363274A284C936843F0011347
:10155000936000F0F5F900F091FC00F095FD00F0CB
:1015600057FB00F05DF92368132BFCD900F0E8FB72
:101570002368B3F5967FFBD300F056F900F052F9DB
:1015800000F07EFD00F084FD30BFFDE70C0D11136F
:1015900000800D401B101820886100000000000032
:1015A00020230060C05A0020AC84006000000020AE
:1015B00000580020992A000000E400E0A0E400E0C8
:1015C00000C00F4000C00A40954000001467002092
:1015D0009940000000002020001000E00046C323D6
:1015E0000040084000400D400000C0561867002031
:1015F000054B4FF42A01054A05485A641864054A08
:1016000099639546FFF714FF00C00A40ABAAAAAA47
:1016100007002000008007201BB9124B1B6F9B04A2
:101620001ED400F03F000F4B22F0604221F06041D9
:1016300040F489101867C3F88010C3F890201A6F1F
:1016400022F480521A671A6F002AFCDAD3F870115C
:10165000054A0A40C3F870211A6F22F480321A67D3
:10166000704700BF00800D40FF7F7FFFB1F5607FB6
:10167000F0B50E468DB028BF4FF460760F46054694
:1016800072B62E4B00247022186021462C4B2D4838
:101690001C8000F0EDFCCFB121462A484FF0010C30
:1016A0004A0901F01F03013150F822400CFA03F3FC
:1016B0008E4243EA040340F82230F1D82846002342
:1016C0004380013300F582709E42F9D81E4C257884
:1016D00015B162B60DB0F0BD082000F0BDFC1B4B8B
:1016E00080220646009302A90693194B02710560F9
:1016F00008A8029300F0D4FC06A9164A304600F070
:10170000AFFC069B08A8DB689847009B02A8DB6833
:1017100098472378002BDCD10F4B104AC3F858218F
:101720000F49D0204FF0E023402281F84600C3F853
:1017300008210123237062B60DB0F0BD9C5E00202D
:101740003C670020A45E002050670020B8450020C0
:10175000452100001B10010000580020512100000D
:1017600000E400E02B4A0021012310B4C2F8A000DD
:10177000C2F8A410C2F8B0305369DB07FCD50123CE
:101780004FF4803423495361C2F8A000C2F8A4404A
:10179000C2F8B0304B69DC07FCD501234FF40034AC
:1017A0001C4A4B61C1F8A000C1F8A440C1F8B03098
:1017B0005369D907FCD50123174C16495361C2F868
:1017C000A000C2F8A440C2F8B0304B69DB07FCD5DA
:1017D000D1F8003145F60D5021249AB24C61824275
:1017E00014D045F69D518A420CD1C3F34253032BCA
:1017F0000CD0A3F104035DF8044BB3FA83F35B0947
:101800001801704700205DF8044B704708205DF810
:10181000044B704700402A4004000300704700BF9B
:10182000704700BF704700BF00BF704710B44FF053
:10183000E023002110243248C3F8941DC3F89C4DC6
:101840001124C3F8A00D2F48C3F89C4D1224C3F8EF
:10185000A00D2D48C3F89C4D2C4AC3F8A00D2C4C6C
:1018600042F015022B48C3F89C4DC3F8A00D2A4C3A
:101870002A48C3F89C4DC3F8A00D294CC3F89C2DF1
:101880002848294AC3F8A04DC3F89C0DC3F8A02DE1
:1018900002F5A022254C0C322548C3F89C4DC3F814
:1018A000A02D244AC3F89C0DC3F8A02D02F140627C
:1018B000214C02322148C3F89C4DC3F8A02D0A32B6
:1018C000C3F89C0DC3F8A02D00BF00BF00BF00BF30
:1018D00000BF0122C3F8942DBFF34F8FBFF36F8F6A
:1018E000C3F8501FBFF34F8FBFF36F8FD3F8142D82
:1018F0005DF8044B42F44032C3F8142D704700BF2A
:101900003F0000102500080709001000A067002014
:1019100013002000210002071400002025000813F6
:10192000090000101600202027000B1317000040AC
:10193000180000602F000B07190000701A000080CB
:10194000F0B5824B1822824D0120824F83B0C3F83C
:101950005C528149C3F86072804CC3F86452A5F5AB
:1019600030457F4EC3F8685248F20C75C3F86C429C
:10197000C3F87042C3F87442C3F878424FF0FF34A2
:10198000DA661A675A679A67DA67C3F88020C3F87D
:101990008420C3F88820C1F82C03724AC1F83003B0
:1019A000C1F83403C1F83803C1F83C03C1F850034F
:1019B000B1696D4B0A406D486D4913436D4AB3617F
:1019C000D6F8843043F00C03C6F88430036843F043
:1019D0000203036003682B4021251A43664B026013
:1019E00044608A68654C1340654A43F00053836045
:1019F000C36823F07803C360036A13402343036280
:101A0000036A13405F4A234340F2056443628262E3
:101A1000C2620022D1F8B83023F03F0343F0010343
:101A2000C0F8B830D1F8BC30574923F03F0343F039
:101A30000103C0F8BC3002610567C0F8804045670B
:101A4000C0F884400224036823F00203036081612C
:101A50004E4B4F49C46143F8042B8B42FBD1434D9D
:101A60002B6843F001032B602C6814F00104FBD1B8
:101A70004549022340F2F5622046A96140F29941AE
:101A8000EB6140F26643C5F8002242F20142C5F81C
:101A90001032404BC5F82012C5F8303240F23543C1
:101AA000C5F834223C49C5F840323C4BC5F85012C9
:101AB0003B4AC5F8543242F20123C5F86022C5F80A
:101AC0006432FFF74FFE0646002836D083024FF4FB
:101AD00080222B660123C5F8A040244CC5F8A42021
:101AE000C5F8B0306369DA07FCD5012537056561B3
:101AF0003846FFF737FE32182A4BD2B21A7078B147
:101B000080024FF4802319496066C4F8A070C4F8BD
:101B1000A430C4F8B0504B69DB07FCD501234B61FE
:101B200021490024214801230094401A00EB02526D
:101B30001F4800F099FA03B0F0BD1D4B194A186018
:101B40001070D860C3E9010003B0F0BD00801F40F1
:101B5000F9B00100F910010000841F40F970010084
:101B600000C00F40FFFCFF1F0003008000402A4020
:101B700000802A401200FFFFFF37F700400000807E
:101B800000FFF07CFF000F83F05AF05A00422A4019
:101B900000432A409F041830EB06180A063201263B
:101BA0003806180A56670020000000700000007018
:101BB0007C660020F0B4154A40274FF480314FF482
:101BC00080564FF400554FF4404443F242001369ED
:101BD00013F0020F0ED113F4005F0FD013F4805FE7
:101BE0000ED0002BF3DA13F4803F0BD15B060BD53C
:101BF000F0BC7047946151619061E8E75561E6E798
:101C00005661E4E79161E2E75761E0E700800D404B
:101C10003F4A03203F49F3EE095AD2F880304FF093
:101C2000000C9FED3D6A23F001039FED3C5A30B458
:101C3000C2F88030C2F89000D1F8E010384DCBB235
:101C4000384C39482B6007EE903A0B0DC1F30B214D
:101C5000F8EEE77A06EE903A07EE101A334BB8EE3C
:101C6000C77A2160F8EEE66A314937EEC66A37EE88
:101C7000C55A76EEC76A77EEE57A26EE266AC3ED98
:101C8000006A25EE265AD2F8803067EEA64AC0EDEB
:101C9000007AC6EE275A274885EE276AC4EEA76A5F
:101CA00075EE875AFCEEE55A36EE076A15EE904A55
:101CB000BCEEC66A43EA045376EE877AC2F88030F7
:101CC00016EE103AD2F89041FCEEE77A01EA0341B1
:101CD000214317EE903AC2F89011C3F30B03D2F8E8
:101CE00090110B431449C2F89031D2F8803043F080
:101CF0000203C2F88030114B80F840C0C1F8403177
:101D00004FF0E023012230BCC3F80821704700BF28
:101D100000810D4000441F400000AA420000B44270
:101D20000467002000670020086700200C6700207F
:101D30000000FF0F00E400E0005800205D2C0000D0
:101D4000314B40F6617210B5C3F8202140F20444D3
:101D500000F0AAF92D4A2E49D2F880302D4843F0E0
:101D60000303C2F880302C4BC1F8604102681A426C
:101D700003D1D1F8A8319A071BD0254A4FF0004172
:101D8000244B5963D2F8403143F00203C2F840318A
:101D9000D2F840319B07FBD44FF400304FF0E021E4
:101DA0001C4B4FF00042C1F88C0219209A6300F0DE
:101DB00063F9184A4FF08040154C002190630A20C7
:101DC000164B11604FF42072C4F8A801184600F0B9
:101DD0004FF94FF4800203464FF4810040F2431163
:101DE0001860C4F858311A640D4B0E4AC4F84811F3
:101DF000C3F804224FF0E0224FF400310123C2F86F
:101E00000C11C4F8403110BD00800D4000C00F40DF
:101E100000002E4000900D40001C1E00000000201D
:101E200000580020452E000008B50E4B1B6E9B0786
:101E300000D4FBBE72B60C4B00200C4AC3F8400124
:101E400003F160430A49A3F55F2311649D46BFF384
:101E50004F8F4FF400130748074ADB6902609B6805
:101E6000984700BF00441F4000002E4000C00A40B9
:101E70000300200000802020000012EB104BA02067
:101E8000104AD96E41F4403110B4D96640F237643B
:101E9000D96E41F44071D96654649064936C1B060A
:101EA000FCD4094A40F23761A02351649364936CD7
:101EB00013F08003FBD1054A13705DF8044B7047A3
:101EC00000C00F4000400C4000800C4055670020CF
:101ED00043690A4A03EB011010B4037A084C02EB81
:101EE0000313D3E901321460C2681A6003690BB1AD
:101EF00042691A605DF8044B704700BF2846002015
:101F000061F801004369027E03EB021292F808C0F7
:101F10008C451CD01A7AFF2A19D0914210B504467C
:101F200016D01A7EFF2A06D00121D3E900231268B9
:101F30001A4201D1217610BD064B0522204603EB43
:101F40000C135B681A60FFF7C3FF2176F3E7704755
:101F50000021EAE72846002043690A4A03EB011002
:101F600010B490F82830084C02EB0313D3E9013287
:101F70001460C26A1A60036B0BB1426B1A605DF8A1
:101F8000044B70472846002061F801004369427EF7
:101F900003EB021292F828C08C451ED093F828203B
:101FA000FF2A1AD0914210B5044617D093F8382072
:101FB000FF2A06D00121D3E9002312681A4201D179
:101FC000617610BD064B0522204603EB0C135B68BF
:101FD0001A60FFF7C1FF6176F3E770470021EAE777
:101FE00028460020164942698B6B23F47C0343F496
:101FF000802370B58B630446124DD2E900130A6842
:102000001A4303690A60022200211A610E4A19610B
:102010009A6401225A629D624FF43035DD624FF0BE
:1020200001159E6C1E6519629D651A61017EFFF7A0
:102030004FFF617E2046BDE87040FFF78DBF00BFB7
:1020400000C00F40B80B05053B372819F8B500BF95
:10205000F8BC08BC9E4670475FF800F0312A0000CB
:102060005FF800F0ED2600005FF800F08945000001
:102070005FF800F0E55B00005FF800F04528000025
:102080005FF800F0C55C00005FF800F02544000038
:102090005FF800F0ED2800005FF800F0B9400000A4
:1020A0005FF800F0B92100005FF800F08135000012
:1020B00045000000BD17000035200000F12700009A
:1020C00018035400650065006E007300790020005D
:1020D0004D004900440049001803540065006500A4
:1020E0006E00730079006400750069006E006F0077
:1020F0000403090409029500030100C032080B0023
:10210000020202010009040000010202010005248C
:102110000010010524010101042402060524060023
:10212000010705820310001009040100020A0000E3
:102130000007050302400000070583024000000974
:10214000040200020103000007240100012500062B
:1021500024020101000624020202000924030103F3
:102160000102010009240302040101010009050420
:10217000024000000000052501010109058402401C
:102180000000000005250101030000000902950080
:10219000030100C032080B00020202010009040022
:1021A00000010202010005240010010524010101C3
:1021B0000424020605240600010705820310000519
:1021C00009040100020A00000007050302000200E2
:1021D0000705830200020009040200020103000057
:1021E0000724010001250006240201010006240243
:1021F0000202000924030103010201000924030271
:102200000401010100090504020002000000052587
:1022100001010109058402000200000005250101F9
:10222000030000000A060002EF0201400100000066
:1022300080C00F40000000031900000010000000E3
:10224000E8841F4001000000FF000000FF000000C4
:102250000000000000000000180000001000000056
:10226000E4841F4001000000FF000000FF000000A8
:1022700000000000000000001F000000354B0000BF
:1022800070C00F40000C00001100000011000000A1
:10229000E0841F40020000002C000000120000003B
:1022A000E0841F4001000000100000001100000049
:1022B000DC841F40020000002D000000120000001E
:1022C000DC841F40010000001E000000294B0000BC
:1022D00070C00F40C000000012000000130000009A
:1022E000D0841F4001000000FF000000FF0000003C
:1022F00000000000000000001300000013000000B8
:10230000CC841F4001000000FF000000FF0000001F
:1023100000000000000000001C0000001D4B000039
:1023200000000000000000000000000000000000AD
:10233000000000000000000000000000000000009D
:102340000548064B1B1AD90F01EBA301491002D017
:10235000034B03B118477047C05A0020C05A0020F1
:102360000000000008B5054B1BB105490548AFF357
:102370000080BDE80840FFF7E3BF00BF0000000099
:102380008C66002000EC0060436910B504462DED1A
:10239000028B032B00F25882DFE813F0DA01F6001B
:1023A0001E00040090ED018A9FEDE40A28EE000A69
:1023B00004F032FE94ED027AF7EE007A38EE078AE6
:1023C000B4EEE78AF1EE10FAA8BF38EE678A84ED22
:1023D000018ABDEC028B10BDF6EE007A90ED016A29
:1023E000D0ED024AB4EEE76AF1EE007AF1EE10FAAF
:1023F00000F11F82B0EE080AA6EE670AF5EEC04AA9
:10240000F1EE10FA40F3B080B3EE003A9FEDCE4A01
:10241000B2EE005A64EE833A24EE855A76EE637A81
:1024200036EE237AFAFE677AFDEEE77ABBFE477A4C
:1024300017EE902AFDEEC77A17EE900A824239DC39
:10244000F0EE441A94ED032A0130DFEDC02ABC49B6
:1024500012E0F8EEE77ADEED006ADEED015A0132B5
:1024600037EE677A824275EEE65AF0EE667AE7EE6C
:10247000257AA5EE274A1DD007EE902AB0EE437AC2
:10248000F8EEE77A76EE677AA7EE827A27EE227A7E
:10249000FBFE477AFDEEE77A17EE903AB3F5006F50
:1024A00001EB830ED5D30132F0EE617A8242A5EEC4
:1024B000274AE1D1B6EE003A34EE004A9FEDA20A77
:1024C000B1EE455A36EE433A73EE637A73EE233A31
:1024D000FAFE677AFDEEE77AFBFE633A17EE902A82
:1024E000FDEEE37A17EE901A8A423BDCB3EE002A47
:1024F000D4ED032AF0EE401A0131DFED943A904812
:1025000012E0F8EEE77ADEED006ADEED015A013204
:1025100037EE677A8A4275EEE65AF0EE667AE7EEB3
:10252000257AA5EE270A1DD007EE902AB0EE427A52
:10253000F8EEE77A73EE677AA7EEA27A27EE237AAF
:10254000FBFE477AFDEEE77A17EE903AB3F5006F9F
:1025500000EB830ED5D30132F0EE617A8A42A5EE0C
:10256000270AE1D130EE040A36EE246AF7EE007A4B
:10257000BDEC028BB4EEE76AF1EE10FAA8BF36EEBE
:10258000676A84ED016A10BDD0ED015AB7EE001AFA
:1025900090ED043ABFEE000AD0ED024AF4EEC35AC1
:1025A000F1EE10FAF5EEC04A48BFB0EE410AF1EE86
:1025B00010FA40F3B380F3EE002A9FED634A64EE15
:1025C000A23A75EEE37A35EEA37AFAFE677AFDEE6B
:1025D000E77ABBFE477A17EE902AFDEEC77A17EE30
:1025E000900A824242DCF0EE440AD4ED031A013034
:1025F0009FED562A53491BE0F8EEE77A9EED007AEC
:102600009EED015AF5EEC06A013236EE676A35EE8C
:10261000475AF0EE477AF1EE10FAE6EE057AA8BFD7
:1026200077EEC17A824277EEA77A34EE274A1DD040
:1026300007EE902AF8EEE76A75EEE66A66EEA16AA2
:1026400036EEA26A26EE026AFBFE467AFDEEE77AD5
:1026500017EE903AB3F5006F01EB830ECCD3013245
:10266000F0EE607A824234EE274AE1D135EEC33A89
:1026700030EE044A73EE637A73EE233AFAFE677A19
:10268000FDEEE77AFBFE633A17EE902AFDEEE37A61
:1026900017EE901A8A4200F3D480B3EE002AD4EDEC
:1026A000032AF8EE001A0131B7EE001A9FED260A50
:1026B000DFED263A234807EE902A0132F8EEE77A5A
:1026C00073EE677A67EEA27A77EE826A66EEA36AA5
:1026D000BBFE667ABDEEC77A17EE103AB3F5006F0F
:1026E00000EB830E16D2B8EEC77A9EED006A9EED1F
:1026F000015AF5EEC07A76EEC76A35EE465AB0EE6C
:10270000467AF1EE10FAA6EE857AA8BF37EE417A46
:10271000A7EE210A8A42CED134EE000A75EEA45A01
:10272000F7EE007AF4EEE75AF1EE10FA01DB75EEFF
:10273000E75AC4ED015ABDEC028B10BDDB0FC94056
:102740002405002028250020000000000000804211
:10275000D0ED022AF0EE007ABFEE000AD0ED015A69
:10276000F5EEC02AA5EEA70AF1EE10FA56DDB3EE9B
:10277000004AF0EE657AB0EE657AE2EEC47AA2EE37
:10278000847AFAFE677AFDEEE77ABBFE477A17EEA7
:10279000902AFDEEC77A17EE900A82424EDCB8EE20
:1027A000002A94ED033AF7EE001A01305FED1A4A61
:1027B0005FED1A3A2E4907EE902A0132F8EEE77AD9
:1027C00075EEE77A67EE837A77EE846A66EEA36A3F
:1027D000BBFE667ABDEEC77A17EE103AB3F5006F0E
:1027E00001EB830E16D2B8EEC77A9EED006A9EED1D
:1027F000015AF5EEC07A76EEC76A35EE465AB0EE6B
:10280000467AF1EE10FAA6EE857AA8BF37EE617A25
:10281000E7EE024A8242CED130EE240A75EEA25A89
:10282000F7EE007AF4EEE75AF1EE10FABFF67FAF5A
:102830007FE7BFEE000AA6EE270ADFE5DFED0D4ACF
:10284000EAE79FED0C0A67E7D0ED017AB7EE007A70
:10285000D0ED026A9FED070A77EEA67AF4EEC77A0A
:10286000F1EE10FAA8BF77EEC77AC0ED017AB0E5B5
:102870002825002000000000B5EEC00A38B5F1EEB2
:1028800010FA04460D462DED088BB0EE408A15DD9A
:10289000DFEDB47AB4EEE70AF1EE10FA0CD59FED55
:1028A000B27AF0EE407ADFEDB16AF0EE408A20EEC7
:1028B000077A86EE87BA07E000F14681DFEDAC7A51
:1028C0009FEDACBAF0EE678A0023B7EE00AAC4ED24
:1028D000007AB0EE4B0A636184ED2C8AC4ED068A5F
:1028E00004F0BEFADFEDA47A3AEE400A9FEDA39A17
:1028F00068EEA77A84ED0A0A89EE270A04F0B0FA96
:10290000DFED9F7A3AEE400A68EEA77A84ED0B0A73
:1029100089EE270A04F0A4FA9A4B63620023B5EE0D
:10292000C08A3AEE400AF1EE10FA84ED0C0A40F348
:10293000F680DFED8C7AB4EEE78AF1EE10FA00F162
:102940008E80914AE363914B84ED10AA6263A36386
:10295000DFED847AB4EEE78AF1EE10FA00F1A080A0
:1029600004F16C01DFED7F7AB4EEE78AF1EE10FA44
:1029700000F1E580DFED7E9AF0EE69AA844AAE466A
:10298000844B04F18C0CC4F88820B0EE4B0AA3658C
:10299000B7EE009A636704F18803C4ED159AC4F892
:1029A0008430C4ED1CAAC4E91A120022C4F88020A5
:1029B00001226266BEE80F00ACE80F00BEE80F001F
:1029C000ACE80F00DEF8003094ED2AAACCF8003015
:1029D00004F046FAB5EEC0AA39EE400AF1EE10FA5C
:1029E00084ED0A0A09D92AEE28AA9FED640A80EE2E
:1029F0000A0A04F035FA39EE409ADFED677A9FED66
:102A00005F0A68EEA77A84ED0B9A80EE270A04F03D
:102A100027FAD4ED276A0023636286EEA97AF7EEDF
:102A2000007A37EEC00A84ED0C0AB5EEC07AF1EEFA
:102A300010FA3CDBF6EE007AB4EEE77AF1EE10FA2B
:102A400067DCB5EEC07AF1EE10FA30DDDFED536AE7
:102A5000E7EE267AFCEEE77A17EE903A28E0DFED13
:102A6000507A38EE080A9FED4F7A68EE277ADFED4C
:102A70004E6A84ED0D8AF4EEC77AF1EE10FA58BF73
:102A8000F0EE477A67EEA67A87EE800A04F0E8F95E
:102A9000002384ED10AAE3633AEE400A84ED0E0AA7
:102AA000F0EE489A04F16C01F0EE48AA66E70023C4
:102AB000D4ED297A236687EEAA7AB5EEC07AF1EED4
:102AC00010FA14DBF6EE007AB4EEE77AF1EE10FAC3
:102AD00022DCB5EEC07AF1EE10FA08DDDFED2F6AE8
:102AE000E7EE267AFCEEE77A17EE903A00E0002354
:102AF000F6EE007AE367E8EE277AFDEEE77A17EE66
:102B0000903A022BB8BF0223C4F8B430BDEC088B56
:102B100038BD4FF00043CBE74FF00043E8E7DFED6F
:102B2000149A1A4AE36384ED10AAC4ED0D9AA263C5
:102B30003FF70EAF04F16C017FF71EAF12E7F0EE26
:102B400048AADFED0B9A19E79FED077AF0EE408A6D
:102B5000DFED066A20EE077ADFED057A86EE87BAAA
:102B6000B2E600BF8096184B0AD7233C549F8CBF17
:102B700000803B4749FF15BBCDCCCC3D8E5D93C05B
:102B8000CDCC4C3E3333333F00803B47B8BF813D13
:102B9000979B28ADEC0A073F0AD7A33D0000804F62
:102BA0006666E63E00007A44DB0FC9C02DE9F04FAF
:102BB000744D40F2EE28744C744FDFF828922E6862
:102BC0002DED028B8DB003F067FB2378002B00F016
:102BD000CA803B78DA0740F1C6802B68D9F800201C
:102BE0009B1A0E2B40F2BF8069480DF10C0901F0D1
:102BF00021F940216648CB46664C01F061F9664BED
:102C00004FF07A52654DCC46A3610023E261CA467B
:102C1000636104F15408636304F1EC06CDF8049099
:102C2000F7EE002A9FED5E0A9FED5E6ADFED5E6AB9
:102C300084ED000A84ED1C0A84ED080A84ED0E0A76
:102C400084ED026AC4ED036ADFED580A9FED581A5D
:102C5000DFED581A9FED588ADFED587A9FED587ACC
:102C60009FED582A9FED583ADFED583A9FED584AAC
:102C7000DFED584A9FED585ADFED585A0FCDA9E8BD
:102C80000F0095E8070089E80700BBE80F00A8E8F7
:102C90000F0099E8070088E8070045F2226205F175
:102CA0000C0705F1280E65466267002284ED0A6A6A
:102CB000C4F89020C4ED0B6AC4ED130A84ED141A15
:102CC000C4ED111A84ED420A84ED1F0A84ED250A31
:102CD00084ED2C0A84ED128A0FCFAAE80F0097E842
:102CE000070089E8070042F6113284ED330A84EDCB
:102CF000342AC4F80C21C4ED362A84ED213AC4EDFF
:102D0000223A84ED294AC4ED2A4A84ED305AC4EDB2
:102D1000315AC4ED357A84ED2B7A84ED327AC4EDE4
:102D2000287AC4ED2F7A0FCD0FC699E8070086E800
:102D30000700BEE80F00ACE80F00BEE80F00ACE8EB
:102D40000F00DEF8003003A904F58A70CCF80030DB
:102D5000FFF792FD0C2122480DB0BDEC028BBDE8BF
:102D6000F04F05F091BB2B6822789B1B32B1B3F575
:102D7000FA6F3FF639AF03F08FFA24E74345FAD9EB
:102D800032E700BF186700206367002062670020F9
:102D9000645E0020B84F002000005C43A8040020BF
:102DA00000442C47EE77A33B5E7448430004643A2A
:102DB00000F0DA39CDCC0C3F00DBA23B0000000074
:102DC00000BB083BE0D18C3DEE77233B5E74C843EB
:102DD0008071CB3B0050733900D04A3C00D0F839A9
:102DE00000002020286700202DE9F0410024124D2A
:102DF000DFF85080114E2846C8F800400134104FCB
:102E00002DB105F02DF90146284603F0C7F93846E3
:102E100001F09AFE4FF47A6001F0A4FE042C08D071
:102E200056F8045FC8F8004001342846002DE8D168
:102E3000EDE7BDE8F08100BF9849002004050020BF
:102E4000E84B0020705E00202DE9F04704462DED90
:102E5000108B11B3012903D0BDEC108BBDE8F087B6
:102E6000D0F8F45000F1980ADFEDD37A07EE105A4B
:102E7000D0F8FC301768B8EE470AD2F80C90D2E9C7
:102E8000018620EE270A042B00F29584DFE813F078
:102E90001B042A043E044D04CF01D2E90267D2E9A3
:102EA0000013BE42D8DAD0F89450F7EE009A01EB46
:102EB0008609DFEDC2AA03EB86089FEDC1AADFED0C
:102EC000C1BA002D40F019810123E361A363F7EE3D
:102ED000087AD4ED0F6A94ED117A77EEE67AE7EE90
:102EE000276AF4EEE96AF1EE10FAC0F29A81F7EE81
:102EF000006A0223C4ED0F9AA36394ED1E7A94ED49
:102F00001D6AD4ED147A36EE476AD4ED1FCA37EE47
:102F1000A70AA6EE267AB4EECA7AF1EE10FA00F10C
:102F20007781DFEDA96A67EEA67AB4EEE77AF1EE73
:102F300010FAD4BFDFEDA57A9FEDA47A67EE877A09
:102F400087EE800A03F08CFFF5EEC0CA79EEC08AE6
:102F5000F1EE10FAC4ED158A00F15D81DFED9C7A87
:102F6000F4EEE7CAF1EE10FA00F35881F1EE007AC0
:102F70006CEEA7CA2046C4ED16CAC4ED179AB6EE89
:102F800000EAFFF701FA94ED1B8AB0EE40CAF0EEBA
:102F9000486AB1EE40BAE0EE4E6AA6EEEC0A04F0E2
:102FA0007BF9D4ED18FAB0EE409AB0EE6F0A04F057
:102FB00073F939EE409AE8EE89FAB0EE6F0A04F040
:102FC0006BF994ED19FAF0EE40EAB0EE4F0A04F016
:102FD00063F97EEEC06AA8EEA6FAB0EE4F0A04F0DE
:102FE0005BF994ED1A9AF0EE40DAB0EE490A04F07B
:102FF00053F97DEEC06AA8EEA69AB0EE490A04F035
:103000004BF9B0EE40DAB0EE480A04F045F97DEE37
:10301000406AB0EE4C0AA8EEA68AF0EE486AEBEEE3
:103020000E6AA6EEEC0A04F037F930EE6E0AE8EE0E
:1030300080FAB0EE6F0AC4ED18FA04F02DF930EE04
:103040006D0AA8EE80FAB0EE4F0A84ED19FA04F08A
:1030500023F930EE4D0AA8EE809AB0EE490A84EDCD
:103060001A9A04F019F9B0EE409AB0EE480A04F04A
:1030700013F9F0EE487A39EE400AE369013BE8EED5
:10308000807AC4ED1B7A032B00F28C83DFE803F017
:103090004D61460294ED087AD4ED0C6AA7EE667A8B
:1030A000B4EEEA7AF1EE10FA40F1BE80DFED496A43
:1030B0000023B0EE667AC4ED086AE36167EE877AB2
:1030C000D4ED226A013599ED007A0136D4F89030BA
:1030D000A6EEA77A9D42A8BF0025B742A9EC017AC7
:1030E00098ED007AA6EEA77AA8EC017AC4F894507D
:1030F0003FF4B2AE002D3FF4E7AEA36B013B032BD0
:1031000000F2558301A252F823F000BFAF0B00007C
:10311000BD0E00008F0E0000670E000094ED097ACE
:1031200067EE877A84ED087ACAE7F7EE086A94EDCD
:10313000087A94ED0A6A76EEC76AA6EE267AB4EEAD
:10314000E97AF1EE10FAEBDB0223C4ED089AE361B1
:10315000B6E794ED087AD4ED096AD4ED0B5A36EE51
:10316000C76AA5EE867A37EE666AB0EEC66AB4EE36
:10317000EA6AF1EE10FA57D50323B0EE667AC4ED91
:10318000086AE3619AE7D4ED0F6AD4ED137AE6EEAC
:10319000E76AF4EEEA6AF1EE10FA42D5DFED0D7A55
:1031A0000023F0EE676AC4ED0F7AA363A5E6D4EDC1
:1031B000106AC4ED0F6AA0E60000802F17B7D1385F
:1031C0006F12833A2FE3CDBB6666E63EDB0FC9C0C4
:1031D0006666863F0000000066668640D4ED0F6A92
:1031E000D4ED107A94ED126A37EEE67AE6EE076ACD
:1031F00036EEE77AB0EEC77AB4EEEA7AF1EE10FA7C
:103200000FD50323F0EE676AC4ED0F7AA36374E66B
:10321000F0EE6B7A94E65FED11CAABE65FED12CA91
:10322000A8E6C4ED0F6A68E684ED087A46E7B7EED3
:10323000007A90ED3C8AF6EE007A38EE078A28EEA6
:10324000278AD4F8F830ED18C4F8F45025D3D4F810
:10325000001111B30B68F0EE006ADE4ABFEE007A8F
:103260009FEDDD6A1A440A6082EAD23342F001021D
:1032700002FB03F383EAD31243F03D0101FB023268
:10328000534083EA933307EE903AF8EE677A67EE9D
:10329000867AA7EEA67A84ED3C7AD4F81051DFED59
:1032A000CE7A07EE105AD4F81831B8EE470A60EE1D
:1032B000277A042B00F27382DFE813F0FE01F0019D
:1032C000E901DB01050094ED430AD4F81431ED184F
:1032D000C4F8105125D3D4F81C1111B30B68F0EECB
:1032E000006ABC4ABFEE007A9FEDBB6A1A440A60CE
:1032F00082EAD23342F0010202FB03F383EAD312E3
:1033000043F03D0101FB0232534083EA933307EE61
:10331000903AF8EE677A67EE867AA7EEA67A84EDA1
:10332000437A94ED4E7ADFEDAD7A20EE070AD4EDC4
:10333000498A80EE270A03F005FE94ED267ADFED38
:10334000B26A28EE800AC0EE077AF4EEE67AF1EE71
:1033500010FA00F1FE819FEDA26AF4EEC67AF1EE5A
:1033600010FA00F3FE81F4EEE67AC4ED287AF1EE6D
:1033700010FA40F30E82F7EE006A86EEA77A94ED1B
:103380004C0AD4ED4A8A84ED297A28EE000A03F02B
:10339000D9FD28EE800ADFED936AD4ED337AB4EEDE
:1033A000E60A94ED4B8A37EEA77AF1EE10FA00F1B7
:1033B000CD81DFED8D6A67EEA67AB4EEE70AF1EE15
:1033C00010FA00F3D681DFED8F7A20EE270A80EE27
:1033D000070A03F045FDF7EE007AB5EEC08A37EE36
:1033E000C00AF1EE10FA84ED340A00F1B781DFED86
:1033F0007F7AB4EEE78AF1EE10FA00F3B781F1EECE
:10340000007A28EE278A4FF07E534E4584ED358AA8
:10341000C4F8D830BFF620AD07EB8607DFED74AAFD
:1034200008EB86089FED78BAD4F8505115B90123FE
:10343000C4F8B4305046F6EE00CAFEF7A5FF94ED8E
:103440003A8AD4ED35EAF0EE40DAF0EE487A94EDBF
:1034500036EAB1EE40FAE0EE6C7AAEEEE70A2EEE16
:10346000000A03F019FFD4ED379AF0EE408A94ED8C
:1034700034AAB0EE690A03F00FFF78EEC08AEAEED4
:10348000289AB0EE690A03F007FF94ED389AB0EE7F
:1034900040DAB0EE490A03F0FFFE3DEE407AAAEEB4
:1034A000079AB0EE490A03F0F7FED4ED398AB0EE80
:1034B00040CAB0EE680A03F0EFFE3CEE407AEAEE56
:1034C000078AB0EE680A03F0E7FEF0EE40BAB0EE0D
:1034D000480A03F0E1FE3BEEC07AAAEE078AB0EE9E
:1034E000487AAFEE2C7AE7EE6EDA2DEE8E0A03F014
:1034F000D3FE30EE4D0AE0EE0A9AB0EE690AC4ED52
:10350000379A03F0C9FE30EE4C0AA0EE0A9AB0EEEC
:10351000490A84ED389A03F0BFFE30EE6B0AE0EE04
:103520000A8AB0EE680AC4ED398A03F0B5FEF0EEFF
:10353000408AB0EE480A03F0AFFEF0EE487A38EE6B
:10354000C00AD4F8B430013BE0EE0A7AC4ED3A7A0E
:10355000032B00F22181DFE803F07559350294ED69
:103560002E7AD4ED326AA7EE667AB4EEEA7AF1EEFC
:1035700010FA40F1E880B0EE4B7A002384ED2EBAC9
:10358000C4F8B43067EE877AD4ED516A013597ED0F
:10359000007A0136D4F84C31A6EEA77A9D42A8BF36
:1035A0000025B145A7EC017A98ED007AA6EEA77A3E
:1035B000A8EC017AC4F850517FF438AFBDEC108B01
:1035C000BDE8F08794ED2F7A67EE877A84ED2E7A46
:1035D000DAE700BFF5792B6D0000802F00009644DC
:1035E00048E1FA3E6F12833A6666E63E6666863FBB
:1035F00017B7D138DB0FC9402FE3CDBBBC9C0240CD
:1036000066668640DB0FC9C00000000094ED2E7A8C
:1036100094ED2F6AD4ED315A76EE476AA5EEA67A7C
:1036200077EE466AF0EEE66AF4EEEA6AF1EE10FA38
:1036300040F189800323B0EE467A84ED2E6AC4F807
:10364000B4309FE7F7EE086A94ED2E7AD4ED305A45
:10365000B7EE006A76EEC76AA5EEA67AB4EEC67A31
:10366000F1EE10FAB0DB022384ED2E6AC4F8B43018
:103670008AE7F6EE006AB7EE000ABFEE007AF4EED3
:10368000E67AF1EE10FA58BFB0EE470A1DE6B0EE4A
:10369000007ABFEE000AA7EE870A16E6B6EE007AB9
:1036A000F4EEC77AB1EE007AF1EE10FAF1D4B0EE92
:1036B000080AA7EEC70A08E61FED320A27EE800ABD
:1036C00003F0AAFC01E65FED357A20EE270A03F04D
:1036D000A3FCF7EE007A30EE270AF6EE007A20EE31
:1036E000278AAEE5B6EE008AF1EE006AB4EEC80AAB
:1036F000F1EE10FA42D5FFEE007AB7EE007AE0EE76
:10370000267A77EE877A27EE888A9AE5B0EE006A05
:10371000FFEE007AF7EE006AB6EE007AE0EE067A87
:1037200077EEA67A27EE878A8BE5B6EE007A5FED14
:103730004A7AB7EE008AB4EEC70AF1EE10FA58BF23
:10374000B0EE678A7DE584ED2E7A1BE71FED560A01
:103750003DE6B0EE667AC4ED286A10E61FED568AA3
:1037600051E61FED5A7A84ED286A08E61FED5C8A5F
:1037700049E65FED5C6A27EEA60A28E6F0EE087AD5
:10378000B7EE007AE0EE667A77EE877A27EE888ADF
:1037900057E5B0EE667AF2E567EE8B7AF4E61FED58
:1037A000660A92E51FED687A67EE877A88E45FED36
:1037B0006A6AFFF7A2BBB6EE008A42E52DE9F04F38
:1037C0002DED048B87B0054600F090FE002800F038
:1037D000D680044600F08AFE0646002800F06A8182
:1037E000B54F4FF40072DFF8D8920021384604F04C
:1037F00089FB4FF400720021484604F083FBAB695B
:10380000002219688023CDE90279CDE9042300293B
:103810005ED1DFF8C0A2B84607F500779AED078AB7
:103820005046FEF7B1FD98ED007AD9ED007AA0EE92
:10383000087AE0EE087AA8EC017A4745E9EC017ACB
:10384000EED1BFEE007A9C4AF7EE006A9FED9B6ACC
:10385000B01C04F1020C9A49DFF87CE22AE0F4EE95
:10386000E67AF1EE10FA00F3838067EE867AFDEED9
:10387000E77A17EE903A1BB2F1EC017A2CF8023F8E
:10388000F4EE677AF1EE10FA75D6F4EEC77AF1EE3F
:1038900010FA50DBF4EEE67AF1EE10FA65DC67EE32
:1038A000867AFDEEE77A17EE903A1BB2974220F83F
:1038B000023F45D0F2EC017AF4EE677AF1EE10FAAD
:1038C0005BD6F4EEC77AF1EE10FAC8DA7346D3E7A6
:1038D000012959D1DFF8FCB1B846DFED7A9A07F536
:1038E0000077DBF874309FED789A07EE903A9BED05
:1038F0001B8ADBF878A0F8EEE78A0093BAF1000F94
:1039000050D0DBED1A7ADBF83C2068EEA77AFDEEAA
:10391000E77A17EE903A534500F0C4806B48019265
:10392000FEF732FD019A013A032A00F2C080DFE877
:1039300002F04C7996A37346974220F8023FB9D122
:1039400000222146284600F04FFE0122314628463B
:1039500000F04AFE204600F01FFE304607B0BDECE6
:10396000048BBDE8F04F00F017BE47F6FF739DE7EC
:1039700047F6FF7380E7002398E700237CE707B052
:10398000BDEC048BBDE8F08F023902AA504807F560
:103990000077FFF759FA54E70022B845CBF87820B2
:1039A0003FF44FAFDBED1A7A012268EEA77ACBF82D
:1039B0003C20FDEEE77A17EE90AABAF1000F55D041
:1039C0004FF0000A4148FEF7DFFCB7EE087ADBED66
:1039D000107A9BED126AF7EE006A37EE677AE6EE30
:1039E000077AF4EEE67AF1EE10FA3ADB0222CBED3A
:1039F000106ACBF83C2098ED007A0AF1010AD9ED63
:103A0000007AA8EE007A009BE8EE007A9A45A8ECCE
:103A1000017AE9EC017ABFDAB845CBF878A07FF4F7
:103A20006DAF0EE7DBED107A9BED117A9BED136A1B
:103A300077EE676AE6EE267A77EEC76AF0EEE66A18
:103A4000F4EEE96AF1EE10FA29D5F0EE477A032296
:103A50008BED107ACBF83C2020EE270ACBE7DBED8C
:103A6000117A20EE270ACBED107AC4E7042217481A
:103A7000CBF83C20FEF788FCDBED107A9BED147A46
:103A8000E7EEC77AF4EEE97AF1EE10FA07D50022F4
:103A9000F0EE497A8BED109ACBF83C20DCE7CBEDC9
:103AA000107AD9E7002AE1D10848FEF76DFC20EE34
:103AB000090AA0E7204651E7605F002000FEFF46AC
:103AC0006061002017B7D13800000000D84F0020F7
:103AD00034500020B84F00200180FFFF2D49002303
:103AE0002D4A2E4810B50C6882B010601361138106
:103AF000D360002C4AD0234619465B69002BFBD1CA
:103B00004A6127480021274B106027485161906186
:103B100002205160917203F118021972D960996103
:103B2000D96158721A6122466469002CFBD11F4981
:103B300053615C605C619C7219601A4800F09CFBE8
:103B40001B4B1C490A221C4819601A7200F07CFDAC
:103B5000144B224610490094174800F0E9FD174A1B
:103B60001749154802F0E2FE164800F06DFD0122EB
:103B7000094900920B4B134800F0DAFD0F4A104937
:103B8000104802B0BDE8104002F0D0BE14460A60F2
:103B9000B7E700BFA05E0020485E0020344500204B
:103BA000B4450020285E0020705E002040450020C3
:103BB000645E002074450020745E0020985100204F
:103BC000C5240000885E0020002070470020704758
:103BD000F8B50127027A1E4C0D46BA40C1F3072101
:103BE0000646204684F8A52084F8307184F82F71A9
:103BF00002F0C6FEE9B2204602F0C2FE00212046D5
:103C000002F096FF08B10020F8BD3B460222317A4F
:103C1000204603F00DF80128F5D994F8A22094F875
:103C2000A300824210D2531CA118DBB2897E9842B5
:103C30004FEA012184F8A23006D923440232987E4B
:103C400084F8A2200843F8BD4FF0FF30F8BD00BF54
:103C5000F84B0020F8B50127037A144C242903FA05
:103C600007F30D4608BFC2801646C1F30721204660
:103C700084F8A53084F8307184F82F7102F080FE4A
:103C8000E9B2204602F07CFEC6F30721204602F08E
:103C900077FE2046F1B202F073FE3946204602F06C
:103CA00047FFB0FA80F04009F8BD00BFF84B002094
:103CB0002DE9F0414FF001080F461546302144F23E
:103CC000600280F804800446FFF7C4FF064610B97E
:103CD0003046BDE8F0816C2226212046FFF7BAFF6E
:103CE0004FF4F97228212046FFF7B4FF40F6227204
:103CF0002C212046FFF7AEFF44F246423C212046ED
:103D0000FFF7A8FF40F2371224212046FFF7A2FF59
:103D1000002F6BD0454B342120469F428CBF42463A
:103D20000022FFF797FF07EE905A9FED417A32216C
:103D3000B8EE676A07EE907A2046F8EE676AB5FB40
:103D4000F7F2C6EE267A02F01F0206EE902AF8EE8F
:103D5000E66A77EEE67A67EE877AFCEEE77A17EEA8
:103D6000903AC3F30A0343EAC222FFF773FF44F217
:103D7000FF5230212046FFF76DFF732202212046BB
:103D8000FFF768FF4FF4C87000F0ECFE41F61D52DB
:103D90002E212046FFF75EFF072204212046FFF771
:103DA00059FFB02206212046FFF754FF10220A21B6
:103DB0002046FFF74FFF00220E212046FFF74AFF63
:103DC00043F63C4210212046FFF744FF47F67F723E
:103DD00022212046FFF73EFF362224212046FFF70E
:103DE00039FF012330466372BDE8F08144F2FF02DF
:103DF00030212046FFF72EFF732202212046FFF7D5
:103E000029FF4FF4C87000F0ADFE41F61D522E217F
:103E10002046FFF71FFF042220461146FFF71AFF36
:103E2000302206212046FFF715FFBFE74066030159
:103E30000000004510B50446084804F019FB0520B1
:103E400000F090FE06212046FFF7C2FE2046044AFD
:103E50000021BDE81040FFF72BBF00BFF84B00204A
:103E60000040C40A10B50446D1B1012901D0002098
:103E700010BD40F273122A21FFF7ECFE0028F6D0A5
:103E8000882220212046FFF7E5FE0028EFD0E288B7
:103E90002046242122F00402BDE81040FFF7DABEDC
:103EA00055222021FFF7D6FE0028E0D0E2882046E8
:103EB000242142F00402BDE81040FFF7CBBE00BF52
:103EC00038B5054611B380290CD8C1F180042B798F
:103ED00044EA042453B9224628462221BDE838404A
:103EE000FFF7B8BE2B790024002BF4D0EA8800231A
:103EF0002421284622F010022B71FFF7ABFE224648
:103F000028462221BDE83840FFF7A4BE012347F62A
:103F10007F7222210371FFF79DFEEA882846242143
:103F200042F01002BDE83840FFF794BE9FED1F7AC3
:103F3000DFED1F7AE0EE077A38B50546FCEEE77A4A
:103F400017EE904A14B3802C0CD8C4F180042B795E
:103F500044EA042453B9224628462221BDE83840C9
:103F6000FFF778BE2B790024002BF4D0EA880023D9
:103F70002421284622F010022B71FFF76BFE224607
:103F800028462221BDE83840FFF764BE012347F6EA
:103F90007F7222210371FFF75DFEEA882846242103
:103FA00042F01002BDE83840FFF754BE0000014364
:103FB000EE7CFF3E2DE9F84F454B464C18681979C9
:103FC00004F580750368444AAB42D1770BD2434B6A
:103FD0001B78002B4BD04FF0E02340222C4605F5F8
:103FE0008075C3F808223E4BDFF804A1D3F80080A7
:103FF000DFF800913B4BBAF80060D3F800B0B9F895
:104000000070B8F1000F4FD0BBF1000F21D1B8F113
:10401000000F49D008F10401204601EB460140366B
:1040200000F0C3F9BFF34F8F4FF0E022C2F8704F9A
:104030002034AC42FAD3BFF34F8FBFF36F8F7F2E84
:1040400026D8AAF800607F2F15D8A9F80070BDE81F
:10405000F88F0BF1040208F10401204602EB47023D
:10406000403701EB4601403600F080F9DAE72C4694
:1040700005F58075B7E700245846A9F8004000F020
:104080008BFA194B1A681C60164B1A60BDE8F88F42
:1040900000244046AAF8004000F07EFA134A104B74
:1040A000116814601960CEE7BBF1000F08D00BF166
:1040B0000401204601EB4701403700F096F9B1E7D3
:1040C0004FF480725946204603F01CFFAAE700BF58
:1040D000285F0020400C202000800E405167002007
:1040E000185F0020205F0020245F00201C5F00205C
:1040F0003E6700204067002038B50021044600F0EC
:1041000097FA88B172B61C4A1368002B2BD01B4952
:104110000D68002D2CD0156008600021184A118010
:1041200062B6184600F038FA0121204600F080FA05
:1041300098B172B6134A136883B113490C6854B12D
:1041400014600024114A0860148062B61846BDE865
:10415000384000F021BA086062B638BD0B491060E3
:104160000B8062B638BD064910600B8062B6DBE793
:10417000086062B6D8E700BF185F00201C5F00200F
:104180003E670020205F0020245F00204067002061
:1041900010B5044600F0C6FB204610BDF8B52D4C06
:1041A00005462D4AE36F43F44023E3679368002BF1
:1041B00046DBD2F88830002B42DB002342F210723B
:1041C0004FF40C611C2004F05BF9E369234A23F4EB
:1041D0004063234943F40063E361A36A1A40214B1F
:1041E00042F0CE02A2624A68134043F400234B60BF
:1041F0002DB91D4B0322C3F82021C3F824211A4EE8
:104200000327154B0124C6F8287100254FF4803090
:104210001649174A174E1D66DC601E615861996188
:10422000DA61C3F8E050C3F88C4004F1E064C3F8ED
:104230009040C3F89400C3F89810C3F89C20F8BDD0
:10424000002DFCD1084B0322C3F82021C3F8242100
:10425000F8BD00BF00C00F400040384000FEFFFF27
:1042600000C00A40F8FFF7FF00801F401B1F01003D
:10427000001F1F1F0100004770B5264D00240121BB
:10428000254E284600F0EAFA244A254B20461460C1
:104290001C60FFF783FF234B0321234A0220C3F84E
:1042A00080112B6821491A604FF480729C61DA8278
:1042B000DA8306229C829A831D4ADE601A61C3E972
:1042C000011029791B480FFA81FC1B4B40F82C4048
:1042D00040F82C30194B1A48D976D2F86630194C70
:1042E00043F01043C2F8663042F81A0C00F094FA1A
:1042F0002A79154B0121207002F1100003EB5213B3
:1043000002F01F02114C91409B00114A42F82040DC
:10431000196070BD285F002000FEFFFF185F0020BD
:10432000205F002000801F40400C2020020001017F
:104330002240384000C00E401400008000800E4033
:10434000010000905167002040380038951C0000A3
:1043500000580020024A0349034802F0E7BA00BFB0
:1043600098510020711E0000285F00202DE9F04FB9
:1043700000F5807EB1E8A00AB2E84015C5EA064320
:10438000C6EA2544C7EA0845C8EA2746C9EA0A47F3
:10439000CAEA2948CBEA0C49CCEA2B4AA0E8F8073C
:1043A0008645E7D1BDE8F04F70474FF000022DE998
:1043B000F00F00F5807C00BFB1E8A00AC5EA020357
:1043C000C2EA2544C7EA0205C2EA2746C9EA02074B
:1043D000C2EA2948CBEA0209C2EA2B4AA0E8F80758
:1043E0008445E9D1BDE8F00F70474FF000022DE998
:1043F000F00F00F5807C00BFB1E8A00AC2EA0543D7
:10440000C2EA0504C2EA0745C2EA0706C2EA09474A
:10441000C2EA0908C2EA0B49C2EA0B0AA0E8F80797
:104420008445E9D1BDE8F00F70472DE9F00F089CF5
:1044300000F5007B51F8045B53F8046BC5EA0647AE
:10444000C6EA254952F8045B54F8046BC5EA0648ED
:10445000C6EA254AA0E880078345EBD1BDE8F00F06
:10446000704700BF4FF0E0234022C3F80822704796
:10447000F8B5144B144D1C686E689CB1237A204625
:104480006BB123686F681B6898476B68E188DB1B1A
:10449000C3F38F12B1EB931FA28038BFE28064692F
:1044A000002CEBD1084B094A5B6810889B1B084C19
:1044B000C3F38F11B0EB931F218038BF1180BFF37E
:1044C0004F8FF8BDA05E0020001000E03A6700208A
:1044D00038670020036818470B680360704700BF07
:1044E0000B680360704700BF704700BF30B472B6FE
:1044F000244D254C2A8804F1700104EB82038B4281
:104500003CD204F16F01501CC91A00EB910002E08B
:104510000132824232D09C4653F8041B0029F7D066
:10452000B1FA81F04FF00043C34021EA0301CCF817
:10453000001001B90132154B2A801A88013291B25C
:10454000198062B6ACEB040C41F67C73C0EB0064DE
:104550004FEAAC0CC0EB841001240CEB8C1C03EB79
:10456000CC1303EB80030A480068C4541844094B79
:104570001C88944230BC38BF1980704762B6002056
:1045800030BC70473C670020A45E002034670020E8
:104590009C5E002036670020428872B60378012BAB
:1045A00003D9013B037062B67047D14353090B48EE
:1045B0004FF0004201F01F01CA4050F823100A4397
:1045C0000749B1F800C040F823209C45054A88BF40
:1045D0000B801388013B138062B67047A45E0020F5
:1045E0003C67002034670020C36813B91DE0DB6816
:1045F000E3B1187A9042FAD110B4586893F809C020
:10460000006950F82C4054B1DB682BB1187A904205
:10461000F3D0DB68002BF9D15DF8044B704740F80C
:104620002C10087801300870EEE77047704700BF23
:10463000437A8B4206D90369002253F8210043F8DC
:10464000212070470020704700220449C0E9002261
:10465000028102740A680860C2607047145F00201B
:10466000037CFBB903680146FBB14368EBB1427AB6
:104670005B7A9A421CD230B472B62B4B1C68ECB1F8
:10468000E368C3B1486801E0DB68A3B15A688242BD
:10469000FAD193F809C04A7A9445F5D162B604205C
:1046A00030BC7047012062B67047032062B6704785
:1046B000022062B670476469002CE1D11B4C23686C
:1046C00043B1994202D10BE0994207D01A46DB6808
:1046D000002BF9D1052062B630BC704702F10C0402
:1046E0000D68E868E8B1C3681BB908E0DA683AB158
:1046F000134681421846F9D162B60620D0E7034638
:10470000D960CB68002023600123C860AA7A2B728D
:104710001A44AA724A68947A13721C4494720B74F5
:10472000D9E7E960EDE700BFA05E0020145F00203C
:1047300010B5047C9DF808E00CB1012010BD027298
:1047400080F809E0C0E90013BDE81040FFF788BF1A
:1047500038B5037C002B36D043680446427A5B7A36
:104760009A4238D272B60168CB68002B2DD098429D
:1047700033D01A46DB689C422AD0002BF9D16268FC
:10478000607A136953F8200048B1FFF705FF72B64D
:1047900062680025607A1369216843F820508B7A9B
:1047A000013BDBB28B7203B90B72937A013BDBB234
:1047B000937203B913720A4B00201A6820741C60AC
:1047C000E26062B638BD012038BD62B6032038BD54
:1047D000E368D360D3E7022038BDC368CB60CEE77F
:1047E000145F002010B50446FFF7B2FF094A1368B2
:1047F00043B19C4202D108E09C4205D01A46DB68D6
:10480000002BF9D1204610BD0C32E368204613601E
:1048100010BD00BF145F00200C4B1A789AB90C4AE7
:104820000C4910B4C2F858110B48D02401224FF0A3
:10483000E02180F8464040241046C1F808415DF868
:10484000044B1A7070470020704700BF506700206B
:10485000005800205121000000E400E070B472B65E
:1048600021B9036813B102790F2A45D9294C21884F
:10487000002341FA03F212F0010208D00133102B99
:10488000F7D162B600220371026070BC70474FF02E
:10489000010C0CFA03FC41EA0C01218062B61E4DAA
:1048A0005FFA83FC1D4940F2824680F804C0EC6F39
:1048B000194483F0030344F0C0044901EC67A5F5F3
:1048C0009F35174CA5F58075266084F81AC084F8CA
:1048D0001EC084F818C084F81FC00160C1E900221E
:1048E000C1E90222C1E90422C1E906225A5D42F06F
:1048F000C0025A5570BC7047064C218841FA02F537
:10490000ED07B5D5054D1544B3EB451FB0D162B6E3
:10491000BBE700BF4267002000C00F408074000268
:1049200000800E4003790F2B11D8094A937672B696
:104930000849012290F804C00B8802FA0CF223EA1D
:1049400002030B8062B610220023027103607047DD
:1049500000800E4042670020704700BF704700BFD4
:10496000704700BF704700BF70B51A4C1A4D2368DE
:10497000AB4202D0194AD16829BBA369AB4202D02D
:10498000164AD169C9B9236BAB4202D0134AD16A26
:1049900069B9A36CAB4209D0104AD16B31B1012186
:1049A0001B680F48D163BDE87040184770BD0121F6
:1049B0001B680C48D1629847EBE701211B680A4845
:1049C000D1619847DFE701211B6804F10800D1603D
:1049D0009847D2E7C05A0020140500200041084043
:1049E000105B0020F85A0020E05A002038B5064C31
:1049F000A4F1600554F8083C2046183CDB68984751
:104A0000AC42F7D138BD00BF105B002003682DE930
:104A1000F041044688B01746002B4BD000229A6024
:104A20000122DA60304D04A8DFF8E0801D4451F81F
:104A3000083B2D1102935B6805EB45069847F6008D
:104A400006F1080058F806304044DB6801909847AA
:104A5000264A04A9DDE90103029248F806309B6862
:104A60009847029B04A8DB689847236803222048E4
:104A70001F609A601F4A23791F4C53551378517851
:104A8000C0F828428B4228BF0B469178D2788B42DF
:104A900028BF0B46934228BF1346184C4FF0E02224
:104AA0004FF08061012084F87A30C2F80C1108B010
:104AB000BDE8F081124AD36E43F44053D36601221D
:104AC000104B1A60104A1346026040329868002862
:104AD000A8D0103393422360F8D1002318462360F6
:104AE00008B0BDE8F08100BF00BFF7BF140500208B
:104AF000005800208C5100204926000000E400E00E
:104B000000C00F400040084000410840C05A00204B
:104B100010B4064B0020064C064A1C609C611C63C6
:104B20009C6405495DF8044B01F000BFC05A0020A9
:104B30001405002098510020CD2600000020704769
:104B4000084601F015BB00BF00B5036883B040F60E
:104B50000D2C022201A95B68ADF804C0984703B090
:104B60005DF804FB00B970472DE9F84F012181463B
:104B7000214C224D224E54E8003F2A68306844E818
:104B80000013002BF7D11F494B684FF47A7BDFF8F5
:104B900078A01B1A01270BFB02F8DAF80020A3FB10
:104BA00002325A4594BF9044D84454E8003F2A68E2
:104BB000306844E80073002BF7D14B68DAF800C086
:104BC0001B1A0BFB02F2A3FB0C3CBCF57A7F94BFD3
:104BD000624402F57A72A2EB0802B2F57A7F06D33C
:104BE000B9F1010908F57A78DFD1BDE8F88F01F055
:104BF00053FB0449D9E700BF1C6700201867002059
:104C000014670020001000E01067002008B5FDF7D1
:104C1000CDFFFEF7E9F801F03FFBFAE7844641EAF1
:104C2000000313F003036DD1403A41D351F8043B24
:104C300040F8043B51F8043B40F8043B51F8043B76
:104C400040F8043B51F8043B40F8043B51F8043B66
:104C500040F8043B51F8043B40F8043B51F8043B56
:104C600040F8043B51F8043B40F8043B51F8043B46
:104C700040F8043B51F8043B40F8043B51F8043B36
:104C800040F8043B51F8043B40F8043B51F8043B26
:104C900040F8043B51F8043B40F8043B51F8043B16
:104CA00040F8043B51F8043B40F8043B403ABDD285
:104CB000303211D351F8043B40F8043B51F8043B27
:104CC00040F8043B51F8043B40F8043B51F8043BE6
:104CD00040F8043B103AEDD20C3205D351F8043BB6
:104CE00040F8043B043AF9D2043208D0D2071CBF82
:104CF00011F8013B00F8013B01D30B8803806046AB
:104D0000704700BF082A13D38B078DD010F0030320
:104D10008AD0C3F10403D21ADB071CBF11F8013B90
:104D200000F8013B80D331F8023B20F8023B7BE7DF
:104D3000043AD9D3013A11F8013B00F8013BF9D20A
:104D40000B7803704B7843708B78837060467047A4
:104D500002F014BE01F1FF3C70B56646002400E08D
:104D60000134B0FBF2F502FB1503092B03F1370EFA
:104D700003F130035FFA8EFE98BF5FFA83FE904224
:104D8000284606F801EFEBD2631C0022C818CA546B
:104D90007CB162461CF8015F10F8016DA1EB0C03B9
:104DA00002328CF80060013B521A057023449A428B
:104DB000EFDB084670BD00BF72B6EFF30583524CBF
:104DC000C4F884301EF0040F0CBFEFF30882EFF339
:104DD00009824FF0E0234D4E4D4DD3F8280DD3F806
:104DE0002C1DC4E92201D3F8341DD3F8383DC4E9A1
:104DF00024139369C4F89830D369C4F89C3000F048
:104E0000BFF884ED280A01F017FD0B214FF0FF32A7
:104E1000C4F8A4000B46C4F880103E49301D5A4027
:104E2000202402F00103013C01FB03F383EA520258
:104E3000F7D1A84202D073680646EFE7324BC3F8B9
:104E4000A820BFF34F8F4FF0E0233049324AC3F818
:104E5000701FC3F8702FBFF34F8FBFF36F8F2F4AB0
:104E600002252F48D36E2F4943F44053D366056083
:104E7000D3692D4823F07F0343F04003D3610B68CF
:104E800083423DD8264D00214FF0E0234FF0FF3202
:104E900029600126C5F808112449C5F80011C5F894
:104EA0000861C3F88021C3F88421C3F88821C3F8BE
:104EB0008C21C3F8902101E000F054F9D5F80C31B1
:104EC000002BF9D00134C5F80C614F2CF4D9184BE4
:104ED000022018494FF00042C1F840015A63D5F84A
:104EE0000C313BB9144815490D4A0163D2F80C3115
:104EF000002BFAD04FF0E023114AC3F80C2DFEE747
:104F000001F06AFABEE700BF00FF272080FF2720DC
:104F1000A8FF27202083B8EDA0FF272000C00F4066
:104F200000400840E44B0020803DCD0B009F240052
:104F300000900D4000002E4000800F40F100AD0BAE
:104F40000400FA050A490A6838B108B51318094877
:104F5000834204D810460B6008BD1046704703F02A
:104F60003BF80C234FF0FF320360104608BD00BF32
:104F7000945100200000282030BFFDE7FFF71CBF40
:104F8000124AD2F880305B07FBD5D2F88030104847
:104F9000C3F30B230F4990ED007A07EE903A91EDA1
:104FA000006AB8EE477A0C4AF8EEE77A0B4BD2ED7E
:104FB000006A77EEC77A93ED007AB8EE477A67EE2B
:104FC000867A87EEA60A37EE400A704700810D40C8
:104FD00000670020086700200C670020046700209D
:104FE000836BF0B41BB1536843F40043536072B653
:104FF000446B3CB31A4B2260D3F8B0410C421DD134
:10500000184E776804E07468E41BB4F5166F0BD291
:10501000D3F8404144F48044C3F84041D3F8B85138
:10502000D3F840416404EED50D4007D10C4CC0E9E3
:105030000225D4F8B0310B43C4F8B031426362B6F4
:10504000F0BC7047064DC0E90224D5F8B0310B43DF
:10505000C5F8B0310263426362B6F0BC704700BF6E
:1050600000002E40001000E070B5056B9DB10646B3
:105070002A46002403E012680134012A0CD0536848
:1050800013F08003F7D032632CB12846B36B2D6840
:105090009847013CF9D170BDC6E90C33F4E700BF75
:1050A00030B4D9B91F4C204B0021204A01254FF0C4
:1050B000011099601D60C4E9023180245C60C2F86F
:1050C000BC01D2F8B0311A482B43C2F8B0310160AC
:1050D000D2F8B031002BFBD130BC70470904154B1E
:1050E000104C012541F080019860104A596000F58C
:1050F00080511D60D96000F50051A364196100F56D
:10510000405100F58040596100219861E164D2F876
:10511000B03143F48033C2F8B031D2F8B031002B53
:10512000FBD1C0E700000020205B002000002E40E3
:1051300070660020405B0020084901220B7802FACB
:1051400000F023EA0000087030B9054AD2F848316F
:1051500023F08003C2F84831704700BF5B6700202E
:1051600000002E402DE9F04F9C4C83B0D4F84461F0
:10517000F107C4F844616AD5D4F8AC31002B61D092
:10518000DFF88482964DDFF878B208F5805ADFF8B0
:105190007C92944FC4F8AC31D5E90A20D4F8403160
:1051A00043F40053C4F84031D4F840319B04F5D5A2
:1051B000D4F8403123F40053C4F840314FF00113C8
:1051C000C4F8B431D4F8B43113F00113FAD191B268
:1051D00040F2816CCBF80030614500F2D980B1F526
:1051E000D06F80F06181B1F5817F00F08F8140F256
:1051F000AB8040F2023C614500F0B281B1F5A06F96
:1052000040F0C1807849EB648B600123A9640B6096
:1052100080234B604FF00113C4F8BC31D4F8B03197
:1052200043F48033C4F8B031D4F8B031002BFBD153
:10523000130C5B0643F08073C4F85431D4F8AC31DE
:10524000002BA7D1654AD2F8BC31002B4AD1720697
:1052500016D5624BD3F8AC21C3F8AC21D3F8BC21EE
:10526000C3F8BC21D3F8B041002CFBD14FF0FF3282
:10527000C3F8B421D3F8843100F012FE5B4B1C60FC
:10528000F40103D55A4B1B6803B19847B00103D50D
:10529000584B1B6803B19847710708D54F4BD3F89B
:1052A000843113F400731AD0534B01221A704B4B04
:1052B000D3F848311A060FD533060DD54F4A137867
:1052C0002BB1013BDBB21370002B00F0428203B024
:1052D000BDE8F04F00F0E4BB03B0BDE8F08F464AF4
:1052E0001370E4E74649C2F8BC310868034240F055
:1052F00061813E4A14681C40A9D05FEA144810D06E
:10530000374D4FF0010998FAA8F7B7FA87F705EB80
:10531000C71009FA07F74030FFF7A6FE38EA07087A
:10532000F1D1A4B2002C92D02D4D4FF0010894FA87
:10533000A4F7B7FA87F705EBC71008FA07F7FFF7E6
:1053400093FEBC43F3D182E7802900F0A780822935
:1053500019D183B210F0780015D103F07F0257F80D
:105360002210284A1080180600F1C081CB0701D511
:105370000123137002212348FFF792FE5EE7010C20
:10538000072900F045814FF00113C4F8C03155E7FB
:1053900042F2210C6145F2D03AD942F221239942DE
:1053A00068D042F221339942EDD10F4B00229A602E
:1053B000EA640122AB641A6080225A604FF0011344
:1053C000C4F8BC31D4F8B03143F48033C4F8B03100
:1053D000D4F8B031002BFBD130E700BF00002E40E5
:1053E00000000020C0012E40205B002074660020D9
:1053F0002C6700203067002064670020656700206C
:1054000070660020A466002068660020405B0020D3
:10541000B1F5086F3AD0B1F5106FB4D1B548C2F309
:1054200007424FF0C81100930270B34AC4F8C82174
:10543000C4F8CC11C4F8D01100F034FD00F0CEFA5D
:10544000AE4A0121009BAA641160802193605160E3
:105450004FF00112EB64C4F8BC21D4F8B02142F43F
:105460008032C4F8B021CBF80030D4F8B031002B32
:10547000FBD1E3E680B2002897D1A14BC2F30742EB
:105480001968A04B1960A04B1A708EE7994B012147
:105490009E481B780370FFF703FECFE69B4802216E
:1054A0000380FFF7FDFDC9E6994B596800293FF4D9
:1054B0006AAF4FEA124E82B204E019690C33002938
:1054C0003FF461AFB3F800C0F445F6D1B3F802C0C1
:1054D0009445F2D14FEA1E22032A00F0D8801A899F
:1054E000000C824228BF0246BEF5007F40F0D48007
:1054F000884B89491878894B0092002818BF1946B3
:105500008748FFF78BFB864B009ADAE010F0780FA4
:1055100083B27FF438AF03F07F0213F0800F57F8A7
:10552000223014BF23F4803323F0010347F82230E4
:105530000022724BEA649A600122AB641A608022F6
:105540005A604FF00113C4F8BC31D4F8B03143F4C1
:105550008033C4F8B031D4F8B031002BFBD16DE604
:1055600010F0780F83B27FF40EAF03F07F0213F0D8
:10557000800F57F8223014BF43F4803343F0010307
:1055800047F8223000225D4BEA649A600122AB6446
:105590001A6080225A604FF00113C4F8BC31D4F86D
:1055A000B03143F48033C4F8B031D4F8B031002BBB
:1055B000FBD143E6002008605A490C88486842F253
:1055C00021018C427FF495AE80B200287FF491AE29
:1055D0005549564C03C9A18086284FEA11412060E5
:1055E000A1717FF486AE72B65148017841F008018E
:1055F0000170D2F848110D0605D480200143C2F88D
:105600004401C2F8481162B64A4A5021117070E64E
:10561000EB6001234349C9F80030474B0A60C9F8E1
:105620000430464B4860C9F81030C5F80890C9E905
:10563000028AD4F8B02142F00102C4F8B02103F587
:10564000805203F50053C9F81420C9F81830D4F873
:10565000B031002BFBD1294AEB6493600123AA648B
:10566000136048F2800353604FF00113C4F8BC315B
:10567000D4F8B03143F48033C4F8B0314FF4803300
:10568000CBF80030D4F8B031002BFBD1D6E5000CBC
:105690000A78824228BF0246BEF5E06F50D11D4B0A
:1056A0001D4893F800C01D491D4BBCF1000F18BFE9
:1056B000014600921846FFF7B1FA072103464170F0
:1056C000009A23F01F011344BFF34F8F4FF0E020E7
:1056D000C0F8701F20318B42FAD8BFF34F8FBFF351
:1056E0006F8F0F481146FFF7DBFCA7E5C9033FF5B5
:1056F0003FAE3FE6636700200200CC00205B002045
:10570000186700202867002062670020A466002038
:10571000544A002064670020F42000608C2100605F
:10572000400E2020205E00206866002020670020B8
:105730005B67002065670020800007006886002006
:10574000064B1846CDE90023FFF768FADDE9002390
:10575000B7E70320FFF7F0FC02F09AFE400E20208E
:105760002DE9F0471F46831E022B01D9BDE8F087C3
:10577000DFF84C9015460C463C2209EBC018064653
:105780004FEAC01A002108F10400240402F0BAFB19
:10579000B5FA85F20123520944EA427449F80A40F5
:1057A000C8F83870C8F80830002FDFD0034AB3407B
:1057B00011680B431360BDE8F08700BF74660020DA
:1057C000000000202DE9F0470D46811E022901D975
:1057D000BDE8F087C701DFF84C9092460446403799
:1057E0003C2200211E4609EB07082D0408F10400A5
:1057F00002F088FBBAFA8AF2520945EA427249F885
:1058000007200122C8F83860C8F80820002EDFD031
:10581000034B10341968A2400A431A60BDE8F087B0
:10582000746600200000002012048160C36101F54D
:10583000405342F0800210B40124426001F500524E
:10584000046001F5805401F58041C46081615DF818
:10585000044BC0E904237047831E0A46022B00D97B
:105860007047064B00F110014FF0010C03EBC01024
:105870000CFA01F14030FFF7B3BB00BF000000207D
:10588000831E0A46022B00D970470121024B81403A
:1058900003EBC010FFF7A4BB000000204068704776
:1058A000124A134BD2F8200220F07F40984210B5E4
:1058B00084B002D200EB800040000E4C01A90A2205
:1058C000FFF748FA01A90023204611F8012B013304
:1058D0003AB10A2B20F8022FF7D11623237004B017
:1058E00010BD5B00DBB2237004B010BD00441F404C
:1058F00080969800D055002000F0F2BB00F0C2BBAB
:1059000000F026BC00F0E0BB00F07CBC00F052BC14
:105910000846114600F042BCF8B5144C4FF0E025A3
:10592000134E4FF4003204EB4024124F06EB4016A6
:105930000346C5F88C2121463A883046FFF774FFAC
:105940003B882344BFF34F8FC5F85C4F2034A342FC
:10595000FAD8BFF34F8FBFF36F8F04203146FFF7A4
:105960008FFF4FF40033C5F80C31F8BDE00E202056
:10597000605B00204467002042684FF6FC71114BC9
:10598000C2F30E42C0691B889B1A0B4017D00E4908
:1059900030B40E4C0E4D227821F810300021013227
:1059A00025F81010062A94BFD1B20A462170094981
:1059B0000C6823440B60084B985430BC7047FFF7C9
:1059C000ABBF00BF44670020B466002057670020CB
:1059D000D0660020AC660020EC660020214B70B53C
:1059E0001B78002B3BD04FF400731E461E498022CB
:1059F0001E4D00240B8000211D482B8002F082FAEE
:105A00001C4A21461C4B1470C0221C481C8002F00A
:105A100079FA1B4A31461B4B042094609C60C2E912
:105A20000044194AC3E900441470184B184A1C700A
:105A3000184B14602246FFF793FE2346224629881E
:105A40000420FFF7BFFE20460134FFF765FF062C58
:105A5000F9D100231049114A0B70137070BD402317
:105A60001E46C3E764670020446700204C6700209F
:105A7000205D00205E67002048670020605B0020FA
:105A8000B4660020D06600205767002059670020C8
:105A9000AC660020593600005C670020606700207B
:105AA0002DE9F843214B1D7815B9214E33880BB9E8
:105AB000BDE8F883DFF888801E4A98F800701E4C15
:105AC00002EB47191D4A04EB472412884846214639
:105AD000D21A2B46FFF7A8FEBFF34F8F04F1200226
:105AE00004F50073934234BF012310234FF0E022EA
:105AF00004EB4313C2F8704F20349C42FAD1BFF339
:105B00004F8FBFF36F8F013749460420FFF7A4FE84
:105B1000032F4FF000034FF0020098BFFDB2338017
:105B200088F80050BDE8F843FFF706BB6067002027
:105B300048670020205D0020E01A20204C670020EC
:105B40005E670020F8B5144C4FF0E025134E4FF47B
:105B5000003204EB4024124F06EB40160346C5F812
:105B60008C2121463A883046FFF75EFE3B8823446D
:105B7000BFF34F8FC5F85C4F2034A342FAD8BFF370
:105B80004F8FBFF36F8F03203146FFF779FE4FF43D
:105B90000033C5F80C31F8BDE0222020205C002045
:105BA00046670020244B2DE9F0411C884368C569F5
:105BB000C3F30E43E41A002C24DD204920480A7860
:105BC0000078D3B21F4E82421F4807D010F80380DE
:105BD00036F81870C7F50072944218D901330022C4
:105BE00026F81540082B194E88BF134626F81520B5
:105BF00098BFDAB2C554164B0A701A6814441C6078
:105C0000BDE8F0812846BDE8F041FFF79BBF07EBF8
:105C10004820104922462744084401EB4521FEF75D
:105C2000FDFF0B4A284626F8187013682344BDE888
:105C3000F0411360FFF786BF4667002058670020D9
:105C40005A670020C0660020F4660020DC66002051
:105C5000B0660020E02220201D4B1A78002A36D1A1
:105C600002F0FF031B4A12788AB32DE9F0411A4D66
:105C70002A8852B3194EC2F50068194F3278194C70
:105C800007EB421704EBC224424638462146FFF791
:105C9000CBFD04EB0802BFF34F8F4FF0E023C3F8B6
:105CA000704F2034A242FAD8BFF34F8FBFF36F8FEB
:105CB00003203946FFF7D0FD33780133DBB2032BE5
:105CC00088BF0023337000232B80BDE8F08170472C
:105CD00061670020636700204A6700205F6700203B
:105CE000A05D0020E03220202DE9F04F85B0CDE905
:105CF0000110002900F0BF800023604CDFF898817C
:105D0000DFF898A15E4F009301235E4A23705E4B3B
:105D10001978B8F8003002EB4119002B40F0A78049
:105D20001E461D469B464846FFF7B8FD10F0800012
:105D300000F08C80BFF34F8F9AF8003084F800B0E9
:105D400005B93E68002B7DD13B689B1B782B00F288
:105D500087804E4B1B78002B74D000F09DFA0122F7
:105D6000B8F8003015462270002BDCD0464AC3F547
:105D7000006011781A4600EBC120454DC902284445
:105D8000019D954217D20393DDE901512A46FEF7A2
:105D900045FF039B4FF040425B1BA8F800303D4B92
:105DA000C3F88420BFF34F8F00980023284423704A
:105DB00005B0BDE8F08F364BCD180299FEF72EFFE7
:105DC00000234FF4006229464846FFF72DFDBFF33C
:105DD0004F8F05F1200205F50063934234BF012384
:105DE00040234FF0E02205EB4313C2F8705F2035EB
:105DF000AB42FAD1BFF34F8FBFF36F8F03204946F9
:105E0000FFF72AFD204A13780133DBB2032B84BF4E
:105E100000231D4A1370B8F80030019AD11A009A75
:105E20001A4401910092029A1A4400230292194ADC
:105E3000A8F80030C2F88430BFF34F8F23700029D8
:105E40007FF462AF009805B0BDE8F08F4FF40062B8
:105E50000D4B8AF8000019781346A8F800208AE74D
:105E6000012300988AF8003005B0BDE8F08F1A468B
:105E7000C3F500607FE70198E5E700BF6167002098
:105E800018670020A05D00205F6700206367002086
:105E9000E032202000002E404A6700205D6700208D
:105EA000704700BF2D4B002180222D4870B51B7814
:105EB00000242C4D8B422C4E0CBF40234FF400731A
:105EC0002B80338002F01EF8284A2146284B14709C
:105ED0004FF4807227481C8002F014F8264A1021E3
:105EE000264B0220C2E90044C2E90244244AC3E925
:105EF00000441470234AC3E90244234B1C70234618
:105F000014602246FFF75EFC2246318803201F4BB7
:105F1000FFF726FC2346012229880320FFF752FCC5
:105F200020460134FFF70EFE082CF9D1184B002152
:105F30004A221848184C0460C3F88410C3F8802023
:105F4000D3F84821154942F08072C3F8482121B1A5
:105F5000134A137843F00103137070BD6467002087
:105F6000A05D00204E670020466700205F6700208C
:105F70004A670020205C0020C0660020DC6600200C
:105F800058670020B06600205A670020853800005E
:105F900000002E402C67002039390000000000006E
:105FA000666700202DE9F04F4FF0E0234FF40032F8
:105FB000DFF8C8A083B0C3F88C218B469AF8004064
:105FC00000294FD08046E4B20027DFF8B490264B7A
:105FD000ABEB070225491B78A34204F101043FD033
:105FE000092C234B404628BF00241E5D39F816C0FB
:105FF0000CEB462319441F4B33F81650A5EB0C0548
:10600000AA421CD20CEB462C18491B4C614401924D
:10601000FEF704FE216839F816505846019AA1EBA4
:106020000B012A44394429F8162021604FF0E0235F
:106030004FF40032C3F80C2103B0BDE8F08F2A46BC
:106040002F44FEF7EBFD0C49E3B230460A68A84442
:10605000521B0A608AF80030FFF774FDBB45B6D8C2
:106060003846E3E70846E1E758670020E0222020B1
:10607000F4660020C0660020B06600205A67002049
:10608000DC6600200B4B0C4A12781978D3B28A4296
:106090000DD0013309480A4A092B0A4928BF0023B9
:1060A000C35C31F8131002EB4323585C70474FF088
:1060B000FF307047586700205A670020F4660020C0
:1060C000E0222020DC660020044B10B51C680CB1D7
:1060D000204610BD00F0E0F8204610BDB06600205C
:1060E0002DE9F84F144E154D33782A78934221D07C
:1060F000DCB2DFF85090DFF850B0DFF85080104F7E
:106100000134082C5FFA84FA01D90024A24619F858
:106110000400DBF8003038F8102037F81010521A5D
:106120009B1ACBF80030FFF70DFD86F800A02B7806
:10613000A342E5D1BDE8F88F5A67002058670020D8
:10614000DC660020F4660020B0660020C0660020F7
:1061500000B583B001210DF10700FFF723FF20B147
:106160009DF8070003B05DF804FB4FF0FF30F9E73E
:10617000094B00B583B01B788DF807003BB10121B6
:106180000DF10700FFF7B0FD03B05DF804FB03F06D
:10619000FF0003B05DF804FB63670020044B1B782D
:1061A00003F0FF020BB1FFF79FBD1046704700BF21
:1061B000636700202DE9F0410024DFF844800123CB
:1061C0000D4D27460D4E88F800303378284620358F
:1061D000A34204F1010405D0FFF760FB030658BF9A
:1061E00007F50067042CF0D1BFF34F8F002338462A
:1061F00088F80030BDE8F081A05D00205F670020D6
:10620000616700202DE9F8431D4B1B7813B11D4D2C
:106210002A880AB9BDE8F8831B4EC2F500691B49FC
:1062200033784A461A4C01EB43181A4F04EBC32447
:10623000012340463B7021460023FFF7F5FA04EBAB
:106240000902BFF34F8F4FF0E023C3F8704F2034A3
:10625000A242FAD8BFF34F8FBFF36F8F032041469E
:10626000FFF7FAFA33780133DBB2032B88BF002340
:10627000337000232B80BFF34F8F3B70BDE8F88352
:10628000636700204A6700205F670020A05D002050
:10629000E0322020616700202DE9F8432D4B1E7865
:1062A00066B12D4F3B784BB90123F1073B7043D4C6
:1062B000B20726D400233B70730701D4BDE8F883EE
:1062C000264B1A68002AF9D0EFF30582002AF5D18F
:1062D000EFF3108572B61868002834D0204C21786E
:1062E000002930D10122227042691A60002A2ED082
:1062F000916105B962B60025836845779847257096
:10630000DCE7DFF8648098F80030002BD2D000255D
:10631000DFF858902B4659F8234001352368204672
:106320001B69984710B163699B68984798F80020EB
:10633000EBB29A42EFD8BDE7FFF7C6FE0028B7D010
:10634000AFF30080B4E7002DB8D162B6B6E7054BD5
:106350001A60CEE76667002054670020305F002097
:10636000526700203C5F002053670020405F002000
:1063700070B5EFF3108272B60C4C206880B10C4EF1
:1063800000254369236073B19D6102B962B68368D9
:1063900045779847EFF3108272B620680028F0D155
:1063A00002B962B670BD3360EFE700BF385F00200E
:1063B000345F0020FFF7DCBF0449054A4968054BFC
:1063C0001960136801331360704700BF001000E0CC
:1063D0001867002014670020A249A34B88422DE9CA
:1063E000F047A24C5E699A69D4F80C801BD9A04B87
:1063F000984240F20281C31A9E491B0AA1FB031373
:1064000040F22761DB0903EB830303EB830303F211
:10641000E2438B4228BF0B46A3F54877964BA3FB7C
:106420000737FF0804E0954FB8428CBF0E270627B8
:106430008D4908F01F09D1F88030B94543F0C003F9
:10644000C1F880300CD228F01F08A1F5F82148EAE5
:106450000708C1F80C800B68002BFCDA08F01F0954
:1064600016F0007324D186490C698649A14300F0D7
:10647000EA8082F4805134464FF4805514F0605F16
:1064800004D026F060561E43774B5E6111F4405FE6
:1064900007D022F4405274492A438A618B6C1A0750
:1064A000FCD446F00076704A5661936C9B06FCD48F
:1064B000754CA04200F2CE804FF0010C01466346BD
:1064C00003FB011203F1010E0CF10105A24218D8E1
:1064D000BEF1080F4FF0010340F08D80BCF1040FB6
:1064E00000F291800A18A24200F2A48005FB00F19C
:1064F000AC4603F1010E03FB01120CF10105A242AF
:10650000E6D90CF1FF318C0286EA81215F48104404
:106510005F4A90427FD9DFF8A4A16C225D48584DB4
:10652000B0FBFEF0D5F800E0B0FBFCF0DFF890C166
:106530000EEA0C0CD44509D042F400524FF4805CB2
:10654000C5F800C02A602A68002AFCDA464A1569A4
:1065500005F007059D4203D01361936CDD03FCD465
:1065600011F4E05F09D026F4E05604F4E0543E4A0A
:1065700026435661936C9907FCD44749474A014426
:1065800091423CD8464BC909A3FB0131090B4B1E74
:106590001B0286EA030212F4407F06D026F44076FE
:1065A00003F44073304A334353612F4A536923F055
:1065B00000735361936C9B06FCD43A4B4F45A3FB8D
:1065C00000234FF0FF324FEA9343B0FBF1F1B2FBEF
:1065D000F3F3354A1060354A1160354A136008D22A
:1065E00028F01F08214A48EA0707D7601368002BE4
:1065F000FCDABDE8F087734662E7122718E74FF42C
:1066000040730421C5E70CF1FF31204807238C02B9
:10661000104486EA8121274ADFF8A8A0A2FB0020C7
:10662000020D2548362A38BF362202FB00F042EA26
:106630000A0A74E74FEA8C24002386EA8C214FF083
:10664000010EAC4662E71D4686F0C05411464FF07D
:10665000C05313E700244FF0010C02463146234695
:10666000E64653E700A4781F00C00F400000084032
:106670000046C32323B24C001F85EB5100366E0148
:1066800000800D4040300080FFB19F26808D5B0070
:10669000FF7EF64D00643F4D7FD1F0087F17B42C8C
:1066A0009F10E50083DE1B43E44B0020E04B0020FD
:1066B00010670020819F5E16001BB7006C200080D1
:1066C0007F3001800020008000230F2248F2B82C88
:1066D000194610B54FF470444FF4806EA0F88C4109
:1066E0004FF46044A0F88E210A46A0F89031B0F82B
:1066F00088319BB243F0F003A0F8883101EB4103ED
:10670000013100EB431304299C80A3F806E05A846E
:106710001A865A805A81A3F80EC05A82DA825A83A6
:10672000DA83EBD1B0F888319BB243F00F03A0F8C5
:106730008831B0F888319BB243F47063A0F8883197
:1067400010BD00BF374B384A996F384841F47F017C
:1067500070B5996741F20106D3F8801045F6C0552F
:1067600043F226040A43C3F88020FFF7ADFF00F58B
:106770008040FFF7A9FF00F58040FFF7A5FF00F577
:106780008040FFF7A1FF0022A0F503104FF00F0E8D
:10679000114600EB42134FEA421C01329981042A50
:1067A0005981A3F80EE09E82DD8020F80C1019823A
:1067B0009C81EED100221E484FF00F0E41F20106DF
:1067C000114645F6C05543F2260400EB42134FEA4A
:1067D000421C01329981042A5981A3F80EE09E825D
:1067E000DD8020F80C1019829C81EED10022114826
:1067F0000F2641F20105114645F6C05443F2260E1C
:1068000000EB42134FEA421C01329981042A59815C
:10681000DE819D82DC8020F80C101982A3F80CE048
:10682000EED170BD00C00F40000003FC00C03D4031
:1068300000001E4000401E40074A506A936A1946F5
:106840008446506A936A9942F9D18445F7D1DB0BAB
:1068500043EA4040704700BF00400D4008B5D0E912
:1068600000325BB1BAB10F4BA3FB0213DB0803EBA1
:106870004303B2EB83030AD1012008BD094BA3FBFC
:106880000213DB0803EB4303B2EB830301D0D21AFC
:106890004260F02AF0D801F09FFB1C220346002042
:1068A0001A6008BDABAAAAAA70B5044638B319B1DC
:1068B000B2FA82F67609A2B9206800B36268F2B132
:1068C000184B194902FB03F3B1EBB30F17D3A368BD
:1068D000E3B90022012322606260A260E2601846F0
:1068E00070BD1D46049BC0E90012C360FFF7B6FFF0
:1068F00003460028F3D06DB90123184670BD01F09E
:106900006BFB162200230260184670BD002101F0C7
:10691000F9FADEE7626831462068A56001F0F2FA14
:106920000123DCE7ABAAAAAA55555515034608462C
:10693000194601F039BB00BF90F8A32090F8A200DF
:10694000101A704790F8A23090F8A3209A4205D907
:106950005A1C034480F8A220987E70474FF0FF3005
:10696000704700BF90F8A23090F8A3209A4202D955
:106970001844807E70474FF0FF307047704700BF6B
:106980000346B0F8300178B193F82F21882A03D953
:10699000012200205A60704702F1010C01201A44C4
:1069A00083F82FC182F8A510704700BF38B5B0F842
:1069B00030410CB9204638BD90F82F310546C3F15F
:1069C0008904A2420DD8144605F1A50022461844B8
:1069D000FEF724F995F82F312046234485F82F310E
:1069E00038BD01224260EFE72DE9F04FD0F814A046
:1069F0001524017E8146437E83B00AEB0111384A9B
:106A00000AEB0313374F097A93F8283002EB01158C
:106A10000901E86852F8018002EB0311D5F804B0CF
:106A20001B01CE68D558CBF80040C8F88400D8F8D0
:106A300004304A6803432C490192C8F804301460BA
:106A4000C5F884606B6833436B60284B4C683A68C8
:106A5000A3FB0232920C02EB820252004B681B1B1A
:106A60009A42FBD84FF0090C1F4ADFF880E0D8F8B3
:106A70000830034202D0AB6833422FD1C5F888609A
:106A800054683968AEFB0131890C01EB8101536810
:106A90001B1B9942FBD8C5F8846054683968AEFB6B
:106AA0000131890C01EB810153681B1B9942FBD812
:106AB000BCF1010CDBD1604699F81830019A0AEB61
:106AC0000313DB68CBF8003099F819300AEB031A8E
:106AD000DAF82C30136003B0BDE8F08F0120EBE74B
:106AE00028460020E44B0020001000E083DE1B431A
:106AF0000E4A10B51168046905E0DB0107D413687C
:106B00005B1A102B08D8636913F0007FF5D14FF49E
:106B1000FE430120636110BDFFF766FF0028FAD035
:106B20004FF4FE4301206361F5E700BF18670020C2
:106B30002DE9F04790F82FA10569BAF1000F4FD069
:106B400081468846FFF7D4FF002849D0374E0024FD
:106B5000376818E06B69190551D4DA0455D4580523
:106B600059D4990441D43268D21B322A3DD85445B5
:106B700007D9EA6D520704D19B0555D4B8F1000F2F
:106B800052D0FFF789FB5445E4D8EA6D500702F074
:106B90000703DFD413E099F8A5200133022442F45F
:106BA0008062042B2A661ED08A4503F1010309EB9B
:106BB00001020ED992F8A520042B2A66CAD0012121
:106BC000002CE8D02146013301348A4509EB01024B
:106BD000F0D8B8F1000FBDD04FF400732B66B9E7C1
:106BE0000420BDE8F0870124B4E72B694FF400725C
:106BF000042043F440732B612A66BDE8F0872B69BB
:106C0000042043F440732B61EBE72B69052043F428
:106C100040732B61E5E72B694FF40072022043F4C7
:106C200040732B612A66DCE70020DAE71867002052
:106C30002DE9F84F83460C4615461F46D0F810A0A4
:106C4000FFF756FF002800F09E806100012DDFF85D
:106C50003C8140F20146CBB24FF0000138BF012524
:106C6000D8F800900C461E43ABF8A21020E09BF829
:106C7000A330872B3FD9DAF8142010055AD412F428
:106C8000105F70D1D8F80030A3EB0903322B6AD81B
:106C90009BF8A330AB4209D3022C07D9DAF85C3059
:106CA000590703D193054BD4002F49D0FFF7F4FACD
:106CB000022CDCD8DAF85C3003F007025B07D6D48C
:106CC000681E224440F480704CB9CAF860600134F8
:106CD000131B032BCBD8022CC9D8002CF5D0012CC8
:106CE00037D01FB14FF40073CAF860309BF8A3305F
:106CF0000324872BBFD8DAF85C2012F4E02FC2F30C
:106D0000024CB8D0591C9C441933C9B25FFA8CFCB0
:106D10005BFA83F3DAF870004A1C61458BF8A31024
:106D2000D1B203F8010FA6D08929F3D1DAF81420E3
:106D30001005A4D5DAF8103043F44073CAF81030C7
:106D4000DAF85C3013F4E02F06D19BF8A300BDE81D
:106D5000F88FCAF86000BAE7DAF8103043F400732D
:106D6000CAF81030F1E7DAF810304FF4007243F44B
:106D70004073CAF81030CAF86020DAF85C3013F4B7
:106D8000E02FE2D0E8E70420BDE8F88F1867002084
:106D9000F8B506690446D6F8145115F4706301D0AD
:106DA000C6F81431A8070BD5D6F8702111043ED5CA
:106DB0000023012184F8A230234484F8A3109A769A
:106DC000EB0710D594F83071FFB194F82E7194F858
:106DD0002F31BB4227D97B1C274484F82E3197F8EA
:106DE000A530C6F8603115F4407F0DD094F8A300AB
:106DF00018B1D4F83C3103B198470023A4F8A2306D
:106E0000A4F82E3184F83031F8BDD4F8383103B10C
:106E10009847002384F82E31012384F8303194F808
:106E20002F31BB42D7D80023C6F86031DBE794F896
:106E3000A330872BC4D8591CC9B2BDE70148FFF75E
:106E4000A7BF00BFF84B00200148FFF7A1BF00BF5C
:106E5000384D00200148FFF79BBF00BF784E00204F
:106E600010EE103A40F22A41C3F30A528A42B7EEBA
:106E7000C03A32D8B7EE000B2D4B93ED4A2B93ED71
:106E8000481BB0EE417BA2EE037B17EE100A37EEF3
:106E9000417B00F01F0203EBC20130B492EE037B92
:106EA00093ED4C4B53F832404D6893ED4E6B93EDA0
:106EB000505BA4EE076B27EE074B00210A1905EB88
:106EC000C033A5EE070B43EC172BA6EE040B30BC2A
:106ED00020EE070BB7EEC00B704713F5000F20D064
:106EE000B2F5FF6F1AD2DFED137AB4EEE70AF1EED6
:106EF00010FA10DCDFED107AB4EEE70AF1EE10FACA
:106F000012D4DFED0E7AB4EEE70AF1EE10FAB1D545
:106F1000002000F0A5B9002000F0A8B930EE000A6A
:106F200070479FED070A7047002000F093B900BF3B
:106F3000800200201772B142B4F1CFC2CF8ECEC210
:106F40000000000010EE103AC3F30A52B2F5866F4B
:106F5000B7EEC07A2ED2B7EE000B2A4B93ED402B42
:106F600032EE073B13EE100A33EE423B00F01F02F5
:106F700003EBC20130B437EE437B93ED424B53F841
:106F800032404D6893ED446B93ED465BA4EE076B86
:106F900027EE074B00210A1905EBC033A5EE070BBE
:106FA00043EC172BA6EE040B30BC20EE070BB7EE1C
:106FB000C00B704713F5000F1ED0B2F5FF6F18D24B
:106FC000B5EEC00AF1EE10FA10DCDFED0F6AB4EE98
:106FD000E60AF1EE10FA12D9DFED0C6AB4EEE60A19
:106FE000F1EE10FAB7D5002000F03AB9002000F019
:106FF0003DB930EE000A70479FED050A704700204A
:1070000000F028B980020020000016C3000015C35C
:10701000000000000000000030B510EE104AC4F37C
:107020000A53B3F57D7FB7EEC06A83B01BD226EE5C
:10703000065BB3F5667F6ED326EE052B25EE021BAD
:10704000734B93ED1A3B93ED187B93ED164BA5EE26
:10705000037BA2EE046BB0EE460BA7EE010BB7EE7E
:10706000C00B03B030BD40F22E4293425ED8684957
:1070700091ED087B26EE077BFDEEC77B91ED0A5B69
:1070800017EE903A03F500031B1613F0020F07EEFC
:10709000903A01F1700208BF0A46D807B8EEE77BC4
:1070A000A7EE456B26EE067B1BD403F0030301EB32
:1070B000C30192ED1A4B91ED002B92ED185B26EE79
:1070C000026B92ED163BA7EE045B26EE074B27EE14
:1070D000047BA4EE036BA5EE076BB7EEC60B03B003
:1070E00030BD92ED142B27EE075B92ED126B92ED03
:1070F0000E3BA7EE026B92ED0C0B92ED104BA7EE40
:10710000030B27EE057BA5EE040BA6EE070BB7EEEF
:10711000C00B03B030BD220D12F4FF6FDFD1B7EE0C
:10712000C55B00EE104A8DED015AD8E7B3F5FF6F4D
:107130004BD2384BC4F3836203EB820053F8222016
:107140000569C4F31603C4F3C25143F400038B4032
:10715000016A03FB02F2A3FB0110E3FB050202F14B
:1071600000518D0F01F04041511A00F0D9FB2A4B1C
:107170009FED257B05EBD47441EC160B14F0020F48
:10718000A3F1700208BF1346E90726EE077B27EE3E
:10719000076B1FD404F0030402EBC40293ED1A4BF7
:1071A00092ED002B93ED185B27EE027B93ED163BDF
:1071B000A6EE045B27EE064B26EE046BA4EE037BE3
:1071C000A5EE067BB7EEC70B89E703B0BDE83040FC
:1071D00000F052B893ED142B26EE065B93ED127B74
:1071E00093ED0E3BA6EE027B93ED0C0B93ED104B53
:1071F000A6EE030B26EE056BA5EE040BA7EE060B21
:10720000B7EEC00B6BE700BF182D4454FB21193CAF
:10721000C8030020C84500203804002010B582B003
:107220008DED010A044600F0D7FE9DED010A0460D1
:1072300002B010BD30B1F1EE407A27EE800A222074
:10724000FFF7ECBFF0EE407A27EE800A2220FFF72E
:10725000E5BF00BF9FED010AFFF7ECBF0000001083
:107260009FED010AFFF7E6BF0000201A9FED010A1B
:10727000FFF7E0BF0000007070EE407AB4EE400A05
:1072800087EEA77AF1EE10FAB0EE470A02D6212077
:10729000FFF7C4BF704700BF30B52DED028B83B040
:1072A0008DED010A019C24F00043B3F1FF4F10DB88
:1072B000324B002C93ED007AD3ED007A39DBF0EEFF
:1072C000406A87EE260A30EE270A03B0BDEC028B37
:1072D00030BD2B4A93420FDD284A2A4B92ED000A1B
:1072E000D3ED007A30EE670A002CB8BFB1EE400A49
:1072F00003B0BDEC028B30BDB3F1105F23DBB3F103
:107300007E5F214D29DB00F075F9D5ED007A20EE86
:10731000270A00F03BF8194BD3ED007AD5ED006A4F
:1073200095ED007A37EE000A86EE807A37EEC70ACE
:10733000DAE7DDED016A87EE260A30EE670A03B070
:10734000BDEC028B30BD0D4BDDED017A93ED000AF3
:1073500030EE270A20EE270AB7E795ED008A00F005
:1073600049F928EE400A00F011F895ED007A37EE61
:10737000007AF1EE407A87EE870AB5E7C45500201F
:10738000FFFFAF41C8550020CC55002010EE102A59
:10739000894922F000438B422AD9B3F1FF4F7ED8AE
:1073A00000F0D680002AC0F28A80844A934200F21C
:1073B000F0809FED837A20EE077AF6EE007A77EE82
:1073C000877A9FED806ADFED806AFDEEE77AB8EE9E
:1073D000E77A17EE903AF0EE407AE7EE467A27EE3B
:1073E000267A37EEC70A77EEC07A77EEC77A07E0DB
:1073F00076498B4256D8B3F14C5FC0F082800023AF
:10740000B6EE003A20EE034ADFED716A9FED716A35
:10741000DFED714A9FED715A20EE047AF7EE003AE3
:10742000A7EE266ADFED6E6AE6EE074AB0EE086A5E
:10743000E4EE876AF1EE085AA6EE875AF0EE636A28
:10744000E5EE076AA4EE666AE0EE465A36EEC66AD4
:10745000C6EE256A66EE876A002B4DD076EEE76AA7
:107460005A1CD6EE807A77EEC77A63D0012B51D0C2
:107470005A1C392A33D8162B70DC4FF080721A410F
:10748000C2F17E5207EE102A77EEC07A77EE677A65
:1074900017EE902A02EBC35300EE103A704730EE1D
:1074A000000A70474F498B4279D8002ADFED457AB0
:1074B00047DB9FED457A70EE677A012391E7DFEDB8
:1074C0004A7A70EE277AF5EEC07AF1EE10FA63D4BC
:1074D0009FED3B7AFEEE007A20EE077A6FE777EEBB
:1074E000C07A73EEE77A17EE902A02EBC35307EEE9
:1074F000903A37EEE30A704790EE267A30EE470A6C
:107500007047DFED3A7A70EE277A77EEE77A30EE61
:10751000670A7047BDEE007AB4EEC70AF1EE10FAC2
:107520002ED530EE033AB8EE000A77EEC37A27EE96
:10753000800A704770EE677ABEEE000AA7EE830AF3
:1075400070479FED2B7A70EE277A4FF0FF3348E7B4
:10755000FFEE007A002A20FE270A7047C3F17F025F
:10756000D20507EE102A77EE877A70EE677A77EE0B
:10757000A37A17EE902A02EBC35300EE103A70473D
:1075800070EE677AB0EE007AE7EE873AB0EE630A03
:1075900070470020FFF76ABEBFEE000A70479FEDFC
:1075A000087AF6EE007AFEEE006A002A20EE077AEC
:1075B00067FEA67A03E700BF43B895411772B14250
:1075C0003BAAB83F8071313FD1F717371872B13EEF
:1075D000BBED57B4547E8636CD70A6B8898808BDF9
:1075E000010DD03A9115853F6042A20DCAF2497152
:1075F000D1F717B710EE103A23F0004300EE103A1F
:10760000704700BF81F0004102E000BF83F00043FB
:1076100030B54FEA41044FEA430594EA050F08BF2D
:1076200090EA020F1FBF54EA000C55EA020C7FEAF1
:10763000645C7FEA655C00F0E2804FEA5454D4EB6E
:107640005555B8BF6D420CDD2C4480EA020281EA38
:10765000030382EA000083EA010180EA020281EA70
:107660000303362D88BF30BD11F0004F4FEA0131C2
:107670004FF4801C4CEA113102D0404261EB4101D1
:1076800013F0004F4FEA03334CEA133302D0524257
:1076900063EB430394EA050F00F0A780A4F1010413
:1076A000D5F1200E0DDB02FA0EFC22FA05F280184D
:1076B00041F1000103FA0EF2801843FA05F3594133
:1076C0000EE0A5F120050EF1200E012A03FA0EFCB2
:1076D00028BF4CF0020C43FA05F3C01851EBE371DC
:1076E00001F0004507D54FF0000EDCF1000C7EEBF9
:1076F00000006EEB0101B1F5801F1BD3B1F5001F37
:107700000CD349085FEA30004FEA3C0C04F1010455
:107710004FEA445212F5800F80F09A80BCF1004F7E
:1077200008BF5FEA500C50F1000041EB045141EA00
:10773000050130BD5FEA4C0C404141EB0101013CC9
:1077400028BFB1F5801FE9D291F0000F04BF0146B8
:107750000020B1FA81F308BF2033A3F10B03B3F18A
:1077600020020CDA0C3208DD02F1140CC2F10C021A
:1077700001FA0CF021FA02F10CE002F11402D8BF78
:10778000C2F1200C01FA02F120FA0CFCDCBF41EA44
:107790000C019040E41AA2BF01EB0451294330BD13
:1077A0006FEA04041F3C1CDA0C340EDC04F11404F0
:1077B000C4F1200220FA04F001FA02F340EA0300C7
:1077C00021FA04F345EA030130BDC4F10C04C4F10D
:1077D000200220FA02F001FA04F340EA03002946ED
:1077E00030BD21FA04F0294630BD94F0000F83F437
:1077F000801306BF81F480110134013D4EE77FEA1A
:10780000645C18BF7FEA655C29D094EA050F08BF65
:1078100090EA020F05D054EA000C04BF1946104646
:1078200030BD91EA030F1EBF0021002030BD5FEA8A
:10783000545C05D14000494128BF41F0004130BDB2
:1078400014F580043CBF01F5801130BD01F0004506
:1078500045F0FE4141F470014FF0000030BD7FEA79
:10786000645C1ABF194610467FEA655C1CBF0B4674
:10787000024650EA013406BF52EA033591EA030F8B
:1078800041F4002130BD00BF90F0000F04BF002183
:10789000704730B54FF4806404F132044FF00005B6
:1078A0004FF0000150E700BF90F0000F04BF00212F
:1078B000704730B54FF4806404F1320410F0004595
:1078C00048BF40424FF000013EE700BF42004FEA90
:1078D000E2014FEA31014FEA02701FBF12F07F430D
:1078E00093F07F4F81F06051704732F07F4208BFC4
:1078F000704793F07F4F04BF41F40021704730B5CB
:107900004FF4607401F0004521F000411CE700BF16
:1079100050EA010208BF704730B54FF000050AE099
:1079200050EA010208BF704730B511F0004502D59A
:10793000404261EB41014FF4806404F132045FEA9C
:10794000915C3FF4D8AE4FF003025FEADC0C18BF45
:1079500003325FEADC0C18BF033202EBDC02C2F137
:10796000200300FA03FC20FA02F001FA03FE40EAC9
:107970000E0021FA02F11444BDE600BF024B01469D
:10798000186800F003B800BFAC5500202DE9F04F97
:1079900001F10B06162E83B0044624D8102900F2FC
:1079A000BA8000F0A3FA102618220220B54F3A44FC
:1079B000A2F1080153688B4200F0BA805A68D96876
:1079C00022F003021A449D68E9608D60516841F01D
:1079D00001012046516003F1080500F08DFA2846A8
:1079E00003B0BDE8F08F36F0070600F19480B14295
:1079F00000F2918000F07AFAB6F5FC7FC0F09A812F
:107A0000730A00F08F80042B00F26F81B30903F139
:107A1000390003F1380CC3009A4F3B44A3F1080529
:107A20005B689D4206D10CE0002980F22781DB686B
:107A30009D4206D05A6822F00302911B0F29F3DD04
:107A400060463D69DFF850C265457CD06A6822F027
:107A50000302931B0F2B00F37B81002BC7E904CC9F
:107A600080F26C81B2F5007F80F01A81D3087968CA
:107A700001334FEA521E012202FA0EF20A4357F86E
:107A800033E0C5F808E007EBC3010839E9607A6024
:107A900047F83350CEF80C508310012199409142A1
:107AA00057D8114206D120F003004900114200F1DD
:107AB0000400FAD007EBC0094D468646D5F80C8085
:107AC000454508D11DE1002B80F22481D8F80C80B7
:107AD000454500F01681D8F8042022F00302931BDC
:107AE0000F2BF0DD2046D8E9025408EB060146F0E2
:107AF0000106C8F80460EC60A56043F00104C7E922
:107B00000411C1E902CC4C6048F8023000F0F4F9ED
:107B100008F1080502E00C2323600025284603B085
:107B2000BDE8F08F4FF4007340204FF03F0C73E737
:107B3000D3689A4208BF02307FF440AF3D69DFF856
:107B400058C1654582D17A688310012199409142DC
:107B5000A7D9BD686B6823F003094E4503D8A9EB8C
:107B600006030F2B7ADCDFF834B1474BDBF800203B
:107B70001B680132334405EB090A00F0338103F539
:107B800080530F3323F47F6828F00F0841462046C6
:107B900000F010FA411C024600F0F380824500F22A
:107BA000EE803A4B196841441960084600F04E8156
:107BB000DBF80010019301311BBFA2EB0A01091889
:107BC000CBF80020196012F0070B00F01781CBF101
:107BD00008010A44CBF5805190440831A1EB08011B
:107BE000C1F30B0A51462046009200F0E3F9421C13
:107BF000DDE9002300F04F81801A00EB0A081968C4
:107C0000BA6048F001005144BD425060196000F074
:107C10002981B9F10F0F40F227816868A9F10C0C96
:107C20002CF0070C00F0010040EA0C0068604FF0F7
:107C3000050E05EB0C00BCF10F0FC0E901EE00F2E0
:107C4000328150681546124B1A688A4238BF196053
:107C5000104B1A688A4238BF196094E0AA1943F0A1
:107C6000010346F001066E602046BA60536000F0E2
:107C700043F90835284603B0BDE8F08FD9681A44A7
:107C8000A1E600BF9C5100202C650020FC64002070
:107C90002465002028650020A4510020A455002060
:107CA000B2F5206F4FEA522363D3142B00F2B78052
:107CB00003F15C01C9005B3307EB010E7958AEF1AB
:107CC000080E8E4500F091804B6823F00303934229
:107CD00002D989688E45F7D1D1F80CE07A68C5E9F8
:107CE000021ECEF80850CD60D6E6142B59D9542B7D
:107CF00000F29D80330B03F16F0003F16E0CC300A3
:107D00008AE60EF1010E1EF0030F05F108057FF45F
:107D1000D5AE51E0424445465368D8F80C1043F0C4
:107D20000103536055F8083F2046D9608B6000F08E
:107D3000E3F8F3E6F00806F1080237E62A442046A5
:107D4000536843F001035360083500F0D5F8E5E6C9
:107D5000A919204646F0010643F001046E60C7E908
:107D60000411C1E902CC4C60AB5000F0C5F80835F5
:107D7000D4E6930903F13901C90038339CE7BD42C9
:107D80005FD0BD68686820F003084645A8EB06038D
:107D900002D80F2B3FF762AF204600F0ADF8002568
:107DA000BCE603F15C0003F15B0CC30034E659F858
:107DB00008394B4540F0968010F0030F00F1FF307A
:107DC000F5D17B6823EA01037B60490099423FF6C5
:107DD000C0AE19B9BDE649000EF1040E1942FAD041
:107DE000704667E603F11008D0E69A104FF00108DC
:107DF0007B6808FA02F21A437A6070E702EB080126
:107E00004942C1F30B0A51462046009200F0D2F8D5
:107E1000431CDDE900237FF4EFAEDA46EFE6542B96
:107E200025D8130B03F16F01C9006E3344E7B3F596
:107E3000AA7F25D8F30B03F1780003F1770CC30078
:107E4000EAE5294B186840441860B1E6CAF30B0C08
:107E5000BCF1000F7FF4ACAEBD68C84448F001002F
:107E60006860F0E61546EEE60123536094E7B3F54B
:107E7000AA7F23D8D30B03F17801C90077331BE71E
:107E800040F25452934223D8B30C03F17D0003F126
:107E90007C0CC300C0E5ABF1080BD844A8EB02088A
:107EA0004FF0000AABE605F108012046009300F010
:107EB000D9F9BD68009B68681968C4E640F254515E
:107EC0008B420BD8930C03F17D01C9007C33F3E6A0
:107ED0004FF47E737F204FF07E0C9DE54FF47E7152
:107EE0007E23E9E67B6870E7FC640020014800F02F
:107EF0009DB800BFF8640020014800F099B800BFA9
:107F0000F8640020830730B548D0541E002A3FD0C3
:107F1000CAB2034601E0013C3AD303F8012B9D07A6
:107F2000F9D1032C2DD9CDB245EA05250F2C45EA10
:107F3000054536D9A4F1100222F00F0C03F1200EF2
:107F4000E6444FEA121C03F1100242E9045542E9EB
:107F5000025510327245F8D10CF1010214F00C0FE9
:107F600003EB021204F00F0C13D0ACF1040323F066
:107F700003030433134442F8045B9342FBD10CF037
:107F800003042CB1C9B21C4403F8011B9C42FBD171
:107F900030BD64461346002CF4D1F9E7034614467D
:107FA000BFE71A46A446E0E713460A460146022008
:107FB00000F0C4B838B5074D0022044608462A60D0
:107FC000FCF7C0FF431C00D038BD2B68002BFBD052
:107FD000236038BD78660020014B1868704700BFE9
:107FE000AC55002070B50D4E0D4D761BB61006D069
:107FF000002455F8043B01349847A642F9D1094EB4
:10800000094D761B00F038FAB61006D0002455F85A
:10801000043B01349847A642F9D170BDB0200060FE
:10802000B0200060C0200060B0200060704700BF3A
:10803000704700BF000000000000000000000000CA
:108040000000000000000000000000000000000030
:108050000000000000000000000000000000000020
:1080600090F800F06DE9024520F007016FF0000C78
:1080700010F0070491F820F040F049804FF0000420
:108080006FF00700D1E9002391F840F000F10800FB
:1080900082FA4CF2A4FA8CF283FA4CF3A2FA8CF333
:1080A0004BBBD1E9022382FA4CF200F10800A4FA9A
:1080B0008CF283FA4CF3A2FA8CF3E3B9D1E90423EE
:1080C00082FA4CF200F10800A4FA8CF283FA4CF325
:1080D000A2FA8CF37BB9D1E9062301F1200182FADF
:1080E0004CF200F10800A4FA8CF283FA4CF3A2FAE5
:1080F0008CF3002BC6D0002A04BF04301A4612BAF3
:10810000B2FA82F2FDE8024500EBD2007047D1E9F5
:10811000002304F00305C4F100004FEAC50514F084
:10812000040F91F840F00CFA05F562EA05021CBF55
:1081300063EA050362464FF00004A9E72DE9F04722
:10814000DFF87CA00646DAF8000098460F46914614
:10815000FFF76CFF184B1C6824B365681F2D24DCE7
:108160005EB96B1C0235DAF80000636044F82570D4
:10817000FFF75EFF0020BDE8F08704EB85010123D7
:10818000C1F88890D4F88821AB401A43022EC4F875
:108190008821C1F80881E4D1D4F88C211A43C4F8AD
:1081A0008C21DEE7054C1C60D7E7DAF80000FFF70A
:1081B0003FFF4FF0FF30DEE7606300206463002084
:1081C00090510020F8B5244F0C460646FFF78EFE6E
:1081D000BB685D68C4F57E610F3125F003054B195E
:1081E00023F47F6323F00F03A3F58054B4F5805F7D
:1081F00007DB00213046FFF7DDFEBB682B449842C9
:1082000004D03046FFF778FE0020F8BD61423046CA
:10821000FFF7D0FE01300DD0104ABB682D1B45F092
:1082200001055D60136830461B1B1360FFF764FE99
:108230000120F8BD00213046FFF7BCFEBA68831A62
:108240000F2BDEDD43F001035360054B03491B6830
:10825000C01A0860D5E700BF9C510020FC640020D4
:10826000A4550020002961D0F8B50C460646FFF75A
:108270003DFE54F8042C7B4FA4F1080522F00101C7
:1082800005EB010CB868DCF80430604523F003030B
:1082900000F08B80D207CCF8043032D454F8082C8C
:1082A000AD1A1144AA6807F1080082426AD00CEBAB
:1082B0000304D4F804E0EC68D4601EF0010FA2605F
:1082C00000F0978041F001036B60CCF80010B1F52D
:1082D000007F35D27868CB080122490901338A40F2
:1082E000024357F833107A6007EBC302083AC5E936
:1082F000021247F83350CD603046BDE8F840FFF732
:10830000FBBD0CEB03025268D00710D4194407F1EF
:108310000800DCF80830834273D0DCF80C20DA6007
:10832000936041F001036B606950D0E7704741F002
:108330000103B1F5007F44F8043CCCF80010C9D328
:10834000B1F5206F4FEA512348D28B0903F1390070
:1083500003F13802C300F818FB580838984259D086
:108360005A6822F003028A4202D99B689842F7D1E8
:10837000D868C5E902308560DD603046BDE8F84068
:10838000FFF7BABD0CEB03025268D20763D40B446B
:10839000DCE90212CA60916043F001026A60304673
:1083A000EB50BDE8F840FFF7A7BD0B44D10707D459
:1083B00054F8082CAD1A1344D5E90212CA60916032
:1083C00043F001026A60284ABD6012689A4293D85D
:1083D000264B30461968FFF7F5FE8DE7142B0AD9B6
:1083E000542B1FD80B0B03F16F0003F16E02C30077
:1083F000B1E719448DE703F15C0003F15B02C300B0
:10840000A9E741F00103C7E90455C5E902006B6023
:10841000695071E779689210012404FA02F20A4364
:108420007A60A6E7B3F5AA7F06D8CB0B03F17800F4
:1084300003F17702C3008EE740F25452934206D80C
:108440008B0C03F17D0003F17C02C30083E74FF442
:108450007E737E227FE741F001036B60CCF8001051
:108460004AE700BF9C510020A85500202C65002041
:108470005FF800F0E51F00605FF800F04D2000603D
:108480005FF800F0191600605FF800F06D160060EC
:108490005FF800F0291E00600000000000000000EE
:0484A000F8B500BF6C
:0884A40088E4FF7F01000000E5
:1084AC0000000000000000000000000000000000C0
:1084BC0000000000000000000000000000000000B0
:1084CC0000000000000000000000000000000000A0
:1084DC000000000000000000000000000000000090
:1084EC000000000000000000000000000000000080
:1084FC000000000000000000000000000000000070
:10850C00000000000000000000000000000000005F
:10851C00000000000000000000000000000000004F
:10852C00000000000000000000000000000000003F
:10853C00000000000000000000000000000000002F
:10854C00000000000000000000000000000000001F
:10855C00000000000000000000000000000000000F
:10856C0000000000000000000000000000000000FF
:10857C0000000000000000000000000000000000EF
:10858C0000000000000000000000000000000000DF
:10859C0000000000000000000000000000000000CF
:1085AC0000000000000000000000000000000000BF
:1085BC0000000000000000000000000000000000AF
:1085CC00000000000000000000000000000000009F
:1085DC00000000000000000000000000000000008F
:1085EC00000000000000000000000000000000007F
:1085FC00000000000000000000000000000000006F
:10860C00000000000000000000000000000000005E
:10861C00000000000000000000000000000000004E
:10862C00000000000000000000000000000000003E
:10863C00000000000000000000000000000000002E
:10864C00000000000000000000000000000000001E
:10865C00000000000000000000000000000000000E
:10866C0000000000000000000000000000000000FE
:10867C0000000000000000000000000000000000EE
:10868C0000000000000000000000000000000000DE
:10869C0000000000000000000000000000000000CE
:1086AC0000000000000000000000000000000000BE
:1086BC0000000000000000000000000000000000AE
:1086CC00000000000000000000000000000000009E
:1086DC00000000000000000000000000000000008E
:1086EC00000000000000000000000000000000007E
:1086FC00000000000000000000000000000000006E
:10870C00000000000000000000000000000000005D
:10871C00000000000000000000000000000000004D
:10872C00000000000000F03F748515D3B0D9EF3F76
:10873C000F89F96C58B5EF3F515B12D00193EF3FA5
:10874C007B517D3CB872EF3FAAB968318754EF3F3B
:10875C003862756E7A38EF3FE1DE1FF59D1EEF3FF4
:10876C0015B7310AFE06EF3FCBA93A37A7F1EE3F1A
:10877C002234124CA6DEEE3F2D89616008CEEE3F0E
:10878C00272A36D5DABFEE3F824F9D562BB4EE3FEB
:10879C00295448DD07ABEE3F85553AB07EA4EE3F39
:1087AC00CD3B7F669EA0EE3F745FECE8759FEE3F7D
:1087BC008701EB7314A1EE3F13CE4C9989A5EE3FC4
:1087CC00DBA02A42E5ACEE3FE5C5CDB037B7EE3FB6
:1087DC0090F0A38291C4EE3F5D253EB203D5EE3FEF
:1087EC00ADD35A999FE8EE3F475EFBF276FFEE3F22
:1087FC009C5285DD9B19EF3F6990EFDC2037EF3FF2
:10880C0087A4FBDC1858EF3F5F9B7B33977CEF3FD3
:10881C00DA90A4A2AFA4EF3F40456E5B76D0EF3F59
:10882C00000000000000E8429423914BF86AAC3F32
:10883C00F3C4FA50CEBFCE3FD6520CFF422EE63FC9
:10884C000000000000003843FE822B6547154740AE
:10885C009423914BF86ABC3EF3C4FA50CEBF2E3F22
:10886C00D6520CFF422E963F000000000000F03F55
:10887C00000000000000F0BF000000000000F0BF8E
:10888C00000000000000F03F83C8C96D305F6441F8
:10889C00182D4454FB21F93F000000000000F03F6C
:1088AC001C620CFDFFFFDFBF198F06E15355A53F7E
:1088BC009D359AE887C056BFC3F87B024393F93EB7
:1088CC0003A695595455C5BFC40B23057610813F9B
:1088DC0024CF7437EB9429BF000000000000F03F58
:1088EC00000000000000F0BF000000000000F0BF1E
:1088FC00000000000000F03F83C8C96D305F644188
:10890C00182D4454FB21F93F000000000000F0BF7B
:10891C001C620CFDFFFFDF3F198F06E15355A5BF0D
:10892C009D359AE887C0563FC3F87B024393F9BE46
:10893C0003A695595455C5BFC40B23057610813F2A
:10894C0024CF7437EB9429BF00005C430AD7A33BB8
:10895C008FC2F53DCDCC0C3F0000803E0000003FA7
:10896C009A99993E0000DC42008022450000344375
:10897C00EC51383F6666E63EAE47613E0AD7A33EF1
:10898C00000025430080BB449A99193FCDCC0C4084
:10899C00EC51383E000040416666A640CDCC4C3FC1
:1089AC009A99993E98490020C4490020EC4900202E
:1089BC00244A0020392600003D26000041260000F4
:1089CC0045260000000000003A1C19B32F7219B4A0
:1089DC002F0DADB47B2C1AB5BF6071B5C215AEB5F9
:1089EC001345EDB5B91B1BB6257044B6949672B6FB
:1089FC0067C192B6C492AEB62CB6CCB6D420EDB646
:108A0C0029E307B74D4C1AB7FEC32DB78D4142B7BA
:108A1C0076BB57B75D276EB707BD82B7BED38EB78F
:108A2C0063519BB71A2FA8B79B65B5B736EDC2B784
:108A3C00D5BDD0B7F8CEDEB7BE17EDB7E18EFBB71C
:108A4C005F1505B8A8700CB81FD413B86A3A1BB8D8
:108A5C00069E22B847F929B85D4631B8537F38B81D
:108A6C00129E3FB8669C46B8FE734DB86D1E54B846
:108A7C0033955AB8B8D160B855CD66B855816CB835
:108A8C00F8E671B877F776B806AC7BB8DAFD7FB844
:108A9C0015F381B81AAF83B8A12F85B8557186B874
:108AAC00EC7087B8242B88B8CB9C88B8BEC288B829
:108ABC00E89988B84B1F88B8FB4F87B8262986B829
:108ACC0011A884B81CCA82B8C78C80B85CDB7BB890
:108ADC001FD575B89C026FB8DF5F67B844E95EB804
:108AEC00789B55B87C734BB8AB6E40B8BB8A34B826
:108AFC00C3C527B83B1E1AB8FF920BB8AF46F8B7E0
:108B0C00E99DD7B7E92BB5B7CEF190B730E355B7A0
:108B1C00675C06B7AE5B4DB6D38E0C361210FA36C8
:108B2C00B7485A373B6B9D370850CF37966401389E
:108B3C000BE61B38A026373812205338A4CB6F38DD
:108B4C000E918638E48D95383CD8A438C36BB43874
:108B5C00ED43C438F15BD438CFAEE4384F37F53839
:108B6C0001F80239A3690B39A3ED1339FD801C39C7
:108B7C00962025393DC92D39AC77363987283F39B0
:108B8C0061D84739BB835039052759399FBE6139A4
:108B9C00E0466A390EBC7239681A7B3912AF8139DA
:108BAC00B8C185393AC38939ACB18D39208B91392B
:108BBC00A84D953958F7983944869C3985F89F39D2
:108BCC00384CA3397D7FA6397C90A939637DAC39AB
:108BDC006844AF39CAE3B139D359B439D6A4B639DC
:108BEC0034C3B8395AB3BA39C373BC39FA02BE3973
:108BFC00995FBF394C88C039CF7BC139F438C23941
:108C0C009EBEC239C50BC339791FC339DDF8C239D1
:108C1C002E97C239BFF9C139FD1FC1396F09C0394F
:108C2C00B4B5BE398824BD39C155BB395249B9399F
:108C3C004AFFB639D477B4393AB3B139E4B1AE3965
:108C4C005574AB3933FBA7394047A4395B59A0396C
:108C5C0086329C39DFD39739A43E933932748E39DE
:108C6C0004768939B5458439F8C97D3961AB7239D7
:108C7C008D336739A0665B39F5484F3923DF4239AC
:108C8C00F52D36396E3A2939C4091C3962A10E39D1
:108C9C00E20601391E80E638BFA5CA38EE8AAE3826
:108CAC00443C92384B8D6B38846E3238306EF237D0
:108CBC00D3048037B989DD35FABB47B7C7E5D4B7DC
:108CCC00798222B894005AB8EA6788B85569A3B873
:108CDC00B8F5BDB837FED7B8F673F1B80E2405B9A0
:108CEC00F23511B94BE81CB9CC3328B93C1133B966
:108CFC0073793DB9656547B920CE50B9D4AC59B933
:108D0C00D4FA61B99BB169B9CECA70B9424077B98E
:108D1C00FE0B7DB9201481B9BE4783B9341E85B9C9
:108D2C00FB9486B9B0A987B9105A88B901A488B93F
:108D3C008E8588B9E8FC87B96E0887B9A6A685B96F
:108D4C0044D683B9299681B9CBCA7DB9718677B9D6
:108D5C00285E70B9345168B93F5F5FB95E8855B908
:108D6C000ACD4AB92A2E3FB90DAD32B9724B25B98D
:108D7C00810B17B9D2EF07B9D8F6EFB88363CEB829
:108D8C006B2DABB82F5D86B899F83FB85F54E0B740
:108D9C00FC2BEBB6B6F56037E6A4103897B56B38FC
:108DAC0049A9A438AAAED43873ED02399C0E1C39EB
:108DBC000BB23539A5CE4F39F25A6A3993A682399E
:108DCC00934D9039421D9E394410AC391B21BA3950
:108DDC00254AC839A485D639BACDE439701CF33983
:108DEC00DBB5003AB2DA073AA2F90E3A840F163A1A
:108DFC002D191D3A6A13243A05FB2A3AC5CC313A8F
:108E0C006E85383AC7213F3A959E453AA3F84B3ABE
:108E1C00BE2C523ABA37583A73165E3ACEC5633AFC
:108E2C00BB42693A348A6E3A4399733A006D783A88
:108E3C0095027D3A9FAB803A25B4823A8F99843A59
:108E4C009B5A863A13F6873ACD6A893AAFB78A3A73
:108E5C00ABDB8B3AC3D58C3A07A58D3A99488E3A41
:108E6C00ABBF8E3A82098F3A71258F3AE2128F3A54
:108E7C0050D18E3A49608E3A6FBF8D3A7AEE8C3A69
:108E8C0035ED8B3A81BB8A3A5459893ABAC6873A3E
:108E9C00D603863ADF10843A24EE813A17387F3AAB
:108EAC0021367A3A8AD7743AA81D6F3AF909693A89
:108EBC002C9E623A1DDC5B3AD2C5543A815D4D3A28
:108ECC008AA5453A7BA03D3A0A51353A19BA2C3A53
:108EDC00B4DE233A0EC21A3A8367113A96D2073A95
:108EEC00DC0DFC39B010E83986B5D3398104BF39B3
:108EFC000206AA39ABC29439AC867E392A22533980
:108F0C005C6A273959E4F638C0999E382D380C38EC
:108F1C00386713B7F3B155B871FFC2B89E5B0DB982
:108F2C0080EB38B98D1A64B9F26987B94B819CB959
:108F3C00D848B1B922B6C5B9BDBED9B94758EDB9F3
:108F4C00393C00BA828A09BAF19112BA884D1BBA1F
:108F5C005AB823BA94CD2BBA748833BA58E43ABAB7
:108F6C00B6DC41BA276D48BA61914EBA414554BA44
:108F7C00C78459BA1E4C5EBA989762BAB86366BA7F
:108F8C002AAD69BACF706CBABAAB6EBA2F5B70BA35
:108F9C00AE7C71BAEA0D72BAD30C72BA927771BA0E
:108FAC00914C70BA748A6EBA20306CBABD3C69BAF6
:108FBC00B3AF65BAAD8861BA9BC75CBAB26C57BA2D
:108FCC006C7851BA89EB4ABA10C743BA4F0C3CBA09
:108FDC00DBBC33BA8FDA2ABA906721BA486617BA63
:108FEC0068D90CBAE8C301BA0C52ECB98718D4B9D9
:108FFC00D1E2BAB9FEB8A0B9A8A385B9D75753B96D
:10900C00C8B619B9A7F0BCB87BC606B82C3AE43779
:10901C00C736B838E7F21C3928F55E39590491394E
:10902C00A609B339027DD5399D50F8392ABB0D3AC2
:10903C00DB6F1F3A063F313A2E21433ABA0E553AAE
:10904C00F4FF663A11ED783A1767853AAE4D8E3AD1
:10905C004E26973AF1EC9F3A919DA83A2334B13AB7
:10906C009FACB93AFE02C23A3E33CA3A6039D23AA0
:10907C006F11DA3A81B7E13AB327E93A335EF03A45
:10908C003C57F73A1D0FFE3A1941023B7A56053B05
:10909C00F545083BDC0D0B3B8EAC0D3B7720103BB4
:1090AC001268123BEB81143B9C6C163BD226183B8E
:1090BC004BAF193BD9041B3B5F261C3BD8121D3B05
:1090CC0051C91D3BED481E3BE5901E3B8AA01E3B43
:1090DC0042771E3B8D141E3B03781D3B52A11C3B5B
:1090EC0046901B3BBF441A3BBBBE183B4FFE163B86
:1090FC00AD03153B1FCF123B0C61103BF4B90D3B7C
:10910C0072DA0A3B3CC3073B2375043B12F1003B6C
:10911C001F70FA3A7896F23AA257EA3A47B6E13A11
:10912C0041B5D83A9E57CF3A9FA0C53AB193BB3AB6
:10913C007434B13AB586A63A6E8E9B3AC54F903AC6
:10914C000CCF843A7321723ADF325A3AE8DB413A57
:10915C006026293A601C103A7F90ED392569BA399E
:10916C0049D88639DAE7253973937638F1AB2BB8C1
:10917C00AF9913B9B2387CB9864CB2B9B245E6B9DD
:10918C0005F80CBAD19926BA3DFC3FBA491359BA25
:10919C00F4D271BAA41785BA2C0E91BA27C79CBA0F
:1091AC00B53CA8BA0469B3BA5546BEBAFECEC8BA25
:1091BC0068FDD2BA1BCCDCBAB735E6BAFE34EFBACE
:1091CC00D4C4F7BA3EE0FFBA36C103BB5A5307BB4F
:1091DC004EA40ABBEBB10DBB237A10BBFFFA12BB3A
:1091EC00A83215BB5D1F17BB7FBF18BB89111ABBFB
:1091FC0017141BBBE4C51BBBCB251CBBCB321CBB48
:10920C0003EC1BBBB4501BBB47601ABB451A19BB04
:10921C005E7E17BB678C15BB594413BB58A610BB9D
:10922C00A9B20DBBBB690ABB23CC06BB9EDA02BB41
:10923C001D2CFDBAFEFEF3BA4430EABA9FC2DFBA67
:10924C000CB9D4BAD916C9BA9BDFBCBA3517B0BAA7
:10925C00D4C1A2BAEEE394BA408286BA9D436FBAE7
:10926C00C48F50BA0DF430BA147C10BAE267DEB970
:10927C0073509AB9DF9729B9F754DFB76D5EE838A8
:10928C00303E83390961CD3904310C3A3011323A10
:10929C005341583A6BB17E3A99A8923A1208A63AC1
:1092AC00C56EB93A3CD4CC3AEE2FE03A4079F33A59
:1092BC00C653033B0FD90C3B2248163BA29C1F3BC9
:1092CC0033D2283B7DE4313B2ECF3A3BF88D433BE8
:1092DC00981C4C3BD676543B85985C3B897D643B13
:1092EC00D4216C3B6F81733B72987A3B89B1803B84
:1092FC00CBEE833B3302873BFFE9893B81A48C3B5C
:10930C0018308F3B328B913B54B4933B10AA953B56
:10931C000F6B973B0CF6983BD8499A3B59659B3B96
:10932C008C479C3B84EF9C3B6B5C9D3B868D9D3BB3
:10933C002F829D3BDC399D3B1BB49C3B95F09B3BAA
:10934C000FEF9A3B65AF993B9131983BAA75963BD1
:10935C00DE7B943B7C44923BEBCF8F3BB11E8D3B31
:10936C006E318A3BE008873BDFA5833B6209803B7B
:10937C00F068783B9F50703B5ECC673BF5DE5E3B04
:10938C005E8B553BC9D44B3B9BBE413B6A4C373B38
:10939C00FC812C3B4B63213B7EF4153BE8390A3BAB
:1093AC001970FC3A2CE7E33AB0E2CA3A9F6CB13A36
:1093BC003A8F973A12AA7A3AB091453A63EB0F3A40
:1093CC00699BB339663E0D39B4BC9BB853E094B974
:1093DC001E8201BA2E9538BAD5906FBA302E93BA38
:1093EC00796FAEBAC97FC9BA9D52E4BA6CDBFEBACA
:1093FC00D7860CBB746E19BB531E26BB459032BB73
:10940C0028BE3EBBE8A14ABB843556BB0D7361BB7D
:10941C00AF546CBBAFD476BBB77680BBB84C85BBB6
:10942C00ADE989BBFA4A8EBB196E92BB985096BBBC
:10943C001CF099BB624A9DBB415DA0BBA826A3BB97
:10944C00A3A4A5BB5BD5A7BB16B7A9BB3948ABBBBF
:10945C004787ACBBE672ADBBDD09AEBB154BAEBBF3
:10946C009A35AEBB9EC8ADBB7403ADBB99E5ABBB27
:10947C00AC6EAABB749EA8BBE074A6BB04F2A3BBE3
:10948C001F16A1BB95E19DBBF4549ABBF17096BB22
:10949C006A3692BB66A68DBB14C288BBCC8A83BBD2
:1094AC0017047CBBF65270BBD00564BB912057BB34
:1094BC0072A749BBF69E3BBBEB0B2DBB6AF31DBBE6
:1094CC00D35A0EBB998FFCBA7F80DBBAB494B9BA6D
:1094DC0011D996BAD8B566BA27501EBA213BA9B98C
:1094EC000FB71BB817708439F31D0F3A9AD65C3A34
:1094FC00D4A0953A131FBD3A43D5E43A2D59063BF7
:10950C0089521A3BF74D2E3BA442423BA627563BB1
:10951C0005F4693BBE9E7D3B628F883B8335923B55
:10952C003BBD9B3B0222A53B555FAE3BB970B73BA5
:10953C00B851C03BE8FDC83BE970D13B6BA6D93BA9
:10954C002C9AE13BFE47E93BC7ABF03B82C1F73BB2
:10955C004385FE3B9B79023CD483053C7E5F083CF3
:10956C00DF0A0B3C4A840D3C27CA0F3CEDDA113C58
:10957C0029B5133C7C57153C9CC0163C54EF173C4A
:10958C0087E2183C2E99193C5B121A3C3A4D1A3C56
:10959C000D491A3C32051A3C2381193C71BC183C0C
:1095AC00CDB6173CFF6F163CF0E7143CA31E133CE2
:1095BC003814113CECC80E3C1B3D0C3C3C71093C76
:1095CC00E565063CCB1B033C7D27FF3B5B9DF73BD6
:1095DC004B9BEF3B9E23E73BE438DE3BE4DDD43B87
:1095EC009F15CB3B4EE3C03B634AB63B864EAB3B31
:1095FC0095F39F3BA33D943BF630883B0EA4773B01
:10960C00FF4A5E3B7060443B6FEE293B61FF0E3BB3
:10961C00003CE73AACAAAF3AECC26E3A76DEF939C6
:10962C008B9D20384F79D3B9C4325EBA1093A9BA46
:10963C00CD31E4BAD66D0FBB38BB2CBBCEF349BBD6
:10964C00390A67BB83F881BB564D90BBCC7C9EBB63
:10965C001980ACBB6E50BABB01E7C7BB0D3DD5BB87
:10966C00D54BE2BBA70CEFBBE178FBBBF9C403BC49
:10967C00B09C09BC61400FBCE9AC14BC31DF19BC17
:10968C0035D41EBC008923BCB2FA27BC81262CBC65
:10969C00B80930BCB9A133BC02EC36BC28E639BCE5
:1096AC00DF8D3CBCF7E03EBC5EDD40BC258142BC9E
:1096BC0079CA43BCAEB744BC394745BCB47745BC4A
:1096CC00DF4745BCA0B644BC06C343BC456C42BC9A
:1096DC00C0B140BCFE923EBCB50F3CBCC52739BCEA
:1096EC003ADB35BC4E2A32BC66152EBC169D29BC05
:1096FC001FC224BC72851FBC2CE819BC99EB13BC8F
:10970C0036910DBCABDA06BCA293FFBB5BC1F0BBC0
:10971C00E942E1BB121DD1BBF354C0BB03F0AEBB9D
:10972C0014F49CBB4D678ABB54A06EBBFB6A47BB51
:10973C00D53C1FBB9449ECBABF6498BACBD605BADA
:10974C00BE082039727C583A6DA8C53A8D0D103B75
:10975C0057B83D3B51C16B3B640A8D3B504FA43B0A
:10976C002BA5BB3B8601D33BCA59EA3B9BD1003CA2
:10977C0073690C3CEFEE173C7F5C233C8DAC2E3CAC
:10978C0076D9393C92DD443C36B34F3CB3545A3C09
:10979C005CBC643C86E46E3C8BC7783CE72F813C18
:1097AC00DCD3853CE24C8A3C3E988E3C3BB3923CED
:1097BC00309B963C804D9A3C9AC79D3CFA06A13C46
:1097CC002D09A43CCFCBA63C8F4CA93C2E89AB3C9D
:1097DC00817FAD3C752DAF3C0A91B03C5CA8B13C8F
:1097EC009D71B23C1AEBB23C3E13B33C8DE8B23CDB
:1097FC00AB69B23C5C95B13C826AB03C1FE8AE3CB4
:10980C005B0DAD3C7ED9AA3CF54BA83C5264A53C03
:10981C004B22A23CC1859E3CB88E9A3C5F3D963C47
:10982C000C92913C418D8C3CA82F873C187A813C42
:10983C0025DB763C89166A3C10A95C3CC8954E3CED
:10984C0019E03F3CC68B303CED9C203C0A18103C88
:10985C00E403FE3BB1BFDA3B9C6EB63B7B1C913BF9
:10986C00BEAB553B2350073B8D085D3A9C06D3B9E4
:10987C00D5F3DABAE3E841BB0EC68BBB4820B7BBC5
:10988C00F1F0E2BB969207BCBBD41DBCD23434BC05
:10989C0074A84ABCE82461BC2A9F77BCF30587BC3A
:1098AC00C12F92BC0A479DBCB945A8BC9625B3BC38
:1098BC0048E0BDBC556FC8BC26CCD2BC06F0DCBCA5
:1098CC0024D4E6BC9671F0BC58C1F9BC265E01BD2F
:1098DC00A1AD05BD7ACB09BD03B40DBD886311BD27
:1098EC004BD614BD880818BD75F61ABD419C1DBD1C
:1098FC0018F61FBD230022BD87B623BD671525BDF5
:10990C00E81826BD2ABD26BD53FE26BD88D826BD27
:10991C00F14726BDBB4825BD17D723BD3CEF21BD64
:10992C00668D1FBDDAAD1CBDE54C19BDDE6615BDDF
:10993C0025F810BD26FD0BBD587206BD405400BD68
:10994C00E33EF3BC19A1E4BC84C8D4BCA6AEC3BC32
:10995C00254DB1BCC99D9DBC819A88BCC67A64BC9E
:10996C00590135BC8EBD02BC1D499BBBF25EADBA24
:10997C0089DA143B6519C63BB0DF233C93B8673CCE
:10998C00F64F973CF34EBC3C1DDDE23C0F7F053D92
:10999C00B15A1A3D1203303DB079463DEDBF5D3DE5
:1099AC000CD7753D1B60873D383E943D5286A13DDA
:1099BC00D038AF3D0756BD3D3EDECB3DACD1DA3D98
:1099CC007730EA3DB9FAF93D7730EA3DACD1DA3D72
:1099DC003EDECB3D0756BD3DD038AF3D5286A13D56
:1099EC00383E943D1B60873D0CD7753DEDBF5D3D0A
:1099FC00B079463D1203303DB15A1A3D0F7F053DFB
:109A0C001DDDE23CF34EBC3CF64F973C93B8673CF3
:109A1C00B0DF233C6519C63B89DA143BF25EADBA64
:109A2C001D499BBB8EBD02BC590135BCC67A64BCBA
:109A3C00819A88BCC99D9DBC254DB1BCA6AEC3BC4A
:109A4C0084C8D4BC19A1E4BCE33EF3BC405400BDB3
:109A5C00587206BD26FD0BBD25F810BDDE6615BD82
:109A6C00E54C19BDDAAD1CBD668D1FBD3CEF21BDAB
:109A7C0017D723BDBB4825BDF14726BD88D826BDC9
:109A8C0053FE26BD2ABD26BDE81826BD671525BD8B
:109A9C0087B623BD230022BD18F61FBD419C1DBDFA
:109AAC0075F61ABD880818BD4BD614BD886311BD58
:109ABC0003B40DBD7ACB09BDA1AD05BD265E01BDBC
:109ACC0058C1F9BC9671F0BC24D4E6BC06F0DCBCE1
:109ADC0026CCD2BC556FC8BC48E0BDBC9625B3BCE7
:109AEC00B945A8BC0A479DBCC12F92BCF30587BCE5
:109AFC002A9F77BCE82461BC74A84ABCD23434BC1D
:109B0C00BBD41DBC969207BCF1F0E2BB4820B7BB9E
:109B1C000EC68BBBE3E841BBD5F3DABA9C06D3B9CE
:109B2C008D085D3A2350073BBEAB553B7B1C913BEC
:109B3C009C6EB63BB1BFDA3BE403FE3B0A18103C0B
:109B4C00ED9C203CC68B303C19E03F3CC8954E3C0C
:109B5C0010A95C3C89166A3C25DB763C187A813C62
:109B6C00A82F873C418D8C3C0C92913C5F3D963CE0
:109B7C00B88E9A3CC1859E3C4B22A23C5264A53CBB
:109B8C00F54BA83C7ED9AA3C5B0DAD3C1FE8AE3C26
:109B9C00826AB03C5C95B13CAB69B23C8DE8B23C9E
:109BAC003E13B33C1AEBB23C9D71B23C5CA8B13C89
:109BBC000A91B03C752DAF3C817FAD3C2E89AB3CFE
:109BCC008F4CA93CCFCBA63C2D09A43CFA06A13C5A
:109BDC009AC79D3C804D9A3C309B963C3BB3923C43
:109BEC003E988E3CE24C8A3CDCD3853CE72F813C92
:109BFC008BC7783C86E46E3C5CBC643CB3545A3CEA
:109C0C0036B34F3C92DD443C76D9393C8DAC2E3C7E
:109C1C007F5C233CEFEE173C73690C3C9BD1003C02
:109C2C00CA59EA3B8601D33B2BA5BB3B504FA43B07
:109C3C00640A8D3B51C16B3B57B83D3B8D0D103BBE
:109C4C006DA8C53A727C583ABE082039CBD605BAF5
:109C5C00BF6498BA9449ECBAD53C1FBBFB6A47BBAE
:109C6C0054A06EBB4D678ABB14F49CBB03F0AEBB17
:109C7C00F354C0BB121DD1BBE942E1BB5BC1F0BBCD
:109C8C00A293FFBBABDA06BC36910DBC99EB13BCAF
:109C9C002CE819BC72851FBC1FC224BC169D29BCA4
:109CAC0066152EBC4E2A32BC3ADB35BCC52739BCF6
:109CBC00B50F3CBCFE923EBCC0B140BC456C42BC36
:109CCC0006C343BCA0B644BCDF4745BCB47745BC17
:109CDC00394745BCAEB744BC79CA43BC258142BCAC
:109CEC005EDD40BCF7E03EBCDF8D3CBC28E639BCF9
:109CFC0002EC36BCB9A133BCB80930BC81262CBCF3
:109D0C00B2FA27BC008923BC35D41EBC31DF19BC88
:109D1C00E9AC14BC61400FBCB09C09BCF9C403BCD9
:109D2C00E178FBBBA70CEFBBD54BE2BB0D3DD5BB24
:109D3C0001E7C7BB6E50BABB1980ACBBCC7C9EBBD9
:109D4C00564D90BB83F881BB390A67BBCEF349BB38
:109D5C0038BB2CBBD66D0FBBCD31E4BA1093A9BA6E
:109D6C00C4325EBA4F79D3B98B9D203876DEF9397F
:109D7C00ECC26E3AACAAAF3A003CE73A61FF0E3B3C
:109D8C006FEE293B7060443BFF4A5E3B0EA4773B71
:109D9C00F630883BA33D943B95F39F3B864EAB3B03
:109DAC00634AB63B4EE3C03B9F15CB3BE4DDD43B53
:109DBC00E438DE3B9E23E73B4B9BEF3B5B9DF73B45
:109DCC007D27FF3BCB1B033CE565063C3C71093C06
:109DDC001B3D0C3CECC80E3C3814113CA31E133C30
:109DEC00F0E7143CFF6F163CCDB6173C71BC183C29
:109DFC002381193C32051A3C0D491A3C3A4D1A3C48
:109E0C005B121A3C2E99193C87E2183C54EF173C14
:109E1C009CC0163C7C57153C29B5133CEDDA113C23
:109E2C0027CA0F3C4A840D3CDF0A0B3C7E5F083C82
:109E3C00D483053C9B79023C4385FE3B82C1F73BB6
:109E4C00C7ABF03BFE47E93B2C9AE13B6BA6D93BF9
:109E5C00E970D13BE8FDC83BB851C03BB970B73B8A
:109E6C00555FAE3B0222A53B3BBD9B3B8335923BF2
:109E7C00628F883BBE9E7D3B05F4693BA627563B13
:109E8C00A442423BF74D2E3B89521A3B2D59063BBF
:109E9C0043D5E43A131FBD3AD4A0953A9AD65C3A0E
:109EAC00F31D0F3A177084390FB71BB8213BA9B9B2
:109EBC0027501EBAD8B566BA11D996BAB494B9BAA5
:109ECC007F80DBBA998FFCBAD35A0EBB6AF31DBBE9
:109EDC00EB0B2DBBF69E3BBB72A749BB912057BB2E
:109EEC00D00564BBF65270BB17047CBBCC8A83BB19
:109EFC0014C288BB66A68DBB6A3692BBF17096BB4A
:109F0C00F4549ABB95E19DBB1F16A1BB04F2A3BBF5
:109F1C00E074A6BB749EA8BBAC6EAABB99E5ABBBA8
:109F2C007403ADBB9EC8ADBB9A35AEBB154BAEBB77
:109F3C00DD09AEBBE672ADBB4787ACBB3948ABBBEA
:109F4C0016B7A9BB5BD5A7BBA3A4A5BBA826A3BB6F
:109F5C00415DA0BB624A9DBB1CF099BB985096BB5F
:109F6C00196E92BBFA4A8EBBADE989BBB84C85BB66
:109F7C00B77680BBAFD476BBAF546CBB0D7361BBF3
:109F8C00843556BBE8A14ABB28BE3EBB459032BBCC
:109F9C00531E26BB746E19BBD7860CBB6CDBFEBA8A
:109FAC009D52E4BAC97FC9BA796FAEBA302E93BA52
:109FBC00D5906FBA2E9538BA1E8201BA53E094B977
:109FCC00B4BC9BB8663E0D39699BB33963EB0F3A51
:109FDC00B091453A12AA7A3A3A8F973A9F6CB13AB5
:109FEC00B0E2CA3A2CE7E33A1970FC3AE8390A3B7A
:109FFC007EF4153B4B63213BFC812C3B6A4C373B7D
:10A00C009BBE413BC9D44B3B5E8B553BF5DE5E3B67
:10A01C005ECC673B9F50703BF068783B6209803B9D
:10A02C00DFA5833BE008873B6E318A3BB11E8D3B3D
:10A03C00EBCF8F3B7C44923BDE7B943BAA75963BEB
:10A04C009131983B65AF993B0FEF9A3B95F09B3B59
:10A05C001BB49C3BDC399D3B2F829D3B868D9D3BED
:10A06C006B5C9D3B84EF9C3B8C479C3B59659B3BBD
:10A07C00D8499A3B0CF6983B0F6B973B10AA953B33
:10A08C0054B4933B328B913B18308F3B81A48C3B67
:10A09C00FFE9893B3302873BCBEE833B89B1803BA5
:10A0AC0072987A3B6F81733BD4216C3B897D643B06
:10A0BC0085985C3BD676543B981C4C3BF88D433BC7
:10A0CC002ECF3A3B7DE4313B33D2283BA29C1F3B45
:10A0DC002248163B0FD90C3BC653033B4079F33A4D
:10A0EC00EE2FE03A3CD4CC3AC56EB93A1208A63AF7
:10A0FC0099A8923A6BB17E3A5341583A3011323AA0
:10A10C0004310C3A0961CD39303E83396D5EE83843
:10A11C00F754DFB7DF9729B973509AB9E267DEB904
:10A12C00147C10BA0DF430BAC48F50BA9D436FBA78
:10A13C00408286BAEEE394BAD4C1A2BA3517B0BA4B
:10A14C009BDFBCBAD916C9BA0CB9D4BA9FC2DFBA54
:10A15C004430EABAFEFEF3BA1D2CFDBA9EDA02BBFD
:10A16C0023CC06BBBB690ABBA9B20DBB58A610BB5E
:10A17C00594413BB678C15BB5E7E17BB451A19BBC4
:10A18C0047601ABBB4501BBB03EC1BBBCB321CBBD4
:10A19C00CB251CBBE4C51BBB17141BBB89111ABBFD
:10A1AC007FBF18BB5D1F17BBA83215BBFFFA12BBD4
:10A1BC00237A10BBEBB10DBB4EA40ABB5A5307BBA1
:10A1CC0036C103BB3EE0FFBAD4C4F7BAFE34EFBAD3
:10A1DC00B735E6BA1BCCDCBA68FDD2BAFECEC8BA2B
:10A1EC005546BEBA0469B3BAB53CA8BA27C79CBADF
:10A1FC002C0E91BAA41785BAF4D271BA491359BA74
:10A20C003DFC3FBAD19926BA05F80CBAB245E6B96D
:10A21C00864CB2B9B2387CB9AF9913B9F1AB2BB843
:10A22C0073937638DAE7253949D886392569BA39EE
:10A23C007F90ED39601C103A6026293AE8DB413AF0
:10A24C00DF325A3A7321723A0CCF843AC54F903AA6
:10A25C006E8E9B3AB586A63A7434B13AB193BB3A3A
:10A26C009FA0C53A9E57CF3A41B5D83A47B6E13A86
:10A27C00A257EA3A7896F23A1F70FA3A12F1003B7A
:10A28C002375043B3CC3073B72DA0A3BF4B90D3B24
:10A29C000C61103B1FCF123BAD03153B4FFE163B21
:10A2AC00BBBE183BBF441A3B46901B3B52A11C3B08
:10A2BC0003781D3B8D141E3B42771E3B8AA01E3B30
:10A2CC00E5901E3BED481E3B51C91D3BD8121D3B72
:10A2DC005F261C3BD9041B3B4BAF193BD226183BCA
:10A2EC009C6C163BEB81143B1268123B7720103BA5
:10A2FC008EAC0D3BDC0D0B3BF545083B7A56053B14
:10A30C001941023B1D0FFE3A3C57F73A335EF03AC7
:10A31C00B327E93A81B7E13A6F11DA3A6039D23AA8
:10A32C003E33CA3AFE02C23A9FACB93A2334B13A30
:10A33C00919DA83AF1EC9F3A4E26973AAE4D8E3A43
:10A34C001767853A11ED783AF4FF663ABA0E553A2A
:10A35C002E21433A063F313ADB6F1F3A2ABB0D3AA6
:10A36C009D50F839027DD539A609B3395904913974
:10A37C0028F55E39E7F21C39C736B8382C3AE43781
:10A38C007BC606B8A7F0BCB8C8B619B9D75753B92D
:10A39C00A8A385B9FEB8A0B9D1E2BAB98718D4B9C7
:10A3AC000C52ECB9E8C301BA68D90CBA486617BAB2
:10A3BC00906721BA8FDA2ABADBBC33BA4F0C3CBA9D
:10A3CC0010C743BA89EB4ABA6C7851BAB26C57BA17
:10A3DC009BC75CBAAD8861BAB3AF65BABD3C69BA0C
:10A3EC0020306CBA748A6EBA914C70BA927771BA8A
:10A3FC00D30C72BAEA0D72BAAE7C71BA2F5B70BA1A
:10A40C00BAAB6EBACF706CBA2AAD69BAB86366BA19
:10A41C00989762BA1E4C5EBAC78459BA414554BA71
:10A42C0061914EBA276D48BAB6DC41BA58E43ABAD3
:10A43C00748833BA94CD2BBA5AB823BA884D1BBA48
:10A44C00F19112BA828A09BA393C00BA4758EDB96F
:10A45C00BDBED9B922B6C5B9D848B1B94B819CB9E2
:10A46C00F26987B98D1A64B980EB38B99E5B0DB966
:10A47C0071FFC2B8F3B155B8386713B72D380C3823
:10A48C00C0999E3859E4F6385C6A27392A22533928
:10A49C00AC867E39ABC294390206AA398104BF3925
:10A4AC0086B5D339B010E839DC0DFC3996D2073AB1
:10A4BC008367113A0EC21A3AB4DE233A19BA2C3A0F
:10A4CC000A51353A7BA03D3A8AA5453A815D4D3A11
:10A4DC00D2C5543A1DDC5B3A2C9E623AF909693AB2
:10A4EC00A81D6F3A8AD7743A21367A3A17387F3AD0
:10A4FC0024EE813ADF10843AD603863ABAC6873AFC
:10A50C005459893A81BB8A3A35ED8B3A7AEE8C3ABA
:10A51C006FBF8D3A49608E3A50D18E3AE2128F3A23
:10A52C0071258F3A82098F3AABBF8E3A99488E3A91
:10A53C0007A58D3AC3D58C3AABDB8B3AAFB78A3AC9
:10A54C00CD6A893A13F6873A9B5A863A8F99843AA0
:10A55C0025B4823A9FAB803A95027D3A006D783AE9
:10A56C004399733A348A6E3ABB42693ACEC5633A20
:10A57C0073165E3ABA37583ABE2C523AA3F84B3A95
:10A58C00959E453AC7213F3A6E85383AC5CC313A4B
:10A59C0005FB2A3A6A13243A2D191D3A840F163AF0
:10A5AC00A2F90E3AB2DA073ADBB5003A701CF3396D
:10A5BC00BACDE439A485D639254AC8391B21BA3914
:10A5CC004410AC39421D9E39934D903993A6823973
:10A5DC00F25A6A39A5CE4F390BB235399C0E1C395B
:10A5EC0073ED0239AAAED43849A9A43897B56B38A3
:10A5FC00E6A41038B6F56037FC2BEBB65F54E0B729
:10A60C0099F83FB82F5D86B86B2DABB88363CEB885
:10A61C00D8F6EFB8D2EF07B9810B17B9724B25B941
:10A62C000DAD32B92A2E3FB90ACD4AB95E8855B95B
:10A63C003F5F5FB9345168B9285E70B9718677B9DC
:10A64C00CBCA7DB9299681B944D683B9A6A685B95A
:10A65C006E0887B9E8FC87B98E8588B901A488B9DA
:10A66C00105A88B9B0A987B9FB9486B9341E85B93C
:10A67C00BE4783B9201481B9FE0B7DB9424077B92E
:10A68C00CECA70B99BB169B9D4FA61B9D4AC59B915
:10A69C0020CE50B9656547B973793DB93C1133B9D2
:10A6AC00CC3328B94BE81CB9F23511B90E2405B9D5
:10A6BC00F673F1B837FED7B8B8F5BDB85569A3B87D
:10A6CC00EA6788B894005AB8798222B8C7E5D4B73B
:10A6DC00FABB47B7B989DD35D3048037306EF23712
:10A6EC00846E32384B8D6B38443C9238EE8AAE38DF
:10A6FC00BFA5CA381E80E638E206013962A10E39C0
:10A70C00C4091C396E3A2939F52D363923DF423903
:10A71C00F5484F39A0665B398D33673961AB7239B7
:10A72C00F8C97D39B54584390476893932748E3946
:10A73C00A43E9339DFD3973986329C395B59A039C3
:10A74C004047A43933FBA7395574AB39E4B1AE3962
:10A75C003AB3B139D477B4394AFFB6395249B93919
:10A76C00C155BB398824BD39B4B5BE396F09C03960
:10A77C00FD1FC139BFF9C1392E97C239DDF8C23975
:10A78C00791FC339C50BC3399EBEC239F438C239DF
:10A79C00CF7BC1394C88C039995FBF39FA02BE39B9
:10A7AC00C373BC395AB3BA3934C3B839D6A4B63921
:10A7BC00D359B439CAE3B1396844AF39637DAC3984
:10A7CC007C90A9397D7FA639384CA33985F89F39FF
:10A7DC0044869C3958F79839A84D9539208B913976
:10A7EC00ACB18D393AC38939B8C1853912AF8139C9
:10A7FC00681A7B390EBC7239E0466A399FBE6139E2
:10A80C0005275939BB83503961D8473987283F39D7
:10A81C00AC7736393DC92D3996202539FD801C3948
:10A82C00A3ED1339A3690B3901F802394F37F53809
:10A83C00CFAEE438F15BD438ED43C438C36BB438D5
:10A84C003CD8A438E48D95380E918638A4CB6F385B
:10A85C0012205338A02637380BE61B389664013883
:10A86C000850CF373B6B9D37B7485A371210FA3622
:10A87C00D38E0C36AE5B4DB6675C06B730E355B77E
:10A88C00CEF190B7E92BB5B7E99DD7B7AF46F8B77E
:10A89C00FF920BB83B1E1AB8C3C527B8BB8A34B895
:10A8AC00AB6E40B87C734BB8789B55B844E95EB836
:10A8BC00DF5F67B89C026FB81FD575B85CDB7BB8DF
:10A8CC00C78C80B81CCA82B811A884B8262986B84F
:10A8DC00FB4F87B84B1F88B8E89988B8BEC288B8B8
:10A8EC00CB9C88B8242B88B8EC7087B8557186B887
:10A8FC00A12F85B81AAF83B815F381B8DAFD7FB8EC
:10A90C0006AC7BB877F776B8F8E671B855816CB8B9
:10A91C0055CD66B8B8D160B833955AB86D1E54B8D9
:10A92C00FE734DB8669C46B8129E3FB8537F38B83C
:10A93C005D4631B847F929B8069E22B86A3A1BB869
:10A94C001FD413B8A8700CB85F1505B8E18EFBB70F
:10A95C00BE17EDB7F8CEDEB7D5BDD0B736EDC2B762
:10A96C009B65B5B71A2FA8B763519BB7BED38EB7EB
:10A97C0007BD82B75D276EB776BB57B78D4142B71F
:10A98C00FEC32DB74D4C1AB729E307B7D420EDB64B
:10A99C002CB6CCB6C492AEB667C192B6949672B6CB
:10A9AC00257044B6B91B1BB61245EDB5C215AEB534
:10A9BC00BF6071B57A2C1AB52D0DADB42D7219B4CA
:10A9CC00321C19B3009E0529000000003A1C99B6F0
:10A9DC0025C819B7378867B772D39AB7A0FDC1B726
:10A9EC00752DE9B7882608B8F4A21BB86C002FB8EF
:10A9FC00103342B8BE2E55B813E767B8704F7AB80B
:10AA0C00832D86B86AFE8EB8DC9397B833E79FB86F
:10AA1C00C2F1A7B8CFACAFB89D11B7B86D19BEB81D
:10AA2C0081BDC4B823F7CAB8A9BFD0B87510D6B8C1
:10AA3C00FEE2DAB8D130DFB898F3E2B81C25E6B8FC
:10AA4C004BBFE8B83ABCEAB82D16ECB89AC7ECB8CC
:10AA5C002BCBECB8C41BECB88BB4EAB8E690E8B8D6
:10AA6C0082ACE5B85803E2B8B291DDB82B54D8B833
:10AA7C00B647D2B8A169CBB89AB7C3B8AF2FBBB899
:10AA8C0057D0B1B86F98A7B841879CB8879C90B83D
:10AA9C006DD883B823776CB8168E4FB8D3F830B80E
:10AAAC006DBB10B8E7B5DDB7E0BA96B7AD2719B7EF
:10AABC004721AF33DEF72137743EA4378A60FA376B
:10AACC0001A529385570573812428338A9689B382C
:10AADC00E323B438366BCD389C35E738CABC003923
:10AAEC0095160E39F9A21B39875C2939993D3739EE
:10AAFC0056404539AE5E53396292613903D56F3990
:10AB0C00F41F7E3938368639C5598D391777943903
:10AB1C00948A9B399390A2395A85A9392765B03903
:10AB2C002A2CB7398DD6BD397160C439F2C5CA39F2
:10AB3C002A03D1392F14D7391BF5DC3909A2E23994
:10AB4C001817E8396F50ED393E4AF239BE00F73923
:10AB5C003770FB390295FF39C2B5013A1F78033AB9
:10AB6C00DE0F053A577B063AEAB8073A08C7083AA7
:10AB7C0031A4093AF54E0A3AF4C50A3AE3070B3AFE
:10AB8C0088130B3ABEE70A3A77830A3AB9E5093AD1
:10AB9C00A20D093A6AFA073A5EAB063AE81F053A83
:10ABAC008C57033AE851013A701DFE39A41BF93950
:10ABBC00569EF339ADA5ED390A32E7390C44E0392C
:10ABCC0091DCD839B8FCD039DDA5C8399DD9BF394D
:10ABDC00D699B639A8E8AC3973C8A239D93B98399B
:10ABEC00BB458D393CE9813981536C39D6155439C3
:10ABFC003C213B39F67D2139BF3407399A9DD83831
:10AC0C009AABA1387A4F5338919CC237210394B632
:10AC1C00E9EE07B807CE7EB87B76BBB8BA0CF8B8AD
:10AC2C00F6871AB9C93239B946F957B994CD76B9FC
:10AC3C00C9D08AB970339AB97387A9B96CC5B8B938
:10AC4C00DCE5C7B934E1D6B9D2AFE5B90A4AF4B9F3
:10AC5C00125401BA336108BA88480FBA340616BACE
:10AC6C005A961CBA25F522BAC41E29BA700F2FBAEF
:10AC7C006CC334BA09373ABAA4663FBAAC4E44BA7C
:10AC8C00A2EB48BA1C3A4DBAC73651BA67DE54BA71
:10AC9C00DC2D58BA20225BBA4DB85DBA9DED5FBA77
:10ACAC006DBF61BA3B2B63BAAC2E64BA8DC764BA64
:10ACBC00D4F364BAA0B164BA3DFF63BA25DB62BABF
:10ACCC00024461BAAC385FBA2FB85CBAC9C159BA80
:10ACDC00EE5456BA457152BAAC164EBA394549BA09
:10ACEC0039FD43BA343F3EBAE80B38BA506431BA36
:10ACFC00A0492ABA46BD22BAECC01ABA785612BA82
:10AD0C00088009BAF83F00BABB31EDB90E1BD9B9AE
:10AD1C00FF41C4B914ADAEB9436398B9F56B81B9B1
:10AD2C00FC9D53B9402923B91716E3B803567BB8D9
:10AD3C00D1B831B7843C26383C2CBE38496415391F
:10AD4C00D4634C3925FF81394B0E9E398853BA395F
:10AD5C00C2C2D6399B4FF339BDF6073AC747163AEC
:10AD6C006994243A0CD6323A0206413A8F1D4F3A76
:10AD7C00E8155D3A35E86A3A9A8D783A99FF823A45
:10AD8C000D9B893AB615903A266C963AF29A9C3AF3
:10AD9C00B39EA23A0C74A83AA817AE3A3B86B33AC3
:10ADAC0089BCB83A61B7BD3AA473C23A43EEC63A0D
:10ADBC004224CB3ABB12CF3ADEB6D23AF30DD63A96
:10ADCC005D15D93A98CADB3A3E2BDE3A0735E03AA4
:10ADDC00CDE5E13A883BE33A5534E43A74CEE43AB3
:10ADEC004B08E53A66E0E43A7A55E43A6366E33AAE
:10ADFC002912E23AFF57E03A4237DE3A7FAFDB3AAC
:10AE0C006EC0D83AF769D53A31ACD13A6287CD3AAF
:10AE1C0002FCC83AB90AC43A5EB4BE3AFCF9B83A74
:10AE2C00CFDCB23A445EAC3AFA7FA53AC0439E3AC4
:10AE3C0099AB963AB7B98E3A7E70863A00A57B3AB2
:10AE4C0003C5693AE846573AF030443AB789303A84
:10AE5C002F581C3AA5A3073A72E7E439B7A0B939C1
:10AE6C009E838D3982424139462DCC388B811A37DD
:10AE7C002CC7A7B8E26532B9A9DB88B9C7D7B8B96E
:10AE8C00B512E9B9BDBB0CBA66F824BA83343DBA25
:10AE9C00236555BA347F6DBAC5BB82BA73A18EBA1D
:10AEAC00FA6A9ABAAD12A6BAD992B1BACFE5BCBABF
:10AEBC00DC05C8BA58EDD2BA9E96DDBA14FCE7BAD6
:10AECC002F18F2BA71E5FBBA37AF02BBEA3E07BBEB
:10AEDC00309F0BBB79CD0FBB41C713BB148A17BB7B
:10AEEC0091131BBB67611EBB5B7121BB454124BB2E
:10AEFC0016CF26BBD41829BB9F1C2BBBB0D82CBBA0
:10AF0C005C4B2EBB15732FBB674E30BBFFDB30BBCE
:10AF1C00A81A31BB4D0931BBFCA630BBE2F22FBBEA
:10AF2C004FEC2EBBB9922DBBB7E52BBB05E529BB6E
:10AF3C00869027BB42E824BB65EC21BB459D1EBB1C
:10AF4C005CFB1ABB4B0717BBDEC112BB032C0EBB41
:10AF5C00D24609BB8C1304BB2C27FDBAFB90F1BA6B
:10AF6C00EE67E5BABAAFD8BA606CCBBA2DA2BDBA4F
:10AF7C00B755AFBADF8BA0BACA4991BAE79481BA78
:10AF8C00CBE562BA75D341BA33FF1FBAD4EBFAB929
:10AF9C00F389B4B9CBE859B9AF1E91B8947B953805
:10AFAC0062C25F395E20BB39727E033A48AB293AE4
:10AFBC005006503AE07E763A09828E3A64C2A13A43
:10AFCC00D8F7B43AAB19C83A0F1FDB3A2BFFED3A5E
:10AFDC008F58003BFE95093B70B3123B71AC1B3B89
:10AFEC00937C243B6A1F2D3B9590353BBBCB3D3B63
:10AFFC0090CC453BD48E4D3B590E553B02475C3BA8
:10B00C00C634633BB3D3693BEE1F703BB815763B3C
:10B01C006BB17B3BC277803B4EE6823BB722853BD4
:10B02C006F2B873BF8FE883BE99B8A3BED008C3B02
:10B03C00C62C8D3B4A1E8E3B67D48E3B224E8F3BDB
:10B04C009C8A8F3B09898F3BBD488F3B21C98E3B26
:10B05C00BC098E3B310A8D3B3BCA8B3BB5498A3BC5
:10B06C009688883BF186863BF544843BF2C2813B53
:10B07C00A7027E3B4401783B0B83713B86896A3B7C
:10B08C007B16633BED2B5B3B18CC523B74F9493B75
:10B09C00B4B6403BC406373BC9EC2C3B216C223B7D
:10B0AC006188173B54450C3BFBA6003B1663E93A01
:10B0BC00D6D2D03A65A6B73A56E79D3A929F833AD4
:10B0CC00C0B2513AAE3E1B3A8AF1C739C0DD2F39B6
:10B0DC0022E54AB8F6C18BB90B11FFB9778C39BA96
:10B0EC00EAD373BACB2297BAEF63B4BA6AA0D1BAD7
:10B0FC0027CBEEBA7AEB05BB455B14BB4AAE22BB41
:10B10C00D7DD30BB3BE33EBBC4B74CBBC4545ABBCE
:10B11C0097B367BB9FCD74BB27CE80BB920C87BB0C
:10B12C00DC1E8DBBDB0193BB70B298BB8C2D9EBB20
:10B13C003270A3BB7177A8BB7040ADBB68C8B1BB04
:10B14C00A70CB6BB940ABABBAEBFBDBB8F29C1BBA3
:10B15C00E945C4BB9012C7BB708DC9BB99B4CBBBBE
:10B16C003986CDBBA100CFBB4222D0BBB3E9D0BB4B
:10B17C00B055D1BB1965D1BBF516D1BB736AD0BB29
:10B18C00E95ECFBBD6F3CDBBE428CCBBE5FDC9BB98
:10B19C00D672C7BBDF87C4BB543DC1BBB593BDBB27
:10B1AC00AB8BB9BB0D26B5BBDF63B0BB4E46ABBB9F
:10B1BC00B6CEA5BB9DFE9FBBB4D799BBD95B93BB49
:10B1CC00138D8CBB946D85BB6DFF7BBB028C6CBBF4
:10B1DC003E865CBBCCF34BBBA0DA3ABBFC4029BB34
:10B1EC006C2D17BBC1A604BB2568E3BA70B9BCBAF9
:10B1FC00965095BA837A5ABA231F09BA8CC05AB999
:10B20C009D84E538B0C0E139CCBB453A768F8D3A98
:10B21C008F72B83A9D74E33A6A41073B17C51C3BE1
:10B22C00BE3B323BB49B473B41DB5C3BA1F0713BEB
:10B23C000669833BDCBA8D3BEEE8973B5EEEA13BA7
:10B24C0050C6AB3BF46BB53B81DABE3B3D0DC83B06
:10B25C007BFFD03BA1ACD93B2610E23B9825EA3BC7
:10B26C009DE8F13BF354F93B3B33003C908C033CA1
:10B27C0085B4063C37A9093CD7680C3CA9F10E3CB7
:10B28C000242113C5058133C1433153CE8D0163C88
:10B29C007C30183C9A50193C23301A3C15CE1A3C81
:10B2AC0085291B3CA6411B3CC7151B3C52A51A3CCF
:10B2BC00D0EF193CE5F4183C55B4173C032E163C62
:10B2CC00ED61143C3550123C19F90F3CF85C0D3C07
:10B2DC004F7C0A3CBB57073CFBEF033CEB45003C67
:10B2EC0011B5F83BDD5DF03BB288E73B4438DE3B03
:10B2FC00856FD43BA531CA3B0E82BF3B6664B43B21
:10B30C008CDCA83B98EE9C3BDA9E903BD7F1833BC0
:10B31C0093D86D3B3D26533BE7D6373B2EF51B3B75
:10B32C000D18FF3A7B4DC53AE7A18A3A585A1E3A96
:10B33C00CE3D1839D6D5A6B9CFE14DBAAC90A4BA4A
:10B34C00657AE2BAAC4910BB37602FBB24734EBB95
:10B35C00A5746DBB682B86BBD48595BB90C2A4BB72
:10B36C0094DAB3BBD4C6C2BB4880D1BBEEFFDFBB03
:10B37C00CB3EEEBBF135FCBB40EF04BCD4980BBC10
:10B38C005A1412BC825E18BC09741EBCBC5124BC7D
:10B39C007AF429BC34592FBCED7C34BCC25C39BC6A
:10B3AC00E2F53DBC974542BC464946BC6DFE49BCE6
:10B3BC00A7624DBCB07350BC5F2F53BCAE9355BC51
:10B3CC00B99E57BCBD4E59BC1EA25ABC61975BBC02
:10B3DC00362D5CBC70625CBC0C365CBC2EA75BBCB6
:10B3EC0025B55ABC6B5F59BCA2A557BC9A8755BCF6
:10B3FC004D0553BCE31E50BCAFD44CBC332749BCE9
:10B40C001C1745BC46A540BCB9D23BBCAAA036BC57
:10B41C007E1031BCC3232BBC37DC24BCC33B1EBC0D
:10B42C007C4417BCA3F80FBCA35A08BC116D00BC1C
:10B43C005C65F0BBC15CDFBB72C6CDBBDBA8BBBB24
:10B44C00B50AA9BB01F395BB0A6982BBB4E85CBB26
:10B45C00843934BB9ED40ABB2895C1BAB0B158BA52
:10B46C0057B930B96C18023AE6EC983AD265F13A11
:10B47C00A628253B88C4513B31737E3B8490953B79
:10B48C0022DDAB3B7B15C23B872FD83B3221EE3BF9
:10B49C0032F0013C7FB10C3C724F173C01C5213C92
:10B4AC00270D2C3CE522363C4801403C67A3493C27
:10B4BC006A04533C871F5C3C08F0643C4C716D3C47
:10B4CC00CA9E753C11747D3C6776823C6502863C55
:10B4DC00F75B893C24818C3C03708F3CC026923CEA
:10B4EC009AA3943CE5E4963C0CE9983C91AE9A3CCA
:10B4FC000C349C3C2F789D3CC6799E3CB6379F3CC7
:10B50C0000B19F3CBFE49F3C2CD29F3C9D789F3C5C
:10B51C0084D79E3C73EE9D3C1ABD9C3C46439B3CA1
:10B52C00E580993C0676973CD622953CA287923CC6
:10B53C00DAA48F3C0B7B8C3CE60A893C3A55853C63
:10B54C00F95A813C673A7A3C363A713C04B8673C0C
:10B55C00B5B65D3C6B39533C8843483CABD83C3C5E
:10B56C00B1FC303CB1B3243CFE01183C22EC0A3C4B
:10B57C00C4EDFA3B6D4EDF3B9C04C33B141BA63B56
:10B58C00F99C883B9E2B553BE622183B6370B43AE2
:10B59C006824DC398A790FBACEACC7BAC24824BB4E
:10B5AC003B1A65BB931793BBB6B5B3BB5159D4BB10
:10B5BC0001F4F4BBA3BB0ABC3EEA1ABC78FE2ABC5D
:10B5CC00EDF03ABC35BA4ABCE3525ABC90B369BCF4
:10B5DC00D4D478BCAAD783BCDE1D8BBC633992BC97
:10B5EC00A12699BC07E29FBC1368A6BC4FB5ACBCA6
:10B5FC0054C6B2BCCD97B8BC7826BEBC246FC3BCB5
:10B60C00BA6EC8BC3722CDBCB286D1BC5C99D5BC55
:10B61C008357D9BC91BEDCBC0FCCDFBCA57DE2BC92
:10B62C001FD1E4BC6AC4E6BC9755E8BCDC82E9BC1B
:10B63C00974AEABC4CABEABCA8A3EABC8232EABC8F
:10B64C00DA56E9BCDF0FE8BCE85CE6BC7C3DE4BC48
:10B65C004EB1E1BC42B8DEBC6752DBBCFF7FD7BC4D
:10B66C007B41D3BC7A97CEBCCF82C9BC7C04C4BC12
:10B67C00B31DBEBCD9CFB7BC821CB1BC7405AABC6F
:10B68C00A48CA2BC3AB49ABC8B7E92BC1DEE89BC35
:10B69C00A50581BC0C906FBCA2705CBC88B348BC87
:10B6AC00915F34BCE87B1FBC0B100ABC9747E8BB0E
:10B6BC00937EBBBBE7D58DBB06BE3EBBA8AFC0BA65
:10B6CC002C4F1EB7D190C03A3835423B0B80923B81
:10B6DC000C40C43BC345F63BF83D143C7D662D3C09
:10B6EC007C91463CDBB35F3C5EC2783CD8D8883C4E
:10B6FC00303B953C7682A13CE1A8AD3CA4A8B93C7A
:10B70C00EC7BC53CEA1CD13CCD85DC3CCAB0E73CAB
:10B71C001D98F23C0B36FD3C72C2033D84BF083DC4
:10B72C00738F0D3D802F123DF89C163D33D51A3D7D
:10B73C0097D51E3D999B223DBC24263D976E293DF5
:10B74C00D1762C3D243B2F3D61B9313D6FEF333D1C
:10B75C0048DB353D037B373DCCCC383DEECE393D17
:10B76C00CC7F3A3DE5DD3A3DD7E73A3D609C3A3D2A
:10B77C0059FA393DBF00393DAEAE373D6503363D14
:10B78C0046FE333DD49E313DBAE42E3DC5CF2B3D14
:10B79C00E75F283D3B95243D0070203D9DF01B3D0F
:10B7AC00A117173DC0E5113DDA5B0C3DF57A063D5E
:10B7BC004044003D2672F33CDFB5E53CFD56D73CDA
:10B7CC002659C83C51C0B83CC790A83C22CF973CE6
:10B7DC004C80863C0153693C92A0443CFDF41E3CD9
:10B7EC001EB9F03B5AC8A13B5465223BD6CFEBB7F0
:10B7FC009AEB28BBE94CA9BBA951FFBBC2312BBCAE
:10B80C00713057BCCCC981BCB92498BCDD9FAEBC8F
:10B81C00E131C5BC33D1DBBC0C74F2BC398804BD3E
:10B82C001FCE0FBD8C061BBD402C26BDE53931BD8E
:10B83C00162A3CBD5AF746BD2A9C51BDF1125CBD7F
:10B84C000D5666BDD45F70BD8F2A7ABD42D881BDBE
:10B85C00F87586BD87EB8ABD0C368FBDA25293BDA1
:10B86C00663E97BD77F69ABDF6779EBD07C0A1BD23
:10B87C00D3CBA4BD8998A7BD5B23AABD8669ACBDFB
:10B88C004C68AEBDFA1CB0BDE584B1BD6E9DB2BDB9
:10B89C000164B3BD16D6B3BD32F1B3BDEBB2B3BDCB
:10B8AC00E118B3BDC820B2BD64C8B0BD870DAFBD33
:10B8BC001AEEACBD1668AABD8979A7BD9420A4BDAB
:10B8CC006E5BA0BD64289CBDDB8597BD4B7292BDA1
:10B8DC0048EC8CBD7CF286BDAB8380BD653D73BDF1
:10B8EC00118564BD7DDC54BD034244BD33B432BD0F
:10B8FC00D13120BDDFB90CBD2697F0BCBDCCC5BC89
:10B90C00DA1399BC8FD854BC1659E7BB56516ABA96
:10B91C00EE76B43BD2F1463CE3BC9B3C15E7D53C00
:10B92C003BFA083DC3F0273D26D5473D2DA5683D84
:10B93C00332F853D137F963DC340A83DB372BA3D6E
:10B94C003713CD3D8620E03DBE98F33DEFBC033E62
:10B95C00E6E00D3E2A37183E93BE223EEF752D3E93
:10B96C00FB5B383E6C6F433EEAAE4E3E11195A3EBD
:10B97C0071AC653E9267713EEF487D3E7DA7843E7B
:10B98C000EBC8A3E5AE1903E8B16973EC95A9D3E9C
:10B99C0037ADA33EF30CAA3E1A79B03EC4F0B63EC6
:10B9AC000673BD3EF3FEC33E9A93CA3E0A30D13EA7
:10B9BC004DD3D73E6E7CDE3E742AE53E67DCEB3E13
:10B9CC004C91F23E2848F93E0000003FEC5B033FEF
:10B9DC005AB7063FCD110A3FC66A0D3FC9C1103F89
:10B9EC005916143FFB67173F33B61A3F86001E3FAC
:10B9FC007D46213F9E87243F73C3273F86F92A3F0C
:10BA0C0065292E3F9B52313FBA74343F538F373FD9
:10BA1C00F9A13A3F41AC3D3FC4AD403F1BA6433F6B
:10BA2C00E494463FBC79493F45544C3F25244F3F55
:10BA3C0001E9513F84A2543F5B50573F36F2593FC6
:10BA4C00C6875C3FC4105F3FE88C613FEFFB633FF0
:10BA5C00995D663FAAB1683FE8F76A3F1E306D3FBB
:10BA6C001A5A6F3FAD75713FAE82733FF480753FCC
:10BA7C005C70773FC750793F19227B3F39E47C3F9C
:10BA8C0012977E3F4A1D803F59E7803FB1A9813F05
:10BA9C004F64823F3317833F5DC2833FCF65843F42
:10BAAC008F01853FA295853F1022863FE4A6863FF5
:10BABC002824873FEB99873F3B08883F286F883FB6
:10BACC00C5CE883F2527893F5E78893F86C2893F4E
:10BADC00B7058A3F09428A3F99778A3F81A68A3FF8
:10BAEC00E2CE8A3FD8F08A3F860C8B3F0D228B3FEB
:10BAFC008E318B3F2F3B8B3F133F8B3F613D8B3FF9
:10BB0C0040368B3FD7298B3F4E188B3FD0018B3F54
:10BB1C0085E68A3F98C68A3F36A28A3F89798A3F52
:10BB2C00BD4C8A3F001C8A3F7FE7893F67AF893F46
:10BB3C00E673893F2A35893F61F3883FB8AE883F69
:10BB4C006067883F841D883F54D1873FFF82873FC1
:10BB5C00B032873F98E0863FE18C863FBB37863F0B
:10BB6C0051E1853FCF89853F6231853F34D8843F91
:10BB7C00717E843F4224843FD0C9833F456F833F0D
:10BB8C00C814833F7FBA823F9360823F2707823F6E
:10BB9C0061AE813F6356813F52FF803F4DA9803F8C
:10BBAC007654803FEC00803F9B5D7F3F6FBC7E3FB7
:10BBBC008E1E7E3F2C847D3F7EED7C3FB45A7C3FB5
:10BBCC00FECB7B3F87417B3F7ABB7A3FFD397A3F87
:10BBDC0037BD793F4845793F51D2783F6F64783F04
:10BBEC00BCFB773F5198773F423A773FA4E1763FD1
:10BBFC00868E763FF640763F00F9753FACB6753FC2
:10BC0C00027A753F0443753FB411753F13E6743FD8
:10BC1C001CC0743FCA9F743F1585743FF46F743F0A
:10BC2C005A60743F3A56743F8351743F2252743FAA
:10BC3C000358743F1163743F3373743F5088743FDF
:10BC4C004CA2743F09C1743F6AE4743F4E0C753FBB
:10BC5C009338753F1769753FB49D753F46D6753F50
:10BC6C00A712763FAD52763F3196763F08DD763F90
:10BC7C000927773F0874773FD9C3773F5016783F31
:10BC8C003F6B783F7AC2783FD21B793F1977793F67
:10BC9C0021D4793FBB327A3FB9927A3FECF37A3FA9
:10BCAC0027567B3F39B97B3FF71C7C3F31817C3F6A
:10BCBC00BAE57C3F664A7D3F08AF7D3F74137E3FFB
:10BCCC0080777E3F00DB7E3FCB3D7F3FB89F7F3F41
:10BCDC004F00803F2C30803F5F5F803FD68D803F90
:10BCEC007FBB803F48E8803F2014813FF83E813F76
:10BCFC00BF68813F6791813FE1B8813F20DF813F81
:10BD0C001704823FB827823FFA49823FD16A823FAB
:10BD1C00338A823F16A8823F72C4823F3FDF823F44
:10BD2C0077F8823F1210833F0B26833F5E3A833FA6
:10BD3C00064D833F005E833F4A6D833FE17A833F2C
:10BD4C00C586833FF690833F7499833F3FA0833F22
:10BD5C005BA5833FCAA8833F8FAA833FADAA833FCD
:10BD6C002AA9833F0BA6833F56A1833F129B833F97
:10BD7C004593833FF789833F307F833FFA72833F3C
:10BD8C005E65833F6556833F1B46833F8934833F03
:10BD9C00BB21833FBD0D833F9AF8823F5FE2823F18
:10BDAC0019CB823FD5B2823FA099823F887F823FD8
:10BDBC009B64823FE648823F772C823F5F0F823F35
:10BDCC00AAF1813F67D3813FA6B4813F7495813F2F
:10BDDC00E275813FFD55813FD435813F7715813F19
:10BDEC00F4F4803F59D4803FB6B3803F1893803F22
:10BDFC008D72803F2452803FEB31803FEF11803FAA
:10BE0C007BE47F3FC8A57F3FDD677F3FD42A7F3F20
:10BE1C00C6EE7E3FCAB37E3FF7797E3F63417E3FDD
:10BE2C00240A7E3F4FD47D3FF89F7D3F316D7D3F8F
:10BE3C000D3C7D3F9D0C7D3FF2DE7C3F1AB37C3F79
:10BE4C0025897C3F20617C3F173B7C3F16177C3F4C
:10BE5C0028F57B3F56D57B3FA9B77B3F289C7B3F82
:10BE6C00D9827B3FC36B7B3FE9567B3F50447B3F82
:10BE7C00F9337B3FE6257B3F171A7B3F8C107B3FCA
:10BE8C0044097B3F3B047B3F6F017B3FDA007B3FE8
:10BE9C0078027B3F42067B3F320C7B3F3F147B3F5B
:10BEAC00601E7B3F8B2A7B3FB8387B3FD9487B3F5A
:10BEBC00E35A7B3FCA6E7B3F80847B3FF79B7B3F83
:10BECC0020B57B3FEDCF7B3F4DEC7B3F300A7C3F79
:10BEDC0085297C3F3B4A7C3F406C7C3F828F7C3F7A
:10BEEC00EEB37C3F72D97C3FFBFF7C3F74277D3FD8
:10BEFC00CB4F7D3FEC787D3FC2A27D3F3ACD7D3F5D
:10BF0C003FF87D3FBE237E3FA14F7E3FD57B7E3FDA
:10BF1C0046A87E3FDFD47E3F8D017F3F3B2E7F3F87
:10BF2C00D75A7F3F4D877F3F8AB37F3F7ADF7F3F72
:10BF3C008605803F161B803F6530803F6A45803FF9
:10BF4C001D5A803F746E803F6982803FF395803F1D
:10BF5C000BA9803FA9BB803FC6CD803F5DDF803FF2
:10BF6C0065F0803FDA00813FB510813FF11F813FC2
:10BF7C00892E813F773C813FB849813F4856813FAC
:10BF8C002162813F416D813FA577813F4B81813F8C
:10BF9C002E8A813F4E92813FA999813F3EA0813FDD
:10BFAC000BA6813F0FAB813F4BAF813FBFB2813FAF
:10BFBC006AB5813F4EB7813F6CB8813FC5B8813FB0
:10BFCC005AB8813F2FB7813F44B5813F9DB2813F25
:10BFDC003DAF813F27AB813F5FA6813FE7A0813F0B
:10BFEC00C59A813FFD93813F938C813F8B84813F28
:10BFFC00EC7B813FBA72813FFA68813FB25E813F30
:10C00C00E953813FA348813FE83C813FBD30813FEC
:10C01C002924813F3217813FDE09813F36FC803F66
:10C02C003FEE803F00E0803F80D1803FC7C2803F21
:10C03C00DBB3803FC3A4803F8695803F2B86803F37
:10C04C00BA76803F3A67803FB057803F2548803FA3
:10C05C009F38803F2429803FBC19803F6D0A803F68
:10C06C007CF67F3F69D87F3FAFBA7F3F599D7F3FBA
:10C07C0074807F3F0B647F3F29487F3FDA2C7F3FE2
:10C08C0027127F3F1CF87E3FC2DE7E3F23C67E3FD9
:10C09C0047AE7E3F37977E3FFC807E3F9D6B7E3F59
:10C0AC0021577E3F8F437E3FEF307E3F441F7E3FC4
:10C0BC00960E7E3FE8FE7D3F40F07D3FA1E27D3F46
:10C0CC000FD67D3F8CCA7D3F1CC07D3FBFB67D3FE8
:10C0DC0078AE7D3F48A77D3F2FA17D3F2C9C7D3FB7
:10C0EC0041987D3F6B957D3FA9937D3FF9927D3FB4
:10C0FC005A937D3FC8947D3F3F977D3FBE9A7D3FCD
:10C10C003E9F7D3FBCA47D3F34AB7D3F9FB27D3FC6
:10C11C00F8BA7D3F39C47D3F5DCE7D3F5BD97D3F15
:10C12C002EE57D3FCEF17D3F33FF7D3F560D7E3FAB
:10C13C002F1C7E3FB52B7E3FE03B7E3FA74C7E3FC6
:10C14C00015E7E3FE66F7E3F4B827E3F28957E3FB1
:10C15C0073A87E3F23BC7E3F2ED07E3F8AE47E3F79
:10C16C002EF97E3F0F0E7F3F25237F3F64387F3FA4
:10C17C00C44D7F3F3B637F3FBF787F3F468E7F3F01
:10C18C00C7A37F3F38B97F3F91CE7F3FC8E37F3F46
:10C19C00D4F87F3FD606803F2411803F4F1B803F51
:10C1AC005425803F2E2F803FDA38803F5342803F0A
:10C1BC00974B803FA154803F6D5D803FFA65803F77
:10C1CC00436E803F4676803F007E803F6E85803F89
:10C1DC008D8C803F5C93803FD899803FFF9F803F40
:10C1EC00CFA5803F46AB803F64B0803F26B5803FF3
:10C1FC008CB9803F94BD803F3DC1803F88C4803F57
:10C20C0073C7803FFEC9803F29CC803FF4CD803F6F
:10C21C005FCF803F6AD0803F17D1803F65D1803F90
:10C22C0056D1803FEAD0803F22D0803F01CF803F63
:10C23C0086CD803FB5CB803F8DC9803F13C7803FF3
:10C24C0046C4803F2AC1803FC0BD803F0BBA803FAF
:10C25C000DB6803FC8B1803F40AD803F77A8803F8E
:10C26C0070A3803F2E9E803FB298803F0293803F08
:10C27C001F8D803F0D87803FCE80803F677A803F47
:10C28C00DA73803F2A6D803F5C66803F725F803F2F
:10C29C006F58803F5751803F2E4A803FF642803F77
:10C2AC00B33B803F6834803F192D803FC925803FC8
:10C2BC007A1E803F3217803FF10F803FBC08803FD1
:10C2CC009601803F02F57F3F02E77F3F30D97F3FE9
:10C2DC0093CB7F3F30BE7F3F0CB17F3F2DA47F3F80
:10C2EC0097977F3F4E8B7F3F597F7F3FBB737F3F3D
:10C2FC0078687F3F945D7F3F13537F3FF9487F3FC2
:10C30C00493F7F3F07367F3F342D7F3FD4247F3F0B
:10C31C00EA1C7F3F76157F3F7D0E7F3FFF077F3FF7
:10C32C00FD017F3F7AFC7E3F76F77E3FF2F27E3F47
:10C33C00EFEE7E3F6DEB7E3F6CE87E3FECE57E3FA3
:10C34C00EDE37E3F6EE27E3F6FE17E3FEEE07E3FAF
:10C35C00EBE07E3F64E17E3F57E27E3FC3E37E3FEE
:10C36C00A6E57E3FFEE77E3FC8EA7E3F02EE7E3FBB
:10C37C00A9F17E3FBBF57E3F33FA7E3F10FF7E3F37
:10C38C004F047F3FEA097F3FE00F7F3F2C167F3F32
:10C39C00CB1C7F3FB9237F3FF22A7F3F71327F3F17
:10C3AC00333A7F3F34427F3F6F4A7F3FE1527F3FBA
:10C3BC00835B7F3F54647F3F4D6D7F3F6A767F3F49
:10C3CC00A77F7F3F00897F3F70927F3FF39B7F3F2A
:10C3DC0084A57F3F1FAF7F3FBFB87F3F60C27F3FC9
:10C3EC00FECB7F3F95D57F3F20DF7F3F9CE87F3F93
:10C3FC0004F27F3F54FB7F3F4402803FCF06803FD7
:10C40C00490B803FAF0F803F0014803F3A18803FAC
:10C41C005D1C803F6520803F5224803F2328803F55
:10C42C00D52B803F692F803FDB32803F2C36803FFD
:10C43C005A39803F643C803F4A3F803F0A42803FEC
:10C44C00A344803F1647803F6149803F844B803F27
:10C45C007E4D803F4F4F803FF650803F7452803F5F
:10C46C00C853803FF354803FF355803FC956803FFB
:10C47C007657803FF957803F5358803F8558803F0F
:10C48C008D58803F6E58803F2758803FBA57803F69
:10C49C002657803F6C56803F8E55803F8C54803F92
:10C4AC006853803F2152803FB950803F314F803FCD
:10C4BC008A4D803FC54B803FE449803FE747803F32
:10C4CC00D045803F9F43803F5841803FF93E803F9D
:10C4DC00863C803FFF39803F6637803FBB34803FCE
:10C4EC000132803F392F803F652C803F8529803F6A
:10C4FC009B26803FA823803FAF20803FB01D803F0C
:10C50C00AD1A803FA717803F9F14803F9811803F42
:10C51C00910E803F8D0B803F8E08803F9305803FAE
:10C52C009F02803F65FF7F3F9FF97F3FECF37F3F8A
:10C53C0050EE7F3FCCE87F3F63E37F3F17DE7F3FCA
:10C54C00EAD87F3FDED37F3FF4CE7F3F2ECA7F3FBA
:10C55C008FC57F3F17C17F3FC8BC7F3FA3B87F3FCC
:10C56C00AAB47F3FDEB07F3F40AD7F3FD1A97F3F74
:10C57C0092A67F3F83A37F3FA6A07F3FFB9D7F3F7B
:10C58C00829B7F3F3C997F3F2A977F3F4B957F3F14
:10C59C00A0937F3F28927F3FE4907F3FD48F7F3FD3
:10C5AC00F78E7F3F4D8E7F3FD58D7F3F908D7F3FA8
:10C5BC007C8D7F3F998D7F3FE68D7F3F628E7F3FE5
:10C5CC000D8F7F3FE58F7F3FEA907F3F1B927F3F30
:10C5DC0075937F3FF9947F3FA5967F3F77987F3F78
:10C5EC006E9A7F3F899C7F3FC69E7F3F24A17F3FF1
:10C5FC00A2A37F3F3DA67F3FF4A87F3FC6AB7F3F02
:10C60C00B1AE7F3FB3B17F3FCAB47F3FF5B77F3F39
:10C61C0032BB7F3F80BE7F3FDDC17F3F46C57F3F42
:10C62C00BBC87F3F39CC7F3FBECF7F3F4AD37F3FD4
:10C63C00DBD67F3F6EDA7F3F02DE7F3F96E17F3FA6
:10C64C0028E57F3FB6E87F3F3EEC7F3FC0EF7F3F62
:10C65C003AF37F3FAAF67F3F0FFA7F3F67FD7F3F9C
:10C66C005900803FF701803F8C03803F1905803FC4
:10C67C009D06803F1708803F8609803FEB0A803F6C
:10C68C00440C803F920D803FD30E803F0810803FBA
:10C69C003011803F4B12803F5813803F5814803F1D
:10C6AC004915803F2D16803F0117803FC817803FEA
:10C6BC008018803F2919803FC319803F4E1A803F54
:10C6CC00CB1A803F381B803F971B803FE71B803F76
:10C6DC00281C803F5B1C803F801C803F961C803F49
:10C6EC009E1C803F991C803F861C803F651C803FB0
:10C6FC00381C803FFE1B803FB71B803F641B803F74
:10C70C00061B803F9C1A803F271A803FA719803F49
:10C71C001D19803F8A18803FED17803F4717803FD7
:10C72C009816803FE215803F2415803F5F14803FB0
:10C73C009313803FC112803FE911803F0C11803F61
:10C74C002B10803F450F803F5B0E803F6E0D803F6E
:10C75C007E0C803F8C0B803F980A803FA309803F62
:10C76C00AD08803FB607803FC006803FCA05803FBA
:10C77C00D404803FE003803FEE02803FFE01803F07
:10C78C001001803F2500803F7BFE7F3FB3FC7F3F45
:10C79C00F3FA7F3F3BF97F3F8DF77F3FE8F57F3F13
:10C7AC004EF47F3FBFF27F3F3BF17F3FC3EF7F3FB4
:10C7BC0057EE7F3FF9EC7F3FA7EB7F3F63EA7F3F6C
:10C7CC002DE97F3F05E87F3FEBE67F3FE0E57F3FCC
:10C7DC00E4E47F3FF7E37F3F1AE37F3F4BE27F3F89
:10C7EC008CE17F3FDDE07F3F3CE07F3FACDF7F3F74
:10C7FC002ADF7F3FB8DE7F3F55DE7F3F01DE7F3F84
:10C80C00BDDD7F3F87DD7F3F5FDD7F3F46DD7F3FC7
:10C81C003BDD7F3F3EDD7F3F4FDD7F3F6CDD7F3F6C
:10C82C0097DD7F3FCEDD7F3F12DE7F3F61DE7F3FB6
:10C83C00BCDE7F3F22DF7F3F93DF7F3F0DE07F3FFA
:10C84C0092E07F3F20E17F3FB7E17F3F56E27F3FA1
:10C85C00FDE27F3FACE37F3F61E47F3F1DE57F3F1F
:10C86C00E0E57F3FA7E67F3F74E77F3F45E87F3FEA
:10C87C001AE97F3FF3E97F3FCFEA7F3FAEEB7F3F83
:10C88C008FEC7F3F71ED7F3F55EE7F3F39EF7F3F60
:10C89C001EF07F3F03F17F3FE7F17F3FCAF27F3FFE
:10C8AC00ACF37F3F8CF47F3F6AF57F3F46F67F3FCA
:10C8BC001FF77F3FF4F77F3FC6F87F3F95F97F3F27
:10C8CC005FFA7F3F25FB7F3FE6FB7F3FA2FC7F3F6C
:10C8DC0059FD7F3F0BFE7F3FB8FE7F3F5EFF7F3FE2
:10C8EC00FFFF7F3F4D00803F9700803FDE00803F81
:10C8FC002101803F6201803F9F01803FD901803F31
:10C90C000F02803F4202803F7202803F9E02803FB6
:10C91C00C702803FED02803F0F03803F2E03803F14
:10C92C004903803F6103803F7603803F8803803F4B
:10C93C009703803FA203803FAB03803FB003803F4F
:10C94C00B303803FB303803FB003803FAB03803F12
:10C95C00A303803F9903803F8C03803F7D03803F7E
:10C96C006C03803F5803803F4303803F2C03803F80
:10C97C001303803FF802803FDC02803FBF02803F00
:10C98C00A002803F8002803F5E02803F3C02803FDD
:10C99C001902803FF501803FD001803FAA01803F02
:10C9AC008401803F5E01803F3701803F1001803F52
:10C9BC00E900803FC200803F9B00803F7400803FB5
:10C9CC004D00803F2600803F0000803F00000000AB
:10C9DC0000000000592C00000000000000000000C6
:10C9EC00D91D0000000000000000000021280000FC
:10C9FC00F1350000ED350000E9350000E5350000AB
:10CA0C00E1350000DD350000D935000000000000E4
:10CA1C0000000000151B0000A91800000D1C0000F0
:10CA2C00AD180000451B00000000000000000000D5
:10CA3C00614600008D4600001D2800005D46000088
:10CA4C001946000025460000454600000000000085
:10CA5C00000000009D140000B5210000B921000069
:10CA6C00C1210000C9210000A2000000F9A20000B1
:10CA7C0083F9A2006E83F9A24E6E83F9444E6E8345
:10CA8C0015444E6E2915444EFC29154427FC2915D6
:10CA9C005727FC29D15727FCF5D1572734F5D15707
:10CAAC00DD34F5D1C0DD34F5DBC0DD3462DBC0DD57
:10CABC009562DBC0999562DB3C999562433C9995F4
:10CACC0090433C994190433C00000042C8801F4079
:10CADC00B8821F400800000000000042C4801F40C4
:10CAEC00B4821F400400000000C0004224801F409C
:10CAFC0014821F401000000000C0004228801F401C
:10CB0C0018821F402000000000C000422C801F40F3
:10CB1C001C821F404000000000C0004234801F40B7
:10CB2C0024821F40000100000040004264811F402D
:10CB3C0054831F40000400000040004280811F40CD
:10CB4C0070831F4000000200004000427C811F40A7
:10CB5C006C831F40000001000040004268811F40B0
:10CB6C0058831F4000080000004000423C811F40D9
:10CB7C002C831F40010000000040004244811F40F4
:10CB8C0034831F40040000000040004240811F40DD
:10CB9C0030831F40020000000040004248811F40CB
:10CBAC0038831F40080000000000004204811F4031
:10CBBC00F4821F40000004000000004208811F4066
:10CBCC00F8821F40000008000000004218811F403E
:10CBDC0008831F40000080000000004214811F40A9
:10CBEC0004831F40000040000000004200811F40F1
:10CBFC00F0821F400000020000000042FC801F4039
:10CC0C00EC821F40000001000000004224811F4004
:10CC1C0014831F40000000040000004228811F40C4
:10CC2C0018831F4000000008000000421C811F40B8
:10CC3C000C831F40000000010000004220811F40B7
:10CC4C0010831F400000000200000042EC801F40D7
:10CC5C00DC821F400010000000000042F0801F40EA
:10CC6C00E0821F40002000000000004234811F4081
:10CC7C0024831F40000000400000004238811F4008
:10CC8C0028831F40000000800080004294801F40D9
:10CC9C0084821F400000040000C0004290801F40AE
:10CCAC0080821F400000008000800042A8801F404E
:10CCBC0098821F400000800000800042A4801F402A
:10CCCC0094821F4000004000004000426C811F40D5
:10CCDC005C831F400010000000C0004230801F40E9
:10CCEC0020821F408000000000400042B0811F40A5
:10CCFC00A0831F400000002000400042AC811F4078
:10CD0C009C831F40000000100040004284811F40A3
:10CD1C0074831F40000004000040004288811F40C3
:10CD2C0078831F4000000800000000422C811F4047
:10CD3C001C831F40000000100000004230811F4087
:10CD4C0020831F4000000020000000420C811F4087
:10CD5C00FC821F40000010000000004210811F40A8
:10CD6C0000831F400000200000800042C8811F404B
:10CD7C00B8831F400080000000800042C4811F4027
:10CD8C00B4831F400040000000800042C0811F405F
:10CD9C00B0831F400020000000800042BC811F4077
:10CDAC00AC831F400010000000800042D0811F4067
:10CDBC00C0831F400000020000800042CC811F4055
:10CDCC00BC831F400000010000C0004274801F4063
:10CDDC0064821F400000000100C0004280801F40A0
:10CDEC0070821F400000000800C0004284801F4079
:10CDFC0074821F400000001000C000426C801F4075
:10CE0C005C821F400000400000C000427C801F403C
:10CE1C006C821F400000000400C0004278801F405C
:10CE2C0068821F400000000200C0004288801F4042
:10CE3C0078821F40000000203120746F6E65202026
:10CE4C002020203A206F6E65206F7363696C6C61D3
:10CE5C00746F722C206E6F20656E76656C6F7065CA
:10CE6C00000000003220656E76656C6F7065203AAC
:10CE7C00207468652073616D65206F7363696C6CD9
:10CE8C0061746F722C20676174656400332066696D
:10CE9C006C7465722020203A2061207265736F6E6D
:10CEAC00616E74206C6164646572207769746820AB
:10CEBC00697473206F776E20656E76656C6F706524
:10CECC000000000034206D6F74696F6E2020203AD2
:10CEDC002074776F204C464F732C206F6E20637537
:10CEEC00746F666620616E64206F6E207069746367
:10CEFC006800000000010000B05500201200000086
:10CF0C0000060000242200600A000000000200005D
:10CF1C008C2100609500000000070000F4200060E8
:10CF2C009500000000030000F020006000000000ED
:10CF3C0001030904D820006000000000020309046A
:10CF4C00C02000600000000003030904D05500203D
:10CF5C0000000000000000000000000000000000C5
:10CF6C00000000003065002098650020006600205D
:10CF7C0000000000000000000000000000000000A5
:10CF8C000000000000000000000000000000000095
:10CF9C000000000000000000000000000000000085
:10CFAC000000000000000000000000000000000075
:10CFBC000000000000000000000000000000000065
:10CFCC000000000000000000000000000000000055
:10CFDC000000000000000000000000000000000045
:10CFEC000000000000000000000000000000000035
:10CFFC000000000000000000010000000000000024
:10D00C000E33CDAB34126DE6ECDE05000B000000E8
:10D01C000000000000000000000000000000000004
:10D02C0000000000000000000000000000000000F4
:10D03C0000000000000000000000000000000000E4
:10D04C0000000000000000000000000000000000D4
:10D05C0000000000000000000000000000000000C4
:10D06C0000000000000000000000000000000000B4
:10D07C0000000000000000000000000000000000A4
:10D08C000029DE07007B9A174C45002000000000A9
:10D09C00E8030000000000009045002000000000A4
:10D0AC00E80300000000000000003F40D0220060B8
:10D0BC000000000000000000000000000000000064
:10D0CC000000000000000000000000000000000054
:10D0DC000000000000000000000000000000000044
:10D0EC000000000000000000000000000000000034
:10D0FC000000000000000000000000000000000024
:10D10C000000000000000000000000000000000013
:10D11C000000000000000000000000000000000003
:10D12C0000000000000000000000000000000000F3
:10D13C0000000000000000000000000000000000E3
:10D14C0000000000000000000000000000000000D3
:10D15C0000000000000000000000000000000000C3
:10D16C0000000000000000000000000000000000B3
:10D17C0000000000000000000000000000000000A3
:10D18C000000000000000000000000000000000093
:10D19C000000000000000000000000000000000083
:10D1AC000000000000000000000000000000000073
:10D1BC000000000000000000000000000000000063
:10D1CC000000000000000000000000000000000053
:10D1DC00000000000000000090450020000000004E
:10D1EC00E80300000000000000803F408022006047
:10D1FC000000000000000000000000000000000023
:10D20C000000000000000000000000000000000012
:10D21C000000000000000000000000000000000002
:10D22C0000000000000000000000000000000000F2
:10D23C0000000000000000000000000000000000E2
:10D24C0000000000000000000000000000000000D2
:10D25C0000000000000000000000000000000000C2
:10D26C0000000000000000000000000000000000B2
:10D27C0000000000000000000000000000000000A2
:10D28C000000000000000000000000000000000092
:10D29C000000000000000000000000000000000082
:10D2AC000000000000000000000000000000000072
:10D2BC000000000000000000000000000000000062
:10D2CC000000000000000000000000000000000052
:10D2DC000000000000000000000000000000000042
:10D2EC000000000000000000000000000000000032
:10D2FC000000000000000000000000000000000022
:10D30C000000000000000000000000000000000011
:10D31C00000000000000000090450020000000000C
:10D32C00E80300000000000000C03F403022006015
:10D33C0000000000000000000000000000000000E1
:10D34C0000000000000000000000000000000000D1
:10D35C0000000000000000000000000000000000C1
:10D36C0000000000000000000000000000000000B1
:10D37C0000000000000000000000000000000000A1
:10D38C000000000000000000000000000000000091
:10D39C000000000000000000000000000000000081
:10D3AC000000000000000000000000000000000071
:10D3BC000000000000000000000000000000000061
:10D3CC000000000000000000000000000000000051
:10D3DC000000000000000000000000000000000041
:10D3EC000000000000000000000000000000000031
:10D3FC000000000000000000000000000000000021
:10D40C000000000000000000000000000000000010
:10D41C000000000000000000000000000000000000
:10D42C0000000000000000000000000000000000F0
:10D43C0000000000000000000000000000000000E0
:10D44C0000000000000000000000000000000000D0
:10D45C00000000000000000000803B4700000000BE
:10D46C0000000000000000000000003F0000000071
:10D47C0000005C430000803E00803B470000000041
:10D48C0000000000000000000000003F0000000051
:10D49C0000803B4700000000000000000000803FBF
:10D4AC000000803F0000803F0000803F00005C4394
:10D4BC000AD7A33B8FC2F53DCDCC0C3F0000803E7C
:10D4CC000000003F9A99993E00803B470100000004
:10D4DC000000000000803B4700000000000000003E
:10D4EC00000000000000003F0000000000803B47EF
:10D4FC0000000000000000000000803F0000803FA2
:10D50C000000803F0000803F00803B47000000008F
:10D51C00000000000000803F0000803F0000803FC2
:10D52C000000803F00803B4700000000000000002E
:10D53C000000803F00000000000000000000000020
:10D54C00000000000000DC42008022450000344353
:10D55C00EC51383F6666E63EAE47613E0AD7A33EC5
:10D56C0000803B47010000000000000000803B47AA
:10D57C000000000000000000000000000000003F60
:10D58C000000000000803B4700000000000000008D
:10D59C000000803F0000803F0000803F0000803F83
:10D5AC0000803B4700000000000000000000803FAE
:10D5BC00000000000000000000000000000000005F
:10D5CC0000803B470000000000000000000000004D
:10D5DC0000000000000000000000000000803B473D
:10D5EC00000000000000000000000000000000002F
:10D5FC000000000000000000000025430080BB4438
:10D60C009A99193FCDCC0C40EC51383E000040416A
:10D61C006666A640CDCC4C3F9A99993E00803B471C
:10D62C00010000000000000000000000FFFFFFFFF1
:10D63C00F4640020E05220200000000000000000F4
:10D64C00000000009C5100209C510020A45100209F
:10D65C00A4510020AC510020AC510020B45100204A
:10D66C00B4510020BC510020BC510020C4510020FA
:10D67C00C4510020CC510020CC510020D4510020AA
:10D68C00D4510020DC510020DC510020E45100205A
:10D69C00E4510020EC510020EC510020F45100200A
:10D6AC00F4510020FC510020FC51002004520020B9
:10D6BC00045200200C5200200C5200201452002066
:10D6CC00145200201C5200201C5200202452002016
:10D6DC00245200202C5200202C52002034520020C6
:10D6EC00345200203C5200203C5200204452002076
:10D6FC00445200204C5200204C5200205452002026
:10D70C00545200205C5200205C52002064520020D5
:10D71C00645200206C5200206C5200207452002085
:10D72C00745200207C5200207C5200208452002035
:10D73C00845200208C5200208C52002094520020E5
:10D74C00945200209C5200209C520020A452002095
:10D75C00A4520020AC520020AC520020B452002045
:10D76C00B4520020BC520020BC520020C4520020F5
:10D77C00C4520020CC520020CC520020D4520020A5
:10D78C00D4520020DC520020DC520020E452002055
:10D79C00E4520020EC520020EC520020F452002005
:10D7AC00F4520020FC520020FC52002004530020B4
:10D7BC00045300200C5300200C5300201453002061
:10D7CC00145300201C5300201C5300202453002011
:10D7DC00245300202C5300202C53002034530020C1
:10D7EC00345300203C5300203C5300204453002071
:10D7FC00445300204C5300204C5300205453002021
:10D80C00545300205C5300205C53002064530020D0
:10D81C00645300206C5300206C5300207453002080
:10D82C00745300207C5300207C5300208453002030
:10D83C00845300208C5300208C53002094530020E0
:10D84C00945300209C5300209C530020A453002090
:10D85C00A4530020AC530020AC530020B453002040
:10D86C00B4530020BC530020BC530020C4530020F0
:10D87C00C4530020CC530020CC530020D4530020A0
:10D88C00D4530020DC530020DC530020E453002050
:10D89C00E4530020EC530020EC530020F453002000
:10D8AC00F4530020FC530020FC53002004540020AF
:10D8BC00045400200C5400200C540020145400205C
:10D8CC00145400201C5400201C540020245400200C
:10D8DC00245400202C5400202C54002034540020BC
:10D8EC00345400203C5400203C540020445400206C
:10D8FC00445400204C5400204C540020545400201C
:10D90C00545400205C5400205C54002064540020CB
:10D91C00645400206C5400206C540020745400207B
:10D92C00745400207C5400207C540020845400202B
:10D93C00845400208C5400208C54002094540020DB
:10D94C00945400209C5400209C540020A45400208B
:10D95C00A4540020AC540020AC540020B45400203B
:10D96C00B4540020BC540020BC540020C4540020EB
:10D97C00C4540020CC540020CC540020D45400209B
:10D98C00D4540020DC540020DC540020E45400204B
:10D99C00E4540020EC540020EC540020F4540020FB
:10D9AC00F4540020FC540020FC54002004550020AA
:10D9BC00045500200C5500200C5500201455002057
:10D9CC00145500201C5500201C5500202455002007
:10D9DC00245500202C5500202C55002034550020B7
:10D9EC00345500203C5500203C5500204455002067
:10D9FC00445500204C5500204C5500205455002017
:10DA0C00545500205C5500205C55002064550020C6
:10DA1C00645500206C5500206C5500207455002076
:10DA2C00745500207C5500207C5500208455002026
:10DA3C00845500208C5500208C55002094550020D6
:10DA4C0094550020FFFFFFFF00000200C04A002099
:10DA5C0012010002EF020140C0168904800201028B
:10DA6C00030100000000803F6042A20D0000004056
:10DA7C000C0300000000000000000000000000008B
:10DA8C00000000000000000000000000000000008A
:10DA9C00000000000000000000000000000000007A
:10DAAC00000000000000000000000000000000006A
:10DABC00000000000000000000000000000000005A
:10DACC00000000000000000000000000000000004A
:10DADC00000000000000000000000000000000003A
:10DAEC00000000000000000000000000000000002A
:10DAFC00000000000000000000000000000000001A
:10DB0C000000000000000000000000000000000009
:10DB1C0000000000000000000000000000000000F9
:10DB2C0000000000000000000000000000000000E9
:10DB3C0000000000000000000000000000000000D9
:10DB4C0000000000000000000000000000000000C9
:10DB5C0000000000000000000000000000000000B9
:10DB6C0000000000000000000000000000000000A9
:10DB7C000000000000000000000000000000000099
:10DB8C000000000000000000000000000000000089
:10DB9C000000000000000000000000000000000079
:10DBAC000000000000000000000000000000000069
:10DBBC000000000000000000000000000000000059
:10DBCC000000000000000000000000000000000049
:10DBDC000000000000000000000000000000000039
:10DBEC000000000000000000000000000000000029
:10DBFC000000000000000000000000000000000019
:10DC0C000000000000000000000000000000000008
:10DC1C0000000000000000000000000000000000F8
:10DC2C0000000000000000000000000000000000E8
:10DC3C0000000000000000000000000000000000D8
:10DC4C0000000000000000000000000000000000C8
:10DC5C0000000000000000000000000000000000B8
:10DC6C0000000000000000000000000000000000A8
:10DC7C000000000000000000000000000000000098
:10DC8C000000000000000000000000000000000088
:10DC9C000000000000000000000000000000000078
:10DCAC000000000000000000000000000000000068
:10DCBC000000000000000000000000000000000058
:10DCCC000000000000000000000000000000000048
:10DCDC000000000000000000000000000000000038
:10DCEC000000000000000000000000000000000028
:10DCFC000000000000000000000000000000000018
:10DD0C000000000000000000000000000000000007
:10DD1C0000000000000000000000000000000000F7
:10DD2C0000000000000000000000000000000000E7
:10DD3C0000000000000000000000000000000000D7
:10DD4C0000000000000000000000000000000000C7
:10DD5C0000000000000000000000000000000000B7
:10DD6C0000000000000000000000000000000000A7
:10DD7C000000000000000000000000000000000097
:10DD8C000000000000000000000000000000000087
:10DD9C000000000000000000000000000000000077
:10DDAC000000000000000000000000000000000067
:10DDBC000000000000000000000000000000000057
:10DDCC000000000000000000000000000000000047
:10DDDC000000000000000000000000000000000037
:10DDEC000000000000000000000000000000000027
:10DDFC000000000000000000000000000000000017
:10DE0C000000000000000000000000000000000006
:10DE1C0000000000000000000000000000000000F6
:10DE2C0000000000000000000000000000000000E6
:10DE3C0000000000000000000000000000000000D6
:10DE4C0000000000000000000000000000000000C6
:10DE5C0000000000000000000000000000000000B6
:10DE6C0000000000000000000000000000000000A6
:10DE7C000000000000000000000000000000000096
:10DE8C000000000000000000000000000000000086
:10DE9C000000000000000000000000000000000076
:10DEAC000000000000000000000000000000000066
:10DEBC000000000000000000000000000000000056
:10DECC000000000000000000000000000000000046
:10DEDC000000000000000000000000000000000036
:10DEEC000000000000000000000000000000000026
:10DEFC000000000000000000000000000000000016
:10DF0C000000000000000000000000000000000005
:10DF1C0000000000000000000000000000000000F5
:10DF2C0000000000000000000000000000000000E5
:10DF3C0000000000000000000000000000000000D5
:10DF4C0000000000000000000000000000000000C5
:10DF5C0000000000000000000000000000000000B5
:10DF6C00FFFFFFFFFFFFFFFFFFFFFFFFFFFFFFFFB5
:10DF7C00FFFFFFFFFFFFFFFFFFFFFFFFFFFFFFFFA5
:10DF8C00FFFFFFFFFFFFFFFFFFFFFFFFFFFFFFFF95
:10DF9C00FFFFFFFFFFFFFFFFFFFFFFFFFFFFFFFF85
:10DFAC00FFFFFFFFFFFFFFFFFFFFFFFFFFFFFFFF75
:10DFBC00FFFFFFFFFFFFFFFFFFFFFFFFFFFFFFFF65
:10DFCC00FFFFFFFFFFFFFFFFFFFFFFFFFFFFFFFF55
:10DFDC00FFFFFFFFFFFFFFFFFFFFFFFFFFFFFFFF45
:10DFEC00FFFFFFFFFFFFFFFFFFFFFFFFFFFFFFFF35
:10DFFC00FFFFFFFF00000000000000000000000019
:10E00C000000000000000000000000000000000004
:10E01C0000000000000000000000000000000000F4
:10E02C0000000000000000000000000000000000E4
:10E03C0000000000000000000000000000000000D4
:10E04C0000000000000000000000000000000000C4
:10E05C0000000000000000000000000000000000B4
:10E06C0000000000000000000000000000000000A4
:10E07C000000000000000000000000000000000094
:10E08C000000000000000000000000000000000084
:10E09C000000000000000000000000000000000074
:10E0AC000000000000000000000000000000000064
:10E0BC000000000000000000000000000000000054
:10E0CC000000000000000000000000000000000044
:10E0DC000000000000000000000000000000000034
:10E0EC000000000000000000000000000000000024
:10E0FC000000000000000000000000000000000014
:10E10C000000000000000000000000000000000003
:10E11C0000000000000000000000000000000000F3
:10E12C0000000000000000000000000000000000E3
:10E13C0000000000000000000000000000000000D3
:10E14C0000000000000000000000000000000000C3
:10E15C0000000000000000000000000000000000B3
:10E16C0000000000000000000000000000000000A3
:10E17C000000000000000000000000000000000093
:10E18C000000000000000000000000000000000083
:10E19C000000000000000000000000000000000073
:10E1AC000000000000000000000000000000000063
:10E1BC000000000000000000000000000000000053
:10E1CC000000000000000000000000000000000043
:10E1DC000000000000000000000000000000000033
:10E1EC000000000000000000000000000000000023
:10E1FC000000000000000000000000000000000013
:10E20C000000000000000000000000000000000002
:10E21C0000000000000000000000000000000000F2
:10E22C0000000000000000000000000000000000E2
:10E23C0000000000000000000000000000000000D2
:10E24C0000000000000000000000000000000000C2
:10E25C0000000000000000000000000000000000B2
:10E26C0000000000000000000000000000000000A2
:10E27C000000000000000000000000000000000092
:10E28C000000000000000000000000000000000082
:10E29C000000000000000000000000000000000072
:10E2AC000000000000000000000000000000000062
:10E2BC000000000000000000000000000000000052
:10E2CC000000000000000000000000000000000042
:10E2DC000000000000000000000000000000000032
:10E2EC000000000000000000000000000000000022
:10E2FC000000000000000000000000000000000012
:10E30C000000000000000000000000000000000001
:10E31C0000000000000000000000000000000000F1
:10E32C0000000000000000000000000000000000E1
:10E33C0000000000000000000000000000000000D1
:10E34C0000000000000000000000000000000000C1
:10E35C0000000000000000000000000000000000B1
:10E36C0000000000000000000000000000000000A1
:10E37C000000000000000000000000000000000091
:10E38C000000000000000000000000000000000081
:10E39C000000000000000000000000000000000071
:10E3AC000000000000000000000000000000000061
:10E3BC000000000000000000000000000000000051
:10E3CC000000000000000000000000000000000041
:10E3DC000000000000000000000000000000000031
:10E3EC000000000000000000000000000000000021
:10E3FC000000000000000000000000000000000011
:10E40C000000000000000000000000000000000000
:10E41C0000000000000000000000000000000000F0
:10E42C0000000000000000000000000000000000E0
:10E43C0000000000000000000000000000000000D0
:10E44C0000000000000000000000000000000000C0
:10E45C0000000000000000000000000000000000B0
:10E46C0000000000000000000000000000000000A0
:10E47C000000000000000000000000000000000090
:10E48C000000000000000000000000000000000080
:10E49C000000000000000000000000000000000070
:10E4AC000000000000000000000000000000000060
:10E4BC000000000000000000000000000000000050
:10E4CC000000000000000000000000000000000040
:10E4DC000000000000000000000000000000000030
:10E4EC000000000000000000000000000000000020
:10E4FC000000000000000000000000000000000010
:10E50C0000000000000000000000000000000000FF
:10E51C0000000000000000000000000000000000EF
:10E52C0000000000000000000000000000000000DF
:10E53C0000000000000000000000000000000000CF
:10E54C0000000000000000000000000000000000BF
:10E55C0000000000000000000000000000000000AF
:10E56C00000000000000000000000000000000009F
:10E57C00000000000000000000000000000000008F
:10E58C00000000000000000000000000000000007F
:10E59C00000000000000000000000000000000006F
:10E5AC00000000000000000000000000000000005F
:10E5BC00000000000000000000000000000000004F
:10E5CC00000000000000000000000000000000003F
:10E5DC00000000000000000000000000000000002F
:10E5EC00000000000000000000000000000000001F
:10E5FC00000000000000000000000000000000000F
:10E60C0000000000000000000000000000000000FE
:10E61C0000000000000000000000000000000000EE
:10E62C0000000000000000000000000000000000DE
:10E63C0000000000000000000000000000000000CE
:10E64C0000000000000000000000000000000000BE
:10E65C0000000000000000000000000000000000AE
:10E66C00000000000000000000000000000000009E
:10E67C00000000000000000000000000000000008E
:10E68C00000000000000000000000000000000007E
:10E69C00000000000000000000000000000000006E
:10E6AC00000000000000000000000000000000005E
:10E6BC00000000000000000000000000000000004E
:10E6CC00000000000000000000000000000000003E
:10E6DC00000000000000000000000000000000002E
:10E6EC00000000000000000000000000000000001E
:10E6FC00000000000000000000000000000000000E
:10E70C0000000000000000000000000000000000FD
:10E71C0000000000000000000000000000000000ED
:10E72C0000000000000000000000000000000000DD
:10E73C0000000000000000000000000000000000CD
:10E74C0000000000000000000000000000000000BD
:10E75C0000000000000000000000000000000000AD
:10E76C00000000000000000000000000000000009D
:10E77C00000000000000000000000000000000008D
:10E78C00000000000000000000000000000000007D
:10E79C00000000000000000000000000000000006D
:10E7AC00000000000000000000000000000000005D
:10E7BC00000000000000000000000000000000004D
:10E7CC00000000000000000000000000000000003D
:10E7DC00000000000000000000000000000000002D
:10E7EC00000000000000000000000000000000001D
:10E7FC00000000000000000000000000000000000D
:10E80C0000000000000000000000000000000000FC
:10E81C0000000000000000000000000000000000EC
:10E82C0000000000000000000000000000000000DC
:10E83C0000000000000000000000000000000000CC
:10E84C0000000000000000000000000000000000BC
:10E85C0000000000000000000000000000000000AC
:10E86C00000000000000000000000000000000009C
:10E87C00000000000000000000000000000000008C
:10E88C00000000000000000000000000000000007C
:10E89C00000000000000000000000000000000006C
:10E8AC00000000000000000000000000000000005C
:10E8BC00000000000000000000000000000000004C
:10E8CC00000000000000000000000000000000003C
:10E8DC00000000000000000000000000000000002C
:10E8EC00000000000000000000000000000000001C
:10E8FC00000000000000000000000000000000000C
:10E90C0000000000000000000000000000000000FB
:10E91C0000000000000000000000000000000000EB
:10E92C0000000000000000000000000000000000DB
:10E93C0000000000000000000000000000000000CB
:10E94C0000000000000000000000000000000000BB
:10E95C0000000000000000000000000000000000AB
:10E96C00000000000000000000000000000000009B
:10E97C00000000000000000000000000000000008B
:10E98C00000000000000000000000000000000007B
:10E99C00000000000000000000000000000000006B
:10E9AC00000000000000000000000000000000005B
:10E9BC00000000000000000000000000000000004B
:10E9CC00000000000000000000000000000000003B
:10E9DC00000000000000000000000000000000002B
:10E9EC00000000000000000000000000000000001B
:10E9FC00000000000000000000000000000000000B
:10EA0C0000000000000000000000000000000000FA
:10EA1C0000000000000000000000000000000000EA
:10EA2C0000000000000000000000000000000000DA
:10EA3C0000000000000000000000000000000000CA
:10EA4C0000000000000000000000000000000000BA
:10EA5C0000000000000000000000000000000000AA
:10EA6C00000000000000000000000000000000009A
:10EA7C00000000000000000000000000000000008A
:10EA8C00000000000000000000000000000000007A
:10EA9C00000000000000000000000000000000006A
:10EAAC00000000000000000000000000000000005A
:10EABC00000000000000000000000000000000004A
:10EACC00000000000000000000000000000000003A
:10EADC00000000000000000000000000000000002A
:10EAEC00000000000000000000000000000000001A
:10EAFC00000000000000000000000000000000000A
:10EB0C0000000000000000000000000000000000F9
:10EB1C0000000000000000000000000000000000E9
:10EB2C0000000000000000000000000000000000D9
:10EB3C0000000000000000000000000000000000C9
:10EB4C0000000000000000000000000000000000B9
:10EB5C0000000000000000000000000000000000A9
:10EB6C000000000000000000000000000000000099
:10EB7C000000000000000000000000000000000089
:10EB8C000000000000000000000000000000000079
:10EB9C000000000000000000000000000000000069
:10EBAC000000000000000000000000000000000059
:10EBBC000000000000000000000000000000000049
:10EBCC000000000000000000000000000000000039
:10EBDC000000000000000000000000000000000029
:10EBEC000000000000000000000000000000000019
:04EBFC000000000015
:040000056000100087
:00000001FF
