:0200000460009A
:100000004643464200000156000000000103030081
:1000100000000000000000000000000000000000E0
:1000200000000000000000000000000000000000D0
:1000300000000000000000000000000000000000C0
:1000400000000000010408000000000000000000A3
:100050000000800000000000000000000000000020
:100060000000000000000000000000000000000090
:100070000000000000000000000000000000000080
:10008000EB04180A063204260000000000000000FD
:10009000050404240000000000000000000000002F
:1000A0000000000000000000000000000000000050
:1000B0000604000000000000000000000000000036
:1000C0000000000000000000000000000000000030
:1000D00020041808000000000000000000000000DC
:1000E0000000000000000000000000000000000010
:1000F0000000000000000000000000000000000000
:10010000D8041808000000000000000000000000F3
:100110000204180804200000000000000000000095
:1001200000000000000000000000000000000000CF
:10013000600400000000000000000000000000005B
:1001400000000000000000000000000000000000AF
:10015000000000000000000000000000000000009F
:10016000000000000000000000000000000000008F
:10017000000000000000000000000000000000007F
:10018000000000000000000000000000000000006F
:10019000000000000000000000000000000000005F
:1001A000000000000000000000000000000000004F
:1001B000000000000000000000000000000000003F
:1001C000000100000010000001000000000000001D
:1001D000000001000000000000000000000000001E
:1001E000000000000000000000000000000000000F
:1001F00000000000000000000000000000000000FF
:10020000FFFFFFFFFFFFFFFFFFFFFFFFFFFFFFFFFE
:10021000FFFFFFFFFFFFFFFFFFFFFFFFFFFFFFFFEE
:10022000FFFFFFFFFFFFFFFFFFFFFFFFFFFFFFFFDE
:10023000FFFFFFFFFFFFFFFFFFFFFFFFFFFFFFFFCE
:10024000FFFFFFFFFFFFFFFFFFFFFFFFFFFFFFFFBE
:10025000FFFFFFFFFFFFFFFFFFFFFFFFFFFFFFFFAE
:10026000FFFFFFFFFFFFFFFFFFFFFFFFFFFFFFFF9E
:10027000FFFFFFFFFFFFFFFFFFFFFFFFFFFFFFFF8E
:10028000FFFFFFFFFFFFFFFFFFFFFFFFFFFFFFFF7E
:10029000FFFFFFFFFFFFFFFFFFFFFFFFFFFFFFFF6E
:1002A000FFFFFFFFFFFFFFFFFFFFFFFFFFFFFFFF5E
:1002B000FFFFFFFFFFFFFFFFFFFFFFFFFFFFFFFF4E
:1002C000FFFFFFFFFFFFFFFFFFFFFFFFFFFFFFFF3E
:1002D000FFFFFFFFFFFFFFFFFFFFFFFFFFFFFFFF2E
:1002E000FFFFFFFFFFFFFFFFFFFFFFFFFFFFFFFF1E
:1002F000FFFFFFFFFFFFFFFFFFFFFFFFFFFFFFFF0E
:10030000FFFFFFFFFFFFFFFFFFFFFFFFFFFFFFFFFD
:10031000FFFFFFFFFFFFFFFFFFFFFFFFFFFFFFFFED
:10032000FFFFFFFFFFFFFFFFFFFFFFFFFFFFFFFFDD
:10033000FFFFFFFFFFFFFFFFFFFFFFFFFFFFFFFFCD
:10034000FFFFFFFFFFFFFFFFFFFFFFFFFFFFFFFFBD
:10035000FFFFFFFFFFFFFFFFFFFFFFFFFFFFFFFFAD
:10036000FFFFFFFFFFFFFFFFFFFFFFFFFFFFFFFF9D
:10037000FFFFFFFFFFFFFFFFFFFFFFFFFFFFFFFF8D
:10038000FFFFFFFFFFFFFFFFFFFFFFFFFFFFFFFF7D
:10039000FFFFFFFFFFFFFFFFFFFFFFFFFFFFFFFF6D
:1003A000FFFFFFFFFFFFFFFFFFFFFFFFFFFFFFFF5D
:1003B000FFFFFFFFFFFFFFFFFFFFFFFFFFFFFFFF4D
:1003C000FFFFFFFFFFFFFFFFFFFFFFFFFFFFFFFF3D
:1003D000FFFFFFFFFFFFFFFFFFFFFFFFFFFFFFFF2D
:1003E000FFFFFFFFFFFFFFFFFFFFFFFFFFFFFFFF1D
:1003F000FFFFFFFFFFFFFFFFFFFFFFFFFFFFFFFF0D
:10040000FFFFFFFFFFFFFFFFFFFFFFFFFFFFFFFFFC
:10041000FFFFFFFFFFFFFFFFFFFFFFFFFFFFFFFFEC
:10042000FFFFFFFFFFFFFFFFFFFFFFFFFFFFFFFFDC
:10043000FFFFFFFFFFFFFFFFFFFFFFFFFFFFFFFFCC
:10044000FFFFFFFFFFFFFFFFFFFFFFFFFFFFFFFFBC
:10045000FFFFFFFFFFFFFFFFFFFFFFFFFFFFFFFFAC
:10046000FFFFFFFFFFFFFFFFFFFFFFFFFFFFFFFF9C
:10047000FFFFFFFFFFFFFFFFFFFFFFFFFFFFFFFF8C
:10048000FFFFFFFFFFFFFFFFFFFFFFFFFFFFFFFF7C
:10049000FFFFFFFFFFFFFFFFFFFFFFFFFFFFFFFF6C
:1004A000FFFFFFFFFFFFFFFFFFFFFFFFFFFFFFFF5C
:1004B000FFFFFFFFFFFFFFFFFFFFFFFFFFFFFFFF4C
:1004C000FFFFFFFFFFFFFFFFFFFFFFFFFFFFFFFF3C
:1004D000FFFFFFFFFFFFFFFFFFFFFFFFFFFFFFFF2C
:1004E000FFFFFFFFFFFFFFFFFFFFFFFFFFFFFFFF1C
:1004F000FFFFFFFFFFFFFFFFFFFFFFFFFFFFFFFF0C
:10050000FFFFFFFFFFFFFFFFFFFFFFFFFFFFFFFFFB
:10051000FFFFFFFFFFFFFFFFFFFFFFFFFFFFFFFFEB
:10052000FFFFFFFFFFFFFFFFFFFFFFFFFFFFFFFFDB
:10053000FFFFFFFFFFFFFFFFFFFFFFFFFFFFFFFFCB
:10054000FFFFFFFFFFFFFFFFFFFFFFFFFFFFFFFFBB
:10055000FFFFFFFFFFFFFFFFFFFFFFFFFFFFFFFFAB
:10056000FFFFFFFFFFFFFFFFFFFFFFFFFFFFFFFF9B
:10057000FFFFFFFFFFFFFFFFFFFFFFFFFFFFFFFF8B
:10058000FFFFFFFFFFFFFFFFFFFFFFFFFFFFFFFF7B
:10059000FFFFFFFFFFFFFFFFFFFFFFFFFFFFFFFF6B
:1005A000FFFFFFFFFFFFFFFFFFFFFFFFFFFFFFFF5B
:1005B000FFFFFFFFFFFFFFFFFFFFFFFFFFFFFFFF4B
:1005C000FFFFFFFFFFFFFFFFFFFFFFFFFFFFFFFF3B
:1005D000FFFFFFFFFFFFFFFFFFFFFFFFFFFFFFFF2B
:1005E000FFFFFFFFFFFFFFFFFFFFFFFFFFFFFFFF1B
:1005F000FFFFFFFFFFFFFFFFFFFFFFFFFFFFFFFF0B
:10060000FFFFFFFFFFFFFFFFFFFFFFFFFFFFFFFFFA
:10061000FFFFFFFFFFFFFFFFFFFFFFFFFFFFFFFFEA
:10062000FFFFFFFFFFFFFFFFFFFFFFFFFFFFFFFFDA
:10063000FFFFFFFFFFFFFFFFFFFFFFFFFFFFFFFFCA
:10064000FFFFFFFFFFFFFFFFFFFFFFFFFFFFFFFFBA
:10065000FFFFFFFFFFFFFFFFFFFFFFFFFFFFFFFFAA
:10066000FFFFFFFFFFFFFFFFFFFFFFFFFFFFFFFF9A
:10067000FFFFFFFFFFFFFFFFFFFFFFFFFFFFFFFF8A
:10068000FFFFFFFFFFFFFFFFFFFFFFFFFFFFFFFF7A
:10069000FFFFFFFFFFFFFFFFFFFFFFFFFFFFFFFF6A
:1006A000FFFFFFFFFFFFFFFFFFFFFFFFFFFFFFFF5A
:1006B000FFFFFFFFFFFFFFFFFFFFFFFFFFFFFFFF4A
:1006C000FFFFFFFFFFFFFFFFFFFFFFFFFFFFFFFF3A
:1006D000FFFFFFFFFFFFFFFFFFFFFFFFFFFFFFFF2A
:1006E000FFFFFFFFFFFFFFFFFFFFFFFFFFFFFFFF1A
:1006F000FFFFFFFFFFFFFFFFFFFFFFFFFFFFFFFF0A
:10070000FFFFFFFFFFFFFFFFFFFFFFFFFFFFFFFFF9
:10071000FFFFFFFFFFFFFFFFFFFFFFFFFFFFFFFFE9
:10072000FFFFFFFFFFFFFFFFFFFFFFFFFFFFFFFFD9
:10073000FFFFFFFFFFFFFFFFFFFFFFFFFFFFFFFFC9
:10074000FFFFFFFFFFFFFFFFFFFFFFFFFFFFFFFFB9
:10075000FFFFFFFFFFFFFFFFFFFFFFFFFFFFFFFFA9
:10076000FFFFFFFFFFFFFFFFFFFFFFFFFFFFFFFF99
:10077000FFFFFFFFFFFFFFFFFFFFFFFFFFFFFFFF89
:10078000FFFFFFFFFFFFFFFFFFFFFFFFFFFFFFFF79
:10079000FFFFFFFFFFFFFFFFFFFFFFFFFFFFFFFF69
:1007A000FFFFFFFFFFFFFFFFFFFFFFFFFFFFFFFF59
:1007B000FFFFFFFFFFFFFFFFFFFFFFFFFFFFFFFF49
:1007C000FFFFFFFFFFFFFFFFFFFFFFFFFFFFFFFF39
:1007D000FFFFFFFFFFFFFFFFFFFFFFFFFFFFFFFF29
:1007E000FFFFFFFFFFFFFFFFFFFFFFFFFFFFFFFF19
:1007F000FFFFFFFFFFFFFFFFFFFFFFFFFFFFFFFF09
:10080000FFFFFFFFFFFFFFFFFFFFFFFFFFFFFFFFF8
:10081000FFFFFFFFFFFFFFFFFFFFFFFFFFFFFFFFE8
:10082000FFFFFFFFFFFFFFFFFFFFFFFFFFFFFFFFD8
:10083000FFFFFFFFFFFFFFFFFFFFFFFFFFFFFFFFC8
:10084000FFFFFFFFFFFFFFFFFFFFFFFFFFFFFFFFB8
:10085000FFFFFFFFFFFFFFFFFFFFFFFFFFFFFFFFA8
:10086000FFFFFFFFFFFFFFFFFFFFFFFFFFFFFFFF98
:10087000FFFFFFFFFFFFFFFFFFFFFFFFFFFFFFFF88
:10088000FFFFFFFFFFFFFFFFFFFFFFFFFFFFFFFF78
:10089000FFFFFFFFFFFFFFFFFFFFFFFFFFFFFFFF68
:1008A000FFFFFFFFFFFFFFFFFFFFFFFFFFFFFFFF58
:1008B000FFFFFFFFFFFFFFFFFFFFFFFFFFFFFFFF48
:1008C000FFFFFFFFFFFFFFFFFFFFFFFFFFFFFFFF38
:1008D000FFFFFFFFFFFFFFFFFFFFFFFFFFFFFFFF28
:1008E000FFFFFFFFFFFFFFFFFFFFFFFFFFFFFFFF18
:1008F000FFFFFFFFFFFFFFFFFFFFFFFFFFFFFFFF08
:10090000FFFFFFFFFFFFFFFFFFFFFFFFFFFFFFFFF7
:10091000FFFFFFFFFFFFFFFFFFFFFFFFFFFFFFFFE7
:10092000FFFFFFFFFFFFFFFFFFFFFFFFFFFFFFFFD7
:10093000FFFFFFFFFFFFFFFFFFFFFFFFFFFFFFFFC7
:10094000FFFFFFFFFFFFFFFFFFFFFFFFFFFFFFFFB7
:10095000FFFFFFFFFFFFFFFFFFFFFFFFFFFFFFFFA7
:10096000FFFFFFFFFFFFFFFFFFFFFFFFFFFFFFFF97
:10097000FFFFFFFFFFFFFFFFFFFFFFFFFFFFFFFF87
:10098000FFFFFFFFFFFFFFFFFFFFFFFFFFFFFFFF77
:10099000FFFFFFFFFFFFFFFFFFFFFFFFFFFFFFFF67
:1009A000FFFFFFFFFFFFFFFFFFFFFFFFFFFFFFFF57
:1009B000FFFFFFFFFFFFFFFFFFFFFFFFFFFFFFFF47
:1009C000FFFFFFFFFFFFFFFFFFFFFFFFFFFFFFFF37
:1009D000FFFFFFFFFFFFFFFFFFFFFFFFFFFFFFFF27
:1009E000FFFFFFFFFFFFFFFFFFFFFFFFFFFFFFFF17
:1009F000FFFFFFFFFFFFFFFFFFFFFFFFFFFFFFFF07
:100A0000FFFFFFFFFFFFFFFFFFFFFFFFFFFFFFFFF6
:100A1000FFFFFFFFFFFFFFFFFFFFFFFFFFFFFFFFE6
:100A2000FFFFFFFFFFFFFFFFFFFFFFFFFFFFFFFFD6
:100A3000FFFFFFFFFFFFFFFFFFFFFFFFFFFFFFFFC6
:100A4000FFFFFFFFFFFFFFFFFFFFFFFFFFFFFFFFB6
:100A5000FFFFFFFFFFFFFFFFFFFFFFFFFFFFFFFFA6
:100A6000FFFFFFFFFFFFFFFFFFFFFFFFFFFFFFFF96
:100A7000FFFFFFFFFFFFFFFFFFFFFFFFFFFFFFFF86
:100A8000FFFFFFFFFFFFFFFFFFFFFFFFFFFFFFFF76
:100A9000FFFFFFFFFFFFFFFFFFFFFFFFFFFFFFFF66
:100AA000FFFFFFFFFFFFFFFFFFFFFFFFFFFFFFFF56
:100AB000FFFFFFFFFFFFFFFFFFFFFFFFFFFFFFFF46
:100AC000FFFFFFFFFFFFFFFFFFFFFFFFFFFFFFFF36
:100AD000FFFFFFFFFFFFFFFFFFFFFFFFFFFFFFFF26
:100AE000FFFFFFFFFFFFFFFFFFFFFFFFFFFFFFFF16
:100AF000FFFFFFFFFFFFFFFFFFFFFFFFFFFFFFFF06
:100B0000FFFFFFFFFFFFFFFFFFFFFFFFFFFFFFFFF5
:100B1000FFFFFFFFFFFFFFFFFFFFFFFFFFFFFFFFE5
:100B2000FFFFFFFFFFFFFFFFFFFFFFFFFFFFFFFFD5
:100B3000FFFFFFFFFFFFFFFFFFFFFFFFFFFFFFFFC5
:100B4000FFFFFFFFFFFFFFFFFFFFFFFFFFFFFFFFB5
:100B5000FFFFFFFFFFFFFFFFFFFFFFFFFFFFFFFFA5
:100B6000FFFFFFFFFFFFFFFFFFFFFFFFFFFFFFFF95
:100B7000FFFFFFFFFFFFFFFFFFFFFFFFFFFFFFFF85
:100B8000FFFFFFFFFFFFFFFFFFFFFFFFFFFFFFFF75
:100B9000FFFFFFFFFFFFFFFFFFFFFFFFFFFFFFFF65
:100BA000FFFFFFFFFFFFFFFFFFFFFFFFFFFFFFFF55
:100BB000FFFFFFFFFFFFFFFFFFFFFFFFFFFFFFFF45
:100BC000FFFFFFFFFFFFFFFFFFFFFFFFFFFFFFFF35
:100BD000FFFFFFFFFFFFFFFFFFFFFFFFFFFFFFFF25
:100BE000FFFFFFFFFFFFFFFFFFFFFFFFFFFFFFFF15
:100BF000FFFFFFFFFFFFFFFFFFFFFFFFFFFFFFFF05
:100C0000FFFFFFFFFFFFFFFFFFFFFFFFFFFFFFFFF4
:100C1000FFFFFFFFFFFFFFFFFFFFFFFFFFFFFFFFE4
:100C2000FFFFFFFFFFFFFFFFFFFFFFFFFFFFFFFFD4
:100C3000FFFFFFFFFFFFFFFFFFFFFFFFFFFFFFFFC4
:100C4000FFFFFFFFFFFFFFFFFFFFFFFFFFFFFFFFB4
:100C5000FFFFFFFFFFFFFFFFFFFFFFFFFFFFFFFFA4
:100C6000FFFFFFFFFFFFFFFFFFFFFFFFFFFFFFFF94
:100C7000FFFFFFFFFFFFFFFFFFFFFFFFFFFFFFFF84
:100C8000FFFFFFFFFFFFFFFFFFFFFFFFFFFFFFFF74
:100C9000FFFFFFFFFFFFFFFFFFFFFFFFFFFFFFFF64
:100CA000FFFFFFFFFFFFFFFFFFFFFFFFFFFFFFFF54
:100CB000FFFFFFFFFFFFFFFFFFFFFFFFFFFFFFFF44
:100CC000FFFFFFFFFFFFFFFFFFFFFFFFFFFFFFFF34
:100CD000FFFFFFFFFFFFFFFFFFFFFFFFFFFFFFFF24
:100CE000FFFFFFFFFFFFFFFFFFFFFFFFFFFFFFFF14
:100CF000FFFFFFFFFFFFFFFFFFFFFFFFFFFFFFFF04
:100D0000FFFFFFFFFFFFFFFFFFFFFFFFFFFFFFFFF3
:100D1000FFFFFFFFFFFFFFFFFFFFFFFFFFFFFFFFE3
:100D2000FFFFFFFFFFFFFFFFFFFFFFFFFFFFFFFFD3
:100D3000FFFFFFFFFFFFFFFFFFFFFFFFFFFFFFFFC3
:100D4000FFFFFFFFFFFFFFFFFFFFFFFFFFFFFFFFB3
:100D5000FFFFFFFFFFFFFFFFFFFFFFFFFFFFFFFFA3
:100D6000FFFFFFFFFFFFFFFFFFFFFFFFFFFFFFFF93
:100D7000FFFFFFFFFFFFFFFFFFFFFFFFFFFFFFFF83
:100D8000FFFFFFFFFFFFFFFFFFFFFFFFFFFFFFFF73
:100D9000FFFFFFFFFFFFFFFFFFFFFFFFFFFFFFFF63
:100DA000FFFFFFFFFFFFFFFFFFFFFFFFFFFFFFFF53
:100DB000FFFFFFFFFFFFFFFFFFFFFFFFFFFFFFFF43
:100DC000FFFFFFFFFFFFFFFFFFFFFFFFFFFFFFFF33
:100DD000FFFFFFFFFFFFFFFFFFFFFFFFFFFFFFFF23
:100DE000FFFFFFFFFFFFFFFFFFFFFFFFFFFFFFFF13
:100DF000FFFFFFFFFFFFFFFFFFFFFFFFFFFFFFFF03
:100E0000FFFFFFFFFFFFFFFFFFFFFFFFFFFFFFFFF2
:100E1000FFFFFFFFFFFFFFFFFFFFFFFFFFFFFFFFE2
:100E2000FFFFFFFFFFFFFFFFFFFFFFFFFFFFFFFFD2
:100E3000FFFFFFFFFFFFFFFFFFFFFFFFFFFFFFFFC2
:100E4000FFFFFFFFFFFFFFFFFFFFFFFFFFFFFFFFB2
:100E5000FFFFFFFFFFFFFFFFFFFFFFFFFFFFFFFFA2
:100E6000FFFFFFFFFFFFFFFFFFFFFFFFFFFFFFFF92
:100E7000FFFFFFFFFFFFFFFFFFFFFFFFFFFFFFFF82
:100E8000FFFFFFFFFFFFFFFFFFFFFFFFFFFFFFFF72
:100E9000FFFFFFFFFFFFFFFFFFFFFFFFFFFFFFFF62
:100EA000FFFFFFFFFFFFFFFFFFFFFFFFFFFFFFFF52
:100EB000FFFFFFFFFFFFFFFFFFFFFFFFFFFFFFFF42
:100EC000FFFFFFFFFFFFFFFFFFFFFFFFFFFFFFFF32
:100ED000FFFFFFFFFFFFFFFFFFFFFFFFFFFFFFFF22
:100EE000FFFFFFFFFFFFFFFFFFFFFFFFFFFFFFFF12
:100EF000FFFFFFFFFFFFFFFFFFFFFFFFFFFFFFFF02
:100F0000FFFFFFFFFFFFFFFFFFFFFFFFFFFFFFFFF1
:100F1000FFFFFFFFFFFFFFFFFFFFFFFFFFFFFFFFE1
:100F2000FFFFFFFFFFFFFFFFFFFFFFFFFFFFFFFFD1
:100F3000FFFFFFFFFFFFFFFFFFFFFFFFFFFFFFFFC1
:100F4000FFFFFFFFFFFFFFFFFFFFFFFFFFFFFFFFB1
:100F5000FFFFFFFFFFFFFFFFFFFFFFFFFFFFFFFFA1
:100F6000FFFFFFFFFFFFFFFFFFFFFFFFFFFFFFFF91
:100F7000FFFFFFFFFFFFFFFFFFFFFFFFFFFFFFFF81
:100F8000FFFFFFFFFFFFFFFFFFFFFFFFFFFFFFFF71
:100F9000FFFFFFFFFFFFFFFFFFFFFFFFFFFFFFFF61
:100FA000FFFFFFFFFFFFFFFFFFFFFFFFFFFFFFFF51
:100FB000FFFFFFFFFFFFFFFFFFFFFFFFFFFFFFFF41
:100FC000FFFFFFFFFFFFFFFFFFFFFFFFFFFFFFFF31
:100FD000FFFFFFFFFFFFFFFFFFFFFFFFFFFFFFFF21
:100FE000FFFFFFFFFFFFFFFFFFFFFFFFFFFFFFFF11
:100FF000FFFFFFFFFFFFFFFFFFFFFFFFFFFFFFFF01
:10100000D1002043F1150060000000000000000046
:101010002010006000100060004C01600000000023
:10102000000000600058010000000000FFFFFFFF0B
:10103000FFFFFFFFFFFFFFFFFFFFFFFFFFFFFFFFC0
:10104000FFFFFFFFFFFFFFFFFFFFFFFFFFFFFFFFB0
:10105000FFFFFFFFFFFFFFFFFFFFFFFFFFFFFFFFA0
:10106000FFFFFFFFFFFFFFFFFFFFFFFFFFFFFFFF90
:10107000FFFFFFFFFFFFFFFFFFFFFFFFFFFFFFFF80
:10108000FFFFFFFFFFFFFFFFFFFFFFFFFFFFFFFF70
:10109000FFFFFFFFFFFFFFFFFFFFFFFFFFFFFFFF60
:1010A000FFFFFFFFFFFFFFFFFFFFFFFFFFFFFFFF50
:1010B000FFFFFFFFFFFFFFFFFFFFFFFFFFFFFFFF40
:1010C000FFFFFFFFFFFFFFFFFFFFFFFFFFFFFFFF30
:1010D000FFFFFFFFFFFFFFFFFFFFFFFFFFFFFFFF20
:1010E000FFFFFFFFFFFFFFFFFFFFFFFFFFFFFFFF10
:1010F000FFFFFFFFFFFFFFFFFFFFFFFFFFFFFFFF00
:10110000FFFFFFFFFFFFFFFFFFFFFFFFFFFFFFFFEF
:10111000FFFFFFFFFFFFFFFFFFFFFFFFFFFFFFFFDF
:10112000FFFFFFFFFFFFFFFFFFFFFFFFFFFFFFFFCF
:10113000FFFFFFFFFFFFFFFFFFFFFFFFFFFFFFFFBF
:10114000FFFFFFFFFFFFFFFFFFFFFFFFFFFFFFFFAF
:10115000FFFFFFFFFFFFFFFFFFFFFFFFFFFFFFFF9F
:10116000FFFFFFFFFFFFFFFFFFFFFFFFFFFFFFFF8F
:10117000FFFFFFFFFFFFFFFFFFFFFFFFFFFFFFFF7F
:10118000FFFFFFFFFFFFFFFFFFFFFFFFFFFFFFFF6F
:10119000FFFFFFFFFFFFFFFFFFFFFFFFFFFFFFFF5F
:1011A000FFFFFFFFFFFFFFFFFFFFFFFFFFFFFFFF4F
:1011B000FFFFFFFFFFFFFFFFFFFFFFFFFFFFFFFF3F
:1011C000FFFFFFFFFFFFFFFFFFFFFFFFFFFFFFFF2F
:1011D000FFFFFFFFFFFFFFFFFFFFFFFFFFFFFFFF1F
:1011E000FFFFFFFFFFFFFFFFFFFFFFFFFFFFFFFF0F
:1011F000FFFFFFFFFFFFFFFFFFFFFFFFFFFFFFFFFF
:10120000FFFFFFFFFFFFFFFFFFFFFFFFFFFFFFFFEE
:10121000FFFFFFFFFFFFFFFFFFFFFFFFFFFFFFFFDE
:10122000FFFFFFFFFFFFFFFFFFFFFFFFFFFFFFFFCE
:10123000FFFFFFFFFFFFFFFFFFFFFFFFFFFFFFFFBE
:10124000FFFFFFFFFFFFFFFFFFFFFFFFFFFFFFFFAE
:10125000FFFFFFFFFFFFFFFFFFFFFFFFFFFFFFFF9E
:10126000FFFFFFFFFFFFFFFFFFFFFFFFFFFFFFFF8E
:10127000FFFFFFFFFFFFFFFFFFFFFFFFFFFFFFFF7E
:10128000FFFFFFFFFFFFFFFFFFFFFFFFFFFFFFFF6E
:10129000FFFFFFFFFFFFFFFFFFFFFFFFFFFFFFFF5E
:1012A000FFFFFFFFFFFFFFFFFFFFFFFFFFFFFFFF4E
:1012B000FFFFFFFFFFFFFFFFFFFFFFFFFFFFFFFF3E
:1012C000FFFFFFFFFFFFFFFFFFFFFFFFFFFFFFFF2E
:1012D000FFFFFFFFFFFFFFFFFFFFFFFFFFFFFFFF1E
:1012E000FFFFFFFFFFFFFFFFFFFFFFFFFFFFFFFF0E
:1012F000FFFFFFFFFFFFFFFFFFFFFFFFFFFFFFFFFE
:10130000FFFFFFFFFFFFFFFFFFFFFFFFFFFFFFFFED
:10131000FFFFFFFFFFFFFFFFFFFFFFFFFFFFFFFFDD
:10132000FFFFFFFFFFFFFFFFFFFFFFFFFFFFFFFFCD
:10133000FFFFFFFFFFFFFFFFFFFFFFFFFFFFFFFFBD
:10134000FFFFFFFFFFFFFFFFFFFFFFFFFFFFFFFFAD
:10135000FFFFFFFFFFFFFFFFFFFFFFFFFFFFFFFF9D
:10136000FFFFFFFFFFFFFFFFFFFFFFFFFFFFFFFF8D
:10137000FFFFFFFFFFFFFFFFFFFFFFFFFFFFFFFF7D
:10138000FFFFFFFFFFFFFFFFFFFFFFFFFFFFFFFF6D
:10139000FFFFFFFFFFFFFFFFFFFFFFFFFFFFFFFF5D
:1013A000FFFFFFFFFFFFFFFFFFFFFFFFFFFFFFFF4D
:1013B000FFFFFFFFFFFFFFFFFFFFFFFFFFFFFFFF3D
:1013C000FFFFFFFFFFFFFFFFFFFFFFFFFFFFFFFF2D
:1013D000FFFFFFFFFFFFFFFFFFFFFFFFFFFFFFFF1D
:1013E000FFFFFFFFFFFFFFFFFFFFFFFFFFFFFFFF0D
:1013F000FFFFFFFFFFFFFFFFFFFFFFFFFFFFFFFFFD
:10140000824205D051F8043B40F8043B8242F9D8AF
:10141000704700BF044A05494FF0000342F8043BFF
:101420009142FBD8704700BFC062002060DC0320FF
:1014300080B5BFF34F8F00F0F1F9544C544B0820A6
:101440005449C3F85401544AC3F800115348C3F82F
:10145000F0405349FFF7D4FF524A53495348FFF72E
:10146000CFFF534CFFF7D6FF4FF470004FF0E02151
:101470000023504AC1F8880D44F823200133B02BD3
:10148000FAD14D4B80214D4A03F8011B9342FBD109
:101490004FF0E0254A4F4B4A4FF0FF31C5F8084D59
:1014A0000026D5F8243D43F4E023C5F8243DFB692C
:1014B00023F07F0343F04003FB617B6A23F07F034B
:1014C00043F040037B629166D1661167516700F07B
:1014D000ADF93D4B63223D49A3633D4BE3630323D9
:1014E0006A613C4AAE612B61C5F8202DD5F8FC2D10
:1014F000394B42F08072C5F8FC2D1A6842F00102A7
:101500001A605B680B6000F055FB344800F0BCFDCE
:10151000F96E334B334A41F44051F9661E60C3F80B
:101520000861C3F81861C3F82861C3F83861936B88
:10153000DB0708D442F615632B4951651365936B9D
:1015400043F001039363274A284C936843F0011347
:10155000936000F0F5F900F091FC00F09DFD00F0C3
:1015600057FB00F05DF92368132BFCD900F0E8FB72
:101570002368B3F5967FFBD300F056F900F052F9DB
:1015800000F076FD00F068FD30BFFDE70C0D111393
:1015900000800D401B101820F8C300000000000060
:1015A00020230060C06200201CE7006000000020D3
:1015B00000600020B17B000000E400E0A0E400E057
:1015C00000C00F4000C00A40AD910000DCDB0320EA
:1015D000B191000000002020001000E00046C3236D
:1015E0000040084000400D400000C056E0DB0320F2
:1015F000054B4FF42A01054A05485A641864054A08
:1016000099639546FFF714FF00C00A40AFAAAAAA43
:1016100007002000000007201BB9124B1B6F9B0422
:101620001ED400F03F000F4B22F0604221F06041D9
:1016300040F489101867C3F88010C3F890201A6F1F
:1016400022F480521A671A6F002AFCDAD3F870115C
:10165000054A0A40C3F870211A6F22F480321A67D3
:10166000704700BF00800D40FF7F7FFFB1F5607FB6
:10167000F0B50E468DB028BF4FF460760F46054694
:1016800072B62E4B00247022186021462C4B2D4838
:101690001C8000F0F1FCCFB121462A484FF0010C2C
:1016A0004A0901F01F03013150F822400CFA03F3FC
:1016B0008E4243EA040340F82230F1D82846002342
:1016C0004380013300F582709E42F9D81E4C257884
:1016D00015B162B60DB0F0BD082000F0D9FC1B4B6F
:1016E00080220646009302A90693194B02710560F9
:1016F00008A8029300F0D8FC06A9164A304600F06C
:10170000AFFC069B08A8DB689847009B02A8DB6833
:1017100098472378002BDCD10F4B104AC3F858218F
:101720000F49D0204FF0E023402281F84600C3F853
:1017300008210123237062B60DB0F0BD64D30320ED
:1017400004DC03206CD3032018DC0320C44A0020EF
:101750006D6D00001B10010000600020796D00001D
:1017600000E400E02B4A0021012310B4C2F8A000DD
:10177000C2F8A410C2F8B0305369DB07FCD50123CE
:101780004FF4803423495361C2F8A000C2F8A4404A
:10179000C2F8B0304B69DC07FCD501234FF40034AC
:1017A0001C4A4B61C1F8A000C1F8A440C1F8B03098
:1017B0005369D907FCD50123174C16495361C2F868
:1017C000A000C2F8A440C2F8B0304B69DB07FCD5DA
:1017D000D1F8003145F60D5021249AB24C61824275
:1017E00014D045F69D518A420CD1C3F34253032BCA
:1017F0000CD0A3F104035DF8044BB3FA83F35B0947
:101800001801704700205DF8044B704708205DF810
:10181000044B704700402A4004000300704700BF9B
:10182000704700BF704700BF00BF704710B44FF053
:10183000E023002110243248C3F8941DC3F89C4DC6
:101840001124C3F8A00D2F48C3F89C4D1224C3F8EF
:10185000A00D2D48C3F89C4D2C4AC3F8A00D2C4C6C
:1018600042F015022B48C3F89C4DC3F8A00D2A4C3A
:101870002A48C3F89C4DC3F8A00D294CC3F89C2DF1
:101880002848294AC3F8A04DC3F89C0DC3F8A02DE1
:1018900002F5A022254C0C322548C3F89C4DC3F814
:1018A000A02D244AC3F89C0DC3F8A02D02F140627C
:1018B000214C02322148C3F89C4DC3F8A02D0A32B6
:1018C000C3F89C0DC3F8A02D00BF00BF00BF00BF30
:1018D00000BF0122C3F8942DBFF34F8FBFF36F8F6A
:1018E000C3F8501FBFF34F8FBFF36F8FD3F8142D82
:1018F0005DF8044B42F44032C3F8142D704700BF2A
:101900003F000010250008070900100060DC0320DC
:1019100013002000210002071400002025000813F6
:10192000090000101600202027000B1317000040AC
:10193000180000602F000B07190000701A000080CB
:10194000F0B5824B1822824D0120824F83B0C3F83C
:101950005C528149C3F86072804CC3F86452A5F5AB
:1019600030457F4EC3F8685248F20C75C3F86C429C
:10197000C3F87042C3F87442C3F878424FF0FF34A2
:10198000DA661A675A679A67DA67C3F88020C3F87D
:101990008420C3F88820C1F82C03724AC1F83003B0
:1019A000C1F83403C1F83803C1F83C03C1F850034F
:1019B000B1696D4B0A406D486D4913436D4AB3617F
:1019C000D6F8843043F00C03C6F88430036843F043
:1019D0000203036003682B4021251A43664B026013
:1019E00044608A68654C1340654A43F00053836045
:1019F000C36823F07803C360036A13402343036280
:101A0000036A13405F4A234340F2056443628262E3
:101A1000C2620022D1F8B83023F03F0343F0010343
:101A2000C0F8B830D1F8BC30574923F03F0343F039
:101A30000103C0F8BC3002610567C0F8804045670B
:101A4000C0F884400224036823F00203036081612C
:101A50004E4B4F49C46143F8042B8B42FBD1434D9D
:101A60002B6843F001032B602C6814F00104FBD1B8
:101A70004549022340F2F5622046A96140F29941AE
:101A8000EB6140F26643C5F8002242F20142C5F81C
:101A90001032404BC5F82012C5F8303240F23543C1
:101AA000C5F834223C49C5F840323C4BC5F85012C9
:101AB0003B4AC5F8543242F20123C5F86022C5F80A
:101AC0006432FFF74FFE0646002836D083024FF4FB
:101AD00080222B660123C5F8A040244CC5F8A42021
:101AE000C5F8B0306369DA07FCD5012537056561B3
:101AF0003846FFF737FE32182A4BD2B21A7078B147
:101B000080024FF4802319496066C4F8A070C4F8BD
:101B1000A430C4F8B0504B69DB07FCD501234B61FE
:101B200021490024214801230094401A00EB02526D
:101B30001F4800F0B5FA03B0F0BD1D4B194A1860FC
:101B40001070D860C3E9010003B0F0BD00801F40F1
:101B5000F9B00100F910010000841F40F970010084
:101B600000C00F40FFFCFF1F0003008000402A4020
:101B700000802A401200FFFFFF37F700400000807E
:101B800000FFF07CFF000F83F05AF05A00422A4019
:101B900000432A409F041830EB06180A063201263B
:101BA0003806180A1EDC03200000007000000070D8
:101BB00044DB0320F0B4154A40274FF480314FF442
:101BC00080564FF400554FF4404443F242001369ED
:101BD00013F0020F0ED113F4005F0FD013F4805FE7
:101BE0000ED0002BF3DA13F4803F0BD15B060BD53C
:101BF000F0BC7047946151619061E8E75561E6E798
:101C00005661E4E79161E2E75761E0E700800D404B
:101C10003F4A03203F49F3EE095AD2F880304FF093
:101C2000000C9FED3D6A23F001039FED3C5A30B458
:101C3000C2F88030C2F89000D1F8E010384DCBB235
:101C4000384C39482B6007EE903A0B0DC1F30B214D
:101C5000F8EEE77A06EE903A07EE101A334BB8EE3C
:101C6000C77A2160F8EEE66A314937EEC66A37EE88
:101C7000C55A76EEC76A77EEE57A26EE266AC3ED98
:101C8000006A25EE265AD2F8803067EEA64AC0EDEB
:101C9000007AC6EE275A274885EE276AC4EEA76A5F
:101CA00075EE875AFCEEE55A36EE076A15EE904A55
:101CB000BCEEC66A43EA045376EE877AC2F88030F7
:101CC00016EE103AD2F89041FCEEE77A01EA0341B1
:101CD000214317EE903AC2F89011C3F30B03D2F8E8
:101CE00090110B431449C2F89031D2F8803043F080
:101CF0000203C2F88030114B80F840C0C1F8403177
:101D00004FF0E023012230BCC3F80821704700BF28
:101D100000810D4000441F400000AA420000B44270
:101D2000CCDB0320C8DB0320D0DB0320D4DB032083
:101D30000000FF0F00E400E000600020757D00005F
:101D4000314B40F6617210B5C3F8202140F20444D3
:101D500000F08AF92D4A2E49D2F880302D4843F000
:101D60000303C2F880302C4BC1F8604102681A426C
:101D700003D1D1F8A8319A071BD0254A4FF0004172
:101D8000244B5963D2F8403143F00203C2F840318A
:101D9000D2F840319B07FBD44FF400304FF0E021E4
:101DA0001C4B4FF00042C1F88C0219209A6300F0DE
:101DB00067F9184A4FF08040154C002190630A20C3
:101DC000164B11604FF42072C4F8A801184600F0B9
:101DD00053F94FF4800203464FF4810040F243115F
:101DE0001860C4F858311A640D4B0E4AC4F84811F3
:101DF000C3F804224FF0E0224FF400310123C2F86F
:101E00000C11C4F8403110BD00800D4000C00F40DF
:101E100000002E4000900D40001C1E00000000201D
:101E2000006000205D7F000008B50E4B1B6E9B0715
:101E300000D4FBBE72B60C4B00200C4AC3F8400124
:101E400003F160430A49A3F55F2311649D46BFF384
:101E50004F8F4FF400130748074ADB6902609B6805
:101E6000984700BF00441F4000002E4000C00A40B9
:101E70000300200000802020000012EB104BA02067
:101E8000104AD96E41F4403110B4D96640F237643B
:101E9000D96E41F44071D96654649064936C1B060A
:101EA000FCD4094A40F23761A02351649364936CD7
:101EB00013F08003FBD1054A13705DF8044B7047A3
:101EC00000C00F4000400C4000800C401DDC03208F
:101ED00043690A4A03EB011010B4037A084C02EB81
:101EE0000313D3E901321460C2681A6003690BB1AD
:101EF00042691A605DF8044B704700BF544B0020E4
:101F000061F801004369027E03EB021292F808C0F7
:101F10008C451CD01A7AFF2A19D0914210B504467C
:101F200016D01A7EFF2A06D00121D3E900231268B9
:101F30001A4201D1217610BD064B0522204603EB43
:101F40000C135B681A60FFF7C3FF2176F3E7704755
:101F50000021EAE7544B002043690A4A03EB0110D1
:101F600010B490F82830084C02EB0313D3E9013287
:101F70001460C26A1A60036B0BB1426B1A605DF8A1
:101F8000044B7047544B002061F801004369427EC6
:101F900003EB021292F828C08C451ED093F828203B
:101FA000FF2A1AD0914210B5044617D093F8382072
:101FB000FF2A06D00121D3E9002312681A4201D179
:101FC000617610BD064B0522204603EB0C135B68BF
:101FD0001A60FFF7C1FF6176F3E770470021EAE777
:101FE000544B0020164942698B6B23F47C0343F465
:101FF000802370B58B630446124DD2E900130A6842
:102000001A4303690A60022200211A610E4A19610B
:102010009A6401225A629D624FF43035DD624FF0BE
:1020200001159E6C1E6519629D651A61017EFFF7A0
:102030004FFF617E2046BDE87040FFF78DBF00BFB7
:1020400000C00F40B80B05053B372819F8B500BF95
:10205000F8BC08BC9E4670475FF800F0057A0000A7
:102060005FF800F0157300005FF800F0998600003B
:102070005FF800F041C000005FF800F061BF0000B1
:102080005FF800F05D7900005FF800F06D76000009
:102090005FF800F0497B00005FF800F04D9200000F
:1020A0005FF800F0B19300005FF800F0E16D000010
:1020B00045000000E16300005D6C00001974000041
:1020C00018035400650065006E007300790020005D
:1020D0004D004900440049001803540065006500A4
:1020E0006E00730079006400750069006E006F0077
:1020F0000403090409029500030100C032080B0023
:10210000020202010009040000010202010005248C
:102110000010010524010101042402060524060023
:10212000010705820310001009040100020A0000E3
:102130000007050302400000070583024000000974
:10214000040200020103000007240100012500062B
:1021500024020101000624020202000924030103F3
:102160000102010009240302040101010009050420
:10217000024000000000052501010109058402401C
:102180000000000005250101030000000902950080
:10219000030100C032080B00020202010009040022
:1021A00000010202010005240010010524010101C3
:1021B0000424020605240600010705820310000519
:1021C00009040100020A00000007050302000200E2
:1021D0000705830200020009040200020103000057
:1021E0000724010001250006240201010006240243
:1021F0000202000924030103010201000924030271
:102200000401010100090504020002000000052587
:1022100001010109058402000200000005250101F9
:10222000030000000A060002EF0201400100000066
:1022300080C00F40000000031900000010000000E3
:10224000E8841F4001000000FF000000FF000000C4
:102250000000000000000000180000001000000056
:10226000E4841F4001000000FF000000FF000000A8
:1022700000000000000000001F0000005D99000049
:1022800070C00F40000C00001100000011000000A1
:10229000E0841F40020000002C000000120000003B
:1022A000E0841F4001000000100000001100000049
:1022B000DC841F40020000002D000000120000001E
:1022C000DC841F40010000001E0000005199000046
:1022D00070C00F40C000000012000000130000009A
:1022E000D0841F4001000000FF000000FF0000003C
:1022F00000000000000000001300000013000000B8
:10230000CC841F4001000000FF000000FF0000001F
:1023100000000000000000001C00000045990000C3
:1023200000000000000000000000000000000000AD
:10233000000000000000000000000000000000009D
:102340000548064B1B1AD90F01EBA301491002D017
:10235000034B03B118477047C0620020C0620020E1
:102360000000000008B5054B1BB105490548AFF357
:102370000080BDE80840FFF7E3BF00BF0000000099
:1023800054DB0320005801602DE9F04F541E8BB040
:102390000F2C00F2A3800029C0F2A0808A42C0F274
:1023A0009D8093FBF2F402FB1433002B0093C0F2E8
:1023B0009880C4680023A2420360C0E90121D8BF0D
:1023C000C360002900F08A808A4200F0F78001246F
:1023D000551A0023A54207940195CDE9083300F36F
:1023E00083800294002940F30281009B4FF0000C8F
:1023F0004FF001098B469E46A4EB0308C3F1000A87
:10240000554607E050F8271001351943454540F877
:10241000271022D005EB0E010AAF002D2B464FEA04
:10242000611601F01F01B8BF531907EB86065F1153
:1024300003F01F0356F80C6C09FA03F326FA01F1B6
:1024400001F001010029DDD150F82710013521EA02
:102450000301454540F82710DCD10CF1010C05EBD8
:102460000408A244AEEB040EDC45C9D104FB0CF712
:10247000019E012E32D1009B0299FC1ACD1A3D44D7
:10248000DF1B07E050F82E1001341943AC4240F82E
:102490002E1023D0E1190DF1280E002C23464FEA0F
:1024A000611C01F01F01B8BF13190EEB8C0C4FEA31
:1024B000631E03F01F035CF808CC06FA03F32CFA42
:1024C00001F101F001010029DCD150F82E10013496
:1024D00021EA0301AC4240F82E10DBD10BB0BDE87D
:1024E000F08F1344009364E70DF124091D46A046C4
:1024F000A346A6468A46029404900592019C0026B3
:1025000008EB0E02029F5445304639460392A8BF9D
:10251000544603E053F80C1C53F8043C06F01F0229
:1025200080000136D14000F128070BFA02F2701149
:1025300011F0010F6F4423EA020C42EA03020AABD6
:1025400014BF47F8042C47F804CCB04503EB8003D4
:10255000E0D1002128460DE059F82530134349F811
:10256000253001310AAA4B11714502EB830314D0C7
:1025700053F8080C01F01F0208EB0103D04003F0F0
:102580001F025D11C0070BFA02F2E5D459F82500CD
:1025900020EA020049F82500E3E7544520DB019BCF
:1025A0001B1B0193019A099B012A079312DC214608
:1025B000CDF808E0039CDDE9040213E700210125C2
:1025C0000B4605FA03F401339A4241EA0401F8D1BB
:1025D000016083E7DDF80C80A246089D02938DE739
:1025E000029BB6460893AAEB04030193DAE700279F
:1025F0003EE700BFDFED7F7A90ED027AD0ED006A12
:10260000B4EEE77A10B5F1EE10FA04462DED048B26
:1026100009D4DFED797A66EEA77AB4EEE77AF1EEC7
:1026200010FA77FE877A94ED038A9FED727AB4EE02
:10263000C78AF1EE10FA54D4B7EE007A87EE089A02
:102640009FED6E7A87EEA60A20EE070A0AF044F89C
:102650006368F0EE408A082B2CD8DFE803F06F7631
:102660008087919CA8054700D4ED040AB2EE040AC5
:10267000DFED637AC0EEA70A09F04AFCB5EE400A26
:10268000B0EE408AF1EE10FA00F1B180B1EEC80A66
:10269000C8EE808AB7EE007AFFEE007A84ED087A01
:1026A000E8EE087A38EE478A28EE098AC4ED0A7AFD
:1026B00084ED098AF7EE006A78EE897AB0EE666AF0
:1026C000A7EEA86A86EE867A67EE287A84ED057A08
:1026D00027EEA80AC4ED067ABDEC048B84ED070A48
:1026E00010BDB0EE478A9FED479AA9E7D4ED040AE2
:1026F000B2EE040ADFED427AC0EEA70A09F008FC48
:10270000B5EE400AB0EE408AF1EE10FA6CD4B1EEAC
:10271000C80AB7EE007A68EE086A68EE808A77EE3B
:10272000487A37EE667AC4ED086A67EE897A84EDF6
:102730000A7A67EE887AC4ED097ABBE700234FF086
:102740007E5223626362A262B4E7F1EE497A4FF0EF
:102750007E522D4B2262C4ED097AA362AAE70023C0
:102760004FF07E522362A3626262A3E7F1EE497AE0
:102770004FF07E5200232262C4ED097AA36299E7EA
:10278000F1EE497A4FF07E524FF040432262C4EDA1
:10279000097AA3628EE7F8EE007A4FF07E520023AA
:1027A000226269EE277AA362C4ED097A82E7DFED3F
:1027B000147AB2EE040AD4ED040AC0EEA70A09F0B6
:1027C000A7FB0023A362B7EE007A28EE008AFFEE93
:1027D000007A84ED087A87EE089AE0EE007A67EED8
:1027E000897AC4ED097A65E709F054FF91E709F0A9
:1027F00051FF4DE76F12833A48E1FA3EDB0F494043
:1028000000002042FFFF7944000080BF436830B4DD
:102810002DED048B042B00F25981DFE803F037CB58
:102820005D9503008168CE4A0D6890ED0E7A2A44CA
:102830009FEDCC6A82EAD2330A6042F0010202FBC9
:1028400003F383EAD31243F03D0404FB0232534006
:1028500083EA933307EE903AF8EE677A67EE867A6A
:10286000B4EEE77AF1EE10FA00F33381D0ED0B6AA3
:1028700090ED0C0A26EE800AD0ED0F7A67EEA67A6C
:10288000C0ED0B7ABDEC048B30BC70478168B0EEB4
:10289000007AB34ABFEE000A0B68DFEDB26A1A4451
:1028A00082EAD23342F001000A6000FB03F383EABC
:1028B000D31243F03D0101FB0232534083EA9333CC
:1028C00007EE903AF8EE677ABDEC048B67EEA67AD5
:1028D00030BCA7EE870A70478168B0EE005AA04A64
:1028E000FFEE006A0B68B0EE0C0A90ED0A7A1A440B
:1028F000DFED9C4ADFED9C5A42F0010482EAD233BC
:102900000A6004FB03F39FED996A83EAD31243F054
:102910003D0101FB0232534083EA933307EE903AC4
:10292000F8EE677ABDEC048B67EEA47A30BCE7EE74
:10293000856AF0EE477AE6EEA57A87EE867A27EE8C
:10294000000A80ED0A7A70478168854A0B6890ED2D
:102950000D7A1A44DFED836A82EAD23342F0010035
:102960000A6000FB03F383EAD31243F03D0101FB4D
:102970000232534083EA933307EE903AF8EE677AD7
:1029800067EEA67AB4EEE77AF1EE10FA40F29E8096
:10299000B6EE006AB7EE000AFFEE006A27EE067A8E
:1029A000BDEC048BB4EEE77A30BCF1EE10FA30FEE9
:1029B000260A70478468B0EE009A694ABFEE004A62
:1029C0002368D0ED038A1A4490ED040AD0ED050A7D
:1029D00042F0010182EAD233D0ED061A01FB03F383
:1029E000DFED609A226083EAD31143F03D02DFED10
:1029F000607A02FB0132DFED5F4A9FED5F8A534050
:102A0000DFED5E3A9FED5E5A83EA93339FED5D1AE8
:102A1000DFED5D5A07EE103A9FED5C6ADFED5C6A10
:102A2000B8EE477A9FED5B2AD0ED072A9FED5A3A20
:102A300027EE297AA7EE094A64EE277A64EE244A43
:102A400024EE055AE8EE887AE0EE234AD0ED083A03
:102A5000A0EE815A24EE066A64EE255A26EEC47A68
:102A6000F0EE466A9FED4D6AE1EE825AC0ED037AC0
:102A700037EEA40AC0ED044AE2EE836AD0ED092ADB
:102A8000A3EE867A9FED463A30EE050A9FED456A41
:102A9000DFED453A64EE067A80ED055A30EE250A00
:102AA000C0ED065AC0ED076AC0ED097A30EE260A7D
:102AB00080ED087ABDEC048B30EE070A30BC30EEB6
:102AC000220AA4EE030A20EE230A70479FED370A7C
:102AD000D8E6374BF6EE005A364C2B449FED365A6B
:102AE0002C44DFED366A83EAD33243F001030C60F5
:102AF00003FB02F242F03D0382EAD21103FB012103
:102B000084EAD43344F001044A4004FB03F382EA2C
:102B1000923283EAD31143F03D0407EE902A04FB7E
:102B20000131B8EE677A4B4083EA933327EE067A99
:102B300007EE903AE7EE056AF8EE677A67EE867A76
:102B4000F4EEE57AF1EE10FA05D4B0EE660A4FF035
:102B50007E53036390E6B1EE660A194BF9E700BFB6
:102B6000F5792B6D0000802F0AD7A33C5C8F823F44
:102B7000BD66633D65C1993D4AB57F3F384A7E3F9A
:102B8000618B1D3E6210783FF8F79E3E8E6F083FC6
:102B9000AD6D8A3CF2D25D3FCDCC0C3F38F842BFE0
:102BA0006744093F9C6AED3DAE47E13D00000000EF
:102BB000EAF356DADF6D82473333333F9A99993E11
:102BC000000080BFF6EE007A90ED016AD0ED024A77
:102BD000B4EEE76AF1EE007AF1EE10FA10B540F1CA
:102BE000C880BFEE000AA6EE270AF5EEC04AF1EE55
:102BF00010FA40F3B080B3EE003A9FED604AB2EEB7
:102C0000005A64EE833A24EE855A76EE637A36EE05
:102C1000237AFAFE677AFDEEE77ABBFE477A17EE73
:102C2000902AFDEEC77A17EE904AA24239DCF0EE08
:102C3000441A90ED032A0134DFED512A514912E084
:102C4000F8EEE77ADEED006ADEED015A013237EE8A
:102C5000677AA24275EEE65AF0EE667AE7EE257ADA
:102C6000A5EE274A1DD007EE902AB0EE437AF8EE83
:102C7000E77A76EE677AA7EE827A27EE227AFBFE73
:102C8000477AFDEEE77A17EE903AB3F5006F01EB65
:102C9000830ED5D30132F0EE617AA242A5EE274A27
:102CA000E1D1B6EE003A30EE044A9FED340AB1EEBF
:102CB000455A36EE433A73EE637A33EE237AFAFEE0
:102CC000677AFDEEE77ABBFE477A17EE902AFDEEB3
:102CD000C77A17EE901A8A423BDCB3EE002AD0ED99
:102CE000032AF0EE401A0131DFED253A254C12E0BF
:102CF000F8EEE77ADEED006ADEED015A013237EEDA
:102D0000677A8A4275EEE65AF0EE667AE7EE257A41
:102D1000A5EE270A1DD007EE902AB0EE427AF8EE13
:102D2000E77A73EE677AA7EEA27A27EE237AFBFEA4
:102D3000477AFDEEE77A17EE903AB3F5006F04EBB1
:102D4000830ED5D30132F0EE617A8A42A5EE270ACE
:102D5000E1D134EE000A36EE246AF7EE007AB4EEE2
:102D6000E76AF1EE10FAA8BF36EE676A80ED016AF5
:102D700010BDB0EE080AA6EE670A36E700000000B4
:102D800000008042300A002010B52DED068B9FED2B
:102D9000C69A0B46B0EE408A82B0B4EEC90A044629
:102DA0001146F1EE10FA40F31E82DFEDB27AB4EE76
:102DB000E70AF1EE10FA00F17B81AF484C22636024
:102DC000206004F1080006F0B5FFDFEDAA7AB4EE4A
:102DD000E78AF1EE10FA00F17281A74B6365DFED2F
:102DE000A57AB4EEE78AF1EE10FA00F16A81A24BFF
:102DF000E366DFEDA07AB4EEE78AF1EE10FA00F1B7
:102E000062819D4A0123C4F88420C4F89830DFED24
:102E1000997AB4EEE78AF1EE10FA00F159819648FA
:102E20004FF07E5395490022C4F89C0004F1BC0089
:102E3000C4F8A010C4F8A420C4F8A830DFED8D7A3F
:102E4000B4EEE78AF1EE10FA00F16A818A4B019044
:102E5000C4F8BC30FFF7CEFB00230198C4F8C030A3
:102E6000FFF7C8FBDFED837AB4EEE78AF1EE10FAE4
:102E700000F11782DFED8D7AF0EE678AC4ED3C7ABF
:102E8000DFED7C7AB4EEE78AF1EE10FA40F1798159
:102E9000DFED7F7A9FED7F7A68EE277A87EE270A4B
:102EA00084ED438A08F0F0FE9FED7B0A9FED7B9A4C
:102EB00028EE000A89EE000A08F0E6FE9FED780A87
:102EC00028EE000A89EE000A08F0DEFED4ED027A50
:102ED00094ED090A94ED0AAA94ED0B9AB6EE007AE5
:102EE000D4ED0C9AB5EEC00A77EE877AF1EE10FABF
:102EF000FDEEE77A17EE903A83F30203A366C4F877
:102F0000803040F25A8120EE280ADFED627A87EEA7
:102F1000800A08F0B9FEF7EE007A37EEC00AB5EE87
:102F2000C0AA84ED400AF1EE10FA40F22F812AEE99
:102F300028AA9FED5A0A80EE0A0A08F0A5FEF7EECD
:102F4000007AF5EEC09A37EEC00AF1EE10FA84ED81
:102F5000410A40F2258169EEA89A9FED500A80EE61
:102F6000290A08F091FEF7EE007AB5EEC09A37EE26
:102F7000C00AF1EE10FA84ED420A00F11B81F7EE6F
:102F8000007AB4EE679AF1EE10FA37FE899A94ED62
:102F90000D0A84ED3F9AB5EEC00AD4ED0E9AD4ED39
:102FA0000F8A94ED109AF1EE10FA40F2198120EE9A
:102FB000080ADFED387A87EE800A08F065FEF7EE42
:102FC000007A37EEC00AF5EEC09A84ED470AF1EEBA
:102FD00010FA40F2028169EE889A9FED300A80EE85
:102FE000290A08F051FEF7EE007A37EEC00AB5EE76
:102FF000C09A84ED480AF1EE10FA40F2E18029EE21
:10300000089A9FED260A80EE090A08F03DFEF7EEC9
:10301000007AF5EEC08A37EEC00AF1EE10FA84EDC0
:10302000490A00F1D780F7EE007AF4EE678AF1EEF4
:1030300010FA77FEA88ABFEE007AD4ED127AC4EDBA
:10304000468AF4EEC77AF1EE10FA00F10E81B7EE7F
:10305000000AF4EEC07AF1EE10FA40F30B819FED16
:10306000088A84ED508A84ED510A02B0BDEC068BCB
:1030700010BD00BF8096184B00803B47B8BF813D14
:103080002EBD3BB36666E63E00007A44DB0FC9C046
:103090000AD7233C549F8CBFCDCCCC3D8E5D93C0D2
:1030A000CDCC4C3E49FF15BB0000000000803B47E3
:1030B0004C22083084ED000A636006F03BFE84ED8C
:1030C000158A84ED1B8A012384ED218AC4F8983087
:1030D0005FED147A38EE080A1FED157A04F1BC0092
:1030E00068EE277A5FED176A84ED278A0190F4EE87
:1030F000C77AF1EE10FA58BFF0EE477A67EEA67A7B
:1031000087EE800A08F0C0FD00230198C4F8A430BF
:10311000F7EE007A37EEC00AC4ED2A7A84ED280A69
:1031200084ED2F8AF0EE488A0190FFF763FA0023BE
:103130000198C4F8C030FFF75DFA5FED2B7A1FED00
:103140002B7A68EE277A87EE270AC4ED3C8A08F0CE
:103150009BFD1FED2F0A1FED2F9A28EE800A89EEA6
:10316000000A08F091FD1FED320A28EE800A89EE70
:10317000000A08F089FDB5EEC08AF1EE10FA3FF7BB
:103180007FAE1FED380A1FED378A89E6F5EEC09A4B
:10319000B7EE000AF1EE10FA84ED410A3FF6DBAE1D
:1031A000B5EEC09AB7EE000AF1EE10FA84ED420ACD
:1031B0007FF5E5AE1FED449AE9E6B7EE000AAEE60C
:1031C000F5EEC08AB7EE000AF1EE10FA84ED490A76
:1031D0007FF529AF5FED4C8A2DE7B7EE000A06E7D1
:1031E000B7EE000AEFE65FED4F8A4C2243600830ED
:1031F00040ED028A06F09EFDB5EEC08AF1EE10FAAF
:103200003FF7E3ADC4ED158A3FF7E9ADC4ED1B8A86
:103210003FF7EFAD4FF00103C4ED218AC4F89830B9
:103220003FF7F5AD4FF07E532E4A04F1BC00C4EDDC
:10323000278AC4F8A02084ED299AC4F8A8303FF763
:10324000FDADC4ED2F8A0190FFF7D4F9002301985A
:10325000C4F8C030FFF7CEF9B5EEC08AF1EE10FA2F
:103260003FF700AE9FED200A6FE7B7EE008A9FEDB3
:103270001F0AF6E637EE808A9FED1D7AF5EE007A9A
:1032800028EE078A28EE278AB0EE480A09F0D4F81B
:10329000F0EE407AB0EE480AB0EE678A08F0C8FF58
:1032A000DFE6DFED147AF0EE488A9FED130A68EE50
:1032B000277A84ED3C8A9FED119A80EE270A08F068
:1032C000E3FC9FED0F0A28EE000A89EE000A08F0E1
:1032D000DBFC9FED0C0A28EE000A89EE000A08F0DC
:1032E000D3FCD5E5B8BF813D49FF15BB0000000008
:1032F000DB0F49400AD7233C549F8CBF8E5D93C09F
:10330000CDCCCC3DCDCC4C3ED0ED117AF5EEC07A93
:1033100038B5F1EE10FA04462DED048B00F3FE8073
:10332000D0ED4D6A90ED4E7AF6EE005AD4ED038A58
:1033300067EEA66A94ED4A9AB2EE0E6A68EEA58A26
:1033400067EE877A9FEDC47AB0EE000AF0EE680A65
:1033500027EE868AD6EE860AC0EE870A08F0D8FDE8
:1033600094ED157ADFEDBD6A29EE000AC0EE077A0A
:10337000F4EEE67AF1EE10FA00F121819FEDB86AE1
:10338000F4EEC67AF1EE10FA00F3AF80F4EEE67ACE
:10339000C4ED177AF1EE10FA40F35881F7EE006AA7
:1033A00086EEA77ADFEDAC0A84ED187A78EE888A8B
:1033B000B0EE000AC8EEA00A08F0AAFD94ED1B7A50
:1033C000DFEDA66A29EE000AC0EE077AF4EEE67A8F
:1033D000F1EE10FA00F1F8809FEDA16AF4EEC67AE2
:1033E000F1EE10FA00F3F580F4EEE67AC4ED1D7A02
:1033F000F1EE10FA40F32D81F7EE006A86EEA77A1F
:10340000D4ED216A9FED956A84ED1E7AF6EE007A7E
:1034100029EE279AC9EE267AF4EEC67AF1EE10FA72
:1034200000F1C880DFED8E6AF4EEE67AF1EE10FA74
:1034300000F3D480F4EEC67AC4ED237AF1EE10FAEC
:1034400040F30181F7EE006A86EEA77A94ED4B6AAD
:10345000D4ED140AD4ED086AD4ED457A60EE860AFC
:1034600094ED058A84ED247AB0EE000AE6EEA70A10
:1034700008F04EFDF3EE046A28EE000AD4ED007A5F
:103480009FED786AB6EE007AD4ED075AB4EE660A7C
:1034900067EE867AF1EE10FA48BFB0EE660AB4EE37
:1034A000670AF1EE10FAF4EEC75A37FE800AF1EE21
:1034B00010FA1FD5DFED6C6AD4ED277AB4EEE60A78
:1034C00094ED068A37EEA77AF1EE10FA00F18B80C0
:1034D00067EE867AB4EEE70AF1EE10FA40F3AE80BA
:1034E000DFED626A27EEA60A7FE09FED617A84ED48
:1034F000176A57E7F2EE037AD4ED066A002304F167
:10350000BC0084ED310AA6EEA77AC4F8CC3084ED75
:10351000327AFFF76FF8BDEC048B38BD4568BEEE1C
:10352000006A544B2A685449F0EE466A1344D0EDC1
:103530004D3A114490ED4E4A83EAD33243F00103F1
:1035400041F0010CDFED4D4A03FB02F281EAD13379
:103550009FED4B5A0CFB03F382EAD21042F03D0C74
:10356000DFED485A0CFB0020424082EA923207EE1F
:10357000102A83EAD312B8EE477AE7EE246A66EEA1
:10358000856AE3EEA56AC4ED4D6A296043F03D010A
:1035900001FB0232534083EA933307EE103AB8EE50
:1035A000477AA7EE246A26EE057AA4EE257A84ED02
:1035B0004E7AB9E6B0EE467A84ED236A46E7B0EE7D
:1035C000667AC4ED176AEDE6B0EE667AC4ED1D6A60
:1035D00016E79FED277A84ED1D6A11E79FED247AA7
:1035E000C4ED236A32E79FED280A80EE070A08F04F
:1035F0004BFBF7EE007AB5EEC08A37EEC00AF1EE6B
:1036000010FA84ED280A09D4DFED207AB4EEE78AB7
:10361000F1EE10FA0DDD9FED1E8A01E09FED0F8A9D
:103620004FF07E5384ED298ABDEC048BC4F8A8309A
:1036300038BDF1EE007A28EE278AF1E7DFED0B7A4C
:1036400020EE270AD1E7B0EE467AFFE6B0EE667AC2
:10365000A8E6B0EE667AD3E60000964400000000CB
:1036600048E1FA3E6666E63E6F12833ADB0FC9C058
:10367000BC9C0240F5792B6DEAF356DA0000802FEE
:10368000CDCC4C3D77BE7F3F2FE3CDBB6666863FFA
:10369000666686402DE9F04F2DED068B0F9CB7EE48
:1036A000006AD0ED075AA342D0ED044A36EE654ACF
:1036B00090ED055A80F2678101EB840836EE452AC9
:1036C00002EB830EF0EE042A01EB830CB0EE003A1D
:1036D000F6EE006ADFEDAE1AF7EE083A056A046B03
:1036E00090F84CA090F85C90476A466BC16BC26A38
:1036F000F9E0D0ED0A7AF8EE670AB4EEE01AF1EEDE
:1037000010FA00F32E81FDEEC17AF8EEE70A17EE0B
:1037100090BA71EE600A531EA3EB0B0313F1010B79
:1037200048BFBB44002B05EB8B0B9BED008AC0F21E
:10373000098105EB830B9BED001A03F1FF3B002B86
:1037400000F00881F0EE487A023B05EB8B0B37EE78
:10375000467A48BFDB19E1EE627ADBED008A05EBC1
:103760008303B4EEC67A31EE680A93ED009A78EEE0
:10377000C89AF1EE10FA39EE488AE8EE837A20EE24
:10378000230AA8EE260AE9EE667AE0EE207A67EED2
:10379000A07AE9EEA67AA7EEA01AC0F2DD80D0EDFD
:1037A0000E7AF8EE670AB4EEE07AF1EE10FA00F362
:1037B000E180FDEEC77AF8EEE70A17EE90BA77EEF1
:1037C000600A4B1EA3EB0B0313F1010B48BFB3447C
:1037D000002B04EB8B0BDBED008AC0F2A98004EB1D
:1037E000830B9BED007A03F1FF3B002B00F0A880D8
:1037F000F0EE687A023B04EB8B0B90ED120A48BFA7
:103800009B19E7EE627A9BED009A04EB830337EE97
:10381000498AD3ED009A39EE68AA28EE238AE9EEA8
:10382000037A79EEE88AA8EEA68AE9EEE67AE8EE6F
:10383000207A90ED118A67EEA07AEAEE267AA7EE5A
:10384000A07A65EE077AE1EE027A67EEA47A77EE67
:10385000C00AA8EE200A80ED120ABAF1000F01D0CA
:1038600037EEC00A65EE017AD0ED160AD0ED158A62
:10387000E7EE027A67EEA47A37EEE08AE8EE880A8D
:10388000C0ED160AB9F1000F01D077EEE00ADCEDC9
:10389000007A05EB8203013225EE811A77EE807AF9
:1038A000BA4208BF002225EE877AC3ED007A04EB06
:1038B0008103C2620131DEED007AB14208BF00210E
:1038C00077EEA07AC3ED007AC163DCED007AA7EE53
:1038D000841AACEC011AC445DEED007AA7EE847AB6
:1038E000AEEC017A4FD0D0ED1A7AD0ED190A90EDF6
:1038F000188A70EEE70A90ED1D7A90ED1C1A90ED93
:103900001B0AE8EE207A31EE471AA0EE017A37EE74
:10391000C61AC0ED1A7AB4EEC61A80ED1D7AF1EE21
:1039200010FABFF6E6AEF0EE610A4FF0010BF2E6D8
:1039300006EB030B04EB8B0B9BED007A03F1FF3BD3
:10394000B34455E707EB030B05EB8B0B9BED001A1C
:1039500003F1FF3BBB44F5E6F0EE610A4FF0010BCB
:103960002FE7FDEEE07A17EE90BAF8EEE77A70EE08
:10397000E70AD0E6FDEEE07A17EE90BAF8EEE77AC5
:1039800070EEE70A1DE7BDEC068BBDE8F08F00BFC7
:1039900000000000B1F5C87F9FED976AF1EE005A74
:1039A00028BF4FF4C871F6EE006A142938BF1421FD
:1039B00007EE901AF8EEE77A2DE9F84387EE867A5B
:1039C00000F5583505F6844395F8C97C2DED0A8B32
:1039D000D3ED00AAC6EE278AC5F8881CB6EE088A81
:1039E00027EE257ACAEE877A28EE888A68EEA68ABC
:1039F00077EEA67AFDEEE77A17EE903A012BB8BF84
:103A00000123C5F88C3C002F7ED000F5A0447B4AF2
:103A10004FF07E517A4804F28C73D3ED017A1A612B
:103A2000B4EEE78A774A83ED028AC3ED038AF1EEAA
:103A300010FA5861D9619A6103DDB0EE678AC3ED6F
:103A4000027AF4EEE78AF1EE10FA05DDF0EE678A0D
:103A500004F28C73C3ED037A04F28C7104F2EC70FF
:103A600004F5FF6204F2CC7391ED007ADFED667A23
:103A700027EE088ADFED656A27EE287A80ED018A55
:103A800082ED017A93ED000A60EE277AF4EEE67A91
:103A9000F1EE10FA00F10582DFED5D7A87EE800A23
:103AA00008F0F2F804F2CC7104F2DC73DFED567A20
:103AB000DFED566A0022B7EE007A37EE400A81ED5C
:103AC000010A93ED000A84F8D82760EE277AF4EE15
:103AD000E67AF1EE10FA40F189819FED4E7A67EEB9
:103AE000877A87EE800A08F0CFF804F2DC720023B0
:103AF000F7EE007ABDEC0A8B37EEC00A82ED010AC0
:103B000084F8E837BDE8F883F5EEC0AA45F28C7377
:103B1000414E0344F1EE10FA03F178021E4440F3E3
:103B20008580DFED3E7AF4EEE7AAF1EE10FA40F17F
:103B30006381DFED3D7A00F5A04487EEAA9A04F296
:103B40008C73C3ED00AAB4EEE69AF1EE10FA7DDDB7
:103B500045F6C45945F6C058C3ED016A10463946CA
:103B6000C4F8AC27C4F8B097B0EE669A2C4AC4F8F3
:103B7000B4870AF085FB3046294A3946C4F8C09715
:103B8000C4F8B877C4F8BC67C4F8C4870AF078FBF7
:103B9000C4F8C877DFED1C9A04F2CC73DFED217A0C
:103BA000B0EE6ACA6AEEA99A9FED1A7AC3ED00AA2E
:103BB000F4EEE79AB0EE69BAF1EE10FA48BFF0EE13
:103BC000697A27EE870A80EE2A0A08F05DF800235A
:103BD00084F8D837DFED137AB4EEE7BAF1EE10FAD5
:103BE00040F16D81DFED0B7AF0EE6ABA6BEE277A69
:103BF00087EEAA0A67E000BF000070423D0AD73E88
:103C0000EC51383E0040834548E1FA3E0040834590
:103C1000C22ACEC6DB0FC9C0887701008096184B38
:103C20001077010000007A440080BB465FED027A05
:103C300000F5A044A54987EEAA9A04F28C73196096
:103C4000B4EE669AF1EE10FA36FE899A002704F275
:103C50008C7345F6C45945F6C05883ED019A104659
:103C60003946C4F8AC27C4F8B097994AC4F8B48769
:103C70000AF006FB3046964A3946C4F8C097C4F8A5
:103C8000B877C4F8BC67C4F8C4870AF0F9FAF5EE4F
:103C9000C0AAC4F8C877F1EE10FA00F3DF8004F28E
:103CA000CC739FED8CCA8C4A83ED00CA5A6084F8AD
:103CB000D87700F3E480DFED899AF0EE4CBA9FEDFF
:103CC000880AB0EE69BA04F2DC73B7EE00AAC3ED5D
:103CD00000BA07F0D9FFDFED837ABFEE007A002348
:103CE0006AEEA77A84F8E837C7EE27CAB0EE6C0A06
:103CF00007F0CAFFF0EE407A04F2EC73B0EE6C0A03
:103D00007AEE677AC3ED007A07F0BEFF3AEE400A1A
:103D100004F5FF62B4EEC98A04F28C73724982ED35
:103D2000000A724AF1EE10FA83ED028A5A61704A73
:103D3000C3ED038A196183ED07AA9A6103DDB0EE32
:103D4000498A83ED029AF4EEC98AF1EE10FA05DD94
:103D5000F0EE498A04F28C7383ED039ADFED657A05
:103D6000F4EEE79AF1EE10FA43D59FED630A29EEDF
:103D7000800A80EE0C0A07F087FF9FED5E7A04F25E
:103D8000CC73F7EE007AB4EEC7BA37EEC00AF1EEA4
:103D900010FA83ED010A26D59FED570A2BEE000A93
:103DA00080EE2B0A07F070FF04F2EC7204F5FF635B
:103DB00004F2DC740121F7EE007A2AEE888A6AEEBA
:103DC000A88A37EEC00A84ED010A82ED018A82EDED
:103DD000028AC3ED018AC3ED028A85F8C91CBDECD5
:103DE0000A8BBDE8F8839FED450AD9E7DFED437AFA
:103DF00077E69FED420ABCE7DFED417A00F5A0448B
:103E0000324987EEAA9A04F28C731960B4EEE69AEE
:103E1000F1EE10FA7FF71AAF45F6C45945F6C058CF
:103E2000C3ED016A10463946C4F8AC27C4F8B09710
:103E3000B0EE669A264AC4F8B4870AF021FA3046F2
:103E4000234A3946C4F8C097C4F8B877C4F8BC67A9
:103E5000C4F8C4870AF014FAC4F8C877DFED297AE9
:103E6000F4EEE7AAF1EE10FA3FF594AE04F2CC734B
:103E70001649194A19605A60002384F8D837DFEDD3
:103E8000217AF4EEE7AAF1EE10FA0FD4DFED139ADF
:103E90009FED10CAB0EE69BA9FED110AF0EE4CBA70
:103EA00011E79FED157A67EE877AF7E59FED16BA71
:103EB000DFED0A9A2AEE8BBA9FED06CA8AE6DFED9D
:103EC000137AF0EE6ABA87EEAA0AFCE600803B4756
:103ED0001077010000803B472047FB3D00C0B746FC
:103EE000920A06BE9A99193E3D0AD73EEC51383ED9
:103EF0000040834500408345DB0FC9C0C22ACEC6BF
:103F00000080BB468096184B48E1FA3E7C59C4C5F8
:103F10002DE9F04F00F55835002204464C4805F6CF
:103F200084432DED088B83ED000A0BEE901AB0EE62
:103F3000408A9DB001466F2385F8C92CC5F8942CA2
:103F4000C5F8902CC5F8982CC5F8A02CC5F89C2C69
:103F5000C5F8A42C01E011F8013F0132002BFAD181
:103F60003C4B77213C4E53406F2201E010F8012F6B
:103F70004B40114606FB03F34FEAF343002AF5D109
:103F8000364983EA1343364801FB03F3354983EA94
:103F9000533301FB03F3014683EA134323606F238A
:103FA00001E011F8013F0132002BFAD1294B7721B2
:103FB000294E53406F2201E010F8012F4B4011466B
:103FC00006FB03F34FEAF343002AF5D1234983EAC2
:103FD0001343254801FB03F3224983EA533301FBD2
:103FE00003F3014683EA134363606F2301E011F892
:103FF000013F0132002BFAD1164B7721164E534068
:104000006F2201E010F8012F4B40114606FB03F32D
:104010004FEAF343002AF5D1104983EA134301FB29
:1040200003F3104983EA533301FB03F30F4983EA97
:1040300013430846A3606F2301E010F8013F0132EB
:10404000002BFAD1034B6F2603485340772211E02F
:10405000A908002067E6096A512D9ECC6BCAEB8542
:10406000BD08002035AEB2C2D1080020E50800200E
:1040700011F8016F5340324600FB03F34FEAF3435C
:10408000002EF5D1CE4A83EA1343B5EEC08ADFF89D
:10409000B4C302FB03F3CB4A09AF4FF0000983EA34
:1040A0005333F1EE10FA02FB03F383EA1343E360A8
:1040B0009CE80F0087E80F0040F33986DFEDC27AF5
:1040C000B4EEE78AF1EE10FA00F1FA82BF4B04F188
:1040D000200C236197E80F008CE80F00DFEDBA7A1F
:1040E000B4EEE78AF1EE10FA00F1F282B74B2363E7
:1040F000DFEDB57AB4EEE78AF1EE10FA00F16187F0
:10410000B24B04F10C0EB24AE363B24BA363B24B61
:1041100007CA636404F1480387E8070083E80700DF
:10412000DFEDA97AB4EEE78AF1EE10FA00F1F6823B
:10413000A64BA3650223E366DFEDA37AB4EEE78A1C
:10414000F1EE10FA00F1EE82A04B23670223C4F8CF
:104150008430DFED9D7AB4EEE78AF1EE10FA00F1DB
:10416000E682B2EE006A9FED9D7ADFED9D7ABFEEAA
:10417000000AC7EE086A954BC4F890E0C4F888308E
:104180000023C4F88C3086EE087A68EE277A80EE39
:10419000270AC4ED2F6A84ED307A07F075FD04F12B
:1041A000C80084ED310ADFED887AB4EEE78AF1EEDB
:1041B00010FA00F1DD82854B0090C4F8C830FEF79C
:1041C00019FA01230098C4F8CC30FEF713FA854B96
:1041D0000098C4F8D030844BC4F8D4300023C4F81D
:1041E000D830FEF707FADFED787AB4EEE78AF1EE21
:1041F00010FA00F1D482754BC4F8FC30DFED727A0E
:10420000B4EEE78AF1EE10FA00F1DF866F4BC4F8E6
:104210000831764BC4F80431DFED6B7ADFED748A38
:10422000B4EEE78A9FED730AF1EE10FA48BFF0EEA4
:10423000488A4FF07E539FED6E7ADFED636A04F19A
:104240009002C4F820314FF001086B4B84ED440A12
:10425000C4F81C312346C4ED458AB5EEC08AF0EEA1
:10426000477AF1EE10FA08DDB4EEE68AF1EE10FAC4
:1042700054BFF0EE477AF0EE487AC3ED497A18332E
:10428000C3F820819A42E8D1B5EEC08A04F5DA700D
:10429000F1EE10FA40F33285DFED4B7AB4EEE78AA7
:1042A000F1EE10FA40F13D8684ED6D8A0090FEF744
:1042B000A1F90098C4F8B881FEF79CF99FED4F7AF8
:1042C000DFED4F6AF0EE487A28EE077A009886EE26
:1042D000870AC4ED7A7A04F65828009007F0D4FCD7
:1042E000DFED487A9FED487A68EEA77A3E4B84ED81
:1042F0007C0AC4F8C0310023F4EE477A0098C4F871
:10430000C431DFED3BAAF1EE10FA9FED40BA9FED0C
:1043100040AADFED409A77FE277AC4ED6F7AFEF768
:1043200069F94C223C49384605F004FD4FF08143C1
:104330003A4604F108010A934FF07A5304F5FA70F3
:10434000B0EE480A0D9304F55A77344B9FED349A3A
:104350000993344BDFED348A0B93344B0C93344B7D
:104360000F93344B1093344B1193344B1293344BC3
:104370001393FEF709FD45F2B873221DDFF8C8E07C
:104380000DF1100CE318019202940093009C00952B
:10439000019DBEE80F00ACE80F00B5EEC08AF1EE5B
:1043A00010FA40F35082F0EEC87AF4EE4B7AF1EE58
:1043B00010FA94BFF0EE487AF0EE6A7A4AE000BF55
:1043C0006BCAEB8535AEB2C28096184B00803B4776
:1043D000000700206DE87F3FA5437F3F0000FA44BF
:1043E0006F12033B0000E1448104353FA0CB7F3FC7
:1043F00000803B4727C17F3F0AD7A33D0AD7A33D93
:10440000550CDDC06666E63E00C0DA45FFFF7F7FE3
:104410000AD7A33EAE47613E0C0700209A99193E89
:104420009A9919409A99193FCDCC4C3F00006144AC
:10443000CDCCCC3E6F12833BEC51383E6666E63EF7
:104440008FC2F53DF0060020580700200000000054
:10445000CDCC4C3D0DF11009A7F1240E8DED04AA31
:104460004FF4DE7BCDED059A4FF4DC7A8DED079AA3
:10447000BC4647ED0B7A47F8285CCDED088A5FED26
:104480000D7AB9E80F00AEE80F00D9F80030CEF889
:10449000003047F8107C47E903BAECEC017AE045BC
:1044A000FBD157ED0B7ABFEE000A1FED177A4FF0E4
:1044B000000967EE877A47F8049C80EE270A07F028
:1044C000E3FB41F2145241F2D44390443B4417447D
:1044D000BC4283ED000A7FF460AF029C40F2097198
:1044E000DA4A4B4604F55430009D971DCC46A0F89F
:1044F000DA1A40F206310190A0F8DC1AC0F8D42A8A
:104500000120D349DDF804E001E012F8013FA1FBEE
:10451000039897424FEAD80808EB4808A3EB8803B2
:1045200003F10C03A1FB03984FEAD80808EB4808F5
:10453000A3EB880300FA03F34CEA03031FFA83FC9E
:10454000AEF8D8CAE1D1C34AB2EE086ADFEDC26A5A
:104550000023224407EE903A0133F8EEE77A0C2B61
:1045600067EEA67A87EE867AA2EC017AF2D10198FC
:10457000BA4900F52E62C0F8183BDFF820C351633A
:10458000C2ED0C6A4522A444B54BC0F81C2B002296
:10459000674603F10F01C5F8A82C0522C5F8AC2C1D
:1045A0000322C5F8B02C0422C5F8B42C624601E001
:1045B00013F8016B994202F8016FF9D1A94802235F
:1045C000A94900222044C5F824342144C5F82824F0
:1045D0000346C5F82C2485F830241A60303303F8DC
:1045E0002C2C03F82B2C9942F7D1A04BA5F82024B2
:1045F0009F4AE3182244039317F8013F072B00F268
:104600004B83BA42F8D101234FF00208B7EE007A8B
:10461000664602930023C646DFF880929A46A84673
:104620000094D645A8BFD646BEF1000FC0F2E38085
:10463000DFF86CC20EF1010E74780027B44401213A
:10464000D8F828B4BBF1000F40F3E08000231A46ED
:1046500003E001325A4500F0D78050F823500C3364
:104660008D42F6D102EB420200EB021292F805B045
:10467000BBF1000F00F0B080511D002303E00133B7
:104680005B4500F0A98011F8015FA542F7D102EB6C
:104690008303D3ED047A77EE877AC3ED047A01378A
:1046A000BE4500F0A88074780CEB0903012113F8D3
:1046B000012F9E4202EBC101F9D10CF1FF3CBFE793
:1046C00004F1200C84ED048A97E80F008CE80F00B9
:1046D000F0EE487A84ED0C8A9FED667ADFED668A0B
:1046E00067EE877A84ED0F8A88EEA70A07F0CCFA86
:1046F00084ED0E0A9FED610A28EE000A88EE800A1A
:1047000007F0C2FA5E4A04F1480304F10C0E84ED8E
:10471000110A07CA87E8070083E80700022384ED2F
:10472000168AE366022384ED1C8AC4F88430B2EE54
:10473000006A9FED547ADFED547ABFEE000AC7EEAF
:10474000086A0023C4F890E084ED228AC4F88C3013
:1047500086EE087A68EE277A80EE270AC4ED2F6A83
:1047600084ED307A07F090FA04F1C80084ED310A44
:1047700084ED328A0090FDF73DFF01230098C4F8D4
:10478000CC30FDF737FF414B0098C4F8D030404B98
:10479000C4F8D4300023C4F8D830FDF72BFFF0EE76
:1047A000487A84ED3F8A9FED3B7AF0EE488A9FED90
:1047B000329A67EE877A84ED428A89EE270A07F0FB
:1047C00063FA84ED410A9FED340A28EE000A89EE6F
:1047D000000A07F059FA2CE502EB0B0301379C7134
:1047E000BE4502EB8B030BF1010B83ED047A82F8DB
:1047F00005B07FF458AF0AF1010A0136BAF1100F83
:1048000050D0D8F824E40CE72F2A15DC0BF1010373
:104810000BEB4B02C8F82834009B03EB021300EBB0
:10482000021203F55433C3F8201B4FF0000183F844
:10483000247B83F8251B19E74FF00102002388F839
:10484000302402932BE7F0EE6A7A03E65A0900203F
:10485000ABAAAAAAE05A0300000096440000DC4379
:1048600005090020205B030020640300B86C0300EE
:10487000C76C0300CDCCCC3E550CDDC0CDCC4C3D3F
:10488000000700200000FA446F12033B0000E144DF
:104890008104353FEC51383E9A99193EB76C0300BC
:1048A0004893FCFF009C4546029B85F8C83C95F860
:1048B000B83C072B1AD895F8B93C072B16D8D5F871
:1048C0002434022B1A46A8BF0222002B0CDDC2F1B1
:1048D00002010398012B415C85F8201404DDC2F12C
:1048E0000303C35C85F82134C5F82C24EC4800236D
:1048F000102205212044FDF747FD0423E94810223A
:1049000019462044FDF740FDE748012310222044CA
:104910000B21FDF739FDE548002310222044032137
:10492000FDF732FDE2480223102220440921FDF761
:104930002BFDB5EEC08AF1EE10FA40F3CF82DFED29
:10494000DD7ADFEDEC8AB4EEE78AF1EE10FA48BFCB
:10495000F0EE488A04F55035F423D748002605F2D6
:104960008C79DFF87C8320444FF4747209F580570A
:10497000A0443146C7EDCE8AC5F89837C5F8783BD4
:10498000F023C5F89407C5F89C37C5F87C3BC5F8FB
:10499000748B09F075FC4FF4747231464046C5F8CB
:1049A000A06709F06DFC019BC4484FF47172C5F813
:1049B000806B3146C3F8AC6A2044C3F8B06AC3F8D0
:1049C000B46A09F05DFC9FEDBE7A0023019AFFEE08
:1049D000007A28EE870AC7F83033C2F8B86AC2F8FE
:1049E000C06AC7F8443387EE800AB64B89ED017A76
:1049F000C9ED007AC7F83C3307F046F9B5EEC08A36
:104A000087EDD00AB04FF1EE10FA274440F32E8222
:104A1000DFEDA87AB4EEE78AF1EE10FA40F1B68243
:104A200005F22463384607F1340983ED008AFDF767
:104A3000E1FD07233846C5F82836FDF7DBFDF0EE2B
:104A4000487A05F224664846DFF898A24FF000083D
:104A5000C6ED0D7AFDF7CEFD07234846DFF888B294
:104A6000C5F85C36FDF7C6FD0123C6F870A03846D0
:104A7000C6F868B0C6F86C8085F89836C6F80CA001
:104A8000C6F808B0C6F81080FDF7B4FDC6F840A01F
:104A90004846C6F83CB0C6F8448007F1780AFDF7EE
:104AA000A9FDB5EEC08AF1EE10FA40F3C481DFED46
:104AB000817AB4EEE78AF1EE10FA40F14B8205F20A
:104AC0009C635046DFF8248283ED008AFDF792FD57
:104AD00006235046A044C5F8A036FDF78BFDF0EE46
:104AE000487A05F29C6640469FED789A4FF0000B9D
:104AF000C6ED0D7AFDF77EFD06234046DFED748A94
:104B0000C5F8D436FDF776FD0123504686ED1A9A96
:104B1000C6ED1C8AC6F86CB085F8103786ED029A8F
:104B2000C6ED038AC6F810B0FDF764FD404686ED79
:104B30000F9AC6ED108AC6F844B0FDF75BFDB5EEDE
:104B4000C08A07F1F002F1EE10FA40F3A981DFED1F
:104B5000597AB4EEE78AF1EE10FA40F1C28105F21B
:104B600014731046009283ED008AFDF743FD08237D
:104B7000009AC5F81837574B104623440193FDF7A8
:104B800039FDDDE9002305F21476184601924FF055
:104B9000000B86ED0D8A0093FDF72CFD009B08218C
:104BA000DFED4D8AC5F84C171846FDF723FD9FED44
:104BB0004B8A019A012186ED1C8A1046C6F86CB01A
:104BC000C6ED1A8A85F8881786ED038AC6ED028A33
:104BD000C6F810B0FDF70EFD009B86ED108AB0EE12
:104BE000008A1846C6ED0F8AC6F844B0FDF702FDEC
:104BF00005F5CB61384605F2246787ED1B8AC7F8B7
:104C00002CB0C7F830B0C1F82CB0C1F830B087ED87
:104C1000048AFDF7EFFC484687ED118A05F29C6790
:104C2000FDF7E8FCDFF8C89005F5DA61C7F82CB0AD
:104C3000C7F830B05046C7F86C9005F5E965C1F883
:104C40002CB0C1F830B0C7F81090FDF7D3FC404647
:104C5000C7F84490FDF7CEFC019A86ED1B8A1046FA
:104C6000C6F82CB0C6F830B0C5F82CB0C5F830B0D6
:104C700086ED048AFDF7BEFC009B86ED118A18467E
:104C8000FDF7B8FC1BEE901A2046FEF783FE1DB020
:104C9000BDEC088BBDE8F08F0023029304E600BF53
:104CA0003464030044640300546403006464030038
:104CB000746403008096184BA4470300E856030071
:104CC0000AD7A33D0629643F244603000000484458
:104CD000CDCC4C3F4847030000C0DA458104353F46
:104CE000844B03008104353F0000DC42D0460300C2
:104CF000000020C000803B47E3C8EBBA1FED039AD9
:104D0000009084ED6D9AFDF775FC0098C4F8B881A9
:104D1000FDF770FCB5EEC08A0098F1EE10FA00F3D2
:104D20000C81F0EE497A1FED0C0AFFF7D2BADFF8DA
:104D3000E48204F1200E97E80F00C4F810808EE89A
:104D40000F003FF7CBA9C4F830803FF7D1A9A74B9C
:104D50000CF1100CC4F83C8004F10C0EA363A44BBE
:104D60009CE80700636404F1480387E8070083E8D0
:104D700007003FF7D5A94FF00203C4F85880E36657
:104D80003FF7DAA9C4F88430C4F870803FF7E1A98E
:104D9000B2EE006A9FED977ADFED977ABFEE000AD8
:104DA000C7EE086AC4F890E0C4F88880C4F88C6044
:104DB00086EE087A68EE277A80EE270AC4ED2F6A1D
:104DC00084ED307A06F060FFB5EEC08A04F1C800C9
:104DD00084ED310AF1EE10FA3FF7E5A9C4F8C88076
:104DE0000090FDF707FC01230098C4F8CC30FDF7D4
:104DF00001FC824B0098C4F8D030814BC4F8D890A5
:104E0000C4F8D430FDF7F6FBB5EEC08AF1EE10FA27
:104E10003FF7E9A9C4F8FC803FF7F0A9DFED798AF4
:104E2000794BC4ED428AC4F804313FF7F5A99FEDF0
:104E3000770AFFF7FEB905F29C63DFED728A5046F0
:104E4000DFF8E481C3ED008AFDF7D4FB062350466A
:104E5000A044C5F8A036FDF7CDFBB5EEC08AF1EE53
:104E600010FA00F38780F0EE687A3AE605F22463E0
:104E7000DFED648A384607F13409C3ED008AFDF797
:104E8000B9FB07233846C5F82836FDF7B3FBB5EE66
:104E9000C08AF1EE10FA00F38880F0EE687AD0E56F
:104EA00005F21473DFED578A10460092C3ED008AB5
:104EB000FDF7A0FB0823009AC5F81837544B10469D
:104EC00023440193FDF796FBB5EEC08ADDE900238C
:104ED000F1EE10FA19DCB0EE688A54E6DFED498A8B
:104EE00038E505F214734B49104600921960FDF73E
:104EF00081FB0823009AC5F81837454B1046234418
:104F00000193FDF777FBDDE900239FED437ADFEDA9
:104F10003D7AB4EEC78AF1EE10FA58BFB0EE678A58
:104F200031E63C4B0090C4F8B431FDF763FB0098C8
:104F3000C4F8B881FDF75EFB0098DFED377AB4EE78
:104F4000E78AF1EE10FA44D49FED340ADFED2D7AB2
:104F5000FFF7BFB905F29C632E4A5046DFF8C880C0
:104F60001A60FDF747FB06235046A044C5F8A0365B
:104F7000FDF740FB9FED287ADFED227AB4EEC78A79
:104F8000F1EE10FA48BFF0EE487AAAE505F2246384
:104F9000204A384607F134091A60FDF72BFB072336
:104FA0003846C5F82836FDF725FB9FED1B7ADFED67
:104FB000157AB4EEC78AF1EE10FA48BFF0EE487ADF
:104FC0003FE5DFED107AFFF787BBDFED0E7AFFF7E5
:104FD000EABB9FED137AF0EE487ADFED126A28EE15
:104FE000077A86EE870AFFF774B900BF6DE87F3F46
:104FF000A5437F3F0000FA446F12033B0000E144E9
:105000008104353F00803B47A0CB7F3F27C17F3FD6
:105010004847030000803B478096184BE3C8EBBA33
:105020000AD7A33D550CDDC0D0460300EB4AEC493E
:105030002DE9F84FEB4B0027DFF8E4834FF07E5566
:105040004FF07C564FF0804ADFF8D8930446DFF8E3
:10505000D8B32DED028B4261E34A03620023426222
:105060009FEDE28AE24A86648666C366C0F82CA099
:10507000C0F8308047638763C0F83C8007644764AA
:105080004565C0F85880C76507664766C0F87080F8
:1050900047678767C76780ED148A8561C0F810800D
:1050A000C761C0E90033C0E902338262D14AC0F867
:1050B0008060C264D04AC0F88430C0F8CC30C0F8F8
:1050C000D0B0C0F8D490C0F88880C0F89470C0F810
:1050D0009870C0F89C70C0F8A070C0F8A470C0F8B8
:1050E000A870C0F8AC70C0F8B070C0F8B470C0F868
:1050F000B850C0F8BC70C0F8C070C0F8C470C0F838
:10510000C880C0F8D870C0F8DC70C0F8E070C0F893
:10511000E470C0F8E870C0F8EC70C0F8F050C0F867
:10512000F470C0F8F870C0E92333C0F8FC8000F5D3
:10513000927040F8082C902240F8247C40F8207CA3
:1051400040F81C8C40F8187C40F8147C40F8108C17
:1051500040F80C5C40F8045C04F0ECFDA748A8495A
:105160000023C4F8080241F65002A64846F6A04CB7
:10517000C4F80012F0EE047AC4F818022244A248DF
:10518000A444A249C4F81C02A148C4F8BCB1C4F8A4
:105190002002A048C4F8C091C4F83062C4F80C12D0
:1051A000C4F8241284ED8B8AC4F8B481C4F8B831F1
:1051B000C4F8C471C4F8C871C4F8CC71C4F8D07113
:1051C000C4F8D471C4F8D871C4F8DC51C4F8E071E3
:1051D000C4F8E471C4F8E881C4F8EC71C4F8F07163
:1051E000C4F8F481C4F8F831C4F8FC71C4F804724E
:1051F000C4F81072C4F81472C4F82802DFF82CE264
:10520000C4F834122146C4F84062C4F85862C4F8A5
:105210007062C4F88862C4F838727F4EC4F83C7279
:10522000C4F84472C4F84882C4F84C72C4F850728E
:10523000C4F85472C4F85C32C4F86082C4F8647272
:10524000C4F86872C4F86C72C4F87432C4F8788216
:10525000C4F87C72C4F88072C4F88472C4F88C32CA
:10526000C4F89082C4F89472C4F89872C4F89C523E
:10527000C4F8A072C4F8A472C4F8A872C4F8AC72DE
:10528000C4F8B082C4F8B432C4F8B8B2C4F8BC925E
:10529000C4F83493C4F83893DFF894B1DFF89491EC
:1052A000C4F8C072C4F8C472C4F8C872C4F8CC722E
:1052B000C4F8D072C4F8D472C4F8D852C4F8DC72FE
:1052C000C4F8E072C4F8E482C4F8E832C4F8EC72BE
:1052D000C4F8F052C4F8F452C4F8F852C4F8FC52BE
:1052E000C4F80083C4F80433C4F80873C4F80C533A
:1052F000C4F81053C4F81453C4F81853C4F8205316
:10530000C4F82453C4F82873C4F82C73C4F8303399
:10531000C4F81C63B7EE008A41F214504FF0FF3519
:10532000C1F83C83C1F84033C1F844B3C1F8489395
:10533000C1F84C73C1EDD47AC1F854E3C1E9D63356
:10534000C1E9D83342E90E3342F830AC014442F8A7
:10535000287C42F8247C42F8207C42F81C6C42F8FD
:10536000187C42F8147C02F8103C02F80F3C42F81A
:10537000083C02F8043C02ED0B8A42F80C5C024443
:105380006245C7D104F5A04204F55035B6EE007A67
:10539000DFED227A02F28C7902F2CC7E02F2DC7C22
:1053A00002F29471C9F8008002F2EC7689ED018A6C
:1053B00002F5FF60DFF8809005F2246A81ED017A42
:1053C000C1ED027AC1F800B0C1F814B005F29C6BCF
:1053D000C1F8109005F2147932E000BF0000484295
:1053E0006C0700200000C040CDCC4C3D9A99193E7E
:1053F000CDCCCC3EEC51383E0AD7A33D00A00C46A4
:105400000000E0400AD7A33BCDCCCC3DCDCC4C3EF8
:10541000CDCC4C3FA69B443B0000DC43CDCCCC3EE6
:1054200000803B47F304353F00007A446666663FE0
:105430003333B33E295C8F3E0000FA4500007A44C6
:10544000CF605FED028AC2F8AC37C2F8B037C2F85D
:10545000B437C2F8B837C2F8BC37C2F8C037C2F8A0
:10546000C437C2F8C837CEF800808EED018ACEF876
:10547000087082F8D837CCF800808CED018ACCF81F
:10548000087082F8E837682286ED008A7760B76096
:105490000126A24980ED008A47608760504604F0EB
:1054A00049FC68229D495846CAED1A8ACAF86C70B0
:1054B0008AED1C8A85F8986604F03CFC68229749BE
:1054C0004846CBED1A8ACBF86C708BED1C8A85F8B8
:1054D000106704F02FFCC9ED1A8AC9F86C7000231C
:1054E00089ED1C8A05F28C798D4A05F6587085F88D
:1054F00088671946C9F800208A4AC9F804204FF481
:105500007272C5F89437C5F89837C5F89C37C5F856
:10551000A037C5F8743BC5F8783BC5F87C3BC5F8A7
:10552000803B04F5543508F0ABFE4FF47272002155
:1055300005F5487008F0A4FE4FF47172002105F5DE
:10554000DD6008F09DFE002309F580527649C5F81C
:10555000AC3AC5F8B03A01F1060CC5F8B43AC5F852
:10556000B83AC2F83073C5F8C03A4FF0E063C2F8F9
:10557000388382EDCF8AC2F84073C2F84473C5F80D
:10558000D83A4FF480636948A5F8DC3A0023C5F89F
:10559000D41A9E4601E011F8013FA0FB03728C452E
:1055A0004FEAD20202EB4202A3EB820303F10C03A7
:1055B000A0FB03724FEAD20202EB4202A3EB82038A
:1055C00006FA03F34EEA03031FFA83FEE3D105F55F
:1055D0002E635749574AB2EE086ADFED576AA5F8BD
:1055E000D8EA224459634521C3ED0C6A0023C5F86B
:1055F0001C1B07EE903A0133F8EEE77A0C2B67EEAE
:10560000A67A87EE867AA2EC017AF2D10026C5F856
:10561000183B05F53260012704F558354FF4106248
:10562000002108F02DFE4FF40072314605F284404F
:10563000A5F82064C5F82474C5F82864C5F82C645E
:1056400085F83064C5F83464C5F83864C5F83C643E
:10565000C5F84064C5F84464C5F84864C5F84C64AE
:10566000C5F85064C5F85464C5F85864C5F85C645E
:10567000C5F86064C5F86464C5F86864C5F86C640E
:10568000C5F87064C5F87464C5F87864C5F87C64BE
:10569000C5F8806408F0F4FD4FF40072314605F25D
:1056A000846008F0EDFD4FF40072314605F6840089
:1056B00008F0E6FD31464FF4007205F6842008F04C
:1056C000DFFD05F6844120461C4C0C606021C5F8C6
:1056D000B86CC5F8BC6CC5F8C06CC5F8C46CC5F82E
:1056E0008C7CC5F8906CC5F8946CC5F8986CC5F8BE
:1056F0009C6CC5F8A06CC5F8A46CC5F8A86CC5F87E
:10570000881CC5F8AC6CC5F8B06CC5F8B46CA5F8CD
:10571000C86CBDEC028BBDE8F88F00BFFC07002011
:105720009A9999BECDCC4C3D30090020ABAAAAAACB
:105730000000DC43E05A03000000964400803B4731
:105740002DE9F843204D40F2EE28204C204FDFF8A1
:10575000A0902E6805F02CFE2378FBB13B78DB0788
:105760001CD52B68D9F800209B1A0E2B16D99FED5B
:10577000190A60211848FEF7CBFB1821174808F0DA
:10578000BFFF174803F06AF94D21154803F0ACF943
:10579000144B93F8C83C73B1BDE8F8832B682278AA
:1057A0009B1B2AB1B3F5FA6FE1D805F001FED1E7F2
:1057B0004345FAD9DBE733210B4805F07BFD0B4865
:1057C000BDE8F84304F020B8E0DB03202BDC032025
:1057D0002ADC032000442C477066002000002020B3
:1057E0006466002070C603207C4F002060540020B7
:1057F000F0DB032038B54FF4FA60384C2DED028B06
:1058000004F03CFA0421364805F054FD354B364887
:10581000D3F8941C0029B8BF0F3109114B4201F095
:10582000030103F0030358BF5942013103F0E0FFC5
:105830000B212E4805F03EFD2D4B002141F2145066
:1058400013F80F2C034402B10131A342F8D12648CA
:105850004FF4C85403F0CCFF0621264805F02AFD7A
:10586000254B264D01211B889FED258A04FB03F360
:1058700095ED007A1C4807EE903AB8EE477AF8EEBC
:10588000E77A67EE887A87EE870AB7EEC00A03F0F8
:10589000CBFF08211B4805F00DFD1B4B95ED007A51
:1058A00001211B88B8EE477A0F4804FB03F307EE8B
:1058B000903AF8EEE77A67EE887A87EE870AB7EED5
:1058C000C00A03F0B1FF0121104805F0F3FC0648BF
:1058D000BDEC028BBDE8384003F096BF10D300202A
:1058E000D04E002070C6032060540020D84E002007
:1058F000C07E0020E44E002000DC03205C54002029
:105900000044AC43EC4E002002DC0320F84E0020A3
:105910002DE9F04F2DED048B83B0AA4CB0EE408AF8
:105920000746F0EE608A0D460444CDE90023119B42
:10593000002B40F34381119B002120464FEA83094D
:105940004A4608F09DFCA0484A460021384408F029
:1059500097FC41F2145C45F2504BB7EE002AA1448B
:10596000F0EE042A9FED991ADFED991AAC4429460E
:10597000AB4406E041F2145319449C448B4500F0BB
:10598000E3801CF80F3C002BF4D0119B91ED064AEC
:10599000002B40F3C1808C4EB0EE003AF6EE004A88
:1059A000C869F7EE083A5CF8388CD1F820E0254653
:1059B0008A6ABE1990E091ED097AF8EE476AF4EE32
:1059C000E67AF1EE10FA00F39E80BDEEE77AF8EE8B
:1059D000C76A17EE10AA77EEE66A531EA3EB0A0316
:1059E00013F1010A48BFF244002B00EB8A0ADAEDFA
:1059F000007A7EDB00EB830A9AED005A03F1FF3A4E
:105A0000002B7ED0B0EE677A023B00EB8A0A48BFDB
:105A10007344A5EE627ADAED000A00EB830335EEFB
:105A2000606A93ED000A30EEE79A5CF8343C70EE61
:105A3000675A5CED0A7AA0EE837A5CED090A26EEDD
:105A4000236A434567EEA07A5CED080AA5EEA46AD6
:105A5000A0EE647AA6EE267A27EE267AA9EE247ABC
:105A6000A7EE265A1CED0B7AE7EE057A4CED097A83
:105A700067EEA07A0ADA03F5E37A013301EB8A0ACA
:105A80004CF8343C9AED017A77EE877A00EB82038A
:105A90000132B0EEE77A724508BF0022C3ED007A0A
:105AA0008A62D5ED006AE4EE276AE5EC016AD6ED7C
:105AB000006AE4EE276AE6EC016A5CED067AB4EE71
:105AC000E77AF1EE10FA03DC1CED057A27EE877A0F
:105AD000A9450CED067A21D05CED0C7AF4EEC27A81
:105AE000F1EE10FABFF667AFF0EE616A4FF0010A0F
:105AF00073E70EEB030A00EB8A0A9AED005A03F1F2
:105B0000FF3AF2447EE7FDEEE67A17EE90AAF8EE51
:105B1000E77A76EEE76A60E71CED067AB4EEC17AC2
:105B2000F1EE10FA7FF526AF5CE90E329A42FFF6ED
:105B300021AF4FF000030CF80F3C41F2145319440D
:105B40009C448B457FF41DAF119B002B31DDDDE9BB
:105B500010329D18019B109A03EB8201009B03EB0E
:105B6000820203EB85051B4B3B4494ED007A2046F3
:105B7000D2ED007A0434E7EE087AE2EC017AAA4228
:105B800094ED7F7AD1ED007AE7EE087AE1EC017AC4
:105B900090ED007AD3ED007AE7EE287AE3EC017A13
:105BA00094ED7F7AD3ED7F7AE7EE287AC3ED7F7AA2
:105BB000DBD103B0BDEC048BBDE8F08F4FEA830965
:105BC000C7E600BF84680300846A030017B7D138B2
:105BD00000000000846403002DE9F0479FEDE77AA0
:105BE0000446DFEDE77A2DED088B90ED009AB0EEDC
:105BF000608AC9EE078AF4EEE78AF1EE10FA78FEC1
:105C0000A78AB4EEE80AF1EE10FA0ADDF4EE008A93
:105C100069EE288AF4EEC08AF1EE10FA58BFF0EE71
:105C2000408A04F58055226A40F2011305F59F660B
:105C3000C6ED008AA5F8043542B192000021E06962
:105C400008F01EFB94ED009AD6ED008ADFEDCD7AC8
:105C50000022D4ED020A05F59E63A262C9EE289ADD
:105C6000C3ED007AF4EEE70AF1EE10FA00F1788164
:105C7000F7EE007AF4EE670AF1EE10FA77FEA00A6A
:105C80009FEDC10AB7EE00AA06F042F9DFEDBF6A48
:105C9000DFEDBF7A20EE260A9FEDBE7A69EE277A05
:105CA000B4EE670AF1EE10FA37FE800A20EE070A1A
:105CB00080EE090A05F0E8FFDFEDB77A05F2EC4364
:105CC00005F59D6268EEA77A3AEE400AC7EE89AA0A
:105CD00082ED000A3AEE40BA83ED00BAB0EE6A0AED
:105CE00006F0A6FAB0EE409AB0EE6A0A06F0A4FBFF
:105CF000F0EE4A0AF0EE407A2BEE099AEBEE670AD4
:105D0000B0EE490A06F032F8C0EE2A6A05F2E44322
:105D10009FEDA27A79EECA7A77EEE67AF4EE4A7AC5
:105D2000F1EE10FA48BFF0EE4A7AC3ED007AD4EDF6
:105D3000050AF4EEC70AF1EE10FA00F19C80F3EECA
:105D4000047AF4EE670AF1EE10FA77FEA00AF8EE94
:105D5000087A60EEA80AB2EE040AC7EEA00A06F0BE
:105D6000D7F8D4ED046A05F2F44383ED000AF6EEA9
:105D7000007AF5EEC06A79EEA77AFDEEE77A17EEC3
:105D800090EABEF55C7FA8BF4FF45C7EBEF1020FC7
:105D9000B8BF4FF0020EF1EE10FA00F1E480F7EE1A
:105DA000007AF4EEE76AF1EE10FA67DDF0EE676A6A
:105DB0009FED744AB5EEC08AF1EE10FA65D4F7EEA5
:105DC000007AB4EEE78AF1EE10FA40F3D1809FED4D
:105DD000748AD4F8048004F21C76724FB0EE005A34
:105DE000D8F80020FFEE005A9FED6F6A4FF0010CCB
:105DF000DFED6E4A3A449FED6E3A0021DFED613AE5
:105E0000304613E0012943FE237A66EEA77AE64581
:105E100067EEA47AE7EE047A67EE887AC0ED007A3E
:105E200036DD01313A440CF1010C043042F0010935
:105E300082EAD233B0EE657A09FB03F383EAD31921
:105E400043F03D0A0AFB093983EA090383EA9333E5
:105E500007EE903AF8EE677A67EE867AA7EE857AD3
:105E60000029CFD166EEA47AE7EE047A67EE887A4D
:105E7000C0ED007AD5E7F0EE470A68E7B5EEC08AD4
:105E800037EEE64AF1EE10FA99D59FED3E8AA0E78B
:105E900094ED037A01F5E371C8F80020B5EEC07AFD
:105EA00004EB8101C1ED017AF1EE10FA55D4DFED7A
:105EB000417AB4EE677AF1EE10FA37FE877AF6EEA1
:105EC000007AE7EE297AFDEEE77A17EE908AB8F1CC
:105ED000000F40DD0EEB0807B7F55C7FA8BF4FF45D
:105EE0005C77774509DDA7EB0E020EF2C7100021A3
:105EF000920004EB800008F0C3F9474516DD40F23C
:105F0000C71307F2C71206EB8806A3EB08033B444E
:105F100004EB830304EB820474ED017A33ED017A20
:105F2000B44277EEC77AC4ED007AF5D1DFED227A7C
:105F3000002205F2FC43C5F8DC74B4EEE78AC5F82C
:105F4000E024F1EE10FA38FE278A83ED008ABDECDA
:105F5000088BBDE8F0877746E8E79FED0A7AAEE761
:105F6000F0EE670A8CE6B7EE004ADFED066A21E73D
:105F7000DFED0B7A28EE278A2BE700BF0000DA431B
:105F80000000DC4200000000610B363D00A08C46A2
:105F90006666E63EDB0FC9C0DB0FC940CDCC4C3D89
:105FA0009A99193FF5792B6D0000802FCDCCCC3F0D
:105FB000CDCCCC3E3333733F0AD7233C2DE9F04F91
:105FC00000F558354DF62A32044600F55437D5F819
:105FD000946CD5F83804734206F00F0803F00F03F1
:105FE00058BFC3F10008002EB4BF06F10F033346BB
:105FF0001B11594203F0030301F0030158BF4B4248
:106000001A442DED028B54F8223087B0029397F892
:10601000DB3A0193A8B3974998FBF0F300FB138395
:10602000002BB8BF1B185A1103F01F0304EB8202A8
:10603000525822FA03F3DB0723D5DFED9E7A94ED65
:106040000A7A8D4BB4EEE77AC4ED077A63618B4B25
:10605000F1EE10FAA36100F2E983B0EE670AD4ED25
:10606000097A84ED0E0AF5EEC07AF1EE10FA00F22C
:1060700005849FED900A4FF07E5384ED110A63630F
:106080002364D5F84824002A00F0A7807C4998FBB7
:10609000F2F302FB1383002BB8BF9B185A1103F0D5
:1060A0001F0304EB8202525822FA03F3D80740F18F
:1060B00094802368734A9FED747A1A44D4ED167A5B
:1060C000DFED725A82EAD233226042F00102C7EE5B
:1060D000276A9FED6F6A02FB03F39FED6E7A9FEDD7
:1060E000755A83EAD31243F03D0101FB023253405B
:1060F00083EA933307EE903AF8EE677AF4EEC56AD6
:1061000067EEA57AF1EE10FAA7EE867A84ED157A9D
:1061100000F1A2839FED607AF4EEC76AF1EE10FA07
:1061200000F31284F4EEC56AC4ED186AF1EE10FAB9
:1061300040F34E84B7EE007AC7EE267ADFED576A59
:1061400094ED1C7AC4ED197A9FED5A6AC6EE877AEF
:10615000F4EEC67AF1EE10FA00F1B2839FED4E7ABA
:10616000F4EEC77AF1EE10FA00F3F483F4EEC67A97
:10617000C4ED1E7AF1EE10FA40F32684B7EE007AF1
:10618000C7EE276ADFED4B7A4FF07A5394ED137A1E
:10619000C4ED1F6A6367B4EEE77AC4ED177AC4ED05
:1061A0003D7AC4ED3E7AF1EE10FA00F27E83B0EE55
:1061B000670AD4ED147A84ED410AF5EEC07AF1EE67
:1061C00010FA00F267839FED3B0A4FF07E5384ED97
:1061D000440AC4F80031C4F80C31D5F85824002A18
:1061E00000F0D3802E4998FBF2F302FB1383002BBF
:1061F000B8BF9B185A1103F01F0304EB82025258D8
:1062000022FA03F3D90740F1C0802368F5EE005A63
:106210001C49F7EE007A9FED1D3A04F190001944F5
:106220009FED206AF0EE673A9FED1F5A81EAD13266
:10623000216041F00101DFED1F6ADFED174A2346BF
:1062400001FB02F29FED194A194982EAD21C42F081
:106250003D0E0EFB0C2C82EA0C0282EA923207EE13
:10626000102AB8EE477A27EE037AA7EE256A84ED66
:10627000466A41E034640300000048423333733F10
:1062800044640300F5792B6D00003E430000802F2D
:10629000CDCC4C3E3333333F48E1FA3E00009843C7
:1062A000546403009A99993E0000A543BC9C0240A7
:1062B0001C0A00200000000000C0DA456666E63EC9
:1062C000B4EEE47AB0EE446AF1EE10FA00F3AB8279
:1062D000B5EEC07A83ED4B7AF1EE10FACCBF83EEC7
:1062E000876AB0EE666AC3ED4A6A183383ED466A80
:1062F000984217D0F1EC017A67EE857AD3ED495ACE
:10630000B0EE666A87EEA57AB5EEC07AF1EE10FAC5
:10631000D6D5C3ED4B6A1833C3ED446A984283ED7A
:10632000466AE7D1D4ED477AC4ED786AF5EEC07AD3
:10633000C4ED796AF1EE10FA00F283821FED230AB0
:10634000D4ED487A04F5DA7094ED457A1FED266AAB
:106350005FED266A67EE867AB64B27EE267A84EDE5
:106360007C0AC4F8C0310023F4EEC77AC4F8C43103
:10637000F1EE10FA58BFF0EE477AC4ED6F7AFCF7F1
:1063800039F94FF07E53C4F8EC31D5F8983C002B26
:1063900005DD013BC5F8983C002B00F03582D5F8AF
:1063A0006824002A00F0D780A34998FBF2F302FB8F
:1063B0001383002BB8BF9B185A1103F01F0304EB83
:1063C0008202525822FA03F3DA0740F1C4802368AC
:1063D0009A48D7F8D49A18442060B9F1000F61D0D8
:1063E000019B002B5ED080EAD03240F00100DFED4F
:1063F000946A00FB02F29FED937A029982EAD21C22
:1064000042F03D0EC81AD5F89C3C0EFB0C2C82EADB
:106410000C0282EA923207EE902AF8EE677A67EE73
:10642000A67AF4EEC77AF1EE10FA4CBF4FF0010CE9
:106430004FF0000C00EB8C02019803FB002393FB50
:10644000F0F200FB02F0834202D0002BC0F29C82EB
:106450001B1AD7F8181B19F8033001FB0233D7F8C1
:106460001C2B39339B1A93FBF1F201FB02F08342A0
:1064700003D091EA030F00F1838207EE902A1B1AE2
:1064800007F52E62B8EEE77A02EB8303D2ED0C6AD1
:10649000D3ED007AE7EE267AF4EE677AF1EE10FAA1
:1064A00000F0DF819FED6E0AF7EE007A94ED906ABE
:1064B000DFED656A0022D4F8F801E6EE667A5F49FE
:1064C0000368DFF894C119440123C4F82C23C4F8ED
:1064D0002823C4EDC97AC4F84C2284EDC70AC4F855
:1064E00020C30160C4F8E832C4F8043381EAD13330
:1064F00041F00101C4F87C22C4F8AC2201FB03F393
:106500009FED4F7AC4F8A822C4F8A42243F03D01BD
:10651000C4F8A022C4F8DC22C4F8E022C4F8EC22BB
:10652000C4F808230022C4F8302383EAD31201FB05
:106530000232534083EA933307EE903A0323F8EE96
:10654000677A67EE877ABBFE677A77EEC77AC4ED23
:10655000997AC5F8983CD5F87824002A00F04C8147
:106560003A4998FBF2F302FB1383002BB8BF9B1848
:106570005A1103F01F0304EB8202525822FA03F36C
:10658000DB0740F13981D5F82C24D5F824141346C3
:1065900004928A420391A8BF0B46002B9846C0F292
:1065A0002B812B4B04F1FF3ADFF8B0C0B8F1000F9C
:1065B00023449244A444D5F8280403EB020908F1CB
:1065C000FF3E059431DD234BAAEB0E0B0121434422
:1065D0009B44A9EB0E0313F8012F9B4502EBC1016D
:1065E000F9D100281ADD00231A4602E00132824266
:1065F00010DA5CF823400C33A142F7D102EB4203DE
:106600004FEA420B07EB03111B0191F8251B0029F0
:1066100040F05B81BEF1FF3F00F0EE8008F1FF38F3
:106620000EF1FF3EB8F1000FCDDC0028F2DD0121B4
:10663000D9E700BF8104353F64640300F5792B6D11
:106640000000802F0AD7233E9899193E74640300F6
:106650001E6403001F6403009A99593F205B0300E6
:106660000000C07F013B5A4407EB02121344DDE9EE
:10667000032193F8263B9142C0F27181012A03DD88
:1066800095F8212485F82024039941F21F423944CA
:106690008B54029A01981344D7F8D41A03EB0009DB
:1066A00089B380B3D5F89C3C03FB009393FBF0F2D5
:1066B00000FB02F0834240F05B811B1ACB5CD7F8F1
:1066C000181B01FB0233D7F81C2B39339B1A93FBA1
:1066D000F1F201FB02F0834240F06A8107EE902A5A
:1066E0001B1A07F52E62F8EEE77A02EB8303D2ED70
:1066F0000C6A93ED007AA7EEA67AB4EE477AF1EE33
:1067000010FA00F046811FED2A0A41F65002B24FFE
:1067100046F6A041DFF8DCE222444744214441F23E
:10672000145C1346276013F80F4C03EB0E00634410
:10673000B4B39942F7D113460020DFF8B8E241F232
:10674000145C924613F8044C03EB0E085CB900F598
:106750008054002800F03481D4F80C4553F8082CFC
:10676000A24238BF404663449942EBD15246B8B981
:10677000DFF880E241F2145CA84600F5805402EB99
:106780000E03002800F01E81D4F80C4552F8085C76
:10679000A54238BF184662449142EED1454658B3EF
:1067A00087EAD73347F00107DFED8C6AF6EE000A7F
:1067B00007FB03F39FED8A7A43F03D0183EAD3128E
:1067C00001FB0232D5F8A01C5340012283EA933327
:1067D00007EE903A00F58053F8EE677AC3F8089513
:1067E000C3F80C1583F8102567EEA67AE7EE870A42
:1067F000FFF7F2F9D5F8946C0136C5F8946C07B040
:10680000BDEC028BBDE8F08FD4F8E83213B104235D
:10681000C4F8E832D4F80433002B3FF4C0AD0423AD
:10682000C4F80433BBE5C3ED4B4A5CE5D4ED0C7A08
:106830009FED6C0A27EE277A80EE070A05F024FA0E
:106840000DE494ED7A7A9FED670A67EE877A80EE21
:10685000270A05F019FA73E5F0EE457A84ED185A27
:106860006CE407F614339FED600A93ED008A27EE7F
:10687000800A05F07DFA28EE000A15E694ED0F7AFD
:106880009FED580A67EE877A80EE270A05F0FCF93B
:10689000FFF7F1BB94ED427A9FED520A67EE877ADB
:1068A00080EE270A05F0F0F98FE4D4ED3F7A9FEDF2
:1068B0004D0A27EE277A80EE070A05F0E5F978E41D
:1068C000F0EE466A84ED1E6A5CE4059C1033DFF846
:1068D00008810CEB03002368DFED406A98449FEDCC
:1068E000437A00EB810E48F0010C88EAD833C4F8F3
:1068F00000800CFB03F3844683EAD31943F03D0A7E
:106900000AFB093983EA090383EA933307EE903AD5
:10691000F8EE677A67EEA67AFCEC016AE64537EE98
:10692000267AF9D167EE877A002303E00133994292
:106930003FF498AEB0EC017A77EEC77AF5EEC07A04
:10694000F1EE10FAF2D88EE6DFED297A84ED187AAE
:10695000FFF7F4BBDFED266A84ED1E7A12E404999A
:106960007A18013102F5A152C5F82C14137090E683
:10697000002BBFF6A2AE013A019802FB00F09CE6A4
:10698000013A01FB02F078E5013A019901FB02F0BE
:106990005EE507F614379FED140A97ED008A27EE9F
:1069A000000A05F0E5F9D4F8008028EE000AACE60C
:1069B00091EA030F7FF592AE013A01FB02F08DE6FA
:1069C0004046D0E61846E6E6F0EE466AFFF7DABB48
:1069D000F0EE457AFFF7B2BBF5792B6D0000802F02
:1069E0003333B33E550CDDC00E745A3A000000003C
:1069F000BC9C0240ECEAFFFF2DE9F04F2DED068B29
:106A000087B0169CA34280F21F8101EB830AD0F865
:106A1000149002EB8302054601EB84039FEDA69AD6
:106A2000514600F580540593CA46D0F8E8339146A4
:106A3000DFEDA28A0093D0F8EC339FEDA1AA039377
:106A40008368DFEDA0AA01939FED9F8AC368DFED05
:106A50009F9AD0F8F4B30493B1EC017A0AF10100E3
:106A6000F9EC017AB5EEC07A019B03EB8A03F1EEF3
:106A700010FAF5EEC07A83ED007A049B4CBFB1EEBC
:106A8000470AB0EE470AF1EE10FA4CBFF1EE676A22
:106A9000F0EE676AB4EEE60AF1EE10FA30FE260A6E
:106AA000984200F0E18057468246009B039A03EB30
:106AB0008B03C5F814A0C3ED007A0BF101039342D8
:106AC00000F0D7805E469B46C5F8F4B3D4EDCF7A8C
:106AD000F4EEC07AF1EE10FA40F1BD80B4EEE80AAF
:106AE000F1EE10FA00F3CA80F0EE4A7A95ED007AE2
:106AF00077EEC77A94EDD17AD4EDD06AD4F8280332
:106B000027EE267AF4EE477AF1EE10FA37FE877A0E
:106B1000002884EDD17A40F3CA80D4F82423002AD7
:106B200000F09780531E03F5F97C05EB8C0CDCED2F
:106B3000017AF4EEC77AF1EE10FA00F28F80013894
:106B40001A46C4E9C9300028E9D1012205EB830CBB
:106B5000F12B0CF2CC7814BF0133002388ED007ABE
:106B6000D4F83483CCF8948BC4E9C932D4F82033F8
:106B700005EB830CDCF8942BA8EB020CBCF1F00FB6
:106B800007D9F12BC4F8280314BF01330023C4F83C
:106B9000203303F5F973D4EDCC6A05EB830393ED51
:106BA000017AD4F82C3305EB8300013300F65C70D6
:106BB000F12BD0ED007A77EE677A77EEA67AC4ED06
:106BC000CC7A80ED007AC4F82C335ED087EE880A48
:106BD000B5EEC00AF1EE10FA43D4DFED3D7A20EEB7
:106BE000670A029105F0C4F82B6902990233F02B71
:106BF000D4BFFF1AF03F002F01DA049B1F44019B12
:106C000003EB8707D5F8F0330233D7ED007AF02B8A
:106C100067EE807AD4BFF61AF03E41ED017A002E7D
:106C200001DA039B1E44009B03EB860608F1010377
:106C3000D6ED007A67EE807A49ED017AC4F83433F4
:106C4000059B8B427FF408AF07B0BDEC068BBDE817
:106C5000F08FF12367E7F0EE497A4BE71346421CC9
:106C600074E7B0EE690ABCE74FF0FF374FF0000A57
:106C70001BE74FF0FF364FF0000B25E7029105F0C0
:106C8000DFF8029960EE2A7A30E70023DFED0A7A16
:106C900005F59950C4F82C3305F65C73B3EC017A12
:106CA000984277EE877AF9D1C4EDCC7A8EE7D4F8A2
:106CB0002433421C4AE700BF0000000052F384372F
:106CC0000000C0C2C1A8C0400000714300000080A5
:106CD0002D152A3E2DE9F04F2DED108B8FB0044677
:106CE000289E0793002ECDE9031241F386831F4AA5
:106CF0001F4B20498718B200C31841181E4D9046FB
:106D00000693054405911846002108920A9707F05A
:106D1000B7FA42460021384607F0B2FA424600214F
:106D2000284607F0ADFA42460021059807F0A8FA78
:106D3000DFED197A94ED0D8AB4EEE78AF1EE10FAE0
:106D400040F38880F7EE008AD4ED089A089BAA46A3
:106D5000DFED0AAA79EEE89A9FED09AA9FED0B9A5A
:106D600003EB0509DDF814B01EE000BF84660300E4
:106D700084640300846A030084680300DB0FC94055
:106D8000BD378635CDCC0C3FDB0F4940F304353F92
:106D9000C3F5A83E295C0F3E17B7D13800008042EA
:106DA0000000000094ED0D8AB0EE685AD4ED106A30
:106DB000D4ED057AD4ED045AA6EEA95A94ED076AEB
:106DC00094ED117A27EE267A67EE857A84ED107AB3
:106DD00087EEA50A30EE060AB4EEE80AF1EE10FAE4
:106DE000A8BF30EE680A84ED070A20EE2A0A05F0F3
:106DF0001FFA94ED0BBAF0EE407AB4EECABAF1EE97
:106E000010FA0DD420EE0B0A05F090FCF0EE407A5B
:106E1000B0EE4B0AB0EE67BA05F088FCCBEE007A14
:106E200094ED0E7AD4ED066A68EE277A27EE087A9A
:106E300067EEA67A84ED0D7A9AED007AA7EE897A4C
:106E4000AAEC017AD1459BED007AA7EE897AABECEA
:106E5000017AA7D1079B04999A005FED366A01EB8E
:106E600083001FED317A09920021039A02EB830C13
:106E7000069A2B4693ED006A0433DCED007A01316B
:106E8000E6EE267A8E42ECEC017A93ED7F6AD0ED45
:106E9000007AE6EE267AE0EC017A13ED016AD2ED93
:106EA000007AE6EE077AE2EC017A93ED7F6AD2EDA2
:106EB0007F7AE6EE077AC2ED7F7ADBDC002E089B54
:106EC0004FF000012846CCBF1A4604220B9207F06F
:106ED000D7F90B9A0021059807F0D2F95FED527AA5
:106EE00094ED407AB4EEE77AF1EE10FA00F31782EF
:106EF00094ED437AB4EEE77AF1EE10FA41F398821A
:106F00001FED5F7AF6EE007A94ED128AD4ED158AC1
:106F100028EE078A28EE278AB0EE480A05F08CFA98
:106F2000B0EE409AB0EE480A05F082F929EE289AB0
:106F300060EE288A04F18803F6EE009AF0EE00AACB
:106F40001FED6EAA04F1580B04F1700A059F4FF073
:106F5000000899460B95584608F10108FBF732FEE8
:106F6000B0EE408A5046FBF72DFE94ED407A38EEA5
:106F7000008AD4ED417A484667EE877A28EE298A5E
:106F8000C4ED407A28EE078AFBF740FC94ED3E6A98
:106F90004645D4ED3D5A30EE464AD4ED386AB0EE5F
:106FA000465A94ED372A94ED3B7AD4ED392AA5EE72
:106FB000A65A94ED3A3A64EE266AD4ED3C3AD4ED02
:106FC000437AD4ED444AE2EE256A64EEA74AA4EE81
:106FD000225AC4ED434A26EE877AD6EEAA5A95EE97
:106FE0002A6AA0EE037AC4ED3D5A84ED3E6AA5EE0E
:106FF000237AD5ED006A67EE877AB0EE667A67EE9F
:10700000A87AE8EE097AA7EE8A7AA5EC017A97EDDC
:10701000007AA7EE8A7AA7EC017A9CDC0B9D099B8B
:10702000039A049902EB030C5FEDA76AC8181FEDE1
:10703000A77A069A2B46002193ED006A0433DCED13
:10704000007A0131E6EE267A8E42ECEC017A93ED7D
:107050007F6AD0ED007AE6EE267AE0EC017A13ED55
:10706000016AD2ED007AE6EE077AE2EC017A93ED5E
:107070007F6AD2ED7F7AE6EE077AC2ED7F7ADBDCBB
:10708000002E089F4FF000012846CCBF3A4604224C
:107090000B9207F0F5F8DDF8149000210B9A4846A2
:1070A00007F0EEF85FEDC47AD4ED7B3AF4EEE73A00
:1070B000F1EE10FA40F35681002E41F3C881B8EE8C
:1070C000004A1FEDCA5A5FEDCA2AAE4605EB070813
:1070D00004F1900CE14AF7EE004A9FEDE13A2046B8
:1070E000D0ED4A5ABFEE000AD0ED4D0AD0ED4B1A52
:1070F000F4EEE05AF1EE10FAF5EEC01A48BFB0EE29
:10710000640AF1EE10FA40F3A880F3EE008A21EE53
:10711000A88A35EEC87A75EE887ABAFE477ABDEE4F
:10712000C77AFBFE677AFDEEE77A17EE101A17EEC4
:10713000907AB94200F3138190ED4C9A01379FED9C
:10714000C81A1BE0F8EEE77A9BED007A9BED012A66
:10715000F5EEC06A013136EE676A32EE472AF0EE8C
:10716000477AF1EE10FAE6EE027AA8BF77EEE47AFB
:10717000B94277EEA77A31EE271A1DD007EE901AA2
:10718000F8EEE76A75EEE66A66EE896A36EEA86A98
:1071900026EE056AFBFE467AFDEEE77A17EE903A98
:1071A000B3F5006F02EB830BCCD30131F0EE627AC2
:1071B000B94231EE271AE1D175EEE00A30EE011A3C
:1071C00070EEC87A30EE888AFAFE677AFDEEE77ACA
:1071D000BBFE488A17EE901AFDEEC87A17EE907A39
:1071E000B94200F3B780F3EE008A90ED4C8A013784
:1071F0009FED9B0A07EE901A0131F8EEE77A70EEE8
:10720000E77A67EE887A77EEA86A66EE856ABBFE53
:10721000667ABDEEC77A17EE103AB3F5006F02EB4F
:10722000830B16D2B8EEC77A9BED006A9BED012A5C
:10723000F5EEC07A76EEC76A32EE462AB0EE467AAE
:10724000F1EE10FAA6EE827AA8BF37EE647AA7EEC6
:10725000040AB942CED131EE000A75EEA15A1830B7
:1072600033EE003AF4EEE45AF1EE10FAA8BF75EEF0
:10727000E45AC0ED445A84457FF432AFF1EE085A27
:10728000D4ED7C4A94ED796A64EEA34AD4ED786A31
:1072900083EE252A94ED737A94ED728AC4ED7B4ACD
:1072A000D4ED767AD4ED748AF0EE465A94ED750AF0
:1072B000D4ED770AB0EE003A94ED461AE6EE875A1E
:1072C000DFED681A72EE464A24EE877AE4EEA85A99
:1072D000A8EE267A95EE836A67EE277AD7EE036AE0
:1072E000E2EE007A84ED796AC4ED786A9EED007A68
:1072F000E5EEA07A63EEA73AF0EE477A63EE813AC4
:10730000E3EEA17AEEEC017AF045D9ED007AE3EEF6
:10731000A17AE9EC017A25D0D4ED7B3ADBE69FED4A
:10732000527AF6EE007A94ED128A28EE078A28EE59
:10733000278AB0EE480A05F07FF8B0EE409AD4ED07
:10734000158AB0EE480A04F073FF28EE899A68EEB9
:10735000808AEFE59FED420A31EE000A7DE79FED5E
:10736000401A29E7099B039A049902EB030CDFED0D
:107370003F6AC8189FED3A7A069A2B46002193ED92
:10738000006A0433DCED007A0131E6EE267A8E42A3
:10739000ECEC017A93ED7F6AD0ED007AE6EE267A86
:1073A000E0EC017A13ED016AD2ED007AE6EE077A9D
:1073B000E2EC017A93ED7F6AD2ED7F7AE6EE077A0E
:1073C000C2ED7F7ADBDC002E089A4FF000012846E0
:1073D000D8BF0422089206F053FF089A00210598AE
:1073E00006F04EFFD4F8E832002B00F0A381002E07
:1073F00094ED849AD4ED819A04F5FA7341F32780D1
:1074000004F51272D4F830A3DDF814804FF00009AF
:10741000089204F518720D950B9204F51E72DFEDBB
:10742000108A0C9252469FED128AAA460B4F45468F
:1074300093469846BBF1000F40F3D8870BF1FF3B12
:10744000D4F80433C4F830B3013B032B31D8DFE860
:1074500013F0CC04E504C6041D0000BF342A00204C
:1074600000000000F304353FDB0F4940CDCC4C3E1B
:1074700000008042DB0FC94017B7D138CDCCCC3EDD
:1074800000000000B81E853EEC51B83E94EDC67A6F
:10749000D4EDC27AE7EEC77A1FED097AF4EEC77A27
:1074A000F1EE10FA40F19E870023C4EDC28AC4F8C1
:1074B0000433D4F85C32032B00F2FE87DFE813F0CC
:1074C000EC06D904D2040400D4ED93BA5FED177A28
:1074D0002BEEA70A04F0ACFE94ED947AF7EE007A56
:1074E0007BEE87BAB0EE40BAF4EEE7BAF1EE10FAEE
:1074F000A8BF7BEEE7BAC4ED93BAD4F87432032B7D
:1075000000F2EF87DFE813F05406850566040400F7
:10751000D4ED99BA5FED297A2BEEA70A04F088FE24
:1075200094ED9A7AF7EE007A7BEE87BAF4EEE7BA3A
:10753000F1EE10FAA8BF7BEEE7BAC4ED99BA30EECF
:107540000B0AD4F88C32F6EE007A20EE27EA032BF1
:1075500000F2DC87DFE813F0CA03FB02F702040045
:10756000D4ED9FBA5FED3D7A2BEEA70A04F060FEE2
:1075700094EDA07AF7EE007A7BEE87BAF4EEE7BAE4
:10758000F1EE10FAA8BF7BEEE7BAC4ED9FBAB6EEF3
:1075900000AAA9EE80EAB4EECA9AF1EE10FA40F120
:1075A000EF8694EDABDAB0EE4E0AD4EDA6AAB1EEBA
:1075B0004E5AB0EE4D7A94EDA7BA8DED055AAEEE67
:1075C0004A7AAAEEC70A2BEE000A05F0AFF8D4ED0E
:1075D000A8FAB0EE40CAD4EDA5BAB0EE6F0A05F035
:1075E000A5F83CEE40CAEBEE8CFAB0EE6F0A05F05F
:1075F0009DF894EDA9FAF0EE40EAB0EE4F0A05F0DE
:1076000095F87EEEC06AABEEA6FAB0EE4F0A05F032
:107610008DF894EDAACAF0EE40DAB0EE4C0A05F00F
:1076200085F87DEEC06AABEEA6CAB0EE4C0A05F056
:107630007DF8F0EE40CAB0EE4D0A05F077F89DED0A
:10764000055A7CEEC06AABEEA6DAB0EE4D7AA5EE36
:107650000A7AA7EE6AEA2EEE0B0A05F067F870EEDA
:107660006E6AB0EE6F0AA6EEAB0A84EDA80A05F0CA
:107670005DF830EE6D0AA0EE2BFAB0EE4F0A84ED05
:10768000A9FA05F053F830EE6C0AA0EE2BCAB0EE62
:107690004C0A84EDAACA05F049F8B0EE40CAB0EE33
:1076A0004D0A05F043F8B0EE4D7A3CEE400AA0EEEC
:1076B0002B7A84EDAB7AD4F8E832013B032B00F24D
:1076C0003A87DFE813F02602080203020400D4ED33
:1076D000BF6AD4EDBB7AE7EEE67A5FED996AF4EE25
:1076E000E67AF1EE10FA40F17986F0EE687A00233E
:1076F000C4EDBB8AC4F8E832D4EDC95A09F10109D6
:10770000DAED006A67EEA57A94EDCD6A4E4567EE34
:10771000877AB0EE667AA7EE867AAAEC017A95EDC2
:10772000007AD4EDCE6AA7EEA67AA5EC017A7FF4B2
:1077300081AE0D9D099B039A5FEDB06A02EB0309D0
:10774000049A1FEDB17AD718069B484600229A4644
:10775000394695ED006A0435D0ED007A0132E6EE47
:10776000267A9642E0EC017A95ED7F6AD1ED007AB7
:10777000E6EE267AE1EC017A15ED016AD3ED007AA6
:10778000E6EE077AE3EC017A95ED7F6AD3ED7F7A36
:10779000E6EE077AC3ED7F7ADBDC079B04F54F71D9
:1077A0005FEDC80A20461FEDC80A00930196DDE987
:1077B0000323FEF7ADF845F28C7000230A9A069970
:1077C00020440096FBF766FF0023BAEC017A0133F0
:1077D000D9ED007A9E4277EE877AE9EC017A97ED4F
:1077E000007ADAED7F7A77EE877AE7EC017AECDCE3
:1077F000079B06EB030B9B4540F35A8104F550327F
:1078000003980799F0EE006A92F898A600EB8B0EA9
:10781000049D00EB8103059402F2246605EB8101CF
:1078200092F8109792F8888702F5CB6C02F29C656B
:1078300002F5DA6702F21470544602F5E962DDF8E7
:1078400014A0B3EC017AF1EC017A002C60D096ED33
:107850001B6AB5EE406AF1EE10FA59D0D6ED0C4A2B
:1078600096ED0B4AB0EE643A96ED066A77EE643A0E
:1078700096ED052AD6ED078AA4EE063A96ED098A1A
:1078800023EE866AD6ED082ADCED065ADCED050A01
:10789000A2EE046A9CED095A9CED071AA3EEA83AE1
:1078A000DCED081A9CED0A2A96ED0A0A96EE264AA5
:1078B00026EE086AD3EE264AA7EE226A86ED0B4A28
:1078C0009CED0B4AC6ED0C4ADCED0C4AB0EE467A54
:1078D00077EEE42AF0EE643AA3EE007A22EEA56A8F
:1078E000E4EE253AA0EE846AE2EE813A66EE055AAD
:1078F00096EE264AB0EE656AD3EEA64AA7EEA16AD6
:107900008CED0B4ACCED0C4AF0EE467AE3EE827A2F
:10791000B9F1000F60D095ED1B6AB5EE406AF1EE4B
:1079200010FA59D0D5ED0C4A95ED0B4AB0EE643AF9
:1079300095ED066A77EE643A95ED052AD5ED078A4E
:10794000A4EE063A95ED098A23EE866AD5ED082A5B
:10795000D7ED065AD7ED050AA2EE046A97ED095A4B
:1079600097ED071AA3EEA83AD7ED081A97ED0A2A61
:1079700095ED0A0A96EE264A26EE086AD3EE264AC6
:10798000A7EE226A85ED0B4A97ED0B4AC5ED0C4A2E
:10799000D7ED0C4AB0EE467A77EEE42AF0EE643A80
:1079A000A3EE007A22EEA56AE4EE253AA0EE846A00
:1079B000E2EE813A66EE055A96EE264AB0EE656A28
:1079C000D3EEA64AA7EEA16A87ED0B4AC7ED0C4A93
:1079D000F0EE467AE3EE827AB8F1000F60D090EDD7
:1079E0001B6AB5EE406AF1EE10FA59D0D0ED0C4AA0
:1079F00090ED0B4AB0EE643A90ED066A77EE643A89
:107A000090ED052AD0ED078AA4EE063A90ED098A9A
:107A100023EE866AD0ED082AD2ED065AD2ED050A89
:107A2000A2EE046A92ED095A92ED071AA3EEA83A63
:107A3000D2ED081A92ED0A2A90ED0A0A96EE264A2D
:107A400026EE086AD3EE264AA7EE226A80ED0B4A9C
:107A500092ED0B4AC0ED0C4AD2ED0C4AB0EE467ADC
:107A600077EEE42AF0EE643AA3EE007A22EEA56AFD
:107A7000E4EE253AA0EE846AE2EE813A66EE055A1B
:107A800096EE264AB0EE656AD3EEA64AA7EEA16A44
:107A900082ED0B4AC2ED0C4AF0EE467AE3EE827AB2
:107AA000734503ED017A41ED017A7FF4CAAE544685
:107AB000E948079B2044CDF800B0DDE90312FEF74A
:107AC0009BFF0FB0BDEC108BBDE8F08FD4EDBC7AFE
:107AD000C4EDBB7A10E6D4EDBB7AD4EDBC6AD4ED2C
:107AE000BE5A36EEE76AE5EE867ADFEDDC5A37EE0F
:107AF000E66AB0EEC66AB4EEE56AF1EE10FA40F15D
:107B00006D840323F0EE667AC4EDBB6AC4F8E832F4
:107B1000F2E5F7EE086AD4EDBB7AD4EDBD5AB7EEC4
:107B2000006A76EEE76AE5EEA67AF4EEC67AF1EE42
:107B300010FAC0F253840223F0EE467A84EDBB6A59
:107B4000C4F8E832D8E50C98FBF73CF81FE5D4ED13
:107B50009F5AF7EE001AD4EDA23ABFEE000A94ED58
:107B6000A05AF4EEE35AF1EE10FAB5EEC05A48BF4F
:107B7000B0EE610AF1EE10FA40F3AE80F3EE002AA7
:107B800025EE223A35EEC37A75EE837ABAFE477A4D
:107B9000BDEEC77AFBFE677AFDEEE77A17EE103A84
:107BA00017EE90EA734500F3838494EDA12A0EF159
:107BB000010E9FEDAB4A1BE0F8EEE77A90ED007AFC
:107BC000D0ED014AF5EEC06A013336EE676A74EE15
:107BD000C74AF0EE477AF1EE10FAE6EE247AA8BF33
:107BE00077EEE17A734577EEA77A34EE274A1DD017
:107BF00007EE903AF8EEE76A75EEE66A66EE826A9C
:107C000036EEA26A26EE086AFBFE467AFDEEE77AB9
:107C100017EE902AB2F5006F07EB8200CCD3013348
:107C2000F0EE687A734534EE274AE1D175EEE33A17
:107C300030EE044A33EEC37A73EE837ABAFE477AA3
:107C4000BDEEC77AFBFE677AFDEEE77A17EE103AD3
:107C500017EE90EA734500F31684F3EE002A94EDD4
:107C6000A13AB8EE002A0EF1010EF7EE001A9FEDD0
:107C70007C0A07EE903A0133F8EEE77A73EEE77A82
:107C800067EE837A77EEA26A66EE886ABBFE667A52
:107C9000BDEEC77A17EE102AB2F5006F07EB82002F
:107CA00016D2B8EEC77A90ED006AD0ED014AF5EE33
:107CB000C07A76EEC76A74EEC64AB0EE467AF1EE46
:107CC00010FAA6EEA47AA8BF37EE617AA7EE020AF0
:107CD0007345CED134EE000A75EE855AF7EE007A80
:107CE000F4EEE75AF1EE10FA6EDA6FE094EDA03A96
:107CF000F0EE007ABFEE000AD4ED9F5AB5EEC03A1E
:107D0000A5EEA70AF1EE10FA55DDB3EE004AB0EE8B
:107D1000657AF0EE657AA3EE447AE3EE047ABAFE71
:107D2000477ABDEEC77AFBFE677AFDEEE77A17EE7B
:107D3000103A17EE90EA734500F3B783F8EE002A85
:107D4000D4EDA13AB7EE002A0EF1010EDFED444A60
:107D500007EE903A0133F8EEE77A75EEE77A67EED0
:107D6000A37A77EE846A66EE886ABBFE667ABDEE19
:107D7000C77A17EE102AB2F5006F07EB820016D211
:107D8000B8EEC77A90ED006A90ED015AF5EEC07A30
:107D900076EEC76A35EE465AB0EE467AF1EE10FA44
:107DA000A6EE857AA8BF37EE427AE7EE224A7345FF
:107DB000CED130EE240A75EE835AF7EE007AF4EE57
:107DC000E75AF1EE10FA01DB75EEE75AC4ED9F5A5F
:107DD000FFF7DDBB0B98FAF7F5FEFFF7B0BBD4F861
:107DE0000C33C4F80833FFF764BBB7EE087AD4ED60
:107DF000C27A94EDC46AF7EE006A37EE677AE6EE6F
:107E0000077AF4EEE67AF1EE10FAC0F2EB82022382
:107E1000C4EDC26AC4F80433FFF74BBBD4EDC27A99
:107E2000D4EDC36A94EDC56A36EEE77AE6EE077ADA
:107E30009FED0A6A37EEE67AB0EEC77AB4EEC67AFC
:107E4000F1EE10FA40F1CE820323C4EDC26AC4F809
:107E50000433FFF72EBB00BF8C47030017B7D138A0
:107E6000000000000898FAF7ADFEB0EE40BAFFF748
:107E700044BBD4ED935AF7EE001AD4ED963ABFEE18
:107E800000BA94ED945AF4EEE35AF1EE10FAB5EE1E
:107E9000C05A48BFB0EE61BAF1EE10FA40F3AE80BE
:107EA000F3EE002A25EE223A35EEC37A75EE837A98
:107EB000BAFE477ABDEEC77AFBFE677AFDEEE77A37
:107EC00017EE103A17EE90EA734500F3EB8294ED4B
:107ED000952A0EF1010E1FED1E4A1BE0F8EEE77A1F
:107EE00090ED007AD0ED014AF5EEC06A013336EE2E
:107EF000676A74EEC74AF0EE477AF1EE10FAE6EEE2
:107F0000247AA8BF77EEE17A734577EEA77A34EE4C
:107F1000274A1DD007EE903AF8EEE76A75EEE66A5A
:107F200066EE826A36EEA26A26EE086AFBFE467AA2
:107F3000FDEEE77A17EE902AB2F5006F07EB8200AC
:107F4000CCD30133F0EE687A734534EE274AE1D1A1
:107F500075EEE33A3BEE044A33EEC37A73EE837A6E
:107F6000BAFE477ABDEEC77AFBFE677AFDEEE77A86
:107F700017EE103A17EE90EA734500F38182F3EEA4
:107F8000002A94ED953AB8EE002A0EF1010EF7EEB4
:107F9000001A1FED4DBA07EE903A0133F8EEE77A7A
:107FA00073EEE77A67EE837A77EEA26A66EE886A06
:107FB000BBFE667ABDEEC77A17EE102AB2F5006FE7
:107FC00007EB820016D2B8EEC77A90ED006AD0EDCA
:107FD000014AF5EEC07A76EEC76A74EEC64AB0EE94
:107FE000467AF1EE10FAA6EEA47AA8BF37EE617ACF
:107FF000A7EE02BA7345CED134EE0BBA75EE855AB0
:10800000F7EE007AF4EEE75AF1EE10FA80F2B28160
:10801000B2E1D4ED995AF7EE001AD4ED9C3ABFEED6
:10802000000A94ED9A5AF4EEE35AF1EE10FAB5EE26
:10803000C05A48BFB0EE610AF1EE10FA40F3AE80CC
:10804000F3EE002A25EE223A35EEC37A75EE837AF6
:10805000BAFE477ABDEEC77AFBFE677AFDEEE77A95
:1080600017EE103A17EE90EA734500F3188294ED7C
:108070009B2A0EF1010E1FED864A1BE0F8EEE77A0F
:1080800090ED007AD0ED014AF5EEC06A013336EE8C
:10809000676A74EEC74AF0EE477AF1EE10FAE6EE40
:1080A000247AA8BF77EEE17A734577EEA77A34EEAB
:1080B000274A1DD007EE903AF8EEE76A75EEE66AB9
:1080C00066EE826A36EEA26A26EE086AFBFE467A01
:1080D000FDEEE77A17EE902AB2F5006F07EB82000B
:1080E000CCD30133F0EE687A734534EE274AE1D100
:1080F00075EEE33A34EE004A33EEC37A73EE837AD8
:10810000BAFE477ABDEEC77AFBFE677AFDEEE77AE4
:1081100017EE103A17EE90EA734500F3B781F3EECD
:10812000002A94ED9B3AB8EE002A0EF1010EF7EE0C
:10813000001A1FEDB50A07EE903A0133F8EEE77A20
:1081400073EEE77A67EE837A77EEA26A66EE886A64
:10815000BBFE667ABDEEC77A17EE102AB2F5006F45
:1081600007EB820016D2B8EEC77A90ED006AD0ED28
:10817000014AF5EEC07A76EEC76A74EEC64AB0EEF2
:10818000467AF1EE10FAA6EEA47AA8BF37EE617A2D
:10819000A7EE020A7345CED134EE000A75EE855A79
:1081A000F7EE007AF4EEE75AF1EE10FA6EDA6FE0CD
:1081B00094ED9A3AF0EE007ABFEE000AD4ED995AA7
:1081C000B5EEC03AA5EEA70AF1EE10FA55DDB3EE12
:1081D000004AB0EE657AF0EE657AA3EE447AE3EEFB
:1081E000047ABAFE477ABDEEC77AFBFE677AFDEEE7
:1081F000E77A17EE103A17EE90EA734500F34C81D8
:10820000F8EE002AD4ED9B3AB7EE002A0EF1010EEB
:10821000DFEDCB4A07EE903A0133F8EEE77A75EEE0
:10822000E77A67EEA37A77EE846A66EE886ABBFE29
:10823000667ABDEEC77A17EE102AB2F5006F07EB2B
:10824000820016D2B8EEC77A90ED006A90ED015A1E
:10825000F5EEC07A76EEC76A35EE465AB0EE467A4B
:10826000F1EE10FAA6EE857AA8BF37EE427AE7EE75
:10827000224A7345CED130EE240A75EE835AF7EECA
:10828000007AF4EEE75AF1EE10FA01DB75EEE75AE8
:10829000C4ED995AFFF753B994ED943AF0EE007A91
:1082A000BFEE00BAD4ED935AB5EEC03AA5EEA7BA28
:1082B000F1EE10FA55DDB3EE004AB0EE657AF0EE5D
:1082C000657AA3EE447AE3EE047ABAFE477ABDEE0D
:1082D000C77AFBFE677AFDEEE77A17EE103A17EEE3
:1082E00090EA734500F3D580F8EE002AD4ED953A74
:1082F000B7EE002A0EF1010EDFED914A07EE903A3B
:108300000133F8EEE77A75EEE77A67EEA37A77EE57
:10831000846A66EE886ABBFE667ABDEEC77A17EE9F
:10832000102AB2F5006F07EB820016D2B8EEC77ABA
:1083300090ED006A90ED015AF5EEC07A76EEC76ACC
:1083400035EE465AB0EE467AF1EE10FAA6EE857A90
:10835000A8BF37EE427AE7EE224A7345CED13BEE14
:1083600024BA75EE835AF7EE007AF4EEE75AF1EE8E
:1083700010FA01DB75EEE75AC4ED935AFFF7BDB86A
:10838000D4EDB86AB0EE005A94EDB76A7EEE664A54
:10839000D4EDB27AF0EE665AD4EDB12A94EDB33A48
:1083A00094EDB57AE6EE275AD4EDB43A64EEA77AA6
:1083B00094EDB64AE2EE867AE4EE835A27EE877AA7
:1083C00097EE856AD5EE856AAEEE237A84EDB76ABC
:1083D000C4EDB86AA5EE847AFFF76DB9C4EDBB7A37
:1083E000FFF78AB9C4EDC27AFFF763B840464FF091
:1083F0000F0BFAF789FFFFF723B8DFED527A90ED04
:10840000407A514BB4EEE77A504DC3180544F1EE73
:1084100010FA059315DC90ED437AB4EEE77AF1EEAD
:1084200010FA0EDC4A4BC31806934A4BC3180A9342
:10843000002E0CDDB3000893079B9B000993FEF709
:10844000EEBD434BE3180693424BE3180A93079B98
:1084500004F54F712046DFED400A00939FED3F0A7F
:108460000196DDE90323FDF753FA45F28C700A9A71
:108470000023069920440096FBF70CF9FFF7B8B9E2
:108480009FED2FBAB8E59FED2E0A23E49FED2C0A4D
:1084900082E6DFED2B4A62E7DFED294AEBE69FED4E
:1084A000284A25E69FED264A52E5DFED254A80E47D
:1084B0009FED234AFFF7BABBD4ED937AB7EE007A6B
:1084C000D4ED946A9FED1EBA77EEA67AF4EEC77AE1
:1084D000F1EE10FAA8BF77EEC77AC4ED937AFFF7F2
:1084E0000CB8D4ED997AB7EE007AD4ED9A6A9FED84
:1084F000140A77EEA67AF4EEC77AF1EE10FAA8BF66
:1085000077EEC77AC4ED997AFFF719B8D4ED9F7A60
:10851000B7EE007AD4EDA06A9FED090A77EEA67A4D
:10852000F4EEC77AF1EE10FAA8BF77EEC77AC4ED81
:108530009F7AFFF72CB8F0EE687AFFF7DDB800BF3E
:108540000000000017B7D138846A03008468030074
:108550008464030084660300B81E853EEC51B83E77
:108560002DE9F04F85B0029000F0D4FD002800F016
:10857000BA80804600F0CEFD8346002800F0B68029
:108580004FF4007200215A48002505F079FE4FF49F
:1085900000720021574805F073FE029BCDF80CB025
:1085A000C3469F69DFF84CA107F55836DFF84091C4
:1085B000D6F890CCB0462E4665461CE0C6F1800445
:1085C000334652464946802C3846A8BF8024AC42E8
:1085D000A8BF2C4600942644FEF77CFBD8F8905C9C
:1085E000D8F8A03C7F2EA5EB04052344C8F8905C86
:1085F000C8F8A03C09DC002DE0DC3846FDF7DEFCC5
:10860000D8F88C5CC8F8905CD8E7D846384ADDF8D2
:108610000CB0BFEE007AF7EE006A9FED376A0BF1FF
:10862000020408F10200334902F50075334E29E0D7
:10863000F4EEE67AF1EE10FA4EDC67EE867AFDEEA5
:10864000E77A17EE903A1BB2F1EC017A20F8023F7C
:10865000F4EE677AF1EE10FA41D6F4EEC77AF1EE55
:1086600010FA1DDBF4EEE67AF1EE10FA31DC67EE7B
:10867000867AFDEEE77A17EE903A1BB2954224F81F
:10868000023F12D0F2EC017AF4EE677AF1EE10FAC2
:1086900027D6F4EEC77AF1EE10FAC9DA3346D3E7FB
:1086A0003346954224F8023FECD1029C0022414619
:1086B000204600F0ADFD01225946204600F0A8FDFD
:1086C000404600F07DFD584605B0BDE8F04F00F093
:1086D00077BD47F6FF73D1E747F6FF73B4E7002392
:1086E000CCE70023B0E705B0BDE8F08F4046EBE7EC
:1086F00028D4032028D6032000FEFF460180FFFF78
:1087000010B52E4882B0FCF791FC2D492D4A00236C
:108710002D480C68136113811060D360002C4AD07F
:10872000234619465B69002BFBD14A61274800218B
:10873000274B106021485161906102205160917275
:1087400003F118021972D9609961D96158721A61DE
:1087500022466469002CFBD11E4953615C605C6158
:108760009C7219601A4800F09BFB1B4B1B490A22A4
:108770001B4819601A7200F07BFD154B2246114907
:108780000094174800F0E8FD164A1749144802F013
:10879000E1FF164800F06CFD01220A4900920C4BE3
:1087A000124800F0D9FD0F4A0F49104802B0BDE849
:1087B000104002F0CFBF14460A60B7E77066002091
:1087C00068D3032048660020404A0020C04A0020A9
:1087D000286600204C4A002064660020804A002061
:1087E0003CD303203C580020ED70000050D3032000
:1087F0000020704700207047F8B50127027A1E4C10
:108800000D46BA40C1F307210646204684F8A5204C
:1088100084F8307184F82F7102F0C6FFE9B2204667
:1088200002F0C2FF0021204603F096F808B10020B4
:10883000F8BD3B460222317A204603F00DF90128AB
:10884000F5D994F8A22094F8A300824210D2531CC8
:10885000A118DBB2897E98424FEA012184F8A23048
:1088600006D923440232987E84F8A2200843F8BD3A
:108870004FF0FF30F8BD00BF70540020F8B501275D
:10888000037A144C242903FA07F30D4608BFC2806B
:108890001646C1F30721204684F8A53084F83071CC
:1088A00084F82F7102F080FFE9B2204602F07CFFCD
:1088B000C6F30721204602F077FF2046F1B202F00E
:1088C00073FF3946204603F047F8B0FA80F04009BC
:1088D000F8BD00BF705400202DE9F0414FF00108B1
:1088E0000F461546302144F2600280F804800446A9
:1088F000FFF7C4FF064610B93046BDE8F0816C2290
:1089000026212046FFF7BAFF4FF4F97228212046AE
:10891000FFF7B4FF40F622722C212046FFF7AEFF8E
:1089200044F246423C212046FFF7A8FF40F23712AE
:1089300024212046FFF7A2FF002F6BD0454B3421A6
:1089400020469F428CBF42460022FFF797FF07EE6A
:10895000905A9FED417A3221B8EE676A07EE907A1D
:108960002046F8EE676AB5FBF7F2C6EE267A02F00B
:108970001F0206EE902AF8EEE66A77EEE67A67EED8
:10898000877AFCEEE77A17EE903AC3F30A0343EADC
:10899000C222FFF773FF44F2FF5230212046FFF757
:1089A0006DFF732202212046FFF768FF4FF4C87065
:1089B00001F064F941F61D522E212046FFF75EFFBB
:1089C000072204212046FFF759FFB0220621204646
:1089D000FFF754FF10220A212046FFF74FFF002225
:1089E0000E212046FFF74AFF43F63C421021204665
:1089F000FFF744FF47F67F7222212046FFF73EFF34
:108A0000362224212046FFF739FF012330466372C6
:108A1000BDE8F08144F2FF0230212046FFF72EFF2F
:108A2000732202212046FFF729FF4FF4C87001F09E
:108A300025F941F61D522E212046FFF71FFF042283
:108A400020461146FFF71AFF302206212046FFF785
:108A500015FFBFE7406603010000004510B504465E
:108A6000084805F041FE052001F008F906212046DE
:108A7000FFF7C2FE2046044A0021BDE81040FFF780
:108A80002BBF00BF705400200040C40A10B504463C
:108A9000D1B1012901D0002010BD40F273122A216A
:108AA000FFF7ECFE0028F6D0882220212046FFF7B1
:108AB000E5FE0028EFD0E2882046242122F00402BF
:108AC000BDE81040FFF7DABE55222021FFF7D6FEA1
:108AD0000028E0D0E2882046242142F00402BDE8CC
:108AE0001040FFF7CBBE00BF38B5054611B3802953
:108AF0000CD8C1F180042B7944EA042453B92246EE
:108B000028462221BDE83840FFF7B8BE2B79002463
:108B1000002BF4D0EA8800232421284622F01002FA
:108B20002B71FFF7ABFE224628462221BDE83840D4
:108B3000FFF7A4BE012347F67F7222210371FFF7DE
:108B40009DFEEA882846242142F01002BDE8384004
:108B5000FFF794BE9FED1F7ADFED1F7AE0EE077AF4
:108B600038B50546FCEEE77A17EE904A14B3802C30
:108B70000CD8C4F180042B7944EA042453B922466A
:108B800028462221BDE83840FFF778BE2B79002423
:108B9000002BF4D0EA8800232421284622F010027A
:108BA0002B71FFF76BFE224628462221BDE8384094
:108BB000FFF764BE012347F67F7222210371FFF79E
:108BC0005DFEEA882846242142F01002BDE83840C4
:108BD000FFF754BE00000143EE7CFF3E2DE9F84F45
:108BE000454B464C1868197904F580750368444A6A
:108BF000AB42D1770BD2434B1B78002B4BD04FF0BD
:108C0000E02340222C4605F58075C3F808223E4B30
:108C1000DFF804A1D3F80080DFF800913B4BBAF8ED
:108C20000060D3F800B0B9F80070B8F1000F4FD071
:108C3000BBF1000F21D1B8F1000F49D008F10401B8
:108C4000204601EB4601403600F0C3F9BFF34F8FD9
:108C50004FF0E022C2F8704F2034AC42FAD3BFF399
:108C60004F8FBFF36F8F7F2E26D8AAF800607F2F1B
:108C700015D8A9F80070BDE8F88F0BF1040208F1CF
:108C80000401204602EB4702403701EB4601403623
:108C900000F080F9DAE72C4605F58075B7E7002487
:108CA0005846A9F8004000F08BFA194B1A681C606E
:108CB000164B1A60BDE8F88F00244046AAF8004021
:108CC00000F07EFA134A104B116814601960CEE769
:108CD000BBF1000F08D00BF10401204601EB470166
:108CE000403700F096F9B1E74FF4807259462046BC
:108CF00005F0C6FAAAE700BFF0D3032060182020D1
:108D000000800E4019DC0320E0D30320E8D30320C9
:108D1000ECD30320E4D3032006DC032008DC03208B
:108D200038B50021044600F097FA88B172B61C4AA3
:108D30001368002B2BD01B490D68002D2CD015601B
:108D400008600021184A118062B6184600F038FA0F
:108D50000121204600F080FA98B172B6134A1368D8
:108D600083B113490C6854B114600024114A08609F
:108D7000148062B61846BDE8384000F021BA086099
:108D800062B638BD0B4910600B8062B638BD06492B
:108D900010600B8062B6DBE7086062B6D8E700BF00
:108DA000E0D30320E4D3032006DC0320E8D3032030
:108DB000ECD3032008DC032010B5044600F0C6FB0A
:108DC000204610BDF8B52D4C05462D4AE36F43F4FF
:108DD0004023E3679368002B46DBD2F88830002BF2
:108DE00042DB002342F210724FF40C611C2005F0AC
:108DF00083FCE369234A23F44063234943F400637B
:108E0000E361A36A1A40214B42F0CE02A2624A6893
:108E1000134043F400234B602DB91D4B0322C3F8CC
:108E20002021C3F824211A4E0327154B0124C6F82C
:108E3000287100254FF480301649174A174E1D66D9
:108E4000DC601E6158619961DA61C3F8E050C3F8D3
:108E50008C4004F1E064C3F89040C3F89400C3F878
:108E60009810C3F89C20F8BD002DFCD1084B0322BC
:108E7000C3F82021C3F82421F8BD00BF00C00F4073
:108E80000040384000FEFFFF00C00A40F8FFF7FF37
:108E900000801F401B1F0100001F1F1F0100004713
:108EA00070B5264D00240121254E284600F0EAFA2F
:108EB000244A254B204614601C60FFF783FF234B98
:108EC0000321234A0220C3F880112B6821491A602C
:108ED0004FF480729C61DA82DA8306229C829A8344
:108EE0001D4ADE601A61C3E9011029791B480FFA97
:108EF00081FC1B4B40F82C4040F82C30194B1A4891
:108F0000D976D2F86630194C43F01043C2F8663077
:108F100042F81A0C00F094FA2A79154B01212070BE
:108F200002F1100003EB521302F01F02114C9140AA
:108F30009B00114A42F82040196070BDF0D3032015
:108F400000FEFFFFE0D30320E8D3032000801F4092
:108F500060182020020001012240384000C00E406D
:108F60001400008000800E400100009019DC0320F6
:108F700040380038BD68000000600020024A034904
:108F8000034802F0E7BB00BF3C580020996A00008C
:108F9000F0D303202DE9F04F00F5807EB1E8A00A60
:108FA000B2E84015C5EA0643C6EA2544C7EA0845C3
:108FB000C8EA2746C9EA0A47CAEA2948CBEA0C495F
:108FC000CCEA2B4AA0E8F8078645E7D1BDE8F04F88
:108FD00070474FF000022DE9F00F00F5807C00BFD4
:108FE000B1E8A00AC5EA0203C2EA2544C7EA0205BD
:108FF000C2EA2746C9EA0207C2EA2948CBEA0209BF
:10900000C2EA2B4AA0E8F8078445E9D1BDE8F00F91
:1090100070474FF000022DE9F00F00F5807C00BF93
:10902000B1E8A00AC2EA0543C2EA0504C2EA07455C
:10903000C2EA0706C2EA0947C2EA0908C2EA0B49BE
:10904000C2EA0B0AA0E8F8078445E9D1BDE8F00FB1
:1090500070472DE9F00F089C00F5007B51F8045B88
:1090600053F8046BC5EA0647C6EA254952F8045B83
:1090700054F8046BC5EA0648C6EA254AA0E880070A
:109080008345EBD1BDE8F00F704700BF4FF0E02300
:109090004022C3F808227047F8B5144B144D1C68E1
:1090A0006E689CB1237A20466BB123686F681B6899
:1090B00098476B68E188DB1BC3F38F12B1EB931FFA
:1090C000A28038BFE2806469002CEBD1084B094ACA
:1090D0005B6810889B1B084CC3F38F11B0EB931F88
:1090E000218038BF1180BFF34F8FF8BD68D30320B4
:1090F000001000E002DC032000DC032003681847B6
:109100000B680360704700BF0B680360704700BFC7
:10911000704700BF30B472B6244D254C2A8804F144
:10912000700104EB82038B423CD204F16F01501CAE
:10913000C91A00EB910002E00132824232D09C4613
:1091400053F8041B0029F7D0B1FA81F04FF0004327
:10915000C34021EA0301CCF8001001B90132154BDC
:109160002A801A88013291B2198062B6ACEB040CE5
:1091700041F67C73C0EB00644FEAAC0CC0EB84108A
:1091800001240CEB8C1C03EBCC1303EB80030A488B
:109190000068C4541844094B1C88944230BC38BF42
:1091A0001980704762B6002030BC704704DC032091
:1091B0006CD30320FCDB032064D30320FEDB0320FD
:1091C000428872B60378012B03D9013B037062B663
:1091D0007047D14353090B484FF0004201F01F0183
:1091E000CA4050F823100A430749B1F800C040F8BC
:1091F00023209C45054A88BF0B801388013B1380C0
:1092000062B670476CD3032004DC0320FCDB032030
:10921000C36813B91DE0DB68E3B1187A9042FAD154
:1092200010B4586893F809C0006950F82C4054B144
:10923000DB682BB1187A9042F3D0DB68002BF9D1B0
:109240005DF8044B704740F82C1008780130087026
:10925000EEE77047704700BF437A8B4206D9036937
:10926000002253F8210043F8212070470020704766
:1092700000220449C0E90022028102740A680860E1
:10928000C2607047DCD30320037CFBB9036801464E
:10929000FBB14368EBB1427A5B7A9A421CD230B49C
:1092A00072B62B4B1C68ECB1E368C3B1486801E0AF
:1092B000DB68A3B15A688242FAD193F809C04A7AAE
:1092C0009445F5D162B6042030BC7047012062B6E7
:1092D0007047032062B67047022062B67047646927
:1092E000002CE1D11B4C236843B1994202D10BE021
:1092F000994207D01A46DB68002BF9D1052062B6E7
:1093000030BC704702F10C040D68E868E8B1C3682E
:109310001BB908E0DA683AB1134681421846F9D120
:1093200062B60620D0E70346D960CB6800202360F0
:109330000123C860AA7A2B721A44AA724A68947AE6
:1093400013721C4494720B74D9E7E960EDE700BF17
:1093500068D30320DCD3032010B5047C9DF808E01B
:109360000CB1012010BD027280F809E0C0E90013C1
:10937000BDE81040FFF788BF38B5037C002B36D01E
:1093800043680446427A5B7A9A4238D272B60168E0
:10939000CB68002B2DD0984233D01A46DB689C4214
:1093A0002AD0002BF9D16268607A136953F8200043
:1093B00048B1FFF705FF72B662680025607A13694D
:1093C000216843F820508B7A013BDBB28B7203B9E2
:1093D0000B72937A013BDBB2937203B913720A4B9F
:1093E00000201A6820741C60E26062B638BD01205B
:1093F00038BD62B6032038BDE368D360D3E70220EE
:1094000038BDC368CB60CEE7DCD3032010B504467B
:10941000FFF7B2FF094A136843B19C4202D108E04A
:109420009C4205D01A46DB68002BF9D1204610BDBE
:109430000C32E3682046136010BD00BFDCD303206C
:109440000C4B1A789AB90C4A0C4910B4C2F858114E
:109450000B48D02401224FF0E02180F84640402400
:109460001046C1F808415DF8044B1A70704700209F
:10947000704700BF18DC032000600020796D0000F9
:1094800000E400E070B472B621B9036813B1027948
:109490000F2A45D9294C2188002341FA03F212F002
:1094A000010208D00133102BF7D162B600220371FC
:1094B000026070BC70474FF0010C0CFA03FC41EAEB
:1094C0000C01218062B61E4D5FFA83FC1D4940F2FB
:1094D000824680F804C0EC6F194483F0030344F023
:1094E000C0044901EC67A5F59F35174CA5F58075BB
:1094F000266084F81AC084F81EC084F818C084F866
:109500001FC00160C1E90022C1E90222C1E90422B1
:10951000C1E906225A5D42F0C0025A5570BC70473C
:10952000064C218841FA02F5ED07B5D5054D1544E5
:10953000B3EB451FB0D162B6BBE700BF0ADC032026
:1095400000C00F408074000200800E4003790F2B92
:1095500011D8094A937672B60849012290F804C0DE
:109560000B8802FA0CF223EA02030B8062B6102287
:10957000002302710360704700800E400ADC032064
:10958000704700BF704700BF704700BF704700BF03
:1095900070B51A4C1A4D2368AB4202D0194AD168F3
:1095A00029BBA369AB4202D0164AD169C9B9236B62
:1095B000AB4202D0134AD16A69B9A36CAB4209D05D
:1095C000104AD16B31B101211B680F48D163BDE84E
:1095D0007040184770BD01211B680C48D162984744
:1095E000EBE701211B680A48D1619847DFE70121B9
:1095F0001B6804F10800D1609847D2E7C0620020E0
:10960000200900200041084010630020F86200207B
:10961000E062002038B5064CA4F1600554F8083C1F
:109620002046183CDB689847AC42F7D138BD00BFF4
:109630001063002003682DE9F041044688B0174606
:10964000002B4BD000229A600122DA60304D04A832
:10965000DFF8E0801D4451F8083B2D1102935B6850
:1096600005EB45069847F60006F1080058F8063065
:109670004044DB6801909847264A04A9DDE90103CC
:10968000029248F806309B689847029B04A8DB6862
:1096900098472368032220481F609A601F4A237955
:1096A0001F4C535513785178C0F828428B4228BF7D
:1096B0000B469178D2788B4228BF0B46934228BF45
:1096C0001346184C4FF0E0224FF08061012084F8DF
:1096D0007A30C2F80C1108B0BDE8F081124AD36E9E
:1096E00043F44053D3660122104B1A60104A1346CC
:1096F0000260403298680028A8D01033934223605B
:10970000F8D100231846236008B0BDE8F08100BFFF
:1097100000BFF7BF20090020006000203058002063
:109720007172000000E400E000C00F4000400840FB
:1097300000410840C062002010B4064B0020064CD7
:10974000064A1C609C611C639C6405495DF8044BDF
:1097500002F000B8C0620020200900203C58002020
:10976000F572000000207047084601F08DBD00BF73
:10977000012A70B508BF0A228AB091B34FF0210EBA
:1097800001E05FFA86FE0EF1FF36B1FBF2F502FB57
:1097900015145FFA84FC092C0CF137040CF1300C21
:1097A00098BF5FFA8CF40EF1280C88BFE4B29142A6
:1097B000EC4429460CF8244CE3D24BB10EF1FF3EA9
:1097C0002D225FFA8EFE0EF128036B4403F8242C41
:1097D000036801A9CEF122025B68714498470AB080
:1097E00070BD30224FF0210E8DF82520E5E700BF37
:1097F000002903DB00230A22FFF7BABF49422D23C9
:109800000A22FFF7B5BF00BF00B5036883B040F67A
:109810000D2C022201A95B68ADF804C0984703B083
:109820005DF804FB00000000B4EE400B70B5F1EEF3
:1098300010FA05462DED028B86B07CD6B0EEC07BCB
:109840009FED476BB4EE467BF1EE10FA6BDC9FEDBB
:10985000467BB4EEC70BF1EE10FA5ADC9FED447B69
:10986000B4EEC70BF1EE10FA53D4B5EEC00B0C46B4
:10987000F1EE10FA5BD40023B6EE007B002C5ED034
:109880004FF0000C9FED3C6B0CF1010C27EE067BBA
:109890005FFA8CF2A242F7D330EE070B0A22284679
:1098A000FCEEC07BB8EE678B17EE901A30EE488B5B
:1098B000FFF75EFF0F2C4FF02E03B2EE046B06464F
:1098C00028BF0F248DF808300DF1090302AA611E8C
:1098D00053FA81F128EE060BFCEEC07BCDED017A48
:1098E0009DF8043007EE903A3033B8EEE78B02F87B
:1098F000013F914230EE488BECD12B68013402A934
:1099000028465B68E2B29847304606B0BDEC028B51
:1099100070BD2B6803221A495B6806B0BDEC028B50
:10992000BDE870401847036803221649F4E7B1EE1A
:10993000400B0123A0E7036803221349ECE730EE54
:10994000070B0A222846FCEEC07B17EE901A06B0E1
:10995000BDEC028BBDE87040FFF70ABFAFF300809B
:10996000FFFFFFFFFFFFEF7F000000E0FFFFEF4181
:10997000000000E0FFFFEFC19A9999999999B93FCA
:109980001C0900201809002014090020A249A34B3B
:1099900088422DE9F047A24C5E699A69D4F80C80A0
:1099A0001BD9A04B984240F20281C31A9E491B0A60
:1099B000A1FB031340F22761DB0903EB830303EBF5
:1099C000830303F2E2438B4228BF0B46A3F548779B
:1099D000964BA3FB0737FF0804E0954FB8428CBFB6
:1099E0000E2706278D4908F01F09D1F88030B945A8
:1099F00043F0C003C1F880300CD228F01F08A1F555
:109A0000F82148EA0708C1F80C800B68002BFCDA43
:109A100008F01F0916F0007324D186490C698649A5
:109A2000A14300F0EA8082F4805134464FF480551F
:109A300014F0605F04D026F060561E43774B5E61E1
:109A400011F4405F07D022F4405274492A438A61DE
:109A50008B6C1A07FCD446F00076704A5661936C02
:109A60009B06FCD4754CA04200F2CE804FF0010C56
:109A70000146634603FB011203F1010E0CF10105DF
:109A8000A24218D8BEF1080F4FF0010340F08D80BC
:109A9000BCF1040F00F291800A18A24200F2A480E7
:109AA00005FB00F1AC4603F1010E03FB01120CF1C2
:109AB0000105A242E6D90CF1FF318C0286EA812130
:109AC0005F4810445F4A90427FD9DFF8A4A16C221E
:109AD0005D48584DB0FBFEF0D5F800E0B0FBFCF05F
:109AE000DFF890C10EEA0C0CD44509D042F40052C4
:109AF0004FF4805CC5F800C02A602A68002AFCDAAE
:109B0000464A156905F007059D4203D01361936C21
:109B1000DD03FCD411F4E05F09D026F4E05604F430
:109B2000E0543E4A26435661936C9907FCD447495A
:109B3000474A014491423CD8464BC909A3FB013135
:109B4000090B4B1E1B0286EA030212F4407F06D06B
:109B500026F4407603F44073304A334353612F4A6E
:109B6000536923F000735361936C9B06FCD43A4B0A
:109B70004F45A3FB00234FF0FF324FEA9343B0FB66
:109B8000F1F1B2FBF3F3354A1060354A1160354A02
:109B9000136008D228F01F08214A48EA0707D76057
:109BA0001368002BFCDABDE8F087734662E71227E2
:109BB00018E74FF440730421C5E70CF1FF3120484A
:109BC00007238C02104486EA8121274ADFF8A8A0E7
:109BD000A2FB0020020D2548362A38BF362202FBA0
:109BE00000F042EA0A0A74E74FEA8C24002386EA6E
:109BF0008C214FF0010EAC4662E71D4686F0C05442
:109C000011464FF0C05313E700244FF0010C0246F9
:109C100031462346E64653E700A4781F00C00F40B4
:109C2000000008400046C32323B24C001F85EB51BF
:109C300000366E0100800D4040300080FFB19F264D
:109C4000808D5B00FF7EF64D00643F4D7FD1F008B4
:109C50007F17B42C9F10E50083DE1B435C5400206B
:109C600058540020D8DB0320819F5E16001BB700EC
:109C70006C2000807F3001800020008000B9704798
:109C80002DE9F84F01218146214C224D224E54E806
:109C9000003F2A68306844E80013002BF7D11F49C1
:109CA0004B684FF47A7BDFF878A01B1A01270BFB77
:109CB00002F8DAF80020A3FB02325A4594BF904420
:109CC000D84454E8003F2A68306844E80073002B09
:109CD000F7D14B68DAF800C01B1A0BFB02F2A3FBAA
:109CE0000C3CBCF57A7F94BF624402F57A72A2EB19
:109CF0000802B2F57A7F06D3B9F1010908F57A783E
:109D0000DFD1BDE8F88F01F053FB0449D9E700BF6C
:109D1000E4DB0320E0DB0320DCDB0320001000E0B9
:109D2000D8DB032008B5FBF70BFDFBF763FD01F063
:109D30003FFBFAE7844641EA000313F003036DD1C9
:109D4000403A41D351F8043B40F8043B51F8043BFE
:109D500040F8043B51F8043B40F8043B51F8043B05
:109D600040F8043B51F8043B40F8043B51F8043BF5
:109D700040F8043B51F8043B40F8043B51F8043BE5
:109D800040F8043B51F8043B40F8043B51F8043BD5
:109D900040F8043B51F8043B40F8043B51F8043BC5
:109DA00040F8043B51F8043B40F8043B51F8043BB5
:109DB00040F8043B51F8043B40F8043B51F8043BA5
:109DC00040F8043B403ABDD2303211D351F8043B45
:109DD00040F8043B51F8043B40F8043B51F8043B85
:109DE00040F8043B51F8043B40F8043B103AEDD2F4
:109DF0000C3205D351F8043B40F8043B043AF9D245
:109E0000043208D0D2071CBF11F8013B00F8013B17
:109E100001D30B8803806046704700BF082A13D324
:109E20008B078DD010F003038AD0C3F10403D21A3C
:109E3000DB071CBF11F8013B00F8013B80D331F870
:109E4000023B20F8023B7BE7043AD9D3013A11F8F0
:109E5000013B00F8013BF9D20B7803704B7843705B
:109E60008B7883706046704703F046BF01F1FF3C7A
:109E700070B56646002400E00134B0FBF2F502FB49
:109E80001503092B03F1370E03F130035FFA8EFE41
:109E900098BF5FFA83FE9042284606F801EFEBD2A6
:109EA000631C0022C818CA547CB162461CF8015FCA
:109EB00010F8016DA1EB0C0302328CF80060013B3D
:109EC000521A057023449A42EFDB084670BD00BF6A
:109ED00072B6EFF30583524CC4F884301EF0040FC1
:109EE0000CBFEFF30882EFF309824FF0E0234D4EF1
:109EF0004D4DD3F8280DD3F82C1DC4E92201D3F819
:109F0000341DD3F8383DC4E924139369C4F898305C
:109F1000D369C4F89C3000F0BFF884ED280A01F042
:109F20009FFB0B214FF0FF32C4F8A4000B46C4F88E
:109F300080103E49301D5A40202402F00103013CAC
:109F400001FB03F383EA5202F7D1A84202D07368FF
:109F50000646EFE7324BC3F8A820BFF34F8F4FF010
:109F6000E0233049324AC3F8701FC3F8702FBFF3A3
:109F70004F8FBFF36F8F2F4A02252F48D36E2F4983
:109F800043F44053D3660560D3692D4823F07F0323
:109F900043F04003D3610B6883423DD8264D002136
:109FA0004FF0E0234FF0FF3229600126C5F8081179
:109FB0002449C5F80011C5F80861C3F88021C3F829
:109FC0008421C3F88821C3F88C21C3F8902101E0D3
:109FD00000F054F9D5F80C31002BF9D00134C5F854
:109FE0000C614F2CF4D9184B022018494FF0004255
:109FF000C1F840015A63D5F80C313BB914481549F2
:10A000000D4A0163D2F80C31002BFAD04FF0E02357
:10A01000114AC3F80C2DFEE7FFF7B8FCBEE700BFFE
:10A0200000FF272080FF2720A8FF27202083B8EDEE
:10A03000A0FF272000C00F40004008405C540020D3
:10A04000803DCD0B009F240000900D4000002E406D
:10A0500000800F40F100AD0B0400FA050A490A68C0
:10A0600038B108B513180948834204D810460B606C
:10A0700008BD1046704704F06DF90C234FF0FF3215
:10A080000360104608BD00BF38580020000028209B
:10A0900030BFFDE7FFF71CBF124AD2F880305B07E4
:10A0A000FBD5D2F880301048C3F30B230F4990ED55
:10A0B000007A07EE903A91ED006AB8EE477A0C4AC2
:10A0C000F8EEE77A0B4BD2ED006A77EEC77A93EDA4
:10A0D000007AB8EE477A67EE867A87EEA60A37EE00
:10A0E000400A704700810D40C8DB0320D0DB03200D
:10A0F000D4DB0320CCDB0320836BF0B41BB15368AB
:10A1000043F40043536072B6446B3CB31A4B226075
:10A11000D3F8B0410C421DD1184E776804E0746842
:10A12000E41BB4F5166F0BD2D3F8404144F48044DD
:10A13000C3F84041D3F8B851D3F840416404EED598
:10A140000D4007D10C4CC0E90225D4F8B0310B43C7
:10A15000C4F8B031426362B6F0BC7047064DC0E946
:10A160000224D5F8B0310B43C5F8B0310263426325
:10A1700062B6F0BC704700BF00002E40001000E047
:10A1800070B5056B9DB106462A46002403E01268AF
:10A190000134012A0CD0536813F08003F7D03263E6
:10A1A0002CB12846B36B2D689847013CF9D170BD9E
:10A1B000C6E90C33F4E700BF30B4D9B91F4C204BCB
:10A1C0000021204A01254FF0011099601D60C4E96B
:10A1D000023180245C60C2F8BC01D2F8B0311A4868
:10A1E0002B43C2F8B0310160D2F8B031002BFBD163
:10A1F00030BC70470904154B104C012541F080011B
:10A200009860104A596000F580511D60D96000F5D2
:10A210000051A364196100F5405100F58040596177
:10A2200000219861E164D2F8B03143F48033C2F880
:10A23000B031D2F8B031002BFBD1C0E700000020D4
:10A240002063002000002E4038DB03204063002004
:10A25000084901220B7802FA00F023EA0000087096
:10A2600030B9054AD2F8483123F08003C2F84831AA
:10A27000704700BF23DC032000002E402DE9F04F83
:10A280009C4C83B0D4F84461F107C4F844616AD5AA
:10A29000D4F8AC31002B61D0DFF88482964DDFF822
:10A2A00078B208F5805ADFF87C92944FC4F8AC314C
:10A2B000D5E90A20D4F8403143F40053C4F84031C2
:10A2C000D4F840319B04F5D5D4F8403123F4005341
:10A2D000C4F840314FF00113C4F8B431D4F8B431AC
:10A2E00013F00113FAD191B240F2816CCBF8003037
:10A2F000614500F2D980B1F5D06F80F06181B1F590
:10A30000817F00F08F8140F2AB8040F2023C6145DA
:10A3100000F0B281B1F5A06F40F0C1807849EB64E4
:10A320008B600123A9640B6080234B604FF0011305
:10A33000C4F8BC31D4F8B03143F48033C4F8B03140
:10A34000D4F8B031002BFBD1130C5B0643F08073C3
:10A35000C4F85431D4F8AC31002BA7D1654AD2F8F7
:10A36000BC31002B4AD1720616D5624BD3F8AC2112
:10A37000C3F8AC21D3F8BC21C3F8BC21D3F8B04159
:10A38000002CFBD14FF0FF32C3F8B421D3F8843155
:10A3900000F012FE5B4B1C60F40103D55A4B1B68A6
:10A3A00003B19847B00103D5584B1B6803B19847D8
:10A3B000710708D54F4BD3F8843113F400731AD0CA
:10A3C000534B01221A704B4BD3F848311A060FD564
:10A3D00033060DD54F4A13782BB1013BDBB2137016
:10A3E000002B00F0428203B0BDE8F04F00F0E4BB68
:10A3F00003B0BDE8F08F464A1370E4E74649C2F85F
:10A40000BC310868034240F061813E4A14681C4038
:10A41000A9D05FEA144810D0374D4FF0010998FADF
:10A42000A8F7B7FA87F705EBC71009FA07F7403026
:10A43000FFF7A6FE38EA0708F1D1A4B2002C92D0AB
:10A440002D4D4FF0010894FAA4F7B7FA87F705EB02
:10A45000C71008FA07F7FFF793FEBC43F3D182E772
:10A46000802900F0A780822919D183B210F07800EA
:10A4700015D103F07F0257F82210284A10801806E1
:10A4800000F1C081CB0701D50123137002212348BD
:10A49000FFF792FE5EE7010C072900F045814FF0BF
:10A4A0000113C4F8C03155E742F2210C6145F2D0E6
:10A4B0003AD942F22123994268D042F2213399429B
:10A4C000EDD10F4B00229A60EA640122AB641A605E
:10A4D00080225A604FF00113C4F8BC31D4F8B03177
:10A4E00043F48033C4F8B031D4F8B031002BFBD141
:10A4F00030E700BF00002E4000000020C0012E40C9
:10A50000206300203CDB0320F4DB0320F8DB032086
:10A510002CDC03202DDC032038DB03206CDB032044
:10A5200030DB032040630020B1F5086F3AD0B1F56D
:10A53000106FB4D1B548C2F307424FF0C811009371
:10A540000270B34AC4F8C821C4F8CC11C4F8D011C1
:10A5500000F034FD00F0CEFAAE4A0121009BAA645F
:10A5600011608021936051604FF00112EB64C4F8D8
:10A57000BC21D4F8B02142F48032C4F8B021CBF829
:10A580000030D4F8B031002BFBD1E3E680B20028D4
:10A5900097D1A14BC2F307421968A04B1960A04B99
:10A5A0001A708EE7994B01219E481B780370FFF7C4
:10A5B00003FECFE69B4802210380FFF7FDFDC9E6BD
:10A5C000994B596800293FF46AAF4FEA124E82B2A4
:10A5D00004E019690C3300293FF461AFB3F800C0FF
:10A5E000F445F6D1B3F802C09445F2D14FEA1E22E9
:10A5F000032A00F0D8801A89000C824228BF024644
:10A60000BEF5007F40F0D480884B89491878894B8B
:10A610000092002818BF19468748FFF78BFB864B2E
:10A62000009ADAE010F0780F83B27FF438AF03F0CD
:10A630007F0213F0800F57F8223014BF23F48033C9
:10A6400023F0010347F822300022724BEA649A603B
:10A650000122AB641A6080225A604FF00113C4F8E3
:10A66000BC31D4F8B03143F48033C4F8B031D4F8FD
:10A67000B031002BFBD16DE610F0780F83B27FF480
:10A680000EAF03F07F0213F0800F57F8223014BF93
:10A6900043F4803343F0010347F8223000225D4B3E
:10A6A000EA649A600122AB641A6080225A604FF01B
:10A6B0000113C4F8BC31D4F8B03143F48033C4F88A
:10A6C000B031D4F8B031002BFBD143E60020086054
:10A6D0005A490C88486842F221018C427FF495AEB9
:10A6E00080B200287FF491AE5549564C03C9A18031
:10A6F00086284FEA11412060A1717FF486AE72B6C0
:10A700005148017841F008010170D2F848110D0656
:10A7100005D480200143C2F84401C2F8481162B652
:10A720004A4A5021117070E6EB6001234349C9F891
:10A730000030474B0A60C9F80430464B4860C9F8FE
:10A740001030C5F80890C9E9028AD4F8B02142F067
:10A750000102C4F8B02103F5805203F50053C9F893
:10A760001420C9F81830D4F8B031002BFBD1294A95
:10A77000EB6493600123AA64136048F28003536082
:10A780004FF00113C4F8BC31D4F8B03143F4803336
:10A79000C4F8B0314FF48033CBF80030D4F8B03186
:10A7A000002BFBD1D6E5000C0A78824228BF024676
:10A7B000BEF5E06F50D11D4B1D4893F800C01D49F8
:10A7C0001D4BBCF1000F18BF014600921846FFF761
:10A7D000B1FA072103464170009A23F01F01134488
:10A7E000BFF34F8F4FF0E020C0F8701F20318B4235
:10A7F000FAD8BFF34F8FBFF36F8F0F481146FFF7A3
:10A80000DBFCA7E5C9033FF53FAE3FE62BDC0320A9
:10A810000200CC0020630020E0DB0320F0DB0320FB
:10A820002ADC03206CDB0320C85200202CDC032030
:10A83000F42000608C210060601A20202066002037
:10A8400030DB0320E8DB032023DC03202DDC0320A6
:10A850008000070030FB0320064B1846CDE900239B
:10A86000FFF768FADDE90023B7E70320FFF7F0FC04
:10A8700003F04AFF601A20202DE9F0471F46831E8F
:10A88000022B01D9BDE8F087DFF84C9015460C4645
:10A890003C2209EBC01806464FEAC01A002108F115
:10A8A0000400240403F0ECFCB5FA85F201235209FC
:10A8B00044EA427449F80A40C8F83870C8F80830C9
:10A8C000002FDFD0034AB34011680B431360BDE88B
:10A8D000F08700BF3CDB0320000000202DE9F0479B
:10A8E0000D46811E022901D9BDE8F087C701DFF8B6
:10A8F0004C909246044640373C2200211E4609EB0C
:10A9000007082D0408F1040003F0BAFCBAFA8AF231
:10A91000520945EA427249F807200122C8F8386016
:10A92000C8F80820002EDFD0034B10341968A2406D
:10A930000A431A60BDE8F0873CDB032000000020DA
:10A9400012048160C36101F5405342F0800210B4EB
:10A950000124426001F50052046001F5805401F5C4
:10A960008041C46081615DF8044BC0E904237047F5
:10A97000831E0A46022B00D97047064B00F11001D6
:10A980004FF0010C03EBC0100CFA01F14030FFF75F
:10A99000B3BB00BF00000020831E0A46022B00D973
:10A9A00070470121024B814003EBC010FFF7A4BBAD
:10A9B0000000002040687047124A134BD2F8200272
:10A9C00020F07F40984210B584B002D200EB8000A6
:10A9D00040000E4C01A90A22FFF748FA01A9002302
:10A9E000204611F8012B01333AB10A2B20F8022F2F
:10A9F000F7D11623237004B010BD5B00DBB22370C7
:10AA000004B010BD00441F4080969800745C002084
:10AA100000F0F2BB00F0C2BB00F026BC00F0E0BBCF
:10AA200000F07CBC00F052BC0846114600F042BC6D
:10AA3000F8B5144C4FF0E025134E4FF4003204EB00
:10AA40004024124F06EB40160346C5F88C212146E0
:10AA50003A883046FFF774FF3B882344BFF34F8F9B
:10AA6000C5F85C4F2034A342FAD8BFF34F8FBFF331
:10AA70006F8F04203146FFF78FFF4FF40033C5F886
:10AA80000C31F8BD001B2020606300200CDC03208B
:10AA900042684FF6FC71114BC2F30E42C0691B882D
:10AAA0009B1A0B4017D00E4930B40E4C0E4D227835
:10AAB00021F810300021013225F81010062A94BF29
:10AAC000D1B20A46217009490C6823440B60084B37
:10AAD000985430BC7047FFF7ABBF00BF0CDC0320BD
:10AAE0007CDB03201FDC032098DB032074DB0320C6
:10AAF000B4DB0320214B70B51B78002B3BD04FF407
:10AB000000731E461E4980221E4D00240B8000212A
:10AB10001D482B8003F0B4FB1C4A21461C4B1470CB
:10AB2000C0221C481C8003F0ABFB1B4A31461B4B68
:10AB3000042094609C60C2E90044194AC3E90044BF
:10AB40001470184B184A1C70184B14602246FFF7FB
:10AB500093FE2346224629880420FFF7BFFE2046A5
:10AB60000134FFF765FF062CF9D100231049114A83
:10AB70000B70137070BD40231E46C3E72CDC03200E
:10AB80000CDC032014DC03202065002026DC0320DD
:10AB900010DC0320606300207CDB032098DB0320B3
:10ABA0001FDC032021DC032074DB032071870000FD
:10ABB00024DC032028DC03202DE9F843214B1D78F9
:10ABC00015B9214E33880BB9BDE8F883DFF88880CA
:10ABD0001E4A98F800701E4C02EB47191D4A04EB00
:10ABE0004724128848462146D21A2B46FFF7A8FE72
:10ABF000BFF34F8F04F1200204F50073934234BF7A
:10AC0000012310234FF0E02204EB4313C2F8704FEE
:10AC100020349C42FAD1BFF34F8FBFF36F8F0137BF
:10AC200049460420FFF7A4FE032F4FF000034FF026
:10AC3000020098BFFDB2338088F80050BDE8F843A9
:10AC4000FFF706BB28DC032010DC03202065002072
:10AC50000027202014DC032026DC0320F8B5144C48
:10AC60004FF0E025134E4FF4003204EB4024124F16
:10AC700006EB40160346C5F88C2121463A8830463B
:10AC8000FFF75EFE3B882344BFF34F8FC5F85C4F50
:10AC90002034A342FAD8BFF34F8FBFF36F8F032046
:10ACA0003146FFF779FE4FF40033C5F80C31F8BD9B
:10ACB000002F2020206400200EDC0320244B2DE9EF
:10ACC000F0411C884368C569C3F30E43E41A002CA5
:10ACD00024DD204920480A780078D3B21F4E8242F2
:10ACE0001F4807D010F8038036F81870C7F50072B7
:10ACF000944218D90133002226F81540082B194E2A
:10AD000088BF134626F8152098BFDAB2C554164BF3
:10AD10000A701A6814441C60BDE8F0812846BDE83A
:10AD2000F041FFF79BBF07EB48201049224627441C
:10AD3000084401EB4521FEF7FDFF0B4A284626F8A3
:10AD4000187013682344BDE8F0411360FFF786BF15
:10AD50000EDC032020DC032022DC032088DB032020
:10AD6000BCDB0320A4DB032078DB0320002F2020A2
:10AD70001D4B1A78002A36D102F0FF031B4A1278C5
:10AD80008AB32DE9F0411A4D2A8852B3194EC2F503
:10AD90000068194F3278194C07EB421704EBC224B4
:10ADA000424638462146FFF7CBFD04EB0802BFF3CD
:10ADB0004F8F4FF0E023C3F8704F2034A242FAD8EF
:10ADC000BFF34F8FBFF36F8F03203946FFF7D0FDDE
:10ADD00033780133DBB2032B88BF002333700023A9
:10ADE0002B80BDE8F081704729DC03202BDC032099
:10ADF00012DC032027DC0320A0650020003F202078
:10AE00002DE9F04F85B0CDE90110002900F0BF8099
:10AE10000023604CDFF89881DFF898A15E4F009323
:10AE200001235E4A23705E4B1978B8F8003002EBBC
:10AE30004119002B40F0A7801E461D469B46484600
:10AE4000FFF7B8FD10F0800000F08C80BFF34F8F4B
:10AE50009AF8003084F800B005B93E68002B7DD127
:10AE60003B689B1B782B00F287804E4B1B78002B96
:10AE700074D000F09DFA0122B8F800301546227017
:10AE8000002BDCD0464AC3F5006011781A4600EB6F
:10AE9000C120454DC9022844019D954217D2039314
:10AEA000DDE901512A46FEF745FF039B4FF0404282
:10AEB0005B1BA8F800303D4BC3F88420BFF34F8FD5
:10AEC000009800232844237005B0BDE8F08F364B6E
:10AED000CD180299FEF72EFF00234FF40062294699
:10AEE0004846FFF72DFDBFF34F8F05F1200205F512
:10AEF0000063934234BF012340234FF0E02205EB6F
:10AF00004313C2F8705F2035AB42FAD1BFF34F8FC5
:10AF1000BFF36F8F03204946FFF72AFD204A1378BD
:10AF20000133DBB2032B84BF00231D4A1370B8F832
:10AF30000030019AD11A009A1A4401910092029AA3
:10AF40001A4400230292194AA8F80030C2F884304B
:10AF5000BFF34F8F237000297FF462AF009805B0D4
:10AF6000BDE8F08F4FF400620D4B8AF800001978AD
:10AF70001346A8F800208AE7012300988AF80030D9
:10AF800005B0BDE8F08F1A46C3F500607FE7019871
:10AF9000E5E700BF29DC0320E0DB0320A0650020FB
:10AFA00027DC03202BDC0320003F202000002E4064
:10AFB00012DC032025DC0320704700BF2D4B00214D
:10AFC00080222D4870B51B7800242C4D8B422C4ECE
:10AFD0000CBF40234FF400732B80338003F050F9F3
:10AFE000284A2146284B14704FF4807227481C8051
:10AFF00003F046F9264A1021264B0220C2E90044FC
:10B00000C2E90244244AC3E900441470234AC3E954
:10B010000244234B1C70234614602246FFF75EFC5B
:10B020002246318803201F4BFFF726FC23460122CE
:10B0300029880320FFF752FC20460134FFF70EFE5B
:10B04000082CF9D1184B00214A221848184C0460EA
:10B05000C3F88410C3F88020D3F84821154942F082
:10B060008072C3F8482121B1134A137843F00103D9
:10B07000137070BD2CDC0320A065002016DC0320BB
:10B080000EDC032027DC032012DC032020640020D8
:10B0900088DB0320A4DB032020DC032078DB0320F3
:10B0A00022DC03209D89000000002E40F4DB0320F9
:10B0B000518A0000000000002EDC03202DE9F04F33
:10B0C0004FF0E0234FF40032DFF8C8A083B0C3F89C
:10B0D0008C218B469AF8004000294FD08046E4B27C
:10B0E0000027DFF8B490264BABEB070225491B780D
:10B0F000A34204F101043FD0092C234B404628BF52
:10B1000000241E5D39F816C00CEB462319441F4B72
:10B1100033F81650A5EB0C05AA421CD20CEB462CBA
:10B1200018491B4C61440192FEF704FE216839F86E
:10B1300016505846019AA1EB0B012A44394429F8CC
:10B14000162021604FF0E0234FF40032C3F80C21A9
:10B1500003B0BDE8F08F2A462F44FEF7EBFD0C4903
:10B16000E3B230460A68A844521B0A608AF80030ED
:10B17000FFF774FDBB45B6D83846E3E70846E1E77C
:10B1800020DC0320002F2020BCDB032088DB0320F1
:10B1900078DB032022DC0320A4DB03200B4B0C4ACA
:10B1A00012781978D3B28A420DD0013309480A4A7D
:10B1B000092B0A4928BF0023C35C31F8131002EBA6
:10B1C0004323585C70474FF0FF30704720DC03206A
:10B1D00022DC0320BCDB0320002F2020A4DB032083
:10B1E000044B10B51C680CB1204610BD00F0E0F80F
:10B1F000204610BD78DB03202DE9F84F144E154D85
:10B2000033782A78934221D0DCB2DFF85090DFF80F
:10B2100050B0DFF85080104F0134082C5FFA84FAE8
:10B2200001D90024A24619F80400DBF8003038F8F0
:10B23000102037F81010521A9B1ACBF80030FFF785
:10B240000DFD86F800A02B78A342E5D1BDE8F88F6C
:10B2500022DC032020DC0320A4DB0320BCDB032052
:10B2600078DB032088DB032000B583B001210DF1DA
:10B270000700FFF723FF20B19DF8070003B05DF83A
:10B2800004FB4FF0FF30F9E7094B00B583B01B78A2
:10B290008DF807003BB101210DF10700FFF7B0FD6C
:10B2A00003B05DF804FB03F0FF0003B05DF804FB9E
:10B2B0002BDC0320044B1B7803F0FF020BB1FFF7DC
:10B2C0009FBD1046704700BF2BDC03202DE9F041E5
:10B2D0000024DFF8448001230D4D27460D4E88F8E9
:10B2E0000030337828462035A34204F1010405D00C
:10B2F000FFF760FB030658BF07F50067042CF0D189
:10B30000BFF34F8F0023384688F80030BDE8F08146
:10B31000A065002027DC032029DC03202DE9F84369
:10B320001D4B1B7813B11D4D2A880AB9BDE8F8835F
:10B330001B4EC2F500691B4933784A461A4C01EB93
:10B3400043181A4F04EBC324012340463B702146A7
:10B350000023FFF7F5FA04EB0902BFF34F8F4FF01C
:10B36000E023C3F8704F2034A242FAD8BFF34F8FC6
:10B37000BFF36F8F03204146FFF7FAFA33780133AA
:10B38000DBB2032B88BF0023337000232B80BFF375
:10B390004F8F3B70BDE8F8832BDC032012DC0320C9
:10B3A00027DC0320A0650020003F202029DC0320AB
:10B3B0002DE9F8432D4B1E7866B12D4F3B784BB9E4
:10B3C0000123F1073B7043D4B20726D400233B701E
:10B3D000730701D4BDE8F883264B1A68002AF9D018
:10B3E000EFF30582002AF5D1EFF3108572B61868E5
:10B3F000002834D0204C2178002930D1012222703D
:10B4000042691A60002A2ED0916105B962B6002502
:10B410008368457798472570DCE7DFF8648098F803
:10B420000030002BD2D00025DFF858902B4659F879
:10B4300023400135236820461B69984710B1636992
:10B440009B68984798F80020EBB29A42EFD8BDE786
:10B45000FFF7C6FE0028B7D0AFF30080B4E7002D99
:10B46000B8D162B6B6E7054B1A60CEE72EDC0320F2
:10B470001CDC0320F8D303201ADC032004D40320AF
:10B480001BDC032008D4032070B5EFF3108272B6E2
:10B490000C4C206880B10C4E00254369236073B1C9
:10B4A0009D6102B962B6836845779847EFF31082D1
:10B4B00072B620680028F0D102B962B670BD336060
:10B4C000EFE700BF00D40320FCD30320FFF7DCBF6D
:10B4D0000449054A4968054B196013680133136034
:10B4E000704700BF001000E0E0DB0320DCDB03203E
:10B4F00000230F2248F2B82C194610B54FF47044BF
:10B500004FF4806EA0F88C414FF46044A0F88E2177
:10B510000A46A0F89031B0F888319BB243F0F003AE
:10B52000A0F8883101EB4103013100EB43130429FA
:10B530009C80A3F806E05A841A865A805A81A3F8A0
:10B540000EC05A82DA825A83DA83EBD1B0F888319E
:10B550009BB243F00F03A0F88831B0F888319BB25A
:10B5600043F47063A0F8883110BD00BF374B384AF0
:10B57000996F384841F47F0170B5996741F201062F
:10B58000D3F8801045F6C05543F226040A43C3F8A9
:10B590008020FFF7ADFF00F58040FFF7A9FF00F521
:10B5A0008040FFF7A5FF00F58040FFF7A1FF0022D4
:10B5B000A0F503104FF00F0E114600EB42134FEAB7
:10B5C000421C01329981042A5981A3F80EE09E821F
:10B5D000DD8020F80C1019829C81EED100221E48DB
:10B5E0004FF00F0E41F20106114645F6C05543F2E9
:10B5F000260400EB42134FEA421C01329981042ACF
:10B600005981A3F80EE09E82DD8020F80C1019828B
:10B610009C81EED1002211480F2641F2010511460E
:10B6200045F6C05443F2260E00EB42134FEA421C8B
:10B6300001329981042A5981DE819D82DC8020F8C3
:10B640000C101982A3F80CE0EED170BD00C00F40C1
:10B65000000003FC00C03D4000001E4000401E40B2
:10B66000074A506A936A19468446506A936A994217
:10B67000F9D18445F7D1DB0B43EA4040704700BF66
:10B6800000400D4008B5D0E900325BB1BAB10F4BB4
:10B69000A3FB0213DB0803EB4303B2EB83030AD1E2
:10B6A000012008BD094BA3FB0213DB0803EB430396
:10B6B000B2EB830301D0D21A4260F02AF0D802F034
:10B6C00049FE1C22034600201A6008BDABAAAAAAA4
:10B6D00070B5044638B319B1B2FA82F67609A2B948
:10B6E000206800B36268F2B1184B194902FB03F3FA
:10B6F000B1EBB30F17D3A368E3B900220123226093
:10B700006260A260E260184670BD1D46049BC0E9FD
:10B710000012C360FFF7B6FF03460028F3D06DB9EF
:10B720000123184670BD02F015FE162200230260A8
:10B73000184670BD002102F0A3FDDEE762683146C5
:10B740002068A56002F09CFD0123DCE7ABAAAAAA51
:10B750005555551503460846194602F0E3BD00BF8E
:10B7600090F8A32090F8A200101A704790F8A23029
:10B7700090F8A3209A4205D95A1C034480F8A220CD
:10B78000987E70474FF0FF30704700BF90F8A230AE
:10B7900090F8A3209A4202D91844807E70474FF057
:10B7A000FF307047704700BF0346B0F8300178B1F2
:10B7B00093F82F21882A03D9012200205A6070476C
:10B7C00002F1010C01201A4483F82FC182F8A51060
:10B7D000704700BF38B5B0F830410CB9204638BDCD
:10B7E00090F82F310546C3F18904A2420DD81446C2
:10B7F00005F1A50022461844FEF79CFA95F82F3172
:10B800002046234485F82F3138BD01224260EFE7FE
:10B810002DE9F04FD0F814A01524017E8146437E17
:10B8200083B00AEB0111384A0AEB0313374F097A48
:10B8300093F8283002EB01150901E86852F80180FD
:10B8400002EB0311D5F804B01B01CE68D558CBF834
:10B850000040C8F88400D8F804304A6803432C49F3
:10B860000192C8F804301460C5F884606B683343F3
:10B870006B60284B4C683A68A3FB0232920C02EBD7
:10B88000820252004B681B1B9A42FBD84FF0090CF6
:10B890001F4ADFF880E0D8F80830034202D0AB68D6
:10B8A00033422FD1C5F8886054683968AEFB013146
:10B8B000890C01EB810153681B1B9942FBD8C5F829
:10B8C000846054683968AEFB0131890C01EB810159
:10B8D00053681B1B9942FBD8BCF1010CDBD16046BD
:10B8E00099F81830019A0AEB0313DB68CBF80030A3
:10B8F00099F819300AEB031ADAF82C30136003B008
:10B90000BDE8F08F0120EBE7544B00205C54002091
:10B91000001000E083DE1B430E4A10B51168046975
:10B9200005E0DB0107D413685B1A102B08D86369A4
:10B9300013F0007FF5D14FF4FE430120636110BD89
:10B94000FFF766FF0028FAD04FF4FE430120636141
:10B95000F5E700BFE0DB03202DE9F04790F82FA1C9
:10B960000569BAF1000F4FD081468846FFF7D4FF32
:10B97000002849D0374E0024376818E06B69190554
:10B9800051D4DA0455D4580559D4990441D43268B5
:10B99000D21B322A3DD8544507D9EA6D520704D14B
:10B9A0009B0555D4B8F1000F52D0FFF701FD544567
:10B9B000E4D8EA6D500702F00703DFD413E099F8EA
:10B9C000A5200133022442F48062042B2A661ED093
:10B9D0008A4503F1010309EB01020ED992F8A52073
:10B9E000042B2A66CAD00121002CE8D0214601335D
:10B9F00001348A4509EB0102F0D8B8F1000FBDD03F
:10BA00004FF400732B66B9E70420BDE8F0870124EA
:10BA1000B4E72B694FF40072042043F440732B61A8
:10BA20002A66BDE8F0872B69042043F440732B613C
:10BA3000EBE72B69052043F440732B61E5E72B69A5
:10BA40004FF40072022043F440732B612A66DCE756
:10BA50000020DAE7E0DB03202DE9F84F83460C46AF
:10BA600015461F46D0F810A0FFF756FF002800F03B
:10BA70009E806100012DDFF83C8140F20146CBB28F
:10BA80004FF0000138BF0125D8F800900C461E4346
:10BA9000ABF8A21020E09BF8A330872B3FD9DAF84F
:10BAA000142010055AD412F4105F70D1D8F8003069
:10BAB000A3EB0903322B6AD89BF8A330AB4209D31E
:10BAC000022C07D9DAF85C30590703D193054BD41F
:10BAD000002F49D0FFF76CFC022CDCD8DAF85C3080
:10BAE00003F007025B07D6D4681E224440F480703E
:10BAF0004CB9CAF860600134131B032BCBD8022C5D
:10BB0000C9D8002CF5D0012C37D01FB14FF40073E9
:10BB1000CAF860309BF8A3300324872BBFD8DAF82B
:10BB20005C2012F4E02FC2F3024CB8D0591C9C44A4
:10BB30001933C9B25FFA8CFC5BFA83F3DAF8700050
:10BB40004A1C61458BF8A310D1B203F8010FA6D0AF
:10BB50008929F3D1DAF814201005A4D5DAF81030C9
:10BB600043F44073CAF81030DAF85C3013F4E02F75
:10BB700006D19BF8A300BDE8F88FCAF86000BAE7C9
:10BB8000DAF8103043F40073CAF81030F1E7DAF84D
:10BB900010304FF4007243F44073CAF81030CAF802
:10BBA0006020DAF85C3013F4E02FE2D0E8E70420FC
:10BBB000BDE8F88FE0DB0320F8B506690446D6F847
:10BBC000145115F4706301D0C6F81431A8070BD5D1
:10BBD000D6F8702111043ED50023012184F8A2304B
:10BBE000234484F8A3109A76EB0710D594F83071AB
:10BBF000FFB194F82E7194F82F31BB4227D97B1CEA
:10BC0000274484F82E3197F8A530C6F8603115F432
:10BC1000407F0DD094F8A30018B1D4F83C3103B1A3
:10BC200098470023A4F8A230A4F82E3184F83031CC
:10BC3000F8BDD4F8383103B19847002384F82E3189
:10BC4000012384F8303194F82F31BB42D7D8002338
:10BC5000C6F86031DBE794F8A330872BC4D8591CB1
:10BC6000C9B2BDE70148FFF7A7BF00BF705400206D
:10BC70000148FFF7A1BF00BFB05500200148FFF702
:10BC80009BBF00BFF056002010EE103A40F22A4150
:10BC9000C3F30A528A42B7EEC03A32D8B7EE000B6D
:10BCA0002D4B93ED4A2B93ED481BB0EE417BA2EE5A
:10BCB000037B17EE100A37EE417B00F01F0203EB07
:10BCC000C20130B492EE037B93ED4C4B53F83240FB
:10BCD0004D6893ED4E6B93ED505BA4EE076B27EE32
:10BCE000074B00210A1905EBC033A5EE070B43EC07
:10BCF000172BA6EE040B30BC20EE070BB7EEC00BE3
:10BD0000704713F5000F20D0B2F5FF6F1AD2DFEDA8
:10BD1000137AB4EEE70AF1EE10FA10DCDFED107AD8
:10BD2000B4EEE70AF1EE10FA12D4DFED0E7AB4EEBB
:10BD3000E70AF1EE10FAB1D5002000F07DBC00203A
:10BD400000F080BC30EE000A70479FED070A704794
:10BD5000002000F06BBC00BF800200201772B142CF
:10BD6000B4F1CFC2CF8ECEC20000000000F038BECA
:10BD700010EE103AC3F30A52B2F5866FB7EEC07AEE
:10BD80002ED2B7EE000B2A4B93ED402B32EE073B41
:10BD900013EE100A33EE423B00F01F0203EBC20128
:10BDA00030B437EE437B93ED424B53F832404D684D
:10BDB00093ED446B93ED465BA4EE076B27EE074BC8
:10BDC00000210A1905EBC033A5EE070B43EC172B36
:10BDD000A6EE040B30BC20EE070BB7EEC00B70478D
:10BDE00013F5000F1ED0B2F5FF6F18D2B5EEC00AE2
:10BDF000F1EE10FA10DCDFED0F6AB4EEE60AF1EEB8
:10BE000010FA12D9DFED0C6AB4EEE60AF1EE10FA80
:10BE1000B7D5002000F010BC002000F013BC30EEBD
:10BE2000000A70479FED050A7047002000F0FEBB36
:10BE300080020020000016C3000015C300000000AF
:10BE400010EE103AB3F17E5F3ED0A3F50001B1F1E0
:10BE5000FE4F10EE102A3AD2BFEE002B02F1404303
:10BE6000284903F54D03C3F3C34001EB001091EDE6
:10BE7000424B91ED447B91ED406B91ED465BD90DCA
:10BE8000C9052DED028B90ED021B90ED008B521A2F
:10BE9000DB1500EE103A03EE902AB8EEC00BB7EEB9
:10BEA000E33A30EE010BA8EE032BBDEC028B22EE41
:10BEB000023BA4EE027BA5EE020BA6EE037BA3EEF3
:10BEC000070BB7EEC00B70479FED0F0A7047590084
:10BED00014D0B3F1FF4F14D0002B0BDBB1F17F4F27
:10BEE00008D2DFED0A7A60EE277A17EE903AA3F1D6
:10BEF0003862B1E700EE103A00F0BCBB012000F060
:10BF0000A7BB7047C8030020000000000000004BE2
:10BF100030B410EE103A2DED028BA3F5000110EEB7
:10BF2000902AB1F1FE4F10EE104A82B04FEA420162
:10BF30007CD201F1FF3C6FF08070844580F0F78087
:10BF4000002004F1404303F54D03C3F3C342DB0D6E
:10BF5000DB05E11ADB1507EE903AB14B03EB021259
:10BF600092ED003B04EE101AB7EEE06AB7EEC44A59
:10BF7000BFEE000BA3EE040B93ED443B20EE001B41
:10BF800093ED464B93ED402BA0EE034B93ED425BBC
:10BF900093ED483BA0EE025B21EE012B92ED028B6C
:10BFA000B8EEE77B37EE087BA0EE037BA1EE047BC7
:10BFB000A5EE027B26EE077B17EE903A48F2BF0112
:10BFC000C3F3CF338B4250D2B7EE000B954B93EDBA
:10BFD000402B37EE023B13EE102A33EE423B02F0C9
:10BFE0001F01821803EBC10093ED424B37EE437BF8
:10BFF00053F83140456893ED446B93ED465BA7EEF3
:10C00000046B27EE074B0023181905EBC231A7EE8E
:10C01000050B41EC170BA6EE040B20EE070BB7EE59
:10C02000C00B02B0BDEC028B30BC70474D1E6FF0F0
:10C030008070854280F0CE8059004D1E854280F090
:10C040009280002B55DB0020B4F5000FBFF479AFD0
:10C05000DFED757A07EE103A67EE277A17EE904A11
:10C0600024F00044A4F138646BE79FED656BB4EEF7
:10C07000C67BF1EE10FA15DC9FED636BB4EEC67B68
:10C08000F1EE10FA20DD4FF04C5388B10193DDED55
:10C09000016ABFEE006A76EE666AF4EE466AF1EE79
:10C0A00010FA11D002B0BDEC028B30BC00F0CABA5D
:10C0B0000093DDED006AB7EE006A76EE866AF4EE74
:10C0C000466AF1EE10FAEDD19FED516BB4EEC67BEE
:10C0D000F1EE10FA57D99FED506BB4EEC67BF1EE3E
:10C0E00010FA7FF571AF02B0BDEC028B30BC00F0EE
:10C0F000A3BAC2F3C7517E2911DD962954DC012071
:10C10000C1F1960100FA01F1481E104207D1114217
:10C1100014BF01200020000424F0004494E700EE46
:10C12000103A02B0BDEC028B30BC00F0A3BA00297B
:10C1300052D0B3F17E5F2CD06400B4F17F4F2ED883
:10C14000B1F17F4F2BD1B4F1FE4F4BD0B4F1FE4F84
:10C150006FEA020234BF00240124D20F94424CD073
:10C160009FED320A5DE7002B20EE000A1EDB002067
:10C1700000293AD1002ABFF654AF02B0BDEC028BC1
:10C1800030BC00F065BA02B0BDEC028B30BC00F0F0
:10C190004DBA82F48002520012F5000F22D907EE48
:10C1A000903A37EEA00A3CE70020B5E7C2F3C75348
:10C1B000A3F17F001728DAD8C3F19600012303FA10
:10C1C00000F0441E1442D2D11040D1D0B1EE400A4A
:10C1D0001846CDE70029AFD184F48002520012F551
:10C1E000000FDCD8B7EE000A1BE7002ABFF619AF34
:10C1F000F7EE007A87EE800A13E720EEA00A10E738
:10C2000071D5D1FFFFFF5F40E2AAA3FFFFFF5F40B0
:10C210000000000000C062C00000000000A062C07A
:10C22000E8040020800200200000004B0000000015
:10C2300030B510EE104AC4F30A53B3F57D7FB7EE64
:10C24000C06A83B01BD226EE065BB3F5667F6ED361
:10C2500026EE052B25EE021B734B93ED1A3B93ED57
:10C26000187B93ED164BA5EE037BA2EE046BB0EEAC
:10C27000460BA7EE010BB7EEC00B03B030BD40F28A
:10C280002E4293425ED8684991ED087B26EE077BEB
:10C29000FDEEC77B91ED0A5B17EE903A03F50003C4
:10C2A0001B1613F0020F07EE903A01F1700208BF5F
:10C2B0000A46D807B8EEE77BA7EE456B26EE067B6D
:10C2C0001BD403F0030301EBC30192ED1A4B91ED74
:10C2D000002B92ED185B26EE026B92ED163BA7EE5B
:10C2E000045B26EE074B27EE047BA4EE036BA5EE62
:10C2F000076BB7EEC60B03B030BD92ED142B27EEE3
:10C30000075B92ED126B92ED0E3BA7EE026B92ED86
:10C310000C0B92ED104BA7EE030B27EE057BA5EE61
:10C32000040BA6EE070BB7EEC00B03B030BD220D19
:10C3300012F4FF6FDFD1B7EEC55B00EE104A8DED52
:10C34000015AD8E7B3F5FF6F4BD2384BC4F3836281
:10C3500003EB820053F822200569C4F31603C4F3EB
:10C36000C25143F400038B40016A03FB02F2A3FBBA
:10C370000110E3FB050202F100518D0F01F0404175
:10C38000511A01F08BFC2A4B9FED257B05EBD474F1
:10C3900041EC160B14F0020FA3F1700208BF134614
:10C3A000E90726EE077B27EE076B1FD404F0030492
:10C3B00002EBC40293ED1A4B92ED002B93ED185B48
:10C3C00027EE027B93ED163BA6EE045B27EE064BB1
:10C3D00026EE046BA4EE037BA5EE067BB7EEC70B3F
:10C3E00089E703B0BDE8304000F044B993ED142B69
:10C3F00026EE065B93ED127B93ED0E3BA6EE027BE1
:10C4000093ED0C0B93ED104BA6EE030B26EE056B94
:10C41000A5EE040BA7EE060BB7EEC00B6BE700BF53
:10C42000182D4454FB21193C10060020D44A00204A
:10C43000800600200000000038B510EE104AC4F35A
:10C440000A53B3F57D7FB7EEC07A1ED227EE077B85
:10C45000B3F5667F6FD327EE071B634B93ED142B69
:10C4600093ED125B93ED0E3BA7EE025B93ED0C0B8D
:10C4700093ED104BA7EE030B27EE017BA1EE040B0F
:10C48000A5EE070BB7EEC00B38BD40F22E4293422B
:10C4900054D8554991ED086B27EE066BFDEEC66B3F
:10C4A00091ED0A5B16EE903A03F500031B1613F0AC
:10C4B000020F06EE903A01F1700208BF0A46D80753
:10C4C000B8EEE66BA6EE457B27EE076B1AD503F0B8
:10C4D000030301EBC30191ED002B92ED1A4B92ED9A
:10C4E000185B92ED163BA6EE045B27EE027B27EE6F
:10C4F000064B26EE046BA4EE037BA5EE067BB7EE9F
:10C50000C70B38BD92ED142B92ED127B92ED0E3BD2
:10C5100092ED0C0B92ED104B26EE065BA6EE027B25
:10C52000A6EE030B26EE056BA5EE040BA7EE060B9D
:10C53000B7EEC00B38BDB7EE000A38BDB3F5FF6FDC
:10C540003DD22A4BC4F3836203EB820053F82220CE
:10C550000569C4F31603C4F3C25143F400038B40CE
:10C56000016A03FB02F2A3FB0110E3FB050202F1E7
:10C5700000518D0F01F04041511A01F08FFB1C4B0F
:10C580009FED177B05EBD47441EC160B14F0020FF2
:10C59000A3F1700208BF1346E90726EE077B27EEDA
:10C5A000076B10D504F0030402EBC40292ED002BDC
:10C5B00093ED1A4B93ED185B93ED163B93E7BDE8B3
:10C5C000384000F057B893ED142B93ED127B93EDA8
:10C5D0000E3B93ED0C0B93ED104B9DE7AFF30080FA
:10C5E000182D4454FB21193C10060020D44A002089
:10C5F0008006002010B582B08DED010A044601F0DE
:10C60000A9FE9DED010A046002B010BD30B1F1EE4B
:10C61000407A27EE800A2220FFF7ECBFF0EE407A46
:10C6200027EE800A2220FFF7E5BF00BF9FED010A39
:10C63000FFF7ECBF000000109FED010AFFF7E6BF17
:10C640000000201A9FED010AFFF7E0BF0000007014
:10C650009FED070AFFEE007AB7EE007A00284FF050
:10C66000220047FE277A87EE800AFFF7C3BF00BF8C
:10C670000000000070EE407AB4EE400A87EEA77A20
:10C68000F1EE10FAB0EE470A02D62120FFF7B2BF52
:10C69000704700BF08B52DED028BB0EE408A00F068
:10C6A00045FAB4EE488AF1EE10FA06D6DFED098AB3
:10C6B000B4EEE88AF1EE10FA02D4BDEC028B08BDAC
:10C6C00001F048FE88EEA80ABDEC028B212303602E
:10C6D00008BD00BF0000000010EE103A114A23F020
:10C6E0000043934218DDB3F1FF4F02DB30EE400A06
:10C6F000704700B583B0684600F01CFA400000F0B7
:10C700000200DDED010A9DED000AC0F1010000F01C
:10C7100087F803B05DF804FBDFED030A012000F0A9
:10C720007FB800BFDA0F493F0000000030B52DEDA3
:10C73000028B83B08DED010A019C24F00043B3F11C
:10C74000FF4F10DB324B002C93ED007AD3ED007AD3
:10C7500039DBF0EE406A87EE260A30EE270A03B096
:10C76000BDEC028B30BD2B4A93420FDD284A2A4B89
:10C7700092ED000AD3ED007A30EE670A002CB8BFC4
:10C78000B1EE400A03B0BDEC028B30BDB3F1105FD7
:10C7900023DBB3F17E5F214D29DB00F005FDD5EDF4
:10C7A000007A20EE270A00F0F5FA194BD3ED007A53
:10C7B000D5ED006A95ED007A37EE000A86EE807AB4
:10C7C00037EEC70ADAE7DDED016A87EE260A30EEBA
:10C7D000670A03B0BDEC028B30BD0D4BDDED017A75
:10C7E00093ED000A30EE270A20EE270AB7E795ED11
:10C7F000008A00F0D9FC28EE400A00F0CBFA95ED53
:10C80000007A37EE007AF1EE407A87EE870AB5E7D4
:10C81000685C0020FFFFAF416C5C0020705C002072
:10C8200008B510EE103A23F00042B2F1465FF0EE88
:10C83000407A0FDABDEEC07A17EE101AF9B9431C30
:10C84000134300F09F80012803D0BFEE007A87EEEB
:10C85000270A08BD50498A4211DB9FED507ADFED6F
:10C86000506A002BBCBFF1EE600AF1EE407A77EE21
:10C87000677A36EEE07ADFED4B0A77EE277A67EEDD
:10C88000A76ADFED494ADFED495A9FED495A9FED0E
:10C89000496A414926EEA67A8A42E7EE245AA7EE73
:10C8A000056ADFED454A9FED455AE5EE874AA6EE5B
:10C8B000075ADFED435A9FED436AE4EE875AA5EE2F
:10C8C000076ADFED414A9FED415AE5EE874AA6EE41
:10C8D000075A9FED3F6ADFED3F5AA4EE876AE5EE07
:10C8E000075AB0EE467AA5EEA67A27EEA65AB0EE23
:10C8F000606AA7EE056ADFED384AE6EE260AE5EE45
:10C90000240A37EEA00A1FDA0128A2D0BFEE007A6F
:10C91000C7EE006A314B10EE102A1A4006EE102ABC
:10C9200016EE902A76EE677A134000EE103AB7EED4
:10C93000007A70EEE70AF0EE477AE6EE007AE0EE73
:10C94000807AA7EEA60A08BD07EE100AB8EEC77AED
:10C9500060EE006A30EE070A9B1786EE806A03F0ED
:10C960000203C3F10103F0EE005A36EE606A06EEF0
:10C97000903A77EEC67AF8EEE66AA7EEE57A26EE0A
:10C98000870A08BD00F010FCB7EE007AF0EE407A9E
:10C9900087EE270A08BD00BF40A12C3FDA0F493FB0
:10C9A00068212233000000005FAE9BB745F4A33836
:10C9B0008453D9377AC09538C8261A3AB93781399D
:10C9C00016696B3B48DEBE3AA427B33C1F37113CC7
:10C9D0008988083ED10D5D3DABAAAA3E00F0FFFF5D
:10C9E00010B582B0CDED010A019B23F00042B2F1F7
:10C9F000FF4FF0EE407A30DC10EE100A20F00041DC
:10CA0000B1F1FF4F29DCB3F17E5F40D09C1704F0F9
:10CA1000020444EAD07431B372B3B2F1FF4F3ED096
:10CA2000B1F1FF4F28D0891AB1F1F45F4FEAE1521A
:10CA300032DA002B40DA3C323EDA9FED330A012C29
:10CA40004CD0022C41D064B19FED307ADFED307ACA
:10CA500030EE070A30EE670A03E09DED017A37EE0B
:10CA6000270A02B010BD022C0ED09FED2A7A032CAB
:10CA700007FE000A02B010BD9FED270ADFED277AFE
:10CA8000002820FE270AECE79FED210AE9E702B023
:10CA9000BDE8104000F0B2BA9FED1F0ACFE7B1F138
:10CAA000FF4F04F1FF3420D0022C26D81C4B03EB9F
:10CAB000840393ED000AD4E79DED017A87EE870A9F
:10CAC00000F072FB00F09AFAB9E79FED107ADFED03
:10CAD000107A30EE070A37EEC00AC2E710EE103ABD
:10CAE00003F1004300EE103ABBE7022C08D80D4BCF
:10CAF00003EB840393ED000AB3E79FED030AB0E76D
:10CB00009FED090AADE700BF000000002EBDBB335A
:10CB1000DB0F4940DB0F49C0DB0FC93FDB0FC9BF4B
:10CB20007008002064080020DB0F493FB1EEC00A06
:10CB3000704700BF70B510EE103A884A23F00044E9
:10CB4000944286B0054670DD854A944210EE106A24
:10CB500022DC002BDFED837A834A24F00F04B0EE51
:10CB6000407A40F3E280944270EE677A09BFDFEDCD
:10CB70007F6A9FED7F7A9FED7F7A77EEE67A0120DC
:10CB800077EEC76A77EEE67AC5ED006A77EEC77A88
:10CB9000C5ED017A06B070BD774A944254DDB4F118
:10CBA000FF4F49DAE215863AA4EBC25307EE903AFA
:10CBB000BDEEE77ADFED716AB8EEC77A77EEC77A35
:10CBC0008DED037A67EEA67ABDEEE77AB8EEC77A06
:10CBD00077EEC77A8DED047A67EEA67AF5EE407AA5
:10CBE000F1EE10FACDED057A40F08E80B5EE407A88
:10CBF000F1EE10FA14BF02230123614901910221D1
:10CC0000009103A8294600F0D7FA002EC2DA95ED6C
:10CC1000007AD5ED017AB1EE477AF1EE677A85EDCB
:10CC2000007AC5ED017A4042B4E7002285ED000AA2
:10CC30004260002006B070BD70EE407A0020C5ED65
:10CC4000017AC5ED007AA5E700F0AEFA9FED4D7AC6
:10CC50009FED446AF6EE007AE0EE077A9FED447AA3
:10CC6000FDEEE77A17EE900AF8EEE76A1F28A6EEC7
:10CC7000C60A66EE877AB1EE666A1EDC424A411E3B
:10CC800024F0FF0352F82120934216D030EE677A49
:10CC900085ED007A30EE470A002E30EE670A85ED0A
:10CCA000010ABFF677AFB1EE477AB1EE400A85EDE3
:10CCB000007A85ED010A40426CE730EE677AE215B2
:10CCC00017EE103AC3F3C753C3EBD453082BDFDD81
:10CCD0009FED267A9FED275AF0EE405AE6EE075A6E
:10CCE00070EE657AE6EE077AD6EE857A35EEE77A6B
:10CCF00017EE103AC3F3C753D21A192A06DCB0EE66
:10CD0000650A85ED007AC5E7032376E79FED1F7A74
:10CD10009FED1F5AB0EE650AA6EE070A75EEC07ABF
:10CD2000E6EE077AD6EE857AB0E7944270EE277A7F
:10CD300009BFDFED0E6A9FED0E7A9FED0E7A77EE5A
:10CD4000A67A4FF0FF3077EE876A77EEE67AC5ED88
:10CD5000006A77EE877AC5ED017A1BE7D80F493F65
:10CD6000E3CB1640800FC93FD00FC93F0044353791
:10CD70004344353708A3852E800F49430000804384
:10CD8000B04F002084F9223FFC4E002000A3852EE6
:10CD900032318D2410EE102A894922F000438B4253
:10CDA0002AD9B3F1FF4F7ED800F0D680002AC0F216
:10CDB0008A80844A934200F2F0809FED837A20EECD
:10CDC000077AF6EE007A77EE877A9FED806ADFEDDC
:10CDD000806AFDEEE77AB8EEE77A17EE903AF0EE69
:10CDE000407AE7EE467A27EE267A37EEC70A77EEE4
:10CDF000C07A77EEC77A07E076498B4256D8B3F10E
:10CE00004C5FC0F082800023B6EE003A20EE034A69
:10CE1000DFED716A9FED716ADFED714A9FED715A26
:10CE200020EE047AF7EE003AA7EE266ADFED6E6A8E
:10CE3000E6EE074AB0EE086AE4EE876AF1EE085AB9
:10CE4000A6EE875AF0EE636AE5EE076AA4EE666A1C
:10CE5000E0EE465A36EEC66AC6EE256A66EE876A88
:10CE6000002B4DD076EEE76A5A1CD6EE807A77EE2C
:10CE7000C77A63D0012B51D05A1C392A33D8162BCC
:10CE800070DC4FF080721A41C2F17E5207EE102A18
:10CE900077EEC07A77EE677A17EE902A02EBC353EB
:10CEA00000EE103A704730EE000A70474F498B424F
:10CEB00079D8002ADFED457A47DB9FED457A70EEA1
:10CEC000677A012391E7DFED4A7A70EE277AF5EE73
:10CED000C07AF1EE10FA63D49FED3B7AFEEE007A51
:10CEE00020EE077A6FE777EEC07A73EEE77A17EEF7
:10CEF000902A02EBC35307EE903A37EEE30A7047ED
:10CF000090EE267A30EE470A7047DFED3A7A70EEFF
:10CF1000277A77EEE77A30EE670A7047BDEE007A3F
:10CF2000B4EEC70AF1EE10FA2ED530EE033AB8EEA1
:10CF3000000A77EEC37A27EE800A704770EE677AB0
:10CF4000BEEE000AA7EE830A70479FED2B7A70EEC3
:10CF5000277A4FF0FF3348E7FFEE007A002A20FEE1
:10CF6000270A7047C3F17F02D20507EE102A77EE39
:10CF7000877A70EE677A77EEA37A17EE902A02EB43
:10CF8000C35300EE103A704770EE677AB0EE007A45
:10CF9000E7EE873AB0EE630A70470020FFF752BB16
:10CFA000BFEE000A70479FED087AF6EE007AFEEEBB
:10CFB000006A002A20EE077A67FEA67A03E700BF20
:10CFC00043B895411772B1423BAAB83F8071313FD7
:10CFD000D1F717371872B13EBBED57B4547E863681
:10CFE000CD70A6B8898808BD010DD03A9115853F4E
:10CFF0006042A20DCAF24971D1F717B738B510EEE9
:10D00000105A25F00044B4F1A14FF0EE407A0ADB4B
:10D01000B4F1FF4F58DCDFED517A9FED517A002DCE
:10D0200037FE870A38BD4F4B9C425CDCB4F1445F4D
:10D030004DDB4FF0FF3327EEA76ADFED4B6ADFEDE4
:10D040004B5ADFED4B4A9FED4B5A9FED4B4A26EE74
:10D05000067A5A1CE7EE265ADFED486AA5EE875A93
:10D06000E7EE246ADFED465ADFED464AE6EE875AE0
:10D07000A5EE074A9FED445ADFED446AA5EE875AB4
:10D08000E4EE074ADFED425AE4EE876AE5EE075A1E
:10D0900066EE866A65EE875A3AD03E4A02EB830214
:10D0A00076EEA56A92ED007A3B4A96EEA77A02EBFD
:10D0B0008303002DD3ED006A77EE677A36EEE70A38
:10D0C000B0DAB1EE400A38BD30EE000A38BD9FED4F
:10D0D000337A30EE077AF7EE006AB4EEE67AF1EED4
:10D0E00010FAA6DD38BD00F05FF82D4B9C4216DC2F
:10D0F000A3F5D0039C4227DCF0EE007ABFEE007A65
:10D10000A0EE277A002330EE270AC7EE007A92E7D6
:10D1100076EEA56AE6EEE77AB0EE670A38BD214BF7
:10D120009C420BDCF7EE087AB7EE007AA0EE277A85
:10D13000022330EE670AC0EE077A7CE7BFEE007A82
:10D14000C7EE007A032376E7F7EE007A30EE677ACF
:10D1500030EE270A0123C7EE007A6CE7DB0FC93FE8
:10D16000DB0FC9BFFFFFDF3ED769853C59DA4B3D76
:10D1700021A215BD356B883D6E2EBA3D6BF16EBD9B
:10D1800095879DBD2549123E388EE3BDABAAAA3EC8
:10D19000CDCC4CBE444B0020344B0020CAF2497128
:10D1A000FFFF973FFFFF1B4010EE103A23F00043B4
:10D1B00000EE103A704700BF2DE9F04F2DED048BC3
:10D1C000DBB01C4603930691A04B6899089253F874
:10D1D0002150111D824604F1FF38C0F29882D31EFF
:10D1E00048BF131DDB1002930133DB000793DDE919
:10D1F00007239B1A0593029B15EB0801A3EB080379
:10D2000016D401319FED927A699819441EAA002B19
:10D21000A4BF50F8234007EE904A03F10103ACBFCE
:10D22000F8EEE77AF0EE477A8B42E2EC017AEED143
:10D23000002DC0F2DB82039B1EAA02EB830446AEE4
:10D240004FEA830C4046EF180AEB8301B8F1000F58
:10D25000DFED7F7A09DB22465346F3EC016A32EDBB
:10D26000017A8B42E6EE877AF7D10130B842E6ECDC
:10D27000017A04F10404E9D10AAF07EB8503043B0A
:10D280009FED759ADFED738A059804930AEB0C0401
:10D2900007EB850946AE00955AAB03EB8503002DDD
:10D2A00013ED140A4FEA850B16DD06EB85033A46AB
:10D2B00060EE097AB0EE407AFDEEE77A73ED016A2E
:10D2C000F8EEE77AB342A7EEE87A37EEA60ABDEEAB
:10D2D000C77AA2EC017AEBD1019000F0DFFAB0EE50
:10D2E000408AB4EE000A28EE000A00F091FAF2EE4D
:10D2F000007AA0EE678A01980028FDEEC89AF8EE41
:10D30000E97A38EE678A76DD05F1FF3EC0F1080361
:10D3100057F82E2042FA03FC0CFA03F3D31AC0F19B
:10D32000070119EE902A47F82E300B416244002B7A
:10D3300009EE902A67DCB5EE408AF1EE10FA40F073
:10D34000BE80009A05F1FF3B5A450EDC4FEA850C82
:10D3500007EB850200219E4652F8043D4A4541EA0A
:10D360000301F9D1002940F0F180009B013B57F8FF
:10D370002330002B40F0E680049B4FF0010C53F863
:10D38000042D0CF1010C002AF9D06B1CAC449E4614
:10D390000299039A01EB030B0BF1804B69992A4424
:10D3A0000BF1FF3B06EB83051EAB01EB8B0B03EB95
:10D3B0008201DBED017A9FED267AF8EEE77AB8F18B
:10D3C000000F0BF1040BC1ED007A0A4601F10401D4
:10D3D00009DB534601E072ED017AF3EC016AA342E6
:10D3E000A6EEA77AF7D10EF1010EE645A5EC017A7B
:10D3F000DFDD654650E740F09B806B1E57F8233019
:10D40000DB11002B97DD19EE902A002D02F10102AD
:10D4100009EE902A40F39181396800297ED1012DCF
:10D4200026D03A464FF0010C52F8041F002979D05B
:10D430000CF10102C1F58071954247F82C1016DD00
:10D4400057F82210BB4407EB82020AE0C44E0020CA
:10D4500000000000000080430000803B0000C93F46
:10D460001168C1F1FF0142F8041B5A45F8D10121AE
:10D4700000280CDD012800F04181022807D105F1C8
:10D48000FF3C57F82C2002F03F0247F82C20022BDB
:10D490007FF451AFB7EE000A30EE488A00293FF41E
:10D4A0004AAF0993019000F0F9F938EE408A099BE0
:10D4B0000198B5EE408AF1EE10FA3FF442AF98467B
:10D4C000DDE90732B0EE480A981A0195009D00F098
:10D4D000E5F91FED207A019BB4EEC70AF1EE10FAD0
:10D4E000C0F255815FED247A059A60EE277A083202
:10D4F000FDEEE77A0592F8EEE77A03F1010BA7EE6D
:10D50000C70AFDEEE77ABDEEC00A10EE102A47F812
:10D51000232017EE903A47F82B302BE001224FF0F2
:10D52000000C87E70CF1010CAC457FF47DAF9FE761
:10D53000F6EE007AB4EEE78AF1EE10FA80F2EC80B3
:10D540000023F8E66B1C9E469C4621E7059B009D48
:10D55000A3F1080257F82B300592F04653B9ACF10D
:10D5600004033B4453F8041D0BF1FF3B083A002928
:10D57000F8D005920598B7EE000A00F08FF9BBF1DC
:10D58000000FC0F229810BF1010646AA1FED4E7A69
:10D590004FEA860C07EB860302EB860273ED017AF5
:10D5A000F8EEE77ABB4267EE807A20EE070A62ED7A
:10D5B000017AF3D1ACF1040346AA002D1FED596A9C
:10D5C00002EB03044FF0000022DB8F49DFED8F7A7E
:10D5D000B0EE467A2246002303E0984208DBB1EC25
:10D5E000017AF2EC016A01339D42E6EE877AF4DAC1
:10D5F0005AAB03EB8003584543ED287A4FEA80018C
:10D6000000F10102A4F1040405D0002D1046DCDA7B
:10D61000DFED7E7AECE7689A022A1DDC002A00F32F
:10D620008E8010D132ABDFED797A9C443CED017AEB
:10D63000634577EE877AF9D143460BB1F1EE677A0D
:10D64000069BC3ED007A19EE903A03F007005BB039
:10D65000BDEC048BBDE8F08F689A032AF3D1BBF1CF
:10D66000000F00F0CB8032A813ED287A00EB8B027C
:10D670000BF1804372ED017AF0EE476A37EE277ABC
:10D68000904277EEC77A82ED007A77EEA67AC2ED05
:10D69000017AEFD1BBF1010F40F3B08001F5B47214
:10D6A0000DEB020111ED287A9A0033A900EB8303F8
:10D6B00073ED017AF0EE476A37EE277A994277EEFA
:10D6C000C77A83ED007A77EEA67AC3ED017AEFD1BF
:10D6D000131DDFED4E7A0344083033ED017A984292
:10D6E00077EE877AF9D14346002B58D10699329AC2
:10D6F000339B0A604B60C1ED027AA4E705F1FF3C61
:10D7000057F82C2002F07F0247F82C20BFE60823B0
:10D710000793002302936AE519EE903A002D03F176
:10D72000010309EE903AC8BF02233FF775AEF7EE4A
:10D73000007A37EEC88A0223FDE5002198E632AB75
:10D74000DFED327A03EB860636ED017AB34277EEEF
:10D75000877AF9D143469DED327A93BB069BBBF1A4
:10D76000000FC3ED007A77EE677A0CDD33AA012350
:10D77000B2EC017A01339B4577EE877AF8DA4346BB
:10D780000BB1F1EE677A069BC3ED017A5BE7BDEE64
:10D79000C00A9B4610EE102A47F82320EAE6DDED8A
:10D7A000326A9DED337A069BF1EE666AB1EE477AF6
:10D7B000F1EE677AC3ED006A83ED017AC3ED027A78
:10D7C00041E7069BF1EE676ABBF1000F77EE677ADF
:10D7D000C3ED006ACADCD4E7689B022B0ADC002B8D
:10D7E0000FDC7FF430AFDFED097A25E7039B4FEACA
:10D7F000830C41E5689B032B7FF425AFDFED037AB3
:10D8000071E7DFED027AA5E7800800200000000044
:10D8100010EE102AC2F3C7537F3B162B22F00041B3
:10D820002ADC002B10EE100A18DB194919410A42B4
:10D8300021D0DFED187A70EE277AF5EEC07AF1EE9E
:10D8400010FA18DD002A04DA4FF4000242FA03F35A
:10D85000184420EA010300EE103A7047DFED0D7A1C
:10D8600070EE277AF5EEC07AF1EE10FA03DD002AA9
:10D8700008DB9FED090A7047B1F1FF4FFBD330EE93
:10D88000000A7047FFEE007A002900FE270A704761
:10D89000FFFF7F00CAF249710000000010EE103A4D
:10D8A00033F0004110EE102A27D0B1F1FF4F21D202
:10D8B00013F0FF4F22D1DFED2B7A2B4A60EE277A4F
:10D8C000904217EE903A33DB4CF2503CC3F3C75111
:10D8D000604517EE902AA1F1190115DDDFED237ADD
:10D8E000DFED236AB0EE677A002B67FEA67A27EE9B
:10D8F000870A704730EE000A704770474CF2503C80
:10D9000060454FEAD151E9DC0144FE29E6DC0029FB
:10D9100015DC11F1160F19DB193122F0FF4242EA32
:10D92000C15207EE902A9FED130A27EE800A704736
:10D93000DFED117A07EE103A27EE270A704722F042
:10D94000FF4242EAC15300EE103A7047DFED0A7A17
:10D95000DFED0A6AB0EE677A002B67FEA67A27EE43
:10D96000870A70470000004CB03CFFFFCAF24971C3
:10D97000CAF249F1000000336042A20D6042A28D5C
:10D9800081F0004102E000BF83F0004330B54FEA70
:10D9900041044FEA430594EA050F08BF90EA020FDD
:10D9A0001FBF54EA000C55EA020C7FEA645C7FEA70
:10D9B000655C00F0E2804FEA5454D4EB5555B8BF93
:10D9C0006D420CDD2C4480EA020281EA030382EA04
:10D9D000000083EA010180EA020281EA0303362D96
:10D9E00088BF30BD11F0004F4FEA01314FF4801C69
:10D9F0004CEA113102D0404261EB410113F0004F7B
:10DA00004FEA03334CEA133302D0524263EB430331
:10DA100094EA050F00F0A780A4F10104D5F1200ECF
:10DA20000DDB02FA0EFC22FA05F2801841F100012A
:10DA300003FA0EF2801843FA05F359410EE0A5F1FE
:10DA400020050EF1200E012A03FA0EFC28BF4CF02F
:10DA5000020C43FA05F3C01851EBE37101F00045E5
:10DA600007D54FF0000EDCF1000C7EEB00006EEBF2
:10DA70000101B1F5801F1BD3B1F5001F0CD349087C
:10DA80005FEA30004FEA3C0C04F101044FEA4452D3
:10DA900012F5800F80F09A80BCF1004F08BF5FEA5A
:10DAA000500C50F1000041EB045141EA050130BD3A
:10DAB0005FEA4C0C404141EB0101013C28BFB1F54C
:10DAC000801FE9D291F0000F04BF01460020B1FA97
:10DAD00081F308BF2033A3F10B03B3F120020CDA6A
:10DAE0000C3208DD02F1140CC2F10C0201FA0CF048
:10DAF00021FA02F10CE002F11402D8BFC2F1200CAD
:10DB000001FA02F120FA0CFCDCBF41EA0C01904062
:10DB1000E41AA2BF01EB0451294330BD6FEA0404AB
:10DB20001F3C1CDA0C340EDC04F11404C4F1200296
:10DB300020FA04F001FA02F340EA030021FA04F3A8
:10DB400045EA030130BDC4F10C04C4F1200220FAFF
:10DB500002F001FA04F340EA0300294630BD21FA3D
:10DB600004F0294630BD94F0000F83F4801306BF03
:10DB700081F480110134013D4EE77FEA645C18BFF7
:10DB80007FEA655C29D094EA050F08BF90EA020F8E
:10DB900005D054EA000C04BF1946104630BD91EA86
:10DBA000030F1EBF0021002030BD5FEA545C05D189
:10DBB0004000494128BF41F0004130BD14F58004C8
:10DBC0003CBF01F5801130BD01F0004545F0FE413C
:10DBD00041F470014FF0000030BD7FEA645C1ABF71
:10DBE000194610467FEA655C1CBF0B46024650EAA8
:10DBF000013406BF52EA033591EA030F41F40021D4
:10DC000030BD00BF90F0000F04BF0021704730B559
:10DC10004FF4806404F132044FF000054FF000012E
:10DC200050E700BF90F0000F04BF0021704730B5EF
:10DC30004FF4806404F1320410F0004548BF4042C4
:10DC40004FF000013EE700BF42004FEAE2014FEA19
:10DC500031014FEA02701FBF12F07F4393F07F4FF4
:10DC600081F06051704732F07F4208BF704793F0F7
:10DC70007F4F04BF41F40021704730B54FF460740A
:10DC800001F0004521F000411CE700BF50EA01020D
:10DC900008BF704730B54FF000050AE050EA0102B6
:10DCA00008BF704730B511F0004502D5404261EB26
:10DCB00041014FF4806404F132045FEA915C3FF467
:10DCC000D8AE4FF003025FEADC0C18BF03325FEA04
:10DCD000DC0C18BF033202EBDC02C2F1200300FAB5
:10DCE00003FC20FA02F001FA03FE40EA0E0021FADA
:10DCF00002F11444BDE600BF024B0146186800F073
:10DD000003B800BF505C00202DE9F04F01F10B0675
:10DD1000162E83B0044624D8102900F2BA8000F0F1
:10DD2000A3FA102618220220B54F3A44A2F10801A6
:10DD300053688B4200F0BA805A68D96822F0030217
:10DD40001A449D68E9608D60516841F001012046E8
:10DD5000516003F1080500F08DFA284603B0BDE8D4
:10DD6000F08F36F0070600F19480B14200F2918006
:10DD700000F07AFAB6F5FC7FC0F09A81730A00F0E1
:10DD80008F80042B00F26F81B30903F1390003F196
:10DD9000380CC3009A4F3B44A3F108055B689D42D1
:10DDA00006D10CE0002980F22781DB689D4206D075
:10DDB0005A6822F00302911B0F29F3DD60463D698A
:10DDC000DFF850C265457CD06A6822F00302931BDD
:10DDD0000F2B00F37B81002BC7E904CC80F26C8110
:10DDE000B2F5007F80F01A81D308796801334FEAD9
:10DDF000521E012202FA0EF20A4357F833E0C5F828
:10DE000008E007EBC3010839E9607A6047F833504E
:10DE1000CEF80C50831001219940914257D81142FD
:10DE200006D120F003004900114200F10400FAD0AD
:10DE300007EBC0094D468646D5F80C80454508D10C
:10DE40001DE1002B80F22481D8F80C80454500F0BC
:10DE50001681D8F8042022F00302931B0F2BF0DD6B
:10DE60002046D8E9025408EB060146F00106C8F83E
:10DE70000460EC60A56043F00104C7E90411C1E946
:10DE800002CC4C6048F8023000F0F4F908F10805C3
:10DE900002E00C2323600025284603B0BDE8F08F84
:10DEA0004FF4007340204FF03F0C73E7D3689A4261
:10DEB00008BF02307FF440AF3D69DFF858C16545C7
:10DEC00082D17A688310012199409142A7D9BD6817
:10DED0006B6823F003094E4503D8A9EB06030F2B0B
:10DEE0007ADCDFF834B1474BDBF800201B680132E5
:10DEF000334405EB090A00F0338103F580530F33F7
:10DF000023F47F6828F00F084146204600F010FAFD
:10DF1000411C024600F0F380824500F2EE803A4B4D
:10DF2000196841441960084600F04E81DBF8001082
:10DF3000019301311BBFA2EB0A010918CBF80020A5
:10DF4000196012F0070B00F01781CBF108010A44A9
:10DF5000CBF5805190440831A1EB0801C1F30B0AC5
:10DF600051462046009200F0E3F9421CDDE900230F
:10DF700000F04F81801A00EB0A081968BA6048F077
:10DF800001005144BD425060196000F02981B9F18F
:10DF90000F0F40F227816868A9F10C0C2CF0070CD8
:10DFA00000F0010040EA0C0068604FF0050E05EB40
:10DFB0000C00BCF10F0FC0E901EE00F23281506895
:10DFC0001546124B1A688A4238BF1960104B1A68FE
:10DFD0008A4238BF196094E0AA1943F0010346F061
:10DFE00001066E602046BA60536000F043F90835C0
:10DFF000284603B0BDE8F08FD9681A44A1E600BFF7
:10E0000040580020F4D90320C4D90320ECD90320C0
:10E01000F0D9032048580020485C0020B2F5206F5A
:10E020004FEA522363D3142B00F2B78003F15C0153
:10E03000C9005B3307EB010E7958AEF1080E8E452F
:10E0400000F091804B6823F00303934202D9896862
:10E050008E45F7D1D1F80CE07A68C5E9021ECEF8FA
:10E060000850CD60D6E6142B59D9542B00F29D8070
:10E07000330B03F16F0003F16E0CC3008AE60EF15F
:10E08000010E1EF0030F05F108057FF4D5AE51E037
:10E09000424445465368D8F80C1043F001035360DE
:10E0A00055F8083F2046D9608B6000F0E3F8F3E6AE
:10E0B000F00806F1080237E62A442046536843F088
:10E0C00001035360083500F0D5F8E5E6A9192046AC
:10E0D00046F0010643F001046E60C7E90411C1E98E
:10E0E00002CC4C60AB5000F0C5F80835D4E693097B
:10E0F00003F13901C90038339CE7BD425FD0BD68E8
:10E10000686820F003084645A8EB060302D80F2BE9
:10E110003FF762AF204600F0ADF80025BCE603F102
:10E120005C0003F15B0CC30034E659F808394B4539
:10E1300040F0968010F0030F00F1FF30F5D17B68BE
:10E1400023EA01037B60490099423FF6C0AE19B94A
:10E15000BDE649000EF1040E1942FAD0704667E69A
:10E1600003F11008D0E69A104FF001087B6808FA16
:10E1700002F21A437A6070E702EB08014942C1F3E8
:10E180000B0A51462046009200F0D2F8431CDDE90C
:10E1900000237FF4EFAEDA46EFE6542B25D8130BBD
:10E1A00003F16F01C9006E3344E7B3F5AA7F25D8A8
:10E1B000F30B03F1780003F1770CC300EAE5294B78
:10E1C000186840441860B1E6CAF30B0CBCF1000FAC
:10E1D0007FF4ACAEBD68C84448F001006860F0E66A
:10E1E0001546EEE60123536094E7B3F5AA7F23D8E2
:10E1F000D30B03F17801C90077331BE740F2545287
:10E20000934223D8B30C03F17D0003F17C0CC300CF
:10E21000C0E5ABF1080BD844A8EB02084FF0000AA8
:10E22000ABE605F108012046009300F055F9BD6802
:10E23000009B68681968C4E640F254518B420BD8C1
:10E24000930C03F17D01C9007C33F3E64FF47E7338
:10E250007F204FF07E0C9DE54FF47E717E23E9E632
:10E260007B6870E7C4D90320014800F09DB800BF67
:10E27000C0D90320014800F099B800BFC0D90320DD
:10E28000830730B548D0541E002A3FD0CAB2034697
:10E2900001E0013C3AD303F8012B9D07F9D1032C8F
:10E2A0002DD9CDB245EA05250F2C45EA054536D9CD
:10E2B000A4F1100222F00F0C03F1200EE6444FEA05
:10E2C000121C03F1100242E9045542E902551032D2
:10E2D0007245F8D10CF1010214F00C0F03EB02129D
:10E2E00004F00F0C13D0ACF1040323F00303043348
:10E2F000134442F8045B9342FBD10CF003042CB1AD
:10E30000C9B21C4403F8011B9C42FBD130BD6446DA
:10E310001346002CF4D1F9E703461446BFE71A462A
:10E32000A446E0E713460A460146022000F040B842
:10E3300038B5074D0022044608462A60FBF78EFEDA
:10E34000431C00D038BD2B68002BFBD0236038BDA8
:10E3500040DB0320014B1868704700BF505C002071
:10E3600070B50D4E0D4D761BB61006D0002455F835
:10E37000043B01349847A642F9D1094E094D761B5A
:10E3800000F0B6F9B61006D0002455F8043B01346D
:10E390009847A642F9D170BDB0200060B02000605F
:10E3A000C0200060B0200060704700BF704700BF11
:10E3B0002DE9F047DFF87CA00646DAF80000984621
:10E3C0000F469146FFF7F0FF184B1C6824B36568B1
:10E3D0001F2D24DC5EB96B1C0235DAF80000636087
:10E3E00044F82570FFF7E2FF0020BDE8F08704EB5A
:10E3F00085010123C1F88890D4F88821AB401A43E5
:10E40000022EC4F88821C1F80881E4D1D4F88C2107
:10E410001A43C4F88C21DEE7054C1C60D7E7DAF814
:10E420000000FFF7C3FF4FF0FF30DEE728D80320DE
:10E430002CD8032034580020F8B5244F0C4606464B
:10E44000FFF712FFBB685D68C4F57E610F3125F0F0
:10E4500003054B1923F47F6323F00F03A3F58054C6
:10E46000B4F5805F07DB00213046FFF761FFBB6832
:10E470002B44984204D03046FFF7FCFE0020F8BD44
:10E4800061423046FFF754FF01300DD0104ABB689F
:10E490002D1B45F001055D60136830461B1B1360A2
:10E4A000FFF7E8FE0120F8BD00213046FFF740FFEE
:10E4B000BA68831A0F2BDEDD43F001035360054B6E
:10E4C00003491B68C01A0860D5E700BF4058002008
:10E4D000C4D90320485C0020002961D0F8B50C465F
:10E4E0000646FFF7C1FE54F8042C7B4FA4F1080543
:10E4F00022F0010105EB010CB868DCF8043060453E
:10E5000023F0030300F08B80D207CCF8043032D420
:10E5100054F8082CAD1A1144AA6807F10800824289
:10E520006AD00CEB0304D4F804E0EC68D4601EF06D
:10E53000010FA26000F0978041F001036B60CCF8FE
:10E540000010B1F5007F35D27868CB080122490967
:10E5500001338A40024357F833107A6007EBC30255
:10E56000083AC5E9021247F83350CD603046BDE89D
:10E57000F840FFF77FBE0CEB03025268D00710D4BF
:10E58000194407F10800DCF80830834273D0DCF846
:10E590000C20DA60936041F001036B606950D0E7B2
:10E5A000704741F00103B1F5007F44F8043CCCF81A
:10E5B0000010C9D3B1F5206F4FEA512348D28B091F
:10E5C00003F1390003F13802C300F818FB5808388A
:10E5D000984259D05A6822F003028A4202D99B68B5
:10E5E0009842F7D1D868C5E902308560DD603046D1
:10E5F000BDE8F840FFF73EBE0CEB03025268D207BD
:10E6000063D40B44DCE90212CA60916043F001025A
:10E610006A603046EB50BDE8F840FFF72BBE0B4474
:10E62000D10707D454F8082CAD1A1344D5E90212C7
:10E63000CA60916043F001026A60284ABD601268B6
:10E640009A4293D8264B30461968FFF7F5FE8DE7BE
:10E65000142B0AD9542B1FD80B0B03F16F0003F1B5
:10E660006E02C300B1E719448DE703F15C0003F1CA
:10E670005B02C300A9E741F00103C7E90455C5E9FE
:10E6800002006B60695071E779689210012404FA06
:10E6900002F20A437A60A6E7B3F5AA7F06D8CB0B4D
:10E6A00003F1780003F17702C3008EE740F2545281
:10E6B000934206D88B0C03F17D0003F17C02C3006A
:10E6C00083E74FF47E737E227FE741F001036B60A6
:10E6D000CCF800104AE700BF405800204C5C0020F6
:10E6E000F4D90320000000005FF800F0E51F00608F
:10E6F0005FF800F04D2000605FF800F01916006030
:10E700005FF800F06D1600605FF800F0291E0060F1
:04E71000F8B500BF99
:08E7140040D0FF7F010000006E
:10E71C0000000000000000000000000000000000ED
:10E72C0000000000000000000000000000000000DD
:10E73C0000000000000000000000000000000000CD
:10E74C0000000000000000000000000000000000BD
:10E75C0000000000000000000000000000000000AD
:10E76C00000000000000000000000000000000009D
:10E77C00000000000000000000000000000000008D
:10E78C00000000000000000000000000000000007D
:10E79C00000000000000000000000000000000006D
:10E7AC00000000000000000000000000000000005D
:10E7BC00000000000000000000000000000000004D
:10E7CC00000000000000000000000000000000003D
:10E7DC00000000000000000000000000000000002D
:10E7EC00000000000000000000000000000000001D
:10E7FC00000000000000000000000000000000000D
:10E80C0000000000000000000000000000000000FC
:10E81C0000000000000000000000000000000000EC
:10E82C0000000000000000000000000000000000DC
:10E83C0000000000000000000000000000000000CC
:10E84C0000000000000000000000000000000000BC
:10E85C0000000000000000000000000000000000AC
:10E86C00000000000000000000000000000000009C
:10E87C00000000000000000000000000000000008C
:10E88C00000000000000000000000000000000007C
:10E89C00000000000000000000000000000000006C
:10E8AC00000000000000000000000000000000005C
:10E8BC00000000000000000000000000000000004C
:10E8CC00000000000000000000000000000000003C
:10E8DC00000000000000000000000000000000002C
:10E8EC00000000000000000000000000000000001C
:10E8FC00000000000000000000000000000000000C
:10E90C0000000000000000000000000000000000FB
:10E91C0000000000000000000000000000000000EB
:10E92C0000000000000000000000000000000000DB
:10E93C0000000000000000000000000000000000CB
:10E94C0000000000000000000000000000000000BB
:10E95C0000000000000000000000000000000000AB
:10E96C00000000000000000000000000000000009B
:10E97C00000000000000000000000000000000008B
:10E98C00000000000000000000000000000000007B
:10E99C00000000000000F03F748515D3B0D9EF3FA4
:10E9AC000F89F96C58B5EF3F515B12D00193EF3FD3
:10E9BC007B517D3CB872EF3FAAB968318754EF3F69
:10E9CC003862756E7A38EF3FE1DE1FF59D1EEF3F22
:10E9DC0015B7310AFE06EF3FCBA93A37A7F1EE3F48
:10E9EC002234124CA6DEEE3F2D89616008CEEE3F3C
:10E9FC00272A36D5DABFEE3F824F9D562BB4EE3F19
:10EA0C00295448DD07ABEE3F85553AB07EA4EE3F66
:10EA1C00CD3B7F669EA0EE3F745FECE8759FEE3FAA
:10EA2C008701EB7314A1EE3F13CE4C9989A5EE3FF1
:10EA3C00DBA02A42E5ACEE3FE5C5CDB037B7EE3FE3
:10EA4C0090F0A38291C4EE3F5D253EB203D5EE3F1C
:10EA5C00ADD35A999FE8EE3F475EFBF276FFEE3F4F
:10EA6C009C5285DD9B19EF3F6990EFDC2037EF3F1F
:10EA7C0087A4FBDC1858EF3F5F9B7B33977CEF3F01
:10EA8C00DA90A4A2AFA4EF3F40456E5B76D0EF3F87
:10EA9C00000000000000E8429423914BF86AAC3F60
:10EAAC00F3C4FA50CEBFCE3FD6520CFF422EE63FF7
:10EABC000000000000003843FE822B6547154740DC
:10EACC009423914BF86ABC3EF3C4FA50CEBF2E3F50
:10EADC00D6520CFF422E963FBEF3F879EC61F63F0E
:10EAEC001930965BC6FEDEBF3D88AF4AED71F53F2F
:10EAFC00A4FCD432680BDBBFB010F0F03995F43FB6
:10EB0C007BB71F0A8B41D7BF8503B8B095C9F33FBC
:10EB1C007BCF6D1AE99DD3BFA564880C190DF33F0B
:10EB2C0031B6F2F39B1DD0BFA08E0B7B225EF23F61
:10EB3C00F07A3B1B1D7CC9BF3F341A4A4ABBF13FDC
:10EB4C009F3CAF93E3F9C2BFBAE58AF05823F13F7B
:10EB5C005C8D78BFCB60B9BFA70099413F95F03F62
:10EB6C00CE5F47B69D6FAABF000000000000F03FCB
:10EB7C000000000000000000AC479AFD8C60EE3FE6
:10EB8C003DF5249FCA38B33FA06A021FB3A4EC3FE3
:10EB9C00BA913854A976C43FE6FC6A573620EB3F4D
:10EBAC00D2E4C44A0B84CE3F2DAAA163D1C2E93F63
:10EBBC001C65C6F04506D43FED417803E686E83F78
:10EBCC00F89F1B2C9C8ED83F624853F5DC67E73FBF
:10EBDC00CC7BB14EA4E0DC3F4D7E0AF7B612D7BF1A
:10EBEC00E0326849BFCADE3FDEE3FA9F4715E7BF54
:10EBFC00B8C8355F4715F73FBEF3F879EC61F63FBF
:10EC0C001930965BC6FEDEBF3D88AF4AED71F53F0D
:10EC1C00A4FCD432680BDBBFB010F0F03995F43F94
:10EC2C007BB71F0A8B41D7BF8503B8B095C9F33F9B
:10EC3C007BCF6D1AE99DD3BFA564880C190DF33FEA
:10EC4C0031B6F2F39B1DD0BFA08E0B7B225EF23F40
:10EC5C00F07A3B1B1D7CC9BF3F341A4A4ABBF13FBB
:10EC6C009F3CAF93E3F9C2BFBAE58AF05823F13F5A
:10EC7C005C8D78BFCB60B9BFA70099413F95F03F41
:10EC8C00CE5F47B69D6FAABF000000000000F03FAA
:10EC9C000000000000000000AC479AFD8C60EE3FC5
:10ECAC003DF5249FCA38B33FA06A021FB3A4EC3FC2
:10ECBC00BA913854A976C43FE6FC6A573620EB3F2C
:10ECCC00D2E4C44A0B84CE3F2DAAA163D1C2E93F42
:10ECDC001C65C6F04506D43FED417803E686E83F57
:10ECEC00F89F1B2C9C8ED83F624853F5DC67E73F9E
:10ECFC00CC7BB14EA4E0DC3F0B6E49C91676D23FFB
:10ED0C007AC675A06919D7BFDDBAA76C0AC7DE3FF2
:10ED1C00C8F6BE484715E7BF2BB82A654715F73F1D
:10ED2C00000000000000F03F000000000000F0BFF9
:10ED3C00000000000000F0BF000000000000F03FE9
:10ED4C0083C8C96D305F6441182D4454FB21F93FD1
:10ED5C00000000000000F03F1C620CFDFFFFDFBF55
:10ED6C00198F06E15355A53F9D359AE887C056BFCC
:10ED7C00C3F87B024393F93E03A695595455C5BF7E
:10ED8C00C40B23057610813F24CF7437EB9429BF35
:10ED9C00000000000000F03F000000000000F0BF89
:10EDAC00000000000000F0BF000000000000F03F79
:10EDBC0083C8C96D305F6441182D4454FB21F93F61
:10EDCC00000000000000F0BF1C620CFDFFFFDF3FE5
:10EDDC00198F06E15355A5BF9D359AE887C0563F5C
:10EDEC00C3F87B024393F9BE03A695595455C5BF8E
:10EDFC00C40B23057610813F24CF7437EB9429BFC5
:10EE0C000000C040CDCC4C3DCDCCCC3E00000040F1
:10EE1C000000003FEC51383E9A99193E000000006A
:10EE2C000000E0400000000000A00C46CDCC4C3EA1
:10EE3C0000000000000000000AD7A33BCDCCCC3D65
:10EE4C00CDCC4C3FCDCC4C3EA69B443B9A99193E25
:10EE5C000000003FCDCC4C3E000000000000000044
:10EE6C000000003F000000003333B33E295C8F3EAE
:10EE7C0000000000000020406666663F00803B47B3
:10EE8C000000000000000000000000000000003F37
:10EE9C000000000000803B47000000000000000064
:10EEAC00000000000000003F0000000000803B4715
:10EEBC000000000000000000000000000000003F07
:10EECC000000000000803B47000000000000000034
:10EEDC00000000000000003F0000000000803B47E5
:10EEEC000000000000000000000000000000003FD7
:10EEFC000000000000803B47000000000000000004
:10EF0C00000000000000003F0000000000803B47B4
:10EF1C000000000000007A44F304353F00000000BC
:10EF2C0000000000000000000000000000000000D5
:10EF3C00000000000000803F000000000000000006
:10EF4C0000803B470000000000007A44F304353F8A
:10EF5C0000000000000000000000000000000000A5
:10EF6C0000000000000000000000803F00000000D6
:10EF7C0000000000DB0F49BFE4CB1640E4CB16C009
:10EF8C0000000080DB0F4940DB0F49C00000C93F87
:10EF9C000000F0390000DA370000A2330000842EA4
:10EFAC000000502B0000C2270000D0220000C41F1C
:10EFBC000000C61B00004417776F726B737461748A
:10EFCC00696F6E3A3A73657100000000776F726B6F
:10EFDC0073746174696F6E3A3A6D656C6F64790025
:10EFEC00776F726B73746174696F6E3A3A626173A6
:10EFFC0073000000776F726B73746174696F6E3A93
:10F00C003A6B69743A3A736E6172652F6E6F6973FD
:10F01C00650000000002040207040200040504025B
:10F02C00000204076E616E00696E66006F76660002
:10F03C006172000065720000697200006D72000060
:10F04C000002040507090B0002040507090B000266
:10F05C00030507090A0001030507080A0002040654
:10F06C0007090B0002040507090A0002030507083B
:10F07C000A0002030507080A0001030506080A0036
:10F08C0002030507080B0001040507080A00020328
:10F09C000607090A0002030507090B00020406070C
:10F0AC00090A0001030406080A0002040709000308
:10F0BC0005070A00030506070A0002040507090AEA
:10F0CC000B000204050708090B00020406080A00DD
:10F0DC000103040607090A000203050608090B00D0
:10F0EC000102030405060708090A0B0002030708BE
:10F0FC00000105070A000105060A000203070900C2
:10F10C0001040507080B0002030607080B000103A6
:10F11C000507090B0001030507080B00020406098B
:10F12C000A00010406080A0B0000803F39D6BD3FD7
:10F13C008273E63F07F02240D6562840166A794083
:10F14C00000000003A1C19B32F7219B42F0DADB486
:10F15C007B2C1AB5BF6071B5C215AEB51345EDB5B4
:10F16C00B91B1BB6257044B6949672B667C192B69D
:10F17C00C492AEB62CB6CCB6D420EDB629E307B704
:10F18C004D4C1AB7FEC32DB78D4142B776BB57B75E
:10F19C005D276EB707BD82B7BED38EB763519BB7E1
:10F1AC001A2FA8B79B65B5B736EDC2B7D5BDD0B78A
:10F1BC00F8CEDEB7BE17EDB7E18EFBB75F1505B81D
:10F1CC00A8700CB81FD413B86A3A1BB8069E22B8A4
:10F1DC0047F929B85D4631B8537F38B8129E3FB80D
:10F1EC00669C46B8FE734DB86D1E54B833955AB82C
:10F1FC00B8D160B855CD66B855816CB8F8E671B821
:10F20C0077F776B806AC7BB8DAFD7FB815F381B822
:10F21C001AAF83B8A12F85B8557186B8EC7087B832
:10F22C00242B88B8CB9C88B8BEC288B8E89988B81B
:10F23C004B1F88B8FB4F87B8262986B811A884B80D
:10F24C001CCA82B8C78C80B85CDB7BB81FD575B87C
:10F25C009C026FB8DF5F67B844E95EB8789B55B81D
:10F26C007C734BB8AB6E40B8BB8A34B8C3C527B8F7
:10F27C003B1E1AB8FF920BB8AF46F8B7E99DD7B74B
:10F28C00E92BB5B7CEF190B730E355B7675C06B74D
:10F29C00AE5B4DB6D38E0C361210FA36B7485A37D1
:10F2AC003B6B9D370850CF37966401380BE61B3803
:10F2BC00A026373812205338A4CB6F380E918638DD
:10F2CC00E48D95383CD8A438C36BB438ED43C438BE
:10F2DC00F15BD438CFAEE4384F37F53801F802394A
:10F2EC00A3690B39A3ED1339FD801C399620253900
:10F2FC003DC92D39AC77363987283F3961D8473924
:10F30C00BB835039052759399FBE6139E0466A39AC
:10F31C000EBC7239681A7B3912AF8139B8C1853984
:10F32C003AC38939ACB18D39208B9139A84D9539B7
:10F33C0058F7983944869C3985F89F39384CA3394D
:10F34C007D7FA6397C90A939637DAC396844AF398F
:10F35C00CAE3B139D359B439D6A4B63934C3B839A0
:10F36C005AB3BA39C373BC39FA02BE39995FBF3983
:10F37C004C88C039CF7BC139F438C2399EBEC239F2
:10F38C00C50BC339791FC339DDF8C2392E97C23981
:10F39C00BFF9C139FD1FC1396F09C039B4B5BE39C8
:10F3AC008824BD39C155BB395249B9394AFFB639E0
:10F3BC00D477B4393AB3B139E4B1AE395574AB3909
:10F3CC0033FBA7394047A4395B59A03986329C39A5
:10F3DC00DFD39739A43E933932748E390476893948
:10F3EC00B5458439F8C97D3961AB72398D336739CC
:10F3FC00A0665B39F5484F3923DF4239F52D363994
:10F40C006E3A2939C4091C3962A10E39E206013958
:10F41C001E80E638BFA5CA38EE8AAE38443C923816
:10F42C004B8D6B38846E3238306EF237D3048037A4
:10F43C00B989DD35FABB47B7C7E5D4B7798222B8AD
:10F44C0094005AB8EA6788B85569A3B8B8F5BDB83E
:10F45C0037FED7B8F673F1B80E2405B9F23511B9E9
:10F46C004BE81CB9CC3328B93C1133B973793DB98D
:10F47C00656547B920CE50B9D4AC59B9D4FA61B945
:10F48C009BB169B9CECA70B9424077B9FE0B7DB950
:10F49C00201481B9BE4783B9341E85B9FB9486B953
:10F4AC00B0A987B9105A88B901A488B98E8588B9D2
:10F4BC00E8FC87B96E0887B9A6A685B944D683B986
:10F4CC00299681B9CBCA7DB9718677B9285E70B996
:10F4DC00345168B93F5F5FB95E8855B90ACD4AB9F6
:10F4EC002A2E3FB90DAD32B9724B25B9810B17B924
:10F4FC00D2EF07B9D8F6EFB88363CEB86B2DABB8A3
:10F50C002F5D86B899F83FB85F54E0B7FC2BEBB68B
:10F51C00B6F56037E6A4103897B56B3849A9A4380E
:10F52C00AAAED43873ED02399C0E1C390BB23539A6
:10F53C00A5CE4F39F25A6A3993A68239934D903938
:10F54C00421D9E394410AC391B21BA39254AC839A1
:10F55C00A485D639BACDE439701CF339DBB5003A41
:10F56C00B2DA073AA2F90E3A840F163A2D191D3A5F
:10F57C006A13243A05FB2A3AC5CC313A6E85383ADF
:10F58C00C7213F3A959E453AA3F84B3ABE2C523AC6
:10F59C00BA37583A73165E3ACEC5633ABB42693AEB
:10F5AC00348A6E3A4399733A006D783A95027D3AF3
:10F5BC009FAB803A25B4823A8F99843A9B5A863A0B
:10F5CC0013F6873ACD6A893AAFB78A3AABDB8B3AF6
:10F5DC00C3D58C3A07A58D3A99488E3AABBF8E3A73
:10F5EC0082098F3A71258F3AE2128F3A50D18E3AB6
:10F5FC0049608E3A6FBF8D3A7AEE8C3A35ED8B3A84
:10F60C0081BB8A3A5459893ABAC6873AD603863AA4
:10F61C00DF10843A24EE813A17387F3A21367A3A51
:10F62C008AD7743AA81D6F3AF909693A2C9E623A46
:10F63C001DDC5B3AD2C5543A815D4D3A8AA5453AF8
:10F64C007BA03D3A0A51353A19BA2C3AB4DE233A2A
:10F65C000EC21A3A8367113A96D2073ADC0DFC397E
:10F66C00B010E83986B5D3398104BF390206AA39FE
:10F67C00ABC29439AC867E392A2253395C6A27395D
:10F68C0059E4F638C0999E382D380C38386713B7C2
:10F69C00F3B155B871FFC2B89E5B0DB980EB38B9A8
:10F6AC008D1A64B9F26987B94B819CB9D848B1B944
:10F6BC0022B6C5B9BDBED9B94758EDB9393C00BA67
:10F6CC00828A09BAF19112BA884D1BBA5AB823BA78
:10F6DC0094CD2BBA748833BA58E43ABAB6DC41BA32
:10F6EC00276D48BA61914EBA414554BAC78459BA8C
:10F6FC001E4C5EBA989762BAB86366BA2AAD69BAFC
:10F70C00CF706CBABAAB6EBA2F5B70BAAE7C71BAF2
:10F71C00EA0D72BAD30C72BA927771BA914C70BA74
:10F72C00748A6EBA20306CBABD3C69BAB3AF65BA94
:10F73C00AD8861BA9BC75CBAB26C57BA6C7851BAD7
:10F74C0089EB4ABA10C743BA4F0C3CBADBBC33BA8C
:10F75C008FDA2ABA906721BA486617BA68D90CBAF8
:10F76C00E8C301BA0C52ECB98718D4B9D1E2BAB9D2
:10F77C00FEB8A0B9A8A385B9D75753B9C8B619B95B
:10F78C00A7F0BCB87BC606B82C3AE437C736B838F5
:10F79C00E7F21C3928F55E3959049139A609B339B9
:10F7AC00027DD5399D50F8392ABB0D3ADB6F1F3AD3
:10F7BC00063F313A2E21433ABA0E553AF4FF663AD7
:10F7CC0011ED783A1767853AAE4D8E3A4E26973A38
:10F7DC00F1EC9F3A919DA83A2334B13A9FACB93AD7
:10F7EC00FE02C23A3E33CA3A6039D23A6F11DA3A63
:10F7FC0081B7E13AB327E93A335EF03A3C57F73A2E
:10F80C001D0FFE3A1941023B7A56053BF545083B64
:10F81C00DC0D0B3B8EAC0D3B7720103B1268123B82
:10F82C00EB81143B9C6C163BD226183B4BAF193B1F
:10F83C00D9041B3B5F261C3BD8121D3B51C91D3BF9
:10F84C00ED481E3BE5901E3B8AA01E3B42771E3BBB
:10F85C008D141E3B03781D3B52A11C3B46901B3B59
:10F86C00BF441A3BBBBE183B4FFE163BAD03153BCA
:10F87C001FCF123B0C61103BF4B90D3B72DA0A3B03
:10F88C003CC3073B2375043B12F1003B1F70FA3A53
:10F89C007896F23AA257EA3A47B6E13A41B5D83AE5
:10F8AC009E57CF3A9FA0C53AB193BB3A7434B13A44
:10F8BC00B586A63A6E8E9B3AC54F903A0CCF843AD9
:10F8CC007321723ADF325A3AE8DB413A6026293A20
:10F8DC00601C103A7F90ED392569BA3949D88639C0
:10F8EC00DAE7253973937638F1AB2BB8AF9913B9A6
:10F8FC00B2387CB9864CB2B9B245E6B905F80CBA47
:10F90C00D19926BA3DFC3FBA491359BAF4D271BA0F
:10F91C00A41785BA2C0E91BA27C79CBAB53CA8BAC5
:10F92C000469B3BA5546BEBAFECEC8BA68FDD2BA9F
:10F93C001BCCDCBAB735E6BAFE34EFBAD4C4F7BA8E
:10F94C003EE0FFBA36C103BB5A5307BB4EA40ABBF9
:10F95C00EBB10DBB237A10BBFFFA12BBA83215BB5F
:10F96C005D1F17BB7FBF18BB89111ABB17141BBBBC
:10F97C00E4C51BBBCB251CBBCB321CBB03EC1BBB9C
:10F98C00B4501BBB47601ABB451A19BB5E7E17BB34
:10F99C00678C15BB594413BB58A610BBA9B20DBB41
:10F9AC00BB690ABB23CC06BB9EDA02BB1D2CFDBA7D
:10F9BC00FEFEF3BA4430EABA9FC2DFBA0CB9D4BA2D
:10F9CC00D916C9BA9BDFBCBA3517B0BAD4C1A2BA22
:10F9DC00EEE394BA408286BA9D436FBAC48F50BA94
:10F9EC000DF430BA147C10BAE267DEB973509AB9D0
:10F9FC00DF9729B9F754DFB76D5EE838303E8339AD
:10FA0C000961CD3904310C3A3011323A5341583A2C
:10FA1C006BB17E3A99A8923A1208A63AC56EB93AD9
:10FA2C003CD4CC3AEE2FE03A4079F33AC653033B40
:10FA3C000FD90C3B2248163BA29C1F3B33D2283BD0
:10FA4C007DE4313B2ECF3A3BF88D433B981C4C3B2D
:10FA5C00D676543B85985C3B897D643BD4216C3BCA
:10FA6C006F81733B72987A3B89B1803BCBEE833BC1
:10FA7C003302873BFFE9893B81A48C3B18308F3BD9
:10FA8C00328B913B54B4933B10AA953B0F6B973B35
:10FA9C000CF6983BD8499A3B59659B3B8C479C3B51
:10FAAC0084EF9C3B6B5C9D3B868D9D3B2F829D3BED
:10FABC00DC399D3B1BB49C3B95F09B3B0FEF9A3B79
:10FACC0065AF993B9131983BAA75963BDE7B943B95
:10FADC007C44923BEBCF8F3BB11E8D3B6E318A3B0E
:10FAEC00E008873BDFA5833B6209803BF068783BED
:10FAFC009F50703B5ECC673BF5DE5E3B5E8B553BAF
:10FB0C00C9D44B3B9BBE413B6A4C373BFC812C3BE5
:10FB1C004B63213B7EF4153BE8390A3B1970FC3AE8
:10FB2C002CE7E33AB0E2CA3A9F6CB13A3A8F973A73
:10FB3C0012AA7A3AB091453A63EB0F3A699BB33902
:10FB4C00663E0D39B4BC9BB853E094B91E8201BA21
:10FB5C002E9538BAD5906FBA302E93BA796FAEBA5B
:10FB6C00C97FC9BA9D52E4BA6CDBFEBAD7860CBB0E
:10FB7C00746E19BB531E26BB459032BB28BE3EBBD0
:10FB8C00E8A14ABB843556BB0D7361BBAF546CBB4B
:10FB9C00AFD476BBB77680BBB84C85BBADE989BB1F
:10FBAC00FA4A8EBB196E92BB985096BB1CF099BB4F
:10FBBC00624A9DBB415DA0BBA826A3BBA3A4A5BB69
:10FBCC005BD5A7BB16B7A9BB3948ABBB4787ACBB4A
:10FBDC00E672ADBBDD09AEBB154BAEBB9A35AEBB09
:10FBEC009EC8ADBB7403ADBB99E5ABBBAC6EAABBF9
:10FBFC00749EA8BBE074A6BB04F2A3BB1F16A1BBEA
:10FC0C0095E19DBBF4549ABBF17096BB6A3692BBDE
:10FC1C0066A68DBB14C288BBCC8A83BB17047CBB85
:10FC2C00F65270BBD00564BB912057BB72A749BB81
:10FC3C00F69E3BBBEB0B2DBB6AF31DBBD35A0EBB25
:10FC4C00998FFCBA7F80DBBAB494B9BA11D996BA41
:10FC5C00D8B566BA27501EBA213BA9B90FB71BB845
:10FC6C0017708439F31D0F3A9AD65C3AD4A0953AA2
:10FC7C00131FBD3A43D5E43A2D59063B89521A3B22
:10FC8C00F74D2E3BA442423BA627563B05F4693B5D
:10FC9C00BE9E7D3B628F883B8335923B3BBD9B3B3D
:10FCAC000222A53B555FAE3BB970B73BB851C03B88
:10FCBC00E8FDC83BE970D13B6BA6D93B2C9AE13BE4
:10FCCC00FE47E93BC7ABF03B82C1F73B4385FE3BAC
:10FCDC009B79023CD483053C7E5F083CDF0A0B3CDD
:10FCEC004A840D3C27CA0F3CEDDA113C29B5133C74
:10FCFC007C57153C9CC0163C54EF173C87E2183CD3
:10FD0C002E99193C5B121A3C3A4D1A3C0D491A3C7F
:10FD1C0032051A3C2381193C71BC183CCDB6173CFA
:10FD2C00FF6F163CF0E7143CA31E133C3814113C37
:10FD3C00ECC80E3C1B3D0C3C3C71093CE565063C9B
:10FD4C00CB1B033C7D27FF3B5B9DF73B4B9BEF3B6A
:10FD5C009E23E73BE438DE3BE4DDD43B9F15CB3BF5
:10FD6C004EE3C03B634AB63B864EAB3B95F39F3BA1
:10FD7C00A33D943BF630883B0EA4773BFF4A5E3B99
:10FD8C007060443B6FEE293B61FF0E3B003CE73A51
:10FD9C00ACAAAF3AECC26E3A76DEF9398B9D2038BC
:10FDAC004F79D3B9C4325EBA1093A9BACD31E4BA43
:10FDBC00D66D0FBB38BB2CBBCEF349BB390A67BB26
:10FDCC0083F881BB564D90BBCC7C9EBB1980ACBBE1
:10FDDC006E50BABB01E7C7BB0D3DD5BBD54BE2BBE3
:10FDEC00A70CEFBBE178FBBBF9C403BCB09C09BC0E
:10FDFC0061400FBCE9AC14BC31DF19BC35D41EBC5E
:10FE0C00008923BCB2FA27BC81262CBCB80930BCB3
:10FE1C00B9A133BC02EC36BC28E639BCDF8D3CBC46
:10FE2C00F7E03EBC5EDD40BC258142BC79CA43BCD8
:10FE3C00AEB744BC394745BCB47745BCDF4745BC7D
:10FE4C00A0B644BC06C343BC456C42BCC0B140BC6C
:10FE5C00FE923EBCB50F3CBCC52739BC3ADB35BC69
:10FE6C004E2A32BC66152EBC169D29BC1FC224BC62
:10FE7C0072851FBC2CE819BC99EB13BC36910DBCD8
:10FE8C00ABDA06BCA293FFBB5BC1F0BBE942E1BBA2
:10FE9C00121DD1BBF354C0BB03F0AEBB14F49CBB1E
:10FEAC004D678ABB54A06EBBFB6A47BBD53C1FBBDE
:10FEBC009449ECBABF6498BACBD605BABE082039BF
:10FECC00727C583A6DA8C53A8D0D103B57B83D3B26
:10FEDC0051C16B3B640A8D3B504FA43B2BA5BB3BE4
:10FEEC008601D33BCA59EA3B9BD1003C73690C3C5D
:10FEFC00EFEE173C7F5C233C8DAC2E3C76D9393C25
:10FF0C0092DD443C36B34F3CB3545A3C5CBC643C2D
:10FF1C0086E46E3C8BC7783CE72F813CDCD3853C78
:10FF2C00E24C8A3C3E988E3C3BB3923C309B963CD8
:10FF3C00804D9A3C9AC79D3CFA06A13C2D09A43CE5
:10FF4C00CFCBA63C8F4CA93C2E89AB3C817FAD3CE2
:10FF5C00752DAF3C0A91B03C5CA8B13C9D71B23C94
:10FF6C001AEBB23C3E13B33C8DE8B23CAB69B23CED
:10FF7C005C95B13C826AB03C1FE8AE3C5B0DAD3C7D
:10FF8C007ED9AA3CF54BA83C5264A53C4B22A23C22
:10FF9C00C1859E3CB88E9A3C5F3D963C0C92913C40
:10FFAC00418D8C3CA82F873C187A813C25DB763C14
:10FFBC0089166A3C10A95C3CC8954E3C19E03F3C44
:10FFCC00C68B303CED9C203C0A18103CE403FE3BF5
:10FFDC00B1BFDA3B9C6EB63B7B1C913BBEAB553B39
:10FFEC002350073B8D085D3A9C06D3B9D5F3DABA9A
:04FFFC00E3E841BB3A
:02000004600199
:100000000EC68BBB4820B7BBF1F0E2BB969207BC93
:10001000BBD41DBCD23434BC74A84ABCE82461BC37
:100020002A9F77BCF30587BCC12F92BC0A479DBCB1
:10003000B945A8BC9625B3BC48E0BDBC556FC8BC4B
:1000400026CCD2BC06F0DCBC24D4E6BC9671F0BC55
:1000500058C1F9BC265E01BDA1AD05BD7ACB09BD75
:1000600003B40DBD886311BD4BD614BD880818BDFF
:1000700075F61ABD419C1DBD18F61FBD230022BD9B
:1000800087B623BD671525BDE81826BD2ABD26BD48
:1000900053FE26BD88D826BDF14726BDBB4825BDE9
:1000A00017D723BD3CEF21BD668D1FBDDAAD1CBD4A
:1000B000E54C19BDDE6615BD25F810BD26FD0BBD4E
:1000C000587206BD405400BDE33EF3BC19A1E4BC28
:1000D00084C8D4BCA6AEC3BC254DB1BCC99D9DBCD3
:1000E000819A88BCC67A64BC590135BC8EBD02BCFD
:1000F0001D499BBBF25EADBA89DA143B6519C63B5C
:10010000B0DF233C93B8673CF64F973CF34EBC3CC2
:100110001DDDE23C0F7F053DB15A1A3D1203303D13
:10012000B079463DEDBF5D3D0CD7753D1B60873D09
:10013000383E943D5286A13DD038AF3D0756BD3D77
:100140003EDECB3DACD1DA3D7730EA3DB9FAF93D40
:100150007730EA3DACD1DA3D3EDECB3D0756BD3DC2
:10016000D038AF3D5286A13D383E943D1B60873D5F
:100170000CD7753DEDBF5D3DB079463D1203303D76
:10018000B15A1A3D0F7F053D1DDDE23CF34EBC3CEC
:10019000F64F973C93B8673CB0DF233C6519C63BEC
:1001A00089DA143BF25EADBA1D499BBB8EBD02BC21
:1001B000590135BCC67A64BC819A88BCC99D9DBC76
:1001C000254DB1BCA6AEC3BC84C8D4BC19A1E4BC47
:1001D000E33EF3BC405400BD587206BD26FD0BBD86
:1001E00025F810BDDE6615BDE54C19BDDAAD1CBDA8
:1001F000668D1FBD3CEF21BD17D723BDBB4825BD74
:10020000F14726BD88D826BD53FE26BD2ABD26BD92
:10021000E81826BD671525BD87B623BD230022BD7E
:1002200018F61FBD419C1DBD75F61ABD880818BD86
:100230004BD614BD886311BD03B40DBD7ACB09BD87
:10024000A1AD05BD265E01BD58C1F9BC9671F0BCDB
:1002500024D4E6BC06F0DCBC26CCD2BC556FC8BCAE
:1002600048E0BDBC9625B3BCB945A8BC0A479DBCB7
:10027000C12F92BCF30587BC2A9F77BCE82461BCE0
:1002800074A84ABCD23434BCBBD41DBC969207BC03
:10029000F1F0E2BB4820B7BB0EC68BBBE3E841BB25
:1002A000D5F3DABA9C06D3B98D085D3A2350073BE3
:1002B000BEAB553B7B1C913B9C6EB63BB1BFDA3B62
:1002C000E403FE3B0A18103CED9C203CC68B303CFE
:1002D00019E03F3CC8954E3C10A95C3C89166A3C2D
:1002E00025DB763C187A813CA82F873C418D8C3CDD
:1002F0000C92913C5F3D963CB88E9A3CC1859E3CE9
:100300004B22A23C5264A53CF54BA83C7ED9AA3CAA
:100310005B0DAD3C1FE8AE3C826AB03C5C95B13CE5
:10032000AB69B23C8DE8B23C3E13B33C1AEBB23C35
:100330009D71B23C5CA8B13C0A91B03C752DAF3CBC
:10034000817FAD3C2E89AB3C8F4CA93CCFCBA63CEA
:100350002D09A43CFA06A13C9AC79D3C804D9A3CCD
:10036000309B963C3BB3923C3E988E3CE24C8A3CA0
:10037000DCD3853CE72F813C8BC7783C86E46E3C20
:100380005CBC643CB3545A3C36B34F3C92DD443CB5
:1003900076D9393C8DAC2E3C7F5C233CEFEE173C8C
:1003A00073690C3C9BD1003CCA59EA3B8601D33BA4
:1003B0002BA5BB3B504FA43B640A8D3B51C16B3B0B
:1003C00057B83D3B8D0D103B6DA8C53A727C583A2D
:1003D000BE082039CBD605BABF6498BA9449ECBAA6
:1003E000D53C1FBBFB6A47BB54A06EBB4D678ABBA5
:1003F00014F49CBB03F0AEBBF354C0BB121DD1BBC5
:10040000E942E1BB5BC1F0BBA293FFBBABDA06BC28
:1004100036910DBC99EB13BC2CE819BC72851FBC3E
:100420001FC224BC169D29BC66152EBC4E2A32BCA8
:100430003ADB35BCC52739BCB50F3CBCFE923EBC8F
:10044000C0B140BC456C42BC06C343BCA0B644BC72
:10045000DF4745BCB47745BC394745BCAEB744BC63
:1004600079CA43BC258142BC5EDD40BCF7E03EBC9E
:10047000DF8D3CBC28E639BC02EC36BCB9A133BCEC
:10048000B80930BC81262CBCB2FA27BC008923BC39
:1004900035D41EBC31DF19BCE9AC14BC61400FBCC3
:1004A000B09C09BCF9C403BCE178FBBBA70CEFBB53
:1004B000D54BE2BB0D3DD5BB01E7C7BB6E50BABB08
:1004C0001980ACBBCC7C9EBB564D90BB83F881BBE6
:1004D000390A67BBCEF349BB38BB2CBBD66D0FBB0B
:1004E000CD31E4BA1093A9BAC4325EBA4F79D3B908
:1004F0008B9D203876DEF939ECC26E3AACAAAF3A61
:10050000003CE73A61FF0E3B6FEE293B7060443BD5
:10051000FF4A5E3B0EA4773BF630883BA33D943BFD
:1005200095F39F3B864EAB3B634AB63B4EE3C03BE5
:100530009F15CB3BE4DDD43BE438DE3B9E23E73B19
:100540004B9BEF3B5B9DF73B7D27FF3BCB1B033C6E
:10055000E565063C3C71093C1B3D0C3CECC80E3C7F
:100560003814113CA31E133CF0E7143CFF6F163CFB
:10057000CDB6173C71BC183C2381193C32051A3C9E
:100580000D491A3C3A4D1A3C5B121A3C2E99193C03
:1005900087E2183C54EF173C9CC0163C7C57153C36
:1005A00029B5133CEDDA113C27CA0F3C4A840D3CB7
:1005B000DF0A0B3C7E5F083CD483053C9B79023C00
:1005C0004385FE3B82C1F73BC7ABF03BFE47E93BAF
:1005D0002C9AE13B6BA6D93BE970D13BE8FDC83BC7
:1005E000B851C03BB970B73B555FAE3B0222A53B4B
:1005F0003BBD9B3B8335923B628F883BBE9E7D3BE0
:1006000005F4693BA627563BA442423BF74D2E3BDF
:1006100089521A3B2D59063B43D5E43A131FBD3A84
:10062000D4A0953A9AD65C3AF31D0F3A17708439E4
:100630000FB71BB8213BA9B927501EBAD8B566BA67
:1006400011D996BAB494B9BA7F80DBBA998FFCBA43
:10065000D35A0EBB6AF31DBBEB0B2DBBF69E3BBB07
:1006600072A749BB912057BBD00564BBF65270BB43
:1006700017047CBBCC8A83BB14C288BB66A68DBB27
:100680006A3692BBF17096BBF4549ABB95E19DBB60
:100690001F16A1BB04F2A3BBE074A6BB749EA8BB4B
:1006A000AC6EAABB99E5ABBB7403ADBB9EC8ADBB3A
:1006B0009A35AEBB154BAEBBDD09AEBBE672ADBB2A
:1006C0004787ACBB3948ABBB16B7A9BB5BD5A7BB4B
:1006D000A3A4A5BBA826A3BB415DA0BB624A9DBB4A
:1006E0001CF099BB985096BB196E92BBFA4A8EBB10
:1006F000ADE989BBB84C85BBB77680BBAFD476BBC0
:10070000AF546CBB0D7361BB843556BBE8A14ABBCB
:1007100028BE3EBB459032BB531E26BB746E19BB30
:10072000D7860CBB6CDBFEBA9D52E4BAC97FC9BA4E
:10073000796FAEBA302E93BAD5906FBA2E9538BA7B
:100740001E8201BA53E094B9B4BC9BB8663E0D3921
:10075000699BB33963EB0F3AB091453A12AA7A3AE2
:100760003A8F973A9F6CB13AB0E2CA3A2CE7E33A33
:100770001970FC3AE8390A3B7EF4153B4B63213B88
:10078000FC812C3B6A4C373B9BBE413BC9D44B3B65
:100790005E8B553BF5DE5E3B5ECC673B9F50703B0E
:1007A000F068783B6209803BDFA5833BE008873B2C
:1007B0006E318A3BB11E8D3BEBCF8F3B7C44923B2D
:1007C000DE7B943BAA75963B9131983B65AF993B94
:1007D0000FEF9A3B95F09B3B1BB49C3BDC399D3B58
:1007E0002F829D3B868D9D3B6B5C9D3B84EF9C3BAC
:1007F0008C479C3B59659B3BD8499A3B0CF6983BF0
:100800000F6B973B10AA953B54B4933B328B913BB3
:1008100018308F3B81A48C3BFFE9893B3302873B37
:10082000CBEE833B89B1803B72987A3B6F81733BFF
:10083000D4216C3B897D643B85985C3BD676543BE8
:10084000981C4C3BF88D433B2ECF3A3B7DE4313B2B
:1008500033D2283BA29C1F3B2248163B0FD90C3BAE
:10086000C653033B4079F33AEE2FE03A3CD4CC3AFE
:10087000C56EB93A1208A63A99A8923A6BB17E3A77
:100880005341583A3011323A04310C3A0961CD39AA
:10089000303E83396D5EE838F754DFB7DF9729B90A
:1008A00073509AB9E267DEB9147C10BA0DF430BA0D
:1008B000C48F50BA9D436FBA408286BAEEE394BAB1
:1008C000D4C1A2BA3517B0BA9BDFBCBAD916C9BA1F
:1008D0000CB9D4BA9FC2DFBA4430EABAFEFEF3BA0A
:1008E0001D2CFDBA9EDA02BB23CC06BBBB690ABB3A
:1008F000A9B20DBB58A610BB594413BB678C15BBDE
:100900005E7E17BB451A19BB47601ABBB4501BBBB0
:1009100003EC1BBBCB321CBBCB251CBBE4C51BBBF8
:1009200017141BBB89111ABB7FBF18BB5D1F17BBF8
:10093000A83215BBFFFA12BB237A10BBEBB10DBB7B
:100940004EA40ABB5A5307BB36C103BB3EE0FFBAF5
:10095000D4C4F7BAFE34EFBAB735E6BA1BCCDCBA6A
:1009600068FDD2BAFECEC8BA5546BEBA0469B3BA5B
:10097000B53CA8BA27C79CBA2C0E91BAA41785BA61
:10098000F4D271BA491359BA3DFC3FBAD19926BA8B
:1009900005F80CBAB245E6B9864CB2B9B2387CB9A2
:1009A000AF9913B9F1AB2BB873937638DAE72539E1
:1009B00049D886392569BA397F90ED39601C103ADB
:1009C0006026293AE8DB413ADF325A3A7321723A1B
:1009D0000CCF843AC54F903A6E8E9B3AB586A63AB4
:1009E0007434B13AB193BB3A9FA0C53A9E57CF3AFF
:1009F00041B5D83A47B6E13AA257EA3A7896F23A80
:100A00001F70FA3A12F1003B2375043B3CC3073BCD
:100A100072DA0A3BF4B90D3B0C61103B1FCF123B5D
:100A2000AD03153B4FFE163BBBBE183BBF441A3B04
:100A300046901B3B52A11C3B03781D3B8D141E3B73
:100A400042771E3B8AA01E3BE5901E3BED481E3BB5
:100A500051C91D3BD8121D3B5F261C3BD9041B3BD3
:100A60004BAF193BD226183B9C6C163BEB81143BD9
:100A70001268123B7720103B8EAC0D3BDC0D0B3B1C
:100A8000F545083B7A56053B1941023B1D0FFE3ADE
:100A90003C57F73A335EF03AB327E93A81B7E13A87
:100AA0006F11DA3A6039D23A3E33CA3AFE02C23A9C
:100AB0009FACB93A2334B13A919DA83AF1EC9F3AF0
:100AC0004E26973AAE4D8E3A1767853A11ED783A31
:100AD000F4FF663ABA0E553A2E21433A063F313AB0
:100AE000DB6F1F3A2ABB0D3A9D50F839027DD5398C
:100AF000A609B3395904913928F55E39E7F21C3952
:100B0000C736B8382C3AE4377BC606B8A7F0BCB86D
:100B1000C8B619B9D75753B9A8A385B9FEB8A0B9B3
:100B2000D1E2BAB98718D4B90C52ECB9E8C301BA0A
:100B300068D90CBA486617BA906721BA8FDA2ABA10
:100B4000DBBC33BA4F0C3CBA10C743BA89EB4ABA84
:100B50006C7851BAB26C57BA9BC75CBAAD8861BAAF
:100B6000B3AF65BABD3C69BA20306CBA748A6EBA4C
:100B7000914C70BA927771BAD30C72BAEA0D72BA0C
:100B8000AE7C71BA2F5B70BABAAB6EBACF706CBA6A
:100B90002AAD69BAB86366BA989762BA1E4C5EBA53
:100BA000C78459BA414554BA61914EBA276D48BAC3
:100BB000B6DC41BA58E43ABA748833BA94CD2BBA49
:100BC0005AB823BA884D1BBAF19112BA828A09BA6F
:100BD000393C00BA4758EDB9BDBED9B922B6C5B93E
:100BE000D848B1B94B819CB9F26987B98D1A64B9FB
:100BF00080EB38B99E5B0DB971FFC2B8F3B155B83F
:100C0000386713B72D380C38C0999E3859E4F63838
:100C10005C6A27392A225339AC867E39ABC29439B3
:100C20000206AA398104BF3986B5D339B010E83934
:100C3000DC0DFC3996D2073A8367113A0EC21A3A94
:100C4000B4DE233A19BA2C3A0A51353A7BA03D3A20
:100C50008AA5453A815D4D3AD2C5543A1DDC5B3ACE
:100C60002C9E623AF909693AA81D6F3A8AD7743AFC
:100C700021367A3A17387F3A24EE813ADF10843AE7
:100C8000D603863ABAC6873A5459893A81BB8A3A1A
:100C900035ED8B3A7AEE8C3A6FBF8D3A49608E3AD9
:100CA00050D18E3AE2128F3A71258F3A82098F3AEB
:100CB000ABBF8E3A99488E3A07A58D3AC3D58C3A88
:100CC000ABDB8B3AAFB78A3ACD6A893A13F6873AEB
:100CD0009B5A863A8F99843A25B4823A9FAB803AE0
:100CE00095027D3A006D783A4399733A348A6E3AA8
:100CF000BB42693ACEC5633A73165E3ABA37583A80
:100D0000BE2C523AA3F84B3A959E453AC7213F3A3A
:100D10006E85383AC5CC313A05FB2A3A6A13243A33
:100D20002D191D3A840F163AA2F90E3AB2DA073A93
:100D3000DBB5003A701CF339BACDE439A485D63955
:100D4000254AC8391B21BA394410AC39421D9E3995
:100D5000934D903993A68239F25A6A39A5CE4F390C
:100D60000BB235399C0E1C3973ED0239AAAED4385A
:100D700049A9A43897B56B38E6A41038B6F56037A2
:100D8000FC2BEBB65F54E0B799F83FB82F5D86B8FF
:100D90006B2DABB88363CEB8D8F6EFB8D2EF07B9F6
:100DA000810B17B9724B25B90DAD32B92A2E3FB957
:100DB0000ACD4AB95E8855B93F5F5FB9345168B909
:100DC000285E70B9718677B9CBCA7DB9299681B989
:100DD00044D683B9A6A685B96E0887B9E8FC87B959
:100DE0008E8588B901A488B9105A88B9B0A987B985
:100DF000FB9486B9341E85B9BE4783B9201481B9E6
:100E0000FE0B7DB9424077B9CECA70B99BB169B9C2
:100E1000D4FA61B9D4AC59B920CE50B9656547B997
:100E200073793DB93C1133B9CC3328B94BE81CB9BF
:100E3000F23511B90E2405B9F673F1B837FED7B8FB
:100E4000B8F5BDB85569A3B8EA6788B894005AB830
:100E5000798222B8C7E5D4B7FABB47B7B989DD357F
:100E6000D3048037306EF237846E32384B8D6B3856
:100E7000443C9238EE8AAE38BFA5CA381E80E638A8
:100E8000E206013962A10E39C4091C396E3A2939CA
:100E9000F52D363923DF4239F5484F39A0665B39E5
:100EA0008D33673961AB7239F8C97D39B5458439FD
:100EB0000476893932748E39A43E9339DFD3973959
:100EC00086329C395B59A0394047A43933FBA73996
:100ED0005574AB39E4B1AE393AB3B139D477B439DA
:100EE0004AFFB6395249B939C155BB398824BD3991
:100EF000B4B5BE396F09C039FD1FC139BFF9C13959
:100F00002E97C239DDF8C239791FC339C50BC339F1
:100F10009EBEC239F438C239CF7BC1394C88C03942
:100F2000995FBF39FA02BE39C373BC395AB3BA39B3
:100F300034C3B839D6A4B639D359B439CAE3B139B0
:100F40006844AF39637DAC397C90A9397D7FA6397F
:100F5000384CA33985F89F3944869C3958F798391D
:100F6000A84D9539208B9139ACB18D393AC3893967
:100F7000B8C1853912AF8139681A7B390EBC723914
:100F8000E0466A399FBE613905275939BB8350391C
:100F900061D8473987283F39AC7736393DC92D3973
:100FA00096202539FD801C39A3ED1339A3690B392F
:100FB00001F802394F37F538CFAEE438F15BD43859
:100FC000ED43C438C36BB4383CD8A438E48D9538AD
:100FD0000E918638A4CB6F3812205338A0263738AC
:100FE0000BE61B38966401380850CF373B6B9D37B2
:100FF000B7485A371210FA36D38E0C36AE5B4DB660
:10100000675C06B730E355B7CEF190B7E92BB5B7BB
:10101000E99DD7B7AF46F8B7FF920BB83B1E1AB899
:10102000C3C527B8BB8A34B8AB6E40B87C734BB825
:10103000789B55B844E95EB8DF5F67B89C026FB82B
:101040001FD575B85CDB7BB8C78C80B81CCA82B86A
:1010500011A884B8262986B8FB4F87B84B1F88B8DB
:10106000E89988B8BEC288B8CB9C88B8242B88B8C9
:10107000EC7087B8557186B8A12F85B81AAF83B8C0
:1010800015F381B8DAFD7FB806AC7BB877F776B890
:10109000F8E671B855816CB855CD66B8B8D160B86E
:1010A00033955AB86D1E54B8FE734DB8669C46B859
:1010B000129E3FB8537F38B85D4631B847F929B81A
:1010C000069E22B86A3A1BB81FD413B8A8700CB891
:1010D0005F1505B8E18EFBB7BE17EDB7F8CEDEB7EA
:1010E000D5BDD0B736EDC2B79B65B5B71A2FA8B737
:1010F00063519BB7BED38EB707BD82B75D276EB76E
:1011000076BB57B78D4142B7FEC32DB74D4C1AB7CA
:1011100029E307B7D420EDB62CB6CCB6C492AEB650
:1011200067C192B6949672B6257044B6B91B1BB6C9
:101130001245EDB5C215AEB5BF6071B57A2C1AB5C2
:101140002D0DADB42D7219B4321C19B3009E0529B2
:10115000000000003A1C99B625C819B7378867B750
:1011600072D39AB7A0FDC1B7752DE9B7882608B824
:10117000F4A21BB86C002FB8103342B8BE2E55B87D
:1011800013E767B8704F7AB8832D86B86AFE8EB8B9
:10119000DC9397B833E79FB8C2F1A7B8CFACAFB82C
:1011A0009D11B7B86D19BEB881BDC4B823F7CAB8D0
:1011B000A9BFD0B87510D6B8FEE2DAB8D130DFB822
:1011C00098F3E2B81C25E6B84BBFE8B83ABCEAB8D9
:1011D0002D16ECB89AC7ECB82BCBECB8C41BECB806
:1011E0008BB4EAB8E690E8B882ACE5B85803E2B848
:1011F000B291DDB82B54D8B8B647D2B8A169CBB8F4
:101200009AB7C3B8AF2FBBB857D0B1B86F98A7B8CB
:1012100041879CB8879C90B86DD883B823776CB809
:10122000168E4FB8D3F830B86DBB10B8E7B5DDB740
:10123000E0BA96B7AD2719B74721AF33DEF72137AC
:10124000743EA4378A60FA3701A52938557057389B
:1012500012428338A9689B38E323B438366BCD3803
:101260009C35E738CABC003995160E39F9A21B39EE
:10127000875C2939993D373956404539AE5E533937
:101280006292613903D56F39F41F7E393836863959
:10129000C5598D3917779439948A9B399390A2391F
:1012A0005A85A9392765B0392A2CB7398DD6BD3969
:1012B0007160C439F2C5CA392A03D1392F14D7391C
:1012C0001BF5DC3909A2E2391817E8396F50ED39FE
:1012D0003E4AF239BE00F7393770FB390295FF39C3
:1012E000C2B5013A1F78033ADE0F053A577B063A3A
:1012F000EAB8073A08C7083A31A4093AF54E0A3A5B
:10130000F4C50A3AE3070B3A88130B3ABEE70A3AE8
:1013100077830A3AB9E5093AA20D093A6AFA073A17
:101320005EAB063AE81F053A8C57033AE851013A9A
:10133000701DFE39A41BF939569EF339ADA5ED3960
:101340000A32E7390C44E03991DCD839B8FCD0399D
:10135000DDA5C8399DD9BF39D699B639A8E8AC39C9
:1013600073C8A239D93B9839BB458D393CE98139DD
:1013700081536C39D61554393C213B39F67D2139DE
:10138000BF3407399A9DD8389AABA1387A4F533871
:10139000919CC237210394B6E9EE07B807CE7EB818
:1013A0007B76BBB8BA0CF8B8F6871AB9C93239B926
:1013B00046F957B994CD76B9C9D08AB970339AB97C
:1013C0007387A9B96CC5B8B9DCE5C7B934E1D6B93A
:1013D000D2AFE5B90A4AF4B9125401BA336108BA76
:1013E00088480FBA340616BA5A961CBA25F522BA9E
:1013F000C41E29BA700F2FBA6CC334BA09373ABA6F
:10140000A4663FBAAC4E44BAA2EB48BA1C3A4DBAF5
:10141000C73651BA67DE54BADC2D58BA20225BBAFF
:101420004DB85DBA9DED5FBA6DBF61BA3B2B63BA33
:10143000AC2E64BA8DC764BAD4F364BAA0B164BAEE
:101440003DFF63BA25DB62BA024461BAAC385FBAC9
:101450002FB85CBAC9C159BAEE5456BA457152BADE
:10146000AC164EBA394549BA39FD43BA343F3EBA93
:10147000E80B38BA506431BAA0492ABA46BD22BA3C
:10148000ECC01ABA785612BA088009BAF83F00BA06
:10149000BB31EDB90E1BD9B9FF41C4B914ADAEB91A
:1014A000436398B9F56B81B9FC9D53B9402923B9C1
:1014B0001716E3B803567BB8D1B831B7843C263849
:1014C0003C2CBE3849641539D4634C3925FF813929
:1014D0004B0E9E398853BA39C2C2D6399B4FF33965
:1014E000BDF6073AC747163A6994243A0CD6323A01
:1014F0000206413A8F1D4F3AE8155D3A35E86A3ADF
:101500009A8D783A99FF823A0D9B893AB615903AAE
:10151000266C963AF29A9C3AB39EA23A0C74A83A78
:10152000A817AE3A3B86B33A89BCB83A61B7BD3A20
:10153000A473C23A43EEC63A4224CB3ABB12CF3A26
:10154000DEB6D23AF30DD63A5D15D93A98CADB3AEF
:101550003E2BDE3A0735E03ACDE5E13A883BE33A07
:101560005534E43A74CEE43A4B08E53A66E0E43A9E
:101570007A55E43A6366E33A2912E23AFF57E03AD1
:101580004237DE3A7FAFDB3A6EC0D83AF769D53AD8
:1015900031ACD13A6287CD3A02FCC83AB90AC43AB2
:1015A0005EB4BE3AFCF9B83ACFDCB23A445EAC3A2B
:1015B000FA7FA53AC0439E3A99AB963AB7B98E3AAC
:1015C0007E70863A00A57B3A03C5693AE846573AE9
:1015D000F030443AB789303A2F581C3AA5A3073A5D
:1015E00072E7E439B7A0B9399E838D398242413917
:1015F000462DCC388B811A372CC7A7B8E26532B993
:10160000A9DB88B9C7D7B8B9B512E9B9BDBB0CBA5F
:1016100066F824BA83343DBA236555BA347F6DBA6F
:10162000C5BB82BA73A18EBAFA6A9ABAAD12A6BACB
:10163000D992B1BACFE5BCBADC05C8BA58EDD2BA76
:101640009E96DDBA14FCE7BA2F18F2BA71E5FBBA20
:1016500037AF02BBEA3E07BB309F0BBB79CD0FBB58
:1016600041C713BB148A17BB91131BBB67611EBB19
:101670005B7121BB454124BB16CF26BBD41829BBC7
:101680009F1C2BBBB0D82CBB5C4B2EBB15732FBB48
:10169000674E30BBFFDB30BBA81A31BB4D0931BBF5
:1016A000FCA630BBE2F22FBB4FEC2EBBB9922DBB98
:1016B000B7E52BBB05E529BB869027BB42E824BBD9
:1016C00065EC21BB459D1EBB5CFB1ABB4B0717BBE2
:1016D000DEC112BB032C0EBBD24609BB8C1304BB6C
:1016E0002C27FDBAFB90F1BAEE67E5BABAAFD8BACB
:1016F000606CCBBA2DA2BDBAB755AFBADF8BA0BA1A
:10170000CA4991BAE79481BACBE562BA75D341BAB6
:1017100033FF1FBAD4EBFAB9F389B4B9CBE859B99E
:10172000AF1E91B8947B953862C25F395E20BB3999
:10173000727E033A48AB293A5006503AE07E763A38
:1017400009828E3A64C2A13AD8F7B43AAB19C83AC2
:101750000F1FDB3A2BFFED3A8F58003BFE95093BFC
:1017600070B3123B71AC1B3B937C243B6A1F2D3B37
:101770009590353BBBCB3D3B90CC453BD48E4D3B10
:10178000590E553B02475C3BC634633BB3D3693BC0
:10179000EE1F703BB815763B6BB17B3BC277803B4D
:1017A0004EE6823BB722853B6F2B873BF8FE883B9A
:1017B000E99B8A3BED008C3BC62C8D3B4A1E8E3B41
:1017C00067D48E3B224E8F3B9C8A8F3B09898F3B8F
:1017D000BD488F3B21C98E3BBC098E3B310A8D3BF6
:1017E0003BCA8B3BB5498A3B9688883BF186863B52
:1017F000F544843BF2C2813BA7027E3B4401783B27
:101800000B83713B86896A3B7B16633BED2B5B3B0D
:1018100018CC523B74F9493BB4B6403BC406373B45
:10182000C9EC2C3B216C223B6188173B54450C3B97
:10183000FBA6003B1663E93AD6D2D03A65A6B73A82
:1018400056E79D3A929F833AC0B2513AAE3E1B3A58
:101850008AF1C739C0DD2F3922E54AB8F6C18BB904
:101860000B11FFB9778C39BAEAD373BACB2297BA86
:10187000EF63B4BA6AA0D1BA27CBEEBA7AEB05BB54
:10188000455B14BB4AAE22BBD7DD30BB3BE33EBB5E
:10189000C4B74CBBC4545ABB97B367BB9FCD74BB92
:1018A00027CE80BB920C87BBDC1E8DBBDB0193BBBC
:1018B00070B298BB8C2D9EBB3270A3BB7177A8BB56
:1018C0007040ADBB68C8B1BBA70CB6BB940ABABB2D
:1018D000AEBFBDBB8F29C1BBE945C4BB9012C7BB1E
:1018E000708DC9BB99B4CBBB3986CDBBA100CFBB32
:1018F0004222D0BBB3E9D0BBB055D1BB1965D1BB37
:10190000F516D1BB736AD0BBE95ECFBBD6F3CDBBB6
:10191000E428CCBBE5FDC9BBD672C7BBDF87C4BB1F
:10192000543DC1BBB593BDBBAB8BB9BB0D26B5BB9D
:10193000DF63B0BB4E46ABBBB6CEA5BB9DFE9FBB27
:10194000B4D799BBD95B93BB138D8CBB946D85BB0E
:101950006DFF7BBB028C6CBB3E865CBBCCF34BBB90
:10196000A0DA3ABBFC4029BB6C2D17BBC1A604BB57
:101970002568E3BA70B9BCBA965095BA837A5ABA58
:10198000231F09BA8CC05AB99D84E538B0C0E1392B
:10199000CCBB453A768F8D3A8F72B83A9D74E33A54
:1019A0006A41073B17C51C3BBE3B323BB49B473BE0
:1019B00041DB5C3BA1F0713B0669833BDCBA8D3BAC
:1019C000EEE8973B5EEEA13B50C6AB3BF46BB53BFC
:1019D00081DABE3B3D0DC83B7BFFD03BA1ACD93B80
:1019E0002610E23B9825EA3B9DE8F13BF354F93B96
:1019F0003B33003C908C033C85B4063C37A9093C42
:101A0000D7680C3CA9F10E3C0242113C5058133CE3
:101A10001433153CE8D0163C7C30183C9A50193CE5
:101A200023301A3C15CE1A3C85291B3CA6411B3C91
:101A3000C7151B3C52A51A3CD0EF193CE5F4183CE5
:101A400055B4173C032E163CED61143C3550123C46
:101A500019F90F3CF85C0D3C4F7C0A3CBB57073C26
:101A6000FBEF033CEB45003C11B5F83BDD5DF03B83
:101A7000B288E73B4438DE3B856FD43BA531CA3B97
:101A80000E82BF3B6664B43B8CDCA83B98EE9C3B6B
:101A9000DA9E903BD7F1833B93D86D3B3D26533B79
:101AA000E7D6373B2EF51B3B0D18FF3A7B4DC53A69
:101AB000E7A18A3A585A1E3ACE3D1839D6D5A6B96A
:101AC000CFE14DBAAC90A4BA657AE2BAAC4910BB8A
:101AD00037602FBB24734EBBA5746DBB682B86BBD0
:101AE000D48595BB90C2A4BB94DAB3BBD4C6C2BBA9
:101AF0004880D1BBEEFFDFBBCB3EEEBBF135FCBB7C
:101B000040EF04BCD4980BBC5A1412BC825E18BCC3
:101B100009741EBCBC5124BC7AF429BC34592FBCB6
:101B2000ED7C34BCC25C39BCE2F53DBC974542BC9F
:101B3000464946BC6DFE49BCA7624DBCB07350BC63
:101B40005F2F53BCAE9355BCB99E57BCBD4E59BC1C
:101B50001EA25ABC61975BBC362D5CBC70625CBC3B
:101B60000C365CBC2EA75BBC25B55ABC6B5F59BC60
:101B7000A2A557BC9A8755BC4D0553BCE31E50BC6B
:101B8000AFD44CBC332749BC1C1745BC46A540BC50
:101B9000B9D23BBCAAA036BC7E1031BCC3232BBC3F
:101BA00037DC24BCC33B1EBC7C4417BCA3F80FBC71
:101BB000A35A08BC116D00BC5C65F0BBC15CDFBB07
:101BC00072C6CDBBDBA8BBBBB50AA9BB01F395BBF5
:101BD0000A6982BBB4E85CBB843934BB9ED40ABBBF
:101BE0002895C1BAB0B158BA57B930B96C18023A91
:101BF000E6EC983AD265F13AA628253B88C4513BD9
:101C000031737E3B8490953B22DDAB3B7B15C23B21
:101C1000872FD83B3221EE3B32F0013C7FB10C3CA8
:101C2000724F173C01C5213C270D2C3CE522363C68
:101C30004801403C67A3493C6A04533C871F5C3C15
:101C400008F0643C4C716D3CCA9E753C11747D3C3F
:101C50006776823C6502863CF75B893C24818C3C3C
:101C600003708F3CC026923C9AA3943CE5E4963CDA
:101C70000CE9983C91AE9A3C0C349C3C2F789D3CEE
:101C8000C6799E3CB6379F3C00B19F3CBFE49F3C69
:101C90002CD29F3C9D789F3C84D79E3C73EE9D3C0C
:101CA0001ABD9C3C46439B3CE580993C0676973C9C
:101CB000D622953CA287923CDAA48F3C0B7B8C3CCD
:101CC000E60A893C3A55853CF95A813C673A7A3CA8
:101CD000363A713C04B8673CB5B65D3C6B39533C51
:101CE0008843483CABD83C3CB1FC303CB1B3243CCD
:101CF000FE01183C22EC0A3CC4EDFA3B6D4EDF3B82
:101D00009C04C33B141BA63BF99C883B9E2B553B74
:101D1000E622183B6370B43A6824DC398A790FBA3A
:101D2000CEACC7BAC24824BB3B1A65BB931793BB62
:101D3000B6B5B3BB5159D4BB01F4F4BBA3BB0ABCC9
:101D40003EEA1ABC78FE2ABCEDF03ABC35BA4ABC71
:101D5000E3525ABC90B369BCD4D478BCAAD783BC34
:101D6000DE1D8BBC633992BCA12699BC07E29FBCE7
:101D70001368A6BC4FB5ACBC54C6B2BCCD97B8BCBA
:101D80007826BEBC246FC3BCBA6EC8BC3722CDBC9B
:101D9000B286D1BC5C99D5BC8357D9BC91BEDCBCA2
:101DA0000FCCDFBCA57DE2BC1FD1E4BC6AC4E6BC9D
:101DB0009755E8BCDC82E9BC974AEABC4CABEABC6C
:101DC000A8A3EABC8232EABCDA56E9BCDF0FE8BC61
:101DD000E85CE6BC7C3DE4BC4EB1E1BC42B8DEBC94
:101DE0006752DBBCFF7FD7BC7B41D3BC7A97CEBCAC
:101DF000CF82C9BC7C04C4BCB31DBEBCD9CFB7BCA8
:101E0000821CB1BC7405AABCA48CA2BC3AB49ABC16
:101E10008B7E92BC1DEE89BCA50581BC0C906FBC6D
:101E2000A2705CBC88B348BC915F34BCE87B1FBC2B
:101E30000B100ABC9747E8BB937EBBBBE7D58DBBB5
:101E400006BE3EBBA8AFC0BA2C4F1EB7D190C03A59
:101E50003835423B0B80923B0C40C43BC345F63BBC
:101E6000F83D143C7D662D3C7C91463CDBB35F3CE9
:101E70005EC2783CD8D8883C303B953C7682A13C09
:101E8000E1A8AD3CA4A8B93CEC7BC53CEA1CD13C24
:101E9000CD85DC3CCAB0E73C1D98F23C0B36FD3CDE
:101EA00072C2033D84BF083D738F0D3D802F123DEC
:101EB000F89C163D33D51A3D97D51E3D999B223D82
:101EC000BC24263D976E293DD1762C3D243B2F3DE9
:101ED00061B9313D6FEF333D48DB353D037B373D25
:101EE000CCCC383DEECE393DCC7F3A3DE5DD3A3DB8
:101EF000D7E73A3D609C3A3D59FA393DBF00393D3C
:101F0000AEAE373D6503363D46FE333DD49E313D92
:101F1000BAE42E3DC5CF2B3DE75F283D3B95243DE0
:101F20000070203D9DF01B3DA117173DC0E5113D00
:101F3000DA5B0C3DF57A063D4044003D2672F33CE9
:101F4000DFB5E53CFD56D73C2659C83C51C0B83CEE
:101F5000C790A83C22CF973C4C80863C0153693CFB
:101F600092A0443CFDF41E3C1EB9F03B5AC8A13B74
:101F70005465223BD6CFEBB79AEB28BBE94CA9BB03
:101F8000A951FFBBC2312BBC713057BCCCC981BC3D
:101F9000B92498BCDD9FAEBCE131C5BC33D1DBBCFC
:101FA0000C74F2BC398804BD1FCE0FBD8C061BBD5E
:101FB000402C26BDE53931BD162A3CBD5AF746BD39
:101FC0002A9C51BDF1125CBD0D5666BDD45F70BD3B
:101FD0008F2A7ABD42D881BDF87586BD87EB8ABD50
:101FE0000C368FBDA25293BD663E97BD77F69ABD63
:101FF000F6779EBD07C0A1BDD3CBA4BD8998A7BD70
:102000005B23AABD8669ACBD4C68AEBDFA1CB0BDF1
:10201000E584B1BD6E9DB2BD0164B3BD16D6B3BD3E
:1020200032F1B3BDEBB2B3BDE118B3BDC820B2BD50
:1020300064C8B0BD870DAFBD1AEEACBD1668AABDB1
:102040008979A7BD9420A4BD6E5BA0BD64289CBD0A
:10205000DB8597BD4B7292BD48EC8CBD7CF286BD92
:10206000AB8380BD653D73BD118564BD7DDC54BD12
:10207000034244BD33B432BDD13120BDDFB90CBD04
:102080002697F0BCBDCCC5BCDA1399BC8FD854BC24
:102090001659E7BB56516ABAEE76B43BD2F1463CCC
:1020A000E3BC9B3C15E7D53C3BFA083DC3F0273D1C
:1020B00026D5473D2DA5683D332F853D137F963DA1
:1020C000C340A83DB372BA3D3713CD3D8620E03DF5
:1020D000BE98F33DEFBC033EE6E00D3E2A37183EC6
:1020E00093BE223EEF752D3EFB5B383E6C6F433E48
:1020F000EAAE4E3E11195A3E71AC653E9267713E92
:10210000EF487D3E7DA7843E0EBC8A3E5AE1903E5C
:102110008B16973EC95A9D3E37ADA33EF30CAA3E9F
:102120001A79B03EC4F0B63E0673BD3EF3FEC33E20
:102130009A93CA3E0A30D13E4DD3D73E6E7CDE3EE6
:10214000742AE53E67DCEB3E4C91F23E2848F93EAE
:102150000000003FEC5B033F5AB7063FCD110A3F3A
:10216000C66A0D3FC9C1103F5916143FFB67173FA0
:1021700033B61A3F86001E3F7D46213F9E87243F8F
:1021800073C3273F86F92A3F65292E3F9B52313F73
:10219000BA74343F538F373FF9A13A3F41AC3D3FCA
:1021A000C4AD403F1BA6433FE494463FBC79493F42
:1021B00045544C3F25244F3F01E9513F84A2543FF1
:1021C0005B50573F36F2593FC6875C3FC4105F3FB4
:1021D000E88C613FEFFB633F995D663FAAB1683FC2
:1021E000E8F76A3F1E306D3F1A5A6F3FAD75713F79
:1021F000AE82733FF480753F5C70773FC750793F84
:1022000019227B3F39E47C3F12977E3F4A1D803F75
:1022100059E7803FB1A9813F4F64823F3317833F25
:102220005DC2833FCF65843F8F01853FA295853F87
:102230001022863FE4A6863F2824873FEB99873FFC
:102240003B08883F286F883FC5CE883F2527893FB8
:102250005E78893F86C2893FB7058A3F09428A3F37
:1022600099778A3F81A68A3FE2CE8A3FD8F08A3F9B
:10227000860C8B3F0D228B3F8E318B3F2F3B8B3F4C
:10228000133F8B3F613D8B3F40368B3FD7298B3FC0
:102290004E188B3FD0018B3F85E68A3F98C68A3F18
:1022A00036A28A3F89798A3FBD4C8A3F001C8A3F0B
:1022B0007FE7893F67AF893FE673893F2A35893FCA
:1022C00061F3883FB8AE883F6067883F841D883FD0
:1022D00054D1873FFF82873FB032873F98E0863FE7
:1022E000E18C863FBB37863F51E1853FCF89853FF3
:1022F0006231853F34D8843F717E843F4224843FDD
:10230000D0C9833F456F833FC814833F7FBA823F64
:102310009360823F2707823F61AE813F6356813FD2
:1023200052FF803F4DA9803F7654803FEC00803FB4
:102330009B5D7F3F6FBC7E3F8E1E7E3F2C847D3F2A
:102340007EED7C3FB45A7C3FFECB7B3F87417B3F99
:102350007ABB7A3FFD397A3F37BD793F4845793FAF
:1023600051D2783F6F64783FBCFB773F5198773FFD
:10237000423A773FA4E1763F868E763FF640763F3D
:1023800000F9753FACB6753F027A753F0443753F5F
:10239000B411753F13E6743F1CC0743FCA9F743F6D
:1023A0001585743FF46F743F5A60743F3A56743F1A
:1023B0008351743F2252743F0358743F1163743F3A
:1023C0003373743F5088743F4CA2743F09C1743F0B
:1023D0006AE4743F4E0C753F9338753F1769753F3B
:1023E000B49D753F46D6753FA712763FAD52763FF6
:1023F0003196763F08DD763F0927773F0874773FAF
:10240000D9C3773F5016783F3F6B783F7AC2783F09
:10241000D21B793F1977793F21D4793FBB327A3F7C
:10242000B9927A3FECF37A3F27567B3F39B97B3F2D
:10243000F71C7C3F31817C3FBAE57C3F664A7D3F9B
:1024400008AF7D3F74137E3F80777E3F00DB7E3F89
:10245000CB3D7F3FB89F7F3F4F00803F2C30803F78
:102460005F5F803FD68D803F7FBB803F48E8803FE5
:102470002014813FF83E813FBF68813F6791813FD3
:10248000E1B8813F20DF813F1704823FB827823FB8
:10249000FA49823FD16A823F338A823F16A8823F3F
:1024A00072C4823F3FDF823F77F8823F1210833F42
:1024B0000B26833F5E3A833F064D833F005E833F9A
:1024C0004A6D833FE17A833FC586833FF690833F21
:1024D0007499833F3FA0833F5BA5833FCAA8833F96
:1024E0008FAA833FADAA833F2AA9833F0BA6833FD0
:1024F00056A1833F129B833F4593833FF789833FD8
:10250000307F833FFA72833F5E65833F6556833F2A
:102510001B46833F8934833FBB21833FBD0D833FEF
:102520009AF8823F5FE2823F19CB823FD5B2823F69
:10253000A099823F887F823F9B64823FE648823F2A
:10254000772C823F5F0F823FAAF1813F67D3813FA3
:10255000A6B4813F7495813FE275813FFD55813F6F
:10256000D435813F7715813FF4F4803F59D4803FC3
:10257000B6B3803F1893803F8D72803F2452803FD6
:10258000EB31803FEF11803F7BE47F3FC8A57F3F69
:10259000DD677F3FD42A7F3FC6EE7E3FCAB37E3FD2
:1025A000F7797E3F63417E3F240A7E3F4FD47D3FD3
:1025B000F89F7D3F316D7D3F0D3C7D3F9D0C7D3F04
:1025C000F2DE7C3F1AB37C3F25897C3F20617C3F53
:1025D000173B7C3F16177C3F28F57B3F56D57B3F4A
:1025E000A9B77B3F289C7B3FD9827B3FC36B7B3F56
:1025F000E9567B3F50447B3FF9337B3FE6257B3FE9
:10260000171A7B3F8C107B3F44097B3F3B047B3F89
:102610006F017B3FDA007B3F78027B3F42067B3FC6
:10262000320C7B3F3F147B3F601E7B3F8B2A7B3FFE
:10263000B8387B3FD9487B3FE35A7B3FCA6E7B3F2C
:1026400080847B3FF79B7B3F20B57B3FEDCF7B3F7B
:102650004DEC7B3F300A7C3F85297C3F3B4A7C3FE9
:10266000406C7C3F828F7C3FEEB37C3F72D97C3FD5
:10267000FBFF7C3F74277D3FCB4F7D3FEC787D3F58
:10268000C2A27D3F3ACD7D3F3FF87D3FBE237E3FD6
:10269000A14F7E3FD57B7E3F46A87E3FDFD47E3F65
:1026A0008D017F3F3B2E7F3FD75A7F3F4D877F3F36
:1026B0008AB37F3F7ADF7F3F8605803F161B803FCE
:1026C0006530803F6A45803F1D5A803F746E803F71
:1026D0006982803FF395803F0BA9803FA9BB803F73
:1026E000C6CD803F5DDF803F65F0803FDA00813FEF
:1026F000B510813FF11F813F892E813F773C813F9B
:10270000B849813F4856813F2162813F416D813FF9
:10271000A577813F4B81813F2E8A813F4E92813F39
:10272000A999813F3EA0813F0BA6813F0FAB813F1E
:102730004BAF813FBFB2813F6AB5813F4EB7813F0A
:102740006CB8813FC5B8813F5AB8813F2FB7813FF0
:1027500044B5813F9DB2813F3DAF813F27AB813F73
:102760005FA6813FE7A0813FC59A813FFD93813FEE
:10277000938C813F8B84813FEC7B813FBA72813F98
:10278000FA68813FB25E813FE953813FA348813FB0
:10279000E83C813FBD30813F2924813F3217813F92
:1027A000DE09813F36FC803F3FEE803F00E0803F06
:1027B00080D1803FC7C2803FDBB3803FC3A4803F4E
:1027C0008695803F2B86803FBA76803F3A67803F70
:1027D000B057803F2548803F9F38803F2429803F65
:1027E000BC19803F6D0A803F7CF67F3F69D87F3FF0
:1027F000AFBA7F3F599D7F3F74807F3F0B647F3F1F
:1028000029487F3FDA2C7F3F27127F3F1CF87E3F0D
:10281000C2DE7E3F23C67E3F47AE7E3F37977E3F78
:10282000FC807E3F9D6B7E3F21577E3F8F437E3FE6
:10283000EF307E3F441F7E3F960E7E3FE8FE7D3F99
:1028400040F07D3FA1E27D3F0FD67D3F8CCA7D3FAA
:102850001CC07D3FBFB67D3F78AE7D3F48A77D3F22
:102860002FA17D3F2C9C7D3F41987D3F6B957D3F07
:10287000A9937D3FF9927D3F5A937D3FC8947D3F58
:102880003F977D3FBE9A7D3F3E9F7D3FBCA47D3FED
:1028900034AB7D3F9FB27D3FF8BA7D3F39C47D3F69
:1028A0005DCE7D3F5BD97D3F2EE57D3FCEF17D3F07
:1028B00033FF7D3F560D7E3F2F1C7E3FB52B7E3F65
:1028C000E03B7E3FA74C7E3F015E7E3FE66F7E3F52
:1028D0004B827E3F28957E3F73A87E3F23BC7E3F80
:1028E0002ED07E3F8AE47E3F2EF97E3F0F0E7F3F43
:1028F00025237F3F64387F3FC44D7F3F3B637F3F4D
:10290000BF787F3F468E7F3FC7A37F3F38B97F3F69
:1029100091CE7F3FC8E37F3FD4F87F3FD606803F0C
:102920002411803F4F1B803F5425803F2E2F803F36
:10293000DA38803F5342803F974B803FA154803F1D
:102940006D5D803FFA65803F436E803F4676803FF5
:10295000007E803F6E85803F8D8C803F5C93803F02
:10296000D899803FFF9F803FCFA5803F46AB803FF7
:1029700064B0803F26B5803F8CB9803F94BD803FD6
:102980003DC1803F88C4803F73C7803FFEC9803F00
:1029900029CC803FF4CD803F5FCF803F6AD0803F1D
:1029A00017D1803F65D1803F56D1803FEAD0803F2C
:1029B00022D0803F01CF803F86CD803FB5CB803F86
:1029C0008DC9803F13C7803F46C4803F2AC1803FE6
:1029D000C0BD803F0BBA803F0DB6803FC8B1803F7D
:1029E00040AD803F77A8803F70A3803F2E9E803F00
:1029F000B298803F0293803F1F8D803F0D87803FBC
:102A0000CE80803F677A803FDA73803F2A6D803FB7
:102A10005C66803F725F803F6F58803F5751803FB8
:102A20002E4A803FF642803FB33B803F6834803F70
:102A3000192D803FC925803F7A1E803F3217803F85
:102A4000F10F803FBC08803F9601803F02F57F3F39
:102A500002E77F3F30D97F3F93CB7F3F30BE7F3F40
:102A60000CB17F3F2DA47F3F97977F3F4E8B7F3FD9
:102A7000597F7F3FBB737F3F78687F3F945D7F3F87
:102A800013537F3FF9487F3F493F7F3F07367F3FE2
:102A9000342D7F3FD4247F3FEA1C7F3F76157F3F54
:102AA0007D0E7F3FFF077F3FFD017F3F7AFC7E3F2A
:102AB00076F77E3FF2F27E3FEFEE7E3F6DEB7E3F9C
:102AC0006CE87E3FECE57E3FEDE37E3F6EE27E3FCD
:102AD0006FE17E3FEEE07E3FEBE07E3F64E17E3FD4
:102AE00057E27E3FC3E37E3FA6E57E3FFEE77E3FA3
:102AF000C8EA7E3F02EE7E3FA9F17E3FBBF57E3FF6
:102B000033FA7E3F10FF7E3F4F047F3FEA097F3F4D
:102B1000E00F7F3F2C167F3FCB1C7F3FB9237F3FC9
:102B2000F22A7F3F71327F3F333A7F3F34427F3F0B
:102B30006F4A7F3FE1527F3F835B7F3F54647F3F1B
:102B40004D6D7F3F6A767F3FA77F7F3F00897F3F44
:102B500070927F3FF39B7F3F84A57F3F1FAF7F3FF6
:102B6000BFB87F3F60C27F3FFECB7F3F95D57F3FA1
:102B700020DF7F3F9CE87F3F04F27F3F54FB7F3F95
:102B80004402803FCF06803F490B803FAF0F803F1C
:102B90000014803F3A18803F5D1C803F6520803FD5
:102BA0005224803F2328803FD52B803F692F803FD0
:102BB000DB32803F2C36803F5A39803F643C803F77
:102BC0004A3F803F0A42803FA344803F1647803FF0
:102BD0006149803F844B803F7E4D803F4F4F803F17
:102BE000F650803F7452803FC853803FF354803F7B
:102BF000F355803FC956803F7657803FF957803F55
:102C00005358803F8558803F8D58803F6E58803F95
:102C10002758803FBA57803F2657803F6C56803FE9
:102C20008E55803F8C54803F6853803F2152803FB7
:102C3000B950803F314F803F8A4D803FC54B803F28
:102C4000E449803FE747803FD045803F9F43803F36
:102C50005841803FF93E803F863C803FFF39803FAE
:102C60006637803FBB34803F0132803F392F803F41
:102C7000652C803F8529803F9B26803FA823803F8D
:102C8000AF20803FB01D803FAD1A803FA717803F27
:102C90009F14803F9811803F910E803F8D0B803FA5
:102CA0008E08803F9305803F9F02803F65FF7F3FF6
:102CB0009FF97F3FECF37F3F50EE7F3FCCE87F3FB3
:102CC00063E37F3F17DE7F3FEAD87F3FDED37F3F5E
:102CD000F4CE7F3F2ECA7F3F8FC57F3F17C17F3F16
:102CE000C8BC7F3FA3B87F3FAAB47F3FDEB07F3F21
:102CF00040AD7F3FD1A97F3F92A67F3F83A37F3F17
:102D0000A6A07F3FFB9D7F3F829B7F3F3C997F3FFB
:102D10002A977F3F4B957F3FA0937F3F28927F3F2D
:102D2000E4907F3FD48F7F3FF78E7F3F4D8E7F3F74
:102D3000D58D7F3F908D7F3F7C8D7F3F998D7F3FED
:102D4000E68D7F3F628E7F3F0D8F7F3FE58F7F3F18
:102D5000EA907F3F1B927F3F75937F3FF9947F3FBF
:102D6000A5967F3F77987F3F6E9A7F3F899C7F3FF4
:102D7000C69E7F3F24A17F3FA2A37F3F3DA67F3F0A
:102D8000F4A87F3FC6AB7F3FB1AE7F3FB3B17F3F7B
:102D9000CAB47F3FF5B77F3F32BB7F3F80BE7F3FE6
:102DA000DDC17F3F46C57F3FBBC87F3F39CC7F3FFA
:102DB000BECF7F3F4AD37F3FDBD67F3F6EDA7F3F78
:102DC00002DE7F3F96E17F3F28E57F3FB6E87F3F09
:102DD0003EEC7F3FC0EF7F3F3AF37F3FAAF67F3F55
:102DE0000FFA7F3F67FD7F3F5900803FF701803F2B
:102DF0008C03803F1905803F9D06803F1708803F68
:102E00008609803FEB0A803F440C803F920D803F53
:102E1000D30E803F0810803F3011803F4B12803F1F
:102E20005813803F5814803F4915803F2D16803F2E
:102E30000117803FC817803F8018803F2919803FC5
:102E4000C319803F4E1A803FCB1A803F381B803F0A
:102E5000971B803FE71B803F281C803F5B1C803F07
:102E6000801C803F961C803F9E1C803F991C803FA9
:102E7000861C803F651C803F381C803FFE1B803FC6
:102E8000B71B803F641B803F061B803F9C1A803F1E
:102E9000271A803FA719803F1D19803F8A18803F5D
:102EA000ED17803F4717803F9816803FE215803F1F
:102EB0002415803F5F14803F9313803FC112803FF1
:102EC000E911803F0C11803F2B10803F450F803F60
:102ED0005B0E803F6E0D803F7E0C803F8C0B803FF1
:102EE000980A803FA309803FAD08803FB607803F26
:102EF000C006803FCA05803FD404803FE003803F86
:102F0000EE02803FFE01803F1001803F2500803FA0
:102F10007BFE7F3FB3FC7F3FF3FA7F3F3BF97F3F70
:102F20008DF77F3FE8F57F3F4EF47F3FBFF27F3F55
:102F30003BF17F3FC3EF7F3F57EE7F3FF9EC7F3F91
:102F4000A7EB7F3F63EA7F3F2DE97F3F05E87F3FA7
:102F5000EBE67F3FE0E57F3FE4E47F3FF7E37F3F41
:102F60001AE37F3F4BE27F3F8CE17F3FDDE07F3F15
:102F70003CE07F3FACDF7F3F2ADF7F3FB8DE7F3F13
:102F800055DE7F3F01DE7F3FBDDD7F3F87DD7F3F39
:102F90005FDD7F3F46DD7F3F3BDD7F3F3EDD7F3FA7
:102FA0004FDD7F3F6CDD7F3F97DD7F3FCEDD7F3F95
:102FB00012DE7F3F61DE7F3FBCDE7F3F22DF7F3F4F
:102FC00093DF7F3F0DE07F3F92E07F3F20E17F3F37
:102FD000B7E17F3F56E27F3FFDE27F3FACE37F3FBB
:102FE00061E47F3F1DE57F3FE0E57F3FA7E67F3F50
:102FF00074E77F3F45E87F3F1AE97F3FF3E97F3F72
:10300000CFEA7F3FAEEB7F3F8FEC7F3F71ED7F3F9D
:1030100055EE7F3F39EF7F3F1EF07F3F03F17F3F4B
:10302000E7F17F3FCAF27F3FACF37F3F8CF47F3FF5
:103030006AF57F3F46F67F3F1FF77F3FF4F77F3FFC
:10304000C6F87F3F95F97F3F5FFA7F3F25FB7F3FC3
:10305000E6FB7F3FA2FC7F3F59FD7F3F0BFE7F3F9A
:10306000B8FE7F3F5EFF7F3FFFFF7F3F4D00803F09
:103070009700803FDE00803F2101803F6201803F5A
:103080009F01803FD901803F0F02803F4202803F75
:103090007202803F9E02803FC702803FED02803F68
:1030A0000F03803F2E03803F4903803F6103803F31
:1030B0007603803F8803803F9703803FA203803FD1
:1030C000AB03803FB003803FB303803FB303803F37
:1030D000B003803FAB03803FA303803F9903803F51
:1030E0008C03803F7D03803F6C03803F5803803F0B
:1030F0004303803F2C03803F1303803FF802803F4F
:10310000DC02803FBF02803FA002803F8002803F00
:103110005E02803F3C02803F1902803FF501803F04
:10312000D001803FAA01803F8401803F5E01803F43
:103130003701803F1001803FE900803FC200803F9F
:103140009B00803F7400803F4D00803F2600803F01
:103150000000803F0000000000000000717D0000C2
:103160000000000000000000016A000000000000F4
:103170000000000049740000098700000587000076
:1031800001870000FD860000F9860000F58600003A
:10319000F186000000000000000000003D67000014
:1031A000D164000035680000D56400006D67000040
:1031B000000000000000000089940000B5940000A9
:1031C0004574000085940000419400004D94000077
:1031D0006D9400000000000000000000416200004B
:1031E000DD6D0000E16D0000E96D0000F16D000093
:1031F000A2000000F9A2000083F9A2006E83F9A2E8
:103200004E6E83F9444E6E8315444E6E2915444E1E
:10321000FC29154427FC29155727FC29D15727FCE1
:10322000F5D1572734F5D157DD34F5D1C0DD34F56C
:10323000DBC0DD3462DBC0DD9562DBC0999562DB0B
:103240003C999562433C999590433C994190433C0D
:103250003863ED3EDA0F493F5E987B3FDA0FC93F96
:103260006937AC3168212233B40F14336821A2339B
:1032700000000042C8801F40B8821F4008000000C4
:1032800000000042C4801F40B4821F4004000000C0
:1032900000C0004224801F4014821F401000000024
:1032A00000C0004228801F4018821F4020000000FC
:1032B00000C000422C801F401C821F4040000000C4
:1032C00000C0004234801F4024821F4000010000E3
:1032D0000040004264811F4054831F4000040000EE
:1032E0000040004280811F4070831F4000000200A8
:1032F000004000427C811F406C831F4000000100A1
:103300000040004268811F4058831F4000080000B1
:10331000004000423C811F402C831F400100000000
:103320000040004244811F4034831F4004000000DD
:103330000040004240811F4030831F4002000000D7
:103340000040004248811F4038831F4008000000B1
:103350000000004204811F40F4821F40000004006E
:103360000000004208811F40F8821F400000080052
:103370000000004218811F4008831F4000008000A9
:103380000000004214811F4004831F4000004000E1
:103390000000004200811F40F0821F400000020038
:1033A00000000042FC801F40EC821F400000010032
:1033B0000000004224811F4014831F4000000004CD
:1033C0000000004228811F4018831F4000000008B1
:1033D000000000421C811F400C831F4000000001C0
:1033E0000000004220811F4010831F4000000002A7
:1033F00000000042EC801F40DC821F4000100000F3
:1034000000000042F0801F40E0821F4000200000CA
:103410000000004234811F4024831F400000004010
:103420000000004238811F4028831F4000000080B8
:103430000080004294801F4084821F4000000400EE
:1034400000C0004290801F4080821F40000000802A
:1034500000800042A8801F4098821F40000080002A
:1034600000800042A4801F4094821F400000400062
:10347000004000426C811F405C831F400010000030
:1034800000C0004230801F4020821F4080000000AA
:1034900000400042B0811F40A0831F400000002078
:1034A00000400042AC811F409C831F400000001080
:1034B0000040004284811F4074831F4000000400CC
:1034C0000040004288811F4078831F4000000800B0
:1034D000000000422C811F401C831F400000001090
:1034E0000000004230811F4020831F400000002068
:1034F000000000420C811F40FC821F4000001000B1
:103500000000004210811F4000831F400000200087
:1035100000800042C8811F40B8831F400080000027
:1035200000800042C4811F40B4831F40004000005F
:1035300000800042C0811F40B0831F400020000077
:1035400000800042BC811F40AC831F40001000007F
:1035500000800042D0811F40C0831F400000020055
:1035600000800042CC811F40BC831F40000001004E
:1035700000C0004274801F4064821F4000000001B0
:1035800000C0004280801F4070821F400000000881
:1035900000C0004284801F4074821F400000001061
:1035A00000C000426C801F405C821F400000400051
:1035B00000C000427C801F406C821F40000000045D
:1035C00000C0004278801F4068821F400000000257
:1035D00000C0004288801F4078821F400000002009
:1035E0000400000007000000090000006261722072
:1035F000000000002F342020766F6963657320007F
:1036000020206370752000002520207065616B20EC
:103610000000000025000000000FC93F000F4940D6
:1036200000CB9640000FC9400053FB4000CB164131
:1036300000ED2F41000F49410031624100537B41B1
:10364000003A8A4100CB9641005CA34100EDAF41B6
:10365000007EBC41000FC94100A0D5410031E241CC
:1036600000C2EE410053FB4100F20342003A0A421D
:103670000083104200CB164200141D42005C23421E
:1036800000A5294200ED2F4200363642007E3C4222
:1036900000C74242000F4942776F726B73746174C6
:1036A000696F6E3A206D61726B6F76207461626C27
:1036B000652066756C6C2C206D656C6F6479206973
:1036C00073207472756E636174656400A2000000FB
:1036D000F9000000830000006E0000004E000000B2
:1036E000440000001500000029000000FC0000005C
:1036F0002700000057000000D1000000F500000086
:1037000034000000DD000000C0000000DB0000000D
:103710006200000095000000990000003C000000DD
:10372000430000009000000041000000FE00000087
:103730005100000063000000AB000000DE0000004C
:10374000BB000000C500000061000000B7000000E1
:10375000240000006E0000003A000000420000005B
:103760004D000000D2000000E00000000600000054
:10377000490000002E000000EA00000009000000DF
:10378000D1000000920000001C000000FE000000BC
:103790001D000000EB0000001C000000B100000054
:1037A00029000000A70000003E000000E800000023
:1037B0008200000035000000F50000002E0000002F
:1037C000BB0000004400000084000000E90000008D
:1037D0009C0000007000000026000000B400000003
:1037E0005F0000007E000000410000003900000082
:1037F00091000000D60000003900000083000000A6
:103800005300000039000000F40000009C0000009C
:10381000840000005F0000008B000000BD0000007D
:10382000F9000000280000003B0000001F0000001D
:10383000F800000097000000FF000000DE0000001C
:1038400005000000980000000F000000EF000000DD
:103850002F000000110000008B0000005A00000043
:103860000A0000006D0000001F0000006D00000055
:10387000360000007E000000CF000000270000009E
:10388000CB00000009000000B70000004F0000005E
:10389000460000003F000000660000009E0000009F
:1038A0005F000000EA0000002D000000750000002D
:1038B00027000000BA000000C7000000EB00000075
:1038C000E5000000F10000007B0000003D0000006A
:1038D0000700000039000000F70000008A00000027
:1038E0005200000092000000EA0000006B0000009F
:1038F000FB0000005F000000B10000001F0000009E
:103900008D0000005D00000008000000560000006F
:10391000030000003000000046000000FC00000032
:103920007B0000006B000000AB000000F000000016
:10393000CF000000BC000000200000009A00000042
:10394000F4000000360000001D000000A900000087
:10395000E300000091000000610000005E00000034
:10396000E60000001B0000000800000065000000E9
:1039700099000000850000005F00000014000000B6
:10398000A000000068000000400000008D00000062
:10399000FF000000D8000000800000004D00000083
:1039A0007300000027000000310000000600000046
:1039B000060000001500000056000000CA000000CC
:1039C00073000000A8000000C900000060000000B3
:1039D000E20000007B000000C00000008C0000003E
:1039E0006B00000000010000545C00201200000089
:1039F00000060000242200600A000000000200000F
:103A00008C2100609500000000070000F420006099
:103A10009500000000030000F0200060000000009E
:103A200001030904D820006000000000020309041B
:103A3000C02000600000000003030904745C002043
:103A40000000000000000000000000000000000076
:103A50000000000000000000F8D9032060DA032015
:103A6000C8DA032000000000000000000000000091
:103A70000000000000000000000000000000000046
:103A80000000000000000000000000000000000036
:103A90000000000000000000000000000000000026
:103AA0000000000000000000000000000000000016
:103AB0000000000000000000000000000000000006
:103AC00000000000000000000000000000000000F6
:103AD00000000000000000000000000000000000E6
:103AE00000000000000000000000000001000000D5
:103AF000000000000E33CDAB34126DE6ECDE0500A5
:103B00000B000000000000000000000000000000AA
:103B100000000000000000000000000000000000A5
:103B20000000000000000000000000000000000095
:103B30000000000000000000000000000000000085
:103B40000000000000000000000000000000000075
:103B50000000000000000000000000000000000065
:103B60000000000000000000000000000000000055
:103B7000000000000029DE07007B9A17584A002049
:103B800000000000E8030000000000009C4A002044
:103B900000000000E80300000000000000003F40BB
:103BA000D0220060000000000000000000000000C3
:103BB0000000000000000000000000000000000005
:103BC00000000000000000000000000000000000F5
:103BD00000000000000000000000000000000000E5
:103BE00000000000000000000000000000000000D5
:103BF00000000000000000000000000000000000C5
:103C000000000000000000000000000000000000B4
:103C100000000000000000000000000000000000A4
:103C20000000000000000000000000000000000094
:103C30000000000000000000000000000000000084
:103C40000000000000000000000000000000000074
:103C50000000000000000000000000000000000064
:103C60000000000000000000000000000000000054
:103C70000000000000000000000000000000000044
:103C80000000000000000000000000000000000034
:103C90000000000000000000000000000000000024
:103CA0000000000000000000000000000000000014
:103CB0000000000000000000000000000000000004
:103CC0000000000000000000000000009C4A0020EE
:103CD00000000000E80300000000000000803F40FA
:103CE00080220060000000000000000000000000D2
:103CF00000000000000000000000000000000000C4
:103D000000000000000000000000000000000000B3
:103D100000000000000000000000000000000000A3
:103D20000000000000000000000000000000000093
:103D30000000000000000000000000000000000083
:103D40000000000000000000000000000000000073
:103D50000000000000000000000000000000000063
:103D60000000000000000000000000000000000053
:103D70000000000000000000000000000000000043
:103D80000000000000000000000000000000000033
:103D90000000000000000000000000000000000023
:103DA0000000000000000000000000000000000013
:103DB0000000000000000000000000000000000003
:103DC00000000000000000000000000000000000F3
:103DD00000000000000000000000000000000000E3
:103DE00000000000000000000000000000000000D3
:103DF00000000000000000000000000000000000C3
:103E00000000000000000000000000009C4A0020AC
:103E100000000000E80300000000000000C03F4078
:103E200030220060000000000000000000000000E0
:103E30000000000000000000000000000000000082
:103E40000000000000000000000000000000000072
:103E50000000000000000000000000000000000062
:103E60000000000000000000000000000000000052
:103E70000000000000000000000000000000000042
:103E80000000000000000000000000000000000032
:103E90000000000000000000000000000000000022
:103EA0000000000000000000000000000000000012
:103EB0000000000000000000000000000000000002
:103EC00000000000000000000000000000000000F2
:103ED00000000000000000000000000000000000E2
:103EE00000000000000000000000000000000000D2
:103EF00000000000000000000000000000000000C2
:103F000000000000000000000000000000000000B1
:103F100000000000000000000000000000000000A1
:103F20000000000000000000000000000000000091
:103F30000000000000000000000000000000000081
:103F4000000000000000000000000000FFFFFFFF75
:103F5000BCD90320005F202000000000000000000A
:103F60000000000040580020405800204858002021
:103F70004858002050580020505800205858002021
:103F800058580020605800206058002068580020D1
:103F90006858002070580020705800207858002081
:103FA0007858002080580020805800208858002031
:103FB00088580020905800209058002098580020E1
:103FC00098580020A0580020A0580020A858002091
:103FD000A8580020B0580020B0580020B858002041
:103FE000B8580020C0580020C0580020C8580020F1
:103FF000C8580020D0580020D0580020D8580020A1
:10400000D8580020E0580020E0580020E858002050
:10401000E8580020F0580020F0580020F858002000
:10402000F8580020005900200059002008590020AD
:10403000085900201059002010590020185900205C
:10404000185900202059002020590020285900200C
:1040500028590020305900203059002038590020BC
:10406000385900204059002040590020485900206C
:10407000485900205059002050590020585900201C
:1040800058590020605900206059002068590020CC
:10409000685900207059002070590020785900207C
:1040A000785900208059002080590020885900202C
:1040B00088590020905900209059002098590020DC
:1040C00098590020A0590020A0590020A85900208C
:1040D000A8590020B0590020B0590020B85900203C
:1040E000B8590020C0590020C0590020C8590020EC
:1040F000C8590020D0590020D0590020D85900209C
:10410000D8590020E0590020E0590020E85900204B
:10411000E8590020F0590020F0590020F8590020FB
:10412000F8590020005A0020005A0020085A0020A8
:10413000085A0020105A0020105A0020185A002057
:10414000185A0020205A0020205A0020285A002007
:10415000285A0020305A0020305A0020385A0020B7
:10416000385A0020405A0020405A0020485A002067
:10417000485A0020505A0020505A0020585A002017
:10418000585A0020605A0020605A0020685A0020C7
:10419000685A0020705A0020705A0020785A002077
:1041A000785A0020805A0020805A0020885A002027
:1041B000885A0020905A0020905A0020985A0020D7
:1041C000985A0020A05A0020A05A0020A85A002087
:1041D000A85A0020B05A0020B05A0020B85A002037
:1041E000B85A0020C05A0020C05A0020C85A0020E7
:1041F000C85A0020D05A0020D05A0020D85A002097
:10420000D85A0020E05A0020E05A0020E85A002046
:10421000E85A0020F05A0020F05A0020F85A0020F6
:10422000F85A0020005B0020005B0020085B0020A3
:10423000085B0020105B0020105B0020185B002052
:10424000185B0020205B0020205B0020285B002002
:10425000285B0020305B0020305B0020385B0020B2
:10426000385B0020405B0020405B0020485B002062
:10427000485B0020505B0020505B0020585B002012
:10428000585B0020605B0020605B0020685B0020C2
:10429000685B0020705B0020705B0020785B002072
:1042A000785B0020805B0020805B0020885B002022
:1042B000885B0020905B0020905B0020985B0020D2
:1042C000985B0020A05B0020A05B0020A85B002082
:1042D000A85B0020B05B0020B05B0020B85B002032
:1042E000B85B0020C05B0020C05B0020C85B0020E2
:1042F000C85B0020D05B0020D05B0020D85B002092
:10430000D85B0020E05B0020E05B0020E85B002041
:10431000E85B0020F05B0020F05B0020F85B0020F1
:10432000F85B0020005C0020005C0020085C00209E
:10433000085C0020105C0020105C0020185C00204D
:10434000185C0020205C0020205C0020285C0020FD
:10435000285C0020305C0020305C0020385C0020AD
:10436000385C0020FFFFFFFF0000020038530020F0
:1043700012010002EF020140C0168904800201020E
:10438000030100000000803F6042A20D00000040D9
:104390000C0300000000000000000000000000000E
:1043A000000000000000000000000000000000000D
:1043B00000000000000000000000000000000000FD
:1043C00000000000000000000000000000000000ED
:1043D00000000000000000000000000000000000DD
:1043E00000000000000000000000000000000000CD
:1043F00000000000000000000000000000000000BD
:1044000000000000000000000000000000000000AC
:10441000000000000000000000000000000000009C
:10442000000000000000000000000000000000008C
:10443000000000000000000000000000000000007C
:10444000000000000000000000000000000000006C
:10445000000000000000000000000000000000005C
:10446000000000000000000000000000000000004C
:10447000000000000000000000000000000000003C
:10448000000000000000000000000000000000002C
:10449000000000000000000000000000000000001C
:1044A000000000000000000000000000000000000C
:1044B00000000000000000000000000000000000FC
:1044C00000000000000000000000000000000000EC
:1044D00000000000000000000000000000000000DC
:1044E00000000000000000000000000000000000CC
:1044F00000000000000000000000000000000000BC
:1045000000000000000000000000000000000000AB
:10451000000000000000000000000000000000009B
:10452000000000000000000000000000000000008B
:10453000000000000000000000000000000000007B
:10454000000000000000000000000000000000006B
:10455000000000000000000000000000000000005B
:10456000000000000000000000000000000000004B
:10457000000000000000000000000000000000003B
:10458000000000000000000000000000000000002B
:10459000000000000000000000000000000000001B
:1045A000000000000000000000000000000000000B
:1045B00000000000000000000000000000000000FB
:1045C00000000000000000000000000000000000EB
:1045D00000000000000000000000000000000000DB
:1045E00000000000000000000000000000000000CB
:1045F00000000000000000000000000000000000BB
:1046000000000000000000000000000000000000AA
:10461000000000000000000000000000000000009A
:10462000000000000000000000000000000000008A
:10463000000000000000000000000000000000007A
:10464000000000000000000000000000000000006A
:10465000000000000000000000000000000000005A
:10466000000000000000000000000000000000004A
:10467000000000000000000000000000000000003A
:10468000000000000000000000000000000000002A
:10469000000000000000000000000000000000001A
:1046A000000000000000000000000000000000000A
:1046B00000000000000000000000000000000000FA
:1046C00000000000000000000000000000000000EA
:1046D00000000000000000000000000000000000DA
:1046E00000000000000000000000000000000000CA
:1046F00000000000000000000000000000000000BA
:1047000000000000000000000000000000000000A9
:104710000000000000000000000000000000000099
:104720000000000000000000000000000000000089
:104730000000000000000000000000000000000079
:104740000000000000000000000000000000000069
:104750000000000000000000000000000000000059
:104760000000000000000000000000000000000049
:104770000000000000000000000000000000000039
:104780000000000000000000000000000000000029
:104790000000000000000000000000000000000019
:1047A0000000000000000000000000000000000009
:1047B00000000000000000000000000000000000F9
:1047C00000000000000000000000000000000000E9
:1047D00000000000000000000000000000000000D9
:1047E00000000000000000000000000000000000C9
:1047F00000000000000000000000000000000000B9
:1048000000000000000000000000000000000000A8
:104810000000000000000000000000000000000098
:104820000000000000000000000000000000000088
:104830000000000000000000000000000000000078
:104840000000000000000000000000000000000068
:104850000000000000000000000000000000000058
:104860000000000000000000000000000000000048
:104870000000000000000000000000000000000038
:104880000000000000000000000000000000000028
:104890000000000000000000000000000000000018
:1048A0000000000000000000000000000000000008
:1048B00000000000000000000000000000000000F8
:1048C00000000000000000000000000000000000E8
:1048D00000000000000000000000000000000000D8
:1048E00000000000000000000000000000000000C8
:1048F00000000000000000000000000000000000B8
:1049000000000000000000000000000000000000A7
:104910000000000000000000000000000000000097
:104920000000000000000000000000000000000087
:104930000000000000000000000000000000000077
:104940000000000000000000000000000000000067
:104950000000000000000000000000000000000057
:104960000000000000000000000000000000000047
:104970000000000000000000000000000000000037
:104980000000000000000000000000000000000027
:104990000000000000000000000000000000000017
:1049A0000000000000000000000000000000000007
:1049B00000000000000000000000000000000000F7
:1049C00000000000000000000000000000000000E7
:0C49D000000000000000000000000000DB
:1049DC00FFFFFFFFFFFFFFFFFFFFFFFFFFFFFFFFDB
:1049EC00FFFFFFFFFFFFFFFFFFFFFFFFFFFFFFFFCB
:1049FC00FFFFFFFFFFFFFFFFFFFFFFFFFFFFFFFFBB
:104A0C00FFFFFFFFFFFFFFFFFFFFFFFFFFFFFFFFAA
:104A1C00FFFFFFFFFFFFFFFFFFFFFFFFFFFFFFFF9A
:104A2C00FFFFFFFFFFFFFFFFFFFFFFFFFFFFFFFF8A
:104A3C00FFFFFFFFFFFFFFFFFFFFFFFFFFFFFFFF7A
:104A4C00FFFFFFFFFFFFFFFFFFFFFFFFFFFFFFFF6A
:104A5C00FFFFFFFFFFFFFFFFFFFFFFFFFFFFFFFF5A
:104A6C00FFFFFFFFFFFFFFFFFFFFFFFFFFFFFFFF4A
:104A7C00FFFFFFFFFFFFFFFFFFFFFFFFFFFFFFFF3A
:104A8C00FFFFFFFFFFFFFFFFFFFFFFFFFFFFFFFF2A
:104A9C00FFFFFFFFFFFFFFFFFFFFFFFFFFFFFFFF1A
:104AAC00FFFFFFFFFFFFFFFFFFFFFFFFFFFFFFFF0A
:104ABC00FFFFFFFFFFFFFFFFFFFFFFFFFFFFFFFFFA
:104ACC00FFFFFFFFFFFFFFFFFFFFFFFFFFFFFFFFEA
:104ADC00FFFFFFFFFFFFFFFFFFFFFFFFFFFFFFFFDA
:104AEC00FFFFFFFFFFFFFFFFFFFFFFFFFFFFFFFFCA
:104AFC00FFFFFFFFFFFFFFFFFFFFFFFFFFFFFFFFBA
:104B0C00FFFFFFFFFFFFFFFFFFFFFFFFFFFFFFFFA9
:104B1C00FFFFFFFFFFFFFFFFFFFFFFFFFFFFFFFF99
:104B2C00FFFFFFFFFFFFFFFFFFFFFFFFFFFFFFFF89
:104B3C00FFFFFFFFFFFFFFFFFFFFFFFFFFFFFFFF79
:104B4C00FFFFFFFFFFFFFFFFFFFFFFFFFFFFFFFF69
:104B5C00FFFFFFFFFFFFFFFFFFFFFFFFFFFFFFFF59
:104B6C00FFFFFFFFFFFFFFFFFFFFFFFFFFFFFFFF49
:104B7C00FFFFFFFFFFFFFFFFFFFFFFFFFFFFFFFF39
:104B8C00FFFFFFFFFFFFFFFFFFFFFFFFFFFFFFFF29
:104B9C00FFFFFFFFFFFFFFFFFFFFFFFFFFFFFFFF19
:104BAC00FFFFFFFFFFFFFFFFFFFFFFFFFFFFFFFF09
:104BBC00FFFFFFFFFFFFFFFFFFFFFFFFFFFFFFFFF9
:104BCC00FFFFFFFFFFFFFFFFFFFFFFFFFFFFFFFFE9
:104BDC00FFFFFFFFFFFFFFFFFFFFFFFFFFFFFFFFD9
:104BEC00FFFFFFFFFFFFFFFFFFFFFFFFFFFFFFFFC9
:104BFC00FFFFFFFF000000000000000000000000AD
:104C0C000000000000000000000000000000000098
:104C1C000000000000000000000000000000000088
:104C2C000000000000000000000000000000000078
:104C3C000000000000000000000000000000000068
:104C4C000000000000000000000000000000000058
:104C5C000000000000000000000000000000000048
:104C6C000000000000000000000000000000000038
:104C7C000000000000000000000000000000000028
:104C8C000000000000000000000000000000000018
:104C9C000000000000000000000000000000000008
:104CAC0000000000000000000000000000000000F8
:104CBC0000000000000000000000000000000000E8
:104CCC0000000000000000000000000000000000D8
:104CDC0000000000000000000000000000000000C8
:104CEC0000000000000000000000000000000000B8
:104CFC0000000000000000000000000000000000A8
:104D0C000000000000000000000000000000000097
:104D1C000000000000000000000000000000000087
:104D2C000000000000000000000000000000000077
:104D3C000000000000000000000000000000000067
:104D4C000000000000000000000000000000000057
:104D5C000000000000000000000000000000000047
:104D6C000000000000000000000000000000000037
:104D7C000000000000000000000000000000000027
:104D8C000000000000000000000000000000000017
:104D9C000000000000000000000000000000000007
:104DAC0000000000000000000000000000000000F7
:104DBC0000000000000000000000000000000000E7
:104DCC0000000000000000000000000000000000D7
:104DDC0000000000000000000000000000000000C7
:104DEC0000000000000000000000000000000000B7
:104DFC0000000000000000000000000000000000A7
:104E0C000000000000000000000000000000000096
:104E1C000000000000000000000000000000000086
:104E2C000000000000000000000000000000000076
:104E3C000000000000000000000000000000000066
:104E4C000000000000000000000000000000000056
:104E5C000000000000000000000000000000000046
:104E6C000000000000000000000000000000000036
:104E7C000000000000000000000000000000000026
:104E8C000000000000000000000000000000000016
:104E9C000000000000000000000000000000000006
:104EAC0000000000000000000000000000000000F6
:104EBC0000000000000000000000000000000000E6
:104ECC0000000000000000000000000000000000D6
:104EDC0000000000000000000000000000000000C6
:104EEC0000000000000000000000000000000000B6
:104EFC0000000000000000000000000000000000A6
:104F0C000000000000000000000000000000000095
:104F1C000000000000000000000000000000000085
:104F2C000000000000000000000000000000000075
:104F3C000000000000000000000000000000000065
:104F4C000000000000000000000000000000000055
:104F5C000000000000000000000000000000000045
:104F6C000000000000000000000000000000000035
:104F7C000000000000000000000000000000000025
:104F8C000000000000000000000000000000000015
:104F9C000000000000000000000000000000000005
:104FAC0000000000000000000000000000000000F5
:104FBC0000000000000000000000000000000000E5
:104FCC0000000000000000000000000000000000D5
:104FDC0000000000000000000000000000000000C5
:104FEC0000000000000000000000000000000000B5
:104FFC0000000000000000000000000000000000A5
:10500C000000000000000000000000000000000094
:10501C000000000000000000000000000000000084
:10502C000000000000000000000000000000000074
:10503C000000000000000000000000000000000064
:10504C000000000000000000000000000000000054
:10505C000000000000000000000000000000000044
:10506C000000000000000000000000000000000034
:10507C000000000000000000000000000000000024
:10508C000000000000000000000000000000000014
:10509C000000000000000000000000000000000004
:1050AC0000000000000000000000000000000000F4
:1050BC0000000000000000000000000000000000E4
:1050CC0000000000000000000000000000000000D4
:1050DC0000000000000000000000000000000000C4
:1050EC0000000000000000000000000000000000B4
:1050FC0000000000000000000000000000000000A4
:10510C000000000000000000000000000000000093
:10511C000000000000000000000000000000000083
:10512C000000000000000000000000000000000073
:10513C000000000000000000000000000000000063
:10514C000000000000000000000000000000000053
:10515C000000000000000000000000000000000043
:10516C000000000000000000000000000000000033
:10517C000000000000000000000000000000000023
:10518C000000000000000000000000000000000013
:10519C000000000000000000000000000000000003
:1051AC0000000000000000000000000000000000F3
:1051BC0000000000000000000000000000000000E3
:1051CC0000000000000000000000000000000000D3
:1051DC0000000000000000000000000000000000C3
:1051EC0000000000000000000000000000000000B3
:1051FC0000000000000000000000000000000000A3
:10520C000000000000000000000000000000000092
:10521C000000000000000000000000000000000082
:10522C000000000000000000000000000000000072
:10523C000000000000000000000000000000000062
:10524C000000000000000000000000000000000052
:10525C000000000000000000000000000000000042
:10526C000000000000000000000000000000000032
:10527C000000000000000000000000000000000022
:10528C000000000000000000000000000000000012
:10529C000000000000000000000000000000000002
:1052AC0000000000000000000000000000000000F2
:1052BC0000000000000000000000000000000000E2
:1052CC0000000000000000000000000000000000D2
:1052DC0000000000000000000000000000000000C2
:1052EC0000000000000000000000000000000000B2
:1052FC0000000000000000000000000000000000A2
:10530C000000000000000000000000000000000091
:10531C000000000000000000000000000000000081
:10532C000000000000000000000000000000000071
:10533C000000000000000000000000000000000061
:10534C000000000000000000000000000000000051
:10535C000000000000000000000000000000000041
:10536C000000000000000000000000000000000031
:10537C000000000000000000000000000000000021
:10538C000000000000000000000000000000000011
:10539C000000000000000000000000000000000001
:1053AC0000000000000000000000000000000000F1
:1053BC0000000000000000000000000000000000E1
:1053CC0000000000000000000000000000000000D1
:1053DC0000000000000000000000000000000000C1
:1053EC0000000000000000000000000000000000B1
:1053FC0000000000000000000000000000000000A1
:10540C000000000000000000000000000000000090
:10541C000000000000000000000000000000000080
:10542C000000000000000000000000000000000070
:10543C000000000000000000000000000000000060
:10544C000000000000000000000000000000000050
:10545C000000000000000000000000000000000040
:10546C000000000000000000000000000000000030
:10547C000000000000000000000000000000000020
:10548C000000000000000000000000000000000010
:10549C000000000000000000000000000000000000
:1054AC0000000000000000000000000000000000F0
:1054BC0000000000000000000000000000000000E0
:1054CC0000000000000000000000000000000000D0
:1054DC0000000000000000000000000000000000C0
:1054EC0000000000000000000000000000000000B0
:1054FC0000000000000000000000000000000000A0
:10550C00000000000000000000000000000000008F
:10551C00000000000000000000000000000000007F
:10552C00000000000000000000000000000000006F
:10553C00000000000000000000000000000000005F
:10554C00000000000000000000000000000000004F
:10555C00000000000000000000000000000000003F
:10556C00000000000000000000000000000000002F
:10557C00000000000000000000000000000000001F
:10558C00000000000000000000000000000000000F
:10559C0000000000000000000000000000000000FF
:1055AC0000000000000000000000000000000000EF
:1055BC0000000000000000000000000000000000DF
:1055CC0000000000000000000000000000000000CF
:1055DC0000000000000000000000000000000000BF
:1055EC0000000000000000000000000000000000AF
:1055FC00000000000000000000000000000000009F
:10560C00000000000000000000000000000000008E
:10561C00000000000000000000000000000000007E
:10562C00000000000000000000000000000000006E
:10563C00000000000000000000000000000000005E
:10564C00000000000000000000000000000000004E
:10565C00000000000000000000000000000000003E
:10566C00000000000000000000000000000000002E
:10567C00000000000000000000000000000000001E
:10568C00000000000000000000000000000000000E
:10569C0000000000000000000000000000000000FE
:1056AC0000000000000000000000000000000000EE
:1056BC0000000000000000000000000000000000DE
:1056CC0000000000000000000000000000000000CE
:1056DC0000000000000000000000000000000000BE
:1056EC0000000000000000000000000000000000AE
:1056FC00000000000000000000000000000000009E
:10570C00000000000000000000000000000000008D
:10571C00000000000000000000000000000000007D
:10572C00000000000000000000000000000000006D
:10573C00000000000000000000000000000000005D
:10574C00000000000000000000000000000000004D
:10575C00000000000000000000000000000000003D
:10576C00000000000000000000000000000000002D
:10577C00000000000000000000000000000000001D
:10578C00000000000000000000000000000000000D
:10579C0000000000000000000000000000000000FD
:1057AC0000000000000000000000000000000000ED
:1057BC0000000000000000000000000000000000DD
:1057CC0000000000000000000000000000000000CD
:1057DC0000000000000000000000000000000000BD
:1057EC0000000000000000000000000000000000AD
:0457FC0000000000A9
:040000056000100087
:00000001FF
