:1000000000000320D10100008D2A0000492A0000D1
:10001000492A0000492A0000492A0000492A000014
:10002000492A0000492A0000492A00008D2A0000C0
:100030008D2A0000492A0000853800008938000018
:100040008D2A00008D2A00008D2A00008D2A0000D4
:100050008D2A00008D2A00008D2A00008D2A0000C4
:100060008D2A00008D2A00008D2A00008D2A0000B4
:100070008D2A00008D2A00008D2A00008D2A0000A4
:100080008D2A00008D2A00008D2A00008D2A000094
:100090008D2A00008D2A00008D2A00008D2A000084
:1000A0008D2A00008D2A00008D2A00008D2A000074
:1000B0008D2A00008D2A00008D2A00008D2A000064
:1000C0008D2A00008D2A00008D2A00008D2A000054
:1000D0008D2A00008D2A00008D2A00008D2A000044
:1000E0008D2A00008D2A00008D2A00008D2A000034
:1000F0008D2A00008D2A00008D2A00008D2A000024
:10010000E5270000012800001D2800003928000014
:100110008D2A0000F12D00008D2A00008D2A00009C
:100120008D2A00008D2A00008D2A00008D2A0000F3
:100130008D2A00008D2A00008D2A00008D2A0000E3
:10014000652500008D2A00008D2A00008D2A000000
:100150008D2A00008D2A00008D2A00008D2A0000C3
:100160008D2A00008D2A00008D2A00008D2A0000B3
:100170008D2A00008D2A00008D2A00008D2A0000A3
:100180008D2A00008D2A00008D2A00008D2A000093
:100190008D2A00008D2A00008D2A00008D2A000083
:1001A0008D2A00008D2A00008D2A00008D2A000073
:1001B0008D2A00008D2A00008D2A00008D2A000063
:1001C0008D2A00008D2A00008D2A00008D2A000053
:1001D0005F4B4CF2205210B5DA814DF62812DA81CD
:1001E00000BF00BF02F056FC5A4B4FF030621A635A
:1001F000594A9A63594ADA634FF0E0234FF4700288
:10020000C3F8882D03F5E823554A1A60554B9A78B0
:10021000110703D59A7842F008029A70524B53485E
:10022000AA221A70524BDA1C121AC11E22F00302C3
:10023000994288BF00224F4902F032FB4E4B4F4893
:10024000DA1C121AC11E22F00302994288BF002252
:10025000002105F05DFE4A494A484FF4E87202F079
:100260001FFB494B494A802103F8011B9342FBD1F4
:100270004FF0E023434AC3F8082D454B8A221A70F9
:10028000A3F5805324225A70A0221A709A799207FB
:10029000FCD59A79D406FCD43E4A937903F00C033A
:1002A000082BFAD1304B60225A70DA78802AFCD1C0
:1002B000384B01221A715D225A719A799006FCD549
:1002C0009A795106FCD5234A33495164002191643F
:1002D000202119702F498B7903F00C030C2BFAD1D4
:1002E0002E4B53602E4A136913F4807303D153616C
:1002F0004FF4A85313614FF0E0232A4A5A610022B9
:100300009A6107221A61284AC3F8202D62B602F0CA
:100310001FFC234B5B69DA0705D5244802F00CFC6F
:10032000234B244ADA61244B1B785B0609D5204C09
:10033000204BE2699A4204D11C4802F0FDFB0023E5
:10034000E36102F0ADFB05F053FE02F0A1FAFEE717
:100350000020054000800440823F04000100002B83
:100360000300008500D0074000E00740401EFF1F4B
:100370009024FF1F48AA0000B80701209024FF1F07
:10038000000000000014FF1F00E400E064E400E04F
:10039000005006400040064000000602C010070062
:1003A00000D003401FBF02000000202067DB7F6AEF
:1003B00000E00340A5C3945A00F00740FFFFFFFF91
:1003C000FFFFFFFFFFFFFFFFFFFFFFFFFFFFFFFF3D
:1003D000FFFFFFFFFFFFFFFFFFFFFFFFFFFFFFFF2D
:1003E000FFFFFFFFFFFFFFFFFFFFFFFFFFFFFFFF1D
:1003F000FFFFFFFFFFFFFFFFFFFFFFFFFFFFFFFF0D
:10040000FFFFFFFFFFFFFFFFFFFFFFFFDEF9FFFF23
:100410000548064B1B1AD90F01EBA301491002D066
:10042000034B03B1184770479024FF1F9024FF1F10
:100430000000000008B5054B1BB105490548AFF3A6
:100440000080BDE80840FFF7E3BF00BF00000000E8
:100450009024FF1F40AA000010B590ED027ADFED56
:100460007F7AD0ED006AB4EEE77AF1EE10FA2DED66
:10047000048B04460AD4DFED7A7A66EEA77AB4EEEE
:10048000E77AF1EE10FAD8BFF0EE477A87EEA60AC7
:100490009FED727A94ED038AB4EEC78AF1EE10FAFA
:1004A0005ABFB7EE007A87EE089AB0EE478A9FED02
:1004B0006D7A48BF9FED6C9A20EE070A03F000FCAE
:1004C0006368F0EE408A082B2CD8DFE803F06A71ED
:1004D0007B828C97A3054200D4ED040ADFED637A9A
:1004E000B2EE040AC0EEA70A03F0EAFAB5EE400A3B
:1004F000F1EE10FAB0EE408A00F1AC80B1EEC80A1D
:10050000C8EE808AB7EE007AFFEE007AE8EE087A4D
:1005100038EE478A84ED087A28EE098AC4ED0A7A13
:1005200084ED098A78EE897AF7EE006AB0EE666AA1
:10053000A7EEA86A86EE867A67EE287A84ED057AB9
:1005400027EEA80ABDEC048BC4ED067A84ED070AF9
:1005500010BDD4ED040ADFED457AB2EE040AC0EE18
:10056000A70A03F0ADFAB5EE400AF1EE10FAB0EECC
:10057000408A6CD4B1EEC80AB7EE007A77EE487ABA
:1005800068EE086A67EE897A37EE667A67EE887AEF
:1005900068EE808AC4ED086AC4ED097A84ED0A7AAF
:1005A000C0E700234FF07E5223626362A262B9E784
:1005B0002F4BA3624FF07E52F1EE497A2262C4EDD6
:1005C000097AAFE700234FF07E5223626262A36292
:1005D000A8E700234FF07E52F1EE497A2262C4ED83
:1005E000097AA3629EE74FF07E52F1EE497A4FF00E
:1005F00040432262C4ED097AA36293E7F8EE007AE1
:1006000069EE277A00234FF07E522262C4ED097A08
:10061000A36287E7DFED157AD4ED040AB2EE040A8F
:10062000C0EEA70A03F04CFA0023A36228EE008A6A
:10063000B7EE007A87EE089AFFEE007AE0EE007AD5
:1006400084ED087A67EE897AC4ED097A6AE703F0E7
:1006500095FA91E703F092FA52E700BF6F12833ADE
:1006600048E1FA3EDB0F4940FFFF79440000204299
:10067000000080BF2DE9F04F2DED108B00F5E03824
:1006800085B098F88C740093002F38D01E98834260
:1006900030DA02EB830601EB8305DFEDD09AD8F860
:1006A0008834DFEDC8AA9FEDC8AA9FEDC89AC84F4D
:1006B000C84C009301EB8009009A032A00F295834D
:1006C000DFE812F009032C023D011001019FB4EE96
:1006D000C17AF1EE10FA06D5136851689942A4BFA9
:1006E000002382F82930013747F21813042F9C4465
:1006F0001A4418D105B0BDEC108BBDE8F08F009BFB
:100700009FEDB51ADFEDB51A02EB830201EB83030F
:1007100003931E9B029201EB8301B7EE002A8446ED
:1007200000F5E2428E4692F82930002BDBD0009B88
:100730001E999CED0B4A8B4280F24A8341F6464358
:10074000DCF83040DCF83410029E039D0197F0EE97
:10075000042AB0EE003AF6EE004AF7EE083A03FB40
:1007600007F87BE004EB830999ED005A03F1FF39A8
:10077000002B00F03683023BB0EE467A48BFDCF82F
:100780003470A5EE627A04EB890948BFDB19D9ED14
:10079000007A176804EB8303D3ED000A536875EE03
:1007A000675AA7EE837ABB4230EEC60A65EEA35ABB
:1007B000A0EEE47AE0EE245A37EEC66AA5EEA67AF9
:1007C00092ED050AD2ED047AD2ED030AD2ED065A73
:1007D00027EE267A67EE807AA6EE247AA7EE265ACE
:1007E000E0EE857AC2ED057A67EEA57A0BDA08EBC2
:1007F000030A013353600AF6761300EB830393ED8B
:10080000027A77EE877ADCF83C9009F101038B429B
:1008100008BF002304EB8909C9ED007ACCF83C300D
:10082000D5ED006AE4EE276AB0EEE77AE5EC016AFE
:10083000D6ED006AE4EE276AE6EC016AD2ED087AAA
:10084000B4EEE77AF1EE10FADCBF92ED097A27EE0A
:10085000877AAE4582ED087A3FF438AFD2ED027A5E
:10086000F4EEC27AF1EE10FA2EDB9CED0E7AF8EE81
:10087000476AF4EEE67AF1EE10FA2ADCBDEEE77A8A
:10088000F8EEC76A17EE109A77EEE66ADCF83C30AD
:10089000013BA3EB090313F1010944BFDCF83470F9
:1008A000B94404EB8909002B99ED006ABFF65AAFF1
:1008B000DCF834B003EB0B0A03F1FF3904EB8A0ACE
:1008C0009AED005AD94456E7F0EE616A4FF00109FB
:1008D000DCE7FDEEE67A17EE909AF8EEE77A76EE30
:1008E000E76AD3E708F2744B9BED018A28EE2A0AE7
:1008F00003F0ACF99BED027A38EE078AF7EE007A46
:10090000B4EEE78AF1EE10FAA8BF38EE678A8BEDF5
:10091000018A20EE0A8AD5ED007A77EE887AE5EC36
:10092000017AD6ED007A77EE887AA945E6EC017A6D
:100930007FF4C2AE05B0BDEC108BBDE8F08F08F2BD
:10094000744393ED01BA93ED02CAF6EE007AB4EE69
:10095000E7BAF1EE10FAF1EE007A4CBFBFEE008A72
:10096000B0EE088AB5EEC0CA4CBFABEE278AABEE3C
:10097000678AF1EE10FA40F3C680B3EE00DA6CEE4F
:100980000DDAF2EE00BA3BEE6D0A04F08FF9F0EEEC
:10099000407AFDEEE77A3BEE2D0A17EE90AA04F0BE
:1009A000CDF9FDEEC07A6CEE2BBA17EE90BADA45AF
:1009B000DFED0ACA49DC08F2744393ED03EA0BF158
:1009C000010B21E0DB0FC9406666663F00008042F4
:1009D000E0630000E483000017B7D1380000000096
:1009E00007EE103AD0ED007AB8EEC70A90ED017A22
:1009F00078EEC08A37EE677A0AF1010AE8EE877A64
:100A0000DA45EBEEA7CA20D007EE90AAF8EEE77A17
:100A1000F0EE4D8A7BEE677AE7EE8E8A68EE898A81
:100A2000B0EE680A04F08AF9FDEEC07A17EE903A4B
:100A3000B3F5006F07EB8300D2D30AF1010AF0EEA1
:100A4000697ADA45EBEEA7CADED1B6EE00DA3BEE04
:100A50004DDA78EE2CCA3DEE6D0A04F027F9F0EE7F
:100A6000407AFDEEE77A3DEE2D0A17EE90AA04F0EB
:100A700065F9FDEEC07A1FED278A17EE90BADA45C8
:100A8000F1EE6BBA3DDC08F27443D3ED03DA0BF1FF
:100A9000010BB3EE00EA13E007EE103AD0ED007A56
:100AA000B8EEC70A90ED017A78EEC08A37EE677A21
:100AB0000AF1010AE8EE877ADA45ABEEA78A20D080
:100AC00007EE90AAF8EEE77AF0EE4E8A7DEE677AAE
:100AD000E7EEAD8A68EE898AB0EE680A04F02EF976
:100AE000FDEEC07A17EE903AB3F5006F07EB830086
:100AF000D2D30AF1010AF0EE697ADA45ABEEA78AA1
:100B0000DED138EE2C8A3BEE0CBAF7EE007AB4EE6A
:100B1000E7BAF1EE10FA80F2528152E108F2744B1A
:100B20009BED01BA9BED04CA9BED02EAB4EECCBA90
:100B3000F1EE10FAF7EE00DABFEE008AB5EEC0EA89
:100B400048BFB0EE6D8AF1EE10FA40F3BA80F3EED2
:100B5000008A2EEE28DA3BEE4D0A04F0A7F8F0EEFC
:100B6000407AFDEEE77A3BEE0D0A17EE90AA04F00C
:100B7000E5F8FDEEC07A17EE903A9A4500F32E8123
:100B8000DBED03CA5FED6BBA03F1010B1CE007EE6E
:100B9000103AD0ED007AB8EEC70A90ED017A3FEE38
:100BA00040FA37EE677AF5EEC0EAEFEE077A0AF11F
:100BB000010AF1EE10FAA8BF77EEED7ADA4577EE8A
:100BC000A77A7BEEA7BA20D007EE90AAF8EEE7EA64
:100BD0007BEE6EEA6EEEACEA3EEEA8FA2FEE09FA74
:100BE000B0EE4F0A04F0AAF8FDEEC07A17EE903A84
:100BF000B3F5006F04EB8300C9D30AF1010AF0EEEC
:100C0000697ADA457BEEA7BADED13BEE4CCA7BEEC1
:100C100088BA3CEE4D0A04F049F8F0EE407AFDEE59
:100C2000E77A3CEE0D0A17EE90AA04F087F8FDEE85
:100C3000C07A1FED968A17EE90BADA453FDC08F2CB
:100C40007443D3ED03CA0BF1010BB3EE00DAF8EEF7
:100C500000DAF7EE00EA07EE90AAF8EEE78A0AF16A
:100C6000010A7CEE688A68EEAC8A38EE8DFA2FEEC7
:100C700009FAB0EE4F0A04F061F8FDEEC07A17EE03
:100C8000903AB3F5006F04EB830016D207EE103AEA
:100C9000D0ED007AB8EEC70A90ED017A3FEE40FA47
:100CA00037EE677AF5EEC08AEFEE077AF1EE10FACA
:100CB000A8BF77EEEE7AA7EEAD8ADA45CBD13BEE50
:100CC000888A3BEE0EBAF7EE007AB4EEE7BAF1EEA0
:100CD00010FA74DA75E008F2744B9BED02DA9BEDC2
:100CE00001BAB5EEC0DAF0EE007ABFEE008AF1EE9E
:100CF00010FAABEE278A59DDB3EE00CAB0EE4B0A0C
:100D0000ADEE4C0A03F0D2FFF0EE407AFDEEE77A4A
:100D1000B0EE4B0AADEE0C0A17EE90AA04F00EF8F6
:100D2000FDEEC07A17EE903A9A4554DC5FEDD5BAE5
:100D3000DBED03CAF8EE00DA03F1010BB7EE00EACF
:100D400007EE90AAF8EEE78A0AF1010A7BEE688ABC
:100D500068EEAC8A78EE8CEA6EEE89EAB0EE6E0A46
:100D600003F0ECFFFDEEC07A17EE903AB3F5006F9A
:100D700004EB830016D207EE103AD0ED007AB8EEFD
:100D8000C70A90ED017A7EEEC0EA37EE677AF5EE9B
:100D9000C08AEEEE877AF1EE10FAA8BF77EECE7A2F
:100DA000E7EEADBADA45CBD138EE2B8A3BEE0DBA81
:100DB000F7EE007AB4EEE7BAF1EE10FA01DB3BEEA3
:100DC00067BA08F2744328EE0A8A83ED01BAA2E5F5
:100DD00092ED087A7BE4DFED10BAE5E7DFED0EBABD
:100DE00013E7DCF834B0D944C5E408F27443D3ED1A
:100DF000017AD3ED026A77EEA67AB7EE007AF4EEC6
:100E0000C77AF1EE10FAA8BF77EEC77AB0EE698A1A
:100E1000C3ED017A7FE500BF000000002DE9F04F2F
:100E20002DED068B8FB00A9001F0EEF909900028A5
:100E300000F08D8201F0E8F90B90002800F091821B
:100E40004FF400720021A848A74C05F061F84FF458
:100E500000720021A54805F05BF80A9BA34A9F6930
:100E6000802338680093214600231646FFF702FCD2
:100E700097F86451B6EE003AF0EE003A04F50078C7
:100E80003146224607F1D000B2EC017AF1EC017A4A
:100E900037EE277A3B4627EE037A93ED146AD3EDBB
:100EA000135AD3ED0E7A93ED0D4AD3ED0F4A77EE38
:100EB000466AB0EE465AA5EEA75A683366EEA77AA0
:100EC000A6EEA45AE4EE257A53ED096A53ED0A4AD8
:100ED00067EEA66AD7EEA35AF0EE667AE4EE877A5A
:100EE00053ED086A43ED075A95EE236AE5EE267A3C
:100EF00003ED066A8342B0EE677ACED195B3D7EDA3
:100F0000577AF5EE407AF1EE10FA2BD0D7ED487A09
:100F100097ED426AD7ED476A97ED414AD7ED432AEC
:100F200077EE674AF0EE675A24EE865AE6EE865A66
:100F3000A4EE265A97ED456A97ED444A25EE066AD7
:100F4000E4EEA25AA7EE046AD7ED464AD5EE236A2C
:100F5000D5EEA37AB0EE467AA5EEA47AC7ED476A3D
:100F6000C7ED487AD7ED057A27EE277A904502ED4E
:100F7000017A01ED017A87D1D7F870310493D7F85F
:100F800074310793D7F850350593D7F85435089343
:100F9000564BD7F85C25D7F87C110393524B9FED45
:100FA000549ADFED548A9FED54AADFED54AA9FEDC9
:100FB000548ADFED549A0C96924607F580558B467D
:100FC0001A460D94039BB2EC017AF3EC017A07996F
:100FD0000393B5EEC07AF1EE10FAF5EEC07A4CBF8D
:100FE000B1EE470AB0EE470A049BF1EE10FA4CBF8F
:100FF000F1EE676AF0EE676A03EB8B03B4EEE60A84
:1010000083ED007AF1EE10FA0BF10103D8BFB0EED8
:10101000660A8B421CBF5E469B46059B089903EB04
:101020008A0308BF4FF0000BC7F87CB1C3ED007A0C
:101030000AF1010308BF4FF0FF368B420EBF4FF09D
:10104000000A54469A46C7F85CA505F2A443D3EDBE
:10105000007AF4EEC07A08BF4FF0FF34F1EE10FAD8
:101060003FD5B4EEE80AF1EE10FA00F35381F0EE4A
:101070004A7A97ED5A7A77EEC77A05F2AC4305F5CE
:101080009560D0ED006A93ED007AD5F8900427EED4
:10109000267AB4EE677AF1EE10FA48BFB0EE677ABE
:1010A000002883ED007A40F35781D5F88C14B1B154
:1010B0004B1E03F5F97C07EB8C0CDCED5B7AB4EE90
:1010C000E77AF1EE10FA21DB0138C5F88C34C5F867
:1010D0009004002800F01B8119460029E8D1F12373
:1010E000E7E7F0EE497AC8E7A826FF1FA824FF1F0C
:1010F0000000000052F384370000C0C2C1A8C04005
:1011000000007143000000802D152A3E0B4600F1BF
:10111000010E07EB830C0CF6341989ED007AF12BE4
:10112000D5F89C94CCF8FC9C14BF01330023C5F87F
:101130008C34D5F88834C5F890E407EB830CDCF8E0
:10114000FCCCA9EB0C0CBCF1F00F07D9F12B14BFB0
:1011500001330023C5F89004C5F8883403F5F9730A
:1011600007EB830393ED5B7AD5F8943407EB8300A8
:1011700000F58050D0ED317A05F5936CDCED006A16
:1011800077EE677A013377EEA67AF12BCCED007A11
:1011900080ED317AC5F8943400F0C38087EE880A78
:1011A0000692B5EEC00AF1EE10FA56BF5FED2A7A4C
:1011B000B0EE690A20EE670A02F0ACFDD7F878318C
:1011C000069A03990233F02BD4BFF61AF03E002E94
:1011D000BCBF079BF618049B03EB8606D7F858356F
:1011E000D6ED007A0233F02BD4BFE41AF03C002C89
:1011F000B8BF089B67EE807AB8BFE418059B42ED44
:10120000017A03EB8404D4ED007A67EE807A09F169
:101210000103904541ED017AC5F89C347FF4D2AECC
:101220000C9E0D9C504A514BF3EC017AF1EE677A1B
:101230009845E2EC017AF7D10B9B9FED4D6A4D4842
:10124000991C099BBFEE007AF7EE006A9A1C29E010
:10125000F4EEE67AF1EE10FA52DC67EE867AFDEEF5
:10126000E77A17EE903A1BB2F6EC017A22F8023FC9
:10127000F4EE677AF1EE10FA47D6F4EEC77AF1EEA3
:1012800010FA1DDBF4EEE67AF1EE10FA35DC67EECB
:10129000867AFDEEE77A17EE903A1BB2A04521F868
:1012A000023F12D0F4EC017AF4EE677AF1EE10FA14
:1012B00029D6F4EEC77AF1EE10FAC9DA0346D3E77D
:1012C0000346A04521F8023FECD1099E0A9D002269
:1012D0003146284601F018F80B9C01222146284689
:1012E00001F012F8304600F0E5FF20460FB0BDECEB
:1012F000068BBDE8F04F00F0DDBF47F6FF73CDE78A
:1013000047F6FF73B0E70023AEE70023C6E74FF0D0
:10131000010EFEE6069202F003FD069A60EE2A7ABE
:10132000A7E60023C5F8943407F5A45007F58653C3
:10133000DFED117A04330830B3EC017A984277EE8E
:10134000877AF9D105F59363C3ED007A26E70FB0EC
:10135000BDEC068BBDE8F08FD5F88C3400F1010EA2
:10136000D7E60998C2E700BFA824FF1FA826FF1FE1
:1013700000FEFF460180FFFF000000002DE9F04F56
:101380002DED088B08488BB075220146002301E043
:1013900011F8012F0133002AFAD1044A044C5A40B3
:1013A0007521612309E000BFBD63000067E6096A9B
:1013B000512D9ECC0B4610F8011F534004FB03F344
:1013C0004FEAF3420029F5D1E44CE54BE54FDFF855
:1013D000E8939FEDE5AAE54EDFEDE59A9FEDE59AEE
:1013E000DFEDE58A9FEDE58A82EA124202FB04F412
:1013F00084EA543403FB04F40FCF0DF10C0CACE879
:101400000F0084EA144404F1DA4404F52D143B6817
:10141000CCF8003004F567543534C84609F140056E
:1014200044F0010284EAD43302FB03F3D44A069267
:1014300043F03D0183EAD31201FB0232534083EAB9
:1014400093338DED039ACDED048A0DF10C0EC9F89E
:10145000004048F8043FBEE80F00A5F1240C45ED1C
:101460000B9A45F8288CACE80F0040F6681BDEF8B4
:101470000030CCF8003040F6641A2F4645F80CBC1A
:1014800045F808AC45F8105CA7EC018ABE42FBD1D8
:1014900055ED0B7A67EE8A7ABFEE000A002745F811
:1014A000047C80EE270A02F0CFFA05F5E14304F14F
:1014B000DA4404F52D1404F56754353483ED190A24
:1014C00047F218131D441E44AE4B9845A8D1AE4BAD
:1014D000DFEDA78ADFF8E4E2AC4CDFEDAD9A9FEDDB
:1014E000AD9A9FEDADBADFEDADAADFF8D482AC4D79
:1014F000DFF8D0A203F27442C2ED008A0322C3F8DF
:101500008824BEE80F0003AE01960FC69EE80700D0
:1015100086E807000096019E0FCE04F1040CACE8AB
:101520000F0096E807008CE8070020462030C0ED49
:10153000008AFEF791FF0123636204F12000FEF7A9
:101540008BFF04F12000C4ED0A9A84ED0B9A84ED20
:101550000C8AFEF781FF20465430C0ED008AFEF76A
:101560007BFF0123A36504F15400FEF775FF04F12E
:101570005400C4ED179A84ED189A84ED198AFEF789
:101580006BFF20468830C0ED008AFEF765FF01231F
:10159000C4F88C3004F18800FEF75EFF04F1880087
:1015A000C4ED249A84ED259A84ED268AFEF754FF33
:1015B0002046BC30C0ED008AFEF74EFF0123C4F880
:1015C000C03004F1BC00FEF747FF04F1BC00C4EDDD
:1015D000319A84ED329A84ED338AFEF73DFF20463E
:1015E000F030C0ED008AFEF737FF0623C4F8F43070
:1015F00004F1F000FEF730FF04F59270C4ED498A63
:10160000FEF72AFF0623C4F8283104F59270FEF78E
:1016100023FF4FF0010384F8643104F1F00084EDFE
:1016200056BAC4ED58AA84ED578A84ED3EBAC4ED8B
:101630003FAA84ED408AFEF70FFFB2EE00AA04F540
:10164000927084ED4BBAC4ED4CAA84ED4D8AFEF73E
:1016500003FF04F1F00084ED57AA84ED478A84ED7E
:10166000488A84ED548A84ED558A84ED40AAFEF7B9
:10167000F3FE04F5927084ED4DAAFEF7EDFE04F53D
:10168000AC63C4F85035F423C4F87431C4F854354D
:10169000F02304F5C070C4F87831C4F8583504F567
:1016A000A55304F58059C3ED008AC4F870014FF4C6
:1016B0007472394604F02CFC04F5AC60C4F87C71FB
:1016C0004FF47472394604F023FCC9F88874C9F8E1
:1016D0008C74C9F89074C4F85C754FF47172394613
:1016E00009F1C40004F014FC09F5936282ED008A4C
:1016F00009F2AC4282ED008A4FF03F42C9F894747F
:10170000C9F89C74C4F86821264BC4F86C3109F2FE
:10171000A44209F595692449244B11602448C9F86D
:1017200000300C2100F0FEFCD8F8004040F2EE2B17
:1017300002F00EF82B78002B46D09AF80030DB0729
:1017400042D51C4AD8F8003012689B1A0E2B3BD9A0
:101750000BB0BDEC088BBDE8F08F00BF6BCAEB850A
:1017600035AEB2C2F8A30000CDCC4C3DE84EFF1F11
:10177000A6552C479A99993EAE47613E000000005D
:10178000000040401829FF1F08E9002098ED0020C4
:1017900000009644F4FD343F00007A459A99993F41
:1017A000490401200AD7A33CF9AD713FC5B57F3F7D
:1017B0000002FF1F740401200829FF1F0CA4000071
:1017C0005803012070040120D8F800302A781B1B30
:1017D0002AB1B3F5FA6FBBD801F0BAFFA8E75B45B1
:1017E000FAD90BB0BDEC088BBDE8F08F2DE9F047BE
:1017F0009FEDE47A2DED088BD0ED008A88EE87AA64
:101800000446F3EE047AB4EEE7AAF1EE10FAD8BF7C
:10181000B0EE67AAB4EECA0AF1EE10FAB0EE608A32
:101820000ADDB4EE00AA28EE8AAAB4EEC0AAF1EE50
:1018300010FA58BFB0EE40AA226A04F5E04540F223
:10184000011385ED42AAA5F8143142B1E069920076
:10185000002104F05DFBD4ED008A95ED42AADFED96
:10186000CA7AD4ED020AF4EEE70A0023F1EE10FA88
:10187000A362C8EE8A9AC5ED407A00F17581F7EE51
:10188000007AF4EE670AF1EE10FAC8BFF0EE670ACC
:101890009FEDBE0A02F014F99FEDBD7ADFEDBD7A2F
:1018A00020EE070A68EEA77A9FEDBB7AB4EE670ACE
:1018B000F1EE10FAC8BFB0EE670A20EE070AB7EEE5
:1018C000009A80EE280A02F0BFF8DFEDB47A6AEEE3
:1018D000277A39EE400AC7EEA8AA39EE40BA85ED5C
:1018E0003E0A85ED3FBAB0EE6A0A02F0AFF9F0EEBB
:1018F000408AB0EE6A0A02F071F96BEE288AF0EEC7
:10190000407AF0EE490AEBEE670AB0EE680A02F0A0
:1019100099F8C0EE2A6A79EEC97A9FEDA17A77EE3E
:10192000E67AF4EE497AF1EE10FA48BFF0EE497A21
:10193000C5ED3D7AD4ED050AF4EEC70AF1EE10FAD2
:1019400000F19F80F3EE047AF4EE670AF1EE10FAEC
:10195000C8BFF0EE670A60EE8A0AF8EE087AC7EEB2
:10196000A00AB2EE040A02F0ABF8F6EE007A79EEC5
:10197000A77A41F2C823FDEEE77AD4ED046A85ED3B
:10198000410A17EE90EA9E45A8BF9E46BEF1020F9F
:10199000F5EEC06AB8BF4FF0020EF1EE10FA00F19A
:1019A000E680F7EE007AF4EEE76AF1EE10FA6BDD0E
:1019B0009FED754AF0EE676AB5EEC08AF1EE10FA57
:1019C00069D4F7EE007AB4EEE78AF1EE10FA40F34C
:1019D000D3809FED748AD4F80480734FD8F8002028
:1019E0009FED725ADFED724A9FED723ADFED663A73
:1019F00004F517560C36F0EE005ABFEE006A3A4472
:101A000030464FF0010C002116E0012914BFF0EE22
:101A1000637AF0EE437A66EEA77AE64567EEA47A3B
:101A2000E7EE047A67EE887AC0ED007A36DD0131A0
:101A30003A440CF1010C043042F0010982EAD2333D
:101A400009FB03F383EAD31943F03D0A0AFB093982
:101A500083EA090383EA933307EE903AF8EE677A54
:101A6000B0EE467A67EE857AA7EEA57A0029CCD14A
:101A700066EEA47AE7EE047A67EE887AC0ED007A23
:101A8000D5E7F0EE470A66E7B5EEC08AF1EE10FA48
:101A900037EEE64A95D59FED3C8A9CE794ED037AB4
:101AA000C8F8002001F67211B5EEC07A04EB81018E
:101AB000F1EE10FAC1ED017A53D4DFED3F7AB4EEC6
:101AC000677AF1EE10FAC8BFB0EE677AF6EE007AE8
:101AD000E7EE297AFDEEE77A17EE907A002F3EDDE9
:101AE0000EEB070841F2C8239845A8BF9846F04579
:101AF00009DDA8EB0E020EF67310920004EB8000D5
:101B0000002104F005FAB84515DD06EB8706C7F598
:101B100017670337474408F6731204EB870304EB97
:101B2000820474ED017A33ED017A77EEC77AB4421C
:101B3000C4ED007AF5D1DFED217AC5F8EC80B4EE82
:101B4000E78AF1EE10FAD8BFB0EE678A85ED438AD6
:101B5000BDEC088B0023C5F8F030BDE8F087F046F7
:101B6000E9E79FED097AB1E7F0EE670A90E6DFED6D
:101B7000066AB7EE004A1FE7DFED0A7A28EE278AE9
:101B800029E700BF0000164500000000610B363D4C
:101B900000A08C466666E63EDB0FC9C0DB0FC9407D
:101BA000CDCC4C3D9A99193FF5792B6D0000802FD3
:101BB000CDCCCC3FCDCCCC3E3333733F0AD7233C86
:101BC00010B50F4C0F492368DFED0F0A584200F0A3
:101BD000030003F0030258BF424201EB820191ED82
:101BE000000A0A4947F21810013300FB0210236073
:101BF000FFF7FCFDBDE810404FF4C87001F024B8B9
:101C000048020120E8A300006666663F1C29FF1F0A
:101C10009248934A9FED937ADFED937ADFF8A4C25E
:101C20002DE9F0470146002441F8044BDFF898A263
:101C3000DFF89892DFF898E28C4F446082B0034658
:101C40004C608C60CC6000254FF0804647F2181144
:101C5000C3F814909C6183ED077AC3ED087A5D6246
:101C60009F62C3F82CE01C635C639C63DC630B44E1
:101C70004FF07E589A4542F82C4C42F8284C42F8D6
:101C8000246C42F81C5C42F8185C42F8145C42F880
:101C900010CC42F80C5C42F8085C02F8044C02F8E4
:101CA000034C42F8208C0A44D0D1714E714A7260C4
:101CB000714A724BB260724A3261724AF26103F247
:101CC0007442C3F88844C2F8009003F58F6283F829
:101CD0008C44156003F27C423060156003F590621D
:101CE00003F284434FF07C5018604FF08243F3605E
:101CF0004FF03F43B36164491560C6F81480D022A9
:101D000006F1200000F0CCFD6049682206F1F000E9
:101D100000F0C6FD5E4BC6F858315E4BC6F8683120
:101D20005D4BC6F86C31012386F86431C6F870410A
:101D3000C6F87441C6F87841C6F87C41C6F85045EB
:101D4000C6F85445C6F85845C6F85C454FF472725B
:101D50000021C6F85C51C6F8608106F6341006F51D
:101D6000805704F0D5F84FF47272002106F6FC405B
:101D700004F0CEF84FF47172002107F1C40004F0B2
:101D8000C7F8464A4649116007F59361454B0D6017
:101D900006F5A551C7F88844C1F8009007F2A441A0
:101DA000C7F88C44C7F89044C7F89444C7F89C44DB
:101DB000C1F80080146107F595611481D46007F2C1
:101DC000AC471C680D603D60002C43D0234619468B
:101DD0005B69002BFBD14A61334B1360334B966137
:101DE0000021516151609172012003F11802587273
:101DF0001A611972D960996122466469002CFBD17D
:101E000053612B4A5C615C609C721A60274800F049
:101E1000F9F8284800F0A8FA244B204900942246FB
:101E2000244800F015FB244A2449224801F004FE0E
:101E3000234800F099FA0122009218491B4B2048D0
:101E400000F006FB1C4A1D491D4802B0BDE8F047E2
:101E500001F0F2BD1A601446BEE700BF0829FF1F5B
:101E6000349AFF1F3333B33E295C8F3E000020407D
:101E700098ED00200000964400007A4508E9002013
:101E80009A99993F0AD7A33C28A40000F8A400001F
:101E900000007A449A9999BECDCC4C3DC428FF1FCE
:101EA000D06300006C020120DC630000A828FF1F43
:101EB00068A50000E028FF1F401EFF1F0525000049
:101EC000F428FF1F0000DC4368ED002000803B4742
:101ED0006666663F10B5002100F03AFA98B172B616
:101EE0000C4A136883B10C490C6854B114600B4A56
:101EF00008600024146062B6BDE81040184600F087
:101F0000D9B9086062B610BD044910600B6062B6B2
:101F100010BD00BF5C020120600201204C020120C4
:101F200070B52D4B2D4A196818792D4C09682D4B29
:101F3000D0772D4D20682E68A3F50072994238BFE6
:101F40001A4680B306F1020C00EB4C0C10320CF177
:101F5000400E3CF8023B83F400431032190A7831FA
:101F6000DBB2F44542F8201C42F81C3C42F8181C35
:101F700042F8143CEDD120367F2E0BD82E601B4B3F
:101F80001B7833B11A4A13780133DBB2032B1BD809
:101F9000137070BD00262E6000F08CF9154B1A6886
:101FA00022601E60EBE702F1100102F50473F822D3
:101FB00041F8102C41F80C0C41F8082C41F8040CA5
:101FC00010319942F4D1DAE74FF0E02300200121EB
:101FD0001070C3F8081270BD540201200080004048
:101FE0005C0201203010FF1F4C0201205102012031
:101FF000500201206002012010B5044600F050FBA1
:10200000204610BD38B52C482C4D012100F0E6FAD1
:102010002B492C482C4B00220A6040F21F21026001
:10202000426081606921C16028214161082101600D
:102030004FF4517119635963782101612B46826114
:1020400005F58060C3E9001208338342FAD11A4CC7
:102050001E49236859601E49D9601E491D601961D7
:102060008021D982D98321799A61082001F18041A8
:102070009860988201F50431062098839C200A70AC
:10208000154B08702279DA7600F056FA2279134C53
:1020900013492070531102F1100003F13823114C41
:1020A00041F8204040339B0002F01F02012101FA59
:1020B00002F21A6038BD00BF54020120300EFF1F2B
:1020C0005C020120009003400090044004002202C2
:1020D00000FCFFFF109003400080004051020120EF
:1020E0000014FF1F211F0000024A0349034801F0AA
:1020F000A3BC00BF401EFF1FF91F000054020120B7
:102100004FF0E0230122C3F8082270470368184704
:102110000B680360704700BF0B680360704700BF27
:10212000704700BFF0B5B1F5607F8DB00E460F4629
:1021300028BF4FF46076054672B62B4B002418601A
:102140002A4B2B481C807022214603F0E1FEC7B1C8
:10215000274821464FF0010C4A0901F01F0350F8AF
:1021600022400CFA03F3013123438E4240F822301F
:10217000F2D828460023438001339E4200F5827046
:10218000F9D81C4C257815B162B60DB0F0BD082009
:1021900000F0D0FC184B05608022027106460093C7
:1021A000069302A9154B029308A8FFF7B1FF144A42
:1021B00006A9304600F0A8FA069B08A8DB689847F5
:1021C000009B02A8DB6898472378002BDCD10D49DF
:1021D0004FF0E0220123D02081F84000C2F80831FE
:1021E000237062B60DB0F0BD6402012078020120B8
:1021F0007C020120740201206CA500000121000076
:10220000FFA7020000E400E030B472B6244D254C74
:102210002A8804F1700104EB82038B423CD204F162
:102220006F01C91A501C00EB910002E0013282429A
:1022300032D09C4653F8041B0029F7D0B1FA81F044
:102240004FF00043C34021EA0301CCF8001001B96C
:102250000132154B2A801A88013291B2198062B678
:10226000ACEB040C4FEAAC0CC0EB00640CEB8C1C28
:1022700041F67C73C0EB841003EBCC1303EB8003BB
:102280000A4800680124C4541844094B1C8894422D
:1022900038BF198030BC704762B6002030BC704730
:1022A000780201207C0201206802012064020120E2
:1022B00070020120428872B60378012B03D9013BDA
:1022C000037062B6704751090C48D24302F01F02F6
:1022D0004FF0004310B4D340094C50F82120134371
:1022E000228840F821308A42064A88BF218013881C
:1022F000013B138062B65DF8044B70477C020120FD
:102300007802012068020120C36813B91DE0DB6870
:10231000E3B1187A9042FAD110B4586893F809C022
:10232000006950F82C4054B1DB682BB1187A904208
:10233000F3D0DB68002BF9D15DF8044B704740F80F
:102340002C10087801300870EEE77047704700BF26
:10235000437A8B4206D90369002253F8210043F8DF
:10236000212070470020704704490022026042602B
:10237000028102740A68C26008607047EC020120A2
:10238000037CFBB903680146FBB14368EBB1427AB9
:102390005B7A9A421CD230B472B62B4B1C68ECB1FB
:1023A000E368C3B1486801E0DB68A3B15A688242C0
:1023B000FAD193F809C04A7A9445F5D162B604205F
:1023C00030BC7047012062B67047032062B6704788
:1023D000022062B670476469002CE1D11B4C23686F
:1023E00043B1994202D10BE0994207D01A46DB680B
:1023F000002BF9D1052062B630BC704702F10C0405
:102400000D68E868E8B1C36823B908E0DA681846DF
:1024100032B113468142F9D162B60620D0E70346B5
:10242000D960CB6823600020C860AA7A01231A44CF
:10243000AA724A682B72947A13721C4494720B74B9
:10244000D9E7E960EDE700BF6C020120EC02012052
:1024500010B5047C9DF808E00CB1012010BD02729B
:1024600080F809E0BDE81040C0E90013FFF788BF1D
:10247000037C002B37D010B54368427A5B7A9A42CE
:10248000044638D272B60168CB68002B2DD0984232
:1024900033D01A46DB689C422AD0002BF9D16268FF
:1024A000607A136953F8200048B1FFF703FF72B652
:1024B0006268617A1369002043F8210021688B7AF1
:1024C000013BDBB28B7203B90B72937A013BDBB237
:1024D000937203B913720A4B00201A682074E260E9
:1024E0001C6062B610BD0120704762B6032010BDAB
:1024F000E368D360D3E7022010BDC368CB60CEE7AA
:10250000EC02012010B50446FFF7B2FF094A136838
:1025100043B19C4202D108E09C4205D01A46DB68D8
:10252000002BF9D1204610BD0C32E3681360204621
:1025300010BD00BFEC020120084B1A7862B90848B0
:102540004FF0E02101224FF0D00C80F840C0C1F8DC
:10255000082110461A70704700207047740201204D
:1025600000E400E04FF0E022F8B5D2F8FC3D174D52
:10257000174943F08073C2F8FC3D2B680C6843F0A8
:1025800001032B606E689CB1237A20466BB12368EF
:102590006F681B6898476B68E188DB1BC3F30F12F9
:1025A000B1EB131FA28038BFE2806469002CEBD12D
:1025B000064B084A5B681088074C9B1BC3F30F113E
:1025C000B0EB131F218038BF1180F8BD001000E070
:1025D0006C020120760201207202012010B472B652
:1025E00021B9026812B103790F2B44D92A4C2188F2
:1025F000002341FA03F212F0010209D00133102B3B
:10260000F7D162B60022026003715DF8044B704797
:102610004FF0010C0CFA03FC41EA0C01218062B678
:102620001E495FFA83FC80F804C00C6C44F002047D
:102630000C64CC6B44F00204CC6303F10073A1F58D
:10264000802140F2824403F590630C605B0181F8C5
:102650001AC081F81EC081F818C081F81FC05DF84B
:10266000044B0360C3E90022C3E90222C3E9042248
:10267000C3E906227047084C218841FA03FC1CF08C
:10268000010FB5D003F1007303F59063B2EB431F64
:10269000AED162B6B9E700BFF0020120008004406D
:1026A00003790F2B11D8094A937672B6084990F82E
:1026B00004C00B88012202FA0CF223EA02030B8009
:1026C00062B6102200230271036070470080004050
:1026D000F0020120704700BF704700BF704700BF85
:1026E000704700BF704700BF38B5064CA4F16005C5
:1026F00054F8083C2046DB68183C9847AC42F7D1B8
:1027000038BD00BF480301202DE9F041036888B0BF
:1027100004461746002B3DD000229A600122DA6061
:10272000294DDFF8BC801D442D1151F8083B029360
:1027300005EB4506F60004A85B68984758F8063094
:1027400006F108004044DB6801909847029B1F4A4D
:10275000029204A9019848F806309B689847029BAA
:1027600004A8DB689847236819491F6003229A6010
:1027700005F13002531103F13823207968544033B6
:1027800001209B0002F01F0200FA02F21A6008B05A
:10279000BDE8F0810F4AD36B43F40003D36300BF5D
:1027A0000D4B01221A6003F580730C4A0360986890
:1027B0000028B5D0103393422360F8D10020206068
:1027C00008B0BDE8F08100BF008FFCBF7CA5000011
:1027D00030E400E00080044000700340407103409A
:1027E000F80201200448054A50F8083B01211B6803
:1027F000C2F80C11184700BFF80201200070034016
:102800000448054A836901211B68C2F81C11203065
:10281000184700BFF8020120007003400448054A31
:10282000036B01211B68C2F82C113830184700BF18
:10283000F8020120007003400448054A836C01211E
:102840001B68C2F83C115030184700BFF802012045
:1028500000700340094B0A480A4A0B4910B40B4C5C
:102860001C6098609C6118621C6398639C64186586
:102870005DF8044B002001F0DFB800BFF802012032
:10288000D5260000401EFF1FE92600006CA50000B1
:1028900008B5FEF773FDFFF793F900F059FFFAE76B
:1028A00001B441EA000313F003036FD1403A41D36E
:1028B00051F8043B40F8043B51F8043B40F8043B1A
:1028C00051F8043B40F8043B51F8043B40F8043B0A
:1028D00051F8043B40F8043B51F8043B40F8043BFA
:1028E00051F8043B40F8043B51F8043B40F8043BEA
:1028F00051F8043B40F8043B51F8043B40F8043BDA
:1029000051F8043B40F8043B51F8043B40F8043BC9
:1029100051F8043B40F8043B51F8043B40F8043BB9
:1029200051F8043B40F8043B51F8043B40F8043BA9
:10293000403ABDD2303211D351F8043B40F8043B49
:1029400051F8043B40F8043B51F8043B40F8043B89
:1029500051F8043B40F8043B103AEDD20C3205D359
:1029600051F8043B40F8043B043AF9D204320AD04F
:10297000D2071CBF11F8013B00F8013B03D30B78D1
:1029800003704B78437001BC704700BF0C2A4AD3D8
:1029900010F0030311D0C3F10403D21ADB071CBFEC
:1029A00011F8013B00F8013B07D311F8013B00F897
:1029B000013B11F8013B00F8013B11F003033FF428
:1029C00075AF30B4043AC91AC3F1040C51F8044B82
:1029D000022B19D0032B0BD0240A51F8043B1D06FF
:1029E00044EA050440F8044B1C46043AF4D216E0CD
:1029F000240E51F8043B1D0244EA050440F8044B40
:102A00001C46043AF4D20AE0240C51F8043B1D049D
:102A100044EA050440F8044B1C46043AF4D204325C
:102A2000B1EB0C0130BC043AA0D3013A11F8013BE0
:102A300000F8013BF9D20B7803704B7843708B7828
:102A4000837001BC704700BF08B50F4C636B58031F
:102A50000DD4636B59050FD4636B1A0511D4636BE6
:102A6000DB04F3D500F012F8636B5803F1D500F0E6
:102A7000BFF9636B5905EFD500F008F8636B1A05D1
:102A8000EDD500F003F8EAE70080044008B5FFF751
:102A9000DBFF00BF014B10221A8070470020054069
:102AA000704700BF0B490A6848B108B5EC461318D7
:102AB000ACF50050834204D20B60104608BD1046AE
:102AC000704703F08FFA0C234FF0FF32036010467B
:102AD00008BD00BF441EFF1FFEE700BF074BDA78AA
:102AE000802A01D00020704705490648486400222A
:102AF0005A70DA78802AFCD00120704700E0074045
:102B00000080044000002822074BDA78012A01D017
:102B10000020704760225A70DA78802AFCD1034B7B
:102B2000034A5A640120704700E0074000800440D7
:102B30000000060202F028BF034B002210215A6158
:102B40005A6018605961704700D00340704700BF59
:102B50004FF0E02C2DE9F0414FF00068CCF80481F3
:102B60004FF08058CCF804814FF00058CCF8048125
:102B70002F4A3049304C314D314E4FF08048CCF81F
:102B80000481282300204EF6FF7E09274FF00048DD
:102B9000CCF804814860C1F808E0CB604B61CB61A0
:102BA0004B62CB624B63CB634B64D3605361D361A5
:102BB0005362D3625363D36353640F606860C5F894
:102BC00008E0EB606B612F606060C4F808E0E360D0
:102BD000636127605060C2F808E0D36053611760FA
:102BE000F16A41F40071F162716802F5803241F0DE
:102BF0000071716047F6FF740821506082B09460E4
:102C0000D3605361116000F047FEFFF79FFF0D4C4A
:102C100023680093009B132BFAD900F0A5FC2368CE
:102C20000193019BB3F5967FF9D302B0BDE8F08123
:102C300000900B400080034000800B400090034058
:102C400000800440580301202DE9F843044672B681
:102C5000214F4FF0E02293693D68D2F8042D62B60F
:102C6000520102D5322B88BF01350CB9BDE8F8837B
:102C7000DFF86890DFF86880A9EB03039B08A8FBE6
:102C800003234FF47A7202FB05F505EB93054FF031
:102C9000E02672B6B1693A68D6F804CD62B6A9EBFF
:102CA00001039B08A8FB03031CF0806FC5EB930393
:102CB0004FF47A7002D0322988BF013200FB023310
:102CC000B3F57A7F04D3013CD0D005F57A75E0E7FF
:102CD00000F03EFDDDE700BF580301201FBF0200EA
:102CE000176CC11610B472B61A4A1B4C042312F8A2
:102CF000011B090743F0010C05D554F8331069B1E5
:102D000054F83C10C9B10433182BF0D162B6134B00
:102D100000221A705DF8044B00F09CBC0F4904EBD4
:102D2000C302083050600A780D4844F83300013A75
:102D30000A7062B65DF8044B7047084A094904EB13
:102D4000CC0308305860137844F83C10013B1370F2
:102D500062B6EFE7F0A500000000FF1F5604012057
:102D600088004000C8004000421E042A0ED81C4BB8
:102D7000400140F0100010B4034472B6194CA05C3E
:102D800003281DD8DFE800F014160319704705204A
:102D9000A05413F0080F088814BFC82288220831F5
:102DA00042EA004259601A6062B65DF8044B70470F
:102DB0000320EDE708330220EAE708330420E7E7C1
:102DC000094B53F8220038B1084B53F822004160F8
:102DD00043F8221062B6E8E743F82210034BF7E706
:102DE0000000FF1F440401201C04012030040120C6
:102DF0002DE9F04FDFF810A3DFF810B385B03DE008
:102E0000B14D9E0805EBC607013A796813F0080337
:102E1000D4B2A1F1080040F0BA8055F836204FEA4C
:102E2000124C120C21F808CC00F0A98021F8063CC5
:102E300041F8043CA54B53F82420002A00F00382FB
:102E4000A34B53F82420506043F82400A14B33F8DF
:102E50001420944423F814C000F0DCFB002800F098
:102E6000EB8117F0080F9C4B00F1080018BF5B4680
:102E7000786045F8363008238AF880309AF8803038
:102E80005907DCB21DD5954B1B78BBB194490A7824
:102E900002F0FF032AB1013BDBB20B70002B00F004
:102EA000488390490A7802F0FF032AB1013BDBB264
:102EB0000B70002B00F0ED8100F0F4FB04238AF886
:102EC000803014F0080200F0CC819AF89020D3B240
:102ED000120995D1DFF8F0919B0809EBC30459F86A
:102EE00033006468C0F3830009287CD00FD8013810
:102EF000012808D87C4A158842F22100854200F05A
:102F0000FB8149F833B001238AF89430B3E70D28E8
:102F1000F9D1D4E90007754D49F833B0724E744CBD
:102F2000C9F8102083B240F2816CC9F818202A60D9
:102F300063454FF00102C6E90007227000F2FF80EE
:102F4000B3F5D06F80F0CB82B3F5817F00F026829D
:102F500040F2DE8040F2023293427BD107F07F07DD
:102F6000052F00F20881020C40F00581614911F83B
:102F7000273043F0020301F82730134670E017F0C2
:102F8000080F554B18BF5B4645F8363073E700F025
:102F900061FB5949594A51F82430002B00F0578100
:102FA000586841F82400115D03F108007860032996
:102FB00005D8DFE801F0120F1502042111551A8817
:102FC00017F0080F14BFC823882343EA024345F8CB
:102FD000363050E702211155F1E703211155EEE794
:102FE00005211155EBE7414D2A683AB34449404C5D
:102FF0000F88444894F800E00678402F3B4628BFED
:103000004023BEF1000F8EF0010E84F800E046F080
:10301000020486F00106067009EBC400426014BF8A
:10302000C820882040EA03401A44FB1A9BB249F8A2
:1030300034000B80002B00F036812A602A4B1A885E
:10304000B2F5A06F7FF45FAF9A788AF898200022DB
:103050005A7058E7B3F5A06F40F08D8000221346F8
:10306000B6F806C02748944528BF944667460278BC
:10307000402F28BF402742F0020E3E0409EBCE0845
:1030800046F0C806C8F8043049F83E6000263B44C4
:103090002670BCEB070782F00106067040F0118134
:1030A000BCF13F0F4FF0010509D946F0020602704E
:1030B00009EBC60225705360882349F83630012396
:1030C0008AF894301FE700BF0000FF1FEC030120C7
:1030D000000401204C040120880040004904012024
:1030E0004A0401207804012014040120E003012097
:1030F000DD030120C02007401C04012044040120FE
:10310000DE030120DC03012000200740C80040004E
:10311000802B00F08B81822B2DD107F07F07052FAC
:1031200029D8A74A00231380A64B13F827309F07FE
:1031300040F1FC8101231370A14B022290E742F27F
:10314000210C6345BBD01DD942F2212293420DD1FF
:10315000BFB2002F82D19C4B1A689C4B1A609C4BCB
:10316000C0F3074000221870134679E742F221327B
:1031700093423FF473AF0F238AF8C03001238AF8DB
:103180009430C0E6B3F5086F00F04A81B3F5106FD4
:10319000F1D1904BC0F307400425187059F8353031
:1031A0001A0606D40135182D0CD059F835301A06F8
:1031B000F8D509EBC50301355868083800F04AFA1C
:1031C000182DF2D1844A854B0292854A0192854E90
:1031D000854ADFF848820394009200251C4656F881
:1031E000047B2FB138467F6800F034FA002FF9D104
:1031F000009BD8F8007043F8045B46F8045C009329
:103200002FB138467F6800F025FA002FF9D1029BD4
:1032100048F8045B43F8045B0293019B23F8025BCC
:1032200001932378023B032B00F20981DFE813F0BE
:103230003F0104013F0104016C4A45F83600137850
:103240000133137017E643F82400674BFCE5115D6A
:10325000022926D07FF60FAE03291DD10123135575
:1032600009E6E0076ED4210621D4A20708D5604BF9
:1032700093F888200221D2B283F8882083F8801046
:10328000E30603D55A4B102283F8802005B0BDE831
:10329000F08F00F039FA0FE617F0080F14BF032380
:1032A00002231355E7E53F2F98BF0022C5E6504B98
:1032B00080220D2183F8C01083F88020A207DFD57B
:1032C000D5E746F002060270402F09EBC6003A46E9
:1032D00028BF402243601004134440F088000121BD
:1032E000BA1A49F83600217055D02B60414B1A802C
:1032F00001238AF8943006E692885AB93E4AE51DC1
:1033000014F8011B02F8011FAC42F9D13B4A1268C4
:10331000862A3CD03A4C3B4825780278002D85F02F
:103320000105257042F0020482F00102027009EBEF
:10333000C4024FF00000506014BFC822882249F830
:103340003420DEE52A4B2F482F49304C022583F8E4
:10335000945002702E480C602E4D48608C600D24F5
:10336000CD60FF200A618A6183F8C04001219F245B
:1033700083F8880083F8800083F8982083F88C0015
:1033800083F8844083F8941005B0BDE8F08F224A9A
:103390000F201070BEE73F2FA7D890E607F07F07F9
:1033A000052F3FF6E8AE000C7FF4E5AE054A12F8B3
:1033B000273023F0020302F82730002213464FE69D
:1033C000E4030120C02007405803012074040120B9
:1033D000700401204904012030040120440401202C
:1033E0004C040120EC0301200004012056040120BC
:1033F00000200740DE03012067040120680401204B
:10340000DD030120DC0301200000FF1F88004000D5
:103410005C0301209C0301204A0401201C040120BC
:10342000484B49491B780B700B4619E6464A002366
:103430001380454B022213E64FF001032370434BE8
:10344000B34204F101047FF4CAAE414E039CDFF89D
:103450001481404F00233370042518F8013B3E4A85
:10346000AB541B0725D445F0020145F00302043597
:103470000023182D49F8313049F83230EDD1374F5B
:1034800025783A7842F0020009EBC00C85F001067D
:10349000CCF80430002D4DD1882382F00102267033
:1034A0003A7049F8303001238AF894302BE52570C2
:1034B000C5E700F0AFF8002832D009EBC5030830AB
:1034C000586049F8357000F0A5F808B345F00103DD
:1034D00009EBC3020830506049F833B0C3E7204A13
:1034E0005368002B3FF447AE000CBFB204E01369F1
:1034F0000C32002B3FF43FAE11888142F7D1518846
:10350000B942F4D1000A03280CBF1A781289A7E542
:1035100033780133337045F0010349F83300A2E7F3
:10352000337849F8350001333370CCE7064B02227B
:1035300096E500BE2670C82382F001063E7049F869
:103540003030BCE549040120E403012000040120DF
:103550005604012088004000C0200740DC03012001
:1035600090A50000F0A5000010B500F0FBF90023C5
:10357000234A194642F8331002EBC3000133182BDB
:103580004160F7D11F48204C436B43F480234363D1
:10359000D4F8003800F5283000F5807043F040730F
:1035A000C4F80038032480F84440184BA02480F865
:1035B0004040C2F3072483F89C40C2F30744120E34
:1035C00083F8B0404FF0FF0C83F8B420012283F859
:1035D00080C00F4C83F888C083F810C083F8942013
:1035E00001704FF0E02183F884204FF0700C4FF40D
:1035F0000012102384F835C0C1F80421037210BDF5
:103600000000FF1F0080044000D000400020074061
:1036100000E400E072B60D490B68B3FA83F01D2890
:1036200010DC4FF00042C24023EA02030B6062B696
:10363000074A00EBC000C10002EBC000002353505A
:103640004360704762B60020704700BF481EFF1FEE
:10365000D015FF1F0E4BC31AB3F5076F10D20D4ADA
:10366000127872B972B60C4A0C49A2FB032308689F
:103670004FF000421B0922FA03F303430B6062B6CA
:103680007047074A1278002AECD0FFF72BBB00BF27
:10369000D015FF1F56040120398EE338481EFF1F46
:1036A0004904012070B50B4C257845B90A4E3168A4
:1036B0000123237009B14B8813B90023237070BD17
:1036C0009B000B800420FFF74FFB00233560237025
:1036D000F5E700BF5704012058040120084B094AB0
:1036E0001B6810B554881BB11A885B88D31A1C4418
:1036F0000CB1204610BD00F02BF8204610BD00BFD5
:103700005C0401204C04012038B50E4B1B7853B9E2
:103710000D4C216841B103F0FF054B880B8003205D
:10372000FFF722FB256038BDFFF774FF014620B18B
:10373000BDE838400320FFF717BB044B01221A7085
:1037400038BD00BF6004012064040120780401201A
:103750002DE9F843324E337863B1324F3A784AB9A3
:103760000122D9073A7043D49A0726D400225B0776
:103770003A7001D4BDE8F8832B4B1A68002AF9D0BF
:10378000EFF30582002AF5D1EFF3108572B61868C1
:1037900000283AD0254C2178002936D142691A6098
:1037A00001232370002A37D0916105B962B6002544
:1037B0008368457798472570DCE7DFF87C8098F8C8
:1037C0000020002AD2D00025DFF870902B4659F84F
:1037D0002340236820461B690135984708B12369B7
:1037E000984798F80020EBB29A42F0D83378BDE7BA
:1037F000FFF774FF68B90E4B1B780BB93378B3E74A
:10380000337803F0FE033370AEE7002DB2D162B619
:10381000B0E700F0A5F8EEE7064B1A60C5E700BF79
:103820004C1EFF1F790401207C0401208804012024
:103830008CA500008C040120A80401209004012024
:1038400070B5EFF3108272B60C4C206880B10C4E4C
:1038500000254369236073B19D6102B962B6836834
:1038600045779847EFF3108272B620680028F0D1B0
:1038700002B962B670BD3360EFE700BF8404012077
:1038800080040120FFF7DCBF024A13680133136094
:10389000704700BF580301202A4B2B4A6020E121CA
:1038A0001870597013782948082B34D00A2B20D06F
:1038B0000C2B274B0CBF35215D2112228160C26089
:1038C0009960DA60234B21491B78214ACBB101234F
:1038D0000B621362204B1D491B781D4A012B13D923
:1038E000042B1BD884234B6253621C4B01221A7099
:1038F0007047174B392113228160C2609960DA60EA
:10390000E0E70B621362E5E780234B625362134BDF
:1039100001221A7070470E4B2121ECE7082B06D8C4
:1039200085234B6253620D4B01221A707047102B96
:1039300094BF862387234B625362084B01221A707F
:10394000704700BF004007404D1EFF1F00B00340FE
:1039500000B00B40A90401204E1EFF1FAA04012045
:10396000704700BF10B584B072B6FFF7B7F8174ABA
:1039700017495160702080231070137013781B0654
:10398000FCD5D468FFF7C0F862B6124B9C423CBF2E
:1039900004EB8404640020460F4C01A90A2200F0C5
:1039A0001DF801A92046002311F8012B01333AB17B
:1039B0000A2B20F8022FF7D11623237004B010BD74
:1039C0005B00DBB2237004B010BD00BF00000240FA
:1039D0000000074180969800401FFF1F01F1FF3C47
:1039E00070B56546002401E070460134B0FBF2FE7C
:1039F00002FB1E03092B03F130068ABF3733F3B2F3
:103A0000DBB2904205F8013FEED2631C0022CA549B
:103A1000C8187CB162461CF8015F10F801ED8CF803
:103A200000E0A1EB0C030232013B521A23449A42FC
:103A30000570EFDB084670BD03460846194602F0E4
:103A4000B9BA00BF00F020BB08B52DED028BB0EE77
:103A5000408A00F0C1FBF0EE408AB0EE480A00F068
:103A6000AFF868B1DFED127AB4EEE78AF1EE10FA42
:103A70000BDCDFED107AB4EEE78AF1EE10FA0FD42A
:103A8000B0EE680ABDEC028B08BDDFED0B8A02F0D8
:103A9000A9FAB0EE680ABDEC028B2223036008BDD0
:103AA00002F0A0FA2223DFED058A0360E8E700BFF9
:103AB0001772B142B5F1CFC20000807F0000000054
:103AC00008B52DED048BB0EE608AB0EE409A00F0A0
:103AD0007BFCB4EE488AF1EE10FAF0EE408A0BD689
:103AE000B5EE409AF1EE10FA17D1B5EE408AF1EE3C
:103AF00010FA06D1F7EE008AB0EE680ABDEC048B2E
:103B000008BDB0EE480A00F05BF80028F4D0B5EE2E
:103B1000C08AF1EE10FAEFD525E000F051F888B137
:103B2000F5EE408AF1EE10FAE6D1B0EE490A00F067
:103B300047F80028E0D0B0EE480A00F041F800282D
:103B4000DAD010E0B0EE490A00F03AF80028E7D0E9
:103B5000B0EE480A00F034F80028E1D0F4EE688AAC
:103B6000F1EE10FA04D602F03DFA22230360C3E717
:103B700002F038FA21230360BEE700BF08B52DED3F
:103B8000028BB0EE408A00F01BFCB4EE488AF1EEE6
:103B900010FA06D6DFED098AB4EEE88AF1EE10FAE3
:103BA00002D4BDEC028B08BD02F01CFA88EEA80A14
:103BB000BDEC028B2123036008BD00BF00000000A4
:103BC00082B08DED010A019820F00040B0F1FF4F66
:103BD000ACBF0020012002B0704700BF10EE103AC9
:103BE000184A23F0004393421BDDB3F1FF4F02DB81
:103BF00030EE400A704700B583B0684600F026FFFB
:103C000000F003000128DDED010A9DED000A0CD053
:103C1000022812D070B1012000F00EF903B05DF857
:103C200004FBDFED090A00F085B800F005F9B1EEFC
:103C3000400AF3E700F07EF8F0E700F07BF8B1EE21
:103C4000400AEBE7D80F493F0000000010EE103AA1
:103C5000194A23F0004393421CDDB3F1FF4F02DB0E
:103C600030EE400A704700B583B0684600F0EEFEC3
:103C700000F003000128DDED010A9DED000A0ED0E1
:103C8000022813D070B100F055F8B1EE400A03B02D
:103C90005DF804FBDFED090A002000F0CDB800F06C
:103CA00049F8F4E7012000F0C7F8F0E7012000F040
:103CB000C3F8B1EE400AEAE7D80F493F0000000020
:103CC00010EE103A114A23F00043934218DDB3F18D
:103CD000FF4F02DB30EE400A704700B583B0684604
:103CE00000F0B4FE400000F00200DDED010A9DEDA1
:103CF000000AC0F1010000F0E7F803B05DF804FB32
:103D0000DFED030A012000F0DFB800BFDA0F493F02
:103D100000000000F0EE400AB0EE000AFFF7D0BE4F
:103D200008B501F07BF8DFED027A80EE270A08BDC6
:103D30001872313F10EE103A23F00043B3F1485FA0
:103D40002CDAFDEEC07A17EE903A002B60D020EE10
:103D5000007ADFED317A9FED315ADFED315A9FED78
:103D6000316ADFED316AA7EE275ADFED307AE7EEF0
:103D7000055AA7EE256AE7EE067AE7EE276A67EEB0
:103D8000266A60EEC00AF6EE007AE7EE260AB7EE83
:103D9000000AD7EE270A30EE600A704720EE007A5C
:103DA000DFED1D7A9FED1D5ADFED1D5A9FED1D6A57
:103DB000DFED1D6A1E4AA7EE275A9342DFED1B7AFC
:103DC000E5EE075AA5EE876AE6EE077AE7EE876A20
:103DD00066EE876AD5DD174A934214DC03F17F4310
:103DE00007EE903AB7EE006A36EE676A60EEC00AF8
:103DF000F6EE005AD7EE257AE7EE260A77EEE07A5D
:103E000036EE670A7047B6EE076AF5EE027AEDE71E
:103E1000B7EE000A704700BF4ED747ADF6740F31BA
:103E20007CF293B4010DD037ABAA2A3D610BB6BA30
:103E30009999993E0000483F10EE103A23F0004354
:103E4000B3F1485F04DAFDEEC07A17EE903A5BB347
:103E500060EE007A9FED157ADFED155A9FED156A39
:103E6000DFED156AE7EE875A9FED147AA5EEA76A93
:103E700020EE275AE6EE276AA6EEA77A30B9DFEDE4
:103E8000106AE7EE876AA6EE850A704727EE457A44
:103E9000F6EE006AA0EEA67ADFED0A6AD7EE270AF0
:103EA000E5EE260A30EE600A704700BFD3C92E2F18
:103EB000342FD7B21BEF3836010D50B98988083C32
:103EC000ABAA2ABEABAA2A3E08B510EE103A23F0E0
:103ED0000042B2F1465FF0EE407A0FDABDEEC07AF2
:103EE00017EE101AF9B9431C134300F09F80012804
:103EF00003D0BFEE007A87EE270A08BD50498A42F8
:103F000011DB9FED507ADFED506A002BBCBFF1EE64
:103F1000600AF1EE407A77EE677A36EEE07ADFED0E
:103F20004B0A77EE277A67EEA76ADFED494ADFEDA5
:103F3000495A9FED495A9FED496A414926EEA67AB2
:103F40008A42E7EE245AA7EE056ADFED454A9FED67
:103F5000455AE5EE874AA6EE075ADFED435A9FED34
:103F6000436AE4EE875AA5EE076ADFED414A9FED0A
:103F7000415AE5EE874AA6EE075A9FED3F6ADFED0C
:103F80003F5AA4EE876AE5EE075AB0EE467AA5EEF0
:103F9000A67A27EEA65AB0EE606AA7EE056ADFEDB4
:103FA000384AE6EE260AE5EE240A37EEA00A1FDAC2
:103FB0000128A2D0BFEE007AC7EE006A314B10EEA6
:103FC000102A1A4006EE102A16EE902A76EE677A2C
:103FD000134000EE103AB7EE007A70EEE70AF0EE0A
:103FE000477AE6EE007AE0EE807AA7EEA60A08BDF0
:103FF00007EE100AB8EEC77A60EE006A30EE070AE4
:104000009B1786EE806A03F00203C3F10103F0EE12
:10401000005A36EE606A06EE903A77EEC67AF8EE0F
:10402000E66AA7EEE57A26EE870A08BD01F074F885
:10403000B7EE007AF0EE407A87EE270A08BD00BF9F
:1040400040A12C3FDA0F493F6821223300000000D5
:104050005FAE9BB745F4A3388453D9377AC09538FF
:10406000C8261A3AB937813916696B3B48DEBE3A21
:10407000A427B33C1F37113C8988083ED10D5D3D14
:10408000ABAAAA3E00F0FFFF10B582B0CDED010A49
:10409000019B23F00042B2F1FF4FF0EE407A30DC9A
:1040A00010EE100A20F00041B1F1FF4F29DCB3F10E
:1040B0007E5F42D09C1704F0020444EAD07431B30E
:1040C0007AB3B2F1FF4F40D0B1F1FF4F29D0891A36
:1040D000B1F1F45F4FEAE15234DA002B42DA3C32BC
:1040E00040DA9FED340A012C4ED0022C43D064B14B
:1040F0009FED317ADFED317A30EE070A30EE670A54
:1041000003E09DED017A37EE270A02B010BD022CC4
:1041100010D09FED2B7A032C08BFB0EE470A02B0F7
:1041200010BD9FED280ADFED287A0028B8BFB0EE59
:10413000670AEAE79FED210AE7E702B0BDE8104011
:1041400000F010BF9FED1F0ACDE7B1F1FF4F04F162
:10415000FF3420D0022C26D81C4B03EB840393EDB4
:10416000000AD2E79DED017A87EE870A00F0D4FFBE
:1041700000F0F8FEB7E79FED107ADFED107A30EE31
:10418000070A37EEC00AC0E710EE103A03F1004309
:1041900000EE103AB9E7022C08D80D4B03EB84036C
:1041A00093ED000AB1E79FED030AAEE79FED090A20
:1041B000ABE700BF000000002EBDBB33DB0F494062
:1041C000DB0F49C0DB0FC93FDB0FC9BF04A60000EE
:1041D000F8A50000DB0F493F10EE103A23F0004233
:1041E000B2F1FF4F56D84FEAD37100F09580624884
:1041F000834200F38780002BC0F287805F4B9A4296
:104200004BD95F4B9A4200F29A805E4B5E4A03EBB9
:104210008103D3ED004A02EB8102C1F1010370EE8C
:10422000644AD2ED007A5B1A34EEE70ADFED576A92
:104230009FED575ADFED575A9FED576A20EE007AEF
:10424000A7EE265ADFED556AE5EE075AE5EE876AD6
:10425000A6EE876AF0EE406AE6EE476A002B42D08F
:10426000B0EE007A20EE266A37EE667AB7EE000AE4
:10427000C6EE076A13F17D0F77EEE67A77EEE47A01
:1042800030EE670A4FDB10EE102A02EBC35300EE4C
:10429000103A704730EE000A7047B2F1505F0AD210
:1042A000DFED3F7A70EE277AB7EE007AF4EEC77A48
:1042B000F1EE10FA5DDC60EE007A9FED347ADFED0E
:1042C000345A9FED346ADFED356AE7EE875A9FED89
:1042D000327AA7EEA56AE7EE866AA7EEA67AF0EE36
:1042E000406AE7EEC76AF0EE007A20EE266A76EEC4
:1042F000E76AB7EE007AC6EE267A77EEC07A37EE36
:10430000670A7047002000F083BD264B9A427FF673
:1043100075AF002000F076BDDFED237A002918BFCD
:10432000B0EE670A704710EE102A643302EBC353F5
:10433000DFED1E7A00EE103A20EE270A70471C4B84
:104340009FED1C7ADFED1C6A03EB8103D3ED007A4D
:10435000E0EE077A9FED197AFDEEE77AF0EE404A3B
:1043600017EE903AF8EEE77AE7EEE64A67EE877ADC
:104370005AE730EE070A70471772B1421872B13E21
:104380009115853F18A6000020A600004CBB3133D4
:104390000EEADDB555B38A38ABAA2A3E610B36BBAF
:1043A000CAF24971B5F1CF42000000000000800D53
:1043B00010A600003BAAB83F8071313FD1F71737F4
:1043C000B1EEC00A704700BF2DE9F0412DED028B20
:1043D00082B0CDED010A8DED000ADDE9004535F032
:1043E000004611D184F48004640014F5000F40F2FB
:1043F0001281DDED007A9DED017A37EE870A02B079
:10440000BDEC028BBDE8F08124F00047B7F1FF4F0F
:10441000EFDCB6F1FF4F00F3F380002CC0F2028115
:104420004FF00008B6F1FF4F00F01781B6F17E5F44
:1044300000F02281B5F1804F00F00A81B5F17C5F78
:104440009DED000A40F01D81002C80F2478100F0B4
:1044500063FEB7F1FF4F00F02581002F00F01F81B0
:10446000B7F17E5F00F01581E20F013A58EA0203CE
:1044700000F03B81B6F19A4F40F35E819E4B9F4224
:1044800040F34F829D4B9F4200F35882F7EE007A33
:1044900030EE670A9FED9A6ADFED9A5AF5EE007AE0
:1044A000A0EE676AF6EE006AE6EE406A20EE007A59
:1044B000DFED957A9FED956A27EE267A67EEC77A4B
:1044C000E0EE257AF0EE676AE0EE066A16EE903AC4
:1044D00023F47F6323F00F0307EE103AA0EE467A31
:1044E00006EE903A77EEC77A25F47F6525F00F0542
:1044F0009DED017A06EE105A67EE877A37EE466A2E
:1045000007EE105AE6EE267A08F1FF3858EA02085C
:1045100026EE877AB7EE008A77EE876ABFEE006AEA
:1045200016EE903A08BFB0EE468A002B23F0004208
:1045300040F3C581B2F1864F00F32E8200F0118264
:10454000B2F17C5F00F353820022104623F47F63B4
:1045500023F00F0306EE103ADFED6D6A9FED6D3A22
:104560009FED6D2ADFED6D3A9FED6D4ADFED6D4AEF
:104570009FED6D5A36EE477AF0EE002A77EEC77A55
:1045800026EE267ADFED696AA7EEA67AB7EE000A74
:10459000F0EE476AE6EE036A66EEA65AF0EE667A39
:1045A000E5EE823AE6EE437AB0EE446AA3EEA56AFF
:1045B00077EE677AB0EE647AA6EE257AB0EE456AB9
:1045C000A7EE256AB0EE667AA6EE657AE6EEA77AE1
:1045D00066EE875A37EE626A85EE867A77EE677AFC
:1045E00077EEE67A30EE670A10EE103A1344B3F530
:1045F000000FC0F2A08100EE103A20EE080AFEE69D
:10460000B4F17E5F7FF4F5AE85F480056D0015F59D
:10461000000F3FF6EEAEB7EE000A02B0BDEC028B23
:10462000BDE8F081B6F1974F0FDAB6F17E5F09DB96
:10463000F315C3F1960346FA03F202FA03F3B34209
:1046400000F038814FF00008F0E64FF00208E9E68C
:10465000DDED007A27EEA70AD1E6B7F17E5FDAD06A
:104660002BDD9FED330ADDED017A002DB8BFF0EEB2
:10467000407AB0EE670AC2E6002D23DB9DED000A0A
:10468000BDE600F049FDB7F1FF4F02D0002F7FF4E7
:10469000E7AE002DBCBFF7EE007A87EE800A002C53
:1046A000BFF6ADAEA7F17E5757EA080740F0FB8092
:1046B00070EE407A87EEA70AA1E6002D09DB9FED98
:1046C0001C0A9CE69DED007AF7EE007A87EE870AD9
:1046D00095E6DDED017AB1EE670A90E602B0BDEC39
:1046E000028BBDE8F041FFF76BBEDDED007A77EE9F
:1046F000E77A87EEA70A82E6F3FF7F3F0700803F55
:10470000ABAAAA3E70A5EC363BAAB83F00AAB83FB8
:104710008CBEBF350072313F4CBB31330EEADDB584
:1047200055B38A38610B36BBABAA2A3E1872313FAB
:10473000000000000000804B14F0FF4F40F0EF80BD
:104740005FED047A60EE277A6FF0170317EE907A28
:10475000AC48F915C7F316077F398742194447F06B
:104760007E5340F3D480A848874240F3F1809FED08
:10477000A74A0131B0EE443AA3F50003F7EE005A20
:10478000002006EE103A76EE257AB7EE007A87EE34
:10479000270A5B1043F0005303F58023034476EEB1
:1047A000656A07EE901A66EE803AB8EEE77A13EE85
:1047B000901A07EE903A964BDFED960A9FED968A97
:1047C0009FED961ADFED962ADFED961A9FED962A59
:1047D00077EEE55A194005EE101A36EE656A63EE7B
:1047E000A35AE5EE676AF0EE607AE5EE887AE5EEC8
:1047F000466AA7EEA51A66EE806AE1EE252A73EEF8
:10480000857AE2EEA51A25EEA58AA1EEA52A67EE25
:10481000A67AF0EE084AB0EE646AE8EE027AA5EEF7
:10482000056ADFED820A9FED821ADFED822A36EEFD
:10483000276A16EE101A194006EE101A76EE644A30
:10484000E5EE454A77EEE47A67EEA37AE6EE867AFD
:10485000F0EE675AE5EE065A15EE901A194006EE8C
:10486000901AE5EE466A05EE901A77EEE67A67EE64
:10487000A07AE5EE817A77EE837AF0EE676AE5EE6C
:10488000A26A76EE846A76EE876A16EE901A19406E
:1048900006EE901A36EEC77A37EE447AA5EEE27A43
:1048A00077EEC77A20E6B8F1010F7FF4A8ADB1EE3C
:1048B000400AA4E502F00102C2F10208B6E55E4931
:1048C0008A4200F38C806FD0B2F17C5F7FF73CAE00
:1048D000D2154FF400017E3A41FA02F21344C3F3B9
:1048E000C751564A7F39C3F316000A4140F400000D
:1048F000C1F117011A400841404206EE902A37EEF6
:10490000667AC20577EE876A16EE903A1EE69FED4C
:104910003F4AF7EE005AB0EE443A002031E7002358
:1049200016E7002D0CDB002002B0BDEC028BBDE8C9
:10493000F04100F067BA00F0A1FA5EE6002DF2DD6A
:10494000002002B0BDEC028BBDE8F04100F060BA7F
:104950009FED3B4A9FED3B3AF7EE085A4FF40010AB
:104960000FE79FED396A76EEC76A37EE866AB4EED6
:10497000E66AF1EE10FA0FDC03F500432F4AC3F3A9
:10498000C7517F39C3F316000A4140F40000C1F15A
:1049900017011A400841B0E7B5EEC08AF1EE10FAEF
:1049A0004CBF01200020CCE776EEC76AF4EEE76A40
:1049B000F1EE10FA13DA03F50044204AC4F3C751AC
:1049C0007F39C4F316000A4140F40000C1F1170119
:1049D000002B40FA01F002EA04028DDB8DE7B5EE10
:1049E000C08AF1EE10FA4CBF012000209CE7D215DE
:1049F0004FF400017E3A41FA02F21344D9150F4AEE
:104A0000BFE700BF71C41C00D6B35D00000000000A
:104A100000F0FFFF55326C3E42F1533E05A38B3E42
:104A2000ABAAAA3EB76DDB3E9A99193F4F38763F45
:104A3000A0C39D360038763F00001643000080FF7B
:104A400000C0153FDCCFD1353CAA383370B510EE2D
:104A5000103A884A23F00044944286B0054670DD3F
:104A6000854A944210EE106A22DC002BDFED837A37
:104A7000834A24F00F04B0EE407A40F3E28094427F
:104A800070EE677A09BFDFED7F6A9FED7F7A9FED59
:104A90007F7A77EEE67A012077EEC76A77EEE67ADC
:104AA000C5ED006A77EEC77AC5ED017A06B070BD34
:104AB000774A944254DDB4F1FF4F49DAE215863A61
:104AC000A4EBC25307EE903ABDEEE77ADFED716AD0
:104AD000B8EEC77A77EEC77A8DED037A67EEA67ADD
:104AE000BDEEE77AB8EEC77A77EEC77A8DED047A35
:104AF00067EEA67AF5EE407AF1EE10FACDED057A82
:104B000040F08E80B5EE407AF1EE10FA14BF022329
:104B10000123614901910221009103A8294600F077
:104B200009FB002EC2DA95ED007AD5ED017AB1EEDF
:104B3000477AF1EE677A85ED007AC5ED017A404259
:104B4000B4E7002285ED000A4260002006B070BD87
:104B500070EE407A0020C5ED017AC5ED007AA5E738
:104B600000F0DAFA9FED4D7A9FED446AF6EE007A96
:104B7000E0EE077A9FED447AFDEEE77A17EE900AB1
:104B8000F8EEE76A1F28A6EEC60A66EE877AB1EE4F
:104B9000666A1EDC424A411E24F0FF0352F82120BF
:104BA000934216D030EE677A85ED007A30EE470AF0
:104BB000002E30EE670A85ED010ABFF677AFB1EE41
:104BC000477AB1EE400A85ED007A85ED010A404250
:104BD0006CE730EE677AE21517EE103AC3F3C7536D
:104BE000C3EBD453082BDFDD9FED267A9FED275AC8
:104BF000F0EE405AE6EE075A70EE657AE6EE077A76
:104C0000D6EE857A35EEE77A17EE103AC3F3C7533E
:104C1000D21A192A06DCB0EE650A85ED007AC5E7DE
:104C2000032376E79FED1F7A9FED1F5AB0EE650ACA
:104C3000A6EE070A75EEC07AE6EE077AD6EE857A1A
:104C4000B0E7944270EE277A09BFDFED0E6A9FED60
:104C50000E7A9FED0E7A77EEA67A4FF0FF3077EE60
:104C6000876A77EEE67AC5ED006A77EE877AC5ED5A
:104C7000017A1BE7D80F493FE3CB1640800FC93FAD
:104C8000D00FC93F004435374344353708A3852E3C
:104C9000800F494300008043A8A6000084F9223F0A
:104CA00028A6000000A3852E32318D2410EE102A94
:104CB000C2F3C7537F3B162B22F0004131DC002B9F
:104CC00010EE100A18DB1A4919410A4228D0DFED0C
:104CD000197A70EE277AF5EEC07AF1EE10FA1FDD40
:104CE000002A04DD4FF4000242FA03F3184420EADC
:104CF000010300EE103A7047DFED0E7A70EE277A6E
:104D0000F5EEC07AF1EE10FA0ADD002A06DBF7EEC6
:104D1000007A002918BFB0EE670A70479FED060AB7
:104D20007047B1F1FF4FFBD330EE000A704700BF70
:104D3000FFFF7F00CAF249710000008010EE102AC8
:104D4000C2F3C7537F3B162B22F000412ADC002B15
:104D500010EE100A18DB1A4919410A4221D0DFED82
:104D6000197A70EE277AF5EEC07AF1EE10FA18DDB6
:104D7000002A04DA4FF4000242FA03F3184420EA4E
:104D8000010300EE103A7047DFED0E7A70EE277ADD
:104D9000F5EEC07AF1EE10FA03DD002A08DB9FED94
:104DA0000A0A7047B1F1FF4FFBD330EE000A70479B
:104DB000FFEE007A002918BFB0EE670A704700BF07
:104DC000FFFF7F00CAF249710000000010B582B0F9
:104DD0008DED010A044601F005F99DED010A04601C
:104DE00002B010BD30B1F1EE407A27EE800A2220E9
:104DF000FFF7ECBFF0EE407A27EE800A2220FFF7A3
:104E0000E5BF00BF9FED010AFFF7ECBF00000010F7
:104E10009FED010AFFF7E6BF0000007008B52DED19
:104E2000028BB0EE408A00F0B1FCB4EE488AF1EE9D
:104E300010FA0FD6B5EEC08AF1EE10FA0ADCB5EE24
:104E4000408AF1EE10FA08D101F0CCF822239FED50
:104E5000090A0360BDEC028B08BD01F0C3F8BDEC8C
:104E6000028B034621221A600348BDE8084000F087
:104E70005BB900BF000080FFC0A9000010EE103A2F
:104E800033F0004110EE102A28D0B1F1FF4F22D2AA
:104E900013F0FF4F23D1DFED2C7A2C4A60EE277AF6
:104EA000904217EE903A34DB4CF2503CC3F3C751BA
:104EB000604517EE902AA1F1190116DDDFED247A85
:104EC000DFED246A002BB0EE677AB8BFF0EE667AA9
:104ED00027EE870A704730EE000A704770474CF2A1
:104EE000503C60454FEAD151E8DC0144FE29E5DC45
:104EF000002915DC11F1160F19DB193122F0FF42E0
:104F000042EAC15207EE902A9FED130A27EE800A6B
:104F10007047DFED127A07EE103A27EE270A704746
:104F200022F0FF4242EAC15300EE103A7047DFED33
:104F30000B7ADFED0B6A002BB0EE677AB8BFF0EEAC
:104F4000667A27EE870A70470000004CB03CFFFFEE
:104F5000CAF24971CAF249F1000000336042A20D61
:104F60006042A28D38B510EE105A25F00044B4F11D
:104F7000A14FF0EE407A0DDBB4F1FF4F5BDCDFEDCB
:104F8000537A9FED537A002DD4BFB0EE470AB0EEAE
:104F9000670A38BD4F4B9C425CDCB4F1445F4DDB8B
:104FA0004FF0FF3327EEA76ADFED4B6ADFED4B5A78
:104FB000DFED4B4A9FED4B5A9FED4B4A26EE067AAA
:104FC0005A1CE7EE265ADFED496AA5EE875AE7EE4E
:104FD000246ADFED475ADFED474AE6EE875AA5EE31
:104FE000074A9FED455ADFED456AA5EE875AE4EE84
:104FF000074ADFED435AE4EE876AE5EE075A66EEAC
:10500000866A65EE875A3AD03E4A02EB830276EE14
:10501000A56A92ED007A3C4A96EEA77A02EB8303EA
:10502000002DD3ED006A77EE677A36EEE70AB0DA44
:10503000B1EE400A38BD30EE000A38BD9FED337A3C
:1050400030EE077AF7EE006AB4EEE67AF1EE10FA87
:10505000A6DD38BD00F060F82D4B9C4216DCA3F5B0
:10506000D0039C4227DCF0EE007ABFEE007AA0EE7F
:10507000277A002330EE270AC7EE007A92E776EE11
:10508000A56AE6EEE77AB0EE670A38BD214B9C428E
:105090000BDCF7EE087AB7EE007AA0EE277A02234F
:1050A00030EE670AC0EE077A7CE7BFEE007AC7EE03
:1050B000007A032376E7F7EE007A30EE677A30EE77
:1050C000270A0123C7EE007A6CE700BFDB0FC93F58
:1050D000DB0FC9BFFFFFDF3ED769853C59DA4B3D87
:1050E00021A215BD356B883D6E2EBA3D6BF16EBDAC
:1050F00095879DBD2549123E388EE3BDABAAAA3ED9
:10510000CDCC4CBED4A90000C4A90000CAF249719C
:10511000FFFF973FFFFF1B4010EE103A23F00043C4
:1051200000EE103A704700BF9FED010A704700BFC4
:105130000000C07F2DE9F04F2DED048BDBB01C4645
:1051400003930691A04B6899089253F82150111DC2
:10515000824604F1FF38C0F29882D31E48BF131D67
:10516000DB1002930133DB000793DDE907239B1A71
:105170000593029B15EB0801A3EB080316D401313C
:105180009FED927A699819441EAA002BA4BF50F88B
:10519000234007EE904A03F10103ACBFF8EEE77A33
:1051A000F0EE477A8B42E2EC017AEED1002DC0F2AC
:1051B000DB82039B1EAA02EB830446AE4FEA830CFC
:1051C0004046EF180AEB8301B8F1000FDFED7F7A5C
:1051D00009DB22465346F3EC016A32ED017A8B4239
:1051E000E6EE877AF7D10130B842E6EC017A04F1B5
:1051F0000404E9D10AAF07EB8503043B9FED759AE0
:10520000DFED738A059804930AEB0C0407EB85091C
:1052100046AE00955AAB03EB8503002D13ED140A3F
:105220004FEA850B16DD06EB85033A4660EE097AF8
:10523000B0EE407AFDEEE77A73ED016AF8EEE77AB8
:10524000B342A7EEE87A37EEA60ABDEEC77AA2EC23
:10525000017AEBD10190FFF711FEB0EE408AB4EE77
:10526000000A28EE000AFFF769FDF2EE007AA0EED0
:10527000678A01980028FDEEC89AF8EEE97A38EEC0
:10528000678A76DD05F1FF3EC0F1080357F82E204E
:1052900042FA03FC0CFA03F3D31AC0F1070119EE2A
:1052A000902A47F82E300B416244002B09EE902AD9
:1052B00067DCB5EE408AF1EE10FA40F0BE80009A4D
:1052C00005F1FF3B5A450EDC4FEA850C07EB8502E2
:1052D00000219E4652F8043D4A4541EA0301F9D1B6
:1052E000002940F0F180009B013B57F82330002B50
:1052F00040F0E680049B4FF0010C53F8042D0CF1B4
:10530000010C002AF9D06B1CAC449E460299039A0A
:1053100001EB030B0BF1804B69992A440BF1FF3B26
:1053200006EB83051EAB01EB8B0B03EB8201DBED80
:10533000017A9FED267AF8EEE77AB8F1000F0BF1CB
:10534000040BC1ED007A0A4601F1040109DB534662
:1053500001E072ED017AF3EC016AA342A6EEA77AAE
:10536000F7D10EF1010EE645A5EC017ADFDD6546C9
:1053700050E740F09B806B1E57F82330DB11002B69
:1053800097DD19EE902A002D02F1010209EE902A14
:1053900040F39181396800297ED1012D26D03A460B
:1053A0004FF0010C52F8041F002979D00CF10102D2
:1053B000C1F58071954247F82C1016DD57F8221080
:1053C000BB4407EB82020AE010AA000000000000C4
:1053D000000080430000803B0000C93F1168C1F11C
:1053E000FF0142F8041B5A45F8D1012100280CDDC9
:1053F000012800F04181022807D105F1FF3C57F850
:105400002C2002F03F0247F82C20022B7FF451AFF2
:10541000B7EE000A30EE488A00293FF44AAF0993FC
:105420000190FFF72BFD38EE408A099B0198B5EEFD
:10543000408AF1EE10FA3FF442AF9846DDE90732B8
:10544000B0EE480A981A0195009DFFF717FD1FED71
:10545000207A019BB4EEC70AF1EE10FAC0F2558132
:105460005FED247A059A60EE277A0832FDEEE77A3E
:105470000592F8EEE77A03F1010BA7EEC70AFDEEFD
:10548000E77ABDEEC00A10EE102A47F8232017EE87
:10549000903A47F82B302BE001224FF0000C87E7C1
:1054A0000CF1010CAC457FF47DAF9FE7F6EE007A7E
:1054B000B4EEE78AF1EE10FA80F2EC800023F8E611
:1054C0006B1C9E469C4621E7059B009DA3F10802AC
:1054D00057F82B300592F04653B9ACF104033B4426
:1054E00053F8041D0BF1FF3B083A0029F8D0059250
:1054F0000598B7EE000AFFF7C1FCBBF1000FC0F240
:1055000029810BF1010646AA1FED4E7A4FEA860C5F
:1055100007EB860302EB860273ED017AF8EEE77A79
:10552000BB4267EE807A20EE070A62ED017AF3D182
:10553000ACF1040346AA002D1FED596A02EB0304E7
:105540004FF0000022DB8F49DFED8F7AB0EE467A14
:105550002246002303E0984208DBB1EC017AF2EC2A
:10556000016A01339D42E6EE877AF4DA5AAB03EB27
:105570008003584543ED287A4FEA800100F101028B
:10558000A4F1040405D0002D1046DCDADFED7E7AAC
:10559000ECE7689A022A1DDC002A00F38E8010D105
:1055A00032ABDFED797A9C443CED017A634577EECE
:1055B000877AF9D143460BB1F1EE677A069BC3EDCA
:1055C000007A19EE903A03F007005BB0BDEC048B53
:1055D000BDE8F08F689A032AF3D1BBF1000F00F009
:1055E000CB8032A813ED287A00EB8B020BF18043BD
:1055F00072ED017AF0EE476A37EE277A904277EE45
:10560000C77A82ED007A77EEA67AC2ED017AEFD101
:10561000BBF1010F40F3B08001F5B4720DEB020154
:1056200011ED287A9A0033A900EB830373ED017A18
:10563000F0EE476A37EE277A994277EEC77A83ED24
:10564000007A77EEA67AC3ED017AEFD1131DDFED74
:105650004E7A0344083033ED017A984277EE877A28
:10566000F9D14346002B58D10699329A339B0A60F0
:105670004B60C1ED027AA4E705F1FF3C57F82C20FE
:1056800002F07F0247F82C20BFE60823079300238F
:1056900002936AE519EE903A002D03F1010309EE39
:1056A000903AC8BF02233FF775AEF7EE007A37EEA7
:1056B000C88A0223FDE5002198E632ABDFED327A9D
:1056C00003EB860636ED017AB34277EE877AF9D19D
:1056D00043469DED327A93BB069BBBF1000FC3EDB1
:1056E000007A77EE677A0CDD33AA0123B2EC017AF7
:1056F00001339B4577EE877AF8DA43460BB1F1EE3A
:10570000677A069BC3ED017A5BE7BDEEC00A9B4654
:1057100010EE102A47F82320EAE6DDED326A9DED0F
:10572000337A069BF1EE666AB1EE477AF1EE677A5C
:10573000C3ED006A83ED017AC3ED027A41E7069B6F
:10574000F1EE676ABBF1000F77EE677AC3ED006A8E
:10575000CADCD4E7689B022B0ADC002B0FDC7FF449
:1057600030AFDFED097A25E7039B4FEA830C41E573
:10577000689B032B7FF425AFDFED037A71E7DFED44
:10578000027AA5E7E8A900000000000010EE103A38
:1057900033F000422ED0002B33DBB3F1FF4F40DA61
:1057A000B3F5000F34DB4FF0000C6748C3F316016C
:1057B000084400F4000282F07E520A43DB1500EE3A
:1057C000102A7F3B614A634401F10F0CF7EE007A27
:1057D0000CEA020230EE670A03EBD05322BBB5EEAF
:1057E000400AF1EE10FA60D1002B40F090809FED5E
:1057F000580A70479FED577ADFED557A87EE270AF2
:10580000704770EE407A9FED527A87EE870A7047B4
:10581000DFED517A60EE277A6FF0180C17EE903AB0
:10582000C3E730EE000A7047F0EE007A70EE277A98
:1058300007EE103A80EE274A4848C1F5571208444F
:1058400002F522720243002A9FED453ADFED454AF8
:10585000DFED455ADFED453A9FED455ADFED457ADC
:10586000DFED456A24EE046AF8EEC72A26EE067AD2
:10587000E7EE034AA7EE235AE4EE875AE5EE076AFD
:10588000E5EE877A67EE867AE6EE877A28DDB6EE71
:10589000007A20EE077A27EE007A3BBB77EE877A14
:1058A000A7EEC47A30EE470A70479FED347AF6EEE1
:1058B000007AE0EE477A20EE007A27EE277A002B76
:1058C000F0D007EE903A9FED2E6ADFED2E6AF8EEEB
:1058D000E77AA7EEC67A37EE400A97EEA60A704737
:1058E00013BB70EE677AA7EEC40A7047DFED246A37
:1058F0009FED246A77EE877A62EEA66AE7EE846A05
:1059000037EE667A37EE400A92EE860A704707EE67
:10591000903A9FED1B0A9FED1B7AF8EEE77A27EE8F
:10592000800AA7EE870A70479FED157ADFED156AAA
:1059300070EE677A27EE627AA7EE847A37EE400A35
:1059400092EEA60A704700BF20FB4A00F0FF7F00DE
:1059500000000000000000CC0000004C305CCFFFD5
:105960009788173E25333A3E2549923E4FD01C3E3C
:10597000298E633EABAA2A3FCDCCCC3EABAAAA3E31
:10598000D1F717378071313F024B0146186800F09C
:1059900003B800BF8824FF1F2DE9F04F01F10B066B
:1059A000162E83B0044624D8102900F2BA8000F0E5
:1059B000A3FA102618220220B54F3A44A2F108019A
:1059C00053688B4200F0BA805A68D96822F003020B
:1059D0001A449D68E9608D60516841F001012046DC
:1059E000516003F1080500F08DFA284603B0BDE8C8
:1059F000F08F36F0070600F19480B14200F29180FA
:105A000000F07AFAB6F5FC7FC0F09A81730A00F0D4
:105A10008F80042B00F26F81B30903F1390003F189
:105A2000380CC3009A4F3B44A3F108055B689D42C4
:105A300006D10CE0002980F22781DB689D4206D068
:105A40005A6822F00302911B0F29F3DD60463D697D
:105A5000DFF850C265457CD06A6822F00302931BD0
:105A60000F2B00F37B81002BC7E904CC80F26C8103
:105A7000B2F5007F80F01A81D308796801334FEACC
:105A8000521E012202FA0EF20A4357F833E0C5F81B
:105A900008E007EBC3010839E9607A6047F8335042
:105AA000CEF80C50831001219940914257D81142F1
:105AB00006D120F003004900114200F10400FAD0A1
:105AC00007EBC0094D468646D5F80C80454508D100
:105AD0001DE1002B80F22481D8F80C80454500F0B0
:105AE0001681D8F8042022F00302931B0F2BF0DD5F
:105AF0002046D8E9025408EB060146F00106C8F832
:105B00000460EC60A56043F00104C7E90411C1E939
:105B100002CC4C6048F8023000F0F4F908F10805B6
:105B200002E00C2323600025284603B0BDE8F08F77
:105B30004FF4007340204FF03F0C73E7D3689A4254
:105B400008BF02307FF440AF3D69DFF858C16545BA
:105B500082D17A688310012199409142A7D9BD680A
:105B60006B6823F003094E4503D8A9EB06030F2BFE
:105B70007ADCDFF834B1474BDBF800201B680132D8
:105B8000334405EB090A00F0338103F580530F33EA
:105B900023F47F6828F00F084146204600F010FAF1
:105BA000411C024600F0F380824500F2EE803A4B41
:105BB000196841441960084600F04E81DBF8001076
:105BC000019301311BBFA2EB0A010918CBF8002099
:105BD000196012F0070B00F01781CBF108010A449D
:105BE000CBF5805190440831A1EB0801C1F30B0AB9
:105BF00051462046009200F0E3F9421CDDE9002303
:105C000000F04F81801A00EB0A081968BA6048F06A
:105C100001005144BD425060196000F02981B9F182
:105C20000F0F40F227816868A9F10C0C2CF0070CCB
:105C300000F0010040EA0C0068604FF0050E05EB33
:105C40000C00BCF10F0FC0E901EE00F23281506888
:105C50001546124B1A688A4238BF1960104B1A68F1
:105C60008A4238BF196094E0AA1943F0010346F054
:105C700001066E602046BA60536000F043F90835B3
:105C8000284603B0BDE8F08FD9681A44A1E600BFEA
:105C9000581FFF1FDC040120AC040120D4040120A4
:105CA000D8040120601FFF1F6023FF1FB2F5206F83
:105CB0004FEA522363D3142B00F2B78003F15C0147
:105CC000C9005B3307EB010E7958AEF1080E8E4523
:105CD00000F091804B6823F00303934202D9896856
:105CE0008E45F7D1D1F80CE07A68C5E9021ECEF8EE
:105CF0000850CD60D6E6142B59D9542B00F29D8064
:105D0000330B03F16F0003F16E0CC3008AE60EF152
:105D1000010E1EF0030F05F108057FF4D5AE51E02A
:105D2000424445465368D8F80C1043F001035360D1
:105D300055F8083F2046D9608B6000F0E3F8F3E6A1
:105D4000F00806F1080237E62A442046536843F07B
:105D500001035360083500F0D5F8E5E6A91920469F
:105D600046F0010643F001046E60C7E90411C1E981
:105D700002CC4C60AB5000F0C5F80835D4E693096E
:105D800003F13901C90038339CE7BD425FD0BD68DB
:105D9000686820F003084645A8EB060302D80F2BDD
:105DA0003FF762AF204600F0ADF80025BCE603F1F6
:105DB0005C0003F15B0CC30034E659F808394B452D
:105DC00040F0968010F0030F00F1FF30F5D17B68B2
:105DD00023EA01037B60490099423FF6C0AE19B93E
:105DE000BDE649000EF1040E1942FAD0704667E68E
:105DF00003F11008D0E69A104FF001087B6808FA0A
:105E000002F21A437A6070E702EB08014942C1F3DB
:105E10000B0A51462046009200F0D2F8431CDDE9FF
:105E200000237FF4EFAEDA46EFE6542B25D8130BB0
:105E300003F16F01C9006E3344E7B3F5AA7F25D89B
:105E4000F30B03F1780003F1770CC300EAE5294B6B
:105E5000186840441860B1E6CAF30B0CBCF1000F9F
:105E60007FF4ACAEBD68C84448F001006860F0E65D
:105E70001546EEE60123536094E7B3F5AA7F23D8D5
:105E8000D30B03F17801C90077331BE740F254527A
:105E9000934223D8B30C03F17D0003F17C0CC300C3
:105EA000C0E5ABF1080BD844A8EB02084FF0000A9C
:105EB000ABE605F108012046009300F065F9BD68E6
:105EC000009B68681968C4E640F254518B420BD8B5
:105ED000930C03F17D01C9007C33F3E64FF47E732C
:105EE0007F204FF07E0C9DE54FF47E717E23E9E626
:105EF0007B6870E7AC040120014800F09DB800BF4A
:105F00001C060120014800F099B800BF1C060120C2
:105F1000830730B548D0541E002A3FD0CAB203468A
:105F200001E0013C3AD303F8012B9D07F9D1032C82
:105F30002DD9CDB245EA05250F2C45EA054536D9C0
:105F4000A4F1100222F00F0C03F1200EE6444FEAF8
:105F5000121C03F1100242E9045542E902551032C5
:105F60007245F8D10CF1010214F00C0F03EB021290
:105F700004F00F0C13D0ACF1040323F0030304333B
:105F8000134442F8045B9342FBD10CF003042CB1A0
:105F9000C9B21C4403F8011B9C42FBD130BD6446CE
:105FA0001346002CF4D1F9E703461446BFE71A461E
:105FB000A446E0E713460A460146022000F040B836
:105FC00038B5074D0022044608462A60FCF76AFDF2
:105FD000431C00D038BD2B68002BFBD0236038BD9C
:105FE000B4070120014B1868704700BF8824FF1FC9
:105FF00070B50D4E0D4D761BB61006D0002455F829
:10600000043B01349847A642F9D1094E094D761B4D
:1060100004F004FDB61006D0002455F8043B01340A
:106020009847A642F9D170BD28AA000028AA00000E
:106030003CAA000028AA0000704700BF704700BFBC
:106040002DE9F047DFF87CA00646DAF80000984614
:106050000F469146FFF7F0FF184B1C6824B36568A4
:106060001F2D24DC5EB96B1C0235DAF8000063607A
:1060700044F82570FFF7E2FF0020BDE8F08704EB4D
:1060800085010123C1F88890D4F88821AB401A43D8
:10609000022EC4F88821C1F80881E4D1D4F88C21FB
:1060A0001A43C4F88C21DEE7054C1C60D7E7DAF808
:1060B0000000FFF7C3FF4FF0FF30DEE7B00701201D
:1060C000200601208C24FF1F024B13B1024800F070
:1060D00005B87047000000009563000000230146EA
:1060E0001A461846FFF7ACBFF8B5244F0C460646D3
:1060F000FFF702FFBB685D68C4F57E610F3125F0D4
:1061000003054B1923F47F6323F00F03A3F5805499
:10611000B4F5805F07DB00213046FFF751FFBB6815
:106120002B44984204D03046FFF7ECFE0020F8BD27
:1061300061423046FFF744FF01300DD0104ABB6882
:106140002D1B45F001055D60136830461B1B136075
:10615000FFF7D8FE0120F8BD00213046FFF730FFE1
:10616000BA68831A0F2BDEDD43F001035360054B41
:1061700003491B68C01A0860D5E700BF581FFF1FFE
:10618000AC0401206023FF1F002961D0F8B50C4644
:106190000646FFF7B1FE54F8042C7B4FA4F1080526
:1061A00022F0010105EB010CB868DCF80430604511
:1061B00023F0030300F08B80D207CCF8043032D4F4
:1061C00054F8082CAD1A1144AA6807F1080082425D
:1061D0006AD00CEB0304D4F804E0EC68D4601EF041
:1061E000010FA26000F0978041F001036B60CCF8D2
:1061F0000010B1F5007F35D27868CB08012249093B
:1062000001338A40024357F833107A6007EBC30228
:10621000083AC5E9021247F83350CD603046BDE870
:10622000F840FFF76FBE0CEB03025268D00710D4A2
:10623000194407F10800DCF80830834273D0DCF819
:106240000C20DA60936041F001036B606950D0E785
:10625000704741F00103B1F5007F44F8043CCCF8ED
:106260000010C9D3B1F5206F4FEA512348D28B09F2
:1062700003F1390003F13802C300F818FB5808385D
:10628000984259D05A6822F003028A4202D99B6888
:106290009842F7D1D868C5E902308560DD603046A4
:1062A000BDE8F840FFF72EBE0CEB03025268D207A0
:1062B00063D40B44DCE90212CA60916043F001022E
:1062C0006A603046EB50BDE8F840FFF71BBE0B4458
:1062D000D10707D454F8082CAD1A1344D5E902129B
:1062E000CA60916043F001026A60284ABD6012688A
:1062F0009A4293D8264B30461968FFF7F5FE8DE792
:10630000142B0AD9542B1FD80B0B03F16F0003F188
:106310006E02C300B1E719448DE703F15C0003F19D
:106320005B02C300A9E741F00103C7E90455C5E9D1
:1063300002006B60695071E779689210012404FAD9
:1063400002F20A437A60A6E7B3F5AA7F06D8CB0B20
:1063500003F1780003F17702C3008EE740F2545254
:10636000934206D88B0C03F17D0003F17C02C3003D
:1063700083E74FF47E737E227FE741F001036B6079
:10638000CCF800104AE700BF581FFF1F6423FF1F0F
:10639000DC04012038B5074D074C2C1BA41005D098
:1063A000013C55F8043D9847002CF9D1BDE8384030
:1063B00004F044BB00000000000000006175646947
:1063C0006F736869656C64000000000000000000E5
:1063D000D92A000000000000000000001D0E00008F
:1063E000000000003A1C19B32F7219B42F0DADB480
:1063F0007B2C1AB5BF6071B5C215AEB51345EDB5AE
:10640000B91B1BB6257044B6949672B667C192B696
:10641000C492AEB62CB6CCB6D420EDB629E307B7FD
:106420004D4C1AB7FEC32DB78D4142B776BB57B757
:106430005D276EB707BD82B7BED38EB763519BB7DA
:106440001A2FA8B79B65B5B736EDC2B7D5BDD0B783
:10645000F8CEDEB7BE17EDB7E18EFBB75F1505B816
:10646000A8700CB81FD413B86A3A1BB8069E22B89D
:1064700047F929B85D4631B8537F38B8129E3FB806
:10648000669C46B8FE734DB86D1E54B833955AB825
:10649000B8D160B855CD66B855816CB8F8E671B81A
:1064A00077F776B806AC7BB8DAFD7FB815F381B81C
:1064B0001AAF83B8A12F85B8557186B8EC7087B82C
:1064C000242B88B8CB9C88B8BEC288B8E89988B815
:1064D0004B1F88B8FB4F87B8262986B811A884B807
:1064E0001CCA82B8C78C80B85CDB7BB81FD575B876
:1064F0009C026FB8DF5F67B844E95EB8789B55B817
:106500007C734BB8AB6E40B8BB8A34B8C3C527B8F0
:106510003B1E1AB8FF920BB8AF46F8B7E99DD7B744
:10652000E92BB5B7CEF190B730E355B7675C06B746
:10653000AE5B4DB6D38E0C361210FA36B7485A37CA
:106540003B6B9D370850CF37966401380BE61B38FC
:10655000A026373812205338A4CB6F380E918638D6
:10656000E48D95383CD8A438C36BB438ED43C438B7
:10657000F15BD438CFAEE4384F37F53801F8023943
:10658000A3690B39A3ED1339FD801C3996202539F9
:106590003DC92D39AC77363987283F3961D847391D
:1065A000BB835039052759399FBE6139E0466A39A6
:1065B0000EBC7239681A7B3912AF8139B8C185397E
:1065C0003AC38939ACB18D39208B9139A84D9539B1
:1065D00058F7983944869C3985F89F39384CA33947
:1065E0007D7FA6397C90A939637DAC396844AF3989
:1065F000CAE3B139D359B439D6A4B63934C3B8399A
:106600005AB3BA39C373BC39FA02BE39995FBF397C
:106610004C88C039CF7BC139F438C2399EBEC239EB
:10662000C50BC339791FC339DDF8C2392E97C2397A
:10663000BFF9C139FD1FC1396F09C039B4B5BE39C1
:106640008824BD39C155BB395249B9394AFFB639D9
:10665000D477B4393AB3B139E4B1AE395574AB3902
:1066600033FBA7394047A4395B59A03986329C399E
:10667000DFD39739A43E933932748E390476893941
:10668000B5458439F8C97D3961AB72398D336739C5
:10669000A0665B39F5484F3923DF4239F52D36398D
:1066A0006E3A2939C4091C3962A10E39E206013952
:1066B0001E80E638BFA5CA38EE8AAE38443C923810
:1066C0004B8D6B38846E3238306EF237D30480379E
:1066D000B989DD35FABB47B7C7E5D4B7798222B8A7
:1066E00094005AB8EA6788B85569A3B8B8F5BDB838
:1066F00037FED7B8F673F1B80E2405B9F23511B9E3
:106700004BE81CB9CC3328B93C1133B973793DB986
:10671000656547B920CE50B9D4AC59B9D4FA61B93E
:106720009BB169B9CECA70B9424077B9FE0B7DB949
:10673000201481B9BE4783B9341E85B9FB9486B94C
:10674000B0A987B9105A88B901A488B98E8588B9CB
:10675000E8FC87B96E0887B9A6A685B944D683B97F
:10676000299681B9CBCA7DB9718677B9285E70B98F
:10677000345168B93F5F5FB95E8855B90ACD4AB9EF
:106780002A2E3FB90DAD32B9724B25B9810B17B91D
:10679000D2EF07B9D8F6EFB88363CEB86B2DABB89C
:1067A0002F5D86B899F83FB85F54E0B7FC2BEBB685
:1067B000B6F56037E6A4103897B56B3849A9A43808
:1067C000AAAED43873ED02399C0E1C390BB23539A0
:1067D000A5CE4F39F25A6A3993A68239934D903932
:1067E000421D9E394410AC391B21BA39254AC8399B
:1067F000A485D639BACDE439701CF339DBB5003A3B
:10680000B2DA073AA2F90E3A840F163A2D191D3A58
:106810006A13243A05FB2A3AC5CC313A6E85383AD8
:10682000C7213F3A959E453AA3F84B3ABE2C523ABF
:10683000BA37583A73165E3ACEC5633ABB42693AE4
:10684000348A6E3A4399733A006D783A95027D3AEC
:106850009FAB803A25B4823A8F99843A9B5A863A04
:1068600013F6873ACD6A893AAFB78A3AABDB8B3AEF
:10687000C3D58C3A07A58D3A99488E3AABBF8E3A6C
:1068800082098F3A71258F3AE2128F3A50D18E3AAF
:1068900049608E3A6FBF8D3A7AEE8C3A35ED8B3A7D
:1068A00081BB8A3A5459893ABAC6873AD603863A9E
:1068B000DF10843A24EE813A17387F3A21367A3A4B
:1068C0008AD7743AA81D6F3AF909693A2C9E623A40
:1068D0001DDC5B3AD2C5543A815D4D3A8AA5453AF2
:1068E0007BA03D3A0A51353A19BA2C3AB4DE233A24
:1068F0000EC21A3A8367113A96D2073ADC0DFC3978
:10690000B010E83986B5D3398104BF390206AA39F7
:10691000ABC29439AC867E392A2253395C6A273956
:1069200059E4F638C0999E382D380C38386713B7BB
:10693000F3B155B871FFC2B89E5B0DB980EB38B9A1
:106940008D1A64B9F26987B94B819CB9D848B1B93D
:1069500022B6C5B9BDBED9B94758EDB9393C00BA60
:10696000828A09BAF19112BA884D1BBA5AB823BA71
:1069700094CD2BBA748833BA58E43ABAB6DC41BA2B
:10698000276D48BA61914EBA414554BAC78459BA85
:106990001E4C5EBA989762BAB86366BA2AAD69BAF5
:1069A000CF706CBABAAB6EBA2F5B70BAAE7C71BAEC
:1069B000EA0D72BAD30C72BA927771BA914C70BA6E
:1069C000748A6EBA20306CBABD3C69BAB3AF65BA8E
:1069D000AD8861BA9BC75CBAB26C57BA6C7851BAD1
:1069E00089EB4ABA10C743BA4F0C3CBADBBC33BA86
:1069F0008FDA2ABA906721BA486617BA68D90CBAF2
:106A0000E8C301BA0C52ECB98718D4B9D1E2BAB9CB
:106A1000FEB8A0B9A8A385B9D75753B9C8B619B954
:106A2000A7F0BCB87BC606B82C3AE437C736B838EE
:106A3000E7F21C3928F55E3959049139A609B339B2
:106A4000027DD5399D50F8392ABB0D3ADB6F1F3ACC
:106A5000063F313A2E21433ABA0E553AF4FF663AD0
:106A600011ED783A1767853AAE4D8E3A4E26973A31
:106A7000F1EC9F3A919DA83A2334B13A9FACB93AD0
:106A8000FE02C23A3E33CA3A6039D23A6F11DA3A5C
:106A900081B7E13AB327E93A335EF03A3C57F73A27
:106AA0001D0FFE3A1941023B7A56053BF545083B5E
:106AB000DC0D0B3B8EAC0D3B7720103B1268123B7C
:106AC000EB81143B9C6C163BD226183B4BAF193B19
:106AD000D9041B3B5F261C3BD8121D3B51C91D3BF3
:106AE000ED481E3BE5901E3B8AA01E3B42771E3BB5
:106AF0008D141E3B03781D3B52A11C3B46901B3B53
:106B0000BF441A3BBBBE183B4FFE163BAD03153BC3
:106B10001FCF123B0C61103BF4B90D3B72DA0A3BFC
:106B20003CC3073B2375043B12F1003B1F70FA3A4C
:106B30007896F23AA257EA3A47B6E13A41B5D83ADE
:106B40009E57CF3A9FA0C53AB193BB3A7434B13A3D
:106B5000B586A63A6E8E9B3AC54F903A0CCF843AD2
:106B60007321723ADF325A3AE8DB413A6026293A19
:106B7000601C103A7F90ED392569BA3949D88639B9
:106B8000DAE7253973937638F1AB2BB8AF9913B99F
:106B9000B2387CB9864CB2B9B245E6B905F80CBA40
:106BA000D19926BA3DFC3FBA491359BAF4D271BA09
:106BB000A41785BA2C0E91BA27C79CBAB53CA8BABF
:106BC0000469B3BA5546BEBAFECEC8BA68FDD2BA99
:106BD0001BCCDCBAB735E6BAFE34EFBAD4C4F7BA88
:106BE0003EE0FFBA36C103BB5A5307BB4EA40ABBF3
:106BF000EBB10DBB237A10BBFFFA12BBA83215BB59
:106C00005D1F17BB7FBF18BB89111ABB17141BBBB5
:106C1000E4C51BBBCB251CBBCB321CBB03EC1BBB95
:106C2000B4501BBB47601ABB451A19BB5E7E17BB2D
:106C3000678C15BB594413BB58A610BBA9B20DBB3A
:106C4000BB690ABB23CC06BB9EDA02BB1D2CFDBA76
:106C5000FEFEF3BA4430EABA9FC2DFBA0CB9D4BA26
:106C6000D916C9BA9BDFBCBA3517B0BAD4C1A2BA1B
:106C7000EEE394BA408286BA9D436FBAC48F50BA8D
:106C80000DF430BA147C10BAE267DEB973509AB9C9
:106C9000DF9729B9F754DFB76D5EE838303E8339A6
:106CA0000961CD3904310C3A3011323A5341583A26
:106CB0006BB17E3A99A8923A1208A63AC56EB93AD3
:106CC0003CD4CC3AEE2FE03A4079F33AC653033B3A
:106CD0000FD90C3B2248163BA29C1F3B33D2283BCA
:106CE0007DE4313B2ECF3A3BF88D433B981C4C3B27
:106CF000D676543B85985C3B897D643BD4216C3BC4
:106D00006F81733B72987A3B89B1803BCBEE833BBA
:106D10003302873BFFE9893B81A48C3B18308F3BD2
:106D2000328B913B54B4933B10AA953B0F6B973B2E
:106D30000CF6983BD8499A3B59659B3B8C479C3B4A
:106D400084EF9C3B6B5C9D3B868D9D3B2F829D3BE6
:106D5000DC399D3B1BB49C3B95F09B3B0FEF9A3B72
:106D600065AF993B9131983BAA75963BDE7B943B8E
:106D70007C44923BEBCF8F3BB11E8D3B6E318A3B07
:106D8000E008873BDFA5833B6209803BF068783BE6
:106D90009F50703B5ECC673BF5DE5E3B5E8B553BA8
:106DA000C9D44B3B9BBE413B6A4C373BFC812C3BDF
:106DB0004B63213B7EF4153BE8390A3B1970FC3AE2
:106DC0002CE7E33AB0E2CA3A9F6CB13A3A8F973A6D
:106DD00012AA7A3AB091453A63EB0F3A699BB339FC
:106DE000663E0D39B4BC9BB853E094B91E8201BA1B
:106DF0002E9538BAD5906FBA302E93BA796FAEBA55
:106E0000C97FC9BA9D52E4BA6CDBFEBAD7860CBB07
:106E1000746E19BB531E26BB459032BB28BE3EBBC9
:106E2000E8A14ABB843556BB0D7361BBAF546CBB44
:106E3000AFD476BBB77680BBB84C85BBADE989BB18
:106E4000FA4A8EBB196E92BB985096BB1CF099BB48
:106E5000624A9DBB415DA0BBA826A3BBA3A4A5BB62
:106E60005BD5A7BB16B7A9BB3948ABBB4787ACBB43
:106E7000E672ADBBDD09AEBB154BAEBB9A35AEBB02
:106E80009EC8ADBB7403ADBB99E5ABBBAC6EAABBF2
:106E9000749EA8BBE074A6BB04F2A3BB1F16A1BBE3
:106EA00095E19DBBF4549ABBF17096BB6A3692BBD8
:106EB00066A68DBB14C288BBCC8A83BB17047CBB7F
:106EC000F65270BBD00564BB912057BB72A749BB7B
:106ED000F69E3BBBEB0B2DBB6AF31DBBD35A0EBB1F
:106EE000998FFCBA7F80DBBAB494B9BA11D996BA3B
:106EF000D8B566BA27501EBA213BA9B90FB71BB83F
:106F000017708439F31D0F3A9AD65C3AD4A0953A9B
:106F1000131FBD3A43D5E43A2D59063B89521A3B1B
:106F2000F74D2E3BA442423BA627563B05F4693B56
:106F3000BE9E7D3B628F883B8335923B3BBD9B3B36
:106F40000222A53B555FAE3BB970B73BB851C03B81
:106F5000E8FDC83BE970D13B6BA6D93B2C9AE13BDD
:106F6000FE47E93BC7ABF03B82C1F73B4385FE3BA5
:106F70009B79023CD483053C7E5F083CDF0A0B3CD6
:106F80004A840D3C27CA0F3CEDDA113C29B5133C6D
:106F90007C57153C9CC0163C54EF173C87E2183CCC
:106FA0002E99193C5B121A3C3A4D1A3C0D491A3C79
:106FB00032051A3C2381193C71BC183CCDB6173CF4
:106FC000FF6F163CF0E7143CA31E133C3814113C31
:106FD000ECC80E3C1B3D0C3C3C71093CE565063C95
:106FE000CB1B033C7D27FF3B5B9DF73B4B9BEF3B64
:106FF0009E23E73BE438DE3BE4DDD43B9F15CB3BEF
:107000004EE3C03B634AB63B864EAB3B95F39F3B9A
:10701000A33D943BF630883B0EA4773BFF4A5E3B92
:107020007060443B6FEE293B61FF0E3B003CE73A4A
:10703000ACAAAF3AECC26E3A76DEF9398B9D2038B5
:107040004F79D3B9C4325EBA1093A9BACD31E4BA3C
:10705000D66D0FBB38BB2CBBCEF349BB390A67BB1F
:1070600083F881BB564D90BBCC7C9EBB1980ACBBDA
:107070006E50BABB01E7C7BB0D3DD5BBD54BE2BBDC
:10708000A70CEFBBE178FBBBF9C403BCB09C09BC07
:1070900061400FBCE9AC14BC31DF19BC35D41EBC57
:1070A000008923BCB2FA27BC81262CBCB80930BCAD
:1070B000B9A133BC02EC36BC28E639BCDF8D3CBC40
:1070C000F7E03EBC5EDD40BC258142BC79CA43BCD2
:1070D000AEB744BC394745BCB47745BCDF4745BC77
:1070E000A0B644BC06C343BC456C42BCC0B140BC66
:1070F000FE923EBCB50F3CBCC52739BC3ADB35BC63
:107100004E2A32BC66152EBC169D29BC1FC224BC5B
:1071100072851FBC2CE819BC99EB13BC36910DBCD1
:10712000ABDA06BCA293FFBB5BC1F0BBE942E1BB9B
:10713000121DD1BBF354C0BB03F0AEBB14F49CBB17
:107140004D678ABB54A06EBBFB6A47BBD53C1FBBD7
:107150009449ECBABF6498BACBD605BABE082039B8
:10716000727C583A6DA8C53A8D0D103B57B83D3B1F
:1071700051C16B3B640A8D3B504FA43B2BA5BB3BDD
:107180008601D33BCA59EA3B9BD1003C73690C3C56
:10719000EFEE173C7F5C233C8DAC2E3C76D9393C1E
:1071A00092DD443C36B34F3CB3545A3C5CBC643C27
:1071B00086E46E3C8BC7783CE72F813CDCD3853C72
:1071C000E24C8A3C3E988E3C3BB3923C309B963CD2
:1071D000804D9A3C9AC79D3CFA06A13C2D09A43CDF
:1071E000CFCBA63C8F4CA93C2E89AB3C817FAD3CDC
:1071F000752DAF3C0A91B03C5CA8B13C9D71B23C8E
:107200001AEBB23C3E13B33C8DE8B23CAB69B23CE6
:107210005C95B13C826AB03C1FE8AE3C5B0DAD3C76
:107220007ED9AA3CF54BA83C5264A53C4B22A23C1B
:10723000C1859E3CB88E9A3C5F3D963C0C92913C39
:10724000418D8C3CA82F873C187A813C25DB763C0D
:1072500089166A3C10A95C3CC8954E3C19E03F3C3D
:10726000C68B303CED9C203C0A18103CE403FE3BEE
:10727000B1BFDA3B9C6EB63B7B1C913BBEAB553B32
:107280002350073B8D085D3A9C06D3B9D5F3DABA93
:10729000E3E841BB0EC68BBB4820B7BBF1F0E2BBB5
:1072A000969207BCBBD41DBCD23434BC74A84ABC73
:1072B000E82461BC2A9F77BCF30587BCC12F92BC30
:1072C0000A479DBCB945A8BC9625B3BC48E0BDBCE7
:1072D000556FC8BC26CCD2BC06F0DCBC24D4E6BCBE
:1072E0009671F0BC58C1F9BC265E01BDA1AD05BDCB
:1072F0007ACB09BD03B40DBD886311BD4BD614BD57
:10730000880818BD75F61ABD419C1DBD18F61FBD35
:10731000230022BD87B623BD671525BDE81826BD0D
:107320002ABD26BD53FE26BD88D826BDF14726BD01
:10733000BB4825BD17D723BD3CEF21BD668D1FBDC2
:10734000DAAD1CBDE54C19BDDE6615BD25F810BDD6
:1073500026FD0BBD587206BD405400BDE33EF3BC94
:1073600019A1E4BC84C8D4BCA6AEC3BC254DB1BC35
:10737000C99D9DBC819A88BCC67A64BC590135BC44
:107380008EBD02BC1D499BBBF25EADBA89DA143BCF
:107390006519C63BB0DF233C93B8673CF64F973C7A
:1073A000F34EBC3C1DDDE23C0F7F053DB15A1A3D5A
:1073B0001203303DB079463DEDBF5D3D0CD7753DC4
:1073C0001B60873D383E943D5286A13DD038AF3D8D
:1073D0000756BD3D3EDECB3DACD1DA3D7730EA3DD0
:1073E000B9FAF93D7730EA3DACD1DA3D3EDECB3D2E
:1073F0000756BD3DD038AF3D5286A13D383E943D45
:107400001B60873D0CD7753DEDBF5D3DB079463DB6
:107410001203303DB15A1A3D0F7F053D1DDDE23CA0
:10742000F34EBC3CF64F973C93B8673CB0DF233C2F
:107430006519C63B89DA143BF25EADBA1D499BBBA8
:107440008EBD02BC590135BCC67A64BC819A88BC29
:10745000C99D9DBC254DB1BCA6AEC3BC84C8D4BCDF
:1074600019A1E4BCE33EF3BC405400BD587206BD14
:1074700026FD0BBD25F810BDDE6615BDE54C19BD1A
:10748000DAAD1CBD668D1FBD3CEF21BD17D723BDF6
:10749000BB4825BDF14726BD88D826BD53FE26BD75
:1074A0002ABD26BDE81826BD671525BD87B623BDB4
:1074B000230022BD18F61FBD419C1DBD75F61ABDE7
:1074C000880818BD4BD614BD886311BD03B40DBD2B
:1074D0007ACB09BDA1AD05BD265E01BD58C1F9BC81
:1074E0009671F0BC24D4E6BC06F0DCBC26CCD2BC41
:1074F000556FC8BC48E0BDBC9625B3BCB945A8BC17
:107500000A479DBCC12F92BCF30587BC2A9F77BC5C
:10751000E82461BC74A84ABCD23434BCBBD41DBCC2
:10752000969207BCF1F0E2BB4820B7BB0EC68BBBFE
:10753000E3E841BBD5F3DABA9C06D3B98D085D3ACE
:107540002350073BBEAB553B7B1C913B9C6EB63B2F
:10755000B1BFDA3BE403FE3B0A18103CED9C203C33
:10756000C68B303C19E03F3CC8954E3C10A95C3CB2
:1075700089166A3C25DB763C187A813CA82F873C2B
:10758000418D8C3C0C92913C5F3D963CB88E9A3C70
:10759000C1859E3C4B22A23C5264A53CF54BA83CC5
:1075A0007ED9AA3C5B0DAD3C1FE8AE3C826AB03C84
:1075B0005C95B13CAB69B23C8DE8B23C3E13B33C48
:1075C0001AEBB23C9D71B23C5CA8B13C0A91B03C54
:1075D000752DAF3C817FAD3C2E89AB3C8F4CA93CD7
:1075E000CFCBA63C2D09A43CFA06A13C9AC79D3CF2
:1075F000804D9A3C309B963C3BB3923C3E988E3CEF
:10760000E24C8A3CDCD3853CE72F813C8BC7783C3D
:1076100086E46E3C5CBC643CB3545A3C36B34F3C8D
:1076200092DD443C76D9393C8DAC2E3C7F5C233CCA
:10763000EFEE173C73690C3C9BD1003CCA59EA3B06
:107640008601D33B2BA5BB3B504FA43B640A8D3B2B
:1076500051C16B3B57B83D3B8D0D103B6DA8C53AF2
:10766000727C583ABE082039CBD605BABF6498BAA6
:107670009449ECBAD53C1FBBFB6A47BB54A06EBB18
:107680004D678ABB14F49CBB03F0AEBBF354C0BB84
:10769000121DD1BBE942E1BB5BC1F0BBA293FFBBB2
:1076A000ABDA06BC36910DBC99EB13BC2CE819BCC7
:1076B00072851FBC1FC224BC169D29BC66152EBC3A
:1076C0004E2A32BC3ADB35BCC52739BCB50F3CBCB1
:1076D000FE923EBCC0B140BC456C42BC06C343BC3C
:1076E000A0B644BCDF4745BCB47745BC394745BC70
:1076F000AEB744BC79CA43BC258142BC5EDD40BC08
:10770000F7E03EBCDF8D3CBC28E639BC02EC36BC61
:10771000B9A133BCB80930BC81262CBCB2FA27BC55
:10772000008923BC35D41EBC31DF19BCE9AC14BCC4
:1077300061400FBCB09C09BCF9C403BCE178FBBB41
:10774000A70CEFBBD54BE2BB0D3DD5BB01E7C7BBDB
:107750006E50BABB1980ACBBCC7C9EBB564D90BB67
:1077600083F881BB390A67BBCEF349BB38BB2CBB5E
:10777000D66D0FBBCD31E4BA1093A9BAC4325EBA4C
:107780004F79D3B98B9D203876DEF939ECC26E3A49
:10779000ACAAAF3A003CE73A61FF0E3B6FEE293BE3
:1077A0007060443BFF4A5E3B0EA4773BF630883B5B
:1077B000A33D943B95F39F3B864EAB3B634AB63B60
:1077C0004EE3C03B9F15CB3BE4DDD43BE438DE3BCE
:1077D0009E23E73B4B9BEF3B5B9DF73B7D27FF3BAE
:1077E000CB1B033CE565063C3C71093C1B3D0C3C56
:1077F000ECC80E3C3814113CA31E133CF0E7143CBB
:10780000FF6F163CCDB6173C71BC183C2381193C68
:1078100032051A3C0D491A3C3A4D1A3C5B121A3C8F
:107820002E99193C87E2183C54EF173C9CC0163C3B
:107830007C57153C29B5133CEDDA113C27CA0F3CA7
:107840004A840D3CDF0A0B3C7E5F083CD483053C38
:107850009B79023C4385FE3B82C1F73BC7ABF03BC3
:10786000FE47E93B2C9AE13B6BA6D93BE970D13B43
:10787000E8FDC83BB851C03BB970B73B555FAE3B64
:107880000222A53B3BBD9B3B8335923B628F883BED
:10789000BE9E7D3B05F4693BA627563BA442423B76
:1078A000F74D2E3B89521A3B2D59063B43D5E43AFE
:1078B000131FBD3AD4A0953A9AD65C3AF31D0F3AFD
:1078C000177084390FB71BB8213BA9B927501EBACE
:1078D000D8B566BA11D996BAB494B9BA7F80DBBA72
:1078E000998FFCBAD35A0EBB6AF31DBBEB0B2DBBB1
:1078F000F69E3BBB72A749BB912057BBD00564BB2A
:10790000F65270BB17047CBBCC8A83BB14C288BB05
:1079100066A68DBB6A3692BBF17096BBF4549ABBD7
:1079200095E19DBB1F16A1BB04F2A3BBE074A6BBEF
:10793000749EA8BBAC6EAABB99E5ABBB7403ADBB90
:107940009EC8ADBB9A35AEBB154BAEBBDD09AEBB19
:10795000E672ADBB4787ACBB3948ABBB16B7A9BB1A
:107960005BD5A7BBA3A4A5BBA826A3BB415DA0BBB9
:10797000624A9DBB1CF099BB985096BB196E92BB96
:10798000FA4A8EBBADE989BBB84C85BBB77680BBE4
:10799000AFD476BBAF546CBB0D7361BB843556BBA3
:1079A000E8A14ABB28BE3EBB459032BB531E26BB56
:1079B000746E19BBD7860CBB6CDBFEBA9D52E4BA61
:1079C000C97FC9BA796FAEBA302E93BAD5906FBA63
:1079D0002E9538BA1E8201BA53E094B9B4BC9BB854
:1079E000663E0D39699BB33963EB0F3AB091453A66
:1079F00012AA7A3A3A8F973A9F6CB13AB0E2CA3AF1
:107A00002CE7E33A1970FC3AE8390A3B7EF4153B5F
:107A10004B63213BFC812C3B6A4C373B9BBE413B7B
:107A2000C9D44B3B5E8B553BF5DE5E3B5ECC673B82
:107A30009F50703BF068783B6209803BDFA5833B39
:107A4000E008873B6E318A3BB11E8D3BEBCF8F3B0D
:107A50007C44923BDE7B943BAA75963B9131983BEC
:107A600065AF993B0FEF9A3B95F09B3B1BB49C3B5A
:107A7000DC399D3B2F829D3B868D9D3B6B5C9D3B06
:107A800084EF9C3B8C479C3B59659B3BD8499A3B78
:107A90000CF6983B0F6B973B10AA953B54B4933B65
:107AA000328B913B18308F3B81A48C3BFFE9893BA3
:107AB0003302873BCBEE833B89B1803B72987A3BA4
:107AC0006F81733BD4216C3B897D643B85985C3B23
:107AD000D676543B981C4C3BF88D433B2ECF3A3B1B
:107AE0007DE4313B33D2283BA29C1F3B2248163B0E
:107AF0000FD90C3BC653033B4079F33AEE2FE03AE3
:107B00003CD4CC3AC56EB93A1208A63A99A8923A32
:107B10006BB17E3A5341583A3011323A04310C3A43
:107B20000961CD39303E83396D5EE838F754DFB7EF
:107B3000DF9729B973509AB9E267DEB9147C10BA9D
:107B40000DF430BAC48F50BA9D436FBA408286BAE2
:107B5000EEE394BAD4C1A2BA3517B0BA9BDFBCBA6F
:107B6000D916C9BA0CB9D4BA9FC2DFBA4430EABA3E
:107B7000FEFEF3BA1D2CFDBA9EDA02BB23CC06BB77
:107B8000BB690ABBA9B20DBB58A610BB594413BBB5
:107B9000678C15BB5E7E17BB451A19BB47601ABBC5
:107BA000B4501BBB03EC1BBBCB321CBBCB251CBB9B
:107BB000E4C51BBB17141BBB89111ABB7FBF18BBC5
:107BC0005D1F17BBA83215BBFFFA12BB237A10BB8F
:107BD000EBB10DBB4EA40ABB5A5307BB36C103BB66
:107BE0003EE0FFBAD4C4F7BAFE34EFBAB735E6BA0E
:107BF0001BCCDCBA68FDD2BAFECEC8BA5546BEBAB6
:107C00000469B3BAB53CA8BA27C79CBA2C0E91BA7E
:107C1000A41785BAF4D271BA491359BA3DFC3FBAD8
:107C2000D19926BA05F80CBAB245E6B9864CB2B974
:107C3000B2387CB9AF9913B9F1AB2BB873937638DE
:107C4000DAE7253949D886392569BA397F90ED397F
:107C5000601C103A6026293AE8DB413ADF325A3A92
:107C60007321723A0CCF843AC54F903A6E8E9B3A8C
:107C7000B586A63A7434B13AB193BB3A9FA0C53ADF
:107C80009E57CF3A41B5D83A47B6E13AA257EA3AB9
:107C90007896F23A1F70FA3A12F1003B2375043BD2
:107CA0003CC3073B72DA0A3BF4B90D3B0C61103B55
:107CB0001FCF123BAD03153B4FFE163BBBBE183B1F
:107CC000BF441A3B46901B3B52A11C3B03781D3B13
:107CD0008D141E3B42771E3B8AA01E3BE5901E3B47
:107CE000ED481E3B51C91D3BD8121D3B5F261C3B76
:107CF000D9041B3B4BAF193BD226183B9C6C163B5F
:107D0000EB81143B1268123B7720103B8EAC0D3B8D
:107D1000DC0D0B3BF545083B7A56053B1941023B10
:107D20001D0FFE3A3C57F73A335EF03AB327E93A73
:107D300081B7E13A6F11DA3A6039D23A3E33CA3A42
:107D4000FE02C23A9FACB93A2334B13A919DA83AA7
:107D5000F1EC9F3A4E26973AAE4D8E3A1767853A28
:107D600011ED783AF4FF663ABA0E553A2E21433AAD
:107D7000063F313ADB6F1F3A2ABB0D3A9D50F83966
:107D8000027DD539A609B3395904913928F55E39F0
:107D9000E7F21C39C736B8382C3AE4377BC606B848
:107DA000A7F0BCB8C8B619B9D75753B9A8A385B9B5
:107DB000FEB8A0B9D1E2BAB98718D4B90C52ECB95F
:107DC000E8C301BA68D90CBA486617BA906721BAF5
:107DD0008FDA2ABADBBC33BA4F0C3CBA10C743BAAD
:107DE00089EB4ABA6C7851BAB26C57BA9BC75CBA85
:107DF000AD8861BAB3AF65BABD3C69BA20306CBA20
:107E0000748A6EBA914C70BA927771BAD30C72BA06
:107E1000EA0D72BAAE7C71BA2F5B70BABAAB6EBAA9
:107E2000CF706CBA2AAD69BAB86366BA989762BA6D
:107E30001E4C5EBAC78459BA414554BA61914EBAD4
:107E4000276D48BAB6DC41BA58E43ABA748833BAF6
:107E500094CD2BBA5AB823BA884D1BBAF19112BAF5
:107E6000828A09BA393C00BA4758EDB9BDBED9B9C2
:107E700022B6C5B9D848B1B94B819CB9F26987B966
:107E80008D1A64B980EB38B99E5B0DB971FFC2B829
:107E9000F3B155B8386713B72D380C38C0999E38F0
:107EA00059E4F6385C6A27392A225339AC867E3980
:107EB000ABC294390206AA398104BF3986B5D339D9
:107EC000B010E839DC0DFC3996D2073A8367113AD5
:107ED0000EC21A3AB4DE233A19BA2C3A0A51353A8C
:107EE0007BA03D3A8AA5453A815D4D3AD2C5543AC8
:107EF0001DDC5B3A2C9E623AF909693AA81D6F3A7B
:107F00008AD7743A21367A3A17387F3A24EE813A82
:107F1000DF10843AD603863ABAC6873A5459893A6A
:107F200081BB8A3A35ED8B3A7AEE8C3A6FBF8D3A47
:107F300049608E3A50D18E3AE2128F3A71258F3ACB
:107F400082098F3AABBF8E3A99488E3A07A58D3A8F
:107F5000C3D58C3AABDB8B3AAFB78A3ACD6A893A54
:107F600013F6873A9B5A863A8F99843A25B4823A17
:107F70009FAB803A95027D3A006D783A4399733A07
:107F8000348A6E3ABB42693ACEC5633A73165E3A9A
:107F9000BA37583ABE2C523AA3F84B3A959E453A16
:107FA000C7213F3A6E85383AC5CC313A05FB2A3AAB
:107FB0006A13243A2D191D3A840F163AA2F90E3A83
:107FC000B2DA073ADBB5003A701CF339BACDE439BE
:107FD000A485D639254AC8391B21BA394410AC3991
:107FE000421D9E39934D903993A68239F25A6A39CF
:107FF000A5CE4F390BB235399C0E1C3973ED0239C1
:10800000AAAED43849A9A43897B56B38E6A410387D
:10801000B6F56037FC2BEBB65F54E0B799F83FB884
:108020002F5D86B86B2DABB88363CEB8D8F6EFB8AA
:10803000D2EF07B9810B17B9724B25B90DAD32B923
:108040002A2E3FB90ACD4AB95E8855B93F5F5FB95C
:10805000345168B9285E70B9718677B9CBCA7DB9D9
:10806000299681B944D683B9A6A685B96E0887B981
:10807000E8FC87B98E8588B901A488B9105A88B9F7
:10808000B0A987B9FB9486B9341E85B9BE4783B9B8
:10809000201481B9FE0B7DB9424077B9CECA70B9C0
:1080A0009BB169B9D4FA61B9D4AC59B920CE50B9F1
:1080B000656547B973793DB93C1133B9CC3328B9FB
:1080C0004BE81CB9F23511B90E2405B9F673F1B8B5
:1080D00037FED7B8B8F5BDB85569A3B8EA6788B810
:1080E00094005AB8798222B8C7E5D4B7FABB47B72B
:1080F000B989DD35D3048037306EF237846E32387B
:108100004B8D6B38443C9238EE8AAE38BFA5CA38E6
:108110001E80E638E206013962A10E39C4091C3915
:108120006E3A2939F52D363923DF4239F5484F3972
:10813000A0665B398D33673961AB7239F8C97D3917
:10814000B54584390476893932748E39A43E933921
:10815000DFD3973986329C395B59A0394047A4391F
:1081600033FBA7395574AB39E4B1AE393AB3B13901
:10817000D477B4394AFFB6395249B939C155BB39F8
:108180008824BD39B4B5BE396F09C039FD1FC13966
:10819000BFF9C1392E97C239DDF8C239791FC33909
:1081A000C50BC3399EBEC239F438C239CF7BC13941
:1081B0004C88C039995FBF39FA02BE39C373BC39E4
:1081C0005AB3BA3934C3B839D6A4B639D359B43945
:1081D000CAE3B1396844AF39637DAC397C90A939C1
:1081E0007D7FA639384CA33985F89F3944869C3960
:1081F00058F79839A84D9539208B9139ACB18D3904
:108200003AC38939B8C1853912AF8139681A7B39C7
:108210000EBC7239E0466A399FBE6139052759396B
:10822000BB83503961D8473987283F39AC77363915
:108230003DC92D3996202539FD801C39A3ED133910
:10824000A3690B3901F802394F37F538CFAEE4385E
:10825000F15BD438ED43C438C36BB4383CD8A43890
:10826000E48D95380E918638A4CB6F3812205338A0
:10827000A02637380BE61B38966401380850CF37F4
:108280003B6B9D37B7485A371210FA36D38E0C36EF
:10829000AE5B4DB6675C06B730E355B7CEF190B72D
:1082A000E92BB5B7E99DD7B7AF46F8B7FF920BB842
:1082B0003B1E1AB8C3C527B8BB8A34B8AB6E40B8EA
:1082C0007C734BB8789B55B844E95EB8DF5F67B8FC
:1082D0009C026FB81FD575B85CDB7BB8C78C80B8C3
:1082E0001CCA82B811A884B8262986B8FB4F87B863
:1082F0004B1F88B8E89988B8BEC288B8CB9C88B8AC
:10830000242B88B8EC7087B8557186B8A12F85B832
:108310001AAF83B815F381B8DAFD7FB806AC7BB825
:1083200077F776B8F8E671B855816CB855CD66B870
:10833000B8D160B833955AB86D1E54B8FE734DB8B5
:10834000669C46B8129E3FB8537F38B85D4631B838
:1083500047F929B8069E22B86A3A1BB81FD413B849
:10836000A8700CB85F1505B8E18EFBB7BE17EDB766
:10837000F8CEDEB7D5BDD0B736EDC2B79B65B5B781
:108380001A2FA8B763519BB7BED38EB707BD82B76C
:108390005D276EB776BB57B78D4142B7FEC32DB789
:1083A0004D4C1AB729E307B7D420EDB62CB6CCB69E
:1083B000C492AEB667C192B6949672B6257044B6B2
:1083C000B91B1BB61245EDB5C215AEB5BF6071B590
:1083D0007A2C1AB52D0DADB42D7219B4321C19B307
:1083E000009E0529000000003A1C99B625C819B75F
:1083F000378867B772D39AB7A0FDC1B7752DE9B7B3
:10840000882608B8F4A21BB86C002FB8103342B805
:10841000BE2E55B813E767B8704F7AB8832D86B86B
:108420006AFE8EB8DC9397B833E79FB8C2F1A7B85D
:10843000CFACAFB89D11B7B86D19BEB881BDC4B887
:1084400023F7CAB8A9BFD0B87510D6B8FEE2DAB81B
:10845000D130DFB898F3E2B81C25E6B84BBFE8B8D6
:108460003ABCEAB82D16ECB89AC7ECB82BCBECB8EE
:10847000C41BECB88BB4EAB8E690E8B882ACE5B8B7
:108480005803E2B8B291DDB82B54D8B8B647D2B889
:10849000A169CBB89AB7C3B8AF2FBBB857D0B1B8A2
:1084A0006F98A7B841879CB8879C90B86DD883B85F
:1084B00023776CB8168E4FB8D3F830B86DBB10B8B0
:1084C000E7B5DDB7E0BA96B7AD2719B74721AF33A7
:1084D000DEF72137743EA4378A60FA3701A52938C0
:1084E0005570573812428338A9689B38E323B43853
:1084F000366BCD389C35E738CABC003995160E3935
:10850000F9A21B39875C2939993D373956404539DD
:10851000AE5E53396292613903D56F39F41F7E39EB
:1085200038368639C5598D3917779439948A9B39ED
:108530009390A2395A85A9392765B0392A2CB739C1
:108540008DD6BD397160C439F2C5CA392A03D13913
:108550002F14D7391BF5DC3909A2E2391817E8398D
:108560006F50ED393E4AF239BE00F7393770FB39AA
:108570000295FF39C2B5013A1F78033ADE0F053A7A
:10858000577B063AEAB8073A08C7083A31A4093ACD
:10859000F54E0A3AF4C50A3AE3070B3A88130B3A48
:1085A000BEE70A3A77830A3AB9E5093AA20D093AD1
:1085B0006AFA073A5EAB063AE81F053A8C57033A67
:1085C000E851013A701DFE39A41BF939569EF33962
:1085D000ADA5ED390A32E7390C44E03991DCD839E0
:1085E000B8FCD039DDA5C8399DD9BF39D699B6397F
:1085F000A8E8AC3973C8A239D93B9839BB458D3945
:108600003CE9813981536C39D61554393C213B39C9
:10861000F67D2139BF3407399A9DD8389AABA138F5
:108620007A4F5338919CC237210394B6E9EE07B8CC
:1086300007CE7EB87B76BBB8BA0CF8B8F6871AB905
:10864000C93239B946F957B994CD76B9C9D08AB982
:1086500070339AB97387A9B96CC5B8B9DCE5C7B9E5
:1086600034E1D6B9D2AFE5B90A4AF4B9125401BA25
:10867000336108BA88480FBA340616BA5A961CBA3B
:1086800025F522BAC41E29BA700F2FBA6CC334BAAA
:1086900009373ABAA4663FBAAC4E44BAA2EB48BA1C
:1086A0001C3A4DBAC73651BA67DE54BADC2D58BAF7
:1086B00020225BBA4DB85DBA9DED5FBA6DBF61BA5D
:1086C0003B2B63BAAC2E64BA8DC764BAD4F364BAD8
:1086D000A0B164BA3DFF63BA25DB62BA024461BA55
:1086E000AC385FBA2FB85CBAC9C159BAEE5456BAA1
:1086F000457152BAAC164EBA394549BA39FD43BA3A
:10870000343F3EBAE80B38BA506431BAA0492ABAAD
:1087100046BD22BAECC01ABA785612BA088009BA15
:10872000F83F00BABB31EDB90E1BD9B9FF41C4B94E
:1087300014ADAEB9436398B9F56B81B9FC9D53B9DB
:10874000402923B91716E3B803567BB8D1B831B71F
:10875000843C26383C2CBE3849641539D4634C39E6
:1087600025FF81394B0E9E398853BA39C2C2D6399A
:108770009B4FF339BDF6073AC747163A6994243A36
:108780000CD6323A0206413A8F1D4F3AE8155D3A4F
:1087900035E86A3A9A8D783A99FF823A0D9B893A80
:1087A000B615903A266C963AF29A9C3AB39EA23A43
:1087B0000C74A83AA817AE3A3B86B33A89BCB83ACB
:1087C00061B7BD3AA473C23A43EEC63A4224CB3AEB
:1087D000BB12CF3ADEB6D23AF30DD63A5D15D93A8E
:1087E00098CADB3A3E2BDE3A0735E03ACDE5E13A6E
:1087F000883BE33A5534E43A74CEE43A4B08E53A20
:1088000066E0E43A7A55E43A6366E33A2912E23ADA
:10881000FF57E03A4237DE3A7FAFDB3A6EC0D83AD4
:10882000F769D53A31ACD13A6287CD3A02FCC83A01
:10883000B90AC43A5EB4BE3AFCF9B83ACFDCB23AEF
:10884000445EAC3AFA7FA53AC0439E3A99AB963A59
:10885000B7B98E3A7E70863A00A57B3A03C5693A6D
:10886000E846573AF030443AB789303A2F581C3A24
:10887000A5A3073A72E7E439B7A0B9399E838D39C9
:1088800082424139462DCC388B811A372CC7A7B884
:10889000E26532B9A9DB88B9C7D7B8B9B512E9B969
:1088A000BDBB0CBA66F824BA83343DBA236555BA09
:1088B000347F6DBAC5BB82BA73A18EBAFA6A9ABA0E
:1088C000AD12A6BAD992B1BACFE5BCBADC05C8BA26
:1088D00058EDD2BA9E96DDBA14FCE7BA2F18F2BA58
:1088E00071E5FBBA37AF02BBEA3E07BB309F0BBB5B
:1088F00079CD0FBB41C713BB148A17BB91131BBBA8
:1089000067611EBB5B7121BB454124BB16CF26BBF3
:10891000D41829BB9F1C2BBBB0D82CBB5C4B2EBBE7
:1089200015732FBB674E30BBFFDB30BBA81A31BBC2
:108930004D0931BBFCA630BBE2F22FBB4FEC2EBB86
:10894000B9922DBBB7E52BBB05E529BB869027BBAC
:1089500042E824BB65EC21BB459D1EBB5CFB1ABBFA
:108960004B0717BBDEC112BB032C0EBBD24609BBA3
:108970008C1304BB2C27FDBAFB90F1BAEE67E5BA65
:10898000BAAFD8BA606CCBBA2DA2BDBAB755AFBAE0
:10899000DF8BA0BACA4991BAE79481BACBE562BA33
:1089A00075D341BA33FF1FBAD4EBFAB9F389B4B91E
:1089B000CBE859B9AF1E91B8947B953862C25F3944
:1089C0005E20BB39727E033A48AB293A5006503AD2
:1089D000E07E763A09828E3A64C2A13AD8F7B43A78
:1089E000AB19C83A0F1FDB3A2BFFED3A8F58003B0B
:1089F000FE95093B70B3123B71AC1B3B937C243B4F
:108A00006A1F2D3B9590353BBBCB3D3B90CC453B06
:108A1000D48E4D3B590E553B02475C3BC634633BFD
:108A2000B3D3693BEE1F703BB815763B6BB17B3B14
:108A3000C277803B4EE6823BB722853B6F2B873B5C
:108A4000F8FE883BE99B8A3BED008C3BC62C8D3BB6
:108A50004A1E8E3B67D48E3B224E8F3B9C8A8F3BB7
:108A600009898F3BBD488F3B21C98E3BBC098E3B9A
:108A7000310A8D3B3BCA8B3BB5498A3B9688883B84
:108A8000F186863BF544843BF2C2813BA7027E3BE4
:108A90004401783B0B83713B86896A3B7B16633BC1
:108AA000ED2B5B3B18CC523B74F9493BB4B6403BD1
:108AB000C406373BC9EC2C3B216C223B6188173B39
:108AC00054450C3BFBA6003B1663E93AD6D2D03A9C
:108AD00065A6B73A56E79D3A929F833AC0B2513A9B
:108AE000AE3E1B3A8AF1C739C0DD2F3922E54AB8BC
:108AF000F6C18BB90B11FFB9778C39BAEAD373BAC7
:108B0000CB2297BAEF63B4BA6AA0D1BA27CBEEBA38
:108B10007AEB05BB455B14BB4AAE22BBD7DD30BB4D
:108B20003BE33EBBC4B74CBBC4545ABB97B367BB13
:108B30009FCD74BB27CE80BB920C87BBDC1E8DBB48
:108B4000DB0193BB70B298BB8C2D9EBB3270A3BB74
:108B50007177A8BB7040ADBB68C8B1BBA70CB6BBF2
:108B6000940ABABBAEBFBDBB8F29C1BBE945C4BB2C
:108B70009012C7BB708DC9BB99B4CBBB3986CDBB36
:108B8000A100CFBB4222D0BBB3E9D0BBB055D1BB13
:108B90001965D1BBF516D1BB736AD0BBE95ECFBBFB
:108BA000D6F3CDBBE428CCBBE5FDC9BBD672C7BBB1
:108BB000DF87C4BB543DC1BBB593BDBBAB8BB9BB59
:108BC0000D26B5BBDF63B0BB4E46ABBBB6CEA5BB77
:108BD0009DFE9FBBB4D799BBD95B93BB138D8CBB58
:108BE000946D85BB6DFF7BBB028C6CBB3E865CBB12
:108BF000CCF34BBBA0DA3ABBFC4029BB6C2D17BBB6
:108C0000C1A604BB2568E3BA70B9BCBA965095BA40
:108C1000837A5ABA231F09BA8CC05AB99D84E538A1
:108C2000B0C0E139CCBB453A768F8D3A8F72B83AF5
:108C30009D74E33A6A41073B17C51C3BBE3B323B80
:108C4000B49B473B41DB5C3BA1F0713B0669833B36
:108C5000DCBA8D3BEEE8973B5EEEA13B50C6AB3BEA
:108C6000F46BB53B81DABE3B3D0DC83B7BFFD03B8F
:108C7000A1ACD93B2610E23B9825EA3B9DE8F13BAD
:108C8000F354F93B3B33003C908C033C85B4063CE9
:108C900037A9093CD7680C3CA9F10E3C0242113CB3
:108CA0005058133C1433153CE8D0163C7C30183C2B
:108CB0009A50193C23301A3C15CE1A3C85291B3C8E
:108CC000A6411B3CC7151B3C52A51A3CD0EF193CD2
:108CD000E5F4183C55B4173C032E163CED61143CEA
:108CE0003550123C19F90F3CF85C0D3C4F7C0A3CA6
:108CF000BB57073CFBEF033CEB45003C11B5F83B91
:108D0000DD5DF03BB288E73B4438DE3B856FD43B0A
:108D1000A531CA3B0E82BF3B6664B43B8CDCA83BEA
:108D200098EE9C3BDA9E903BD7F1833B93D86D3B0A
:108D30003D26533BE7D6373B2EF51B3B0D18FF3A3C
:108D40007B4DC53AE7A18A3A585A1E3ACE3D1839AA
:108D5000D6D5A6B9CFE14DBAAC90A4BA657AE2BA3D
:108D6000AC4910BB37602FBB24734EBBA5746DBBE1
:108D7000682B86BBD48595BB90C2A4BB94DAB3BBE9
:108D8000D4C6C2BB4880D1BBEEFFDFBBCB3EEEBB3F
:108D9000F135FCBB40EF04BCD4980BBC5A1412BC98
:108DA000825E18BC09741EBCBC5124BC7AF429BC78
:108DB00034592FBCED7C34BCC25C39BCE2F53DBCFF
:108DC000974542BC464946BC6DFE49BCA7624DBCB6
:108DD000B07350BC5F2F53BCAE9355BCB99E57BC0B
:108DE000BD4E59BC1EA25ABC61975BBC362D5CBC03
:108DF00070625CBC0C365CBC2EA75BBC25B55ABC53
:108E00006B5F59BCA2A557BC9A8755BC4D0553BC96
:108E1000E31E50BCAFD44CBC332749BC1C1745BC27
:108E200046A540BCB9D23BBCAAA036BC7E1031BC22
:108E3000C3232BBC37DC24BCC33B1EBC7C4417BC07
:108E4000A3F80FBCA35A08BC116D00BC5C65F0BB55
:108E5000C15CDFBB72C6CDBBDBA8BBBBB50AA9BB7F
:108E600001F395BB0A6982BBB4E85CBB843934BBAF
:108E70009ED40ABB2895C1BAB0B158BA57B930B917
:108E80006C18023AE6EC983AD265F13AA628253BEE
:108E900088C4513B31737E3B8490953B22DDAB3BD4
:108EA0007B15C23B872FD83B3221EE3B32F0013C91
:108EB0007FB10C3C724F173C01C5213C270D2C3C67
:108EC000E522363C4801403C67A3493C6A04533CD8
:108ED000871F5C3C08F0643C4C716D3CCA9E753C3D
:108EE00011747D3C6776823C6502863CF75B893C69
:108EF00024818C3C03708F3CC026923C9AA3943C06
:108F0000E5E4963C0CE9983C91AE9A3C0C349C3CD0
:108F10002F789D3CC6799E3CB6379F3C00B19F3C64
:108F2000BFE49F3C2CD29F3C9D789F3C84D79E3CC5
:108F300073EE9D3C1ABD9C3C46439B3CE580993CAE
:108F40000676973CD622953CA287923CDAA48F3CC9
:108F50000B7B8C3CE60A893C3A55853CF95A813CAE
:108F6000673A7A3C363A713C04B8673CB5B65D3C2A
:108F70006B39533C8843483CABD83C3CB1FC303C5B
:108F8000B1B3243CFE01183C22EC0A3CC4EDFA3B90
:108F90006D4EDF3B9C04C33B141BA63BF99C883BF6
:108FA0009E2B553BE622183B6370B43A6824DC39AB
:108FB0008A790FBACEACC7BAC24824BB3B1A65BB8C
:108FC000931793BBB6B5B3BB5159D4BB01F4F4BBF3
:108FD000A3BB0ABC3EEA1ABC78FE2ABCEDF03ABC40
:108FE00035BA4ABCE3525ABC90B369BCD4D478BCFD
:108FF000AAD783BCDE1D8BBC633992BCA12699BC69
:1090000007E29FBC1368A6BC4FB5ACBC54C6B2BC4B
:10901000CD97B8BC7826BEBC246FC3BCBA6EC8BCA2
:109020003722CDBCB286D1BC5C99D5BC8357D9BCA4
:1090300091BEDCBC0FCCDFBCA57DE2BC1FD1E4BC83
:109040006AC4E6BC9755E8BCDC82E9BC974AEABC36
:109050004CABEABCA8A3EABC8232EABCDA56E9BC53
:10906000DF0FE8BCE85CE6BC7C3DE4BC4EB1E1BC93
:1090700042B8DEBC6752DBBCFF7FD7BC7B41D3BCB0
:109080007A97CEBCCF82C9BC7C04C4BCB31DBEBC25
:10909000D9CFB7BC821CB1BC7405AABCA48CA2BC3D
:1090A0003AB49ABC8B7E92BC1DEE89BCA50581BCEE
:1090B0000C906FBCA2705CBC88B348BC915F34BCA0
:1090C000E87B1FBC0B100ABC9747E8BB937EBBBB79
:1090D000E7D58DBB06BE3EBBA8AFC0BA2C4F1EB7AE
:1090E000D190C03A3835423B0B80923B0C40C43B98
:1090F000C345F63BF83D143C7D662D3C7C91463CD7
:10910000DBB35F3C5EC2783CD8D8883C303B953CB2
:109110007682A13CE1A8AD3CA4A8B93CEC7BC53C5F
:10912000EA1CD13CCD85DC3CCAB0E73C1D98F23C42
:109130000B36FD3C72C2033D84BF083D738F0D3D6D
:10914000802F123DF89C163D33D51A3D97D51E3D14
:10915000999B223DBC24263D976E293DD1762C3D1E
:10916000243B2F3D61B9313D6FEF333D48DB353D49
:10917000037B373DCCCC383DEECE393DCC7F3A3DFC
:10918000E5DD3A3DD7E73A3D609C3A3D59FA393D35
:10919000BF00393DAEAE373D6503363D46FE333D3B
:1091A000D49E313DBAE42E3DC5CF2B3DE75F283D2F
:1091B0003B95243D0070203D9DF01B3DA117173DC0
:1091C000C0E5113DDA5B0C3DF57A063D4044003DBB
:1091D0002672F33CDFB5E53CFD56D73C2659C83C2A
:1091E00051C0B83CC790A83C22CF973C4C80863CED
:1091F0000153693C92A0443CFDF41E3C1EB9F03B77
:109200005AC8A13B5465223BD6CFEBB79AEB28BB9B
:10921000E94CA9BBA951FFBBC2312BBC713057BC73
:10922000CCC981BCB92498BCDD9FAEBCE131C5BCC2
:1092300033D1DBBC0C74F2BC398804BD1FCE0FBD2A
:109240008C061BBD402C26BDE53931BD162A3CBD20
:109250005AF746BD2A9C51BDF1125CBD0D5666BD44
:10926000D45F70BD8F2A7ABD42D881BDF87586BDA6
:1092700087EB8ABD0C368FBDA25293BD663E97BD6B
:1092800077F69ABDF6779EBD07C0A1BDD3CBA4BD2E
:109290008998A7BD5B23AABD8669ACBD4C68AEBDED
:1092A000FA1CB0BDE584B1BD6E9DB2BD0164B3BD15
:1092B00016D6B3BD32F1B3BDEBB2B3BDE118B3BD49
:1092C000C820B2BD64C8B0BD870DAFBD1AEEACBD3D
:1092D0001668AABD8979A7BD9420A4BD6E5BA0BD08
:1092E00064289CBDDB8597BD4B7292BD48EC8CBD5C
:1092F0007CF286BDAB8380BD653D73BD118564BDC9
:109300007DDC54BD034244BD33B432BDD13120BDF8
:10931000DFB90CBD2697F0BCBDCCC5BCDA1399BC37
:109320008FD854BC1659E7BB56516ABAEE76B43B97
:10933000D2F1463CE3BC9B3C15E7D53C3BFA083DEB
:10934000C3F0273D26D5473D2DA5683D332F853DEC
:10935000137F963DC340A83DB372BA3D3713CD3D50
:109360008620E03DBE98F33DEFBC033EE6E00D3EB7
:109370002A37183E93BE223EEF752D3EFB5B383EEA
:109380006C6F433EEAAE4E3E11195A3E71AC653EDB
:109390009267713EEF487D3E7DA7843E0EBC8A3EBB
:1093A0005AE1903E8B16973EC95A9D3E37ADA33E7B
:1093B000F30CAA3E1A79B03EC4F0B63E0673BD3E29
:1093C000F3FEC33E9A93CA3E0A30D13E4DD3D73EF8
:1093D0006E7CDE3E742AE53E67DCEB3E4C91F23E4D
:1093E0002848F93E0000003FEC5B033F5AB7063FB8
:1093F000CD110A3FC66A0D3FC9C1103F5916143F2F
:10940000FB67173F33B61A3F86001E3F7D46213F5C
:109410009E87243F73C3273F86F92A3F65292E3F45
:109420009B52313FBA74343F538F373FF9A13A3FD3
:1094300041AC3D3FC4AD403F1BA6433FE494463F93
:10944000BC79493F45544C3F25244F3F01E9513FEA
:1094500084A2543F5B50573F36F2593FC6875C3F6A
:10946000C4105F3FE88C613FEFFB633F995D663F4F
:10947000AAB1683FE8F76A3F1E306D3F1A5A6F3F46
:10948000AD75713FAE82733FF480753F5C70773F7E
:10949000C750793F19227B3F39E47C3F12977E3FCA
:1094A0004A1D803F59E7803FB1A9813F4F64823F09
:1094B0003317833F5DC2833FCF65843F8F01853F74
:1094C000A295853F1022863FE4A6863F2824873F49
:1094D000EB99873F3B08883F286F883FC5CE883F80
:1094E0002527893F5E78893F86C2893FB7058A3F35
:1094F00009428A3F99778A3F81A68A3FE2CE8A3F16
:10950000D8F08A3F860C8B3F0D228B3F8E318B3FEC
:109510002F3B8B3F133F8B3F613D8B3F40368B3F53
:10952000D7298B3F4E188B3FD0018B3F85E68A3F72
:1095300098C68A3F36A28A3F89798A3FBD4C8A3FC6
:10954000001C8A3F7FE7893F67AF893FE673893F09
:109550002A35893F61F3883FB8AE883F6067883F0E
:10956000841D883F54D1873FFF82873FB032873FB9
:1095700098E0863FE18C863FBB37863F51E1853FCF
:10958000CF89853F6231853F34D8843F717E843FE7
:109590004224843FD0C9833F456F833FC814833F33
:1095A0007FBA823F9360823F2707823F61AE813F4F
:1095B0006356813F52FF803F4DA9803F7654803FE4
:1095C000EC00803F9B5D7F3F6FBC7E3F8E1E7E3FE9
:1095D0002C847D3F7EED7C3FB45A7C3FFECB7B3FAD
:1095E00087417B3F7ABB7A3FFD397A3F37BD793F70
:1095F0004845793F51D2783F6F64783FBCFB773F55
:109600005198773F423A773FA4E1763F868E763F86
:10961000F640763F00F9753FACB6753F027A753F6C
:109620000443753FB411753F13E6743F1CC0743F8B
:10963000CA9F743F1585743FF46F743F5A60743F3E
:109640003A56743F8351743F2252743F0358743F1B
:109650001163743F3373743F5088743F4CA2743F5E
:1096600009C1743F6AE4743F4E0C753F9338753FEF
:109670001769753FB49D753F46D6753FA712763F73
:10968000AD52763F3196763F08DD763F0927773F2A
:109690000874773FD9C3773F5016783F3F6B783FC8
:1096A0007AC2783FD21B793F1977793F21D4793F2D
:1096B000BB327A3FB9927A3FECF37A3F27567B3F31
:1096C00039B97B3FF71C7C3F31817C3FBAE57C3F59
:1096D000664A7D3F08AF7D3F74137E3F80777E3FB3
:1096E00000DB7E3FCB3D7F3FB89F7F3F4F00803FF9
:1096F0002C30803F5F5F803FD68D803F7FBB803FB7
:1097000048E8803F2014813FF83E813FBF68813F99
:109710006791813FE1B8813F20DF813F1704823F9D
:10972000B827823FFA49823FD16A823F338A823F1B
:1097300016A8823F72C4823F3FDF823F77F8823FA4
:109740001210833F0B26833F5E3A833F064D833FD3
:10975000005E833F4A6D833FE17A833FC586833F46
:10976000F690833F7499833F3FA0833F5BA5833F7F
:10977000CAA8833F8FAA833FADAA833F2AA9833F0C
:109780000BA6833F56A1833F129B833F4593833FA4
:10979000F789833F307F833FFA72833F5E65833F63
:1097A0006556833F1B46833F8934833FBB21833FFC
:1097B000BD0D833F9AF8823F5FE2823F19CB823F23
:1097C000D5B2823FA099823F887F823F9B64823FCF
:1097D000E648823F772C823F5F0F823FAAF1813FAC
:1097E00067D3813FA6B4813F7495813FE275813F85
:1097F000FD55813FD435813F7715813FF4F4803F9B
:1098000059D4803FB6B3803F1893803F8D72803F1C
:109810002452803FEB31803FEF11803F7BE47F3F5C
:10982000C8A57F3FDD677F3FD42A7F3FC6EE7E3FDE
:10983000CAB37E3FF7797E3F63417E3F240A7E3F75
:109840004FD47D3FF89F7D3F316D7D3F0D3C7D3F87
:109850009D0C7D3FF2DE7C3F1AB37C3F25897C3F27
:1098600020617C3F173B7C3F16177C3F28F57B3FF0
:1098700056D57B3FA9B77B3F289C7B3FD9827B3F56
:10988000C36B7B3FE9567B3F50447B3FF9337B3FC3
:10989000E6257B3F171A7B3F8C107B3F44097B3FBB
:1098A0003B047B3F6F017B3FDA007B3F78027B3FCD
:1098B00042067B3F320C7B3F3F147B3F601E7B3F69
:1098C0008B2A7B3FB8387B3FD9487B3FE35A7B3FAD
:1098D000CA6E7B3F80847B3FF79B7B3F20B57B3FFD
:1098E000EDCF7B3F4DEC7B3F300A7C3F85297C3FB1
:1098F0003B4A7C3F406C7C3F828F7C3FEEB37C3F99
:1099000072D97C3FFBFF7C3F74277D3FCB4F7D3F6F
:10991000EC787D3FC2A27D3F3ACD7D3F3FF87D3F51
:10992000BE237E3FA14F7E3FD57B7E3F46A87E3F34
:10993000DFD47E3F8D017F3F3B2E7F3FD75A7F3F55
:109940004D877F3F8AB37F3F7ADF7F3F8605803F29
:10995000161B803F6530803F6A45803F1D5A803F1F
:10996000746E803F6982803FF395803F0BA9803FF2
:10997000A9BB803FC6CD803F5DDF803F65F0803F63
:10998000DA00813FB510813FF11F813F892E813F71
:10999000773C813FB849813F4856813F2162813FF2
:1099A000416D813FA577813F4B81813F2E8A813F69
:1099B0004E92813FA999813F3EA0813F0BA6813FF6
:1099C0000FAB813F4BAF813FBFB2813F6AB5813F53
:1099D0004EB7813F6CB8813FC5B8813F5AB8813FCF
:1099E0002FB7813F44B5813F9DB2813F3DAF813F5D
:1099F00027AB813F5FA6813FE7A0813FC59A813FAA
:109A0000FD93813F938C813F8B84813FEC7B813F31
:109A1000BA72813FFA68813FB25E813FE953813F6C
:109A2000A348813FE83C813FBD30813F2924813FED
:109A30003217813FDE09813F36FC803F3FEE803F99
:109A400000E0803F80D1803FC7C2803FDBB3803FD2
:109A5000C3A4803F8695803F2B86803FBA76803FA7
:109A60003A67803FB057803F2548803F9F38803F0E
:109A70002429803FBC19803F6D0A803F7CF67F3FE0
:109A800069D87F3FAFBA7F3F599D7F3F74807F3F4A
:109A90000B647F3F29487F3FDA2C7F3F27127F3FAF
:109AA0001CF87E3FC2DE7E3F23C67E3F47AE7E3F30
:109AB00037977E3FFC807E3F9D6B7E3F21577E3FE8
:109AC0008F437E3FEF307E3F441F7E3F960E7E3FAA
:109AD000E8FE7D3F40F07D3FA1E27D3F0FD67D3F18
:109AE0008CCA7D3F1CC07D3FBFB67D3F78AE7D3FB9
:109AF00048A77D3F2FA17D3F2C9C7D3F41987D3F16
:109B00006B957D3FA9937D3FF9927D3F5A937D3FB1
:109B1000C8947D3F3F977D3FBE9A7D3F3E9F7D3FEE
:109B2000BCA47D3F34AB7D3F9FB27D3FF8BA7D3F03
:109B300039C47D3F5DCE7D3F5BD97D3F2EE57D3FC6
:109B4000CEF17D3F33FF7D3F560D7E3F2F1C7E3F84
:109B5000B52B7E3FE03B7E3FA74C7E3F015E7E3FC4
:109B6000E66F7E3F4B827E3F28957E3F73A87E3F07
:109B700023BC7E3F2ED07E3F8AE47E3F2EF97E3F7F
:109B80000F0E7F3F25237F3F64387F3FC44D7F3FCB
:109B90003B637F3FBF787F3F468E7F3FC7A37F3FBA
:109BA00038B97F3F91CE7F3FC8E37F3FD4F87F3FF6
:109BB000D606803F2411803F4F1B803F5425803FB5
:109BC0002E2F803FDA38803F5342803F974B803FB3
:109BD000A154803F6D5D803FFA65803F436E803FBA
:109BE0004676803F007E803F6E85803F8D8C803F33
:109BF0005C93803FD899803FFF9F803FCFA5803FF7
:109C000046AB803F64B0803F26B5803F8CB9803F33
:109C100094BD803F3DC1803F88C4803F73C7803F73
:109C2000FEC9803F29CC803FF4CD803F5FCF803F8D
:109C30006AD0803F17D1803F65D1803F56D1803FA9
:109C4000EAD0803F22D0803F01CF803F86CD803F49
:109C5000B5CB803F8DC9803F13C7803F46C4803F4E
:109C60002AC1803FC0BD803F0BBA803F0DB6803F08
:109C7000C8B1803F40AD803F77A8803F70A3803F50
:109C80002E9E803FB298803F0293803F1F8D803F81
:109C90000D87803FCE80803F677A803FDA73803FB8
:109CA0002A6D803F5C66803F725F803F6F58803FC7
:109CB0005751803F2E4A803FF642803FB33B803F62
:109CC0006834803F192D803FC925803F7A1E803F30
:109CD0003217803FF10F803FBC08803F9601803FE4
:109CE00002F57F3F02E77F3F30D97F3F93CB7F3F35
:109CF00030BE7F3F0CB17F3F2DA47F3F97977F3FC2
:109D00004E8B7F3F597F7F3FBB737F3F78687F3F9C
:109D1000945D7F3F13537F3FF9487F3F493F7F3F2B
:109D200007367F3F342D7F3FD4247F3FEA1C7F3F9F
:109D300076157F3F7D0E7F3FFF077F3FFD017F3F11
:109D40007AFC7E3F76F77E3FF2F27E3FEFEE7E3F7B
:109D50006DEB7E3F6CE87E3FECE57E3FEDE37E3FC2
:109D60006EE27E3F6FE17E3FEEE07E3FEBE07E3FC6
:109D700064E17E3F57E27E3FC3E37E3FA6E57E3F40
:109D8000FEE77E3FC8EA7E3F02EE7E3FA9F17E3FBE
:109D9000BBF57E3F33FA7E3F10FF7E3F4F047F3F8F
:109DA000EA097F3FE00F7F3F2C167F3FCB1C7F3FB0
:109DB000B9237F3FF22A7F3F71327F3F333A7F3FA3
:109DC00034427F3F6F4A7F3FE1527F3F835B7F3F5B
:109DD00054647F3F4D6D7F3F6A767F3FA77F7F3F13
:109DE00000897F3F70927F3FF39B7F3F84A57F3F39
:109DF0001FAF7F3FBFB87F3F60C27F3FFECB7F3F3B
:109E000095D57F3F20DF7F3F9CE87F3F04F27F3F77
:109E100054FB7F3F4402803FCF06803F490B803F89
:109E2000AF0F803F0014803F3A18803F5D1C803F99
:109E30006520803F5224803F2328803FD52B803FE0
:109E4000692F803FDB32803F2C36803F5A39803F7C
:109E5000643C803F4A3F803F0A42803FA344803FAA
:109E60001647803F6149803F844B803F7E4D803F55
:109E70004F4F803FF650803F7452803FC853803F21
:109E8000F354803FF355803FC956803F7657803F5B
:109E9000F957803F5358803F8558803F8D58803F09
:109EA0006E58803F2758803FBA57803F2657803FE3
:109EB0006C56803F8E55803F8C54803F6853803F66
:109EC0002152803FB950803F314F803F8A4D803FC3
:109ED000C54B803FE449803FE747803FD045803F06
:109EE0009F43803F5841803FF93E803F863C803F02
:109EF000FF39803F6637803FBB34803F0132803F6F
:109F0000392F803F652C803F8529803F9B26803FED
:109F1000A823803FAF20803FB01D803FAD1A803F17
:109F2000A717803F9F14803F9811803F910E803F7C
:109F30008D0B803F8E08803F9305803F9F02803FBE
:109F400065FF7F3F9FF97F3FECF37F3F50EE7F3F00
:109F5000CCE87F3F63E37F3F17DE7F3FEAD87F3F58
:109F6000DED37F3FF4CE7F3F2ECA7F3F8FC57F3F3A
:109F700017C17F3FC8BC7F3FA3B87F3FAAB47F3FD4
:109F8000DEB07F3F40AD7F3FD1A97F3F92A67F3FAC
:109F900083A37F3FA6A07F3FFB9D7F3F829B7F3FA8
:109FA0003C997F3F2A977F3F4B957F3FA0937F3F10
:109FB00028927F3FE4907F3FD48F7F3FF78E7F3F93
:109FC0004D8E7F3FD58D7F3F908D7F3F7C8D7F3F36
:109FD000998D7F3FE68D7F3F628E7F3F0D8F7F3F64
:109FE000E58F7F3FEA907F3F1B927F3F75937F3FD6
:109FF000F9947F3FA5967F3F77987F3F6E9A7F3F8A
:10A00000899C7F3FC69E7F3F24A17F3FA2A37F3FC5
:10A010003DA67F3FF4A87F3FC6AB7F3FB1AE7F3FF9
:10A02000B3B17F3FCAB47F3FF5B77F3F32BB7F3FBD
:10A0300080BE7F3FDDC17F3F46C57F3FBBC87F3FBE
:10A0400039CC7F3FBECF7F3F4AD37F3FDBD67F3FB8
:10A050006EDA7F3F02DE7F3F96E17F3F28E57F3F5C
:10A06000B6E87F3F3EEC7F3FC0EF7F3F3AF37F3F54
:10A07000AAF67F3F0FFA7F3F67FD7F3F5900803F81
:10A08000F701803F8C03803F1905803F9D06803F8C
:10A090001708803F8609803FEB0A803F440C803FD1
:10A0A000920D803FD30E803F0810803F3011803FDB
:10A0B0004B12803F5813803F5814803F4915803F12
:10A0C0002D16803F0117803FC817803F8018803FC2
:10A0D0002919803FC319803F4E1A803FCB1A803F19
:10A0E000381B803F971B803FE71B803F281C803F29
:10A0F0005B1C803F801C803F961C803F9E1C803FE5
:10A10000991C803F861C803F651C803F381C803F27
:10A11000FE1B803FB71B803F641B803F061B803FB8
:10A120009C1A803F271A803FA719803F1D19803F46
:10A130008A18803FED17803F4717803F9816803F71
:10A14000E215803F2415803F5F14803F9313803FCA
:10A15000C112803FE911803F0C11803F2B10803FDE
:10A16000450F803F5B0E803F6E0D803F7E0C803F31
:10A170008C0B803F980A803FA309803FAD08803F49
:10A18000B607803FC006803FCA05803FD404803FA9
:10A19000E003803FEE02803FFE01803F1001803FE0
:10A1A0002500803F7BFE7F3FB3FC7F3FF3FA7F3F7C
:10A1B0003BF97F3F8DF77F3FE8F57F3F4EF47F3FD0
:10A1C000BFF27F3F3BF17F3FC3EF7F3F57EE7F3FC3
:10A1D000F9EC7F3FA7EB7F3F63EA7F3F2DE97F3FAD
:10A1E00005E87F3FEBE67F3FE0E57F3FE4E47F3F2C
:10A1F000F7E37F3F1AE37F3F4BE27F3F8CE17F3FF6
:10A20000DDE07F3F3CE07F3FACDF7F3F2ADF7F3FE9
:10A21000B8DE7F3F55DE7F3F01DE7F3FBDDD7F3F04
:10A2200087DD7F3F5FDD7F3F46DD7F3F3BDD7F3F5B
:10A230003EDD7F3F4FDD7F3F6CDD7F3F97DD7F3F22
:10A24000CEDD7F3F12DE7F3F61DE7F3FBCDE7F3FA2
:10A2500022DF7F3F93DF7F3F0DE07F3F92E07F3F34
:10A2600020E17F3FB7E17F3F56E27F3FFDE27F3F46
:10A27000ACE37F3F61E47F3F1DE57F3FE0E57F3F4B
:10A28000A7E67F3F74E77F3F45E87F3F1AE97F3FBE
:10A29000F3E97F3FCFEA7F3FAEEB7F3F8FEC7F3F1D
:10A2A00071ED7F3F55EE7F3F39EF7F3F1EF07F3FDF
:10A2B00003F17F3FE7F17F3FCAF27F3FACF37F3F7F
:10A2C0008CF47F3F6AF57F3F46F67F3F1FF77F3F65
:10A2D000F4F77F3FC6F87F3F95F97F3F5FFA7F3FF6
:10A2E00025FB7F3FE6FB7F3FA2FC7F3F59FD7F3F81
:10A2F0000BFE7F3FB8FE7F3F5EFF7F3FFFFF7F3F4C
:10A300004D00803F9700803FDE00803F2101803F6D
:10A310006201803F9F01803FD901803F0F02803F53
:10A320004202803F7202803F9E02803FC702803F10
:10A33000ED02803F0F03803F2E03803F4903803FA3
:10A340006103803F7603803F8803803F9703803F0F
:10A35000A203803FAB03803FB003803FB303803F45
:10A36000B303803FB003803FAB03803FA303803F34
:10A370009903803F8C03803F7D03803F6C03803FC7
:10A380005803803F4303803F2C03803F1303803FEB
:10A39000F802803FDC02803FBF02803FA002803F86
:10A3A0008002803F5E02803F3C02803F1902803F76
:10A3B000F501803FD001803FAA01803F8401803FAA
:10A3C0005E01803F3701803F1001803FE900803F00
:10A3D000C200803F9B00803F7400803F4D00803F63
:10A3E0002600803F0000803F0000DC425CCF02433B
:10A3F0005CCF2443000044433333B33E295C8F3E9B
:10A4000000000000000020406666663F00009644A1
:10A4100000007A45000000419A99993F0000803F72
:10A42000000000BF0AD7A33C00803B4700000000AB
:10A4300000007A44F304353F0000000000000000F3
:10A44000000000000000000000000000000000000C
:10A450000000803F000000000000000000803B473B
:10A460000000000000007A44F304353F00000000C3
:10A4700000000000000000000000000000000000DC
:10A48000000000000000803F00000000000000000D
:10A4900000803B470000000000007A44F304353F91
:10A4A00000000000000000000000000000000000AC
:10A4B00000000000000000000000803F00000000DD
:10A4C0000000000000803B470000000000007A44CC
:10A4D000F304353F00000000000000000000000011
:10A4E0000000000000000000000000000000803FAD
:10A4F000000000000000000000803B47000000005A
:10A5000000007A44F304353F000000000000000022
:10A51000000000000000000000000000000000003B
:10A520000000803F000000000000000000803B476A
:10A530000000000000007A44F304353F00000000F2
:10A54000000000000000000000000000000000000B
:10A55000000000000000803F00000000000000003C
:10A560000000000000000000D51E00000D210000CA
:10A57000112100001921000021210000D92600002E
:10A58000DD260000E1260000E526000000FFFFFFB9
:10A5900000010000E81EFF1F120000000002000082
:10A5A000501EFF1F9500000005030904181FFF1F20
:10A5B0000000000000030000FC1EFF1F0000000060
:10A5C00001030904001FFF1F00000000020309042B
:10A5D000281FFF1F0000000003030904401FFF1F86
:10A5E000000000000000000000000000000000006B
:10A5F0001519151519FFFFFFDB0F49BFE4CB1640F6
:10A60000E4CB16C000000080DB0F4940DB0F49C0DF
:10A610000000003F000000BF8071313F807131BFFA
:10A62000D1F71737D1F717B7000FC93F000F4940CF
:10A6300000CB9640000FC9400053FB4000CB1641B1
:10A6400000ED2F41000F49410031624100537B4131
:10A65000003A8A4100CB9641005CA34100EDAF4136
:10A66000007EBC41000FC94100A0D5410031E2414C
:10A6700000C2EE410053FB4100F20342003A0A429D
:10A680000083104200CB164200141D42005C23429E
:10A6900000A5294200ED2F4200363642007E3C42A2
:10A6A00000C74242000F4942A2000000F90000002A
:10A6B000830000006E0000004E0000004400000017
:10A6C0001500000029000000FC0000002700000029
:10A6D00057000000D1000000F50000003400000029
:10A6E000DD000000C0000000DB0000006200000090
:10A6F00095000000990000003C00000043000000AD
:10A700009000000041000000FE0000005100000029
:10A7100063000000AB000000DE000000BB00000092
:10A72000C500000061000000B70000002400000028
:10A730006E0000003A000000420000004D000000E2
:10A74000D2000000E0000000060000004900000008
:10A750002E000000EA00000009000000D100000007
:10A76000920000001C000000FE0000001D00000020
:10A77000EB0000001C000000B100000029000000F8
:10A78000A70000003E000000E8000000820000007A
:10A7900035000000F50000002E000000BB000000A6
:10A7A0004400000084000000E90000009C0000005C
:10A7B0007000000026000000B40000005F000000F0
:10A7C0007E00000041000000390000009100000000
:10A7D000D600000039000000830000005300000094
:10A7E00039000000F40000009C000000840000001C
:10A7F0005F0000008B000000BD000000F9000000B9
:10A80000280000003B0000001F000000F8000000CE
:10A8100097000000FF000000DE00000005000000BF
:10A82000980000000F000000EF0000002F00000063
:10A83000110000008B0000005A0000000A00000018
:10A840006D0000001F0000006D00000036000000D9
:10A850007E000000CF00000027000000CB000000B9
:10A8600009000000B70000004F0000004600000093
:10A870003F000000660000009E0000005F00000036
:10A88000EA0000002D000000750000002700000015
:10A89000BA000000C7000000EB000000E500000067
:10A8A000F10000007B0000003D00000007000000F8
:10A8B00039000000F70000008A000000520000008C
:10A8C00092000000EA0000006B000000FB000000A6
:10A8D0005F000000B10000001F0000008D000000BC
:10A8E0005D000000080000005600000003000000AA
:10A8F0003000000046000000FC0000007B0000006B
:10A900006B000000AB000000F0000000CF00000072
:10A91000BC000000200000009A000000F4000000CD
:10A92000360000001D000000A9000000E300000048
:10A9300091000000610000005E000000E6000000E1
:10A940001B000000080000006500000099000000E6
:10A95000850000005F00000014000000A00000005F
:10A9600068000000400000008D000000FF000000B3
:10A97000D8000000800000004D00000073000000BF
:10A980002700000031000000060000000600000063
:10A990001500000056000000CA000000730000000F
:10A9A000A8000000C900000060000000E2000000F4
:10A9B0007B000000C00000008C0000006B00000065
:10A9C00000FFFFFF3863ED3EDA0F493F5E987B3FA3
:10A9D000DA0FC93F6937AC3168212233B40F143321
:10A9E0006821A2330000C93F0000F0390000DA37C7
:10A9F0000000A2330000842E0000502B0000C2276C
:10AA00000000D0220000C41F0000C61B0000441735
:10AA1000040000000700000009000000F8B500BFB6
:10AA2000F8BC08BC9E467047C960000035040000B1
:0CAA3000111C0000E92000005528000067
:04AA3C00F8B500BFAA
:08AA4000F88FFF7F0100000008
:10AA480000000000B8070120FFFFFFFF010A040013
:10AA580009029500030100C032080B00020202013E
:10AA6800000904000001020201000524001001058C
:10AA780024010101042402060524060001070581BA
:10AA88000310004009040100020A00000007050243
:10AA9800024000000705830240000009040200028A
:10AAA800010300000724010001250006240201011A
:10AAB8000506240202020509240301030102010517
:10AAC80009240302040101010509050502400000EB
:10AAD800000005250101010905840240000000006D
:10AAE80005250101030000001201100100000040CB
:10AAF800C016890477020102030100000403090457
:10AB080018035400650065006E0073007900640046
:10AB1800750069006E006F000E0350006F00720030
:10AB2800740020003100000018035400650065001F
:10AB38006E007300790020004D0049004400490070
:10AB48000C030000000000000000000000000000EE
:10AB580000000000000000000000000000000000ED
:10AB6800581FFF1F581FFF1F601FFF1F601FFF1F79
:10AB7800681FFF1F681FFF1F701FFF1F701FFF1F29
:10AB8800781FFF1F781FFF1F801FFF1F801FFF1FD9
:10AB9800881FFF1F881FFF1F901FFF1F901FFF1F89
:10ABA800981FFF1F981FFF1FA01FFF1FA01FFF1F39
:10ABB800A81FFF1FA81FFF1FB01FFF1FB01FFF1FE9
:10ABC800B81FFF1FB81FFF1FC01FFF1FC01FFF1F99
:10ABD800C81FFF1FC81FFF1FD01FFF1FD01FFF1F49
:10ABE800D81FFF1FD81FFF1FE01FFF1FE01FFF1FF9
:10ABF800E81FFF1FE81FFF1FF01FFF1FF01FFF1FA9
:10AC0800F81FFF1FF81FFF1F0020FF1F0020FF1F56
:10AC18000820FF1F0820FF1F1020FF1F1020FF1F04
:10AC28001820FF1F1820FF1F2020FF1F2020FF1FB4
:10AC38002820FF1F2820FF1F3020FF1F3020FF1F64
:10AC48003820FF1F3820FF1F4020FF1F4020FF1F14
:10AC58004820FF1F4820FF1F5020FF1F5020FF1FC4
:10AC68005820FF1F5820FF1F6020FF1F6020FF1F74
:10AC78006820FF1F6820FF1F7020FF1F7020FF1F24
:10AC88007820FF1F7820FF1F8020FF1F8020FF1FD4
:10AC98008820FF1F8820FF1F9020FF1F9020FF1F84
:10ACA8009820FF1F9820FF1FA020FF1FA020FF1F34
:10ACB800A820FF1FA820FF1FB020FF1FB020FF1FE4
:10ACC800B820FF1FB820FF1FC020FF1FC020FF1F94
:10ACD800C820FF1FC820FF1FD020FF1FD020FF1F44
:10ACE800D820FF1FD820FF1FE020FF1FE020FF1FF4
:10ACF800E820FF1FE820FF1FF020FF1FF020FF1FA4
:10AD0800F820FF1FF820FF1F0021FF1F0021FF1F51
:10AD18000821FF1F0821FF1F1021FF1F1021FF1FFF
:10AD28001821FF1F1821FF1F2021FF1F2021FF1FAF
:10AD38002821FF1F2821FF1F3021FF1F3021FF1F5F
:10AD48003821FF1F3821FF1F4021FF1F4021FF1F0F
:10AD58004821FF1F4821FF1F5021FF1F5021FF1FBF
:10AD68005821FF1F5821FF1F6021FF1F6021FF1F6F
:10AD78006821FF1F6821FF1F7021FF1F7021FF1F1F
:10AD88007821FF1F7821FF1F8021FF1F8021FF1FCF
:10AD98008821FF1F8821FF1F9021FF1F9021FF1F7F
:10ADA8009821FF1F9821FF1FA021FF1FA021FF1F2F
:10ADB800A821FF1FA821FF1FB021FF1FB021FF1FDF
:10ADC800B821FF1FB821FF1FC021FF1FC021FF1F8F
:10ADD800C821FF1FC821FF1FD021FF1FD021FF1F3F
:10ADE800D821FF1FD821FF1FE021FF1FE021FF1FEF
:10ADF800E821FF1FE821FF1FF021FF1FF021FF1F9F
:10AE0800F821FF1FF821FF1F0022FF1F0022FF1F4C
:10AE18000822FF1F0822FF1F1022FF1F1022FF1FFA
:10AE28001822FF1F1822FF1F2022FF1F2022FF1FAA
:10AE38002822FF1F2822FF1F3022FF1F3022FF1F5A
:10AE48003822FF1F3822FF1F4022FF1F4022FF1F0A
:10AE58004822FF1F4822FF1F5022FF1F5022FF1FBA
:10AE68005822FF1F5822FF1F6022FF1F6022FF1F6A
:10AE78006822FF1F6822FF1F7022FF1F7022FF1F1A
:10AE88007822FF1F7822FF1F8022FF1F8022FF1FCA
:10AE98008822FF1F8822FF1F9022FF1F9022FF1F7A
:10AEA8009822FF1F9822FF1FA022FF1FA022FF1F2A
:10AEB800A822FF1FA822FF1FB022FF1FB022FF1FDA
:10AEC800B822FF1FB822FF1FC022FF1FC022FF1F8A
:10AED800C822FF1FC822FF1FD022FF1FD022FF1F3A
:10AEE800D822FF1FD822FF1FE022FF1FE022FF1FEA
:10AEF800E822FF1FE822FF1FF022FF1FF022FF1F9A
:10AF0800F822FF1FF822FF1F0023FF1F0023FF1F47
:10AF18000823FF1F0823FF1F1023FF1F1023FF1FF5
:10AF28001823FF1F1823FF1F2023FF1F2023FF1FA5
:10AF38002823FF1F2823FF1F3023FF1F3023FF1F55
:10AF48003823FF1F3823FF1F4023FF1F4023FF1F05
:10AF58004823FF1F4823FF1F5023FF1F5023FF1FB5
:10AF6800FFFFFFFF0000020000000000E0040120D6
:10AF780048050120B0050120000000000000000085
:10AF880000000000000000000000000000000000B9
:10AF980000000000000000000000000000000000A9
:10AFA8000000000000000000000000000000000099
:10AFB8000000000000000000000000000000000089
:10AFC8000000000000000000000000000000000079
:10AFD8000000000000000000000000000000000069
:10AFE8000000000000000000000000000000000059
:10AFF8000000000000000000000000000000000049
:10B0080001000000000000000E33CDAB34126DE6E5
:10B01800ECDE05000B00000000000000000000004E
:10B028000000000000000000000000000000000018
:10B038000000000000000000000000000000000008
:10B0480000000000000000000000000000000000F8
:10B0580000000000000000000000000000000000E8
:10B0680000000000000000000000000000000000D8
:10B0780000000000000000000000000000000000C8
:10B0880000000000000000006823FF1F18060120D0
:00000001FF
