:0200000460009A
:100000004643464200000156000000000103030081
:1000100000000000000000000000000000000000E0
:1000200000000000000000000000000000000000D0
:1000300000000000000000000000000000000000C0
:1000400000000000010408000000000000000000A3
:100050000000800000000000000000000000000020
:100060000000000000000000000000000000000090
:100070000000000000000000000000000000000080
:10008000EB04180A063204260000000000000000FD
:10009000050404240000000000000000000000002F
:1000A0000000000000000000000000000000000050
:1000B0000604000000000000000000000000000036
:1000C0000000000000000000000000000000000030
:1000D00020041808000000000000000000000000DC
:1000E0000000000000000000000000000000000010
:1000F0000000000000000000000000000000000000
:10010000D8041808000000000000000000000000F3
:100110000204180804200000000000000000000095
:1001200000000000000000000000000000000000CF
:10013000600400000000000000000000000000005B
:1001400000000000000000000000000000000000AF
:10015000000000000000000000000000000000009F
:10016000000000000000000000000000000000008F
:10017000000000000000000000000000000000007F
:10018000000000000000000000000000000000006F
:10019000000000000000000000000000000000005F
:1001A000000000000000000000000000000000004F
:1001B000000000000000000000000000000000003F
:1001C000000100000010000001000000000000001D
:1001D000000001000000000000000000000000001E
:1001E000000000000000000000000000000000000F
:1001F00000000000000000000000000000000000FF
:10020000FFFFFFFFFFFFFFFFFFFFFFFFFFFFFFFFFE
:10021000FFFFFFFFFFFFFFFFFFFFFFFFFFFFFFFFEE
:10022000FFFFFFFFFFFFFFFFFFFFFFFFFFFFFFFFDE
:10023000FFFFFFFFFFFFFFFFFFFFFFFFFFFFFFFFCE
:10024000FFFFFFFFFFFFFFFFFFFFFFFFFFFFFFFFBE
:10025000FFFFFFFFFFFFFFFFFFFFFFFFFFFFFFFFAE
:10026000FFFFFFFFFFFFFFFFFFFFFFFFFFFFFFFF9E
:10027000FFFFFFFFFFFFFFFFFFFFFFFFFFFFFFFF8E
:10028000FFFFFFFFFFFFFFFFFFFFFFFFFFFFFFFF7E
:10029000FFFFFFFFFFFFFFFFFFFFFFFFFFFFFFFF6E
:1002A000FFFFFFFFFFFFFFFFFFFFFFFFFFFFFFFF5E
:1002B000FFFFFFFFFFFFFFFFFFFFFFFFFFFFFFFF4E
:1002C000FFFFFFFFFFFFFFFFFFFFFFFFFFFFFFFF3E
:1002D000FFFFFFFFFFFFFFFFFFFFFFFFFFFFFFFF2E
:1002E000FFFFFFFFFFFFFFFFFFFFFFFFFFFFFFFF1E
:1002F000FFFFFFFFFFFFFFFFFFFFFFFFFFFFFFFF0E
:10030000FFFFFFFFFFFFFFFFFFFFFFFFFFFFFFFFFD
:10031000FFFFFFFFFFFFFFFFFFFFFFFFFFFFFFFFED
:10032000FFFFFFFFFFFFFFFFFFFFFFFFFFFFFFFFDD
:10033000FFFFFFFFFFFFFFFFFFFFFFFFFFFFFFFFCD
:10034000FFFFFFFFFFFFFFFFFFFFFFFFFFFFFFFFBD
:10035000FFFFFFFFFFFFFFFFFFFFFFFFFFFFFFFFAD
:10036000FFFFFFFFFFFFFFFFFFFFFFFFFFFFFFFF9D
:10037000FFFFFFFFFFFFFFFFFFFFFFFFFFFFFFFF8D
:10038000FFFFFFFFFFFFFFFFFFFFFFFFFFFFFFFF7D
:10039000FFFFFFFFFFFFFFFFFFFFFFFFFFFFFFFF6D
:1003A000FFFFFFFFFFFFFFFFFFFFFFFFFFFFFFFF5D
:1003B000FFFFFFFFFFFFFFFFFFFFFFFFFFFFFFFF4D
:1003C000FFFFFFFFFFFFFFFFFFFFFFFFFFFFFFFF3D
:1003D000FFFFFFFFFFFFFFFFFFFFFFFFFFFFFFFF2D
:1003E000FFFFFFFFFFFFFFFFFFFFFFFFFFFFFFFF1D
:1003F000FFFFFFFFFFFFFFFFFFFFFFFFFFFFFFFF0D
:10040000FFFFFFFFFFFFFFFFFFFFFFFFFFFFFFFFFC
:10041000FFFFFFFFFFFFFFFFFFFFFFFFFFFFFFFFEC
:10042000FFFFFFFFFFFFFFFFFFFFFFFFFFFFFFFFDC
:10043000FFFFFFFFFFFFFFFFFFFFFFFFFFFFFFFFCC
:10044000FFFFFFFFFFFFFFFFFFFFFFFFFFFFFFFFBC
:10045000FFFFFFFFFFFFFFFFFFFFFFFFFFFFFFFFAC
:10046000FFFFFFFFFFFFFFFFFFFFFFFFFFFFFFFF9C
:10047000FFFFFFFFFFFFFFFFFFFFFFFFFFFFFFFF8C
:10048000FFFFFFFFFFFFFFFFFFFFFFFFFFFFFFFF7C
:10049000FFFFFFFFFFFFFFFFFFFFFFFFFFFFFFFF6C
:1004A000FFFFFFFFFFFFFFFFFFFFFFFFFFFFFFFF5C
:1004B000FFFFFFFFFFFFFFFFFFFFFFFFFFFFFFFF4C
:1004C000FFFFFFFFFFFFFFFFFFFFFFFFFFFFFFFF3C
:1004D000FFFFFFFFFFFFFFFFFFFFFFFFFFFFFFFF2C
:1004E000FFFFFFFFFFFFFFFFFFFFFFFFFFFFFFFF1C
:1004F000FFFFFFFFFFFFFFFFFFFFFFFFFFFFFFFF0C
:10050000FFFFFFFFFFFFFFFFFFFFFFFFFFFFFFFFFB
:10051000FFFFFFFFFFFFFFFFFFFFFFFFFFFFFFFFEB
:10052000FFFFFFFFFFFFFFFFFFFFFFFFFFFFFFFFDB
:10053000FFFFFFFFFFFFFFFFFFFFFFFFFFFFFFFFCB
:10054000FFFFFFFFFFFFFFFFFFFFFFFFFFFFFFFFBB
:10055000FFFFFFFFFFFFFFFFFFFFFFFFFFFFFFFFAB
:10056000FFFFFFFFFFFFFFFFFFFFFFFFFFFFFFFF9B
:10057000FFFFFFFFFFFFFFFFFFFFFFFFFFFFFFFF8B
:10058000FFFFFFFFFFFFFFFFFFFFFFFFFFFFFFFF7B
:10059000FFFFFFFFFFFFFFFFFFFFFFFFFFFFFFFF6B
:1005A000FFFFFFFFFFFFFFFFFFFFFFFFFFFFFFFF5B
:1005B000FFFFFFFFFFFFFFFFFFFFFFFFFFFFFFFF4B
:1005C000FFFFFFFFFFFFFFFFFFFFFFFFFFFFFFFF3B
:1005D000FFFFFFFFFFFFFFFFFFFFFFFFFFFFFFFF2B
:1005E000FFFFFFFFFFFFFFFFFFFFFFFFFFFFFFFF1B
:1005F000FFFFFFFFFFFFFFFFFFFFFFFFFFFFFFFF0B
:10060000FFFFFFFFFFFFFFFFFFFFFFFFFFFFFFFFFA
:10061000FFFFFFFFFFFFFFFFFFFFFFFFFFFFFFFFEA
:10062000FFFFFFFFFFFFFFFFFFFFFFFFFFFFFFFFDA
:10063000FFFFFFFFFFFFFFFFFFFFFFFFFFFFFFFFCA
:10064000FFFFFFFFFFFFFFFFFFFFFFFFFFFFFFFFBA
:10065000FFFFFFFFFFFFFFFFFFFFFFFFFFFFFFFFAA
:10066000FFFFFFFFFFFFFFFFFFFFFFFFFFFFFFFF9A
:10067000FFFFFFFFFFFFFFFFFFFFFFFFFFFFFFFF8A
:10068000FFFFFFFFFFFFFFFFFFFFFFFFFFFFFFFF7A
:10069000FFFFFFFFFFFFFFFFFFFFFFFFFFFFFFFF6A
:1006A000FFFFFFFFFFFFFFFFFFFFFFFFFFFFFFFF5A
:1006B000FFFFFFFFFFFFFFFFFFFFFFFFFFFFFFFF4A
:1006C000FFFFFFFFFFFFFFFFFFFFFFFFFFFFFFFF3A
:1006D000FFFFFFFFFFFFFFFFFFFFFFFFFFFFFFFF2A
:1006E000FFFFFFFFFFFFFFFFFFFFFFFFFFFFFFFF1A
:1006F000FFFFFFFFFFFFFFFFFFFFFFFFFFFFFFFF0A
:10070000FFFFFFFFFFFFFFFFFFFFFFFFFFFFFFFFF9
:10071000FFFFFFFFFFFFFFFFFFFFFFFFFFFFFFFFE9
:10072000FFFFFFFFFFFFFFFFFFFFFFFFFFFFFFFFD9
:10073000FFFFFFFFFFFFFFFFFFFFFFFFFFFFFFFFC9
:10074000FFFFFFFFFFFFFFFFFFFFFFFFFFFFFFFFB9
:10075000FFFFFFFFFFFFFFFFFFFFFFFFFFFFFFFFA9
:10076000FFFFFFFFFFFFFFFFFFFFFFFFFFFFFFFF99
:10077000FFFFFFFFFFFFFFFFFFFFFFFFFFFFFFFF89
:10078000FFFFFFFFFFFFFFFFFFFFFFFFFFFFFFFF79
:10079000FFFFFFFFFFFFFFFFFFFFFFFFFFFFFFFF69
:1007A000FFFFFFFFFFFFFFFFFFFFFFFFFFFFFFFF59
:1007B000FFFFFFFFFFFFFFFFFFFFFFFFFFFFFFFF49
:1007C000FFFFFFFFFFFFFFFFFFFFFFFFFFFFFFFF39
:1007D000FFFFFFFFFFFFFFFFFFFFFFFFFFFFFFFF29
:1007E000FFFFFFFFFFFFFFFFFFFFFFFFFFFFFFFF19
:1007F000FFFFFFFFFFFFFFFFFFFFFFFFFFFFFFFF09
:10080000FFFFFFFFFFFFFFFFFFFFFFFFFFFFFFFFF8
:10081000FFFFFFFFFFFFFFFFFFFFFFFFFFFFFFFFE8
:10082000FFFFFFFFFFFFFFFFFFFFFFFFFFFFFFFFD8
:10083000FFFFFFFFFFFFFFFFFFFFFFFFFFFFFFFFC8
:10084000FFFFFFFFFFFFFFFFFFFFFFFFFFFFFFFFB8
:10085000FFFFFFFFFFFFFFFFFFFFFFFFFFFFFFFFA8
:10086000FFFFFFFFFFFFFFFFFFFFFFFFFFFFFFFF98
:10087000FFFFFFFFFFFFFFFFFFFFFFFFFFFFFFFF88
:10088000FFFFFFFFFFFFFFFFFFFFFFFFFFFFFFFF78
:10089000FFFFFFFFFFFFFFFFFFFFFFFFFFFFFFFF68
:1008A000FFFFFFFFFFFFFFFFFFFFFFFFFFFFFFFF58
:1008B000FFFFFFFFFFFFFFFFFFFFFFFFFFFFFFFF48
:1008C000FFFFFFFFFFFFFFFFFFFFFFFFFFFFFFFF38
:1008D000FFFFFFFFFFFFFFFFFFFFFFFFFFFFFFFF28
:1008E000FFFFFFFFFFFFFFFFFFFFFFFFFFFFFFFF18
:1008F000FFFFFFFFFFFFFFFFFFFFFFFFFFFFFFFF08
:10090000FFFFFFFFFFFFFFFFFFFFFFFFFFFFFFFFF7
:10091000FFFFFFFFFFFFFFFFFFFFFFFFFFFFFFFFE7
:10092000FFFFFFFFFFFFFFFFFFFFFFFFFFFFFFFFD7
:10093000FFFFFFFFFFFFFFFFFFFFFFFFFFFFFFFFC7
:10094000FFFFFFFFFFFFFFFFFFFFFFFFFFFFFFFFB7
:10095000FFFFFFFFFFFFFFFFFFFFFFFFFFFFFFFFA7
:10096000FFFFFFFFFFFFFFFFFFFFFFFFFFFFFFFF97
:10097000FFFFFFFFFFFFFFFFFFFFFFFFFFFFFFFF87
:10098000FFFFFFFFFFFFFFFFFFFFFFFFFFFFFFFF77
:10099000FFFFFFFFFFFFFFFFFFFFFFFFFFFFFFFF67
:1009A000FFFFFFFFFFFFFFFFFFFFFFFFFFFFFFFF57
:1009B000FFFFFFFFFFFFFFFFFFFFFFFFFFFFFFFF47
:1009C000FFFFFFFFFFFFFFFFFFFFFFFFFFFFFFFF37
:1009D000FFFFFFFFFFFFFFFFFFFFFFFFFFFFFFFF27
:1009E000FFFFFFFFFFFFFFFFFFFFFFFFFFFFFFFF17
:1009F000FFFFFFFFFFFFFFFFFFFFFFFFFFFFFFFF07
:100A0000FFFFFFFFFFFFFFFFFFFFFFFFFFFFFFFFF6
:100A1000FFFFFFFFFFFFFFFFFFFFFFFFFFFFFFFFE6
:100A2000FFFFFFFFFFFFFFFFFFFFFFFFFFFFFFFFD6
:100A3000FFFFFFFFFFFFFFFFFFFFFFFFFFFFFFFFC6
:100A4000FFFFFFFFFFFFFFFFFFFFFFFFFFFFFFFFB6
:100A5000FFFFFFFFFFFFFFFFFFFFFFFFFFFFFFFFA6
:100A6000FFFFFFFFFFFFFFFFFFFFFFFFFFFFFFFF96
:100A7000FFFFFFFFFFFFFFFFFFFFFFFFFFFFFFFF86
:100A8000FFFFFFFFFFFFFFFFFFFFFFFFFFFFFFFF76
:100A9000FFFFFFFFFFFFFFFFFFFFFFFFFFFFFFFF66
:100AA000FFFFFFFFFFFFFFFFFFFFFFFFFFFFFFFF56
:100AB000FFFFFFFFFFFFFFFFFFFFFFFFFFFFFFFF46
:100AC000FFFFFFFFFFFFFFFFFFFFFFFFFFFFFFFF36
:100AD000FFFFFFFFFFFFFFFFFFFFFFFFFFFFFFFF26
:100AE000FFFFFFFFFFFFFFFFFFFFFFFFFFFFFFFF16
:100AF000FFFFFFFFFFFFFFFFFFFFFFFFFFFFFFFF06
:100B0000FFFFFFFFFFFFFFFFFFFFFFFFFFFFFFFFF5
:100B1000FFFFFFFFFFFFFFFFFFFFFFFFFFFFFFFFE5
:100B2000FFFFFFFFFFFFFFFFFFFFFFFFFFFFFFFFD5
:100B3000FFFFFFFFFFFFFFFFFFFFFFFFFFFFFFFFC5
:100B4000FFFFFFFFFFFFFFFFFFFFFFFFFFFFFFFFB5
:100B5000FFFFFFFFFFFFFFFFFFFFFFFFFFFFFFFFA5
:100B6000FFFFFFFFFFFFFFFFFFFFFFFFFFFFFFFF95
:100B7000FFFFFFFFFFFFFFFFFFFFFFFFFFFFFFFF85
:100B8000FFFFFFFFFFFFFFFFFFFFFFFFFFFFFFFF75
:100B9000FFFFFFFFFFFFFFFFFFFFFFFFFFFFFFFF65
:100BA000FFFFFFFFFFFFFFFFFFFFFFFFFFFFFFFF55
:100BB000FFFFFFFFFFFFFFFFFFFFFFFFFFFFFFFF45
:100BC000FFFFFFFFFFFFFFFFFFFFFFFFFFFFFFFF35
:100BD000FFFFFFFFFFFFFFFFFFFFFFFFFFFFFFFF25
:100BE000FFFFFFFFFFFFFFFFFFFFFFFFFFFFFFFF15
:100BF000FFFFFFFFFFFFFFFFFFFFFFFFFFFFFFFF05
:100C0000FFFFFFFFFFFFFFFFFFFFFFFFFFFFFFFFF4
:100C1000FFFFFFFFFFFFFFFFFFFFFFFFFFFFFFFFE4
:100C2000FFFFFFFFFFFFFFFFFFFFFFFFFFFFFFFFD4
:100C3000FFFFFFFFFFFFFFFFFFFFFFFFFFFFFFFFC4
:100C4000FFFFFFFFFFFFFFFFFFFFFFFFFFFFFFFFB4
:100C5000FFFFFFFFFFFFFFFFFFFFFFFFFFFFFFFFA4
:100C6000FFFFFFFFFFFFFFFFFFFFFFFFFFFFFFFF94
:100C7000FFFFFFFFFFFFFFFFFFFFFFFFFFFFFFFF84
:100C8000FFFFFFFFFFFFFFFFFFFFFFFFFFFFFFFF74
:100C9000FFFFFFFFFFFFFFFFFFFFFFFFFFFFFFFF64
:100CA000FFFFFFFFFFFFFFFFFFFFFFFFFFFFFFFF54
:100CB000FFFFFFFFFFFFFFFFFFFFFFFFFFFFFFFF44
:100CC000FFFFFFFFFFFFFFFFFFFFFFFFFFFFFFFF34
:100CD000FFFFFFFFFFFFFFFFFFFFFFFFFFFFFFFF24
:100CE000FFFFFFFFFFFFFFFFFFFFFFFFFFFFFFFF14
:100CF000FFFFFFFFFFFFFFFFFFFFFFFFFFFFFFFF04
:100D0000FFFFFFFFFFFFFFFFFFFFFFFFFFFFFFFFF3
:100D1000FFFFFFFFFFFFFFFFFFFFFFFFFFFFFFFFE3
:100D2000FFFFFFFFFFFFFFFFFFFFFFFFFFFFFFFFD3
:100D3000FFFFFFFFFFFFFFFFFFFFFFFFFFFFFFFFC3
:100D4000FFFFFFFFFFFFFFFFFFFFFFFFFFFFFFFFB3
:100D5000FFFFFFFFFFFFFFFFFFFFFFFFFFFFFFFFA3
:100D6000FFFFFFFFFFFFFFFFFFFFFFFFFFFFFFFF93
:100D7000FFFFFFFFFFFFFFFFFFFFFFFFFFFFFFFF83
:100D8000FFFFFFFFFFFFFFFFFFFFFFFFFFFFFFFF73
:100D9000FFFFFFFFFFFFFFFFFFFFFFFFFFFFFFFF63
:100DA000FFFFFFFFFFFFFFFFFFFFFFFFFFFFFFFF53
:100DB000FFFFFFFFFFFFFFFFFFFFFFFFFFFFFFFF43
:100DC000FFFFFFFFFFFFFFFFFFFFFFFFFFFFFFFF33
:100DD000FFFFFFFFFFFFFFFFFFFFFFFFFFFFFFFF23
:100DE000FFFFFFFFFFFFFFFFFFFFFFFFFFFFFFFF13
:100DF000FFFFFFFFFFFFFFFFFFFFFFFFFFFFFFFF03
:100E0000FFFFFFFFFFFFFFFFFFFFFFFFFFFFFFFFF2
:100E1000FFFFFFFFFFFFFFFFFFFFFFFFFFFFFFFFE2
:100E2000FFFFFFFFFFFFFFFFFFFFFFFFFFFFFFFFD2
:100E3000FFFFFFFFFFFFFFFFFFFFFFFFFFFFFFFFC2
:100E4000FFFFFFFFFFFFFFFFFFFFFFFFFFFFFFFFB2
:100E5000FFFFFFFFFFFFFFFFFFFFFFFFFFFFFFFFA2
:100E6000FFFFFFFFFFFFFFFFFFFFFFFFFFFFFFFF92
:100E7000FFFFFFFFFFFFFFFFFFFFFFFFFFFFFFFF82
:100E8000FFFFFFFFFFFFFFFFFFFFFFFFFFFFFFFF72
:100E9000FFFFFFFFFFFFFFFFFFFFFFFFFFFFFFFF62
:100EA000FFFFFFFFFFFFFFFFFFFFFFFFFFFFFFFF52
:100EB000FFFFFFFFFFFFFFFFFFFFFFFFFFFFFFFF42
:100EC000FFFFFFFFFFFFFFFFFFFFFFFFFFFFFFFF32
:100ED000FFFFFFFFFFFFFFFFFFFFFFFFFFFFFFFF22
:100EE000FFFFFFFFFFFFFFFFFFFFFFFFFFFFFFFF12
:100EF000FFFFFFFFFFFFFFFFFFFFFFFFFFFFFFFF02
:100F0000FFFFFFFFFFFFFFFFFFFFFFFFFFFFFFFFF1
:100F1000FFFFFFFFFFFFFFFFFFFFFFFFFFFFFFFFE1
:100F2000FFFFFFFFFFFFFFFFFFFFFFFFFFFFFFFFD1
:100F3000FFFFFFFFFFFFFFFFFFFFFFFFFFFFFFFFC1
:100F4000FFFFFFFFFFFFFFFFFFFFFFFFFFFFFFFFB1
:100F5000FFFFFFFFFFFFFFFFFFFFFFFFFFFFFFFFA1
:100F6000FFFFFFFFFFFFFFFFFFFFFFFFFFFFFFFF91
:100F7000FFFFFFFFFFFFFFFFFFFFFFFFFFFFFFFF81
:100F8000FFFFFFFFFFFFFFFFFFFFFFFFFFFFFFFF71
:100F9000FFFFFFFFFFFFFFFFFFFFFFFFFFFFFFFF61
:100FA000FFFFFFFFFFFFFFFFFFFFFFFFFFFFFFFF51
:100FB000FFFFFFFFFFFFFFFFFFFFFFFFFFFFFFFF41
:100FC000FFFFFFFFFFFFFFFFFFFFFFFFFFFFFFFF31
:100FD000FFFFFFFFFFFFFFFFFFFFFFFFFFFFFFFF21
:100FE000FFFFFFFFFFFFFFFFFFFFFFFFFFFFFFFF11
:100FF000FFFFFFFFFFFFFFFFFFFFFFFFFFFFFFFF01
:10100000D1002043F1150060000000000000000046
:10101000201000600010006000E000600000000090
:101020000000006000EC000000000000FFFFFFFF78
:10103000FFFFFFFFFFFFFFFFFFFFFFFFFFFFFFFFC0
:10104000FFFFFFFFFFFFFFFFFFFFFFFFFFFFFFFFB0
:10105000FFFFFFFFFFFFFFFFFFFFFFFFFFFFFFFFA0
:10106000FFFFFFFFFFFFFFFFFFFFFFFFFFFFFFFF90
:10107000FFFFFFFFFFFFFFFFFFFFFFFFFFFFFFFF80
:10108000FFFFFFFFFFFFFFFFFFFFFFFFFFFFFFFF70
:10109000FFFFFFFFFFFFFFFFFFFFFFFFFFFFFFFF60
:1010A000FFFFFFFFFFFFFFFFFFFFFFFFFFFFFFFF50
:1010B000FFFFFFFFFFFFFFFFFFFFFFFFFFFFFFFF40
:1010C000FFFFFFFFFFFFFFFFFFFFFFFFFFFFFFFF30
:1010D000FFFFFFFFFFFFFFFFFFFFFFFFFFFFFFFF20
:1010E000FFFFFFFFFFFFFFFFFFFFFFFFFFFFFFFF10
:1010F000FFFFFFFFFFFFFFFFFFFFFFFFFFFFFFFF00
:10110000FFFFFFFFFFFFFFFFFFFFFFFFFFFFFFFFEF
:10111000FFFFFFFFFFFFFFFFFFFFFFFFFFFFFFFFDF
:10112000FFFFFFFFFFFFFFFFFFFFFFFFFFFFFFFFCF
:10113000FFFFFFFFFFFFFFFFFFFFFFFFFFFFFFFFBF
:10114000FFFFFFFFFFFFFFFFFFFFFFFFFFFFFFFFAF
:10115000FFFFFFFFFFFFFFFFFFFFFFFFFFFFFFFF9F
:10116000FFFFFFFFFFFFFFFFFFFFFFFFFFFFFFFF8F
:10117000FFFFFFFFFFFFFFFFFFFFFFFFFFFFFFFF7F
:10118000FFFFFFFFFFFFFFFFFFFFFFFFFFFFFFFF6F
:10119000FFFFFFFFFFFFFFFFFFFFFFFFFFFFFFFF5F
:1011A000FFFFFFFFFFFFFFFFFFFFFFFFFFFFFFFF4F
:1011B000FFFFFFFFFFFFFFFFFFFFFFFFFFFFFFFF3F
:1011C000FFFFFFFFFFFFFFFFFFFFFFFFFFFFFFFF2F
:1011D000FFFFFFFFFFFFFFFFFFFFFFFFFFFFFFFF1F
:1011E000FFFFFFFFFFFFFFFFFFFFFFFFFFFFFFFF0F
:1011F000FFFFFFFFFFFFFFFFFFFFFFFFFFFFFFFFFF
:10120000FFFFFFFFFFFFFFFFFFFFFFFFFFFFFFFFEE
:10121000FFFFFFFFFFFFFFFFFFFFFFFFFFFFFFFFDE
:10122000FFFFFFFFFFFFFFFFFFFFFFFFFFFFFFFFCE
:10123000FFFFFFFFFFFFFFFFFFFFFFFFFFFFFFFFBE
:10124000FFFFFFFFFFFFFFFFFFFFFFFFFFFFFFFFAE
:10125000FFFFFFFFFFFFFFFFFFFFFFFFFFFFFFFF9E
:10126000FFFFFFFFFFFFFFFFFFFFFFFFFFFFFFFF8E
:10127000FFFFFFFFFFFFFFFFFFFFFFFFFFFFFFFF7E
:10128000FFFFFFFFFFFFFFFFFFFFFFFFFFFFFFFF6E
:10129000FFFFFFFFFFFFFFFFFFFFFFFFFFFFFFFF5E
:1012A000FFFFFFFFFFFFFFFFFFFFFFFFFFFFFFFF4E
:1012B000FFFFFFFFFFFFFFFFFFFFFFFFFFFFFFFF3E
:1012C000FFFFFFFFFFFFFFFFFFFFFFFFFFFFFFFF2E
:1012D000FFFFFFFFFFFFFFFFFFFFFFFFFFFFFFFF1E
:1012E000FFFFFFFFFFFFFFFFFFFFFFFFFFFFFFFF0E
:1012F000FFFFFFFFFFFFFFFFFFFFFFFFFFFFFFFFFE
:10130000FFFFFFFFFFFFFFFFFFFFFFFFFFFFFFFFED
:10131000FFFFFFFFFFFFFFFFFFFFFFFFFFFFFFFFDD
:10132000FFFFFFFFFFFFFFFFFFFFFFFFFFFFFFFFCD
:10133000FFFFFFFFFFFFFFFFFFFFFFFFFFFFFFFFBD
:10134000FFFFFFFFFFFFFFFFFFFFFFFFFFFFFFFFAD
:10135000FFFFFFFFFFFFFFFFFFFFFFFFFFFFFFFF9D
:10136000FFFFFFFFFFFFFFFFFFFFFFFFFFFFFFFF8D
:10137000FFFFFFFFFFFFFFFFFFFFFFFFFFFFFFFF7D
:10138000FFFFFFFFFFFFFFFFFFFFFFFFFFFFFFFF6D
:10139000FFFFFFFFFFFFFFFFFFFFFFFFFFFFFFFF5D
:1013A000FFFFFFFFFFFFFFFFFFFFFFFFFFFFFFFF4D
:1013B000FFFFFFFFFFFFFFFFFFFFFFFFFFFFFFFF3D
:1013C000FFFFFFFFFFFFFFFFFFFFFFFFFFFFFFFF2D
:1013D000FFFFFFFFFFFFFFFFFFFFFFFFFFFFFFFF1D
:1013E000FFFFFFFFFFFFFFFFFFFFFFFFFFFFFFFF0D
:1013F000FFFFFFFFFFFFFFFFFFFFFFFFFFFFFFFFFD
:10140000824205D051F8043B40F8043B8242F9D8AF
:10141000704700BF044A05494FF0000342F8043BFF
:101420009142FBD8704700BFC0560020C03C02204C
:1014300080B5BFF34F8F00F0F1F9544C544B0820A6
:101440005449C3F85401544AC3F800115348C3F82F
:10145000F0405349FFF7D4FF524A53495348FFF72E
:10146000CFFF534CFFF7D6FF4FF470004FF0E02151
:101470000023504AC1F8880D44F823200133B02BD3
:10148000FAD14D4B80214D4A03F8011B9342FBD109
:101490004FF0E0254A4F4B4A4FF0FF31C5F8084D59
:1014A0000026D5F8243D43F4E023C5F8243DFB692C
:1014B00023F07F0343F04003FB617B6A23F07F034B
:1014C00043F040037B629166D1661167516700F07B
:1014D000ADF93D4B63223D49A3633D4BE3630323D9
:1014E0006A613C4AAE612B61C5F8202DD5F8FC2D10
:1014F000394B42F08072C5F8FC2D1A6842F00102A7
:101500001A605B680B6000F055FB344800F0FCFC8F
:10151000F96E334B334A41F44051F9661E60C3F80B
:101520000861C3F81861C3F82861C3F83861936B88
:10153000DB0708D442F615632B4951651365936B9D
:1015400043F001039363274A284C936843F0011347
:10155000936000F0F5F900F091FC00F0C5FC00F09C
:1015600057FB00F05DF92368132BFCD900F0E8FB72
:101570002368B3F5967FFBD300F056F900F052F9DB
:1015800000F0CEFC00F0B8FC30BFFDE70C0D1113ED
:1015900000800D401B10182078660000000000003D
:1015A000B8200060C0560020348700600000002092
:1015B000005400201D28000000E400E0A0E400E04A
:1015C00000C00F4000C00A4061390000443C0220C6
:1015D0006539000000002020001000E00046C32311
:1015E0000040084000400D400000C056483C02202A
:1015F000054B4FF42A01054A05485A641864054A08
:1016000099639546FFF714FF00C00A40ABAAAAAA47
:1016100007002000008007201BB9124B1B6F9B04A2
:101620001ED400F03F000F4B22F0604221F06041D9
:1016300040F489101867C3F88010C3F890201A6F1F
:1016400022F480521A671A6F002AFCDAD3F870115C
:10165000054A0A40C3F870211A6F22F480321A67D3
:10166000704700BF00800D40FF7F7FFFB1F5607FB6
:10167000F0B50E468DB028BF4FF460760F46054694
:1016800072B62E4B00247022186021462C4B2D4838
:101690001C8000F03DFCCFB121462A484FF0010CE0
:1016A0004A0901F01F03013150F822400CFA03F3FC
:1016B0008E4243EA040340F82230F1D82846002342
:1016C0004380013300F582709E42F9D81E4C257884
:1016D00015B162B60DB0F0BD082000F011FC1B4B37
:1016E00080220646009302A90693194B02710560F9
:1016F00008A8029300F01CFC06A9164A304600F028
:10170000F7FB069B08A8DB689847009B02A8DB68EC
:1017100098472378002BDCD10F4B104AC3F858218F
:101720000F49D0204FF0E023402281F84600C3F853
:1017300008210123237062B60DB0F0BDC83302202A
:101740006C3C0220D0330220803C0220E448002080
:10175000551F00001B10010000540020611F0000F5
:1017600000E400E02B4A0021012310B4C2F8A000DD
:10177000C2F8A410C2F8B0305369DB07FCD50123CE
:101780004FF4803423495361C2F8A000C2F8A4404A
:10179000C2F8B0304B69DC07FCD501234FF40034AC
:1017A0001C4A4B61C1F8A000C1F8A440C1F8B03098
:1017B0005369D907FCD50123174C16495361C2F868
:1017C000A000C2F8A440C2F8B0304B69DB07FCD5DA
:1017D000D1F8003145F60D5021249AB24C61824275
:1017E00014D045F69D518A420CD1C3F34253032BCA
:1017F0000CD0A3F104035DF8044BB3FA83F35B0947
:101800001801704700205DF8044B704708205DF810
:10181000044B704700402A4004000300704700BF9B
:10182000704700BF704700BF00BF704710B44FF053
:10183000E023002110243248C3F8941DC3F89C4DC6
:101840001124C3F8A00D2F48C3F89C4D1224C3F8EF
:10185000A00D2D48C3F89C4D2C4AC3F8A00D2C4C6C
:1018600042F015022B48C3F89C4DC3F8A00D2A4C3A
:101870002A48C3F89C4DC3F8A00D294CC3F89C2DF1
:101880002848294AC3F8A04DC3F89C0DC3F8A02DE1
:1018900002F5A022254C0C322548C3F89C4DC3F814
:1018A000A02D244AC3F89C0DC3F8A02D02F140627C
:1018B000214C02322148C3F89C4DC3F8A02D0A32B6
:1018C000C3F89C0DC3F8A02D00BF00BF00BF00BF30
:1018D00000BF0122C3F8942DBFF34F8FBFF36F8F6A
:1018E000C3F8501FBFF34F8FBFF36F8FD3F8142D82
:1018F0005DF8044B42F44032C3F8142D704700BF2A
:101900003F0000102500080709001000C03C02201D
:1019100013002000210002071400002025000813F6
:10192000090000101600202027000B1317000040AC
:10193000180000602F000B07190000701A000080CB
:10194000F0B5824B1822824D0120824F83B0C3F83C
:101950005C528149C3F86072804CC3F86452A5F5AB
:1019600030457F4EC3F8685248F20C75C3F86C429C
:10197000C3F87042C3F87442C3F878424FF0FF34A2
:10198000DA661A675A679A67DA67C3F88020C3F87D
:101990008420C3F88820C1F82C03724AC1F83003B0
:1019A000C1F83403C1F83803C1F83C03C1F850034F
:1019B000B1696D4B0A406D486D4913436D4AB3617F
:1019C000D6F8843043F00C03C6F88430036843F043
:1019D0000203036003682B4021251A43664B026013
:1019E00044608A68654C1340654A43F00053836045
:1019F000C36823F07803C360036A13402343036280
:101A0000036A13405F4A234340F2056443628262E3
:101A1000C2620022D1F8B83023F03F0343F0010343
:101A2000C0F8B830D1F8BC30574923F03F0343F039
:101A30000103C0F8BC3002610567C0F8804045670B
:101A4000C0F884400224036823F00203036081612C
:101A50004E4B4F49C46143F8042B8B42FBD1434D9D
:101A60002B6843F001032B602C6814F00104FBD1B8
:101A70004549022340F2F5622046A96140F29941AE
:101A8000EB6140F26643C5F8002242F20142C5F81C
:101A90001032404BC5F82012C5F8303240F23543C1
:101AA000C5F834223C49C5F840323C4BC5F85012C9
:101AB0003B4AC5F8543242F20123C5F86022C5F80A
:101AC0006432FFF74FFE0646002836D083024FF4FB
:101AD00080222B660123C5F8A040244CC5F8A42021
:101AE000C5F8B0306369DA07FCD5012537056561B3
:101AF0003846FFF737FE32182A4BD2B21A7078B147
:101B000080024FF4802319496066C4F8A070C4F8BD
:101B1000A430C4F8B0504B69DB07FCD501234B61FE
:101B200021490024214801230094401A00EB02526D
:101B30001F4800F0D5F903B0F0BD1D4B194A1860DD
:101B40001070D860C3E9010003B0F0BD00801F40F1
:101B5000F9B00100F910010000841F40F970010084
:101B600000C00F40FFFCFF1F0003008000402A4020
:101B700000802A401200FFFFFF37F700400000807E
:101B800000FFF07CFF000F83F05AF05A00422A4019
:101B900000432A409F041830EB06180A063201263B
:101BA0003806180A863C0220000000700000007011
:101BB000AC3B0220F0B4154A40274FF480314FF47B
:101BC00080564FF400554FF4404443F242001369ED
:101BD00013F0020F0ED113F4005F0FD013F4805FE7
:101BE0000ED0002BF3DA13F4803F0BD15B060BD53C
:101BF000F0BC7047946151619061E8E75561E6E798
:101C00005661E4E79161E2E75761E0E700800D404B
:101C10003F4A03203F49F3EE095AD2F880304FF093
:101C2000000C9FED3D6A23F001039FED3C5A30B458
:101C3000C2F88030C2F89000D1F8E010384DCBB235
:101C4000384C39482B6007EE903A0B0DC1F30B214D
:101C5000F8EEE77A06EE903A07EE101A334BB8EE3C
:101C6000C77A2160F8EEE66A314937EEC66A37EE88
:101C7000C55A76EEC76A77EEE57A26EE266AC3ED98
:101C8000006A25EE265AD2F8803067EEA64AC0EDEB
:101C9000007AC6EE275A274885EE276AC4EEA76A5F
:101CA00075EE875AFCEEE55A36EE076A15EE904A55
:101CB000BCEEC66A43EA045376EE877AC2F88030F7
:101CC00016EE103AD2F89041FCEEE77A01EA0341B1
:101CD000214317EE903AC2F89011C3F30B03D2F8E8
:101CE00090110B431449C2F89031D2F8803043F080
:101CF0000203C2F88030114B80F840C0C1F8403177
:101D00004FF0E023012230BCC3F80821704700BF28
:101D100000810D4000441F400000AA420000B44270
:101D2000343C0220303C0220383C02203C3C022063
:101D30000000FF0F00E400E000540020E129000053
:101D4000314B40F6617210B5C3F8202140F20444D3
:101D500000F0E2F82D4A2E49D2F880302D4843F0A9
:101D60000303C2F880302C4BC1F8604102681A426C
:101D700003D1D1F8A8319A071BD0254A4FF0004172
:101D8000244B5963D2F8403143F00203C2F840318A
:101D9000D2F840319B07FBD44FF400304FF0E021E4
:101DA0001C4B4FF00042C1F88C0219209A6300F0DE
:101DB000BBF8184A4FF08040154C002190630A2070
:101DC000164B11604FF42072C4F8A801184600F0B9
:101DD0009FF84FF4800203464FF4810040F2431114
:101DE0001860C4F858311A640D4B0E4AC4F84811F3
:101DF000C3F804224FF0E0224FF400310123C2F86F
:101E00000C11C4F8403110BD00800D4000C00F40DF
:101E100000002E4000900D40001C1E00000000201D
:101E200000540020C92B000008B50E4B1B6E9B0709
:101E300000D4FBBE72B60C4B00200C4AC3F8400124
:101E400003F160430A49A3F55F2311649D46BFF384
:101E50004F8F4FF400130748074ADB6902609B6805
:101E6000984700BF00441F4000002E4000C00A40B9
:101E70000300200000802020000012EB104BA02067
:101E8000104AD96E41F4403110B4D96640F237643B
:101E9000D96E41F44071D96654649064936C1B060A
:101EA000FCD4094A40F23761A02351649364936CD7
:101EB00013F08003FBD1054A13705DF8044B7047A3
:101EC00000C00F4000400C4000800C40853C0220C8
:101ED000F8B500BFF8BC08BC9E4670470000000083
:101EE0005FF800F0B93E00005FF800F0553D0000DB
:101EF0005FF800F0FD2400005FF800F0D526000038
:101F00005FF800F0192800005FF800F08539000044
:101F10005FF800F0E56100005FF800F001330000B9
:101F20005FF800F0C56200005FF800F02D260000A9
:101F30005FF800F0C91F00004500000029190000EB
:081F4000451E0000012600000F
:101F480018035400650065006E00730079002000D6
:101F58004D0049004400490018035400650065001D
:101F68006E00730079006400750069006E006F00F0
:101F78000403090409029500030100C032080B009C
:101F88000202020100090400000102020100052406
:101F9800001001052401010104240206052406009D
:101FA800010705820310001009040100020A00005D
:101FB80000070503024000000705830240000009EE
:101FC80004020002010300000724010001250006A5
:101FD800240201010006240202020009240301036D
:101FE800010201000924030204010101000905049A
:101FF8000240000000000525010101090584024096
:1020080000000000052501010300000009029500F9
:10201800030100C032080B0002020201000904009B
:10202800000102020100052400100105240101013C
:102038000424020605240600010705820310000592
:1020480009040100020A000000070503020002005B
:1020580007058302000200090402000201030000D0
:1020680007240100012500062402010100062402BC
:1020780002020009240301030102010009240302EA
:102088000401010100090504020002000000052501
:102098000101010905840200020000000525010173
:1020A800030000000A060002EF02014001000000E0
:1020B8000000000000000000000000000000000018
:1020C8000000000000000000000000000000000008
:1020D8000548064B1B1AD90F01EBA301491002D082
:1020E800034B03B118477047C0560020C056002064
:1020F8000000000008B5054B1BB105490548AFF3C2
:102108000080BDE80840FFF7E3BF00BF0000000003
:10211800BC3B022000EC0060DFED7F7A90ED027A94
:10212800D0ED006AB4EEE77A10B5F1EE10FA044685
:102138002DED048B09D4DFED797A66EEA77AB4EE3B
:10214800E77AF1EE10FA77FE877A94ED038A9FED2D
:10215800727AB4EEC78AF1EE10FA54D4B7EE007A68
:1021680087EE089A9FED6E7A87EEA60A20EE070A98
:1021780004F06AFC6368F0EE408A082B2CD8DFE88C
:1021880003F06F768087919CA8054700D4ED040A78
:10219800B2EE040ADFED637AC0EEA70A04F070F825
:1021A800B5EE400AB0EE408AF1EE10FA00F1B180C7
:1021B800B1EEC80AC8EE808AB7EE007AFFEE007A60
:1021C80084ED087AE8EE087A38EE478A28EE098A1C
:1021D800C4ED0A7A84ED098AF7EE006A78EE897A06
:1021E800B0EE666AA7EEA86A86EE867A67EE287A67
:1021F80084ED057A27EEA80AC4ED067ABDEC048BB7
:1022080084ED070A10BDB0EE478A9FED479AA9E70B
:10221800D4ED040AB2EE040ADFED427AC0EEA70A52
:1022280004F02EF8B5EE400AB0EE408AF1EE10FA4E
:102238006CD4B1EEC80AB7EE007A68EE086A68EEA8
:10224800808A77EE487A37EE667AC4ED086A67EED8
:10225800897A84ED0A7A67EE887AC4ED097ABBE751
:1022680000234FF07E5223626362A262B4E7F1EE6C
:10227800497A4FF07E522D4B2262C4ED097AA3624F
:10228800AAE700234FF07E522362A3626262A3E7AB
:10229800F1EE497A4FF07E5200232262C4ED097AAA
:1022A800A36299E7F1EE497A4FF07E524FF040432E
:1022B8002262C4ED097AA3628EE7F8EE007A4FF045
:1022C8007E520023226269EE277AA362C4ED097A5E
:1022D80082E7DFED147AB2EE040AD4ED040AC0EE08
:1022E800A70A03F0CDFF0023A362B7EE007A28EE19
:1022F800008AFFEE007A84ED087A87EE089AE0EE0D
:10230800007A67EE897AC4ED097A65E704F07AFB0A
:1023180091E704F077FB4DE76F12833A48E1FA3E04
:10232800DB0F494000002042FFFF7944000080BFD6
:102338002DE9F04F00F5E0382DED068B98F88C74F8
:1023480085B00093AFB3149883422DDA02EB83066D
:102358009FEDCB9A01EB83059FEDC38A01EB8009C2
:10236800DFEDC29ADFEDC28AC24FD8F888A4C24C0A
:10237800BAF1030F00F29783DFE81AF0F4021B02A8
:1023880038010B01019FB4EEC17AF1EE10FA04D5C1
:10239800D2E90031994280F25E83013747F218137F
:1023A800042F9C441A4418D105B0BDEC068BBDE837
:1023B800F08F009BB7EE002A9FEDB01A844602EB1F
:1023C8008302DFEDAF1A01EB8303029200F5E242CC
:1023D8000393149B01EB83018E4692F82930002B5E
:1023E800DBD0009B14999CED0B4A8B4280F245830D
:1023F80041F64643F0EE042AB0EE003A0197F6EEB5
:10240800004A03FB07F8F7EE083ADCE90C41DDE97E
:1024180002657AE004EB830999ED005A03F1FF396C
:10242800002B00F03C8304EB8909023BD9ED000A3C
:1024380002D5DCF834703B44B0EE677A04EB8303D2
:1024480035EE606A92ED059A93ED000A70EEE78A20
:10245800A5EE627A92ED038A70EE675AD2ED047A9D
:1024680026EE236A67EE897AA5EEA46AA0EE837A3F
:10247800D2ED060AD2E90073BB42A0EE647AA6EE5A
:10248800267A27EE267AA8EEA47AA7EE265AE8EE50
:10249800057AC2ED057A67EEA07A0BDA08EB030A33
:1024A800013353600AF6761300EB830393ED027A47
:1024B80077EE877ADCF83C90B0EEE77A09F1010311
:1024C80004EB89098B4208BF0023C9ED007ACCF8D8
:1024D8003C30D5ED006AE4EE276AE5EC016AD6EDFA
:1024E800006AE4EE276AE6EC016AD2ED087AB4EEF7
:1024F800E77AF1EE10FA03DC92ED097A27EE877A93
:10250800AE4582ED087A3FF43DAFD2ED027AF4EEA3
:10251800C27AF1EE10FA2EDB9CED0E7AF8EE476ADD
:10252800F4EEE67AF1EE10FA2ADCBDEEE77AF8EE80
:10253800C76A17EE109A77EEE66ADCF83C30013B82
:10254800A3EB090313F1010902D5DCF83470B9448F
:1025580004EB8909002BD9ED007ABFF65BAFDCF8F4
:1025680034B003F1FF3903EB0B0AD94404EB8A0AB0
:102578009AED005A57E7F0EE616A4FF00109DCE77F
:10258800FDEEE67A17EE909AF8EEE77A76EEE76ACD
:10259800D3E708F2744B9BED01AA2AEE080A03F070
:1025A800FFFF9BED027AF7EE007A3AEE07AAB4EE47
:1025B800E7AAF1EE10FAA8BF3AEE67AA60EE297A08
:1025C8008BED01AA95ED007A37EE277AA5EC017A12
:1025D800A94596ED007A77EE277AE6EC017A7FF442
:1025E800C7AE05B0BDEC068BBDE8F08F08F27443AA
:1025F800F6EE007A93ED016A93ED025AB4EEE76ABB
:10260800F1EE007AF1EE10FA40F13282FFEE003A74
:10261800E6EE273AB5EEC05AF1EE10FA40F3B7806D
:10262800B3EE003AF2EE004A65EE032A65EE244A5C
:1026380036EE627A76EE226ABAFE477AFDEEC77AFD
:10264800FBFE666A17EE902AFDEEE67A17EE901A00
:102658008A4200F3218208F2744301319FED084A4F
:1026680093ED032A1FE000BFDB0FC9406666663F93
:1026780000008042B8080020BC28002017B7D138D5
:1026880000000000F8EEE77ADCED006ADCED015AA4
:10269800013237EE677A8A4275EEE65AE7EE256A26
:1026A800A4EEA64A1DD007EE902AB0EE437AF8EEC3
:1026B800E76A76EE666AA6EE827A27EE287AFBFE4D
:1026C800477AFDEEE77A17EE903AB3F5006F07EB1D
:1026D800830CD7D30132F0EE496A8A42A4EEA64AA7
:1026E800E1D1B6EE003A33EE844AF1EE644A36EEB2
:1026F800433A73EE627A33EE227AFAFE677AFDEE97
:10270800E77ABBFE477A17EE902AFDEEC77A17EEF6
:10271800901A8A4200F3B78108F27443B3EE002A94
:1027280001315FED293AD3ED032A10E0F8EEE77A9C
:10273800DCED006ADCED015A013237EE677A8A4235
:1027480075EEE65AE7EE256AE4EEA63A1DD007EEE6
:10275800902AB0EE427AF8EEE76A73EE666AA6EE61
:10276800A27A27EE287AFBFE477AFDEEE77A17EE83
:10277800903AB3F5006F07EB830CD7D30132F0EE34
:10278800496A8A42E4EEA63AE1D173EE843A36EE1B
:10279800056A08F27443F7EE007AB4EEE76AF1EEE0
:1027A80010FAA8BF36EE676A63EEA97A83ED016A6C
:1027B80008E708F27443B7EE001ABFEE003AD3ED0B
:1027C800015AD3ED043A93ED025AF4EEE35AF1EECE
:1027D80010FAB5EEC05A48BFB0EE413AF1EE10FA21
:1027E80040F3AE80B3EE002A65EE022A35EEE27AB7
:1027F80075EEA26ABAFE477AFDEEC77AFBFE666AF4
:1028080017EE902AFDEEE67A17EE901A8A4200F348
:102818004081D3ED031A01311FED674A1BE0F8EE42
:10282800E77A9CED007ADCED014AF5EEC06A0132E8
:1028380036EE676A74EEC74AF0EE477AF1EE10FAA0
:10284800E6EE247AA8BF77EEC17A8A4277EEA77AB5
:1028580034EE274A1DD007EE902AF8EEE76A75EEA7
:10286800E66A66EEA16A36EE826A26EE286AFBFE02
:10287800467AFDEEE77A17EE903AB3F5006F04EB6F
:10288800830CCCD30132F0EE497A8A4234EE274ADF
:10289800E1D175EEE33A34EE034A73EEE27A33EEB1
:1028A800A27AFAFE677AFDEEE77ABBFE477A17EE60
:1028B800902AFDEEC77A17EE901A8A4200F3E0805C
:1028C80008F27443B3EE002AF8EE001A0131B7EEAD
:1028D800001A1FED953AD3ED032A07EE902A01322C
:1028E800F8EEE77A73EEE77A67EEA27A77EE826A15
:1028F80066EEA86ABBFE667ABDEEC77A17EE103A96
:10290800B3F5006F04EB830C16D2B8EEC77A9CEDD2
:10291800006ADCED014AF5EEC07A76EEC76A74EE1D
:10292800C64AB0EE467AF1EE10FAA6EEA47AA8BF2F
:1029380037EE417AA7EE213A8A42CED134EE033AF5
:1029480075EE855A08F27443F7EE007AF4EEE75A0A
:10295800F1EE10FAA8BF75EEE75A63EE297AC3EDD7
:10296800015A2FE608F27443B0EE007AFFEE007ABF
:1029780093ED015AD3ED022AE5EE077AF5EEC02A67
:10298800F1EE10FAB0EE676A53DDF3EE003AF0EEBE
:10299800457AB0EE457AE2EEE37AA2EEA37AFAFE41
:1029A800677AFDEEE77ABBFE477A17EE902AFDEECE
:1029B800C77A17EE901A8A4268DCB8EE002A93EDBF
:1029C800033AF7EE001A01311FEDD34A07EE902AB9
:1029D8000132F8EEE77A75EE677A67EE837A77EE7A
:1029E800A36A66EEA86ABBFE667ABDEEC77A17EEE2
:1029F800103AB3F5006F04EB830C16D2B8EEC77A21
:102A0800DCED005ADCED014AF5EEC07A76EEC76AD5
:102A180074EEE54AB0EE657AF1EE10FAA6EEA47A05
:102A2800A8BF37EE617AA7EE024A8A42CED136EEC7
:102A3800046A35EE225A08F27443F7EE007AB4EECF
:102A4800E75AF1EE10FAA8BF35EE675A66EE297A12
:102A580083ED015AB6E54FF00003013782F82930BB
:102A6800042F47F218139C441A447FF4B6AC9BE435
:102A7800F0EE083AE6EE673ACCE592ED087A82E4A1
:102A88009FED143A5AE7DFED133A7EE69FED114ABF
:102A9800CDE79FED104AFCE69FED0E4A21E6DCF8F3
:102AA80034B0D944BFE408F27443B7EE007AD3EDEA
:102AB800017AD3ED026A77EEA67AF4EEC77AF1EEE0
:102AC80010FAA8BF77EEC77AC3ED017AF0EE497A1B
:102AD80078E500BF000000002DE9F04F2DED068BD2
:102AE8008FB00A9001F0D2FA0990002800F0908285
:102AF80001F0CCFA0B90002800F094824FF4007299
:102B08000021D34805F0C6FB4FF400720021D148DC
:102B180005F0C0FB0A9BCE4C9F698023CD4A214615
:102B2800386804F5007800930023CA4EFFF700FCCC
:102B3800F6EE001A97F86051B0EE002A31462246A8
:102B480007F1D000B2EC017A3B46F1EC017A37EE9E
:102B5800277A27EE217A93ED136A683353ED085AE2
:102B680077EE464A53ED0D7AB0EE465A53ED0E2AEB
:102B780053ED0A6A13ED0C3AA5EEA75A53ED0B3A3A
:102B880064EEA77A13ED094A8342E2EEA57AA4EE31
:102B9800835A67EEA66AD7EE825A95EE026AF0EE7D
:102BA800667AE3EE877A43ED085A03ED076AE5EEA5
:102BB800047AB0EE677ACED1A5B3D7ED567AF5EEA2
:102BC800407AF1EE10FA2DD097ED476AD7ED465AC4
:102BD80077EE464AD7ED417AB0EE465AD7ED402A0D
:102BE800D7ED446A97ED423AA5EEA75AD7ED433A96
:102BF80064EEA77A97ED454AE2EEA57AA4EE835AE9
:102C080067EEA66AD7EE825A95EE026AF0EE667A09
:102C1800E7EE237AC7ED465A87ED476AE5EE047A70
:102C2800B0EE677A904502ED017A01ED017A89D11B
:102C3800D7F86C3107F5A550D7F8582507F5805512
:102C48000393D7F870319246D7F878110693D7F8DE
:102C58004C358B469FED809A0493D7F85035DFEDBD
:102C68007F8A07937B4B9FED7EAA0293784BDFED1B
:102C78007DAA9FED7D8A1A46DFED7C9A0890CDE902
:102C88000C64B2EC017A029BB5EEC07A0699F3ECBB
:102C9800017AF1EE10FA0293F5EEC07A039B48BF71
:102CA800B1EE470A03EB8B0358BFB0EE470AF1EECB
:102CB80010FA83ED007A0BF101034CBFF1EE676A5D
:102CC800F0EE676AB4EEE60AF1EE10FA30FE260A74
:102CD8008B4200F07C815E469B46049B079903EB80
:102CE8008A03C7F878B1C3ED007A0AF101038B4271
:102CF80000F0688154469A46089BC7F858A5D3ED5A
:102D0800007AF4EEC07AF1EE10FA40F15181B4EE97
:102D1800E80AF1EE10FA00F35F81F0EE4A7A97EDD7
:102D2800597A77EEC77A05F5956305F2A44093EDD5
:102D3800007AD0ED006AD5F88C0427EE267AB4EE36
:102D4800677AF1EE10FA48BFB0EE677A002883ED93
:102D5800007A40F36281D5F88814002900F01C81BC
:102D68004B1E03F5F97C07EB8C0CDCED5A7AB4EEBC
:102D7800E77AF1EE10FAC0F21E8101381946C5F85B
:102D88008834C5F88C040028E7D14FF0010E07EB12
:102D9800830CF12B0CF5136914BF0133002389ED63
:102DA800007AD5F89894CCF8F89CC5F88834D5F80A
:102DB8008434C5F88CE407EB830CDCF8F8CCA9EB79
:102DC8000C0CBCF1F00F07D9F12BC5F88C0414BF1B
:102DD80001330023C5F8843403F5F97305F2944CE4
:102DE80007EB8303DCED006A93ED5A7AD5F890344B
:102DF80007EB8300013300F58050F12BD0ED307ADA
:102E080077EE677A77EEA67ACCED007A80ED307AA5
:102E1800C5F8903400F0E78087EE880AB5EEC00A5E
:102E2800F1EE10FA00F1CB80DFED117A20EE670A9F
:102E3800059203F055F9D7F87431059A0233F02B4F
:102E4800D4BFF61AF03E002E14DA069B1E4411E099
:102E58008C3402208C3602200000000052F38437A4
:102E68000000C0C2C1A8C04000007143000000803B
:102E78002D152A3E039B03EB8606D7F854350233FB
:102E8800D6ED007AF02B67EE807AD4BFE41AF03CD6
:102E980042ED017A002C01DA079B1C44049B904503
:102EA800029903EB840409F10103D4ED007A67EE7B
:102EB800807A41ED017AC5F898347FF4E2AE5A4A37
:102EC8005A4BDDE90C64F3EC017AF1EE677A984528
:102ED800E2EC017AF7D10B9BBFEE007AF7EE006ABD
:102EE8009FED536A991C099B52489A1C29E0F4EEFD
:102EF800E67AF1EE10FA51DC67EE867AFDEEE77AB3
:102F080017EE903A1BB2F6EC017A22F8023FF4EE83
:102F1800677AF1EE10FA49D6F4EEC77AF1EE10FAB4
:102F28001DDBF4EEE67AF1EE10FA3ADC67EE867A0B
:102F3800FDEEE77A17EE903A1BB2A04521F8023F62
:102F480012D0F4EC017AF4EE677AF1EE10FA2BD68F
:102F5800F4EEC77AF1EE10FAC9DA0346D3E703466E
:102F6800A04521F8023FECD1099E00220A9D314676
:102F7800284601F009F90B9C01222846214601F058
:102F880003F9304601F0D8F820460FB0BDEC068BA7
:102F9800BDE8F04F01F0D0B8F123E2E647F6FF7341
:102FA800B1E747F6FF73C8E70023ACE70023C4E79F
:102FB800F0EE497AB7E60B4600F1010EE7E6B0EE0F
:102FC800690A35E74FF0FF344FF0000A94E64FF0F6
:102FD800FF364FF0000B80E6059203F0E9F8059AFA
:102FE80060EE2A7A9BE6002341F28440DFED127AF4
:102FF800C5F89034384407F58653B3EC017A984203
:1030080077EE877AF9D105F29443C3ED007A03E7A6
:103018000FB0BDEC068BBDE8F08FD5F8883400F111
:10302800010EB4E60998B0E78C3602208C340220F1
:1030380000FEFF460180FFFF000000002DE9F04F71
:103048000B4C0C210B482DED088B89B005F060FB6B
:1030580075230021224601E012F8013F0131002BBF
:10306800FAD1054B752261204B4004490AE000BFA4
:10307800014A00200000202067E6096A512D9ECCF5
:1030880014F8012F4340104601FB03F34FEAF343C2
:10309800002AF5D183EA1343E54CE64A02AF03FB65
:1030A80004F4DFF8E0C3DFF8E09384EA54349FEDDA
:1030B800E2AAC84609F1400502FB04F4DF4EDFED41
:1030C800E09A84EA14449FEDDF9ADFEDDF8A04F189
:1030D800DA449FEDDE8A04F52D14BCE80F0004F5F0
:1030E80067540FC73534DCF800303B6044F0010208
:1030F80084EAD4330DF1080EC9F8004002FB03F34B
:10310800D34AA5F1240C8DED029A43F03D010592B6
:1031180083EAD312CDED038A40F6681B40F6641AA1
:1031280001FB02322F46534083EA933348F8043FA9
:1031380045ED0B9A45F8288CBEE80F00ACE80F0067
:10314800DEF80030CCF8003045F8105C45E903BAE9
:10315800A7EC018ABE42FBD155ED0B7ABFEE000AFF
:10316800002704F1DA4467EE8A7A45F8047C04F50E
:103178002D1480EE270A04F5675402F03DFF47F24C
:10318800E40335342B4483ED000A47F218131D4439
:103198001E44B04B9845A9D1AF4B02AEDFEDA88ACB
:1031A800B2EE00AA03F27442DFF8E0E2019640F2C0
:1031B800EE2BC2ED008A0322A84CC3F8882404F140
:1031C800040CDFEDA79A9FEDA79A04F580599FEDAF
:1031D800A6BADFEDA6AADFF8B882A54DDFF8B4A23B
:1031E800BEE80F000FC69EE803000096C6E900017E
:1031F800019E0FCEACE80F00D6E900018CE8030071
:1032080020461C30C0ED008AFEF786FF012304F13A
:103218001C002362FEF780FF04F11C00C4ED099A2C
:1032280084ED0A9A84ED0B8AFEF776FF204650302B
:10323800C0ED008AFEF770FF012304F150006365BA
:10324800FEF76AFF04F15000C4ED169A84ED179A50
:1032580084ED188AFEF760FF20468430C0ED008AAE
:10326800FEF75AFF012304F18400C4F88830FEF702
:1032780053FF04F18400C4ED239A84ED249A84ED6D
:10328800258AFEF749FF2046B830C0ED008AFEF7D0
:1032980043FF012304F1B800C4F8BC30FEF73CFF3B
:1032A80004F1B800C4ED309A84ED319A84ED328A85
:1032B800FEF732FF2046EC30C0ED008AFEF72CFF07
:1032C800062304F1EC00C4F8F030FEF725FF04F5FE
:1032D8009070C4ED488AFEF71FFF062304F590702E
:1032E800C4F82431FEF718FF4FF0010304F1EC0095
:1032F80084ED55BA84F86031C4ED57AA84ED568A36
:1033080084ED3DBAC4ED3EAA84ED3F8AFEF704FF82
:1033180004F5907084ED4ABAC4ED4BAA84ED4C8A4A
:10332800FEF7FAFE04F1EC0084ED56AA84ED468A15
:1033380084ED478A84ED538A84ED548A84ED3FAA4C
:10334800FEF7EAFE04F5907084ED4CAAFEF7E4FE61
:1033580004F25C5304F5BE704FF47472C4F84C3533
:10336800F4233946C4F86C01C4F87031C4F85035F8
:10337800F023C4F87431C4F8543509F29C43C3ED02
:10338800008A04F087FF04F25C504FF474723946E7
:10339800C4F8787104F07EFFC9F88474C9F8887499
:1033A80004F58650C9F88C744FF47172C4F85875D6
:1033B800394604F06FFF4FF03F43C9F89074C4F8E2
:1033C800643109F29443C9F8987483ED008A09F5C9
:1033D800956309F2A44983ED008A264BC4F8683145
:1033E80004F5A554244B2360244BD8F80040C9F8B1
:1033F800003002F07FFA2B787BB19AF80030DB07B7
:103408000BD51F4AD8F8003012689B1A0E2B04D926
:1034180009B0BDEC088BBDE8F08FD8F800302A78E9
:103428001B1BCAB3B3F5FA6FF2D802F063FAE0E7F0
:103438006BCAEB8535AEB2C2CDCC4C3D6C8000205A
:1034480000442C479A99993EAE47613E000000001F
:10345800000040409C5A00208C1A02201C1F0220A9
:1034680000009644F4FD343F00007A459A99993F4C
:10347800923C02200AD7A33CF9AD713FBDB57F3F0E
:10348800583C0220F00600208C5A00200407002037
:10349800483C0220913C02205B45C6D909B0BDECEE
:1034A800088BBDE8F08F00BF2DE9F0479FEDE07A6B
:1034B800F3EE047A04462DED088B90ED009AB0EEF9
:1034C800608AC9EE078AF4EEE78AF1EE10FA78FE10
:1034D800A78AB4EEE80AF1EE10FA0ADDF4EE008AE3
:1034E80069EE288AF4EEC08AF1EE10FA58BFF0EEC1
:1034F800408A04F5E045226A40F20113C5ED428A8C
:10350800A5F8143142B192000021E06904F0C2FE2E
:1035180094ED009AD5ED428ADFEDC67A0023D4ED0A
:10352800020AC9EE289AA362C5ED407AF4EEE70ACA
:10353800F1EE10FA00F16F81F7EE007AF4EE670A07
:10354800F1EE10FA77FEA00A9FEDBB0AB7EE00AACB
:1035580002F096FEDFEDB96ADFEDB97A20EE260AB1
:103568009FEDB87A69EE277AB4EE670AF1EE10FAA1
:1035780037FE800A20EE070A80EE090A02F03CFDB9
:10358800DFEDB17A68EEA77A3AEE400AC7EE89AA6B
:1035980085ED3E0A3AEE40BA85ED3FBAB0EE6A0ACA
:1035A80002F0FEFFB0EE409AB0EE6A0A03F0FCF8B3
:1035B800F0EE4A0AF0EE407A2BEE099AEBEE670A33
:1035C800B0EE490A02F08AFDC0EE2A6A9FED9F7AA2
:1035D80079EECA7A77EEE67AF4EE4A7AF1EE10FAE4
:1035E80048BFF0EE4A7AC5ED3D7AD4ED050AF4EE0F
:1035F800C70AF1EE10FA00F19B80F3EE047AF4EEBC
:10360800670AF1EE10FA77FEA00AF8EE087A60EE83
:10361800A80AB2EE040AC7EEA00A02F031FE41F28F
:10362800C823D4ED046A85ED410AF6EE007AF5EE7A
:10363800C06A79EEA77AFDEEE77A17EE90EA9E4522
:10364800A8BF9E46BEF1020FB8BF4FF0020EF1EEC2
:1036580010FA00F1E380F7EE007AF4EEE76AF1EE93
:1036680010FA68DDF0EE676A9FED724AB5EEC08A1F
:10367800F1EE10FA66D4F7EE007AB4EEE78AF1EECE
:1036880010FA40F3D0809FED728AD4F8048042F299
:10369800CC56704FB0EE005AD8F800202644FFEE02
:1036A800005A9FED6D6ADFED6D4A3A449FED6C3A22
:1036B8003046DFED603A4FF0010C002113E001299C
:1036C80043FE237A66EEA77AE64567EEA47AE7EE2C
:1036D800047A67EE887AC0ED007A36DD01313A4423
:1036E8000CF1010C043042F0010982EAD233B0EE49
:1036F800657A09FB03F383EAD31943F03D0A0AFB11
:10370800093983EA090383EA933307EE903AF8EE1E
:10371800677A67EE867AA7EE857A0029CFD166EEBA
:10372800A47AE7EE047A67EE887AC0ED007AD5E7E6
:10373800F0EE470A69E7B5EEC08A37EEE64AF1EEE1
:1037480010FA98D59FED3B8A9FE794ED037A01F62E
:103758007211C8F80020B5EEC07A04EB8101C1ED02
:10376800017AF1EE10FA53D4DFED3E7AB4EE677ABF
:10377800F1EE10FA37FE877AF6EE007AE7EE297A4C
:10378800FDEEE77A17EE908AB8F1000F3EDD0EEBFA
:10379800080741F2C8239F42A8BF1F46774509DDA5
:1037A800A7EB0E020EF673100021920004EB8000C6
:1037B80004F070FD474516DD40F6731307F67312E3
:1037C80006EB8806A3EB08033B4404EB830304EBF6
:1037D800820474ED017A33ED017AB44277EEC77A48
:1037E800C4ED007AF5D1DFED207A0023C5F8EC703E
:1037F800B4EEE78AC5F8F030F1EE10FA38FE278A01
:1038080085ED438ABDEC088BBDE8F0877746EAE78B
:103818009FED087AB0E7F0EE670A95E6B7EE004A42
:10382800DFED046A22E7DFED0A7A28EE278A2CE723
:103838000000164500000000610B363D00A08C46D4
:103848006666E63EDB0FC9C0DB0FC940CDCC4C3DF8
:103858009A99193FF5792B6D0000802FCDCCCC3F7C
:10386800CDCCCC3E3333733F0AD7233C10B5114C33
:1038780047F2181E104923681048D3F1000C03F0D2
:10388800030203F10103DFED0E0A0CF0030C2360C1
:1038980058BFCCF1000201EB82010EFB020091ED52
:1038A800000AFFF701FE4FF4C870BDE8104000F0B1
:1038B80015BF00BF8C38022098080020A05A0020AD
:1038C8006666663F3B4B4FF03F422DE9F0410446A8
:1038D80043604FF08246384B4261D022C6600027D1
:1038E800364D4FF07E58A36004F58056344B35486A
:1038F800A361216005F12C01206104F11C0000F096
:1039080049FF05F1FC01682204F1EC0000F042FFD8
:103918002D4B00254FF47272C4F854310123294607
:1039280004F5136084F86031284BC4F85C81C4F84E
:103938006431274BC4F86C51C4F86831C4F8587125
:10394800C4F87051C4F84C55C4F85055C4F85455CF
:10395800C4F85855C4E95D5504F09CFC29464FF459
:10396800727204F6F84004F095FC4FF4717229461F
:1039780004F5865004F08EFC06F29443C6F884548D
:103988002046C6F88854C6F88C54C6F89054114A94
:103998001F6006F29C43C6F898541A6004F5A553B4
:1039A800C3F8008006F2A44306F595661F603760E9
:1039B800BDE8F0810000964400007A45F00600203A
:1039C8000AD7A33C9A99993F00007A449A9999BEDC
:1039D800CDCC4C3D00803B47F0EE045A5B49B0EE3D
:1039E800006A5B4ADFF8ACC10020DFED5A6A0B467B
:1039F8009FED597ADFED597A70B5002482B0584EA0
:103A0800DFF894E14C6041F8044BCC60C1E9014413
:103A180047F21811C3F814C09C614FF07E55C3EDEE
:103A2800076A83ED087A5862C3ED0A5AC3ED0B7A28
:103A3800C3E90C44C3E90E440B4402ED096A42F899
:103A48001C0CB34242F8180C42F8140C42F810EC63
:103A580042F80C0C42F8080C02F8044C02F8034C2B
:103A680042F8205C42E90B440A44D1D13D494FF069
:103A78007C5201F27443C1F8884481F88C44C3F83D
:103A880000C001F58F63186001F27C43186001F5EE
:103A98009063186001F284433348A1F5E0311A605D
:103AA800FFF710FF314B324A32491D68146111602B
:103AB8001481D460002D45D02B4619465B69002B34
:103AC800FBD14A612C4800212C4B106026485161DB
:103AD800906102205160917203F118021972D96045
:103AE8009961D96158721A612A466D69002DFBD116
:103AF800234953615D605D619D7219601F4800F044
:103B080091F9204800F070FB1C4B2A461849009593
:103B18001C4800F0DDFB1C4A1C491A4802F066FAF2
:103B28001B4800F061FB012211490092134B184811
:103B380000F0CEFB144A1549154802B0BDE87040A4
:103B480002F054BA15461A60BCE700BF8C5A002030
:103B5800B8CB00203333B33E295C8F3E6666663FA0
:103B6800EC1E02208C1A02201C1F0220CC330220DB
:103B7800485A0020C8480020E0480020285A002061
:103B8800D4480020645A0020C44E0020D5220000EA
:103B9800785A002000803B470000DC432DE9F84FAD
:103BA800454B464C1868197904F580750368444AF2
:103BB800AB42D1770BD2434B1B78002B4BD04FF045
:103BC800E02340222C4605F58075C3F808223E4BB9
:103BD800DFF804A1D3F80080DFF800913B4BBAF876
:103BE8000060D3F800B0B9F80070B8F1000F4FD0FA
:103BF800BBF1000F21D1B8F1000F49D008F1040141
:103C0800204601EB4601403600F09FF9BFF34F8F85
:103C18004FF0E022C2F8704F2034AC42FAD3BFF321
:103C28004F8FBFF36F8F7F2E26D8AAF800607F2FA3
:103C380015D8A9F80070BDE8F88F0BF1040208F157
:103C48000401204602EB4702403701EB46014036AB
:103C580000F05CF9DAE72C4605F58075B7E7002433
:103C68005846A9F8004000F067FA194B1A681C601A
:103C7800164B1A60BDE8F88F00244046AAF80040A9
:103C880000F05AFA134A104B116814601960CEE715
:103C9800BBF1000F08D00BF10401204601EB4701EE
:103CA800403700F072F9B1E74FF480725946204668
:103CB80004F0F0FAAAE700BF54340220400C202098
:103CC80000800E40813C0220443402204C34022003
:103CD80050340220483402206E3C0220703C0220FE
:103CE80038B50021044600F073FA88B172B61C4A50
:103CF8001368002B2BD01B490D68002D2CD01560A4
:103D080008600021184A118062B6184600F014FABB
:103D18000121204600F05CFA98B172B6134A136884
:103D280083B113490C6854B114600024114A086027
:103D3800148062B61846BDE8384000F0FDB9086046
:103D480062B638BD0B4910600B8062B638BD0649B3
:103D580010600B8062B6DBE7086062B6D8E700BF88
:103D680044340220483402206E3C02204C340220A5
:103D780050340220703C022010B5044600F0A2FB2B
:103D8800204610BD10B51E4C002342F210724FF4AD
:103D98000C61E06F40F44000E067A06E40F0300036
:103DA800A0661C2004F0ACFCE269164B22F44042E9
:103DB8001548164942F40042E261A26A1340144AC7
:103DC80043F44E03A36243681940124B41F40011B7
:103DD800416081680A4042F0007282609A68002A55
:103DE8000CDB002101220C4C4FF480301966DA609C
:103DF8000A490B4A1C6158619961DA6110BD00BF1C
:103E080000C00F40FFFF00FE00C00A40FFF3DFFFC5
:103E1800FFFF00F900C0384003000005110F010042
:103E2800000F0F0F38B5244D01210024284600F05B
:103E3800E5FA224A224B14601C60FFF7A3FF022216
:103E4800204B2149C3F83C21C3F840212B689A60D4
:103E5800A2F202221960DA604FF480721B49DA82FA
:103E680059600621DA831A4A99839C611A619C82F7
:103E780028791849184B41F8204041F82030174B51
:103E880052F8181C164C0B4342F8183C00F094FAF0
:103E98002A79144B012102F01F05207003EB5213FD
:103EA80002F11004A94010489B00104D40F824501E
:103EB80019600F4BDA7638BD54340220443402209E
:103EC8004C34022000801F40400C202002000101D9
:103ED80020C0384000C00E4054000080010000900F
:103EE800813C02204038003800540020ED1A0000C0
:103EF80000800E40024A0349034802F077B800BF29
:103F0800C44E0020C91C0000543402202DE9F04F93
:103F180000F5807EB1E8A00AB2E84015C5EA06437C
:103F2800C6EA2544C7EA0845C8EA2746C9EA0A474F
:103F3800CAEA2948CBEA0C49CCEA2B4AA0E8F80798
:103F48008645E7D1BDE8F04F70474FF000022DE9F4
:103F5800F00F00F5807C00BFB1E8A00AC5EA0203B3
:103F6800C2EA2544C7EA0205C2EA2746C9EA0207A7
:103F7800C2EA2948CBEA0209C2EA2B4AA0E8F807B4
:103F88008445E9D1BDE8F00F70474FF000022DE9F4
:103F9800F00F00F5807C00BFB1E8A00AC2EA054333
:103FA800C2EA0504C2EA0745C2EA0706C2EA0947A7
:103FB800C2EA0908C2EA0B49C2EA0B0AA0E8F807F4
:103FC8008445E9D1BDE8F00F70472DE9F00F089C52
:103FD80000F5007B51F8045B53F8046BC5EA06470B
:103FE800C6EA254952F8045B54F8046BC5EA06484A
:103FF800C6EA254AA0E880078345EBD1BDE8F00F63
:10400800704700BF4FF0E0234022C3F808227047F2
:10401800F8B5144B144D1C686E689CB1237A204681
:104028006BB123686F681B6898476B68E188DB1B76
:10403800C3F38F12B1EB931FA28038BFE28064698B
:10404800002CEBD1084B094A5B6810889B1B084C75
:10405800C3F38F11B0EB931F218038BF1180BFF3DA
:104068004F8FF8BDCC330220001000E06A3C0220DC
:10407800683C0220036818470B680360704700BF5C
:104088000B680360704700BF704700BF30B472B65A
:10409800244D254C2A8804F1700104EB82038B42DD
:1040A8003CD204F16F01501CC91A00EB910002E0E8
:1040B8000132824232D09C4653F8041B0029F7D0C3
:1040C800B1FA81F04FF00043C34021EA0301CCF874
:1040D800001001B90132154B2A801A88013291B2B9
:1040E800198062B6ACEB040C41F67C73C0EB00643B
:1040F8004FEAAC0CC0EB841001240CEB8C1C03EBD6
:10410800CC1303EB80030A480068C4541844094BD5
:104118001C88944230BC38BF1980704762B60020B2
:1041280030BC70476C3C0220D0330220643C022033
:10413800C8330220663C0220428872B60378012BFD
:1041480003D9013B037062B67047D14353090B484A
:104158004FF0004201F01F01CA4050F823100A43F3
:104168000749B1F800C040F823209C45054A88BF9C
:104178000B801388013B138062B67047D03302204E
:104188006C3C0220643C0220C36813B91DE0DB6864
:10419800E3B1187A9042FAD110B4586893F809C07C
:1041A800006950F82C4054B1DB682BB1187A904262
:1041B800F3D0DB68002BF9D15DF8044B704740F869
:1041C8002C10087801300870EEE77047704700BF80
:1041D800437A8B4206D90369002253F8210043F839
:1041E800212070470020704700220449C0E90022BE
:1041F800028102740A680860C26070474034022075
:10420800037CFBB903680146FBB14368EBB1427A12
:104218005B7A9A421CD230B472B62B4B1C68ECB154
:10422800E368C3B1486801E0DB68A3B15A68824219
:10423800FAD193F809C04A7A9445F5D162B60420B8
:1042480030BC7047012062B67047032062B67047E1
:10425800022062B670476469002CE1D11B4C2368C8
:1042680043B1994202D10BE0994207D01A46DB6864
:10427800002BF9D1052062B630BC704702F10C045E
:104288000D68E868E8B1C3681BB908E0DA683AB1B4
:10429800134681421846F9D162B60620D0E7034694
:1042A800D960CB68002023600123C860AA7A2B72EA
:1042B8001A44AA724A68947A13721C4494720B7452
:1042C800D9E7E960EDE700BFCC3302204034022093
:1042D80010B5047C9DF808E00CB1012010BD0272F5
:1042E80080F809E0C0E90013BDE81040FFF788BF77
:1042F80038B5037C002B36D043680446427A5B7A93
:104308009A4238D272B60168CB68002B2DD09842F9
:1043180033D01A46DB689C422AD0002BF9D1626858
:10432800607A136953F8200048B1FFF705FF72B6A9
:1043380062680025607A1369216843F820508B7AF7
:10434800013BDBB28B7203B90B72937A013BDBB290
:10435800937203B913720A4B00201A6820741C6008
:10436800E26062B638BD012038BD62B6032038BDB0
:10437800E368D360D3E7022038BDC368CB60CEE7DB
:104388004034022010B50446FFF7B2FF094A13680B
:1043980043B19C4202D108E09C4205D01A46DB6832
:1043A800002BF9D1204610BD0C32E368204613607B
:1043B80010BD00BF403402200C4B1A789AB90C4A41
:1043C8000C4910B4C2F858110B48D02401224FF000
:1043D800E02180F8464040241046C1F808415DF8C5
:1043E800044B1A7070470020704700BF803C0220C1
:1043F80000540020611F000000E400E070B472B6B1
:1044080021B9036813B102790F2A45D9294C2188AB
:10441800002341FA03F212F0010208D00133102BF5
:10442800F7D162B600220371026070BC70474FF08A
:10443800010C0CFA03FC41EA0C01218062B61E4D06
:104448005FFA83FC1D4940F2824680F804C0EC6F95
:10445800194483F0030344F0C0044901EC67A5F54F
:104468009F35174CA5F58075266084F81AC084F826
:104478001EC084F818C084F81FC00160C1E900227A
:10448800C1E90222C1E90422C1E906225A5D42F0CB
:10449800C0025A5570BC7047064C218841FA02F593
:1044A800ED07B5D5054D1544B3EB451FB0D162B640
:1044B800BBE700BF723C022000C00F4080740002BE
:1044C80000800E4003790F2B11D8094A937672B6F3
:1044D8000849012290F804C00B8802FA0CF223EA7A
:1044E80002030B8062B6102200230271036070473A
:1044F80000800E40723C0220704700BF704700BF2A
:10450800704700BF704700BF70B51A4C1A4D23683A
:10451800AB4202D0194AD16829BBA369AB4202D089
:10452800164AD169C9B9236BAB4202D0134AD16A82
:1045380069B9A36CAB4209D0104AD16B31B10121E2
:104548001B680F48D163BDE87040184770BD012152
:104558001B680C48D1629847EBE701211B680A48A1
:10456800D1619847DFE701211B6804F10800D16099
:104578009847D2E7C0560020A8080020004108400C
:1045880010570020F8560020E056002038B5064C99
:10459800A4F1600554F8083C2046183CDB689847AD
:1045A800AC42F7D138BD00BF1057002003682DE991
:1045B800F041044688B01746002B4BD000229A6081
:1045C8000122DA60304D04A8DFF8E0801D4451F87C
:1045D800083B2D1102935B6805EB45069847F600EA
:1045E80006F1080058F806304044DB680190984707
:1045F800264A04A9DDE90103029248F806309B68BF
:104608009847029B04A8DB68984723680322204840
:104618001F609A601F4A23791F4C535513785178AD
:10462800C0F828428B4228BF0B469178D2788B423B
:1046380028BF0B46934228BF1346184C4FF0E02280
:104648004FF08061012084F87A30C2F80C1108B06C
:10465800BDE8F081124AD36E43F44053D366012279
:10466800104B1A60104A13460260403298680028BE
:10467800A8D0103393422360F8D100231846236052
:1046880008B0BDE8F08100BF00BFF7BFA808002050
:1046980000540020B84E00205924000000E400E037
:1046A80000C00F400040084000410840C0560020AC
:1046B80010B4064B0020064C064A1C609C611C6323
:1046C8009C6405495DF8044B01F090BCC05600207D
:1046D800A8080020C44E0020DD24000000B970475F
:1046E8002DE9F84F01218146214C224D224E54E8F4
:1046F800003F2A68306844E80013002BF7D11F49AF
:104708004B684FF47A7BDFF878A01B1A01270BFB64
:1047180002F8DAF80020A3FB02325A4594BF90440D
:10472800D84454E8003F2A68306844E80073002BF6
:10473800F7D14B68DAF800C01B1A0BFB02F2A3FB97
:104748000C3CBCF57A7F94BF624402F57A72A2EB06
:104758000802B2F57A7F06D3B9F1010908F57A782B
:10476800DFD1BDE8F88F01F0C5F80449D9E700BFEB
:104778004C3C0220483C0220443C0220001000E04F
:10478800403C022008B5FEF759FCFFF76FF801F02E
:10479800B1F8FAE7844641EA000313F003036DD148
:1047A800403A41D351F8043B40F8043B51F8043BEC
:1047B80040F8043B51F8043B40F8043B51F8043BF3
:1047C80040F8043B51F8043B40F8043B51F8043BE3
:1047D80040F8043B51F8043B40F8043B51F8043BD3
:1047E80040F8043B51F8043B40F8043B51F8043BC3
:1047F80040F8043B51F8043B40F8043B51F8043BB3
:1048080040F8043B51F8043B40F8043B51F8043BA2
:1048180040F8043B51F8043B40F8043B51F8043B92
:1048280040F8043B403ABDD2303211D351F8043B32
:1048380040F8043B51F8043B40F8043B51F8043B72
:1048480040F8043B51F8043B40F8043B103AEDD2E1
:104858000C3205D351F8043B40F8043B043AF9D232
:10486800043208D0D2071CBF11F8013B00F8013B05
:1048780001D30B8803806046704700BF082A13D312
:104888008B078DD010F003038AD0C3F10403D21A2A
:10489800DB071CBF11F8013B00F8013B80D331F85E
:1048A800023B20F8023B7BE7043AD9D3013A11F8DE
:1048B800013B00F8013BF9D20B7803704B78437049
:1048C8008B7883706046704703F020BA72B6EFF3B6
:1048D8000583524CC4F884301EF0040F0CBFEFF36C
:1048E8000882EFF309824FF0E0234D4E4D4DD3F887
:1048F800280DD3F82C1DC4E92201D3F8341DD3F8B0
:10490800383DC4E924139369C4F89830D369C4F8CE
:104918009C3000F0BFF884ED280A01F0EDFA0B2175
:104928004FF0FF32C4F8A4000B46C4F880103E498B
:10493800301D5A40202402F00103013C01FB03F31F
:1049480083EA5202F7D1A84202D073680646EFE71D
:10495800324BC3F8A820BFF34F8F4FF0E023304904
:10496800324AC3F8701FC3F8702FBFF34F8FBFF3DD
:104978006F8F2F4A02252F48D36E2F4943F4405397
:10498800D3660560D3692D4823F07F0343F04003C5
:10499800D3610B6883423DD8264D00214FF0E023B8
:1049A8004FF0FF3229600126C5F808112449C5F8DF
:1049B8000011C5F80861C3F88021C3F88421C3F841
:1049C8008821C3F88C21C3F8902101E000F054F944
:1049D800D5F80C31002BF9D00134C5F80C614F2CF7
:1049E800F4D9184B022018494FF00042C1F8400191
:1049F8005A63D5F80C313BB9144815490D4A01637F
:104A0800D2F80C31002BFAD04FF0E023114AC3F84A
:104A18000C2DFEE701F00EF8BEE700BF00FF2720CF
:104A280080FF2720A8FF27202083B8EDA0FF27209C
:104A380000C00F4000400840B44E0020803DCD0B20
:104A4800009F240000900D4000002E4000800F4081
:104A5800F100AD0B0400FA050A490A6838B108B537
:104A680013180948834204D810460B6008BD104645
:104A7800704703F079FC0C234FF0FF3203601046B7
:104A880008BD00BFC04E00200000282030BFFDE751
:104A9800FFF71CBF124AD2F880305B07FBD5D2F86B
:104AA80080301048C3F30B230F4990ED007A07EECE
:104AB800903A91ED006AB8EE477A0C4AF8EEE77A38
:104AC8000B4BD2ED006A77EEC77A93ED007AB8EE19
:104AD800477A67EE867A87EEA60A37EE400A70476D
:104AE80000810D40303C0220383C02203C3C022032
:104AF800343C0220836BF0B41BB1536843F4004389
:104B0800536072B6446B3CB31A4B2260D3F8B04181
:104B18000C421DD1184E776804E07468E41BB4F5A4
:104B2800166F0BD2D3F8404144F48044C3F8404197
:104B3800D3F8B851D3F840416404EED50D4007D1FD
:104B48000C4CC0E90225D4F8B0310B43C4F8B0319D
:104B5800426362B6F0BC7047064DC0E90224D5F83E
:104B6800B0310B43C5F8B0310263426362B6F0BCA2
:104B7800704700BF00002E40001000E070B5056BC4
:104B88009DB106462A46002403E012680134012A32
:104B98000CD0536813F08003F7D032632CB1284649
:104BA800B36B2D689847013CF9D170BDC6E90C3349
:104BB800F4E700BF30B4D9B91F4C204B0021204A7C
:104BC80001254FF0011099601D60C4E9023180246D
:104BD8005C60C2F8BC01D2F8B0311A482B43C2F865
:104BE800B0310160D2F8B031002BFBD130BC704736
:104BF8000904154B104C012541F080019860104ABA
:104C0800596000F580511D60D96000F50051A3641A
:104C1800196100F5405100F5804059610021986103
:104C2800E164D2F8B03143F48033C2F8B031D2F83D
:104C3800B031002BFBD1C0E7000000202057002036
:104C480000002E40A03B02204057002008490122C6
:104C58000B7802FA00F023EA0000087030B9054A20
:104C6800D2F8483123F08003C2F84831704700BFBA
:104C78008B3C022000002E402DE9F04F9C4C83B065
:104C8800D4F84461F107C4F844616AD5D4F8AC316A
:104C9800002B61D0DFF88482964DDFF878B208F5F2
:104CA800805ADFF87C92944FC4F8AC31D5E90A20D9
:104CB800D4F8403143F40053C4F84031D4F84031BB
:104CC8009B04F5D5D4F8403123F40053C4F840319F
:104CD8004FF00113C4F8B431D4F8B43113F0011310
:104CE800FAD191B240F2816CCBF80030614500F204
:104CF800D980B1F5D06F80F06181B1F5817F00F086
:104D08008F8140F2AB8040F2023C614500F0B281F5
:104D1800B1F5A06F40F0C1807849EB648B60012346
:104D2800A9640B6080234B604FF00113C4F8BC31B9
:104D3800D4F8B03143F48033C4F8B031D4F8B0318A
:104D4800002BFBD1130C5B0643F08073C4F854317D
:104D5800D4F8AC31002BA7D1654AD2F8BC31002B6E
:104D68004AD1720616D5624BD3F8AC21C3F8AC21F0
:104D7800D3F8BC21C3F8BC21D3F8B041002CFBD137
:104D88004FF0FF32C3F8B421D3F8843100F024FD8A
:104D98005B4B1C60F40103D55A4B1B6803B1984761
:104DA800B00103D5584B1B6803B19847710708D564
:104DB8004F4BD3F8843113F400731AD0534B0122AC
:104DC8001A704B4BD3F848311A060FD533060DD558
:104DD8004F4A13782BB1013BDBB21370002B00F064
:104DE800428203B0BDE8F04F00F0D2BB03B0BDE88B
:104DF800F08F464A1370E4E74649C2F8BC310868A8
:104E0800034240F061813E4A14681C40A9D05FEA21
:104E1800144810D0374D4FF0010998FAA8F7B7FA9F
:104E280087F705EBC71009FA07F74030FFF7A6FE2A
:104E380038EA0708F1D1A4B2002C92D02D4D4FF0DA
:104E4800010894FAA4F7B7FA87F705EBC71008FA30
:104E580007F7FFF793FEBC43F3D182E7802900F000
:104E6800A780822919D183B210F0780015D103F0F8
:104E78007F0257F82210284A1080180600F1C081D6
:104E8800CB0701D50123137002212348FFF792FEB7
:104E98005EE7010C072900F045814FF00113C4F8C3
:104EA800C03155E742F2210C6145F2D03AD942F2BD
:104EB8002123994268D042F221339942EDD10F4B18
:104EC80000229A60EA640122AB641A6080225A6068
:104ED8004FF00113C4F8BC31D4F8B03143F4803337
:104EE800C4F8B031D4F8B031002BFBD130E700BFA3
:104EF80000002E4000000020C0012E402057002056
:104F0800A43B02205C3C0220603C0220933C02202F
:104F1800943C0220A03B0220D43B0220983B022074
:104F280040570020B1F5086F3AD0B1F5106FB4D1F1
:104F3800B548C2F307424FF0C81100930270B34A54
:104F4800C4F8C821C4F8CC11C4F8D01100F046FC4C
:104F580000F0BCFAAE4A0121009BAA6411608021CE
:104F6800936051604FF00112EB64C4F8BC21D4F88F
:104F7800B02142F48032C4F8B021CBF80030D4F824
:104F8800B031002BFBD1E3E680B2002897D1A14BCA
:104F9800C2F307421968A04B1960A04B1A708EE73C
:104FA800994B01219E481B780370FFF703FECFE65B
:104FB8009B4802210380FFF7FDFDC9E6994B59681C
:104FC80000293FF46AAF4FEA124E82B204E0196931
:104FD8000C3300293FF461AFB3F800C0F445F6D1B3
:104FE800B3F802C09445F2D14FEA1E22032A00F01A
:104FF800D8801A89000C824228BF0246BEF5007F7D
:1050080040F0D480884B89491878894B0092002851
:1050180018BF19468748FFF7BDFB864B009ADAE0B0
:1050280010F0780F83B27FF438AF03F07F0213F0EB
:10503800800F57F8223014BF23F4803323F0010384
:1050480047F822300022724BEA649A600122AB646E
:105058001A6080225A604FF00113C4F8BC31D4F8AA
:10506800B03143F48033C4F8B031D4F8B031002BF8
:10507800FBD16DE610F0780F83B27FF40EAF03F02A
:105088007F0213F0800F57F8223014BF43F48033A7
:1050980043F0010347F8223000225D4BEA649A602E
:1050A8000122AB641A6080225A604FF00113C4F8E1
:1050B800BC31D4F8B03143F48033C4F8B031D4F8FB
:1050C800B031002BFBD143E6002008605A490C8818
:1050D800486842F221018C427FF495AE80B20028E4
:1050E8007FF491AE5549564C03C9A18086284FEAF2
:1050F80011412060A1717FF486AE72B651480178E3
:1051080041F008010170D2F848110D0605D480203D
:105118000143C2F84401C2F8481162B64A4A502114
:10512800117070E6EB6001234349C9F80030474B22
:105138000A60C9F80430464B4860C9F81030C5F811
:105148000890C9E9028AD4F8B02142F00102C4F8F3
:10515800B02103F5805203F50053C9F81420C9F8AB
:105168001830D4F8B031002BFBD1294AEB64936096
:105178000123AA64136048F2800353604FF00113BF
:10518800C4F8BC31D4F8B03143F48033C4F8B0313A
:105198004FF48033CBF80030D4F8B031002BFBD17A
:1051A800D6E5000C0A78824228BF0246BEF5E06FB9
:1051B80050D11D4B1D4893F800C01D491D4BBCF133
:1051C800000F18BF014600921846FFF7E3FA0721BF
:1051D80003464170009A23F01F011344BFF34F8F19
:1051E8004FF0E020C0F8701F20318B42FAD8BFF38F
:1051F8004F8FBFF36F8F0F481146FFF7DBFCA7E512
:10520800C9033FF53FAE3FE6923C02200200CC00C6
:1052180020570020483C0220583C0220913C0220A4
:10522800D43B0220244D0020933C02207C1F0060C8
:1052380014200060400E2020205A0020983B0220B5
:10524800503C02208B3C0220943C02208000070046
:10525800985B0220064B1846CDE90023FFF79AFA1F
:10526800DDE90023B7E70320FFF7F0FC03F04CFA71
:10527800400E20202DE9F0471F46831E022B01D93E
:10528800BDE8F087DFF84C9015460C463C2209EB48
:10529800C01806464FEAC01A002108F10400240489
:1052A80002F0F8FFB5FA85F20123520944EA427484
:1052B80049F80A40C8F83870C8F80830002FDFD01D
:1052C800034AB34011680B431360BDE8F08700BF81
:1052D800A43B0220000000202DE9F0470D46811E66
:1052E800022901D9BDE8F087C701DFF84C90924642
:1052F800044640373C2200211E4609EB07082D04CE
:1053080008F1040002F0C6FFBAFA8AF2520945EA27
:10531800427249F807200122C8F83860C8F8082006
:10532800002EDFD0034B10341968A2400A431A60DC
:10533800BDE8F087A43B0220000000201204816031
:10534800C36101F5405342F0800210B40124426069
:1053580001F50052046001F5805401F58041C460F4
:1053680081615DF8044BC0E904237047831E0A4637
:10537800022B00D97047064B00F110014FF0010CC9
:1053880003EBC0100CFA01F14030FFF7B3BB00BFCC
:1053980000000020831E0A46022B00D97047012115
:1053A800024B814003EBC010FFF7A4BB00000020B4
:1053B800124A134BD2F8200220F07F40984210B5D1
:1053C80084B002D200EB800040000E4C01A90A22F2
:1053D80000F0A8FC01A90023204611F8012B013395
:1053E8003AB10A2B20F8022FF7D11623237004B004
:1053F80010BD5B00DBB2237004B010BD00441F4039
:1054080080969800F0520020F8B5144C4FF0E02533
:10541800134E4FF4003204EB4024124F06EB4016B3
:105428000346C5F88C2121463A883046FFF786FFA7
:105438003B882344BFF34F8FC5F85C4F2034A34209
:10544800FAD8BFF34F8FBFF36F8F04203146FFF7B1
:10545800A1FF4FF40033C5F80C31F8BDE00E202051
:1054680060570020743C022042684FF6FC71114BD3
:10547800C2F30E42C0691B889B1A0B4017D00E4915
:1054880030B40E4C0E4D227821F810300021013234
:1054980025F81010062A94BFD1B20A46217009498E
:1054A8000C6823440B60084B985430BC7047FFF7D6
:1054B800ABBF00BF743C0220E43B0220873C0220C3
:1054C800003C0220DC3B02201C3C0220214B70B532
:1054D8001B78002B3BD04FF400731E461E498022D8
:1054E8001E4D00240B8000211D482B8002F0D2FEA7
:1054F8001C4A21461C4B1470C0221C481C8002F018
:10550800C9FE1B4A31461B4B042094609C60C2E9CB
:105518000044194AC3E900441470184B184A1C7017
:10552800184B14602246FFF7A5FE23462246298819
:105538000420FFF7D1FE20460134FFF765FF062C53
:10554800F9D100231049114A0B70137070BD402324
:105558001E46C3E7933C0220743C02207C3C022098
:10556800205900208D3C0220783C02206057002002
:10557800E43B0220003C0220873C0220893C0220B8
:10558800DC3B0220B93300008C3C02208F3C022017
:105598002DE9F843214B1D7815B9214E33880BB9F5
:1055A800BDE8F883DFF888801E4A98F800701E4C22
:1055B80002EB47191D4A04EB472412884846214646
:1055C800D21A2B46FFF7BAFEBFF34F8F04F1200221
:1055D80004F50073934234BF012310234FF0E022F7
:1055E80004EB4313C2F8704F20349C42FAD1BFF346
:1055F8004F8FBFF36F8F013749460420FFF7B6FE80
:10560800032F4FF000034FF0020098BFFDB2338024
:1056180088F80050BDE8F843FFF718BB8F3C02201C
:10562800783C022020590020E01A20207C3C0220EF
:105638008D3C0220F8B5144C4FF0E025134E4FF482
:10564800003204EB4024124F06EB40160346C5F81F
:105658008C2121463A883046FFF770FE3B88234468
:10566800BFF34F8FC5F85C4F2034A342FAD8BFF37D
:105678004F8FBFF36F8F03203146FFF78BFE4FF438
:105688000033C5F80C31F8BDE02220202058002056
:10569800763C0220244B2DE9F0411C884368C569FB
:1056A800C3F30E43E41A002C24DD204920480A786D
:1056B8000078D3B21F4E82421F4807D010F80380EB
:1056C80036F81870C7F50072944218D901330022D1
:1056D80026F81540082B194E88BF134626F81520C2
:1056E80098BFDAB2C554164B0A701A6814441C6085
:1056F800BDE8F0812846BDE8F041FFF79BBF07EB06
:105708004820104922462744084401EB4521FFF769
:1057180041F80B4A284626F8187013682344BDE858
:10572800F0411360FFF786BF763C0220883C0220D8
:105738008A3C0220F03B0220243C02200C3C022040
:10574800E03B0220E02220201D4B1A78002A36D1A7
:1057580002F0FF031B4A12788AB32DE9F0411A4D73
:105768002A8852B3194EC2F50068194F3278194C7D
:1057780007EB421704EBC224424638462146FFF79E
:10578800DDFD04EB0802BFF34F8F4FF0E023C3F8B1
:10579800704F2034A242FAD8BFF34F8FBFF36F8FF8
:1057A80003203946FFF7E2FD33780133DBB2032BE0
:1057B80088BF0023337000232B80BDE8F081704739
:1057C800903C0220923C02207A3C02208E3C02202F
:1057D800A0590020E0322020704700BF2D4B002147
:1057E80080222D4870B51B7800242C4D8B422C4EFE
:1057F8000CBF40234FF400732B80338002F04AFD26
:10580800284A2146284B14704FF4807227481C8080
:1058180002F040FD264A1021264B0220C2E900442E
:10582800C2E90244244AC3E900441470234AC3E984
:105838000244234B1C70234614602246FFF74CFD9C
:105848002246318803201F4BFFF714FD234601220F
:1058580029880320FFF740FD20460134FFF7EAFEC0
:10586800082CF9D1184B00214A221848184C04601A
:10587800C3F88410C3F88020D3F84821154942F0B2
:105888008072C3F8482121B1134A137843F0010309
:10589800137070BD933C0220A05900207E3C02206A
:1058A800763C02208E3C02207A3C022020580020C0
:1058B800F03B02200C3C0220883C0220E03B022006
:1058C8008A3C0220E535000000002E405C3C0220A6
:1058D8009936000000000000953C0220044B10B5EA
:1058E8001C680CB1204610BD00F004F8204610BD1D
:1058F800E03B02202DE9F8432D4B1E7866B12D4F71
:105908003B784BB90123F1073B7043D4B20726D447
:1059180000233B70730701D4BDE8F883264B1A684F
:10592800002AF9D0EFF30582002AF5D1EFF31085AC
:1059380072B61868002834D0204C2178002930D15C
:105948000122227042691A60002A2ED0916105B99D
:1059580062B600258368457798472570DCE7DFF84D
:10596800648098F80030002BD2D00025DFF85890DA
:105978002B4659F823400135236820461B69984770
:1059880010B163699B68984798F80020EBB29A4277
:10599800EFD8BDE7FFF7A2FF0028B7D0AFF300802C
:1059A800B4E7002DB8D162B6B6E7054B1A60CEE76A
:1059B800953C0220843C02205C340220823C022078
:1059C80068340220833C02206C34022070B5EFF367
:1059D800108272B60C4C206880B10C4E00254369C9
:1059E800236073B19D6102B962B6836845779847B1
:1059F800EFF3108272B620680028F0D102B962B6BF
:105A080070BD3360EFE700BF6434022060340220C9
:105A1800FFF7DCBF0449054A4968054B196013685C
:105A280001331360704700BF001000E0483C0220BB
:105A3800443C0220A249A34B88422DE9F047A24CDE
:105A48005E699A69D4F80C801BD9A04B984240F241
:105A58000281C31A9E491B0AA1FB031340F2276166
:105A6800DB0903EB830303EB830303F2E2438B427B
:105A780028BF0B46A3F54877964BA3FB0737FF08CB
:105A880004E0954FB8428CBF0E2706278D4908F0D1
:105A98001F09D1F88030B94543F0C003C1F8803000
:105AA8000CD228F01F08A1F5F82148EA0708C1F828
:105AB8000C800B68002BFCDA08F01F0916F0007345
:105AC80024D186490C698649A14300F0EA8082F412
:105AD800805134464FF4805514F0605F04D026F0AE
:105AE80060561E43774B5E6111F4405F07D022F485
:105AF800405274492A438A618B6C1A07FCD446F0D9
:105B08000076704A5661936C9B06FCD4754CA04293
:105B180000F2CE804FF0010C0146634603FB0112F0
:105B280003F1010E0CF10105A24218D8BEF1080FCD
:105B38004FF0010340F08D80BCF1040F00F291801A
:105B48000A18A24200F2A48005FB00F1AC4603F15A
:105B5800010E03FB01120CF10105A242E6D90CF17A
:105B6800FF318C0286EA81215F4810445F4A9042E7
:105B78007FD9DFF8A4A16C225D48584DB0FBFEF038
:105B8800D5F800E0B0FBFCF0DFF890C10EEA0C0C91
:105B9800D44509D042F400524FF4805CC5F800C0E7
:105BA8002A602A68002AFCDA464A156905F00705C2
:105BB8009D4203D01361936CDD03FCD411F4E05FC4
:105BC80009D026F4E05604F4E0543E4A26435661D0
:105BD800936C9907FCD44749474A014491423CD801
:105BE800464BC909A3FB0131090B4B1E1B0286EA70
:105BF800030212F4407F06D026F4407603F4407383
:105C0800304A334353612F4A536923F00073536179
:105C1800936C9B06FCD43A4B4F45A3FB00234FF0F3
:105C2800FF324FEA9343B0FBF1F1B2FBF3F3354A8D
:105C38001060354A1160354A136008D228F01F08F1
:105C4800214A48EA0707D7601368002BFCDABDE849
:105C5800F087734662E7122718E74FF44073042170
:105C6800C5E70CF1FF31204807238C02104486EA6F
:105C78008121274ADFF8A8A0A2FB0020020D2548B1
:105C8800362A38BF362202FB00F042EA0A0A74E7D5
:105C98004FEA8C24002386EA8C214FF0010EAC4693
:105CA80062E71D4686F0C05411464FF0C05313E713
:105CB80000244FF0010C024631462346E64653E7DE
:105CC80000A4781F00C00F40000008400046C3230E
:105CD80023B24C001F85EB5100366E0100800D4049
:105CE80040300080FFB19F26808D5B00FF7EF64D1F
:105CF80000643F4D7FD1F0087F17B42C9F10E5005A
:105D080083DE1B43B44E0020B04E0020403C0220EE
:105D1800819F5E16001BB7006C2000807F300180D9
:105D28000020008001F1FF3C70B56646002400E0C9
:105D38000134B0FBF2F502FB1503092B03F1370E12
:105D480003F130035FFA8EFE98BF5FFA83FE90423C
:105D5800284606F801EFEBD2631C0022C818CA5483
:105D68007CB162461CF8015F10F8016DA1EB0C03D1
:105D780002328CF80060013B521A057023449A42A3
:105D8800EFDB084670BD00BF00230F2248F2B82C95
:105D9800194610B54FF470444FF4806EA0F88C414A
:105DA8004FF46044A0F88E210A46A0F89031B0F86C
:105DB80088319BB243F0F003A0F8883101EB41032E
:105DC800013100EB431304299C80A3F806E05A84B0
:105DD8001A865A805A81A3F80EC05A82DA825A83E8
:105DE800DA83EBD1B0F888319BB243F00F03A0F807
:105DF8008831B0F888319BB243F47063A0F88831D9
:105E080010BD00BF374B384A996F384841F47F01BD
:105E180070B5996741F20106D3F8801045F6C05570
:105E280043F226040A43C3F88020FFF7ADFF00F5CC
:105E38008040FFF7A9FF00F58040FFF7A5FF00F5B8
:105E48008040FFF7A1FF0022A0F503104FF00F0ECE
:105E5800114600EB42134FEA421C01329981042A91
:105E68005981A3F80EE09E82DD8020F80C1019827B
:105E78009C81EED100221E484FF00F0E41F2010620
:105E8800114645F6C05543F2260400EB42134FEA8B
:105E9800421C01329981042A5981A3F80EE09E829E
:105EA800DD8020F80C1019829C81EED10022114867
:105EB8000F2641F20105114645F6C05443F2260E5D
:105EC80000EB42134FEA421C01329981042A59819E
:105ED800DE819D82DC8020F80C101982A3F80CE08A
:105EE800EED170BD00C00F40000003FC00C03D4073
:105EF80000001E4000401E40074A506A936A194637
:105F08008446506A936A9942F9D18445F7D1DB0BEC
:105F180043EA4040704700BF00400D4008B5D0E953
:105F280000325BB1BAB10F4BA3FB0213DB0803EBE2
:105F38004303B2EB83030AD1012008BD094BA3FB3D
:105F48000213DB0803EB4303B2EB830301D0D21A3D
:105F58004260F02AF0D802F007FA1C22034600201B
:105F68001A6008BDABAAAAAA70B5044638B319B11D
:105F7800B2FA82F67609A2B9206800B36268F2B173
:105F8800184B194902FB03F3B1EBB30F17D3A368FE
:105F9800E3B90022012322606260A260E260184631
:105FA80070BD1D46049BC0E90012C360FFF7B6FF31
:105FB80003460028F3D06DB90123184670BD02F0DE
:105FC800D3F9162200230260184670BD002102F0A2
:105FD80061F9DEE7626831462068A56002F05AF987
:105FE8000123DCE7ABAAAAAA55555515034608466E
:105FF800194602F0A1B900BF10EE103A40F22A414A
:10600800C3F30A528A42B7EEC03A32D8B7EE000B51
:106018002D4B93ED4A2B93ED481BB0EE417BA2EE3E
:10602800037B17EE100A37EE417B00F01F0203EBEB
:10603800C20130B492EE037B93ED4C4B53F83240DF
:106048004D6893ED4E6B93ED505BA4EE076B27EE16
:10605800074B00210A1905EBC033A5EE070B43ECEB
:10606800172BA6EE040B30BC20EE070BB7EEC00BC7
:10607800704713F5000F20D0B2F5FF6F1AD2DFED8D
:10608800137AB4EEE70AF1EE10FA10DCDFED107ABD
:10609800B4EEE70AF1EE10FA12D4DFED0E7AB4EEA0
:1060A800E70AF1EE10FAB1D5002000F07DBC00201F
:1060B80000F080BC30EE000A70479FED070A704779
:1060C800002000F06BBC00BF800200201772B142B4
:1060D800B4F1CFC2CF8ECEC20000000000F0BEBD2A
:1060E80010EE103AC3F30A52B2F5866FB7EEC07AD3
:1060F8002ED2B7EE000B2A4B93ED402B32EE073B26
:1061080013EE100A33EE423B00F01F0203EBC2010C
:1061180030B437EE437B93ED424B53F832404D6831
:1061280093ED446B93ED465BA4EE076B27EE074BAC
:1061380000210A1905EBC033A5EE070B43EC172B1A
:10614800A6EE040B30BC20EE070BB7EEC00B704771
:1061580013F5000F1ED0B2F5FF6F18D2B5EEC00AC6
:10616800F1EE10FA10DCDFED0F6AB4EEE60AF1EE9C
:1061780010FA12D9DFED0C6AB4EEE60AF1EE10FA65
:10618800B7D5002000F010BC002000F013BC30EEA2
:10619800000A70479FED050A7047002000F0FEBB1B
:1061A80080020020000016C3000015C30000000094
:1061B80010EE103AB3F17E5F3ED0A3F50001B1F1C5
:1061C800FE4F10EE102A3AD2BFEE002B02F14043E8
:1061D800284903F54D03C3F3C34001EB001091EDCB
:1061E800424B91ED447B91ED406B91ED465BD90DAF
:1061F800C9052DED028B90ED021B90ED008B521A14
:10620800DB1500EE103A03EE902AB8EEC00BB7EE9D
:10621800E33A30EE010BA8EE032BBDEC028B22EE25
:10622800023BA4EE027BA5EE020BA6EE037BA3EED7
:10623800070BB7EEC00B70479FED0F0A7047590068
:1062480014D0B3F1FF4F14D0002B0BDBB1F17F4F0B
:1062580008D2DFED0A7A60EE277A17EE903AA3F1BA
:106268003862B1E700EE103A00F0BCBB012000F044
:10627800A7BB7047C8030020000000000000004BC7
:1062880030B410EE103A2DED028BA3F5000110EE9C
:10629800902AB1F1FE4F10EE104A82B04FEA420147
:1062A8007CD201F1FF3C6FF08070844580F0F7806C
:1062B800002004F1404303F54D03C3F3C342DB0D53
:1062C800DB05E11ADB1507EE903AB14B03EB02123E
:1062D80092ED003B04EE101AB7EEE06AB7EEC44A3E
:1062E800BFEE000BA3EE040B93ED443B20EE001B26
:1062F80093ED464B93ED402BA0EE034B93ED425BA1
:1063080093ED483BA0EE025B21EE012B92ED028B50
:10631800B8EEE77B37EE087BA0EE037BA1EE047BAB
:10632800A5EE027B26EE077B17EE903A48F2BF01F6
:10633800C3F3CF338B4250D2B7EE000B954B93ED9E
:10634800402B37EE023B13EE102A33EE423B02F0AD
:106358001F01821803EBC10093ED424B37EE437BDC
:1063680053F83140456893ED446B93ED465BA7EED7
:10637800046B27EE074B0023181905EBC231A7EE73
:10638800050B41EC170BA6EE040B20EE070BB7EE3E
:10639800C00B02B0BDEC028B30BC70474D1E6FF0D5
:1063A8008070854280F0CE8059004D1E854280F075
:1063B8009280002B55DB0020B4F5000FBFF479AFB5
:1063C800DFED757A07EE103A67EE277A17EE904AF6
:1063D80024F00044A4F138646BE79FED656BB4EEDC
:1063E800C67BF1EE10FA15DC9FED636BB4EEC67B4D
:1063F800F1EE10FA20DD4FF04C5388B10193DDED3A
:10640800016ABFEE006A76EE666AF4EE466AF1EE5D
:1064180010FA11D002B0BDEC028B30BC00F0CABA41
:106428000093DDED006AB7EE006A76EE866AF4EE58
:10643800466AF1EE10FAEDD19FED516BB4EEC67BD2
:10644800F1EE10FA57D99FED506BB4EEC67BF1EE22
:1064580010FA7FF571AF02B0BDEC028B30BC00F0D2
:10646800A3BAC2F3C7517E2911DD962954DC012055
:10647800C1F1960100FA01F1481E104207D11142FC
:1064880014BF01200020000424F0004494E700EE2B
:10649800103A02B0BDEC028B30BC00F0A3BA002960
:1064A80052D0B3F17E5F2CD06400B4F17F4F2ED868
:1064B800B1F17F4F2BD1B4F1FE4F4BD0B4F1FE4F69
:1064C8006FEA020234BF00240124D20F94424CD058
:1064D8009FED320A5DE7002B20EE000A1EDB00204C
:1064E80000293AD1002ABFF654AF02B0BDEC028BA6
:1064F80030BC00F065BA02B0BDEC028B30BC00F0D5
:106508004DBA82F48002520012F5000F22D907EE2C
:10651800903A37EEA00A3CE70020B5E7C2F3C7532C
:10652800A3F17F001728DAD8C3F19600012303FAF4
:1065380000F0441E1442D2D11040D1D0B1EE400A2E
:106548001846CDE70029AFD184F48002520012F535
:10655800000FDCD8B7EE000A1BE7002ABFF619AF18
:10656800F7EE007A87EE800A13E720EEA00A10E71C
:1065780071D5D1FFFFFF5F40E2AAA3FFFFFF5F4095
:106588000000000000C062C00000000000A062C05F
:10659800E8040020800200200000004B00000000FA
:1065A80030B510EE104AC4F30A53B3F57D7FB7EE49
:1065B800C06A83B01BD226EE065BB3F5667F6ED346
:1065C80026EE052B25EE021B734B93ED1A3B93ED3C
:1065D800187B93ED164BA5EE037BA2EE046BB0EE91
:1065E800460BA7EE010BB7EEC00B03B030BD40F26F
:1065F8002E4293425ED8684991ED087B26EE077BD0
:10660800FDEEC77B91ED0A5B17EE903A03F50003A8
:106618001B1613F0020F07EE903A01F1700208BF43
:106628000A46D807B8EEE77BA7EE456B26EE067B51
:106638001BD403F0030301EBC30192ED1A4B91ED58
:10664800002B92ED185B26EE026B92ED163BA7EE3F
:10665800045B26EE074B27EE047BA4EE036BA5EE46
:10666800076BB7EEC60B03B030BD92ED142B27EEC7
:10667800075B92ED126B92ED0E3BA7EE026B92ED6B
:106688000C0B92ED104BA7EE030B27EE057BA5EE46
:10669800040BA6EE070BB7EEC00B03B030BD220DFE
:1066A80012F4FF6FDFD1B7EEC55B00EE104A8DED37
:1066B800015AD8E7B3F5FF6F4BD2384BC4F3836266
:1066C80003EB820053F822200569C4F31603C4F3D0
:1066D800C25143F400038B40016A03FB02F2A3FB9F
:1066E8000110E3FB050202F100518D0F01F040415A
:1066F800511A01F0DDFA2A4B9FED257B05EBD47486
:1067080041EC160B14F0020FA3F1700208BF1346F8
:10671800E90726EE077B27EE076B1FD404F0030476
:1067280002EBC40293ED1A4B92ED002B93ED185B2C
:1067380027EE027B93ED163BA6EE045B27EE064B95
:1067480026EE046BA4EE037BA5EE067BB7EEC70B23
:1067580089E703B0BDE8304000F044B993ED142B4D
:1067680026EE065B93ED127B93ED0E3BA6EE027BC5
:1067780093ED0C0B93ED104BA6EE030B26EE056B79
:10678800A5EE040BA7EE060BB7EEC00B6BE700BF38
:10679800182D4454FB21193C10060020F448002011
:1067A800800600200000000038B510EE104AC4F33F
:1067B8000A53B3F57D7FB7EEC07A1ED227EE077B6A
:1067C800B3F5667F6FD327EE071B634B93ED142B4E
:1067D80093ED125B93ED0E3BA7EE025B93ED0C0B72
:1067E80093ED104BA7EE030B27EE017BA1EE040BF4
:1067F800A5EE070BB7EEC00B38BD40F22E42934210
:1068080054D8554991ED086B27EE066BFDEEC66B23
:1068180091ED0A5B16EE903A03F500031B1613F090
:10682800020F06EE903A01F1700208BF0A46D80737
:10683800B8EEE66BA6EE457B27EE076B1AD503F09C
:10684800030301EBC30191ED002B92ED1A4B92ED7E
:10685800185B92ED163BA6EE045B27EE027B27EE53
:10686800064B26EE046BA4EE037BA5EE067BB7EE83
:10687800C70B38BD92ED142B92ED127B92ED0E3BB7
:1068880092ED0C0B92ED104B26EE065BA6EE027B0A
:10689800A6EE030B26EE056BA5EE040BA7EE060B82
:1068A800B7EEC00B38BDB7EE000A38BDB3F5FF6FC1
:1068B8003DD22A4BC4F3836203EB820053F82220B3
:1068C8000569C4F31603C4F3C25143F400038B40B3
:1068D800016A03FB02F2A3FB0110E3FB050202F1CC
:1068E80000518D0F01F04041511A01F0E1F91C4BA4
:1068F8009FED177B05EBD47441EC160B14F0020FD7
:10690800A3F1700208BF1346E90726EE077B27EEBE
:10691800076B10D504F0030402EBC40292ED002BC0
:1069280093ED1A4B93ED185B93ED163B93E7BDE897
:10693800384000F057B893ED142B93ED127B93ED8C
:106948000E3B93ED0C0B93ED104B9DE7AFF30080DE
:10695800182D4454FB21193C10060020F44800204F
:106968008006002010B582B08DED010A044601F0C2
:10697800FBFC9DED010A046002B010BD30B1F1EEE0
:10698800407A27EE800A2220FFF7ECBFF0EE407A2B
:1069980027EE800A2220FFF7E5BF00BF9FED010A1E
:1069A800FFF7ECBF000000109FED010AFFF7E6BFFC
:1069B8000000201A9FED010AFFF7E0BF00000070F9
:1069C8009FED070AFFEE007AB7EE007A00284FF035
:1069D800220047FE277A87EE800AFFF7C3BF00BF71
:1069E8000000000070EE407AB4EE400A87EEA77A05
:1069F800F1EE10FAB0EE470A02D62120FFF7B2BF37
:106A0800704700BF08B52DED028BB0EE408A00F04C
:106A1800CBF9B4EE488AF1EE10FA06D6DFED098A12
:106A2800B4EEE88AF1EE10FA02D4BDEC028B08BD90
:106A380001F09AFC88EEA80ABDEC028B21230360C2
:106A480008BD00BF0000000010EE103A114A23F004
:106A58000043934218DDB3F1FF4F02DB30EE400AEA
:106A6800704700B583B0684600F0A2F9400000F016
:106A78000200DDED010A9DED000AC0F1010000F001
:106A88000DF803B05DF804FBDFED030A012000F008
:106A980005B800BFDA0F493F0000000008B510EE46
:106AA800103A23F00042B2F1465FF0EE407A0FDA76
:106AB800BDEEC07A17EE101AF9B9431C134300F063
:106AC8009F80012803D0BFEE007A87EE270A08BD11
:106AD80050498A4211DB9FED507ADFED506A002B56
:106AE800BCBFF1EE600AF1EE407A77EE677A36EED7
:106AF800E07ADFED4B0A77EE277A67EEA76ADFEDDB
:106B0800494ADFED495A9FED495A9FED496A414983
:106B180026EEA67A8A42E7EE245AA7EE056ADFED4A
:106B2800454A9FED455AE5EE874AA6EE075ADFED3E
:106B3800435A9FED436AE4EE875AA5EE076ADFEDF4
:106B4800414A9FED415AE5EE874AA6EE075A9FED66
:106B58003F6ADFED3F5AA4EE876AE5EE075AB0EECA
:106B6800467AA5EEA67A27EEA65AB0EE606AA7EE98
:106B7800056ADFED384AE6EE260AE5EE240A37EE26
:106B8800A00A1FDA0128A2D0BFEE007AC7EE006A79
:106B9800314B10EE102A1A4006EE102A16EE902AF3
:106BA80076EE677A134000EE103AB7EE007A70EE90
:106BB800E70AF0EE477AE6EE007AE0EE807AA7EE92
:106BC800A60A08BD07EE100AB8EEC77A60EE006A9A
:106BD80030EE070A9B1786EE806A03F00203C3F1C2
:106BE8000103F0EE005A36EE606A06EE903A77EE50
:106BF800C67AF8EEE66AA7EEE57A26EE870A08BDB9
:106C080000F0DCFAB7EE007AF0EE407A87EE270A59
:106C180008BD00BF40A12C3FDA0F493F682122334D
:106C2800000000005FAE9BB745F4A3388453D93702
:106C38007AC09538C8261A3AB937813916696B3B34
:106C480048DEBE3AA427B33C1F37113C8988083E6A
:106C5800D10D5D3DABAAAA3E00F0FFFF10B582B092
:106C6800CDED010A019B23F00042B2F1FF4FF0EE97
:106C7800407A30DC10EE100A20F00041B1F1FF4FED
:106C880029DCB3F17E5F40D09C1704F0020444EA8B
:106C9800D07431B372B3B2F1FF4F3ED0B1F1FF4FB0
:106CA80028D0891AB1F1F45F4FEAE15232DA002BA9
:106CB80040DA3C323EDA9FED330A012C4CD0022CEC
:106CC80041D064B19FED307ADFED307A30EE070ABB
:106CD80030EE670A03E09DED017A37EE270A02B02D
:106CE80010BD022C0ED09FED2A7A032C07FE000A55
:106CF80002B010BD9FED270ADFED277A002820FE9D
:106D0800270AECE79FED210AE9E702B0BDE8104049
:106D180000F07EB99FED1F0ACFE7B1F1FF4F04F1F4
:106D2800FF3420D0022C26D81C4B03EB840393EDB0
:106D3800000AD4E79DED017A87EE870A00F03EFA53
:106D480000F066F9B9E79FED107ADFED107A30EEC2
:106D5800070A37EEC00AC2E710EE103A03F1004303
:106D680000EE103ABBE7022C08D80D4B03EB840366
:106D780093ED000AB3E79FED030AB0E79FED090A18
:106D8800ADE700BF000000002EBDBB33DB0F49405C
:106D9800DB0F49C0DB0FC93FDB0FC9BF600800200C
:106DA80054080020DB0F493FB1EEC00A704700BF0E
:106DB80070B510EE103A884A23F00044944286B029
:106DC800054670DD854A944210EE106A22DC002BDD
:106DD800DFED837A834A24F00F04B0EE407A40F363
:106DE800E280944270EE677A09BFDFED7F6A9FED1B
:106DF8007F7A9FED7F7A77EEE67A012077EEC76A91
:106E080077EEE67AC5ED006A77EEC77AC5ED017AC6
:106E180006B070BD774A944254DDB4F1FF4F49DAA9
:106E2800E215863AA4EBC25307EE903ABDEEE77A34
:106E3800DFED716AB8EEC77A77EEC77A8DED037A1F
:106E480067EEA67ABDEEE77AB8EEC77A77EEC77A2C
:106E58008DED047A67EEA67AF5EE407AF1EE10FA37
:106E6800CDED057A40F08E80B5EE407AF1EE10FA5D
:106E780014BF02230123614901910221009103A853
:106E8800294600F0A3F9002EC2DA95ED007AD5ED77
:106E9800017AB1EE477AF1EE677A85ED007AC5EDB1
:106EA800017A4042B4E7002285ED000A42600020E2
:106EB80006B070BD70EE407A0020C5ED017AC5EDD0
:106EC800007AA5E700F07AF99FED4D7A9FED446AC4
:106ED800F6EE007AE0EE077A9FED447AFDEEE77A67
:106EE80017EE900AF8EEE76A1F28A6EEC60A66EEC5
:106EF800877AB1EE666A1EDC424A411E24F0FF031F
:106F080052F82120934216D030EE677A85ED007A48
:106F180030EE470A002E30EE670A85ED010ABFF60B
:106F280077AFB1EE477AB1EE400A85ED007A85ED8C
:106F3800010A40426CE730EE677AE21517EE103A24
:106F4800C3F3C753C3EBD453082BDFDD9FED267A79
:106F58009FED275AF0EE405AE6EE075A70EE657A32
:106F6800E6EE077AD6EE857A35EEE77A17EE103A2E
:106F7800C3F3C753D21A192A06DCB0EE650A85EDA9
:106F8800007AC5E7032376E79FED1F7A9FED1F5A26
:106F9800B0EE650AA6EE070A75EEC07AE6EE077A45
:106FA800D6EE857AB0E7944270EE277A09BFDFED16
:106FB8000E6A9FED0E7A9FED0E7A77EEA67A4FF065
:106FC800FF3077EE876A77EEE67AC5ED006A77EEEE
:106FD800877AC5ED017A1BE7D80F493FE3CB164006
:106FE800800FC93FD00FC93F004435374344353778
:106FF80008A3852E800F4943000080430C4A0020D7
:1070080084F9223F8049002000A3852E32318D2447
:1070180038B510EE105A25F00044B4F1A14FF0EE47
:10702800407A0ADBB4F1FF4F58DCDFED517A9FED6F
:10703800517A002D37FE870A38BD4F4B9C425CDCE5
:10704800B4F1445F4DDB4FF0FF3327EEA76ADFED65
:107058004B6ADFED4B5ADFED4B4A9FED4B5A9FEDE4
:107068004B4A26EE067A5A1CE7EE265ADFED486AA6
:10707800A5EE875AE7EE246ADFED465ADFED464A69
:10708800E6EE875AA5EE074A9FED445ADFED446ABB
:10709800A5EE875AE4EE074ADFED425AE4EE876A26
:1070A800E5EE075A66EE866A65EE875A3AD03E4A9A
:1070B80002EB830276EEA56A92ED007A3B4A96EEE1
:1070C800A77A02EB8303002DD3ED006A77EE677A87
:1070D80036EEE70AB0DAB1EE400A38BD30EE000A03
:1070E80038BD9FED337A30EE077AF7EE006AB4EEDA
:1070F800E67AF1EE10FAA6DD38BD00F05FF82D4B08
:107108009C4216DCA3F5D0039C4227DCF0EE007A03
:10711800BFEE007AA0EE277A002330EE270AC7EEEA
:10712800007A92E776EEA56AE6EEE77AB0EE670AAD
:1071380038BD214B9C420BDCF7EE087AB7EE007A9B
:10714800A0EE277A022330EE670AC0EE077A7CE7C2
:10715800BFEE007AC7EE007A032376E7F7EE007AEF
:1071680030EE677A30EE270A0123C7EE007A6CE723
:10717800DB0FC93FDB0FC9BFFFFFDF3ED769853C87
:1071880059DA4B3D21A215BD356B883D6E2EBA3DAF
:107198006BF16EBD95879DBD2549123E388EE3BDC6
:1071A800ABAAAA3ECDCC4CBE64490020544900206D
:1071B800CAF24971FFFF973FFFFF1B4010EE103ADC
:1071C80023F0004300EE103A704700BF2DE9F04F5E
:1071D8002DED048BDBB01C4603930691A04B6899F8
:1071E800089253F82150111D824604F1FF38C0F26D
:1071F8009882D31E48BF131DDB1002930133DB00B6
:107208000793DDE907239B1A0593029B15EB0801F9
:10721800A3EB080316D401319FED927A69981944BB
:107228001EAA002BA4BF50F8234007EE904A03F192
:107238000103ACBFF8EEE77AF0EE477A8B42E2EC56
:10724800017AEED1002DC0F2DB82039B1EAA02EB6D
:10725800830446AE4FEA830C4046EF180AEB8301DD
:10726800B8F1000FDFED7F7A09DB22465346F3ECD5
:10727800016A32ED017A8B42E6EE877AF7D1013066
:10728800B842E6EC017A04F10404E9D10AAF07EB4D
:107298008503043B9FED759ADFED738A0598049387
:1072A8000AEB0C0407EB850946AE00955AAB03EBD5
:1072B8008503002D13ED140A4FEA850B16DD06EB46
:1072C80085033A4660EE097AB0EE407AFDEEE77A39
:1072D80073ED016AF8EEE77AB342A7EEE87A37EE83
:1072E800A60ABDEEC77AA2EC017AEBD1019000F0B4
:1072F800DFFAB0EE408AB4EE000A28EE000A00F089
:1073080091FAF2EE007AA0EE678A01980028FDEE65
:10731800C89AF8EEE97A38EE678A76DD05F1FF3E1D
:10732800C0F1080357F82E2042FA03FC0CFA03F3C5
:10733800D31AC0F1070119EE902A47F82E300B41F5
:107348006244002B09EE902A67DCB5EE408AF1EE24
:1073580010FA40F0BE80009A05F1FF3B5A450EDC5A
:107368004FEA850C07EB850200219E4652F8043D42
:107378004A4541EA0301F9D1002940F0F180009B18
:10738800013B57F82330002B40F0E680049B4FF078
:10739800010C53F8042D0CF1010C002AF9D06B1CD8
:1073A800AC449E460299039A01EB030B0BF1804B08
:1073B80069992A440BF1FF3B06EB83051EAB01EBF1
:1073C8008B0B03EB8201DBED017A9FED267AF8EE59
:1073D800E77AB8F1000F0BF1040BC1ED007A0A4609
:1073E80001F1040109DB534601E072ED017AF3EC87
:1073F800016AA342A6EEA77AF7D10EF1010EE6457F
:10740800A5EC017ADFDD654650E740F09B806B1EF6
:1074180057F82330DB11002B97DD19EE902A002D49
:1074280002F1010209EE902A40F39181396800299E
:107438007ED1012D26D03A464FF0010C52F8041F98
:10744800002979D00CF10102C1F58071954247F805
:107458002C1016DD57F82210BB4407EB82020AE015
:107468007449002000000000000080430000803BB9
:107478000000C93F1168C1F1FF0142F8041B5A45D9
:10748800F8D1012100280CDD012800F041810228F3
:1074980007D105F1FF3C57F82C2002F03F0247F8CE
:1074A8002C20022B7FF451AFB7EE000A30EE488A49
:1074B80000293FF44AAF0993019000F0F9F938EE3A
:1074C800408A099B0198B5EE408AF1EE10FA3FF424
:1074D80042AF9846DDE90732B0EE480A981A01959E
:1074E800009D00F0E5F91FED207A019BB4EEC70A74
:1074F800F1EE10FAC0F255815FED247A059A60EE3C
:10750800277A0832FDEEE77A0592F8EEE77A03F17A
:10751800010BA7EEC70AFDEEE77ABDEEC00A10EE32
:10752800102A47F8232017EE903A47F82B302BE023
:1075380001224FF0000C87E70CF1010CAC457FF4F9
:107548007DAF9FE7F6EE007AB4EEE78AF1EE10FA27
:1075580080F2EC800023F8E66B1C9E469C4621E7EF
:10756800059B009DA3F1080257F82B300592F046C1
:1075780053B9ACF104033B4453F8041D0BF1FF3B32
:10758800083A0029F8D005920598B7EE000A00F0ED
:107598008FF9BBF1000FC0F229810BF1010646AA51
:1075A8001FED4E7A4FEA860C07EB860302EB860244
:1075B80073ED017AF8EEE77ABB4267EE807A20EE47
:1075C800070A62ED017AF3D1ACF1040346AA002D53
:1075D8001FED596A02EB03044FF0000022DB8F49CC
:1075E800DFED8F7AB0EE467A2246002303E0984218
:1075F80008DBB1EC017AF2EC016A01339D42E6EE58
:10760800877AF4DA5AAB03EB8003584543ED287ABE
:107618004FEA800100F10102A4F1040405D0002D15
:107628001046DCDADFED7E7AECE7689A022A1DDC88
:10763800002A00F38E8010D132ABDFED797A9C44BA
:107648003CED017A634577EE877AF9D143460BB171
:10765800F1EE677A069BC3ED007A19EE903A03F0D3
:1076680007005BB0BDEC048BBDE8F08F689A032A75
:10767800F3D1BBF1000F00F0CB8032A813ED287ACC
:1076880000EB8B020BF1804372ED017AF0EE476A52
:1076980037EE277A904277EEC77A82ED007A77EE56
:1076A800A67AC2ED017AEFD1BBF1010F40F3B080A9
:1076B80001F5B4720DEB020111ED287A9A0033A995
:1076C80000EB830373ED017AF0EE476A37EE277A11
:1076D800994277EEC77A83ED007A77EEA67AC3ED02
:1076E800017AEFD1131DDFED4E7A0344083033EDF4
:1076F800017A984277EE877AF9D14346002B58D120
:107708000699329A339B0A604B60C1ED027AA4E76E
:1077180005F1FF3C57F82C2002F07F0247F82C2097
:10772800BFE608230793002302936AE519EE903A0F
:10773800002D03F1010309EE903AC8BF02233FF779
:1077480075AEF7EE007A37EEC88A0223FDE5002110
:1077580098E632ABDFED327A03EB860636ED017A36
:10776800B34277EE877AF9D143469DED327A93BBDF
:10777800069BBBF1000FC3ED007A77EE677A0CDD4C
:1077880033AA0123B2EC017A01339B4577EE877A5D
:10779800F8DA43460BB1F1EE677A069BC3ED017A3E
:1077A8005BE7BDEEC00A9B4610EE102A47F823207F
:1077B800EAE6DDED326A9DED337A069BF1EE666A04
:1077C800B1EE477AF1EE677AC3ED006A83ED017A8C
:1077D800C3ED027A41E7069BF1EE676ABBF1000F41
:1077E80077EE677AC3ED006ACADCD4E7689B022BA0
:1077F8000ADC002B0FDC7FF430AFDFED097A25E7D8
:10780800039B4FEA830C41E5689B032B7FF425AF6C
:10781800DFED037A71E7DFED027AA5E77008002053
:107828000000000010EE102AC2F3C7537F3B162B4E
:1078380022F000412ADC002B10EE100A18DB19494F
:1078480019410A4221D0DFED187A70EE277AF5EE59
:10785800C07AF1EE10FA18DD002A04DA4FF40002BB
:1078680042FA03F3184420EA010300EE103A704785
:10787800DFED0D7A70EE277AF5EEC07AF1EE10FAA8
:1078880003DD002A08DB9FED090A7047B1F1FF4FBD
:10789800FBD330EE000A7047FFEE007A002900FEA5
:1078A800270A7047FFFF7F00CAF2497100000000F5
:1078B80010EE103A33F0004110EE102A27D0B1F143
:1078C800FF4F21D213F0FF4F22D1DFED2B7A2B4A45
:1078D80060EE277A904217EE903A33DB4CF2503C38
:1078E800C3F3C751604517EE902AA1F1190115DDC0
:1078F800DFED237ADFED236AB0EE677A002B67FEAF
:10790800A67A27EE870A704730EE000A704770475C
:107918004CF2503C60454FEAD151E9DC0144FE2964
:10792800E6DC002915DC11F1160F19DB193122F0FC
:10793800FF4242EAC15207EE902A9FED130A27EE52
:10794800800A7047DFED117A07EE103A27EE270A12
:10795800704722F0FF4242EAC15300EE103A7047E6
:10796800DFED0A7ADFED0A6AB0EE677A002B67FE70
:10797800A67A27EE870A70470000004CB03CFFFF4C
:10798800CAF24971CAF249F1000000336042A20DFF
:107998006042A28D81F0004102E000BF83F0004305
:1079A80030B54FEA41044FEA430594EA050F08BF92
:1079B80090EA020F1FBF54EA000C55EA020C7FEA56
:1079C800645C7FEA655C00F0E2804FEA5454D4EBD3
:1079D8005555B8BF6D420CDD2C4480EA020281EA9D
:1079E800030382EA000083EA010180EA020281EAD5
:1079F8000303362D88BF30BD11F0004F4FEA013127
:107A08004FF4801C4CEA113102D0404261EB410135
:107A180013F0004F4FEA03334CEA133302D05242BB
:107A280063EB430394EA050F00F0A780A4F1010477
:107A3800D5F1200E0DDB02FA0EFC22FA05F28018B1
:107A480041F1000103FA0EF2801843FA05F3594197
:107A58000EE0A5F120050EF1200E012A03FA0EFC16
:107A680028BF4CF0020C43FA05F3C01851EBE37140
:107A780001F0004507D54FF0000EDCF1000C7EEB5D
:107A880000006EEB0101B1F5801F1BD3B1F5001F9B
:107A98000CD349085FEA30004FEA3C0C04F10104BA
:107AA8004FEA445212F5800F80F09A80BCF1004FE3
:107AB80008BF5FEA500C50F1000041EB045141EA65
:107AC800050130BD5FEA4C0C404141EB0101013C2E
:107AD80028BFB1F5801FE9D291F0000F04BF01461D
:107AE8000020B1FA81F308BF2033A3F10B03B3F1EF
:107AF80020020CDA0C3208DD02F1140CC2F10C027F
:107B080001FA0CF021FA02F10CE002F11402D8BFDC
:107B1800C2F1200C01FA02F120FA0CFCDCBF41EAA8
:107B28000C019040E41AA2BF01EB0451294330BD77
:107B38006FEA04041F3C1CDA0C340EDC04F1140454
:107B4800C4F1200220FA04F001FA02F340EA03002B
:107B580021FA04F345EA030130BDC4F10C04C4F171
:107B6800200220FA02F001FA04F340EA0300294651
:107B780030BD21FA04F0294630BD94F0000F83F49B
:107B8800801306BF81F480110134013D4EE77FEA7E
:107B9800645C18BF7FEA655C29D094EA050F08BFCA
:107BA80090EA020F05D054EA000C04BF19461046AB
:107BB80030BD91EA030F1EBF0021002030BD5FEAEF
:107BC800545C05D14000494128BF41F0004130BD17
:107BD80014F580043CBF01F5801130BD01F000456B
:107BE80045F0FE4141F470014FF0000030BD7FEADE
:107BF800645C1ABF194610467FEA655C1CBF0B46D9
:107C0800024650EA013406BF52EA033591EA030FEF
:107C180041F4002130BD00BF90F0000F04BF0021E7
:107C2800704730B54FF4806404F132044FF000051A
:107C38004FF0000150E700BF90F0000F04BF002193
:107C4800704730B54FF4806404F1320410F00045F9
:107C580048BF40424FF000013EE700BF42004FEAF4
:107C6800E2014FEA31014FEA02701FBF12F07F4371
:107C780093F07F4F81F06051704732F07F4208BF28
:107C8800704793F07F4F04BF41F40021704730B52F
:107C98004FF4607401F0004521F000411CE700BF7B
:107CA80050EA010208BF704730B54FF000050AE0FE
:107CB80050EA010208BF704730B511F0004502D5FF
:107CC800404261EB41014FF4806404F132045FEA01
:107CD800915C3FF4D8AE4FF003025FEADC0C18BFAA
:107CE80003325FEADC0C18BF033202EBDC02C2F19C
:107CF800200300FA03FC20FA02F001FA03FE40EA2E
:107D08000E0021FA02F11444BDE600BF024B014601
:107D1800186800F003B800BFD85200202DE9F04FD2
:107D280001F10B06162E83B0044624D8102900F260
:107D3800BA8000F0A3FA102618220220B54F3A4460
:107D4800A2F1080153688B4200F0BA805A68D968DA
:107D580022F003021A449D68E9608D60516841F081
:107D680001012046516003F1080500F08DFA28460C
:107D780003B0BDE8F08F36F0070600F19480B142F9
:107D880000F2918000F07AFAB6F5FC7FC0F09A8193
:107D9800730A00F08F80042B00F26F81B30903F19E
:107DA800390003F1380CC3009A4F3B44A3F108058E
:107DB8005B689D4206D10CE0002980F22781DB68D0
:107DC8009D4206D05A6822F00302911B0F29F3DD69
:107DD80060463D69DFF850C265457CD06A6822F08C
:107DE8000302931B0F2B00F37B81002BC7E904CC04
:107DF80080F26C81B2F5007F80F01A81D30879682F
:107E080001334FEA521E012202FA0EF20A4357F8D2
:107E180033E0C5F808E007EBC3010839E9607A6088
:107E280047F83350CEF80C50831001219940914205
:107E380057D8114206D120F003004900114200F141
:107E48000400FAD007EBC0094D468646D5F80C80E9
:107E5800454508D11DE1002B80F22481D8F80C801B
:107E6800454500F01681D8F8042022F00302931B40
:107E78000F2BF0DD2046D8E9025408EB060146F046
:107E88000106C8F80460EC60A56043F00104C7E986
:107E98000411C1E902CC4C6048F8023000F0F4F952
:107EA80008F1080502E00C2323600025284603B0EA
:107EB800BDE8F08F4FF4007340204FF03F0C73E79C
:107EC800D3689A4208BF02307FF440AF3D69DFF8BB
:107ED80058C1654582D17A68831001219940914241
:107EE800A7D9BD686B6823F003094E4503D8A9EBF1
:107EF80006030F2B7ADCDFF834B1474BDBF80020A0
:107F08001B680132334405EB090A00F0338103F59D
:107F180080530F3323F47F6828F00F08414620462A
:107F280000F010FA411C024600F0F380824500F28E
:107F3800EE803A4B196841441960084600F04E81BA
:107F4800DBF80010019301311BBFA2EB0A010918ED
:107F5800CBF80020196012F0070B00F01781CBF165
:107F680008010A44CBF5805190440831A1EB08017F
:107F7800C1F30B0A51462046009200F0E3F9421C77
:107F8800DDE9002300F04F81801A00EB0A08196828
:107F9800BA6048F001005144BD425060196000F0D9
:107FA8002981B9F10F0F40F227816868A9F10C0CFB
:107FB8002CF0070C00F0010040EA0C0068604FF05C
:107FC800050E05EB0C00BCF10F0FC0E901EE00F245
:107FD800328150681546124B1A688A4238BF1960B8
:107FE800104B1A688A4238BF196094E0AA1943F006
:107FF800010346F001066E602046BA60536000F047
:1080080043F90835284603B0BDE8F08FD9681A440B
:10801800A1E600BFC84E00205C3A02202C3A02209C
:10802800543A0220583A0220D04E0020D052002064
:10803800B2F5206F4FEA522363D3142B00F2B780B6
:1080480003F15C01C9005B3307EB010E7958AEF10F
:10805800080E8E4500F091804B6823F0030393428D
:1080680002D989688E45F7D1D1F80CE07A68C5E95C
:10807800021ECEF80850CD60D6E6142B59D9542BE1
:1080880000F29D80330B03F16F0003F16E0CC30007
:108098008AE60EF1010E1EF0030F05F108057FF4C4
:1080A800D5AE51E0424445465368D8F80C1043F029
:1080B8000103536055F8083F2046D9608B6000F0F3
:1080C800E3F8F3E6F00806F1080237E62A4420460A
:1080D800536843F001035360083500F0D5F8E5E62E
:1080E800A919204646F0010643F001046E60C7E96D
:1080F8000411C1E902CC4C60AB5000F0C5F808355A
:10810800D4E6930903F13901C90038339CE7BD422D
:108118005FD0BD68686820F003084645A8EB0603F1
:1081280002D80F2B3FF762AF204600F0ADF80025CC
:10813800BCE603F15C0003F15B0CC30034E659F8BC
:1081480008394B4540F0968010F0030F00F1FF30DE
:10815800F5D17B6823EA01037B60490099423FF629
:10816800C0AE19B9BDE649000EF1040E1942FAD0A5
:10817800704667E603F11008D0E69A104FF0010840
:108188007B6808FA02F21A437A6070E702EB08018A
:108198004942C1F30B0A51462046009200F0D2F83A
:1081A800431CDDE900237FF4EFAEDA46EFE6542BFB
:1081B80025D8130B03F16F01C9006E3344E7B3F5FB
:1081C800AA7F25D8F30B03F1780003F1770CC300DD
:1081D800EAE5294B186840441860B1E6CAF30B0C6D
:1081E800BCF1000F7FF4ACAEBD68C84448F0010094
:1081F8006860F0E61546EEE60123536094E7B3F5B0
:10820800AA7F23D8D30B03F17801C90077331BE782
:1082180040F25452934223D8B30C03F17D0003F18A
:108228007C0CC300C0E5ABF1080BD844A8EB0208EE
:108238004FF0000AABE605F108012046009300F074
:1082480055F9BD68009B68681968C4E640F2545146
:108258008B420BD8930C03F17D01C9007C33F3E604
:108268004FF47E737F204FF07E0C9DE54FF47E71B6
:108278007E23E9E67B6870E72C3A0220014800F08B
:108288009DB800BF283A0220014800F099B800BF05
:10829800283A0220830730B548D0541E002A3FD020
:1082A800CAB2034601E0013C3AD303F8012B9D070B
:1082B800F9D1032C2DD9CDB245EA05250F2C45EA75
:1082C800054536D9A4F1100222F00F0C03F1200E57
:1082D800E6444FEA121C03F1100242E9045542E950
:1082E800025510327245F8D10CF1010214F00C0F4E
:1082F80003EB021204F00F0C13D0ACF1040323F0CB
:1083080003030433134442F8045B9342FBD10CF09B
:1083180003042CB1C9B21C4403F8011B9C42FBD1D5
:1083280030BD64461346002CF4D1F9E703461446E1
:10833800BFE71A46A446E0E713460A46014602206C
:1083480000F040B838B5074D0022044608462A60B8
:10835800FCF782FB431C00D038BD2B68002BFBD0F8
:10836800236038BDA83B0220014B1868704700BF46
:10837800D852002070B50D4E0D4D761BB61006D0A4
:10838800002455F8043B01349847A642F9D1094E18
:10839800094D761B00F0B0F9B61006D0002455F848
:1083A800043B01349847A642F9D170BD381F0060DC
:1083B800381F0060481F0060381F0060704700BF0A
:1083C800704700BF2DE9F047DFF87CA00646DAF8D1
:1083D800000098460F469146FFF7F0FF184B1C68BF
:1083E80024B365681F2D24DC5EB96B1C0235DAF8EE
:1083F8000000636044F82570FFF7E2FF0020BDE845
:10840800F08704EB85010123C1F88890D4F888210E
:10841800AB401A43022EC4F88821C1F80881E4D180
:10842800D4F88C211A43C4F88C21DEE7054C1C6073
:10843800D7E7DAF80000FFF7C3FF4FF0FF30DEE7B9
:108448009038022094380220BC4E0020F8B5244F02
:108458000C460646FFF712FFBB685D68C4F57E61EF
:108468000F3125F003054B1923F47F6323F00F0325
:10847800A3F58054B4F5805F07DB00213046FFF791
:1084880061FFBB682B44984204D03046FFF7FCFEDE
:108498000020F8BD61423046FFF754FF01300DD08F
:1084A800104ABB682D1B45F001055D601368304616
:1084B8001B1B1360FFF7E8FE0120F8BD00213046C2
:1084C800FFF740FFBA68831A0F2BDEDD43F0010384
:1084D8005360054B03491B68C01A0860D5E700BF05
:1084E800C84E00202C3A0220D0520020002961D02A
:1084F800F8B50C460646FFF7C1FE54F8042C7B4F2E
:10850800A4F1080522F0010105EB010CB868DCF8BC
:108518000430604523F0030300F08B80D207CCF8C9
:10852800043032D454F8082CAD1A1144AA6807F163
:10853800080082426AD00CEB0304D4F804E0EC682B
:10854800D4601EF0010FA26000F0978041F0010393
:108558006B60CCF80010B1F5007F35D27868CB0895
:108568000122490901338A40024357F833107A60DF
:1085780007EBC302083AC5E9021247F83350CD6049
:108588003046BDE8F840FFF77FBE0CEB03025268A7
:10859800D00710D4194407F10800DCF808308342EA
:1085A80073D0DCF80C20DA60936041F001036B6053
:1085B8006950D0E7704741F00103B1F5007F44F8F6
:1085C800043CCCF80010C9D3B1F5206F4FEA512311
:1085D80048D28B0903F1390003F13802C300F818B7
:1085E800FB580838984259D05A6822F003028A4248
:1085F80002D99B689842F7D1D868C5E902308560EE
:10860800DD603046BDE8F840FFF73EBE0CEB0302E4
:108618005268D20763D40B44DCE90212CA60916045
:1086280043F001026A603046EB50BDE8F840FFF7BE
:108638002BBE0B44D10707D454F8082CAD1A1344A9
:10864800D5E90212CA60916043F001026A60284AC3
:10865800BD6012689A4293D8264B30461968FFF7D6
:10866800F5FE8DE7142B0AD9542B1FD80B0B03F1F9
:108678006F0003F16E02C300B1E719448DE703F1FF
:108688005C0003F15B02C300A9E741F00103C7E9FD
:108698000455C5E902006B60695071E7796892106A
:1086A800012404FA02F20A437A60A6E7B3F5AA7F26
:1086B80006D8CB0B03F1780003F17702C3008EE7ED
:1086C80040F25452934206D88B0C03F17D0003F11B
:1086D8007C02C30083E74FF47E737E227FE741F07C
:1086E80001036B60CCF800104AE700BFC84E0020B9
:1086F800D45200205C3A02205FF800F0D11E0060DE
:108708005FF800F0191600605FF800F0291E00609D
:108718005FF800F06D160060000000000000000027
:04872800F8B500BFE1
:08872C00C8D8FF7F0100000026
:108734000000000000000000000000000000000035
:108744000000000000000000000000000000000025
:108754000000000000000000000000000000000015
:108764000000000000000000000000000000000005
:1087740000000000000000000000000000000000F5
:1087840000000000000000000000000000000000E5
:1087940000000000000000000000000000000000D5
:1087A40000000000000000000000000000000000C5
:1087B40000000000000000000000000000000000B5
:1087C40000000000000000000000000000000000A5
:1087D4000000000000000000000000000000000095
:1087E4000000000000000000000000000000000085
:1087F4000000000000000000000000000000000075
:108804000000000000000000000000000000000064
:108814000000000000000000000000000000000054
:108824000000000000000000000000000000000044
:108834000000000000000000000000000000000034
:108844000000000000000000000000000000000024
:108854000000000000000000000000000000000014
:108864000000000000000000000000000000000004
:1088740000000000000000000000000000000000F4
:1088840000000000000000000000000000000000E4
:1088940000000000000000000000000000000000D4
:1088A40000000000000000000000000000000000C4
:1088B40000000000000000000000000000000000B4
:1088C40000000000000000000000000000000000A4
:1088D4000000000000000000000000000000000094
:1088E4000000000000000000000000000000000084
:1088F4000000000000000000000000000000000074
:108904000000000000000000000000000000000063
:108914000000000000000000000000000000000053
:108924000000000000000000000000000000000043
:108934000000000000000000000000000000000033
:108944000000000000000000000000000000000023
:108954000000000000000000000000000000000013
:108964000000000000000000000000000000000003
:1089740000000000000000000000000000000000F3
:1089840000000000000000000000000000000000E3
:1089940000000000000000000000000000000000D3
:1089A40000000000000000000000000000000000C3
:1089B400000000000000F03F748515D3B0D9EF3FEC
:1089C4000F89F96C58B5EF3F515B12D00193EF3F1B
:1089D4007B517D3CB872EF3FAAB968318754EF3FB1
:1089E4003862756E7A38EF3FE1DE1FF59D1EEF3F6A
:1089F40015B7310AFE06EF3FCBA93A37A7F1EE3F90
:108A04002234124CA6DEEE3F2D89616008CEEE3F83
:108A1400272A36D5DABFEE3F824F9D562BB4EE3F60
:108A2400295448DD07ABEE3F85553AB07EA4EE3FAE
:108A3400CD3B7F669EA0EE3F745FECE8759FEE3FF2
:108A44008701EB7314A1EE3F13CE4C9989A5EE3F39
:108A5400DBA02A42E5ACEE3FE5C5CDB037B7EE3F2B
:108A640090F0A38291C4EE3F5D253EB203D5EE3F64
:108A7400ADD35A999FE8EE3F475EFBF276FFEE3F97
:108A84009C5285DD9B19EF3F6990EFDC2037EF3F67
:108A940087A4FBDC1858EF3F5F9B7B33977CEF3F49
:108AA400DA90A4A2AFA4EF3F40456E5B76D0EF3FCF
:108AB400000000000000E8429423914BF86AAC3FA8
:108AC400F3C4FA50CEBFCE3FD6520CFF422EE63F3F
:108AD4000000000000003843FE822B654715474024
:108AE4009423914BF86ABC3EF3C4FA50CEBF2E3F98
:108AF400D6520CFF422E963FBEF3F879EC61F63F56
:108B04001930965BC6FEDEBF3D88AF4AED71F53F76
:108B1400A4FCD432680BDBBFB010F0F03995F43FFD
:108B24007BB71F0A8B41D7BF8503B8B095C9F33F04
:108B34007BCF6D1AE99DD3BFA564880C190DF33F53
:108B440031B6F2F39B1DD0BFA08E0B7B225EF23FA9
:108B5400F07A3B1B1D7CC9BF3F341A4A4ABBF13F24
:108B64009F3CAF93E3F9C2BFBAE58AF05823F13FC3
:108B74005C8D78BFCB60B9BFA70099413F95F03FAA
:108B8400CE5F47B69D6FAABF000000000000F03F13
:108B94000000000000000000AC479AFD8C60EE3F2E
:108BA4003DF5249FCA38B33FA06A021FB3A4EC3F2B
:108BB400BA913854A976C43FE6FC6A573620EB3F95
:108BC400D2E4C44A0B84CE3F2DAAA163D1C2E93FAB
:108BD4001C65C6F04506D43FED417803E686E83FC0
:108BE400F89F1B2C9C8ED83F624853F5DC67E73F07
:108BF400CC7BB14EA4E0DC3F4D7E0AF7B612D7BF62
:108C0400E0326849BFCADE3FDEE3FA9F4715E7BF9B
:108C1400B8C8355F4715F73FBEF3F879EC61F63F06
:108C24001930965BC6FEDEBF3D88AF4AED71F53F55
:108C3400A4FCD432680BDBBFB010F0F03995F43FDC
:108C44007BB71F0A8B41D7BF8503B8B095C9F33FE3
:108C54007BCF6D1AE99DD3BFA564880C190DF33F32
:108C640031B6F2F39B1DD0BFA08E0B7B225EF23F88
:108C7400F07A3B1B1D7CC9BF3F341A4A4ABBF13F03
:108C84009F3CAF93E3F9C2BFBAE58AF05823F13FA2
:108C94005C8D78BFCB60B9BFA70099413F95F03F89
:108CA400CE5F47B69D6FAABF000000000000F03FF2
:108CB4000000000000000000AC479AFD8C60EE3F0D
:108CC4003DF5249FCA38B33FA06A021FB3A4EC3F0A
:108CD400BA913854A976C43FE6FC6A573620EB3F74
:108CE400D2E4C44A0B84CE3F2DAAA163D1C2E93F8A
:108CF4001C65C6F04506D43FED417803E686E83F9F
:108D0400F89F1B2C9C8ED83F624853F5DC67E73FE5
:108D1400CC7BB14EA4E0DC3F0B6E49C91676D23F42
:108D24007AC675A06919D7BFDDBAA76C0AC7DE3F3A
:108D3400C8F6BE484715E7BF2BB82A654715F73F65
:108D4400000000000000F03F000000000000F0BF41
:108D5400000000000000F0BF000000000000F03F31
:108D640083C8C96D305F6441182D4454FB21F93F19
:108D7400000000000000F03F1C620CFDFFFFDFBF9D
:108D8400198F06E15355A53F9D359AE887C056BF14
:108D9400C3F87B024393F93E03A695595455C5BFC6
:108DA400C40B23057610813F24CF7437EB9429BF7D
:108DB400000000000000F03F000000000000F0BFD1
:108DC400000000000000F0BF000000000000F03FC1
:108DD40083C8C96D305F6441182D4454FB21F93FA9
:108DE400000000000000F0BF1C620CFDFFFFDF3F2D
:108DF400198F06E15355A5BF9D359AE887C0563FA4
:108E0400C3F87B024393F9BE03A695595455C5BFD5
:108E1400C40B23057610813F24CF7437EB9429BF0C
:108E24003333B33E295C8F3E000000000000204035
:108E34006666663F0000964400007A4500000041E3
:108E44009A99993F000000BF0AD7A33C00803B4792
:108E54000000000000007A44F304353F00000000E5
:108E640000000000000000000000000000000000FE
:108E7400000000000000803F00000000000000002F
:108E840000803B470000000000007A44F304353FB3
:108E940000000000000000000000000000000000CE
:108EA40000000000000000000000803F00000000FF
:108EB4000000000000803B470000000000007A44EE
:108EC400F304353F00000000000000000000000033
:108ED4000000000000000000000000000000803FCF
:108EE400000000000000000000803B47000000007C
:108EF40000007A44F304353F000000000000000045
:108F0400000000000000000000000000000000005D
:108F14000000803F000000000000000000803B478C
:108F24000000000000007A44F304353F0000000014
:108F3400000000000000000000000000000000002D
:108F4400000000000000803F00000000000000005E
:108F540000803B470000000000007A44F304353FE2
:108F640000000000000000000000000000000000FD
:108F740000000000000000000000803F000000002E
:108F840000000000DB0F49BFE4CB1640E4CB16C061
:108F940000000080DB0F4940DB0F49C00000C93FDF
:108FA4000000F0390000DA370000A2330000842EFC
:108FB4000000502B0000C2270000D0220000C41F74
:108FC4000000C61B000044170000DC425CCF0243D3
:108FD4005CCF244300004443492400004D24000096
:108FE4005124000055240000000000003A1C19B36D
:108FF4002F7219B42F0DADB47B2C1AB5BF6071B5A7
:10900400C215AEB51345EDB5B91B1BB6257044B6F4
:10901400949672B667C192B6C492AEB62CB6CCB66C
:10902400D420EDB629E307B74D4C1AB7FEC32DB7CC
:109034008D4142B776BB57B75D276EB707BD82B780
:10904400BED38EB763519BB71A2FA8B79B65B5B72C
:1090540036EDC2B7D5BDD0B7F8CEDEB7BE17EDB783
:10906400E18EFBB75F1505B8A8700CB81FD413B810
:109074006A3A1BB8069E22B847F929B85D4631B84A
:10908400537F38B8129E3FB8669C46B8FE734DB8FD
:109094006D1E54B833955AB8B8D160B855CD66B87A
:1090A40055816CB8F8E671B877F776B806AC7BB83A
:1090B400DAFD7FB815F381B81AAF83B8A12F85B84C
:1090C400557186B8EC7087B8242B88B8CB9C88B8C7
:1090D400BEC288B8E89988B84B1F88B8FB4F87B8D8
:1090E400262986B811A884B81CCA82B8C78C80B84F
:1090F4005CDB7BB81FD575B89C026FB8DF5F67B8BF
:1091040044E95EB8789B55B87C734BB8AB6E40B8F5
:10911400BB8A34B8C3C527B83B1E1AB8FF920BB834
:10912400AF46F8B7E99DD7B7E92BB5B7CEF190B7FD
:1091340030E355B7675C06B7AE5B4DB6D38E0C36DD
:109144001210FA36B7485A373B6B9D370850CF3761
:10915400966401380BE61B38A026373812205338A2
:10916400A4CB6F380E918638E48D95383CD8A4385A
:10917400C36BB438ED43C438F15BD438CFAEE438B4
:109184004F37F53801F80239A3690B39A3ED1339C8
:10919400FD801C39962025393DC92D39AC773639E7
:1091A40087283F3961D84739BB8350390527593956
:1091B4009FBE6139E0466A390EBC7239681A7B3940
:1091C40012AF8139B8C185393AC38939ACB18D3907
:1091D400208B9139A84D953958F7983944869C3994
:1091E40085F89F39384CA3397D7FA6397C90A939FD
:1091F400637DAC396844AF39CAE3B139D359B43962
:10920400D6A4B63934C3B8395AB3BA39C373BC39DE
:10921400FA02BE39995FBF394C88C039CF7BC13956
:10922400F438C2399EBEC239C50BC339791FC3395C
:10923400DDF8C2392E97C239BFF9C139FD1FC139D2
:109244006F09C039B4B5BE398824BD39C155BB399D
:109254005249B9394AFFB639D477B4393AB3B13936
:10926400E4B1AE395574AB3933FBA7394047A4395F
:109274005B59A03986329C39DFD39739A43E9339A0
:1092840032748E3904768939B5458439F8C97D3903
:1092940061AB72398D336739A0665B39F5484F3954
:1092A40023DF4239F52D36396E3A2939C4091C3980
:1092B40062A10E39E20601391E80E638BFA5CA381C
:1092C400EE8AAE38443C92384B8D6B38846E32381B
:1092D400306EF237D3048037B989DD35FABB47B72E
:1092E400C7E5D4B7798222B894005AB8EA6788B837
:1092F4005569A3B8B8F5BDB837FED7B8F673F1B859
:109304000E2405B9F23511B94BE81CB9CC3328B990
:109314003C1133B973793DB9656547B920CE50B96D
:10932400D4AC59B9D4FA61B99BB169B9CECA70B990
:10933400424077B9FE0B7DB9201481B9BE4783B989
:10934400341E85B9FB9486B9B0A987B9105A88B977
:1093540001A488B98E8588B9E8FC87B96E0887B9F5
:10936400A6A685B944D683B9299681B9CBCA7DB955
:10937400718677B9285E70B9345168B93F5F5FB9B7
:109384005E8855B90ACD4AB92A2E3FB90DAD32B916
:10939400724B25B9810B17B9D2EF07B9D8F6EFB8DC
:1093A4008363CEB86B2DABB82F5D86B899F83FB800
:1093B4005F54E0B7FC2BEBB6B6F56037E6A4103883
:1093C40097B56B3849A9A438AAAED43873ED0239DD
:1093D4009C0E1C390BB23539A5CE4F39F25A6A3975
:1093E40093A68239934D9039421D9E394410AC396D
:1093F4001B21BA39254AC839A485D639BACDE439EE
:10940400701CF339DBB5003AB2DA073AA2F90E3A26
:10941400840F163A2D191D3A6A13243A05FB2A3A89
:10942400C5CC313A6E85383AC7213F3A959E453AC4
:10943400A3F84B3ABE2C523ABA37583A73165E3AEE
:10944400CEC5633ABB42693A348A6E3A4399733A59
:10945400006D783A95027D3A9FAB803A25B4823A02
:109464008F99843A9B5A863A13F6873ACD6A893A99
:10947400AFB78A3AABDB8B3AC3D58C3A07A58D3AA2
:1094840099488E3AABBF8E3A82098F3A71258F3A4A
:10949400E2128F3A50D18E3A49608E3A6FBF8D3ABC
:1094A4007AEE8C3A35ED8B3A81BB8A3A5459893A33
:1094B400BAC6873AD603863ADF10843A24EE813A54
:1094C40017387F3A21367A3A8AD7743AA81D6F3A08
:1094D400F909693A2C9E623A1DDC5B3AD2C5543ACA
:1094E400815D4D3A8AA5453A7BA03D3A0A51353A09
:1094F40019BA2C3AB4DE233A0EC21A3A8367113AE7
:1095040096D2073ADC0DFC39B010E83986B5D33968
:109514008104BF390206AA39ABC29439AC867E39BC
:109524002A2253395C6A273959E4F638C0999E389F
:109534002D380C38386713B7F3B155B871FFC2B87A
:109544009E5B0DB980EB38B98D1A64B9F26987B99D
:109554004B819CB9D848B1B922B6C5B9BDBED9B9F9
:109564004758EDB9393C00BA828A09BAF19112BA66
:10957400884D1BBA5AB823BA94CD2BBA748833BA1F
:1095840058E43ABAB6DC41BA276D48BA61914EBA8A
:10959400414554BAC78459BA1E4C5EBA989762BA08
:1095A400B86366BA2AAD69BACF706CBABAAB6EBA90
:1095B4002F5B70BAAE7C71BAEA0D72BAD30C72BA70
:1095C400927771BA914C70BA748A6EBA20306CBAC0
:1095D400BD3C69BAB3AF65BAAD8861BA9BC75CBA22
:1095E400B26C57BA6C7851BA89EB4ABA10C743BA0D
:1095F4004F0C3CBADBBC33BA8FDA2ABA906721BA73
:10960400486617BA68D90CBAE8C301BA0C52ECB967
:109614008718D4B9D1E2BAB9FEB8A0B9A8A385B95C
:10962400D75753B9C8B619B9A7F0BCB87BC606B8A2
:109634002C3AE437C736B838E7F21C3928F55E39D6
:1096440059049139A609B339027DD5399D50F839A9
:109654002ABB0D3ADB6F1F3A063F313A2E21433ABB
:10966400BA0E553AF4FF663A11ED783A1767853A1F
:10967400AE4D8E3A4E26973AF1EC9F3A919DA83A18
:109684002334B13A9FACB93AFE02C23A3E33CA3AE5
:109694006039D23A6F11DA3A81B7E13AB327E93A3D
:1096A400335EF03A3C57F73A1D0FFE3A1941023B3C
:1096B4007A56053BF545083BDC0D0B3B8EAC0D3B68
:1096C4007720103B1268123BEB81143B9C6C163BD9
:1096D400D226183B4BAF193BD9041B3B5F261C3BDE
:1096E400D8121D3B51C91D3BED481E3BE5901E3B66
:1096F4008AA01E3B42771E3B8D141E3B03781D3B04
:1097040052A11C3B46901B3BBF441A3BBBBE183BBB
:109714004FFE163BAD03153B1FCF123B0C61103BB4
:10972400F4B90D3B72DA0A3B3CC3073B2375043B97
:1097340012F1003B1F70FA3A7896F23AA257EA3ACD
:1097440047B6E13A41B5D83A9E57CF3A9FA0C53AB9
:10975400B193BB3A7434B13AB586A63A6E8E9B3A4D
:10976400C54F903A0CCF843A7321723ADF325A3A99
:10977400E8DB413A6026293A601C103A7F90ED39C3
:109784002569BA3949D88639DAE7253973937638A1
:10979400F1AB2BB8AF9913B9B2387CB9864CB2B9D6
:1097A400B245E6B905F80CBAD19926BA3DFC3FBAE0
:1097B400491359BAF4D271BAA41785BA2C0E91BAC6
:1097C40027C79CBAB53CA8BA0469B3BA5546BEBA11
:1097D400FECEC8BA68FDD2BA1BCCDCBAB735E6BA3D
:1097E400FE34EFBAD4C4F7BA3EE0FFBA36C103BBC5
:1097F4005A5307BB4EA40ABBEBB10DBB237A10BB73
:10980400FFFA12BBA83215BB5D1F17BB7FBF18BB85
:1098140089111ABB17141BBBE4C51BBBCB251CBB8E
:10982400CB321CBB03EC1BBBB4501BBB47601ABB45
:10983400451A19BB5E7E17BB678C15BB594413BB15
:1098440058A610BBA9B20DBBBB690ABB23CC06BB8F
:109854009EDA02BB1D2CFDBAFEFEF3BA4430EABA0E
:109864009FC2DFBA0CB9D4BAD916C9BA9BDFBCBA45
:109874003517B0BAD4C1A2BAEEE394BA408286BA1C
:109884009D436FBAC48F50BA0DF430BA147C10BA29
:10989400E267DEB973509AB9DF9729B9F754DFB795
:1098A4006D5EE838303E83390961CD3904310C3AB4
:1098B4003011323A5341583A6BB17E3A99A8923AF0
:1098C4001208A63AC56EB93A3CD4CC3AEE2FE03A27
:1098D4004079F33AC653033B0FD90C3B2248163B5D
:1098E400A29C1F3B33D2283B7DE4313B2ECF3A3B35
:1098F400F88D433B981C4C3BD676543B85985C3B97
:10990400897D643BD4216C3B6F81733B72987A3BB5
:1099140089B1803BCBEE833B3302873BFFE9893B34
:1099240081A48C3B18308F3B328B913B54B4933BD6
:1099340010AA953B0F6B973B0CF6983BD8499A3B82
:1099440059659B3B8C479C3B84EF9C3B6B5C9D3BEC
:10995400868D9D3B2F829D3BDC399D3B1BB49C3BFC
:1099640095F09B3B0FEF9A3B65AF993B9131983B48
:10997400AA75963BDE7B943B7C44923BEBCF8F3BBA
:10998400B11E8D3B6E318A3BE008873BDFA5833BEC
:109994006209803BF068783B9F50703B5ECC673B2C
:1099A400F5DE5E3B5E8B553BC9D44B3B9BBE413BD6
:1099B4006A4C373BFC812C3B4B63213B7EF4153BCB
:1099C400E8390A3B1970FC3A2CE7E33AB0E2CA3AA8
:1099D4009F6CB13A3A8F973A12AA7A3AB091453AC3
:1099E40063EB0F3A699BB339663E0D39B4BC9BB83F
:1099F40053E094B91E8201BA2E9538BAD5906FBA45
:109A0400302E93BA796FAEBAC97FC9BA9D52E4BAFF
:109A14006CDBFEBAD7860CBB746E19BB531E26BB17
:109A2400459032BB28BE3EBBE8A14ABB843556BB39
:109A34000D7361BBAF546CBBAFD476BBB77680BB40
:109A4400B84C85BBADE989BBFA4A8EBB196E92BB93
:109A5400985096BB1CF099BB624A9DBB415DA0BB6C
:109A6400A826A3BBA3A4A5BB5BD5A7BB16B7A9BB5C
:109A74003948ABBB4787ACBBE672ADBBDD09AEBBB7
:109A8400154BAEBB9A35AEBB9EC8ADBB7403ADBB24
:109A940099E5ABBBAC6EAABB749EA8BBE074A6BB35
:109AA40004F2A3BB1F16A1BB95E19DBBF4549ABB62
:109AB400F17096BB6A3692BB66A68DBB14C288BB96
:109AC400CC8A83BB17047CBBF65270BBD00564BB45
:109AD400912057BB72A749BBF69E3BBBEB0B2DBB3A
:109AE4006AF31DBBD35A0EBB998FFCBA7F80DBBAD5
:109AF400B494B9BA11D996BAD8B566BA27501EBA71
:109B0400213BA9B90FB71BB817708439F31D0F3A5D
:109B14009AD65C3AD4A0953A131FBD3A43D5E43A99
:109B24002D59063B89521A3BF74D2E3BA442423B2A
:109B3400A627563B05F4693BBE9E7D3B628F883B5E
:109B44008335923B3BBD9B3B0222A53B555FAE3B1D
:109B5400B970B73BB851C03BE8FDC83BE970D13B95
:109B64006BA6D93B2C9AE13BFE47E93BC7ABF03BE4
:109B740082C1F73B4385FE3B9B79023CD483053C81
:109B84007E5F083CDF0A0B3C4A840D3C27CA0F3C2D
:109B9400EDDA113C29B5133C7C57153C9CC0163CAE
:109BA40054EF173C87E2183C2E99193C5B121A3C7F
:109BB4003A4D1A3C0D491A3C32051A3C2381193C92
:109BC40071BC183CCDB6173CFF6F163CF0E7143C53
:109BD400A31E133C3814113CECC80E3C1B3D0C3C3A
:109BE4003C71093CE565063CCB1B033C7D27FF3BF0
:109BF4005B9DF73B4B9BEF3B9E23E73BE438DE3B0F
:109C0400E4DDD43B9F15CB3B4EE3C03B634AB63BFC
:109C1400864EAB3B95F39F3BA33D943BF630883B8C
:109C24000EA4773BFF4A5E3B7060443B6FEE293BDA
:109C340061FF0E3B003CE73AACAAAF3AECC26E3A85
:109C440076DEF9398B9D20384F79D3B9C4325EBAA8
:109C54001093A9BACD31E4BAD66D0FBB38BB2CBB77
:109C6400CEF349BB390A67BB83F881BB564D90BB21
:109C7400CC7C9EBB1980ACBB6E50BABB01E7C7BBA2
:109C84000D3DD5BBD54BE2BBA70CEFBBE178FBBBCD
:109C9400F9C403BCB09C09BC61400FBCE9AC14BC62
:109CA40031DF19BC35D41EBC008923BCB2FA27BCF1
:109CB40081262CBCB80930BCB9A133BC02EC36BC3B
:109CC40028E639BCDF8D3CBCF7E03EBC5EDD40BC21
:109CD400258142BC79CA43BCAEB744BC394745BCB4
:109CE400B47745BCDF4745BCA0B644BC06C343BCFF
:109CF400456C42BCC0B140BCFE923EBCB50F3CBCFE
:109D0400C52739BC3ADB35BC4E2A32BC66152EBC9D
:109D1400169D29BC1FC224BC72851FBC2CE819BC2B
:109D240099EB13BC36910DBCABDA06BCA293FFBB16
:109D34005BC1F0BBE942E1BB121DD1BBF354C0BB14
:109D440003F0AEBB14F49CBB4D678ABB54A06EBB3E
:109D5400FB6A47BBD53C1FBB9449ECBABF6498BAB5
:109D6400CBD605BABE082039727C583A6DA8C53ADC
:109D74008D0D103B57B83D3B51C16B3B640A8D3B85
:109D8400504FA43B2BA5BB3B8601D33BCA59EA3BAE
:109D94009BD1003C73690C3CEFEE173C7F5C233C89
:109DA4008DAC2E3C76D9393C92DD443C36B34F3CE5
:109DB400B3545A3C5CBC643C86E46E3C8BC7783C30
:109DC400E72F813CDCD3853CE24C8A3C3E988E3CB8
:109DD4003BB3923C309B963C804D9A3C9AC79D3C49
:109DE400FA06A13C2D09A43CCFCBA63C8F4CA93C40
:109DF4002E89AB3C817FAD3C752DAF3C0A91B03CC4
:109E04005CA8B13C9D71B23C1AEBB23C3E13B33C2E
:109E14008DE8B23CAB69B23C5C95B13C826AB03C23
:109E24001FE8AE3C5B0DAD3C7ED9AA3CF54BA83C8B
:109E34005264A53C4B22A23CC1859E3CB88E9A3C00
:109E44005F3D963C0C92913C418D8C3CA82F873C05
:109E5400187A813C25DB763C89166A3C10A95C3C67
:109E6400C8954E3C19E03F3CC68B303CED9C203CF1
:109E74000A18103CE403FE3BB1BFDA3B9C6EB63BD0
:109E84007B1C913BBEAB553B2350073B8D085D3A91
:109E94009C06D3B9D5F3DABAE3E841BB0EC68BBB53
:109EA4004820B7BBF1F0E2BB969207BCBBD41DBC03
:109EB400D23434BC74A84ABCE82461BC2A9F77BC61
:109EC400F30587BCC12F92BC0A479DBCB945A8BC09
:109ED4009625B3BC48E0BDBC556FC8BC26CCD2BCEB
:109EE40006F0DCBC24D4E6BC9671F0BC58C1F9BCC5
:109EF400265E01BDA1AD05BD7ACB09BD03B40DBD80
:109F0400886311BD4BD614BD880818BD75F61ABDFB
:109F1400419C1DBD18F61FBD230022BD87B623BD7D
:109F2400671525BDE81826BD2ABD26BD53FE26BDEE
:109F340088D826BDF14726BDBB4825BD17D723BD0C
:109F44003CEF21BD668D1FBDDAAD1CBDE54C19BDCE
:109F5400DE6615BD25F810BD26FD0BBD587206BD85
:109F6400405400BDE33EF3BC19A1E4BC84C8D4BC96
:109F7400A6AEC3BC254DB1BCC99D9DBC819A88BC0D
:109F8400C67A64BC590135BC8EBD02BC1D499BBB5D
:109F9400F25EADBA89DA143B6519C63BB0DF233CE7
:109FA40093B8673CF64F973CF34EBC3C1DDDE23C56
:109FB4000F7F053DB15A1A3D1203303DB079463D3D
:109FC400EDBF5D3D0CD7753D1B60873D383E943D2C
:109FD4005286A13DD038AF3D0756BD3D3EDECB3D58
:109FE400ACD1DA3D7730EA3DB9FAF93D7730EA3D54
:109FF400ACD1DA3D3EDECB3D0756BD3DD038AF3D5A
:10A004005286A13D383E943D1B60873D0CD7753D7B
:10A01400EDBF5D3DB079463D1203303DB15A1A3D66
:10A024000F7F053D1DDDE23CF34EBC3CF64F973CF3
:10A0340093B8673CB0DF233C6519C63B89DA143B0F
:10A04400F25EADBA1D499BBB8EBD02BC590135BC45
:10A05400C67A64BC819A88BCC99D9DBC254DB1BC9F
:10A06400A6AEC3BC84C8D4BC19A1E4BCE33EF3BC13
:10A07400405400BD587206BD26FD0BBD25F810BD29
:10A08400DE6615BDE54C19BDDAAD1CBD668D1FBD80
:10A094003CEF21BD17D723BDBB4825BDF14726BDE5
:10A0A40088D826BD53FE26BD2ABD26BDE81826BD88
:10A0B400671525BD87B623BD230022BD18F61FBD35
:10A0C400419C1DBD75F61ABD880818BD4BD614BD3C
:10A0D400886311BD03B40DBD7ACB09BDA1AD05BD27
:10A0E400265E01BD58C1F9BC9671F0BC24D4E6BC0F
:10A0F40006F0DCBC26CCD2BC556FC8BC48E0BDBC65
:10A104009625B3BCB945A8BC0A479DBCC12F92BCD7
:10A11400F30587BC2A9F77BCE82461BC74A84ABCB9
:10A12400D23434BCBBD41DBC969207BCF1F0E2BB64
:10A134004820B7BB0EC68BBBE3E841BBD5F3DABA04
:10A144009C06D3B98D085D3A2350073BBEAB553B03
:10A154007B1C913B9C6EB63BB1BFDA3BE403FE3BF8
:10A164000A18103CED9C203CC68B303C19E03F3C67
:10A17400C8954E3C10A95C3C89166A3C25DB763CAC
:10A18400187A813CA82F873C418D8C3C0C92913CE1
:10A194005F3D963CB88E9A3CC1859E3C4B22A23CC6
:10A1A4005264A53CF54BA83C7ED9AA3C5B0DAD3C62
:10A1B4001FE8AE3C826AB03C5C95B13CAB69B23CF2
:10A1C4008DE8B23C3E13B33C1AEBB23C9D71B23CF9
:10A1D4005CA8B13C0A91B03C752DAF3C817FAD3C8D
:10A1E4002E89AB3C8F4CA93CCFCBA63C2D09A43C7B
:10A1F400FA06A13C9AC79D3C804D9A3C309B963C04
:10A204003BB3923C3E988E3CE24C8A3CDCD3853C8A
:10A21400E72F813C8BC7783C86E46E3C5CBC643C95
:10A22400B3545A3C36B34F3C92DD443C76D9393C66
:10A234008DAC2E3C7F5C233CEFEE173C73690C3CE9
:10A244009BD1003CCA59EA3B8601D33B2BA5BB3BBF
:10A25400504FA43B640A8D3B51C16B3B57B83D3B07
:10A264008D0D103B6DA8C53A727C583ABE08203952
:10A27400CBD605BABF6498BA9449ECBAD53C1FBB97
:10A28400FB6A47BB54A06EBB4D678ABB14F49CBBEE
:10A2940003F0AEBBF354C0BB121DD1BBE942E1BB1A
:10A2A4005BC1F0BBA293FFBBABDA06BC36910DBC1D
:10A2B40099EB13BC2CE819BC72851FBC1FC224BCCB
:10A2C400169D29BC66152EBC4E2A32BC3ADB35BC21
:10A2D400C52739BCB50F3CBCFE923EBCC0B140BCE6
:10A2E400456C42BC06C343BCA0B644BCDF4745BC76
:10A2F400B47745BC394745BCAEB744BC79CA43BC06
:10A30400258142BC5EDD40BCF7E03EBCDF8D3CBC39
:10A3140028E639BC02EC36BCB9A133BCB80930BC60
:10A3240081262CBCB2FA27BC008923BC35D41EBCC0
:10A3340031DF19BCE9AC14BC61400FBCB09C09BC52
:10A34400F9C403BCE178FBBBA70CEFBBD54BE2BB64
:10A354000D3DD5BB01E7C7BB6E50BABB1980ACBB82
:10A36400CC7C9EBB564D90BB83F881BB390A67BB3E
:10A37400CEF349BB38BB2CBBD66D0FBBCD31E4BA91
:10A384001093A9BAC4325EBA4F79D3B98B9D2038E1
:10A3940076DEF939ECC26E3AACAAAF3A003CE73A41
:10A3A40061FF0E3B6FEE293B7060443BFF4A5E3B0E
:10A3B4000EA4773BF630883BA33D943B95F39F3B3B
:10A3C400864EAB3B634AB63B4EE3C03B9F15CB3B4B
:10A3D400E4DDD43BE438DE3B9E23E73B4B9BEF3B81
:10A3E4005B9DF73B7D27FF3BCB1B033CE565063CB0
:10A3F4003C71093C1B3D0C3CECC80E3C3814113C30
:10A40400A31E133CF0E7143CFF6F163CCDB6173C7B
:10A4140071BC183C2381193C32051A3C0D491A3C85
:10A424003A4D1A3C5B121A3C2E99193C87E2183CAF
:10A4340054EF173C9CC0163C7C57153C29B5133C83
:10A44400EDDA113C27CA0F3C4A840D3CDF0A0B3C71
:10A454007E5F083CD483053C9B79023C4385FE3BEC
:10A4640082C1F73BC7ABF03BFE47E93B2C9AE13B8B
:10A474006BA6D93BE970D13BE8FDC83BB851C03B62
:10A48400B970B73B555FAE3B0222A53B3BBD9B3B3E
:10A494008335923B628F883BBE9E7D3B05F4693BCE
:10A4A400A627563BA442423BF74D2E3B89521A3B0A
:10A4B4002D59063B43D5E43A131FBD3AD4A0953A2F
:10A4C4009AD65C3AF31D0F3A177084390FB71BB84C
:10A4D400213BA9B927501EBAD8B566BA11D996BA84
:10A4E400B494B9BA7F80DBBA998FFCBAD35A0EBB45
:10A4F4006AF31DBBEB0B2DBBF69E3BBB72A749BB9E
:10A50400912057BBD00564BBF65270BB17047CBBCB
:10A51400CC8A83BB14C288BB66A68DBB6A3692BB49
:10A52400F17096BBF4549ABB95E19DBB1F16A1BB79
:10A5340004F2A3BBE074A6BB749EA8BBAC6EAABB1A
:10A5440099E5ABBB7403ADBB9EC8ADBB9A35AEBB3E
:10A55400154BAEBBDD09AEBBE672ADBB4787ACBBEA
:10A564003948ABBB16B7A9BB5BD5A7BBA3A4A5BB96
:10A57400A826A3BB415DA0BB624A9DBB1CF099BB4E
:10A58400985096BB196E92BBFA4A8EBBADE989BB53
:10A59400B84C85BBB77680BBAFD476BBAF546CBB2D
:10A5A4000D7361BB843556BBE8A14ABB28BE3EBBD4
:10A5B400459032BB531E26BB746E19BBD7860CBBA9
:10A5C4006CDBFEBA9D52E4BAC97FC9BA796FAEBAE0
:10A5D400302E93BAD5906FBA2E9538BA1E8201BA2E
:10A5E40053E094B9B4BC9BB8663E0D39699BB3394A
:10A5F40063EB0F3AB091453A12AA7A3A3A8F973AF6
:10A604009F6CB13AB0E2CA3A2CE7E33A1970FC3ACB
:10A61400E8390A3B7EF4153B4B63213BFC812C3B20
:10A624006A4C373B9BBE413BC9D44B3B5E8B553B8D
:10A63400F5DE5E3B5ECC673B9F50703BF068783B39
:10A644006209803BDFA5833BE008873B6E318A3B90
:10A65400B11E8D3BEBCF8F3B7C44923BDE7B943B26
:10A66400AA75963B9131983B65AF993B0FEF9A3BA6
:10A6740095F09B3B1BB49C3BDC399D3B2F829D3B5F
:10A68400868D9D3B6B5C9D3B84EF9C3B8C479C3B48
:10A6940059659B3BD8499A3B0CF6983B0F6B973B0B
:10A6A40010AA953B54B4933B328B913B18308F3BAB
:10A6B40081A48C3BFFE9893B3302873BCBEE833B90
:10A6C40089B1803B72987A3B6F81733BD4216C3B98
:10A6D400897D643B85985C3BD676543B981C4C3B07
:10A6E400F88D433B2ECF3A3B7DE4313B33D2283BBC
:10A6F400A29C1F3B2248163B0FD90C3BC653033B7D
:10A704004079F33AEE2FE03A3CD4CC3AC56EB93AEC
:10A714001208A63A99A8923A6BB17E3A5341583A34
:10A724003011323A04310C3A0961CD39303E833963
:10A734006D5EE838F754DFB7DF9729B973509AB9DB
:10A74400E267DEB9147C10BA0DF430BAC48F50BA83
:10A754009D436FBA408286BAEEE394BAD4C1A2BADA
:10A764003517B0BA9BDFBCBAD916C9BA0CB9D4BA7A
:10A774009FC2DFBA4430EABAFEFEF3BA1D2CFDBA1A
:10A784009EDA02BB23CC06BBBB690ABBA9B20DBBD4
:10A7940058A610BB594413BB678C15BB5E7E17BB10
:10A7A400451A19BB47601ABBB4501BBB03EC1BBB57
:10A7B400CB321CBBCB251CBBE4C51BBB17141BBB7A
:10A7C40089111ABB7FBF18BB5D1F17BBA83215BB0D
:10A7D400FFFA12BB237A10BBEBB10DBB4EA40ABB2C
:10A7E4005A5307BB36C103BB3EE0FFBAD4C4F7BA21
:10A7F400FE34EFBAB735E6BA1BCCDCBA68FDD2BA80
:10A80400FECEC8BA5546BEBA0469B3BAB53CA8BAB6
:10A8140027C79CBA2C0E91BAA41785BAF4D271BA80
:10A82400491359BA3DFC3FBAD19926BA05F80CBA76
:10A83400B245E6B9864CB2B9B2387CB9AF9913B90E
:10A84400F1AB2BB873937638DAE7253949D88639D2
:10A854002569BA397F90ED39601C103A6026293A8F
:10A86400E8DB413ADF325A3A7321723A0CCF843A28
:10A87400C54F903A6E8E9B3AB586A63A7434B13A77
:10A88400B193BB3A9FA0C53A9E57CF3A41B5D83A47
:10A8940047B6E13AA257EA3A7896F23A1F70FA3A82
:10A8A40012F1003B2375043B3CC3073B72DA0A3BBD
:10A8B400F4B90D3B0C61103B1FCF123BAD03153BAC
:10A8C4004FFE163BBBBE183BBF441A3B46901B3B96
:10A8D40052A11C3B03781D3B8D141E3B42771E3B4B
:10A8E4008AA01E3BE5901E3BED481E3B51C91D3B13
:10A8F400D8121D3B5F261C3BD9041B3B4BAF193BB5
:10A90400D226183B9C6C163BEB81143B1268123B1D
:10A914007720103B8EAC0D3BDC0D0B3BF545083B23
:10A924007A56053B1941023B1D0FFE3A3C57F73A54
:10A93400335EF03AB327E93A81B7E13A6F11DA3A74
:10A944006039D23A3E33CA3AFE02C23A9FACB93AAF
:10A954002334B13A919DA83AF1EC9F3A4E26973AA6
:10A96400AE4D8E3A1767853A11ED783AF4FF663AA0
:10A97400BA0E553A2E21433A063F313ADB6F1F3A5D
:10A984002ABB0D3A9D50F839027DD539A609B33951
:10A994005904913928F55E39E7F21C39C736B838BD
:10A9A4002C3AE4377BC606B8A7F0BCB8C8B619B9C8
:10A9B400D75753B9A8A385B9FEB8A0B9D1E2BAB99B
:10A9C4008718D4B90C52ECB9E8C301BA68D90CBAE7
:10A9D400486617BA906721BA8FDA2ABADBBC33BA51
:10A9E4004F0C3CBA10C743BA89EB4ABA6C7851BAD7
:10A9F400B26C57BA9BC75CBAAD8861BAB3AF65BADB
:10AA0400BD3C69BA20306CBA748A6EBA914C70BA83
:10AA1400927771BAD30C72BAEA0D72BAAE7C71BA7B
:10AA24002F5B70BABAAB6EBACF706CBA2AAD69BA82
:10AA3400B86366BA989762BA1E4C5EBAC78459BAAC
:10AA4400414554BA61914EBA276D48BAB6DC41BA51
:10AA540058E43ABA748833BA94CD2BBA5AB823BAA4
:10AA6400884D1BBAF19112BA828A09BA393C00BAEC
:10AA74004758EDB9BDBED9B922B6C5B9D848B1B9A0
:10AA84004B819CB9F26987B98D1A64B980EB38B9E6
:10AA94009E5B0DB971FFC2B8F3B155B8386713B7EF
:10AAA4002D380C38C0999E3859E4F6385C6A273939
:10AAB4002A225339AC867E39ABC294390206AA39AC
:10AAC4008104BF3986B5D339B010E839DC0DFC39BF
:10AAD40096D2073A8367113A0EC21A3AB4DE233A81
:10AAE40019BA2C3A0A51353A7BA03D3A8AA5453A1F
:10AAF400815D4D3AD2C5543A1DDC5B3A2C9E623AD4
:10AB0400F909693AA81D6F3A8AD7743A21367A3A14
:10AB140017387F3A24EE813ADF10843AD603863A16
:10AB2400BAC6873A5459893A81BB8A3A35ED8B3A89
:10AB34007AEE8C3A6FBF8D3A49608E3A50D18E3A94
:10AB4400E2128F3A71258F3A82098F3AABBF8E3A5F
:10AB540099488E3A07A58D3AC3D58C3AABDB8B3A2C
:10AB6400AFB78A3ACD6A893A13F6873A9B5A863A3E
:10AB74008F99843A25B4823A9FAB803A95027D3A04
:10AB8400006D783A4399733A348A6E3ABB42693A13
:10AB9400CEC5633A73165E3ABA37583ABE2C523A67
:10ABA400A3F84B3A959E453AC7213F3A6E85383A09
:10ABB400C5CC313A05FB2A3A6A13243A2D191D3AB9
:10ABC400840F163AA2F90E3AB2DA073ADBB5003A24
:10ABD400701CF339BACDE439A485D639254AC8396D
:10ABE4001B21BA394410AC39421D9E39934D90391A
:10ABF40093A68239F25A6A39A5CE4F390BB2353948
:10AC04009C0E1C3973ED0239AAAED43849A9A43874
:10AC140097B56B38E6A41038B6F56037FC2BEBB665
:10AC24005F54E0B799F83FB82F5D86B86B2DABB889
:10AC34008363CEB8D8F6EFB8D2EF07B9810B17B952
:10AC4400724B25B90DAD32B92A2E3FB90ACD4AB996
:10AC54005E8855B93F5F5FB9345168B9285E70B9F1
:10AC6400718677B9CBCA7DB9299681B944D683B99F
:10AC7400A6A685B96E0887B9E8FC87B98E8588B918
:10AC840001A488B9105A88B9B0A987B9FB9486B9C8
:10AC9400341E85B9BE4783B9201481B9FE0B7DB932
:10ACA400424077B9CECA70B99BB169B9D4FA61B9D7
:10ACB400D4AC59B920CE50B9656547B973793DB95B
:10ACC4003C1133B9CC3328B94BE81CB9F23511B96E
:10ACD4000E2405B9F673F1B837FED7B8B8F5BDB888
:10ACE4005569A3B8EA6788B894005AB8798222B83B
:10ACF400C7E5D4B7FABB47B7B989DD35D304803784
:10AD0400306EF237846E32384B8D6B38443C923857
:10AD1400EE8AAE38BFA5CA381E80E638E20601398D
:10AD240062A10E39C4091C396E3A2939F52D363918
:10AD340023DF4239F5484F39A0665B398D336739D3
:10AD440061AB7239F8C97D39B545843904768939DE
:10AD540032748E39A43E9339DFD3973986329C39C5
:10AD64005B59A0394047A43933FBA7395574AB3933
:10AD7400E4B1AE393AB3B139D477B4394AFFB6390C
:10AD84005249B939C155BB398824BD39B4B5BE3926
:10AD94006F09C039FD1FC139BFF9C1392E97C239B6
:10ADA400DDF8C239791FC339C50BC3399EBEC23918
:10ADB400F438C239CF7BC1394C88C039995FBF3967
:10ADC400FA02BE39C373BC395AB3BA3934C3B83979
:10ADD400D6A4B639D359B439CAE3B1396844AF39C2
:10ADE400637DAC397C90A9397D7FA639384CA33971
:10ADF40085F89F3944869C3958F79839A84D953978
:10AE0400208B9139ACB18D393AC38939B8C18539B0
:10AE140012AF8139681A7B390EBC7239E0466A393F
:10AE24009FBE613905275939BB83503961D84739E9
:10AE340087283F39AC7736393DC92D3996202539D5
:10AE4400FD801C39A3ED1339A3690B3901F80239CC
:10AE54004F37F538CFAEE438F15BD438ED43C4381E
:10AE6400C36BB4383CD8A438E48D95380E91863839
:10AE7400A4CB6F3812205338A02637380BE61B3882
:10AE8400966401380850CF373B6B9D37B7485A3723
:10AE94001210FA36D38E0C36AE5B4DB6675C06B72D
:10AEA40030E355B7CEF190B7E92BB5B7E99DD7B7E5
:10AEB400AF46F8B7FF920BB83B1E1AB8C3C527B804
:10AEC400BB8A34B8AB6E40B87C734BB8789B55B82A
:10AED40044E95EB8DF5F67B89C026FB81FD575B8E8
:10AEE4005CDB7BB8C78C80B81CCA82B811A884B854
:10AEF400262986B8FB4F87B84B1F88B8E89988B8CD
:10AF0400BEC288B8CB9C88B8242B88B8EC7087B8AC
:10AF1400557186B8A12F85B81AAF83B815F381B8D7
:10AF2400DAFD7FB806AC7BB877F776B8F8E671B887
:10AF340055816CB855CD66B8B8D160B833955AB858
:10AF44006D1E54B8FE734DB8669C46B8129E3FB849
:10AF5400537F38B85D4631B847F929B8069E22B800
:10AF64006A3A1BB81FD413B8A8700CB85F1505B89B
:10AF7400E18EFBB7BE17EDB7F8CEDEB7D5BDD0B7BF
:10AF840036EDC2B79B65B5B71A2FA8B763519BB707
:10AF9400BED38EB707BD82B75D276EB776BB57B7F2
:10AFA4008D4142B7FEC32DB74D4C1AB729E307B7FD
:10AFB400D420EDB62CB6CCB6C492AEB667C192B668
:10AFC400949672B6257044B6B91B1BB61245EDB5FE
:10AFD400C215AEB5BF6071B57A2C1AB52D0DADB4DE
:10AFE4002D7219B4321C19B3009E0529000000000B
:10AFF4003A1C99B625C819B7378867B772D39AB778
:10B00400A0FDC1B7752DE9B7882608B8F4A21BB80E
:10B014006C002FB8103342B8BE2E55B813E767B88A
:10B02400704F7AB8832D86B86AFE8EB8DC9397B8D1
:10B0340033E79FB8C2F1A7B8CFACAFB89D11B7B88A
:10B044006D19BEB881BDC4B823F7CAB8A9BFD0B8BA
:10B054007510D6B8FEE2DAB8D130DFB898F3E2B8AA
:10B064001C25E6B84BBFE8B83ABCEAB82D16ECB8D4
:10B074009AC7ECB82BCBECB8C41BECB88BB4EAB8C9
:10B08400E690E8B882ACE5B85803E2B8B291DDB80E
:10B094002B54D8B8B647D2B8A169CBB89AB7C3B8BD
:10B0A400AF2FBBB857D0B1B86F98A7B841879CB839
:10B0B400879C90B86DD883B823776CB8168E4FB838
:10B0C400D3F830B86DBB10B8E7B5DDB7E0BA96B7C2
:10B0D400AD2719B74721AF33DEF72137743EA437C4
:10B0E4008A60FA3701A529385570573812428338D7
:10B0F400A9689B38E323B438366BCD389C35E738E0
:10B10400CABC003995160E39F9A21B39875C293956
:10B11400993D373956404539AE5E533962926139AB
:10B1240003D56F39F41F7E3938368639C5598D39C0
:10B1340017779439948A9B399390A2395A85A939FF
:10B144002765B0392A2CB7398DD6BD397160C43919
:10B15400F2C5CA392A03D1392F14D7391BF5DC3982
:10B1640009A2E2391817E8396F50ED393E4AF2392D
:10B17400BE00F7393770FB390295FF39C2B5013A81
:10B184001F78033ADE0F053A577B063AEAB8073AC6
:10B1940008C7083A31A4093AF54E0A3AF4C50A3AFE
:10B1A400E3070B3A88130B3ABEE70A3A77830A3A65
:10B1B400B9E5093AA20D093A6AFA073A5EAB063ACA
:10B1C400E81F053A8C57033AE851013A701DFE39DD
:10B1D400A41BF939569EF339ADA5ED390A32E73986
:10B1E4000C44E03991DCD839B8FCD039DDA5C83934
:10B1F4009DD9BF39D699B639A8E8AC3973C8A239F4
:10B20400D93B9839BB458D393CE9813981536C3937
:10B21400D61554393C213B39F67D2139BF340739E1
:10B224009A9DD8389AABA1387A4F5338919CC2373B
:10B23400210394B6E9EE07B807CE7EB87B76BBB897
:10B24400BA0CF8B8F6871AB9C93239B946F957B9F8
:10B2540094CD76B9C9D08AB970339AB97387A9B92C
:10B264006CC5B8B9DCE5C7B934E1D6B9D2AFE5B934
:10B274000A4AF4B9125401BA336108BA88480FBAB9
:10B28400340616BA5A961CBA25F522BAC41E29BA2F
:10B29400700F2FBA6CC334BA09373ABAA4663FBAEE
:10B2A400AC4E44BAA2EB48BA1C3A4DBAC73651BAAE
:10B2B40067DE54BADC2D58BA20225BBA4DB85DBAA9
:10B2C4009DED5FBA6DBF61BA3B2B63BAAC2E64BA15
:10B2D4008DC764BAD4F364BAA0B164BA3DFF63BA4B
:10B2E40025DB62BA024461BAAC385FBA2FB85CBAE3
:10B2F400C9C159BAEE5456BA457152BAAC164EBACF
:10B30400394549BA39FD43BA343F3EBAE80B38BA35
:10B31400506431BAA0492ABA46BD22BAECC01ABA5E
:10B32400785612BA088009BAF83F00BABB31EDB9B1
:10B334000E1BD9B9FF41C4B914ADAEB9436398B972
:10B34400F56B81B9FC9D53B9402923B91716E3B8AD
:10B3540003567BB8D1B831B7843C26383C2CBE3870
:10B3640049641539D4634C3925FF81394B0E9E3914
:10B374008853BA39C2C2D6399B4FF339BDF6073A5E
:10B38400C747163A6994243A0CD6323A0206413A2F
:10B394008F1D4F3AE8155D3A35E86A3A9A8D783A46
:10B3A40099FF823A0D9B893AB615903A266C963AE3
:10B3B400F29A9C3AB39EA23A0C74A83AA817AE3AF1
:10B3C4003B86B33A89BCB83A61B7BD3AA473C23A72
:10B3D40043EEC63A4224CB3ABB12CF3ADEB6D23A57
:10B3E400F30DD63A5D15D93A98CADB3A3E2BDE3ACC
:10B3F4000735E03ACDE5E13A883BE33A5534E43A9F
:10B4040074CEE43A4B08E53A66E0E43A7A55E43A15
:10B414006366E33A2912E23AFF57E03A4237DE3AEA
:10B424007FAFDB3A6EC0D83AF769D53A31ACD13A3E
:10B434006287CD3A02FCC83AB90AC43A5EB4BE3A4D
:10B44400FCF9B83ACFDCB23A445EAC3AFA7FA53A9A
:10B45400C0439E3A99AB963AB7B98E3A7E70863A13
:10B4640000A57B3A03C5693AE846573AF030443AB6
:10B47400B789303A2F581C3AA5A3073A72E7E43942
:10B48400B7A0B9399E838D3982424139462DCC38D3
:10B494008B811A372CC7A7B8E26532B9A9DB88B902
:10B4A400C7D7B8B9B512E9B9BDBB0CBA66F824BAA6
:10B4B40083343DBA236555BA347F6DBAC5BB82BAAD
:10B4C40073A18EBAFA6A9ABAAD12A6BAD992B1BA6F
:10B4D400CFE5BCBADC05C8BA58EDD2BA9E96DDBA3F
:10B4E40014FCE7BA2F18F2BA71E5FBBA37AF02BB06
:10B4F400EA3E07BB309F0BBB79CD0FBB41C713BBE3
:10B50400148A17BB91131BBB67611EBB5B7121BB04
:10B51400454124BB16CF26BBD41829BB9F1C2BBB8B
:10B52400B0D82CBB5C4B2EBB15732FBB674E30BB06
:10B53400FFDB30BBA81A31BB4D0931BBFCA630BBC5
:10B54400E2F22FBB4FEC2EBBB9922DBBB7E52BBB60
:10B5540005E529BB869027BB42E824BB65EC21BBEB
:10B56400459D1EBB5CFB1ABB4B0717BBDEC112BB60
:10B57400032C0EBBD24609BB8C1304BB2C27FDBA8B
:10B58400FB90F1BAEE67E5BABAAFD8BA606CCBBA41
:10B594002DA2BDBAB755AFBADF8BA0BACA4991BACA
:10B5A400E79481BACBE562BA75D341BA33FF1FBAC7
:10B5B400D4EBFAB9F389B4B9CBE859B9AF1E91B851
:10B5C400947B953862C25F395E20BB39727E033A40
:10B5D40048AB293A5006503AE07E763A09828E3AD0
:10B5E40064C2A13AD8F7B43AAB19C83A0F1FDB3A90
:10B5F4002BFFED3A8F58003BFE95093B70B3123B8D
:10B6040071AC1B3B937C243B6A1F2D3B9590353BCF
:10B61400BBCB3D3B90CC453BD48E4D3B590E553B6B
:10B6240002475C3BC634633BB3D3693BEE1F703BBC
:10B63400B815763B6BB17B3BC277803B4EE6823BD1
:10B64400B722853B6F2B873BF8FE883BE99B8A3BFF
:10B65400ED008C3BC62C8D3B4A1E8E3B67D48E3B43
:10B66400224E8F3B9C8A8F3B09898F3BBD488F3B81
:10B6740021C98E3BBC098E3B310A8D3B3BCA8B3BB7
:10B68400B5498A3B9688883BF186863BF544843BE2
:10B69400F2C2813BA7027E3B4401783B0B83713BA2
:10B6A40086896A3B7B16633BED2B5B3B18CC523B94
:10B6B40074F9493BB4B6403BC406373BC9EC2C3B58
:10B6C400216C223B6188173B54450C3BFBA6003B95
:10B6D4001663E93AD6D2D03A65A6B73A56E79D3A08
:10B6E400929F833AC0B2513AAE3E1B3A8AF1C739AF
:10B6F400C0DD2F3922E54AB8F6C18BB90B11FFB969
:10B70400778C39BAEAD373BACB2297BAEF63B4BA57
:10B714006AA0D1BA27CBEEBA7AEB05BB455B14BB62
:10B724004AAE22BBD7DD30BB3BE33EBBC4B74CBB08
:10B73400C4545ABB97B367BB9FCD74BB27CE80BBA1
:10B74400920C87BBDC1E8DBBDB0193BB70B298BB34
:10B754008C2D9EBB3270A3BB7177A8BB7040ADBB70
:10B7640068C8B1BBA70CB6BB940ABABBAEBFBDBB1D
:10B774008F29C1BBE945C4BB9012C7BB708DC9BB3F
:10B7840099B4CBBB3986CDBBA100CFBB4222D0BB81
:10B79400B3E9D0BBB055D1BB1965D1BBF516D1BB4C
:10B7A400736AD0BBE95ECFBBD6F3CDBBE428CCBB78
:10B7B400E5FDC9BBD672C7BBDF87C4BB543DC1BB63
:10B7C400B593BDBBAB8BB9BB0D26B5BBDF63B0BBBB
:10B7D4004E46ABBBB6CEA5BB9DFE9FBBB4D799BBB3
:10B7E400D95B93BB138D8CBB946D85BB6DFF7BBB09
:10B7F400028C6CBB3E865CBBCCF34BBBA0DA3ABB81
:10B80400FC4029BB6C2D17BBC1A604BB2568E3BA59
:10B8140070B9BCBA965095BA837A5ABA231F09BA3A
:10B824008CC05AB99D84E538B0C0E139CCBB453AE7
:10B83400768F8D3A8F72B83A9D74E33A6A41073B2A
:10B8440017C51C3BBE3B323BB49B473B41DB5C3BD7
:10B85400A1F0713B0669833BDCBA8D3BEEE8973B74
:10B864005EEEA13B50C6AB3BF46BB53B81DABE3B0D
:10B874003D0DC83B7BFFD03BA1ACD93B2610E23B3E
:10B884009825EA3B9DE8F13BF354F93B3B33003CFC
:10B89400908C033C85B4063C37A9093CD7680C3C22
:10B8A400A9F10E3C0242113C5058133C1433153C90
:10B8B400E8D0163C7C30183C9A50193C23301A3C92
:10B8C40015CE1A3C85291B3CA6411B3CC7151B3CC5
:10B8D40052A51A3CD0EF193CE5F4183C55B4173C7A
:10B8E400032E163CED61143C3550123C19F90F3C03
:10B8F400F85C0D3C4F7C0A3CBB57073CFBEF033C18
:10B90400EB45003C11B5F83BDD5DF03BB288E73B0D
:10B914004438DE3B856FD43BA531CA3B0E82BF3B26
:10B924006664B43B8CDCA83B98EE9C3BDA9E903B6F
:10B93400D7F1833B93D86D3B3D26533BE7D6373B4A
:10B944002EF51B3B0D18FF3A7B4DC53AE7A18A3A09
:10B95400585A1E3ACE3D1839D6D5A6B9CFE14DBABC
:10B96400AC90A4BA657AE2BAAC4910BB37602FBB7D
:10B9740024734EBBA5746DBB682B86BBD48595BB65
:10B9840090C2A4BB94DAB3BBD4C6C2BB4880D1BBBB
:10B99400EEFFDFBBCB3EEEBBF135FCBB40EF04BC9E
:10B9A400D4980BBC5A1412BC825E18BC09741EBC19
:10B9B400BC5124BC7AF429BC34592FBCED7C34BC72
:10B9C400C25C39BCE2F53DBC974542BC464946BC25
:10B9D4006DFE49BCA7624DBCB07350BC5F2F53BC15
:10B9E400AE9355BCB99E57BCBD4E59BC1EA25ABCA1
:10B9F40061975BBC362D5CBC70625CBC0C365CBC75
:10BA04002EA75BBC25B55ABC6B5F59BCA2A557BC1D
:10BA14009A8755BC4D0553BCE31E50BCAFD44CBCF7
:10BA2400332749BC1C1745BC46A540BCB9D23BBC16
:10BA3400AAA036BC7E1031BCC3232BBC37DC24BC8B
:10BA4400C33B1EBC7C4417BCA3F80FBCA35A08BC60
:10BA5400116D00BC5C65F0BBC15CDFBB72C6CDBBC5
:10BA6400DBA8BBBBB50AA9BB01F395BB0A6982BBC2
:10BA7400B4E85CBB843934BB9ED40ABB2895C1BAF4
:10BA8400B0B158BA57B930B96C18023AE6EC983AE2
:10BA9400D265F13AA628253B88C4513B31737E3BDD
:10BAA4008490953B22DDAB3B7B15C23B872FD83B73
:10BAB4003221EE3B32F0013C7FB10C3C724F173C1B
:10BAC40001C5213C270D2C3CE522363C4801403C75
:10BAD40067A3493C6A04533C871F5C3C08F0643C00
:10BAE4004C716D3CCA9E753C11747D3C6776823CFA
:10BAF4006502863CF75B893C24818C3C03708F3C57
:10BB0400C026923C9AA3943CE5E4963C0CE9983C0C
:10BB140091AE9A3C0C349C3C2F789D3CC6799E3C5B
:10BB2400B6379F3C00B19F3CBFE49F3C2CD29F3C66
:10BB34009D789F3C84D79E3C73EE9D3C1ABD9C3CF3
:10BB440046439B3CE580993C0676973CD622953C3F
:10BB5400A287923CDAA48F3C0B7B8C3CE60A893C9E
:10BB64003A55853CF95A813C673A7A3C363A713CFD
:10BB740004B8673CB5B65D3C6B39533C8843483CDC
:10BB8400ABD83C3CB1FC303CB1B3243CFE01183C86
:10BB940022EC0A3CC4EDFA3B6D4EDF3B9C04C33BF4
:10BBA400141BA63BF99C883B9E2B553BE622183B75
:10BBB4006370B43A6824DC398A790FBACEACC7BA58
:10BBC400C24824BB3B1A65BB931793BBB6B5B3BB42
:10BBD4005159D4BB01F4F4BBA3BB0ABC3EEA1ABC62
:10BBE40078FE2ABCEDF03ABC35BA4ABCE3525ABCE2
:10BBF40090B369BCD4D478BCAAD783BCDE1D8BBCFB
:10BC0400633992BCA12699BC07E29FBC1368A6BC09
:10BC14004FB5ACBC54C6B2BCCD97B8BC7826BEBC3C
:10BC2400246FC3BCBA6EC8BC3722CDBCB286D1BCAB
:10BC34005C99D5BC8357D9BC91BEDCBC0FCCDFBCAE
:10BC4400A57DE2BC1FD1E4BC6AC4E6BC9755E8BC40
:10BC5400DC82E9BC974AEABC4CABEABCA8A3EABCC8
:10BC64008232EABCDA56E9BCDF0FE8BCE85CE6BC29
:10BC74007C3DE4BC4EB1E1BC42B8DEBC6752DBBCE7
:10BC8400FF7FD7BC7B41D3BC7A97CEBCCF82C9BCE3
:10BC94007C04C4BCB31DBEBCD9CFB7BC821CB1BC30
:10BCA4007405AABCA48CA2BC3AB49ABC8B7E92BC88
:10BCB4001DEE89BCA50581BC0C906FBCA2705CBC58
:10BCC40088B348BC915F34BCE87B1FBC0B100ABC32
:10BCD4009747E8BB937EBBBBE7D58DBB06BE3EBB97
:10BCE400A8AFC0BA2C4F1EB7D190C03A3835423BEA
:10BCF4000B80923B0C40C43BC345F63BF83D143CDF
:10BD04007D662D3C7C91463CDBB35F3C5EC2783C57
:10BD1400D8D8883C303B953C7682A13CE1A8AD3C28
:10BD2400A4A8B93CEC7BC53CEA1CD13CCD85DC3CE9
:10BD3400CAB0E73C1D98F23C0B36FD3C72C2033D91
:10BD440084BF083D738F0D3D802F123DF89C163D36
:10BD540033D51A3D97D51E3D999B223DBC24263DE3
:10BD6400976E293DD1762C3D243B2F3D61B9313D61
:10BD74006FEF333D48DB353D037B373DCCCC383D5D
:10BD8400EECE393DCC7F3A3DE5DD3A3DD7E73A3D4D
:10BD9400609C3A3D59FA393DBF00393DAEAE373D5E
:10BDA4006503363D46FE333DD49E313DBAE42E3D17
:10BDB400C5CF2B3DE75F283D3B95243D0070203DDA
:10BDC4009DF01B3DA117173DC0E5113DDA5B0C3D0D
:10BDD400F57A063D4044003D2672F33CDFB5E53C70
:10BDE400FD56D73C2659C83C51C0B83CC790A83C26
:10BDF40022CF973C4C80863C0153693C92A0443C42
:10BE0400FDF41E3C1EB9F03B5AC8A13B5465223BCD
:10BE1400D6CFEBB79AEB28BBE94CA9BBA951FFBB22
:10BE2400C2312BBC713057BCCCC981BCB92498BC7D
:10BE3400DD9FAEBCE131C5BC33D1DBBC0C74F2BCBC
:10BE4400398804BD1FCE0FBD8C061BBD402C26BDFA
:10BE5400E53931BD162A3CBD5AF746BD2A9C51BD71
:10BE6400F1125CBD0D5666BDD45F70BD8F2A7ABDDC
:10BE740042D881BDF87586BD87EB8ABD0C368FBD6F
:10BE8400A25293BD663E97BD77F69ABDF6779EBDE6
:10BE940007C0A1BDD3CBA4BD8998A7BD5B23AABD10
:10BEA4008669ACBD4C68AEBDFA1CB0BDE584B1BDBD
:10BEB4006E9DB2BD0164B3BD16D6B3BD32F1B3BD40
:10BEC400EBB2B3BDE118B3BDC820B2BD64C8B0BD08
:10BED400870DAFBD1AEEACBD1668AABD8979A7BDA2
:10BEE4009420A4BD6E5BA0BD64289CBDDB8597BD7A
:10BEF4004B7292BD48EC8CBD7CF286BDAB8380BD99
:10BF0400653D73BD118564BD7DDC54BD034244BDF4
:10BF140033B432BDD13120BDDFB90CBD2697F0BC9E
:10BF2400BDCCC5BCDA1399BC8FD854BC1659E7BB39
:10BF340056516ABAEE76B43BD2F1463CE3BC9B3C24
:10BF440015E7D53C3BFA083DC3F0273D26D5473DD0
:10BF54002DA5683D332F853D137F963DC340A83DF5
:10BF6400B372BA3D3713CD3D8620E03DBE98F33D14
:10BF7400EFBC033EE6E00D3E2A37183E93BE223E58
:10BF8400EF752D3EFB5B383E6C6F433EEAAE4E3E92
:10BF940011195A3E71AC653E9267713EEF487D3E81
:10BFA4007DA7843E0EBC8A3E5AE1903E8B16973E96
:10BFB400C95A9D3E37ADA33EF30CAA3E1A79B03E52
:10BFC400C4F0B63E0673BD3EF3FEC33E9A93CA3E2A
:10BFD4000A30D13E4DD3D73E6E7CDE3E742AE53E18
:10BFE40067DCEB3E4C91F23E2848F93E0000003FEE
:10BFF400EC5B033F5AB7063FCD110A3FC66A0D3FBB
:10C00400C9C1103F5916143FFB67173F33B61A3F97
:10C0140086001E3F7D46213F9E87243F73C3273FF2
:10C0240086F92A3F65292E3F9B52313FBA74343F2B
:10C03400538F373FF9A13A3F41AC3D3FC4AD403F38
:10C044001BA6433FE494463FBC79493F45544C3FCB
:10C0540025244F3F01E9513F84A2543F5B50573F91
:10C0640036F2593FC6875C3FC4105F3FE88C613F9E
:10C07400EFFB633F995D663FAAB1683FE8F76A3F0B
:10C084001E306D3F1A5A6F3FAD75713FAE82733FDC
:10C09400F480753F5C70773FC750793F19227B3F2E
:10C0A40039E47C3F12977E3F4A1D803F59E7803F29
:10C0B400B1A9813F4F64823F3317833F5DC2833F01
:10C0C400CF65843F8F01853FA295853F1022863F2F
:10C0D400E4A6863F2824873FEB99873F3B08883FA7
:10C0E400286F883FC5CE883F2527893F5E78893FE2
:10C0F40086C2893FB7058A3F09428A3F99778A3FBA
:10C1040081A68A3FE2CE8A3FD8F08A3F860C8B3FD5
:10C114000D228B3F8E318B3F2F3B8B3F133F8B3F49
:10C12400613D8B3F40368B3FD7298B3F4E188B3F69
:10C13400D0018B3F85E68A3F98C68A3F36A28A3F64
:10C1440089798A3FBD4C8A3F001C8A3F7FE7893F3B
:10C1540067AF893FE673893F2A35893F61F3883F9A
:10C16400B8AE883F6067883F841D883F54D1873FBD
:10C17400FF82873FB032873F98E0863FE18C863F5D
:10C18400BB37863F51E1853FCF89853F6231853F8B
:10C1940034D8843F717E843F4224843FD0C9833F96
:10C1A400456F833FC814833F7FBA823F9360823FC9
:10C1B4002707823F61AE813F6356813F52FF803F34
:10C1C4004DA9803F7654803FEC00803F9B5D7F3FCC
:10C1D4006FBC7E3F8E1E7E3F2C847D3F7EED7C3F78
:10C1E400B45A7C3FFECB7B3F87417B3F7ABB7A3F8F
:10C1F400FD397A3F37BD793F4845793F51D2783F81
:10C204006F64783FBCFB773F5198773F423A773F62
:10C21400A4E1763F868E763FF640763F00F9753F7F
:10C22400ACB6753F027A753F0443753FB411753F50
:10C2340013E6743F1CC0743FCA9F743F1585743F56
:10C24400F46F743F5A60743F3A56743F8351743F9D
:10C254002252743F0358743F1163743F3373743F25
:10C264005088743F4CA2743F09C1743F6AE4743F20
:10C274004E0C753F9338753F1769753FB49D753FF4
:10C2840046D6753FA712763FAD52763F3196763F3C
:10C2940008DD763F0927773F0874773FD9C3773F96
:10C2A4005016783F3F6B783F7AC2783FD21B793F74
:10C2B4001977793F21D4793FBB327A3FB9927A3FDB
:10C2C400ECF37A3F27567B3F39B97B3FF71C7C3F21
:10C2D40031817C3FBAE57C3F664A7D3F08AF7D3FB4
:10C2E40074137E3F80777E3F00DB7E3FCB3D7F3FF4
:10C2F400B89F7F3F4F00803F2C30803F5F5F803F7F
:10C30400D68D803F7FBB803F48E8803F2014813F2B
:10C31400F83E813FBF68813F6791813FE1B8813F2B
:10C3240020DF813F1704823FB827823FFA49823FCA
:10C33400D16A823F338A823F16A8823F72C4823F09
:10C344003FDF823F77F8823F1210833F0B26833F03
:10C354005E3A833F064D833F005E833F4A6D833FD1
:10C36400E17A833FC586833FF690833F7499833F88
:10C374003FA0833F5BA5833FCAA8833F8FAA833F27
:10C38400ADAA833F2AA9833F0BA6833F56A1833FCF
:10C39400129B833F4593833FF789833F307F833FDD
:10C3A400FA72833F5E65833F6556833F1B46833F36
:10C3B4008934833FBB21833FBD0D833F9AF8823F7D
:10C3C4005FE2823F19CB823FD5B2823FA099823F80
:10C3D400887F823F9B64823FE648823F772C823F7E
:10C3E4005F0F823FAAF1813F67D3813FA6B4813FAB
:10C3F4007495813FE275813FFD55813FD435813F7E
:10C404007715813FF4F4803F59D4803FB6B3803F21
:10C414001893803F8D72803F2452803FEB31803FE0
:10C42400EF11803F7BE47F3FC8A57F3FDD677F3FFF
:10C43400D42A7F3FC6EE7E3FCAB37E3FF7797E3F64
:10C4440063417E3F240A7E3F4FD47D3FF89F7D3F6A
:10C45400316D7D3F0D3C7D3F9D0C7D3FF2DE7C3F89
:10C464001AB37C3F25897C3F20617C3F173B7C3F8E
:10C4740016177C3F28F57B3F56D57B3FA9B77B3FFA
:10C48400289C7B3FD9827B3FC36B7B3FE9567B3F34
:10C4940050447B3FF9337B3FE6257B3F171A7B3FB4
:10C4A4008C107B3F44097B3F3B047B3F6F017B3F08
:10C4B400DA007B3F78027B3F42067B3F320C7B3FB6
:10C4C4003F147B3F601E7B3F8B2A7B3FB8387B3F0A
:10C4D400D9487B3FE35A7B3FCA6E7B3F80847B3FD6
:10C4E400F79B7B3F20B57B3FEDCF7B3F4DEC7B3F04
:10C4F400300A7C3F85297C3F3B4A7C3F406C7C3F33
:10C50400828F7C3FEEB37C3F72D97C3FFBFF7C3F44
:10C5140074277D3FCB4F7D3FEC787D3FC2A27D3FAA
:10C524003ACD7D3F3FF87D3FBE237E3FA14F7E3F06
:10C53400D57B7E3F46A87E3FDFD47E3F8D017F3F83
:10C544003B2E7F3FD75A7F3F4D877F3F8AB37F3F44
:10C554007ADF7F3F8605803F161B803F6530803F32
:10C564006A45803F1D5A803F746E803F6982803FD8
:10C57400F395803F0BA9803FA9BB803FC6CD803F88
:10C584005DDF803F65F0803FDA00813FB510813F79
:10C59400F11F813F892E813F773C813FB849813F1C
:10C5A4004856813F2162813F416D813FA577813F9C
:10C5B4004B81813F2E8A813F4E92813FA999813FD1
:10C5C4003EA0813F0BA6813F0FAB813F4BAF813F24
:10C5D400BFB2813F6AB5813F4EB7813F6CB8813F9E
:10C5E400C5B8813F5AB8813F2FB7813F44B5813FD9
:10C5F4009DB2813F3DAF813F27AB813F5FA6813F25
:10C60400E7A0813FC59A813FFD93813F938C813F91
:10C614008B84813FEC7B813FBA72813FFA68813F12
:10C62400B25E813FE953813FA348813FE83C813FAB
:10C63400BD30813F2924813F3217813FDE09813F8C
:10C6440036FC803F3FEE803F00E0803F80D1803F5A
:10C65400C7C2803FDBB3803FC3A4803F8695803F41
:10C664002B86803FBA76803F3A67803FB057803F41
:10C674002548803F9F38803F2429803FBC19803F54
:10C684006D0A803F7CF67F3F69D87F3FAFBA7F3F1A
:10C69400599D7F3F74807F3F0B647F3F29487F3FD4
:10C6A400DA2C7F3F27127F3F1CF87E3FC2DE7E3F9D
:10C6B40023C67E3F47AE7E3F37977E3FFC807E3F5A
:10C6C4009D6B7E3F21577E3F8F437E3FEF307E3F01
:10C6D400441F7E3F960E7E3FE8FE7D3F40F07D3F47
:10C6E400A1E27D3F0FD67D3F8CCA7D3F1CC07D3FBC
:10C6F400BFB67D3F78AE7D3F48A77D3F2FA17D3FEC
:10C704002C9C7D3F41987D3F6B957D3FA9937D3F58
:10C71400F9927D3F5A937D3FC8947D3F3F977D3F7B
:10C72400BE9A7D3F3E9F7D3FBCA47D3F34AB7D3FA1
:10C734009FB27D3FF8BA7D3F39C47D3F5DCE7D3FDA
:10C744005BD97D3F2EE57D3FCEF17D3F33FF7D3FBD
:10C75400560D7E3F2F1C7E3FB52B7E3FE03B7E3F38
:10C76400A74C7E3F015E7E3FE66F7E3F4B827E3F5D
:10C7740028957E3F73A87E3F23BC7E3F2ED07E3F0C
:10C784008AE47E3F2EF97E3F0F0E7F3F25237F3FB5
:10C7940064387F3FC44D7F3F3B637F3FBF787F3F1B
:10C7A400468E7F3FC7A37F3F38B97F3F91CE7F3FFF
:10C7B400C8E37F3FD4F87F3FD606803F2411803FF3
:10C7C4004F1B803F5425803F2E2F803FDA38803F17
:10C7D4005342803F974B803FA154803F6D5D803F23
:10C7E400FA65803F436E803F4676803F007E803FFF
:10C7F4006E85803F8D8C803F5C93803FD899803FCD
:10C80400FF9F803FCFA5803F46AB803F64B0803F11
:10C8140026B5803F8CB9803F94BD803F3DC1803FA9
:10C8240088C4803F73C7803FFEC9803F29CC803FC6
:10C83400F4CD803F5FCF803F6AD0803F17D1803FE7
:10C8440065D1803F56D1803FEAD0803F22D0803FDF
:10C8540001CF803F86CD803FB5CB803F8DC9803FDF
:10C8640013C7803F46C4803F2AC1803FC0BD803F7C
:10C874000BBA803F0DB6803FC8B1803F40AD803FCA
:10C8840077A8803F70A3803F2E9E803FB298803F60
:10C894000293803F1F8D803F0D87803FCE80803F75
:10C8A400677A803FDA73803F2A6D803F5C66803F01
:10C8B400725F803F6F58803F5751803F2E4A803FC0
:10C8C400F642803FB33B803F6834803F192D803F60
:10C8D400C925803F7A1E803F3217803FF10F803F89
:10C8E400BC08803F9601803F02F57F3F02E77F3F0F
:10C8F40030D97F3F93CB7F3F30BE7F3F0CB17F3F2A
:10C904002DA47F3F97977F3F4E8B7F3F597F7F3F7B
:10C91400BB737F3F78687F3F945D7F3F13537F3FB6
:10C92400F9487F3F493F7F3F07367F3F342D7F3FA4
:10C93400D4247F3FEA1C7F3F76157F3F7D0E7F3FE7
:10C94400FF077F3FFD017F3F7AFC7E3F76F77E3F06
:10C95400F2F27E3FEFEE7E3F6DEB7E3F6CE87E3F72
:10C96400ECE57E3FEDE37E3F6EE27E3F6FE17E3F8E
:10C97400EEE07E3FEBE07E3F64E17E3F57E27E3FA8
:10C98400C3E37E3FA6E57E3FFEE77E3FC8EA7E3FE7
:10C9940002EE7E3FA9F17E3FBBF57E3F33FA7E3F38
:10C9A40010FF7E3F4F047F3FEA097F3FE00F7F3F48
:10C9B4002C167F3FCB1C7F3FB9237F3FF22A7F3F5A
:10C9C40071327F3F333A7F3F34427F3F6F4A7F3F2C
:10C9D400E1527F3F835B7F3F54647F3F4D6D7F3FD8
:10C9E4006A767F3FA77F7F3F00897F3F70927F3FBA
:10C9F400F39B7F3F84A57F3F1FAF7F3FBFB87F3F3F
:10CA040060C27F3FFECB7F3F95D57F3F20DF7F3FD6
:10CA14009CE87F3F04F27F3F54FB7F3F4402803F0A
:10CA2400CF06803F490B803FAF0F803F0014803F0B
:10CA34003A18803F5D1C803F6520803F5224803F30
:10CA44002328803FD52B803F692F803FDB32803FF6
:10CA54002C36803F5A39803F643C803F4A3F803FB8
:10CA64000A42803FA344803F1647803F6149803F8C
:10CA7400844B803F7E4D803F4F4F803FF650803F38
:10CA84007452803FC853803FF354803FF355803F36
:10CA9400C956803F7657803FF957803F5358803FAF
:10CAA4008558803F8D58803F6E58803F2758803F7F
:10CAB400BA57803F2657803F6C56803F8E55803F43
:10CAC4008C54803F6853803F2152803FB950803F4F
:10CAD400314F803F8A4D803FC54B803FE449803FC2
:10CAE400E747803FD045803F9F43803F5841803F88
:10CAF400F93E803F863C803FFF39803F6637803F68
:10CB0400BB34803F0132803F392F803F652C803F0A
:10CB14008529803F9B26803FA823803FAF20803F0C
:10CB2400B01D803FAD1A803FA717803F9F14803F00
:10CB34009811803F910E803F8D0B803F8E08803F7F
:10CB44009305803F9F02803F65FF7F3F9FF97F3FB2
:10CB5400ECF37F3F50EE7F3FCCE87F3F63E37F3FC2
:10CB640017DE7F3FEAD87F3FDED37F3FF4CE7F3F9F
:10CB74002ECA7F3F8FC57F3F17C17F3FC8BC7F3F11
:10CB8400A3B87F3FAAB47F3FDEB07F3F40AD7F3F75
:10CB9400D1A97F3F92A67F3F83A37F3FA6A07F3F7B
:10CBA400FB9D7F3F829B7F3F3C997F3F2A977F3F3E
:10CBB4004B957F3FA0937F3F28927F3FE4907F3F38
:10CBC400D48F7F3FF78E7F3F4D8E7F3FD58D7F3F44
:10CBD400908D7F3F7C8D7F3F998D7F3FE68D7F3F9A
:10CBE400628E7F3F0D8F7F3FE58F7F3FEA907F3FCF
:10CBF4001B927F3F75937F3FF9947F3FA5967F3FBC
:10CC040077987F3F6E9A7F3F899C7F3FC69E7F3F88
:10CC140024A17F3FA2A37F3F3DA67F3FF4A87F3F8F
:10CC2400C6AB7F3FB1AE7F3FB3B17F3FCAB47F3F56
:10CC3400F5B77F3F32BB7F3F80BE7F3FDDC17F3F83
:10CC440046C57F3FBBC87F3F39CC7F3FBECF7F3FC8
:10CC54004AD37F3FDBD67F3F6EDA7F3F02DE7F3FE2
:10CC640096E17F3F28E57F3FB6E87F3F3EEC7F3F7C
:10CC7400C0EF7F3F3AF37F3FAAF67F3F0FFA7F3F33
:10CC840067FD7F3F5900803FF701803F8C03803F61
:10CC94001905803F9D06803F1708803F8609803F25
:10CCA400EB0A803F440C803F920D803FD30E803FBF
:10CCB4000810803F3011803F4B12803F5813803F53
:10CCC4005814803F4915803F2D16803F0117803F3F
:10CCD400C817803F8018803F2919803FC319803FBF
:10CCE4004E1A803FCB1A803F381B803F971B803FF2
:10CCF400E71B803F281C803F5B1C803F801C803FDB
:10CD0400961C803F9E1C803F991C803F861C803F60
:10CD1400651C803F381C803FFE1B803FB71B803F53
:10CD2400641B803F061B803F9C1A803F271A803F6C
:10CD3400A719803F1D19803F8A18803FED17803F57
:10CD44004717803F9816803FE215803F2415803FA7
:10CD54005F14803F9313803FC112803FE911803FED
:10CD64000C11803F2B10803F450F803F5B0E803FAE
:10CD74006E0D803F7E0C803F8C0B803F980A803F75
:10CD8400A309803FAD08803FB607803FC006803FBF
:10CD9400CA05803FD404803FE003803FEE02803F19
:10CDA400FE01803F1001803F2500803F7BFE7F3FD6
:10CDB400B3FC7F3FF3FA7F3F3BF97F3F8DF77F3F23
:10CDC400E8F57F3F4EF47F3FBFF27F3F3BF17F3F6B
:10CDD400C3EF7F3F57EE7F3FF9EC7F3FA7EB7F3FE9
:10CDE40063EA7F3F2DE97F3F05E87F3FEBE67F3F26
:10CDF400E0E57F3FE4E47F3FF7E37F3F1AE37F3FD3
:10CE04004BE27F3F8CE17F3FDDE07F3F3CE07F3FB3
:10CE1400ACDF7F3F2ADF7F3FB8DE7F3F55DE7F3FB9
:10CE240001DE7F3FBDDD7F3F87DD7F3F5FDD7F3FED
:10CE340046DD7F3F3BDD7F3F3EDD7F3F4FDD7F3F74
:10CE44006CDD7F3F97DD7F3FCEDD7F3F12DE7F3F8E
:10CE540061DE7F3FBCDE7F3F22DF7F3F93DF7F3F8A
:10CE64000DE07F3F92E07F3F20E17F3FB7E17F3FCE
:10CE740056E27F3FFDE27F3FACE37F3F61E47F3FCB
:10CE84001DE57F3FE0E57F3FA7E67F3F74E77F3FF7
:10CE940045E87F3F1AE97F3FF3E97F3FCFEA7F3FD1
:10CEA400AEEB7F3F8FEC7F3F71ED7F3F55EE7F3FD1
:10CEB40039EF7F3F1EF07F3F03F17F3FE7F17F3F74
:10CEC400CAF27F3FACF37F3F8CF47F3F6AF57F3F2C
:10CED40046F67F3F1FF77F3FF4F77F3FC6F87F3F5B
:10CEE40095F97F3F5FFA7F3F25FB7F3FE6FB7F3F5E
:10CEF400A2FC7F3F59FD7F3F0BFE7F3FB8FE7F3F83
:10CF04005EFF7F3FFFFF7F3F4D00803F9700803FE4
:10CF1400DE00803F2101803F6201803F9F01803F0E
:10CF2400D901803F0F02803F4202803F7202803F5E
:10CF34009E02803FC702803FED02803F0F03803F87
:10CF44002E03803F4903803F6103803F7603803F87
:10CF54008803803F9703803FA203803FAB03803F59
:10CF6400B003803FB303803FB303803FB003803FEF
:10CF7400AB03803FA303803F9903803F8C03803F32
:10CF84007D03803F6C03803F5803803F4303803F11
:10CF94002C03803F1303803FF802803FDC02803F74
:10CFA400BF02803FA002803F8002803F5E02803F3C
:10CFB4003C02803F1902803FF501803FD001803F51
:10CFC400AA01803F8401803F5E01803F3701803F9A
:10CFD4001001803FE900803FC200803F9B00803FFA
:10CFE4007400803F4D00803F2600803F0000803F5A
:10CFF4000000000000000000DD2900000000000027
:10D0040000000000311C00000000000000000000CF
:10D01400290A0000C51F0000C91F0000D11F00001D
:10D02400D91F0000A2000000F9A2000083F9A200A9
:10D034006E83F9A24E6E83F9444E6E8315444E6E90
:10D044002915444EFC29154427FC29155727FC298A
:10D05400D15727FCF5D1572734F5D157DD34F5D115
:10D06400C0DD34F5DBC0DD3462DBC0DD9562DBC0DE
:10D07400999562DB3C999562433C999590433C9920
:10D084004190433C3863ED3EDA0F493F5E987B3F65
:10D09400DA0FC93F6937AC3168212233B40F143336
:10D0A4006821A2330400000007000000090000000A
:10D0B400000FC93F000F494000CB9640000FC94004
:10D0C4000053FB4000CB164100ED2F41000F4941B6
:10D0D4000031624100537B41003A8A4100CB9641C2
:10D0E400005CA34100EDAF41007EBC41000FC9418B
:10D0F40000A0D5410031E24100C2EE410053FB41A2
:10D1040000F20342003A0A420083104200CB164266
:10D1140000141D42005C234200A5294200ED2F4269
:10D1240000363642007E3C4200C74242000F49426C
:10D13400617564696F736869656C6400A2000000BE
:10D14400F9000000830000006E0000004E000000A3
:10D15400440000001500000029000000FC0000004D
:10D164002700000057000000D1000000F500000077
:10D1740034000000DD000000C0000000DB000000FF
:10D184006200000095000000990000003C000000CF
:10D19400430000009000000041000000FE00000079
:10D1A4005100000063000000AB000000DE0000003E
:10D1B400BB000000C500000061000000B7000000D3
:10D1C400240000006E0000003A000000420000004D
:10D1D4004D000000D2000000E00000000600000046
:10D1E400490000002E000000EA00000009000000D1
:10D1F400D1000000920000001C000000FE000000AE
:10D204001D000000EB0000001C000000B100000045
:10D2140029000000A70000003E000000E800000014
:10D224008200000035000000F50000002E00000020
:10D23400BB0000004400000084000000E90000007E
:10D244009C0000007000000026000000B4000000F4
:10D254005F0000007E000000410000003900000073
:10D2640091000000D6000000390000008300000097
:10D274005300000039000000F40000009C0000008E
:10D28400840000005F0000008B000000BD0000006F
:10D29400F9000000280000003B0000001F0000000F
:10D2A400F800000097000000FF000000DE0000000E
:10D2B40005000000980000000F000000EF000000CF
:10D2C4002F000000110000008B0000005A00000035
:10D2D4000A0000006D0000001F0000006D00000047
:10D2E400360000007E000000CF0000002700000090
:10D2F400CB00000009000000B70000004F00000050
:10D30400460000003F000000660000009E00000090
:10D314005F000000EA0000002D000000750000001E
:10D3240027000000BA000000C7000000EB00000066
:10D33400E5000000F10000007B0000003D0000005B
:10D344000700000039000000F70000008A00000018
:10D354005200000092000000EA0000006B00000090
:10D36400FB0000005F000000B10000001F0000008F
:10D374008D0000005D000000080000005600000061
:10D38400030000003000000046000000FC00000024
:10D394007B0000006B000000AB000000F000000008
:10D3A400CF000000BC000000200000009A00000034
:10D3B400F4000000360000001D000000A900000079
:10D3C400E300000091000000610000005E00000026
:10D3D400E60000001B0000000800000065000000DB
:10D3E40099000000850000005F00000014000000A8
:10D3F400A000000068000000400000008D00000054
:10D40400FF000000D8000000800000004D00000074
:10D414007300000027000000310000000600000037
:10D42400060000001500000056000000CA000000BD
:10D4340073000000A8000000C900000060000000A4
:10D44400E20000007B000000C00000008C0000002F
:10D454006B00000000010000DC52002012000000FC
:10D4640000060000AC2000600A000000000200007A
:10D474001420006095000000000700007C1F00607D
:10D484009500000000030000781F00600000000009
:10D4940001030904601F0060000000000203090486
:10D4A400481F00600000000003030904F05200203C
:10D4B4000000000000000000000000000000000068
:10D4C40000000000603A0220C83A0220303B0220EB
:10D4D4000000000000000000000000000000000048
:10D4E4000000000000000000000000000000000038
:10D4F4000000000000000000000000000000000028
:10D504000000000000000000000000000000000017
:10D514000000000000000000000000000000000007
:10D5240000000000000000000000000000000000F7
:10D5340000000000000000000000000000000000E7
:10D5440000000000000000000000000000000000D7
:10D5540000000000000000000100000000000000C6
:10D564000E33CDAB34126DE6ECDE05000B0000008B
:10D5740000000000000000000000000000000000A7
:10D584000000000000000000000000000000000097
:10D594000000000000000000000000000000000087
:10D5A4000000000000000000000000000000000077
:10D5B4000000000000000000000000000000000067
:10D5C4000000000000000000000000000000000057
:10D5D4000000000000000000000000000000000047
:10D5E4000029DE07007B9A17FFFFFFFF243A022081
:10D5F400E0522020000000000000000000000000B5
:10D60400C84E0020C84E0020D04E0020D04E00202E
:10D61400D84E0020D84E0020E04E0020E04E0020DE
:10D62400E84E0020E84E0020F04E0020F04E00208E
:10D63400F84E0020F84E0020004F0020004F00203C
:10D64400084F0020084F0020104F0020104F0020EA
:10D65400184F0020184F0020204F0020204F00209A
:10D66400284F0020284F0020304F0020304F00204A
:10D67400384F0020384F0020404F0020404F0020FA
:10D68400484F0020484F0020504F0020504F0020AA
:10D69400584F0020584F0020604F0020604F00205A
:10D6A400684F0020684F0020704F0020704F00200A
:10D6B400784F0020784F0020804F0020804F0020BA
:10D6C400884F0020884F0020904F0020904F00206A
:10D6D400984F0020984F0020A04F0020A04F00201A
:10D6E400A84F0020A84F0020B04F0020B04F0020CA
:10D6F400B84F0020B84F0020C04F0020C04F00207A
:10D70400C84F0020C84F0020D04F0020D04F002029
:10D71400D84F0020D84F0020E04F0020E04F0020D9
:10D72400E84F0020E84F0020F04F0020F04F002089
:10D73400F84F0020F84F0020005000200050002037
:10D7440008500020085000201050002010500020E5
:10D754001850002018500020205000202050002095
:10D764002850002028500020305000203050002045
:10D7740038500020385000204050002040500020F5
:10D7840048500020485000205050002050500020A5
:10D794005850002058500020605000206050002055
:10D7A4006850002068500020705000207050002005
:10D7B40078500020785000208050002080500020B5
:10D7C4008850002088500020905000209050002065
:10D7D4009850002098500020A0500020A050002015
:10D7E400A8500020A8500020B0500020B0500020C5
:10D7F400B8500020B8500020C0500020C050002075
:10D80400C8500020C8500020D0500020D050002024
:10D81400D8500020D8500020E0500020E0500020D4
:10D82400E8500020E8500020F0500020F050002084
:10D83400F8500020F8500020005100200051002032
:10D8440008510020085100201051002010510020E0
:10D854001851002018510020205100202051002090
:10D864002851002028510020305100203051002040
:10D8740038510020385100204051002040510020F0
:10D8840048510020485100205051002050510020A0
:10D894005851002058510020605100206051002050
:10D8A4006851002068510020705100207051002000
:10D8B40078510020785100208051002080510020B0
:10D8C4008851002088510020905100209051002060
:10D8D4009851002098510020A0510020A051002010
:10D8E400A8510020A8510020B0510020B0510020C0
:10D8F400B8510020B8510020C0510020C051002070
:10D90400C8510020C8510020D0510020D05100201F
:10D91400D8510020D8510020E0510020E0510020CF
:10D92400E8510020E8510020F0510020F05100207F
:10D93400F8510020F851002000520020005200202D
:10D9440008520020085200201052002010520020DB
:10D95400185200201852002020520020205200208B
:10D96400285200202852002030520020305200203B
:10D9740038520020385200204052002040520020EB
:10D98400485200204852002050520020505200209B
:10D99400585200205852002060520020605200204B
:10D9A40068520020685200207052002070520020FB
:10D9B40078520020785200208052002080520020AB
:10D9C400885200208852002090520020905200205B
:10D9D4009852002098520020A0520020A05200200B
:10D9E400A8520020A8520020B0520020B0520020BB
:10D9F400B8520020B8520020C0520020C05200206B
:10DA0400FFFFFFFF00000200904D00201201000202
:10DA1400EF020140C01689048002010203010000E4
:10DA24000C030000000000000000000000000000E3
:10DA340000000000000000000000000000000000E2
:10DA440000000000000000000000000000000000D2
:10DA540000000000000000000000000000000000C2
:10DA640000000000000000000000000000000000B2
:10DA740000000000000000000000000000000000A2
:10DA84000000000000000000000000000000000092
:10DA94000000000000000000000000000000000082
:10DAA4000000000000000000000000000000000072
:10DAB4000000000000000000000000000000000062
:10DAC4000000000000000000000000000000000052
:10DAD4000000000000000000000000000000000042
:10DAE4000000000000000000000000000000000032
:10DAF4000000000000000000000000000000000022
:10DB04000000000000000000000000000000000011
:10DB14000000000000000000000000000000000001
:10DB240000000000000000000000000000000000F1
:10DB340000000000000000000000000000000000E1
:10DB440000000000000000000000000000000000D1
:10DB540000000000000000000000000000000000C1
:10DB640000000000000000000000000000000000B1
:10DB740000000000000000000000000000000000A1
:10DB84000000000000000000000000000000000091
:10DB94000000000000000000000000000000000081
:10DBA4000000000000000000000000000000000071
:10DBB4000000000000000000000000000000000061
:10DBC4000000000000000000000000000000000051
:10DBD4000000000000000000000000000000000041
:10DBE4000000000000000000000000000000000031
:10DBF4000000000000000000000000000000000021
:10DC04000000000000000000000000000000000010
:10DC14000000000000000000000000000000000000
:10DC240000000000000000000000000000000000F0
:10DC340000000000000000000000000000000000E0
:10DC440000000000000000000000000000000000D0
:10DC540000000000000000000000000000000000C0
:10DC640000000000000000000000000000000000B0
:10DC740000000000000000000000000000000000A0
:10DC84000000000000000000000000000000000090
:10DC94000000000000000000000000000000000080
:10DCA4000000000000000000000000000000000070
:10DCB4000000000000000000000000000000000060
:10DCC4000000000000000000000000000000000050
:10DCD4000000000000000000000000000000000040
:10DCE4000000000000000000000000000000000030
:10DCF4000000000000000000000000000000000020
:10DD0400000000000000000000000000000000000F
:10DD140000000000000000000000000000000000FF
:10DD240000000000000000000000000000000000EF
:10DD340000000000000000000000000000000000DF
:10DD440000000000000000000000000000000000CF
:10DD540000000000000000000000000000000000BF
:10DD640000000000000000000000000000000000AF
:10DD7400000000000000000000000000000000009F
:10DD8400000000000000000000000000000000008F
:10DD9400000000000000000000000000000000007F
:10DDA400000000000000000000000000000000006F
:10DDB400000000000000000000000000000000005F
:10DDC400000000000000000000000000000000004F
:10DDD400000000000000000000000000000000003F
:10DDE400000000000000000000000000000000002F
:10DDF400FFFFFFFFFFFFFFFFFFFFFFFFFFFFFFFF2F
:10DE0400FFFFFFFFFFFFFFFFFFFFFFFFFFFFFFFF1E
:10DE1400FFFFFFFFFFFFFFFFFFFFFFFFFFFFFFFF0E
:10DE2400FFFFFFFFFFFFFFFFFFFFFFFFFFFFFFFFFE
:10DE3400FFFFFFFFFFFFFFFFFFFFFFFFFFFFFFFFEE
:10DE4400FFFFFFFFFFFFFFFFFFFFFFFFFFFFFFFFDE
:10DE5400FFFFFFFFFFFFFFFFFFFFFFFFFFFFFFFFCE
:10DE6400FFFFFFFFFFFFFFFFFFFFFFFFFFFFFFFFBE
:10DE7400FFFFFFFFFFFFFFFFFFFFFFFFFFFFFFFFAE
:10DE8400FFFFFFFFFFFFFFFFFFFFFFFFFFFFFFFF9E
:10DE9400FFFFFFFFFFFFFFFFFFFFFFFFFFFFFFFF8E
:10DEA400FFFFFFFFFFFFFFFFFFFFFFFFFFFFFFFF7E
:10DEB400FFFFFFFFFFFFFFFFFFFFFFFFFFFFFFFF6E
:10DEC400FFFFFFFFFFFFFFFFFFFFFFFFFFFFFFFF5E
:10DED400FFFFFFFFFFFFFFFFFFFFFFFFFFFFFFFF4E
:10DEE400FFFFFFFFFFFFFFFFFFFFFFFFFFFFFFFF3E
:10DEF400FFFFFFFFFFFFFFFFFFFFFFFFFFFFFFFF2E
:10DF0400FFFFFFFFFFFFFFFFFFFFFFFFFFFFFFFF1D
:10DF1400FFFFFFFFFFFFFFFFFFFFFFFFFFFFFFFF0D
:10DF2400FFFFFFFFFFFFFFFFFFFFFFFFFFFFFFFFFD
:10DF3400FFFFFFFFFFFFFFFFFFFFFFFFFFFFFFFFED
:10DF4400FFFFFFFFFFFFFFFFFFFFFFFFFFFFFFFFDD
:10DF5400FFFFFFFFFFFFFFFFFFFFFFFFFFFFFFFFCD
:10DF6400FFFFFFFFFFFFFFFFFFFFFFFFFFFFFFFFBD
:10DF7400FFFFFFFFFFFFFFFFFFFFFFFFFFFFFFFFAD
:10DF8400FFFFFFFFFFFFFFFFFFFFFFFFFFFFFFFF9D
:10DF9400FFFFFFFFFFFFFFFFFFFFFFFFFFFFFFFF8D
:10DFA400FFFFFFFFFFFFFFFFFFFFFFFFFFFFFFFF7D
:10DFB400FFFFFFFFFFFFFFFFFFFFFFFFFFFFFFFF6D
:10DFC400FFFFFFFFFFFFFFFFFFFFFFFFFFFFFFFF5D
:10DFD400FFFFFFFFFFFFFFFFFFFFFFFFFFFFFFFF4D
:10DFE400FFFFFFFFFFFFFFFFFFFFFFFFFFFFFFFF3D
:10DFF400FFFFFFFFFFFFFFFFFFFFFFFF0000000029
:10E00400000000000000000000000000000000000C
:10E0140000000000000000000000000000000000FC
:10E0240000000000000000000000000000000000EC
:10E0340000000000000000000000000000000000DC
:10E0440000000000000000000000000000000000CC
:10E0540000000000000000000000000000000000BC
:10E0640000000000000000000000000000000000AC
:10E07400000000000000000000000000000000009C
:10E08400000000000000000000000000000000008C
:10E09400000000000000000000000000000000007C
:10E0A400000000000000000000000000000000006C
:10E0B400000000000000000000000000000000005C
:10E0C400000000000000000000000000000000004C
:10E0D400000000000000000000000000000000003C
:10E0E400000000000000000000000000000000002C
:10E0F400000000000000000000000000000000001C
:10E10400000000000000000000000000000000000B
:10E1140000000000000000000000000000000000FB
:10E1240000000000000000000000000000000000EB
:10E1340000000000000000000000000000000000DB
:10E1440000000000000000000000000000000000CB
:10E1540000000000000000000000000000000000BB
:10E1640000000000000000000000000000000000AB
:10E17400000000000000000000000000000000009B
:10E18400000000000000000000000000000000008B
:10E19400000000000000000000000000000000007B
:10E1A400000000000000000000000000000000006B
:10E1B400000000000000000000000000000000005B
:10E1C400000000000000000000000000000000004B
:10E1D400000000000000000000000000000000003B
:10E1E400000000000000000000000000000000002B
:10E1F400000000000000000000000000000000001B
:10E20400000000000000000000000000000000000A
:10E2140000000000000000000000000000000000FA
:10E2240000000000000000000000000000000000EA
:10E2340000000000000000000000000000000000DA
:10E2440000000000000000000000000000000000CA
:10E2540000000000000000000000000000000000BA
:10E2640000000000000000000000000000000000AA
:10E27400000000000000000000000000000000009A
:10E28400000000000000000000000000000000008A
:10E29400000000000000000000000000000000007A
:10E2A400000000000000000000000000000000006A
:10E2B400000000000000000000000000000000005A
:10E2C400000000000000000000000000000000004A
:10E2D400000000000000000000000000000000003A
:10E2E400000000000000000000000000000000002A
:10E2F400000000000000000000000000000000001A
:10E304000000000000000000000000000000000009
:10E3140000000000000000000000000000000000F9
:10E3240000000000000000000000000000000000E9
:10E3340000000000000000000000000000000000D9
:10E3440000000000000000000000000000000000C9
:10E3540000000000000000000000000000000000B9
:10E3640000000000000000000000000000000000A9
:10E374000000000000000000000000000000000099
:10E384000000000000000000000000000000000089
:10E394000000000000000000000000000000000079
:10E3A4000000000000000000000000000000000069
:10E3B4000000000000000000000000000000000059
:10E3C4000000000000000000000000000000000049
:10E3D4000000000000000000000000000000000039
:10E3E4000000000000000000000000000000000029
:10E3F4000000000000000000000000000000000019
:10E404000000000000000000000000000000000008
:10E4140000000000000000000000000000000000F8
:10E4240000000000000000000000000000000000E8
:10E4340000000000000000000000000000000000D8
:10E4440000000000000000000000000000000000C8
:10E4540000000000000000000000000000000000B8
:10E4640000000000000000000000000000000000A8
:10E474000000000000000000000000000000000098
:10E484000000000000000000000000000000000088
:10E494000000000000000000000000000000000078
:10E4A4000000000000000000000000000000000068
:10E4B4000000000000000000000000000000000058
:10E4C4000000000000000000000000000000000048
:10E4D4000000000000000000000000000000000038
:10E4E4000000000000000000000000000000000028
:10E4F4000000000000000000000000000000000018
:10E504000000000000000000000000000000000007
:10E5140000000000000000000000000000000000F7
:10E5240000000000000000000000000000000000E7
:10E5340000000000000000000000000000000000D7
:10E5440000000000000000000000000000000000C7
:10E5540000000000000000000000000000000000B7
:10E5640000000000000000000000000000000000A7
:10E574000000000000000000000000000000000097
:10E584000000000000000000000000000000000087
:10E594000000000000000000000000000000000077
:10E5A4000000000000000000000000000000000067
:10E5B4000000000000000000000000000000000057
:10E5C4000000000000000000000000000000000047
:10E5D4000000000000000000000000000000000037
:10E5E4000000000000000000000000000000000027
:10E5F4000000000000000000000000000000000017
:10E604000000000000000000000000000000000006
:10E6140000000000000000000000000000000000F6
:10E6240000000000000000000000000000000000E6
:10E6340000000000000000000000000000000000D6
:10E6440000000000000000000000000000000000C6
:10E6540000000000000000000000000000000000B6
:10E6640000000000000000000000000000000000A6
:10E674000000000000000000000000000000000096
:10E684000000000000000000000000000000000086
:10E694000000000000000000000000000000000076
:10E6A4000000000000000000000000000000000066
:10E6B4000000000000000000000000000000000056
:10E6C4000000000000000000000000000000000046
:10E6D4000000000000000000000000000000000036
:10E6E4000000000000000000000000000000000026
:10E6F4000000000000000000000000000000000016
:10E704000000000000000000000000000000000005
:10E7140000000000000000000000000000000000F5
:10E7240000000000000000000000000000000000E5
:10E7340000000000000000000000000000000000D5
:10E7440000000000000000000000000000000000C5
:10E7540000000000000000000000000000000000B5
:10E7640000000000000000000000000000000000A5
:10E774000000000000000000000000000000000095
:10E784000000000000000000000000000000000085
:10E794000000000000000000000000000000000075
:10E7A4000000000000000000000000000000000065
:10E7B4000000000000000000000000000000000055
:10E7C4000000000000000000000000000000000045
:10E7D4000000000000000000000000000000000035
:10E7E4000000000000000000000000000000000025
:10E7F4000000000000000000000000000000000015
:10E804000000000000000000000000000000000004
:10E8140000000000000000000000000000000000F4
:10E8240000000000000000000000000000000000E4
:10E8340000000000000000000000000000000000D4
:10E8440000000000000000000000000000000000C4
:10E8540000000000000000000000000000000000B4
:10E8640000000000000000000000000000000000A4
:10E874000000000000000000000000000000000094
:10E884000000000000000000000000000000000084
:10E894000000000000000000000000000000000074
:10E8A4000000000000000000000000000000000064
:10E8B4000000000000000000000000000000000054
:10E8C4000000000000000000000000000000000044
:10E8D4000000000000000000000000000000000034
:10E8E4000000000000000000000000000000000024
:10E8F4000000000000000000000000000000000014
:10E904000000000000000000000000000000000003
:10E9140000000000000000000000000000000000F3
:10E9240000000000000000000000000000000000E3
:10E9340000000000000000000000000000000000D3
:10E9440000000000000000000000000000000000C3
:10E9540000000000000000000000000000000000B3
:10E9640000000000000000000000000000000000A3
:10E974000000000000000000000000000000000093
:10E984000000000000000000000000000000000083
:10E994000000000000000000000000000000000073
:10E9A4000000000000000000000000000000000063
:10E9B4000000000000000000000000000000000053
:10E9C4000000000000000000000000000000000043
:10E9D4000000000000000000000000000000000033
:10E9E4000000000000000000000000000000000023
:10E9F4000000000000000000000000000000000013
:10EA04000000000000000000000000000000000002
:10EA140000000000000000000000000000000000F2
:10EA240000000000000000000000000000000000E2
:10EA340000000000000000000000000000000000D2
:10EA440000000000000000000000000000000000C2
:10EA540000000000000000000000000000000000B2
:10EA640000000000000000000000000000000000A2
:10EA74000000000000000000000000000000000092
:10EA84000000000000000000000000000000000082
:10EA94000000000000000000000000000000000072
:10EAA4000000000000000000000000000000000062
:10EAB4000000000000000000000000000000000052
:10EAC4000000000000000000000000000000000042
:10EAD4000000000000000000000000000000000032
:10EAE4000000000000000000000000000000000022
:10EAF4000000000000000000000000000000000012
:10EB04000000000000000000000000000000000001
:10EB140000000000000000000000000000000000F1
:10EB240000000000000000000000000000000000E1
:10EB340000000000000000000000000000000000D1
:10EB440000000000000000000000000000000000C1
:10EB540000000000000000000000000000000000B1
:10EB640000000000000000000000000000000000A1
:10EB74000000000000000000000000000000000091
:10EB84000000000000000000000000000000000081
:10EB94000000000000000000000000000000000071
:10EBA4000000000000000000000000000000000061
:10EBB4000000000000000000000000000000000051
:10EBC4000000000000000000000000000000000041
:10EBD4000000000000000000000000000000000031
:10EBE4000000000000000000000000000000000021
:0CEBF40000000000000000000000000015
:040000056000100087
:00000001FF
