:0200000460009A
:100000004643464200000156000000000103030081
:1000100000000000000000000000000000000000E0
:1000200000000000000000000000000000000000D0
:1000300000000000000000000000000000000000C0
:1000400000000000010408000000000000000000A3
:100050000000800000000000000000000000000020
:100060000000000000000000000000000000000090
:100070000000000000000000000000000000000080
:10008000EB04180A063204260000000000000000FD
:10009000050404240000000000000000000000002F
:1000A0000000000000000000000000000000000050
:1000B0000604000000000000000000000000000036
:1000C0000000000000000000000000000000000030
:1000D00020041808000000000000000000000000DC
:1000E0000000000000000000000000000000000010
:1000F0000000000000000000000000000000000000
:10010000D8041808000000000000000000000000F3
:100110000204180804200000000000000000000095
:1001200000000000000000000000000000000000CF
:10013000600400000000000000000000000000005B
:1001400000000000000000000000000000000000AF
:10015000000000000000000000000000000000009F
:10016000000000000000000000000000000000008F
:10017000000000000000000000000000000000007F
:10018000000000000000000000000000000000006F
:10019000000000000000000000000000000000005F
:1001A000000000000000000000000000000000004F
:1001B000000000000000000000000000000000003F
:1001C000000100000010000001000000000000001D
:1001D000000001000000000000000000000000001E
:1001E000000000000000000000000000000000000F
:1001F00000000000000000000000000000000000FF
:10020000FFFFFFFFFFFFFFFFFFFFFFFFFFFFFFFFFE
:10021000FFFFFFFFFFFFFFFFFFFFFFFFFFFFFFFFEE
:10022000FFFFFFFFFFFFFFFFFFFFFFFFFFFFFFFFDE
:10023000FFFFFFFFFFFFFFFFFFFFFFFFFFFFFFFFCE
:10024000FFFFFFFFFFFFFFFFFFFFFFFFFFFFFFFFBE
:10025000FFFFFFFFFFFFFFFFFFFFFFFFFFFFFFFFAE
:10026000FFFFFFFFFFFFFFFFFFFFFFFFFFFFFFFF9E
:10027000FFFFFFFFFFFFFFFFFFFFFFFFFFFFFFFF8E
:10028000FFFFFFFFFFFFFFFFFFFFFFFFFFFFFFFF7E
:10029000FFFFFFFFFFFFFFFFFFFFFFFFFFFFFFFF6E
:1002A000FFFFFFFFFFFFFFFFFFFFFFFFFFFFFFFF5E
:1002B000FFFFFFFFFFFFFFFFFFFFFFFFFFFFFFFF4E
:1002C000FFFFFFFFFFFFFFFFFFFFFFFFFFFFFFFF3E
:1002D000FFFFFFFFFFFFFFFFFFFFFFFFFFFFFFFF2E
:1002E000FFFFFFFFFFFFFFFFFFFFFFFFFFFFFFFF1E
:1002F000FFFFFFFFFFFFFFFFFFFFFFFFFFFFFFFF0E
:10030000FFFFFFFFFFFFFFFFFFFFFFFFFFFFFFFFFD
:10031000FFFFFFFFFFFFFFFFFFFFFFFFFFFFFFFFED
:10032000FFFFFFFFFFFFFFFFFFFFFFFFFFFFFFFFDD
:10033000FFFFFFFFFFFFFFFFFFFFFFFFFFFFFFFFCD
:10034000FFFFFFFFFFFFFFFFFFFFFFFFFFFFFFFFBD
:10035000FFFFFFFFFFFFFFFFFFFFFFFFFFFFFFFFAD
:10036000FFFFFFFFFFFFFFFFFFFFFFFFFFFFFFFF9D
:10037000FFFFFFFFFFFFFFFFFFFFFFFFFFFFFFFF8D
:10038000FFFFFFFFFFFFFFFFFFFFFFFFFFFFFFFF7D
:10039000FFFFFFFFFFFFFFFFFFFFFFFFFFFFFFFF6D
:1003A000FFFFFFFFFFFFFFFFFFFFFFFFFFFFFFFF5D
:1003B000FFFFFFFFFFFFFFFFFFFFFFFFFFFFFFFF4D
:1003C000FFFFFFFFFFFFFFFFFFFFFFFFFFFFFFFF3D
:1003D000FFFFFFFFFFFFFFFFFFFFFFFFFFFFFFFF2D
:1003E000FFFFFFFFFFFFFFFFFFFFFFFFFFFFFFFF1D
:1003F000FFFFFFFFFFFFFFFFFFFFFFFFFFFFFFFF0D
:10040000FFFFFFFFFFFFFFFFFFFFFFFFFFFFFFFFFC
:10041000FFFFFFFFFFFFFFFFFFFFFFFFFFFFFFFFEC
:10042000FFFFFFFFFFFFFFFFFFFFFFFFFFFFFFFFDC
:10043000FFFFFFFFFFFFFFFFFFFFFFFFFFFFFFFFCC
:10044000FFFFFFFFFFFFFFFFFFFFFFFFFFFFFFFFBC
:10045000FFFFFFFFFFFFFFFFFFFFFFFFFFFFFFFFAC
:10046000FFFFFFFFFFFFFFFFFFFFFFFFFFFFFFFF9C
:10047000FFFFFFFFFFFFFFFFFFFFFFFFFFFFFFFF8C
:10048000FFFFFFFFFFFFFFFFFFFFFFFFFFFFFFFF7C
:10049000FFFFFFFFFFFFFFFFFFFFFFFFFFFFFFFF6C
:1004A000FFFFFFFFFFFFFFFFFFFFFFFFFFFFFFFF5C
:1004B000FFFFFFFFFFFFFFFFFFFFFFFFFFFFFFFF4C
:1004C000FFFFFFFFFFFFFFFFFFFFFFFFFFFFFFFF3C
:1004D000FFFFFFFFFFFFFFFFFFFFFFFFFFFFFFFF2C
:1004E000FFFFFFFFFFFFFFFFFFFFFFFFFFFFFFFF1C
:1004F000FFFFFFFFFFFFFFFFFFFFFFFFFFFFFFFF0C
:10050000FFFFFFFFFFFFFFFFFFFFFFFFFFFFFFFFFB
:10051000FFFFFFFFFFFFFFFFFFFFFFFFFFFFFFFFEB
:10052000FFFFFFFFFFFFFFFFFFFFFFFFFFFFFFFFDB
:10053000FFFFFFFFFFFFFFFFFFFFFFFFFFFFFFFFCB
:10054000FFFFFFFFFFFFFFFFFFFFFFFFFFFFFFFFBB
:10055000FFFFFFFFFFFFFFFFFFFFFFFFFFFFFFFFAB
:10056000FFFFFFFFFFFFFFFFFFFFFFFFFFFFFFFF9B
:10057000FFFFFFFFFFFFFFFFFFFFFFFFFFFFFFFF8B
:10058000FFFFFFFFFFFFFFFFFFFFFFFFFFFFFFFF7B
:10059000FFFFFFFFFFFFFFFFFFFFFFFFFFFFFFFF6B
:1005A000FFFFFFFFFFFFFFFFFFFFFFFFFFFFFFFF5B
:1005B000FFFFFFFFFFFFFFFFFFFFFFFFFFFFFFFF4B
:1005C000FFFFFFFFFFFFFFFFFFFFFFFFFFFFFFFF3B
:1005D000FFFFFFFFFFFFFFFFFFFFFFFFFFFFFFFF2B
:1005E000FFFFFFFFFFFFFFFFFFFFFFFFFFFFFFFF1B
:1005F000FFFFFFFFFFFFFFFFFFFFFFFFFFFFFFFF0B
:10060000FFFFFFFFFFFFFFFFFFFFFFFFFFFFFFFFFA
:10061000FFFFFFFFFFFFFFFFFFFFFFFFFFFFFFFFEA
:10062000FFFFFFFFFFFFFFFFFFFFFFFFFFFFFFFFDA
:10063000FFFFFFFFFFFFFFFFFFFFFFFFFFFFFFFFCA
:10064000FFFFFFFFFFFFFFFFFFFFFFFFFFFFFFFFBA
:10065000FFFFFFFFFFFFFFFFFFFFFFFFFFFFFFFFAA
:10066000FFFFFFFFFFFFFFFFFFFFFFFFFFFFFFFF9A
:10067000FFFFFFFFFFFFFFFFFFFFFFFFFFFFFFFF8A
:10068000FFFFFFFFFFFFFFFFFFFFFFFFFFFFFFFF7A
:10069000FFFFFFFFFFFFFFFFFFFFFFFFFFFFFFFF6A
:1006A000FFFFFFFFFFFFFFFFFFFFFFFFFFFFFFFF5A
:1006B000FFFFFFFFFFFFFFFFFFFFFFFFFFFFFFFF4A
:1006C000FFFFFFFFFFFFFFFFFFFFFFFFFFFFFFFF3A
:1006D000FFFFFFFFFFFFFFFFFFFFFFFFFFFFFFFF2A
:1006E000FFFFFFFFFFFFFFFFFFFFFFFFFFFFFFFF1A
:1006F000FFFFFFFFFFFFFFFFFFFFFFFFFFFFFFFF0A
:10070000FFFFFFFFFFFFFFFFFFFFFFFFFFFFFFFFF9
:10071000FFFFFFFFFFFFFFFFFFFFFFFFFFFFFFFFE9
:10072000FFFFFFFFFFFFFFFFFFFFFFFFFFFFFFFFD9
:10073000FFFFFFFFFFFFFFFFFFFFFFFFFFFFFFFFC9
:10074000FFFFFFFFFFFFFFFFFFFFFFFFFFFFFFFFB9
:10075000FFFFFFFFFFFFFFFFFFFFFFFFFFFFFFFFA9
:10076000FFFFFFFFFFFFFFFFFFFFFFFFFFFFFFFF99
:10077000FFFFFFFFFFFFFFFFFFFFFFFFFFFFFFFF89
:10078000FFFFFFFFFFFFFFFFFFFFFFFFFFFFFFFF79
:10079000FFFFFFFFFFFFFFFFFFFFFFFFFFFFFFFF69
:1007A000FFFFFFFFFFFFFFFFFFFFFFFFFFFFFFFF59
:1007B000FFFFFFFFFFFFFFFFFFFFFFFFFFFFFFFF49
:1007C000FFFFFFFFFFFFFFFFFFFFFFFFFFFFFFFF39
:1007D000FFFFFFFFFFFFFFFFFFFFFFFFFFFFFFFF29
:1007E000FFFFFFFFFFFFFFFFFFFFFFFFFFFFFFFF19
:1007F000FFFFFFFFFFFFFFFFFFFFFFFFFFFFFFFF09
:10080000FFFFFFFFFFFFFFFFFFFFFFFFFFFFFFFFF8
:10081000FFFFFFFFFFFFFFFFFFFFFFFFFFFFFFFFE8
:10082000FFFFFFFFFFFFFFFFFFFFFFFFFFFFFFFFD8
:10083000FFFFFFFFFFFFFFFFFFFFFFFFFFFFFFFFC8
:10084000FFFFFFFFFFFFFFFFFFFFFFFFFFFFFFFFB8
:10085000FFFFFFFFFFFFFFFFFFFFFFFFFFFFFFFFA8
:10086000FFFFFFFFFFFFFFFFFFFFFFFFFFFFFFFF98
:10087000FFFFFFFFFFFFFFFFFFFFFFFFFFFFFFFF88
:10088000FFFFFFFFFFFFFFFFFFFFFFFFFFFFFFFF78
:10089000FFFFFFFFFFFFFFFFFFFFFFFFFFFFFFFF68
:1008A000FFFFFFFFFFFFFFFFFFFFFFFFFFFFFFFF58
:1008B000FFFFFFFFFFFFFFFFFFFFFFFFFFFFFFFF48
:1008C000FFFFFFFFFFFFFFFFFFFFFFFFFFFFFFFF38
:1008D000FFFFFFFFFFFFFFFFFFFFFFFFFFFFFFFF28
:1008E000FFFFFFFFFFFFFFFFFFFFFFFFFFFFFFFF18
:1008F000FFFFFFFFFFFFFFFFFFFFFFFFFFFFFFFF08
:10090000FFFFFFFFFFFFFFFFFFFFFFFFFFFFFFFFF7
:10091000FFFFFFFFFFFFFFFFFFFFFFFFFFFFFFFFE7
:10092000FFFFFFFFFFFFFFFFFFFFFFFFFFFFFFFFD7
:10093000FFFFFFFFFFFFFFFFFFFFFFFFFFFFFFFFC7
:10094000FFFFFFFFFFFFFFFFFFFFFFFFFFFFFFFFB7
:10095000FFFFFFFFFFFFFFFFFFFFFFFFFFFFFFFFA7
:10096000FFFFFFFFFFFFFFFFFFFFFFFFFFFFFFFF97
:10097000FFFFFFFFFFFFFFFFFFFFFFFFFFFFFFFF87
:10098000FFFFFFFFFFFFFFFFFFFFFFFFFFFFFFFF77
:10099000FFFFFFFFFFFFFFFFFFFFFFFFFFFFFFFF67
:1009A000FFFFFFFFFFFFFFFFFFFFFFFFFFFFFFFF57
:1009B000FFFFFFFFFFFFFFFFFFFFFFFFFFFFFFFF47
:1009C000FFFFFFFFFFFFFFFFFFFFFFFFFFFFFFFF37
:1009D000FFFFFFFFFFFFFFFFFFFFFFFFFFFFFFFF27
:1009E000FFFFFFFFFFFFFFFFFFFFFFFFFFFFFFFF17
:1009F000FFFFFFFFFFFFFFFFFFFFFFFFFFFFFFFF07
:100A0000FFFFFFFFFFFFFFFFFFFFFFFFFFFFFFFFF6
:100A1000FFFFFFFFFFFFFFFFFFFFFFFFFFFFFFFFE6
:100A2000FFFFFFFFFFFFFFFFFFFFFFFFFFFFFFFFD6
:100A3000FFFFFFFFFFFFFFFFFFFFFFFFFFFFFFFFC6
:100A4000FFFFFFFFFFFFFFFFFFFFFFFFFFFFFFFFB6
:100A5000FFFFFFFFFFFFFFFFFFFFFFFFFFFFFFFFA6
:100A6000FFFFFFFFFFFFFFFFFFFFFFFFFFFFFFFF96
:100A7000FFFFFFFFFFFFFFFFFFFFFFFFFFFFFFFF86
:100A8000FFFFFFFFFFFFFFFFFFFFFFFFFFFFFFFF76
:100A9000FFFFFFFFFFFFFFFFFFFFFFFFFFFFFFFF66
:100AA000FFFFFFFFFFFFFFFFFFFFFFFFFFFFFFFF56
:100AB000FFFFFFFFFFFFFFFFFFFFFFFFFFFFFFFF46
:100AC000FFFFFFFFFFFFFFFFFFFFFFFFFFFFFFFF36
:100AD000FFFFFFFFFFFFFFFFFFFFFFFFFFFFFFFF26
:100AE000FFFFFFFFFFFFFFFFFFFFFFFFFFFFFFFF16
:100AF000FFFFFFFFFFFFFFFFFFFFFFFFFFFFFFFF06
:100B0000FFFFFFFFFFFFFFFFFFFFFFFFFFFFFFFFF5
:100B1000FFFFFFFFFFFFFFFFFFFFFFFFFFFFFFFFE5
:100B2000FFFFFFFFFFFFFFFFFFFFFFFFFFFFFFFFD5
:100B3000FFFFFFFFFFFFFFFFFFFFFFFFFFFFFFFFC5
:100B4000FFFFFFFFFFFFFFFFFFFFFFFFFFFFFFFFB5
:100B5000FFFFFFFFFFFFFFFFFFFFFFFFFFFFFFFFA5
:100B6000FFFFFFFFFFFFFFFFFFFFFFFFFFFFFFFF95
:100B7000FFFFFFFFFFFFFFFFFFFFFFFFFFFFFFFF85
:100B8000FFFFFFFFFFFFFFFFFFFFFFFFFFFFFFFF75
:100B9000FFFFFFFFFFFFFFFFFFFFFFFFFFFFFFFF65
:100BA000FFFFFFFFFFFFFFFFFFFFFFFFFFFFFFFF55
:100BB000FFFFFFFFFFFFFFFFFFFFFFFFFFFFFFFF45
:100BC000FFFFFFFFFFFFFFFFFFFFFFFFFFFFFFFF35
:100BD000FFFFFFFFFFFFFFFFFFFFFFFFFFFFFFFF25
:100BE000FFFFFFFFFFFFFFFFFFFFFFFFFFFFFFFF15
:100BF000FFFFFFFFFFFFFFFFFFFFFFFFFFFFFFFF05
:100C0000FFFFFFFFFFFFFFFFFFFFFFFFFFFFFFFFF4
:100C1000FFFFFFFFFFFFFFFFFFFFFFFFFFFFFFFFE4
:100C2000FFFFFFFFFFFFFFFFFFFFFFFFFFFFFFFFD4
:100C3000FFFFFFFFFFFFFFFFFFFFFFFFFFFFFFFFC4
:100C4000FFFFFFFFFFFFFFFFFFFFFFFFFFFFFFFFB4
:100C5000FFFFFFFFFFFFFFFFFFFFFFFFFFFFFFFFA4
:100C6000FFFFFFFFFFFFFFFFFFFFFFFFFFFFFFFF94
:100C7000FFFFFFFFFFFFFFFFFFFFFFFFFFFFFFFF84
:100C8000FFFFFFFFFFFFFFFFFFFFFFFFFFFFFFFF74
:100C9000FFFFFFFFFFFFFFFFFFFFFFFFFFFFFFFF64
:100CA000FFFFFFFFFFFFFFFFFFFFFFFFFFFFFFFF54
:100CB000FFFFFFFFFFFFFFFFFFFFFFFFFFFFFFFF44
:100CC000FFFFFFFFFFFFFFFFFFFFFFFFFFFFFFFF34
:100CD000FFFFFFFFFFFFFFFFFFFFFFFFFFFFFFFF24
:100CE000FFFFFFFFFFFFFFFFFFFFFFFFFFFFFFFF14
:100CF000FFFFFFFFFFFFFFFFFFFFFFFFFFFFFFFF04
:100D0000FFFFFFFFFFFFFFFFFFFFFFFFFFFFFFFFF3
:100D1000FFFFFFFFFFFFFFFFFFFFFFFFFFFFFFFFE3
:100D2000FFFFFFFFFFFFFFFFFFFFFFFFFFFFFFFFD3
:100D3000FFFFFFFFFFFFFFFFFFFFFFFFFFFFFFFFC3
:100D4000FFFFFFFFFFFFFFFFFFFFFFFFFFFFFFFFB3
:100D5000FFFFFFFFFFFFFFFFFFFFFFFFFFFFFFFFA3
:100D6000FFFFFFFFFFFFFFFFFFFFFFFFFFFFFFFF93
:100D7000FFFFFFFFFFFFFFFFFFFFFFFFFFFFFFFF83
:100D8000FFFFFFFFFFFFFFFFFFFFFFFFFFFFFFFF73
:100D9000FFFFFFFFFFFFFFFFFFFFFFFFFFFFFFFF63
:100DA000FFFFFFFFFFFFFFFFFFFFFFFFFFFFFFFF53
:100DB000FFFFFFFFFFFFFFFFFFFFFFFFFFFFFFFF43
:100DC000FFFFFFFFFFFFFFFFFFFFFFFFFFFFFFFF33
:100DD000FFFFFFFFFFFFFFFFFFFFFFFFFFFFFFFF23
:100DE000FFFFFFFFFFFFFFFFFFFFFFFFFFFFFFFF13
:100DF000FFFFFFFFFFFFFFFFFFFFFFFFFFFFFFFF03
:100E0000FFFFFFFFFFFFFFFFFFFFFFFFFFFFFFFFF2
:100E1000FFFFFFFFFFFFFFFFFFFFFFFFFFFFFFFFE2
:100E2000FFFFFFFFFFFFFFFFFFFFFFFFFFFFFFFFD2
:100E3000FFFFFFFFFFFFFFFFFFFFFFFFFFFFFFFFC2
:100E4000FFFFFFFFFFFFFFFFFFFFFFFFFFFFFFFFB2
:100E5000FFFFFFFFFFFFFFFFFFFFFFFFFFFFFFFFA2
:100E6000FFFFFFFFFFFFFFFFFFFFFFFFFFFFFFFF92
:100E7000FFFFFFFFFFFFFFFFFFFFFFFFFFFFFFFF82
:100E8000FFFFFFFFFFFFFFFFFFFFFFFFFFFFFFFF72
:100E9000FFFFFFFFFFFFFFFFFFFFFFFFFFFFFFFF62
:100EA000FFFFFFFFFFFFFFFFFFFFFFFFFFFFFFFF52
:100EB000FFFFFFFFFFFFFFFFFFFFFFFFFFFFFFFF42
:100EC000FFFFFFFFFFFFFFFFFFFFFFFFFFFFFFFF32
:100ED000FFFFFFFFFFFFFFFFFFFFFFFFFFFFFFFF22
:100EE000FFFFFFFFFFFFFFFFFFFFFFFFFFFFFFFF12
:100EF000FFFFFFFFFFFFFFFFFFFFFFFFFFFFFFFF02
:100F0000FFFFFFFFFFFFFFFFFFFFFFFFFFFFFFFFF1
:100F1000FFFFFFFFFFFFFFFFFFFFFFFFFFFFFFFFE1
:100F2000FFFFFFFFFFFFFFFFFFFFFFFFFFFFFFFFD1
:100F3000FFFFFFFFFFFFFFFFFFFFFFFFFFFFFFFFC1
:100F4000FFFFFFFFFFFFFFFFFFFFFFFFFFFFFFFFB1
:100F5000FFFFFFFFFFFFFFFFFFFFFFFFFFFFFFFFA1
:100F6000FFFFFFFFFFFFFFFFFFFFFFFFFFFFFFFF91
:100F7000FFFFFFFFFFFFFFFFFFFFFFFFFFFFFFFF81
:100F8000FFFFFFFFFFFFFFFFFFFFFFFFFFFFFFFF71
:100F9000FFFFFFFFFFFFFFFFFFFFFFFFFFFFFFFF61
:100FA000FFFFFFFFFFFFFFFFFFFFFFFFFFFFFFFF51
:100FB000FFFFFFFFFFFFFFFFFFFFFFFFFFFFFFFF41
:100FC000FFFFFFFFFFFFFFFFFFFFFFFFFFFFFFFF31
:100FD000FFFFFFFFFFFFFFFFFFFFFFFFFFFFFFFF21
:100FE000FFFFFFFFFFFFFFFFFFFFFFFFFFFFFFFF11
:100FF000FFFFFFFFFFFFFFFFFFFFFFFFFFFFFFFF01
:10100000D1002043F1150060000000000000000046
:101010002010006000100060004801600000000027
:10102000000000600054010000000000FFFFFFFF0F
:10103000FFFFFFFFFFFFFFFFFFFFFFFFFFFFFFFFC0
:10104000FFFFFFFFFFFFFFFFFFFFFFFFFFFFFFFFB0
:10105000FFFFFFFFFFFFFFFFFFFFFFFFFFFFFFFFA0
:10106000FFFFFFFFFFFFFFFFFFFFFFFFFFFFFFFF90
:10107000FFFFFFFFFFFFFFFFFFFFFFFFFFFFFFFF80
:10108000FFFFFFFFFFFFFFFFFFFFFFFFFFFFFFFF70
:10109000FFFFFFFFFFFFFFFFFFFFFFFFFFFFFFFF60
:1010A000FFFFFFFFFFFFFFFFFFFFFFFFFFFFFFFF50
:1010B000FFFFFFFFFFFFFFFFFFFFFFFFFFFFFFFF40
:1010C000FFFFFFFFFFFFFFFFFFFFFFFFFFFFFFFF30
:1010D000FFFFFFFFFFFFFFFFFFFFFFFFFFFFFFFF20
:1010E000FFFFFFFFFFFFFFFFFFFFFFFFFFFFFFFF10
:1010F000FFFFFFFFFFFFFFFFFFFFFFFFFFFFFFFF00
:10110000FFFFFFFFFFFFFFFFFFFFFFFFFFFFFFFFEF
:10111000FFFFFFFFFFFFFFFFFFFFFFFFFFFFFFFFDF
:10112000FFFFFFFFFFFFFFFFFFFFFFFFFFFFFFFFCF
:10113000FFFFFFFFFFFFFFFFFFFFFFFFFFFFFFFFBF
:10114000FFFFFFFFFFFFFFFFFFFFFFFFFFFFFFFFAF
:10115000FFFFFFFFFFFFFFFFFFFFFFFFFFFFFFFF9F
:10116000FFFFFFFFFFFFFFFFFFFFFFFFFFFFFFFF8F
:10117000FFFFFFFFFFFFFFFFFFFFFFFFFFFFFFFF7F
:10118000FFFFFFFFFFFFFFFFFFFFFFFFFFFFFFFF6F
:10119000FFFFFFFFFFFFFFFFFFFFFFFFFFFFFFFF5F
:1011A000FFFFFFFFFFFFFFFFFFFFFFFFFFFFFFFF4F
:1011B000FFFFFFFFFFFFFFFFFFFFFFFFFFFFFFFF3F
:1011C000FFFFFFFFFFFFFFFFFFFFFFFFFFFFFFFF2F
:1011D000FFFFFFFFFFFFFFFFFFFFFFFFFFFFFFFF1F
:1011E000FFFFFFFFFFFFFFFFFFFFFFFFFFFFFFFF0F
:1011F000FFFFFFFFFFFFFFFFFFFFFFFFFFFFFFFFFF
:10120000FFFFFFFFFFFFFFFFFFFFFFFFFFFFFFFFEE
:10121000FFFFFFFFFFFFFFFFFFFFFFFFFFFFFFFFDE
:10122000FFFFFFFFFFFFFFFFFFFFFFFFFFFFFFFFCE
:10123000FFFFFFFFFFFFFFFFFFFFFFFFFFFFFFFFBE
:10124000FFFFFFFFFFFFFFFFFFFFFFFFFFFFFFFFAE
:10125000FFFFFFFFFFFFFFFFFFFFFFFFFFFFFFFF9E
:10126000FFFFFFFFFFFFFFFFFFFFFFFFFFFFFFFF8E
:10127000FFFFFFFFFFFFFFFFFFFFFFFFFFFFFFFF7E
:10128000FFFFFFFFFFFFFFFFFFFFFFFFFFFFFFFF6E
:10129000FFFFFFFFFFFFFFFFFFFFFFFFFFFFFFFF5E
:1012A000FFFFFFFFFFFFFFFFFFFFFFFFFFFFFFFF4E
:1012B000FFFFFFFFFFFFFFFFFFFFFFFFFFFFFFFF3E
:1012C000FFFFFFFFFFFFFFFFFFFFFFFFFFFFFFFF2E
:1012D000FFFFFFFFFFFFFFFFFFFFFFFFFFFFFFFF1E
:1012E000FFFFFFFFFFFFFFFFFFFFFFFFFFFFFFFF0E
:1012F000FFFFFFFFFFFFFFFFFFFFFFFFFFFFFFFFFE
:10130000FFFFFFFFFFFFFFFFFFFFFFFFFFFFFFFFED
:10131000FFFFFFFFFFFFFFFFFFFFFFFFFFFFFFFFDD
:10132000FFFFFFFFFFFFFFFFFFFFFFFFFFFFFFFFCD
:10133000FFFFFFFFFFFFFFFFFFFFFFFFFFFFFFFFBD
:10134000FFFFFFFFFFFFFFFFFFFFFFFFFFFFFFFFAD
:10135000FFFFFFFFFFFFFFFFFFFFFFFFFFFFFFFF9D
:10136000FFFFFFFFFFFFFFFFFFFFFFFFFFFFFFFF8D
:10137000FFFFFFFFFFFFFFFFFFFFFFFFFFFFFFFF7D
:10138000FFFFFFFFFFFFFFFFFFFFFFFFFFFFFFFF6D
:10139000FFFFFFFFFFFFFFFFFFFFFFFFFFFFFFFF5D
:1013A000FFFFFFFFFFFFFFFFFFFFFFFFFFFFFFFF4D
:1013B000FFFFFFFFFFFFFFFFFFFFFFFFFFFFFFFF3D
:1013C000FFFFFFFFFFFFFFFFFFFFFFFFFFFFFFFF2D
:1013D000FFFFFFFFFFFFFFFFFFFFFFFFFFFFFFFF1D
:1013E000FFFFFFFFFFFFFFFFFFFFFFFFFFFFFFFF0D
:1013F000FFFFFFFFFFFFFFFFFFFFFFFFFFFFFFFFFD
:10140000824205D051F8043B40F8043B8242F9D8AF
:10141000704700BF044A05494FF0000342F8043BFF
:101420009142FBD8704700BFC05E002060D8032007
:1014300080B5BFF34F8F00F01BFA544C544B08207B
:101440005449C3F85401544AC3F800115348C3F82F
:10145000F0405349FFF7D4FF524A53495348FFF72E
:10146000CFFF534CFFF7D6FF4FF470004FF0E02151
:101470000023504AC1F8880D44F823200133B02BD3
:10148000FAD14D4B80214D4A03F8011B9342FBD109
:101490004FF0E0254A4F4B4A4FF0FF31C5F8084D59
:1014A0000026D5F8243D43F4E023C5F8243DFB692C
:1014B00023F07F0343F04003FB617B6A23F07F034B
:1014C00043F040037B629166D1661167516700F07B
:1014D000D7F93D4B63223D49A3633D4BE3630323AF
:1014E0006A613C4AAE612B61C5F8202DD5F8FC2D10
:1014F000394B42F08072C5F8FC2D1A6842F00102A7
:101500001A605B680B6000F07FFB344800F0FCFC65
:10151000F96E334B334A41F44051F9661E60C3F80B
:101520000861C3F81861C3F82861C3F83861936B88
:10153000DB0708D442F615632B4951651365936B9D
:1015400043F001039363274A284C936843F0011347
:10155000936000F01FFA00F005F900F0E5FC00F0E0
:1015600081FB00F087F92368132BFCD900F012FCF3
:101570002368B3F5967FFBD300F080F900F07CF987
:1015800000F0B6FC00F0BCFC30BFFDE70C0D111301
:1015900000800D401B10182098C4000000000000BF
:1015A000B8200060C05E002054E50060000000200C
:1015B000005C00208181000000E400E0A0E400E085
:1015C00000C00F4000C00A407D970000D4D7032020
:1015D0008197000000002020001000E00046C32397
:1015E0000040084000400D400000C056D8D70320FE
:1015F000054B4FF42A01054A05485A641864054A08
:1016000099639546FFF714FF00C00A40AFAAAAAA43
:1016100007002000000007201BB9124B1B6F9B0422
:101620001ED400F03F000F4B22F0604221F06041D9
:1016300040F489101867C3F88010C3F890201A6F1F
:1016400022F480521A671A6F002AFCDAD3F870115C
:10165000054A0A40C3F870211A6F22F480321A67D3
:10166000704700BF00800D40FF7F7FFFB1F5607FB6
:10167000F0B50E468DB028BF4FF460760F46054694
:1016800072B62E4B00247022186021462C4B2D4838
:101690001C8000F029FCCFB121462A484FF0010CF4
:1016A0004A0901F01F03013150F822400CFA03F3FC
:1016B0008E4243EA040340F82230F1D82846002342
:1016C0004380013300F582709E42F9D81E4C257884
:1016D00015B162B60DB0F0BD082000F001FC1B4B47
:1016E00080220646009302A90693194B02710560F9
:1016F00008A8029300F010FC06A9164A304600F034
:1017000007FC069B08A8DB689847009B02A8DB68DB
:1017100098472378002BDCD10F4B104AC3F858218F
:101720000F49D0204FF0E023402281F84600C3F853
:1017300008210123237062B60DB0F0BD5CCF0320F9
:10174000FCD7032064CF032010D80320C84A002010
:10175000697200001B100100005C0020757200001F
:1017600000E400E0104BA020104AD96E41F4403153
:1017700010B4D96640F23764D96E41F44071D9662D
:1017800054649064936C1B06FCD4094A40F23761A0
:10179000A02351649364936C13F08003FBD1054A3A
:1017A00013705DF8044B704700C00F4000400C40C0
:1017B00000800C4015D803202B4A0021012310B4CF
:1017C000C2F8A000C2F8A410C2F8B0305369DB0719
:1017D000FCD501234FF4803423495361C2F8A000A3
:1017E000C2F8A440C2F8B0304B69DC07FCD5012335
:1017F0004FF400341C4A4B61C1F8A000C1F8A4406A
:10180000C1F8B0305369D907FCD50123174C1649EC
:101810005361C2F8A000C2F8A440C2F8B0304B69CE
:10182000DB07FCD5D1F8003145F60D5021249AB2E2
:101830004C61824214D045F69D518A420CD1C3F3CB
:101840004253032B0CD0A3F104035DF8044BB3FA0D
:1018500083F35B091801704700205DF8044B704763
:1018600008205DF8044B704700402A400400030044
:10187000704700BF704700BF704700BF00BF704790
:1018800010B44FF0E023002110243248C3F8941D17
:10189000C3F89C4D1124C3F8A00D2F48C3F89C4DEC
:1018A0001224C3F8A00D2D48C3F89C4D2C4AC3F850
:1018B000A00D2C4C42F015022B48C3F89C4DC3F8E8
:1018C000A00D2A4C2A48C3F89C4DC3F8A00D294C02
:1018D000C3F89C2D2848294AC3F8A04DC3F89C0D95
:1018E000C3F8A02D02F5A022254C0C322548C3F8E0
:1018F0009C4DC3F8A02D244AC3F89C0DC3F8A02D1D
:1019000002F14062214C02322148C3F89C4DC3F8D9
:10191000A02D0A32C3F89C0DC3F8A02D00BF00BF54
:1019200000BF00BF00BF0122C3F8942DBFF34F8F4B
:10193000BFF36F8FC3F8501FBFF34F8FBFF36F8F8D
:10194000D3F8142D5DF8044B42F44032C3F8142D43
:10195000704700BF3F000010250008070900100075
:1019600060D803201300200021000207140000208B
:1019700025000813090000101600202027000B1373
:1019800017000040180000602F000B0719000070BE
:101990001A000080F0B5824B1822824D0120824F40
:1019A00083B0C3F85C528149C3F86072804CC3F8BD
:1019B0006452A5F530457F4EC3F8685248F20C7565
:1019C000C3F86C42C3F87042C3F87442C3F878425B
:1019D0004FF0FF34DA661A675A679A67DA67C3F816
:1019E0008020C3F88420C3F88820C1F82C03724AF1
:1019F000C1F83003C1F83403C1F83803C1F83C031F
:101A0000C1F85003B1696D4B0A406D486D491343ED
:101A10006D4AB361D6F8843043F00C03C6F88430C5
:101A2000036843F00203036003682B4021251A4337
:101A3000664B026044608A68654C1340654A43F017
:101A400000538360C36823F07803C360036A1340C4
:101A500023430362036A13405F4A234340F2056451
:101A600043628262C2620022D1F8B83023F03F03A1
:101A700043F00103C0F8B830D1F8BC30574923F027
:101A80003F0343F00103C0F8BC3002610567C0F8B2
:101A900080404567C0F884400224036823F00203B5
:101AA000036081614E4B4F49C46143F8042B8B4264
:101AB000FBD1434D2B6843F001032B602C6814F0DD
:101AC0000104FBD14549022340F2F5622046A96199
:101AD00040F29941EB6140F26643C5F8002242F2C0
:101AE0000142C5F81032404BC5F82012C5F830321B
:101AF00040F23543C5F834223C49C5F840323C4BEE
:101B0000C5F850123B4AC5F8543242F20123C5F8D9
:101B10006022C5F86432FFF74FFE0646002836D033
:101B200083024FF480222B660123C5F8A040244C89
:101B3000C5F8A420C5F8B0306369DA07FCD50125E3
:101B4000370565613846FFF737FE32182A4BD2B2A7
:101B50001A7078B180024FF4802319496066C4F886
:101B6000A070C4F8A430C4F8B0504B69DB07FCD5B2
:101B700001234B6121490024214801230094401A8C
:101B800000EB02521F4800F0B7F903B0F0BD1D4B47
:101B9000194A18601070D860C3E9010003B0F0BDA5
:101BA00000801F40F9B00100F910010000841F40BF
:101BB000F970010000C00F40FFFCFF1F0003008010
:101BC00000402A4000802A401200FFFFFF37F70044
:101BD0004000008000FFF07CFF000F83F05AF05AB5
:101BE00000422A4000432A409F041830EB06180A9E
:101BF000063201263806180A16D8032000000070A5
:101C0000000000703CD70320F0B4154A40274FF481
:101C100080314FF480564FF400554FF4404443F266
:101C20004200136913F0020F0ED113F4005F0FD0BE
:101C300013F4805F0ED0002BF3DA13F4803F0BD146
:101C40005B060BD5F0BC7047946151619061E8E789
:101C50005561E6E75661E4E79161E2E75761E0E745
:101C600000800D403F4A03203F49F3EE095AD2F865
:101C700080304FF0000C9FED3D6A23F001039FED93
:101C80003C5A30B4C2F88030C2F89000D1F8E0106D
:101C9000384DCBB2384C39482B6007EE903A0B0DDB
:101CA000C1F30B21F8EEE77A06EE903A07EE101A30
:101CB000334BB8EEC77A2160F8EEE66A314937EE69
:101CC000C66A37EEC55A76EEC76A77EEE57A26EE33
:101CD000266AC3ED006A25EE265AD2F8803067EEF8
:101CE000A64AC0ED007AC6EE275A274885EE276A35
:101CF000C4EEA76A75EE875AFCEEE55A36EE076A1F
:101D000015EE904ABCEEC66A43EA045376EE877A33
:101D1000C2F8803016EE103AD2F89041FCEEE77A25
:101D200001EA0341214317EE903AC2F89011C3F340
:101D30000B03D2F890110B431449C2F89031D2F83A
:101D4000803043F00203C2F88030114B80F840C06D
:101D5000C1F840314FF0E023012230BCC3F8082124
:101D6000704700BF00810D4000441F400000AA42A0
:101D70000000B442C4D70320C0D70320C8D7032033
:101D8000CCD703200000FF0F00E400E0005C00203F
:101D900045830000314B40F6617210B5C3F8202135
:101DA00040F2044400F0BCF82D4A2E49D2F88030AD
:101DB0002D4843F00303C2F880302C4BC1F860413A
:101DC00002681A4203D1D1F8A8319A071BD0254ADC
:101DD0004FF00041244B5963D2F8403143F00203E5
:101DE000C2F84031D2F840319B07FBD44FF40030A9
:101DF0004FF0E0211C4B4FF00042C1F88C0219203B
:101E00009A6300F095F8184A4FF08040154C002175
:101E100090630A20164B11604FF42072C4F8A80199
:101E2000184600F061F84FF4800203464FF4810039
:101E300040F243111860C4F858311A640D4B0E4A31
:101E4000C4F84811C3F804224FF0E0224FF40031E7
:101E50000123C2F80C11C4F8403110BD00800D40C0
:101E600000C00F4000002E4000900D40001C1E00DE
:101E700000000020005C00202D85000008B50E4BFE
:101E80001B6E9B0700D4FBBE72B60C4B00200C4AA5
:101E9000C3F8400103F160430A49A3F55F231164CD
:101EA0009D46BFF34F8F4FF400130748074ADB6985
:101EB00002609B68984700BF00441F4000002E400E
:101EC00000C00A400300200000802020000012EB28
:101ED000F8B500BFF8BC08BC9E4670470000000083
:101EE0005FF800F0198100005FF800F009C0000001
:101EF0005FF800F0E9C000005FF800F08199000091
:101F00005FF800F0D57F00005FF800F03D7C000036
:101F10005FF800F0117800005FF800F0DD7200005B
:101F20005FF800F0698C00005FF800F01D98000079
:101F30005FF800F02D7F000045000000D56C000028
:081F4000597100001579000041
:101F480018035400650065006E00730079002000D6
:101F58004D0049004400490018035400650065001D
:101F68006E00730079006400750069006E006F00F0
:101F78000403090409029500030100C032080B009C
:101F88000202020100090400000102020100052406
:101F9800001001052401010104240206052406009D
:101FA800010705820310001009040100020A00005D
:101FB80000070503024000000705830240000009EE
:101FC80004020002010300000724010001250006A5
:101FD800240201010006240202020009240301036D
:101FE800010201000924030204010101000905049A
:101FF8000240000000000525010101090584024096
:1020080000000000052501010300000009029500F9
:10201800030100C032080B0002020201000904009B
:10202800000102020100052400100105240101013C
:102038000424020605240600010705820310000592
:1020480009040100020A000000070503020002005B
:1020580007058302000200090402000201030000D0
:1020680007240100012500062402010100062402BC
:1020780002020009240301030102010009240302EA
:102088000401010100090504020002000000052501
:102098000101010905840200020000000525010173
:1020A800030000000A060002EF02014001000000E0
:1020B8000000000000000000000000000000000018
:1020C8000000000000000000000000000000000008
:1020D8000548064B1B1AD90F01EBA301491002D082
:1020E800034B03B118477047C05E0020C05E002054
:1020F8000000000008B5054B1BB105490548AFF3C2
:102108000080BDE80840FFF7E3BF00BF0000000003
:102118004CD70320005401602DE9F04F541E8BB0BA
:102128000F2C00F2A3800029C0F2A0808A42C0F2DE
:102138009D8093FBF2F402FB1433002B0093C0F252
:102148009880C4680023A2420360C0E90121D8BF77
:10215800C360002900F08A808A4200F0F7800124D9
:10216800551A0023A54207940195CDE9083300F3D9
:1021780083800294002940F30281009B4FF0000CF9
:102188004FF001098B469E46A4EB0308C3F1000AF1
:10219800554607E050F8271001351943454540F8E2
:1021A800271022D005EB0E010AAF002D2B464FEA6F
:1021B800611601F01F01B8BF531907EB86065F11BE
:1021C80003F01F0356F80C6C09FA03F326FA01F121
:1021D80001F001010029DDD150F82710013521EA6D
:1021E8000301454540F82710DCD10CF1010C05EB43
:1021F8000408A244AEEB040EDC45C9D104FB0CF77D
:10220800019E012E32D1009B0299FC1ACD1A3D4441
:10221800DF1B07E050F82E1001341943AC4240F898
:102228002E1023D0E1190DF1280E002C23464FEA79
:10223800611C01F01F01B8BF13190EEB8C0C4FEA9B
:10224800631E03F01F035CF808CC06FA03F32CFAAC
:1022580001F101F001010029DCD150F82E10013400
:1022680021EA0301AC4240F82E10DBD10BB0BDE8E7
:10227800F08F1344009364E70DF124091D46A0462E
:10228800A346A6468A46029404900592019C00261D
:1022980008EB0E02029F5445304639460392A8BF08
:1022A800544603E053F80C1C53F8043C06F01F0294
:1022B80080000136D14000F128070BFA02F27011B4
:1022C80011F0010F6F4423EA020C42EA03020AAB41
:1022D80014BF47F8042C47F804CCB04503EB80033F
:1022E800E0D1002128460DE059F82530134349F87C
:1022F800253001310AAA4B11714502EB830314D032
:1023080053F8080C01F01F0208EB0103D04003F05A
:102318001F025D11C0070BFA02F2E5D459F8250037
:1023280020EA020049F82500E3E7544520DB019B39
:102338001B1B0193019A099B012A079312DC214672
:10234800CDF808E0039CDDE9040213E7002101252C
:102358000B4605FA03F401339A4241EA0401F8D125
:10236800016083E7DDF80C80A246089D02938DE7A3
:10237800029BB6460893AAEB04030193DAE7002709
:102388003EE700BFDFED7F7A90ED027AD0ED006A7C
:10239800B4EEE77A10B5F1EE10FA04462DED048B91
:1023A80009D4DFED797A66EEA77AB4EEE77AF1EE32
:1023B80010FA77FE877A94ED038A9FED727AB4EE6D
:1023C800C78AF1EE10FA54D4B7EE007A87EE089A6D
:1023D8009FED6E7A87EEA60A20EE070A0AF098F8B3
:1023E8006368F0EE408A082B2CD8DFE803F06F769C
:1023F8008087919CA8054700D4ED040AB2EE040A30
:10240800DFED637AC0EEA70A09F09EFCB5EE400A3C
:10241800B0EE408AF1EE10FA00F1B180B1EEC80AD0
:10242800C8EE808AB7EE007AFFEE007A84ED087A6B
:10243800E8EE087A38EE478A28EE098AC4ED0A7A67
:1024480084ED098AF7EE006A78EE897AB0EE666A5A
:10245800A7EEA86A86EE867A67EE287A84ED057A72
:1024680027EEA80AC4ED067ABDEC048B84ED070AB2
:1024780010BDB0EE478A9FED479AA9E7D4ED040A4C
:10248800B2EE040ADFED427AC0EEA70A09F05CFC5E
:10249800B5EE400AB0EE408AF1EE10FA6CD4B1EE17
:1024A800C80AB7EE007A68EE086A68EE808A77EEA6
:1024B800487A37EE667AC4ED086A67EE897A84ED61
:1024C8000A7A67EE887AC4ED097ABBE700234FF0F1
:1024D8007E5223626362A262B4E7F1EE497A4FF05A
:1024E8007E522D4B2262C4ED097AA362AAE700232B
:1024F8004FF07E522362A3626262A3E7F1EE497A4B
:102508004FF07E5200232262C4ED097AA36299E754
:10251800F1EE497A4FF07E524FF040432262C4ED0B
:10252800097AA3628EE7F8EE007A4FF07E52002314
:10253800226269EE277AA362C4ED097A82E7DFEDA9
:10254800147AB2EE040AD4ED040AC0EEA70A09F020
:10255800FBFB0023A362B7EE007A28EE008AFFEEA9
:10256800007A84ED087A87EE089AE0EE007A67EE42
:10257800897AC4ED097A65E709F0A8FF91E709F0BF
:10258800A5FF4DE76F12833A48E1FA3EDB0F494059
:1025980000002042FFFF7944000080BF436830B448
:1025A8002DED048B042B00F25981DFE803F037CBC3
:1025B8005D9503008168CE4A0D6890ED0E7A2A4435
:1025C8009FEDCC6A82EAD2330A6042F0010202FB34
:1025D80003F383EAD31243F03D0404FB0232534071
:1025E80083EA933307EE903AF8EE677A67EE867AD5
:1025F800B4EEE77AF1EE10FA00F33381D0ED0B6A0E
:1026080090ED0C0A26EE800AD0ED0F7A67EEA67AD6
:10261800C0ED0B7ABDEC048B30BC70478168B0EE1E
:10262800007AB34ABFEE000A0B68DFEDB26A1A44BB
:1026380082EAD23342F001000A6000FB03F383EA26
:10264800D31243F03D0101FB0232534083EA933336
:1026580007EE903AF8EE677ABDEC048B67EEA67A3F
:1026680030BCA7EE870A70478168B0EE005AA04ACE
:10267800FFEE006A0B68B0EE0C0A90ED0A7A1A4475
:10268800DFED9C4ADFED9C5A42F0010482EAD23326
:102698000A6004FB03F39FED996A83EAD31243F0BF
:1026A8003D0101FB0232534083EA933307EE903A2F
:1026B800F8EE677ABDEC048B67EEA47A30BCE7EEDF
:1026C800856AF0EE477AE6EEA57A87EE867A27EEF7
:1026D800000A80ED0A7A70478168854A0B6890ED98
:1026E8000D7A1A44DFED836A82EAD23342F00100A0
:1026F8000A6000FB03F383EAD31243F03D0101FBB8
:102708000232534083EA933307EE903AF8EE677A41
:1027180067EEA67AB4EEE77AF1EE10FA40F29E8000
:10272800B6EE006AB7EE000AFFEE006A27EE067AF8
:10273800BDEC048BB4EEE77A30BCF1EE10FA30FE53
:10274800260A70478468B0EE009A694ABFEE004ACC
:102758002368D0ED038A1A4490ED040AD0ED050AE7
:1027680042F0010182EAD233D0ED061A01FB03F3ED
:10277800DFED609A226083EAD31143F03D02DFED7A
:10278800607A02FB0132DFED5F4A9FED5F8A5340BA
:10279800DFED5E3A9FED5E5A83EA93339FED5D1A53
:1027A800DFED5D5A07EE103A9FED5C6ADFED5C6A7B
:1027B800B8EE477A9FED5B2AD0ED072A9FED5A3A8B
:1027C80027EE297AA7EE094A64EE277A64EE244AAE
:1027D80024EE055AE8EE887AE0EE234AD0ED083A6E
:1027E800A0EE815A24EE066A64EE255A26EEC47AD3
:1027F800F0EE466A9FED4D6AE1EE825AC0ED037A2B
:1028080037EEA40AC0ED044AE2EE836AD0ED092A45
:10281800A3EE867A9FED463A30EE050A9FED456AAB
:10282800DFED453A64EE067A80ED055A30EE250A6A
:10283800C0ED065AC0ED076AC0ED097A30EE260AE7
:1028480080ED087ABDEC048B30EE070A30BC30EE20
:10285800220AA4EE030A20EE230A70479FED370AE6
:10286800D8E6374BF6EE005A364C2B449FED365AD5
:102878002C44DFED366A83EAD33243F001030C605F
:1028880003FB02F242F03D0382EAD21103FB01216D
:1028980084EAD43344F001044A4004FB03F382EA97
:1028A800923283EAD31143F03D0407EE902A04FBE9
:1028B8000131B8EE677A4B4083EA933327EE067A04
:1028C80007EE903AE7EE056AF8EE677A67EE867AE1
:1028D800F4EEE57AF1EE10FA05D4B0EE660A4FF0A0
:1028E8007E53036390E6B1EE660A194BF9E700BF21
:1028F800F5792B6D0000802F0AD7A33C5C8F823FAF
:10290800BD66633D65C1993D4AB57F3F384A7E3F04
:10291800618B1D3E6210783FF8F79E3E8E6F083F30
:10292800AD6D8A3CF2D25D3FCDCC0C3F38F842BF4A
:102938006744093F9C6AED3DAE47E13D0000000059
:10294800EAF356DADF6D82473333333F9A99993E7B
:10295800000080BFF6EE007A90ED016AD0ED024AE1
:10296800B4EEE76AF1EE007AF1EE10FA10B540F134
:10297800C880BFEE000AA6EE270AF5EEC04AF1EEBF
:1029880010FA40F3B080B3EE003A9FED604AB2EE21
:10299800005A64EE833A24EE855A76EE637A36EE70
:1029A800237AFAFE677AFDEEE77ABBFE477A17EEDE
:1029B800902AFDEEC77A17EE904AA24239DCF0EE73
:1029C800441A90ED032A0134DFED512A514912E0EF
:1029D800F8EEE77ADEED006ADEED015A013237EEF5
:1029E800677AA24275EEE65AF0EE667AE7EE257A45
:1029F800A5EE274A1DD007EE902AB0EE437AF8EEEE
:102A0800E77A76EE677AA7EE827A27EE227AFBFEDD
:102A1800477AFDEEE77A17EE903AB3F5006F01EBCF
:102A2800830ED5D30132F0EE617AA242A5EE274A91
:102A3800E1D1B6EE003A30EE044A9FED340AB1EE29
:102A4800455A36EE433A73EE637A33EE237AFAFE4A
:102A5800677AFDEEE77ABBFE477A17EE902AFDEE1D
:102A6800C77A17EE901A8A423BDCB3EE002AD0ED03
:102A7800032AF0EE401A0131DFED253A254C12E029
:102A8800F8EEE77ADEED006ADEED015A013237EE44
:102A9800677A8A4275EEE65AF0EE667AE7EE257AAC
:102AA800A5EE270A1DD007EE902AB0EE427AF8EE7E
:102AB800E77A73EE677AA7EEA27A27EE237AFBFE0F
:102AC800477AFDEEE77A17EE903AB3F5006F04EB1C
:102AD800830ED5D30132F0EE617A8A42A5EE270A39
:102AE800E1D134EE000A36EE246AF7EE007AB4EE4D
:102AF800E76AF1EE10FAA8BF36EE676A80ED016A60
:102B080010BDB0EE080AA6EE670A36E7000000001E
:102B180000008042540A002010B52DED068B9FED71
:102B2800C69A0B46B0EE408A82B0B4EEC90A044693
:102B38001146F1EE10FA40F31E82DFEDB27AB4EEE0
:102B4800E70AF1EE10FA00F17B81AF484C2263608E
:102B5800206004F1080007F09DFADFEDAA7AB4EED0
:102B6800E78AF1EE10FA00F17281A74B6365DFED99
:102B7800A57AB4EEE78AF1EE10FA00F16A81A24B69
:102B8800E366DFEDA07AB4EEE78AF1EE10FA00F121
:102B980062819D4A0123C4F88420C4F89830DFED8F
:102BA800997AB4EEE78AF1EE10FA00F15981964865
:102BB8004FF07E5395490022C4F89C0004F1BC00F4
:102BC800C4F8A010C4F8A420C4F8A830DFED8D7AAA
:102BD800B4EEE78AF1EE10FA00F16A818A4B0190AF
:102BE800C4F8BC30FFF7CEFB00230198C4F8C0300E
:102BF800FFF7C8FBDFED837AB4EEE78AF1EE10FA4F
:102C080000F11782DFED8D7AF0EE678AC4ED3C7A29
:102C1800DFED7C7AB4EEE78AF1EE10FA40F17981C3
:102C2800DFED7F7A9FED7F7A68EE277A87EE270AB5
:102C380084ED438A08F044FF9FED7B0A9FED7B9A61
:102C480028EE000A89EE000A08F03AFF9FED780A9C
:102C580028EE000A89EE000A08F032FFD4ED027A65
:102C680094ED090A94ED0AAA94ED0B9AB6EE007A4F
:102C7800D4ED0C9AB5EEC00A77EE877AF1EE10FA29
:102C8800FDEEE77A17EE903A83F30203A366C4F8E1
:102C9800803040F25A8120EE280ADFED627A87EE12
:102CA800800A08F00DFFF7EE007A37EEC00AB5EE9D
:102CB800C0AA84ED400AF1EE10FA40F22F812AEE04
:102CC80028AA9FED5A0A80EE0A0A08F0F9FEF7EEE4
:102CD800007AF5EEC09A37EEC00AF1EE10FA84EDEC
:102CE800410A40F2258169EEA89A9FED500A80EECC
:102CF800290A08F0E5FEF7EE007AB5EEC09A37EE3D
:102D0800C00AF1EE10FA84ED420A00F11B81F7EED9
:102D1800007AB4EE679AF1EE10FA37FE899A94EDCC
:102D28000D0A84ED3F9AB5EEC00AD4ED0E9AD4EDA3
:102D38000F8A94ED109AF1EE10FA40F2198120EE04
:102D4800080ADFED387A87EE800A08F0B9FEF7EE58
:102D5800007A37EEC00AF5EEC09A84ED470AF1EE24
:102D680010FA40F2028169EE889A9FED300A80EEEF
:102D7800290A08F0A5FEF7EE007A37EEC00AB5EE8C
:102D8800C09A84ED480AF1EE10FA40F2E18029EE8B
:102D9800089A9FED260A80EE090A08F091FEF7EEE0
:102DA800007AF5EEC08A37EEC00AF1EE10FA84ED2B
:102DB800490A00F1D780F7EE007AF4EE678AF1EE5F
:102DC80010FA77FEA88ABFEE007AD4ED127AC4ED25
:102DD800468AF4EEC77AF1EE10FA00F10E81B7EEEA
:102DE800000AF4EEC07AF1EE10FA40F30B819FED81
:102DF800088A84ED508A84ED510A02B0BDEC068B36
:102E080010BD00BF8096184B00803B47B8BF813D7E
:102E18002EBD3BB36666E63E00007A44DB0FC9C0B0
:102E28000AD7233C549F8CBFCDCCCC3D8E5D93C03C
:102E3800CDCC4C3E49FF15BB0000000000803B474D
:102E48004C22083084ED000A636007F023F984ED12
:102E5800158A84ED1B8A012384ED218AC4F89830F1
:102E68005FED147A38EE080A1FED157A04F1BC00FC
:102E780068EE277A5FED176A84ED278A0190F4EEF1
:102E8800C77AF1EE10FA58BFF0EE477A67EEA67AE5
:102E980087EE800A08F014FE00230198C4F8A430D5
:102EA800F7EE007A37EEC00AC4ED2A7A84ED280AD4
:102EB80084ED2F8AF0EE488A0190FFF763FA002329
:102EC8000198C4F8C030FFF75DFA5FED2B7A1FED6B
:102ED8002B7A68EE277A87EE270AC4ED3C8A08F039
:102EE800EFFD1FED2F0A1FED2F9A28EE800A89EEBD
:102EF800000A08F0E5FD1FED320A28EE800A89EE87
:102F0800000A08F0DDFDB5EEC08AF1EE10FA3FF7D1
:102F18007FAE1FED380A1FED378A89E6F5EEC09AB5
:102F2800B7EE000AF1EE10FA84ED410A3FF6DBAE87
:102F3800B5EEC09AB7EE000AF1EE10FA84ED420A37
:102F48007FF5E5AE1FED449AE9E6B7EE000AAEE676
:102F5800F5EEC08AB7EE000AF1EE10FA84ED490AE0
:102F68007FF529AF5FED4C8A2DE7B7EE000A06E73B
:102F7800B7EE000AEFE65FED4F8A4C224360083057
:102F880040ED028A07F086F8B5EEC08AF1EE10FA35
:102F98003FF7E3ADC4ED158A3FF7E9ADC4ED1B8AF1
:102FA8003FF7EFAD4FF00103C4ED218AC4F8983024
:102FB8003FF7F5AD4FF07E532E4A04F1BC00C4ED47
:102FC800278AC4F8A02084ED299AC4F8A8303FF7CE
:102FD800FDADC4ED2F8A0190FFF7D4F900230198C5
:102FE800C4F8C030FFF7CEF9B5EEC08AF1EE10FA9A
:102FF8003FF700AE9FED200A6FE7B7EE008A9FED1E
:103008001F0AF6E637EE808A9FED1D7AF5EE007A04
:1030180028EE078A28EE278AB0EE480A09F028F930
:10302800F0EE407AB0EE480AB0EE678A09F01CF874
:10303800DFE6DFED147AF0EE488A9FED130A68EEBA
:10304800277A84ED3C8A9FED119A80EE270A08F0D2
:1030580037FD9FED0F0A28EE000A89EE000A08F0F6
:103068002FFD9FED0C0A28EE000A89EE000A08F0F1
:1030780027FDD5E5B8BF813D49FF15BB000000001D
:10308800DB0F49400AD7233C549F8CBF8E5D93C009
:10309800CDCCCC3DCDCC4C3ED0ED117AF5EEC07AFE
:1030A80038B5F1EE10FA04462DED048B00F3FE80DE
:1030B800D0ED4D6A90ED4E7AF6EE005AD4ED038AC3
:1030C80067EEA66A94ED4A9AB2EE0E6A68EEA58A91
:1030D80067EE877A9FEDC47AB0EE000AF0EE680AD0
:1030E80027EE868AD6EE860AC0EE870A08F02CFEFE
:1030F80094ED157ADFEDBD6A29EE000AC0EE077A75
:10310800F4EEE67AF1EE10FA00F121819FEDB86A4B
:10311800F4EEC67AF1EE10FA00F3AF80F4EEE67A38
:10312800C4ED177AF1EE10FA40F35881F7EE006A11
:1031380086EEA77ADFEDAC0A84ED187A78EE888AF5
:10314800B0EE000AC8EEA00A08F0FEFD94ED1B7A66
:10315800DFEDA66A29EE000AC0EE077AF4EEE67AF9
:10316800F1EE10FA00F1F8809FEDA16AF4EEC67A4C
:10317800F1EE10FA00F3F580F4EEE67AC4ED1D7A6C
:10318800F1EE10FA40F32D81F7EE006A86EEA77A89
:10319800D4ED216A9FED956A84ED1E7AF6EE007AE9
:1031A80029EE279AC9EE267AF4EEC67AF1EE10FADD
:1031B80000F1C880DFED8E6AF4EEE67AF1EE10FADF
:1031C80000F3D480F4EEC67AC4ED237AF1EE10FA57
:1031D80040F30181F7EE006A86EEA77A94ED4B6A18
:1031E800D4ED140AD4ED086AD4ED457A60EE860A67
:1031F80094ED058A84ED247AB0EE000AE6EEA70A7B
:1032080008F0A2FDF3EE046A28EE000AD4ED007A75
:103218009FED786AB6EE007AD4ED075AB4EE660AE6
:1032280067EE867AF1EE10FA48BFB0EE660AB4EEA1
:10323800670AF1EE10FAF4EEC75A37FE800AF1EE8B
:1032480010FA1FD5DFED6C6AD4ED277AB4EEE60AE2
:1032580094ED068A37EEA77AF1EE10FA00F18B802A
:1032680067EE867AB4EEE70AF1EE10FA40F3AE8024
:10327800DFED626A27EEA60A7FE09FED617A84EDB2
:10328800176A57E7F2EE037AD4ED066A002304F1D1
:10329800BC0084ED310AA6EEA77AC4F8CC3084EDE0
:1032A800327AFFF76FF8BDEC048B38BD4568BEEE87
:1032B800006A544B2A685449F0EE466A1344D0ED2C
:1032C8004D3A114490ED4E4A83EAD33243F001035C
:1032D80041F0010CDFED4D4A03FB02F281EAD133E4
:1032E8009FED4B5A0CFB03F382EAD21042F03D0CDF
:1032F800DFED485A0CFB0020424082EA923207EE8A
:10330800102A83EAD312B8EE477AE7EE246A66EE0B
:10331800856AE3EEA56AC4ED4D6A296043F03D0174
:1033280001FB0232534083EA933307EE103AB8EEBA
:10333800477AA7EE246A26EE057AA4EE257A84ED6C
:103348004E7AB9E6B0EE467A84ED236A46E7B0EEE7
:10335800667AC4ED176AEDE6B0EE667AC4ED1D6ACA
:1033680016E79FED277A84ED1D6A11E79FED247A11
:10337800C4ED236A32E79FED280A80EE070A08F0B9
:103388009FFBF7EE007AB5EEC08A37EEC00AF1EE81
:1033980010FA84ED280A09D4DFED207AB4EEE78A22
:1033A800F1EE10FA0DDD9FED1E8A01E09FED0F8A08
:1033B8004FF07E5384ED298ABDEC048BC4F8A83005
:1033C80038BDF1EE007A28EE278AF1E7DFED0B7AB7
:1033D80020EE270AD1E7B0EE467AFFE6B0EE667A2D
:1033E800A8E6B0EE667AD3E6000096440000000036
:1033F80048E1FA3E6666E63E6F12833ADB0FC9C0C3
:10340800BC9C0240F5792B6DEAF356DA0000802F58
:10341800CDCC4C3D77BE7F3F2FE3CDBB6666863F64
:10342800666686402DE9F04F2DED068B0F9CB7EEB2
:10343800006AD0ED075AA342D0ED044A36EE654A39
:1034480090ED055A80F2678101EB840836EE452A33
:1034580002EB830EF0EE042A01EB830CB0EE003A87
:10346800F6EE006ADFEDAE1AF7EE083A056A046B6D
:1034780090F84CA090F85C90476A466BC16BC26AA2
:10348800F9E0D0ED0A7AF8EE670AB4EEE01AF1EE48
:1034980010FA00F32E81FDEEC17AF8EEE70A17EE76
:1034A80090BA71EE600A531EA3EB0B0313F1010BE4
:1034B80048BFBB44002B05EB8B0B9BED008AC0F289
:1034C800098105EB830B9BED001A03F1FF3B002BF1
:1034D80000F00881F0EE487A023B05EB8B0B37EEE3
:1034E800467A48BFDB19E1EE627ADBED008A05EB2C
:1034F8008303B4EEC67A31EE680A93ED009A78EE4B
:10350800C89AF1EE10FA39EE488AE8EE837A20EE8E
:10351800230AA8EE260AE9EE667AE0EE207A67EE3C
:10352800A07AE9EEA67AA7EEA01AC0F2DD80D0ED67
:103538000E7AF8EE670AB4EEE07AF1EE10FA00F3CC
:10354800E180FDEEC77AF8EEE70A17EE90BA77EE5B
:10355800600A4B1EA3EB0B0313F1010B48BFB344E6
:10356800002B04EB8B0BDBED008AC0F2A98004EB87
:10357800830B9BED007A03F1FF3B002B00F0A88042
:10358800F0EE687A023B04EB8B0B90ED120A48BF11
:103598009B19E7EE627A9BED009A04EB830337EE02
:1035A800498AD3ED009A39EE68AA28EE238AE9EE13
:1035B800037A79EEE88AA8EEA68AE9EEE67AE8EEDA
:1035C800207A90ED118A67EEA07AEAEE267AA7EEC5
:1035D800A07A65EE077AE1EE027A67EEA47A77EED2
:1035E800C00AA8EE200A80ED120ABAF1000F01D035
:1035F80037EEC00A65EE017AD0ED160AD0ED158ACD
:10360800E7EE027A67EEA47A37EEE08AE8EE880AF7
:10361800C0ED160AB9F1000F01D077EEE00ADCED33
:10362800007A05EB8203013225EE811A77EE807A63
:10363800BA4208BF002225EE877AC3ED007A04EB70
:103648008103C2620131DEED007AB14208BF002178
:1036580077EEA07AC3ED007AC163DCED007AA7EEBD
:10366800841AACEC011AC445DEED007AA7EE847A20
:10367800AEEC017A4FD0D0ED1A7AD0ED190A90ED60
:10368800188A70EEE70A90ED1D7A90ED1C1A90EDFD
:103698001B0AE8EE207A31EE471AA0EE017A37EEDF
:1036A800C61AC0ED1A7AB4EEC61A80ED1D7AF1EE8C
:1036B80010FABFF6E6AEF0EE610A4FF0010BF2E643
:1036C80006EB030B04EB8B0B9BED007A03F1FF3B3E
:1036D800B34455E707EB030B05EB8B0B9BED001A87
:1036E80003F1FF3BBB44F5E6F0EE610A4FF0010B36
:1036F8002FE7FDEEE07A17EE90BAF8EEE77A70EE73
:10370800E70AD0E6FDEEE07A17EE90BAF8EEE77A2F
:1037180070EEE70A1DE7BDEC068BBDE8F08F00BF31
:1037280000000000B1F5C87F9FED976AF1EE005ADE
:1037380028BF4FF4C871F6EE006A142938BF142167
:1037480007EE901AF8EEE77A2DE9F84387EE867AC5
:1037580000F5583505F6844395F8C97C2DED0A8B9C
:10376800D3ED00AAC6EE278AC5F8881CB6EE088AEB
:1037780027EE257ACAEE877A28EE888A68EEA68A26
:1037880077EEA67AFDEEE77A17EE903A012BB8BFEE
:103798000123C5F88C3C002F7ED000F5A0447B4A5D
:1037A8004FF07E517A4804F28C73D3ED017A1A6196
:1037B800B4EEE78A774A83ED028AC3ED038AF1EE15
:1037C80010FA5861D9619A6103DDB0EE678AC3EDDA
:1037D800027AF4EEE78AF1EE10FA05DDF0EE678A78
:1037E80004F28C73C3ED037A04F28C7104F2EC706A
:1037F80004F5FF6204F2CC7391ED007ADFED667A8E
:1038080027EE088ADFED656A27EE287A80ED018ABF
:1038180082ED017A93ED000A60EE277AF4EEE67AFB
:10382800F1EE10FA00F10582DFED5D7A87EE800A8D
:1038380008F046F904F2CC7104F2DC73DFED567A35
:10384800DFED566A0022B7EE007A37EE400A81EDC6
:10385800010A93ED000A84F8D82760EE277AF4EE7F
:10386800E67AF1EE10FA40F189819FED4E7A67EE23
:10387800877A87EE800A08F023F904F2DC720023C5
:10388800F7EE007ABDEC0A8B37EEC00A82ED010A2A
:1038980084F8E837BDE8F883F5EEC0AA45F28C73E2
:1038A800414E0344F1EE10FA03F178021E4440F34E
:1038B8008580DFED3E7AF4EEE7AAF1EE10FA40F1EA
:1038C8006381DFED3D7A00F5A04487EEAA9A04F201
:1038D8008C73C3ED00AAB4EEE69AF1EE10FA7DDD22
:1038E80045F6C45945F6C058C3ED016A1046394635
:1038F800C4F8AC27C4F8B097B0EE669A2C4AC4F85E
:10390800B4870AF0D9FB3046294A3946C4F8C0972B
:10391800C4F8B877C4F8BC67C4F8C4870AF0CCFB0D
:10392800C4F8C877DFED1C9A04F2CC73DFED217A76
:10393800B0EE6ACA6AEEA99A9FED1A7AC3ED00AA98
:10394800F4EEE79AB0EE69BAF1EE10FA48BFF0EE7D
:10395800697A27EE870A80EE2A0A08F0B1F8002370
:1039680084F8D837DFED137AB4EEE7BAF1EE10FA3F
:1039780040F16D81DFED0B7AF0EE6ABA6BEE277AD3
:1039880087EEAA0A67E000BF000070423D0AD73EF2
:10399800EC51383E0040834548E1FA3E00408345FB
:1039A800C22ACEC6DB0FC9C0887701008096184BA3
:1039B8001077010000007A440080BB465FED027A70
:1039C80000F5A044A54987EEAA9A04F28C73196001
:1039D800B4EE669AF1EE10FA36FE899A002704F2E0
:1039E8008C7345F6C45945F6C05883ED019A1046C4
:1039F8003946C4F8AC27C4F8B097994AC4F8B487D4
:103A08000AF05AFB3046964A3946C4F8C097C4F8BB
:103A1800B877C4F8BC67C4F8C4870AF04DFBF5EE64
:103A2800C0AAC4F8C877F1EE10FA00F3DF8004F2F8
:103A3800CC739FED8CCA8C4A83ED00CA5A6084F817
:103A4800D87700F3E480DFED899AF0EE4CBA9FED69
:103A5800880AB0EE69BA04F2DC73B7EE00AAC3EDC7
:103A680000BA08F02DF8DFED837ABFEE007A002364
:103A78006AEEA77A84F8E837C7EE27CAB0EE6C0A70
:103A880008F01EF8F0EE407A04F2EC73B0EE6C0A1F
:103A98007AEE677AC3ED007A08F012F83AEE400A37
:103AA80004F5FF62B4EEC98A04F28C73724982EDA0
:103AB800000A724AF1EE10FA83ED028A5A61704ADE
:103AC800C3ED038A196183ED07AA9A6103DDB0EE9D
:103AD800498A83ED029AF4EEC98AF1EE10FA05DDFF
:103AE800F0EE498A04F28C7383ED039ADFED657A70
:103AF800F4EEE79AF1EE10FA43D59FED630A29EE4A
:103B0800800A80EE0C0A07F0DBFF9FED5E7A04F274
:103B1800CC73F7EE007AB4EEC7BA37EEC00AF1EE0E
:103B280010FA83ED010A26D59FED570A2BEE000AFD
:103B380080EE2B0A07F0C4FF04F2EC7204F5FF6371
:103B480004F2DC740121F7EE007A2AEE888A6AEE24
:103B5800A88A37EEC00A84ED010A82ED018A82ED57
:103B6800028AC3ED018AC3ED028A85F8C91CBDEC3F
:103B78000A8BBDE8F8839FED450AD9E7DFED437A64
:103B880077E69FED420ABCE7DFED417A00F5A044F5
:103B9800324987EEAA9A04F28C731960B4EEE69A59
:103BA800F1EE10FA7FF71AAF45F6C45945F6C0583A
:103BB800C3ED016A10463946C4F8AC27C4F8B0977B
:103BC800B0EE669A264AC4F8B4870AF075FA304609
:103BD800234A3946C4F8C097C4F8B877C4F8BC6714
:103BE800C4F8C4870AF068FAC4F8C877DFED297A00
:103BF800F4EEE7AAF1EE10FA3FF594AE04F2CC73B6
:103C08001649194A19605A60002384F8D837DFED3D
:103C1800217AF4EEE7AAF1EE10FA0FD4DFED139A49
:103C28009FED10CAB0EE69BA9FED110AF0EE4CBADA
:103C380011E79FED157A67EE877AF7E59FED16BADB
:103C4800DFED0A9A2AEE8BBA9FED06CA8AE6DFED07
:103C5800137AF0EE6ABA87EEAA0AFCE600803B47C0
:103C68001077010000803B472047FB3D00C0B74666
:103C7800920A06BE9A99193E3D0AD73EEC51383E43
:103C88000040834500408345DB0FC9C0C22ACEC629
:103C98000080BB468096184B48E1FA3E7C59C4C563
:103CA8002DE9F04F00F55835002204464C4805F63A
:103CB80084432DED088B83ED000A0BEE901AB0EECD
:103CC800408A9DB001466F2385F8C92CC5F8942C0D
:103CD800C5F8902CC5F8982CC5F8A02CC5F89C2CD4
:103CE800C5F8A42C01E011F8013F0132002BFAD1EC
:103CF8003C4B77213C4E53406F2201E010F8012FD6
:103D08004B40114606FB03F34FEAF343002AF5D173
:103D1800364983EA1343364801FB03F3354983EAFE
:103D2800533301FB03F3014683EA134323606F23F4
:103D380001E011F8013F0132002BFAD1294B77211C
:103D4800294E53406F2201E010F8012F4B401146D5
:103D580006FB03F34FEAF343002AF5D1234983EA2C
:103D68001343254801FB03F3224983EA533301FB3C
:103D780003F3014683EA134363606F2301E011F8FC
:103D8800013F0132002BFAD1164B7721164E5340D2
:103D98006F2201E010F8012F4B40114606FB03F398
:103DA8004FEAF343002AF5D1104983EA134301FB94
:103DB80003F3104983EA533301FB03F30F4983EA02
:103DC80013430846A3606F2301E010F8013F013256
:103DD800002BFAD1034B6F2603485340772211E09A
:103DE800A908002067E6096A512D9ECC6BCAEB85AD
:103DF800BD08002035AEB2C2D1080020E508002079
:103E080011F8016F5340324600FB03F34FEAF343C6
:103E1800002EF5D1CE4A83EA1343B5EEC08ADFF807
:103E2800B4C302FB03F3CB4A09AF4FF0000983EA9E
:103E38005333F1EE10FA02FB03F383EA1343E36012
:103E48009CE80F0087E80F0040F33986DFEDC27A5F
:103E5800B4EEE78AF1EE10FA00F1FA82BF4B04F1F2
:103E6800200C236197E80F008CE80F00DFEDBA7A89
:103E7800B4EEE78AF1EE10FA00F1F282B74B236351
:103E8800DFEDB57AB4EEE78AF1EE10FA00F161875A
:103E9800B24B04F10C0EB24AE363B24BA363B24BCC
:103EA80007CA636404F1480387E8070083E807004A
:103EB800DFEDA97AB4EEE78AF1EE10FA00F1F682A6
:103EC800A64BA3650223E366DFEDA37AB4EEE78A87
:103ED800F1EE10FA00F1EE82A04B23670223C4F83A
:103EE8008430DFED9D7AB4EEE78AF1EE10FA00F146
:103EF800E682B2EE006A9FED9D7ADFED9D7ABFEE15
:103F0800000AC7EE086A954BC4F890E0C4F88830F8
:103F18000023C4F88C3086EE087A68EE277A80EEA3
:103F2800270AC4ED2F6A84ED307A07F0C9FD04F141
:103F3800C80084ED310ADFED887AB4EEE78AF1EE45
:103F480010FA00F1DD82854B0090C4F8C830FEF706
:103F580019FA01230098C4F8CC30FEF713FA854B00
:103F68000098C4F8D030844BC4F8D4300023C4F887
:103F7800D830FEF707FADFED787AB4EEE78AF1EE8B
:103F880010FA00F1D482754BC4F8FC30DFED727A78
:103F9800B4EEE78AF1EE10FA00F1DF866F4BC4F851
:103FA8000831764BC4F80431DFED6B7ADFED748AA3
:103FB800B4EEE78A9FED730AF1EE10FA48BFF0EE0F
:103FC800488A4FF07E539FED6E7ADFED636A04F105
:103FD8009002C4F820314FF001086B4B84ED440A7D
:103FE800C4F81C312346C4ED458AB5EEC08AF0EE0C
:103FF800477AF1EE10FA08DDB4EEE68AF1EE10FA2F
:1040080054BFF0EE477AF0EE487AC3ED497A183398
:10401800C3F820819A42E8D1B5EEC08A04F5DA7077
:10402800F1EE10FA40F33285DFED4B7AB4EEE78A11
:10403800F1EE10FA40F13D8684ED6D8A0090FEF7AE
:10404800A1F90098C4F8B881FEF79CF99FED4F7A62
:10405800DFED4F6AF0EE487A28EE077A009886EE90
:10406800870AC4ED7A7A04F65828009007F028FDEC
:10407800DFED487A9FED487A68EEA77A3E4B84EDEB
:104088007C0AC4F8C0310023F4EE477A0098C4F8DB
:10409800C431DFED3BAAF1EE10FA9FED40BA9FED77
:1040A80040AADFED409A77FE277AC4ED6F7AFEF7D3
:1040B80069F94C223C49384605F0ECFF4FF0814342
:1040C8003A4604F108010A934FF07A5304F5FA705E
:1040D800B0EE480A0D9304F55A77344B9FED349AA5
:1040E8000993344BDFED348A0B93344B0C93344BE8
:1040F8000F93344B1093344B1193344B1293344B2E
:104108001393FEF709FD45F2B873221DDFF8C8E0E6
:104118000DF1100CE318019202940093009C009595
:10412800019DBEE80F00ACE80F00B5EEC08AF1EEC5
:1041380010FA40F35082F0EEC87AF4EE4B7AF1EEC2
:1041480010FA94BFF0EE487AF0EE6A7A4AE000BFBF
:104158006BCAEB8535AEB2C28096184B00803B47E0
:10416800000700206DE87F3FA5437F3F0000FA4429
:104178006F12033B0000E1448104353FA0CB7F3F31
:1041880000803B4727C17F3F0AD7A33D0AD7A33DFD
:10419800550CDDC06666E63E00C0DA45FFFF7F7F4E
:1041A8000AD7A33EAE47613E0C0700209A99193EF4
:1041B8009A9919409A99193FCDCC4C3F0000614417
:1041C800CDCCCC3E6F12833BEC51383E6666E63E62
:1041D8008FC2F53DF00600205807002000000000BF
:1041E800CDCC4C3D0DF11009A7F1240E8DED04AA9C
:1041F8004FF4DE7BCDED059A4FF4DC7A8DED079A0E
:10420800BC4647ED0B7A47F8285CCDED088A5FED90
:104218000D7AB9E80F00AEE80F00D9F80030CEF8F3
:10422800003047F8107C47E903BAECEC017AE04526
:10423800FBD157ED0B7ABFEE000A1FED177A4FF04E
:10424800000967EE877A47F8049C80EE270A07F092
:1042580037FC41F2145241F2D44390443B44174492
:10426800BC4283ED000A7FF460AF029C40F2097102
:10427800DA4A4B4604F55430009D971DCC46A0F809
:10428800DA1A40F206310190A0F8DC1AC0F8D42AF4
:104298000120D349DDF804E001E012F8013FA1FB59
:1042A800039897424FEAD80808EB4808A3EB88031D
:1042B80003F10C03A1FB03984FEAD80808EB480860
:1042C800A3EB880300FA03F34CEA03031FFA83FC09
:1042D800AEF8D8CAE1D1C34AB2EE086ADFEDC26AC5
:1042E8000023224407EE903A0133F8EEE77A0C2BCC
:1042F80067EEA67A87EE867AA2EC017AF2D1019867
:10430800BA4900F52E62C0F8183BDFF820C35163A4
:10431800C2ED0C6A4522A444B54BC0F81C2B002200
:10432800674603F10F01C5F8A82C0522C5F8AC2C87
:104338000322C5F8B02C0422C5F8B42C624601E06B
:1043480013F8016B994202F8016FF9D1A9480223C9
:10435800A94900222044C5F824342144C5F828245A
:104368000346C5F82C2485F830241A60303303F846
:104378002C2C03F82B2C9942F7D1A04BA5F820241C
:104388009F4AE3182244039317F8013F072B00F2D2
:104398004B83BA42F8D101234FF00208B7EE007AF6
:1043A800664602930023C646DFF880929A46A846DE
:1043B8000094D645A8BFD646BEF1000FC0F2E380F0
:1043C800DFF86CC20EF1010E74780027B4440121A5
:1043D800D8F828B4BBF1000F40F3E08000231A4658
:1043E80003E001325A4500F0D78050F823500C33CF
:1043F8008D42F6D102EB420200EB021292F805B0B0
:10440800BBF1000F00F0B080511D002303E0013321
:104418005B4500F0A98011F8015FA542F7D102EBD6
:104428008303D3ED047A77EE877AC3ED047A0137F4
:10443800BE4500F0A88074780CEB0903012113F83D
:10444800012F9E4202EBC101F9D10CF1FF3CBFE7FD
:1044580004F1200C84ED048A97E80F008CE80F0023
:10446800F0EE487A84ED0C8A9FED667ADFED668A75
:1044780067EE877A84ED0F8A88EEA70A07F020FB9B
:1044880084ED0E0A9FED610A28EE000A88EE800A84
:1044980007F016FB5E4A04F1480304F10C0E84EDA4
:1044A800110A07CA87E8070083E80700022384ED9A
:1044B800168AE366022384ED1C8AC4F88430B2EEBF
:1044C800006A9FED547ADFED547ABFEE000AC7EE1A
:1044D800086A0023C4F890E084ED228AC4F88C307E
:1044E80086EE087A68EE277A80EE270AC4ED2F6AEE
:1044F80084ED307A07F0E4FA04F1C80084ED310A5B
:1045080084ED328A0090FDF73DFF01230098C4F83E
:10451800CC30FDF737FF414B0098C4F8D030404B02
:10452800C4F8D4300023C4F8D830FDF72BFFF0EEE0
:10453800487A84ED3F8A9FED3B7AF0EE488A9FEDFA
:10454800329A67EE877A84ED428A89EE270A07F065
:10455800B7FA84ED410A9FED340A28EE000A89EE85
:10456800000A07F0ADFA2CE502EB0B0301379C714A
:10457800BE4502EB8B030BF1010B83ED047A82F845
:1045880005B07FF458AF0AF1010A0136BAF1100FED
:1045980050D0D8F824E40CE72F2A15DC0BF10103DE
:1045A8000BEB4B02C8F82834009B03EB021300EB1B
:1045B800021203F55433C3F8201B4FF0000183F8AF
:1045C800247B83F8251B19E74FF00102002388F8A4
:1045D800302402932BE7F0EE6A7A03E65A090020AA
:1045E800ABAAAAAAE05A0300000096440000DC43E4
:1045F80005090020205B030020640300B86C030059
:10460800C76C0300CDCCCC3E550CDDC0CDCC4C3DA9
:10461800000700200000FA446F12033B0000E14449
:104628008104353FEC51383E9A99193EB76C030026
:104638004893FCFF009C4546029B85F8C83C95F8CA
:10464800B83C072B1AD895F8B93C072B16D8D5F8DB
:104658002434022B1A46A8BF0222002B0CDDC2F11B
:1046680002010398012B415C85F8201404DDC2F196
:104678000303C35C85F82134C5F82C24EC480023D7
:10468800102205212044FDF747FD0423E9481022A4
:1046980019462044FDF740FDE74801231022204435
:1046A8000B21FDF739FDE5480023102220440321A2
:1046B800FDF732FDE2480223102220440921FDF7CC
:1046C8002BFDB5EEC08AF1EE10FA40F3CF82DFED94
:1046D800DD7ADFEDEC8AB4EEE78AF1EE10FA48BF36
:1046E800F0EE488A04F55035F423D748002605F241
:1046F8008C79DFF87C8320444FF4747209F5805775
:10470800A0443146C7EDCE8AC5F89837C5F8783B3E
:10471800F023C5F89407C5F89C37C5F87C3BC5F865
:10472800748B09F0C9FC4FF4747231464046C5F8E1
:10473800A06709F0C1FC019BC4484FF47172C5F829
:10474800806B3146C3F8AC6A2044C3F8B06AC3F83A
:10475800B46A09F0B1FC9FEDBE7A0023019AFFEE1E
:10476800007A28EE870AC7F83033C2F8B86AC2F868
:10477800C06AC7F8443387EE800AB64B89ED017AE0
:10478800C9ED007AC7F83C3307F09AF9B5EEC08A4C
:1047980087EDD00AB04FF1EE10FA274440F32E828D
:1047A800DFEDA87AB4EEE78AF1EE10FA40F1B682AE
:1047B80005F22463384607F1340983ED008AFDF7D2
:1047C800E1FD07233846C5F82836FDF7DBFDF0EE96
:1047D800487A05F224664846DFF898A24FF00008A8
:1047E800C6ED0D7AFDF7CEFD07234846DFF888B2FF
:1047F800C5F85C36FDF7C6FD0123C6F870A038463B
:10480800C6F868B0C6F86C8085F89836C6F80CA06B
:10481800C6F808B0C6F81080FDF7B4FDC6F840A089
:104828004846C6F83CB0C6F8448007F1780AFDF758
:10483800A9FDB5EEC08AF1EE10FA40F3C481DFEDB0
:10484800817AB4EEE78AF1EE10FA40F14B8205F274
:104858009C635046DFF8248283ED008AFDF792FDC1
:1048680006235046A044C5F8A036FDF78BFDF0EEB0
:10487800487A05F29C6640469FED789A4FF0000B07
:10488800C6ED0D7AFDF77EFD06234046DFED748AFE
:10489800C5F8D436FDF776FD0123504686ED1A9A01
:1048A800C6ED1C8AC6F86CB085F8103786ED029AFA
:1048B800C6ED038AC6F810B0FDF764FD404686EDE4
:1048C8000F9AC6ED108AC6F844B0FDF75BFDB5EE49
:1048D800C08A07F1F002F1EE10FA40F3A981DFED8A
:1048E800597AB4EEE78AF1EE10FA40F1C28105F286
:1048F80014731046009283ED008AFDF743FD0823E8
:10490800009AC5F81837574B104623440193FDF712
:1049180039FDDDE9002305F21476184601924FF0BF
:10492800000B86ED0D8A0093FDF72CFD009B0821F6
:10493800DFED4D8AC5F84C171846FDF723FD9FEDAE
:104948004B8A019A012186ED1C8A1046C6F86CB084
:10495800C6ED1A8A85F8881786ED038AC6ED028A9D
:10496800C6F810B0FDF70EFD009B86ED108AB0EE7C
:10497800008A1846C6ED0F8AC6F844B0FDF702FD56
:1049880005F5CB61384605F2246787ED1B8AC7F821
:104998002CB0C7F830B0C1F82CB0C1F830B087EDF2
:1049A800048AFDF7EFFC484687ED118A05F29C67FB
:1049B800FDF7E8FCDFF8C89005F5DA61C7F82CB018
:1049C800C7F830B05046C7F86C9005F5E965C1F8EE
:1049D8002CB0C1F830B0C7F81090FDF7D3FC4046B2
:1049E800C7F84490FDF7CEFC019A86ED1B8A104665
:1049F800C6F82CB0C6F830B0C5F82CB0C5F830B041
:104A080086ED048AFDF7BEFC009B86ED118A1846E8
:104A1800FDF7B8FC1BEE901A2046FEF783FE1DB08A
:104A2800BDEC088BBDE8F08F0023029304E600BFBD
:104A380034640300446403005464030064640300A2
:104A4800746403008096184BA4470300E8560300DB
:104A58000AD7A33D0629643F2446030000004844C2
:104A6800CDCC4C3F4847030000C0DA458104353FB0
:104A7800844B03008104353F0000DC42D04603002C
:104A8800000020C000803B47E3C8EBBA1FED039A43
:104A9800009084ED6D9AFDF775FC0098C4F8B88114
:104AA800FDF770FCB5EEC08A0098F1EE10FA00F33D
:104AB8000C81F0EE497A1FED0C0AFFF7D2BADFF845
:104AC800E48204F1200E97E80F00C4F810808EE805
:104AD8000F003FF7CBA9C4F830803FF7D1A9A74B07
:104AE8000CF1100CC4F83C8004F10C0EA363A44B29
:104AF8009CE80700636404F1480387E8070083E83B
:104B080007003FF7D5A94FF00203C4F85880E366C1
:104B18003FF7DAA9C4F88430C4F870803FF7E1A9F8
:104B2800B2EE006A9FED977ADFED977ABFEE000A42
:104B3800C7EE086AC4F890E0C4F88880C4F88C60AE
:104B480086EE087A68EE277A80EE270AC4ED2F6A87
:104B580084ED307A06F0B4FFB5EEC08A04F1C800DF
:104B680084ED310AF1EE10FA3FF7E5A9C4F8C880E0
:104B78000090FDF707FC01230098C4F8CC30FDF73E
:104B880001FC824B0098C4F8D030814BC4F8D8900F
:104B9800C4F8D430FDF7F6FBB5EEC08AF1EE10FA92
:104BA8003FF7E9A9C4F8FC803FF7F0A9DFED798A5F
:104BB800794BC4ED428AC4F804313FF7F5A99FED5B
:104BC800770AFFF7FEB905F29C63DFED728A50465B
:104BD800DFF8E481C3ED008AFDF7D4FB06235046D5
:104BE800A044C5F8A036FDF7CDFBB5EEC08AF1EEBE
:104BF80010FA00F38780F0EE687A3AE605F224634B
:104C0800DFED648A384607F13409C3ED008AFDF701
:104C1800B9FB07233846C5F82836FDF7B3FBB5EED0
:104C2800C08AF1EE10FA00F38880F0EE687AD0E5D9
:104C380005F21473DFED578A10460092C3ED008A1F
:104C4800FDF7A0FB0823009AC5F81837544B104607
:104C580023440193FDF796FBB5EEC08ADDE90023F6
:104C6800F1EE10FA19DCB0EE688A54E6DFED498AF5
:104C780038E505F214734B49104600921960FDF7A8
:104C880081FB0823009AC5F81837454B1046234482
:104C98000193FDF777FBDDE900239FED437ADFED14
:104CA8003D7AB4EEC78AF1EE10FA58BFB0EE678AC3
:104CB80031E63C4B0090C4F8B431FDF763FB009833
:104CC800C4F8B881FDF75EFB0098DFED377AB4EEE3
:104CD800E78AF1EE10FA44D49FED340ADFED2D7A1D
:104CE800FFF7BFB905F29C632E4A5046DFF8C8802B
:104CF8001A60FDF747FB06235046A044C5F8A036C6
:104D0800FDF740FB9FED287ADFED227AB4EEC78AE3
:104D1800F1EE10FA48BFF0EE487AAAE505F22463EE
:104D2800204A384607F134091A60FDF72BFB0723A0
:104D38003846C5F82836FDF725FB9FED1B7ADFEDD1
:104D4800157AB4EEC78AF1EE10FA48BFF0EE487A49
:104D58003FE5DFED107AFFF787BBDFED0E7AFFF74F
:104D6800EABB9FED137AF0EE487ADFED126A28EE7F
:104D7800077A86EE870AFFF774B900BF6DE87F3FB0
:104D8800A5437F3F0000FA446F12033B0000E14453
:104D98008104353F00803B47A0CB7F3F27C17F3F41
:104DA8004847030000803B478096184BE3C8EBBA9E
:104DB8000AD7A33D550CDDC0D04603002C4AB1EEFE
:104DC800087ADFED2C6A0A4482EAD23342F0010203
:104DD8002DE9F04F02FB03F385B000F5583483EA60
:104DE800D3120191C4F8A41C43F03D01009001FBCB
:104DF8000232534083EA933307EE903AF8EE677A2B
:104E080067EEA67A67EE877AFDEEE77A17EE903AB4
:104E1800052B00F3FD82184A23EAE37300F5543E9C
:104E28001649D35C0920164A8EF8DA0AC8188EF893
:104E3800DC3A90F801C0CB5C0321ACEB030C9E1864
:104E48008EF8DD1A00215FFA8CFCCEF8D46AAEF831
:104E5800D81A8EF8DBCABCF1000F00F04C83D15C85
:104E6800E3464FF001090023064FA9EB06080DE0C1
:104E7800F5792B6D0000802FC04A0020180A002009
:104E880030090020ABAAAAAA16F8011FA7FB010245
:104E980008EB0600D208844502EB4202A1EB82022D
:104EA80002F10C02A7FB02514FEAD10101EB4101CB
:104EB800A2EB810209FA02F243EA02039BB2AEF8BE
:104EC800D83AE1DC0023C94AC948F1EE086A0099DA
:104ED800C84EC4F8A83C0844019B9FEDC77A1A4401
:104EE8001E44DFF850C3C54F42F0010582EAD233B1
:104EF80004213A4405FB03F383EAD31543F03D0E3E
:104F08000EFB05356B4083EA933307EE903AF8EED3
:104F1800677A67EE877A67EEA67AFDEEE77A17EE8C
:104F2800903A052B23EAE373D8BF5CF82310964226
:104F380091FBFBF30BFB131140F8041FD4D1009B2A
:104F4800AF489FEDAD7A184486EAD63346F001069D
:104F580006FB03F343F03D0183EAD31201FB02325F
:104F6800534083EA933307EE903AF8EE677A67EE98
:104F7800877AB0EE677ABEEECF7A17EE101A032959
:104F880000F3448221EAE171033100231022FDF786
:104F9800C3F8019B9B4AB0EE087A9B481A44009BD1
:104FA800DFED956A184482EAD23342F0010202FB2F
:104FB80003F343F03D0183EAD31201FB023253406D
:104FC80083EA933307EE903AF8EE677A67EEA67AAB
:104FD80067EE877AFDEEE77A17EE901A022900F35A
:104FE800138221EAE171023104231022FDF794F8BB
:104FF800019B864AB1EE0C7A85481A44009BDFED86
:105008007E6A184482EAD23342F0010202FB03F3BB
:1050180043F03D0183EAD31201FB0232534083EA95
:10502800933307EE903AF8EE677A67EEA67A67EE62
:10503800877AFDEEE77A17EE901A062900F3E281E7
:1050480021EAE1710731019D1022724E9FED6A7AC3
:105058002E4486EAD63346F0010606FB03F383EABC
:10506800D31643F03D0707FB0636734083EA9333B4
:1050780007EE903AF8EE677A67EE877AF0EE676A9D
:10508800FEEECF6A16EE903AF0EE086A83F302035A
:10509800FDF742F8604A009B2A446048184482EAB7
:1050A800D23342F0010202FB03F343F03D0183EAED
:1050B800D31201FB0232534083EA933307EE903A4E
:1050C800F8EE677A67EE877A67EEA67AFDEEE77AFA
:1050D80017EE901A022900F3938121EAE171033156
:1050E80000231022FDF718F8019B4D4AB1EE047A0F
:1050F8004C481A44009BDFED406A184482EAD233D8
:1051080042F0010202FB03F343F03D0183EAD312AC
:1051180001FB0232534083EA933307EE903AF8EEEC
:10512800677A67EEA67A67EE877AFDEEE77A17EE7A
:10513800901A042900F37F8121EAE1710731019D6A
:105148001022394EB0EE086A9FED2B7A2E4486EA7B
:10515800D63346F0010606FB03F343F03D0783EA26
:10516800D31607FB0636734083EA933307EE903A6B
:10517800F8EE677A67EE877AF0EE676AFEEECF6A36
:1051880016EE903AF1EE046A83F30203FCF7C4FFCB
:10519800264927482944DFF8A0C0DFF860E041F03D
:1051A800010281EAD133AC4402FB03F3009A43F0D5
:1051B8003D06104483EAD312074606FB0232064630
:1051C800534083EA933307EE903AF8EE677A67EE36
:1051D800877A67EE867AFDEEE77A17EE902A22EA5A
:1051E800E272022AA8BF02222EE000BFEAF356DAD2
:1051F800A86C0300C961D9210000802FF5792B6DB7
:1052080034640300BEDB048F44640300B35530FCF0
:1052180054640300A8CF5B699D4987D66464030082
:1052280092C3B24374640300873DDEB07CB7091EA5
:10523800B76C0300A84A0020CC56C1F0D21828D574
:10524800614502F1080229D0714406F8012F41F0A6
:10525800010581EAD13305FB03F383EAD31543F053
:105268003D0808FB05356B4083EA933307EE903A17
:10527800F8EE677A67EE877A67EEA67AFDEEE77A48
:1052880017EE903A23EAE375042BA5F10203D5DD66
:105298000232072AC8BF083A6145D5D1009B0022CF
:1052A800DFF874C295499C44C4F8282419440223A1
:1052B800C4F82C24C4F82434634684F830241A60D3
:1052C800303303F82C2C03F82B2C9942F7D18C4B54
:1052D800A4F820241A46009B9A180392894A1A4473
:1052E80017F8013F072B00F20381BA42F8D10123D6
:1052F8004FF00208B7EE007ADFF8209202930023FD
:10530800C646A0469A46D645A8BFD646BEF1000F67
:105318004EDB7D4F0EF1010E45780026C71901219D
:10532800D8F828B4BBF1000F4DDD00231A4602E07F
:1053380001325A4545D05CF823400C33A142F7D1DD
:1053480002EB42020CEB021292F805B0BBF1000F1F
:1053580020D0511D002302E001335B451AD011F81B
:10536800014FAC42F8D102EB8303D3ED047A77EE18
:10537800877AC3ED047A0136764519D0457807EB6C
:105388000903012113F8012F984202EBC101F9D159
:10539800013FC5E702EB0B0301369D71764502EB31
:1053A8008B030BF1010B83ED047A82F805B0E5D18C
:1053B8000AF1010A0130BAF1100F3ED0D8F824E4FE
:1053C800A1E72F2A15DC0BF101030BEB4B02C8F800
:1053D8002834009B03EB02130CEB021203F5543341
:1053E800C3F8201B4FF0000183F8246B83F8251BBA
:1053F800AAE74FF00102002388F830240293BAE7A5
:1054080005216DE60D211EE60421EDE50621BCE52A
:10541800009B4FF0050B3D4E002103F5543E40F232
:105428000953DC46AEF8DA3A40F21B33CEF8D46AB8
:10543800AEF8DC3A15E50B2181E64446029B84F878
:10544800C83C94F8B83C072B1AD894F8B93C072BF9
:1054580016D8D4F82434022B1A46A8BF0222002BEF
:105468000CDDC2F102010398012B415C84F8201481
:1054780004DDC2F10303C35C84F82134C4F82C248E
:10548800234AB1EE047A019BDFED226A13441A46DF
:1054980083EAD33342F0010202FB03F383EAD31217
:1054A80043F03D0101FB0232534083EA933307EE98
:1054B800903AF8EE677A67EEA67A67EE877AFDEE9D
:1054C800E77A17EE903A042B0BDC23EAE373009893
:1054D800C3EBC30303F15401FEF724F905B0BDE89B
:1054E800F08F70210098FEF71DF905B0BDE8F08F28
:1054F80000230293A2E74FF0010BE3E420640300CA
:10550800B86C0300C76C03004893FCFFEA0900204D
:10551800C1D0EC5D0000802F205B0300B76C030056
:10552800EB4AEC492DE9F84FEB4B0027DFF8E48311
:105538004FF07E554FF07C564FF0804ADFF8D893F5
:105548000446DFF8D8B32DED028B4261E34A0362CB
:10555800002342629FEDE28AE24A86648666C36659
:10556800C0F82CA0C0F8308047638763C0F83C803F
:10557800076447644565C0F85880C765076647668D
:10558800C0F8708047678767C76780ED148A8561B0
:10559800C0F81080C761C0E90033C0E902338262F5
:1055A800D14AC0F88060C264D04AC0F88430C0F8DC
:1055B800CC30C0F8D0B0C0F8D490C0F88880C0F81B
:1055C8009470C0F89870C0F89C70C0F8A070C0F8CB
:1055D800A470C0F8A870C0F8AC70C0F8B070C0F87B
:1055E800B470C0F8B850C0F8BC70C0F8C070C0F84B
:1055F800C470C0F8C880C0F8D870C0F8DC70C0F8B3
:10560800E070C0F8E470C0F8E870C0F8EC70C0F85A
:10561800F050C0F8F470C0F8F870C0E92333C0F84F
:10562800FC8000F5927040F8082C902240F8247C09
:1056380040F8207C40F81C8C40F8187C40F8147C1A
:1056480040F8108C40F80C5C40F8045C04F022FD33
:10565800A748A8490023C4F8080241F65002A64802
:1056680046F6A04CC4F80012F0EE047AC4F818020A
:105678002244A248A444A249C4F81C02A148C4F880
:10568800BCB1C4F82002A048C4F8C091C4F8306284
:10569800C4F80C12C4F8241284ED8B8AC4F8B481BF
:1056A800C4F8B831C4F8C471C4F8C871C4F8CC716E
:1056B800C4F8D071C4F8D471C4F8D871C4F8DC51F6
:1056C800C4F8E071C4F8E471C4F8E881C4F8EC7176
:1056D800C4F8F071C4F8F481C4F8F831C4F8FC7166
:1056E800C4F80472C4F81072C4F81472C4F828021A
:1056F800DFF82CE2C4F834122146C4F84062C4F83A
:105708005862C4F87062C4F88862C4F838727F4E70
:10571800C4F83C72C4F84472C4F84882C4F84C72A5
:10572800C4F85072C4F85472C4F85C32C4F8608289
:10573800C4F86472C4F86872C4F86C72C4F874323D
:10574800C4F87882C4F87C72C4F88072C4F8847291
:10575800C4F88C32C4F89082C4F89472C4F8987271
:10576800C4F89C52C4F8A072C4F8A472C4F8A87211
:10577800C4F8AC72C4F8B082C4F8B432C4F8B8B291
:10578800C4F8BC92C4F83493C4F83893DFF894B1E1
:10579800DFF89491C4F8C072C4F8C472C4F8C8722F
:1057A800C4F8CC72C4F8D072C4F8D472C4F8D85211
:1057B800C4F8DC72C4F8E072C4F8E482C4F8E832D1
:1057C800C4F8EC72C4F8F052C4F8F452C4F8F852B1
:1057D800C4F8FC52C4F80083C4F80433C4F808734E
:1057E800C4F80C53C4F81053C4F81453C4F818532D
:1057F800C4F82053C4F82453C4F82873C4F82C738D
:10580800C4F83033C4F81C63B7EE008A41F2145070
:105818004FF0FF35C1F83C83C1F84033C1F844B3B9
:10582800C1F84893C1F84C73C1EDD47AC1F854E378
:10583800C1E9D633C1E9D83342E90E3342F830AC76
:10584800014442F8287C42F8247C42F8207C42F843
:105858001C6C42F8187C42F8147C02F8103C02F8E0
:105868000F3C42F8083C02F8043C02ED0B8A42F86F
:105878000C5C02446245C7D104F5A04204F55035DA
:10588800B6EE007ADFED227A02F28C7902F2CC7E53
:1058980002F2DC7C02F29471C9F8008002F2EC7624
:1058A80089ED018A02F5FF60DFF8809005F2246A2D
:1058B80081ED017AC1ED027AC1F800B0C1F814B0E7
:1058C80005F29C6BC1F8109005F2147932E000BF24
:1058D800000048426C0700200000C040CDCC4C3D81
:1058E8009A99193ECDCCCC3EEC51383E0AD7A33D0F
:1058F80000A00C460000E0400AD7A33BCDCCCC3D2D
:10590800CDCC4C3ECDCC4C3FA69B443B0000DC4369
:10591800CDCCCC3E00803B47F304353F00007A44B1
:105928006666663F3333B33E295C8F3E0000FA4516
:1059380000007A44CF605FED028AC2F8AC37C2F843
:10594800B037C2F8B437C2F8B837C2F8BC37C2F8B3
:10595800C037C2F8C437C2F8C837CEF800808EED19
:10596800018ACEF8087082F8D837CCF800808CED20
:10597800018ACCF8087082F8E837682286ED008A38
:105988007760B7600126A24980ED008A476087608A
:10599800504604F07FFB68229D495846CAED1A8A92
:1059A800CAF86C708AED1C8A85F8986604F072FB58
:1059B800682297494846CBED1A8ACBF86C708BED74
:1059C8001C8A85F8106704F065FBC9ED1A8AC9F8C6
:1059D8006C70002389ED1C8A05F28C798D4A05F6D6
:1059E800587085F888671946C9F800208A4AC9F8A6
:1059F80004204FF47272C5F89437C5F89837C5F883
:105A08009C37C5F8A037C5F8743BC5F8783BC5F88E
:105A18007C3BC5F8803B04F5543508F04DFB4FF44A
:105A28007272002105F5487008F046FB4FF4717258
:105A3800002105F5DD6008F03FFB002309F58052E1
:105A48007649C5F8AC3AC5F8B03A01F1060CC5F884
:105A5800B43AC5F8B83AC2F83073C5F8C03A4FF04E
:105A6800E063C2F8388382EDCF8AC2F84073C2F887
:105A78004473C5F8D83A4FF480636948A5F8DC3A0E
:105A88000023C5F8D41A9E4601E011F8013FA0FB97
:105A980003728C454FEAD20202EB4202A3EB820367
:105AA80003F10C03A0FB03724FEAD20202EB42029D
:105AB800A3EB820306FA03F34EEA03031FFA83FEFD
:105AC800E3D105F52E635749574AB2EE086ADFED70
:105AD800576AA5F8D8EA224459634521C3ED0C6AF0
:105AE8000023C5F81C1B07EE903A0133F8EEE77A5D
:105AF8000C2B67EEA67A87EE867AA2EC017AF2D1B1
:105B08000026C5F8183B05F53260012704F558351D
:105B18004FF41062002108F0CFFA4FF400723146BA
:105B280005F28440A5F82064C5F82474C5F82864F3
:105B3800C5F82C6485F83064C5F83464C5F8386451
:105B4800C5F83C64C5F84064C5F84464C5F84864C1
:105B5800C5F84C64C5F85064C5F85464C5F8586471
:105B6800C5F85C64C5F86064C5F86464C5F8686421
:105B7800C5F86C64C5F87064C5F87464C5F87864D1
:105B8800C5F87C64C5F8806408F096FA4FF4007292
:105B9800314605F2846008F08FFA4FF400723146FE
:105BA80005F6840008F088FA31464FF4007205F6CD
:105BB800842008F081FA05F6844120461C4C0C60CC
:105BC8006021C5F8B86CC5F8BC6CC5F8C06CC5F8E0
:105BD800C46CC5F88C7CC5F8906CC5F8946CC5F895
:105BE800986CC5F89C6CC5F8A06CC5F8A46CC5F891
:105BF800A86CC5F8881CC5F8AC6CC5F8B06CC5F8BD
:105C0800B46CA5F8C86CBDEC028BBDE8F88F00BF7A
:105C1800FC0700209A9999BECDCC4C3D3009002054
:105C2800ABAAAAAA0000DC43E05A0300000096448D
:105C380000803B47000000002DE9F8434C4D40F23E
:105C4800EE284C4C4C4FDFF868912E6805F060FD4B
:105C58002378002B71D03B78DB076ED52B68D9F8F9
:105C680000209B1A0E2B68D960219FED440A4448F6
:105C78000027DFF84091434E434CDFF83C81434D09
:105C8800FEF70EF807F003000E3003F0D7FFD8F840
:105C980004C000F00F02D8F80410336882EA090241
:105CA800A5FB030304FB02F29B0C82EA0C0203EB44
:105CB800430004FB02F903EB4013D8F80420521AFE
:105CC8009342FAD80137402FDCD1B9F1010F2C48A3
:105CD80038BF4FF001094946FFF770F818212C48E2
:105CE80008F02AFC2B4B93F8C83C9BB329212A487F
:105CF80005F090FC294803F0CBFE0C21284805F05C
:105D080089FC022125489FED180B03F0E5FE234886
:105D180003F0BEFE0521234805F07CFC002349461C
:105D28000A221E4803F0C2FE2B211F4805F072FC10
:105D38001A48BDE8F84303F0ABBE2B6822789B1BDA
:105D48002AB1B3F5FA6F8FD805F0E2FC7EE7434538
:105D5800FAD989E73321154805F05CFC0F4803F0B0
:105D680097FEC3E7AFF30080000000008088E5409D
:105D7800D8D7032023D8032022D8032000442C4757
:105D880068620020FC5400209301000183DE1B435D
:105D98000000202068C20320E44F002000550020A6
:105DA800105000202050002028500020B04F002024
:105DB800E8D70320C59D1C81001000E038B54FF4DA
:105DC800FA603B4C2DED028B04F008F904213948A8
:105DD80005F020FC384B3948D3F8941C0029B8BF8B
:105DE8000F3109114B4201F0030103F0030358BFBF
:105DF8005942013103F040FE0B21314805F00AFCFD
:105E0800304B002141F2145013F80F2C034402B117
:105E18000131A342F8D129484FF4C85403F02CFEAD
:105E28000621294805F0F6FB284B294D01211B883E
:105E38009FED288A04FB03F395ED007A1F4807EECF
:105E4800903AB8EE477AF8EEE77A67EE887A87EE06
:105E5800870AB7EEC00A03F03FFE08211E4805F086
:105E6800D9FB1E4B95ED007A01211B88B8EE477AC5
:105E7800124804FB03F307EE903AF8EEE77A67EE70
:105E8800887A87EE870AB7EEC00A03F025FE072155
:105E9800134805F0BFFB134B0848198803F0ECFDC5
:105EA8000648BDEC028BBDE8384003F0F1BD00BFE9
:105EB80008CF0020D44E002068C2032000550020DF
:105EC800DC4E0020B87A0020E84E0020F8D70320E6
:105ED800FC5400200044AC43F04E0020FAD70320C5
:105EE800FC4E0020F6D703202DE9F04F2DED0A8B4C
:105EF80083B0179E0192002E40F3B9805E4D4FEAA1
:105F0800860ADFF88C810C460544002180445246FD
:105F180007462846B0EE408A9946F0EE608A08F0B7
:105F2800CBF852460021404608F0C6F8DFED537A18
:105F3800D4ED09BAF4EEE7BAF1EE10FA67DDB7EE80
:105F4800009A94ED04AA0AEB050B9FED4DBADFED1C
:105F58004DAAAA463AEE49AADFED4B9A01E0D4EDE4
:105F680009BAB0EE495AD4ED0C6A94ED017AD4ED31
:105F78000D7AA6EE8A5AD4ED005A67EEA67A94ED09
:105F8800036AC4ED0C7A27EE057AC7EE257A77EE18
:105F9800867AF4EEC97AF1EE10FAA8BF77EEC97ADC
:105FA80027EE8B0AC4ED037A06F05EF894ED07CA73
:105FB800F0EE407AB4EEEACAF1EE10FA0DD420EE13
:105FC8000C0A06F0CFFAF0EE407AB0EE4C0AB0EECA
:105FD80067CA06F0C7FACCEE007A94ED0A7AD4EDD7
:105FE800026A6BEEA77A27EE2B7A67EEA67A84ED23
:105FF800097A9AED007AA7EEA97AAAEC017AD34534
:1060080098ED007AA7EEA97AA8EC017AA7D1019BAE
:106018002946169A00201D4C03EB8202169B3C442D
:1060280009EB830391ED007A0D46D2ED007A043135
:106038000130E7EE087A8642E2EC017A91ED7F7A48
:10604800D3ED007AE7EE087AE3EC017A95ED007A71
:10605800D4ED007AE7EE287AE4EC017A91ED7F7AC4
:10606800D4ED7F7AE7EE287AC4ED7F7ADADC03B0E4
:10607800BDEC0A8BBDE8F08F8468030017B7D138F0
:10608800DB0FC940BD378635F304353F8464030010
:10609800846A03002DE9F04F2DED048B83B0AA4CE0
:1060A800B0EE408A0746F0EE608A0D460444CDE91A
:1060B8000023119B002B40F34381119B00212046B4
:1060C8004FEA83094A4607F0F7FFA0484A460021ED
:1060D800384407F0F1FF41F2145C45F2504BB7EE3B
:1060E800002AA144F0EE042A9FED991ADFED991ACF
:1060F800AC442946AB4406E041F2145319449C448D
:106108008B4500F0E3801CF80F3C002BF4D0119B6A
:1061180091ED064A002B40F3C1808C4EB0EE003A58
:10612800F6EE004AC869F7EE083A5CF8388CD1F800
:1061380020E025468A6ABE1990E091ED097AF8EECA
:10614800476AF4EEE67AF1EE10FA00F39E80BDEEAF
:10615800E77AF8EEC76A17EE10AA77EEE66A531EDA
:10616800A3EB0A0313F1010A48BFF244002B00EB2A
:106178008A0ADAED007A7EDB00EB830A9AED005A90
:1061880003F1FF3A002B7ED0B0EE677A023B00EBBA
:106198008A0A48BF7344A5EE627ADAED000A00EB7A
:1061A800830335EE606A93ED000A30EEE79A5CF8F7
:1061B800343C70EE675A5CED0A7AA0EE837A5CEDA7
:1061C800090A26EE236A434567EEA07A5CED080AC1
:1061D800A5EEA46AA0EE647AA6EE267A27EE267AC1
:1061E800A9EE247AA7EE265A1CED0B7AE7EE057A7B
:1061F8004CED097A67EEA07A0ADA03F5E37A0133FF
:1062080001EB8A0A4CF8343C9AED017A77EE877AEA
:1062180000EB82030132B0EEE77A724508BF002234
:10622800C3ED007A8A62D5ED006AE4EE276AE5ECF0
:10623800016AD6ED006AE4EE276AE6EC016A5CEDD5
:10624800067AB4EEE77AF1EE10FA03DC1CED057A73
:1062580027EE877AA9450CED067A21D05CED0C7AF9
:10626800F4EEC27AF1EE10FABFF667AFF0EE616AAB
:106278004FF0010A73E70EEB030A00EB8A0A9AED66
:10628800005A03F1FF3AF2447EE7FDEEE67A17EE94
:1062980090AAF8EEE77A76EEE76A60E71CED067AF0
:1062A800B4EEC17AF1EE10FA7FF526AF5CE90E3252
:1062B8009A42FFF621AF4FF000030CF80F3C41F271
:1062C800145319449C448B457FF41DAF119B002B3C
:1062D80031DDDDE910329D18019B109A03EB820134
:1062E800009B03EB820203EB85051B4B3B4494EDBB
:1062F800007A2046D2ED007A0434E7EE087AE2EC20
:10630800017AAA4294ED7F7AD1ED007AE7EE087A15
:10631800E1EC017A90ED007AD3ED007AE7EE287A85
:10632800E3EC017A94ED7F7AD3ED7F7AE7EE287A71
:10633800C3ED7F7ADBD103B0BDEC048BBDE8F08FF1
:106348004FEA8309C7E600BF84680300846A030034
:1063580017B7D13800000000846403002DE9F04726
:106368009FEDE77A0446DFEDE77A2DED088B90ED97
:10637800009AB0EE608AC9EE078AF4EEE78AF1EE79
:1063880010FA78FEA78AB4EEE80AF1EE10FA0ADDF0
:10639800F4EE008A69EE288AF4EEC08AF1EE10FA6B
:1063A80058BFF0EE408A04F58055226A40F2011386
:1063B80005F59F66C6ED008AA5F8043542B192003E
:1063C8000021E06907F078FE94ED009AD6ED008A86
:1063D800DFEDCD7A0022D4ED020A05F59E63A262B4
:1063E800C9EE289AC3ED007AF4EEE70AF1EE10FA46
:1063F80000F17881F7EE007AF4EE670AF1EE10FA10
:1064080077FEA00A9FEDC10AB7EE00AA05F09CFC32
:10641800DFEDBF6ADFEDBF7A20EE260A9FEDBE7A78
:1064280069EE277AB4EE670AF1EE10FA37FE800AB1
:1064380020EE070A80EE090A05F042FBDFEDB77A85
:1064480005F2EC4305F59D6268EEA77A3AEE400A3C
:10645800C7EE89AA82ED000A3AEE40BA83ED00BA87
:10646800B0EE6A0A05F000FEB0EE409AB0EE6A0A95
:1064780005F0FEFEF0EE4A0AF0EE407A2BEE099A9D
:10648800EBEE670AB0EE490A05F08CFBC0EE2A6A0B
:1064980005F2E4439FEDA27A79EECA7A77EEE67ABE
:1064A800F4EE4A7AF1EE10FA48BFF0EE4A7AC3EDFC
:1064B800007AD4ED050AF4EEC70AF1EE10FA00F1FD
:1064C8009C80F3EE047AF4EE670AF1EE10FA77FE98
:1064D800A00AF8EE087A60EEA80AB2EE040AC7EE3F
:1064E800A00A05F031FCD4ED046A05F2F44383ED0B
:1064F800000AF6EE007AF5EEC06A79EEA77AFDEEAC
:10650800E77A17EE90EABEF55C7FA8BF4FF45C7E91
:10651800BEF1020FB8BF4FF0020EF1EE10FA00F113
:10652800E480F7EE007AF4EEE76AF1EE10FA67DD40
:10653800F0EE676A9FED744AB5EEC08AF1EE10FA84
:1065480065D4F7EE007AB4EEE78AF1EE10FA40F37C
:10655800D1809FED748AD4F8048004F21C76724FBF
:10656800B0EE005AD8F80020FFEE005A9FED6F6A8F
:106578004FF0010CDFED6E4A3A449FED6E3A002170
:10658800DFED613A304613E0012943FE237A66EED7
:10659800A77AE64567EEA47AE7EE047A67EE887A8A
:1065A800C0ED007A36DD01313A440CF1010C0430BB
:1065B80042F0010982EAD233B0EE657A09FB03F3AF
:1065C80083EAD31943F03D0A0AFB093983EA090330
:1065D80083EA933307EE903AF8EE677A67EE867AA5
:1065E800A7EE857A0029CFD166EEA47AE7EE047A81
:1065F80067EE887AC0ED007AD5E7F0EE470A68E7DB
:10660800B5EEC08A37EEE64AF1EE10FA99D59FED5D
:106618003E8AA0E794ED037A01F5E371C8F80020FB
:10662800B5EEC07A04EB8101C1ED017AF1EE10FA02
:1066380055D4DFED417AB4EE677AF1EE10FA37FE01
:10664800877AF6EE007AE7EE297AFDEEE77A17EE1A
:10665800908AB8F1000F40DD0EEB0807B7F55C7FB4
:10666800A8BF4FF45C77774509DDA7EB0E020EF261
:10667800C7100021920004EB800007F01DFD47457C
:1066880016DD40F2C71307F2C71206EB8806A3EB24
:1066980008033B4404EB830304EB820474ED017AA2
:1066A80033ED017AB44277EEC77AC4ED007AF5D1BA
:1066B800DFED227A002205F2FC43C5F8DC74B4EE63
:1066C800E78AC5F8E024F1EE10FA38FE278A83ED50
:1066D800008ABDEC088BBDE8F0877746E8E79FEDB8
:1066E8000A7AAEE7F0EE670A8CE6B7EE004ADFED0D
:1066F800066A21E7DFED0B7A28EE278A2BE700BF31
:106708000000DA430000DC4200000000610B363D67
:1067180000A08C466666E63EDB0FC9C0DB0FC940A9
:10672800CDCC4C3D9A99193FF5792B6D0000802FFF
:10673800CDCCCC3FCDCCCC3E3333733F0AD7233CB2
:106748002DE9F04F00F558354DF62A32044600F58C
:106758005437D5F8946CD5F83804734206F00F080E
:1067680003F00F0358BFC3F10008002EB4BF06F1B1
:106778000F0333461B11594203F0030301F00301D1
:1067880058BF4B421A442DED028B54F8223087B083
:10679800029397F8DB3A0193A8B3974998FBF0F373
:1067A80000FB1383002BB8BF1B185A1103F01F03FB
:1067B80004EB8202525822FA03F3DB0723D5DFEDFC
:1067C8009E7A94ED0A7A8D4BB4EEE77AC4ED077A97
:1067D80063618B4BF1EE10FAA36100F2E983B0EE2E
:1067E800670AD4ED097A84ED0E0AF5EEC07AF1EE67
:1067F80010FA00F205849FED900A4FF07E5384ED65
:10680800110A63632364D5F84824002A00F0A7809E
:106818007C4998FBF2F302FB1383002BB8BF9B184B
:106828005A1103F01F0304EB8202525822FA03F3B1
:10683800D80740F194802368734A9FED747A1A440C
:10684800D4ED167ADFED725A82EAD233226042F032
:106858000102C7EE276A9FED6F6A02FB03F39FED03
:106868006E7A9FED755A83EAD31243F03D0101FB1E
:106878000232534083EA933307EE903AF8EE677A90
:10688800F4EEC56A67EEA57AF1EE10FAA7EE867AFD
:1068980084ED157A00F1A2839FED607AF4EEC76A61
:1068A800F1EE10FA00F31284F4EEC56AC4ED186A2A
:1068B800F1EE10FA40F34E84B7EE007AC7EE267A6E
:1068C800DFED576A94ED1C7AC4ED197A9FED5A6A88
:1068D800C6EE877AF4EEC67AF1EE10FA00F1B283CA
:1068E8009FED4E7AF4EEC77AF1EE10FA00F3F483D6
:1068F800F4EEC67AC4ED1E7AF1EE10FA40F326845F
:10690800B7EE007AC7EE276ADFED4B7A4FF07A537D
:1069180094ED137AC4ED1F6A6367B4EEE77AC4EDA9
:10692800177AC4ED3D7AC4ED3E7AF1EE10FA00F222
:106938007E83B0EE670AD4ED147A84ED410AF5EE51
:10694800C07AF1EE10FA00F267839FED3B0A4FF030
:106958007E5384ED440AC4F80031C4F80C31D5F8EC
:106968005824002A00F0D3802E4998FBF2F302FB4A
:106978001383002BB8BF9B185A1103F01F0304EBB5
:106988008202525822FA03F3D90740F1C0802368E3
:10699800F5EE005A1C49F7EE007A9FED1D3A04F116
:1069A800900019449FED206AF0EE673A9FED1F5A58
:1069B80081EAD132216041F00101DFED1F6ADFED8C
:1069C800174A234601FB02F29FED194A194982EA48
:1069D800D21C42F03D0E0EFB0C2C82EA0C0282EA1D
:1069E800923207EE102AB8EE477A27EE037AA7EE1E
:1069F800256A84ED466A41E0346403000000484299
:106A08003333733F44640300F5792B6D00003E4334
:106A18000000802FCDCC4C3E3333333F48E1FA3E63
:106A280000009843546403009A99993E0000A543D6
:106A3800BC9C0240400A00200000000000C0DA456B
:106A48006666E63EB4EEE47AB0EE446AF1EE10FA19
:106A580000F3AB82B5EEC07A83ED4B7AF1EE10FA13
:106A6800CCBF83EE876AB0EE666AC3ED4A6A183314
:106A780083ED466A984217D0F1EC017A67EE857A81
:106A8800D3ED495AB0EE666A87EEA57AB5EEC07ABC
:106A9800F1EE10FAD6D5C3ED4B6A1833C3ED446A4C
:106AA800984283ED466AE7D1D4ED477AC4ED786A17
:106AB800F5EEC07AC4ED796AF1EE10FA00F283823D
:106AC8001FED230AD4ED487A04F5DA7094ED457A7F
:106AD8001FED266A5FED266A67EE867AB64B27EECB
:106AE800267A84ED7C0AC4F8C0310023F4EEC77A14
:106AF800C4F8C431F1EE10FA58BFF0EE477AC4ED8D
:106B08006F7AFBF73FFC4FF07E53C4F8EC31D5F8B1
:106B1800983C002B05DD013BC5F8983C002B00F0A4
:106B28003582D5F86824002A00F0D780A34998FB5D
:106B3800F2F302FB1383002BB8BF9B185A1103F022
:106B48001F0304EB8202525822FA03F3DA0740F1DA
:106B5800C48023689A48D7F8D49A18442060B9F1B9
:106B6800000F61D0019B002B5ED080EAD03240F04C
:106B78000100DFED946A00FB02F29FED937A02991F
:106B880082EAD21C42F03D0EC81AD5F89C3C0EFB96
:106B98000C2C82EA0C0282EA923207EE902AF8EE76
:106BA800677A67EEA67AF4EEC77AF1EE10FA4CBF70
:106BB8004FF0010C4FF0000C00EB8C02019803FB26
:106BC800002393FBF0F200FB02F0834202D0002B7B
:106BD800C0F29C821B1AD7F8181B19F8033001FB66
:106BE8000233D7F81C2B39339B1A93FBF1F201FBC4
:106BF80002F0834203D091EA030F00F1838207EE8B
:106C0800902A1B1A07F52E62B8EEE77A02EB830387
:106C1800D2ED0C6AD3ED007AE7EE267AF4EE677AC5
:106C2800F1EE10FA00F0DF819FED6E0AF7EE007AC0
:106C380094ED906ADFED656A0022D4F8F801E6EE7B
:106C4800667A5F490368DFF894C119440123C4F8E0
:106C58002C23C4F82823C4EDC97AC4F84C2284ED47
:106C6800C70AC4F820C30160C4F8E832C4F8043382
:106C780081EAD13341F00101C4F87C22C4F8AC2286
:106C880001FB03F39FED4F7AC4F8A822C4F8A422AD
:106C980043F03D01C4F8A022C4F8DC22C4F8E02285
:106CA800C4F8EC22C4F808230022C4F8302383EA8D
:106CB800D31201FB0232534083EA933307EE903A32
:106CC8000323F8EE677A67EE877ABBFE677A77EE7A
:106CD800C77AC4ED997AC5F8983CD5F87824002A83
:106CE80000F04C813A4998FBF2F302FB1383002B26
:106CF800B8BF9B185A1103F01F0304EB82025258C5
:106D080022FA03F3DB0740F13981D5F82C24D5F8B2
:106D18002414134604928A420391A8BF0B46002B01
:106D28009846C0F22B812B4B04F1FF3ADFF8B0C034
:106D3800B8F1000F23449244A444D5F8280403EB87
:106D4800020908F1FF3E059431DD234BAAEB0E0B37
:106D5800012143449B44A9EB0E0313F8012F9B45E3
:106D680002EBC101F9D100281ADD00231A4602E01E
:106D78000132824210DA5CF823400C33A142F7D189
:106D880002EB42034FEA420B07EB03111B0191F898
:106D9800251B002940F05B81BEF1FF3F00F0EE802B
:106DA80008F1FF380EF1FF3EB8F1000FCDDC0028E6
:106DB800F2DD0121D9E700BF8104353F6464030097
:106DC800F5792B6D0000802F0AD7233E9899193E3C
:106DD800746403001E6403001F6403009A99593FFA
:106DE800205B03000000C07F013B5A4407EB0212FE
:106DF8001344DDE9032193F8263B9142C0F27181E7
:106E0800012A03DD95F8212485F82024039941F20D
:106E18001F4239448B54029A01981344D7F8D41A64
:106E280003EB000989B380B3D5F89C3C03FB0093BE
:106E380093FBF0F200FB02F0834240F05B811B1AE7
:106E4800CB5CD7F8181B01FB0233D7F81C2B39335E
:106E58009B1A93FBF1F201FB02F0834240F06A8136
:106E680007EE902A1B1A07F52E62F8EEE77A02EB76
:106E78008303D2ED0C6A93ED007AA7EEA67AB4EEFE
:106E8800477AF1EE10FA00F046811FED2A0A41F622
:106E98005002B24F46F6A041DFF8DCE222444744F4
:106EA800214441F2145C1346276013F80F4C03EB9E
:106EB8000E006344B4B39942F7D113460020DFF8BB
:106EC800B8E241F2145C924613F8044C03EB0E0846
:106ED8005CB900F58054002800F03481D4F80C45E2
:106EE80053F8082CA24238BF404663449942EBD17C
:106EF8005246B8B9DFF880E241F2145CA84600F5C2
:106F0800805402EB0E03002800F01E81D4F80C45D3
:106F180052F8085CA54238BF184662449142EED147
:106F2800454658B387EAD73347F00107DFED8C6A47
:106F3800F6EE000A07FB03F39FED8A7A43F03D0162
:106F480083EAD31201FB0232D5F8A01C5340012278
:106F580083EA933307EE903A00F58053F8EE677AA8
:106F6800C3F80895C3F80C1583F8102567EEA67AC0
:106F7800E7EE870AFFF7F2F9D5F8946C0136C5F801
:106F8800946C07B0BDEC028BBDE8F08FD4F8E83202
:106F980013B10423C4F8E832D4F80433002B3FF4C7
:106FA800C0AD0423C4F80433BBE5C3ED4B4A5CE52C
:106FB800D4ED0C7A9FED6C0A27EE277A80EE070A4B
:106FC80004F07EFD0DE494ED7A7A9FED670A67EE92
:106FD800877A80EE270A04F073FD73E5F0EE457AB0
:106FE80084ED185A6CE407F614339FED600A93EDAC
:106FF800008A27EE800A04F0D7FD28EE000A15E67D
:1070080094ED0F7A9FED580A67EE877A80EE270A8B
:1070180004F056FDFFF7F1BB94ED427A9FED520A5A
:1070280067EE877A80EE270A04F04AFD8FE4D4EDF4
:107038003F7A9FED4D0A27EE277A80EE070A04F083
:107048003FFD78E4F0EE466A84ED1E6A5CE4059C38
:107058001033DFF808810CEB03002368DFED406A8A
:1070680098449FED437A00EB810E48F0010C88EAC2
:10707800D833C4F800800CFB03F3844683EAD319A1
:1070880043F03D0A0AFB093983EA090383EA93338B
:1070980007EE903AF8EE677A67EEA67AFCEC016A9A
:1070A800E64537EE267AF9D167EE877A002303E0C2
:1070B800013399423FF498AEB0EC017A77EEC77A83
:1070C800F5EEC07AF1EE10FAF2D88EE6DFED297A05
:1070D80084ED187AFFF7F4BBDFED266A84ED1E7A9B
:1070E80012E404997A18013102F5A152C5F82C145A
:1070F800137090E6002BBFF6A2AE013A019802FB8E
:1071080000F09CE6013A01FB02F078E5013A0199AA
:1071180001FB02F05EE507F614379FED140A97EDC0
:10712800008A27EE000A04F03FFDD4F8008028EE1C
:10713800000AACE691EA030F7FF592AE013A01FB33
:1071480002F08DE64046D0E61846E6E6F0EE466ADE
:10715800FFF7DABBF0EE457AFFF7B2BBF5792B6D96
:107168000000802F3333B33E550CDDC00E745A3AFD
:1071780000000000BC9C0240ECEAFFFF2DE9F04F44
:107188002DED068B87B0169CA34280F21F8101EB80
:10719800830AD0F8149002EB8302054601EB8403BE
:1071A8009FEDA69A514600F580540593CA46D0F83B
:1071B800E8339146DFEDA28A0093D0F8EC339FEDD7
:1071C800A1AA03938368DFEDA0AA01939FED9F8A8C
:1071D800C368DFED9F9AD0F8F4B30493B1EC017A59
:1071E8000AF10100F9EC017AB5EEC07A019B03EBD4
:1071F8008A03F1EE10FAF5EEC07A83ED007A049B6B
:107208004CBFB1EE470AB0EE470AF1EE10FA4CBF98
:10721800F1EE676AF0EE676AB4EEE60AF1EE10FA8C
:1072280030FE260A984200F0E18057468246009BCD
:10723800039A03EB8B03C5F814A0C3ED007A0BF196
:107248000103934200F0D7805E469B46C5F8F4B32D
:10725800D4EDCF7AF4EEC07AF1EE10FA40F1BD80A9
:10726800B4EEE80AF1EE10FA00F3CA80F0EE4A7ABA
:1072780095ED007A77EEC77A94EDD17AD4EDD06A9D
:10728800D4F8280327EE267AF4EE477AF1EE10FABE
:1072980037FE877A002884EDD17A40F3CA80D4F883
:1072A8002423002A00F09780531E03F5F97C05EB90
:1072B8008C0CDCED017AF4EEC77AF1EE10FA00F2EC
:1072C8008F8001381A46C4E9C9300028E9D1012263
:1072D80005EB830CF12B0CF2CC7814BF013300239F
:1072E80088ED007AD4F83483CCF8948BC4E9C93299
:1072F800D4F8203305EB830CDCF8942BA8EB020CB4
:10730800BCF1F00F07D9F12BC4F8280314BF0133DF
:107318000023C4F8203303F5F973D4EDCC6A05EBE8
:10732800830393ED017AD4F82C3305EB8300013302
:1073380000F65C70F12BD0ED007A77EE677A77EE85
:10734800A67AC4EDCC7A80ED007AC4F82C335ED0EE
:1073580087EE880AB5EEC00AF1EE10FA43D4DFEDE5
:107368003D7A20EE670A029104F01EFC2B6902990F
:107378000233F02BD4BFFF1AF03F002F01DA049B31
:107388001F44019B03EB8707D5F8F0330233D7ED91
:10739800007AF02B67EE807AD4BFF61AF03E41ED02
:1073A800017A002E01DA039B1E44009B03EB86063C
:1073B80008F10103D6ED007A67EE807A49ED017A8B
:1073C800C4F83433059B8B427FF408AF07B0BDEC9B
:1073D800068BBDE8F08FF12367E7F0EE497A4BE7BB
:1073E8001346421C74E7B0EE690ABCE74FF0FF375A
:1073F8004FF0000A1BE74FF0FF364FF0000B25E770
:10740800029104F039FC029960EE2A7A30E70023F1
:10741800DFED0A7A05F59950C4F82C3305F65C734C
:10742800B3EC017A984277EE877AF9D1C4EDCC7A39
:107438008EE7D4F82433421C4AE700BF000000005E
:1074480052F384370000C0C2C1A8C0400000714395
:10745800000000802D152A3E2DE9F04F2DED108BF0
:107468008FB00446289E0593002ECDE9031241F300
:10747800E282B84D8A46B84891466719B500201887
:1074880098462946099707900BEE105A0A4600219C
:1074980006F012FEB148B24D1BEE102A201800214A
:1074A80025440690384606F007FEDFEDB60A9FED44
:1074B800AD0A4B46524604F1100120460196CDF81C
:1074C8000080FEF711FD1BEE102A0021284606F069
:1074D800F3FD1BEE102A0021069806F0EDFDDFED06
:1074E800A27A94ED407AB4EEE77AF1EE10FA00F35E
:1074F8003B8294ED437AB4EEE77AF1EE10FA40F36A
:107508008E809FED9E7AF6EE007A94ED128AD4ED85
:10751800158A28EE078A28EE278AB0EE480A04F072
:10752800A7FEB0EE409AB0EE480A04F09DFD29EEA1
:10753800289A60EE288A04F18803F6EE009AF0EEA5
:1075480000AA9FED8DAA04F1580B04F1700ADDF82A
:10755800188000279946089558460137FBF7FAF92D
:10756800B0EE408A5046FBF7F5F994ED407A38EED4
:10757800008AD4ED417A484667EE877A28EE298A50
:10758800C4ED407A28EE078AFBF708F894ED3E6AC6
:10759800BE42D4ED3D5A30EE464AD4ED386AB0EEDC
:1075A800465A94ED372A94ED3B7AD4ED392AA5EE64
:1075B800A65A94ED3A3A64EE266AD4ED3C3AD4EDF4
:1075C800437AD4ED444AE2EE256A64EEA74AA4EE73
:1075D800225AC4ED434A26EE877AD6EEAA5A95EE89
:1075E8002A6AA0EE037AC4ED3D5A84ED3E6AA5EE00
:1075F800237AD5ED006A67EE877AB0EE667A67EE91
:10760800A87AE8EE097AA7EE8A7AA5EC017A98EDCD
:10761800007AA7EE8A7AA8EC017A9DDC089D059B82
:1076280004999A00DFED516A01EB83009FED507ACF
:1076380008920021039A02EB830C079A2B4693EDDC
:10764800006A0433DCED007A0131E6EE267A8E42D8
:10765800ECEC017A93ED7F6AD0ED007AE6EE267ABB
:10766800E0EC017A13ED016AD2ED007AE6EE077AD2
:10767800E2EC017A93ED7F6AD2ED7F7AE6EE077A43
:10768800C2ED7F7ADBDC002E1BEE103A4FF00001D2
:107698002846CCBF1A4604220A9206F00DFD0A9A23
:1076A8000021069806F008FDDFED2F7AD4ED7B3A2D
:1076B800F4EEE73AF1EE10FA40F37C81002E41F344
:1076C800EB81B300B8EE004A9FED2F5AAE46DFEDCE
:1076D8002D2A0BEE103ADDF8189005EB860704F119
:1076E800900C2449F7EE004A9FED263A2046D0ED4B
:1076F8004A5ABFEE000AD0ED4D0AD0ED4B1AF4EE0F
:10770800E05AF1EE10FAF5EEC01A48BFB0EE640A7E
:10771800F1EE10FA40F3C680F3EE008A21EEA88A53
:1077280035EEC87A75EE887ABAFE477ABDEEC77A22
:10773800FBFE677AFDEEE77A17EE102A17EE908ABD
:10774800424500F3318190ED4C9A08F101089FED14
:107758000D1A37E08466030084640300846A03001A
:1077680084680300CDCC0C3F17B7D138C3F5A83EC9
:10777800295C0F3E582A0020F304353FDB0F4940AF
:10778800CDCC4C3E0000000000008042F8EEE77AC5
:107798009BED007A9BED012AF5EEC06A013236EEC8
:1077A800676A32EE472AF0EE477AF1EE10FAE6EE13
:1077B800027AA8BF77EEE47A424577EEA77A31EEEF
:1077C800271A1DD007EE902AF8EEE76A75EEE66AEA
:1077D80066EE896A36EEA86A26EE056AFBFE467AE8
:1077E800FDEEE77A17EE903AB3F5006F01EB830BE5
:1077F800CCD30132F0EE627A424531EE271AE1D15C
:1078080075EEE00A30EE011A70EEC87A30EE888A1A
:10781800FAFE677AFDEEE77ABBFE488A17EE902AF1
:10782800FDEEC87A17EE908A424500F3B880F3EE71
:10783800008A90ED4C8A08F101081FED2E0A07EE28
:10784800902A0132F8EEE77A70EEE77A67EE887AE6
:1078580077EEA86A66EE856ABBFE667ABDEEC77AE1
:1078680017EE103AB3F5006F01EB830B16D2B8EEA2
:10787800C77A9BED006A9BED012AF5EEC07A76EE99
:10788800C76A32EE462AB0EE467AF1EE10FAA6EE54
:10789800827AA8BF37EE647AA7EE040A4245CED1B1
:1078A80031EE000A75EEA15A183033EE003AF4EEC4
:1078B800E45AF1EE10FAA8BF75EEE45AC0ED445A46
:1078C80084457FF414AFF1EE085AD4ED7C4A94ED68
:1078D800796A64EEA34AD4ED786A83EE252A94ED9A
:1078E800737A94ED728AC4ED7B4AD4ED767AD4ED3E
:1078F800748AF0EE465A94ED750AD4ED770AB0EE24
:10790800003A94ED461AE6EE875A5FED651A72EE74
:10791800464A24EE877AE4EEA85AA8EE267A95EE2F
:10792800836A67EE277AD7EE036AE2EE007A84ED7F
:10793800796AC4ED786A9EED007AE5EEA07A63EE86
:10794800A73AF0EE477A63EE813AE3EEA17AEEECDD
:10795800017A7745D9ED007AE3EEA17AE9EC017A6C
:1079680025D0D4ED7B3ABDE61FED7C7AF6EE007AA1
:1079780094ED128A28EE078A28EE278AB0EE480A84
:1079880004F076FCB0EE409AD4ED158AB0EE480AC1
:1079980004F06AFB28EE899A68EE808ACBE51FED31
:1079A800870A31EE000A7DE71FED8A1A28E7059B52
:1079B8009B000893089B039A049902EB030C5FED64
:1079C800906AC8181FED917A079A2B46002193ED0B
:1079D800006A0433DCED007A0131E6EE267A8E4245
:1079E800ECEC017A93ED7F6AD0ED007AE6EE267A28
:1079F800E0EC017A13ED016AD2ED007AE6EE077A3F
:107A0800E2EC017A93ED7F6AD2ED7F7AE6EE077AAF
:107A1800C2ED7F7ADBDC002E1BEE102A4FF000014E
:107A28002846D8BF04220A9206F046FB0A9A00218B
:107A3800069806F041FBD4F8E832002B00F0978155
:107A4800002E94ED849AD4ED819A04F5FA7341F3EB
:107A5800238004F51272069FA8460D950A9204F534
:107A680018723D465FEDB98A0B924FF0000A04F593
:107A78001E721FEDBB8AD4F830B31F46DFF8709230
:107A88000C92BBF1000F40F3CF870BF1FF3BD4F80A
:107A98000433C4F830B3013B032B18D8DFE813F0E4
:107AA800C304DC04BD04040094EDC67AD4EDC27AA4
:107AB800E7EEC77A9FED8F7AF4EEC77AF1EE10FA07
:107AC80040F1AE870023C4EDC28AC4F80433D4F869
:107AD8005C32032B01F21D80DFE813F0FC06E90499
:107AE800E2040400D4ED93BADFED807A2BEEA70A06
:107AF80004F0BAFA94ED947AF7EE007A7BEE87BA3E
:107B0800B0EE40BAF4EEE7BAF1EE10FAA8BF7BEE99
:107B1800E7BAC4ED93BAD4F87432032B01F20E809D
:107B2800DFE813F06406950576040400D4ED99BAED
:107B3800DFED6E7A2BEEA70A04F096FA94ED9A7AA6
:107B4800F7EE007A7BEE87BAF4EEE7BAF1EE10FAB8
:107B5800A8BF7BEEE7BAC4ED99BA30EE0B0AD4F8A9
:107B68008C32F6EE007A20EE27EA032B00F2FB8730
:107B7800DFE813F0DA030B0307030400D4ED9FBA20
:107B8800DFED5A7A2BEEA70A04F06EFA94EDA07A8C
:107B9800F7EE007A7BEE87BAF4EEE7BAF1EE10FA68
:107BA800A8BF7BEEE7BAC4ED9FBAB6EE00AAA9EE6D
:107BB80080EAB4EECA9AF1EE10FA40F1FF8694ED2D
:107BC800ABDAB0EE4E0AD4EDA6AAB1EE4E5AB0EE3C
:107BD8004D7A94EDA7BA8DED065AAEEE4A7AAAEE22
:107BE800C70A2BEE000A04F0BDFCD4EDA8FAB0EEEB
:107BF80040CAD4EDA5BAB0EE6F0A04F0B3FC3CEE6F
:107C080040CAEBEE8CFAB0EE6F0A04F0ABFC94EDD0
:107C1800A9FAF0EE40EAB0EE4F0A04F0A3FC7EEEBB
:107C2800C06AABEEA6FAB0EE4F0A04F09BFC94EDE6
:107C3800AACAF0EE40DAB0EE4C0A04F093FC7DEEEE
:107C4800C06AABEEA6CAB0EE4C0A04F08BFCF0EEAC
:107C580040CAB0EE4D0A04F085FC9DED065A7CEE54
:107C6800C06AABEEA6DAB0EE4D7AA5EE0A7AA7EEB8
:107C78006AEA2EEE0B0A04F075FC70EE6E6AB0EE3E
:107C88006F0AA6EEAB0A84EDA80A04F06BFC30EE8E
:107C98006D0AA0EE2BFAB0EE4F0A84EDA9FA04F0B3
:107CA80061FC30EE6C0AA0EE2BCAB0EE4C0A84EDF3
:107CB800AACA04F057FCB0EE40CAB0EE4D0A04F070
:107CC80051FCB0EE4D7A3CEE400AA0EE2B7A84EDE2
:107CD800AB7AD4F8E832013B032B00F25987DFE88E
:107CE80013F0360218021302130000BFDB0FC9405D
:107CF800582A002017B7D138CDCCCC3E0000000060
:107D0800B81E853EEC51B83ED4EDBF6AD4EDBB7ABF
:107D1800E7EEE67A5FED096AF4EEE67AF1EE10FA3C
:107D280040F17A86F0EE687A0023C4EDBB8AC4F885
:107D3800E832D4EDC95A0AF1010AD8ED006A67EEB3
:107D4800A57A94EDCD6A564567EE877AB0EE667AE5
:107D5800A7EE867AA8EC017A95ED007AD4EDCE6A82
:107D6800A7EEA67AA5EC017A7FF48BAE0D9D089B51
:107D7800039A5FED1F6A02EB030A049A1FED217A4A
:107D880002EB0309079B504600229B46494695EDA6
:107D9800006A0435D0ED007A0132E6EE267A964282
:107DA800E0EC017A95ED7F6AD1ED007AE6EE267A6D
:107DB800E1EC017A15ED016AD3ED007AE6EE077A77
:107DC800E3EC017A95ED7F6AD3ED7F7AE6EE077AE8
:107DD800C3ED7F7ADBDC059B04F54F715FED380A54
:107DE80020461FED380A00930196DDE90323FEF7CC
:107DF80051F945F28C700023099A0799204400969E
:107E0800FBF710FB0023BBEC017A0133DAED007AB3
:107E18009E4277EE877AEAEC017A99ED007ADBEDFB
:107E28007F7A77EE877AE9EC017AECDC059AB31869
:107E38009342069340F35A8104F55032039805990A
:107E4800F0EE006A92F898B602F22466049D00EB00
:107E5800810392F810A75F4605EB8101A346069DB2
:107E680002F5CB6E92F8889702F5DA6C00EB85087C
:107E7800544602F29C6502F21470DA4602F5E96291
:107E8800B3EC017AF1EC017A002F60D096ED1B6A11
:107E9800B5EE406AF1EE10FA59D0D6ED0C4A96EDDF
:107EA8000B4AB0EE643A96ED066A77EE643A96EDC0
:107EB800052AD6ED078AA4EE063A96ED098A23EE3E
:107EC800866AD6ED082ADEED065ADEED050AA2EE30
:107ED800046A9EED095A9EED071AA3EEA83ADEED54
:107EE800081A9EED0A2A96ED0A0A96EE264A26EE0A
:107EF800086AD3EE264AA7EE226A86ED0B4A9EED63
:107F08000B4AC6ED0C4ADEED0C4AB0EE467A77EE27
:107F1800E42AF0EE643AA3EE007A22EEA56AE4EED3
:107F2800253AA0EE846AE2EE813A66EE055A96EEAC
:107F3800264AB0EE656AD3EEA64AA7EEA16A8EED90
:107F48000B4ACEED0C4AF0EE467AE3EE827A002C2C
:107F580060D095ED1B6AB5EE406AF1EE10FA59D083
:107F6800D5ED0C4A95ED0B4AB0EE643A95ED066AEC
:107F780077EE643A95ED052AD5ED078AA4EE063A20
:107F880095ED098A23EE866AD5ED082ADCED065AB6
:107F9800DCED050AA2EE046A9CED095A9CED071A6D
:107FA800A3EEA83ADCED081A9CED0A2A95ED0A0A18
:107FB80096EE264A26EE086AD3EE264AA7EE226AED
:107FC80085ED0B4A9CED0B4AC5ED0C4ADCED0C4ADD
:107FD800B0EE467A77EEE42AF0EE643AA3EE007A41
:107FE80022EEA56AE4EE253AA0EE846AE2EE813A32
:107FF80066EE055A96EE264AB0EE656AD3EEA64AB4
:10800800A7EEA16A8CED0B4ACCED0C4AF0EE467A4D
:10801800E3EE827AB9F1000F60D090ED1B6AB5EEFD
:10802800406AF1EE10FA59D0D0ED0C4A90ED0B4AA7
:10803800B0EE643A90ED066A77EE643A90ED052A60
:10804800D0ED078AA4EE063A90ED098A23EE866AF7
:10805800D0ED082AD2ED065AD2ED050AA2EE046A3E
:1080680092ED095A92ED071AA3EEA83AD2ED081A32
:1080780092ED0A2A90ED0A0A96EE264A26EE086A3A
:10808800D3EE264AA7EE226A80ED0B4A92ED0B4A00
:10809800C0ED0C4AD2ED0C4AB0EE467A77EEE42AEF
:1080A800F0EE643AA3EE007A22EEA56AE4EE253AF1
:1080B800A0EE846AE2EE813A66EE055A96EE264A0A
:1080C800B0EE656AD3EEA64AA7EEA16A82ED0B4A26
:1080D800C2ED0C4AF0EE467AE3EE827A984503ED5B
:1080E800017A41ED017A7FF4CBAE544606980399A4
:1080F8000090E848DDE904232044FFF73FF80FB07B
:10810800BDEC108BBDE8F08FD4EDBC7AC4EDBB7A22
:108118000FE6D4EDBB7AD4EDBC6AD4EDBE5A36EE88
:10812800E76AE5EE867ADFEDDC5A37EEE66AB0EE0E
:10813800C66AB4EEE56AF1EE10FA40F16D840323E5
:10814800F0EE667AC4EDBB6AC4F8E832F1E5F7EE02
:10815800086AD4EDBB7AD4EDBD5AB7EE006A76EE64
:10816800E76AE5EEA67AF4EEC67AF1EE10FAC0F206
:1081780053840223F0EE467A84EDBB6AC4F8E832F1
:10818800D7E50C98FAF7E6FB0FE5D4ED9F5AF7EE22
:10819800001AD4EDA23ABFEE000A94EDA05AF4EE0C
:1081A800E35AF1EE10FAB5EEC05A48BFB0EE610AD4
:1081B800F1EE10FA40F3AE80F3EE002A25EE223AF3
:1081C80035EEC37A75EE837ABAFE477ABDEEC77A82
:1081D800FBFE677AFDEEE77A17EE103A17EE90EAA3
:1081E800734500F38A8494EDA12A0EF1010E9FEDE8
:1081F800AB4A1BE0F8EEE77A90ED007AD0ED014A41
:10820800F5EEC06A013336EE676A74EEC74AF0EEDF
:10821800477AF1EE10FAE6EE247AA8BF77EEE17A13
:10822800734577EEA77A34EE274A1DD007EE903AC9
:10823800F8EEE76A75EEE66A66EE826A36EEA26ADC
:1082480026EE086AFBFE467AFDEEE77A17EE902ADC
:10825800B2F5006F09EB8200CCD30133F0EE687AF7
:10826800734534EE274AE1D175EEE33A30EE044A1D
:1082780033EEC37A73EE837ABAFE477ABDEEC77AD5
:10828800FBFE677AFDEEE77A17EE103A17EE90EAF2
:10829800734500F31D84F3EE002A94EDA13AB8EE7D
:1082A800002A0EF1010EF7EE001A9FED7C0A07EE88
:1082B800903A0133F8EEE77A73EEE77A67EE837A5D
:1082C80077EEA26A66EE886ABBFE667ABDEEC77A6A
:1082D80017EE102AB2F5006F09EB820016D2B8EE3D
:1082E800C77A90ED006AD0ED014AF5EEC07A76EED5
:1082F800C76A74EEC64AB0EE467AF1EE10FAA6EEF8
:10830800A47AA8BF37EE617AA7EE020A7345CED1E8
:1083180030EE040A75EE855AF7EE007AF4EEE75A65
:10832800F1EE10FA6EDA6FE094EDA03AF0EE007A12
:10833800BFEE000AD4ED9F5AB5EEC03AA5EEA70AE3
:10834800F1EE10FA55DDB3EE004AB0EE657AF0EEC4
:10835800657AA3EE447AE3EE047ABAFE477ABDEE74
:10836800C77AFBFE677AFDEEE77A17EE103A17EE4A
:1083780090EA734500F3BE83F8EE002AD4EDA13AE3
:10838800B7EE002A0EF1010EDFED444A07EE903AEF
:108398000133F8EEE77A75EEE77A67EEA37A77EEBF
:1083A800846A66EE886ABBFE667ABDEEC77A17EE07
:1083B800102AB2F5006F09EB820016D2B8EEC77A20
:1083C80090ED006A90ED015AF5EEC07A76EEC76A34
:1083D80035EE465AB0EE467AF1EE10FAA6EE857AF8
:1083E800A8BF37EE427AE7EE224A7345CED130EE87
:1083F800240A75EE835AF7EE007AF4EEE75AF1EEA6
:1084080010FA01DB75EEE75AC4ED9F5AFFF7CDBBB2
:108418000B98FAF79FFAFFF7A0BBD4F80C33C4F80F
:108428000833FFF754BBB7EE087AD4EDC27A94ED5F
:10843800C46AF7EE006A37EE677AE6EE077AF4EE7A
:10844800E67AF1EE10FAC0F2EB820223C4EDC26ABA
:10845800C4F80433FFF73BBBD4EDC27AD4EDC36A4A
:1084680094EDC56A36EEE77AE6EE077A9FED0A6A7A
:1084780037EEE67AB0EEC77AB4EEC67AF1EE10FAC5
:1084880040F1CE820323C4EDC26AC4F80433FFF777
:108498001EBB00BF8C47030017B7D138000000008F
:1084A8000A98FAF757FAB0EE40BAFFF734BBD4EDA2
:1084B800935AF7EE001AD4ED963ABFEE00BA94ED4F
:1084C800945AF4EEE35AF1EE10FAB5EEC05A48BFEA
:1084D800B0EE61BAF1EE10FA40F3AE80F3EE002A86
:1084E80025EE223A35EEC37A75EE837ABAFE477ADC
:1084F800BDEEC77AFBFE677AFDEEE77A17EE103A13
:1085080017EE90EA734500F3F28294ED952A0EF186
:10851800010E1FED1E4A1BE0F8EEE77A90ED007A97
:10852800D0ED014AF5EEC06A013336EE676A74EEA3
:10853800C74AF0EE477AF1EE10FAE6EE247AA8BFC1
:1085480077EEE17A734577EEA77A34EE274A1DD0A5
:1085580007EE903AF8EEE76A75EEE66A66EE826A2A
:1085680036EEA26A26EE086AFBFE467AFDEEE77A48
:1085780017EE902AB2F5006F09EB8200CCD30133D5
:10858800F0EE687A734534EE274AE1D175EEE33AA6
:108598003BEE044A33EEC37A73EE837ABAFE477A27
:1085A800BDEEC77AFBFE677AFDEEE77A17EE103A62
:1085B80017EE90EA734500F38882F3EE002A94EDF3
:1085C800953AB8EE002A0EF1010EF7EE001A1FEDEB
:1085D8004DBA07EE903A0133F8EEE77A73EEE77A90
:1085E80067EE837A77EEA26A66EE886ABBFE667AE1
:1085F800BDEEC77A17EE102AB2F5006F09EB8200BC
:1086080016D2B8EEC77A90ED006AD0ED014AF5EEC1
:10861800C07A76EEC76A74EEC64AB0EE467AF1EED4
:1086280010FAA6EEA47AA8BF37EE617AA7EE02BACE
:108638007345CED134EE0BBA75EE855AF7EE007A53
:10864800F4EEE75AF1EE10FA80F2B281B2E1D4ED1D
:10865800995AF7EE001AD4ED9C3ABFEE000A94ED51
:108668009A5AF4EEE35AF1EE10FAB5EEC05A48BF42
:10867800B0EE610AF1EE10FA40F3AE80F3EE002A94
:1086880025EE223A35EEC37A75EE837ABAFE477A3A
:10869800BDEEC77AFBFE677AFDEEE77A17EE103A71
:1086A80017EE90EA734500F31F8294ED9B2A0EF1B2
:1086B800010E1FED864A1BE0F8EEE77A90ED007A8E
:1086C800D0ED014AF5EEC06A013336EE676A74EE02
:1086D800C74AF0EE477AF1EE10FAE6EE247AA8BF20
:1086E80077EEE17A734577EEA77A34EE274A1DD004
:1086F80007EE903AF8EEE76A75EEE66A66EE826A89
:1087080036EEA26A26EE086AFBFE467AFDEEE77AA6
:1087180017EE902AB2F5006F09EB8200CCD3013333
:10872800F0EE687A734534EE274AE1D175EEE33A04
:1087380030EE044A33EEC37A73EE837ABAFE477A90
:10874800BDEEC77AFBFE677AFDEEE77A17EE103AC0
:1087580017EE90EA734500F3BE81F3EE002A94ED1C
:108768009B3AB8EE002A0EF1010EF7EE001A1FED43
:10877800B50A07EE903A0133F8EEE77A73EEE77A36
:1087880067EE837A77EEA26A66EE886ABBFE667A3F
:10879800BDEEC77A17EE102AB2F5006F09EB82001A
:1087A80016D2B8EEC77A90ED006AD0ED014AF5EE20
:1087B800C07A76EEC76A74EEC64AB0EE467AF1EE33
:1087C80010FAA6EEA47AA8BF37EE617AA7EE020ADD
:1087D8007345CED130EE040A75EE855AF7EE007A6D
:1087E800F4EEE75AF1EE10FA6EDA6FE094ED9A3A89
:1087F800F0EE007ABFEE000AD4ED995AB5EEC03A11
:10880800A5EEA70AF1EE10FA55DDB3EE004AB0EE78
:10881800657AF0EE657AA3EE447AE3EE047ABAFE5E
:10882800477ABDEEC77AFBFE677AFDEEE77A17EE68
:10883800103A17EE90EA734500F35381F8EE002AD8
:10884800D4ED9B3AB7EE002A0EF1010EDFEDD24AC5
:1088580007EE903A0133F8EEE77A75EEE77A67EEBD
:10886800A37A77EE846A66EE886ABBFE667ABDEE06
:10887800C77A17EE102AB2F5006F09EB820016D2FC
:10888800B8EEC77A90ED006A90ED015AF5EEC07A1D
:1088980076EEC76A35EE465AB0EE467AF1EE10FA31
:1088A800A6EE857AA8BF37EE427AE7EE224A7345EC
:1088B800CED130EE240A75EE835AF7EE007AF4EE44
:1088C800E75AF1EE10FA01DB75EEE75AC4ED995A52
:1088D800FFF743B994ED943AF0EE007ABFEE00BA90
:1088E800D4ED935AB5EEC03AA5EEA7BAF1EE10FA58
:1088F80055DDB3EE004AB0EE657AF0EE657AA3EE88
:10890800447AE3EE047ABAFE477ABDEEC77AFBFEF4
:10891800677AFDEEE77A17EE103A17EE90EA73459C
:1089280000F3DC80F8EE002AD4ED953AB7EE002A81
:108938000EF1010EDFED984A07EE903A0133F8EE9A
:10894800E77A75EEE77A67EEA37A77EE846A66EEE1
:10895800886ABBFE667ABDEEC77A17EE102AB2F5B2
:10896800006F09EB820016D2B8EEC77A90ED006A64
:1089780090ED015AF5EEC07A76EEC76A35EE465AA2
:10898800B0EE467AF1EE10FAA6EE857AA8BF37EE79
:10899800427AE7EE224A7345CED13BEE24BA75EE11
:1089A800835AF7EE007AF4EEE75AF1EE10FA01DB9B
:1089B80075EEE75AC4ED935AFFF7ADB8D4EDB86A2F
:1089C800B0EE005A94EDB76A7EEE664AD4EDB27AFC
:1089D800F0EE665AD4EDB12A94EDB33A94EDB57A37
:1089E800E6EE275AD4EDB43A64EEA77A94EDB64A87
:1089F800E2EE867AE4EE835A27EE877A97EE856A66
:108A0800D5EE856AAEEE237A84EDB76AC4EDB86A0E
:108A1800A5EE847AFFF75DB9C4EDBB7AFFF789B993
:108A2800C4EDC27AFFF753B838464FF00F0BFAF788
:108A380033FBFFF72CB8059B00F11001DFED560A58
:108A480000939FED560A0196554DDDE90323FDF786
:108A58004BFADFED547A94ED407A2544524BB4EE4C
:108A6800E77AE318F1EE10FA069306DC94ED437A00
:108A7800B4EEE77AF1EE10FA08DDDFED4A7AD4EDCC
:108A88007B3AF4EEE73AF1EE10FA3ADC474BE3189A
:108A98000793474BE3180993059B04F54F7120464C
:108AA800DFED440A00939FED440A0196DDE90323B4
:108AB800FDF7F0FA45F28C70099A002307992044D3
:108AC8000096FAF7AFFCFFF7B1B99FED33BAB1E5FD
:108AD8009FED310A1CE49FED300A7BE6DFED2E4A5C
:108AE8005BE7DFED2D4AE4E69FED2B4A1EE69FED9E
:108AF8002A4A4BE5DFED284A79E49FED274AFFF73C
:108B0800B3BB2A4BE3180793294BE3180993FEF7E5
:108B1800D5BDD4ED937AB7EE007AD4ED946A9FED83
:108B28001EBA77EEA67AF4EEC77AF1EE10FAA8BF6D
:108B380077EEC77AC4ED937AFEF7EDBFD4ED997A54
:108B4800B7EE007AD4ED9A6A9FED130A77EEA67A0B
:108B5800F4EEC77AF1EE10FAA8BF77EEC77AC4ED43
:108B6800997AFEF7FABFD4ED9F7AB7EE007AD4ED82
:108B7800A06A9FED090A77EEA67AF4EEC77AF1EEBD
:108B880010FAA8BF77EEC77AC4ED9F7AFFF70DB841
:108B9800F0EE687AFFF7CDB800000000CDCC0C3FAE
:108BA8008468030017B7D138846A0300846403001B
:108BB80084660300B81E853EEC51B83E2DE9F04F9F
:108BC8002DED028B83B008EE100A00F0E9FB0028B7
:108BD80000F0C680834600F0E3FB8146002800F0E1
:108BE800C4804FF400720021614E0025614805F0F1
:108BF80063FA4FF4007200215F4805F05DFAA6F5AC
:108C08005837D6F890CCDFF870A1DFF868811CE0FF
:108C1800C5F180042B4652464146802C3846A8BFF1
:108C280080246445A8BF644600942544FEF714FCDC
:108C3800D6F8902CD6F8A03C7F2DA2EB040C234448
:108C4800C6F890CCC6F8A03C0ADCBCF1000FDFDC0B
:108C58003846FDF775FDD6F88CCCC6F890CCD7E72A
:108C6800444AF6EE006A444902F500751346084680
:108C7800D3ED007A90ED007A77EE877A67EEA67AE0
:108C8800E3EC017A9D42E0EC017AF1D1BFEE007A83
:108C98009FED3A6AF7EE006A09F102040BF102004F
:108CA800374E29E0F4EEE67AF1EE10FA51DC67EE81
:108CB800867AFDEEE77A17EE903A1BB2F1EC017A6C
:108CC80020F8023FF4EE677AF1EE10FA44D6F4EE9B
:108CD800C77AF1EE10FA1DDBF4EEE67AF1EE10FA3F
:108CE80034DC67EE867AFDEEE77A17EE903A1BB22F
:108CF800954224F8023F12D0F2EC017AF4EE677A3A
:108D0800F1EE10FA2AD6F4EEC77AF1EE10FAC9DAC3
:108D18003346D3E73346954224F8023FECD100228C
:108D2800594618EE100A00F0B9FB0122494618EE20
:108D3800100A00F0B3FB584600F088FB484603B021
:108D4800BDEC028BBDE8F04F00F080BB47F6FF7327
:108D5800CEE747F6FF73B1E70023C9E70023ADE785
:108D680003B0BDEC028BBDE8F08F5846E7E700BFC3
:108D780068C2032020D0032020D2032000FEFF4633
:108D88000180FFFF10B52C4882B0FCF7C9FB2B49C6
:108D98002B4A00232B480C68136113811060D360A1
:108DA800002C45D0234619465B69002BFBD14A614C
:108DB80025480021254B106025485161906102200B
:108DC8005160917203F118021972D9609961D961E1
:108DD80058721A6122466469002CFBD11D495361FF
:108DE8005C605C619C721960184800F09FF91A4831
:108DF80000F084FB154B224611490094164800F0F8
:108E0800F1FB164A1649144802F054FE154800F0C2
:108E180075FB01220A4900920C4B124800F0E2FB54
:108E28000E4A0F490F4802B0BDE8104002F042BE9A
:108E380014460A60BCE700BF6862002060CF0320C8
:108E48004C620020644A0020A44A002028620020C6
:108E580048620020704A002034CF03201C550020AF
:108E6800E975000048CF03202DE9F84F454B464CE3
:108E78001868197904F580750368444AAB42D177BC
:108E88000BD2434B1B78002B4BD04FF0E0234022F2
:108E98002C4605F58075C3F808223E4BDFF804A17F
:108EA800D3F80080DFF800913B4BBAF80060D3F8A4
:108EB80000B0B9F80070B8F1000F4FD0BBF1000F47
:108EC80021D1B8F1000F49D008F10401204601EB87
:108ED8004601403600F0C3F9BFF34F8F4FF0E02250
:108EE800C2F8704F2034AC42FAD3BFF34F8FBFF3B0
:108EF8006F8F7F2E26D8AAF800607F2F15D8A9F883
:108F08000070BDE8F88F0BF1040208F10401204657
:108F180002EB4702403701EB4601403600F080F98A
:108F2800DAE72C4605F58075B7E700245846A9F816
:108F3800004000F08BFA194B1A681C60164B1A6037
:108F4800BDE8F88F00244046AAF8004000F07EFAF9
:108F5800134A104B116814601960CEE7BBF1000F7B
:108F680008D00BF10401204601EB4701403700F01F
:108F780096F9B1E74FF480725946204605F09CF8FF
:108F8800AAE700BFE8CF03206018202000800E4029
:108F980011D80320D8CF0320E0CF0320E4CF03204B
:108FA800DCCF0320FED7032000D8032038B50021EA
:108FB800044600F097FA88B172B61C4A1368002B71
:108FC8002BD01B490D68002D2CD01560086000219E
:108FD800184A118062B6184600F038FA0121204676
:108FE80000F080FA98B172B6134A136883B1134936
:108FF8000C6854B114600024114A0860148062B6E9
:109008001846BDE8384000F021BA086062B638BD9D
:109018000B4910600B8062B638BD064910600B80A2
:1090280062B6DBE7086062B6D8E700BFD8CF032096
:10903800DCCF0320FED70320E0CF0320E4CF0320BA
:1090480000D8032010B5044600F0C6FB204610BD2A
:10905800F8B52D4C05462D4AE36F43F44023E367EA
:109068009368002B46DBD2F88830002B42DB0023C4
:1090780042F210724FF40C611C2005F055FAE369B6
:10908800234A23F44063234943F40063E361A36A5A
:109098001A40214B42F0CE02A2624A68134043F4C0
:1090A80000234B602DB91D4B0322C3F82021C3F8C0
:1090B80024211A4E0327154B0124C6F828710025D0
:1090C8004FF480301649174A174E1D66DC601E6142
:1090D80058619961DA61C3F8E050C3F88C4004F133
:1090E800E064C3F89040C3F89400C3F89810C3F83C
:1090F8009C20F8BD002DFCD1084B0322C3F8202189
:10910800C3F82421F8BD00BF00C00F40004038401C
:1091180000FEFFFF00C00A40F8FFF7FF00801F4075
:109128001B1F0100001F1F1F0100004770B5264DBF
:1091380000240121254E284600F0EAFA244A254B4E
:10914800204614601C60FFF783FF234B0321234A4A
:109158000220C3F880112B6821491A604FF48072ED
:109168009C61DA82DA8306229C829A831D4ADE6039
:109178001A61C3E9011029791B480FFA81FC1B4BBE
:1091880040F82C4040F82C30194B1A48D976D2F8C0
:109198006630194C43F01043C2F8663042F81A0C96
:1091A80000F094FA2A79154B0121207002F1100081
:1091B80003EB521302F01F02114C91409B00114A1D
:1091C80042F82040196070BDE8CF032000FEFFFF81
:1091D800D8CF0320E0CF032000801F406018202054
:1091E800020001012240384000C00E4014000080F7
:1091F80000800E400100009011D80320403800384C
:10920800B96D0000005C0020024A0349034802F0DF
:1092180051BC00BF1C550020956F0000E8CF03200B
:109228002DE9F04F00F5807EB1E8A00AB2E84015BC
:10923800C5EA0643C6EA2544C7EA0845C8EA2746F8
:10924800C9EA0A47CAEA2948CBEA0C49CCEA2B4AB8
:10925800A0E8F8078645E7D1BDE8F04F70474FF022
:1092680000022DE9F00F00F5807C00BFB1E8A00AEC
:10927800C5EA0203C2EA2544C7EA0205C2EA27464C
:10928800C9EA0207C2EA2948CBEA0209C2EA2B4A1C
:10929800A0E8F8078445E9D1BDE8F00F70474FF022
:1092A80000022DE9F00F00F5807C00BFB1E8A00AAC
:1092B800C2EA0543C2EA0504C2EA0745C2EA07064C
:1092C800C2EA0947C2EA0908C2EA0B49C2EA0B0A1C
:1092D800A0E8F8078445E9D1BDE8F00F70472DE90B
:1092E800F00F089C00F5007B51F8045B53F8046B01
:1092F800C5EA0647C6EA254952F8045B54F8046BE8
:10930800C5EA0648C6EA254AA0E880078345EBD1A6
:10931800BDE8F00F704700BF4FF0E0234022C3F8CC
:1093280008227047F8B5144B144D1C686E689CB140
:10933800237A20466BB123686F681B6898476B686F
:10934800E188DB1BC3F38F12B1EB931FA28038BFF8
:10935800E2806469002CEBD1084B094A5B681088ED
:109368009B1B084CC3F38F11B0EB931F218038BFB0
:109378001180BFF34F8FF8BD60CF0320001000E0CD
:10938800FAD70320F8D70320036818470B6803604F
:10939800704700BF0B680360704700BF704700BF8D
:1093A80030B472B6244D254C2A8804F1700104EBC0
:1093B80082038B423CD204F16F01501CC91A00EBA6
:1093C800910002E00132824232D09C4653F8041BDD
:1093D8000029F7D0B1FA81F04FF00043C34021EAE9
:1093E8000301CCF8001001B90132154B2A801A8804
:1093F800013291B2198062B6ACEB040C41F67C7371
:10940800C0EB00644FEAAC0CC0EB841001240CEBF9
:109418008C1C03EBCC1303EB80030A480068C4548C
:109428001844094B1C88944230BC38BF19807047D7
:1094380062B6002030BC7047FCD7032064CF0320FD
:10944800F4D703205CCF0320F6D70320428872B6F6
:109458000378012B03D9013B037062B67047D143EF
:1094680053090B484FF0004201F01F01CA4050F861
:1094780023100A430749B1F800C040F823209C454F
:10948800054A88BF0B801388013B138062B670477A
:1094980064CF0320FCD70320F4D70320C36813B993
:1094A8001DE0DB68E3B1187A9042FAD110B458682D
:1094B80093F809C0006950F82C4054B1DB682BB10F
:1094C800187A9042F3D0DB68002BF9D15DF8044B91
:1094D800704740F82C10087801300870EEE77047A4
:1094E800704700BF437A8B4206D90369002253F8BC
:1094F800210043F8212070470020704700220449CA
:10950800C0E90022028102740A680860C2607047DC
:10951800D4CF0320037CFBB903680146FBB1436841
:10952800EBB1427A5B7A9A421CD230B472B62B4BBA
:109538001C68ECB1E368C3B1486801E0DB68A3B11B
:109548005A688242FAD193F809C04A7A9445F5D10B
:1095580062B6042030BC7047012062B67047032011
:1095680062B67047022062B670476469002CE1D188
:109578001B4C236843B1994202D10BE0994207D0B2
:109588001A46DB68002BF9D1052062B630BC70475B
:1095980002F10C040D68E868E8B1C3681BB908E07B
:1095A800DA683AB1134681421846F9D162B6062004
:1095B800D0E70346D960CB68002023600123C86048
:1095C800AA7A2B721A44AA724A68947A13721C44B3
:1095D80094720B74D9E7E960EDE700BF60CF032010
:1095E800D4CF032010B5047C9DF808E00CB101200D
:1095F80010BD027280F809E0C0E90013BDE8104010
:10960800FFF788BF38B5037C002B36D04368044683
:10961800427A5B7A9A4238D272B60168CB68002BDC
:109628002DD0984233D01A46DB689C422AD0002BB2
:10963800F9D16268607A136953F8200048B1FFF7DE
:1096480005FF72B662680025607A1369216843F8DD
:1096580020508B7A013BDBB28B7203B90B72937A81
:10966800013BDBB2937203B913720A4B00201A68EC
:1096780020741C60E26062B638BD012038BD62B655
:10968800032038BDE368D360D3E7022038BDC36840
:10969800CB60CEE7D4CF032010B50446FFF7B2FF66
:1096A800094A136843B19C4202D108E09C4205D0A4
:1096B8001A46DB68002BF9D1204610BD0C32E3684E
:1096C8002046136010BD00BFD4CF03200C4B1A787E
:1096D8009AB90C4A0C4910B4C2F858110B48D02456
:1096E80001224FF0E02180F8464040241046C1F89E
:1096F80008415DF8044B1A7070470020704700BF9E
:1097080010D80320005C00207572000000E400E01F
:1097180070B472B621B9036813B102790F2A45D91A
:10972800294C2188002341FA03F212F0010208D0E3
:109738000133102BF7D162B600220371026070BCAE
:1097480070474FF0010C0CFA03FC41EA0C01218030
:1097580062B61E4D5FFA83FC1D4940F2824680F8CE
:1097680004C0EC6F194483F0030344F0C0044901BA
:10977800EC67A5F59F35174CA5F58075266084F82C
:109788001AC084F81EC084F818C084F81FC001608D
:10979800C1E90022C1E90222C1E90422C1E9062285
:1097A8005A5D42F0C0025A5570BC7047064C218879
:1097B80041FA02F5ED07B5D5054D1544B3EB451F44
:1097C800B0D162B6BBE700BF02D8032000C00F408B
:1097D8008074000200800E4003790F2B11D8094ACB
:1097E800937672B60849012290F804C00B8802FAF1
:1097F8000CF223EA02030B8062B6102200230271E6
:109808000360704700800E4002D80320704700BFF5
:10981800704700BF704700BF704700BF70B51A4C53
:109828001A4D2368AB4202D0194AD16829BBA369F3
:10983800AB4202D0164AD169C9B9236BAB4202D0F8
:10984800134AD16A69B9A36CAB4209D0104AD16BEB
:1098580031B101211B680F48D163BDE8704018473A
:1098680070BD01211B680C48D1629847EBE70121C4
:109878001B680A48D1619847DFE701211B6804F19A
:109888000800D1609847D2E7C05E00202009002078
:1098980000410840105F0020F85E0020E05E0020D4
:1098A80038B5064CA4F1600554F8083C2046183C2D
:1098B800DB689847AC42F7D138BD00BF105F002085
:1098C80003682DE9F041044688B01746002B4BD0B9
:1098D80000229A600122DA60304D04A8DFF8E080A7
:1098E8001D4451F8083B2D1102935B6805EB4506B2
:1098F8009847F60006F1080058F806304044DB683F
:1099080001909847264A04A9DDE90103029248F824
:1099180006309B689847029B04A8DB689847236831
:10992800032220481F609A601F4A23791F4C535511
:1099380013785178C0F828428B4228BF0B4691789B
:10994800D2788B4228BF0B46934228BF1346184C47
:109958004FF0E0224FF08061012084F87A30C2F89D
:109968000C1108B0BDE8F081124AD36E43F440539D
:10997800D3660122104B1A60104A13460260403227
:1099880098680028A8D0103393422360F8D10023A8
:109998001846236008B0BDE8F08100BF00BFF7BFDC
:1099A80020090020005C0020105500206D77000081
:1099B80000E400E000C00F400040084000410840BB
:1099C800C05E002010B4064B0020064C064A1C60FE
:1099D8009C611C639C6405495DF8044B02F06AB8FD
:1099E800C05E0020200900201C550020F1770000EF
:1099F800084601F0F9BD00BF012A70B508BF0A2268
:109A08008AB091B34FF0210E01E05FFA86FE0EF1A5
:109A1800FF36B1FBF2F502FB15145FFA84FC092C42
:109A28000CF137040CF1300C98BF5FFA8CF40EF18E
:109A3800280C88BFE4B29142EC4429460CF8244C27
:109A4800E3D24BB10EF1FF3E2D225FFA8EFE0EF1EE
:109A580028036B4403F8242C036801A9CEF12202E1
:109A68005B68714498470AB070BD30224FF0210EF0
:109A78008DF82520E5E700BF002903DB00230A2233
:109A8800FFF7BABF49422D230A22FFF7B5BF00BF2F
:109A980000B5036883B040F60D2C022201A95B686B
:109AA800ADF804C0984703B05DF804FB5AB90368E1
:109AB800C9B2074A1B68934200B506D108465DF84B
:109AC80004EB01F091BDFFF797BF5DF804EB184771
:109AD8004179000000000000B4EE400B70B5F1EED3
:109AE80010FA05462DED028B86B07CD6B0EEC07B11
:109AF8009FED476BB4EE467BF1EE10FA6BDC9FED01
:109B0800467BB4EEC70BF1EE10FA5ADC9FED447BAE
:109B1800B4EEC70BF1EE10FA53D4B5EEC00B0C46F9
:109B2800F1EE10FA5BD40023B6EE007B002C5ED079
:109B38004FF0000C9FED3C6B0CF1010C27EE067BFF
:109B48005FFA8CF2A242F7D330EE070B0A222846BE
:109B5800FCEEC07BB8EE678B17EE901A30EE488BA0
:109B6800FFF74AFF0F2C4FF02E03B2EE046B0646A8
:109B780028BF0F248DF808300DF1090302AA611ED1
:109B880053FA81F128EE060BFCEEC07BCDED017A8D
:109B98009DF8043007EE903A3033B8EEE78B02F8C0
:109BA800013F914230EE488BECD12B68013402A979
:109BB80028465B68E2B29847304606B0BDEC028B97
:109BC80070BD2B6803221A495B6806B0BDEC028B96
:109BD800BDE870401847036803221649F4E7B1EE60
:109BE800400B0123A0E7036803221349ECE730EE9A
:109BF800070B0A222846FCEEC07B17EE901A06B027
:109C0800BDEC028BBDE87040FFF7F6BEAFF30080F5
:109C1800FFFFFFFFFFFFEF7F000000E0FFFFEF41C6
:109C2800000000E0FFFFEFC19A9999999999B93F0F
:109C38001C09002018090020140900202A2849D8E6
:109C4800F8B5254F04463B78E3B9244B1B5DFF2B41
:109C580029D0234A02EB041291680A6802F44050A2
:109C6800B0F5805F30D01C061FD41E4C2360236AD9
:109C7800D80704D401F04CFD236AD907FAD5194B4B
:109C8800586AF8BD174D184E01E001F041FDAB6C64
:109C98001B06FAD4B36C13F08003F6D13B700F4B5C
:109CA8001B5DFF2BD5D10020F8BD0F4C03F07F03BF
:109CB8002360236ADA0704D401F02AFD236ADB074C
:109CC800FAD5094B586AF8BD22F480521C060A607E
:109CD800EBD4CAE70020704715D80320844F002032
:109CE800584B002000400C4000800C40A249A34B78
:109CF80088422DE9F047A24C5E699A69D4F80C8035
:109D08001BD9A04B984240F20281C31A9E491B0AF4
:109D1800A1FB031340F22761DB0903EB830303EB89
:109D2800830303F2E2438B4228BF0B46A3F548772F
:109D3800964BA3FB0737FF0804E0954FB8428CBF4A
:109D48000E2706278D4908F01F09D1F88030B9453C
:109D580043F0C003C1F880300CD228F01F08A1F5E9
:109D6800F82148EA0708C1F80C800B68002BFCDAD8
:109D780008F01F0916F0007324D186490C6986493A
:109D8800A14300F0EA8082F4805134464FF48055B4
:109D980014F0605F04D026F060561E43774B5E6176
:109DA80011F4405F07D022F4405274492A438A6173
:109DB8008B6C1A07FCD446F00076704A5661936C97
:109DC8009B06FCD4754CA04200F2CE804FF0010CEB
:109DD8000146634603FB011203F1010E0CF1010574
:109DE800A24218D8BEF1080F4FF0010340F08D8051
:109DF800BCF1040F00F291800A18A24200F2A4807C
:109E080005FB00F1AC4603F1010E03FB01120CF156
:109E18000105A242E6D90CF1FF318C0286EA8121C4
:109E28005F4810445F4A90427FD9DFF8A4A16C22B2
:109E38005D48584DB0FBFEF0D5F800E0B0FBFCF0F3
:109E4800DFF890C10EEA0C0CD44509D042F4005258
:109E58004FF4805CC5F800C02A602A68002AFCDA42
:109E6800464A156905F007059D4203D01361936CB6
:109E7800DD03FCD411F4E05F09D026F4E05604F4C5
:109E8800E0543E4A26435661936C9907FCD44749EF
:109E9800474A014491423CD8464BC909A3FB0131CA
:109EA800090B4B1E1B0286EA030212F4407F06D000
:109EB80026F4407603F44073304A334353612F4A03
:109EC800536923F000735361936C9B06FCD43A4B9F
:109ED8004F45A3FB00234FF0FF324FEA9343B0FBFB
:109EE800F1F1B2FBF3F3354A1060354A1160354A97
:109EF800136008D228F01F08214A48EA0707D760EC
:109F08001368002BFCDABDE8F087734662E7122776
:109F180018E74FF440730421C5E70CF1FF312048DE
:109F280007238C02104486EA8121274ADFF8A8A07B
:109F3800A2FB0020020D2548362A38BF362202FB34
:109F480000F042EA0A0A74E74FEA8C24002386EA02
:109F58008C214FF0010EAC4662E71D4686F0C054D6
:109F680011464FF0C05313E700244FF0010C02468E
:109F780031462346E64653E700A4781F00C00F4049
:109F8800000008400046C32323B24C001F85EB5154
:109F980000366E0100800D4040300080FFB19F26E2
:109FA800808D5B00FF7EF64D00643F4D7FD1F00849
:109FB8007F17B42C9F10E50083DE1B43FC54002060
:109FC800F8540020D0D70320819F5E16001BB700ED
:109FD8006C2000807F3001800020008000B970472D
:109FE8002DE9F84F01218146214C224D224E54E89B
:109FF800003F2A68306844E80013002BF7D11F4956
:10A008004B684FF47A7BDFF878A01B1A01270BFB0B
:10A0180002F8DAF80020A3FB02325A4594BF9044B4
:10A02800D84454E8003F2A68306844E80073002B9D
:10A03800F7D14B68DAF800C01B1A0BFB02F2A3FB3E
:10A048000C3CBCF57A7F94BF624402F57A72A2EBAD
:10A058000802B2F57A7F06D3B9F1010908F57A78D2
:10A06800DFD1BDE8F88F01F053FB0449D9E700BF01
:10A07800DCD70320D8D70320D4D70320001000E072
:10A08800D0D7032008B5FBF7D7FDFBF797FE01F003
:10A098003FFBFAE7844641EA000313F003036DD15E
:10A0A800403A41D351F8043B40F8043B51F8043B93
:10A0B80040F8043B51F8043B40F8043B51F8043B9A
:10A0C80040F8043B51F8043B40F8043B51F8043B8A
:10A0D80040F8043B51F8043B40F8043B51F8043B7A
:10A0E80040F8043B51F8043B40F8043B51F8043B6A
:10A0F80040F8043B51F8043B40F8043B51F8043B5A
:10A1080040F8043B51F8043B40F8043B51F8043B49
:10A1180040F8043B51F8043B40F8043B51F8043B39
:10A1280040F8043B403ABDD2303211D351F8043BD9
:10A1380040F8043B51F8043B40F8043B51F8043B19
:10A1480040F8043B51F8043B40F8043B103AEDD288
:10A158000C3205D351F8043B40F8043B043AF9D2D9
:10A16800043208D0D2071CBF11F8013B00F8013BAC
:10A1780001D30B8803806046704700BF082A13D3B9
:10A188008B078DD010F003038AD0C3F10403D21AD1
:10A19800DB071CBF11F8013B00F8013B80D331F805
:10A1A800023B20F8023B7BE7043AD9D3013A11F885
:10A1B800013B00F8013BF9D20B7803704B784370F0
:10A1C8008B7883706046704703F0B2BC01F1FF3CA6
:10A1D80070B56646002400E00134B0FBF2F502FBDE
:10A1E8001503092B03F1370E03F130035FFA8EFED6
:10A1F80098BF5FFA83FE9042284606F801EFEBD23B
:10A20800631C0022C818CA547CB162461CF8015F5E
:10A2180010F8016DA1EB0C0302328CF80060013BD1
:10A22800521A057023449A42EFDB084670BD00BFFE
:10A2380072B6EFF30583524CC4F884301EF0040F55
:10A248000CBFEFF30882EFF309824FF0E0234D4E85
:10A258004D4DD3F8280DD3F82C1DC4E92201D3F8AD
:10A26800341DD3F8383DC4E924139369C4F89830F1
:10A27800D369C4F89C3000F0BFF884ED280A01F0D7
:10A288009FFB0B214FF0FF32C4F8A4000B46C4F823
:10A2980080103E49301D5A40202402F00103013C41
:10A2A80001FB03F383EA5202F7D1A84202D0736894
:10A2B8000646EFE7324BC3F8A820BFF34F8F4FF0A5
:10A2C800E0233049324AC3F8701FC3F8702FBFF338
:10A2D8004F8FBFF36F8F2F4A02252F48D36E2F4918
:10A2E80043F44053D3660560D3692D4823F07F03B8
:10A2F80043F04003D3610B6883423DD8264D0021CB
:10A308004FF0E0234FF0FF3229600126C5F808110D
:10A318002449C5F80011C5F80861C3F88021C3F8BD
:10A328008421C3F88821C3F88C21C3F8902101E067
:10A3380000F054F9D5F80C31002BF9D00134C5F8E8
:10A348000C614F2CF4D9184B022018494FF00042E9
:10A35800C1F840015A63D5F80C313BB91448154986
:10A368000D4A0163D2F80C31002BFAD04FF0E023EC
:10A37800114AC3F80C2DFEE7FFF7B8FCBEE700BF93
:10A3880000FF272080FF2720A8FF27202083B8ED83
:10A39800A0FF272000C00F4000400840FC540020C8
:10A3A800803DCD0B009F240000900D4000002E4002
:10A3B80000800F40F100AD0B0400FA050A490A6855
:10A3C80038B108B513180948834204D810460B6001
:10A3D80008BD1046704703F0D9FE0C234FF0FF323A
:10A3E8000360104608BD00BF185500200000282053
:10A3F80030BFFDE7FFF71CBF124AD2F880305B0779
:10A40800FBD5D2F880301048C3F30B230F4990EDE9
:10A41800007A07EE903A91ED006AB8EE477A0C4A56
:10A42800F8EEE77A0B4BD2ED006A77EEC77A93ED38
:10A43800007AB8EE477A67EE867A87EEA60A37EE94
:10A44800400A704700810D40C0D70320C8D70320B9
:10A45800CCD70320C4D70320836BF0B41BB1536857
:10A4680043F40043536072B6446B3CB31A4B22600A
:10A47800D3F8B0410C421DD1184E776804E07468D7
:10A48800E41BB4F5166F0BD2D3F8404144F4804472
:10A49800C3F84041D3F8B851D3F840416404EED52D
:10A4A8000D4007D10C4CC0E90225D4F8B0310B435C
:10A4B800C4F8B031426362B6F0BC7047064DC0E9DB
:10A4C8000224D5F8B0310B43C5F8B03102634263BA
:10A4D80062B6F0BC704700BF00002E40001000E0DC
:10A4E80070B5056B9DB106462A46002403E0126844
:10A4F8000134012A0CD0536813F08003F7D032637B
:10A508002CB12846B36B2D689847013CF9D170BD32
:10A51800C6E90C33F4E700BF30B4D9B91F4C204B5F
:10A528000021204A01254FF0011099601D60C4E9FF
:10A53800023180245C60C2F8BC01D2F8B0311A48FC
:10A548002B43C2F8B0310160D2F8B031002BFBD1F7
:10A5580030BC70470904154B104C012541F08001AF
:10A568009860104A596000F580511D60D96000F567
:10A578000051A364196100F5405100F5804059610C
:10A5880000219861E164D2F8B03143F48033C2F815
:10A59800B031D2F8B031002BFBD1C0E70000002069
:10A5A800205F002000002E4030D70320405F0020AD
:10A5B800084901220B7802FA00F023EA000008702B
:10A5C80030B9054AD2F8483123F08003C2F848313F
:10A5D800704700BF1BD8032000002E402DE9F04F24
:10A5E8009C4C83B0D4F84461F107C4F844616AD53F
:10A5F800D4F8AC31002B61D0DFF88482964DDFF8B7
:10A6080078B208F5805ADFF87C92944FC4F8AC31E0
:10A61800D5E90A20D4F8403143F40053C4F8403156
:10A62800D4F840319B04F5D5D4F8403123F40053D5
:10A63800C4F840314FF00113C4F8B431D4F8B43140
:10A6480013F00113FAD191B240F2816CCBF80030CB
:10A65800614500F2D980B1F5D06F80F06181B1F524
:10A66800817F00F08F8140F2AB8040F2023C61456F
:10A6780000F0B281B1F5A06F40F0C1807849EB6479
:10A688008B600123A9640B6080234B604FF001139A
:10A69800C4F8BC31D4F8B03143F48033C4F8B031D5
:10A6A800D4F8B031002BFBD1130C5B0643F0807358
:10A6B800C4F85431D4F8AC31002BA7D1654AD2F88C
:10A6C800BC31002B4AD1720616D5624BD3F8AC21A7
:10A6D800C3F8AC21D3F8BC21C3F8BC21D3F8B041EE
:10A6E800002CFBD14FF0FF32C3F8B421D3F88431EA
:10A6F80000F012FE5B4B1C60F40103D55A4B1B683B
:10A7080003B19847B00103D5584B1B6803B198476C
:10A71800710708D54F4BD3F8843113F400731AD05E
:10A72800534B01221A704B4BD3F848311A060FD5F8
:10A7380033060DD54F4A13782BB1013BDBB21370AA
:10A74800002B00F0428203B0BDE8F04F00F0E4BBFC
:10A7580003B0BDE8F08F464A1370E4E74649C2F8F3
:10A76800BC310868034240F061813E4A14681C40CD
:10A77800A9D05FEA144810D0374D4FF0010998FA74
:10A78800A8F7B7FA87F705EBC71009FA07F74030BB
:10A79800FFF7A6FE38EA0708F1D1A4B2002C92D040
:10A7A8002D4D4FF0010894FAA4F7B7FA87F705EB97
:10A7B800C71008FA07F7FFF793FEBC43F3D182E707
:10A7C800802900F0A780822919D183B210F078007F
:10A7D80015D103F07F0257F82210284A1080180676
:10A7E80000F1C081CB0701D5012313700221234852
:10A7F800FFF792FE5EE7010C072900F045814FF054
:10A808000113C4F8C03155E742F2210C6145F2D07A
:10A818003AD942F22123994268D042F2213399422F
:10A82800EDD10F4B00229A60EA640122AB641A60F2
:10A8380080225A604FF00113C4F8BC31D4F8B0310B
:10A8480043F48033C4F8B031D4F8B031002BFBD1D5
:10A8580030E700BF00002E4000000020C0012E405D
:10A86800205F002034D70320ECD70320F0D7032043
:10A8780024D8032025D8032030D7032064D7032009
:10A8880028D70320405F0020B1F5086F3AD0B1F512
:10A89800106FB4D1B548C2F307424FF0C811009306
:10A8A8000270B34AC4F8C821C4F8CC11C4F8D01156
:10A8B80000F034FD00F0CEFAAE4A0121009BAA64F4
:10A8C80011608021936051604FF00112EB64C4F86D
:10A8D800BC21D4F8B02142F48032C4F8B021CBF8BE
:10A8E8000030D4F8B031002BFBD1E3E680B2002869
:10A8F80097D1A14BC2F307421968A04B1960A04B2E
:10A908001A708EE7994B01219E481B780370FFF758
:10A9180003FECFE69B4802210380FFF7FDFDC9E651
:10A92800994B596800293FF46AAF4FEA124E82B238
:10A9380004E019690C3300293FF461AFB3F800C093
:10A94800F445F6D1B3F802C09445F2D14FEA1E227D
:10A95800032A00F0D8801A89000C824228BF0246D8
:10A96800BEF5007F40F0D480884B89491878894B20
:10A978000092002818BF19468748FFF78BFB864BC3
:10A98800009ADAE010F0780F83B27FF438AF03F062
:10A998007F0213F0800F57F8223014BF23F480335E
:10A9A80023F0010347F822300022724BEA649A60D0
:10A9B8000122AB641A6080225A604FF00113C4F878
:10A9C800BC31D4F8B03143F48033C4F8B031D4F892
:10A9D800B031002BFBD16DE610F0780F83B27FF415
:10A9E8000EAF03F07F0213F0800F57F8223014BF28
:10A9F80043F4803343F0010347F8223000225D4BD3
:10AA0800EA649A600122AB641A6080225A604FF0AF
:10AA18000113C4F8BC31D4F8B03143F48033C4F81E
:10AA2800B031D4F8B031002BFBD143E600200860E8
:10AA38005A490C88486842F221018C427FF495AE4D
:10AA480080B200287FF491AE5549564C03C9A180C5
:10AA580086284FEA11412060A1717FF486AE72B654
:10AA68005148017841F008010170D2F848110D06EB
:10AA780005D480200143C2F84401C2F8481162B6E7
:10AA88004A4A5021117070E6EB6001234349C9F826
:10AA98000030474B0A60C9F80430464B4860C9F893
:10AAA8001030C5F80890C9E9028AD4F8B02142F0FC
:10AAB8000102C4F8B02103F5805203F50053C9F828
:10AAC8001420C9F81830D4F8B031002BFBD1294A2A
:10AAD800EB6493600123AA64136048F28003536017
:10AAE8004FF00113C4F8BC31D4F8B03143F48033CB
:10AAF800C4F8B0314FF48033CBF80030D4F8B0311B
:10AB0800002BFBD1D6E5000C0A78824228BF02460A
:10AB1800BEF5E06F50D11D4B1D4893F800C01D498C
:10AB28001D4BBCF1000F18BF014600921846FFF7F5
:10AB3800B1FA072103464170009A23F01F0113441C
:10AB4800BFF34F8F4FF0E020C0F8701F20318B42C9
:10AB5800FAD8BFF34F8FBFF36F8F0F481146FFF737
:10AB6800DBFCA7E5C9033FF53FAE3FE623D803204A
:10AB78000200CC00205F0020D8D70320E8D70320AC
:10AB880022D8032064D703206C53002024D8032044
:10AB98007C1F006014200060601A202020620020C2
:10ABA80028D70320E0D703201BD8032025D803206B
:10ABB8008000070028F70320064B1846CDE900233C
:10ABC800FFF768FADDE90023B7E70320FFF7F0FC99
:10ABD80003F0A6FC601A20202DE9F0471F46831ECB
:10ABE800022B01D9BDE8F087DFF84C9015460C46DA
:10ABF8003C2209EBC01806464FEAC01A002108F1AA
:10AC08000400240403F058FAB5FA85F20123520926
:10AC180044EA427449F80A40C8F83870C8F808305D
:10AC2800002FDFD0034AB34011680B431360BDE81F
:10AC3800F08700BF34D70320000000202DE9F0473B
:10AC48000D46811E022901D9BDE8F087C701DFF84A
:10AC58004C909246044640373C2200211E4609EBA0
:10AC680007082D0408F1040003F026FABAFA8AF25C
:10AC7800520945EA427249F807200122C8F83860AB
:10AC8800C8F80820002EDFD0034B10341968A24002
:10AC98000A431A60BDE8F08734D70320000000207B
:10ACA80012048160C36101F5405342F0800210B480
:10ACB8000124426001F50052046001F5805401F559
:10ACC8008041C46081615DF8044BC0E9042370478A
:10ACD800831E0A46022B00D97047064B00F110016B
:10ACE8004FF0010C03EBC0100CFA01F14030FFF7F4
:10ACF800B3BB00BF00000020831E0A46022B00D908
:10AD080070470121024B814003EBC010FFF7A4BB41
:10AD18000000002040687047124A134BD2F8200206
:10AD280020F07F40984210B584B002D200EB80003A
:10AD380040000E4C01A90A22FFF748FA01A9002396
:10AD4800204611F8012B01333AB10A2B20F8022FC3
:10AD5800F7D11623237004B010BD5B00DBB223705B
:10AD680004B010BD00441F4080969800545900203C
:10AD780000F0F2BB00F0C2BB00F026BC00F0E0BB64
:10AD880000F07CBC00F052BC0846114600F042BC02
:10AD9800F8B5144C4FF0E025134E4FF4003204EB95
:10ADA8004024124F06EB40160346C5F88C21214675
:10ADB8003A883046FFF774FF3B882344BFF34F8F30
:10ADC800C5F85C4F2034A342FAD8BFF34F8FBFF3C6
:10ADD8006F8F04203146FFF78FFF4FF40033C5F81B
:10ADE8000C31F8BD001B2020605F002004D8032030
:10ADF80042684FF6FC71114BC2F30E42C0691B88C2
:10AE08009B1A0B4017D00E4930B40E4C0E4D2278C9
:10AE180021F810300021013225F81010062A94BFBD
:10AE2800D1B20A46217009490C6823440B60084BCB
:10AE3800985430BC7047FFF7ABBF00BF04D803205D
:10AE480074D7032017D8032090D703206CD703208A
:10AE5800ACD70320214B70B51B78002B3BD04FF4A7
:10AE680000731E461E4980221E4D00240B800021BF
:10AE78001D482B8003F020F91C4A21461C4B1470F6
:10AE8800C0221C481C8003F017F91B4A31461B4B93
:10AE9800042094609C60C2E90044194AC3E9004454
:10AEA8001470184B184A1C70184B14602246FFF790
:10AEB80093FE2346224629880420FFF7BFFE20463A
:10AEC8000134FFF765FF062CF9D100231049114A18
:10AED8000B70137070BD40231E46C3E724D80320AF
:10AEE80004D803200CD80320206100201ED803209A
:10AEF80008D80320605F002074D7032090D7032070
:10AF080017D8032019D803206CD70320418D0000DF
:10AF18001CD8032020D803202DE9F843214B1D78A5
:10AF280015B9214E33880BB9BDE8F883DFF888805E
:10AF38001E4A98F800701E4C02EB47191D4A04EB94
:10AF48004724128848462146D21A2B46FFF7A8FE06
:10AF5800BFF34F8F04F1200204F50073934234BF0E
:10AF6800012310234FF0E02204EB4313C2F8704F83
:10AF780020349C42FAD1BFF34F8FBFF36F8F013754
:10AF880049460420FFF7A4FE032F4FF000034FF0BB
:10AF9800020098BFFDB2338088F80050BDE8F8433E
:10AFA800FFF706BB20D8032008D803202061002023
:10AFB800002720200CD803201ED80320F8B5144CF5
:10AFC8004FF0E025134E4FF4003204EB4024124FAB
:10AFD80006EB40160346C5F88C2121463A883046D0
:10AFE800FFF75EFE3B882344BFF34F8FC5F85C4FE5
:10AFF8002034A342FAD8BFF34F8FBFF36F8F0320DB
:10B008003146FFF779FE4FF40033C5F80C31F8BD2F
:10B01800002F20202060002006D80320244B2DE993
:10B02800F0411C884368C569C3F30E43E41A002C39
:10B0380024DD204920480A780078D3B21F4E824286
:10B048001F4807D010F8038036F81870C7F500724B
:10B05800944218D90133002226F81540082B194EBE
:10B0680088BF134626F8152098BFDAB2C554164B88
:10B078000A701A6814441C60BDE8F0812846BDE8CF
:10B08800F041FFF79BBF07EB4820104922462744B1
:10B09800084401EB4521FEF7FDFF0B4A284626F838
:10B0A800187013682344BDE8F0411360FFF786BFAA
:10B0B80006D8032018D803201AD8032080D70320E5
:10B0C800B4D703209CD7032070D70320002F20205B
:10B0D8001D4B1A78002A36D102F0FF031B4A12785A
:10B0E8008AB32DE9F0411A4D2A8852B3194EC2F598
:10B0F8000068194F3278194C07EB421704EBC22449
:10B10800424638462146FFF7CBFD04EB0802BFF361
:10B118004F8F4FF0E023C3F8704F2034A242FAD883
:10B12800BFF34F8FBFF36F8F03203946FFF7D0FD72
:10B1380033780133DBB2032B88BF0023337000233D
:10B148002B80BDE8F081704721D8032023D8032045
:10B158000AD803201FD80320A0610020003F202028
:10B168002DE9F04F85B0CDE90110002900F0BF802E
:10B178000023604CDFF89881DFF898A15E4F0093B8
:10B1880001235E4A23705E4B1978B8F8003002EB51
:10B198004119002B40F0A7801E461D469B46484695
:10B1A800FFF7B8FD10F0800000F08C80BFF34F8FE0
:10B1B8009AF8003084F800B005B93E68002B7DD1BC
:10B1C8003B689B1B782B00F287804E4B1B78002B2B
:10B1D80074D000F09DFA0122B8F8003015462270AC
:10B1E800002BDCD0464AC3F5006011781A4600EB04
:10B1F800C120454DC9022844019D954217D20393A9
:10B20800DDE901512A46FEF745FF039B4FF0404216
:10B218005B1BA8F800303D4BC3F88420BFF34F8F69
:10B22800009800232844237005B0BDE8F08F364B02
:10B23800CD180299FEF72EFF00234FF4006229462D
:10B248004846FFF72DFDBFF34F8F05F1200205F5A6
:10B258000063934234BF012340234FF0E02205EB03
:10B268004313C2F8705F2035AB42FAD1BFF34F8F5A
:10B27800BFF36F8F03204946FFF72AFD204A137852
:10B288000133DBB2032B84BF00231D4A1370B8F8C7
:10B298000030019AD11A009A1A4401910092029A38
:10B2A8001A4400230292194AA8F80030C2F88430E0
:10B2B800BFF34F8F237000297FF462AF009805B069
:10B2C800BDE8F08F4FF400620D4B8AF80000197842
:10B2D8001346A8F800208AE7012300988AF800306E
:10B2E80005B0BDE8F08F1A46C3F500607FE7019806
:10B2F800E5E700BF21D80320D8D70320A0610020AC
:10B308001FD8032023D80320003F202000002E4010
:10B318000AD803201DD80320704700BF2D4B0021F9
:10B3280080222D4870B51B7800242C4D8B422C4E62
:10B338000CBF40234FF400732B80338002F0BCFE17
:10B34800284A2146284B14704FF4807227481C80E5
:10B3580002F0B2FE264A1021264B0220C2E9004420
:10B36800C2E90244244AC3E900441470234AC3E9E9
:10B378000244234B1C70234614602246FFF75EFCF0
:10B388002246318803201F4BFFF726FC2346012263
:10B3980029880320FFF752FC20460134FFF70EFEF0
:10B3A800082CF9D1184B00214A221848184C04607F
:10B3B800C3F88410C3F88020D3F84821154942F017
:10B3C8008072C3F8482121B1134A137843F001036E
:10B3D800137070BD24D80320A06100200ED803206C
:10B3E80006D803201FD803200AD803202060002095
:10B3F80080D703209CD7032018D8032070D70320B8
:10B408001AD803206D8F000000002E40ECD70320CF
:10B41800219000000000000026D803202DE9F04FFD
:10B428004FF0E0234FF40032DFF8C8A083B0C3F830
:10B438008C218B469AF8004000294FD08046E4B210
:10B448000027DFF8B490264BABEB070225491B78A1
:10B45800A34204F101043FD0092C234B404628BFE6
:10B4680000241E5D39F816C00CEB462319441F4B07
:10B4780033F81650A5EB0C05AA421CD20CEB462C4F
:10B4880018491B4C61440192FEF704FE216839F803
:10B4980016505846019AA1EB0B012A44394429F861
:10B4A800162021604FF0E0234FF40032C3F80C213E
:10B4B80003B0BDE8F08F2A462F44FEF7EBFD0C4998
:10B4C800E3B230460A68A844521B0A608AF8003082
:10B4D800FFF774FDBB45B6D83846E3E70846E1E711
:10B4E80018D80320002F2020B4D7032080D70320AA
:10B4F80070D703201AD803209CD703200B4B0C4A83
:10B5080012781978D3B28A420DD0013309480A4A11
:10B51800092B0A4928BF0023C35C31F8131002EB3A
:10B528004323585C70474FF0FF30704718D803200A
:10B538001AD80320B4D70320002F20209CD703203B
:10B54800044B10B51C680CB1204610BD00F0E0F8A3
:10B55800204610BD70D703202DE9F84F144E154D25
:10B5680033782A78934221D0DCB2DFF85090DFF8A4
:10B5780050B0DFF85080104F0134082C5FFA84FA7D
:10B5880001D90024A24619F80400DBF8003038F885
:10B59800102037F81010521A9B1ACBF80030FFF71A
:10B5A8000DFD86F800A02B78A342E5D1BDE8F88F01
:10B5B8001AD8032018D803209CD70320B4D7032017
:10B5C80070D7032080D7032000B583B001210DF187
:10B5D8000700FFF723FF20B19DF8070003B05DF8CF
:10B5E80004FB4FF0FF30F9E7094B00B583B01B7837
:10B5F8008DF807003BB101210DF10700FFF7B0FD01
:10B6080003B05DF804FB03F0FF0003B05DF804FB32
:10B6180023D80320044B1B7803F0FF020BB1FFF77C
:10B628009FBD1046704700BF23D803202DE9F04185
:10B638000024DFF8448001230D4D27460D4E88F87D
:10B648000030337828462035A34204F1010405D0A0
:10B65800FFF760FB030658BF07F50067042CF0D11D
:10B66800BFF34F8F0023384688F80030BDE8F081DB
:10B67800A06100201FD8032021D803202DE9F8431A
:10B688001D4B1B7813B11D4D2A880AB9BDE8F883F4
:10B698001B4EC2F500691B4933784A461A4C01EB28
:10B6A80043181A4F04EBC324012340463B7021463C
:10B6B8000023FFF7F5FA04EB0902BFF34F8F4FF0B1
:10B6C800E023C3F8704F2034A242FAD8BFF34F8F5B
:10B6D800BFF36F8F03204146FFF7FAFA337801333F
:10B6E800DBB2032B88BF0023337000232B80BFF30A
:10B6F8004F8F3B70BDE8F88323D803200AD8032076
:10B708001FD80320A0610020003F202021D803205B
:10B718002DE9F8432D4B1E7866B12D4F3B784BB978
:10B728000123F1073B7043D4B20726D400233B70B2
:10B73800730701D4BDE8F883264B1A68002AF9D0AC
:10B74800EFF30582002AF5D1EFF3108572B6186879
:10B75800002834D0204C2178002930D101222270D1
:10B7680042691A60002A2ED0916105B962B6002597
:10B778008368457798472570DCE7DFF8648098F898
:10B788000030002BD2D00025DFF858902B4659F80E
:10B7980023400135236820461B69984710B1636927
:10B7A8009B68984798F80020EBB29A42EFD8BDE71B
:10B7B800FFF7C6FE0028B7D0AFF30080B4E7002D2E
:10B7C800B8D162B6B6E7054B1A60CEE726D8032093
:10B7D80014D80320F0CF032012D80320FCCF032075
:10B7E80013D8032000D0032070B5EFF3108272B68F
:10B7F8000C4C206880B10C4E00254369236073B15E
:10B808009D6102B962B6836845779847EFF3108265
:10B8180072B620680028F0D102B962B670BD3360F4
:10B82800EFE700BFF8CF0320F4CF0320FFF7DCBF1A
:10B838000449054A4968054B1960136801331360C8
:10B84800704700BF001000E0D8D70320D4D70320EA
:10B8580000230F2248F2B82C194610B54FF4704453
:10B868004FF4806EA0F88C414FF46044A0F88E210C
:10B878000A46A0F89031B0F888319BB243F0F00343
:10B88800A0F8883101EB4103013100EB431304298F
:10B898009C80A3F806E05A841A865A805A81A3F835
:10B8A8000EC05A82DA825A83DA83EBD1B0F8883133
:10B8B8009BB243F00F03A0F88831B0F888319BB2EF
:10B8C80043F47063A0F8883110BD00BF374B384A85
:10B8D800996F384841F47F0170B5996741F20106C4
:10B8E800D3F8801045F6C05543F226040A43C3F83E
:10B8F8008020FFF7ADFF00F58040FFF7A9FF00F5B6
:10B908008040FFF7A5FF00F58040FFF7A1FF002268
:10B91800A0F503104FF00F0E114600EB42134FEA4B
:10B92800421C01329981042A5981A3F80EE09E82B3
:10B93800DD8020F80C1019829C81EED100221E486F
:10B948004FF00F0E41F20106114645F6C05543F27D
:10B95800260400EB42134FEA421C01329981042A63
:10B968005981A3F80EE09E82DD8020F80C10198220
:10B978009C81EED1002211480F2641F201051146A3
:10B9880045F6C05443F2260E00EB42134FEA421C20
:10B9980001329981042A5981DE819D82DC8020F858
:10B9A8000C101982A3F80CE0EED170BD00C00F4056
:10B9B800000003FC00C03D4000001E4000401E4047
:10B9C800074A506A936A19468446506A936A9942AC
:10B9D800F9D18445F7D1DB0B43EA4040704700BFFB
:10B9E80000400D4008B5D0E900325BB1BAB10F4B49
:10B9F800A3FB0213DB0803EB4303B2EB83030AD177
:10BA0800012008BD094BA3FB0213DB0803EB43032A
:10BA1800B2EB830301D0D21A4260F02AF0D802F0C8
:10BA2800B5FB1C22034600201A6008BDABAAAAAACF
:10BA380070B5044638B319B1B2FA82F67609A2B9DC
:10BA4800206800B36268F2B1184B194902FB03F38E
:10BA5800B1EBB30F17D3A368E3B900220123226027
:10BA68006260A260E260184670BD1D46049BC0E992
:10BA78000012C360FFF7B6FF03460028F3D06DB984
:10BA88000123184670BD02F081FB162200230260D4
:10BA9800184670BD002102F00FFBDEE762683146F0
:10BAA8002068A56002F008FB0123DCE7ABAAAAAA7C
:10BAB8005555551503460846194602F04FBB00BFB9
:10BAC80010EE103A40F22A41C3F30A528A42B7EE06
:10BAD800C03A32D8B7EE000B2D4B93ED4A2B93EDBD
:10BAE800481BB0EE417BA2EE037B17EE100A37EE3F
:10BAF800417B00F01F0203EBC20130B492EE037BDE
:10BB080093ED4C4B53F832404D6893ED4E6B93EDEB
:10BB1800505BA4EE076B27EE074B00210A1905EBD3
:10BB2800C033A5EE070B43EC172BA6EE040B30BC75
:10BB380020EE070BB7EEC00B704713F5000F20D0AF
:10BB4800B2F5FF6F1AD2DFED137AB4EEE70AF1EE21
:10BB580010FA10DCDFED107AB4EEE70AF1EE10FA15
:10BB680012D4DFED0E7AB4EEE70AF1EE10FAB1D591
:10BB7800002000F07DBC002000F080BC30EE000A00
:10BB880070479FED070A7047002000F06BBC00BFAC
:10BB9800800200201772B142B4F1CFC2CF8ECEC25C
:10BBA8000000000000F038BE10EE103AC3F30A524D
:10BBB800B2F5866FB7EEC07A2ED2B7EE000B2A4BDD
:10BBC80093ED402B32EE073B13EE100A33EE423B67
:10BBD80000F01F0203EBC20130B437EE437B93ED54
:10BBE800424B53F832404D6893ED446B93ED465BFE
:10BBF800A4EE076B27EE074B00210A1905EBC033AB
:10BC0800A5EE070B43EC172BA6EE040B30BC20EE79
:10BC1800070BB7EEC00B704713F5000F1ED0B2F537
:10BC2800FF6F18D2B5EEC00AF1EE10FA10DCDFEDA6
:10BC38000F6AB4EEE60AF1EE10FA12D9DFED0C6ADB
:10BC4800B4EEE60AF1EE10FAB7D5002000F010BC09
:10BC5800002000F013BC30EE000A70479FED050A83
:10BC68007047002000F0FEBB80020020000016C3D1
:10BC7800000015C30000000010EE103AB3F17E5F1B
:10BC88003ED0A3F50001B1F1FE4F10EE102A3AD2D2
:10BC9800BFEE002B02F14043284903F54D03C3F3DF
:10BCA800C34001EB001091ED424B91ED447B91EDC7
:10BCB800406B91ED465BD90DC9052DED028B90EDDA
:10BCC800021B90ED008B521ADB1500EE103A03EEC2
:10BCD800902AB8EEC00BB7EEE33A30EE010BA8EEAF
:10BCE800032BBDEC028B22EE023BA4EE027BA5EEF9
:10BCF800020BA6EE037BA3EE070BB7EEC00B704753
:10BD08009FED0F0A7047590014D0B3F1FF4F14D0BC
:10BD1800002B0BDBB1F17F4F08D2DFED0A7A60EE22
:10BD2800277A17EE903AA3F13862B1E700EE103A9D
:10BD380000F0BCBB012000F0A7BB7047C80300207F
:10BD4800000000000000004B30B410EE103A2DED5A
:10BD5800028BA3F5000110EE902AB1F1FE4F10EE10
:10BD6800104A82B04FEA42017CD201F1FF3C6FF0E9
:10BD78008070844580F0F780002004F1404303F58B
:10BD88004D03C3F3C342DB0DDB05E11ADB1507EEF8
:10BD9800903AB14B03EB021292ED003B04EE101AFD
:10BDA800B7EEE06AB7EEC44ABFEE000BA3EE040B91
:10BDB80093ED443B20EE001B93ED464B93ED402B57
:10BDC800A0EE034B93ED425B93ED483BA0EE025B84
:10BDD80021EE012B92ED028BB8EEE77B37EE087B64
:10BDE800A0EE037BA1EE047BA5EE027B26EE077B8B
:10BDF80017EE903A48F2BF01C3F3CF338B4250D2CB
:10BE0800B7EE000B954B93ED402B37EE023B13EE4C
:10BE1800102A33EE423B02F01F01821803EBC100E7
:10BE280093ED424B37EE437B53F83140456893ED31
:10BE3800446B93ED465BA7EE046B27EE074B00239C
:10BE4800181905EBC231A7EE050B41EC170BA6EE4E
:10BE5800040B20EE070BB7EEC00B02B0BDEC028B53
:10BE680030BC70474D1E6FF08070854280F0CE80E8
:10BE780059004D1E854280F09280002B55DB002032
:10BE8800B4F5000FBFF479AFDFED757A07EE103A1D
:10BE980067EE277A17EE904A24F00044A4F138643C
:10BEA8006BE79FED656BB4EEC67BF1EE10FA15DC1F
:10BEB8009FED636BB4EEC67BF1EE10FA20DD4FF018
:10BEC8004C5388B10193DDED016ABFEE006A76EE4E
:10BED800666AF4EE466AF1EE10FA11D002B0BDECD3
:10BEE800028B30BC00F0CABA0093DDED006AB7EEF1
:10BEF800006A76EE866AF4EE466AF1EE10FAEDD143
:10BF08009FED516BB4EEC67BF1EE10FA57D99FED59
:10BF1800506BB4EEC67BF1EE10FA7FF571AF02B04C
:10BF2800BDEC028B30BC00F0A3BAC2F3C7517E2926
:10BF380011DD962954DC0120C1F1960100FA01F1C6
:10BF4800481E104207D1114214BF012000200004EE
:10BF580024F0004494E700EE103A02B0BDEC028BE6
:10BF680030BC00F0A3BA002952D0B3F17E5F2CD0C8
:10BF78006400B4F17F4F2ED8B1F17F4F2BD1B4F1CB
:10BF8800FE4F4BD0B4F1FE4F6FEA020234BF0024DB
:10BF98000124D20F94424CD09FED320A5DE7002B6A
:10BFA80020EE000A1EDB002000293AD1002ABFF645
:10BFB80054AF02B0BDEC028B30BC00F065BA02B0E1
:10BFC800BDEC028B30BC00F04DBA82F48002520006
:10BFD80012F5000F22D907EE903A37EEA00A3CE797
:10BFE8000020B5E7C2F3C753A3F17F001728DAD8BA
:10BFF800C3F19600012303FA00F0441E1442D2D183
:10C008001040D1D0B1EE400A1846CDE70029AFD193
:10C0180084F48002520012F5000FDCD8B7EE000A53
:10C028001BE7002ABFF619AFF7EE007A87EE800A01
:10C0380013E720EEA00A10E771D5D1FFFFFF5F409C
:10C04800E2AAA3FFFFFF5F400000000000C062C03B
:10C058000000000000A062C0E80400208002002068
:10C068000000004B0000000030B510EE104AC4F389
:10C078000A53B3F57D7FB7EEC06A83B01BD226EEB4
:10C08800065BB3F5667F6ED326EE052B25EE021B05
:10C09800734B93ED1A3B93ED187B93ED164BA5EE7E
:10C0A800037BA2EE046BB0EE460BA7EE010BB7EED6
:10C0B800C00B03B030BD40F22E4293425ED86849AF
:10C0C80091ED087B26EE077BFDEEC77B91ED0A5BC1
:10C0D80017EE903A03F500031B1613F0020F07EE54
:10C0E800903A01F1700208BF0A46D807B8EEE77B1C
:10C0F800A7EE456B26EE067B1BD403F0030301EB8A
:10C10800C30192ED1A4B91ED002B92ED185B26EED0
:10C11800026B92ED163BA7EE045B26EE074B27EE6B
:10C12800047BA4EE036BA5EE076BB7EEC60B03B05A
:10C1380030BD92ED142B27EE075B92ED126B92ED5A
:10C148000E3BA7EE026B92ED0C0B92ED104BA7EE97
:10C15800030B27EE057BA5EE040BA6EE070BB7EE47
:10C16800C00B03B030BD220D12F4FF6FDFD1B7EE64
:10C17800C55B00EE104A8DED015AD8E7B3F5FF6FA5
:10C188004BD2384BC4F3836203EB820053F822206E
:10C198000569C4F31603C4F3C25143F400038B408A
:10C1A800016A03FB02F2A3FB0110E3FB050202F1A3
:10C1B80000518D0F01F04041511A01F08BFC2A4BC0
:10C1C8009FED257B05EBD47441EC160B14F0020FA0
:10C1D800A3F1700208BF1346E90726EE077B27EE96
:10C1E800076B1FD404F0030402EBC40293ED1A4B4F
:10C1F80092ED002B93ED185B27EE027B93ED163B37
:10C20800A6EE045B27EE064B26EE046BA4EE037B3A
:10C21800A5EE067BB7EEC70B89E703B0BDE8304053
:10C2280000F044B993ED142B26EE065B93ED127BD8
:10C2380093ED0E3BA6EE027B93ED0C0B93ED104BAA
:10C24800A6EE030B26EE056BA5EE040BA7EE060B78
:10C25800B7EEC00B6BE700BF182D4454FB21193C07
:10C2680010060020D84A00208006002000000000A8
:10C2780038B510EE104AC4F30A53B3F57D7FB7EE14
:10C28800C07A1ED227EE077BB3F5667F6FD327EE01
:10C29800071B634B93ED142B93ED125B93ED0E3B51
:10C2A800A7EE025B93ED0C0B93ED104BA7EE030B7F
:10C2B80027EE017BA1EE040BA5EE070BB7EEC00B32
:10C2C80038BD40F22E42934254D8554991ED086B3F
:10C2D80027EE066BFDEEC66B91ED0A5B16EE903A03
:10C2E80003F500031B1613F0020F06EE903A01F156
:10C2F800700208BF0A46D807B8EEE66BA6EE457B83
:10C3080027EE076B1AD503F0030301EBC30191ED88
:10C31800002B92ED1A4B92ED185B92ED163BA6EEB0
:10C32800045B27EE027B27EE064B26EE046BA4EE99
:10C33800037BA5EE067BB7EEC70B38BD92ED142B39
:10C3480092ED127B92ED0E3B92ED0C0B92ED104BA1
:10C3580026EE065BA6EE027BA6EE030B26EE056B29
:10C36800A5EE040BA7EE060BB7EEC00B38BDB7EE73
:10C37800000A38BDB3F5FF6F3DD22A4BC4F3836280
:10C3880003EB820053F822200569C4F31603C4F3B3
:10C39800C25143F400038B40016A03FB02F2A3FB82
:10C3A8000110E3FB050202F100518D0F01F040413D
:10C3B800511A01F08FFB1C4B9FED177B05EBD474D2
:10C3C80041EC160B14F0020FA3F1700208BF1346DC
:10C3D800E90726EE077B27EE076B10D504F0030468
:10C3E80002EBC40292ED002B93ED1A4B93ED185B10
:10C3F80093ED163B93E7BDE8384000F057B893ED4E
:10C40800142B93ED127B93ED0E3B93ED0C0B93EDF8
:10C41800104B9DE7AFF30080182D4454FB21193CC5
:10C4280010060020D84A00208006002010B582B0EF
:10C438008DED010A044601F0A9FE9DED010A046094
:10C4480002B010BD30B1F1EE407A27EE800A22200A
:10C45800FFF7ECBFF0EE407A27EE800A2220FFF7C4
:10C46800E5BF00BF9FED010AFFF7ECBF0000001019
:10C478009FED010AFFF7E6BF0000201A9FED010AB1
:10C48800FFF7E0BF000000709FED070AFFEE007A9B
:10C49800B7EE007A00284FF0220047FE277A87EE91
:10C4A800800AFFF7C3BF00BF0000000070EE407AAB
:10C4B800B4EE400A87EEA77AF1EE10FAB0EE470A1A
:10C4C80002D62120FFF7B2BF704700BF08B52DED97
:10C4D800028BB0EE408A00F045FAB4EE488AF1EEDD
:10C4E80010FA06D6DFED098AB4EEE88AF1EE10FA02
:10C4F80002D4BDEC028B08BD01F048FE88EEA80A04
:10C50800BDEC028B2123036008BD00BF00000000C2
:10C5180010EE103A114A23F00043934218DDB3F1AC
:10C52800FF4F02DB30EE400A704700B583B0684623
:10C5380000F01CFA400000F00200DDED010A9DED5C
:10C54800000AC0F1010000F087F803B05DF804FBB1
:10C55800DFED030A012000F07FB800BFDA0F493F82
:10C568000000000030B52DED028B83B08DED010A7F
:10C57800019C24F00043B3F1FF4F10DB324B002C39
:10C5880093ED007AD3ED007A39DBF0EE406A87EE5E
:10C59800260A30EE270A03B0BDEC028B30BD2B4AC9
:10C5A80093420FDD284A2A4B92ED000AD3ED007A18
:10C5B80030EE670A002CB8BFB1EE400A03B0BDECFC
:10C5C800028B30BDB3F1105F23DBB3F17E5F214DE9
:10C5D80029DB00F005FDD5ED007A20EE270A00F0F2
:10C5E800F5FA194BD3ED007AD5ED006A95ED007A8E
:10C5F80037EE000A86EE807A37EEC70ADAE7DDED15
:10C60800016A87EE260A30EE670A03B0BDEC028B9A
:10C6180030BD0D4BDDED017A93ED000A30EE270AAF
:10C6280020EE270AB7E795ED008A00F0D9FC28EE3E
:10C63800400A00F0CBFA95ED007A37EE007AF1EE79
:10C64800407A87EE870AB5E748590020FFFFAF41D7
:10C658004C5900205059002008B510EE103A23F02C
:10C668000042B2F1465FF0EE407A0FDABDEEC07AD2
:10C6780017EE101AF9B9431C134300F09F800128E4
:10C6880003D0BFEE007A87EE270A08BD50498A42D8
:10C6980011DB9FED507ADFED506A002BBCBFF1EE45
:10C6A800600AF1EE407A77EE677A36EEE07ADFEDEF
:10C6B8004B0A77EE277A67EEA76ADFED494ADFED86
:10C6C800495A9FED495A9FED496A414926EEA67A93
:10C6D8008A42E7EE245AA7EE056ADFED454A9FED48
:10C6E800455AE5EE874AA6EE075ADFED435A9FED15
:10C6F800436AE4EE875AA5EE076ADFED414A9FEDEB
:10C70800415AE5EE874AA6EE075A9FED3F6ADFEDEC
:10C718003F5AA4EE876AE5EE075AB0EE467AA5EED0
:10C72800A67A27EEA65AB0EE606AA7EE056ADFED94
:10C73800384AE6EE260AE5EE240A37EEA00A1FDAA2
:10C748000128A2D0BFEE007AC7EE006A314B10EE86
:10C75800102A1A4006EE102A16EE902A76EE677A0C
:10C76800134000EE103AB7EE007A70EEE70AF0EEEA
:10C77800477AE6EE007AE0EE807AA7EEA60A08BDD0
:10C7880007EE100AB8EEC77A60EE006A30EE070AC4
:10C798009B1786EE806A03F00203C3F10103F0EEF3
:10C7A800005A36EE606A06EE903A77EEC67AF8EEF0
:10C7B800E66AA7EEE57A26EE870A08BD00F010FCC7
:10C7C800B7EE007AF0EE407A87EE270A08BD00BF80
:10C7D80040A12C3FDA0F493F6821223300000000B6
:10C7E8005FAE9BB745F4A3388453D9377AC09538E0
:10C7F800C8261A3AB937813916696B3B48DEBE3A02
:10C80800A427B33C1F37113C8988083ED10D5D3DF4
:10C81800ABAAAA3E00F0FFFF10B582B0CDED010A29
:10C82800019B23F00042B2F1FF4FF0EE407A30DC7A
:10C8380010EE100A20F00041B1F1FF4F29DCB3F1EE
:10C848007E5F40D09C1704F0020444EAD07431B3F0
:10C8580072B3B2F1FF4F3ED0B1F1FF4F28D0891A21
:10C86800B1F1F45F4FEAE15232DA002B40DA3C32A0
:10C878003EDA9FED330A012C4CD0022C41D064B132
:10C888009FED307ADFED307A30EE070A30EE670A36
:10C8980003E09DED017A37EE270A02B010BD022CA5
:10C8A8000ED09FED2A7A032C07FE000A02B010BDB5
:10C8B8009FED270ADFED277A002820FE270AECE7FC
:10C8C8009FED210AE9E702B0BDE8104000F0B2BAD6
:10C8D8009FED1F0ACFE7B1F1FF4F04F1FF3420D0DD
:10C8E800022C26D81C4B03EB840393ED000AD4E7F3
:10C8F8009DED017A87EE870A00F072FB00F09AFA44
:10C90800B9E79FED107ADFED107A30EE070A37EEBF
:10C91800C00AC2E710EE103A03F1004300EE103AE5
:10C92800BBE7022C08D80D4B03EB840393ED000AF8
:10C93800B3E79FED030AB0E79FED090AADE700BF33
:10C94800000000002EBDBB33DB0F4940DB0F49C0A0
:10C95800DB0FC93FDB0FC9BF700800206408002047
:10C96800DB0F493FB1EEC00A704700BF70B510EE4B
:10C97800103A884A23F00044944286B0054670DD98
:10C98800854A944210EE106A22DC002BDFED837A90
:10C99800834A24F00F04B0EE407A40F3E2809442D8
:10C9A80070EE677A09BFDFED7F6A9FED7F7A9FEDB2
:10C9B8007F7A77EEE67A012077EEC76A77EEE67A35
:10C9C800C5ED006A77EEC77AC5ED017A06B070BD8D
:10C9D800774A944254DDB4F1FF4F49DAE215863ABA
:10C9E800A4EBC25307EE903ABDEEE77ADFED716A29
:10C9F800B8EEC77A77EEC77A8DED037A67EEA67A36
:10CA0800BDEEE77AB8EEC77A77EEC77A8DED047A8D
:10CA180067EEA67AF5EE407AF1EE10FACDED057ADA
:10CA280040F08E80B5EE407AF1EE10FA14BF022382
:10CA38000123614901910221009103A8294600F0D0
:10CA4800D7FA002EC2DA95ED007AD5ED017AB1EE6B
:10CA5800477AF1EE677A85ED007AC5ED017A4042B2
:10CA6800B4E7002285ED000A4260002006B070BDE0
:10CA780070EE407A0020C5ED017AC5ED007AA5E791
:10CA880000F0AEFA9FED4D7A9FED446AF6EE007A1B
:10CA9800E0EE077A9FED447AFDEEE77A17EE900A0A
:10CAA800F8EEE76A1F28A6EEC60A66EE877AB1EEA8
:10CAB800666A1EDC424A411E24F0FF0352F8212018
:10CAC800934216D030EE677A85ED007A30EE470A49
:10CAD800002E30EE670A85ED010ABFF677AFB1EE9A
:10CAE800477AB1EE400A85ED007A85ED010A4042A9
:10CAF8006CE730EE677AE21517EE103AC3F3C753C6
:10CB0800C3EBD453082BDFDD9FED267A9FED275A20
:10CB1800F0EE405AE6EE075A70EE657AE6EE077ACE
:10CB2800D6EE857A35EEE77A17EE103AC3F3C75397
:10CB3800D21A192A06DCB0EE650A85ED007AC5E737
:10CB4800032376E79FED1F7A9FED1F5AB0EE650A23
:10CB5800A6EE070A75EEC07AE6EE077AD6EE857A73
:10CB6800B0E7944270EE277A09BFDFED0E6A9FEDB9
:10CB78000E7A9FED0E7A77EEA67A4FF0FF3077EEB9
:10CB8800876A77EEE67AC5ED006A77EE877AC5EDB3
:10CB9800017A1BE7D80F493FE3CB1640800FC93F06
:10CBA800D00FC93F004435374344353708A3852E95
:10CBB800800F4943000080435450002084F9223FED
:10CBC800044F002000A3852E32318D2410EE102A48
:10CBD800894922F000438B422AD9B3F1FF4F7ED80E
:10CBE80000F0D680002AC0F28A80844A934200F27C
:10CBF800F0809FED837A20EE077AF6EE007A77EEE2
:10CC0800877A9FED806ADFED806AFDEEE77AB8EEFD
:10CC1800E77A17EE903AF0EE407AE7EE467A27EE9A
:10CC2800267A37EEC70A77EEC07A77EEC77A07E03A
:10CC380076498B4256D8B3F14C5FC0F0828000230E
:10CC4800B6EE003A20EE034ADFED716A9FED716A95
:10CC5800DFED714A9FED715A20EE047AF7EE003A43
:10CC6800A7EE266ADFED6E6AE6EE074AB0EE086ABE
:10CC7800E4EE876AF1EE085AA6EE875AF0EE636A88
:10CC8800E5EE076AA4EE666AE0EE465A36EEC66A34
:10CC9800C6EE256A66EE876A002B4DD076EEE76A07
:10CCA8005A1CD6EE807A77EEC77A63D0012B51D022
:10CCB8005A1C392A33D8162B70DC4FF080721A416F
:10CCC800C2F17E5207EE102A77EEC07A77EE677AC5
:10CCD80017EE902A02EBC35300EE103A704730EE7D
:10CCE800000A70474F498B4279D8002ADFED457A10
:10CCF80047DB9FED457A70EE677A012391E7DFED18
:10CD08004A7A70EE277AF5EEC07AF1EE10FA63D41B
:10CD18009FED3B7AFEEE007A20EE077A6FE777EE1A
:10CD2800C07A73EEE77A17EE902A02EBC35307EE48
:10CD3800903A37EEE30A704790EE267A30EE470ACB
:10CD48007047DFED3A7A70EE277A77EEE77A30EEC1
:10CD5800670A7047BDEE007AB4EEC70AF1EE10FA22
:10CD68002ED530EE033AB8EE000A77EEC37A27EEF6
:10CD7800800A704770EE677ABEEE000AA7EE830A53
:10CD880070479FED2B7A70EE277A4FF0FF3348E714
:10CD9800FFEE007A002A20FE270A7047C3F17F02BF
:10CDA800D20507EE102A77EE877A70EE677A77EE6B
:10CDB800A37A17EE902A02EBC35300EE103A70479D
:10CDC80070EE677AB0EE007AE7EE873AB0EE630A63
:10CDD80070470020FFF752BBBFEE000A70479FED77
:10CDE800087AF6EE007AFEEE006A002A20EE077A4C
:10CDF80067FEA67A03E700BF43B895411772B142B0
:10CE08003BAAB83F8071313FD1F717371872B13E4E
:10CE1800BBED57B4547E8636CD70A6B8898808BD58
:10CE2800010DD03A9115853F6042A20DCAF24971B1
:10CE3800D1F717B738B510EE105A25F00044B4F101
:10CE4800A14FF0EE407A0ADBB4F1FF4F58DCDFED7A
:10CE5800517A9FED517A002D37FE870A38BD4F4B26
:10CE68009C425CDCB4F1445F4DDB4FF0FF3327EEAE
:10CE7800A76ADFED4B6ADFED4B5ADFED4B4A9FEDBA
:10CE88004B5A9FED4B4A26EE067A5A1CE7EE265A75
:10CE9800DFED486AA5EE875AE7EE246ADFED465AC9
:10CEA800DFED464AE6EE875AA5EE074A9FED445A5B
:10CEB800DFED446AA5EE875AE4EE074ADFED425AF1
:10CEC800E4EE876AE5EE075A66EE866A65EE875AEB
:10CED8003AD03E4A02EB830276EEA56A92ED007ADA
:10CEE8003B4A96EEA77A02EB8303002DD3ED006A46
:10CEF80077EE677A36EEE70AB0DAB1EE400A38BD67
:10CF080030EE000A38BD9FED337A30EE077AF7EE3F
:10CF1800006AB4EEE67AF1EE10FAA6DD38BD00F04C
:10CF28005FF82D4B9C4216DCA3F5D0039C4227DC0E
:10CF3800F0EE007ABFEE007AA0EE277A002330EEFA
:10CF4800270AC7EE007A92E776EEA56AE6EEE77A58
:10CF5800B0EE670A38BD214B9C420BDCF7EE087A2D
:10CF6800B7EE007AA0EE277A022330EE670AC0EE09
:10CF7800077A7CE7BFEE007AC7EE007A032376E7EC
:10CF8800F7EE007A30EE677A30EE270A0123C7EE13
:10CF9800007A6CE7DB0FC93FDB0FC9BFFFFFDF3E3D
:10CFA800D769853C59DA4B3D21A215BD356B883DC3
:10CFB8006E2EBA3D6BF16EBD95879DBD2549123E1B
:10CFC800388EE3BDABAAAA3ECDCC4CBE484B002060
:10CFD800384B0020CAF24971FFFF973FFFFF1B4003
:10CFE80010EE103A23F0004300EE103A704700BFED
:10CFF8002DE9F04F2DED048BDBB01C460393069111
:10D00800A04B6899089253F82150111D824604F1EB
:10D01800FF38C0F29882D31E48BF131DDB1002935D
:10D028000133DB000793DDE907239B1A0593029B75
:10D0380015EB0801A3EB080316D401319FED927A92
:10D04800699819441EAA002BA4BF50F8234007EE84
:10D05800904A03F10103ACBFF8EEE77AF0EE477AA5
:10D068008B42E2EC017AEED1002DC0F2DB82039B09
:10D078001EAA02EB830446AE4FEA830C4046EF1823
:10D088000AEB8301B8F1000FDFED7F7A09DB224656
:10D098005346F3EC016A32ED017A8B42E6EE877A69
:10D0A800F7D10130B842E6EC017A04F10404E9D181
:10D0B8000AAF07EB8503043B9FED759ADFED738A92
:10D0C800059804930AEB0C0407EB850946AE009516
:10D0D8005AAB03EB8503002D13ED140A4FEA850BB9
:10D0E80016DD06EB85033A4660EE097AB0EE407A23
:10D0F800FDEEE77A73ED016AF8EEE77AB342A7EE40
:10D10800E87A37EEA60ABDEEC77AA2EC017AEBD12F
:10D11800019000F0DFFAB0EE408AB4EE000A28EE83
:10D12800000A00F091FAF2EE007AA0EE678A019800
:10D138000028FDEEC89AF8EEE97A38EE678A76DDBF
:10D1480005F1FF3EC0F1080357F82E2042FA03FC10
:10D158000CFA03F3D31AC0F1070119EE902A47F825
:10D168002E300B416244002B09EE902A67DCB5EEA5
:10D17800408AF1EE10FA40F0BE80009A05F1FF3BBC
:10D188005A450EDC4FEA850C07EB850200219E46C6
:10D1980052F8043D4A4541EA0301F9D1002940F01B
:10D1A800F180009B013B57F82330002B40F0E680CC
:10D1B800049B4FF0010C53F8042D0CF1010C002ACC
:10D1C800F9D06B1CAC449E460299039A01EB030B01
:10D1D8000BF1804B69992A440BF1FF3B06EB830561
:10D1E8001EAB01EB8B0B03EB8201DBED017A9FEDAC
:10D1F800267AF8EEE77AB8F1000F0BF1040BC1EDCF
:10D20800007A0A4601F1040109DB534601E072ED98
:10D21800017AF3EC016AA342A6EEA77AF7D10EF1E0
:10D22800010EE645A5EC017ADFDD654650E740F0E2
:10D238009B806B1E57F82330DB11002B97DD19EE0E
:10D24800902A002D02F1010209EE902A40F3918103
:10D25800396800297ED1012D26D03A464FF0010CBD
:10D2680052F8041F002979D00CF10102C1F5807130
:10D27800954247F82C1016DD57F82210BB4407EBEF
:10D2880082020AE0C84E002000000000000080432F
:10D298000000803B0000C93F1168C1F1FF0142F85E
:10D2A800041B5A45F8D1012100280CDD012800F0A3
:10D2B8004181022807D105F1FF3C57F82C2002F0E4
:10D2C8003F0247F82C20022B7FF451AFB7EE000A3B
:10D2D80030EE488A00293FF44AAF0993019000F0E4
:10D2E800F9F938EE408A099B0198B5EE408AF1EECB
:10D2F80010FA3FF442AF9846DDE90732B0EE480A2B
:10D30800981A0195009D00F0E5F91FED207A019B20
:10D31800B4EEC70AF1EE10FAC0F255815FED247A37
:10D32800059A60EE277A0832FDEEE77A0592F8EE64
:10D33800E77A03F1010BA7EEC70AFDEEE77ABDEE27
:10D34800C00A10EE102A47F8232017EE903A47F843
:10D358002B302BE001224FF0000C87E70CF1010C79
:10D36800AC457FF47DAF9FE7F6EE007AB4EEE78A2E
:10D37800F1EE10FA80F2EC800023F8E66B1C9E4672
:10D388009C4621E7059B009DA3F1080257F82B3026
:10D398000592F04653B9ACF104033B4453F8041D1D
:10D3A8000BF1FF3B083A0029F8D005920598B7EE33
:10D3B800000A00F08FF9BBF1000FC0F229810BF1D0
:10D3C800010646AA1FED4E7A4FEA860C07EB860344
:10D3D80002EB860273ED017AF8EEE77ABB4267EE5C
:10D3E800807A20EE070A62ED017AF3D1ACF10403EA
:10D3F80046AA002D1FED596A02EB03044FF0000006
:10D4080022DB8F49DFED8F7AB0EE467A2246002381
:10D4180003E0984208DBB1EC017AF2EC016A0133CF
:10D428009D42E6EE877AF4DA5AAB03EB800358455F
:10D4380043ED287A4FEA800100F10102A4F10404C7
:10D4480005D0002D1046DCDADFED7E7AECE7689A2D
:10D45800022A1DDC002A00F38E8010D132ABDFEDEA
:10D46800797A9C443CED017A634577EE877AF9D165
:10D4780043460BB1F1EE677A069BC3ED007A19EECD
:10D48800903A03F007005BB0BDEC048BBDE8F08F69
:10D49800689A032AF3D1BBF1000F00F0CB8032A8C1
:10D4A80013ED287A00EB8B020BF1804372ED017AC1
:10D4B800F0EE476A37EE277A904277EEC77A82ED28
:10D4C800007A77EEA67AC2ED017AEFD1BBF1010FAF
:10D4D80040F3B08001F5B4720DEB020111ED287A2A
:10D4E8009A0033A900EB830373ED017AF0EE476AE3
:10D4F80037EE277A994277EEC77A83ED007A77EE8E
:10D50800A67AC3ED017AEFD1131DDFED4E7A0344FD
:10D51800083033ED017A984277EE877AF9D143469D
:10D52800002B58D10699329A339B0A604B60C1EDA3
:10D53800027AA4E705F1FF3C57F82C2002F07F029D
:10D5480047F82C20BFE608230793002302936AE5D7
:10D5580019EE903A002D03F1010309EE903AC8BF85
:10D5680002233FF775AEF7EE007A37EEC88A02233A
:10D57800FDE5002198E632ABDFED327A03EB860653
:10D5880036ED017AB34277EE877AF9D143469DEDBD
:10D59800327A93BB069BBBF1000FC3ED007A77EE9E
:10D5A800677A0CDD33AA0123B2EC017A01339B457B
:10D5B80077EE877AF8DA43460BB1F1EE677A069B85
:10D5C800C3ED017A5BE7BDEEC00A9B4610EE102A58
:10D5D80047F82320EAE6DDED326A9DED337A069BB3
:10D5E800F1EE666AB1EE477AF1EE677AC3ED006A4A
:10D5F80083ED017AC3ED027A41E7069BF1EE676A93
:10D60800BBF1000F77EE677AC3ED006ACADCD4E796
:10D61800689B022B0ADC002B0FDC7FF430AFDFEDB8
:10D62800097A25E7039B4FEA830C41E5689B032BA6
:10D638007FF425AFDFED037A71E7DFED027AA5E726
:10D64800800800200000000010EE102AC2F3C75323
:10D658007F3B162B22F000412ADC002B10EE100A2B
:10D6680018DB194919410A4221D0DFED187A70EE0A
:10D67800277AF5EEC07AF1EE10FA18DD002A04DAFE
:10D688004FF4000242FA03F3184420EA010300EEC3
:10D69800103A7047DFED0D7A70EE277AF5EEC07A12
:10D6A800F1EE10FA03DD002A08DB9FED090A704746
:10D6B800B1F1FF4FFBD330EE000A7047FFEE007A5E
:10D6C800002900FE270A7047FFFF7F00CAF2497150
:10D6D8000000000010EE103A33F0004110EE102A5E
:10D6E80027D0B1F1FF4F21D213F0FF4F22D1DFED48
:10D6F8002B7A2B4A60EE277A904217EE903A33DB6A
:10D708004CF2503CC3F3C751604517EE902AA1F183
:10D71800190115DDDFED237ADFED236AB0EE677AB4
:10D72800002B67FEA67A27EE870A704730EE000ABC
:10D73800704770474CF2503C60454FEAD151E9DCE4
:10D748000144FE29E6DC002915DC11F1160F19DB6E
:10D75800193122F0FF4242EAC15207EE902A9FEDAA
:10D76800130A27EE800A7047DFED117A07EE103AA8
:10D7780027EE270A704722F0FF4242EAC15300EE23
:10D78800103A7047DFED0A7ADFED0A6AB0EE677A81
:10D79800002B67FEA67A27EE870A70470000004C28
:10D7A800B03CFFFFCAF24971CAF249F100000033E8
:10D7B8006042A20D6042A28D81F0004102E000BFEC
:10D7C80083F0004330B54FEA41044FEA430594EA39
:10D7D800050F08BF90EA020F1FBF54EA000C55EA74
:10D7E800020C7FEA645C7FEA655C00F0E2804FEA45
:10D7F8005454D4EB5555B8BF6D420CDD2C4480EA27
:10D80800020281EA030382EA000083EA010180EA56
:10D81800020281EA0303362D88BF30BD11F0004FA4
:10D828004FEA01314FF4801C4CEA113102D04042DA
:10D8380061EB410113F0004F4FEA03334CEA133315
:10D8480002D0524263EB430394EA050F00F0A7802D
:10D85800A4F10104D5F1200E0DDB02FA0EFC22FA28
:10D8680005F2801841F1000103FA0EF2801843FA1C
:10D8780005F359410EE0A5F120050EF1200E012A0D
:10D8880003FA0EFC28BF4CF0020C43FA05F3C0184B
:10D8980051EBE37101F0004507D54FF0000EDCF1C4
:10D8A800000C7EEB00006EEB0101B1F5801F1BD36D
:10D8B800B1F5001F0CD349085FEA30004FEA3C0C71
:10D8C80004F101044FEA445212F5800F80F09A8067
:10D8D800BCF1004F08BF5FEA500C50F1000041EB6B
:10D8E800045141EA050130BD5FEA4C0C404141EB6F
:10D8F8000101013C28BFB1F5801FE9D291F0000F6A
:10D9080004BF01460020B1FA81F308BF2033A3F118
:10D918000B03B3F120020CDA0C3208DD02F1140C0F
:10D92800C2F10C0201FA0CF021FA02F10CE002F14A
:10D938001402D8BFC2F1200C01FA02F120FA0CFC43
:10D94800DCBF41EA0C019040E41AA2BF01EB04518C
:10D95800294330BD6FEA04041F3C1CDA0C340EDC8A
:10D9680004F11404C4F1200220FA04F001FA02F3CD
:10D9780040EA030021FA04F345EA030130BDC4F18B
:10D988000C04C4F1200220FA02F001FA04F340EA80
:10D998000300294630BD21FA04F0294630BD94F031
:10D9A800000F83F4801306BF81F480110134013D18
:10D9B8004EE77FEA645C18BF7FEA655C29D094EA89
:10D9C800050F08BF90EA020F05D054EA000C04BF07
:10D9D8001946104630BD91EA030F1EBF00210020F2
:10D9E80030BD5FEA545C05D14000494128BF41F091
:10D9F800004130BD14F580043CBF01F5801130BDF5
:10DA080001F0004545F0FE4141F470014FF000007F
:10DA180030BD7FEA645C1ABF194610467FEA655C30
:10DA28001CBF0B46024650EA013406BF52EA0335D2
:10DA380091EA030F41F4002130BD00BF90F0000FC0
:10DA480004BF0021704730B54FF4806404F13204FC
:10DA58004FF000054FF0000150E700BF90F0000FB5
:10DA680004BF0021704730B54FF4806404F13204DC
:10DA780010F0004548BF40424FF000013EE700BFAC
:10DA880042004FEAE2014FEA31014FEA02701FBF3C
:10DA980012F07F4393F07F4F81F06051704732F06E
:10DAA8007F4208BF704793F07F4F04BF41F40021C5
:10DAB800704730B54FF4607401F0004521F0004123
:10DAC8001CE700BF50EA010208BF704730B54FF0AD
:10DAD80000050AE050EA010208BF704730B511F0AE
:10DAE800004502D5404261EB41014FF4806404F1E6
:10DAF80032045FEA915C3FF4D8AE4FF003025FEA6C
:10DB0800DC0C18BF03325FEADC0C18BF033202EBEF
:10DB1800DC02C2F1200300FA03FC20FA02F001FA49
:10DB280003FE40EA0E0021FA02F11444BDE600BFEC
:10DB3800024B0146186800F003B800BF30590020B6
:10DB48002DE9F04F01F10B06162E83B0044624D8B8
:10DB5800102900F2BA8000F0A3FA10261822022039
:10DB6800B54F3A44A2F1080153688B4200F0BA80DD
:10DB78005A68D96822F003021A449D68E9608D60EA
:10DB8800516841F001012046516003F1080500F099
:10DB98008DFA284603B0BDE8F08F36F0070600F18D
:10DBA8009480B14200F2918000F07AFAB6F5FC7FD9
:10DBB800C0F09A81730A00F08F80042B00F26F8105
:10DBC800B30903F1390003F1380CC3009A4F3B4401
:10DBD800A3F108055B689D4206D10CE0002980F29C
:10DBE8002781DB689D4206D05A6822F00302911B08
:10DBF8000F29F3DD60463D69DFF850C265457CD0EA
:10DC08006A6822F00302931B0F2B00F37B81002B21
:10DC1800C7E904CC80F26C81B2F5007F80F01A81EC
:10DC2800D308796801334FEA521E012202FA0EF234
:10DC38000A4357F833E0C5F808E007EBC301083991
:10DC4800E9607A6047F83350CEF80C508310012110
:10DC58009940914257D8114206D120F0030049005B
:10DC6800114200F10400FAD007EBC0094D46864680
:10DC7800D5F80C80454508D11DE1002B80F22481A0
:10DC8800D8F80C80454500F01681D8F8042022F019
:10DC98000302931B0F2BF0DD2046D8E9025408EB52
:10DCA800060146F00106C8F80460EC60A56043F080
:10DCB8000104C7E90411C1E902CC4C6048F80230FC
:10DCC80000F0F4F908F1080502E00C2323600025B0
:10DCD800284603B0BDE8F08F4FF4007340204FF0A2
:10DCE8003F0C73E7D3689A4208BF02307FF440AF15
:10DCF8003D69DFF858C1654582D17A6883100121F2
:10DD080099409142A7D9BD686B6823F003094E4535
:10DD180003D8A9EB06030F2B7ADCDFF834B1474BA5
:10DD2800DBF800201B680132334405EB090A00F0D8
:10DD3800338103F580530F3323F47F6828F00F08ED
:10DD48004146204600F010FA411C024600F0F380DC
:10DD5800824500F2EE803A4B196841441960084642
:10DD680000F04E81DBF80010019301311BBFA2EBDC
:10DD78000A010918CBF80020196012F0070B00F00F
:10DD88001781CBF108010A44CBF580519044083142
:10DD9800A1EB0801C1F30B0A51462046009200F09E
:10DDA800E3F9421CDDE9002300F04F81801A00EB03
:10DDB8000A081968BA6048F001005144BD42506031
:10DDC800196000F02981B9F10F0F40F227816868C6
:10DDD800A9F10C0C2CF0070C00F0010040EA0C0033
:10DDE80068604FF0050E05EB0C00BCF10F0FC0E9A1
:10DDF80001EE00F2328150681546124B1A688A42C9
:10DE080038BF1960104B1A688A4238BF196094E00D
:10DE1800AA1943F0010346F001066E602046BA6075
:10DE2800536000F043F90835284603B0BDE8F08F89
:10DE3800D9681A44A1E600BF20550020ECD503207C
:10DE4800BCD50320E4D50320E8D5032028550020BD
:10DE580028590020B2F5206F4FEA522363D3142BC0
:10DE680000F2B78003F15C01C9005B3307EB010ED8
:10DE78007958AEF1080E8E4500F091804B6823F07A
:10DE88000303934202D989688E45F7D1D1F80CE093
:10DE98007A68C5E9021ECEF80850CD60D6E6142B84
:10DEA80059D9542B00F29D80330B03F16F0003F115
:10DEB8006E0CC3008AE60EF1010E1EF0030F05F189
:10DEC80008057FF4D5AE51E0424445465368D8F87A
:10DED8000C1043F00103536055F8083F2046D96001
:10DEE8008B6000F0E3F8F3E6F00806F1080237E685
:10DEF8002A442046536843F001035360083500F074
:10DF0800D5F8E5E6A919204646F0010643F00104D4
:10DF18006E60C7E90411C1E902CC4C60AB5000F057
:10DF2800C5F80835D4E6930903F13901C900383337
:10DF38009CE7BD425FD0BD68686820F0030846458D
:10DF4800A8EB060302D80F2B3FF762AF204600F07C
:10DF5800ADF80025BCE603F15C0003F15B0CC300DF
:10DF680034E659F808394B4540F0968010F0030F15
:10DF780000F1FF30F5D17B6823EA01037B6049009B
:10DF880099423FF6C0AE19B9BDE649000EF1040E3C
:10DF98001942FAD0704667E603F11008D0E69A10E5
:10DFA8004FF001087B6808FA02F21A437A6070E7BA
:10DFB80002EB08014942C1F30B0A51462046009280
:10DFC80000F0D2F8431CDDE900237FF4EFAEDA4617
:10DFD800EFE6542B25D8130B03F16F01C9006E33FC
:10DFE80044E7B3F5AA7F25D8F30B03F1780003F1D2
:10DFF800770CC300EAE5294B186840441860B1E67D
:10E00800CAF30B0CBCF1000F7FF4ACAEBD68C8447A
:10E0180048F001006860F0E61546EEE6012353601B
:10E0280094E7B3F5AA7F23D8D30B03F17801C9008D
:10E0380077331BE740F25452934223D8B30C03F1D1
:10E048007D0003F17C0CC300C0E5ABF1080BD8449C
:10E05800A8EB02084FF0000AABE605F108012046DC
:10E06800009300F055F9BD68009B68681968C4E61C
:10E0780040F254518B420BD8930C03F17D01C90037
:10E088007C33F3E64FF47E737F204FF07E0C9DE5E2
:10E098004FF47E717E23E9E67B6870E7BCD50320E8
:10E0A800014800F09DB800BFB8D50320014800F032
:10E0B80099B800BFB8D50320830730B548D0541E9F
:10E0C800002A3FD0CAB2034601E0013C3AD303F824
:10E0D800012B9D07F9D1032C2DD9CDB245EA052591
:10E0E8000F2C45EA054536D9A4F1100222F00F0C91
:10E0F80003F1200EE6444FEA121C03F1100242E934
:10E10800045542E9025510327245F8D10CF101026A
:10E1180014F00C0F03EB021204F00F0C13D0ACF147
:10E12800040323F003030433134442F8045B9342CB
:10E13800FBD10CF003042CB1C9B21C4403F8011B39
:10E148009C42FBD130BD64461346002CF4D1F9E75C
:10E1580003461446BFE71A46A446E0E713460A46B4
:10E168000146022000F040B838B5074D00220446A9
:10E1780008462A60FCF722F9431C00D038BD2B68FA
:10E18800002BFBD0236038BD38D70320014B18681B
:10E19800704700BF3059002070B50D4E0D4D761BED
:10E1A800B61006D0002455F8043B01349847A6421F
:10E1B800F9D1094E094D761B00F0BAF9B61006D010
:10E1C800002455F8043B01349847A642F9D170BDA4
:10E1D800381F0060381F0060481F0060381F00604B
:10E1E800704700BF704700BF2DE9F047DFF87CA0FB
:10E1F8000646DAF8000098460F469146FFF7F0FF0A
:10E20800184B1C6824B365681F2D24DC5EB96B1C91
:10E218000235DAF80000636044F82570FFF7E2FF82
:10E228000020BDE8F08704EB85010123C1F8889040
:10E23800D4F88821AB401A43022EC4F88821C1F8CB
:10E248000881E4D1D4F88C211A43C4F88C21DEE784
:10E25800054C1C60D7E7DAF80000FFF7C3FF4FF062
:10E26800FF30DEE720D4032024D4032014550020F7
:10E27800F8B5244F0C460646FFF712FFBB685D68E9
:10E28800C4F57E610F3125F003054B1923F47F6334
:10E2980023F00F03A3F58054B4F5805F07DB00215A
:10E2A8003046FFF761FFBB682B44984204D03046E4
:10E2B800FFF7FCFE0020F8BD61423046FFF754FF2F
:10E2C80001300DD0104ABB682D1B45F001055D607B
:10E2D800136830461B1B1360FFF7E8FE0120F8BDEA
:10E2E80000213046FFF740FFBA68831A0F2BDEDDA6
:10E2F80043F001035360054B03491B68C01A0860CB
:10E30800D5E700BF20550020BCD5032028590020A0
:10E31800002961D0F8B50C460646FFF7C1FE54F84F
:10E32800042C7B4FA4F1080522F0010105EB010C38
:10E33800B868DCF80430604523F0030300F08B80F4
:10E34800D207CCF8043032D454F8082CAD1A114452
:10E35800AA6807F1080082426AD00CEB0304D4F8DB
:10E3680004E0EC68D4601EF0010FA26000F0978012
:10E3780041F001036B60CCF80010B1F5007F35D295
:10E388007868CB080122490901338A40024357F8CB
:10E3980033107A6007EBC302083AC5E9021247F85E
:10E3A8003350CD603046BDE8F840FFF77FBE0CEB38
:10E3B80003025268D00710D4194407F10800DCF8AA
:10E3C8000830834273D0DCF80C20DA60936041F0A7
:10E3D80001036B606950D0E7704741F00103B1F564
:10E3E800007F44F8043CCCF80010C9D3B1F5206F85
:10E3F8004FEA512348D28B0903F1390003F138025F
:10E40800C300F818FB580838984259D05A6822F0C7
:10E4180003028A4202D99B689842F7D1D868C5E9B5
:10E4280002308560DD603046BDE8F840FFF73EBE4B
:10E438000CEB03025268D20763D40B44DCE90212E6
:10E44800CA60916043F001026A603046EB50BDE853
:10E45800F840FFF72BBE0B44D10707D454F8082C1B
:10E46800AD1A1344D5E90212CA60916043F0010263
:10E478006A60284ABD6012689A4293D8264B304693
:10E488001968FFF7F5FE8DE7142B0AD9542B1FD80E
:10E498000B0B03F16F0003F16E02C300B1E71944DF
:10E4A8008DE703F15C0003F15B02C300A9E741F0CB
:10E4B8000103C7E90455C5E902006B60695071E7BB
:10E4C80079689210012404FA02F20A437A60A6E7F6
:10E4D800B3F5AA7F06D8CB0B03F1780003F17702D6
:10E4E800C3008EE740F25452934206D88B0C03F1D6
:10E4F8007D0003F17C02C30083E74FF47E737E2224
:10E508007FE741F001036B60CCF800104AE700BFD9
:10E51800205500202C590020ECD5032000000000D5
:10E528005FF800F07D1E00605FF800F019160060CB
:10E538005FF800F0D11E00605FF800F06D16006013
:04E54800F8B500BF63
:08E54C0070D5FF7F0100000003
:10E5540000000000000000000000000000000000B7
:10E5640000000000000000000000000000000000A7
:10E574000000000000000000000000000000000097
:10E584000000000000000000000000000000000087
:10E594000000000000000000000000000000000077
:10E5A4000000000000000000000000000000000067
:10E5B4000000000000000000000000000000000057
:10E5C4000000000000000000000000000000000047
:10E5D4000000000000000000000000000000000037
:10E5E4000000000000000000000000000000000027
:10E5F4000000000000000000000000000000000017
:10E604000000000000000000000000000000000006
:10E6140000000000000000000000000000000000F6
:10E6240000000000000000000000000000000000E6
:10E6340000000000000000000000000000000000D6
:10E6440000000000000000000000000000000000C6
:10E6540000000000000000000000000000000000B6
:10E6640000000000000000000000000000000000A6
:10E674000000000000000000000000000000000096
:10E684000000000000000000000000000000000086
:10E694000000000000000000000000000000000076
:10E6A4000000000000000000000000000000000066
:10E6B4000000000000000000000000000000000056
:10E6C4000000000000000000000000000000000046
:10E6D4000000000000000000000000000000000036
:10E6E4000000000000000000000000000000000026
:10E6F4000000000000000000000000000000000016
:10E704000000000000000000000000000000000005
:10E7140000000000000000000000000000000000F5
:10E7240000000000000000000000000000000000E5
:10E7340000000000000000000000000000000000D5
:10E7440000000000000000000000000000000000C5
:10E7540000000000000000000000000000000000B5
:10E7640000000000000000000000000000000000A5
:10E774000000000000000000000000000000000095
:10E784000000000000000000000000000000000085
:10E794000000000000000000000000000000000075
:10E7A4000000000000000000000000000000000065
:10E7B4000000000000000000000000000000000055
:10E7C4000000000000000000000000000000000045
:10E7D400000000000000F03F748515D3B0D9EF3F6E
:10E7E4000F89F96C58B5EF3F515B12D00193EF3F9D
:10E7F4007B517D3CB872EF3FAAB968318754EF3F33
:10E804003862756E7A38EF3FE1DE1FF59D1EEF3FEB
:10E8140015B7310AFE06EF3FCBA93A37A7F1EE3F11
:10E824002234124CA6DEEE3F2D89616008CEEE3F05
:10E83400272A36D5DABFEE3F824F9D562BB4EE3FE2
:10E84400295448DD07ABEE3F85553AB07EA4EE3F30
:10E85400CD3B7F669EA0EE3F745FECE8759FEE3F74
:10E864008701EB7314A1EE3F13CE4C9989A5EE3FBB
:10E87400DBA02A42E5ACEE3FE5C5CDB037B7EE3FAD
:10E8840090F0A38291C4EE3F5D253EB203D5EE3FE6
:10E89400ADD35A999FE8EE3F475EFBF276FFEE3F19
:10E8A4009C5285DD9B19EF3F6990EFDC2037EF3FE9
:10E8B40087A4FBDC1858EF3F5F9B7B33977CEF3FCB
:10E8C400DA90A4A2AFA4EF3F40456E5B76D0EF3F51
:10E8D400000000000000E8429423914BF86AAC3F2A
:10E8E400F3C4FA50CEBFCE3FD6520CFF422EE63FC1
:10E8F4000000000000003843FE822B6547154740A6
:10E904009423914BF86ABC3EF3C4FA50CEBF2E3F19
:10E91400D6520CFF422E963FBEF3F879EC61F63FD7
:10E924001930965BC6FEDEBF3D88AF4AED71F53FF8
:10E93400A4FCD432680BDBBFB010F0F03995F43F7F
:10E944007BB71F0A8B41D7BF8503B8B095C9F33F86
:10E954007BCF6D1AE99DD3BFA564880C190DF33FD5
:10E9640031B6F2F39B1DD0BFA08E0B7B225EF23F2B
:10E97400F07A3B1B1D7CC9BF3F341A4A4ABBF13FA6
:10E984009F3CAF93E3F9C2BFBAE58AF05823F13F45
:10E994005C8D78BFCB60B9BFA70099413F95F03F2C
:10E9A400CE5F47B69D6FAABF000000000000F03F95
:10E9B4000000000000000000AC479AFD8C60EE3FB0
:10E9C4003DF5249FCA38B33FA06A021FB3A4EC3FAD
:10E9D400BA913854A976C43FE6FC6A573620EB3F17
:10E9E400D2E4C44A0B84CE3F2DAAA163D1C2E93F2D
:10E9F4001C65C6F04506D43FED417803E686E83F42
:10EA0400F89F1B2C9C8ED83F624853F5DC67E73F88
:10EA1400CC7BB14EA4E0DC3F4D7E0AF7B612D7BFE3
:10EA2400E0326849BFCADE3FDEE3FA9F4715E7BF1D
:10EA3400B8C8355F4715F73FBEF3F879EC61F63F88
:10EA44001930965BC6FEDEBF3D88AF4AED71F53FD7
:10EA5400A4FCD432680BDBBFB010F0F03995F43F5E
:10EA64007BB71F0A8B41D7BF8503B8B095C9F33F65
:10EA74007BCF6D1AE99DD3BFA564880C190DF33FB4
:10EA840031B6F2F39B1DD0BFA08E0B7B225EF23F0A
:10EA9400F07A3B1B1D7CC9BF3F341A4A4ABBF13F85
:10EAA4009F3CAF93E3F9C2BFBAE58AF05823F13F24
:10EAB4005C8D78BFCB60B9BFA70099413F95F03F0B
:10EAC400CE5F47B69D6FAABF000000000000F03F74
:10EAD4000000000000000000AC479AFD8C60EE3F8F
:10EAE4003DF5249FCA38B33FA06A021FB3A4EC3F8C
:10EAF400BA913854A976C43FE6FC6A573620EB3FF6
:10EB0400D2E4C44A0B84CE3F2DAAA163D1C2E93F0B
:10EB14001C65C6F04506D43FED417803E686E83F20
:10EB2400F89F1B2C9C8ED83F624853F5DC67E73F67
:10EB3400CC7BB14EA4E0DC3F0B6E49C91676D23FC4
:10EB44007AC675A06919D7BFDDBAA76C0AC7DE3FBC
:10EB5400C8F6BE484715E7BF2BB82A654715F73FE7
:10EB6400000000000000F03F000000000000F0BFC3
:10EB7400000000000000F0BF000000000000F03FB3
:10EB840083C8C96D305F6441182D4454FB21F93F9B
:10EB9400000000000000F03F1C620CFDFFFFDFBF1F
:10EBA400198F06E15355A53F9D359AE887C056BF96
:10EBB400C3F87B024393F93E03A695595455C5BF48
:10EBC400C40B23057610813F24CF7437EB9429BFFF
:10EBD400000000000000F03F000000000000F0BF53
:10EBE400000000000000F0BF000000000000F03F43
:10EBF40083C8C96D305F6441182D4454FB21F93F2B
:10EC0400000000000000F0BF1C620CFDFFFFDF3FAE
:10EC1400198F06E15355A5BF9D359AE887C0563F25
:10EC2400C3F87B024393F9BE03A695595455C5BF57
:10EC3400C40B23057610813F24CF7437EB9429BF8E
:10EC44000000C040CDCC4C3DCDCCCC3E00000040BB
:10EC54000000003FEC51383E9A99193E0000000034
:10EC64000000E0400000000000A00C46CDCC4C3E6B
:10EC740000000000000000000AD7A33BCDCCCC3D2F
:10EC8400CDCC4C3FCDCC4C3EA69B443B9A99193EEF
:10EC94000000003FCDCC4C3E00000000000000000E
:10ECA4000000003F000000003333B33E295C8F3E78
:10ECB40000000000000020406666663F00803B477D
:10ECC4000000000000000000000000000000003F01
:10ECD4000000000000803B4700000000000000002E
:10ECE400000000000000003F0000000000803B47DF
:10ECF4000000000000000000000000000000003FD1
:10ED04000000000000803B470000000000000000FD
:10ED1400000000000000003F0000000000803B47AE
:10ED24000000000000000000000000000000003FA0
:10ED34000000000000803B470000000000000000CD
:10ED4400000000000000003F0000000000803B477E
:10ED54000000000000007A44F304353F0000000086
:10ED6400000000000000000000000000000000009F
:10ED7400000000000000803F0000000000000000D0
:10ED840000803B470000000000007A44F304353F54
:10ED9400000000000000000000000000000000006F
:10EDA40000000000000000000000803F00000000A0
:10EDB40000000000DB0F49BFE4CB1640E4CB16C0D3
:10EDC40000000080DB0F4940DB0F49C00000C93F51
:10EDD4000000F0390000DA370000A2330000842E6E
:10EDE4000000502B0000C2270000D0220000C41FE6
:10EDF4000000C61B00004417776F726B7374617454
:10EE0400696F6E3A3A73657100000000776F726B38
:10EE140073746174696F6E3A3A6D656C6F647900EE
:10EE2400776F726B73746174696F6E3A3A6261736F
:10EE340073000000776F726B73746174696F6E3A5C
:10EE44003A6B69743A3A736E6172652F6E6F6973C7
:10EE54006500000000020402070402000405040225
:10EE6400000204076E616E00696E66006F766600CC
:10EE74005D77000061770000657700006977000026
:10EE84000002040507090B0002040507090B000230
:10EE9400030507090A0001030507080A000204061E
:10EEA40007090B0002040507090A00020305070805
:10EEB4000A0002030507080A0001030506080A0000
:10EEC40002030507080B0001040507080A000203F2
:10EED4000607090A0002030507090B0002040607D6
:10EEE400090A0001030406080A00020407090003D2
:10EEF40005070A00030506070A0002040507090AB4
:10EF04000B000204050708090B00020406080A00A6
:10EF14000103040607090A000203050608090B0099
:10EF24000102030405060708090A0B000203070887
:10EF3400000105070A000105060A0002030709008B
:10EF440001040507080B0002030607080B00010370
:10EF54000507090B0001030507080B000204060955
:10EF64000A00010406080A0B00070E151C232A31A7
:10EF7400383F464D545B62696E737981898F979FE0
:10EF8400ABB0B5BABFC6CDD4DBE1E8000000803F2A
:10EF940039D6BD3F8273E63F07F02240D65628405B
:10EFA400166A7940000000003A1C19B32F7219B494
:10EFB4002F0DADB47B2C1AB5BF6071B5C215AEB5BB
:10EFC4001345EDB5B91B1BB6257044B6949672B6BD
:10EFD40067C192B6C492AEB62CB6CCB6D420EDB608
:10EFE40029E307B74D4C1AB7FEC32DB78D4142B77D
:10EFF40076BB57B75D276EB707BD82B7BED38EB752
:10F0040063519BB71A2FA8B79B65B5B736EDC2B746
:10F01400D5BDD0B7F8CEDEB7BE17EDB7E18EFBB7DE
:10F024005F1505B8A8700CB81FD413B86A3A1BB89A
:10F03400069E22B847F929B85D4631B8537F38B8DF
:10F04400129E3FB8669C46B8FE734DB86D1E54B808
:10F0540033955AB8B8D160B855CD66B855816CB8F7
:10F06400F8E671B877F776B806AC7BB8DAFD7FB806
:10F0740015F381B81AAF83B8A12F85B8557186B836
:10F08400EC7087B8242B88B8CB9C88B8BEC288B8EB
:10F09400E89988B84B1F88B8FB4F87B8262986B8EB
:10F0A40011A884B81CCA82B8C78C80B85CDB7BB852
:10F0B4001FD575B89C026FB8DF5F67B844E95EB8C6
:10F0C400789B55B87C734BB8AB6E40B8BB8A34B8E8
:10F0D400C3C527B83B1E1AB8FF920BB8AF46F8B7A2
:10F0E400E99DD7B7E92BB5B7CEF190B730E355B763
:10F0F400675C06B7AE5B4DB6D38E0C361210FA368B
:10F10400B7485A373B6B9D370850CF379664013860
:10F114000BE61B38A026373812205338A4CB6F389F
:10F124000E918638E48D95383CD8A438C36BB43836
:10F13400ED43C438F15BD438CFAEE4384F37F538FB
:10F1440001F80239A3690B39A3ED1339FD801C3989
:10F15400962025393DC92D39AC77363987283F3972
:10F1640061D84739BB835039052759399FBE613966
:10F17400E0466A390EBC7239681A7B3912AF81399C
:10F18400B8C185393AC38939ACB18D39208B9139ED
:10F19400A84D953958F7983944869C3985F89F3994
:10F1A400384CA3397D7FA6397C90A939637DAC396D
:10F1B4006844AF39CAE3B139D359B439D6A4B6399E
:10F1C40034C3B8395AB3BA39C373BC39FA02BE3935
:10F1D400995FBF394C88C039CF7BC139F438C23903
:10F1E4009EBEC239C50BC339791FC339DDF8C23994
:10F1F4002E97C239BFF9C139FD1FC1396F09C03912
:10F20400B4B5BE398824BD39C155BB395249B93961
:10F214004AFFB639D477B4393AB3B139E4B1AE3927
:10F224005574AB3933FBA7394047A4395B59A0392E
:10F2340086329C39DFD39739A43E933932748E39A0
:10F2440004768939B5458439F8C97D3961AB723999
:10F254008D336739A0665B39F5484F3923DF42396E
:10F26400F52D36396E3A2939C4091C3962A10E3993
:10F27400E20601391E80E638BFA5CA38EE8AAE38E8
:10F28400443C92384B8D6B38846E3238306EF23792
:10F29400D3048037B989DD35FABB47B7C7E5D4B79E
:10F2A400798222B894005AB8EA6788B85569A3B835
:10F2B400B8F5BDB837FED7B8F673F1B80E2405B962
:10F2C400F23511B94BE81CB9CC3328B93C1133B928
:10F2D40073793DB9656547B920CE50B9D4AC59B9F5
:10F2E400D4FA61B99BB169B9CECA70B9424077B951
:10F2F400FE0B7DB9201481B9BE4783B9341E85B98C
:10F30400FB9486B9B0A987B9105A88B901A488B901
:10F314008E8588B9E8FC87B96E0887B9A6A685B931
:10F3240044D683B9299681B9CBCA7DB9718677B998
:10F33400285E70B9345168B93F5F5FB95E8855B9CA
:10F344000ACD4AB92A2E3FB90DAD32B9724B25B94F
:10F35400810B17B9D2EF07B9D8F6EFB88363CEB8EB
:10F364006B2DABB82F5D86B899F83FB85F54E0B702
:10F37400FC2BEBB6B6F56037E6A4103897B56B38BE
:10F3840049A9A438AAAED43873ED02399C0E1C39AD
:10F394000BB23539A5CE4F39F25A6A3993A6823960
:10F3A400934D9039421D9E394410AC391B21BA3912
:10F3B400254AC839A485D639BACDE439701CF33945
:10F3C400DBB5003AB2DA073AA2F90E3A840F163ADC
:10F3D4002D191D3A6A13243A05FB2A3AC5CC313A51
:10F3E4006E85383AC7213F3A959E453AA3F84B3A81
:10F3F400BE2C523ABA37583A73165E3ACEC5633ABF
:10F40400BB42693A348A6E3A4399733A006D783A4A
:10F4140095027D3A9FAB803A25B4823A8F99843A1B
:10F424009B5A863A13F6873ACD6A893AAFB78A3A35
:10F43400ABDB8B3AC3D58C3A07A58D3A99488E3A03
:10F44400ABBF8E3A82098F3A71258F3AE2128F3A16
:10F4540050D18E3A49608E3A6FBF8D3A7AEE8C3A2B
:10F4640035ED8B3A81BB8A3A5459893ABAC6873A00
:10F47400D603863ADF10843A24EE813A17387F3A6D
:10F4840021367A3A8AD7743AA81D6F3AF909693A4B
:10F494002C9E623A1DDC5B3AD2C5543A815D4D3AEA
:10F4A4008AA5453A7BA03D3A0A51353A19BA2C3A15
:10F4B400B4DE233A0EC21A3A8367113A96D2073A57
:10F4C400DC0DFC39B010E83986B5D3398104BF3975
:10F4D4000206AA39ABC29439AC867E392A22533942
:10F4E4005C6A273959E4F638C0999E382D380C38AF
:10F4F400386713B7F3B155B871FFC2B89E5B0DB945
:10F5040080EB38B98D1A64B9F26987B94B819CB91B
:10F51400D848B1B922B6C5B9BDBED9B94758EDB9B5
:10F52400393C00BA828A09BAF19112BA884D1BBAE1
:10F534005AB823BA94CD2BBA748833BA58E43ABA79
:10F54400B6DC41BA276D48BA61914EBA414554BA06
:10F55400C78459BA1E4C5EBA989762BAB86366BA41
:10F564002AAD69BACF706CBABAAB6EBA2F5B70BAF7
:10F57400AE7C71BAEA0D72BAD30C72BA927771BAD0
:10F58400914C70BA748A6EBA20306CBABD3C69BAB8
:10F59400B3AF65BAAD8861BA9BC75CBAB26C57BAEF
:10F5A4006C7851BA89EB4ABA10C743BA4F0C3CBACB
:10F5B400DBBC33BA8FDA2ABA906721BA486617BA25
:10F5C40068D90CBAE8C301BA0C52ECB98718D4B99B
:10F5D400D1E2BAB9FEB8A0B9A8A385B9D75753B92F
:10F5E400C8B619B9A7F0BCB87BC606B82C3AE4373C
:10F5F400C736B838E7F21C3928F55E395904913911
:10F60400A609B339027DD5399D50F8392ABB0D3A84
:10F61400DB6F1F3A063F313A2E21433ABA0E553A70
:10F62400F4FF663A11ED783A1767853AAE4D8E3A93
:10F634004E26973AF1EC9F3A919DA83A2334B13A79
:10F644009FACB93AFE02C23A3E33CA3A6039D23A62
:10F654006F11DA3A81B7E13AB327E93A335EF03A07
:10F664003C57F73A1D0FFE3A1941023B7A56053BC7
:10F67400F545083BDC0D0B3B8EAC0D3B7720103B76
:10F684001268123BEB81143B9C6C163BD226183B50
:10F694004BAF193BD9041B3B5F261C3BD8121D3BC7
:10F6A40051C91D3BED481E3BE5901E3B8AA01E3B05
:10F6B40042771E3B8D141E3B03781D3B52A11C3B1D
:10F6C40046901B3BBF441A3BBBBE183B4FFE163B48
:10F6D400AD03153B1FCF123B0C61103BF4B90D3B3E
:10F6E40072DA0A3B3CC3073B2375043B12F1003B2F
:10F6F4001F70FA3A7896F23AA257EA3A47B6E13AD4
:10F7040041B5D83A9E57CF3A9FA0C53AB193BB3A78
:10F714007434B13AB586A63A6E8E9B3AC54F903A88
:10F724000CCF843A7321723ADF325A3AE8DB413A19
:10F734006026293A601C103A7F90ED392569BA3960
:10F7440049D88639DAE7253973937638F1AB2BB883
:10F75400AF9913B9B2387CB9864CB2B9B245E6B99F
:10F7640005F80CBAD19926BA3DFC3FBA491359BAE7
:10F77400F4D271BAA41785BA2C0E91BA27C79CBAD1
:10F78400B53CA8BA0469B3BA5546BEBAFECEC8BAE7
:10F7940068FDD2BA1BCCDCBAB735E6BAFE34EFBA90
:10F7A400D4C4F7BA3EE0FFBA36C103BB5A5307BB11
:10F7B4004EA40ABBEBB10DBB237A10BBFFFA12BBFC
:10F7C400A83215BB5D1F17BB7FBF18BB89111ABBBD
:10F7D40017141BBBE4C51BBBCB251CBBCB321CBB0A
:10F7E40003EC1BBBB4501BBB47601ABB451A19BBC7
:10F7F4005E7E17BB678C15BB594413BB58A610BB60
:10F80400A9B20DBBBB690ABB23CC06BB9EDA02BB03
:10F814001D2CFDBAFEFEF3BA4430EABA9FC2DFBA29
:10F824000CB9D4BAD916C9BA9BDFBCBA3517B0BA69
:10F83400D4C1A2BAEEE394BA408286BA9D436FBAA9
:10F84400C48F50BA0DF430BA147C10BAE267DEB932
:10F8540073509AB9DF9729B9F754DFB76D5EE8386A
:10F86400303E83390961CD3904310C3A3011323AD2
:10F874005341583A6BB17E3A99A8923A1208A63A83
:10F88400C56EB93A3CD4CC3AEE2FE03A4079F33A1B
:10F89400C653033B0FD90C3B2248163BA29C1F3B8B
:10F8A40033D2283B7DE4313B2ECF3A3BF88D433BAA
:10F8B400981C4C3BD676543B85985C3B897D643BD5
:10F8C400D4216C3B6F81733B72987A3B89B1803B46
:10F8D400CBEE833B3302873BFFE9893B81A48C3B1E
:10F8E40018308F3B328B913B54B4933B10AA953B19
:10F8F4000F6B973B0CF6983BD8499A3B59659B3B59
:10F904008C479C3B84EF9C3B6B5C9D3B868D9D3B75
:10F914002F829D3BDC399D3B1BB49C3B95F09B3B6C
:10F924000FEF9A3B65AF993B9131983BAA75963B93
:10F93400DE7B943B7C44923BEBCF8F3BB11E8D3BF3
:10F944006E318A3BE008873BDFA5833B6209803B3D
:10F95400F068783B9F50703B5ECC673BF5DE5E3BC6
:10F964005E8B553BC9D44B3B9BBE413B6A4C373BFA
:10F97400FC812C3B4B63213B7EF4153BE8390A3B6D
:10F984001970FC3A2CE7E33AB0E2CA3A9F6CB13AF8
:10F994003A8F973A12AA7A3AB091453A63EB0F3A02
:10F9A400699BB339663E0D39B4BC9BB853E094B936
:10F9B4001E8201BA2E9538BAD5906FBA302E93BAFA
:10F9C400796FAEBAC97FC9BA9D52E4BA6CDBFEBA8C
:10F9D400D7860CBB746E19BB531E26BB459032BB35
:10F9E40028BE3EBBE8A14ABB843556BB0D7361BB40
:10F9F400AF546CBBAFD476BBB77680BBB84C85BB79
:10FA0400ADE989BBFA4A8EBB196E92BB985096BB7E
:10FA14001CF099BB624A9DBB415DA0BBA826A3BB59
:10FA2400A3A4A5BB5BD5A7BB16B7A9BB3948ABBB81
:10FA34004787ACBBE672ADBBDD09AEBB154BAEBBB5
:10FA44009A35AEBB9EC8ADBB7403ADBB99E5ABBBE9
:10FA5400AC6EAABB749EA8BBE074A6BB04F2A3BBA5
:10FA64001F16A1BB95E19DBBF4549ABBF17096BBE4
:10FA74006A3692BB66A68DBB14C288BBCC8A83BB94
:10FA840017047CBBF65270BBD00564BB912057BBF6
:10FA940072A749BBF69E3BBBEB0B2DBB6AF31DBBA8
:10FAA400D35A0EBB998FFCBA7F80DBBAB494B9BA2F
:10FAB40011D996BAD8B566BA27501EBA213BA9B94E
:10FAC4000FB71BB817708439F31D0F3A9AD65C3AF6
:10FAD400D4A0953A131FBD3A43D5E43A2D59063BB9
:10FAE40089521A3BF74D2E3BA442423BA627563B74
:10FAF40005F4693BBE9E7D3B628F883B8335923B18
:10FB04003BBD9B3B0222A53B555FAE3BB970B73B67
:10FB1400B851C03BE8FDC83BE970D13B6BA6D93B6B
:10FB24002C9AE13BFE47E93BC7ABF03B82C1F73B74
:10FB34004385FE3B9B79023CD483053C7E5F083CB5
:10FB4400DF0A0B3C4A840D3C27CA0F3CEDDA113C1A
:10FB540029B5133C7C57153C9CC0163C54EF173C0C
:10FB640087E2183C2E99193C5B121A3C3A4D1A3C18
:10FB74000D491A3C32051A3C2381193C71BC183CCE
:10FB8400CDB6173CFF6F163CF0E7143CA31E133CA4
:10FB94003814113CECC80E3C1B3D0C3C3C71093C38
:10FBA400E565063CCB1B033C7D27FF3B5B9DF73B98
:10FBB4004B9BEF3B9E23E73BE438DE3BE4DDD43B49
:10FBC4009F15CB3B4EE3C03B634AB63B864EAB3BF3
:10FBD40095F39F3BA33D943BF630883B0EA4773BC3
:10FBE400FF4A5E3B7060443B6FEE293B61FF0E3B76
:10FBF400003CE73AACAAAF3AECC26E3A76DEF93989
:10FC04008B9D20384F79D3B9C4325EBA1093A9BA08
:10FC1400CD31E4BAD66D0FBB38BB2CBBCEF349BB98
:10FC2400390A67BB83F881BB564D90BBCC7C9EBB25
:10FC34001980ACBB6E50BABB01E7C7BB0D3DD5BB49
:10FC4400D54BE2BBA70CEFBBE178FBBBF9C403BC0B
:10FC5400B09C09BC61400FBCE9AC14BC31DF19BCD9
:10FC640035D41EBC008923BCB2FA27BC81262CBC27
:10FC7400B80930BCB9A133BC02EC36BC28E639BCA7
:10FC8400DF8D3CBCF7E03EBC5EDD40BC258142BC60
:10FC940079CA43BCAEB744BC394745BCB47745BC0C
:10FCA400DF4745BCA0B644BC06C343BC456C42BC5C
:10FCB400C0B140BCFE923EBCB50F3CBCC52739BCAC
:10FCC4003ADB35BC4E2A32BC66152EBC169D29BCC7
:10FCD4001FC224BC72851FBC2CE819BC99EB13BC51
:10FCE40036910DBCABDA06BCA293FFBB5BC1F0BB83
:10FCF400E942E1BB121DD1BBF354C0BB03F0AEBB60
:10FD040014F49CBB4D678ABB54A06EBBFB6A47BB13
:10FD1400D53C1FBB9449ECBABF6498BACBD605BA9C
:10FD2400BE082039727C583A6DA8C53A8D0D103B37
:10FD340057B83D3B51C16B3B640A8D3B504FA43BCC
:10FD44002BA5BB3B8601D33BCA59EA3B9BD1003C64
:10FD540073690C3CEFEE173C7F5C233C8DAC2E3C6E
:10FD640076D9393C92DD443C36B34F3CB3545A3CCB
:10FD74005CBC643C86E46E3C8BC7783CE72F813CDA
:10FD8400DCD3853CE24C8A3C3E988E3C3BB3923CAF
:10FD9400309B963C804D9A3C9AC79D3CFA06A13C08
:10FDA4002D09A43CCFCBA63C8F4CA93C2E89AB3C5F
:10FDB400817FAD3C752DAF3C0A91B03C5CA8B13C51
:10FDC4009D71B23C1AEBB23C3E13B33C8DE8B23C9D
:10FDD400AB69B23C5C95B13C826AB03C1FE8AE3C76
:10FDE4005B0DAD3C7ED9AA3CF54BA83C5264A53CC6
:10FDF4004B22A23CC1859E3CB88E9A3C5F3D963C0A
:10FE04000C92913C418D8C3CA82F873C187A813C04
:10FE140025DB763C89166A3C10A95C3CC8954E3CAF
:10FE240019E03F3CC68B303CED9C203C0A18103C4A
:10FE3400E403FE3BB1BFDA3B9C6EB63B7B1C913BBB
:10FE4400BEAB553B2350073B8D085D3A9C06D3B9A6
:10FE5400D5F3DABAE3E841BB0EC68BBB4820B7BB87
:10FE6400F1F0E2BB969207BCBBD41DBCD23434BCC7
:10FE740074A84ABCE82461BC2A9F77BCF30587BCFC
:10FE8400C12F92BC0A479DBCB945A8BC9625B3BCFA
:10FE940048E0BDBC556FC8BC26CCD2BC06F0DCBC67
:10FEA40024D4E6BC9671F0BC58C1F9BC265E01BDF1
:10FEB400A1AD05BD7ACB09BD03B40DBD886311BDE9
:10FEC4004BD614BD880818BD75F61ABD419C1DBDDE
:10FED40018F61FBD230022BD87B623BD671525BDB7
:10FEE400E81826BD2ABD26BD53FE26BD88D826BDEA
:10FEF400F14726BDBB4825BD17D723BD3CEF21BD27
:10FF0400668D1FBDDAAD1CBDE54C19BDDE6615BDA1
:10FF140025F810BD26FD0BBD587206BD405400BD2A
:10FF2400E33EF3BC19A1E4BC84C8D4BCA6AEC3BCF4
:10FF3400254DB1BCC99D9DBC819A88BCC67A64BC60
:10FF4400590135BC8EBD02BC1D499BBBF25EADBAE6
:10FF540089DA143B6519C63BB0DF233C93B8673C90
:10FF6400F64F973CF34EBC3C1DDDE23C0F7F053D54
:10FF7400B15A1A3D1203303DB079463DEDBF5D3DA7
:10FF84000CD7753D1B60873D383E943D5286A13D9C
:10FF9400D038AF3D0756BD3D3EDECB3DACD1DA3D5A
:10FFA4007730EA3DB9FAF93D7730EA3DACD1DA3D34
:10FFB4003EDECB3D0756BD3DD038AF3D5286A13D18
:10FFC400383E943D1B60873D0CD7753DEDBF5D3DCC
:10FFD400B079463D1203303DB15A1A3D0F7F053DBD
:10FFE4001DDDE23CF34EBC3CF64F973C93B8673CB6
:0CFFF400B0DF233C6519C63B89DA143BE2
:02000004600199
:10000000F25EADBA1D499BBB8EBD02BC590135BC29
:10001000C67A64BC819A88BCC99D9DBC254DB1BC83
:10002000A6AEC3BC84C8D4BC19A1E4BCE33EF3BCF7
:10003000405400BD587206BD26FD0BBD25F810BD0D
:10004000DE6615BDE54C19BDDAAD1CBD668D1FBD64
:100050003CEF21BD17D723BDBB4825BDF14726BDC9
:1000600088D826BD53FE26BD2ABD26BDE81826BD6C
:10007000671525BD87B623BD230022BD18F61FBD19
:10008000419C1DBD75F61ABD880818BD4BD614BD20
:10009000886311BD03B40DBD7ACB09BDA1AD05BD0B
:1000A000265E01BD58C1F9BC9671F0BC24D4E6BCF3
:1000B00006F0DCBC26CCD2BC556FC8BC48E0BDBC49
:1000C0009625B3BCB945A8BC0A479DBCC12F92BCBC
:1000D000F30587BC2A9F77BCE82461BC74A84ABC9E
:1000E000D23434BCBBD41DBC969207BCF1F0E2BB49
:1000F0004820B7BB0EC68BBBE3E841BBD5F3DABAE9
:100100009C06D3B98D085D3A2350073BBEAB553BE7
:100110007B1C913B9C6EB63BB1BFDA3BE403FE3BDC
:100120000A18103CED9C203CC68B303C19E03F3C4B
:10013000C8954E3C10A95C3C89166A3C25DB763C90
:10014000187A813CA82F873C418D8C3C0C92913CC5
:100150005F3D963CB88E9A3CC1859E3C4B22A23CAA
:100160005264A53CF54BA83C7ED9AA3C5B0DAD3C46
:100170001FE8AE3C826AB03C5C95B13CAB69B23CD6
:100180008DE8B23C3E13B33C1AEBB23C9D71B23CDD
:100190005CA8B13C0A91B03C752DAF3C817FAD3C71
:1001A0002E89AB3C8F4CA93CCFCBA63C2D09A43C5F
:1001B000FA06A13C9AC79D3C804D9A3C309B963CE8
:1001C0003BB3923C3E988E3CE24C8A3CDCD3853C6F
:1001D000E72F813C8BC7783C86E46E3C5CBC643C7A
:1001E000B3545A3C36B34F3C92DD443C76D9393C4B
:1001F0008DAC2E3C7F5C233CEFEE173C73690C3CCE
:100200009BD1003CCA59EA3B8601D33B2BA5BB3BA3
:10021000504FA43B640A8D3B51C16B3B57B83D3BEB
:100220008D0D103B6DA8C53A727C583ABE08203936
:10023000CBD605BABF6498BA9449ECBAD53C1FBB7B
:10024000FB6A47BB54A06EBB4D678ABB14F49CBBD2
:1002500003F0AEBBF354C0BB121DD1BBE942E1BBFE
:100260005BC1F0BBA293FFBBABDA06BC36910DBC01
:1002700099EB13BC2CE819BC72851FBC1FC224BCAF
:10028000169D29BC66152EBC4E2A32BC3ADB35BC05
:10029000C52739BCB50F3CBCFE923EBCC0B140BCCA
:1002A000456C42BC06C343BCA0B644BCDF4745BC5A
:1002B000B47745BC394745BCAEB744BC79CA43BCEA
:1002C000258142BC5EDD40BCF7E03EBCDF8D3CBC1E
:1002D00028E639BC02EC36BCB9A133BCB80930BC45
:1002E00081262CBCB2FA27BC008923BC35D41EBCA5
:1002F00031DF19BCE9AC14BC61400FBCB09C09BC37
:10030000F9C403BCE178FBBBA70CEFBBD54BE2BB48
:100310000D3DD5BB01E7C7BB6E50BABB1980ACBB66
:10032000CC7C9EBB564D90BB83F881BB390A67BB22
:10033000CEF349BB38BB2CBBD66D0FBBCD31E4BA75
:100340001093A9BAC4325EBA4F79D3B98B9D2038C5
:1003500076DEF939ECC26E3AACAAAF3A003CE73A25
:1003600061FF0E3B6FEE293B7060443BFF4A5E3BF2
:100370000EA4773BF630883BA33D943B95F39F3B1F
:10038000864EAB3B634AB63B4EE3C03B9F15CB3B2F
:10039000E4DDD43BE438DE3B9E23E73B4B9BEF3B65
:1003A0005B9DF73B7D27FF3BCB1B033CE565063C94
:1003B0003C71093C1B3D0C3CECC80E3C3814113C14
:1003C000A31E133CF0E7143CFF6F163CCDB6173C60
:1003D00071BC183C2381193C32051A3C0D491A3C6A
:1003E0003A4D1A3C5B121A3C2E99193C87E2183C94
:1003F00054EF173C9CC0163C7C57153C29B5133C68
:10040000EDDA113C27CA0F3C4A840D3CDF0A0B3C55
:100410007E5F083CD483053C9B79023C4385FE3BD0
:1004200082C1F73BC7ABF03BFE47E93B2C9AE13B6F
:100430006BA6D93BE970D13BE8FDC83BB851C03B46
:10044000B970B73B555FAE3B0222A53B3BBD9B3B22
:100450008335923B628F883BBE9E7D3B05F4693BB2
:10046000A627563BA442423BF74D2E3B89521A3BEE
:100470002D59063B43D5E43A131FBD3AD4A0953A13
:100480009AD65C3AF31D0F3A177084390FB71BB830
:10049000213BA9B927501EBAD8B566BA11D996BA68
:1004A000B494B9BA7F80DBBA998FFCBAD35A0EBB29
:1004B0006AF31DBBEB0B2DBBF69E3BBB72A749BB82
:1004C000912057BBD00564BBF65270BB17047CBBB0
:1004D000CC8A83BB14C288BB66A68DBB6A3692BB2E
:1004E000F17096BBF4549ABB95E19DBB1F16A1BB5E
:1004F00004F2A3BBE074A6BB749EA8BBAC6EAABBFF
:1005000099E5ABBB7403ADBB9EC8ADBB9A35AEBB22
:10051000154BAEBBDD09AEBBE672ADBB4787ACBBCE
:100520003948ABBB16B7A9BB5BD5A7BBA3A4A5BB7A
:10053000A826A3BB415DA0BB624A9DBB1CF099BB32
:10054000985096BB196E92BBFA4A8EBBADE989BB37
:10055000B84C85BBB77680BBAFD476BBAF546CBB11
:100560000D7361BB843556BBE8A14ABB28BE3EBBB8
:10057000459032BB531E26BB746E19BBD7860CBB8D
:100580006CDBFEBA9D52E4BAC97FC9BA796FAEBAC4
:10059000302E93BAD5906FBA2E9538BA1E8201BA12
:1005A00053E094B9B4BC9BB8663E0D39699BB3392E
:1005B00063EB0F3AB091453A12AA7A3A3A8F973ADA
:1005C0009F6CB13AB0E2CA3A2CE7E33A1970FC3AB0
:1005D000E8390A3B7EF4153B4B63213BFC812C3B05
:1005E0006A4C373B9BBE413BC9D44B3B5E8B553B72
:1005F000F5DE5E3B5ECC673B9F50703BF068783B1E
:100600006209803BDFA5833BE008873B6E318A3B74
:10061000B11E8D3BEBCF8F3B7C44923BDE7B943B0A
:10062000AA75963B9131983B65AF993B0FEF9A3B8A
:1006300095F09B3B1BB49C3BDC399D3B2F829D3B43
:10064000868D9D3B6B5C9D3B84EF9C3B8C479C3B2C
:1006500059659B3BD8499A3B0CF6983B0F6B973BEF
:1006600010AA953B54B4933B328B913B18308F3B8F
:1006700081A48C3BFFE9893B3302873BCBEE833B74
:1006800089B1803B72987A3B6F81733BD4216C3B7C
:10069000897D643B85985C3BD676543B981C4C3BEB
:1006A000F88D433B2ECF3A3B7DE4313B33D2283BA0
:1006B000A29C1F3B2248163B0FD90C3BC653033B61
:1006C0004079F33AEE2FE03A3CD4CC3AC56EB93AD1
:1006D0001208A63A99A8923A6BB17E3A5341583A19
:1006E0003011323A04310C3A0961CD39303E833948
:1006F0006D5EE838F754DFB7DF9729B973509AB9C0
:10070000E267DEB9147C10BA0DF430BAC48F50BA67
:100710009D436FBA408286BAEEE394BAD4C1A2BABE
:100720003517B0BA9BDFBCBAD916C9BA0CB9D4BA5E
:100730009FC2DFBA4430EABAFEFEF3BA1D2CFDBAFE
:100740009EDA02BB23CC06BBBB690ABBA9B20DBBB8
:1007500058A610BB594413BB678C15BB5E7E17BBF4
:10076000451A19BB47601ABBB4501BBB03EC1BBB3B
:10077000CB321CBBCB251CBBE4C51BBB17141BBB5E
:1007800089111ABB7FBF18BB5D1F17BBA83215BBF1
:10079000FFFA12BB237A10BBEBB10DBB4EA40ABB10
:1007A0005A5307BB36C103BB3EE0FFBAD4C4F7BA05
:1007B000FE34EFBAB735E6BA1BCCDCBA68FDD2BA64
:1007C000FECEC8BA5546BEBA0469B3BAB53CA8BA9B
:1007D00027C79CBA2C0E91BAA41785BAF4D271BA65
:1007E000491359BA3DFC3FBAD19926BA05F80CBA5B
:1007F000B245E6B9864CB2B9B2387CB9AF9913B9F3
:10080000F1AB2BB873937638DAE7253949D88639B6
:100810002569BA397F90ED39601C103A6026293A73
:10082000E8DB413ADF325A3A7321723A0CCF843A0C
:10083000C54F903A6E8E9B3AB586A63A7434B13A5B
:10084000B193BB3A9FA0C53A9E57CF3A41B5D83A2B
:1008500047B6E13AA257EA3A7896F23A1F70FA3A66
:1008600012F1003B2375043B3CC3073B72DA0A3BA1
:10087000F4B90D3B0C61103B1FCF123BAD03153B90
:100880004FFE163BBBBE183BBF441A3B46901B3B7A
:1008900052A11C3B03781D3B8D141E3B42771E3B2F
:1008A0008AA01E3BE5901E3BED481E3B51C91D3BF7
:1008B000D8121D3B5F261C3BD9041B3B4BAF193B99
:1008C000D226183B9C6C163BEB81143B1268123B02
:1008D0007720103B8EAC0D3BDC0D0B3BF545083B08
:1008E0007A56053B1941023B1D0FFE3A3C57F73A39
:1008F000335EF03AB327E93A81B7E13A6F11DA3A59
:100900006039D23A3E33CA3AFE02C23A9FACB93A93
:100910002334B13A919DA83AF1EC9F3A4E26973A8A
:10092000AE4D8E3A1767853A11ED783AF4FF663A84
:10093000BA0E553A2E21433A063F313ADB6F1F3A41
:100940002ABB0D3A9D50F839027DD539A609B33935
:100950005904913928F55E39E7F21C39C736B838A1
:100960002C3AE4377BC606B8A7F0BCB8C8B619B9AC
:10097000D75753B9A8A385B9FEB8A0B9D1E2BAB97F
:100980008718D4B90C52ECB9E8C301BA68D90CBACB
:10099000486617BA906721BA8FDA2ABADBBC33BA35
:1009A0004F0C3CBA10C743BA89EB4ABA6C7851BABB
:1009B000B26C57BA9BC75CBAAD8861BAB3AF65BABF
:1009C000BD3C69BA20306CBA748A6EBA914C70BA68
:1009D000927771BAD30C72BAEA0D72BAAE7C71BA60
:1009E0002F5B70BABAAB6EBACF706CBA2AAD69BA67
:1009F000B86366BA989762BA1E4C5EBAC78459BA91
:100A0000414554BA61914EBA276D48BAB6DC41BA35
:100A100058E43ABA748833BA94CD2BBA5AB823BA88
:100A2000884D1BBAF19112BA828A09BA393C00BAD0
:100A30004758EDB9BDBED9B922B6C5B9D848B1B984
:100A40004B819CB9F26987B98D1A64B980EB38B9CA
:100A50009E5B0DB971FFC2B8F3B155B8386713B7D3
:100A60002D380C38C0999E3859E4F6385C6A27391D
:100A70002A225339AC867E39ABC294390206AA3990
:100A80008104BF3986B5D339B010E839DC0DFC39A3
:100A900096D2073A8367113A0EC21A3AB4DE233A65
:100AA00019BA2C3A0A51353A7BA03D3A8AA5453A03
:100AB000815D4D3AD2C5543A1DDC5B3A2C9E623AB8
:100AC000F909693AA81D6F3A8AD7743A21367A3AF9
:100AD00017387F3A24EE813ADF10843AD603863AFB
:100AE000BAC6873A5459893A81BB8A3A35ED8B3A6E
:100AF0007AEE8C3A6FBF8D3A49608E3A50D18E3A79
:100B0000E2128F3A71258F3A82098F3AABBF8E3A43
:100B100099488E3A07A58D3AC3D58C3AABDB8B3A10
:100B2000AFB78A3ACD6A893A13F6873A9B5A863A22
:100B30008F99843A25B4823A9FAB803A95027D3AE8
:100B4000006D783A4399733A348A6E3ABB42693AF7
:100B5000CEC5633A73165E3ABA37583ABE2C523A4B
:100B6000A3F84B3A959E453AC7213F3A6E85383AED
:100B7000C5CC313A05FB2A3A6A13243A2D191D3A9D
:100B8000840F163AA2F90E3AB2DA073ADBB5003A08
:100B9000701CF339BACDE439A485D639254AC83951
:100BA0001B21BA394410AC39421D9E39934D9039FE
:100BB00093A68239F25A6A39A5CE4F390BB235392C
:100BC0009C0E1C3973ED0239AAAED43849A9A43859
:100BD00097B56B38E6A41038B6F56037FC2BEBB64A
:100BE0005F54E0B799F83FB82F5D86B86B2DABB86E
:100BF0008363CEB8D8F6EFB8D2EF07B9810B17B937
:100C0000724B25B90DAD32B92A2E3FB90ACD4AB97A
:100C10005E8855B93F5F5FB9345168B9285E70B9D5
:100C2000718677B9CBCA7DB9299681B944D683B983
:100C3000A6A685B96E0887B9E8FC87B98E8588B9FC
:100C400001A488B9105A88B9B0A987B9FB9486B9AC
:100C5000341E85B9BE4783B9201481B9FE0B7DB916
:100C6000424077B9CECA70B99BB169B9D4FA61B9BB
:100C7000D4AC59B920CE50B9656547B973793DB93F
:100C80003C1133B9CC3328B94BE81CB9F23511B952
:100C90000E2405B9F673F1B837FED7B8B8F5BDB86C
:100CA0005569A3B8EA6788B894005AB8798222B81F
:100CB000C7E5D4B7FABB47B7B989DD35D304803768
:100CC000306EF237846E32384B8D6B38443C92383C
:100CD000EE8AAE38BFA5CA381E80E638E206013972
:100CE00062A10E39C4091C396E3A2939F52D3639FD
:100CF00023DF4239F5484F39A0665B398D336739B8
:100D000061AB7239F8C97D39B545843904768939C2
:100D100032748E39A43E9339DFD3973986329C39A9
:100D20005B59A0394047A43933FBA7395574AB3917
:100D3000E4B1AE393AB3B139D477B4394AFFB639F0
:100D40005249B939C155BB398824BD39B4B5BE390A
:100D50006F09C039FD1FC139BFF9C1392E97C2399A
:100D6000DDF8C239791FC339C50BC3399EBEC239FC
:100D7000F438C239CF7BC1394C88C039995FBF394B
:100D8000FA02BE39C373BC395AB3BA3934C3B8395D
:100D9000D6A4B639D359B439CAE3B1396844AF39A6
:100DA000637DAC397C90A9397D7FA639384CA33955
:100DB00085F89F3944869C3958F79839A84D95395C
:100DC000208B9139ACB18D393AC38939B8C1853995
:100DD00012AF8139681A7B390EBC7239E0466A3924
:100DE0009FBE613905275939BB83503961D84739CE
:100DF00087283F39AC7736393DC92D3996202539BA
:100E0000FD801C39A3ED1339A3690B3901F80239B0
:100E10004F37F538CFAEE438F15BD438ED43C43802
:100E2000C36BB4383CD8A438E48D95380E9186381D
:100E3000A4CB6F3812205338A02637380BE61B3866
:100E4000966401380850CF373B6B9D37B7485A3707
:100E50001210FA36D38E0C36AE5B4DB6675C06B711
:100E600030E355B7CEF190B7E92BB5B7E99DD7B7C9
:100E7000AF46F8B7FF920BB83B1E1AB8C3C527B8E8
:100E8000BB8A34B8AB6E40B87C734BB8789B55B80E
:100E900044E95EB8DF5F67B89C026FB81FD575B8CC
:100EA0005CDB7BB8C78C80B81CCA82B811A884B838
:100EB000262986B8FB4F87B84B1F88B8E89988B8B1
:100EC000BEC288B8CB9C88B8242B88B8EC7087B891
:100ED000557186B8A12F85B81AAF83B815F381B8BC
:100EE000DAFD7FB806AC7BB877F776B8F8E671B86C
:100EF00055816CB855CD66B8B8D160B833955AB83D
:100F00006D1E54B8FE734DB8669C46B8129E3FB82D
:100F1000537F38B85D4631B847F929B8069E22B8E4
:100F20006A3A1BB81FD413B8A8700CB85F1505B87F
:100F3000E18EFBB7BE17EDB7F8CEDEB7D5BDD0B7A3
:100F400036EDC2B79B65B5B71A2FA8B763519BB7EB
:100F5000BED38EB707BD82B75D276EB776BB57B7D6
:100F60008D4142B7FEC32DB74D4C1AB729E307B7E1
:100F7000D420EDB62CB6CCB6C492AEB667C192B64C
:100F8000949672B6257044B6B91B1BB61245EDB5E2
:100F9000C215AEB5BF6071B57A2C1AB52D0DADB4C2
:100FA0002D7219B4321C19B3009E052900000000EF
:100FB0003A1C99B625C819B7378867B772D39AB75C
:100FC000A0FDC1B7752DE9B7882608B8F4A21BB8F3
:100FD0006C002FB8103342B8BE2E55B813E767B86F
:100FE000704F7AB8832D86B86AFE8EB8DC9397B8B6
:100FF00033E79FB8C2F1A7B8CFACAFB89D11B7B86F
:101000006D19BEB881BDC4B823F7CAB8A9BFD0B89E
:101010007510D6B8FEE2DAB8D130DFB898F3E2B88E
:101020001C25E6B84BBFE8B83ABCEAB82D16ECB8B8
:101030009AC7ECB82BCBECB8C41BECB88BB4EAB8AD
:10104000E690E8B882ACE5B85803E2B8B291DDB8F2
:101050002B54D8B8B647D2B8A169CBB89AB7C3B8A1
:10106000AF2FBBB857D0B1B86F98A7B841879CB81D
:10107000879C90B86DD883B823776CB8168E4FB81C
:10108000D3F830B86DBB10B8E7B5DDB7E0BA96B7A6
:10109000AD2719B74721AF33DEF72137743EA437A8
:1010A0008A60FA3701A529385570573812428338BB
:1010B000A9689B38E323B438366BCD389C35E738C4
:1010C000CABC003995160E39F9A21B39875C29393B
:1010D000993D373956404539AE5E53396292613990
:1010E00003D56F39F41F7E3938368639C5598D39A5
:1010F00017779439948A9B399390A2395A85A939E4
:101100002765B0392A2CB7398DD6BD397160C439FD
:10111000F2C5CA392A03D1392F14D7391BF5DC3966
:1011200009A2E2391817E8396F50ED393E4AF23911
:10113000BE00F7393770FB390295FF39C2B5013A65
:101140001F78033ADE0F053A577B063AEAB8073AAA
:1011500008C7083A31A4093AF54E0A3AF4C50A3AE2
:10116000E3070B3A88130B3ABEE70A3A77830A3A49
:10117000B9E5093AA20D093A6AFA073A5EAB063AAE
:10118000E81F053A8C57033AE851013A701DFE39C1
:10119000A41BF939569EF339ADA5ED390A32E7396A
:1011A0000C44E03991DCD839B8FCD039DDA5C83918
:1011B0009DD9BF39D699B639A8E8AC3973C8A239D8
:1011C000D93B9839BB458D393CE9813981536C391C
:1011D000D61554393C213B39F67D2139BF340739C6
:1011E0009A9DD8389AABA1387A4F5338919CC23720
:1011F000210394B6E9EE07B807CE7EB87B76BBB87C
:10120000BA0CF8B8F6871AB9C93239B946F957B9DC
:1012100094CD76B9C9D08AB970339AB97387A9B910
:101220006CC5B8B9DCE5C7B934E1D6B9D2AFE5B918
:101230000A4AF4B9125401BA336108BA88480FBA9D
:10124000340616BA5A961CBA25F522BAC41E29BA13
:10125000700F2FBA6CC334BA09373ABAA4663FBAD2
:10126000AC4E44BAA2EB48BA1C3A4DBAC73651BA92
:1012700067DE54BADC2D58BA20225BBA4DB85DBA8D
:101280009DED5FBA6DBF61BA3B2B63BAAC2E64BAF9
:101290008DC764BAD4F364BAA0B164BA3DFF63BA2F
:1012A00025DB62BA024461BAAC385FBA2FB85CBAC7
:1012B000C9C159BAEE5456BA457152BAAC164EBAB3
:1012C000394549BA39FD43BA343F3EBAE80B38BA1A
:1012D000506431BAA0492ABA46BD22BAECC01ABA43
:1012E000785612BA088009BAF83F00BABB31EDB996
:1012F0000E1BD9B9FF41C4B914ADAEB9436398B957
:10130000F56B81B9FC9D53B9402923B91716E3B891
:1013100003567BB8D1B831B7843C26383C2CBE3854
:1013200049641539D4634C3925FF81394B0E9E39F8
:101330008853BA39C2C2D6399B4FF339BDF6073A42
:10134000C747163A6994243A0CD6323A0206413A13
:101350008F1D4F3AE8155D3A35E86A3A9A8D783A2A
:1013600099FF823A0D9B893AB615903A266C963AC7
:10137000F29A9C3AB39EA23A0C74A83AA817AE3AD5
:101380003B86B33A89BCB83A61B7BD3AA473C23A56
:1013900043EEC63A4224CB3ABB12CF3ADEB6D23A3B
:1013A000F30DD63A5D15D93A98CADB3A3E2BDE3AB0
:1013B0000735E03ACDE5E13A883BE33A5534E43A83
:1013C00074CEE43A4B08E53A66E0E43A7A55E43AFA
:1013D0006366E33A2912E23AFF57E03A4237DE3ACF
:1013E0007FAFDB3A6EC0D83AF769D53A31ACD13A23
:1013F0006287CD3A02FCC83AB90AC43A5EB4BE3A32
:10140000FCF9B83ACFDCB23A445EAC3AFA7FA53A7E
:10141000C0439E3A99AB963AB7B98E3A7E70863AF7
:1014200000A57B3A03C5693AE846573AF030443A9A
:10143000B789303A2F581C3AA5A3073A72E7E43926
:10144000B7A0B9399E838D3982424139462DCC38B7
:101450008B811A372CC7A7B8E26532B9A9DB88B9E6
:10146000C7D7B8B9B512E9B9BDBB0CBA66F824BA8A
:1014700083343DBA236555BA347F6DBAC5BB82BA91
:1014800073A18EBAFA6A9ABAAD12A6BAD992B1BA53
:10149000CFE5BCBADC05C8BA58EDD2BA9E96DDBA23
:1014A00014FCE7BA2F18F2BA71E5FBBA37AF02BBEA
:1014B000EA3E07BB309F0BBB79CD0FBB41C713BBC7
:1014C000148A17BB91131BBB67611EBB5B7121BBE9
:1014D000454124BB16CF26BBD41829BB9F1C2BBB70
:1014E000B0D82CBB5C4B2EBB15732FBB674E30BBEB
:1014F000FFDB30BBA81A31BB4D0931BBFCA630BBAA
:10150000E2F22FBB4FEC2EBBB9922DBBB7E52BBB44
:1015100005E529BB869027BB42E824BB65EC21BBCF
:10152000459D1EBB5CFB1ABB4B0717BBDEC112BB44
:10153000032C0EBBD24609BB8C1304BB2C27FDBA6F
:10154000FB90F1BAEE67E5BABAAFD8BA606CCBBA25
:101550002DA2BDBAB755AFBADF8BA0BACA4991BAAE
:10156000E79481BACBE562BA75D341BA33FF1FBAAB
:10157000D4EBFAB9F389B4B9CBE859B9AF1E91B835
:10158000947B953862C25F395E20BB39727E033A24
:1015900048AB293A5006503AE07E763A09828E3AB4
:1015A00064C2A13AD8F7B43AAB19C83A0F1FDB3A74
:1015B0002BFFED3A8F58003BFE95093B70B3123B71
:1015C00071AC1B3B937C243B6A1F2D3B9590353BB4
:1015D000BBCB3D3B90CC453BD48E4D3B590E553B50
:1015E00002475C3BC634633BB3D3693BEE1F703BA1
:1015F000B815763B6BB17B3BC277803B4EE6823BB6
:10160000B722853B6F2B873BF8FE883BE99B8A3BE3
:10161000ED008C3BC62C8D3B4A1E8E3B67D48E3B27
:10162000224E8F3B9C8A8F3B09898F3BBD488F3B65
:1016300021C98E3BBC098E3B310A8D3B3BCA8B3B9B
:10164000B5498A3B9688883BF186863BF544843BC6
:10165000F2C2813BA7027E3B4401783B0B83713B86
:1016600086896A3B7B16633BED2B5B3B18CC523B78
:1016700074F9493BB4B6403BC406373BC9EC2C3B3C
:10168000216C223B6188173B54450C3BFBA6003B79
:101690001663E93AD6D2D03A65A6B73A56E79D3AEC
:1016A000929F833AC0B2513AAE3E1B3A8AF1C73993
:1016B000C0DD2F3922E54AB8F6C18BB90B11FFB94D
:1016C000778C39BAEAD373BACB2297BAEF63B4BA3C
:1016D0006AA0D1BA27CBEEBA7AEB05BB455B14BB47
:1016E0004AAE22BBD7DD30BB3BE33EBBC4B74CBBED
:1016F000C4545ABB97B367BB9FCD74BB27CE80BB86
:10170000920C87BBDC1E8DBBDB0193BB70B298BB18
:101710008C2D9EBB3270A3BB7177A8BB7040ADBB54
:1017200068C8B1BBA70CB6BB940ABABBAEBFBDBB01
:101730008F29C1BBE945C4BB9012C7BB708DC9BB23
:1017400099B4CBBB3986CDBBA100CFBB4222D0BB65
:10175000B3E9D0BBB055D1BB1965D1BBF516D1BB30
:10176000736AD0BBE95ECFBBD6F3CDBBE428CCBB5C
:10177000E5FDC9BBD672C7BBDF87C4BB543DC1BB47
:10178000B593BDBBAB8BB9BB0D26B5BBDF63B0BB9F
:101790004E46ABBBB6CEA5BB9DFE9FBBB4D799BB97
:1017A000D95B93BB138D8CBB946D85BB6DFF7BBBED
:1017B000028C6CBB3E865CBBCCF34BBBA0DA3ABB65
:1017C000FC4029BB6C2D17BBC1A604BB2568E3BA3E
:1017D00070B9BCBA965095BA837A5ABA231F09BA1F
:1017E0008CC05AB99D84E538B0C0E139CCBB453ACC
:1017F000768F8D3A8F72B83A9D74E33A6A41073B0F
:1018000017C51C3BBE3B323BB49B473B41DB5C3BBB
:10181000A1F0713B0669833BDCBA8D3BEEE8973B58
:101820005EEEA13B50C6AB3BF46BB53B81DABE3BF1
:101830003D0DC83B7BFFD03BA1ACD93B2610E23B22
:101840009825EA3B9DE8F13BF354F93B3B33003CE0
:10185000908C033C85B4063C37A9093CD7680C3C06
:10186000A9F10E3C0242113C5058133C1433153C74
:10187000E8D0163C7C30183C9A50193C23301A3C76
:1018800015CE1A3C85291B3CA6411B3CC7151B3CA9
:1018900052A51A3CD0EF193CE5F4183C55B4173C5E
:1018A000032E163CED61143C3550123C19F90F3CE7
:1018B000F85C0D3C4F7C0A3CBB57073CFBEF033CFC
:1018C000EB45003C11B5F83BDD5DF03BB288E73BF2
:1018D0004438DE3B856FD43BA531CA3B0E82BF3B0B
:1018E0006664B43B8CDCA83B98EE9C3BDA9E903B54
:1018F000D7F1833B93D86D3B3D26533BE7D6373B2F
:101900002EF51B3B0D18FF3A7B4DC53AE7A18A3AED
:10191000585A1E3ACE3D1839D6D5A6B9CFE14DBAA0
:10192000AC90A4BA657AE2BAAC4910BB37602FBB61
:1019300024734EBBA5746DBB682B86BBD48595BB49
:1019400090C2A4BB94DAB3BBD4C6C2BB4880D1BB9F
:10195000EEFFDFBBCB3EEEBBF135FCBB40EF04BC82
:10196000D4980BBC5A1412BC825E18BC09741EBCFD
:10197000BC5124BC7AF429BC34592FBCED7C34BC56
:10198000C25C39BCE2F53DBC974542BC464946BC09
:101990006DFE49BCA7624DBCB07350BC5F2F53BCF9
:1019A000AE9355BCB99E57BCBD4E59BC1EA25ABC85
:1019B00061975BBC362D5CBC70625CBC0C365CBC59
:1019C0002EA75BBC25B55ABC6B5F59BCA2A557BC02
:1019D0009A8755BC4D0553BCE31E50BCAFD44CBCDC
:1019E000332749BC1C1745BC46A540BCB9D23BBCFB
:1019F000AAA036BC7E1031BCC3232BBC37DC24BC70
:101A0000C33B1EBC7C4417BCA3F80FBCA35A08BC44
:101A1000116D00BC5C65F0BBC15CDFBB72C6CDBBA9
:101A2000DBA8BBBBB50AA9BB01F395BB0A6982BBA6
:101A3000B4E85CBB843934BB9ED40ABB2895C1BAD8
:101A4000B0B158BA57B930B96C18023AE6EC983AC6
:101A5000D265F13AA628253B88C4513B31737E3BC1
:101A60008490953B22DDAB3B7B15C23B872FD83B57
:101A70003221EE3B32F0013C7FB10C3C724F173CFF
:101A800001C5213C270D2C3CE522363C4801403C59
:101A900067A3493C6A04533C871F5C3C08F0643CE4
:101AA0004C716D3CCA9E753C11747D3C6776823CDE
:101AB0006502863CF75B893C24818C3C03708F3C3B
:101AC000C026923C9AA3943CE5E4963C0CE9983CF1
:101AD00091AE9A3C0C349C3C2F789D3CC6799E3C40
:101AE000B6379F3C00B19F3CBFE49F3C2CD29F3C4B
:101AF0009D789F3C84D79E3C73EE9D3C1ABD9C3CD8
:101B000046439B3CE580993C0676973CD622953C23
:101B1000A287923CDAA48F3C0B7B8C3CE60A893C82
:101B20003A55853CF95A813C673A7A3C363A713CE1
:101B300004B8673CB5B65D3C6B39533C8843483CC0
:101B4000ABD83C3CB1FC303CB1B3243CFE01183C6A
:101B500022EC0A3CC4EDFA3B6D4EDF3B9C04C33BD8
:101B6000141BA63BF99C883B9E2B553BE622183B59
:101B70006370B43A6824DC398A790FBACEACC7BA3C
:101B8000C24824BB3B1A65BB931793BBB6B5B3BB26
:101B90005159D4BB01F4F4BBA3BB0ABC3EEA1ABC46
:101BA00078FE2ABCEDF03ABC35BA4ABCE3525ABCC6
:101BB00090B369BCD4D478BCAAD783BCDE1D8BBCDF
:101BC000633992BCA12699BC07E29FBC1368A6BCEE
:101BD0004FB5ACBC54C6B2BCCD97B8BC7826BEBC21
:101BE000246FC3BCBA6EC8BC3722CDBCB286D1BC90
:101BF0005C99D5BC8357D9BC91BEDCBC0FCCDFBC93
:101C0000A57DE2BC1FD1E4BC6AC4E6BC9755E8BC24
:101C1000DC82E9BC974AEABC4CABEABCA8A3EABCAC
:101C20008232EABCDA56E9BCDF0FE8BCE85CE6BC0D
:101C30007C3DE4BC4EB1E1BC42B8DEBC6752DBBCCB
:101C4000FF7FD7BC7B41D3BC7A97CEBCCF82C9BCC7
:101C50007C04C4BCB31DBEBCD9CFB7BC821CB1BC14
:101C60007405AABCA48CA2BC3AB49ABC8B7E92BC6C
:101C70001DEE89BCA50581BC0C906FBCA2705CBC3C
:101C800088B348BC915F34BCE87B1FBC0B100ABC16
:101C90009747E8BB937EBBBBE7D58DBB06BE3EBB7B
:101CA000A8AFC0BA2C4F1EB7D190C03A3835423BCE
:101CB0000B80923B0C40C43BC345F63BF83D143CC3
:101CC0007D662D3C7C91463CDBB35F3C5EC2783C3C
:101CD000D8D8883C303B953C7682A13CE1A8AD3C0D
:101CE000A4A8B93CEC7BC53CEA1CD13CCD85DC3CCE
:101CF000CAB0E73C1D98F23C0B36FD3C72C2033D76
:101D000084BF083D738F0D3D802F123DF89C163D1A
:101D100033D51A3D97D51E3D999B223DBC24263DC7
:101D2000976E293DD1762C3D243B2F3D61B9313D45
:101D30006FEF333D48DB353D037B373DCCCC383D41
:101D4000EECE393DCC7F3A3DE5DD3A3DD7E73A3D31
:101D5000609C3A3D59FA393DBF00393DAEAE373D42
:101D60006503363D46FE333DD49E313DBAE42E3DFB
:101D7000C5CF2B3DE75F283D3B95243D0070203DBE
:101D80009DF01B3DA117173DC0E5113DDA5B0C3DF1
:101D9000F57A063D4044003D2672F33CDFB5E53C54
:101DA000FD56D73C2659C83C51C0B83CC790A83C0A
:101DB00022CF973C4C80863C0153693C92A0443C26
:101DC000FDF41E3C1EB9F03B5AC8A13B5465223BB2
:101DD000D6CFEBB79AEB28BBE94CA9BBA951FFBB07
:101DE000C2312BBC713057BCCCC981BCB92498BC62
:101DF000DD9FAEBCE131C5BC33D1DBBC0C74F2BCA1
:101E0000398804BD1FCE0FBD8C061BBD402C26BDDE
:101E1000E53931BD162A3CBD5AF746BD2A9C51BD55
:101E2000F1125CBD0D5666BDD45F70BD8F2A7ABDC0
:101E300042D881BDF87586BD87EB8ABD0C368FBD53
:101E4000A25293BD663E97BD77F69ABDF6779EBDCA
:101E500007C0A1BDD3CBA4BD8998A7BD5B23AABDF4
:101E60008669ACBD4C68AEBDFA1CB0BDE584B1BDA1
:101E70006E9DB2BD0164B3BD16D6B3BD32F1B3BD24
:101E8000EBB2B3BDE118B3BDC820B2BD64C8B0BDEC
:101E9000870DAFBD1AEEACBD1668AABD8979A7BD86
:101EA0009420A4BD6E5BA0BD64289CBDDB8597BD5E
:101EB0004B7292BD48EC8CBD7CF286BDAB8380BD7D
:101EC000653D73BD118564BD7DDC54BD034244BDD9
:101ED00033B432BDD13120BDDFB90CBD2697F0BC83
:101EE000BDCCC5BCDA1399BC8FD854BC1659E7BB1E
:101EF00056516ABAEE76B43BD2F1463CE3BC9B3C09
:101F000015E7D53C3BFA083DC3F0273D26D5473DB4
:101F10002DA5683D332F853D137F963DC340A83DD9
:101F2000B372BA3D3713CD3D8620E03DBE98F33DF8
:101F3000EFBC033EE6E00D3E2A37183E93BE223E3C
:101F4000EF752D3EFB5B383E6C6F433EEAAE4E3E76
:101F500011195A3E71AC653E9267713EEF487D3E65
:101F60007DA7843E0EBC8A3E5AE1903E8B16973E7A
:101F7000C95A9D3E37ADA33EF30CAA3E1A79B03E36
:101F8000C4F0B63E0673BD3EF3FEC33E9A93CA3E0E
:101F90000A30D13E4DD3D73E6E7CDE3E742AE53EFC
:101FA00067DCEB3E4C91F23E2848F93E0000003FD2
:101FB000EC5B033F5AB7063FCD110A3FC66A0D3F9F
:101FC000C9C1103F5916143FFB67173F33B61A3F7C
:101FD00086001E3F7D46213F9E87243F73C3273FD7
:101FE00086F92A3F65292E3F9B52313FBA74343F10
:101FF000538F373FF9A13A3F41AC3D3FC4AD403F1D
:102000001BA6433FE494463FBC79493F45544C3FAF
:1020100025244F3F01E9513F84A2543F5B50573F75
:1020200036F2593FC6875C3FC4105F3FE88C613F82
:10203000EFFB633F995D663FAAB1683FE8F76A3FEF
:102040001E306D3F1A5A6F3FAD75713FAE82733FC0
:10205000F480753F5C70773FC750793F19227B3F12
:1020600039E47C3F12977E3F4A1D803F59E7803F0D
:10207000B1A9813F4F64823F3317833F5DC2833FE5
:10208000CF65843F8F01853FA295853F1022863F13
:10209000E4A6863F2824873FEB99873F3B08883F8B
:1020A000286F883FC5CE883F2527893F5E78893FC6
:1020B00086C2893FB7058A3F09428A3F99778A3F9E
:1020C00081A68A3FE2CE8A3FD8F08A3F860C8B3FBA
:1020D0000D228B3F8E318B3F2F3B8B3F133F8B3F2E
:1020E000613D8B3F40368B3FD7298B3F4E188B3F4E
:1020F000D0018B3F85E68A3F98C68A3F36A28A3F49
:1021000089798A3FBD4C8A3F001C8A3F7FE7893F1F
:1021100067AF893FE673893F2A35893F61F3883F7E
:10212000B8AE883F6067883F841D883F54D1873FA1
:10213000FF82873FB032873F98E0863FE18C863F41
:10214000BB37863F51E1853FCF89853F6231853F6F
:1021500034D8843F717E843F4224843FD0C9833F7A
:10216000456F833FC814833F7FBA823F9360823FAD
:102170002707823F61AE813F6356813F52FF803F18
:102180004DA9803F7654803FEC00803F9B5D7F3FB0
:102190006FBC7E3F8E1E7E3F2C847D3F7EED7C3F5C
:1021A000B45A7C3FFECB7B3F87417B3F7ABB7A3F73
:1021B000FD397A3F37BD793F4845793F51D2783F65
:1021C0006F64783FBCFB773F5198773F423A773F47
:1021D000A4E1763F868E763FF640763F00F9753F64
:1021E000ACB6753F027A753F0443753FB411753F35
:1021F00013E6743F1CC0743FCA9F743F1585743F3B
:10220000F46F743F5A60743F3A56743F8351743F81
:102210002252743F0358743F1163743F3373743F09
:102220005088743F4CA2743F09C1743F6AE4743F04
:102230004E0C753F9338753F1769753FB49D753FD8
:1022400046D6753FA712763FAD52763F3196763F20
:1022500008DD763F0927773F0874773FD9C3773F7A
:102260005016783F3F6B783F7AC2783FD21B793F58
:102270001977793F21D4793FBB327A3FB9927A3FBF
:10228000ECF37A3F27567B3F39B97B3FF71C7C3F05
:1022900031817C3FBAE57C3F664A7D3F08AF7D3F98
:1022A00074137E3F80777E3F00DB7E3FCB3D7F3FD8
:1022B000B89F7F3F4F00803F2C30803F5F5F803F63
:1022C000D68D803F7FBB803F48E8803F2014813F10
:1022D000F83E813FBF68813F6791813FE1B8813F10
:1022E00020DF813F1704823FB827823FFA49823FAF
:1022F000D16A823F338A823F16A8823F72C4823FEE
:102300003FDF823F77F8823F1210833F0B26833FE7
:102310005E3A833F064D833F005E833F4A6D833FB5
:10232000E17A833FC586833FF690833F7499833F6C
:102330003FA0833F5BA5833FCAA8833F8FAA833F0B
:10234000ADAA833F2AA9833F0BA6833F56A1833FB3
:10235000129B833F4593833FF789833F307F833FC1
:10236000FA72833F5E65833F6556833F1B46833F1A
:102370008934833FBB21833FBD0D833F9AF8823F61
:102380005FE2823F19CB823FD5B2823FA099823F64
:10239000887F823F9B64823FE648823F772C823F62
:1023A0005F0F823FAAF1813F67D3813FA6B4813F8F
:1023B0007495813FE275813FFD55813FD435813F62
:1023C0007715813FF4F4803F59D4803FB6B3803F06
:1023D0001893803F8D72803F2452803FEB31803FC5
:1023E000EF11803F7BE47F3FC8A57F3FDD677F3FE4
:1023F000D42A7F3FC6EE7E3FCAB37E3FF7797E3F49
:1024000063417E3F240A7E3F4FD47D3FF89F7D3F4E
:10241000316D7D3F0D3C7D3F9D0C7D3FF2DE7C3F6D
:102420001AB37C3F25897C3F20617C3F173B7C3F72
:1024300016177C3F28F57B3F56D57B3FA9B77B3FDE
:10244000289C7B3FD9827B3FC36B7B3FE9567B3F18
:1024500050447B3FF9337B3FE6257B3F171A7B3F98
:102460008C107B3F44097B3F3B047B3F6F017B3FEC
:10247000DA007B3F78027B3F42067B3F320C7B3F9A
:102480003F147B3F601E7B3F8B2A7B3FB8387B3FEE
:10249000D9487B3FE35A7B3FCA6E7B3F80847B3FBA
:1024A000F79B7B3F20B57B3FEDCF7B3F4DEC7B3FE8
:1024B000300A7C3F85297C3F3B4A7C3F406C7C3F17
:1024C000828F7C3FEEB37C3F72D97C3FFBFF7C3F29
:1024D00074277D3FCB4F7D3FEC787D3FC2A27D3F8F
:1024E0003ACD7D3F3FF87D3FBE237E3FA14F7E3FEB
:1024F000D57B7E3F46A87E3FDFD47E3F8D017F3F68
:102500003B2E7F3FD75A7F3F4D877F3F8AB37F3F28
:102510007ADF7F3F8605803F161B803F6530803F16
:102520006A45803F1D5A803F746E803F6982803FBC
:10253000F395803F0BA9803FA9BB803FC6CD803F6C
:102540005DDF803F65F0803FDA00813FB510813F5D
:10255000F11F813F892E813F773C813FB849813F00
:102560004856813F2162813F416D813FA577813F80
:102570004B81813F2E8A813F4E92813FA999813FB5
:102580003EA0813F0BA6813F0FAB813F4BAF813F08
:10259000BFB2813F6AB5813F4EB7813F6CB8813F82
:1025A000C5B8813F5AB8813F2FB7813F44B5813FBD
:1025B0009DB2813F3DAF813F27AB813F5FA6813F09
:1025C000E7A0813FC59A813FFD93813F938C813F76
:1025D0008B84813FEC7B813FBA72813FFA68813FF7
:1025E000B25E813FE953813FA348813FE83C813F90
:1025F000BD30813F2924813F3217813FDE09813F71
:1026000036FC803F3FEE803F00E0803F80D1803F3E
:10261000C7C2803FDBB3803FC3A4803F8695803F25
:102620002B86803FBA76803F3A67803FB057803F25
:102630002548803F9F38803F2429803FBC19803F38
:102640006D0A803F7CF67F3F69D87F3FAFBA7F3FFE
:10265000599D7F3F74807F3F0B647F3F29487F3FB8
:10266000DA2C7F3F27127F3F1CF87E3FC2DE7E3F81
:1026700023C67E3F47AE7E3F37977E3FFC807E3F3E
:102680009D6B7E3F21577E3F8F437E3FEF307E3FE5
:10269000441F7E3F960E7E3FE8FE7D3F40F07D3F2B
:1026A000A1E27D3F0FD67D3F8CCA7D3F1CC07D3FA0
:1026B000BFB67D3F78AE7D3F48A77D3F2FA17D3FD0
:1026C0002C9C7D3F41987D3F6B957D3FA9937D3F3D
:1026D000F9927D3F5A937D3FC8947D3F3F977D3F60
:1026E000BE9A7D3F3E9F7D3FBCA47D3F34AB7D3F86
:1026F0009FB27D3FF8BA7D3F39C47D3F5DCE7D3FBF
:102700005BD97D3F2EE57D3FCEF17D3F33FF7D3FA1
:10271000560D7E3F2F1C7E3FB52B7E3FE03B7E3F1C
:10272000A74C7E3F015E7E3FE66F7E3F4B827E3F41
:1027300028957E3F73A87E3F23BC7E3F2ED07E3FF0
:102740008AE47E3F2EF97E3F0F0E7F3F25237F3F99
:1027500064387F3FC44D7F3F3B637F3FBF787F3FFF
:10276000468E7F3FC7A37F3F38B97F3F91CE7F3FE3
:10277000C8E37F3FD4F87F3FD606803F2411803FD7
:102780004F1B803F5425803F2E2F803FDA38803FFB
:102790005342803F974B803FA154803F6D5D803F07
:1027A000FA65803F436E803F4676803F007E803FE3
:1027B0006E85803F8D8C803F5C93803FD899803FB1
:1027C000FF9F803FCFA5803F46AB803F64B0803FF6
:1027D00026B5803F8CB9803F94BD803F3DC1803F8E
:1027E00088C4803F73C7803FFEC9803F29CC803FAB
:1027F000F4CD803F5FCF803F6AD0803F17D1803FCC
:1028000065D1803F56D1803FEAD0803F22D0803FC3
:1028100001CF803F86CD803FB5CB803F8DC9803FC3
:1028200013C7803F46C4803F2AC1803FC0BD803F60
:102830000BBA803F0DB6803FC8B1803F40AD803FAE
:1028400077A8803F70A3803F2E9E803FB298803F44
:102850000293803F1F8D803F0D87803FCE80803F59
:10286000677A803FDA73803F2A6D803F5C66803FE5
:10287000725F803F6F58803F5751803F2E4A803FA4
:10288000F642803FB33B803F6834803F192D803F44
:10289000C925803F7A1E803F3217803FF10F803F6D
:1028A000BC08803F9601803F02F57F3F02E77F3FF3
:1028B00030D97F3F93CB7F3F30BE7F3F0CB17F3F0E
:1028C0002DA47F3F97977F3F4E8B7F3F597F7F3F60
:1028D000BB737F3F78687F3F945D7F3F13537F3F9B
:1028E000F9487F3F493F7F3F07367F3F342D7F3F89
:1028F000D4247F3FEA1C7F3F76157F3F7D0E7F3FCC
:10290000FF077F3FFD017F3F7AFC7E3F76F77E3FEA
:10291000F2F27E3FEFEE7E3F6DEB7E3F6CE87E3F56
:10292000ECE57E3FEDE37E3F6EE27E3F6FE17E3F72
:10293000EEE07E3FEBE07E3F64E17E3F57E27E3F8C
:10294000C3E37E3FA6E57E3FFEE77E3FC8EA7E3FCB
:1029500002EE7E3FA9F17E3FBBF57E3F33FA7E3F1C
:1029600010FF7E3F4F047F3FEA097F3FE00F7F3F2C
:102970002C167F3FCB1C7F3FB9237F3FF22A7F3F3E
:1029800071327F3F333A7F3F34427F3F6F4A7F3F10
:10299000E1527F3F835B7F3F54647F3F4D6D7F3FBC
:1029A0006A767F3FA77F7F3F00897F3F70927F3F9E
:1029B000F39B7F3F84A57F3F1FAF7F3FBFB87F3F23
:1029C00060C27F3FFECB7F3F95D57F3F20DF7F3FBB
:1029D0009CE87F3F04F27F3F54FB7F3F4402803FEF
:1029E000CF06803F490B803FAF0F803F0014803FF0
:1029F0003A18803F5D1C803F6520803F5224803F15
:102A00002328803FD52B803F692F803FDB32803FDA
:102A10002C36803F5A39803F643C803F4A3F803F9C
:102A20000A42803FA344803F1647803F6149803F70
:102A3000844B803F7E4D803F4F4F803FF650803F1C
:102A40007452803FC853803FF354803FF355803F1A
:102A5000C956803F7657803FF957803F5358803F93
:102A60008558803F8D58803F6E58803F2758803F63
:102A7000BA57803F2657803F6C56803F8E55803F27
:102A80008C54803F6853803F2152803FB950803F33
:102A9000314F803F8A4D803FC54B803FE449803FA6
:102AA000E747803FD045803F9F43803F5841803F6C
:102AB000F93E803F863C803FFF39803F6637803F4C
:102AC000BB34803F0132803F392F803F652C803FEF
:102AD0008529803F9B26803FA823803FAF20803FF1
:102AE000B01D803FAD1A803FA717803F9F14803FE5
:102AF0009811803F910E803F8D0B803F8E08803F64
:102B00009305803F9F02803F65FF7F3F9FF97F3F96
:102B1000ECF37F3F50EE7F3FCCE87F3F63E37F3FA6
:102B200017DE7F3FEAD87F3FDED37F3FF4CE7F3F83
:102B30002ECA7F3F8FC57F3F17C17F3FC8BC7F3FF5
:102B4000A3B87F3FAAB47F3FDEB07F3F40AD7F3F59
:102B5000D1A97F3F92A67F3F83A37F3FA6A07F3F5F
:102B6000FB9D7F3F829B7F3F3C997F3F2A977F3F22
:102B70004B957F3FA0937F3F28927F3FE4907F3F1C
:102B8000D48F7F3FF78E7F3F4D8E7F3FD58D7F3F28
:102B9000908D7F3F7C8D7F3F998D7F3FE68D7F3F7E
:102BA000628E7F3F0D8F7F3FE58F7F3FEA907F3FB3
:102BB0001B927F3F75937F3FF9947F3FA5967F3FA0
:102BC00077987F3F6E9A7F3F899C7F3FC69E7F3F6D
:102BD00024A17F3FA2A37F3F3DA67F3FF4A87F3F74
:102BE000C6AB7F3FB1AE7F3FB3B17F3FCAB47F3F3B
:102BF000F5B77F3F32BB7F3F80BE7F3FDDC17F3F68
:102C000046C57F3FBBC87F3F39CC7F3FBECF7F3FAC
:102C10004AD37F3FDBD67F3F6EDA7F3F02DE7F3FC6
:102C200096E17F3F28E57F3FB6E87F3F3EEC7F3F60
:102C3000C0EF7F3F3AF37F3FAAF67F3F0FFA7F3F17
:102C400067FD7F3F5900803FF701803F8C03803F45
:102C50001905803F9D06803F1708803F8609803F09
:102C6000EB0A803F440C803F920D803FD30E803FA3
:102C70000810803F3011803F4B12803F5813803F37
:102C80005814803F4915803F2D16803F0117803F23
:102C9000C817803F8018803F2919803FC319803FA3
:102CA0004E1A803FCB1A803F381B803F971B803FD6
:102CB000E71B803F281C803F5B1C803F801C803FBF
:102CC000961C803F9E1C803F991C803F861C803F45
:102CD000651C803F381C803FFE1B803FB71B803F38
:102CE000641B803F061B803F9C1A803F271A803F51
:102CF000A719803F1D19803F8A18803FED17803F3C
:102D00004717803F9816803FE215803F2415803F8B
:102D10005F14803F9313803FC112803FE911803FD1
:102D20000C11803F2B10803F450F803F5B0E803F92
:102D30006E0D803F7E0C803F8C0B803F980A803F59
:102D4000A309803FAD08803FB607803FC006803FA3
:102D5000CA05803FD404803FE003803FEE02803FFD
:102D6000FE01803F1001803F2500803F7BFE7F3FBA
:102D7000B3FC7F3FF3FA7F3F3BF97F3F8DF77F3F07
:102D8000E8F57F3F4EF47F3FBFF27F3F3BF17F3F4F
:102D9000C3EF7F3F57EE7F3FF9EC7F3FA7EB7F3FCD
:102DA00063EA7F3F2DE97F3F05E87F3FEBE67F3F0A
:102DB000E0E57F3FE4E47F3FF7E37F3F1AE37F3FB7
:102DC0004BE27F3F8CE17F3FDDE07F3F3CE07F3F98
:102DD000ACDF7F3F2ADF7F3FB8DE7F3F55DE7F3F9E
:102DE00001DE7F3FBDDD7F3F87DD7F3F5FDD7F3FD2
:102DF00046DD7F3F3BDD7F3F3EDD7F3F4FDD7F3F59
:102E00006CDD7F3F97DD7F3FCEDD7F3F12DE7F3F72
:102E100061DE7F3FBCDE7F3F22DF7F3F93DF7F3F6E
:102E20000DE07F3F92E07F3F20E17F3FB7E17F3FB2
:102E300056E27F3FFDE27F3FACE37F3F61E47F3FAF
:102E40001DE57F3FE0E57F3FA7E67F3F74E77F3FDB
:102E500045E87F3F1AE97F3FF3E97F3FCFEA7F3FB5
:102E6000AEEB7F3F8FEC7F3F71ED7F3F55EE7F3FB5
:102E700039EF7F3F1EF07F3F03F17F3FE7F17F3F58
:102E8000CAF27F3FACF37F3F8CF47F3F6AF57F3F10
:102E900046F67F3F1FF77F3FF4F77F3FC6F87F3F3F
:102EA00095F97F3F5FFA7F3F25FB7F3FE6FB7F3F42
:102EB000A2FC7F3F59FD7F3F0BFE7F3FB8FE7F3F67
:102EC0005EFF7F3FFFFF7F3F4D00803F9700803FC9
:102ED000DE00803F2101803F6201803F9F01803FF3
:102EE000D901803F0F02803F4202803F7202803F43
:102EF0009E02803FC702803FED02803F0F03803F6C
:102F00002E03803F4903803F6103803F7603803F6B
:102F10008803803F9703803FA203803FAB03803F3D
:102F2000B003803FB303803FB303803FB003803FD3
:102F3000AB03803FA303803F9903803F8C03803F16
:102F40007D03803F6C03803F5803803F4303803FF5
:102F50002C03803F1303803FF802803FDC02803F58
:102F6000BF02803FA002803F8002803F5E02803F20
:102F70003C02803F1902803FF501803FD001803F35
:102F8000AA01803F8401803F5E01803F3701803F7E
:102F90001001803FE900803FC200803F9B00803FDE
:102FA0007400803F4D00803F2600803F0000803F3E
:102FB000000000000000000041830000000000004D
:102FC00000000000FD6E0000000000000000000096
:102FD00041790000D98C0000D58C0000D18C000014
:102FE000CD8C0000C98C0000C58C0000C18C000095
:102FF00000000000000000000D6B00000500000054
:1030000003000000040000000200000005000000B2
:103010000400000006020910031B0000D972000022
:10302000DD720000E5720000ED720000A2000000F9
:10303000F9A2000083F9A2006E83F9A24E6E83F913
:10304000444E6E8315444E6E2915444EFC2915449A
:1030500027FC29155727FC29D15727FCF5D15727DD
:1030600034F5D157DD34F5D1C0DD34F5DBC0DD34C6
:1030700062DBC0DD9562DBC0999562DB3C999562AD
:10308000433C999590433C994190433C3863ED3ED5
:10309000DA0F493F5E987B3FDA0FC93F6937AC31A1
:1030A00068212233B40F14336821A2330000004298
:1030B000C8801F40B8821F40080000000000004286
:1030C000C4801F40B4821F400400000000C00042C2
:1030D00024801F4014821F401000000000C00042E6
:1030E00028801F4018821F402000000000C00042BE
:1030F0002C801F401C821F404000000000C0004286
:1031000034801F4024821F40000100000040004224
:1031100064811F4054831F400004000000400042AF
:1031200080811F4070831F40000002000040004269
:103130007C811F406C831F40000001000040004262
:1031400068811F4058831F40000800000040004273
:103150003C811F402C831F400100000000400042C2
:1031600044811F4034831F4004000000004000429F
:1031700040811F4030831F40020000000040004299
:1031800048811F4038831F400800000000000042B3
:1031900004811F40F4821F40000004000000004230
:1031A00008811F40F8821F40000008000000004214
:1031B00018811F4008831F4000008000000000426B
:1031C00014811F4004831F400000400000000042A3
:1031D00000811F40F0821F400000020000000042FA
:1031E000FC801F40EC821F400000010000000042F4
:1031F00024811F4014831F4000000004000000428F
:1032000028811F4018831F40000000080000004272
:103210001C811F400C831F40000000010000004281
:1032200020811F4010831F40000000020000004268
:10323000EC801F40DC821F400010000000000042B4
:10324000F0801F40E0821F4000200000000000428C
:1032500034811F4024831F400000004000000042D2
:1032600038811F4028831F400000008000800042FA
:1032700094801F4084821F400000040000C0004270
:1032800090801F4080821F4000000080008000422C
:10329000A8801F4098821F400000800000800042EC
:1032A000A4801F4094821F40000040000040004264
:1032B0006C811F405C831F400010000000C0004272
:1032C00030801F4020821F408000000000400042EC
:1032D000B0811F40A0831F4000000020004000423A
:1032E000AC811F409C831F40000000100040004242
:1032F00084811F4074831F4000000400004000428E
:1033000088811F4078831F400000080000000042B1
:103310002C811F401C831F40000000100000004251
:1033200030811F4020831F40000000200000004229
:103330000C811F40FC821F40000010000000004272
:1033400010811F4000831F400000200000800042C9
:10335000C8811F40B8831F400080000000800042E9
:10336000C4811F40B4831F40004000000080004221
:10337000C0811F40B0831F40002000000080004239
:10338000BC811F40AC831F40001000000080004241
:10339000D0811F40C0831F40000002000080004217
:1033A000CC811F40BC831F400000010000C00042D0
:1033B00074801F4064821F400000000100C0004272
:1033C00080801F4070821F400000000800C0004243
:1033D00084801F4074821F400000001000C0004223
:1033E0006C801F405C821F400000400000C0004213
:1033F0007C801F406C821F400000000400C000421F
:1034000078801F4068821F400000000200C0004218
:1034100088801F4078821F400000002004000000C8
:103420000700000009000000626172200000000037
:103430002F342020766F696365732000202063702D
:10344000752000002520207065616B2000000000C1
:103450002520206D656D2000000FC93F000F4940F9
:1034600000CB9640000FC9400053FB4000CB1641F3
:1034700000ED2F41000F49410031624100537B4173
:10348000003A8A4100CB9641005CA34100EDAF4178
:10349000007EBC41000FC94100A0D5410031E2418E
:1034A00000C2EE410053FB4100F20342003A0A42DF
:1034B0000083104200CB164200141D42005C2342E0
:1034C00000A5294200ED2F4200363642007E3C42E4
:1034D00000C74242000F494207080C0B06050F00C7
:1034E0000D0E0102838407080C0B06050F000D0E5C
:1034F00001028384FFFFFFFFFFFFFFFFFFFF8182C9
:10350000090A0000776F726B73746174696F6E3AA9
:10351000206D61726B6F76207461626C65206675D8
:103520006C6C2C206D656C6F6479206973207472EB
:10353000756E63617465640030375F576F726B73CB
:10354000746174696F6E202D3E2049325320616D85
:10355000702C2073756D6D656420746F206D6F6EB7
:103560006F00000073616D706C652072617465207E
:1035700000000000736565642000000020202070BA
:103580007574207468697320696E206B50696E6E63
:1035900065645365656420746F2068656172206995
:1035A0007420616761696E00A2000000F9000000EC
:1035B000830000006E0000004E0000004400000088
:1035C0001500000029000000FC000000270000009A
:1035D00057000000D1000000F5000000340000009A
:1035E000DD000000C0000000DB0000006200000001
:1035F00095000000990000003C000000430000001E
:103600009000000041000000FE000000510000009A
:1036100063000000AB000000DE000000BB00000003
:10362000C500000061000000B70000002400000099
:103630006E0000003A000000420000004D00000053
:10364000D2000000E0000000060000004900000079
:103650002E000000EA00000009000000D100000078
:10366000920000001C000000FE0000001D00000091
:10367000EB0000001C000000B10000002900000069
:10368000A70000003E000000E800000082000000EB
:1036900035000000F50000002E000000BB00000017
:1036A0004400000084000000E90000009C000000CD
:1036B0007000000026000000B40000005F00000061
:1036C0007E00000041000000390000009100000071
:1036D000D600000039000000830000005300000005
:1036E00039000000F40000009C000000840000008D
:1036F0005F0000008B000000BD000000F90000002A
:10370000280000003B0000001F000000F80000003F
:1037100097000000FF000000DE0000000500000030
:10372000980000000F000000EF0000002F000000D4
:10373000110000008B0000005A0000000A00000089
:103740006D0000001F0000006D000000360000004A
:103750007E000000CF00000027000000CB0000002A
:1037600009000000B70000004F0000004600000004
:103770003F000000660000009E0000005F000000A7
:10378000EA0000002D000000750000002700000086
:10379000BA000000C7000000EB000000E5000000D8
:1037A000F10000007B0000003D0000000700000069
:1037B00039000000F70000008A00000052000000FD
:1037C00092000000EA0000006B000000FB00000017
:1037D0005F000000B10000001F0000008D0000002D
:1037E0005D0000000800000056000000030000001B
:1037F0003000000046000000FC0000007B000000DC
:103800006B000000AB000000F0000000CF000000E3
:10381000BC000000200000009A000000F40000003E
:10382000360000001D000000A9000000E3000000B9
:1038300091000000610000005E000000E600000052
:103840001B00000008000000650000009900000057
:10385000850000005F00000014000000A0000000D0
:1038600068000000400000008D000000FF00000024
:10387000D8000000800000004D0000007300000030
:1038800027000000310000000600000006000000D4
:103890001500000056000000CA0000007300000080
:1038A000A8000000C900000060000000E200000065
:1038B0007B000000C00000008C0000006B000000D6
:1038C0000001000034590020120000000006000032
:1038D000AC2000600A00000000020000142000601C
:1038E00095000000000700007C1F006095000000AC
:1038F00000030000781F00600000000001030904BD
:10390000601F00600000000002030904481F0060FF
:1039100000000000030309045459002000000000C7
:103920000000000000000000000000000000000097
:10393000F0D5032058D60320C0D603200000000095
:103940000000000000000000000000000000000077
:103950000000000000000000000000000000000067
:103960000000000000000000000000000000000057
:103970000000000000000000000000000000000047
:103980000000000000000000000000000000000037
:103990000000000000000000000000000000000027
:1039A0000000000000000000000000000000000017
:1039B0000000000000000000000000000000000007
:1039C0000000000001000000000000000E33CDAB3D
:1039D00034126DE6ECDE05000B0000000000000074
:1039E00000000000000000000000000000000000D7
:1039F00000000000000000000000000000000000C7
:103A000000000000000000000000000000000000B6
:103A100000000000000000000000000000000000A6
:103A20000000000000000000000000000000000096
:103A30000000000000000000000000000000000086
:103A40000000000000000000000000000029DE0768
:103A5000007B9A177C4A002000000000E803000069
:103A600000000000FFFFFFFFB4D50320005F20200F
:103A700000000000000000000000000020550020B1
:103A800020550020285500202855002030550020C2
:103A90003055002038550020385500204055002072
:103AA0004055002048550020485500205055002022
:103AB00050550020585500205855002060550020D2
:103AC0006055002068550020685500207055002082
:103AD0007055002078550020785500208055002032
:103AE00080550020885500208855002090550020E2
:103AF000905500209855002098550020A055002092
:103B0000A0550020A8550020A8550020B055002041
:103B1000B0550020B8550020B8550020C0550020F1
:103B2000C0550020C8550020C8550020D0550020A1
:103B3000D0550020D8550020D8550020E055002051
:103B4000E0550020E8550020E8550020F055002001
:103B5000F0550020F8550020F855002000560020B0
:103B6000005600200856002008560020105600205D
:103B7000105600201856002018560020205600200D
:103B800020560020285600202856002030560020BD
:103B9000305600203856002038560020405600206D
:103BA000405600204856002048560020505600201D
:103BB00050560020585600205856002060560020CD
:103BC000605600206856002068560020705600207D
:103BD000705600207856002078560020805600202D
:103BE00080560020885600208856002090560020DD
:103BF000905600209856002098560020A05600208D
:103C0000A0560020A8560020A8560020B05600203C
:103C1000B0560020B8560020B8560020C0560020EC
:103C2000C0560020C8560020C8560020D05600209C
:103C3000D0560020D8560020D8560020E05600204C
:103C4000E0560020E8560020E8560020F0560020FC
:103C5000F0560020F8560020F856002000570020AB
:103C60000057002008570020085700201057002058
:103C70001057002018570020185700202057002008
:103C800020570020285700202857002030570020B8
:103C90003057002038570020385700204057002068
:103CA0004057002048570020485700205057002018
:103CB00050570020585700205857002060570020C8
:103CC0006057002068570020685700207057002078
:103CD0007057002078570020785700208057002028
:103CE00080570020885700208857002090570020D8
:103CF000905700209857002098570020A057002088
:103D0000A0570020A8570020A8570020B057002037
:103D1000B0570020B8570020B8570020C0570020E7
:103D2000C0570020C8570020C8570020D057002097
:103D3000D0570020D8570020D8570020E057002047
:103D4000E0570020E8570020E8570020F0570020F7
:103D5000F0570020F8570020F857002000580020A6
:103D60000058002008580020085800201058002053
:103D70001058002018580020185800202058002003
:103D800020580020285800202858002030580020B3
:103D90003058002038580020385800204058002063
:103DA0004058002048580020485800205058002013
:103DB00050580020585800205858002060580020C3
:103DC0006058002068580020685800207058002073
:103DD0007058002078580020785800208058002023
:103DE00080580020885800208858002090580020D3
:103DF000905800209858002098580020A058002083
:103E0000A0580020A8580020A8580020B058002032
:103E1000B0580020B8580020B8580020C0580020E2
:103E2000C0580020C8580020C8580020D058002092
:103E3000D0580020D8580020D8580020E058002042
:103E4000E0580020E8580020E8580020F0580020F2
:103E5000F0580020F8580020F858002000590020A1
:103E6000005900200859002008590020105900204E
:103E7000105900201859002018590020FFFFFFFF9B
:103E800000000200D853002012010002EF0201409E
:103E9000C016890480020102030100000000803F77
:103EA0006042A20D000000400C0300000000000072
:103EB0000000000000000000000000000000000002
:103EC00000000000000000000000000000000000F2
:103ED00000000000000000000000000000000000E2
:103EE00000000000000000000000000000000000D2
:103EF00000000000000000000000000000000000C2
:103F000000000000000000000000000000000000B1
:103F100000000000000000000000000000000000A1
:103F20000000000000000000000000000000000091
:103F30000000000000000000000000000000000081
:103F40000000000000000000000000000000000071
:103F50000000000000000000000000000000000061
:103F60000000000000000000000000000000000051
:103F70000000000000000000000000000000000041
:103F80000000000000000000000000000000000031
:103F90000000000000000000000000000000000021
:103FA0000000000000000000000000000000000011
:103FB0000000000000000000000000000000000001
:103FC00000000000000000000000000000000000F1
:103FD00000000000000000000000000000000000E1
:103FE00000000000000000000000000000000000D1
:103FF00000000000000000000000000000000000C1
:1040000000000000000000000000000000000000B0
:1040100000000000000000000000000000000000A0
:104020000000000000000000000000000000000090
:104030000000000000000000000000000000000080
:104040000000000000000000000000000000000070
:104050000000000000000000000000000000000060
:104060000000000000000000000000000000000050
:104070000000000000000000000000000000000040
:104080000000000000000000000000000000000030
:104090000000000000000000000000000000000020
:1040A0000000000000000000000000000000000010
:1040B0000000000000000000000000000000000000
:1040C00000000000000000000000000000000000F0
:1040D00000000000000000000000000000000000E0
:1040E00000000000000000000000000000000000D0
:1040F00000000000000000000000000000000000C0
:1041000000000000000000000000000000000000AF
:10411000000000000000000000000000000000009F
:10412000000000000000000000000000000000008F
:10413000000000000000000000000000000000007F
:10414000000000000000000000000000000000006F
:10415000000000000000000000000000000000005F
:10416000000000000000000000000000000000004F
:10417000000000000000000000000000000000003F
:10418000000000000000000000000000000000002F
:10419000000000000000000000000000000000001F
:1041A000000000000000000000000000000000000F
:1041B00000000000000000000000000000000000FF
:1041C00000000000000000000000000000000000EF
:1041D00000000000000000000000000000000000DF
:1041E00000000000000000000000000000000000CF
:1041F00000000000000000000000000000000000BF
:1042000000000000000000000000000000000000AE
:10421000000000000000000000000000000000009E
:10422000000000000000000000000000000000008E
:10423000000000000000000000000000000000007E
:10424000000000000000000000000000000000006E
:10425000000000000000000000000000000000005E
:10426000000000000000000000000000000000004E
:10427000000000000000000000000000000000003E
:10428000000000000000000000000000000000002E
:10429000000000000000000000000000000000001E
:1042A000000000000000000000000000000000000E
:1042B00000000000000000000000000000000000FE
:1042C00000000000000000000000000000000000EE
:1042D00000000000000000000000000000000000DE
:1042E00000000000000000000000000000000000CE
:1042F00000000000000000000000000000000000BE
:1043000000000000000000000000000000000000AD
:10431000000000000000000000000000000000009D
:10432000000000000000000000000000000000008D
:10433000000000000000000000000000000000007D
:10434000000000000000000000000000000000006D
:10435000000000000000000000000000000000005D
:10436000000000000000000000000000000000004D
:10437000000000000000000000000000000000003D
:10438000000000000000000000000000000000002D
:10439000000000000000000000000000000000001D
:1043A000000000000000000000000000000000000D
:1043B00000000000000000000000000000000000FD
:1043C00000000000000000000000000000000000ED
:1043D00000000000000000000000000000000000DD
:1043E00000000000000000000000000000000000CD
:1043F00000000000000000000000000000000000BD
:1044000000000000000000000000000000000000AC
:0444100000000000A8
:10441400FFFFFFFFFFFFFFFFFFFFFFFFFFFFFFFFA8
:10442400FFFFFFFFFFFFFFFFFFFFFFFFFFFFFFFF98
:10443400FFFFFFFFFFFFFFFFFFFFFFFFFFFFFFFF88
:10444400FFFFFFFFFFFFFFFFFFFFFFFFFFFFFFFF78
:10445400FFFFFFFFFFFFFFFFFFFFFFFFFFFFFFFF68
:10446400FFFFFFFFFFFFFFFFFFFFFFFFFFFFFFFF58
:10447400FFFFFFFFFFFFFFFFFFFFFFFFFFFFFFFF48
:10448400FFFFFFFFFFFFFFFFFFFFFFFFFFFFFFFF38
:10449400FFFFFFFFFFFFFFFFFFFFFFFFFFFFFFFF28
:1044A400FFFFFFFFFFFFFFFFFFFFFFFFFFFFFFFF18
:1044B400FFFFFFFFFFFFFFFFFFFFFFFFFFFFFFFF08
:1044C400FFFFFFFFFFFFFFFFFFFFFFFFFFFFFFFFF8
:1044D400FFFFFFFFFFFFFFFFFFFFFFFFFFFFFFFFE8
:1044E400FFFFFFFFFFFFFFFFFFFFFFFFFFFFFFFFD8
:1044F400FFFFFFFFFFFFFFFFFFFFFFFFFFFFFFFFC8
:10450400FFFFFFFFFFFFFFFFFFFFFFFFFFFFFFFFB7
:10451400FFFFFFFFFFFFFFFFFFFFFFFFFFFFFFFFA7
:10452400FFFFFFFFFFFFFFFFFFFFFFFFFFFFFFFF97
:10453400FFFFFFFFFFFFFFFFFFFFFFFFFFFFFFFF87
:10454400FFFFFFFFFFFFFFFFFFFFFFFFFFFFFFFF77
:10455400FFFFFFFFFFFFFFFFFFFFFFFFFFFFFFFF67
:10456400FFFFFFFFFFFFFFFFFFFFFFFFFFFFFFFF57
:10457400FFFFFFFFFFFFFFFFFFFFFFFFFFFFFFFF47
:10458400FFFFFFFFFFFFFFFFFFFFFFFFFFFFFFFF37
:10459400FFFFFFFFFFFFFFFFFFFFFFFFFFFFFFFF27
:1045A400FFFFFFFFFFFFFFFFFFFFFFFFFFFFFFFF17
:1045B400FFFFFFFFFFFFFFFFFFFFFFFFFFFFFFFF07
:1045C400FFFFFFFFFFFFFFFFFFFFFFFFFFFFFFFFF7
:1045D400FFFFFFFFFFFFFFFFFFFFFFFFFFFFFFFFE7
:1045E400FFFFFFFFFFFFFFFFFFFFFFFFFFFFFFFFD7
:1045F400FFFFFFFFFFFFFFFFFFFFFFFFFFFFFFFFC7
:10460400FFFFFFFFFFFFFFFFFFFFFFFFFFFFFFFFB6
:10461400FFFFFFFFFFFFFFFFFFFFFFFFFFFFFFFFA6
:10462400FFFFFFFFFFFFFFFFFFFFFFFFFFFFFFFF96
:10463400FFFFFFFFFFFFFFFFFFFFFFFFFFFFFFFF86
:10464400FFFFFFFFFFFFFFFFFFFFFFFFFFFFFFFF76
:10465400FFFFFFFFFFFFFFFFFFFFFFFFFFFFFFFF66
:10466400FFFFFFFFFFFFFFFFFFFFFFFFFFFFFFFF56
:10467400FFFFFFFFFFFFFFFFFFFFFFFFFFFFFFFF46
:10468400FFFFFFFFFFFFFFFFFFFFFFFFFFFFFFFF36
:10469400FFFFFFFFFFFFFFFFFFFFFFFFFFFFFFFF26
:1046A400FFFFFFFFFFFFFFFFFFFFFFFFFFFFFFFF16
:1046B400FFFFFFFFFFFFFFFFFFFFFFFFFFFFFFFF06
:1046C400FFFFFFFFFFFFFFFFFFFFFFFFFFFFFFFFF6
:1046D400FFFFFFFFFFFFFFFFFFFFFFFFFFFFFFFFE6
:1046E400FFFFFFFFFFFFFFFFFFFFFFFFFFFFFFFFD6
:1046F400FFFFFFFFFFFFFFFFFFFFFFFFFFFFFFFFC6
:10470400FFFFFFFFFFFFFFFFFFFFFFFFFFFFFFFFB5
:10471400FFFFFFFFFFFFFFFFFFFFFFFFFFFFFFFFA5
:10472400FFFFFFFFFFFFFFFFFFFFFFFFFFFFFFFF95
:10473400FFFFFFFFFFFFFFFFFFFFFFFFFFFFFFFF85
:10474400FFFFFFFFFFFFFFFFFFFFFFFFFFFFFFFF75
:10475400FFFFFFFFFFFFFFFFFFFFFFFFFFFFFFFF65
:10476400FFFFFFFFFFFFFFFFFFFFFFFFFFFFFFFF55
:10477400FFFFFFFFFFFFFFFFFFFFFFFFFFFFFFFF45
:10478400FFFFFFFFFFFFFFFFFFFFFFFFFFFFFFFF35
:10479400FFFFFFFFFFFFFFFFFFFFFFFFFFFFFFFF25
:1047A400FFFFFFFFFFFFFFFFFFFFFFFFFFFFFFFF15
:1047B400FFFFFFFFFFFFFFFFFFFFFFFFFFFFFFFF05
:1047C400FFFFFFFFFFFFFFFFFFFFFFFFFFFFFFFFF5
:1047D400FFFFFFFFFFFFFFFFFFFFFFFFFFFFFFFFE5
:1047E400FFFFFFFFFFFFFFFFFFFFFFFFFFFFFFFFD5
:1047F400FFFFFFFFFFFFFFFFFFFFFFFF00000000C1
:1048040000000000000000000000000000000000A4
:104814000000000000000000000000000000000094
:104824000000000000000000000000000000000084
:104834000000000000000000000000000000000074
:104844000000000000000000000000000000000064
:104854000000000000000000000000000000000054
:104864000000000000000000000000000000000044
:104874000000000000000000000000000000000034
:104884000000000000000000000000000000000024
:104894000000000000000000000000000000000014
:1048A4000000000000000000000000000000000004
:1048B40000000000000000000000000000000000F4
:1048C40000000000000000000000000000000000E4
:1048D40000000000000000000000000000000000D4
:1048E40000000000000000000000000000000000C4
:1048F40000000000000000000000000000000000B4
:1049040000000000000000000000000000000000A3
:104914000000000000000000000000000000000093
:104924000000000000000000000000000000000083
:104934000000000000000000000000000000000073
:104944000000000000000000000000000000000063
:104954000000000000000000000000000000000053
:104964000000000000000000000000000000000043
:104974000000000000000000000000000000000033
:104984000000000000000000000000000000000023
:104994000000000000000000000000000000000013
:1049A4000000000000000000000000000000000003
:1049B40000000000000000000000000000000000F3
:1049C40000000000000000000000000000000000E3
:1049D40000000000000000000000000000000000D3
:1049E40000000000000000000000000000000000C3
:1049F40000000000000000000000000000000000B3
:104A040000000000000000000000000000000000A2
:104A14000000000000000000000000000000000092
:104A24000000000000000000000000000000000082
:104A34000000000000000000000000000000000072
:104A44000000000000000000000000000000000062
:104A54000000000000000000000000000000000052
:104A64000000000000000000000000000000000042
:104A74000000000000000000000000000000000032
:104A84000000000000000000000000000000000022
:104A94000000000000000000000000000000000012
:104AA4000000000000000000000000000000000002
:104AB40000000000000000000000000000000000F2
:104AC40000000000000000000000000000000000E2
:104AD40000000000000000000000000000000000D2
:104AE40000000000000000000000000000000000C2
:104AF40000000000000000000000000000000000B2
:104B040000000000000000000000000000000000A1
:104B14000000000000000000000000000000000091
:104B24000000000000000000000000000000000081
:104B34000000000000000000000000000000000071
:104B44000000000000000000000000000000000061
:104B54000000000000000000000000000000000051
:104B64000000000000000000000000000000000041
:104B74000000000000000000000000000000000031
:104B84000000000000000000000000000000000021
:104B94000000000000000000000000000000000011
:104BA4000000000000000000000000000000000001
:104BB40000000000000000000000000000000000F1
:104BC40000000000000000000000000000000000E1
:104BD40000000000000000000000000000000000D1
:104BE40000000000000000000000000000000000C1
:104BF40000000000000000000000000000000000B1
:104C040000000000000000000000000000000000A0
:104C14000000000000000000000000000000000090
:104C24000000000000000000000000000000000080
:104C34000000000000000000000000000000000070
:104C44000000000000000000000000000000000060
:104C54000000000000000000000000000000000050
:104C64000000000000000000000000000000000040
:104C74000000000000000000000000000000000030
:104C84000000000000000000000000000000000020
:104C94000000000000000000000000000000000010
:104CA4000000000000000000000000000000000000
:104CB40000000000000000000000000000000000F0
:104CC40000000000000000000000000000000000E0
:104CD40000000000000000000000000000000000D0
:104CE40000000000000000000000000000000000C0
:104CF40000000000000000000000000000000000B0
:104D0400000000000000000000000000000000009F
:104D1400000000000000000000000000000000008F
:104D2400000000000000000000000000000000007F
:104D3400000000000000000000000000000000006F
:104D4400000000000000000000000000000000005F
:104D5400000000000000000000000000000000004F
:104D6400000000000000000000000000000000003F
:104D7400000000000000000000000000000000002F
:104D8400000000000000000000000000000000001F
:104D9400000000000000000000000000000000000F
:104DA40000000000000000000000000000000000FF
:104DB40000000000000000000000000000000000EF
:104DC40000000000000000000000000000000000DF
:104DD40000000000000000000000000000000000CF
:104DE40000000000000000000000000000000000BF
:104DF40000000000000000000000000000000000AF
:104E0400000000000000000000000000000000009E
:104E1400000000000000000000000000000000008E
:104E2400000000000000000000000000000000007E
:104E3400000000000000000000000000000000006E
:104E4400000000000000000000000000000000005E
:104E5400000000000000000000000000000000004E
:104E6400000000000000000000000000000000003E
:104E7400000000000000000000000000000000002E
:104E8400000000000000000000000000000000001E
:104E9400000000000000000000000000000000000E
:104EA40000000000000000000000000000000000FE
:104EB40000000000000000000000000000000000EE
:104EC40000000000000000000000000000000000DE
:104ED40000000000000000000000000000000000CE
:104EE40000000000000000000000000000000000BE
:104EF40000000000000000000000000000000000AE
:104F0400000000000000000000000000000000009D
:104F1400000000000000000000000000000000008D
:104F2400000000000000000000000000000000007D
:104F3400000000000000000000000000000000006D
:104F4400000000000000000000000000000000005D
:104F5400000000000000000000000000000000004D
:104F6400000000000000000000000000000000003D
:104F7400000000000000000000000000000000002D
:104F8400000000000000000000000000000000001D
:104F9400000000000000000000000000000000000D
:104FA40000000000000000000000000000000000FD
:104FB40000000000000000000000000000000000ED
:104FC40000000000000000000000000000000000DD
:104FD40000000000000000000000000000000000CD
:104FE40000000000000000000000000000000000BD
:104FF40000000000000000000000000000000000AD
:10500400000000000000000000000000000000009C
:10501400000000000000000000000000000000008C
:10502400000000000000000000000000000000007C
:10503400000000000000000000000000000000006C
:10504400000000000000000000000000000000005C
:10505400000000000000000000000000000000004C
:10506400000000000000000000000000000000003C
:10507400000000000000000000000000000000002C
:10508400000000000000000000000000000000001C
:10509400000000000000000000000000000000000C
:1050A40000000000000000000000000000000000FC
:1050B40000000000000000000000000000000000EC
:1050C40000000000000000000000000000000000DC
:1050D40000000000000000000000000000000000CC
:1050E40000000000000000000000000000000000BC
:1050F40000000000000000000000000000000000AC
:10510400000000000000000000000000000000009B
:10511400000000000000000000000000000000008B
:10512400000000000000000000000000000000007B
:10513400000000000000000000000000000000006B
:10514400000000000000000000000000000000005B
:10515400000000000000000000000000000000004B
:10516400000000000000000000000000000000003B
:10517400000000000000000000000000000000002B
:10518400000000000000000000000000000000001B
:10519400000000000000000000000000000000000B
:1051A40000000000000000000000000000000000FB
:1051B40000000000000000000000000000000000EB
:1051C40000000000000000000000000000000000DB
:1051D40000000000000000000000000000000000CB
:1051E40000000000000000000000000000000000BB
:1051F40000000000000000000000000000000000AB
:10520400000000000000000000000000000000009A
:10521400000000000000000000000000000000008A
:10522400000000000000000000000000000000007A
:10523400000000000000000000000000000000006A
:10524400000000000000000000000000000000005A
:10525400000000000000000000000000000000004A
:10526400000000000000000000000000000000003A
:10527400000000000000000000000000000000002A
:10528400000000000000000000000000000000001A
:10529400000000000000000000000000000000000A
:1052A40000000000000000000000000000000000FA
:1052B40000000000000000000000000000000000EA
:1052C40000000000000000000000000000000000DA
:1052D40000000000000000000000000000000000CA
:1052E40000000000000000000000000000000000BA
:1052F40000000000000000000000000000000000AA
:105304000000000000000000000000000000000099
:105314000000000000000000000000000000000089
:105324000000000000000000000000000000000079
:105334000000000000000000000000000000000069
:105344000000000000000000000000000000000059
:105354000000000000000000000000000000000049
:105364000000000000000000000000000000000039
:105374000000000000000000000000000000000029
:105384000000000000000000000000000000000019
:105394000000000000000000000000000000000009
:1053A40000000000000000000000000000000000F9
:1053B40000000000000000000000000000000000E9
:1053C40000000000000000000000000000000000D9
:1053D40000000000000000000000000000000000C9
:1053E40000000000000000000000000000000000B9
:0C53F400000000000000000000000000AD
:040000056000100087
:00000001FF
