:0200000460009A
:100000004643464200000156000000000103030081
:1000100000000000000000000000000000000000E0
:1000200000000000000000000000000000000000D0
:1000300000000000000000000000000000000000C0
:1000400000000000010408000000000000000000A3
:100050000000200000000000000000000000000080
:100060000000000000000000000000000000000090
:100070000000000000000000000000000000000080
:10008000EB04180A063204260000000000000000FD
:10009000050404240000000000000000000000002F
:1000A0000000000000000000000000000000000050
:1000B0000604000000000000000000000000000036
:1000C0000000000000000000000000000000000030
:1000D00020041808000000000000000000000000DC
:1000E0000000000000000000000000000000000010
:1000F0000000000000000000000000000000000000
:10010000D8041808000000000000000000000000F3
:100110000204180804200000000000000000000095
:1001200000000000000000000000000000000000CF
:10013000600400000000000000000000000000005B
:1001400000000000000000000000000000000000AF
:10015000000000000000000000000000000000009F
:10016000000000000000000000000000000000008F
:10017000000000000000000000000000000000007F
:10018000000000000000000000000000000000006F
:10019000000000000000000000000000000000005F
:1001A000000000000000000000000000000000004F
:1001B000000000000000000000000000000000003F
:1001C000000100000010000001000000000000001D
:1001D000000001000000000000000000000000001E
:1001E000000000000000000000000000000000000F
:1001F00000000000000000000000000000000000FF
:10020000FFFFFFFFFFFFFFFFFFFFFFFFFFFFFFFFFE
:10021000FFFFFFFFFFFFFFFFFFFFFFFFFFFFFFFFEE
:10022000FFFFFFFFFFFFFFFFFFFFFFFFFFFFFFFFDE
:10023000FFFFFFFFFFFFFFFFFFFFFFFFFFFFFFFFCE
:10024000FFFFFFFFFFFFFFFFFFFFFFFFFFFFFFFFBE
:10025000FFFFFFFFFFFFFFFFFFFFFFFFFFFFFFFFAE
:10026000FFFFFFFFFFFFFFFFFFFFFFFFFFFFFFFF9E
:10027000FFFFFFFFFFFFFFFFFFFFFFFFFFFFFFFF8E
:10028000FFFFFFFFFFFFFFFFFFFFFFFFFFFFFFFF7E
:10029000FFFFFFFFFFFFFFFFFFFFFFFFFFFFFFFF6E
:1002A000FFFFFFFFFFFFFFFFFFFFFFFFFFFFFFFF5E
:1002B000FFFFFFFFFFFFFFFFFFFFFFFFFFFFFFFF4E
:1002C000FFFFFFFFFFFFFFFFFFFFFFFFFFFFFFFF3E
:1002D000FFFFFFFFFFFFFFFFFFFFFFFFFFFFFFFF2E
:1002E000FFFFFFFFFFFFFFFFFFFFFFFFFFFFFFFF1E
:1002F000FFFFFFFFFFFFFFFFFFFFFFFFFFFFFFFF0E
:10030000FFFFFFFFFFFFFFFFFFFFFFFFFFFFFFFFFD
:10031000FFFFFFFFFFFFFFFFFFFFFFFFFFFFFFFFED
:10032000FFFFFFFFFFFFFFFFFFFFFFFFFFFFFFFFDD
:10033000FFFFFFFFFFFFFFFFFFFFFFFFFFFFFFFFCD
:10034000FFFFFFFFFFFFFFFFFFFFFFFFFFFFFFFFBD
:10035000FFFFFFFFFFFFFFFFFFFFFFFFFFFFFFFFAD
:10036000FFFFFFFFFFFFFFFFFFFFFFFFFFFFFFFF9D
:10037000FFFFFFFFFFFFFFFFFFFFFFFFFFFFFFFF8D
:10038000FFFFFFFFFFFFFFFFFFFFFFFFFFFFFFFF7D
:10039000FFFFFFFFFFFFFFFFFFFFFFFFFFFFFFFF6D
:1003A000FFFFFFFFFFFFFFFFFFFFFFFFFFFFFFFF5D
:1003B000FFFFFFFFFFFFFFFFFFFFFFFFFFFFFFFF4D
:1003C000FFFFFFFFFFFFFFFFFFFFFFFFFFFFFFFF3D
:1003D000FFFFFFFFFFFFFFFFFFFFFFFFFFFFFFFF2D
:1003E000FFFFFFFFFFFFFFFFFFFFFFFFFFFFFFFF1D
:1003F000FFFFFFFFFFFFFFFFFFFFFFFFFFFFFFFF0D
:10040000FFFFFFFFFFFFFFFFFFFFFFFFFFFFFFFFFC
:10041000FFFFFFFFFFFFFFFFFFFFFFFFFFFFFFFFEC
:10042000FFFFFFFFFFFFFFFFFFFFFFFFFFFFFFFFDC
:10043000FFFFFFFFFFFFFFFFFFFFFFFFFFFFFFFFCC
:10044000FFFFFFFFFFFFFFFFFFFFFFFFFFFFFFFFBC
:10045000FFFFFFFFFFFFFFFFFFFFFFFFFFFFFFFFAC
:10046000FFFFFFFFFFFFFFFFFFFFFFFFFFFFFFFF9C
:10047000FFFFFFFFFFFFFFFFFFFFFFFFFFFFFFFF8C
:10048000FFFFFFFFFFFFFFFFFFFFFFFFFFFFFFFF7C
:10049000FFFFFFFFFFFFFFFFFFFFFFFFFFFFFFFF6C
:1004A000FFFFFFFFFFFFFFFFFFFFFFFFFFFFFFFF5C
:1004B000FFFFFFFFFFFFFFFFFFFFFFFFFFFFFFFF4C
:1004C000FFFFFFFFFFFFFFFFFFFFFFFFFFFFFFFF3C
:1004D000FFFFFFFFFFFFFFFFFFFFFFFFFFFFFFFF2C
:1004E000FFFFFFFFFFFFFFFFFFFFFFFFFFFFFFFF1C
:1004F000FFFFFFFFFFFFFFFFFFFFFFFFFFFFFFFF0C
:10050000FFFFFFFFFFFFFFFFFFFFFFFFFFFFFFFFFB
:10051000FFFFFFFFFFFFFFFFFFFFFFFFFFFFFFFFEB
:10052000FFFFFFFFFFFFFFFFFFFFFFFFFFFFFFFFDB
:10053000FFFFFFFFFFFFFFFFFFFFFFFFFFFFFFFFCB
:10054000FFFFFFFFFFFFFFFFFFFFFFFFFFFFFFFFBB
:10055000FFFFFFFFFFFFFFFFFFFFFFFFFFFFFFFFAB
:10056000FFFFFFFFFFFFFFFFFFFFFFFFFFFFFFFF9B
:10057000FFFFFFFFFFFFFFFFFFFFFFFFFFFFFFFF8B
:10058000FFFFFFFFFFFFFFFFFFFFFFFFFFFFFFFF7B
:10059000FFFFFFFFFFFFFFFFFFFFFFFFFFFFFFFF6B
:1005A000FFFFFFFFFFFFFFFFFFFFFFFFFFFFFFFF5B
:1005B000FFFFFFFFFFFFFFFFFFFFFFFFFFFFFFFF4B
:1005C000FFFFFFFFFFFFFFFFFFFFFFFFFFFFFFFF3B
:1005D000FFFFFFFFFFFFFFFFFFFFFFFFFFFFFFFF2B
:1005E000FFFFFFFFFFFFFFFFFFFFFFFFFFFFFFFF1B
:1005F000FFFFFFFFFFFFFFFFFFFFFFFFFFFFFFFF0B
:10060000FFFFFFFFFFFFFFFFFFFFFFFFFFFFFFFFFA
:10061000FFFFFFFFFFFFFFFFFFFFFFFFFFFFFFFFEA
:10062000FFFFFFFFFFFFFFFFFFFFFFFFFFFFFFFFDA
:10063000FFFFFFFFFFFFFFFFFFFFFFFFFFFFFFFFCA
:10064000FFFFFFFFFFFFFFFFFFFFFFFFFFFFFFFFBA
:10065000FFFFFFFFFFFFFFFFFFFFFFFFFFFFFFFFAA
:10066000FFFFFFFFFFFFFFFFFFFFFFFFFFFFFFFF9A
:10067000FFFFFFFFFFFFFFFFFFFFFFFFFFFFFFFF8A
:10068000FFFFFFFFFFFFFFFFFFFFFFFFFFFFFFFF7A
:10069000FFFFFFFFFFFFFFFFFFFFFFFFFFFFFFFF6A
:1006A000FFFFFFFFFFFFFFFFFFFFFFFFFFFFFFFF5A
:1006B000FFFFFFFFFFFFFFFFFFFFFFFFFFFFFFFF4A
:1006C000FFFFFFFFFFFFFFFFFFFFFFFFFFFFFFFF3A
:1006D000FFFFFFFFFFFFFFFFFFFFFFFFFFFFFFFF2A
:1006E000FFFFFFFFFFFFFFFFFFFFFFFFFFFFFFFF1A
:1006F000FFFFFFFFFFFFFFFFFFFFFFFFFFFFFFFF0A
:10070000FFFFFFFFFFFFFFFFFFFFFFFFFFFFFFFFF9
:10071000FFFFFFFFFFFFFFFFFFFFFFFFFFFFFFFFE9
:10072000FFFFFFFFFFFFFFFFFFFFFFFFFFFFFFFFD9
:10073000FFFFFFFFFFFFFFFFFFFFFFFFFFFFFFFFC9
:10074000FFFFFFFFFFFFFFFFFFFFFFFFFFFFFFFFB9
:10075000FFFFFFFFFFFFFFFFFFFFFFFFFFFFFFFFA9
:10076000FFFFFFFFFFFFFFFFFFFFFFFFFFFFFFFF99
:10077000FFFFFFFFFFFFFFFFFFFFFFFFFFFFFFFF89
:10078000FFFFFFFFFFFFFFFFFFFFFFFFFFFFFFFF79
:10079000FFFFFFFFFFFFFFFFFFFFFFFFFFFFFFFF69
:1007A000FFFFFFFFFFFFFFFFFFFFFFFFFFFFFFFF59
:1007B000FFFFFFFFFFFFFFFFFFFFFFFFFFFFFFFF49
:1007C000FFFFFFFFFFFFFFFFFFFFFFFFFFFFFFFF39
:1007D000FFFFFFFFFFFFFFFFFFFFFFFFFFFFFFFF29
:1007E000FFFFFFFFFFFFFFFFFFFFFFFFFFFFFFFF19
:1007F000FFFFFFFFFFFFFFFFFFFFFFFFFFFFFFFF09
:10080000FFFFFFFFFFFFFFFFFFFFFFFFFFFFFFFFF8
:10081000FFFFFFFFFFFFFFFFFFFFFFFFFFFFFFFFE8
:10082000FFFFFFFFFFFFFFFFFFFFFFFFFFFFFFFFD8
:10083000FFFFFFFFFFFFFFFFFFFFFFFFFFFFFFFFC8
:10084000FFFFFFFFFFFFFFFFFFFFFFFFFFFFFFFFB8
:10085000FFFFFFFFFFFFFFFFFFFFFFFFFFFFFFFFA8
:10086000FFFFFFFFFFFFFFFFFFFFFFFFFFFFFFFF98
:10087000FFFFFFFFFFFFFFFFFFFFFFFFFFFFFFFF88
:10088000FFFFFFFFFFFFFFFFFFFFFFFFFFFFFFFF78
:10089000FFFFFFFFFFFFFFFFFFFFFFFFFFFFFFFF68
:1008A000FFFFFFFFFFFFFFFFFFFFFFFFFFFFFFFF58
:1008B000FFFFFFFFFFFFFFFFFFFFFFFFFFFFFFFF48
:1008C000FFFFFFFFFFFFFFFFFFFFFFFFFFFFFFFF38
:1008D000FFFFFFFFFFFFFFFFFFFFFFFFFFFFFFFF28
:1008E000FFFFFFFFFFFFFFFFFFFFFFFFFFFFFFFF18
:1008F000FFFFFFFFFFFFFFFFFFFFFFFFFFFFFFFF08
:10090000FFFFFFFFFFFFFFFFFFFFFFFFFFFFFFFFF7
:10091000FFFFFFFFFFFFFFFFFFFFFFFFFFFFFFFFE7
:10092000FFFFFFFFFFFFFFFFFFFFFFFFFFFFFFFFD7
:10093000FFFFFFFFFFFFFFFFFFFFFFFFFFFFFFFFC7
:10094000FFFFFFFFFFFFFFFFFFFFFFFFFFFFFFFFB7
:10095000FFFFFFFFFFFFFFFFFFFFFFFFFFFFFFFFA7
:10096000FFFFFFFFFFFFFFFFFFFFFFFFFFFFFFFF97
:10097000FFFFFFFFFFFFFFFFFFFFFFFFFFFFFFFF87
:10098000FFFFFFFFFFFFFFFFFFFFFFFFFFFFFFFF77
:10099000FFFFFFFFFFFFFFFFFFFFFFFFFFFFFFFF67
:1009A000FFFFFFFFFFFFFFFFFFFFFFFFFFFFFFFF57
:1009B000FFFFFFFFFFFFFFFFFFFFFFFFFFFFFFFF47
:1009C000FFFFFFFFFFFFFFFFFFFFFFFFFFFFFFFF37
:1009D000FFFFFFFFFFFFFFFFFFFFFFFFFFFFFFFF27
:1009E000FFFFFFFFFFFFFFFFFFFFFFFFFFFFFFFF17
:1009F000FFFFFFFFFFFFFFFFFFFFFFFFFFFFFFFF07
:100A0000FFFFFFFFFFFFFFFFFFFFFFFFFFFFFFFFF6
:100A1000FFFFFFFFFFFFFFFFFFFFFFFFFFFFFFFFE6
:100A2000FFFFFFFFFFFFFFFFFFFFFFFFFFFFFFFFD6
:100A3000FFFFFFFFFFFFFFFFFFFFFFFFFFFFFFFFC6
:100A4000FFFFFFFFFFFFFFFFFFFFFFFFFFFFFFFFB6
:100A5000FFFFFFFFFFFFFFFFFFFFFFFFFFFFFFFFA6
:100A6000FFFFFFFFFFFFFFFFFFFFFFFFFFFFFFFF96
:100A7000FFFFFFFFFFFFFFFFFFFFFFFFFFFFFFFF86
:100A8000FFFFFFFFFFFFFFFFFFFFFFFFFFFFFFFF76
:100A9000FFFFFFFFFFFFFFFFFFFFFFFFFFFFFFFF66
:100AA000FFFFFFFFFFFFFFFFFFFFFFFFFFFFFFFF56
:100AB000FFFFFFFFFFFFFFFFFFFFFFFFFFFFFFFF46
:100AC000FFFFFFFFFFFFFFFFFFFFFFFFFFFFFFFF36
:100AD000FFFFFFFFFFFFFFFFFFFFFFFFFFFFFFFF26
:100AE000FFFFFFFFFFFFFFFFFFFFFFFFFFFFFFFF16
:100AF000FFFFFFFFFFFFFFFFFFFFFFFFFFFFFFFF06
:100B0000FFFFFFFFFFFFFFFFFFFFFFFFFFFFFFFFF5
:100B1000FFFFFFFFFFFFFFFFFFFFFFFFFFFFFFFFE5
:100B2000FFFFFFFFFFFFFFFFFFFFFFFFFFFFFFFFD5
:100B3000FFFFFFFFFFFFFFFFFFFFFFFFFFFFFFFFC5
:100B4000FFFFFFFFFFFFFFFFFFFFFFFFFFFFFFFFB5
:100B5000FFFFFFFFFFFFFFFFFFFFFFFFFFFFFFFFA5
:100B6000FFFFFFFFFFFFFFFFFFFFFFFFFFFFFFFF95
:100B7000FFFFFFFFFFFFFFFFFFFFFFFFFFFFFFFF85
:100B8000FFFFFFFFFFFFFFFFFFFFFFFFFFFFFFFF75
:100B9000FFFFFFFFFFFFFFFFFFFFFFFFFFFFFFFF65
:100BA000FFFFFFFFFFFFFFFFFFFFFFFFFFFFFFFF55
:100BB000FFFFFFFFFFFFFFFFFFFFFFFFFFFFFFFF45
:100BC000FFFFFFFFFFFFFFFFFFFFFFFFFFFFFFFF35
:100BD000FFFFFFFFFFFFFFFFFFFFFFFFFFFFFFFF25
:100BE000FFFFFFFFFFFFFFFFFFFFFFFFFFFFFFFF15
:100BF000FFFFFFFFFFFFFFFFFFFFFFFFFFFFFFFF05
:100C0000FFFFFFFFFFFFFFFFFFFFFFFFFFFFFFFFF4
:100C1000FFFFFFFFFFFFFFFFFFFFFFFFFFFFFFFFE4
:100C2000FFFFFFFFFFFFFFFFFFFFFFFFFFFFFFFFD4
:100C3000FFFFFFFFFFFFFFFFFFFFFFFFFFFFFFFFC4
:100C4000FFFFFFFFFFFFFFFFFFFFFFFFFFFFFFFFB4
:100C5000FFFFFFFFFFFFFFFFFFFFFFFFFFFFFFFFA4
:100C6000FFFFFFFFFFFFFFFFFFFFFFFFFFFFFFFF94
:100C7000FFFFFFFFFFFFFFFFFFFFFFFFFFFFFFFF84
:100C8000FFFFFFFFFFFFFFFFFFFFFFFFFFFFFFFF74
:100C9000FFFFFFFFFFFFFFFFFFFFFFFFFFFFFFFF64
:100CA000FFFFFFFFFFFFFFFFFFFFFFFFFFFFFFFF54
:100CB000FFFFFFFFFFFFFFFFFFFFFFFFFFFFFFFF44
:100CC000FFFFFFFFFFFFFFFFFFFFFFFFFFFFFFFF34
:100CD000FFFFFFFFFFFFFFFFFFFFFFFFFFFFFFFF24
:100CE000FFFFFFFFFFFFFFFFFFFFFFFFFFFFFFFF14
:100CF000FFFFFFFFFFFFFFFFFFFFFFFFFFFFFFFF04
:100D0000FFFFFFFFFFFFFFFFFFFFFFFFFFFFFFFFF3
:100D1000FFFFFFFFFFFFFFFFFFFFFFFFFFFFFFFFE3
:100D2000FFFFFFFFFFFFFFFFFFFFFFFFFFFFFFFFD3
:100D3000FFFFFFFFFFFFFFFFFFFFFFFFFFFFFFFFC3
:100D4000FFFFFFFFFFFFFFFFFFFFFFFFFFFFFFFFB3
:100D5000FFFFFFFFFFFFFFFFFFFFFFFFFFFFFFFFA3
:100D6000FFFFFFFFFFFFFFFFFFFFFFFFFFFFFFFF93
:100D7000FFFFFFFFFFFFFFFFFFFFFFFFFFFFFFFF83
:100D8000FFFFFFFFFFFFFFFFFFFFFFFFFFFFFFFF73
:100D9000FFFFFFFFFFFFFFFFFFFFFFFFFFFFFFFF63
:100DA000FFFFFFFFFFFFFFFFFFFFFFFFFFFFFFFF53
:100DB000FFFFFFFFFFFFFFFFFFFFFFFFFFFFFFFF43
:100DC000FFFFFFFFFFFFFFFFFFFFFFFFFFFFFFFF33
:100DD000FFFFFFFFFFFFFFFFFFFFFFFFFFFFFFFF23
:100DE000FFFFFFFFFFFFFFFFFFFFFFFFFFFFFFFF13
:100DF000FFFFFFFFFFFFFFFFFFFFFFFFFFFFFFFF03
:100E0000FFFFFFFFFFFFFFFFFFFFFFFFFFFFFFFFF2
:100E1000FFFFFFFFFFFFFFFFFFFFFFFFFFFFFFFFE2
:100E2000FFFFFFFFFFFFFFFFFFFFFFFFFFFFFFFFD2
:100E3000FFFFFFFFFFFFFFFFFFFFFFFFFFFFFFFFC2
:100E4000FFFFFFFFFFFFFFFFFFFFFFFFFFFFFFFFB2
:100E5000FFFFFFFFFFFFFFFFFFFFFFFFFFFFFFFFA2
:100E6000FFFFFFFFFFFFFFFFFFFFFFFFFFFFFFFF92
:100E7000FFFFFFFFFFFFFFFFFFFFFFFFFFFFFFFF82
:100E8000FFFFFFFFFFFFFFFFFFFFFFFFFFFFFFFF72
:100E9000FFFFFFFFFFFFFFFFFFFFFFFFFFFFFFFF62
:100EA000FFFFFFFFFFFFFFFFFFFFFFFFFFFFFFFF52
:100EB000FFFFFFFFFFFFFFFFFFFFFFFFFFFFFFFF42
:100EC000FFFFFFFFFFFFFFFFFFFFFFFFFFFFFFFF32
:100ED000FFFFFFFFFFFFFFFFFFFFFFFFFFFFFFFF22
:100EE000FFFFFFFFFFFFFFFFFFFFFFFFFFFFFFFF12
:100EF000FFFFFFFFFFFFFFFFFFFFFFFFFFFFFFFF02
:100F0000FFFFFFFFFFFFFFFFFFFFFFFFFFFFFFFFF1
:100F1000FFFFFFFFFFFFFFFFFFFFFFFFFFFFFFFFE1
:100F2000FFFFFFFFFFFFFFFFFFFFFFFFFFFFFFFFD1
:100F3000FFFFFFFFFFFFFFFFFFFFFFFFFFFFFFFFC1
:100F4000FFFFFFFFFFFFFFFFFFFFFFFFFFFFFFFFB1
:100F5000FFFFFFFFFFFFFFFFFFFFFFFFFFFFFFFFA1
:100F6000FFFFFFFFFFFFFFFFFFFFFFFFFFFFFFFF91
:100F7000FFFFFFFFFFFFFFFFFFFFFFFFFFFFFFFF81
:100F8000FFFFFFFFFFFFFFFFFFFFFFFFFFFFFFFF71
:100F9000FFFFFFFFFFFFFFFFFFFFFFFFFFFFFFFF61
:100FA000FFFFFFFFFFFFFFFFFFFFFFFFFFFFFFFF51
:100FB000FFFFFFFFFFFFFFFFFFFFFFFFFFFFFFFF41
:100FC000FFFFFFFFFFFFFFFFFFFFFFFFFFFFFFFF31
:100FD000FFFFFFFFFFFFFFFFFFFFFFFFFFFFFFFF21
:100FE000FFFFFFFFFFFFFFFFFFFFFFFFFFFFFFFF11
:100FF000FFFFFFFFFFFFFFFFFFFFFFFFFFFFFFFF01
:10100000D1002043ED15006000000000000000004A
:10101000201000600010006000C0016000000000AF
:101020000000006000CC010000000000FFFFFFFF97
:10103000FFFFFFFFFFFFFFFFFFFFFFFFFFFFFFFFC0
:10104000FFFFFFFFFFFFFFFFFFFFFFFFFFFFFFFFB0
:10105000FFFFFFFFFFFFFFFFFFFFFFFFFFFFFFFFA0
:10106000FFFFFFFFFFFFFFFFFFFFFFFFFFFFFFFF90
:10107000FFFFFFFFFFFFFFFFFFFFFFFFFFFFFFFF80
:10108000FFFFFFFFFFFFFFFFFFFFFFFFFFFFFFFF70
:10109000FFFFFFFFFFFFFFFFFFFFFFFFFFFFFFFF60
:1010A000FFFFFFFFFFFFFFFFFFFFFFFFFFFFFFFF50
:1010B000FFFFFFFFFFFFFFFFFFFFFFFFFFFFFFFF40
:1010C000FFFFFFFFFFFFFFFFFFFFFFFFFFFFFFFF30
:1010D000FFFFFFFFFFFFFFFFFFFFFFFFFFFFFFFF20
:1010E000FFFFFFFFFFFFFFFFFFFFFFFFFFFFFFFF10
:1010F000FFFFFFFFFFFFFFFFFFFFFFFFFFFFFFFF00
:10110000FFFFFFFFFFFFFFFFFFFFFFFFFFFFFFFFEF
:10111000FFFFFFFFFFFFFFFFFFFFFFFFFFFFFFFFDF
:10112000FFFFFFFFFFFFFFFFFFFFFFFFFFFFFFFFCF
:10113000FFFFFFFFFFFFFFFFFFFFFFFFFFFFFFFFBF
:10114000FFFFFFFFFFFFFFFFFFFFFFFFFFFFFFFFAF
:10115000FFFFFFFFFFFFFFFFFFFFFFFFFFFFFFFF9F
:10116000FFFFFFFFFFFFFFFFFFFFFFFFFFFFFFFF8F
:10117000FFFFFFFFFFFFFFFFFFFFFFFFFFFFFFFF7F
:10118000FFFFFFFFFFFFFFFFFFFFFFFFFFFFFFFF6F
:10119000FFFFFFFFFFFFFFFFFFFFFFFFFFFFFFFF5F
:1011A000FFFFFFFFFFFFFFFFFFFFFFFFFFFFFFFF4F
:1011B000FFFFFFFFFFFFFFFFFFFFFFFFFFFFFFFF3F
:1011C000FFFFFFFFFFFFFFFFFFFFFFFFFFFFFFFF2F
:1011D000FFFFFFFFFFFFFFFFFFFFFFFFFFFFFFFF1F
:1011E000FFFFFFFFFFFFFFFFFFFFFFFFFFFFFFFF0F
:1011F000FFFFFFFFFFFFFFFFFFFFFFFFFFFFFFFFFF
:10120000FFFFFFFFFFFFFFFFFFFFFFFFFFFFFFFFEE
:10121000FFFFFFFFFFFFFFFFFFFFFFFFFFFFFFFFDE
:10122000FFFFFFFFFFFFFFFFFFFFFFFFFFFFFFFFCE
:10123000FFFFFFFFFFFFFFFFFFFFFFFFFFFFFFFFBE
:10124000FFFFFFFFFFFFFFFFFFFFFFFFFFFFFFFFAE
:10125000FFFFFFFFFFFFFFFFFFFFFFFFFFFFFFFF9E
:10126000FFFFFFFFFFFFFFFFFFFFFFFFFFFFFFFF8E
:10127000FFFFFFFFFFFFFFFFFFFFFFFFFFFFFFFF7E
:10128000FFFFFFFFFFFFFFFFFFFFFFFFFFFFFFFF6E
:10129000FFFFFFFFFFFFFFFFFFFFFFFFFFFFFFFF5E
:1012A000FFFFFFFFFFFFFFFFFFFFFFFFFFFFFFFF4E
:1012B000FFFFFFFFFFFFFFFFFFFFFFFFFFFFFFFF3E
:1012C000FFFFFFFFFFFFFFFFFFFFFFFFFFFFFFFF2E
:1012D000FFFFFFFFFFFFFFFFFFFFFFFFFFFFFFFF1E
:1012E000FFFFFFFFFFFFFFFFFFFFFFFFFFFFFFFF0E
:1012F000FFFFFFFFFFFFFFFFFFFFFFFFFFFFFFFFFE
:10130000FFFFFFFFFFFFFFFFFFFFFFFFFFFFFFFFED
:10131000FFFFFFFFFFFFFFFFFFFFFFFFFFFFFFFFDD
:10132000FFFFFFFFFFFFFFFFFFFFFFFFFFFFFFFFCD
:10133000FFFFFFFFFFFFFFFFFFFFFFFFFFFFFFFFBD
:10134000FFFFFFFFFFFFFFFFFFFFFFFFFFFFFFFFAD
:10135000FFFFFFFFFFFFFFFFFFFFFFFFFFFFFFFF9D
:10136000FFFFFFFFFFFFFFFFFFFFFFFFFFFFFFFF8D
:10137000FFFFFFFFFFFFFFFFFFFFFFFFFFFFFFFF7D
:10138000FFFFFFFFFFFFFFFFFFFFFFFFFFFFFFFF6D
:10139000FFFFFFFFFFFFFFFFFFFFFFFFFFFFFFFF5D
:1013A000FFFFFFFFFFFFFFFFFFFFFFFFFFFFFFFF4D
:1013B000FFFFFFFFFFFFFFFFFFFFFFFFFFFFFFFF3D
:1013C000FFFFFFFFFFFFFFFFFFFFFFFFFFFFFFFF2D
:1013D000FFFFFFFFFFFFFFFFFFFFFFFFFFFFFFFF1D
:1013E000FFFFFFFFFFFFFFFFFFFFFFFFFFFFFFFF0D
:1013F000FFFFFFFFFFFFFFFFFFFFFFFFFFFFFFFFFD
:10140000824205D051F8043B40F8043B8242F9D8AF
:10141000704700BF044A05494FF0000342F8043BFF
:101420009142FBD8704700BFC0720020C055012018
:1014300080B5BFF34F8F00F093F9534C534B082006
:101440005349C3F85401534AC3F800115248C3F832
:10145000F0405249FFF7D4FF514A52495248FFF732
:10146000CFFF524CFFF7D6FF4FF470004FF0E02152
:1014700000234F4AC1F8880D44F823200133B02BD4
:10148000FAD14C4B80214C4A03F8011B9342FBD10B
:101490004FF0E025494F4A4A4FF0FF31C5F8084D5B
:1014A0000026D5F8243D43F4E023C5F8243DFB692C
:1014B00023F07F0343F04003FB617B6A23F07F034B
:1014C00043F040037B629166D1661167516700F07B
:1014D0004FF93C4B63223C49A3633C4BE36303233A
:1014E0006A613B4AAE612B61C5F8202DD5F8FC2D11
:1014F000384B42F08072C5F8FC2D1A6842F00102A8
:101500001A605B680B6000F0BDF9334800F010FC16
:10151000F96E324B324A41F44051F9661E60C3F80D
:101520000861C3F81861C3F82861C3F83861936B88
:10153000DB0708D442F615632A4951651365936B9E
:1015400043F001039363264A274C936843F0011349
:10155000936000F0FBFA00F00BFC00F0C1F900F022
:1015600001F92368132BFCD900F052FA2368B3F574
:10157000967FFBD300F0FAF800F0F6F800F0F4FBE9
:1015800000F0E2FB30BFFDE70C0D111300800D40B1
:101590001B101820482C010000000000E81F00600C
:1015A000C0720020344C0160000000200070002058
:1015B000B9E3000000E400E0A0E400E000C00F4058
:1015C00000C00A40B5F9000044550120B9F90000F7
:1015D00000002020001000E00046C3230040084027
:1015E00000400D400000C05648550120054B4FF407
:1015F0002A01054A05485A641864054A99639546C4
:10160000FFF716FF00C00A40BFAAAAAA07002000E1
:10161000008006201BB9124B1B6F9B041ED400F0E8
:101620003F000F4B22F0604221F0604140F48910EE
:101630001867C3F88010C3F890201A6F22F4805204
:101640001A671A6F002AFCDAD3F87011054A0A40AB
:10165000C3F870211A6F22F480321A67704700BFF6
:1016600000800D40FF7F7FFFB1F5607FF0B50E4633
:101670008DB028BF4FF460760F46054672B62E4BEC
:1016800000247022186021462C4B2D481C8000F04D
:1016900067FBCFB121462A484FF0010C4A0901F0FF
:1016A0001F03013150F822400CFA03F38E4243EA43
:1016B000040340F82230F1D8284600234380013348
:1016C00000F582709E42F9D81E4C257815B162B69D
:1016D0000DB0F0BD082000F027FB1B4B8022064612
:1016E000009302A90693194B0271056008A80293A2
:1016F00000F032FB06A9164A304600F021FB069B9B
:1017000008A8DB689847009B02A8DB689847237805
:10171000002BDCD10F4B104AC3F858210F49D020C1
:101720004FF0E023402281F84600C3F8082101234E
:10173000237062B60DB0F0BDE04C01206C55012065
:10174000E84C012080550120A45C002079D50000E0
:101750001B1001000070002085D5000000E400E0AF
:10176000704700BF704700BF704700BF00BF7047A1
:1017700010B44FF0E023002110243248C3F8941D28
:10178000C3F89C4D1124C3F8A00D2F48C3F89C4DFD
:101790001224C3F8A00D2D48C3F89C4D2C4AC3F861
:1017A000A00D2C4C42F015022B48C3F89C4DC3F8F9
:1017B000A00D2A4C2A48C3F89C4DC3F8A00D294C13
:1017C000C3F89C2D2848294AC3F8A04DC3F89C0DA6
:1017D000C3F8A02D02F5A022254C0C322548C3F8F1
:1017E0009C4DC3F8A02D244AC3F89C0DC3F8A02D2E
:1017F00002F14062214C02322148C3F89C4DC3F8EB
:10180000A02D0A32C3F89C0DC3F8A02D00BF00BF65
:1018100000BF00BF00BF0122C3F8942DBFF34F8F5C
:10182000BFF36F8FC3F8501FBFF34F8FBFF36F8F9E
:10183000D3F8142D5DF8044B42F44032C3F8142D54
:10184000704700BF3F000010250008070900100086
:10185000C0550120130020002100020714000020C1
:1018600025000813090000101600202027000B1384
:1018700017000040180000602F000B0719000070CF
:101880001A000080F0B4154A40274FF480314FF41D
:1018900080564FF400554FF4404443F24200136920
:1018A00013F0020F0ED113F4005F0FD013F4805F1A
:1018B0000ED0002BF3DA13F4803F0BD15B060BD56F
:1018C000F0BC7047946151619061E8E75561E6E7CB
:1018D0005661E4E79161E2E75761E0E700800D407F
:1018E0003F4A03203F49F3EE095AD2F880304FF0C7
:1018F000000C9FED3D6A23F001039FED3C5A30B48C
:10190000C2F88030C2F89000D1F8E010384DCBB268
:10191000384C39482B6007EE903A0B0DC1F30B2180
:10192000F8EEE77A06EE903A07EE101A334BB8EE6F
:10193000C77A2160F8EEE66A314937EEC66A37EEBB
:10194000C55A76EEC76A77EEE57A26EE266AC3EDCB
:10195000006A25EE265AD2F8803067EEA64AC0ED1E
:10196000007AC6EE275A274885EE276AC4EEA76A92
:1019700075EE875AFCEEE55A36EE076A15EE904A88
:10198000BCEEC66A43EA045376EE877AC2F880302A
:1019900016EE103AD2F89041FCEEE77A01EA0341E4
:1019A000214317EE903AC2F89011C3F30B03D2F81B
:1019B00090110B431449C2F89031D2F8803043F0B3
:1019C0000203C2F88030114B80F840C0C1F84031AA
:1019D0004FF0E023012230BCC3F80821704700BF5C
:1019E00000810D4000441F400000AA420000B442A4
:1019F0003455012030550120385501203C55012037
:101A00000000FF0F00E400E0007000207DE5000012
:101A1000314B40F6617210B5C3F8202140F2044406
:101A200000F096F92D4A2E49D2F880302D4843F027
:101A30000303C2F880302C4BC1F8604102681A429F
:101A400003D1D1F8A8319A071BD0254A4FF00041A5
:101A5000244B5963D2F8403143F00203C2F84031BD
:101A6000D2F840319B07FBD44FF400304FF0E02117
:101A70001C4B4FF00042C1F88C0219209A6300F011
:101A80005BF9184A4FF08040154C002190630A2002
:101A9000164B11604FF42072C4F8A801184600F0EC
:101AA0005FF94FF4800203464FF4810040F2431186
:101AB0001860C4F858311A640D4B0E4AC4F8481126
:101AC000C3F804224FF0E0224FF400310123C2F8A2
:101AD0000C11C4F8403110BD00800D4000C00F4013
:101AE00000002E4000900D40001C1E000000002051
:101AF0000070002065E7000008B50E4B1B6E9B07C9
:101B000000D4FBBE72B60C4B00200C4AC3F8400157
:101B100003F160430A49A3F55F2311649D46BFF3B7
:101B20004F8F4FF400130748074ADB6902609B6838
:101B3000984700BF00441F4000002E4000C00A40EC
:101B40000300200000802020000012EB104BA0209A
:101B5000104AD96E41F4403110B4D96640F237646E
:101B6000D96E41F44071D96654649064936C1B063D
:101B7000FCD4094A40F23761A02351649364936C0A
:101B800013F08003FBD1054A13705DF8044B7047D6
:101B900000C00F4000400C4000800C4085550120E3
:101BA00043690A4A03EB011010B4037A084C02EBB4
:101BB0000313D3E901321460C2681A6003690BB1E0
:101BC00042691A605DF8044B704700BF345D002025
:101BD00061F801004369027E03EB021292F808C02B
:101BE0008C451CD01A7AFF2A19D0914210B50446B0
:101BF00016D01A7EFF2A06D00121D3E900231268ED
:101C00001A4201D1217610BD064B0522204603EB76
:101C10000C135B681A60FFF7C3FF2176F3E7704788
:101C20000021EAE7345D002043690A4A03EB011012
:101C300010B490F82830084C02EB0313D3E90132BA
:101C40001460C26A1A60036B0BB1426B1A605DF8D4
:101C5000044B7047345D002061F801004369427E07
:101C600003EB021292F828C08C451ED093F828206E
:101C7000FF2A1AD0914210B5044617D093F83820A5
:101C8000FF2A06D00121D3E9002312681A4201D1AC
:101C9000617610BD064B0522204603EB0C135B68F2
:101CA0001A60FFF7C1FF6176F3E770470021EAE7AA
:101CB000345D0020164942698B6B23F47C0343F4A6
:101CC000802370B58B630446124DD2E900130A6875
:101CD0001A4303690A60022200211A610E4A19613F
:101CE0009A6401225A629D624FF43035DD624FF0F2
:101CF00001159E6C1E6519629D651A61017EFFF7D4
:101D00004FFF617E2046BDE87040FFF78DBF00BFEA
:101D100000C00F40B80B05053B372819F8B500BFC8
:101D2000F8BC08BC9E4670475FF800F051E3000025
:101D30005FF800F075DE00005FF800F065E100007C
:101D40005FF800F021DB00005FF800F00DE200001A
:101D50005FF800F0A1EE00005FF800F0EDD50000A4
:101D60005FF800F0992601005FF800F07927010084
:101D70005FF800F055FA000045000000C9CB0000F4
:081D800069D4000025DC00001D
:101D880018035400650065006E0073007900200098
:101D98004D004900440049001803540065006500DF
:101DA8006E00730079006400750069006E006F00B2
:101DB8000403090409029500030100C032080B005E
:101DC80002020201000904000001020201000524C8
:101DD800001001052401010104240206052406005F
:101DE800010705820310001009040100020A00001F
:101DF80000070503024000000705830240000009B0
:101E08000402000201030000072401000125000666
:101E1800240201010006240202020009240301032E
:101E2800010201000924030204010101000905045B
:101E38000240000000000525010101090584024057
:101E480000000000052501010300000009029500BB
:101E5800030100C032080B0002020201000904005D
:101E680000010202010005240010010524010101FE
:101E78000424020605240600010705820310000554
:101E880009040100020A000000070503020002001D
:101E98000705830200020009040200020103000092
:101EA800072401000125000624020101000624027E
:101EB80002020009240301030102010009240302AC
:101EC80004010101000905040200020000000525C3
:101ED8000101010905840200020000000525010135
:101EE800030000000A060002EF02014001000000A2
:101EF80080C00F400000000319000000100000001F
:101F0800E8841F4001000000FF000000FF000000FF
:101F18000000000000000000180000001000000091
:101F2800E4841F4001000000FF000000FF000000E3
:101F380000000000000000001F00000095000100E4
:101F480070C00F40000C00001100000011000000DC
:101F5800E0841F400200000024000000120000007E
:101F6800E0841F4001000000100000001100000084
:101F7800DC841F4002000000250000001200000061
:101F8800DC841F40010000001E00000089000100E1
:101F980070C00F40C00000001200000013000000D5
:101FA800D0841F4001000000FF000000FF00000077
:101FB80000000000000000001300000013000000F3
:101FC800CC841F4001000000FF000000FF0000005B
:101FD80000000000000000001C0000007D0001005F
:101FE80000000000000000000000000000000000E9
:101FF80000000000000000000000000000000000D9
:102008000548064B1B1AD90F01EBA301491002D052
:10201800034B03B118477047C0720020C0720020FC
:102028000000000008B5054B1BB105490548AFF392
:102038000080BDE80840FFF7E3BF00BF00000000D4
:10204800BC54012000CC01602DE9F04F541E8BB028
:102058000F2C00F2A3800029C0F2A0808A42C0F2AF
:102068009D8093FBF2F402FB1433002B0093C0F223
:102078009880C4680023A2420360C0E90121D8BF48
:10208800C360002900F08A808A4200F0F7800124AA
:10209800551A0023A54207940195CDE9083300F3AA
:1020A80083800294002940F30281009B4FF0000CCA
:1020B8004FF001098B469E46A4EB0308C3F1000AC2
:1020C800554607E050F8271001351943454540F8B3
:1020D800271022D005EB0E010AAF002D2B464FEA40
:1020E800611601F01F01B8BF531907EB86065F118F
:1020F80003F01F0356F80C6C09FA03F326FA01F1F2
:1021080001F001010029DDD150F82710013521EA3D
:102118000301454540F82710DCD10CF1010C05EB13
:102128000408A244AEEB040EDC45C9D104FB0CF74D
:10213800019E012E32D1009B0299FC1ACD1A3D4412
:10214800DF1B07E050F82E1001341943AC4240F869
:102158002E1023D0E1190DF1280E002C23464FEA4A
:10216800611C01F01F01B8BF13190EEB8C0C4FEA6C
:10217800631E03F01F035CF808CC06FA03F32CFA7D
:1021880001F101F001010029DCD150F82E100134D1
:1021980021EA0301AC4240F82E10DBD10BB0BDE8B8
:1021A800F08F1344009364E70DF124091D46A046FF
:1021B800A346A6468A46029404900592019C0026EE
:1021C80008EB0E02029F5445304639460392A8BFD9
:1021D800544603E053F80C1C53F8043C06F01F0265
:1021E80080000136D14000F128070BFA02F2701185
:1021F80011F0010F6F4423EA020C42EA03020AAB12
:1022080014BF47F8042C47F804CCB04503EB80030F
:10221800E0D1002128460DE059F82530134349F84C
:10222800253001310AAA4B11714502EB830314D002
:1022380053F8080C01F01F0208EB0103D04003F02B
:102248001F025D11C0070BFA02F2E5D459F8250008
:1022580020EA020049F82500E3E7544520DB019B0A
:102268001B1B0193019A099B012A079312DC214643
:10227800CDF808E0039CDDE9040213E700210125FD
:102288000B4605FA03F401339A4241EA0401F8D1F6
:10229800016083E7DDF80C80A246089D02938DE774
:1022A800029BB6460893AAEB04030193DAE70027DA
:1022B8003EE700BFDFED7F7A90ED027AD0ED006A4D
:1022C800B4EEE77A10B5F1EE10FA04462DED048B62
:1022D80009D4DFED797A66EEA77AB4EEE77AF1EE03
:1022E80010FA77FE877A94ED038A9FED727AB4EE3E
:1022F800C78AF1EE10FA54D4B7EE007A87EE089A3E
:102308009FED6E7A87EEA60A20EE070A10F0E0FB32
:102318006368F0EE408A082B2CD8DFE803F06F766C
:102328008087919CA8054700D4ED040AB2EE040A00
:10233800DFED637AC0EEA70A0FF0E6FFB5EE400ABC
:10234800B0EE408AF1EE10FA00F1B180B1EEC80AA1
:10235800C8EE808AB7EE007AFFEE007A84ED087A3C
:10236800E8EE087A38EE478A28EE098AC4ED0A7A38
:1023780084ED098AF7EE006A78EE897AB0EE666A2B
:10238800A7EEA86A86EE867A67EE287A84ED057A43
:1023980027EEA80AC4ED067ABDEC048B84ED070A83
:1023A80010BDB0EE478A9FED479AA9E7D4ED040A1D
:1023B800B2EE040ADFED427AC0EEA70A0FF0A4FFDE
:1023C800B5EE400AB0EE408AF1EE10FA6CD4B1EEE8
:1023D800C80AB7EE007A68EE086A68EE808A77EE77
:1023E800487A37EE667AC4ED086A67EE897A84ED32
:1023F8000A7A67EE887AC4ED097ABBE700234FF0C2
:102408007E5223626362A262B4E7F1EE497A4FF02A
:102418007E522D4B2262C4ED097AA362AAE70023FB
:102428004FF07E522362A3626262A3E7F1EE497A1B
:102438004FF07E5200232262C4ED097AA36299E725
:10244800F1EE497A4FF07E524FF040432262C4EDDC
:10245800097AA3628EE7F8EE007A4FF07E520023E5
:10246800226269EE277AA362C4ED097A82E7DFED7A
:10247800147AB2EE040AD4ED040AC0EEA70A0FF0EB
:1024880043FF0023A362B7EE007A28EE008AFFEE2E
:10249800007A84ED087A87EE089AE0EE007A67EE13
:1024A800897AC4ED097A65E710F0F0FA91E710F03F
:1024B800EDFA4DE76F12833A48E1FA3EDB0F4940E7
:1024C80000002042FFFF7944000080BF012910B5B9
:1024D800044600F0A480022926D001B110BDDFED2A
:1024E800AE7A90ED067AAD4BB4EEE77A80ED020A4B
:1024F8004360C0ED037AF1EE10FA00F20681B0EE07
:10250800670AD4ED057A84ED0A0AF5EEC07AF1EE91
:1025180010FA00F220819FEDA00A4FF07E5384ED5F
:102528000D0A6362236310BDF7EE007A03469C4AE6
:1025380000F190019FED9B5AF0EE673ADFED966A45
:10254800DFED994A9FED994A80ED420A1AE0B4EE10
:10255800E47AB0EE446AF1EE10FA5DDCB5EEC07ACA
:1025680083ED477AF1EE10FACCBF83EE876AB0EEBE
:10257800666AC3ED466A183383ED426A994217D0FA
:10258800F2EC017A67EE857AD3ED455AB0EE666AC9
:1025980087EEA57AB5EEC07AF1EE10FAD7D5C3ED7D
:1025A800476A1833C3ED406A994283ED426AE7D11E
:1025B800D4ED437AC4ED746AF5EEC07AC4ED756A59
:1025C800F1EE10FA00F2AC809FED730AD4ED447A74
:1025D800002394ED417A04F5D2709FED756ADFED22
:1025E800756A67EE867A744A27EE267AC4F8B4319B
:1025F80084ED780AC4F8B021F4EEC77AF1EE10FA47
:1026080058BFF0EE477AC4ED6B7AFFF753FE4FF0F0
:102618007E53C4F8DC3110BDC3ED474AA9E7DFEDAE
:10262800676A90ED127A9FED5C6AC6EE877A80ED54
:10263800110AF4EEC67AF1EE10FA7CD4DFED5A6A8C
:10264800F4EEE67AF1EE10FA00F39580F4EEC67A2D
:10265800C0ED147AF1EE10FA40F39780F7EE006AB5
:1026680086EEA77A9FED566AD4ED186ADFED4A5ACE
:1026780084ED157AC6EE267AF4EEE57AF1EE10FAD4
:1026880074D4DFED496AF4EEE67AF1EE10FA77DCFD
:10269800F4EEE57AC4ED1A7AF1EE10FA78DDF7EE89
:1026A800006A86EEA77A9FED3C0A4FF07A53D4ED84
:1026B8000F7A84ED1B7A84ED130AF4EEC07A84ED68
:1026C800390A636684ED3A0AF1EE10FA09D994EDF5
:1026D8003B7A9FED3C0A67EE877A80EE270A0FF077
:1026E800CFFCD4ED107A84ED3D0AF5EEC07AF1EE18
:1026F80010FA25D89FED280A4FF07E5384ED400A42
:10270800C4F8F030C4F8FC3010BDD0ED087A9FED65
:102718002D0A27EE277A80EE070A0FF0B1FCF0E6C3
:1027280094ED767A9FED270A67EE877A80EE270A7E
:102738000FF0A6FC4AE7B0EE467A80ED146A91E7FE
:1027480094ED3E7A9FED1F0A67EE877A80EE270A9E
:102758000FF096FCD0E794ED0B7A9FED1A0A67EE1E
:10276800877A80EE270A0FF08BFCD6E6B0EE657A02
:10277800C4ED1A5A97E79FED0D7AC0ED146A71E718
:102788009FED0A7AC4ED1A6A8DE7B0EE467A69E7DA
:10279800B0EE657A87E700BF000000000000404205
:1027A8007C1B00200000A54348E1FA3EBC9C024087
:1027B80000C0DA456666E63E8104353F00003943CD
:1027C80000009443550CDDC0F6EE007A90ED016AE6
:1027D800D0ED024AB4EEE76AF1EE007AF1EE10FAB3
:1027E80010B540F1C880BFEE000AA6EE270AF5EE44
:1027F800C04AF1EE10FA40F3B080B3EE003A9FED14
:10280800604AB2EE005A64EE833A24EE855A76EEB8
:10281800637A36EE237AFAFE677AFDEEE77ABBFE34
:10282800477A17EE902AFDEEC77A17EE904AA24231
:1028380039DCF0EE441A90ED032A0134DFED512A19
:10284800514912E0F8EEE77ADEED006ADEED015A52
:10285800013237EE677AA24275EEE65AF0EE667AF2
:10286800E7EE257AA5EE274A1DD007EE902AB0EEAE
:10287800437AF8EEE77A76EE677AA7EE827A27EE61
:10288800227AFBFE477AFDEEE77A17EE903AB3F527
:10289800006F01EB830ED5D30132F0EE617AA242CC
:1028A800A5EE274AE1D1B6EE003A30EE044A9FED94
:1028B800340AB1EE455A36EE433A73EE637A33EE94
:1028C800237AFAFE677AFDEEE77ABBFE477A17EEBF
:1028D800902AFDEEC77A17EE901A8A423BDCB3EED7
:1028E800002AD0ED032AF0EE401A0131DFED253A37
:1028F800254C12E0F8EEE77ADEED006ADEED015ACB
:10290800013237EE677A8A4275EEE65AF0EE667A59
:10291800E7EE257AA5EE270A1DD007EE902AB0EE3D
:10292800427AF8EEE77A73EE677AA7EEA27A27EE94
:10293800237AFBFE477AFDEEE77A17EE903AB3F575
:10294800006F04EB830ED5D30132F0EE617A8A4230
:10295800A5EE270AE1D134EE000A36EE246AF7EE36
:10296800007AB4EEE76AF1EE10FAA8BF36EE676AAD
:1029780080ED016A10BDB0EE080AA6EE670A36E7D8
:102988000000000000008042901B002038B5436919
:1029980005462DED028B032B00F27381DFE803F06F
:1029A800FB211C0290ED018A9FEDC00A28EE000A67
:1029B8000FF03AFE95ED027AF7EE007A38EE078AC4
:1029C800B4EEE78AF1EE10FAA8BF38EE678A85ED13
:1029D800018ABDEC028B38BDFFF7F6FEBDEC028B19
:1029E80038BDD0ED015AB7EE001A90ED043ABFEEAB
:1029F800000AD0ED024AF4EEC35AF1EE10FAF5EEF1
:102A0800C04A48BFB0EE410AF1EE10FA40F3B38075
:102A1800F3EE002A9FEDA64A64EEA23A75EEE37A39
:102A280035EEA37AFAFE677AFDEEE77ABBFE477ABF
:102A380017EE902AFDEEC77A17EE904AA24242DCC2
:102A4800F0EE440AD0ED031A01349FED9A2A9A4910
:102A58001BE0F8EEE77A9EED007A9EED015AF5EE5E
:102A6800C06A013236EE676A35EE475AF0EE477AA9
:102A7800F1EE10FAE6EE057AA8BF77EEC17AA24227
:102A880077EEA77A34EE274A1DD007EE902AF8EEA3
:102A9800E76A75EEE66A66EEA16A36EEA26A26EE87
:102AA800026AFBFE467AFDEEE77A17EE903AB3F536
:102AB800006F01EB830ECCD30132F0EE607AA242B4
:102AC80034EE274AE1D135EEC33A34EE004A73EECC
:102AD800637A73EE233AFAFE677AFDEEE77AFBFE35
:102AE800633A17EE902AFDEEE37A17EE901A8A42BF
:102AF80000F3C480B3EE002AD5ED032AF8EE001ADD
:102B08000131B7EE001A9FED6A0ADFED6A3A6A4CA6
:102B180007EE902A0132F8EEE77A73EE677A67EEED
:102B2800A27A77EE826A66EEA36ABBFE667ABDEE8B
:102B3800C77A17EE103AB3F5006F04EB830E16D27E
:102B4800B8EEC77A9EED006A9EED015AF5EEC07A9E
:102B580076EEC76A35EE465AB0EE467AF1EE10FACE
:102B6800A6EE857AA8BF37EE417AA7EE210A8A42F7
:102B7800CED134EE000A75EEA45AF7EE007AF4EEE0
:102B8800E75AF1EE10FA01DB75EEE75AC5ED015A86
:102B9800BDEC028B38BDD0ED022AF0EE007ABFEE14
:102BA800000AD0ED015AF5EEC02AA5EEA70AF1EE0B
:102BB80010FA56DDB3EE004AF0EE657AB0EE657AAB
:102BC800E2EEC47AA2EE847AFAFE677AFDEEE77A3C
:102BD800BBFE477A17EE902AFDEEC77A17EE904AA9
:102BE800A24248DCB8EE002A90ED033AF7EE001A4C
:102BF8000134DFED2F4ADFED2F3A2F4907EE902AF7
:102C08000132F8EEE77A75EEE77A67EE837A77EEC7
:102C1800846A66EEA36ABBFE667ABDEEC77A17EED3
:102C2800103AB3F5006F01EB830E16D2B8EEC77AEF
:102C38009EED006A9EED015AF5EEC07A76EEC76AFF
:102C480035EE465AB0EE467AF1EE10FAA6EE857ADF
:102C5800A8BF37EE617AE7EE024AA242CED130EE43
:102C6800240A75EEA25AF7EE007AF4EEE75AF1EE6E
:102C780010FA89DA8AE7DFED0E4AF0E79FED0C0AD1
:102C880077E7D0ED017AB7EE007AD0ED026A9FEDD2
:102C9800080A77EEA67AF4EEC77AF1EE10FAA8BF22
:102CA80077EEC77AC0ED017A93E600BFDB0FC94023
:102CB8000000000000008042943B002010B52DED7C
:102CC800068B9FEDC69A0B46B0EE408A82B0B4EEF2
:102CD800C90A04461146F1EE10FA40F31E82DFEDF0
:102CE800B27AB4EEE70AF1EE10FA00F17B81AF4850
:102CF8004C226360206004F108000DF07FFADFEDDC
:102D0800AA7AB4EEE78AF1EE10FA00F17281A74BC5
:102D18006365DFEDA57AB4EEE78AF1EE10FA00F10B
:102D28006A81A24BE366DFEDA07AB4EEE78AF1EEA2
:102D380010FA00F162819D4A0123C4F88420C4F886
:102D48009830DFED997AB4EEE78AF1EE10FA00F1E7
:102D5800598196484FF07E5395490022C4F89C004B
:102D680004F1BC00C4F8A010C4F8A420C4F8A8302A
:102D7800DFED8D7AB4EEE78AF1EE10FA00F16A81A0
:102D88008A4B0190C4F8BC30FFF794FA00230198ED
:102D9800C4F8C030FFF78EFADFED837AB4EEE78A25
:102DA800F1EE10FA00F11782DFED8D7AF0EE678A06
:102DB800C4ED3C7ADFED7C7AB4EEE78AF1EE10FAE6
:102DC80040F17981DFED7F7A9FED7F7A68EE277A8F
:102DD80087EE270A84ED438A0FF052F99FED7B0AAC
:102DE8009FED7B9A28EE000A89EE000A0FF048F959
:102DF8009FED780A28EE000A89EE000A0FF040F9E4
:102E0800D4ED027A94ED090A94ED0AAA94ED0B9A8E
:102E1800B6EE007AD4ED0C9AB5EEC00A77EE877A52
:102E2800F1EE10FAFDEEE77A17EE903A83F302031B
:102E3800A366C4F8803040F25A8120EE280ADFEDFC
:102E4800627A87EE800A0FF01BF9F7EE007A37EE08
:102E5800C00AB5EEC0AA84ED400AF1EE10FA40F2BD
:102E68002F812AEE28AA9FED5A0A80EE0A0A0FF04F
:102E780007F9F7EE007AF5EEC09A37EEC00AF1EEE0
:102E880010FA84ED410A40F2258169EEA89A9FED77
:102E9800500A80EE290A0FF0F3F8F7EE007AB5EE43
:102EA800C09A37EEC00AF1EE10FA84ED420A00F13A
:102EB8001B81F7EE007AB4EE679AF1EE10FA37FE4E
:102EC800899A94ED0D0A84ED3F9AB5EEC00AD4EDC7
:102ED8000E9AD4ED0F8A94ED109AF1EE10FA40F2A2
:102EE800198120EE080ADFED387A87EE800A0FF0A4
:102EF800C7F8F7EE007A37EEC00AF5EEC09A84ED0F
:102F0800470AF1EE10FA40F2028169EE889A9FEDC5
:102F1800300A80EE290A0FF0B3F8F7EE007A37EEA0
:102F2800C00AB5EEC09A84ED480AF1EE10FA40F2F4
:102F3800E18029EE089A9FED260A80EE090A0FF033
:102F48009FF8F7EE007AF5EEC08A37EEC00AF1EE88
:102F580010FA84ED490A00F1D780F7EE007AF4EE12
:102F6800678AF1EE10FA77FEA88ABFEE007AD4EDF0
:102F7800127AC4ED468AF4EEC77AF1EE10FA00F13F
:102F88000E81B7EE000AF4EEC07AF1EE10FA40F3C3
:102F98000B819FED088A84ED508A84ED510A02B0B6
:102FA800BDEC068B10BD00BF8096184B00803B47D8
:102FB800B8BF813D2EBD3BB36666E63E00007A444D
:102FC800DB0FC9C00AD7233C549F8CBFCDCCCC3D66
:102FD8008E5D93C0CDCC4C3E49FF15BB0000000070
:102FE80000803B474C22083084ED000A63600DF0F6
:102FF80005F984ED158A84ED1B8A012384ED218A65
:10300800C4F898305FED147A38EE080A1FED157A87
:1030180004F1BC0068EE277A5FED176A84ED278A11
:103028000190F4EEC77AF1EE10FA58BFF0EE477A45
:1030380067EEA67A87EE800A0FF022F8002301983F
:10304800C4F8A430F7EE007A37EEC00AC4ED2A7A45
:1030580084ED280A84ED2F8AF0EE488A0190FFF764
:1030680029F900230198C4F8C030FFF723F95FED70
:103078002B7A1FED2B7A68EE277A87EE270AC4EDA4
:103088003C8A0EF0FDFF1FED2F0A1FED2F9A28EE48
:10309800800A89EE000A0EF0F3FF1FED320A28EECF
:1030A800800A89EE000A0EF0EBFFB5EEC08AF1EE59
:1030B80010FA3FF77FAE1FED380A1FED378A89E611
:1030C800F5EEC09AB7EE000AF1EE10FA84ED410A67
:1030D8003FF6DBAEB5EEC09AB7EE000AF1EE10FA95
:1030E80084ED420A7FF5E5AE1FED449AE9E6B7EEB6
:1030F800000AAEE6F5EEC08AB7EE000AF1EE10FA65
:1031080084ED490A7FF529AF5FED4C8A2DE7B7EECC
:10311800000A06E7B7EE000AEFE65FED4F8A4C2299
:103128004360083040ED028A0DF068F8B5EEC08AB9
:10313800F1EE10FA3FF7E3ADC4ED158A3FF7E9ADBC
:10314800C4ED1B8A3FF7EFAD4FF00103C4ED218AB0
:10315800C4F898303FF7F5AD4FF07E532E4A04F18E
:10316800BC00C4ED278AC4F8A02084ED299AC4F8CD
:10317800A8303FF7FDADC4ED2F8A0190FFF79AF80C
:1031880000230198C4F8C030FFF794F8B5EEC08A60
:10319800F1EE10FA3FF700AE9FED200A6FE7B7EEA9
:1031A800008A9FED1F0AF6E637EE808A9FED1D7AAA
:1031B800F5EE007A28EE078A28EE278AB0EE480A4C
:1031C8000FF036FBF0EE407AB0EE480AB0EE678AB0
:1031D8000FF02AFADFE6DFED147AF0EE488A9FED69
:1031E800130A68EE277A84ED3C8A9FED119A80EEE7
:1031F800270A0EF045FF9FED0F0A28EE000A89EE18
:10320800000A0EF03DFF9FED0C0A28EE000A89EE39
:10321800000A0EF035FFD5E5B8BF813D49FF15BB63
:1032280000000000DB0F49400AD7233C549F8CBFA5
:103238008E5D93C0CDCCCC3DCDCC4C3ED0ED117A3B
:10324800F5EEC07A38B5F1EE10FA04462DED048B90
:1032580000F3FE80D0ED4D6A90ED4E7AF6EE005AFE
:10326800D4ED038A67EEA66A94ED4A9AB2EE0E6A26
:1032780068EEA58A67EE877A9FEDC47AB0EE000AF9
:10328800F0EE680A27EE868AD6EE860AC0EE870A2E
:103298000FF03AF894ED157ADFEDBD6A29EE000AD1
:1032A800C0EE077AF4EEE67AF1EE10FA00F1218129
:1032B8009FEDB86AF4EEC67AF1EE10FA00F3AF802B
:1032C800F4EEE67AC4ED177AF1EE10FA40F358817D
:1032D800F7EE006A86EEA77ADFEDAC0A84ED187A7D
:1032E80078EE888AB0EE000AC8EEA00A0FF00CF853
:1032F80094ED1B7ADFEDA66A29EE000AC0EE077A84
:10330800F4EEE67AF1EE10FA00F1F8809FEDA16A8A
:10331800F4EEC67AF1EE10FA00F3F580F4EEE67AF0
:10332800C4ED1D7AF1EE10FA40F32D81F7EE006A34
:1033380086EEA77AD4ED216A9FED956A84ED1E7A10
:10334800F6EE007A29EE279AC9EE267AF4EEC67AC6
:10335800F1EE10FA00F1C880DFED8E6AF4EEE67A3D
:10336800F1EE10FA00F3D480F4EEC67AC4ED237AB5
:10337800F1EE10FA40F30181F7EE006A86EEA77AC3
:1033880094ED4B6AD4ED140AD4ED086AD4ED457A6D
:1033980060EE860A94ED058A84ED247AB0EE000A80
:1033A800E6EEA70A0EF0B0FFF3EE046A28EE000A74
:1033B800D4ED007A9FED786AB6EE007AD4ED075A1C
:1033C800B4EE660A67EE867AF1EE10FA48BFB0EE00
:1033D800660AB4EE670AF1EE10FAF4EEC75A37FE41
:1033E800800AF1EE10FA1FD5DFED6C6AD4ED277A6A
:1033F800B4EEE60A94ED068A37EEA77AF1EE10FAF3
:1034080000F18B8067EE867AB4EEE70AF1EE10FAE7
:1034180040F3AE80DFED626A27EEA60A7FE09FEDFB
:10342800617A84ED176A57E7F2EE037AD4ED066AFB
:10343800002304F1BC0084ED310AA6EEA77AC4F893
:10344800CC3084ED327AFEF735FFBDEC048B38BD05
:103458004568BEEE006A544B2A685449F0EE466A45
:103468001344D0ED4D3A114490ED4E4A83EAD332DD
:1034780043F0010341F0010CDFED4D4A03FB02F27A
:1034880081EAD1339FED4B5A0CFB03F382EAD21049
:1034980042F03D0CDFED485A0CFB0020424082EA26
:1034A800923207EE102A83EAD312B8EE477AE7EE93
:1034B800246A66EE856AE3EEA56AC4ED4D6A296062
:1034C80043F03D0101FB0232534083EA933307EE98
:1034D800103AB8EE477AA7EE246A26EE057AA4EEEB
:1034E800257A84ED4E7AB9E6B0EE467A84ED236A01
:1034F80046E7B0EE667AC4ED176AEDE6B0EE667A96
:10350800C4ED1D6A16E79FED277A84ED1D6A11E761
:103518009FED247AC4ED236A32E79FED280A80EEF6
:10352800070A0EF0ADFDF7EE007AB5EEC08A37EE69
:10353800C00AF1EE10FA84ED280A09D4DFED207AEA
:10354800B4EEE78AF1EE10FA0DDD9FED1E8A01E078
:103558009FED0F8A4FF07E5384ED298ABDEC048BD2
:10356800C4F8A83038BDF1EE007A28EE278AF1E7D2
:10357800DFED0B7A20EE270AD1E7B0EE467AFFE6B8
:10358800B0EE667AA8E6B0EE667AD3E60000964416
:103598000000000048E1FA3E6666E63E6F12833A94
:1035A800DB0FC9C0BC9C0240F5792B6DEAF356DAF3
:1035B8000000802FCDCC4C3D77BE7F3F2FE3CDBBA5
:1035C8006666863F666686402DE9F04F8346D0F8EA
:1035D800F4002DED108B83B0DDF87080002800F02A
:1035E800368143451C46DBED079A9BED04AA80F221
:1035F8002E81F6EE008A01EB830702EB83069FED2E
:10360800D19A0BF18403DBF83C510BF1540A0BF10E
:103618006C090193002D40F31C83013DDBF8102158
:10362800CBF83C51013A032A1AD8DFE812F0D50248
:10363800F102EC0204009BED497ADBED457AE7EEF6
:10364800C77A9FEDC17AF4EEC77AF1EE10FA40F12D
:10365800FD82DFEDBF7A0022CBED457ACBF8102151
:103668005046FFF793F9B0EE408A4846FFF78EF9C7
:10367800DBF8982038EE008A28EE288A032A00F220
:10368800F682DFE812F036026701260104009BED9E
:1036980022CADFEDAE7A2CEE270A0EF0C5FF9BEDAD
:1036A800237AF7EE007A3CEE07CAB4EEE7CAF1EEE9
:1036B80010FAA8BF3CEE67CA8BED22CAF4EEE89A6E
:1036C800AAEE008AF1EE10FA40F10E81DBED2EDA57
:1036D800B0EE480A9BED29BAF1EE48AAB0EE6D7A31
:1036E800DBED2ABAA8EE687AABEE470A2BEE800A21
:1036F8000FF018FADBED2BFAF0EE40CA9BED28CA62
:10370800B0EE6F0A0FF00EFA7CEEC0CAECEE2CFA9F
:10371800B0EE6F0A0FF006FA9BED2CFAF0EE40EAD5
:10372800B0EE4F0A0FF0FEF93EEEC07AACEE07FAA3
:10373800B0EE4F0A0FF0F6F9DBED2DCAB0EE40EA15
:10374800B0EE6C0A0FF0EEF93EEE400AECEE00CA5D
:10375800B0EE6C0A0FF0E6F9B0EE40DAB0EE6D0AA2
:103768000FF0E0F93DEE400AECEE00DAB0EE6D7ACB
:10377800AAEEA87AA7EE4B8A28EE2B0A0FF0D2F908
:1037880030EE6E6AB0EE6F0AA6EE0C0A8BED2B0ACD
:103798000FF0C8F930EE4E0AA0EE0CFAB0EE4F0A60
:1037A8008BED2CFA0FF0BEF930EE4D0AE0EE0CCAA4
:1037B800B0EE6C0ACBED2DCA0FF0B4F9B0EE408A2A
:1037C800B0EE6D0A0FF0AEF9B0EE6D7A38EE400A41
:1037D800A0EE0C7A8BED2E7ADBF8F420013A032A5E
:1037E80000F25982DFE802F05B3D3802DBED426A05
:1037F800DBED3E7AE7EEE67ADFED536AF4EEE67A41
:10380800F1EE10FA40F11F82DFED517A0022CBED84
:103818003E7ACBF8F420DBED4C5A0134D7ED006A40
:1038280067EEA57A9BED506AA04567EE877AB0EE01
:10383800667AA6EE277AA7EC017A96ED007ADBED98
:10384800516AA6EEA77AA6EC017A7FF4E3AE03B03C
:10385800BDEC108BBDE8F08FDBED3F7ACBED3E7A07
:10386800D9E7DBED3E7ADBED3F6ADBED415A36EE18
:10387800E76AE5EE867ADFED345A37EEE66AB0EEAF
:10388800C66AB4EEE56AF1EE10FA40F1DC81032273
:10389800F0EE667ACBED3E6ACBF8F420BBE7F7EEA4
:1038A800086ADBED3E7ADBED405AB7EE006A76EE49
:1038B800E76AE5EEA67AF4EEC67AF1EE10FAC0F2FF
:1038C800C2810222F0EE467A8BED3E6ACBF8F420F4
:1038D800A1E70198FEF778FFF4EEE89AAAEE008ACD
:1038E800F1EE10FA3FF5F2AEDBED3B6AB0EE005AAE
:1038F8009BED3A6A78EE664ADBED357AF0EE665A69
:10390800DBED342A9BED363A9BED387AE6EE275A02
:10391800DBED373A64EEA77A9BED394AE2EE867A18
:10392800E4EE835A27EE877A97EE856AD5EE856AA4
:10393800A8EE237A8BED3A6ACBED3B6AA5EE847A42
:103948004AE700BF0000804217B7D138DB0FC940F3
:1039580000000000DBED225AF7EE001ADBED253AF5
:10396800BFEE000A9BED235AF4EEE35AF1EE10FA8B
:10397800B5EEC05A48BFB0EE610AF1EE10FA40F356
:10398800AE80F3EE002A25EE223A75EE837A35EE04
:10399800C37AFBFE677AFDEEE77ABAFE477A17EE3E
:1039A800900AFDEEC77A17EE902A824200F35681FC
:1039B8009BED242A01301FED1A4AB8491BE0F8EEA6
:1039C800E77A9EED007ADEED014AF5EEC06A013233
:1039D80036EE676A74EEC74AF0EE477AF1EE10FAEF
:1039E800E6EE247AA8BF77EEE17A824277EEA77AEC
:1039F80034EE274A1DD007EE902AF8EEE76A75EEF6
:103A0800E66A66EE826A36EEA26A26EE096AFBFE6E
:103A1800467AFDEEE77A17EE903AB3F5006F01EBC0
:103A2800830ECCD30132DFED9E7A824234EE274AF0
:103A3800E1D175EEE33A34EE004A73EEC37A33EE21
:103A4800833AFAFE677AFDEEE77ABBFE433A17EE51
:103A5800902AFDEEC37A17EE900A824200F30481A1
:103A6800F3EE002A9BED243AB8EE002A0130F7EE77
:103A7800001A9FED8B0A894907EE902A0132F8EE69
:103A8800E77A73EEE77A67EE837A77EEA26A66EEF4
:103A9800896ABBFE667ABDEEC77A17EE103AB3F5AF
:103AA800006F01EB830E16D2B8EEC77A9EED006A5E
:103AB800DEED014AF5EEC07A76EEC76A74EEC64AC4
:103AC800B0EE467AF1EE10FAA6EEA47AA8BF37EE69
:103AD800617AA7EE020A8242CED134EE000A75EE70
:103AE800855AF7EE007AF4EEE75AF1EE10FA6EDA3C
:103AF8006FE09BED233AF0EE007ABFEE000ADBEDB3
:103B0800225AB5EEC03AA5EEA70AF1EE10FA55DD35
:103B1800B3EE004AB0EE657AF0EE657AA3EE447A29
:103B2800E3EE047ABAFE477ABDEEC77AFBFE677AFF
:103B3800FDEEE77A17EE102A17EE900A824200F39C
:103B48009080F8EE002ADBED243AB7EE002A013027
:103B5800DFED534A514907EE902A0132F8EEE77A31
:103B680075EEE77A67EEA37A77EE846A66EE896A7D
:103B7800BBFE667ABDEEC77A17EE103AB3F5006F52
:103B880001EB830E16D2B8EEC77A9EED006A9EED61
:103B9800015AF5EEC07A76EEC76A35EE465AB0EEAF
:103BA800467AF1EE10FAA6EE857AA8BF37EE427A89
:103BB800E7EE224A8242CED130EE240A75EE835ACD
:103BC800F7EE007AF4EEE75AF1EE10FA01DB75EE43
:103BD800E75ACBED225A71E5B7EE087ADBED457A64
:103BE8009BED476AF7EE006A37EE677AE6EE077AEA
:103BF800F4EEE67AF1EE10FA28DB0222CBED456A04
:103C0800CBF810212CE5DBF81821CBF8142127E597
:103C1800DBED457ADBED466A9BED486A36EEE77ADE
:103C2800E6EE077A9FED1F6A37EEE67AB0EEC77ABE
:103C3800B4EEC67AF1EE10FA08D50322CBED456A48
:103C4800CBF810210CE5CBED3E7AE4E5CBED457AD7
:103C580006E558460F25FFF7F1FADFE49FED104A15
:103C6800E7E6DFED0F4AA7E79FED0D0A35E7DBED45
:103C7800227AB7EE007ADBED236A9FED090A77EE28
:103C8800A67AF4EEC77AF1EE10FAA8BF77EEC77AF3
:103C9800CBED227A12E5DFED027ABCE5943B0020F9
:103CA8000000000017B7D138026808B5C3792DEDB8
:103CB800028B6AB363B391FBF3FC03FB0CFE714503
:103CC80001D000293ADBA1EB0E01535C416C826CF8
:103CD80001FB0C3339339B1A93FBF1F201FB02FC15
:103CE800634502D091EA030F24D4A3EB0C0307EE3B
:103CF800902AD0ED0F6A00EB8303F8EEE77A93ED94
:103D0800037AA7EEA67AB4EE477AF1EE10FA04D059
:103D18009FED0D0ABDEC028B08BD9FED0C0A90EDDE
:103D2800108A27EE000A0EF01FFA28EE000ABDECF2
:103D3800028B08BD013A01FB02FCD6E70CF1FF3CFF
:103D480003FB0CFEBFE700BF0000C07F0E745A3AA9
:103D5800D0ED027A90ED047AFBFE677AFDEEE77A01
:103D6800B5EEC07A2DE9F04117EE906A0746042EA9
:103D7800A8BF0426F1EE10FA26EAE6762DED0A8BA6
:103D8800C0F29F80B7EE00AAB4EECA7AF1EE10FA3C
:103D980040F39A806823504D03FB06F6AB5D182B61
:103DA8001A4628BF1822C7F8FC21002B00F085808E
:103DB8003C4606F10803DFED498A2E441C3497ED92
:103DC80000CA97ED849A1D446CEE288ADFED44AA58
:103DD800DFED449A04EB820849E0F4EE467AF1EE0E
:103DE80010FA76FE277A96ED016AD5ED0F6A67EE2E
:103DF800867A97F818329FED3C0A9FED3C7A67EE79
:103E0800A67A2BB9F4EE477AF1EE10FA77FE277A04
:103E180067EE8C7A043480EE270A0EF031F9B0EEA2
:103E2800408AB0EE6B0A0EF003FDB0EE407A78EEF1
:103E3800087A28EE088AF0EE4A0A67EE877A84ED57
:103E4800178AB0EE4B0A44ED017A95ED078A0EF019
:103E58005BFAB0EE40BAB0EE6B0A0EF0E5FB4445F3
:103E680028EE0B8A28EE000A84ED2F0A25D0B5EC3F
:103E780001BADFED1F6A6BEE097AF4EEE87AF1EE2B
:103E880010FA0FDA27EEAA7AD7ED037AB3EE0E6AA4
:103E9800F4EEE67AC7EE0CBAF1EE10FA9DDAF0EE1F
:103EA800667AA0E7C4ED009A0434B0EE690AC4ED5E
:103EB800179A444584ED2F0AD9D1BDEC0A8BBDE889
:103EC800F081BFEE00AA65E7F6EE007A37EE677A72
:103ED80037EE07AA5EE700BF701900206666E63E67
:103EE800DB0FC94000000000550CDDC09A99993ECF
:103EF800CDCC4C3D436830B42DED048B042B00F23F
:103F08005981DFE803F037CB5D9503008168CE4A1D
:103F18000D6890ED0E7A2A449FEDCC6A82EAD2337E
:103F28000A6042F0010202FB03F383EAD31243F072
:103F38003D0404FB0232534083EA933307EE903A80
:103F4800F8EE677A67EE867AB4EEE77AF1EE10FA61
:103F580000F33381D0ED0B6A90ED0C0A26EE800A4F
:103F6800D0ED0F7A67EEA67AC0ED0B7ABDEC048B24
:103F780030BC70478168B0EE007AB34ABFEE000AE1
:103F88000B68DFEDB26A1A4482EAD23342F00100CC
:103F98000A6000FB03F383EAD31243F03D0101FBFF
:103FA8000232534083EA933307EE903AF8EE677A89
:103FB800BDEC048B67EEA67A30BCA7EE870A704783
:103FC8008168B0EE005AA04AFFEE006A0B68B0EEB6
:103FD8000C0A90ED0A7A1A44DFED9C4ADFED9C5AF0
:103FE80042F0010482EAD2330A6004FB03F39FED36
:103FF800996A83EAD31243F03D0101FB0232534030
:1040080083EA933307EE903AF8EE677ABDEC048BB7
:1040180067EEA47A30BCE7EE856AF0EE477AE6EE02
:10402800A57A87EE867A27EE000A80ED0A7A70472D
:104038008168854A0B6890ED0D7A1A44DFED836A32
:1040480082EAD23342F001000A6000FB03F383EAFC
:10405800D31243F03D0101FB0232534083EA93330C
:1040680007EE903AF8EE677A67EEA67AB4EEE77A4A
:10407800F1EE10FA40F29E80B6EE006AB7EE000A42
:10408800FFEE006A27EE067ABDEC048BB4EEE77A01
:1040980030BCF1EE10FA30FE260A70478468B0EEA4
:1040A800009A694ABFEE004A2368D0ED038A1A4491
:1040B80090ED040AD0ED050A42F0010182EAD233FC
:1040C800D0ED061A01FB03F3DFED609A226083EA64
:1040D800D31143F03D02DFED607A02FB0132DFEDE0
:1040E8005F4A9FED5F8A5340DFED5E3A9FED5E5A6F
:1040F80083EA93339FED5D1ADFED5D5A07EE103AC0
:104108009FED5C6ADFED5C6AB8EE477A9FED5B2A4B
:10411800D0ED072A9FED5A3A27EE297AA7EE094AE9
:1041280064EE277A64EE244A24EE055AE8EE887A8B
:10413800E0EE234AD0ED083AA0EE815A24EE066A52
:1041480064EE255A26EEC47AF0EE466A9FED4D6A73
:10415800E1EE825AC0ED037A37EEA40AC0ED044AB4
:10416800E2EE836AD0ED092AA3EE867A9FED463AFD
:1041780030EE050A9FED456ADFED453A64EE067AB2
:1041880080ED055A30EE250AC0ED065AC0ED076AE3
:10419800C0ED097A30EE260A80ED087ABDEC048B72
:1041A80030EE070A30BC30EE220AA4EE030A20EEF5
:1041B800230A70479FED370AD8E6374BF6EE005AC8
:1041C800364C2B449FED365A2C44DFED366A83EA91
:1041D800D33243F001030C6003FB02F242F03D03CB
:1041E80082EAD21103FB012184EAD43344F00104AA
:1041F8004A4004FB03F382EA923283EAD31143F084
:104208003D0407EE902A04FB0131B8EE677A4B4073
:1042180083EA933327EE067A07EE903AE7EE056ACB
:10422800F8EE677A67EE867AF4EEE57AF1EE10FA40
:1042380005D4B0EE660A4FF07E53036390E6B1EE04
:10424800660A194BF9E700BFF5792B6D0000802F3E
:104258000AD7A33C5C8F823FBD66633D65C1993D2B
:104268004AB57F3F384A7E3F618B1D3E6210783FDA
:10427800F8F79E3E8E6F083FAD6D8A3CF2D25D3FE7
:10428800CDCC0C3F38F842BF6744093F9C6AED3DEE
:10429800AE47E13D00000000EAF356DADF6D8247E1
:1042A8003333333F9A99993E000080BF2DE9F04F90
:1042B8001D4690F8CC312DED0C8B83B0DDF8608075
:1042C800002B70D090ED028A0446B5EEC08AF1EE5C
:1042D80010FA80F2F6829FEDDD8AD4ED068A454514
:1042E800D4ED727A94ED04AA68EEA78A56DA04F13E
:1042F8001C0301EB850702EB85069FEDCEBADFEDC7
:10430800CE9A0DEE103ADFEDCDAA04F1340A9FEDF6
:10431800CF9A04F5D87904F5827BD4F8D031002BF4
:1043280040F3FC82013BD4F88000C4F8D031E36F3D
:10433800D4F8842007EE903AB8EE670A20EE290AEE
:10434800042A00F22383DFE802F0ABB6A297330019
:10435800D4ED267AD4ED2A6A9FEDB97AE7EEE67AAB
:10436800F4EEC77AF1EE10FA40F1F082F0EE497AF5
:10437800002384ED269AC4F8943024EE274AD7ED1A
:10438800007A0135E8EE847AA845E7EC017AD6EDA3
:10439800007AE8EE847AE6EC017ABED1D4F894305B
:1043A8000BB984F8CC3103B0BDEC0C8BBDE8F08FB1
:1043B80094ED1E0A2AEE000A1B18E36728D3D4F8E6
:1043C80088302BB31A68F0EE006ABFEE007A02F16B
:1043D800DA4202F52D1202F5675235321A6082EA86
:1043E800D23342F0010202FB03F383EAD31243F013
:1043F8003D0000FB0232534083EA933307EE903AC4
:10440800F8EE677A67EEA97AA7EEA67A84ED1E7AA7
:10441800DFED8C7AD4ED71BA20EE270A0DF0A4FEF8
:104428002BEE800AD4ED077AC0EE27BAF5EEC0BAB3
:10443800F1EE10FA00F14E82DFED837AF4EEE7BA7E
:10444800F1EE10FA00F36382F5EEC0BAC4ED09BAD2
:10445800F1EE10FA40F39782F7EE007A87EEAB6A36
:10446800236B84ED0A6A032B00F29882DFE813F0CD
:10447800C701F600DA003500F6EE007AB4EEE70A76
:10448800F1EE10FA00F17382B1EE4A0A94E7B0EE49
:10449800007AFFEE007AE0EE077A2AEE270A8BE729
:1044A80020EE2A0ACDE900300EF0BEF82AEE000A06
:1044B800DDE9003080E7F6EE007AB1EE007AB4EE7E
:1044C800E70AF1EE10FAE4D4F0EE087AE0EE477A63
:1044D8002AEE270A70E7F0EE49BAD4ED08CA2CEEA6
:1044E800AA0A0EF0A1F87CEEABCAF7EE007AB0EE9D
:1044F80040CAF4EEE7CAF1EE10FAA8BF7CEEE7CAAC
:10450800C4ED08CA5046FFF7F5FCF7EE007A60EEF6
:10451800084A2346F0EE003A4A4677EEC87A9FEDFD
:104528004B4AE7EE8C4AD3ED376A343393ED296A68
:1045380034EEE65A93ED247AF0EE665AD3ED231A58
:10454800D3ED277A93ED252AE6EE075AD3ED262AEE
:1045580025EE077A93ED283A5B45A1EE867AE5EEDB
:10456800025A67EE277A97EE236AD5EEA36AE4EE3D
:10457800A27A83ED296AC3ED2A6AE5EE837AB2EC62
:10458800017AA7EE274ACED1D4F89430013B032B09
:1045980000F2FF8101A252F823F000BF17260000A5
:1045A800DB250000CD25000071230000D4ED277A1B
:1045B80024EE274AC4ED267AE1E6D4ED267AD4ED36
:1045C800276AD4ED295A36EEE77A9FED1D6AE5EEA3
:1045D800877A37EEE67AB0EEC77AB4EEC67AF1EEAD
:1045E80010FA40F1B3810323F0EE667AC4ED266A2F
:1045F800C4F89430C1E6B7EE087AD4ED267A94ED83
:10460800286AF7EE006A37EE677AE6EE077AF4EE84
:10461800E67AF1EE10FACBDB0223C4ED266AC4F881
:104628009430ACE61DEE100AFEF7CEF8B0EE40CAA4
:1046380068E700BF0000804F0000802FDB0FC940F3
:1046480017B7D138ABAAAA3D48E1FA3E00000000EE
:1046580000008042F0EE49BAB0EE496A94ED085A7B
:10466800F7EE001AD4ED0B2ABFEE00CAB4EEE25AF8
:10467800F1EE10FAF5EEC0BA48BFB0EE61CAF1EE3D
:1046880010FA40F3AE80B3EE002A2BEE823A75EEB4
:10469800037A35EE437AFBFE677AFDEEE77ABAFED7
:1046A800477A17EE900AFDEEC77A17EE903A8342E2
:1046B80000F3608101301FED1B4A5FED1B3AC04AD1
:1046C8001BE0F8EEE77A9EED007ADEED014AF5EEA2
:1046D800C06A013375EEE75A74EEC74AF0EE477ABE
:1046E800F1EE10FAE5EEA47AA8BF77EEE17A8342FC
:1046F80077EEA77A34EE274A1DD007EE903AF8EE07
:10470800E76A75EE666A66EE866A76EE825A65EE46
:10471800A35AFBFE657AFDEEE77A17EE901AB1F51B
:10472800006F02EB810ECCD30133F0EE497A83425D
:1047380034EE274AE1D175EE622A3CEE044A32EEA5
:10474800C37A72EE837ABAFE477ABDEEC77AFBFE69
:10475800677AFDEEE77A17EE103A17EE900A834271
:1047680000F30B81B3EE003A0130B8EE002A9FED5A
:1047780095CAF7EE001ADFED943A914A07EE903A9F
:104788000133F8EEE77A72EEE77A67EE867A77EE2B
:10479800836A66EEA36ABBFE667ABDEEC77A17EE39
:1047A800101AB1F5006F02EB810E16D2B8EEC77A77
:1047B800DEED005ADEED014AF5EEC07A76EEC76A04
:1047C80074EEE54AB0EE657AF1EE10FAA6EEA47A38
:1047D800A8BF37EE617AA7EE02CA8342CED13CEE7B
:1047E80004CA3BEE855AF7EE007AB4EEE75AF1EECA
:1047F80010FAA8BF35EE675A84ED085A82E6F5EE3E
:10480800C0BA94ED085AF0EE007ABFEE00CAF1EE95
:1048180010FAA5EE27CAE4DDB3EE003AB0EE457A09
:10482800F0EE457AABEEC37AEBEE837ABAFE477ABE
:10483800BDEEC77AFBFE677AFDEEE77A17EE103A0F
:1048480017EE900A834200F39B80F8EE002A0130AD
:10485800B7EE002A9FED5B4ADFED5B3A584A07EE58
:10486800903A0133F8EEE77A75EE677A67EE867A62
:1048780077EE836A66EEA36ABBFE667ABDEEC77AF8
:1048880017EE101AB1F5006F02EB810E16D2B8EED2
:10489800C77ADEED005ADEED014AF5EEC07A76EE13
:1048A800C76A74EEE54AB0EE657AF1EE10FAA6EE44
:1048B800A47AA8BF37EE427AA7EE224A8342CED125
:1048C8008DE7F7EE007AB4EE678AF1EE10FA37FE5C
:1048D800888A02E5236B84ED099A84ED0A9A032BF2
:1048E8005AD801A252F823F01929000075260000B1
:1048F80045260000F7240000F0EE007A94ED085AEF
:10490800BFEE00CAF0EE49BAA5EE27CA69E7F0EE95
:1049180067BA9FED2E6AC4ED097AA1E5D4ED036A62
:1049280094ED1D7AC6EE877AF5EEC07AF1EE10FAAC
:104938000FDBB6EE007AF4EEC77AF1EE10FA0ADD74
:104948004FF000401F23C4F88000EEE4C4ED267A3F
:1049580013E50020F6E7F5EEC07AF1EE10FAF8DD7F
:10496800A7EE8B7AFCEEC77A17EE900AEAE7B0EE6C
:104978004A0A21E59FED134ADDE69FED12CA2EE7AC
:104988009FED104A2BE7B0EE496A69E52AEE090A5D
:1049980012E524EE094AF2E4F0EE49BAD4ED087AB9
:1049A800B7EE007A9FED07CA7BEEA77AF4EEC77AD6
:1049B800F1EE10FAA8BF77EEC77AC4ED087AA1E540
:1049C800943B00200000000000008042BC9C024094
:1049D80070B52DED048BDFED9A8AB0EE408A82B077
:1049E8000446B4EEE80A0E46F1EE10FA40F3F981F7
:1049F800DFED947AB4EEE70AF1EE10FA00F1508197
:104A0800914B924A924902600361924A924B4161EA
:104A18008261C361DFED8B7AB4EEE78AF1EE10FABA
:104A280000F14881894B2362DFED867AB4EEE78A8C
:104A3800F1EE10FA00F16482884B844AA362884B35
:104A48008849E262A363884A884B6163E26323640E
:104A5800DFED7C7AB4EEE78AF1EE10FA00F14C81D2
:104A68007A4A0223A264E365DFED767AB4EEE78A38
:104A7800F1EE10FA00F14481744A0223226663675A
:104A8800DFED707AB4EEE78AF1EE10FA00F13C81BE
:104A9800B2EE006A9FED767ADFED767ABFEE000A15
:104AA800C7EE086A694A002304F1B800A267C4F88F
:104AB8008060E36786EE087A019068EE277A80EED8
:104AC800270AC4ED2B6A84ED2C7A0DF0D9FA0198E7
:104AD80084ED2D0ADFED5B7AB4EEE78AF1EE10FA89
:104AE80000F13381594B0190C4F8B830FDF7E2FB6F
:104AF80001230198C4F8BC30FDF7DCFB5E495F4A2E
:104B080000230198C4F8C010C4F8C420C4F8C83001
:104B1800FDF7D0FBDFED4B7AB4EEE78AF1EE10FA41
:104B280000F12A81494BC4F8EC30DFED467AB4EE47
:104B3800E78AF1EE10FA00F1E681444A504BC4F8D6
:104B4800F820C4F8F430DFED3F7ADFED4E8AB4EE9A
:104B5800E78A9FED4D0AF1EE10FA48BFF0EE488A59
:104B68004FF07E514948234604F190029FED457A63
:104B78000125DFED346A84ED400AC4ED418AC4F8AA
:104B88000C01C4F81011B5EEC08AF0EE477AF1EEC8
:104B980010FA08DDB4EEE68AF1EE10FA54BFF0EE32
:104BA800477AF0EE487AC3ED457A1833C3F81051C6
:104BB8009342E8D1B5EEC08A04F5D270F1EE10FA4E
:104BC80040F3F780DFED1F7AB4EEE78AF1EE10FAD2
:104BD80040F17E8184ED698A0190FDF76BFB0198B5
:104BE800C4F8A851FDF766FBDFED297A9FED297A15
:104BF80068EE277A019887EE270A84ED768A019075
:104C08000DF03EFADFED247A00239FED247A68EE5A
:104C1800A77A1A4A019884ED780AF4EE477AC4F81C
:104C2800B021C4F8B431F1EE10FA77FE277AC4ED5A
:104C38006B7AFDF73FFB02B0BDEC048B70BD00BF83
:104C4800000000008096184B0000E04000803B47C1
:104C5800EC51383DCDCC8C3F666626406DF77F3FE2
:104C6800EC51B83EC02E7F3F8FC2753EAE47613EC5
:104C78000000FA446F12033B0000E1448104353F11
:104C8800B7D87F3F00803B4725D57F3FAE47613D82
:104C9800AE47613D550CDDC06666E63E00C0DA45AC
:104CA8009F4B84ED000A9F4A9F4983619F4B416156
:104CB8000261C361B0EE480A84ED088ADFED9C7A90
:104CC800DFED9C8A20EE270A84ED0B8A88EE800AA5
:104CD8000DF0D6F9DFED987A84ED0A0A28EE270A56
:104CE80088EE800A0DF0CCF9944B954AA363954B56
:104CF80084ED0D0AE2632364022384ED128AE365DE
:104D0800022384ED188A6367B2EE006A9FED8E7AFB
:104D1800DFED8E7ABFEE000AC7EE086A002304F1C1
:104D2800B80084ED1E8A019086EE087A68EE277A2C
:104D3800C4E91F3680EE270AC4ED2B6A84ED2C7A6D
:104D48000DF09EF9019884ED2D0A84ED2E8A0190CC
:104D5800FDF7B0FA01230198C4F8BC30FDF7AAFAB0
:104D68007B497C4A00230198C4F8C010C4F8C420C9
:104D7800C4F8C830FDF79EFAB0EE480A84ED3B8AC5
:104D8800DFED757AF0EE488A9FED6A9A20EE270AE1
:104D980084ED3E8A89EE000A0DF072F9DFED6F7A34
:104DA80084ED3D0A28EE270A89EE000A0DF068F91D
:104DB800D6E69FED6B9A019084ED699AFDF77AFA31
:104DC8000198C4F8A851FDF775FAB5EEC08A0198A4
:104DD800F1EE10FA00F38880B0EE498A9FED610A7F
:104DE8000BE7504B604D03614F4B056043614C4BE3
:104DF80083614E4BC3613FF70DAE05623FF714AEBA
:104E08005A4BC56283625A4B43634C4B83634C4B8A
:104E1800C3634C4B03643FF71BAE4FF0020385643A
:104E2800C3653FF721AE056643673FF729AEB2EE8B
:104E3800006A9FED457ADFED457A0023C7EE086AE0
:104E4800856786EE087A68EE277ABFEE000AC0E921
:104E58001F31B83080EE270AC4ED2B6A019084ED2B
:104E68002C7A0DF00DF9B5EEC08A019884ED2D0A63
:104E7800F1EE10FA3FF72EAEC4F8B8500190FDF7E6
:104E880019FA01230198C4F8BC30FDF713FA304B26
:104E98000198C4F8C0302F4BC4ED328AC4F8C4302E
:104EA800FDF708FAB5EEC08AF1EE10FA3FF732AE18
:104EB800C4F8EC503FF739AE2E4BC4F8F850C4F89C
:104EC800F4303FF740AE9FED2C0ADFED258A47E628
:104ED800254B0190C4F8A431FDF7ECF90198C4F80A
:104EE800A851FDF7E7F90198DFED247AB4EEE78AD7
:104EF800F1EE10FA0AD49FED1B0A9FED198A7CE6A1
:104F08009FED170ADAE69FED160A39E7DFED1C7AFE
:104F18009FED087A68EE277A87EE270A6DE600BFCC
:104F2800CDCC8C3F0000E040EC51383D6666264011
:104F3800CDCC8C3F550CDDC0EC51383DEC51B83E22
:104F48008FC2753EAE47613E0000FA446F12033BC4
:104F58000000E1448104353F8FC2753EAE47613E93
:104F680000803B47D47A2BBB00803B476DF77F3FDF
:104F7800C02E7F3FB7D87F3F25D57F3F8096184BFF
:104F8800AE47613D2DE9F04FD0F8E0A12DED0A8B39
:104F980083B09AF80670DDF858E09FB183468846DA
:104FA8004FF0000C5FFA8CF117F0010F0CF1010CB7
:104FB800C1EB011104D00BEB8101D1F8881031B994
:104FC8007F08EFD103B0BDEC0A8BBDE8F08F9FEDF1
:104FD800887AF6EE006ADBED7C7A73459BED02AACF
:104FE800DBED7AAA2AEE07AA9BED7D9A6AEEA7AABC
:104FF800DFED807AB1EE007ADBF8E4712AEE26AABA
:105008006AEEA7AA29EE079ADCDA02EB8306F7EE26
:10501800008A08EB8305DFED789A08EB8E039FED95
:1050280077CA9FED77BA0093C7EB0713013F0BEBE5
:10503800830301935B46D3469A46002F61DBF7EE64
:1050480008BA019CB9464FF002081BF809209FEDE9
:105058006B0A82B10021CBB212F0010F01F10101FC
:10506800C3EB031305D00AEB8303D3ED2B7A30EEA1
:10507800270A5208EFD19BF8083029EE000A4B4561
:1050880000F09E8094ED108AA8EE290A0DF0CCFA63
:10509800D4ED117AE36C38EE278AD4ED1B7A013B04
:1050A80060EE277AB4EEE88AF1EE10FAA8BF38EE7F
:1050B800688A84ED108A032B00F29780DFE803F0FA
:1050C8006C524D0294ED147AD4ED186AA7EE667A04
:1050D800B4EECB7AF1EE10FA40F18180B0EE4C7A62
:1050E800002384ED14CAE364236F09F1FF3967EEE6
:1050F800877A3C3CB9F1FF3FC4F8B030C4ED2B7A55
:10510800A3D19BF80620002A6CD00024DFED3B7A5F
:10511800E3B212F0010F04F10104C3EB031305D04D
:105128000AEB830393ED2B7A77EE877A5208EFD157
:1051380095ED007A009BAAEEA77AA5EC017A9D422C
:1051480096ED007AAAEEA77AA6EC017A7FF475AFFD
:1051580003B0BDEC0A8BBDE8F08F94ED157A84EDB1
:10516800147AC1E794ED147AD4ED156AD4ED175A80
:1051780036EEC76AA5EE867A37EE666AB0EEC66A7C
:10518800B4EECB6AF1EE10FA29D50323B0EE667AB5
:10519800C4ED146AE364A7E794ED147A94ED166AF3
:1051A8007BEEC76AA6EE267AB4EEE87AF1EE10FA3C
:1051B80015DBB7EE007AC4ED148AC4F84C8093E787
:1051C800B5EEC0AAF1EE10FA7FF75CAFD4ED1C7A09
:1051D80094ED1D7A77EE877AA7EE8A0A52E784ED76
:1051E800147A81E7DFED057AA2E7B0EE4C7A7BE727
:1051F800DB0F4940F304353FDB0FC94000000000D6
:1052080017B7D1382DE9F04F81460C4616460546AA
:1052180000F5AA6798462DED108B93B01193D5F839
:10522800F430002B40F0A58205F5AA75BD42F6D1F1
:10523800119BB7EE00EA2C9AB0EE087AD5ED027A07
:10524800934295ED03FAC7EE87EA3EEE67EA80F2ED
:10525800E08143F2C840119905F50053B6EE008A83
:10526800484406EB8102079304EB81010E9043F258
:10527800244003F68C730592484409F58052069140
:10528800F0EE009A0D9043F2D440D2F8CCAC4844EA
:105298002C9909931346089004EB8101D9F86C0501
:1052A800D2F8C05CD2F8C4BC52469FED7FAA8246B1
:1052B800D9F860651846D9F864850C91069BF3EC1B
:1052C80001DA0693F0EE6D7A099B93ED007A059B5F
:1052D800EFEE077AB3EC01DA059306EB8A03C3ED28
:1052E800007A0AF10103434500F02982CDF80CA0A9
:1052F8009A46079BF0EE4D7AC9F86CA503F57963D9
:1053080093ED007A05EB8203EFEE077AC3ED007A9E
:10531800531C5B4500F00E8204921A46079BF7EE79
:1053280000BADFED628AB0EE04BA03F68873F7EECE
:1053380008AAB0EE689AC0F8CC2CF0EE68CADFED87
:105348005CFA93ED00CACDE90A2ADDE90D478246E9
:105358006168E36807EE901AF7EC016AB8EE670A2D
:1053680060EE0A7A042B00F20D82DFE813F09D014B
:10537800810196016A01050094ED000A2CEE000AED
:10538800A368C918616025D3216919B30B68BFEEFA
:10539800007A03F1DA4303F52D1303F56753353328
:1053A8000B6083EAD33143F0010301FB03F383EA83
:1053B800D31143F03D0C0CFB01314B4083EA93338E
:1053C80007EE903AF8EE677A67EE8A7AA7EEA97A3E
:1053D80084ED007A36EE800AB4EEEB0AF1EE10FAAC
:1053E800C0F28581D9F8683507EE903AB8EE677A49
:1053F800B4EEC70AF1EE10FA00F38A81FDEEC07A26
:10540800B8EEE77A17EE903A30EE477A039AD31A55
:10541800591C48BF4144002B06EB8101D1ED005ACD
:10542800C0F25C8106EB830191ED005A591E002BF6
:1054380000F05B81F0EE657A023B06EB810148BF24
:105448004344E5EE4B7AD1ED004A06EB8303A16DA8
:1054580035EE646AD3ED003A34EEE54A236E73EE16
:10546800E55AE4EEA97A26EE2A6AA5EE886AE3EE02
:10547800C87AE6EE077A67EE877AE4EE087AA7EE4E
:10548800875A07EE901AB8EE670A20EE0A0A39EE34
:10549800059A042B00F27981DFE813F01301DB0091
:1054A800F800CA000C0000BF0000802F00000000B8
:1054B800DB0FC94094ED150A2CEE000AE36DC918FC
:1054C800A16525D3616E19B30B68BFEE007A03F1AD
:1054D800DA4303F52D1303F5675335330B6083EA7D
:1054E800D33143F0010301FB03F383EAD31143F003
:1054F8003D0C0CFB01314B4083EA933307EE903AA5
:10550800F8EE677A67EE8A7AA7EEA97A84ED157ABB
:1055180076EE806AF4EEEB6AF1EE10FAC0F2F480EF
:10552800DAF8C83C07EE903AB8EE677AF4EEC76A44
:10553800F1EE10FA00F3F580FDEEE67AB8EEE77AC0
:1055480017EE903A36EEC77A049AD31A591C48BF18
:105558005944002B05EB810191ED006AC0F2CB8024
:1055680005EB8301D1ED005A591E002B00F0CA80CB
:10557800F0EE467A023B05EB810104F11C0448BFBA
:105588005B44E5EECB7A91ED005A05EB830375EEAB
:10559800C56AD3ED004A35EE464A089B34EEC66A22
:1055A800E5EE297ABB4266EEAA6AE6EE086AE4EE00
:1055B800C87AE6EE877A67EE877AE4EE087AE7EE4D
:1055C800875A78EEA58A7FF4C3AEF0EE086A099B85
:1055D8002EEE897A05996EEEA87A5046C9EE265ABB
:1055E8000A9ADDF82CA088EEA66AAEEE2D7AEEEEC9
:1055F8000D7AC3ED005A079B03F5796383ED006AC2
:10560800069B03ED017A41ED017A0C9999427FF4EA
:1056180055AE09F540522C9B1199591AD2F8E43429
:105628000B44C2F8E43413B0BDEC108BBDE8F08F26
:10563800B4EEC80AF1EE10FA00F19180B1EE4C0A0E
:105648003CE7F4EEC87AF1EE10FA7ED4B1EE4C0ADB
:1056580096E6B4EEC80AB1EE007AF1EE10FA40F11F
:105668008180FFEE007AE0EE077A2CEE270A25E724
:10567800F4EEC87AB1EE007AF1EE10FA68D5BFEE12
:10568800000AA7EE870A2CEE000A79E6FFEE007AF8
:10569800E0EE297A2CEE270A10E7BFEE000AA7EE03
:1056A800A90A2CEE000A6BE627EEAF0A1091CDEDA1
:1056B8000F6A0CF0B9FFDDED0F6A2CEE000A1099A5
:1056C8005EE620EE2F0A1091CDED0F6A0CF0ACFFCC
:1056D800DDED0F6A2CEE000A1099EFE608EB0301E6
:1056E80006EB810191ED005A591E4144A2E6B0EE45
:1056F8006C7A01238AE60BEB030105EB8101D1EDFE
:10570800005A591E594433E7B0EE6C7A01231BE75F
:10571800FDEEC77A17EE903AF8EEE77A37EE677A39
:1057280074E6FDEEC77A17EE903AF8EEE77A37EEB0
:10573800677A09E74FF0FF3300220493EEE54FF054
:10574800FF334FF0000A0393D3E5B0EE4C0A17E697
:10575800B0EE080AA7EEC70A2CEE000A10E6B0EE73
:105768004C0AABE6F0EE087AE0EE477A2CEE270A10
:10577800A4E62C9943463246284600912146FDF777
:1057880023FF51E52CEE2C0AFAE52CEE2C0A95E6BF
:105798002DE9F04F2DED0E8B95B0029390F8F93569
:1057A800CDE91012002B00F08D82B6EE007AD0ED14
:1057B800027A90ED01AA044677EE877AB5EEC0AA80
:1057C800FDEEE77A17EE907A062FA8BF0627012F7D
:1057D800B8BF0127F1EE10FA80F2BA82D4ED038A3D
:1057E8009FEDD3AAF5EEC08AF1EE10FAC0F2C0829E
:1057F800F7EE007AF4EE678AF1EE10FA77FEA88ADF
:1058080004F2F4532C9A94ED068AD3ED007A0193AE
:10581800029B28EE278A934280F24582D4F8EC3521
:1058280004F28456DFEDC3AA049304F2D4539FED27
:10583800C09A069304F5BB63DFEDBF9A0D9304F598
:10584800BE639FEDBEBA0F9304F11C030EEE903AAF
:1058580004F2C4430E93BA4B03F13C0504F24453DB
:10586800079304F20453129304F55173139304F548
:1058780071730893049B002B40F38382102BA8BFFD
:1058880010230699B1EE0CCA2C9AF7EE00BAD1EDA6
:1058980000CAA04602992AEE0CCADDF838C07BEE91
:1058A800E8BA521A0D9894F8F8151EEE90BA9A4272
:1058B8000C9690ED00DA6646A8BF1A46DDF818A0E7
:1058C800CDF82CC01346039292000CEB8309059285
:1058D800CDE909740F460446002F00F04C82019B65
:1058E800D3ED007AF4EEEC7A77EEEC7AF1EE10FA7A
:1058F800CCBF08F2DC5108F2E45191ED007AE7EEF2
:1059080087CAF4EECDCACAED00CA7CEECD7AF1EEB4
:1059180010FACCBF08F5BC6108F5BD6191ED007ABD
:10592800D8F8BC15A7EE87DA013984ED00DA032927
:1059380000F2E482DFE811F0F101D401CB010400A8
:1059480008F5B761D1ED027A91ED067AE7EEC77AEC
:10595800F4EEE97AF1EE10FA40F11082F0EE497AAD
:1059680081ED029A0021C8F8BC1568EEA77A7BEE93
:10597800A77A5846B7EE007AACEE277A86ED107A09
:10598800FCF722FFA6EC010AB145A5D14446099FC0
:10599800DDF82CB0DDF828800C9ED4F8B4C0ACF14A
:1059A80008035BF8041B04EB8C02B0EE4B7A03F09F
:1059B8001F03DFED5F7A5163624604EB830360499E
:1059C8005B6BC8F8443301E0B1EC017A02F01F03C5
:1059D8008D4202F1FF3204EB8303D3ED0D6AE6EE4C
:1059E800877AF1D177EEA77A0CF1010CD94508F145
:1059F80008080CF01F0CC8EDD07AD0D1039B4FF0EB
:105A08000008DDF84C90C4F8B4C04FEA430BDDF849
:105A180020C0CA46D4F83C02E646A0F1080359F86B
:105A2800041B04EB8002B0EE4B7A03F01F03DFED9A
:105A3800407AC2F8BC11014604EB8303404AD3F80C
:105A4800BC31CCF8003001E0B2EC017A01F01F0360
:105A5800954201F1FF3104EB8303D3ED6F6AE6EE63
:105A6800877AF1D108F1010877EEA77A01300CF1B5
:105A7800080CC3454CED017A00F01F00CDDC1299EB
:105A8800F7EE006A089BF5EE004A8C460599B1EEE0
:105A9800005AC4F83C02F0EE005A03F11000B0EED0
:105AA800084A0CEB0108BCEC016AA0F11001B1EC4A
:105AB800017A0023F0EE667A0133E6EE077A27EEE4
:105AC800A47ABBFE477AE7EE457AF4EEE57AF1EE82
:105AD80010FA4CBF37EEE67A34EE677A9F42E9D186
:105AE800884201ED017AE2D1E04500F11000DAD1F7
:105AF800B6EE006AD4F840C34FF00008ACF10803D2
:105B0800DEF8000004EB8C01B0EE4B7A03F01F03C3
:105B1800C1F8400204EB8303DEF80400C1F8C002B8
:105B28000CF1FF31D3ED907A054867EE867A0BE0E9
:105B3800000000000AD7A33C17B7D13886879CB865
:105B480028190020B0EC017A01F01F03824201F10C
:105B5800FF3104EB8303D3EDB06AE6EE877AF1D127
:105B680008F101080CF1010C0EF1080EEAEC017ABB
:105B7800C3450CF01F0CC1DCDDF81C80B6EE006AD2
:105B8800039BC4F840C3C646D4F8B80104EBC30964
:105B9800A446A0F10803DCF8441304EB8002B0EE3D
:105BA8004B7A03F01F03C2F8B81004EB8303DCF848
:105BB8004813C2F83811421ED3ED2E7AD14967EE48
:105BC800867A01E0B1EC017A02F01F038D4202F1FE
:105BD800FF3204EB8303D3ED4E6AE6EE877AF1D108
:105BE8000CF1080C0130E8EC017AE14500F01F00E7
:105BF800CFD10F9BB0EE004A059993ED002A079B81
:105C0800109A1944C4F8B801029B119802EB830258
:105C180000EB8303BEEC015AD6ED0C6A96ED0B6AD5
:105C28008E4575EE664A96ED067AF0EE665AD6ED22
:105C3800051AD6ED097AD6ED072AE6EE075A96ED4B
:105C4800083A24EE877AD6ED0A3AA1EE867AE4EE8F
:105C5800A25A67EE277A97EE046AD5EE846AE5EED3
:105C6800037A86ED0B6AC6ED0C6AE5EEA37A92ED2F
:105C7800007A62EE277AA7EE887AA2EC017A93ED91
:105C8800007AA7EE887AA3EC017AC3D1DDE9031381
:105C98005A1A029B04920B44C4F8EC252C9A0293DE
:105CA8009A423FF7E7AD94F8F8255AB904F5BB6373
:105CB800DFED957A93ED007AB4EEE77AF1EE10FA1B
:105CC80000F10F8115B0BDEC0E8BBDE8F08F08F523
:105CD800B761D1ED037AC1ED027A68EEA77A46E69C
:105CE80008F5B761D1ED027AD1ED036A91ED056A45
:105CF80036EEE77AE6EE077A37EEE67AB0EEC77A5E
:105D0800B4EEE97AF1EE10FA38D5C1ED026A032152
:105D1800F0EE667AC8F8BC1527E608F5B761B7EE65
:105D2800087AF7EE006AD1ED027A91ED046A37EE4F
:105D3800677AE6EE077AF4EEE67AF1EE10FACADB55
:105D4800C1ED026A0221F0EE687AC8F8BC150EE6C9
:105D5800F7EE007AD4ED038AB4EE67AAF1EE10FAF2
:105D6800F5EEC08A37FE8AAAF1EE10FABFF640AD0A
:105D7800DFED668A44E5F0EE497AB3E5C1ED027AD3
:105D8800F3E5D4ED057AF4EEEA7AF1EE10FA7FDB6A
:105D9800B1EE047AF4EEC77AF1EE10FA00F39780C8
:105DA8009FED5BDA27EE8DDA069BF7EE00CADFED92
:105DB800595AFFEE00DA93ED007A9FED570A3CEE50
:105DC800C77A0D9BDFED556A93ED00CAA7EE250A49
:105DD800DFED53BA3CEECC6A94ED00EAE6EE26BA63
:105DE80020EE270A20EE0E0A8DEE800A0CF048F904
:105DF80004F2E4536BEE8D7A3CEEC07A67EE8E7A4D
:105E080083ED007A8DEEA70A0CF03AF904F5BD632C
:105E1800B5EEC0CA3CEEC00AF1EE10FA83ED000AF6
:105E28004BDBB4EEECCAF1EE10FA4BDC9FED3D7A99
:105E3800DFED3D7AECEE077AD4ED04BAF5EEC0BAA0
:105E4800F1EE10FA29DA67EE897A9FED380AF0EE5A
:105E580049BA30EE270A0CF087F9354B304686ED03
:105E6800020AF36086ED049AFCF724FAF7EE000ABA
:105E7800DFED2A7AB0EE4C0AEBEEE70A0CF044FAB2
:105E88000F9B83ED000A1023C4F8EC350493F8E463
:105E9800F0EE6A7A9FED27DA86E7B7EE007AF4EE3D
:105EA800C7BAF1EE10FA17DC37EE6B7A9FED1F0ACE
:105EB80067EEAB7A27EE000ACBE7B0EE49CADFED12
:105EC8001A7AB9E7B0EE6CCADFED1B7AB4E7B7EE21
:105ED8000CDAF0EE477A67E7B0EE490AF0EE47BA17
:105EE800B7E704F2D45393ED007AB4EEE77AF1EE13
:105EF80010FA7FF5E7AE84F8F925E3E668EE897ACB
:105F080035E500BF2819002017B7D1380000000078
:105F18003333B33ECDCC4C3FCDCC4C3E3333333F03
:105F28009A99993EDA730F413C4DAA40DA735F4162
:105F38009A99193F4160E53B789A64412DE9F84FF9
:105F48004FF4D262054600214FF07E560EF094FBC6
:105F5800F0EE007ADFF8D4E34FF0FF3AE84F4FF065
:105F68007C58E84C05F5886BC5ED037A0021C5F827
:105F780014E005F5D369C5F818E00022C5ED8F7A5D
:105F880005F64820C5F844E205F6882CC5F848E22D
:105F980005F6DC23C5F824A2C5F810802F60C5F8E3
:105FA8003072C5F84082C5F81462C5F81042CBF8C3
:105FB800004005F2444B9FEDD47ACBF8006005F51C
:105FC8008C6BC5F854A4CBF8007005F26C4BCBED84
:105FD800007A05F58E6BCBF8008005F2744BCBF890
:105FE80000E005F58F6BCBF800E005F5CE6EDFF825
:105FF80040B3CEF8004005F2746ECEF8006005F2AA
:10600800946EC5F89016C5F884A6CEF80070DFF82F
:1060180024E3C9F804B0C9F800E0DFF81CE3DFF8AE
:106028001CA3C9F808E0DFF818E3C9F80CE0DFF8AA
:10603800F0E2C9F810E0C5F8AC16C5F8B016C5F816
:10604800B416C5F8B8160760C5F84C1AC5F8501A42
:10605800C260026142618261C2610262426282621E
:10606800C26242638263C263066305F6A420CCF869
:106078000070C5F88C1ACCF80820CCF80C60CCF865
:106088001060CCF81460CCF81860C0ED007A05F602
:10609800A820DFF8B092026005F6AC2080ED007A07
:1060A80005F52B60066005F6B82085F8B41A02607D
:1060B80005F6BC20026005F52C6080ED007A05F637
:1060C800C42080ED007A05F6C820066005F52D602D
:1060D800C5F8CC1A026005F6D420026005F6D8206F
:1060E800026018464FF4B4620EF0C6FA41F27C0121
:1060F8000346DFF854C229444FF07A504FF0FF327C
:10610800C3F8E8A0C3F8EC90C3F80861C3F81471A9
:10611800C3F81CA1C3F82091C3F83C61C3F84871C7
:10612800C3F850A1C3F85491C3F87061C3F87C71E7
:106138001F60C3F808B0C3F80CC018619E61DF6126
:10614800C3F82C805F635E665F67C3F89070C3F81E
:106158009C60C3F8A060C3F8A460C3F8A860C3F843
:10616800AC70C3F8B4A0C3F8B890C3F8D460C3F84F
:10617800E07003F5F07343F85CAC43F8589C43F8BF
:106188003C6C43F81C4C43F8186C43F80C2C8B42BD
:10619800B4D105F580544FF080434FF0000B5B4AB3
:1061A800C4F89C3004F5CA70594BC4F8B880C4F8D8
:1061B8008430584BC4F8D880C4F89430564BC4F88F
:1061C800F0804FF00008C4F89830544BC4F8902081
:1061D8009022C4F8BC30524B5249C4F8C030524BDC
:1061E800C4F88070C4F88860C4F8A070C4F8AC70B3
:1061F800C4F8C460C4F8C870C4F8E070C4F8F87093
:10620800C4F88C80C4F8A480C4F8A880C4F8B0800E
:10621800C4F8B480C4F8CC80C4F8D080C4F8D48062
:10622800C4F8E480C4F8E880C4F8EC80C4F87CB012
:10623800C4F8DCB0C4F8F4B0C4E93FBBC4F80481C6
:10624800C4F80881C4F80C81C4F81081C4F814811A
:10625800C4F81881C4F81C81C4F82081C4F82481CA
:10626800C4F82861C4F82C81C4F83081C4F834819A
:10627800C4F83871C4F83CB1C4F840A1C4F84491DA
:10628800C4F84881C4F84C81C4F85081C4F85481DA
:10629800C4F85881C4F85C81C4F86061C4F86481AA
:1062A800C4F86881C4F86C71C4F87081C4F874814A
:1062B800C4F87871C4F87C81C4F88081C4F884710A
:1062C800C4F88861C4F89061C4F88C3109F096FF6D
:1062D8002846C4F828B2C4F82CA2C4F83092C4F8EE
:1062E8002472C4F83482C4F83882C4F83C82C4F8F2
:1062F8004082C4F84482C4F84882C4F84C6225E05D
:1063080000803B4700005C43000048430000C04059
:1063180000004842CDCC4C3DCDCCCC3EEC51383E73
:106328009A99193EF00600200AD7A33D9A99193F79
:10633800CDCCCC3D9A99593F3333333F00007A4452
:106348008FC2F53CF304353F0000A040C4F85082EA
:10635800C4F85482C4F85872C4F85C82C4F86082E5
:10636800BDE8F88FDF4AE0492DE9F84F2DED048BA1
:10637800C2600026DD4A0025DD4F4FF07C5882615F
:106388004FF07E5302630446026400F5D36AD94A8B
:1063980004F540599FEDD89A4261D84AC0F84C801C
:1063A8004262D74A06658262D64A8665C66506662F
:1063B800C0F86480066746678667C0F87C809FEDF2
:1063C800D28A86600661C6610662C0F83C8046646F
:1063D800866447658566C7664560076080ED0B9AE9
:1063E8004263CA4AC0F8A830C0F8E430C0F8FC30AC
:1063F800C0F80031C0F88860C0F88C60C0F89060C0
:10640800C0F89480C0F8A060C0F8A460C0F8AC6080
:10641800C0F8B060C0F8B460C0F8B860C0F8CC602C
:10642800C0F8D060C0F8D460C0F8D860C0F8DC60AC
:10643800C0F8E060C0F8E860C0F8EC6082634FF430
:10644800AA62C0F8805000F5A47040F8C47C40F8F7
:10645800B05C40F8AC7C40F88C7C40F8885C00ED7F
:10646800208A40F8587C40F8545CDFEDA98A40F84F
:10647800506C40F8443C40F8403C40F8303C40F810
:106488002C3C40F8283C40F8243C40F81C3C40F8A0
:10649800183CA04B40F8346C40F8146C40F8106C71
:1064A80040F8203C40ED218A40F83C7C40F8385CBC
:1064B80040F80C5C00ED028A00ED018A09F09EFEAE
:1064C80004F58053CAF800805422CAF8048029468B
:1064D800CAF808800AF50058CAF80C6009F5AD60DA
:1064E800C4F8A8560AF53D5AC4F8AC56C4F8B056D4
:1064F800C4F8B456C3F8085EC3F80C5EC3F8105E5F
:10650800C3F8145E0EF0B8F808F56D6354222946F6
:106518001F6008F6EC6309F2BC501F6008F60873A8
:106528001F600EF0A9F808F6247208F6847329464D
:10653800176008F65C72CAF800704FF4C16A1760F9
:106548004FF44162C9F81056C9F81456C9F81856DC
:106558001E6008F688731E6008F68C7308F5796863
:106568001E60C8F8006009F5C666C9F82C563046A2
:106578000EF082F8F0EE006A4FF0020E9FED667A98
:10658800DFED667AB4460AFB05F54FF07C584FF00C
:106598007E514FF0FF3662190CEB050309EB05003D
:1065A800012502F54052AE4502F5C66BCBF80070E6
:1065B80002F2346B02F5C7628BED007AC2ED006A15
:1065C80003F28452C3F80C80C3ED047AC3F8148034
:1065D800C3F82C8083ED069ADF61176003F28C52B2
:1065E800C2ED008A03F5B26282ED008A03F2AC5272
:1065F800116003F5B762176003F2C452116003F526
:10660800B962116003F2CC52116003F5BA6203F269
:10661800F45311601960C0F82C6C40F02F8104F518
:10662800804144F2442245F2587349F294660025A9
:10663800F0EE047A22442344C1F8405226444FF035
:10664800804B9FED378ADFF8DCA00021DFF8D89077
:10665800DFF8D8E0DFF8BCC041F2145082ED008AC0
:1066680055604FF07E58C2F808A04FF0FF37C2F8C7
:106678000C901161C2ED057AC2F818E0C2E907551D
:10668800C2E90955024443F830BC43F8281CB24219
:1066980043F8241C43F8201C43F81CCC43F8181C6E
:1066A80043F8141C03F8105C03F80F5C43F8085C0B
:1066B80003F8045C43F82C8C43F80C7C43E90E5532
:1066C8000344C9D104F51046B6EE009A4FF4D262DD
:1066D800002106F5D36AC6F89456DFF85490504660
:1066E8002AE000BF0000E04080070020CDCC4C3EEF
:1066F80000803B4700A00C46CDCC4C3F0AD7A33BBB
:10670800CDCCCC3DA69B443BF304353F9A99193E2A
:1067180000007A440000DC433333B33E3333333F65
:1067280000803B473333B33E295C8F3E6666663F45
:106738009A99193F00005C435FED028A0DF09CFFB7
:1067480006F6C8028AED008A06F62C538AED049AEA
:106758000021CAED848A1846CAF80CB0CAF8148217
:10676800CAF81490CAF81890C6F8BC7882ED008A66
:1067780006F6D8228AED909ACAF83CB2CAF8449232
:10678800CAF84892C2ED008A06F6DC22C2F80080F8
:1067980006F6F822C6F8EC7A82ED008A06F604328C
:1067A800C2F800B006F6083282ED009A06F60C32FE
:1067B800C2F8009006F53162C2F8009006F6085259
:1067C800C2ED008A06F60C52C2F800804FF4D2627D
:1067D800C6F81C7DC6F8285D0DF04EFF06F65C7104
:1067E80080ED008A04F5204280ED049A00F5CE631E
:1067F800C0ED848AC0F80CB0C0F81490C0F81890A6
:10680800C0F81482C6F8507F81ED008A00F58861CF
:1068180080ED909AC0F83CB2C0F84492C0F8489213
:10682800C1ED008A00F24441C1F8008000F26C41D9
:1068380082ED638AC2F88071C1F800B000F58E61FC
:1068480081ED009A06F58D5106F59D56C1F8009028
:1068580000F58F614AF2C030C1F800902044C3EDC2
:10686800008AC6F80080C2F8B073C2F8BC53FFF7BC
:1068780065FB2046BDEC048BBDE8F88FAE4682E68A
:106888002DE9F84F00F58055D5F80838002B2DED87
:106898000C8B25DD41F2F87B0024DFEDC29A9FEDD9
:1068A800C29A8344DFEDC18A9FEDC18AD5F8F817F3
:1068B8005BF8047FD9B9BF4B4FF0040E03F50160B4
:1068C80093F800221AB1D3F8F821974225D003F59E
:1068D80001739842F4D10134D5F80838A342E5DCB5
:1068E8000023BDEC0C8BC5F80838BDE8F88F0129EA
:1068F80027D1B04BD3F8082912B10422C3F80829CC
:10690800D3F82429002AE6D004220134C3F8242924
:10691800D5F80838A342C9DCE2E7D3F8E42183F8C4
:106928000012002AD3DDC2EB021203EB820C1A46D6
:10693800D2F888600EB1C2F888E03C326245F7D1DF
:10694800C5E7022916D19B4B4FF0000C042003F534
:10695800AA6193F8AC2A1AB1D3F8A42A97423DD079
:1069680003F5AA738B42F4D10134D5F80838A34251
:106978009CDCB5E7032919D004293DD1DFF84C8206
:106988009FED8DCADFED8DBADFF84492DFF844A29F
:1069980018F8043C1BB158F80C3C9F4262D041F2F5
:1069A800145399449844D145F2D194E7844B00207C
:1069B8004FF0040C03F5416193F804261AB1D3F89B
:1069C800FC25974243D003F5C1638B42F4D10134CF
:1069D800D5F80838A3423FF769AF81E7D3F8502AC2
:1069E80083F8ACCA0AB1C3F8500AD3F86C2A002A53
:1069F800B6D0C3F86C0AB3E7052915D0062940F0CC
:106A0800B780DFF8D4814FF0000A08F5D26998F80A
:106A18002C3223B1D8F824329F4200F0FA8008F5CE
:106A28000C78C845F3D156E7DFF8B0814FF0000A7B
:106A380008F5D26998F82C3223B1D8F824329F424D
:106A480000F0D08008F50C78C845F3D143E7D3F8B7
:106A5800BC2583F8040683F8F805002AB3D0C3F8E8
:106A6800BCC5B0E7D9ED020A0023D9ED00CAF5EE9E
:106A7800C00A18ED07BA08F8043C8CEE8BAA08F88F
:106A8800103CF1EE10FA00F18A80F7EE007AF4EE8D
:106A9800670AF1EE10FA77FEA00AB0EE690A0BF069
:106AA80033FC6CEEA87A20EE090AF7EE00AAB4EEE1
:106AB800670AF1EE10FA37FE800A20EE080A80EE27
:106AC8002C0A0BF0DDFA6BEE0C7A3AEEC00A87EE70
:106AD800ACDA08ED0B0A7AEEC0DA48ED0ADAB0EE65
:106AE8004D0A0BF0A1FDF0EE40CAB0EE4D0A0BF0D6
:106AF8009FFEF0EE6A0AF0EE407A6DEEACCAEDEE5B
:106B0800E70AB0EE6C0A0BF02DFB80EE0D7A7AEEF8
:106B18006A7A77EEC77AF4EE6A7AF1EE10FA48BF2D
:106B2800F0EE6A7A48ED0C7AD9ED057AF4EEEB7A54
:106B3800F1EE10FA30D4B3EE047AF4EEC77AF1EE3F
:106B480010FA63DC9FED1F7AF4EEC77AF1EE10FAC3
:106B580058BFF0EE477A2BEE27BAF8EE080AB2EEE5
:106B6800040AC0EE8B0A0BF0CFFB08ED080A16E703
:106B780007293FD1DFF868804FF0000A08F5D2698D
:106B880098F82C321BB1D8F824329F425ED008F511
:106B98000C78C845F4D19EE6DFED087ADBE7DFED37
:106BA8000A0A7AE7610B363D00A08C466666E63E27
:106BB800DB0FC9C0548E0020DB0FC940CDCC4C3D43
:106BC80098CC0020EC51383E00000000C0ED0020B9
:106BD800ACD80020FC2C012094330120002D01208A
:106BE800283A0120404688F82CA288F818A2FDF718
:106BF800AFF827E7083914D11D4BD3F86026002ACF
:106C08003FF469AE0422C3F8602664E6DFED197A22
:106C1800A1E7404688F82CA288F818A2FDF798F852
:106C2800FDE601297FF457AE134B4FF0000C042109
:106C380003F5B46293F8DC0118B1D3F8D4018742A4
:106C48000CD003F5F0739342F4D144E6404688F83B
:106C58002CA288F818A2FDF77BF898E7D3F89400DF
:106C680083F8DCC10028ECD0C3F89410E9E700BF32
:106C7800543E0120EC51383E04450120F8B5604AE5
:106C880000234FF0E0654FF48066044611468560A6
:106C980002F1060E86811D464FF0010CC0E9003254
:106CA800584801E011F8013FA0FB036271454FEA23
:106CB800D20202EB4202A3EB820303F10C03A0FB16
:106CC80003624FEAD20202EB4202A3EB82030CFA00
:106CD80003F343EA05039DB2E4D14B4BB2EE086AD5
:106CE800DFED4A6A4521636404F11002002325811F
:106CF800C4ED106AE16407EE903A0133F8EEE77AE2
:106D08000C2B67EEA67A87EE867AA2EC017AF2D18E
:106D180000253F4A3F4804F58056A3642946C4F835
:106D2800A0204FF47272C4F8A40004F66C00C4F8F2
:106D38008854C4F88C54C4F89054C4F89454364F0A
:106D4800C4E91455C4E91655C4E91855C4E91A55D7
:106D5800C4E91C55C4E91E55C4E92055C4E92255A7
:106D6800C4E92455C4E92655C4E92A55C4E92C5573
:106D78000DF082FC29464FF4727204F634400DF08F
:106D88007BFC29464FF4717204F6FC700DF074FC1C
:106D9800002329464FF40072C6F8D03306F57A70FE
:106DA800C6F8E033C6F8E4334FF07E53C6F8D45340
:106DB800C6F8DC33C6F8D873C6E9F055C6E9F2550B
:106DC8000DF05AFC4FF40072294606F5BD600DF02F
:106DD80053FC06F5FD6320461F600123C6F8F057F3
:106DE800C6F8F457C6F8EC37C6F8F857C6F8FC5793
:106DF800C6F80058C6F80458C6F80858F8BD00BFC9
:106E0800D8170020ABAAAAAA0000DC4300009644C9
:106E18009A9999BECDCC4C3D00803B472DE9F84F5F
:106E2800DFF8F8800024334EDFF8F4A0324FDFF8A3
:106E3800F490324D2DED028B9FED318AD6F8F8375C
:106E48003048A34206D0FFF71BFD0023C6F8F847D9
:106E5800C6F8F437013406212B480AF08FFC214686
:106E6800284608F02BFF012128480AF087FC0B214F
:106E7800284608F023FF022125480AF07FFC58F82D
:106E880004BB5846BBF1000F05D00DF0A9FC014624
:106E980058460AF073FC07211E480AF06FFC4FF4AD
:106EA800C8523B8801219AED007A284602FB03F379
:106EB800B8EE477A07EE903AF8EEE77A67EE887A06
:106EC80087EE870AB7EEC00A08F012FF01211248C0
:106ED8000AF054FC284608F0FDFEB9F8003042F2EA
:106EE80010703B8009F02EF90B2CA7D1BDEC028B5A
:106EF800BDE8F88F288600206A55012068650020C3
:106F08000044AC4328760020C05F0020C85F002002
:106F1800CC5F0020D05F0020D85F0020341600200E
:106F2800646500206855012038B52DED028BB0EE60
:106F3800608A864600F5D26C034693F819521C46BF
:106F480003F50C7345B39C45F7D1002490F82C3217
:106F58004BB9002C00F0A080D0F82852D4F8283281
:106F68009D4238BF044600F50C706045EED19CB9CF
:106F780074460EF50C7EF4450CD0002CF8D0DEF8E3
:106F88002802D4F82832984238BF74460EF50C7E91
:106F9800F445F2D1002C70D0F3EE047A0123D4ED3D
:106FA800008A84F82C32B4EEE70AC4E98912F1EEBB
:106FB80010FA09DBDFED3C7A68EEA77AB4EEE70A4F
:106FC800F1EE10FA77FE807AB5EEC08AC4ED847AC5
:106FD800F1EE10FA54DA9FED358A40F20113C0221F
:106FE800002104F59E70A4F8183284ED858A0DF00E
:106FF80043FB2046FCF7ACFED4ED050AF5EEC00ACB
:10700800F1EE10FA45DBF7EE007AF4EE670AF1EEDE
:1070180010FA77FEA00A9FED260A0BF075F99FED8E
:10702800257AF6EE007A002320EE070A9FED227AF1
:10703800C4F8043278EE085AB4EEC78A9FED1F6A86
:10704800E8EE807AFDEEE77A17EE903A022BB8BFA9
:107058000223F1EE10FA07EE903AC4F8003238FE37
:10706800078A84ED878AF8EEE77AC5EEA76A86EE86
:10707800277AC4ED826A84ED837ABDEC028B38BD31
:10708800F7EE007AB4EE678AF1EE10FA37FE888AD6
:10709800A3E7DFED060ABEE7044600F50C7060457D
:1070A8007FF454AF63E700BFCDCCCC3E00000000B6
:1070B800CDCCCC3D6F12833B0AD7233CDB0FC940B4
:1070C8002DE9F04F9A4602EB8303044600F5D2609F
:1070D8002DED0A8B87B0F0EE008ADFED74AA0493D9
:1070E80001EB8A03CDF808A003931A9BDFED70BA71
:1070F80001EB83089FED6F8AC24694F8193243B9B1
:1071080004F50C748442F8D107B0BDEC0A8BBDE8D5
:10711800F08F029B1A9A94ED06BA9342D4F8FC9128
:1071280080F2C08004F11C0BD4F80082BFEE00AAE4
:1071380005905B46F5EE009AB7EE00CA0BEB8905A1
:10714800B6EE009AC3469846DDE90367D4F8041200
:10715800594552DBB9F1000FF0EE6B4A40F39380CA
:107168009FED537A4346F3EC015AD3ED5F7AAB4275
:1071780093ED175AD3ED476A67EEC57A93ED2F6AF8
:10718800C3ED5F6AE5EEA67AE6EE247A37EE277A53
:10719800C3ED477AE7D1D6ED007AB5EEC07AEBEECB
:1071A800077AF1EE10FAC6ED007AD7ED007AEBEE29
:1071B800077A48BFB1EE477AC7ED007AD4ED877AEF
:1071C800F4EEC77AF1EE10FA03D494ED887A27EE3C
:1071D800877A0436043784ED877A5645B6D1059800
:1071E800B4EEEA7AF1EE10FA8AD5D4E98031994200
:1071F80086DB002384F8193282E707EE901A0191A2
:10720800B8EEE70AD4ED837A20EE270A0BF010FBDC
:1072180060680199F0EE4A6A03687CEE404A0131E1
:1072280094ED827A03F1DA43B9F1000F64EE894AEA
:1072380003F52D1303F5675303F135030360C4F811
:10724800041283EAD33143F0010301FB03F383EA19
:10725800D31143F03D0000FB013183EA010383EAC7
:10726800933307EE903AF8EE677A67EE887AE7EE9E
:10727800A86AF0EE4C7AE6EEA97A64EEA74A64EEC4
:10728800874A3FF76DAFD6ED007A9FED097AEBEEAE
:107298002B7AC6ED007AD7ED007AEBEE2B7AC7EDA4
:1072A800007A8BE794ED877A9AE700BF17B7D13851
:1072B800000000000000802F2DE9F04F064600F581
:1072C800B46504462DED088B83B094F8CC71234641
:1072D80004F5F07467B3AC42F7D1002390F8DC41B1
:1072E8004CB9002B00F05381D0F8D871D3F8D841AD
:1072F800A74238BF034600F5F070A842EED1BBB9EB
:10730800334606F5F076AE420CD0002BF8D0D6F80E
:10731800D841D3F8D801844238BF334606F5F07611
:10732800AE42F2D123B903B0BDEC088BBDE8F08FB3
:10733800F3EE047A012093ED007A83F8DC01B4EED1
:10734800E70AC3E97512F1EE10FA09DBDFED937A6B
:1073580067EE277AB4EEE70AF1EE10FA77FE807A44
:10736800F5EEC00AC3ED717AF1EE10FA72DADFEDCC
:107378008C0AD3ED035AB6EE007A93ED1D6A01220A
:10738800D3ED056A0021C5EE867A83F8CC21002268
:1073980019628448C3ED720AD862F4EEC76ADA67E4
:1073A800F1EE10FA54BF012111461963F5EEC07AC7
:1073B800F1EE10FA57DBF4EEC77AF1EE10FA00F3AB
:1073C800C480F5EEC07AF1EE10FA4CDDDFED766A96
:1073D800A7EEA67AFCEEC77A17EE901A9FED709A80
:1073E8000120D3ED017A0022C3F88010F4EEC97AA7
:1073F80083ED369A83ED379A83ED439AF1EE10FACE
:1074080083ED449A83ED509A83ED519A83ED5D9A0A
:1074180083ED5E9A83ED6A9A83ED6B9A83ED269AE3
:10742800C3F89400C3F8D0211FDBB1EE007AF4EE64
:10743800C77AF1EE10FA40F38B80B7EE009A9FED11
:107448005B0ADFED5B9A04200322DFF878B10C2198
:10745800102612E0F7EE007AF4EE670AF1EE10FA61
:1074680077FEA00A85E71146B8E79FED510A114655
:10747800DFED509A0426DFF84CB10A441C46064456
:107488004D4F4FEA82084D4DB6EE00BA4FEA8609D5
:1074980008F1040307EB8606DFED49AA07EB82072C
:1074A8009B4405EB820504F5827304F5D87ADFED79
:1074B8003CBA0193F0EE490A80EE290A0AF024FF4B
:1074C800F7EC017AB6EC017AF5EC016A37EE677AE7
:1074D80060EE299A26EEAA0AE7EE097AB0EE67AAC4
:1074E8000AF042FEA5EB0803B0EE408A4B4413EDC8
:1074F800010A20EE2A0A0AF037FEC9EE8A8AC4ED8C
:107508002D9A04F1AC00C4ED2FBA343430EE480A99
:10751800A0EE098AF4EE4B8AF1EE10FA48BFF0EEBD
:107528004B8AC4ED218AFAF7C5FEC8EE287A019B7A
:107538009C42EAEC017A3FF4F6AEFBEC019AABEB25
:1075480008034B4413ED010AB4E74FF0004145E747
:10755800BDEEE77ADFF86CB017EE102A032AA8BF51
:10756800032202EB8204101807EE102A91000BEB9D
:107578008404B8EEC79A8600D4ED009A00EB800424
:107588000BEB840437EEC99A94ED000A75E70346BD
:1075980000F5F070A8427FF4A1AEB0E63333B33EF5
:1075A800000000009A99993E0000804F0000AF4308
:1075B8000000C8430000164410170020741700206C
:1075C8002D152A3EC01800202DE9F04F1E4690F8D0
:1075D80020342DED0E8B85B0002B00F06281D0F8A1
:1075E8003834044688461746002B29DD1C9A921B1E
:1075F8009B1A002BC0F8383400F3CB810023C0F865
:10760800383400F5866393ED000A30EE006AD4ED55
:10761800005AF7EE086A04F58363B7EE007AC5EE00
:10762800867A83ED000A04F5826377EEE67AF4EE53
:10763800477AF1EE10FA48BFF0EE477AC3ED007AC8
:10764800D4ED017AD4ED03DAF5EEC07AF1EE10FA52
:1076580080F22C81DFEDDD7A04F21C439FEDDCAA79
:10766800DFEDDCAA94ED027AD3ED006AB5EEC07ABC
:10767800E6EE8AAAF1EE10FA6AEEA7AAC0F28381B2
:10768800F7EE007AB4EEE77AF1EE10FA40F37E8175
:10769800D4ED059AF5EEC09AF1EE10FAC0F27081B9
:1076A800F7EE007AF4EE679AF1EE10FA77FEA99AEF
:1076B80004F588639FEDC8BAD3ED007A1C9B69EE88
:1076C800A79AB34269EE8B9A40F3DB8004F5826394
:1076D80008EB860807EB8607DFEDBCCA039304F5C1
:1076E8006D7004F23C439FEDBDCA9FEDBD9A04F254
:1076F800144BDFEDBCBA04F2244A656AD4F818903A
:107708000293039B93ED007AB5EEC07AF1EE10FA7E
:10771800C0F22381D4ED087AF8EE677AB4EEE77AFE
:10772800F1EE10FA00F32081FDEEC77A17EE901AF9
:10773800F8EEE77A77EE677A6A1E521A01D5E3699E
:107748001A4409EB8202AB1E92ED008A5A1A00F124
:107758000881134609EB83039BED007AD3ED006A99
:10776800D4F8F83376EEC86A013BA6EEA78A38EE5D
:10777800077A8BED008A67EE0C8A032B00F23481BE
:10778800DFE803F0C5A69D0204F20C4394EDFFDA8E
:10779800D3ED007AADEE67DAB4EEC9DAF1EE10FA9D
:1077A80040F1EB80B0EE6CDA0023C4EDFFCAC4F8F8
:1077B800F8332AEE8DDA029AD2ED007AF4EEC97A1D
:1077C800F1EE10FA40F3C68004F24443B0EE4AEA00
:1077D80093ED007A67EE877AA7EEA9EAC2ED007A00
:1077E8000190FCF787FBB7EE006A0198F0EE6B6A30
:1077F800FFEE005AF0EE467AE0EE0E7A67EE8D7AEA
:1078080038EEE77AE7EE4B6AB1EE475AF4EEE56AEE
:10781800F1EE10FA80F29680B0EE457AE36909EB52
:107828008502013577EE877AB5EEC08A9D4208BF9A
:107838000025C2ED007A6562F1EE10FAD8ED007A03
:10784800EDEE887AE8EC017AD7ED007AEDEE887AE9
:1078580048BFB1EE488AE7EC017ADAED007AF4EE37
:10786800C87AF1EE10FA05D404F5856393ED008A21
:1078780027EE888A01361C9B8AED008AB3427FF482
:1078880040AFD4F8F83363B904F22442DFED547AF8
:1078980092ED007AB4EEE77AF1EE10FA48BF84F878
:1078A800203405B0BDEC0E8BBDE8F08FB7EE007A42
:1078B800F4EE477AF1EE10FA77FE277ACCE604F573
:1078C8008063D3ED007A2AEEA7DAC4EDFF7A72E777
:1078D80004F5806394EDFFDAD3ED007A04F5816353
:1078E80037EECD7AD3ED006AA6EE87DA3DEE677AF9
:1078F800B0EEC77AB4EEC97AF1EE10FA3DD503239B
:10790800B0EE67DAC4EDFF7AC4F8F83351E7B7EEA2
:10791800087AD4EDFF7A04F20443F7EE006A37EEF2
:10792800677A93ED006AE6EE077AF4EEE67AF1EE0E
:1079380010FAC8DB0223B0EE6ADAC4EDFF6AC4F8B5
:10794800F83338E7F4EEC66AF1EE10FAD8BF27EE3E
:10795800267A63E7B0EE4AEA42E7F0EE6C7A002155
:10796800EAE6E3691344F5E6BDEEE77A17EE101A86
:10797800B8EEC77A77EEC77ADEE684EDFFDA18E765
:10798800DFED129A94E69FED11AA81E627EE0AAA86
:107998007EE607EE903A00F23443F7EE000AF8EE7E
:1079A800E77AD3ED006A00F22C4387EEA67A93EDCE
:1079B800008A00F5866393ED000A80EE080A70EEEF
:1079C800C70A0AF0A1FC28EE000A1EE60000000023
:1079D800CDCCCC3E9A99193F9A99993E3333F3BE50
:1079E80017B7D1383333333F2AEEACDAE3E600BFBA
:1079F800F8B52DED028BB0EE408A0646B0EE600A6F
:107A080000F501678646DEF8E03175469C7994B149
:107A18004FF0000C5FFA8CF314F0010F0CF1010C1D
:107A2800C3EB031305D00EEB8303D3F88830002B88
:107A380056D16408EED19FED447A012385ED7C0A86
:107A4800B4EEC70A85F80032D5ED030A85ED7B8AC6
:107A5800F1EE10FAC5E97E1230FE070A0AF054FC6E
:107A68000022B6EE006AD5F8E4612B4600211446E0
:107A780085ED7D0A14E0F4EE467AF1EE10FA76FE12
:107A8800277A964202F101024FF00100C3ED207AF5
:107A9800D8BFD3F88800062A03F13C03D86449D03C
:107AA80093ED297AC3F88840B5EEC07AD967C3F850
:107AB8008C10C3F8AC10F1EE10FAC3F8B01003DC68
:107AC80093ED287A28EE077AD3ED1E6AC7EE267A58
:107AD800F5EEC07AF1EE10FACDD5DFED1C7AD0E7DD
:107AE8000EF5017EBE458ED1002590F800323BB9D7
:107AF8001DB3D0F8FC41D5F8FC319C4238BF05468F
:107B080000F50170B842F0D1002D94D1354606F544
:107B18000176BE420CD0002DF8D0D6F8FC01D5F87D
:107B2800FC31984238BF354606F50176BE42F2D19F
:107B3800002D80D1BDEC028BF8BD054600F5017023
:107B4800B842D2D1E0E700BF6F12833A00000000CC
:107B58002DE9F843044640F2D4594FF4BA6820306E
:107B680041F250720E460021002504F580572DED94
:107B7800028BC4E905982061B0EE408A0CF07CFDC8
:107B880004F5BC50E5612946C7F8749741F2507274
:107B9800C7F87887C7F870070CF06EFDDFEDB44AB8
:107BA800F0EE006A04F5005EBFEE006A42F6D06CA3
:107BB800DFEDB05A68EE244A9FEDAF7A0EF6847373
:107BC80042F67871A444A5EEA66AC7F87C57F2EE8F
:107BD800047A2846B0EE084AC3ED004AF0EE476A38
:107BE800DFEDA62AF0EE475A9FEDA55A9FEDA53A7C
:107BF80021449FEDA52A6346A44FA54D67EEA27ABE
:107C0800B5EEC08A67EE887AF1EE10FAE1EC017AF7
:107C180040F3F580B4EEC38AF1EE10FA54BFF0EEEB
:107C2800457AF0EE487AB5EEC08A1A46C3ED007A76
:107C3800183283ED016AF1EE10FAC3E9052540F325
:107C4800DB80B4EEC38AF1EE10FA54BFF0EE453A89
:107C5800F0EE483AC5EE847A03F16C02C3ED153AAA
:107C680083ED166AC3E91A2537EEC77AB5EEC07AEE
:107C7800F1EE10FA3BDDF7EE005AB4EEE57AF1EEDC
:107C880010FA34DA27EE027ABCEEC77A17EE102A19
:107C9800B5EE007A9A6077EE877A77EEE67AF5EEB7
:107CA800C07AF1EE10FA24DDB7EE007AF4EEC77A66
:107CB800F1EE10FA1DDA67EE827A01301C330328E0
:107CC800FCEEE77A17EE902A1A6418D007EE900AAD
:107CD800F5EE006AF8EEE75AF7EC017A85EE847A59
:107CE80077EE266ABBFE477AFBFE666A86E70022C5
:107CF800CEE7013000221C3303281A64E6D1DFEDF9
:107D08005E7A96E80F0084E80F0094ED017AB4EEED
:107D1800E77AF1EE10FA80F29E8064EEA74AB0EEA0
:107D2800677AD4ED027A84ED017AF5EEC07AF1EE45
:107D380010FAC0F28D80B7EE007AF4EE477AF1EED1
:107D480010FA77FE277A94ED037AC4ED027AB5EE3D
:107D5800C07AF1EE10FA78DBF6EE007AB4EE677AC4
:107D6800F1EE10FA37FE877AD4ED007A84ED037AC3
:107D7800F5EEC07AF1EE10FA64DBB3EE047AF4EEB5
:107D8800477AF1EE10FA77FE277A42F62472B6EEB9
:107D9800006ADFED3D5A2244DCED006A87EEA67AE0
:107DA800B5EEC07AF1EE10FA2EDBB4EEC67AF1EE3B
:107DB80010FA39DD4FF00043DCED156ACCF80C30D1
:107DC80087EEA67AB5EEC07AF1EE10FA1ADBB4EEB9
:107DD800C67AF1EE10FA19DD4FF00043CCF86030A6
:107DE8000CF11C0C6245D7D10EF6887EBDEC028BD7
:107DF800CEED004ABDE8F883F0EE453A2AE7F0EE0A
:107E0800457A10E70023E9E70023D5E7B5EEC07A05
:107E1800F1EE10FAF6DDF0EE466AE7EE256ABCEE02
:107E2800E67A17EE103AD9E7B5EEC07AF1EE10FA15
:107E3800EADDF0EE466AE7EE256ABCEEE67A17EE72
:107E4800103AB9E7DFED0C7A9FE79FED0B7A8BE7E5
:107E5800DFED097A77E7F7EE007AB4EEE77AF1EE2C
:107E680010FAD4BF64EE874AB0EE677A59E700BFCC
:107E78000BD7A33B7685433F000000006F12833A7F
:107E880000803B478096184B0000804F68190020FF
:107E9800979B28AD2DE9F0479FEDE77A0446DFED83
:107EA800E77A2DED088B90ED009AB0EE608AC9EE66
:107EB800078AF4EEE78AF1EE10FA78FEA78AB4EEA4
:107EC800E80AF1EE10FA0ADDF4EE008A69EE288A73
:107ED800F4EEC08AF1EE10FA58BFF0EE408A04F5CD
:107EE8008055226A40F2011305F59F66C6ED008AA7
:107EF800A5F8043542B192000021E0690CF0BCFB02
:107F080094ED009AD6ED008ADFEDCD7A0022D4ED0B
:107F1800020A05F59E63A262C9EE289AC3ED007AAB
:107F2800F4EEE70AF1EE10FA00F17881F7EE007A44
:107F3800F4EE670AF1EE10FA77FEA00A9FEDC10A87
:107F4800B7EE00AA0AF0E0F9DFEDBF6ADFEDBF7A0D
:107F580020EE260A9FEDBE7A69EE277AB4EE670A0C
:107F6800F1EE10FA37FE800A20EE070A80EE090AC1
:107F78000AF086F8DFEDB77A05F2EC4305F59D6265
:107F880068EEA77A3AEE400AC7EE89AA82ED000A9F
:107F98003AEE40BA83ED00BAB0EE6A0A0AF044FB42
:107FA800B0EE409AB0EE6A0A0AF042FCF0EE4A0AD5
:107FB800F0EE407A2BEE099AEBEE670AB0EE490A2A
:107FC8000AF0D0F8C0EE2A6A05F2E4439FEDA27ADF
:107FD80079EECA7A77EEE67AF4EE4A7AF1EE10FA9A
:107FE80048BFF0EE4A7AC3ED007AD4ED050AF4EE04
:107FF800C70AF1EE10FA00F19C80F3EE047AF4EE71
:10800800670AF1EE10FA77FEA00AF8EE087A60EE39
:10801800A80AB2EE040AC7EEA00A0AF075F9D4ED70
:10802800046A05F2F44383ED000AF6EE007AF5EEF1
:10803800C06A79EEA77AFDEEE77A17EE90EABEF508
:108048005C7FA8BF4FF45C7EBEF1020FB8BF4FF053
:10805800020EF1EE10FA00F1E480F7EE007AF4EE89
:10806800E76AF1EE10FA67DDF0EE676A9FED744A91
:10807800B5EEC08AF1EE10FA65D4F7EE007AB4EEE8
:10808800E78AF1EE10FA40F3D1809FED748AD4F8B4
:10809800048004F21C76724FB0EE005AD8F8002023
:1080A800FFEE005A9FED6F6A4FF0010CDFED6E4A4C
:1080B8003A449FED6E3A0021DFED613A304613E015
:1080C800012943FE237A66EEA77AE64567EEA47A8D
:1080D800E7EE047A67EE887AC0ED007A36DD013182
:1080E8003A440CF1010C043042F0010982EAD2331F
:1080F800B0EE657A09FB03F383EAD31943F03D0A2E
:108108000AFB093983EA090383EA933307EE903AB5
:10811800F8EE677A67EE867AA7EE857A0029CFD1DE
:1081280066EEA47AE7EE047A67EE887AC0ED007A04
:10813800D5E7F0EE470A68E7B5EEC08A37EEE64ABB
:10814800F1EE10FA99D59FED3E8AA0E794ED037AF7
:1081580001F5E371C8F80020B5EEC07A04EB81019F
:10816800C1ED017AF1EE10FA55D4DFED417AB4EEA3
:10817800677AF1EE10FA37FE877AF6EE007AE7EEC4
:10818800297AFDEEE77A17EE908AB8F1000F40DD04
:108198000EEB0807B7F55C7FA8BF4FF45C7777450F
:1081A80009DDA7EB0E020EF2C7100021920004EBC6
:1081B80080000CF061FA474516DD40F2C71307F25C
:1081C800C71206EB8806A3EB08033B4404EB8303C2
:1081D80004EB820474ED017A33ED017AB44277EE50
:1081E800C77AC4ED007AF5D1DFED227A002205F2D4
:1081F800FC43C5F8DC74B4EEE78AC5F8E024F1EE78
:1082080010FA38FE278A83ED008ABDEC088BBDE89A
:10821800F0877746E8E79FED0A7AAEE7F0EE670A5F
:108228008CE6B7EE004ADFED066A21E7DFED0B7A50
:1082380028EE278A2BE700BF0000DA430000DC4263
:1082480000000000610B363D00A08C466666E63EE5
:10825800DB0FC9C0DB0FC940CDCC4C3D9A99193F03
:10826800F5792B6D0000802FCDCCCC3FCDCCCC3E0A
:108278003333733F0AD7233C2DE9F04104462DEDF3
:10828800028B82B0002949D1D2E9003041681D68CB
:10829800C27AA1B39AB395FBF2FC02FB0CF39D42A0
:1082A80005D0002D03DA0CF1FF3C02FB0CF3EB1AAE
:1082B800C26CCB5C816C01FB0C3339339B1A93FB8A
:1082C800F1F201FB02FC634505D091EA030F02D5E8
:1082D800013A01FB02FCA3EB0C0307EE902AD0ED58
:1082E800106A00EB8303F8EEE77A93ED047AA7EEC1
:1082F800A67AB4EE477AF1EE10FA00F027819FEDE6
:10830800990AD4F810282946DFED970A2046FFF786
:108318006FFB02B0BDEC028BBDE8F081012946D1AC
:1083280051684D68C87A002D00F0E081002800F0FF
:10833800DD8113681B6893FBF0F200FB02FC6345C8
:1083480004D0002B02DA013A00FB02FCA3EB0C0379
:10835800EB5CD1E9120500FB023339335B1B93FB5D
:10836800F0F200FB02F5AB4203D090EA030F00F1F4
:1083780017835B1B07EE902A91ED107A01EB8303BC
:10838800F8EEE77A93ED040AA7EE870AB4EE400AFE
:10839800F1EE10FA40F0AA81DFED787A91ED118ABA
:1083A80020EE270A09F0E0FE28EE000AA0E10229E3
:1083B80040F0E880D2E9003148681D68CA7AA0B365
:1083C8009AB395FBF2FC02FB0CF39D4205D0002DFD
:1083D80003DA0CF1FF3C02FB0CF3EB1ACA6CC35C2A
:1083E800886C00FB0C3339339B1A93FBF0F200FBCB
:1083F80002FC634505D090EA030F02D5013A00FB61
:1084080002FCA3EB0C0307EE902A91ED107A01EB26
:108418008303F8EEE77A93ED040AA7EE870AB4EE31
:10842800400AF1EE10FA00F0B0829FED4E0A04F512
:10843800405304F65C1104F6AC64D3F8406E0A4667
:10844800D2F8F400134602F5AA7250B3A242F7D14B
:108458000A46002392F8500148B9002B00F05C83CB
:10846800D2F84C71D3F84C01874238BF134602F555
:10847800AA72A242EED1A3B90B4601F5AA718C42A9
:108488000CD0002BF8D0D1F84C01D3F84C219042F5
:1084980038BF0B4601F5AA718C42F2D1002B3FF48C
:1084A80038AFF7EE007A93ED136ADFED306A0021FA
:1084B8005A680124E6EE667A2D48C3F83811C3F8E5
:1084C8002C012C4883F8504183ED4A0A9FED2A7A03
:1084D800C3E952561568C3F8341128449965C3EDA9
:1084E8004C7A106080EAD0322043C3F88810C3F871
:1084F800B81000FB02F2C3F8B410C3F8B01082EA57
:10850800D210C3F8AC10C3F8E810C3F8EC10C3F8E5
:10851800F810C3F814110021C3F8F440C3F83C1153
:1085280042F03D01C3F8104101FB00214A4082EAB4
:10853800923207EE902AF8EE677A67EE877ABBFEEA
:10854800677A77EEC77AC3ED1C7AE2E69FED0B0AED
:1085580090ED118A27EE000A09F006FE28EE000ABF
:10856800CFE600BF0000C07F3333333F9A99993E6E
:108578003333333FF5792B6D0000802F0E745A3A50
:1085880000000000032940F01181D2E90031486859
:108598001D68CA7A002800F0BA82002A00F0B78263
:1085A80095FBF2F602FB06F39D4204D0002D02DA99
:1085B800013E02FB06F3EB1ACA6CC35C886C00FB35
:1085C800063339339B1A93FBF0F200FB02F6B342F1
:1085D80005D090EA030F02D5013A00FB02F69B1B77
:1085E80007EE902A91ED107A01EB8303F8EEE77A13
:1085F80093ED040AA7EE870AB4EE400AF1EE10FAEA
:1086080040F085825FED237A91ED118A20EE270AEA
:1086180009F0AAFD28EE000A04F5804243F64463F7
:1086280092F83D142344C1B144F24C4192F8450AF2
:108638002144002800F06E8292F84804002800F0D7
:10864800708292F8500A002800F06482D2F84C4AEE
:10865800D2F84404844238BF0B4693ED077A0121CF
:108668005FED396AC0EE077AD2F8544ACE4803F271
:10867800F45283F8041640F20111C3F8FC55C3F80C
:1086880000461060A3F8F815F4EEE67AF1EE10FA59
:1086980000F14D829FEDC56AF4EEC67AF1EE10FA4C
:1086A80000F3D682F5EEC07AC3ED097AF1EE10FA3E
:1086B80040F35284F7EE006A86EEA77A002203F2AE
:1086C800845103F5BB6003F2D45583ED0A7A002484
:1086D8001A62CA620A6301212A60026003F5B76060
:1086E800C3F8EC458260C3F8BC1512E69FEDB00AEA
:1086F80004F61403F7EE007ADFEDAE6A002293ED7C
:10870800136AA94DE6EE667AD4F81808C3F82C5116
:1087180004F50865C3F83821C3F8342183ED4A0A03
:10872800A549C3ED4C7A04F668039FEDA47A5A6014
:1087380003681944016081EAD13341F0010101FB6A
:1087480003F343F03D0183EAD31001FB003004F545
:108758000B61434004F6980083EA933307EE903A9E
:1087680004F50D63F8EE677A67EE877ABBFE677AE1
:1087780077EEC77AC5ED017A426004F60410CA6143
:108788008A614A610A6104F51261DA621A63012397
:108798008260C4F808398A600022C4F82439C4F811
:1087A800502902B0BDEC028BBDE8F081042900F02D
:1087B8001381052940F0C081D2E9003148681D685D
:1087C800CA7A002800F04B82002A00F0488295FB04
:1087D800F2F602FB06F39D4204D0002D02DA013EB8
:1087E80002FB06F3EB1ACA6CC35C886C00FB063309
:1087F80039339B1A93FBF0F200FB02F6B34205D023
:1088080090EA030F02D5013A00FB02F69B1B07EE24
:10881800902AD1ED106A01EB8303F8EEE77A93ED25
:10882800047AA7EEA67AB4EE477AF1EE10FA40F091
:1088380016829FED680A91ED118A27EE000A09F069
:1088480093FC28EE000A49F6AC6204F520434AF28C
:108858003C512244D3F83C652144134693F819024D
:108868001C4603F50C7350B39942F7D11346002404
:1088780093F82C0248B9002C00F03783D3F82872FB
:10888800D4F82802874238BF1C4603F50C73994276
:10889800EED1A4B9144602F50C7291420CD0002C0A
:1088A800F8D0D2F82802D4F82832984238BF1446B3
:1088B80002F50C729142F2D1002C3FF42AADF3EE8E
:1088C800047A0123C4E98956B4EEE70A94ED008AD4
:1088D80084F82C32F1EE10FA09DBDFED397A68EE14
:1088E800277AB4EEE70AF1EE10FA77FE807A40F2C2
:1088F80001132D48C0220021C4ED847AC4F8140263
:1089080004F59E70A4F818320BF0B6FE2046FBF76B
:108918001FFAD4ED050AF5EEC00AF1EE10FAC0F21E
:10892800A181F7EE007AF4EE670AF1EE10FA77FE0D
:10893800A00A9FED240A09F0E7FCDFED236AF6EEB2
:10894800007A194B20EE260A9FED207AC4F81C32D3
:1089580000229FED1F6AE8EE007AC4F80422FDEEBB
:10896800E77A17EE903A022BB8BF022307EE903A47
:10897800C4F80032F8EEE77AC7EE276A86EE277A5F
:10898800C4ED826A84ED837AC3E4DFED127A91ED57
:10899800118A20EE270A09F0E7FB28EE000A46E5CF
:1089A800013A00FB02F5E4E43333333F48E1FA3E91
:1089B8000000C07F9A99993EF5792B6D0000802FB1
:1089C800CDCCCC3ECDCCCC3D6F12833B3333B33FC3
:1089D800DB0FC9400E745A3AD2E9003148681D6865
:1089E800CA7A002800F09A80002A00F0978095FB48
:1089F800F2F602FB06F39D4204D0002D02DA013E96
:108A080002FB06F3EB1ACA6CC35C886C00FB0633E6
:108A180039339B1A93FBF0F200FB02F6B34205D000
:108A280090EA030F02D5013A00FB02F69B1B07EE02
:108A3800902A91ED107A01EB8303F8EEE77A93ED33
:108A4800040AA7EE870AB4EE400AF1EE10FA65D1DF
:108A58005FED207A91ED118A20EE270A09F084FB58
:108A680028EE000A45F66C7204F510434BF2BC314F
:108A7800C24F2244D3F8A8CE214441F214561346DB
:108A880013F80F4CD81933449CB39942F8D11346C4
:108A98000020BA4F41F2145813F8044C03EB070EA8
:108AA8005CB900F58054002800F07681D4F80C45B4
:108AB80053F8086CA64238BF704643449942EBD13C
:108AC800B8B9DFF8B8E241F2145700F5805402EB68
:108AD8000E03002800F0C180D4F80C4552F8086C49
:108AE800A64238BF18463A449142EED100283FF4D6
:108AF80010AC00F580530122DFEDA10AC3F8085538
:108B0800C3F80CC583F81025FFF7C4F901E49FEDFD
:108B18009F0A81E50B46A0E51346A8E49FED9B0A52
:108B2800A0E792F8500A00287FF497AD8EE5B0EEE2
:108B3800667AC3ED096AC1E5062940F09680D2E954
:108B4800003148681D68CA7A002800F02781002A89
:108B580000F0248195FBF2F602FB06F39D4204D057
:108B6800002D02DA013E02FB06F3EB1ACA6CC35C65
:108B7800886C00FB063339339B1A93FBF0F200FB39
:108B880002F6B34205D090EA030F02D5013A00FB82
:108B980002F69B1B07EE902AD1ED106A01EB8303C6
:108BA800F8EEE77A93ED047AA7EEA67AB4EE477A60
:108BB800F1EE10FA40F0F2809FED750A91ED118AFE
:108BC80027EE000A09F0D0FA28EE000A4AF24052CD
:108BD80004F520434AF6D0312244D3F8D07B21440F
:108BE8001646134693F819021C4603F50C7348B34E
:108BF8009942F7D1002492F82C324BB9002C00F09E
:108C08009281D2F82802D4F82832984238BF144604
:108C180002F50C729142EED1A4B9344606F50C76F1
:108C2800B1420CD0002CF8D0D6F82822D4F828323B
:108C38009A4238BF344606F50C76B142F2D1002C80
:108C48003FF467ABF3EE047A0123C4E989573BE6A6
:108C58009FED4C7A83ED096A30E5184643E79FEDAE
:108C68004B0AF0E5DFED480A63E6072940F09980F2
:108C7800D2E9003148681D68CA7A002800F03281BC
:108C8800002A00F02F8195FBF2F602FB06F39D42C5
:108C980004D0002D02DA013E02FB06F3EB1ACA6C7F
:108CA800C35C886C00FB063339339B1A93FBF0F2E4
:108CB80000FB02F6B34205D090EA030F02D5013A51
:108CC80000FB02F69B1B07EE902AD1ED106A01EB20
:108CD8008303F8EEE77A93ED047AA7EEA67AB4EE6A
:108CE800477AF1EE10FA40F0FD809FED290A91EDE8
:108CF800118A27EE000A09F037FA28EE000A4AF628
:108D0800D43204F530434BF264212244D3F8647220
:108D180021441646134693F819021C4603F50C73B2
:108D280000288FD09942F6D1002492F82C324BB902
:108D3800002C00F00F81D2F82802D4F8283298428B
:108D480038BF144602F50C729142EED1002C7FF424
:108D580079AF344606F50C76B1423FF470AF002C7B
:108D6800F7D0D6F82822D4F828329A4238BF3446A9
:108D780006F50C76B142F2D161E700BFECEAFFFFDD
:108D88003333333FBC9C0240000000000000C07F2A
:108D98000E745A3A0000DC4270468EE61FED050A52
:108DA80014E7082940F0A38051684D68C87A002D5F
:108DB80000F0B680002800F0B38013681B6893FBAE
:108DC800F0F200FB02F6B34204D0002B02DA013ABB
:108DD80000FB02F69B1BEB5CD1E9120500FB02339A
:108DE80039335B1B93FBF0F200FB02F5AB4205D075
:108DF80090EA030F02D5013A00FB02F55B1B07EE70
:108E0800902AD1ED106A01EB8303F8EEE77A93ED2F
:108E1800047AA7EEA67AB4EE477AF1EE10FA7FD17B
:108E28001FED250A91ED118A27EE000A09F09CF939
:108E380028EE000A1FED298A04F53044B4EEC80A6A
:108E4800D4ED9A7AF1EE10FA0ADBB2EE087A87EEE0
:108E5800878AB4EEC08AF1EE10FA58BFB0EE408AA5
:108E6800D4F8842204F5D06104F284633C4881ED8F
:108E7800008A18602AB192000021D4F880020BF011
:108E8800FBFB38EE088A94ED9A6AF7EE086A00232D
:108E9800B7EE007A0021C6EE087A04F27C60C4F8C6
:108EA8008C120122036004F25C60836004F5CF60D9
:108EB800C4F8602677EEE67AF4EE477AF1EE10FA17
:108EC80048BFF0EE477AC0ED007A04F2A460C4F817
:108ED800A016036004F28C63224984F8882619607E
:108EE800FFF717BA9FED200A09E71C46CDE40939B8
:108EF8001BD001297FF40DAAD2E90030196804308B
:108F08000191FAF7D1FE4BF654409FED180A0199EA
:108F1800204402B0BDEC028BBDE8F041F9F7D6BAA7
:108F28009FED110A86E7144672E6D2E90030196807
:108F380004300191FAF7B8FE04F530434BF2B06003
:108F4800DFED0A0AD3F8502C20440199FEF7B4F952
:108F5800FFF7DFB91446F5E6B0EE667AFFF7AEBB69
:108F68003333333F0AD7233C0000C07F3333333FCA
:108F78002DE9F041044615462DED028B82B00029FB
:108F88004AD1D2E9003250681E68D17AA0B399B3A9
:108F980096FBF1FC01FB0CF39E4205D0002E03DA90
:108FA8000CF1FF3C01FB0CF3F31AD16CC35C906C21
:108FB80000FB0C3339335B1A93FBF0F100FB01FC27
:108FC800634505D090EA030F02D5013900FB01FC87
:108FD800A3EB0C0307EE901AD2ED106A02EB8303A1
:108FE800F8EEE77A93ED047AA7EEA67AB4EE477A1C
:108FF800F1EE10FA00F02A819FED9F0AAB68314626
:10900800D4F810282046D3ED000AFEF7F1FC02B090
:10901800BDEC028BBDE8F081012946D15268506849
:10902800D17A002800F0E981002900F0E6812B6858
:109038001B6893FBF1F601FB06FC634504D0002B8B
:1090480002DA013E01FB06FCA3EB0C03D16CC35C06
:10905800906C00FB063339335B1A93FBF0F100FB8D
:1090680001F6B34203D090EA030F00F1D3829B1BB1
:1090780007EE901A92ED107A02EB8303F8EEE77A86
:1090880093ED040AA7EE870AB4EE400AF1EE10FA4F
:1090980040F0B381DFED757A92ED118A20EE270A50
:1090A80009F062F828EE000AA9E1022940F0E680FA
:1090B800D2E9003250681E68D17AA0B399B396FB02
:1090C800F1FC01FB0CF39E4205D0002E03DA0CF1F3
:1090D800FF3C01FB0CF3F31AD16CC35C906C00FBF2
:1090E8000C3339335B1A93FBF0F100FB01FC634549
:1090F80005D090EA030F02D5013900FB01FCA3EB70
:109108000C0307EE901A92ED107A02EB8303F8EE47
:10911800E77A93ED040AA7EE870AB4EE400AF1EE67
:1091280010FA00F06C829FED540A04F65C11AA68EC
:1091380004F5405304F6AC6492ED007A0846D3F87F
:10914800407E0A46D2F8F450134602F5AA724DB38F
:109158009442F7D1002391F850214AB9002B00F02E
:10916800B882D1F84C51D3F84C21954238BF0B4600
:1091780001F5AA71A142EED1A3B9034600F5AA7080
:1091880084420CD0002BF8D0D0F84C11D3F84C21E5
:10919800914238BF034600F5AA708442F2D1002BF1
:1091A8003FF435AFF7EE007AD3ED135A5A68002131
:1091B8002C48012437EEC76A156883ED4B7A28449A
:1091C800C3F83811E5EEC67AC3F83411996583F807
:1091D800504183ED4A0ADFED246AC3ED4C7AC3E9B6
:1091E8005267106080EAD0322043C3F88810C3F871
:1091F800B81000FB02F2C3F8B410C3F8B01082EA4A
:10920800D210C3F8AC10C3F8E810C3F8EC10C3F8D8
:10921800F810C3F814110021C3F8F440C3F83C1146
:1092280042F03D01C3F8104101FB00214A4082EAA7
:10923800923207EE902AF8EE677A67EEA67ABBFEBE
:10924800677A77EEC77AC3ED1C7AE0E69FED070AE6
:1092580092ED118A27EE000A08F086FF28EE000A30
:10926800CCE600BFF5792B6D0000802F0E745A3ABA
:109278000000000048E1FA3E0000C07F032940F0EA
:109288001E81D2E9003250681E68D17A002800F0A9
:109298001D82002900F01A8296FBF1F701FB07F303
:1092A8009E4204D0002E02DA013F01FB07F3F31AB5
:1092B800D16CC35C906C00FB073339335B1A93FBAA
:1092C800F0F100FB01F7BB4205D090EA030F02D58D
:1092D800013900FB01F7DB1B07EE901A92ED107ABB
:1092E80002EB8303F8EEE77A93ED040AA7EE870A08
:1092F800B4EE400AF1EE10FA40F0E8815FED257A0D
:1093080092ED118A20EE270A08F02EFF28EE000AB7
:1093180004F5804243F6446392F83D142344C1B1F6
:1093280044F24C4192F8450A2144002800F05B823F
:1093380092F84804002800F0DA8192F8500A0028D0
:1093480000F05182D2F84444D2F84C0A844288BFD3
:109358000B46A868D2F8541A0122D0ED007AC3F857
:10936800FC65F5EEC07AC3F8001683F80426F1EE22
:1093780010FA80F2B0815FED427AD3ED076A03F20A
:10938800F4521FED456A40F2011180EE267AC2EDD3
:10939800007AA3F8F815B4EEC67AF1EE10FA00F1E7
:1093A800B3815FED4C6AB4EEE67AF1EE10FA00F3A1
:1093B8001582B4EEC67A83ED097AF1EE10FA40F31D
:1093C8006183F7EE006AC6EE877A002203F28451C1
:1093D80003F5BB6003F2D455C3ED0A7A00241A6280
:1093E800CA620A6301212A60026003F5B760C3F804
:1093F800EC458260C3F8BC1509E61FED610AAA684E
:10940800F7EE007A04F61403D4F8180892ED007AFF
:109418000022D3ED135A04F5086537EEC76A83EDC9
:109428004B7AC3F83821C3F83421E5EEC67A83EDC8
:109438004A0AB849DFEDB86AC3ED4C7A04F6680306
:109448005A6003681944016081EAD13341F001018F
:1094580001FB03F343F03D0183EAD31001FB003025
:1094680004F50B61434004F6980083EA933307EE52
:10947800903A04F50D63F8EE677A67EEA67ABBFEBC
:10948800677A77EEC77AC5ED017A426004F6041070
:10949800CA618A614A610A6104F51261DA621A6373
:1094A80001238260C4F808398A600022C4F824398C
:1094B800C4F8502902B0BDEC028BBDE8F081042944
:1094C80040F0AC80D2E9003250681E68D17A00289A
:1094D80000F00A81002900F0078196FBF1F701FBF3
:1094E80007F39E4204D0002E02DA013F01FB07F386
:1094F800F31AD16CC35C906C00FB073339335B1AE9
:1095080093FBF0F100FB01F7BB4205D090EA030F93
:1095180002D5013900FB01F7DB1B07EE901A92ED2B
:10952800107A02EB8303F8EEE77A93ED040AA7EECC
:10953800870AB4EE400AF1EE10FA40F0D580DFED6C
:109548007A7A92ED118A20EE270A08F00DFE28EEAD
:10955800000AA96845F66C7204F510436F4F22445F
:10956800D1ED000A4BF2BC31D3F8A8CE41F2145524
:109578001346214413F80F4CD8192B449CB3994235
:10958800F8D113460020654F41F2145813F8044CE3
:1095980003EB070E5CB900F58054002800F08281C7
:1095A800D4F80C4553F8085CA54238BF70464344CC
:1095B8009942EBD1B8B9DFF864E141F2145700F5EC
:1095C800805402EB0E03002800F00F81D4F80C45FC
:1095D80052F8085CA54238BF18463A449142EED189
:1095E80000283FF414AD00F580530122C3F8086544
:1095F800C3F80CC583F81025FEF74CFC07E5DFED32
:109608004A7A92ED118A20EE270A08F0ADFD28EE7D
:10961800000A8AE5013900FB01F628E5052940F032
:109628008780D2E9003250681E68D17A002800F09D
:10963800DE80002900F0DB8096FBF1F701FB07F3E1
:109648009E4204D0002E02DA013F01FB07F3F31A11
:10965800D16CC35C906C00FB073339335B1A93FB06
:10966800F0F100FB01F7BB4205D090EA030F02D5E9
:10967800013900FB01F7DB1B07EE901AD2ED106AE7
:1096880002EB8303F8EEE77A93ED047AA7EEA67A65
:10969800B4EE477AF1EE10FA40F0A9809FED220A65
:1096A80092ED118A27EE000A08F05EFD28EE000A06
:1096B80004F52042AB6849F6AC603146D2F83C2547
:1096C800D3ED000A2044FDF72FFCA0E49FED150A16
:1096D8001EE60B464CE5B7EE007AF4EE477AF1EE5B
:1096E80010FA77FE277A48E69FED0E0A31E792F8DE
:1096F800500A00287FF42DAED2F84C4AD2F8440420
:10970800844238BF0B4624E6F0EE467A83ED096AB8
:109718005BE600BFF5792B6D0000802FECEAFFFFB8
:10972800BC9C02400000C07F0E745A3A0000DC4224
:1097380006295FD1D2E9003250681E68D17A002824
:1097480000F0B280002900F0AF8096FBF1F701FB32
:1097580007F39E4204D0002E02DA013F01FB07F313
:10976800F31AD16CC35C906C00FB073339335B1A76
:1097780093FBF0F100FB01F7BB4205D090EA030F21
:1097880002D5013900FB01F7DB1B07EE901AD2ED79
:10979800106A02EB8303F8EEE77A93ED047AA7EEFA
:1097A800A67AB4EE477AF1EE10FA7DD11FED220ABF
:1097B80092ED118A27EE000A08F0D6FC28EE000A7E
:1097C80004F52042AB684AF240503146D2F8D02B1B
:1097D800D3ED000A2044FDF7A7FB18E45FED307ACB
:1097E800C3ED096AF1E50B46B3E51846F5E61FED4A
:1097F800330A5DE707295AD1D2E9003250681E685A
:10980800D17A002800F00581002900F0028196FB3A
:10981800F1F701FB07F39E4204D0002E02DA013F64
:1098280001FB07F3F31AD16CC35C906C00FB0733A0
:1098380039335B1A93FBF0F100FB01F7BB4205D00B
:1098480090EA030F02D5013900FB01F7DB1B07EE95
:10985800901AD2ED106A02EB8303F8EEE77A93EDE3
:10986800047AA7EEA67AB4EE477AF1EE10FA40F041
:10987800D0801FED530A92ED118A27EE000A08F0F6
:1098880073FC28EE000A04F53042AB684AF6D4307F
:109898003146D2F86422D3ED000A2044FDF744FB98
:1098A800FFF7B5BB704682E61FED620A88E7082914
:1098B80040F0B28052685668D07A002E00F0C68018
:1098C800002800F0C3802B681B6893FBF0F100FBB5
:1098D80001F7BB4204D0002B02DA013900FB01F783
:1098E800DB1B906CF35C00FB0133D16C39335B1AE2
:1098F80093FBF0F100FB01F6B34205D090EA030FA9
:1099080002D5013900FB01F69B1B07EE901AD2ED38
:10991800106A02EB8303F8EEE77A93ED047AA7EE78
:10992800A67AB4EE477AF1EE10FA40F08F801FED78
:10993800820A92ED118A27EE000A08F015FC28EE3B
:10994800000A1FED868A04F53044AB68B4EEC80AF5
:1099580094ED9A7AD3ED007AF1EE10FA0ADBF2EE82
:10996800086A87EE268AB4EEC08AF1EE10FA58BF6C
:10997800B0EE408AF5EEC07A04F5D06383ED008A34
:10998800F1EE10FA65DBB7EE007AF4EE477AF1EE05
:1099980010FA77FE277A04F28463D4F88422C3EDA0
:1099A800007A2AB192000021D4F880020AF064FEFD
:1099B80038EE088A94ED9A6AF7EE086A0023B7EE43
:1099C800007A0021C6EE087A04F27C60C4F88C1292
:1099D8000122036004F25C60836004F5CF60C4F880
:1099E800602677EEE67AF4EE477AF1EE10FA48BF91
:1099F800F0EE477AC0ED007A04F2A460C4F8A0162D
:109A0800036004F28C63214984F888261960FFF703
:109A1800FEBA9FED1F0A36E709391DD001297FF4E8
:109A2800F6AAD2E90030196804300191FAF73CF936
:109A3800AB684BF65440019993ED000A204402B0FC
:109A4800BDEC028BBDE8F041F8F740BD9FED100A70
:109A580077E7DFED107A9EE7D2E900301968043025
:109A68000191FAF721F904F53042AB684BF2B06086
:109A78000199D2F8502CD3ED000A2044FDF71CFCC4
:109A8800FFF7C5BAF0EE467A9FE400BF0AD7233C39
:109A98000000C07F000000002DE9F04F2DED068B7F
:109AA80087B0169CA34280F21F8101EB830AD0F88D
:109AB800149002EB8302054601EB84039FEDA69AFE
:109AC800514600F580540593CA46D0F8E8339146CC
:109AD800DFEDA28A0093D0F8EC339FEDA1AA03939F
:109AE8008368DFEDA0AA01939FED9F8AC368DFED2D
:109AF8009F9AD0F8F4B30493B1EC017A0AF101000B
:109B0800F9EC017AB5EEC07A019B03EB8A03F1EE1A
:109B180010FAF5EEC07A83ED007A049B4CBFB1EEE3
:109B2800470AB0EE470AF1EE10FA4CBFF1EE676A49
:109B3800F0EE676AB4EEE60AF1EE10FA30FE260A95
:109B4800984200F0E18057468246009B039A03EB57
:109B58008B03C5F814A0C3ED007A0BF101039342FF
:109B680000F0D7805E469B46C5F8F4B3D4EDCF7AB3
:109B7800F4EEC07AF1EE10FA40F1BD80B4EEE80AD6
:109B8800F1EE10FA00F3CA80F0EE4A7A95ED007A09
:109B980077EEC77A94EDD17AD4EDD06AD4F8280359
:109BA80027EE267AF4EE477AF1EE10FA37FE877A36
:109BB800002884EDD17A40F3CA80D4F82423002AFF
:109BC80000F09780531E03F5F97C05EB8C0CDCED57
:109BD800017AF4EEC77AF1EE10FA00F28F800138BC
:109BE8001A46C4E9C9300028E9D1012205EB830CE3
:109BF800F12B0CF2CC7814BF0133002388ED007AE6
:109C0800D4F83483CCF8948BC4E9C932D4F820331F
:109C180005EB830CDCF8942BA8EB020CBCF1F00FDD
:109C280007D9F12BC4F8280314BF01330023C4F863
:109C3800203303F5F973D4EDCC6A05EB830393ED78
:109C4800017AD4F82C3305EB8300013300F65C70FD
:109C5800F12BD0ED007A77EE677A77EEA67AC4ED2D
:109C6800CC7A80ED007AC4F82C335ED087EE880A6F
:109C7800B5EEC00AF1EE10FA43D4DFED3D7A20EEDE
:109C8800670A029108F070FA2B6902990233F02BE7
:109C9800D4BFFF1AF03F002F01DA049B1F44019B39
:109CA80003EB8707D5F8F0330233D7ED007AF02BB2
:109CB80067EE807AD4BFF61AF03E41ED017A002EA5
:109CC80001DA039B1E44009B03EB860608F101039F
:109CD800D6ED007A67EE807A49ED017AC4F834331C
:109CE800059B8B427FF408AF07B0BDEC068BBDE83F
:109CF800F08FF12367E7F0EE497A4BE71346421CF1
:109D080074E7B0EE690ABCE74FF0FF374FF0000A7E
:109D18001BE74FF0FF364FF0000B25E7029108F0E4
:109D28008BFA029960EE2A7A30E70023DFED0A7A8F
:109D380005F59950C4F82C3305F65C73B3EC017A39
:109D4800984277EE877AF9D1C4EDCC7A8EE7D4F8C9
:109D58002433421C4AE700BF0000000052F3843756
:109D68000000C0C2C1A8C0400000714300000080CC
:109D78002D152A3EF8B504462DED028B002940F03A
:109D8800C9801368D2E901010268486853F8226063
:109D9800CA7A90B38AB396FBF2F502FB05F39E42AA
:109DA80004D0002E02DA013D02FB05F3F31ACA6C57
:109DB800C35C886C00FB053339339B1A93FBF0F2C4
:109DC80000FB02F5AB4205D090EA030F02D5013A39
:109DD80000FB02F55B1B07EE902A91ED107A01EB70
:109DE8008303F8EEE77A93ED040AA7EE870AB4EE48
:109DF800400AF1EE10FA00F064819FEDC30AD4F82E
:109E08009076214604F5D262234693F819021D463E
:109E180003F50C73B0B19342F7D1002594F82C32B6
:109E28004BB9002D00F0CF81D4F82802D5F828329C
:109E3800984238BF254604F50C749442EED1002DA3
:109E480000F00482F3EE047A012395ED008A85F888
:109E58002C32B4EEE70AC5E98967F1EE10FA09DB9E
:109E6800DFED9D7A68EE277AB4EEE70AF1EE10FA94
:109E780077FE807A40F201139848C0220021C5ED90
:109E8800847AC5F8140205F59E70A5F818320AF010
:109E9800F3FB2846F9F75CFFD5ED050AF5EEC00A95
:109EA800F1EE10FAC0F28180F7EE007AF4EE670A5C
:109EB800F1EE10FA77FEA00A9FED890A08F024FA5D
:109EC800DFED886AF6EE007A844B20EE260A9FEDD5
:109ED800867AC5F81C3200229FED846AE8EE007A83
:109EE800C5F80422FDEEE77A17EE903A022BB8BFC8
:109EF800022307EE903AC5F80032F8EEE77AC7EE8B
:109F0800276A86EE277AC5ED826A85ED837ABDECED
:109F1800028BF8BD01294BD11368D2E9010102680F
:109F2800486853F82260CA7A002800F04E81002A57
:109F380000F04B8196FBF2F502FB05F39E4204D03C
:109F4800002E02DA013D02FB05F3F31ACA6CC35C6A
:109F5800886C00FB053339339B1A93FBF0F200FB46
:109F680002F5AB4203D090EA030F00F1A7815B1B17
:109F780007EE902A91ED107A01EB8303F8EEE77A69
:109F880093ED040AA7EE870AB4EE400AF1EE10FA40
:109F980040F01B81DFED5A7A91ED118A20EE270AF5
:109FA80008F0E2F828EE000A11E1DFED510A83E734
:109FB800022940F0AD8091684D68C87ABDB3B0B34E
:109FC800D2E90036326853F8223093FBF0F200FBF6
:109FD80002F6B34204D0002B02DA013A00FB02F683
:109FE8009B1BEB5CD1E9120500FB023339335B1B89
:109FF80093FBF0F200FB02F5AB4205D090EA030FA9
:10A0080002D5013A00FB02F55B1B07EE902AD1ED61
:10A01800106A01EB8303F8EEE77A93ED047AA7EE72
:10A02800A67AB4EE477AF1EE10FA00F0248104F62D
:10A0380028559FED368ADFED317A95ED007A04F5E3
:10A048008A5205F21C432549C2ED007AD4F8442D02
:10A0580019603AB192000021D4F8400D0AF00CFBC7
:10A0680095ED007AC7EE087A0022002005F2144127
:10A0780004F58053C4F84C0D05F582640A6001218B
:10A08800F7EE086AC3F82421B7EE007AC3F8201166
:10A09800BDEC028B77EEE67AF4EE477AF1EE10FA31
:10A0A80048BFF0EE477AC4ED007AC3F8600105F2C4
:10A0B8003C4005F2244502600E4A83F848112A60A4
:10A0C800F8BDDFED0F7A91ED118A20EE270A08F02E
:10A0D8004BF828EE000A92E6CDCCCC3E52B81E3F93
:10A0E800CDCCCC3D6F12833B52B89E3FDB0FC940AD
:10A0F800000000000AD7233C000000430000DC42B7
:10A108000E745A3A52B81E3F0000C07F00005C43EC
:10A11800033900F0D78001297FF4F9AE136841F2C2
:10A128001476D2E9011506440A68696853F8224092
:10A13800EA7A00293DD0E2B394FBF2F002FB00F387
:10A148009C4204D0002C02DA013802FB00F3E31A27
:10A15800EA6CCB5CA96C01FB003339339B1A93FB87
:10A16800F1F201FB02F0834205D091EA030F02D518
:10A17800013A01FB02F01B1A07EE902AD5ED106A8E
:10A1880005EB8305B8EEE77AD5ED047AE7EE267A93
:10A19800F4EE677AF1EE10FA0BD15FED276A1FED46
:10A1A8002A7A27EEA60AB4EE470AF1EE10FA80F2F0
:10A1B800E580214630461FED2D0ABDEC028BBDE837
:10A1C800F840F8F783B9254635E61FED310A04F261
:10A1D8009462D4F8247D04F624541146134693F867
:10A1E80019021D4603F50C7300283FF42BAE9C4260
:10A1F800F5D1002592F82C324BB9002D00F0B6802D
:10A20800D2F82802D5F82832984238BF154602F508
:10A218000C72A242EED1002D7FF414AE0D4601F56A
:10A228000C718C420CD0002DF8D0D1F82822D5F82A
:10A2380028329A4238BF0D4601F50C718C42F2D192
:10A24800002D7FF4FFADBDEC028BF8BD0D4601F586
:10A258000C718A42F4D0002DF8D0D1F82802D5F834
:10A268002832984238BF0D4601F50C718A42F2D166
:10A27800002DE8D0E6E51FED5E0A04F6285591EDBD
:10A28800118A27EE000A07F06FFF28EE000A5FED3B
:10A29800657A95ED007AB4EEE70AF1EE10FA6ADB1A
:10A2A800F2EE086AC7EE267AF4EEC07AF1EE10FAFA
:10A2B80058BFF0EE407A37EEA78AC0E6013A00FBB5
:10A2C80002F554E6D2E9011013680A68416853F8A8
:10A2D8002250C27A00294BD0002A49D095FBF2F6C9
:10A2E80002FB06F39D4204D0002D02DA013E02FB78
:10A2F80006F3EB1AC26CCB5C816C01FB0633393375
:10A308009B1A93FBF1F201FB02F6B34205D091EAE6
:10A31800030F02D5013A01FB02F69B1B07EE902AB8
:10A32800D0ED106A00EB8303F8EEE77A93ED047A38
:10A33800A7EEA67AB4EE477AF1EE10FA18D11FED1F
:10A34800900A90ED118A27EE000A07F00DFF28EE1B
:10A35800000A04F5805341F270105FED960A294611
:10A36800D3F810272044FCF7A7FFD0E515464EE7A1
:10A378001FED9B0AEDE71FED9B8A60E607F0F4FEF0
:10A3880017E700BF2DE9F04F00F5805504461A483D
:10A39800D5F8F437D5F8F8175A4203F00F0710F834
:10A3A80001C002F00F02B84658BFC2F10008002BE6
:10A3B800B4BF03F10F021A461211504202F003060D
:10A3C80000F003022DED048B58BF56428DB0BCF14E
:10A3D800030F08D8DFE81CF00400F101BC011200EB
:10A3E800002F00F022820133C5F8F4370DB0BDEC20
:10A3F800048BBDE8F08F00BF60160020626F002A52
:10A4080000F0828098FBF2F302FB1383002BB8BFA5
:10A418009B185A1103F01F0304EB8202126F22FAF1
:10A4280003F3D80770D5002900F0B185012941F060
:10A438001380C04B0020C04EB7EE007AD3F818C87E
:10A4480003F50662DFF800E392ED006ADCF800200D
:10A45800DFEDBA7A164403F63C12A6EE677ADFED12
:10A46800B86A106046F0010786EAD63207FB02F2A6
:10A4780003F51467C7F800E082EAD21742F03D0EF0
:10A488000EFB07277A4082EA923207EE902A03F6FB
:10A498004412F8EE677A82ED007A03F64C1267EE02
:10A4A800A67A106003F64812106003F66C02FBFEF1
:10A4B800676A77EEE67A106003F68402CCF80060EB
:10A4C800C2ED007A03F69C02C3F80819106003F67F
:10A4D800CC02C3F82419106003F6C802106003F612
:10A4E800C402106003F50C62106003F6FC021060F1
:10A4F80003F51062106003F60C12106003F62812C0
:10A5080010600022C3F85029D4F88420002A00F0F3
:10A51800858098FBF2F302FB1383002BB8BF9B18CE
:10A528005A1103F01F0304EB8202D2F8802022FAAA
:10A5380003F3DA0772D5D5F8F817002900F01B8560
:10A54800012940F0E8867B4B00207B4E4FF07D5E72
:10A55800D3F818C803F50662F5EE007ADFED786ADD
:10A5680092ED006AB7EE007ADCF80020164403F694
:10A578003C12A6EE677A106046F0010786EAD632EA
:10A5880007FB02F203F51467C7F800E082EAD21766
:10A5980042F03D0E0EFB07277A4082EA923207EE20
:10A5A800902A03F64412F8EE677A82ED007A03F6F1
:10A5B8004C1267EEA67A106003F64812106003F694
:10A5C8006C02FBFE676A77EEE67A106003F6840297
:10A5D800CCF80060C2ED007A03F69C02C3F80819B3
:10A5E800106003F6CC02C3F82419106003F6C80201
:10A5F800106003F6C402106003F50C62106003F6E5
:10A60800FC02106003F51062106003F60C12106073
:10A6180003F6281210600022C3F85029D4F89420B9
:10A62800002A00F0FF8098FBF2F302FB1383002B53
:10A63800B8BF9B185A1103F01F0304EB8202D2F82B
:10A64800902022FA03F3DB0740F1EC80D5F8F817E5
:10A65800002900F0A784012940F0C685354A00206A
:10A66800354CB7EE007AD2F8187802F63C13DFF8CA
:10A67800DCC018603B68DFED337A1C4402F50663E2
:10A68800DFED2F6A93ED006A44F0010684EAD433C3
:10A69800A6EE677A06FB03F302F51466C6F800C057
:10A6A80083EAD31643F03D0C0CFB0636734083EA6D
:10A6B800933307EE903A02F6441383ED007A02F6DC
:10A6C8004C13F8EE677A186002F6481367EEA67A1C
:10A6D800186002F66C031860FBFE676A3C6077EE50
:10A6E800E67AC2F80819C2F824190021D5F8F43717
:10A6F800C2F8501902F68401C1ED007A02F69C01F5
:10A70800086002F6CC01086002F6C801086002F68B
:10A71800C401086002F50C61086002F6FC010860DB
:10A7280002F51061086002F60C1102F628120860A2
:10A73800106058E6548E0020F5792B6DD0CC4C3D36
:10A748000000802FCDCC0C3F3333733F6666E63E66
:10A75800606E00283FF447AE98FBF0F200FB1282CF
:10A76800002AB8BF1218501102F01F0204EB800033
:10A77800006E20FA02F2D7077FF535AEC64AE07AB6
:10A7880052F82620121A059263323FF42CAE05AA1D
:10A7980006AB18F0030F9FEDC17ADFEDC17A09927D
:10A7A80009AAC04847FE877A0B93CDED067A0A942A
:10A7B800FEF7DEFBD5F8F43715E6606D00283FF4A8
:10A7C80012AE98FBF0F200FB1282002AB8BF1218F2
:10A7D800501102F01F0204EB8000006D20FA02F213
:10A7E800D2077FF500AEB04A52F8282012F1630F65
:10A7F8003FF4F9ADA84850F826000244E07A02EB8D
:10A808004002069263323FF4EEAD06AB09AAA548B2
:10A81800CDE90934FDF730FDD5F8F437E3E5002C30
:10A8280041F0F583D5F8F437DDE520469FED9F9A92
:10A83800FCF726F8984BE17A0DF1140B53F8263003
:10A84800A846DFED9B8A06AE9A1CDFF878A29FED3A
:10A85800998A0A44DFF87092059707921A1D0B44EB
:10A868000A4406930892D8F8F8170B94CDE9096BB7
:10A87800002966D10CAB6168E27A03EB870757F8C9
:10A88800185C002900F00581002A00F0028195FB80
:10A89800F2F002FB00F39D4204D0002D02DA0138E9
:10A8A80002FB00F3EB1AA26CCB5CE16C02FB0033F9
:10A8B80039335B1A93FBF2F102FB01F0834205D0B6
:10A8C80092EA030F02D5013902FB01F01B1A07EEC9
:10A8D800901AD4ED106A04EB8303F8EEE77A93ED4F
:10A8E800047AA7EEA67AB4EE477AF1EE10FA40F0B1
:10A8F800D0809FED760AD4ED119A27EE000A07F072
:10A9080033FC29EE800A6748F0EE480A2946D0F859
:10A918001028FDF76DF8059F0CAA07F2FE5302EB0D
:10A928008702013704EB830352F8182C022F05978E
:10A938005A6098DD03224546D8F8F437C8F8082845
:10A9480051E5012940F0C4806168E27AA9B3A2B355
:10A958000CAB03EB870757F8183C93FBF2F002FBAC
:10A9680000F5AB4202D0002BC0F22A835B1BA26C1D
:10A97800CB5CE16C02FB003339335B1A93FBF2F1D9
:10A9880002FB01F0834205D092EA030F02D5013998
:10A9980002FB01F01B1A07EE901A94ED107A04EBF3
:10A9A8008303F8EEE77A93ED040AA7EE870AB4EE7C
:10A9B800400AF1EE10FA00F019829FED3F0A394B78
:10A9C8000125B7EE007ADFED3D7AD3F8187803F564
:10A9D80006610022DFED3A6A386891ED006A03F6F5
:10A9E8003C11484481ED000AA6EE677A40EA050C5E
:10A9F80080EAD0310CFB01F103F5146C41F03D0EF7
:10AA08008CED008A81EAD11C0EFB0C1C81EA0C013A
:10AA180081EA913107EE901A03F64411F8EE677A4D
:10AA280081ED007A03F64C1167EEA67A0A6003F608
:10AA380048110A6003F66C01FBFE676A77EEE67A56
:10AA48000A6003F684013860C1ED007A03F69C01C0
:10AA5800C3F808590A6003F6CC01C3F824590A6000
:10AA680003F6C8010A6003F6C4010A6003F50C6125
:10AA78000A6003F6FC010A6003F510610A6003F638
:10AA88000C110A6003F628110A600022C3F8502945
:10AA980041E79FED090A36E7B0160020CDCC0C3F00
:10AAA8003333733F548E0020C0160020CDCCCC3DEC
:10AAB8006F12833B52B81E3F0000C07F5C8FC23EBE
:10AAC8000000802F542E0120F5792B6D0E745A3A10
:10AAD800022940F0D6800CAB6168E27A03EB870765
:10AAE80057F8185C002900F06F82002A00F06C8289
:10AAF80095FBF2F002FB00F39D4204D0002D02DA30
:10AB0800013802FB00F3EB1AA26CCB5CE16C02FB90
:10AB1800003339335B1A93FBF2F102FB01F08342F5
:10AB280005D092EA030F02D5013902FB01F01B1A86
:10AB380007EE901A94ED107A04EB8303F8EEE77AA7
:10AB480093ED040AA7EE870AB4EE400AF1EE10FA74
:10AB580040F03A825FED237AD4ED119A20EE270A6D
:10AB680007F002FB29EE800AA64AA74B02F5AA6164
:10AB78001046D3F840CED0F8F470034600F5AA701A
:10AB880067B38142F7D100239E4F964697F850014C
:10AB980048B9002B00F0F784D3F84C01D7F84C21C2
:10ABA800824238BF3B4607F5AA778F42EED17246FC
:10ABB800A3B9134602F5AA7291420CD0002BF8D023
:10ABC800D2F84C71D3F84C01874238BF134602F5CE
:10ABD800AA729142F2D1002B3FF49DAEF7EE007AB3
:10ABE80093ED136ADFED896A0022012083ED4A0A9A
:10ABF800E6EE667AC3F83821C3F834219A6583ED06
:10AC08004B8A9FED837AC3E9525C5D68C3ED4C7A49
:10AC1800296883F8500149442960C3F88820C3F89B
:10AC2800B820C3F8B420C3F8B020C3F8AC20C3F8E8
:10AC3800E820C3F8EC20C3F8F820C3F8142181EA0F
:10AC4800D1320143C3F8F400C3F8100101FB02F24A
:10AC5800002142F03D00C3F83C1182EAD21100FB0A
:10AC680001214A4082EA923207EE902AF8EE677A8A
:10AC780067EE877ABBFE677A77EEC77AC3ED1C7AF0
:10AC880049E6032940F0CE800CAB6168E27A03EB19
:10AC9800870757F8185C002900F09981002A00F00E
:10ACA800968195FBF2F002FB00F39D4204D0002D43
:10ACB80002DA013802FB00F3EB1AA26CCB5CE16C00
:10ACC80002FB003339335B1A93FBF2F102FB01F00C
:10ACD800834205D092EA030F02D5013902FB01F045
:10ACE8001B1A07EE901A94ED107A04EB8303F8EE22
:10ACF800E77A93ED040AA7EE870AB4EE400AF1EE6C
:10AD080010FA40F06481DFED467AD4ED119A20EE16
:10AD1800270A07F029FA29EE800A3E4A92F83D34BC
:10AD2800002B00F0A88592F8453A002B00F09F858B
:10AD380092F84834002B00F02C8492F8503A002BFB
:10AD480000F09585D2F84404A2F5DE73D2F84C1AC7
:10AD580002F24C47884288BF3B4693ED077AD2F807
:10AD6800542AC0EE077ADFED2C6AC3F800260122C8
:10AD7800C3F8FC5583F8042603F2F45282ED008AE6
:10AD880040F20112A3F8F825F4EEE67AF1EE10FA93
:10AD980000F111849FED216AF4EEC67AF1EE10FA03
:10ADA80000F36D85F5EEC07AC3ED097AF1EE10FA7D
:10ADB80041F30F85F7EE006A86EEA77A002203F2C8
:10ADC800845183ED0A7A1A62CA620A6303F2D45183
:10ADD8000A6003F5BB610A600021C3F8EC1503F5AE
:10ADE800B7618A600122C3F8BC2594E5DFED0C7ACF
:10ADF800D4ED119A20EE270A07F0B6F929EE800A59
:10AE0800DDE500BFB097002054BE00205C8FC23E35
:10AE18000000802F54CE00200000000048E1FA3ED8
:10AE28000E745A3A042940F0D5800CAB6168E27A76
:10AE380003EB870757F8185C0195002900F0A683F3
:10AE4800002A00F0A38395FBF2F002FB00F39D4279
:10AE580004D0002D02DA013802FB00F3019AD31A5C
:10AE6800A26CCB5CE16C02FB003339335B1A93FBB9
:10AE7800F2F102FB01F0834205D092EA030F02D5FA
:10AE8800013902FB01F01B1A07EE901AD4ED106A83
:10AE980004EB8303F8EEE77A93ED047AA7EEA67A3B
:10AEA800B4EE477AF1EE10FA40F070831FED240AF1
:10AEB800D4ED119A27EE000A07F056F929EE800A18
:10AEC800BA4B41F21457BA49D3F8A83EDFF814C375
:10AED8000293B84B1A4612F80F5C02EB0C003A4486
:10AEE800002D38D09142F6D1B24A0020DFF8F4E2C2
:10AEF80041F214579C46039412F8045C02EB0E03CB
:10AF08005DB900F58055002800F0DC85D5F80C55B2
:10AF180052F8084CAC4238BF18463A448A42EBD142
:10AF28006346039CB8B9DFF8BCC241F2145E00F571
:10AF3800805503EB0C02002800F0A784D5F80C75A7
:10AF480053F8085CBD4238BF104673449942EED1AD
:10AF580000283FF4E0AC00F58053019AF0EE480A6F
:10AF6800C3F80825029AC3F80C25012283F8102596
:10AF7800FCF790FFCFE49048F6EE080A9FED8F0AA1
:10AF88000121D0F81028FCF733FDFFF747BB8A48AA
:10AF9800DFED8B0A9FED890AD0F81028FCF728FD11
:10AFA800FFF7B2BA84480221DFED860A9FED830AD3
:10AFB800D0F81028FCF71CFDD5F8F437FFF713BAC2
:10AFC800013802FB00F5D1E49FED7F0ACCE59FED47
:10AFD8007E0AA2E6052940F0F4820CAB6168E27AA9
:10AFE80003EB870757F8187C002900F05184002AE2
:10AFF80000F04E8497FBF2F002FB00F39F4204D06E
:10B00800002F02DA013802FB00F3FB1AA26CCB5CBA
:10B01800E16C02FB003339335B1A93FBF2F102FB5C
:10B0280001F0834205D092EA030F02D5013902FBF1
:10B0380001F01B1A07EE901AD4ED106A04EB830393
:10B04800F8EEE77A93ED047AA7EEA67AB4EE477A9B
:10B05800F1EE10FA40F01C849FED5C0AD4ED119AD1
:10B0680027EE000A07F080F829EE800A584BDAF834
:10B078003C051A4692F81912154602F50C7289B366
:10B0880054498A42F6D10025A1F5D2619C4691F82F
:10B098002C224AB9002D00F02C86D5F82822D1F8A8
:10B0A8002832934238BF0D4601F50C71494A914246
:10B0B800EDD16346B5B91D46464A03F50C73934274
:10B0C8000DD0002DF7D0D3F82812D5F828229142B8
:10B0D80038BF1D4603F50C733E4A9342F1D1002D4B
:10B0E8003FF419ACF3EE047A0123D5ED009A85F804
:10B0F8002C32B4EEE70AC5E98970F1EE10FA09DBE3
:10B10800DFED357A69EEA77AB4EEE70AF1EE10FAC8
:10B1180077FE807A40F20113C0220021C5ED847ABF
:10B12800A5F8183205F59E7085ED858A09F0A4FA10
:10B138002846F8F70DFED5ED050AF5EEC00AF1EE42
:10B1480010FAC0F2C284F7EE007AF4EE670AF1EE64
:10B1580010FA77FEA00AB0EE490A07F0D5F8F6EE25
:10B16800007A20EE280A00239FED1C7AC5F80432E5
:10B17800E9EE807A9FED1A6A85ED878AFDEEE77A17
:10B1880017EE903A022BB8BF022307EE903AC5F8A3
:10B198000032F8EEE77AC7EE276A86EE277AC5ED21
:10B1A800826A85ED837AFFF7B6BB00BF541E012083
:10B1B80010420120C0ED0020548E00200000000045
:10B1C8003333733F6666E63E0000C07F0E745A3A1A
:10B1D800002D012090330120CDCCCC3E52B89E3FAB
:10B1E800DB0FC940ECEAFFFF022940F05482944883
:10B1F80000F5AA610346D3F8F4401A4603F5AA738A
:10B2080054B39942F7D100228D4B93F850414CB971
:10B21800002A00F03A85D3F84C61D2F84C41A64296
:10B2280038BF1A4603F5AA738B42EED1A2B902467B
:10B2380000F5AA7088420CD0002AF8D0D0F84C410A
:10B24800D2F84C319C4238BF024600F5AA708842B9
:10B25800F2D1002A3FF4E6AA576801247948F7EEAC
:10B26800007A3968784B084492ED136AD3F8403E67
:10B2780040EA0401DFED756AC2F84C3180EAD03348
:10B28800E6EE667A9FED727A01FB03F3002182F8FD
:10B29800504183EAD31643F03D0CC2F828110CFB49
:10B2A8000636C2ED4C7A7340C2F83811C2F8341130
:10B2B80083EA9333916507EE903A0223F8EE677AB2
:10B2C800C2F84831634B67EE877AC2F82C31386090
:10B2D8000020D5F8F437BBFE677A77EEC77AC2F854
:10B2E8008810C2F8B810C2ED1C7AC2F8B410C2F8BF
:10B2F800B010C2F8AC10C2F8E810C2F8EC10C2F8EE
:10B30800F810C2F8F440C2F81411C2F81041C2F89B
:10B318003C01FFF768B8022940F04682484800F52A
:10B32800AA610246D2F8F460134602F5AA7256B32F
:10B338009142F7D10023424F97F850214AB9002B88
:10B3480000F0A684D7F84C61D3F84C21964238BF58
:10B358003B4607F5AA778F42EED1A3B9034600F51D
:10B36800AA7081420CD0002BF8D0D0F84C61D3F8E9
:10B378004C21964238BF034600F5AA708142F2D1AB
:10B38800002B3FF44BA9304AF5EE006A5F68F7EEF0
:10B39800007AD2F8402E2B48C3F84C213A6893ED36
:10B3A800136A10444FF07D52E6EE667A9FED287AD4
:10B3B80040F00101C3F82C2180EAD03201FB02F2EF
:10B3C800002182EAD21642F03D0CC3ED4C7A0CFB08
:10B3D8000626C3F828117240C3F83811C3F834118F
:10B3E80082EA9232996507EE902A0122F8EE677A8E
:10B3F800C3F8482183F85021386067EE877AC3F88C
:10B40800F420C3F810210022C3F88810BBFE677A25
:10B4180077EEC77AC3F8B810C3F8B410C3ED1C7A36
:10B42800C3F8B010C3F8AC10C3F8E810C3F8EC10B8
:10B43800C3F8F810C3F81411C3F83C21FFF7EEB8AD
:10B44800B0970020F5792B6D54BE0020CDCC0C3F71
:10B458000000802F6666E63E022940F0B980C648A3
:10B4680000F5AA610246D2F8F460134602F5AA7202
:10B4780056B39142F7D10023BF4F97F850214AB9EC
:10B48800002B00F00084D7F84C61D3F84C21964289
:10B4980038BF3B4607F5AA778F42EED1A3B90346DA
:10B4A80000F5AA7081420CD0002BF8D0D0F84C617E
:10B4B800D3F84C21964238BF034600F5AA70814262
:10B4C800F2D1002B3FF420A8AC4AF7EE007AD3F86B
:10B4D80004C00021D2F8402EA948C3F84C21DCF85A
:10B4E800002093ED136A1044DFEDA66A9FEDA67A5B
:10B4F80040F0010680EAD032E6EE667AC3F82811F9
:10B5080006FB02F20126C3F8381182EAD21742F08C
:10B518003D0EC3F834110EFB0727C3ED4C7A7A4071
:10B528009A4F996582EA923283F85061C3F82C7178
:10B5380007EE902A0022F8EE677AC3F84821CCF883
:10B548000000C3F83C2167EE877AC3F88810C3F877
:10B55800B810C3F8B410BBFE677A77EEC77AC3F8A1
:10B56800B010C3F8AC10C3ED1C7AC3F8E810C3F8E8
:10B57800EC10C3F8F810C3F81411C3F8F460C3F85A
:10B588001061FEF7C1BF3B46FFF70DBB9FED800A78
:10B5980096E492F8503A002B40F06D81D2F84C0AAC
:10B5A800A2F5DE73D2F8441402F24C47884238BF41
:10B5B8003B46FFF7D2BBB0EE667AC3ED096AFFF7E8
:10B5C800FDBB063909AA7348FEF7D4FBFFF7A3B9F8
:10B5D800032940F06181704B93F83D24002A00F064
:10B5E8005E8393F8452A4AB193F84824002A00F06C
:10B5F800528393F8502A002A40F02D8303F24C42DC
:10B608009FED667A0021D2ED076AD3F8543AC7EE67
:10B61800267AC2F8FC15C2F8003601235B4982F885
:10B62800043602F2F453196040F20113A2F8F83517
:10B63800F4EEC77AF1EE10FA00F14F83DFED586AA5
:10B64800F4EEE67AF1EE10FA00F30F84F5EEC07A24
:10B65800C2ED097AF1EE10FA41F3E980B7EE007A0B
:10B66800C7EE276A002302F28451C2ED0A6A136208
:10B67800CB620B6302F2D4510B6002F5BB610B6025
:10B688000021C2F8EC1502F5B7618B600123C2F8FE
:10B69800BC35FEF739BF032940F0BB813E4B93F818
:10B6A8003D24002A00F0E78393F8452A002A00F099
:10B6B800E58393F84824002A00F0F98293F8502A89
:10B6C800002A00F0DB83D3F84444A3F5DE72D3F8F4
:10B6D8004C0A03F24C41844288BF0A469FED2F7AF8
:10B6E8000221D2ED076A0120D3F8543AC7EE267A30
:10B6F800C2F8FC15C2F8003602F2F453294982F860
:10B708000406196040F20113A2F8F835F4EEC77A7E
:10B71800F1EE10FA00F1C682DFED216AF4EEE67A66
:10B72800F1EE10FA00F39783F5EEC07AC2ED097ACC
:10B73800F1EE10FA41F37F80B7EE007AC7EE276A80
:10B74800002302F28451C2ED0A6A02F2D450136255
:10B75800CB620B6302F5BB61036000200B6002F54E
:10B76800B761C2F8EC058B600121D5F8F437C2F84F
:10B77800BC15FEF738BE00BFB097002054BE0020AD
:10B78800F5792B6DD0CC4C3D0000802F3333733FBF
:10B798000000C07F9433012054CE00200000000038
:10B7A80048E1FA3E6666E63E032940F0D480C94B7C
:10B7B80093F83D24002A00F0998293F8452A4AB16B
:10B7C80093F84824002A00F08D8293F8502A002A22
:10B7D80040F04D8203F24C429FEDBF7A0121D2ED39
:10B7E800076A4FF07D50D3F8543AC7EE267AC2F86C
:10B7F800FC15C2F8003602F2F45382F804161860F9
:10B8080040F20113A2F8F835F4EEC77AF1EE10FA17
:10B8180000F15E82DFEDB16AF4EEE67AF1EE10FA3D
:10B8280000F31E83F5EEC07AC2ED097AF1EE10FA44
:10B8380040F3CB87B7EE007AC7EE276A002302F2FF
:10B848008451C2ED0A6A1362CB620B6302F2D451CF
:10B858000B6002F5BB610B600021C2F8EC1502F524
:10B86800B7618B600123C2F8BC35FEF7D7BE02F280
:10B878004C43FFF772BAA2F5DE73FFF76EBA9FED7D
:10B88800987A83ED096AFFF799BA1046FFF75DBB0E
:10B898009FED940AFFF7EABB042940F0A381924A7E
:10B8A80041F214579149DFF850C2134613F80F6C50
:10B8B80003EB0C003B44002E38D09942F6D18A4B5A
:10B8C8000020DFF834E241F2145C914613F8047C5E
:10B8D80003EB0E065FB900F58057002800F0C98415
:10B8E800D7F80C7553F8082CBA4238BF3046634471
:10B8F8009942EBD14A46C8B9DFF8FCC141F2145766
:10B90800A64600F5805602EB0C03002800F0BB8227
:10B91800D6F80C6552F8084CB44238BF18463A4479
:10B928009142EED1744600283EF4EEAD704BDFED47
:10B93800710AD3F8A82E00F580539FED670AC3F863
:10B948000C250022C3F80825012283F81025FCF7EE
:10B95800A1FAFEF7D9BD042940F00B81624A41F2F1
:10B9680014576249DFF890C1134613F80F6C03EBC4
:10B978000C003B44002E38D09942F6D15A4B002097
:10B98800DFF874E141F2145C914613F8047C03EB90
:10B998000E065FB900F58057002800F06784D7F8D5
:10B9A8000C7553F8082CBA4238BF304663449942A4
:10B9B800EBD14A46C8B9DFF840C141F21457A64650
:10B9C80000F5805602EB0C03002800F05A82D6F8E6
:10B9D8000C6552F8084CB44238BF18463A449142B4
:10B9E800EED1744600283EF419AE414BF6EE080A33
:10B9F8009FED390AD3F8A82E00F58053C3F80C251B
:10BA08000122C3F8082583F81025FCF743FAFEF74E
:10BA180005BE042974D1344A41F214563349364FCD
:10BA2800134613F80F4CD8193344A4B39942F8D1EC
:10BA38002D4B0020DFF8C0C041F21457964613F88A
:10BA4800046C03EB0C045EB900F58056002800F086
:10BA58001384D6F80C6553F8082CB24238BF204638
:10BA68003B449942EBD17246A8B9234E41F2145C8B
:10BA780000F580579319002800F00782D7F80C7555
:10BA880052F8084CBC4238BF184662449142EFD184
:10BA980000283EF4C7AE00F5805302221449DFEDBA
:10BAA800170AD1F8A81EC3F808250122C3F80C15F7
:10BAB80083F810259FED080AFCF7ECF9D5F8F43760
:10BAC800FEF791BC1846FFF728BADFED030AFFF727
:10BAD80042BB00BF54CE00200000000048E1FA3EFF
:10BAE800BC9C02400000C07FC0ED00201042012035
:10BAF800541E01203333733FECEAFFFF6666E63ECF
:10BB0800052940F03281B54B03F5D26193F819222B
:10BB18001C4603F50C73002A00F079829942F5D18E
:10BB280003220024AD4B93F82C1249B9002C00F0E5
:10BB38005F85D3F82802D4F82812884238BF1C46FB
:10BB4800013A03F50C73EED1002C40F06082A34B50
:10BB580003221C46013A03F50C733EF460AE002C38
:10BB6800F7D0D3F82802D4F82812884238BF1C46E8
:10BB7800F0E7052940F0C080984B03F5D26193F8AF
:10BB880019221E4603F50C73002A00F0E28199423F
:10BB9800F5D103220026914B93F82C1249B9002EB7
:10BBA80000F02985D3F82802D6F82812884238BF31
:10BBB8001E46013A03F50C73EED1002E40F0C98100
:10BBC800864B03221E46013A03F50C7300F0BE8132
:10BBD800002EF7D0D3F82802D6F82812884238BFAA
:10BBE8001E46F0E7052940F0FD807C4B03F5D26145
:10BBF80093F819221E4603F50C73002A00F04A81B7
:10BC08009942F5D103220026744B93F82C1249B9B6
:10BC1800002E00F0EA84D3F82802D6F828128842C9
:10BC280038BF1E46013A03F50C73EED1002E40F0E2
:10BC380031816A4B03221E46013A03F50C7300F06A
:10BC48002681002EF7D0D3F82802D6F82812884289
:10BC580038BF1E46F0E7D3F84C6AA3F5DE72D3F876
:10BC6800440403F24C41864238BF0A46C8E4D3F87C
:10BC78004C6AA3F5DE72D3F8440403F24C418642C1
:10BC880038BF0A46A8E53B4604E41A46FFF7CABA95
:10BC98003B46FFF75EBB93F8502A002ADBD0A3F59A
:10BCA800DE72ADE4F0EE476A82ED097A48E593F872
:10BCB800502A002A40F0DF80D3F84C4AA3F5DE7200
:10BCC800D3F8440403F24C41844238BF0A4605E5E0
:10BCD800F0EE476A82ED097AB0E5F0EE476A82ED48
:10BCE800097ABFE493F8502A002AC0D0A3F5DE727F
:10BCF80072E50D46FFF7D8B9062940F0EF81384BB9
:10BD080003F5D26293F819121E4603F50C73002945
:10BD180000F0A6829A42F5D103220026304B93F810
:10BD28002C1249B9002E00F0F584D3F82802D6F871
:10BD38002812884238BF1E46013A03F50C73EED12B
:10BD4800002E40F08D82264B03221E46013A03F551
:10BD58000C7300F08282002EF7D0D3F82802D6F8B0
:10BD68002812884238BF1E46F0E7062940F00682AE
:10BD78001B4B03F5D26293F819121C4603F50C739A
:10BD8800002900F088829A42F5D103220024144B3E
:10BD980093F82C1249B9002C00F0BF84D3F828027C
:10BDA800D4F82812884238BF1C46013A03F50C73B0
:10BDB800EED1002C40F06F82094B03221C46013A59
:10BDC80003F50C7300F06482002CF7D0D3F8280236
:10BDD800D4F82812884238BF1C46F0E7002D01200D
:10BDE80094330120062940F00182D84B03F5D26232
:10BDF80093F819121E4603F50C73002900F04282CD
:10BE08009A42F5D103220026D04B93F82C1249B957
:10BE1800002E00F0E883D3F82802D6F828128842CA
:10BE280038BF1E46013A03F50C73EED1002E40F0E0
:10BE38002982C64B03221E46013A03F50C7300F013
:10BE48001E82002EF7D0D3F82802D6F8281288428E
:10BE580038BF1E46F0E7F0EE667AC2ED096A6BE479
:10BE6800F0EE667AC2ED096AE4E4F0EE667AC2EDB5
:10BE7800096AFFF7F3BBA3F5DE722FE403F24C4225
:10BE88002CE41846AAE5184649E51846FDE5002EB3
:10BE98003EF43AABAE4B96ED008AD3F83C35C6F883
:10BEA800283201230021C02286F82C3206F59E7024
:10BEB800A84BC6F82412C6F81032A74BC6F814329D
:10BEC80040F20113A6F8183208F0D6FB3046F7F70F
:10BED8003FFFD6ED050AF5EEC00AF1EE10FAC0F202
:10BEE800F480F7EE007AF4EE670AF1EE10FA77FEC6
:10BEF800A00A9FED9A0A06F007FADFED996AF6EEB6
:10BF0800007A9FED987A20EE260A9FED976AE8EE70
:10BF1800007AFDEEE77A17EE903A022BB8BF0223BB
:10BF280007EE903AC6F800320023F8EEE77AC6F832
:10BF38000432894BC7EE276AC6F81C3286EE277A88
:10BF4800C6ED826A86ED837AFEF7DEBA002E3EF4ED
:10BF580065AB7F4B96ED008AD3F83C35C6F828329E
:10BF6800C0227C4B002106F59E70C6F810324FF0B7
:10BF78007D53C6F8143240F20113A6F81832012393
:10BF8800C6F8243286F82C3208F076FB3046F7F7EC
:10BF9800DFFED6ED050AF5EEC00AF1EE10FAC0F2A2
:10BFA8009780F7EE007AF4EE670AF1EE10FA77FE62
:10BFB800A00A9FED6A0A06F0A7F9DFED696AF6EEB6
:10BFC800007A9FED696A20EE260AB7EE087AE8EE55
:10BFD800007AFDEEE77A17EE903A022BB8BF0223FB
:10BFE80007EE903AC6F800320023F8EEE77AC6F872
:10BFF80004324FF07D53C7EE276AC6F81C3286EE2E
:10C00800277AC6ED826A86ED837AFEF707BB504A27
:10C018000221504B94ED008AD2F83C25C4F8241232
:10C028000121C4F8282204F59E70504AC4F8103241
:10C0380040F2011384F82C120021C4F81422C02203
:10C04800A4F8183208F018FB2046F7F781FED4ED63
:10C05800050AF5EEC00AF1EE10FA3CDBF7EE007ABD
:10C06800F4EE670AF1EE10FA77FEA00A9FED3B0A9C
:10C0780006F04AF9DFED3A6AF6EE007A3B4A20EE1E
:10C08800260AD5F8F437C4F81C2200219FED387A27
:10C09800E8EE007A9FED346AC4F80412FDEEE77A00
:10C0A80017EE902A022AB8BF022207EE902AC4F897
:10C0B8000022F8EEE77AC7EE276A86EE277AC4ED03
:10C0C800826A84ED837AFEF78EB9DFED2A0A10E7DB
:10C0D800DFED280A6DE7DFED270AC7E7072940F0FB
:10C0E8007081254A032392F81912164602F50C723C
:10C0F800002900F0AF81013BF5D11E4603221E4BFB
:10C1080093F82C1249B9002E00F05083D3F8280276
:10C11800D6F82812884238BF1E46013A03F50C7338
:10C12800EED1002E40F09681134B03221E46013AB1
:10C1380003F50C7300F08B81002EF7D0D3F828029A
:10C14800D6F82812884238BF1E46F0E794330120FB
:10C15800542E01200000A0413333733FCDCCCC3D99
:10C168006F12833B3333F33FDB0FC9406666E63E0D
:10C178006666663F00000000283A0120072940F063
:10C18800D880C14A032392F81912144602F50C729A
:10C19800002900F07181013BF5D11C460322BA4BFE
:10C1A80093F82C1249B9002C00F03F83D3F82802E9
:10C1B800D4F82812884238BF1C46013A03F50C739C
:10C1C800EED1002C40F05881AF4B03221C46013AB7
:10C1D80003F50C7300F04D81002CF7D0D3F828023A
:10C1E800D4F82812884238BF1C46F0E707295AD1EC
:10C1F800A54A032392F81912164602F50C72002973
:10C2080000F03181013BF5D11E4603229E4B93F885
:10C218002C1249B9002E00F03383D3F82802D6F83F
:10C228002812884238BF1E46013A03F50C73EED136
:10C23800002E40F01881944B03221E46013A03F564
:10C248000C7300F00D81002EF7D0D3F82802D6F831
:10C258002812884238BF1E46F0E7002E3EF4DEA9B9
:10C268008A4B96ED008AD3F8D03B77E63046FFF745
:10C278009DBB3046FFF73BBB2046FFF7F1BB002EC6
:10C288003EF442A9814B96ED008AD3F8D03B06E6EE
:10C29800002C3EF4C7AA7D4A02217D4B94ED008A0A
:10C2A800D2F8D02BBAE6082940F0ED81794E7A4AC7
:10C2B80006F5D0631A6006F28463784A1A60D6F8E5
:10C2C80084222AB192000021D6F8800208F0D4F91D
:10C2D800D6ED9A5AF7EE086A9FED716A0023B7EE19
:10C2E800007A06F2A462C5EE867AC6F8A036C6F8C9
:10C2F8008C32002313600122C6F8602686F888264F
:10C3080006F27C62136006F26462136006F5CF637E
:10C3180006F28C6677EEE67AF4EE477AF1EE10FADA
:10C3280048BFF0EE477AC3ED007A5E4B3360FEF704
:10C33800EBB8082940F06281564E574A06F5D0639B
:10C3480059491A6006F28463D6F8842219602AB122
:10C3580092000021D6F8800208F08EF9D6ED9A5A9C
:10C36800F7EE086A9FED4E6AB7EE007A00220023C6
:10C37800C5EE867A06F27C6006F2A461C6F88C22C5
:10C38800C6F8A02606F264620B6006F28C611360A0
:10C3980006F5CF62036001234248C6F8603686F886
:10C3A8008836D5F8F437086077EEE67AF4EE477AFF
:10C3B800F1EE10FA48BFF0EE477AC2ED007AFEF7C8
:10C3C80012B8082972D1334E4FF07D52324906F522
:10C3D800D063196006F284631A60D6F884222AB101
:10C3E80092000021D6F8800208F046F9D6ED9A5A54
:10C3F800F7EE086A9FED2A6A0023B7EE007A06F284
:10C40800A462C5EE867AC6F8A036C6F88C32002338
:10C4180013600122C6F8602686F8882606F27C6238
:10C42800136006F26462136006F5CF6306F28C6649
:10C4380077EEE67AF4EE477AF1EE10FA48BFF0EEBE
:10C44800477AC3ED007A174B3360FEF7E7B8002E42
:10C458003EF4E4A80F4B96ED008AD3F864327DE5EC
:10C46800002E3EF451A80B4B96ED008AD3F86432A7
:10C4780015E5002C3EF4D6A9064A0221044B94ED9A
:10C48800008AD2F86422C9E5283A0120542E0120F6
:10C498000000A041543E01200000DC423333733FCA
:10C4A80000005C430AD7233C6666E63E093900F083
:10C4B800218201297EF4B2A8E14E9FEDE26A06F6D8
:10C4C8009C429FEDE17A06F69843D2ED006A4FF060
:10C4D8007D52C6EE267A1A60F4EEC77AF1EE10FAAB
:10C4E80000F10182DFEDD96A06F6A443F4EEE67A9C
:10C4F800F1EE10FA00F3F281F4EEC77AC3ED007A98
:10C50800F1EE10FA40F3E781B7EE007AC7EE276A3A
:10C5180006F6A8439FEDCE6A9FEDCB7AC3ED006A7D
:10C5280006F6B443D3ED006AC6EE267AF4EEC77A6F
:10C53800F1EE10FA00F1C881DFEDC46A06F6BC43DB
:10C54800F4EEE67AF1EE10FA00F3B981F4EEC77A68
:10C55800C3ED007AF1EE10FA40F3AE81B7EE007A3F
:10C56800C7EE276A06F54C6306F54962DFEDB67A31
:10C57800C3ED006A06F54A6392ED007A4FF07A52ED
:10C58800C3ED007A06F6B843B4EEE77A1A6006F609
:10C598003853F1EE10FAC3ED007A06F63C53C3EDBA
:10C5A800007A00F27C81B0EE670A06F6485383ED04
:10C5B800000A06F69443D3ED007AF5EEC07AF1EE60
:10C5C80010FA00F25F819FEDA00A06F6545306F6B2
:10C5D800445206F5556683ED000A4FF07E5313600A
:10C5E8003360FEF71BB81E461CE41E46FFF71ABB55
:10C5F8001C46FFF7A5BA1E46FFF7DBBA093900F05B
:10C60800068101297EF40EA98D4EF7EE004A914A63
:10C6180006F65C5390499FED915A1A6006F66853E6
:10C62800DFED897A0022DFED896A15E0B4EEE67A5B
:10C63800F1EE10FA22DCB5EEC07A83ED027AF1EE63
:10C6480010FA01DD84EE876A0132C3ED017A83EDC9
:10C65800036A1833062A63D0F1EC015AB0EE676A10
:10C6680093ED004A65EE855A85EE847AB5EEC07A78
:10C67800F1EE10FADAD5C3ED027AE5E7B0EE667AA4
:10C68800C3ED026ADEE7093900F0A78001297DF4CD
:10C698003BAF6B4E9FED6C0A06F66C4206F65843AC
:10C6A800D2ED007A6E4AF4EEC07A1A6006F65C4360
:10C6B8006C4AF1EE10FA1A6006F5466383ED000A3B
:10C6C8000BD906F674439FED6D0A93ED007A67EE79
:10C6D800877A80EE270A05F0D3FC06F67C4383EDC3
:10C6E800000A06F66843D3ED007AF5EEC07AF1EE5B
:10C6F80010FA7FD89FED540A06F6884306F678426A
:10C7080006F6844683ED000A4FF07E5313603360CB
:10C71800FDF7FABE1E46FFF70FBB1C46FFF745BBE9
:10C7280006F5566106F6246206F6286391ED007A4E
:10C73800C2ED007AB5EEC07AC3ED007AF1EE10FAD8
:10C7480036D89FED410A06F6645206F658539FED17
:10C75800466A93ED007A06F60463D2ED007A06F68F
:10C768003462DFED426A67EE867A414827EE267A20
:10C7780082ED000A3F4A01460838F4EEC77A1A608B
:10C7880006F60863002206F56366F1EE10FA1A60F1
:10C7980058BFF0EE477AC1ED007AF5F78BFD4FF000
:10C7A8007E52D5F8F4373260FDF71DBE1E46B4E45C
:10C7B80006F62C639FED310AD3ED007A27EE277A2F
:10C7C80080EE070A05F05CFCBDE7F0EE476AFFF76C
:10C7D80035B8B0EE667AFEF7F1BA1948DFED260AE9
:10C7E800D0F8502C00F5D6609FED170AFAF764FDD3
:10C7F800FDF78ABE06F548639FED200A93ED007A9F
:10C8080067EE877A80EE270A05F03AFC74E70C4851
:10C818000221DFED160AD0F8502C00F5D6609FED06
:10C828000A0AFAF749FDFDF7FDBF1C46C5E4F0EE1C
:10C83800476AFEF717BFF0EE476AFEF781BF00BFF1
:10C84800543E0120000039430000000048E1FA3E50
:10C85800000094436666E63E781B00200000A5436E
:10C86800000040423333733F00C0DA456666E63E57
:10C87800544C01208104353F3333733F550CDDC0E0
:10C888001E46D1E406F64C531FED040A93ED007AD8
:10C8980067EE877A80EE270A05F0F2FB95E606F543
:10C8A80054631FED0A0AD3ED007A27EE277A80EE4B
:10C8B800070A05F0E5FB78E6F0EE476A52E6F0EE87
:10C8C800667AC3ED006A49E606F6BC43F0EE476AAD
:10C8D80083ED007A46E6F0EE476A19E6F0EE667AEE
:10C8E800C3ED006A10E606F6A443F0EE476A83ED4E
:10C8F800007A0DE60648F6EE080A9FED060A0121C1
:10C90800D0F8502C00F5D660FAF7D6FCFDF786BEB5
:10C91800543E0120000000002DE9F04F2DED0C8B56
:10C9280089B01E461E9B9E42CDE9031280F2DD802F
:10C9380000F5805B00F1A0038146DFED9D8ADBF8FE
:10C94800F0570DEE103A9FED9B8A2F46002F7EDDA3
:10C958001E9B9B1B802BA8BF80239F42A8BF1F46FE
:10C96800002F0EDD41F2E830BA000021484405925C
:10C9780007F082FE41F2E850059A0021484407F08A
:10C988007BFEDBF8F887B8F1000F75D1DFF850A20D
:10C9980041F2E83441F2E8534C4455464B44059380
:10C9A800D5F8E0319A7982B10020C3B212F0010FB4
:10C9B80000F10100C3EB031305D005EB8303D3F8A3
:10C9C8008830002B4BD15208EFD105F501757A4B11
:10C9D800AB42E5D1DAF810383B44CAF81038774B47
:10C9E800002F03EB880393ED007A1CDD41F2E83455
:10C9F8004C44039B03EB8601049B03EB8602002354
:10CA0800F4EC016A0133D1ED007A9F42E6EE877AB1
:10CA1800E1EC017AD2ED007AD4ED7F6AE6EE877A0E
:10CA2800E2EC017AECDCBC1933461DEE100A0094E6
:10CA3800DDE90312FDF730F8DBF8F037DF1B1E9B4A
:10CA48009C42CBF8F07750DA002F264680DC484627
:10CA5800FDF798FCDBF8EC77CBF8F07778E7002364
:10CA68002846059A2146009705F50175F8F78AFAD0
:10CA7800514BAB4294D1ADE7B8F1010F0BD141F264
:10CA8800E85241F2E83100234D484A4449440097AE
:10CA9800F6F79AFDA3E7B8F1020F0BD141F2E8527D
:10CAA80041F2E831002347484A4449440097F8F7DF
:10CAB800A9FB94E7B8F1030F1CD141F2E853424DAA
:10CAC80041F2E8344B444C44059395F83D34002B2F
:10CAD80040F0568195F8453A002B40F04481D5F84E
:10CAE800543A3B44C5F8543A79E709B0BDEC0C8B8D
:10CAF800BDE8F08FB8F1040F28D141F2E834B7EE61
:10CB0800003AF0EE043ACDF81CB04C44DFED2F1A91
:10CB18002F4A04EB8703DFF8CCA09B46CDE90586B6
:10CB280012F80F3C63BB41F214539A441A44294B40
:10CB38005345F5D1A3F6A862DDF81CB0D2F8A83E9B
:10CB48003B44DDE90586C2F8A83E48E7B8F1050F81
:10CB580000F02481B8F1060F40F0328141F2E8522A
:10CB680041F2E83100231C484A4449440097FAF747
:10CB7800A7FA1A4AD2F8D03B3B44C2F8D03B2EE77A
:10CB8800002F9AED064A40F3DC8041F2E85CB0EEF3
:10CB9800002AF6EE004ADAF81C50F7EE082A52F896
:10CBA800388CDAF820E02646DAF82810CC44AAE0D7
:10CBB8000000804200000000649600206C160020EF
:10CBC80068960020B097002054CE002017B7D138BF
:10CBD800C0ED0020FC2C012094330120542E0120AC
:10CBE800548E0020ACD800209AED097AF8EE476AF6
:10CBF800F4EEE67AF1EE10FA00F39A80BDEEE77AE9
:10CC0800F8EEC76A17EE100A77EEE66A4B1E1B1A93
:10CC1800581C48BF7044002B05EB8000D0ED007A0B
:10CC28007DDB05EB830090ED006A581E002B7DD05C
:10CC3800B0EE677A023B05EB800012ED0B0A48BFA5
:10CC48007344A6EE637A90ED001A05EB830376EE43
:10CC5800415AD3ED000A31EE679A52F8343C30EE6F
:10CC6800E75A52ED0A7AA1EE027A12ED091A65EE38
:10CC7800A25A434567EE817A12ED081AE5EE245A66
:10CC8800A0EEE47AA5EEA67A27EE267AA9EE247A13
:10CC9800A7EE266AE0EE067A42ED097A67EE817A17
:10CCA8000ADA03F5E37001330AEB800042F8343CFA
:10CCB80090ED017A77EE877A05EB81030131B0EECA
:10CCC800E77A714508BF0021C3ED007ACAF8281039
:10CCD800D6ED006AE4EE276AE6EC016ADCED006A4C
:10CCE800E4EE276AECEC016A52ED067AB4EEE77AD4
:10CCF800F1EE10FA03DC12ED057A27EE877AB345D8
:10CD080002ED067A1FD052ED0C7AF4EEC37AF1EEFA
:10CD180010FABFF669AFF0EE486A012076E70EEB2D
:10CD2800030005EB800090ED006A581E70447FE711
:10CD3800FDEEE67A17EE900AF8EEE77A76EEE76A05
:10CD480064E712ED067AB4EEE17AF1EE10FA7FF5B7
:10CD5800EAAE52E90E319942FFF6E5AE4FF0000314
:10CD680002F80F3CDFE60023059A2146D8480097D1
:10CD7800F8F70EFDD5F8543A3B44C5F8543A2EE678
:10CD88000023059A2146A5F5DE700097F8F700FD07
:10CD980095F8453A002B3FF4A2AEE4E741F2E85299
:10CDA80041F2E8310023CB484A4449440097FAF756
:10CDB80087F9C94AD2F83C353B44C2F83C350EE6FF
:10CDC800B8F1070F0ED0B8F1080F1DD141F2E852A3
:10CDD80041F2E8310023C1484A4449440097FAF730
:10CDE800F3FBFCE541F2E85241F2E8310023BC488C
:10CDF8004A4449440097FAF763F9BA4AD2F86432C8
:10CE08003B44C2F86432EAE5B8F1090300F038831C
:10CE1800012B7FF4E4ADDFF8CCA2DFEDBD7A0AF692
:10CE2800784393ED009AB4EEE79AF1EE10FA40F3E6
:10CE3800E7820AF66443F7EE009A002F93ED00AA02
:10CE48003AEE69AA40F3668141F2E83441F2E853C8
:10CE5800BA00DFEDA5BA4C4409EB03010DEE902AA8
:10CE68009FEDA2BA04EB8703DFEDA1AA25460A4687
:10CE780006930AF54663059101E090ED009A9D49F5
:10CE8800B0EE695A93ED006AD1ED006A51ED0B7A64
:10CE9800AAEE265A51ED0C5A91ED017A079227EE27
:10CEA800267A67EE857A81ED007A87EEA50A30EE5C
:10CEB800060AB4EEE90AF1EE10FAA8BF30EE690AE4
:10CEC80083ED000A20EE2B0A05F0AEFB0AF5476059
:10CED800F0EE407A884BD0ED00CA079AF4EECBCA40
:10CEE800F1EE10FA0DD420EE2C0A05F01BFEB0EE80
:10CEF80040CAB0EE6C0A05F015FE079ACCEE007A2F
:10CF08007D4B0AF67C40069990ED007A0AF65C4063
:10CF180067EE897A27EE099A90ED007A0AF678404A
:10CF280067EE877A80ED009A95ED007AA7EEAA7AE7
:10CF3800A5EC017AA94292ED007AA7EEAA7AA2ECB2
:10CF4800017A9AD10AF64453DFED717A1DEE902AE0
:10CF580093ED00AAB4EEE7AAF1EE10FA40F3AA8224
:10CF68000AF68C439FED657AF6EE007A93ED009A07
:10CF780029EE079A29EE279AB0EE490A05F058FCDF
:10CF88000AF69843F0EE409AB0EE490A93ED009AFB
:10CF980005F04AFB69EE299A29EE009ADDF814801B
:10CFA8000025CDF818B0B3469FED51BA059401E0BD
:10CFB80096ED00AA52480AF64456F5F705FCF0EE3D
:10CFC80040AA50480135F5F7FFFBF6EE007A7AEEF5
:10CFD80080AA0AF648534C486AEEA7AAD3ED007A0D
:10CFE8006AEE8AAA27EE8AAA86ED00AAF6F782FFD9
:10CFF8000AF63C530AF624500AF5526C93ED007A6F
:10D00800F0EE005AD0ED004A0AF6385030EE475A92
:10D01800AF42B0EE476AD0ED006A65EE247AA6EE1C
:10D02800A46ADCED004AE4EEA67AD7EEA56AC0ED64
:10D03800006A0AF55360D0ED006A0AF6285067EED8
:10D04800A67AD0ED004AF0EE466A0AF65450E5EEAC
:10D05800246A96EEA57A83ED007A0AF62C5393EDAE
:10D06800007A0AF63453E0EE077A93ED007A0AF56F
:10D078005563E6EE877AD3ED006A90ED007A27EEE5
:10D08800267A66EEA77A83ED007A94ED007A67EE49
:10D09800897AE9EEAA7AA7EE8B7AA4EC017A98ED60
:10D0A800007AA7EE8B7AA8EC017A81DC0AF5636333
:10D0B800DFED177A5E4693ED007AB4EEE77ADDE9A4
:10D0C800054BF1EE10FA45DC9FED107A91E400BFB4
:10D0D800A0D20020002D0120542E0120BC400120A8
:10D0E800283A0120543E0120DB0FC940BD37863560
:10D0F800F304353FD84A0120B44A0120DB0F4940E8
:10D10800F04A0120084B0120204B0120E17A943E8F
:10D1180017B7D1380AF6445393ED007AB4EEE77A9C
:10D12800F1EE10FA3FF77FAC0AF5556393ED007AFC
:10D13800B4EEE77AF1EE10FA3FF775AC0AF56363DF
:10D148005FED0D7A93ED007AB4EEE77AF1EE10FA1E
:10D158007FF745AC002F7FF766AC41F2E83441F227
:10D16800E853BA004B444C440593B8EE005AA31850
:10D17800A646DFF8BCC3DDF8148006940593B7EE25
:10D18800004ADFEDE43AE44AD2ED006ABFEE002A35
:10D19800D2ED030A92ED013AF4EEE06AF1EE10FAEC
:10D1A800B5EEC03A48BFB0EE442AF1EE10FA40F3AB
:10D1B800A580F3EE001A23EE216A36EEC67A76EEE3
:10D1C800867ABAFE477ABDEEC77AFBFE677AFDEE2D
:10D1D800E77A17EE101A17EE900A81423BDC92EDBF
:10D1E800020A0130DFEDCB2A1BE0F8EEE77AD5ED35
:10D1F800005A95ED011AB5EEC07A74EEE74A31EEA1
:10D20800651AF0EE657AF1EE10FAE4EE817AA8BFBD
:10D2180077EEC47A77EEA77A013172EEA72A8142B7
:10D228001BD007EE901AB8EEE77A36EEC77A27EEEB
:10D23800007A77EE214A64EEA84AFBFE647AFDEE96
:10D24800E77A17EE903AB3F5006F0CEB8305CCD371
:10D25800F0EE487AE0E7DFEDAF2A76EEE05A72EEBC
:10D26800822A35EEC67A75EE867ABAFE477ABDEE20
:10D27800C77AFBFE677AFDEEE77A17EE101A17EE0B
:10D28800900A814200F3B980F3EE000A92ED021A87
:10D2980001309FEDA02A07EE901A0131F8EEE77AE7
:10D2A80075EEE77A67EE817A37EEA06A26EE286A8D
:10D2B800BBFE467ABDEEC77A17EE103AB3F5006F9B
:10D2C8000CEB830516D2B8EEC77AD5ED004AD5ED3A
:10D2D800011AF5EEC07A36EE476A71EEE41AB0EE3E
:10D2E800647AF1EE10FAA6EE217AA8BF37EE447AF6
:10D2F800A7EE052A8142CED132EE222A76EE836A43
:10D308001832864B73EE823AF4EEC46AF1EE10FAE4
:10D31800A8BF76EEC46A42ED066A93427FF434AF42
:10D32800F1EE087A0AF628630AF561620AF60C61DA
:10D3380093ED007AB0EE004AC3EEA74A92ED003AA8
:10D348000AF62462DFED765AD2ED006AB0EE476A3B
:10D35800A6EE836A74EEC73A63EE837A91ED003ADB
:10D36800E3EE267AD7EE846AC2ED006A0AF61C62FA
:10D37800D2ED006A0AF6146267EEA67A92ED003AD8
:10D38800F0EE466A0AF63462E3EE836A96EE847A31
:10D3980083ED007A0AF6186393ED007A0AF5626362
:10D3A800E4EE877A93ED007A0AF56363E6EE877A0E
:10D3B800D3ED006A92ED007A27EE267A83ED007AA3
:10D3C8000AF65C5366EEA77A9EED007AD3ED006A02
:10D3D800059B67EEA67AA7EEA57AAEEC017A7345AF
:10D3E80098ED007AA7EEA57AA8EC017A7FF4C7AE8B
:10D3F800069C9FED4C7AFFF7FCBA9FED462A7BE727
:10D408000AF6445393ED007AB4EEE77AF1EE10FA97
:10D4180009DC0AF5556393ED007AB4EEE77AF1EE8C
:10D4280010FA7FF78BAE0AF68C439FED3F7AF6EE43
:10D43800007A93ED009A29EE079A29EE279AB0EE22
:10D44800490A05F0F5F90AF69843F0EE409AB0EE6D
:10D45800490A93ED009A05F0E7F8002F69EE899ADA
:10D4680029EE009A7FF7DFAA41F2E83441F2E85347
:10D478004C444B4405930AF6445393ED00AA8DE5BA
:10D4880041F2E83441F2E853DFF8A8A04B444C4499
:10D498000AF5B46505939AF8CC319BBB0AF5F07A86
:10D4A800AA45F8D1214AD2F8503C3B44C2F8503C36
:10D4B800FFF795BA0AF5556393ED007AB4EEE77A6B
:10D4C800F1EE10FA38DD0AF68C439FED177AF6EE86
:10D4D800007A93ED009A29EE079A29EE279AB0EE82
:10D4E800490A05F0A5F90AF69843F0EE409AB0EE1D
:10D4F800490A93ED009A05F097F869EE299A20EE0B
:10D50800099AB8E700235046059A21460097F6F78E
:10D51800CDFEC3E700000000C04B0120504C0120A5
:10D52800F304353FE17A943EDB0F4940543E012035
:10D53800943B0020044501200AF5636393ED007ACB
:10D54800B4EEE77AF1EE10FA3FF70FAEFFF747BAFD
:10D55800F0B583B0054602F043F8002800F0838058
:10D56800044602F03DF8064600287ED04FF40072CB
:10D5780000213F4807F080F84FF4007200213D4831
:10D5880007F07AF880223A4900230092394AA869BC
:10D59800FFF7C2F9364ABFEE007AB01CF7EE006A10
:10D5A8009FED356A04F1020C324902F5007E334FD3
:10D5B80029E0F4EEE67AF1EE10FA4DDC67EE867AB1
:10D5C800FDEEE77A17EE903A1BB2F1EC017A2CF8EF
:10D5D800023FF4EE677AF1EE10FA40D6F4EEC77A1D
:10D5E800F1EE10FA1DDBF4EEE67AF1EE10FA30DC1B
:10D5F80067EE867AFDEEE77A17EE903A1BB296450B
:10D6080020F8023F12D0F2EC017AF4EE677AF1EEDC
:10D6180010FA26D6F4EEC77AF1EE10FAC9DA3B46CC
:10D62800D3E73B46964520F8023FECD1002221463D
:10D63800284602F053F801223146284602F04EF8F7
:10D64800204602F023F8304603B0BDE8F04002F06F
:10D658001DB847F6FF73D2E747F6FF73B5E7002317
:10D66800CDE70023B1E703B0F0BD2046ECE700BFEB
:10D67800A04D0120A04F012000FEFF460180FFFFC2
:10D688002DE9F04FDFEDE27ABFEE007A0B68044631
:10D69800DFF8EC9300F5D268DE4F8A46DE4D1E4671
:10D6A8002DED0C8B91ED018AF0EE089A8DB0DFED2F
:10D6B800DB8A68EE277A9FEDDAAA0490039387EE57
:10D6C800279AB5EEC08AF0EE687AF1EE10FA08DD16
:10D6D800B4EECA8AF1EE10FA54BFF0EE687AF0EEB2
:10D6E800487A4FF07C53C4ED007A6660B0EE490A80
:10D6F800C4ED029AC4F80C9027616361A56104F532
:10D708000C7404F0BDFC444504ED040AD9D1B5EE0F
:10D71800C08AC44D07AC56460FCDF1EE10FA0FC4BF
:10D728002B68236009DDF0EEC87A9FEDBF7AF4EE2E
:10D73800477AF1EE10FA40F29482049907ACDFEDD3
:10D74800B78A4FF0E30E01F29463B84A01F2BC675E
:10D7580001F5D365C3ED008A4FF0DF0CB44B079297
:10D768000893B44B0993B44B0A930FCC0FC52368A5
:10D778003846049C4FF463722B600021C4F8B0E66D
:10D78800C4F8AC76C4F8B4C606F076FF0023C4F833
:10D79800B836B2EE006A9FEDA97ADFEDA97ABFEE3E
:10D7A800000AC7EE286A049A0023039902F648245F
:10D7B800C4ED008A86EE287AC2F8501AC2F84C3AAC
:10D7C80068EEA77AB0EE688A80EE270AC4ED0D6A83
:10D7D80084ED0E7A04F054FC9FED9A7ADFED9A6A94
:10D7E800F0EE407A28EE877A86EE870A049DC4ED2B
:10D7F8000F7A05F688249FED95AA9FED93DA05F632
:10D80800883BC4ED008AF7EE009A04F039FC9FEDDE
:10D81800900A9FED909ABFEE00BA28EE800ADFEDDD
:10D8280080CADFED7EAADA469FED8BCA8AEE000A2F
:10D8380004F026FC9FED930A28EE800A8AEE000A7F
:10D8480004F01EFC9FED900A28EE800A8DEE000A77
:10D8580004F016FC68EE897A39EEC00A84ED040AF1
:10D868008AEE270A04F00CFCDFED7C7A39EEC00A58
:10D8780068EEA77A84ED050A8AEE270A04F000FC10
:10D88800DFED777AC4ED039A39EEC00A68EE277A9D
:10D8980084ED060A8BEE270A04F0F2FB05F6BC239A
:10D8A800F0EE407A28EE090AC3ED007A8BEE000A02
:10D8B80004F0E6FB41F2281305F6D822D6ED019ACA
:10D8C800EB1882ED000A0593F5EEC09AF1EE10FA16
:10D8D80040F34B82F4EEEC9AF1EE10FA40F1B0828C
:10D8E800544A4AED2B9A4AF8A82C5E4A4AF8A42CC6
:10D8F8005D4A4AF8A02C5D4A4AF89C2C5C4A4AF8D2
:10D90800982C5C4A4AF8942C4AED249AB2EE006AA4
:10D918009FED4A7ADFED4A7ABFEE000AC7EE296A20
:10D928000022039B4AF8742C4AED1E9A4AF8703C70
:10D9380086EE297A69EEA77A80EE270A4AED116AFF
:10D948000AED107A04F09CFBF0EE697AAAF138022D
:10D958004949AAF120004AED0E7AF0EE006A0AED74
:10D968000F0ABFEE007A9161F5EEC09A5AF8201CB2
:10D978009FED426A01F1DA41F1EE10FA01F52D113D
:10D9880001F5675101F1350181EAD1324AE909010E
:10D9980041F0010101FB02F242F03D0082EAD2119E
:10D9A80000FB01214FF0000082EA01024AF8280C2E
:10D9B80082EA923207EE902AF8EE677A67EE867A64
:10D9C800A7EEA67A0AED0D7A40F3BF81F4EEEC9A41
:10D9D800F1EE10FA40F1B9819FED1A7AF0EE697A0A
:10D9E80029EE877A8DEE070A4AED077A544604F045
:10D9F80047FB1AED078A9FED160A55469FED139AC5
:10DA08000AF5827728EE000A0226F7EE008A3FE040
:10DA18008FC2753DCDCC4C3F6666663F00803B4764
:10DA28008096184BD00C0020FFFF7F7F85EB513F7D
:10DA3800EC51B83D9A99193F0AD7A33C0000FA4423
:10DA48006F12033B0AD7233C549F8CBF8E5D93C053
:10DA5800CDCCCC3D8FC2F53C000000008FC2F53D17
:10DA6800CDCC4C3D295C0F3E333393409A99993E77
:10DA78003333B33ECDCC0C3FA221FD3F0000802FB5
:10DA88000000C040CDCC4C3E0AD7A33C0AD7A33DEA
:10DA980089EE000A04F0F4FA1FED060A28EE000ADF
:10DAA80089EE000A04F0ECFA1FED090A28EE000AD4
:10DAB8008DEE000A04F0E4FA5FED0C7A38EEC00A45
:10DAC80068EE277A0AED030A89EE270A04F0D8FAE5
:10DAD800F5EE007A38EEC00A28EE278A0AED020A27
:10DAE80089EE080A04F0CCFAC04A4AF8102C38EE3D
:10DAF800C00A0AED010AF5EEC09AF0EE6A7AF1EE74
:10DB080010FA08DDF4EEEC9AF1EE10FA54BFF0EEDC
:10DB18006A7AF0EE697A2046C5ED007AF4F7CAFB16
:10DB2800204634346E60F4F7C5FBB946BC4205F1B3
:10DB38003405E0D11AED2AAAB5EEC0AAF1EE10FA22
:10DB4800C0F20881F1EE007AB4EEE7AAF1EE10FA1D
:10DB580000F3C281FDEECA7AA54B17EE901A03298D
:10DB6800A8BF032101EB8104481C07EE901A8D0021
:10DB780003EB8404F8EEE77A860094ED008A00EB64
:10DB8800800403EB84043AEE67AA94ED000A0D447E
:10DB9800984B0AF1D00206444FEA8508F6EE00BA1F
:10DBA80003EB8507944B08F104010AF1080403EB21
:10DBB80085058F4BD3469FED91BA0B44B600CDE94E
:10DBC800012ACA469946F0EE4A0A343480EE080A19
:10DBD80004F09AFBF7EC017AB5EC017AA7EB08029E
:10DBE800324420EE088A27EE0B0A12ED017A37EE4E
:10DBF800677AE7EE0A7AF0EE67DA04F0B5FAA5EB91
:10DC08000802F0EE408A324412ED010A20EE0B0AB7
:10DC180004F0AAFA88EE2D9A584604ED0D8A04ED10
:10DC28000BCA30EE680AE0EE0A8AB4EE6B9AF1EE9F
:10DC380010FA48BFB0EE6B9A04ED0C9AF4F73AFB71
:10DC4800C8EE897A019B9B450BF1340BEAEC017A0B
:10DC580066D0B9EC018AA9EB0802324412ED010A38
:10DC6800B1E7049A07AC4FF0E30E4FF0DF0C02F275
:10DC7800946302F2BC6702F5D3659FED619A83ED68
:10DC8800008A604B0793604B0893604B0993604B85
:10DC98000A930FCC0FC523683846049C4FF463726F
:10DCA8002B600021C4F8B0E6C4F8AC76C4F8B4C65A
:10DCB80006F0E2FCB4EEC98A0023F1EE10FAC4F8CB
:10DCC800B83600F11481B2EE006A9FED527A049AD8
:10DCD800BFEE000AC7EE086ADFED4F7A02F6482465
:10DCE800DFED4E8AC4ED008AC2F84C3A86EE087A17
:10DCF800039BC2F8503A68EE277A80EE270AC4EDF3
:10DD08000D6A84ED0E7A04F0BBF9B4EEC98AF0EE20
:10DD1800407AF1EE10FA00F1ED809FED410A65E5D9
:10DD2800DDF808A0059B0AF5F07A9A457FF4CCAD9A
:10DD3800049BB0EE690A039903F58450F6F748FE90
:10DD48000DB0BDEC0C8BBDE8F08FF0EE6A7A9FED5C
:10DD5800340A49E60021B0EE4CAA9FED320A0120B0
:10DD68009FED318A04260D4611E7284A4AED2BAA71
:10DD78004AF8A82C2D4A4AF8A42C2D4A4AF8A02C77
:10DD88002C4A4AF89C2C2C4A4AF8982C2B4A4AF8D8
:10DD9800942C69DC4AED24AA6EDCB2EE006A9FED91
:10DDA8001D7ADFED1D7ABFEE000AC7EE296A002250
:10DDB800039B4AF8742C4AED1EAA4AF8703C86EE7A
:10DDC800297A69EEA77A80EE270A4AED116A0AEDE8
:10DDD800107A04F055F9F5EEC09AAAF13802F1EE7E
:10DDE80010FA6FDCF0EE6A7AB2E500BF9A99593FF3
:10DDF800C018002010170020741700202D152A3E87
:10DE08008096184B85EB513FEC51B83D9A99193FD4
:10DE18000AD7A33C0000FA446F12033B00803B473B
:10DE280049FF15BB0000C84300001644295C0F3E9B
:10DE3800333393409A99993E3333B33ECDCC0C3F5C
:10DE4800324A4AED2BAA4AF8A82C314A4AF8A42C9F
:10DE5800304A4AF8A02C304A4AF89C2C2F4A4AF8F3
:10DE6800982C2F4A4AF8942CF4EEEC9AF1EE10FA1A
:10DE78003FF54AAD4AED24AAF4EEEC9AF1EE10FA19
:10DE88003FF544ADB2EE006A9FED267ADFED267AC3
:10DE9800BFEE000AC7EE296A0022039B4AF8742CD9
:10DEA8004AED1EAA4AF8703C86EE297A69EEA77AEE
:10DEB80080EE270A4AED116A0AED107A04F0E0F8BC
:10DEC800AAF13802F4EEEC9AF1EE10FA54BFF0EE33
:10DED8006A7AF0EE697A3BE5B7EE00AA9FED130A7D
:10DEE8009FED138A042003210C2510264FE6F0EE3F
:10DEF800488A4EE49FED0F7AF0EE488ADFED0E6A0D
:10DF080028EE077A86EE870A70E400BF9A99193FCF
:10DF1800295C0F3E333393409A99993E3333B33E8D
:10DF2800CDCC0C3F0000FA446F12033B0000AF4316
:10DF38000000C8430AD7233C549F8CBF2DE9F04FFB
:10DF48000746DFF8C0B3DFF8CCA300F28455D1F858
:10DF5800008000F1340400F644492DED0A8BDFED12
:10DF6800D3BA89B0DFEDD2AAD1ED018A9FEDD1CA2B
:10DF78000091F5EEC08AF1EE10FA40F3FF81F4EE5D
:10DF8800EB8AF1EE10FA40F11182CB4B44ED0D8A89
:10DF980044F82C3CC94B44F830BC44F8243CC84BEA
:10DFA80044F828AC44F8203CC64B44F81C3CB0EE7E
:10DFB800687AF0EE687A0223002604ED067A28468D
:10DFC80044F8043CC5ED007AF4F774F928466E600D
:10DFD800F4F770F980223146204606F04DFB4FF4E5
:10DFE8008072314604F18400C4F8806006F044FB76
:10DFF8008022314604F5C470C4F8846106F03CFB05
:10E008004FF48072314604F50370C4F8086206F0D4
:10E0180033FBF5EEC08AC4F80C63F1EE10FA40F356
:10E02800A881F4EEEB8AF1EE10FA40F1A2819FED9F
:10E03800A67AF0EE687A28EE877A8CEE070AC5EDA4
:10E048000D7A04F5C16404F01BF895ED0D9A9FED67
:10E058009F0A9FED9FAA29EE000ADFED9E9AB7EE70
:10E06800008ABFEE00BA8AEE000A04F009F89FEDB4
:10E078009A0A29EE000A8AEE000A04F001F829EE4D
:10E08800290A8CEE000A03F0FBFFF5EE007A38EE61
:10E09800400A69EE277A85ED110A8AEE270A03F00D
:10E0A800EFFFDFED8E7A38EE400A29EE279A85EDEC
:10E0B800120A8AEE090A03F0E3FFDFED897A4FF0CE
:10E0C8007C532B6468EEA77A38EE400A85ED130A74
:10E0D8008BEE270A03F0D4FF68EEA99A78EE407A0F
:10E0E8008BEE290AC5ED167A03F0CAFF4C4538EEC7
:10E0F800400A85ED170A05F5C1657FF43AAF46F287
:10E108009003784E41F2303C03ACFB189FED68BA9F
:10E11800DFED75BABC44019307F54465DFED73AADA
:10E128009FED73AADFED739A9FED738ADDF8049073
:10E1380001970FCE0FC4F5EEC08AF1EE10FA40F346
:10E148001581F0EEE87AF4EE6B7AF1EE10FA94BFEE
:10E15800F0EE687AF0EE4B7A4FF07D530DF10C0E2D
:10E16800A5F124064FF07D5B4FF4DE7A4FF4DC779F
:10E1780007932C46CDED03AA8DED04AACDED069AA2
:10E1880045ED0B7A45F8288CBEE80F000FC6C6F897
:10E1980000B045F8105C45E903A7A4EC018A644582
:10E1A800FBD115ED0B0ABFEE009ADFED547A002380
:10E1B80020EE270A45F8043C89EE000A03F060FFC8
:10E1C80041F2145241F2D44304EB020C2B4415449F
:10E1D8004D4583ED000AAED1DFED497A46F2680479
:10E1E80046F2F865DFED329A4FF0804B9FED2FAA8B
:10E1F800DFF81CA1DFF8CC90424EDDE9003793ED43
:10E20800018A3C443D4468EE277AC9EE278AB5EE78
:10E21800C08AF0EE697AF1EE10FA08DDB4EECA8A27
:10E22800F1EE10FA54BFF0EE697AF0EE487A364B08
:10E23800B0EE680AC4ED007AC4F80480C4F808B0E7
:10E24800C4F810A0C4F81490E360A66104F50C7437
:10E2580003F016FFAC4204ED040AD8D146F2FC6A7A
:10E268002A4D46F68C59B1EE00AABA44F7EE009A48
:10E27800B94403AC9FED0E9A5646DFED0CAADFF8C1
:10E2880098B0234F0FCD0FC4B5EEC08AF0EE497A8F
:10E29800F1EE10FA44DDB4EEEA8AF1EE10FA54BF5A
:10E2A800F0EE497AF0EE487A3AE000BF8096184BD3
:10E2B80000803B47549F8CBF000040409A99193F0B
:10E2C8003D0AD73E3333333F0AD7233CCDCCCC3D30
:10E2D8008E5D93C0A69B443BCDCC4C3E8FC2F53D92
:10E2E800A69BC43AE40C0020FFFF7F7F295C8F3E89
:10E2F8008FC2753ECDCC4C4000000000CDCC4C3DCB
:10E308008FC2753DCDCC0C3F00009040F80C00202A
:10E3180052B81E3F6666263F9A99194049FF15BBB9
:10E3280003AD06F10804CDED079AB0EE680A8DED4D
:10E3380003AACDF810B00697C6ED007AC6F8048097
:10E3480006F50C760FCD0FC42B68236003F098FEFA
:10E358004E4506ED040A97D100990AF29460FFF73A
:10E368008FF909B0BDEC0A8BBDE8F08FF0EE4B7A5F
:10E37800F2E6F0EE6A7A1FED170A60E6174B44EDF5
:10E388000DAA44F82C3C164B44F830BC44F8243C05
:10E39800144B44F828AC44F8203C134B44F81C3C7C
:10E3A80016DCB0EE6A7AF0EE6A7A04E60B4B44EDBE
:10E3B8000DAA44F82C3C0A4B44F830BC44F8243CE1
:10E3C800084B44F828AC44F8203C074B44F81C3C64
:10E3D800F4EEEB8AF1EE10FAE3D5E8E500004040F0
:10E3E8009A99193F3D0AD73E3333333F2DE9F04F11
:10E3F80000F58059B44907466E2309F5FD620846C1
:10E408002DED088B82ED000AF0EE408AA7B00022BD
:10E4180001E010F8013F0132002BFAD1AB4B6E2618
:10E42800AB485340692201E011F8016F534032466E
:10E4380000FB03F34FEAF343002EF5D1A54A83EA24
:10E4480013433546A44902FB03F3A44A012083EA97
:10E45800533302FB03F3A24A83EA1343941DC7E92B
:10E46800003240F209737B8140F20633BB8101E040
:10E4780012F8016FA1FB06C3A2424FEAD30303EBD4
:10E488004303A6EB830303F10C03A1FB03C64FEA86
:10E49800D60606EB4606A3EB860300FA03F343EA27
:10E4A80005039DB23D81E3D1B2EE086A07F110027F
:10E4B8000023DFED8C6A07EE903A0133F8EEE77A35
:10E4C8000C2B67EEA67A87EE867AA2EC017AF2D157
:10E4D8008549452207F15000BB647964022309216C
:10E4E800FA64C7ED106A1022F3F7AEFD002310227C
:10E4F800032107F160007D4DF3F7A6FD00231022EC
:10E50800052107F170009FED7A9AF3F79DFD04232A
:10E51800102207F1800019469FED76AAF3F794FDC3
:10E52800012310220B2107F1900005F5B478F3F7C9
:10E538008BFDA5F1840378226F490193002308A875
:10E54800DFED6E9A0297CDED038A009301F056FE37
:10E558006B4BA5F184006B4A2E460A93044613932D
:10E568008246694B09920C93684B694A0D93694B33
:10E5780015920E934FF07C53674A0F93674B684987
:10E588001093684B1B92684A119300230B9108A9BA
:10E598001D927822DFED65BADFED65AA9FED65BAB9
:10E5A800129301F02BFE32E0B0EE697AF0EE697A50
:10E5B800B7EE008A8AED1E7ACAED217A0AF13C0A82
:10E5C80003F05EFD38EE400A8AED160A96ED000A61
:10E5D80020EE0B0A89EE000A03F052FD3346DFED08
:10E5E800567A3C3638EE400A8AED170A93ED000A4F
:10E5F80020EE270A89EE000A03F042FD4F4AB04593
:10E60800CAF8542038EE400A8AED180A1AD0F5EEF6
:10E61800C08AB0EE697AB0EE6A0AF1EE10FAF0EE4E
:10E62800697AC5DDF4EEEB8ADFED456AB0EE687A0B
:10E63800F0EE687AF1EE10FAB6D568EEA66A8AEEC0
:10E64800260AB5E7B0EE087A55ED217AF4EEC77AD6
:10E65800F1EE10FA00F11A82B1EE047A39493A4A19
:10E66800F4EEC77AF1EE10FA55BF0A4604230623E2
:10E67800072158BF0321B6EE007A55ED207AC5F878
:10E68800603177EE877AFDEEE77A17EE903A013B34
:10E6980005D48B42A8BF0B4603EBC3031A44D379B6
:10E6A800F7EE006AB6EE00BAA5F1540A07EE903A02
:10E6B8002E464FF0000BC5F85C21F8EE677A86EE1F
:10E6C800A77A85ED597A9CE09916002067E6096AD1
:10E6D800512D9ECC6BCAEB85ABAAAAAA35AEB2C2A5
:10E6E80002180020000096440000DC43D88E002069
:10E6F8008E5D93C0549F8CBF0C0D002000803B475B
:10E708008FC2F53D0000A0406F12033BCDCCCC3F3B
:10E7180000006041295C8F3E3D0AD73E6F12833A64
:10E7280052B81E3F0AD7233EAE47613E8096184B2B
:10E7380049FF15BBCDCCCC3DCDCC4C3E3333333F1C
:10E748000AD7233CF45B0020AC5B002000000000EB
:10E7580015ED1D0A55ED1CBAB5EEC00A15ED1B8A5C
:10E7680055ED1AAAF1EE10FA40F28980D6ED007A3A
:10E7780020EE270A8AEE000A03F082FCF7EE007A00
:10E78800F5EEC0BA37EEC00AF1EE10FA84ED250AAC
:10E798007ED9D6ED007A2BEEA70A89EE000A03F09F
:10E7A8006FFCF7EE007AF5EEC0AA37EEC00AF1EE7C
:10E7B80010FA84ED260A74D9D6ED007A2AEEA70A53
:10E7C80089EE000A03F05CFCB5EEC08AF7EE007A29
:10E7D800F1EE10FA37EEC00A6AD4F7EE007AB4EE1A
:10E7E800678AF1EE10FA37FE888A84ED270A0BF162
:10E7F800010B84ED248A3C36D5F860213C349345DE
:10E808005CDAFAEC017AA6F10C02C4ED287A9AEDEA
:10E818000B7AB5EEC07A84ED297ADAF81400F1EEB5
:10E8280010FAC4F8A800D5ED5A6AD8BF27EEA67A20
:10E83800D2ED006AC7EE267AF5EEC07AF1EE10FA4C
:10E8480039D4F4EE4B7AF1EE10FA7BFE277AC2ED5A
:10E85800027AD5F85C21927942FA0BF2D3073FF598
:10E8680077AF15ED190A55ED18BAB5EEC00A15EDD2
:10E87800178A55ED16AAF1EE10FA3FF677AFF5EEC6
:10E88800C0BAB7EE000AF1EE10FA84ED250A80D876
:10E89800F5EEC0AAB7EE000AF1EE10FA84ED260AEA
:10E8A8008AD8B5EEC08AB7EE000AF1EE10FA94D510
:10E8B8001FED5A8A99E75FED5B7AC8E7009B05F57B
:10E8C800017508F5017803F50173B3F5016F00933D
:10E8D8007FF43EAE019B4C226E4908A803F6AC6B50
:10E8E80001F08CFC0023B0EE680A08AA39460993A7
:10E8F80011931593684B69481693694B694C1993A2
:10E90800694B1A93694B0B93694B0C93694B0E93A4
:10E91800694B0F93694B1093694B1293694B13938F
:10E92800694B1493F4F7CAF94C225A4908A801F024
:10E9380065FC664B0893664B0993664B0A930F93E5
:10E94800654B109313931593644B16934FF07A53BA
:10E958000E934FF07E531493614B0B93614B0C93C2
:10E96800614B1293204604F5AA74B0EE680A08AA0F
:10E978003946F4F7A3F95C45F4D15C4B04ACDFF8F5
:10E9880098C1B0EE680A5A4E5A4D0FCB84E80F0072
:10E9980021465948CDF810C005960795F9F7D8F8DB
:10E9A80002A95648FFF7CAFAF5EEC08AF1EE10FA46
:10E9B80069DDDFED537AF4EEE78AF1EE10FA62D5FD
:10E9C8000024F02307F1B800F42207F59365C9ED98
:10E9D800F68A2146C7F8B030C7F89034C7F88C24B7
:10E9E800C7F88854C7E92A024FF4747205F044FE48
:10E9F80021464FF474722846C7F8B44005F03CFE2F
:10EA0800C7F8944421464FF4717207F6FC70C9F8B0
:10EA1800C843C9E9F04405F02FFE9FED3A7AFFEEAE
:10EA2800007A002328EE870A374AC9F8D033C9F894
:10EA3800E433C9F8CC4387EE800AC9F8D44387ED9C
:10EA4800297AC7ED287AC9F8DC2303F019FB09F500
:10EA5800FD63DFED2E6AB6EE007A93ED006A89ED6C
:10EA6800F80AC6EE267A77EE877AFDEEE77A17EE91
:10EA7800903A012BB8BF0123C9F8EC3727B0BDEC99
:10EA8800088BBDE8F08FDFED228A99E70223012188
:10EA9800204AF0E5840D0020CDCC4C3D689600203E
:10EAA800CDCC4C3EB0970020CDCC4C3F0000A043CD
:10EAB800AE47613F9A99593F6F12033BCDCCCC3E8C
:10EAC8008FC2753D6F12833AEC51383E0AD7A33D89
:10EAD800000030416666E63E9A99193F9A99993F37
:10EAE800000016458FC2F53D3333B33FD00D0020EB
:10EAF800CDCC0C3FCDCCCC3D009D002098CC002047
:10EB08008096184B8FC2753D0629643FCDCCCC400A
:10EB180000803B47985B002052B81E3F2DE9F84320
:10EB2800194D40F2EE28194C194FDFF878902E68ED
:10EB380002F0A2FE2378D3B13B78DB0717D52B6808
:10EB4800D9F800209B1A0E2B11D9124800F0ECF9C5
:10EB58004D21104800F02EFA0F489FED100AFFF7DC
:10EB680045FC14210E48BDE8F84306F049B82B6867
:10EB780022789B1B2AB1B3F5FA6FE6D802F07CFE27
:10EB8800D6E74345FAD9E0E74855012092550120D8
:10EB980091550120AC4C01202876002000442C47D8
:10EBA8000000202058550120354B4FF401623549AB
:10EBB800184630B583B0002501F020FB034600F667
:10EBC8001400C3F81058F7F7CDFB2F48F8F756F89C
:10EBD8002E4B2F4A2F491C68116015611581D5608D
:10EBE800002C4AD0234619465B69002BFBD14A61A9
:10EBF80029480021294B1060234851619061022067
:10EC08005160917203F118021972D9609961D96142
:10EC180058721A6122466469002CFBD1204953615D
:10EC28005C605C619C7219601C4800F09FFB1D4B86
:10EC38001D490A221D4819601A7200F07FFD174B02
:10EC4800224613490094194800F0ECFD184A194966
:10EC5800164802F07BFF184800F070FD01220C49AD
:10EC680000920E4B144800F0DDFD114A114912487C
:10EC780003B0BDE8304002F069BF14461A60B7E738
:10EC8800548E0020E00D002028760020E44C01205E
:10EC9800904C0120205C0020A05C0020348E0020D5
:10ECA8002C5C0020AC4C0120605C0020B84C01209A
:10ECB80044690020F9D80000CC4C0120002070479E
:10ECC80000207047F8B50127027A1E4C0D46BA405D
:10ECD800C1F307210646204684F8A52084F8307140
:10ECE80084F82F7102F05CFFE9B2204602F058FF69
:10ECF8000021204603F02CF808B10020F8BD3B465F
:10ED08000222317A204603F0A3F80128F5D994F8B5
:10ED1800A22094F8A300824210D2531CA118DBB29F
:10ED2800897E98424FEA012184F8A23006D923440B
:10ED38000232987E84F8A2200843F8BD4FF0FF30D5
:10ED4800F8BD00BF78650020F8B50127037A144C98
:10ED5800242903FA07F30D4608BFC2801646C1F3FB
:10ED68000721204684F8A53084F8307184F82F7183
:10ED780002F016FFE9B2204602F012FFC6F307219F
:10ED8800204602F00DFF2046F1B202F009FF394695
:10ED9800204602F0DDFFB0FA80F04009F8BD00BF60
:10EDA800786500202DE9F0414FF001080F4615461F
:10EDB800302144F2600280F804800446FFF7C4FF63
:10EDC800064610B93046BDE8F0816C22262120465F
:10EDD800FFF7BAFF4FF4F97228212046FFF7B4FF76
:10EDE80040F622722C212046FFF7AEFF44F246423D
:10EDF8003C212046FFF7A8FF40F237122421204685
:10EE0800FFF7A2FF002F6BD0454B342120469F42CD
:10EE18008CBF42460022FFF797FF07EE905A9FEDFE
:10EE2800417A3221B8EE676A07EE907A2046F8EE0A
:10EE3800676AB5FBF7F2C6EE267A02F01F0206EE05
:10EE4800902AF8EEE66A77EEE67A67EE877AFCEEC5
:10EE5800E77A17EE903AC3F30A0343EAC222FFF7B0
:10EE680073FF44F2FF5230212046FFF76DFF7322F3
:10EE780002212046FFF768FF4FF4C87001F062F9DD
:10EE880041F61D522E212046FFF75EFF072204217E
:10EE98002046FFF759FFB02206212046FFF754FF0E
:10EEA80010220A212046FFF74FFF00220E2120469C
:10EEB800FFF74AFF43F63C4210212046FFF744FF84
:10EEC80047F67F7222212046FFF73EFF3622242193
:10EED8002046FFF739FF012330466372BDE8F08111
:10EEE80044F2FF0230212046FFF72EFF7322022151
:10EEF8002046FFF729FF4FF4C87001F023F941F6C7
:10EF08001D522E212046FFF71FFF042220461146DE
:10EF1800FFF71AFF302206212046FFF715FFBFE74B
:10EF2800406603010000004510B50446084805F096
:10EF38006FFE052001F006F906212046FFF7C2FE04
:10EF48002046044A0021BDE81040FFF72BBF00BF50
:10EF5800786500200040C40A10B50446D1B10129E3
:10EF680001D0002010BD40F273122A21FFF7ECFEF9
:10EF78000028F6D0882220212046FFF7E5FE002849
:10EF8800EFD0E2882046242122F00402BDE8104098
:10EF9800FFF7DABE55222021FFF7D6FE0028E0D081
:10EFA800E2882046242142F00402BDE81040FFF721
:10EFB800CBBE00BF38B5054611B380290CD8C1F1C6
:10EFC80080042B7944EA042453B922462846222196
:10EFD800BDE83840FFF7B8BE2B790024002BF4D0E9
:10EFE800EA8800232421284622F010022B71FFF71B
:10EFF800ABFE224628462221BDE83840FFF7A4BED2
:10F00800012347F67F7222210371FFF79DFEEA88EC
:10F018002846242142F01002BDE83840FFF794BE8C
:10F028009FED1F7ADFED1F7AE0EE077A38B50546C7
:10F03800FCEEE77A17EE904A14B3802C0CD8C4F192
:10F0480080042B7944EA042453B922462846222115
:10F05800BDE83840FFF778BE2B790024002BF4D0A8
:10F06800EA8800232421284622F010022B71FFF79A
:10F078006BFE224628462221BDE83840FFF764BED1
:10F08800012347F67F7222210371FFF75DFEEA88AC
:10F098002846242142F01002BDE83840FFF754BE4C
:10F0A80000000143EE7CFF3E2DE9F84F454B464CEE
:10F0B8001868197904F580750368444AAB42D1771A
:10F0C8000BD2434B1B78002B4BD04FF0E023402250
:10F0D8002C4605F58075C3F808223E4BDFF804A1DD
:10F0E800D3F80080DFF800913B4BBAF80060D3F802
:10F0F80000B0B9F80070B8F1000F4FD0BBF1000FA5
:10F1080021D1B8F1000F49D008F10401204601EBE4
:10F118004601403600F0C3F9BFF34F8F4FF0E022AD
:10F12800C2F8704F2034AC42FAD3BFF34F8FBFF30D
:10F138006F8F7F2E26D8AAF800607F2F15D8A9F8E0
:10F148000070BDE8F88F0BF1040208F104012046B5
:10F1580002EB4702403701EB4601403600F080F9E8
:10F16800DAE72C4605F58075B7E700245846A9F874
:10F17800004000F08BFA194B1A681C60164B1A6095
:10F18800BDE8F88F00244046AAF8004000F07EFA57
:10F19800134A104B116814601960CEE7BBF1000FD9
:10F1A80008D00BF10401204601EB4701403700F07D
:10F1B80096F9B1E74FF480725946204605F05CFA9B
:10F1C800AAE700BF6C4D01206014202000800E408B
:10F1D800815501205C4D0120644D0120684D0120BE
:10F1E800604D01206E5501207055012038B5002171
:10F1F800044600F097FA88B172B61C4A1368002BCF
:10F208002BD01B490D68002D2CD0156008600021FB
:10F21800184A118062B6184600F038FA01212046D3
:10F2280000F080FA98B172B6134A136883B1134993
:10F238000C6854B114600024114A0860148062B646
:10F248001846BDE8384000F021BA086062B638BDFB
:10F258000B4910600B8062B638BD064910600B8000
:10F2680062B6DBE7086062B6D8E700BF5C4D0120F4
:10F27800604D01206E550120644D0120684D01202C
:10F288007055012010B5044600F0C6FB204610BD9D
:10F29800F8B52D4C05462D4AE36F43F44023E36748
:10F2A8009368002B46DBD2F88830002B42DB002322
:10F2B80042F210724FF40C611C2005F0A5FCE369C2
:10F2C800234A23F44063234943F40063E361A36AB8
:10F2D8001A40214B42F0CE02A2624A68134043F41E
:10F2E80000234B602DB91D4B0322C3F82021C3F81E
:10F2F80024211A4E0327154B0124C6F8287100252E
:10F308004FF480301649174A174E1D66DC601E619F
:10F3180058619961DA61C3F8E050C3F88C4004F190
:10F32800E064C3F89040C3F89400C3F89810C3F899
:10F338009C20F8BD002DFCD1084B0322C3F82021E6
:10F34800C3F82421F8BD00BF00C00F40004038407A
:10F3580000FEFFFF00C00A40F8FFF7FF00801F40D3
:10F368001B1F0100001F1F1F0100004770B5264D1D
:10F3780000240121254E284600F0EAFA244A254BAC
:10F38800204614601C60FFF783FF234B0321234AA8
:10F398000220C3F880112B6821491A604FF480724B
:10F3A8009C61DA82DA8306229C829A831D4ADE6097
:10F3B8001A61C3E9011029791B480FFA81FC1B4B1C
:10F3C80040F82C4040F82C30194B1A48D976D2F81E
:10F3D8006630194C43F01043C2F8663042F81A0CF4
:10F3E80000F094FA2A79154B0121207002F11000DF
:10F3F80003EB521302F01F02114C91409B00114A7B
:10F4080042F82040196070BD6C4D012000FEFFFFDE
:10F418005C4D0120644D012000801F4060142020B5
:10F42800020001012240384000C00E401400008054
:10F4380000800E40010000908155012040380038BE
:10F44800C9D0000000700020024A0349034802F0B6
:10F458007DBB00BF44690020A5D200006C4D01208F
:10F468002DE9F04F00F5807EB1E8A00AB2E840151A
:10F47800C5EA0643C6EA2544C7EA0845C8EA274656
:10F48800C9EA0A47CAEA2948CBEA0C49CCEA2B4A16
:10F49800A0E8F8078645E7D1BDE8F04F70474FF080
:10F4A80000022DE9F00F00F5807C00BFB1E8A00A4A
:10F4B800C5EA0203C2EA2544C7EA0205C2EA2746AA
:10F4C800C9EA0207C2EA2948CBEA0209C2EA2B4A7A
:10F4D800A0E8F8078445E9D1BDE8F00F70474FF080
:10F4E80000022DE9F00F00F5807C00BFB1E8A00A0A
:10F4F800C2EA0543C2EA0504C2EA0745C2EA0706AA
:10F50800C2EA0947C2EA0908C2EA0B49C2EA0B0A79
:10F51800A0E8F8078445E9D1BDE8F00F70472DE968
:10F52800F00F089C00F5007B51F8045B53F8046B5E
:10F53800C5EA0647C6EA254952F8045B54F8046B45
:10F54800C5EA0648C6EA254AA0E880078345EBD104
:10F55800BDE8F00F704700BF4FF0E0234022C3F82A
:10F5680008227047F8B5144B144D1C686E689CB19E
:10F57800237A20466BB123686F681B6898476B68CD
:10F58800E188DB1BC3F38F12B1EB931FA28038BF56
:10F59800E2806469002CEBD1084B094A5B6810884B
:10F5A8009B1B084CC3F38F11B0EB931F218038BF0E
:10F5B8001180BFF34F8FF8BDE44C0120001000E02C
:10F5C8006A55012068550120036818470B680360D5
:10F5D800704700BF0B680360704700BF704700BFEB
:10F5E80030B472B6244D254C2A8804F1700104EB1E
:10F5F80082038B423CD204F16F01501CC91A00EB04
:10F60800910002E00132824232D09C4653F8041B3A
:10F618000029F7D0B1FA81F04FF00043C34021EA46
:10F628000301CCF8001001B90132154B2A801A8861
:10F63800013291B2198062B6ACEB040C41F67C73CE
:10F64800C0EB00644FEAAC0CC0EB841001240CEB57
:10F658008C1C03EBCC1303EB80030A480068C454EA
:10F668001844094B1C88944230BC38BF1980704735
:10F6780062B6002030BC70476C550120E84C012070
:10F6880064550120E04C012066550120428872B67D
:10F698000378012B03D9013B037062B67047D1434D
:10F6A80053090B484FF0004201F01F01CA4050F8BF
:10F6B80023100A430749B1F800C040F823209C45AD
:10F6C800054A88BF0B801388013B138062B67047D8
:10F6D800E84C01206C55012064550120C36813B91A
:10F6E8001DE0DB68E3B1187A9042FAD110B458688B
:10F6F80093F809C0006950F82C4054B1DB682BB16D
:10F70800187A9042F3D0DB68002BF9D15DF8044BEE
:10F71800704740F82C10087801300870EEE7704701
:10F72800704700BF437A8B4206D90369002253F819
:10F73800210043F821207047002070470022044927
:10F74800C0E90022028102740A680860C26070473A
:10F75800584D0120037CFBB903680146FBB143689F
:10F76800EBB1427A5B7A9A421CD230B472B62B4B18
:10F778001C68ECB1E368C3B1486801E0DB68A3B179
:10F788005A688242FAD193F809C04A7A9445F5D169
:10F7980062B6042030BC7047012062B6704703206F
:10F7A80062B67047022062B670476469002CE1D1E6
:10F7B8001B4C236843B1994202D10BE0994207D010
:10F7C8001A46DB68002BF9D1052062B630BC7047B9
:10F7D80002F10C040D68E868E8B1C3681BB908E0D9
:10F7E800DA683AB1134681421846F9D162B6062062
:10F7F800D0E70346D960CB68002023600123C860A6
:10F80800AA7A2B721A44AA724A68947A13721C4410
:10F8180094720B74D9E7E960EDE700BFE44C01206E
:10F82800584D012010B5047C9DF808E00CB101206A
:10F8380010BD027280F809E0C0E90013BDE810406D
:10F84800FFF788BF38B5037C002B36D043680446E1
:10F85800427A5B7A9A4238D272B60168CB68002B3A
:10F868002DD0984233D01A46DB689C422AD0002B10
:10F87800F9D16268607A136953F8200048B1FFF73C
:10F8880005FF72B662680025607A1369216843F83B
:10F8980020508B7A013BDBB28B7203B90B72937ADF
:10F8A800013BDBB2937203B913720A4B00201A684A
:10F8B80020741C60E26062B638BD012038BD62B6B3
:10F8C800032038BDE368D360D3E7022038BDC3689E
:10F8D800CB60CEE7584D012010B50446FFF7B2FFC4
:10F8E800094A136843B19C4202D108E09C4205D002
:10F8F8001A46DB68002BF9D1204610BD0C32E368AC
:10F908002046136010BD00BF584D01200C4B1A78DB
:10F918009AB90C4A0C4910B4C2F858110B48D024B3
:10F9280001224FF0E02180F8464040241046C1F8FB
:10F9380008415DF8044B1A7070470020704700BFFB
:10F94800805501200070002085D5000000E400E00B
:10F9580070B472B621B9036813B102790F2A45D978
:10F96800294C2188002341FA03F212F0010208D041
:10F978000133102BF7D162B600220371026070BC0C
:10F9880070474FF0010C0CFA03FC41EA0C0121808E
:10F9980062B61E4D5FFA83FC1D4940F2824680F82C
:10F9A80004C0EC6F194483F0030344F0C004490118
:10F9B800EC67A5F59F35174CA5F58075266084F88A
:10F9C8001AC084F81EC084F818C084F81FC00160EB
:10F9D800C1E90022C1E90222C1E90422C1E90622E3
:10F9E8005A5D42F0C0025A5570BC7047064C2188D7
:10F9F80041FA02F5ED07B5D5054D1544B3EB451FA2
:10FA0800B0D162B6BBE700BF7255012000C00F40FD
:10FA18008074000200800E4003790F2B11D8094A28
:10FA2800937672B60849012290F804C00B8802FA4E
:10FA38000CF223EA02030B8062B610220023027143
:10FA48000360704700800E4072550120704700BF68
:10FA5800704700BF704700BF704700BF70B51A4CB1
:10FA68001A4D2368AB4202D0194AD16829BBA36951
:10FA7800AB4202D0164AD169C9B9236BAB4202D056
:10FA8800134AD16A69B9A36CAB4209D0104AD16B49
:10FA980031B101211B680F48D163BDE87040184798
:10FAA80070BD01211B680C48D1629847EBE7012122
:10FAB8001B680A48D1619847DFE701211B6804F1F8
:10FAC8000800D1609847D2E7C072002000170020D4
:10FAD8000041084010730020F8720020E0720020F6
:10FAE80038B5064CA4F1600554F8083C2046183C8B
:10FAF800DB689847AC42F7D138BD00BF10730020CF
:10FB080003682DE9F041044688B01746002B4BD016
:10FB180000229A600122DA60304D04A8DFF8E08004
:10FB28001D4451F8083B2D1102935B6805EB45060F
:10FB38009847F60006F1080058F806304044DB689C
:10FB480001909847264A04A9DDE90103029248F882
:10FB580006309B689847029B04A8DB68984723688F
:10FB6800032220481F609A601F4A23791F4C53556F
:10FB780013785178C0F828428B4228BF0B469178F9
:10FB8800D2788B4228BF0B46934228BF1346184CA5
:10FB98004FF0E0224FF08061012084F87A30C2F8FB
:10FBA8000C1108B0BDE8F081124AD36E43F44053FB
:10FBB800D3660122104B1A60104A13460260403285
:10FBC80098680028A8D0103393422360F8D1002306
:10FBD8001846236008B0BDE8F08100BF00BFF7BF3A
:10FBE8000017002000700020386900207DDA00002E
:10FBF80000E400E000C00F40004008400041084019
:10FC0800C072002010B4064B0020064C064A1C6047
:10FC18009C611C639C6405495DF8044B01F096BF28
:10FC2800C0720020001700204469002001DB00009A
:10FC380000207047084601F08BBD00BF012A70B54F
:10FC480008BF0A228AB091B34FF0210E01E05FFA93
:10FC580086FE0EF1FF36B1FBF2F502FB15145FFAD2
:10FC680084FC092C0CF137040CF1300C98BF5FFAB6
:10FC78008CF40EF1280C88BFE4B29142EC4429467A
:10FC88000CF8244CE3D24BB10EF1FF3E2D225FFA63
:10FC98008EFE0EF128036B4403F8242C036801A997
:10FCA800CEF122025B68714498470AB070BD3022D9
:10FCB8004FF0210E8DF82520E5E700BF002903DB72
:10FCC80000230A22FFF7BABF49422D230A22FFF771
:10FCD800B5BF00BF00B5036883B040F60D2C022203
:10FCE80001A95B68ADF804C0984703B05DF804FB50
:10FCF800B4EE400B70B5F1EE10FA05462DED028B0F
:10FD080086B07CD6B0EEC07B9FED476BB4EE467BE9
:10FD1800F1EE10FA6BDC9FED467BB4EEC70BF1EE0B
:10FD280010FA5ADC9FED447BB4EEC70BF1EE10FAE3
:10FD380053D4B5EEC00B0C46F1EE10FA5BD4002399
:10FD4800B6EE007B002C5ED04FF0000C9FED3C6BB4
:10FD58000CF1010C27EE067B5FFA8CF2A242F7D376
:10FD680030EE070B0A222846FCEEC07BB8EE678B04
:10FD780017EE901A30EE488BFFF760FF0F2C4FF00C
:10FD88002E03B2EE046B064628BF0F248DF8083008
:10FD98000DF1090302AA611E53FA81F128EE060B40
:10FDA800FCEEC07BCDED017A9DF8043007EE903A69
:10FDB8003033B8EEE78B02F8013F914230EE488BC2
:10FDC800ECD12B68013402A928465B68E2B2984757
:10FDD800304606B0BDEC028B70BD2B6803221A4971
:10FDE8005B6806B0BDEC028BBDE87040184703683D
:10FDF80003221649F4E7B1EE400B0123A0E703689C
:10FE080003221349ECE730EE070B0A222846FCEEE2
:10FE1800C07B17EE901A06B0BDEC028BBDE87040AF
:10FE2800FFF70CBFAFF30080FFFFFFFFFFFFEF7F7F
:10FE3800000000E0FFFFEF41000000E0FFFFEFC11E
:10FE48009A9999999999B93FAC160020A81600205B
:10FE5800A4160020A249A34B88422DE9F047A24CE2
:10FE68005E699A69D4F80C801BD9A04B984240F27D
:10FE78000281C31A9E491B0AA1FB031340F22761A2
:10FE8800DB0903EB830303EB830303F2E2438B42B7
:10FE980028BF0B46A3F54877964BA3FB0737FF0807
:10FEA80004E0954FB8428CBF0E2706278D4908F00D
:10FEB8001F09D1F88030B94543F0C003C1F880303C
:10FEC8000CD228F01F08A1F5F82148EA0708C1F864
:10FED8000C800B68002BFCDA08F01F0916F0007381
:10FEE80024D186490C698649A14300F0EA8082F44E
:10FEF800805134464FF4805514F0605F04D026F0EA
:10FF080060561E43774B5E6111F4405F07D022F4C0
:10FF1800405274492A438A618B6C1A07FCD446F014
:10FF28000076704A5661936C9B06FCD4754CA042CF
:10FF380000F2CE804FF0010C0146634603FB01122C
:10FF480003F1010E0CF10105A24218D8BEF1080F09
:10FF58004FF0010340F08D80BCF1040F00F2918056
:10FF68000A18A24200F2A48005FB00F1AC4603F196
:10FF7800010E03FB01120CF10105A242E6D90CF1B6
:10FF8800FF318C0286EA81215F4810445F4A904223
:10FF98007FD9DFF8A4A16C225D48584DB0FBFEF074
:10FFA800D5F800E0B0FBFCF0DFF890C10EEA0C0CCD
:10FFB800D44509D042F400524FF4805CC5F800C023
:10FFC8002A602A68002AFCDA464A156905F00705FE
:10FFD8009D4203D01361936CDD03FCD411F4E05F00
:10FFE80009D026F4E05604F4E0543E4A264356610C
:08FFF800936C9907FCD4474902
:02000004600199
:10000000474A014491423CD8464BC909A3FB013100
:10001000090B4B1E1B0286EA030212F4407F06D036
:1000200026F4407603F44073304A334353612F4A39
:10003000536923F000735361936C9B06FCD43A4BD5
:100040004F45A3FB00234FF0FF324FEA9343B0FB31
:10005000F1F1B2FBF3F3354A1060354A1160354ACD
:10006000136008D228F01F08214A48EA0707D76022
:100070001368002BFCDABDE8F087734662E71227AD
:1000800018E74FF440730421C5E70CF1FF31204815
:1000900007238C02104486EA8121274ADFF8A8A0B2
:1000A000A2FB0020020D2548362A38BF362202FB6B
:1000B00000F042EA0A0A74E74FEA8C24002386EA39
:1000C0008C214FF0010EAC4662E71D4686F0C0540D
:1000D00011464FF0C05313E700244FF0010C0246C5
:1000E00031462346E64653E700A4781F00C00F4080
:1000F000000008400046C32323B24C001F85EB518B
:1001000000366E0100800D4040300080FFB19F2618
:10011000808D5B00FF7EF64D00643F4D7FD1F0087F
:100120007F17B42C9F10E50083DE1B43646500201D
:100130006065002040550120819F5E16001BB700BE
:100140006C2000807F3001800020008000B9704763
:100150002DE9F84F01218146214C224D224E54E8D1
:10016000003F2A68306844E80013002BF7D11F498C
:100170004B684FF47A7BDFF878A01B1A01270BFB42
:1001800002F8DAF80020A3FB02325A4594BF9044EB
:10019000D84454E8003F2A68306844E80073002BD4
:1001A000F7D14B68DAF800C01B1A0BFB02F2A3FB75
:1001B0000C3CBCF57A7F94BF624402F57A72A2EBE4
:1001C0000802B2F57A7F06D3B9F1010908F57A7809
:1001D000DFD1BDE8F88F01F053FB0449D9E700BF38
:1001E0004C5501204855012044550120001000E0E5
:1001F0004055012008B5FEF795FCF6F713FE01F017
:100200003FFBFAE7844641EA000313F003036DD194
:10021000403A41D351F8043B40F8043B51F8043BC9
:1002200040F8043B51F8043B40F8043B51F8043BD0
:1002300040F8043B51F8043B40F8043B51F8043BC0
:1002400040F8043B51F8043B40F8043B51F8043BB0
:1002500040F8043B51F8043B40F8043B51F8043BA0
:1002600040F8043B51F8043B40F8043B51F8043B90
:1002700040F8043B51F8043B40F8043B51F8043B80
:1002800040F8043B51F8043B40F8043B51F8043B70
:1002900040F8043B403ABDD2303211D351F8043B10
:1002A00040F8043B51F8043B40F8043B51F8043B50
:1002B00040F8043B51F8043B40F8043B103AEDD2BF
:1002C0000C3205D351F8043B40F8043B043AF9D210
:1002D000043208D0D2071CBF11F8013B00F8013BE3
:1002E00001D30B8803806046704700BF082A13D3F0
:1002F0008B078DD010F003038AD0C3F10403D21A08
:10030000DB071CBF11F8013B00F8013B80D331F83B
:10031000023B20F8023B7BE7043AD9D3013A11F8BB
:10032000013B00F8013BF9D20B7803704B78437026
:100330008B7883706046704703F0DEBE01F1FF3CAE
:1003400070B56646002400E00134B0FBF2F502FB14
:100350001503092B03F1370E03F130035FFA8EFE0C
:1003600098BF5FFA83FE9042284606F801EFEBD271
:10037000631C0022C818CA547CB162461CF8015F95
:1003800010F8016DA1EB0C0302328CF80060013B08
:10039000521A057023449A42EFDB084670BD00BF35
:1003A00072B6EFF30583524CC4F884301EF0040F8C
:1003B0000CBFEFF30882EFF309824FF0E0234D4EBC
:1003C0004D4DD3F8280DD3F82C1DC4E92201D3F8E4
:1003D000341DD3F8383DC4E924139369C4F8983028
:1003E000D369C4F89C3000F0BFF884ED280A01F00E
:1003F0009FFB0B214FF0FF32C4F8A4000B46C4F85A
:1004000080103E49301D5A40202402F00103013C77
:1004100001FB03F383EA5202F7D1A84202D07368CA
:100420000646EFE7324BC3F8A820BFF34F8F4FF0DB
:10043000E0233049324AC3F8701FC3F8702FBFF36E
:100440004F8FBFF36F8F2F4A02252F48D36E2F494E
:1004500043F44053D3660560D3692D4823F07F03EE
:1004600043F04003D3610B6883423DD8264D002101
:100470004FF0E0234FF0FF3229600126C5F8081144
:100480002449C5F80011C5F80861C3F88021C3F8F4
:100490008421C3F88821C3F88C21C3F8902101E09E
:1004A00000F054F9D5F80C31002BF9D00134C5F81F
:1004B0000C614F2CF4D9184B022018494FF0004220
:1004C000C1F840015A63D5F80C313BB914481549BD
:1004D0000D4A0163D2F80C31002BFAD04FF0E02323
:1004E000114AC3F80C2DFEE7FFF7B8FCBEE700BFCA
:1004F00000FF272080FF2720A8FF27202083B8EDBA
:10050000A0FF272000C00F40004008406465002085
:10051000803DCD0B009F240000900D4000002E4038
:1005200000800F40F100AD0B0400FA050A490A688B
:1005300038B108B513180948834204D810460B6037
:1005400008BD1046704704F005F90C234FF0FF3248
:100550000360104608BD00BF40690020000028204D
:1005600030BFFDE7FFF71CBF124AD2F880305B07AF
:10057000FBD5D2F880301048C3F30B230F4990ED20
:10058000007A07EE903A91ED006AB8EE477A0C4A8D
:10059000F8EEE77A0B4BD2ED006A77EEC77A93ED6F
:1005A000007AB8EE477A67EE867A87EEA60A37EECB
:1005B000400A704700810D40305501203855012018
:1005C0003C55012034550120836BF0B41BB15368B6
:1005D00043F40043536072B6446B3CB31A4B226041
:1005E000D3F8B0410C421DD1184E776804E074680E
:1005F000E41BB4F5166F0BD2D3F8404144F48044A9
:10060000C3F84041D3F8B851D3F840416404EED563
:100610000D4007D10C4CC0E90225D4F8B0310B4392
:10062000C4F8B031426362B6F0BC7047064DC0E911
:100630000224D5F8B0310B43C5F8B03102634263F0
:1006400062B6F0BC704700BF00002E40001000E012
:1006500070B5056B9DB106462A46002403E012687A
:100660000134012A0CD0536813F08003F7D03263B1
:100670002CB12846B36B2D689847013CF9D170BD69
:10068000C6E90C33F4E700BF30B4D9B91F4C204B96
:100690000021204A01254FF0011099601D60C4E936
:1006A000023180245C60C2F8BC01D2F8B0311A4833
:1006B0002B43C2F8B0310160D2F8B031002BFBD12E
:1006C00030BC70470904154B104C012541F08001E6
:1006D0009860104A596000F580511D60D96000F59E
:1006E0000051A364196100F5405100F58040596143
:1006F00000219861E164D2F8B03143F48033C2F84C
:10070000B031D2F8B031002BFBD1C0E7000000209F
:100710002073002000002E40B054012040730020C0
:10072000084901220B7802FA00F023EA0000087061
:1007300030B9054AD2F8483123F08003C2F8483175
:10074000704700BF8A55012000002E402DE9F04F70
:100750009C4C83B0D4F84461F107C4F844616AD575
:10076000D4F8AC31002B61D0DFF88482964DDFF8ED
:1007700078B208F5805ADFF87C92944FC4F8AC3117
:10078000D5E90A20D4F8403143F40053C4F840318D
:10079000D4F840319B04F5D5D4F8403123F400530C
:1007A000C4F840314FF00113C4F8B431D4F8B43177
:1007B00013F00113FAD191B240F2816CCBF8003002
:1007C000614500F2D980B1F5D06F80F06181B1F55B
:1007D000817F00F08F8140F2AB8040F2023C6145A6
:1007E00000F0B281B1F5A06F40F0C1807849EB64B0
:1007F0008B600123A9640B6080234B604FF00113D1
:10080000C4F8BC31D4F8B03143F48033C4F8B0310B
:10081000D4F8B031002BFBD1130C5B0643F080738E
:10082000C4F85431D4F8AC31002BA7D1654AD2F8C2
:10083000BC31002B4AD1720616D5624BD3F8AC21DD
:10084000C3F8AC21D3F8BC21C3F8BC21D3F8B04124
:10085000002CFBD14FF0FF32C3F8B421D3F8843120
:1008600000F012FE5B4B1C60F40103D55A4B1B6871
:1008700003B19847B00103D5584B1B6803B19847A3
:10088000710708D54F4BD3F8843113F400731AD095
:10089000534B01221A704B4BD3F848311A060FD52F
:1008A00033060DD54F4A13782BB1013BDBB21370E1
:1008B000002B00F0428203B0BDE8F04F00F0E4BB33
:1008C00003B0BDE8F08F464A1370E4E74649C2F82A
:1008D000BC310868034240F061813E4A14681C4004
:1008E000A9D05FEA144810D0374D4FF0010998FAAB
:1008F000A8F7B7FA87F705EBC71009FA07F74030F2
:10090000FFF7A6FE38EA0708F1D1A4B2002C92D076
:100910002D4D4FF0010894FAA4F7B7FA87F705EBCD
:10092000C71008FA07F7FFF793FEBC43F3D182E73D
:10093000802900F0A780822919D183B210F07800B5
:1009400015D103F07F0257F82210284A10801806AC
:1009500000F1C081CB0701D5012313700221234888
:10096000FFF792FE5EE7010C072900F045814FF08A
:100970000113C4F8C03155E742F2210C6145F2D0B1
:100980003AD942F22123994268D042F22133994266
:10099000EDD10F4B00229A60EA640122AB641A6029
:1009A00080225A604FF00113C4F8BC31D4F8B03142
:1009B00043F48033C4F8B031D4F8B031002BFBD10C
:1009C00030E700BF00002E4000000020C0012E4094
:1009D00020730020B45401205C5501206055012093
:1009E0009355012094550120B0540120D454012086
:1009F000A854012040730020B1F5086F3AD0B1F53A
:100A0000106FB4D1B548C2F307424FF0C81100933C
:100A10000270B34AC4F8C821C4F8CC11C4F8D0118C
:100A200000F034FD00F0CEFAAE4A0121009BAA642A
:100A300011608021936051604FF00112EB64C4F8A3
:100A4000BC21D4F8B02142F48032C4F8B021CBF8F4
:100A50000030D4F8B031002BFBD1E3E680B200289F
:100A600097D1A14BC2F307421968A04B1960A04B64
:100A70001A708EE7994B01219E481B780370FFF78F
:100A800003FECFE69B4802210380FFF7FDFDC9E688
:100A9000994B596800293FF46AAF4FEA124E82B26F
:100AA00004E019690C3300293FF461AFB3F800C0CA
:100AB000F445F6D1B3F802C09445F2D14FEA1E22B4
:100AC000032A00F0D8801A89000C824228BF02460F
:100AD000BEF5007F40F0D480884B89491878894B57
:100AE0000092002818BF19468748FFF78BFB864BFA
:100AF000009ADAE010F0780F83B27FF438AF03F099
:100B00007F0213F0800F57F8223014BF23F4803394
:100B100023F0010347F822300022724BEA649A6006
:100B20000122AB641A6080225A604FF00113C4F8AE
:100B3000BC31D4F8B03143F48033C4F8B031D4F8C8
:100B4000B031002BFBD16DE610F0780F83B27FF44B
:100B50000EAF03F07F0213F0800F57F8223014BF5E
:100B600043F4803343F0010347F8223000225D4B09
:100B7000EA649A600122AB641A6080225A604FF0E6
:100B80000113C4F8BC31D4F8B03143F48033C4F855
:100B9000B031D4F8B031002BFBD143E6002008601F
:100BA0005A490C88486842F221018C427FF495AE84
:100BB00080B200287FF491AE5549564C03C9A180FC
:100BC00086284FEA11412060A1717FF486AE72B68B
:100BD0005148017841F008010170D2F848110D0622
:100BE00005D480200143C2F84401C2F8481162B61E
:100BF0004A4A5021117070E6EB6001234349C9F85D
:100C00000030474B0A60C9F80430464B4860C9F8C9
:100C10001030C5F80890C9E9028AD4F8B02142F032
:100C20000102C4F8B02103F5805203F50053C9F85E
:100C30001420C9F81830D4F8B031002BFBD1294A60
:100C4000EB6493600123AA64136048F2800353604D
:100C50004FF00113C4F8BC31D4F8B03143F4803301
:100C6000C4F8B0314FF48033CBF80030D4F8B03151
:100C7000002BFBD1D6E5000C0A78824228BF024641
:100C8000BEF5E06F50D11D4B1D4893F800C01D49C3
:100C90001D4BBCF1000F18BF014600921846FFF72C
:100CA000B1FA072103464170009A23F01F01134453
:100CB000BFF34F8F4FF0E020C0F8701F20318B4200
:100CC000FAD8BFF34F8FBFF36F8F0F481146FFF76E
:100CD000DBFCA7E5C9033FF53FAE3FE69255012097
:100CE0000200CC00207300204855012058550120F7
:100CF00091550120D4540120D06300209355012048
:100D0000BC1D0060541E006060162020207600206C
:100D1000A8540120505501208A55012094550120E6
:100D200080000700A8740120064B1846CDE9002377
:100D3000FFF768FADDE90023B7E70320FFF7F0FCCF
:100D400003F05EFF601620202DE9F0471F46831E4A
:100D5000022B01D9BDE8F087DFF84C9015460C4610
:100D60003C2209EBC01806464FEAC01A002108F1E0
:100D70000400240403F084FCB5FA85F2012352092F
:100D800044EA427449F80A40C8F83870C8F8083094
:100D9000002FDFD0034AB34011680B431360BDE856
:100DA000F08700BFB4540120000000202DE9F04777
:100DB0000D46811E022901D9BDE8F087C701DFF881
:100DC0004C909246044640373C2200211E4609EBD7
:100DD00007082D0408F1040003F052FCBAFA8AF265
:100DE000520945EA427249F807200122C8F83860E2
:100DF000C8F80820002EDFD0034B10341968A24039
:100E00000A431A60BDE8F087B454012000000020B6
:100E100012048160C36101F5405342F0800210B4B6
:100E20000124426001F50052046001F5805401F58F
:100E30008041C46081615DF8044BC0E904237047C0
:100E4000831E0A46022B00D97047064B00F11001A1
:100E50004FF0010C03EBC0100CFA01F14030FFF72A
:100E6000B3BB00BF00000020831E0A46022B00D93E
:100E700070470121024B814003EBC010FFF7A4BB78
:100E80000000002040687047124A134BD2F820023D
:100E900020F07F40984210B584B002D200EB800071
:100EA00040000E4C01A90A22FFF748FA01A90023CD
:100EB000204611F8012B01333AB10A2B20F8022FFA
:100EC000F7D11623237004B010BD5B00DBB2237092
:100ED00004B010BD00441F40809698007C6D002037
:100EE00000F0F2BB00F0C2BB00F026BC00F0E0BB9B
:100EF00000F07CBC00F052BC0846114600F042BC39
:100F0000F8B5144C4FF0E025134E4FF4003204EBCB
:100F10004024124F06EB40160346C5F88C212146AB
:100F20003A883046FFF774FF3B882344BFF34F8F66
:100F3000C5F85C4F2034A342FAD8BFF34F8FBFF3FC
:100F40006F8F04203146FFF78FFF4FF40033C5F851
:100F50000C31F8BD0017202060730020745501206B
:100F600042684FF6FC71114BC2F30E42C0691B88F8
:100F70009B1A0B4017D00E4930B40E4C0E4D227800
:100F800021F810300021013225F81010062A94BFF4
:100F9000D1B20A46217009490C6823440B60084B02
:100FA000985430BC7047FFF7ABBF00BF74550120A9
:100FB000E45401208655012000550120DC54012015
:100FC0001C550120214B70B51B78002B3BD04FF4F2
:100FD00000731E461E4980221E4D00240B800021F6
:100FE0001D482B8003F04CFB1C4A21461C4B1470FF
:100FF000C0221C481C8003F043FB1B4A31461B4B9C
:10100000042094609C60C2E90044194AC3E900448A
:101010001470184B184A1C70184B14602246FFF7C6
:1010200093FE2346224629880420FFF7BFFE204670
:101030000134FFF765FF062CF9D100231049114A4E
:101040000B70137070BD40231E46C3E793550120FB
:10105000745501207C550120207500208D550120FC
:101060007855012060730020E454012000550120D0
:101070008655012088550120DC54012079EF0000BD
:101080008B5501208F5501202DE9F843214B1D7808
:1010900015B9214E33880BB9BDE8F883DFF8888095
:1010A0001E4A98F800701E4C02EB47191D4A04EBCB
:1010B0004724128848462146D21A2B46FFF7A8FE3D
:1010C000BFF34F8F04F1200204F50073934234BF45
:1010D000012310234FF0E02204EB4313C2F8704FBA
:1010E00020349C42FAD1BFF34F8FBFF36F8F01378B
:1010F00049460420FFF7A4FE032F4FF000034FF0F2
:10110000020098BFFDB2338088F80050BDE8F84374
:10111000FFF706BB8F550120785501202075002070
:10112000002320207C5501208D550120F8B5144C5A
:101130004FF0E025134E4FF4003204EB4024124FE1
:1011400006EB40160346C5F88C2121463A88304606
:10115000FFF75EFE3B882344BFF34F8FC5F85C4F1B
:101160002034A342FAD8BFF34F8FBFF36F8F032011
:101170003146FFF779FE4FF40033C5F80C31F8BD66
:10118000002B20202074002076550120244B2DE9CF
:10119000F0411C884368C569C3F30E43E41A002C70
:1011A00024DD204920480A780078D3B21F4E8242BD
:1011B0001F4807D010F8038036F81870C7F5007282
:1011C000944218D90133002226F81540082B194EF5
:1011D00088BF134626F8152098BFDAB2C554164BBF
:1011E0000A701A6814441C60BDE8F0812846BDE806
:1011F000F041FFF79BBF07EB4820104922462744E8
:10120000084401EB4521FEF7FDFF0B4A284626F86E
:10121000187013682344BDE8F0411360FFF786BFE0
:10122000765501208755012089550120F054012071
:10123000245501200C550120E0540120002B2020D2
:101240001D4B1A78002A36D102F0FF031B4A127890
:101250008AB32DE9F0411A4D2A8852B3194EC2F5CE
:101260000068194F3278194C07EB421704EBC2247F
:10127000424638462146FFF7CBFD04EB0802BFF398
:101280004F8F4FF0E023C3F8704F2034A242FAD8BA
:10129000BFF34F8FBFF36F8F03203946FFF7D0FDA9
:1012A00033780133DBB2032B88BF00233370002374
:1012B0002B80BDE8F08170479055012092550120A8
:1012C0007A5501208E550120A0750020003B20207A
:1012D0002DE9F04F85B0CDE90110002900F0BF8065
:1012E0000023604CDFF89881DFF898A15E4F0093EF
:1012F00001235E4A23705E4B1978B8F8003002EB88
:101300004119002B40F0A7801E461D469B464846CB
:10131000FFF7B8FD10F0800000F08C80BFF34F8F16
:101320009AF8003084F800B005B93E68002B7DD1F2
:101330003B689B1B782B00F287804E4B1B78002B61
:1013400074D000F09DFA0122B8F8003015462270E2
:10135000002BDCD0464AC3F5006011781A4600EB3A
:10136000C120454DC9022844019D954217D20393DF
:10137000DDE901512A46FEF745FF039B4FF040424D
:101380005B1BA8F800303D4BC3F88420BFF34F8FA0
:10139000009800232844237005B0BDE8F08F364B39
:1013A000CD180299FEF72EFF00234FF40062294664
:1013B0004846FFF72DFDBFF34F8F05F1200205F5DD
:1013C0000063934234BF012340234FF0E02205EB3A
:1013D0004313C2F8705F2035AB42FAD1BFF34F8F91
:1013E000BFF36F8F03204946FFF72AFD204A137889
:1013F0000133DBB2032B84BF00231D4A1370B8F8FE
:101400000030019AD11A009A1A4401910092029A6E
:101410001A4400230292194AA8F80030C2F8843016
:10142000BFF34F8F237000297FF462AF009805B09F
:10143000BDE8F08F4FF400620D4B8AF80000197878
:101440001346A8F800208AE7012300988AF80030A4
:1014500005B0BDE8F08F1A46C3F500607FE701983C
:10146000E5E700BF9055012048550120A0750020F8
:101470008E55012092550120003B202000002E4077
:101480007A5501208C550120704700BF2D4B00215B
:1014900080222D4870B51B7800242C4D8B422C4E99
:1014A0000CBF40234FF400732B80338003F0E8F827
:1014B000284A2146284B14704FF4807227481C801C
:1014C00003F0DEF8264A1021264B0220C2E9004430
:1014D000C2E90244244AC3E900441470234AC3E920
:1014E0000244234B1C70234614602246FFF75EFC27
:1014F0002246318803201F4BFFF726FC234601229A
:1015000029880320FFF752FC20460134FFF70EFE26
:10151000082CF9D1184B00214A221848184C0460B5
:10152000C3F88410C3F88020D3F84821154942F04D
:101530008072C3F8482121B1134A137843F00103A4
:10154000137070BD93550120A07500207E550120B9
:10155000765501208E5501207A55012020740020F7
:10156000F05401200C55012087550120E054012042
:1015700089550120A5F1000000002E405C55012096
:1015800059F2000000000000955501202DE9F04FB0
:101590004FF0E0234FF40032DFF8C8A083B0C3F867
:1015A0008C218B469AF8004000294FD08046E4B247
:1015B0000027DFF8B490264BABEB070225491B78D8
:1015C000A34204F101043FD0092C234B404628BF1D
:1015D00000241E5D39F816C00CEB462319441F4B3E
:1015E00033F81650A5EB0C05AA421CD20CEB462C86
:1015F00018491B4C61440192FEF704FE216839F83A
:1016000016505846019AA1EB0B012A44394429F897
:10161000162021604FF0E0234FF40032C3F80C2174
:1016200003B0BDE8F08F2A462F44FEF7EBFD0C49CE
:10163000E3B230460A68A844521B0A608AF80030B8
:10164000FFF774FDBB45B6D83846E3E70846E1E747
:1016500087550120002B202024550120F054012023
:10166000E0540120895501200C5501200B4B0C4AF8
:1016700012781978D3B28A420DD0013309480A4A48
:10168000092B0A4928BF0023C35C31F8131002EB71
:101690004323585C70474FF0FF3070478755012057
:1016A0008955012024550120002B20200C550120B4
:1016B000044B10B51C680CB1204610BD00F0E0F8DA
:1016C000204610BDE05401202DE9F84F144E154D71
:1016D00033782A78934221D0DCB2DFF85090DFF8DB
:1016E00050B0DFF85080104F0134082C5FFA84FAB4
:1016F00001D90024A24619F80400DBF8003038F8BC
:10170000102037F81010521A9B1ACBF80030FFF750
:101710000DFD86F800A02B78A342E5D1BDE8F88F37
:1017200089550120875501200C55012024550120A1
:10173000E0540120F054012000B583B001210DF1E7
:101740000700FFF723FF20B19DF8070003B05DF805
:1017500004FB4FF0FF30F9E7094B00B583B01B786D
:101760008DF807003BB101210DF10700FFF7B0FD37
:1017700003B05DF804FB03F0FF0003B05DF804FB69
:1017800092550120044B1B7803F0FF020BB1FFF7C9
:101790009FBD1046704700BF925501202DE9F041D2
:1017A0000024DFF8448001230D4D27460D4E88F8B4
:1017B0000030337828462035A34204F1010405D0D7
:1017C000FFF760FB030658BF07F50067042CF0D154
:1017D000BFF34F8F0023384688F80030BDE8F08112
:1017E000A07500208E550120905501202DE9F84369
:1017F0001D4B1B7813B11D4D2A880AB9BDE8F8832B
:101800001B4EC2F500691B4933784A461A4C01EB5E
:1018100043181A4F04EBC324012340463B70214672
:101820000023FFF7F5FA04EB0902BFF34F8F4FF0E7
:10183000E023C3F8704F2034A242FAD8BFF34F8F91
:10184000BFF36F8F03204146FFF7FAFA3378013375
:10185000DBB2032B88BF0023337000232B80BFF340
:101860004F8F3B70BDE8F883925501207A550120D7
:101870008E550120A0750020003B202090550120AE
:101880002DE9F8432D4B1E7866B12D4F3B784BB9AF
:101890000123F1073B7043D4B20726D400233B70E9
:1018A000730701D4BDE8F883264B1A68002AF9D0E3
:1018B000EFF30582002AF5D1EFF3108572B61868B0
:1018C000002834D0204C2178002930D10122227008
:1018D00042691A60002A2ED0916105B962B60025CE
:1018E0008368457798472570DCE7DFF8648098F8CF
:1018F0000030002BD2D00025DFF858902B4659F845
:1019000023400135236820461B69984710B163695D
:101910009B68984798F80020EBB29A42EFD8BDE751
:10192000FFF7C6FE0028B7D0AFF30080B4E7002D64
:10193000B8D162B6B6E7054B1A60CEE795550120DF
:1019400084550120744D012082550120804D0120D5
:1019500083550120844D012070B5EFF3108272B6DB
:101960000C4C206880B10C4E00254369236073B194
:101970009D6102B962B6836845779847EFF310829C
:1019800072B620680028F0D102B962B670BD33602B
:10199000EFE700BF7C4D0120784D0120FFF7DCBF51
:1019A0000449054A4968054B1960136801331360FF
:1019B000704700BF001000E0485501204455012049
:1019C00000230F2248F2B82C194610B54FF470448A
:1019D0004FF4806EA0F88C414FF46044A0F88E2143
:1019E0000A46A0F89031B0F888319BB243F0F0037A
:1019F000A0F8883101EB4103013100EB43130429C6
:101A00009C80A3F806E05A841A865A805A81A3F86B
:101A10000EC05A82DA825A83DA83EBD1B0F8883169
:101A20009BB243F00F03A0F88831B0F888319BB225
:101A300043F47063A0F8883110BD00BF374B384ABB
:101A4000996F384841F47F0170B5996741F20106FA
:101A5000D3F8801045F6C05543F226040A43C3F874
:101A60008020FFF7ADFF00F58040FFF7A9FF00F5EC
:101A70008040FFF7A5FF00F58040FFF7A1FF00229F
:101A8000A0F503104FF00F0E114600EB42134FEA82
:101A9000421C01329981042A5981A3F80EE09E82EA
:101AA000DD8020F80C1019829C81EED100221E48A6
:101AB0004FF00F0E41F20106114645F6C05543F2B4
:101AC000260400EB42134FEA421C01329981042A9A
:101AD0005981A3F80EE09E82DD8020F80C10198257
:101AE0009C81EED1002211480F2641F201051146DA
:101AF00045F6C05443F2260E00EB42134FEA421C57
:101B000001329981042A5981DE819D82DC8020F88E
:101B10000C101982A3F80CE0EED170BD00C00F408C
:101B2000000003FC00C03D4000001E4000401E407D
:101B3000074A506A936A19468446506A936A9942E2
:101B4000F9D18445F7D1DB0B43EA4040704700BF31
:101B500000400D4003460846194602F0E3BD00BFB1
:101B600090F8A32090F8A200101A704790F8A230C5
:101B700090F8A3209A4205D95A1C034480F8A22069
:101B8000987E70474FF0FF30704700BF90F8A2304A
:101B900090F8A3209A4202D91844807E70474FF0F3
:101BA000FF307047704700BF0346B0F8300178B18E
:101BB00093F82F21882A03D9012200205A60704708
:101BC00002F1010C01201A4483F82FC182F8A510FC
:101BD000704700BF38B5B0F830410CB9204638BD69
:101BE00090F82F310546C3F18904A2420DD814465E
:101BF00005F1A50022461844FEF704FB95F82F31A5
:101C00002046234485F82F3138BD01224260EFE79A
:101C10002DE9F04FD0F814A01524017E8146437EB3
:101C200083B00AEB0111384A0AEB0313374F097AE4
:101C300093F8283002EB01150901E86852F8018099
:101C400002EB0311D5F804B01B01CE68D558CBF8D0
:101C50000040C8F88400D8F804304A6803432C498F
:101C60000192C8F804301460C5F884606B6833438F
:101C70006B60284B4C683A68A3FB0232920C02EB73
:101C8000820252004B681B1B9A42FBD84FF0090C92
:101C90001F4ADFF880E0D8F80830034202D0AB6872
:101CA00033422FD1C5F8886054683968AEFB0131E2
:101CB000890C01EB810153681B1B9942FBD8C5F8C5
:101CC000846054683968AEFB0131890C01EB8101F5
:101CD00053681B1B9942FBD8BCF1010CDBD1604659
:101CE00099F81830019A0AEB0313DB68CBF800303F
:101CF00099F819300AEB031ADAF82C30136003B0A4
:101D0000BDE8F08F0120EBE7345D00206465002022
:101D1000001000E083DE1B430E4A10B51168046911
:101D200005E0DB0107D413685B1A102B08D8636940
:101D300013F0007FF5D14FF4FE430120636110BD25
:101D4000FFF766FF0028FAD04FF4FE4301206361DD
:101D5000F5E700BF485501202DE9F04790F82FA185
:101D60000569BAF1000F4FD081468846FFF7D4FFCE
:101D7000002849D0374E0024376818E06B691905F0
:101D800051D4DA0455D4580559D4990441D4326851
:101D9000D21B322A3DD8544507D9EA6D520704D1E7
:101DA0009B0555D4B8F1000F52D0FFF769FD54459B
:101DB000E4D8EA6D500702F00703DFD413E099F886
:101DC000A5200133022442F48062042B2A661ED02F
:101DD0008A4503F1010309EB01020ED992F8A5200F
:101DE000042B2A66CAD00121002CE8D021460133F9
:101DF00001348A4509EB0102F0D8B8F1000FBDD0DB
:101E00004FF400732B66B9E70420BDE8F087012486
:101E1000B4E72B694FF40072042043F440732B6144
:101E20002A66BDE8F0872B69042043F440732B61D8
:101E3000EBE72B69052043F440732B61E5E72B6941
:101E40004FF40072022043F440732B612A66DCE7F2
:101E50000020DAE7485501202DE9F84F83460C466B
:101E600015461F46D0F810A0FFF756FF002800F0D7
:101E70009E806100012DDFF83C8140F20146CBB22B
:101E80004FF0000138BF0125D8F800900C461E43E2
:101E9000ABF8A21020E09BF8A330872B3FD9DAF8EB
:101EA000142010055AD412F4105F70D1D8F8003005
:101EB000A3EB0903322B6AD89BF8A330AB4209D3BA
:101EC000022C07D9DAF85C30590703D193054BD4BB
:101ED000002F49D0FFF7D4FC022CDCD8DAF85C30B4
:101EE00003F007025B07D6D4681E224440F48070DA
:101EF0004CB9CAF860600134131B032BCBD8022CF9
:101F0000C9D8002CF5D0012C37D01FB14FF4007385
:101F1000CAF860309BF8A3300324872BBFD8DAF8C7
:101F20005C2012F4E02FC2F3024CB8D0591C9C4440
:101F30001933C9B25FFA8CFC5BFA83F3DAF87000EC
:101F40004A1C61458BF8A310D1B203F8010FA6D04B
:101F50008929F3D1DAF814201005A4D5DAF8103065
:101F600043F44073CAF81030DAF85C3013F4E02F11
:101F700006D19BF8A300BDE8F88FCAF86000BAE765
:101F8000DAF8103043F40073CAF81030F1E7DAF8E9
:101F900010304FF4007243F44073CAF81030CAF89E
:101FA0006020DAF85C3013F4E02FE2D0E8E7042098
:101FB000BDE8F88F48550120F8B506690446D6F803
:101FC000145115F4706301D0C6F81431A8070BD56D
:101FD000D6F8702111043ED50023012184F8A230E7
:101FE000234484F8A3109A76EB0710D594F8307147
:101FF000FFB194F82E7194F82F31BB4227D97B1C86
:10200000274484F82E3197F8A530C6F8603115F4CE
:10201000407F0DD094F8A30018B1D4F83C3103B13F
:1020200098470023A4F8A230A4F82E3184F8303168
:10203000F8BDD4F8383103B19847002384F82E3125
:10204000012384F8303194F82F31BB42D7D80023D4
:10205000C6F86031DBE794F8A330872BC4D8591C4D
:10206000C9B2BDE70148FFF7A7BF00BF78650020F0
:102070000148FFF7A1BF00BFB86600200148FFF785
:102080009BBF00BFF867002010EE103A40F22A41D3
:10209000C3F30A528A42B7EEC03A32D8B7EE000B09
:1020A0002D4B93ED4A2B93ED481BB0EE417BA2EEF6
:1020B000037B17EE100A37EE417B00F01F0203EBA3
:1020C000C20130B492EE037B93ED4C4B53F8324097
:1020D0004D6893ED4E6B93ED505BA4EE076B27EECE
:1020E000074B00210A1905EBC033A5EE070B43ECA3
:1020F000172BA6EE040B30BC20EE070BB7EEC00B7F
:10210000704713F5000F20D0B2F5FF6F1AD2DFED44
:10211000137AB4EEE70AF1EE10FA10DCDFED107A74
:10212000B4EEE70AF1EE10FA12D4DFED0E7AB4EE57
:10213000E70AF1EE10FAB1D5002000F07DBC0020D6
:1021400000F080BC30EE000A70479FED070A704730
:10215000002000F06BBC00BF800200201772B1426B
:10216000B4F1CFC2CF8ECEC20000000000F038BE66
:1021700010EE103AC3F30A52B2F5866FB7EEC07A8A
:102180002ED2B7EE000B2A4B93ED402B32EE073BDD
:1021900013EE100A33EE423B00F01F0203EBC201C4
:1021A00030B437EE437B93ED424B53F832404D68E9
:1021B00093ED446B93ED465BA4EE076B27EE074B64
:1021C00000210A1905EBC033A5EE070B43EC172BD2
:1021D000A6EE040B30BC20EE070BB7EEC00B704729
:1021E00013F5000F1ED0B2F5FF6F18D2B5EEC00A7E
:1021F000F1EE10FA10DCDFED0F6AB4EEE60AF1EE54
:1022000010FA12D9DFED0C6AB4EEE60AF1EE10FA1C
:10221000B7D5002000F010BC002000F013BC30EE59
:10222000000A70479FED050A7047002000F0FEBBD2
:1022300080020020000016C3000015C3000000004B
:1022400010EE103AB3F17E5F3ED0A3F50001B1F17C
:10225000FE4F10EE102A3AD2BFEE002B02F140439F
:10226000284903F54D03C3F3C34001EB001091ED82
:10227000424B91ED447B91ED406B91ED465BD90D66
:10228000C9052DED028B90ED021B90ED008B521ACB
:10229000DB1500EE103A03EE902AB8EEC00BB7EE55
:1022A000E33A30EE010BA8EE032BBDEC028B22EEDD
:1022B000023BA4EE027BA5EE020BA6EE037BA3EE8F
:1022C000070BB7EEC00B70479FED0F0A7047590020
:1022D00014D0B3F1FF4F14D0002B0BDBB1F17F4FC3
:1022E00008D2DFED0A7A60EE277A17EE903AA3F172
:1022F0003862B1E700EE103A00F0BCBB012000F0FC
:10230000A7BB7047C8030020000000000000004B7E
:1023100030B410EE103A2DED028BA3F5000110EE53
:10232000902AB1F1FE4F10EE104A82B04FEA4201FE
:102330007CD201F1FF3C6FF08070844580F0F78023
:10234000002004F1404303F54D03C3F3C342DB0D0A
:10235000DB05E11ADB1507EE903AB14B03EB0212F5
:1023600092ED003B04EE101AB7EEE06AB7EEC44AF5
:10237000BFEE000BA3EE040B93ED443B20EE001BDD
:1023800093ED464B93ED402BA0EE034B93ED425B58
:1023900093ED483BA0EE025B21EE012B92ED028B08
:1023A000B8EEE77B37EE087BA0EE037BA1EE047B63
:1023B000A5EE027B26EE077B17EE903A48F2BF01AE
:1023C000C3F3CF338B4250D2B7EE000B954B93ED56
:1023D000402B37EE023B13EE102A33EE423B02F065
:1023E0001F01821803EBC10093ED424B37EE437B94
:1023F00053F83140456893ED446B93ED465BA7EE8F
:10240000046B27EE074B0023181905EBC231A7EE2A
:10241000050B41EC170BA6EE040B20EE070BB7EEF5
:10242000C00B02B0BDEC028B30BC70474D1E6FF08C
:102430008070854280F0CE8059004D1E854280F02C
:102440009280002B55DB0020B4F5000FBFF479AF6C
:10245000DFED757A07EE103A67EE277A17EE904AAD
:1024600024F00044A4F138646BE79FED656BB4EE93
:10247000C67BF1EE10FA15DC9FED636BB4EEC67B04
:10248000F1EE10FA20DD4FF04C5388B10193DDEDF1
:10249000016ABFEE006A76EE666AF4EE466AF1EE15
:1024A00010FA11D002B0BDEC028B30BC00F0CABAF9
:1024B0000093DDED006AB7EE006A76EE866AF4EE10
:1024C000466AF1EE10FAEDD19FED516BB4EEC67B8A
:1024D000F1EE10FA57D99FED506BB4EEC67BF1EEDA
:1024E00010FA7FF571AF02B0BDEC028B30BC00F08A
:1024F000A3BAC2F3C7517E2911DD962954DC01200D
:10250000C1F1960100FA01F1481E104207D11142B3
:1025100014BF01200020000424F0004494E700EEE2
:10252000103A02B0BDEC028B30BC00F0A3BA002917
:1025300052D0B3F17E5F2CD06400B4F17F4F2ED81F
:10254000B1F17F4F2BD1B4F1FE4F4BD0B4F1FE4F20
:102550006FEA020234BF00240124D20F94424CD00F
:102560009FED320A5DE7002B20EE000A1EDB002003
:1025700000293AD1002ABFF654AF02B0BDEC028B5D
:1025800030BC00F065BA02B0BDEC028B30BC00F08C
:102590004DBA82F48002520012F5000F22D907EEE4
:1025A000903A37EEA00A3CE70020B5E7C2F3C753E4
:1025B000A3F17F001728DAD8C3F19600012303FAAC
:1025C00000F0441E1442D2D11040D1D0B1EE400AE6
:1025D0001846CDE70029AFD184F48002520012F5ED
:1025E000000FDCD8B7EE000A1BE7002ABFF619AFD0
:1025F000F7EE007A87EE800A13E720EEA00A10E7D4
:1026000071D5D1FFFFFF5F40E2AAA3FFFFFF5F404C
:102610000000000000C062C00000000000A062C016
:10262000E8040020800200200000004B00000000B1
:1026300030B510EE104AC4F30A53B3F57D7FB7EE00
:10264000C06A83B01BD226EE065BB3F5667F6ED3FD
:1026500026EE052B25EE021B734B93ED1A3B93EDF3
:10266000187B93ED164BA5EE037BA2EE046BB0EE48
:10267000460BA7EE010BB7EEC00B03B030BD40F226
:102680002E4293425ED8684991ED087B26EE077B87
:10269000FDEEC77B91ED0A5B17EE903A03F5000360
:1026A0001B1613F0020F07EE903A01F1700208BFFB
:1026B0000A46D807B8EEE77BA7EE456B26EE067B09
:1026C0001BD403F0030301EBC30192ED1A4B91ED10
:1026D000002B92ED185B26EE026B92ED163BA7EEF7
:1026E000045B26EE074B27EE047BA4EE036BA5EEFE
:1026F000076BB7EEC60B03B030BD92ED142B27EE7F
:10270000075B92ED126B92ED0E3BA7EE026B92ED22
:102710000C0B92ED104BA7EE030B27EE057BA5EEFD
:10272000040BA6EE070BB7EEC00B03B030BD220DB5
:1027300012F4FF6FDFD1B7EEC55B00EE104A8DEDEE
:10274000015AD8E7B3F5FF6F4BD2384BC4F383621D
:1027500003EB820053F822200569C4F31603C4F387
:10276000C25143F400038B40016A03FB02F2A3FB56
:102770000110E3FB050202F100518D0F01F0404111
:10278000511A01F08BFC2A4B9FED257B05EBD4748D
:1027900041EC160B14F0020FA3F1700208BF1346B0
:1027A000E90726EE077B27EE076B1FD404F003042E
:1027B00002EBC40293ED1A4B92ED002B93ED185BE4
:1027C00027EE027B93ED163BA6EE045B27EE064B4D
:1027D00026EE046BA4EE037BA5EE067BB7EEC70BDB
:1027E00089E703B0BDE8304000F044B993ED142B05
:1027F00026EE065B93ED127B93ED0E3BA6EE027B7D
:1028000093ED0C0B93ED104BA6EE030B26EE056B30
:10281000A5EE040BA7EE060BB7EEC00B6BE700BFEF
:10282000182D4454FB21193C10060020B45C0020F4
:10283000800600200000000038B510EE104AC4F3F6
:102840000A53B3F57D7FB7EEC07A1ED227EE077B21
:10285000B3F5667F6FD327EE071B634B93ED142B05
:1028600093ED125B93ED0E3BA7EE025B93ED0C0B29
:1028700093ED104BA7EE030B27EE017BA1EE040BAB
:10288000A5EE070BB7EEC00B38BD40F22E429342C7
:1028900054D8554991ED086B27EE066BFDEEC66BDB
:1028A00091ED0A5B16EE903A03F500031B1613F048
:1028B000020F06EE903A01F1700208BF0A46D807EF
:1028C000B8EEE66BA6EE457B27EE076B1AD503F054
:1028D000030301EBC30191ED002B92ED1A4B92ED36
:1028E000185B92ED163BA6EE045B27EE027B27EE0B
:1028F000064B26EE046BA4EE037BA5EE067BB7EE3B
:10290000C70B38BD92ED142B92ED127B92ED0E3B6E
:1029100092ED0C0B92ED104B26EE065BA6EE027BC1
:10292000A6EE030B26EE056BA5EE040BA7EE060B39
:10293000B7EEC00B38BDB7EE000A38BDB3F5FF6F78
:102940003DD22A4BC4F3836203EB820053F822206A
:102950000569C4F31603C4F3C25143F400038B406A
:10296000016A03FB02F2A3FB0110E3FB050202F183
:1029700000518D0F01F04041511A01F08FFB1C4BAB
:102980009FED177B05EBD47441EC160B14F0020F8E
:10299000A3F1700208BF1346E90726EE077B27EE76
:1029A000076B10D504F0030402EBC40292ED002B78
:1029B00093ED1A4B93ED185B93ED163B93E7BDE84F
:1029C000384000F057B893ED142B93ED127B93ED44
:1029D0000E3B93ED0C0B93ED104B9DE7AFF3008096
:1029E000182D4454FB21193C10060020B45C002033
:1029F0008006002010B582B08DED010A044601F07A
:102A0000A9FE9DED010A046002B010BD30B1F1EEE7
:102A1000407A27EE800A2220FFF7ECBFF0EE407AE2
:102A200027EE800A2220FFF7E5BF00BF9FED010AD5
:102A3000FFF7ECBF000000109FED010AFFF7E6BFB3
:102A40000000201A9FED010AFFF7E0BF00000070B0
:102A50009FED070AFFEE007AB7EE007A00284FF0EC
:102A6000220047FE277A87EE800AFFF7C3BF00BF28
:102A70000000000070EE407AB4EE400A87EEA77ABC
:102A8000F1EE10FAB0EE470A02D62120FFF7B2BFEE
:102A9000704700BF08B52DED028BB0EE408A00F004
:102AA00045FAB4EE488AF1EE10FA06D6DFED098A4F
:102AB000B4EEE88AF1EE10FA02D4BDEC028B08BD48
:102AC00001F048FE88EEA80ABDEC028B21230360CA
:102AD00008BD00BF0000000010EE103A114A23F0BC
:102AE0000043934218DDB3F1FF4F02DB30EE400AA2
:102AF000704700B583B0684600F01CFA400000F053
:102B00000200DDED010A9DED000AC0F1010000F0B8
:102B100087F803B05DF804FBDFED030A012000F045
:102B20007FB800BFDA0F493F0000000030B52DED3F
:102B3000028B83B08DED010A019C24F00043B3F1B8
:102B4000FF4F10DB324B002C93ED007AD3ED007A6F
:102B500039DBF0EE406A87EE260A30EE270A03B032
:102B6000BDEC028B30BD2B4A93420FDD284A2A4B25
:102B700092ED000AD3ED007A30EE670A002CB8BF60
:102B8000B1EE400A03B0BDEC028B30BDB3F1105F73
:102B900023DBB3F17E5F214D29DB00F005FDD5ED90
:102BA000007A20EE270A00F0F5FA194BD3ED007AEF
:102BB000D5ED006A95ED007A37EE000A86EE807A50
:102BC00037EEC70ADAE7DDED016A87EE260A30EE56
:102BD000670A03B0BDEC028B30BD0D4BDDED017A11
:102BE00093ED000A30EE270A20EE270AB7E795EDAD
:102BF000008A00F0D9FC28EE400A00F0CBFA95EDEF
:102C0000007A37EE007AF1EE407A87EE870AB5E770
:102C1000706D0020FFFFAF41746D0020786D0020C3
:102C200008B510EE103A23F00042B2F1465FF0EE24
:102C3000407A0FDABDEEC07A17EE101AF9B9431CCC
:102C4000134300F09F80012803D0BFEE007A87EE87
:102C5000270A08BD50498A4211DB9FED507ADFED0B
:102C6000506A002BBCBFF1EE600AF1EE407A77EEBD
:102C7000677A36EEE07ADFED4B0A77EE277A67EE79
:102C8000A76ADFED494ADFED495A9FED495A9FEDAA
:102C9000496A414926EEA67A8A42E7EE245AA7EE0F
:102CA000056ADFED454A9FED455AE5EE874AA6EEF7
:102CB000075ADFED435A9FED436AE4EE875AA5EECB
:102CC000076ADFED414A9FED415AE5EE874AA6EEDD
:102CD000075A9FED3F6ADFED3F5AA4EE876AE5EEA3
:102CE000075AB0EE467AA5EEA67A27EEA65AB0EEBF
:102CF000606AA7EE056ADFED384AE6EE260AE5EEE1
:102D0000240A37EEA00A1FDA0128A2D0BFEE007A0B
:102D1000C7EE006A314B10EE102A1A4006EE102A58
:102D200016EE902A76EE677A134000EE103AB7EE70
:102D3000007A70EEE70AF0EE477AE6EE007AE0EE0F
:102D4000807AA7EEA60A08BD07EE100AB8EEC77A89
:102D500060EE006A30EE070A9B1786EE806A03F089
:102D60000203C3F10103F0EE005A36EE606A06EE8C
:102D7000903A77EEC67AF8EEE66AA7EEE57A26EEA6
:102D8000870A08BD00F010FCB7EE007AF0EE407A3A
:102D900087EE270A08BD00BF40A12C3FDA0F493F4C
:102DA00068212233000000005FAE9BB745F4A338D2
:102DB0008453D9377AC09538C8261A3AB937813939
:102DC00016696B3B48DEBE3AA427B33C1F37113C63
:102DD0008988083ED10D5D3DABAAAA3E00F0FFFFF9
:102DE00010B582B0CDED010A019B23F00042B2F193
:102DF000FF4FF0EE407A30DC10EE100A20F0004178
:102E0000B1F1FF4F29DCB3F17E5F40D09C1704F095
:102E1000020444EAD07431B372B3B2F1FF4F3ED032
:102E2000B1F1FF4F28D0891AB1F1F45F4FEAE152B6
:102E300032DA002B40DA3C323EDA9FED330A012CC5
:102E40004CD0022C41D064B19FED307ADFED307A66
:102E500030EE070A30EE670A03E09DED017A37EEA7
:102E6000270A02B010BD022C0ED09FED2A7A032C47
:102E700007FE000A02B010BD9FED270ADFED277A9A
:102E8000002820FE270AECE79FED210AE9E702B0BF
:102E9000BDE8104000F0B2BA9FED1F0ACFE7B1F1D4
:102EA000FF4F04F1FF3420D0022C26D81C4B03EB3B
:102EB000840393ED000AD4E79DED017A87EE870A3B
:102EC00000F072FB00F09AFAB9E79FED107ADFED9F
:102ED000107A30EE070A37EEC00AC2E710EE103A59
:102EE00003F1004300EE103ABBE7022C08D80D4B6B
:102EF00003EB840393ED000AB3E79FED030AB0E709
:102F00009FED090AADE700BF000000002EBDBB33F6
:102F1000DB0F4940DB0F49C0DB0FC93FDB0FC9BFE7
:102F2000FC150020F0150020DB0F493FB1EEC00A70
:102F3000704700BF70B510EE103A884A23F0004485
:102F4000944286B0054670DD854A944210EE106AC0
:102F500022DC002BDFED837A834A24F00F04B0EEED
:102F6000407A40F3E280944270EE677A09BFDFED69
:102F70007F6A9FED7F7A9FED7F7A77EEE67A012078
:102F800077EEC76A77EEE67AC5ED006A77EEC77A24
:102F9000C5ED017A06B070BD774A944254DDB4F1B4
:102FA000FF4F49DAE215863AA4EBC25307EE903A96
:102FB000BDEEE77ADFED716AB8EEC77A77EEC77AD1
:102FC0008DED037A67EEA67ABDEEE77AB8EEC77AA2
:102FD00077EEC77A8DED047A67EEA67AF5EE407A41
:102FE000F1EE10FACDED057A40F08E80B5EE407A24
:102FF000F1EE10FA14BF022301236149019102216D
:10300000009103A8294600F0D7FA002EC2DA95ED08
:10301000007AD5ED017AB1EE477AF1EE677A85ED67
:10302000007AC5ED017A4042B4E7002285ED000A3E
:103030004260002006B070BD70EE407A0020C5ED01
:10304000017AC5ED007AA5E700F0AEFA9FED4D7A62
:103050009FED446AF6EE007AE0EE077A9FED447A3F
:10306000FDEEE77A17EE900AF8EEE76A1F28A6EE63
:10307000C60A66EE877AB1EE666A1EDC424A411ED7
:1030800024F0FF0352F82120934216D030EE677AE5
:1030900085ED007A30EE470A002E30EE670A85EDA6
:1030A000010ABFF677AFB1EE477AB1EE400A85ED7F
:1030B000007A85ED010A40426CE730EE677AE2154E
:1030C00017EE103AC3F3C753C3EBD453082BDFDD1D
:1030D0009FED267A9FED275AF0EE405AE6EE075A0A
:1030E00070EE657AE6EE077AD6EE857A35EEE77A07
:1030F00017EE103AC3F3C753D21A192A06DCB0EE02
:10310000650A85ED007AC5E7032376E79FED1F7A10
:103110009FED1F5AB0EE650AA6EE070A75EEC07A5B
:10312000E6EE077AD6EE857AB0E7944270EE277A1B
:1031300009BFDFED0E6A9FED0E7A9FED0E7A77EEF6
:10314000A67A4FF0FF3077EE876A77EEE67AC5ED24
:10315000006A77EE877AC5ED017A1BE7D80F493F01
:10316000E3CB1640800FC93FD00FC93F004435372D
:103170004344353708A3852E800F49430000804320
:10318000B860002084F9223FDC5F002000A3852E78
:1031900032318D2410EE102A894922F000438B42EF
:1031A0002AD9B3F1FF4F7ED800F0D680002AC0F2B2
:1031B0008A80844A934200F2F0809FED837A20EE69
:1031C000077AF6EE007A77EE877A9FED806ADFED78
:1031D000806AFDEEE77AB8EEE77A17EE903AF0EE05
:1031E000407AE7EE467A27EE267A37EEC70A77EE80
:1031F000C07A77EEC77A07E076498B4256D8B3F1AA
:103200004C5FC0F082800023B6EE003A20EE034A05
:10321000DFED716A9FED716ADFED714A9FED715AC2
:1032200020EE047AF7EE003AA7EE266ADFED6E6A2A
:10323000E6EE074AB0EE086AE4EE876AF1EE085A55
:10324000A6EE875AF0EE636AE5EE076AA4EE666AB8
:10325000E0EE465A36EEC66AC6EE256A66EE876A24
:10326000002B4DD076EEE76A5A1CD6EE807A77EEC8
:10327000C77A63D0012B51D05A1C392A33D8162B68
:1032800070DC4FF080721A41C2F17E5207EE102AB4
:1032900077EEC07A77EE677A17EE902A02EBC35387
:1032A00000EE103A704730EE000A70474F498B42EB
:1032B00079D8002ADFED457A47DB9FED457A70EE3D
:1032C000677A012391E7DFED4A7A70EE277AF5EE0F
:1032D000C07AF1EE10FA63D49FED3B7AFEEE007AED
:1032E00020EE077A6FE777EEC07A73EEE77A17EE93
:1032F000902A02EBC35307EE903A37EEE30A704789
:1033000090EE267A30EE470A7047DFED3A7A70EE9B
:10331000277A77EEE77A30EE670A7047BDEE007ADB
:10332000B4EEC70AF1EE10FA2ED530EE033AB8EE3D
:10333000000A77EEC37A27EE800A704770EE677A4C
:10334000BEEE000AA7EE830A70479FED2B7A70EE5F
:10335000277A4FF0FF3348E7FFEE007A002A20FE7D
:10336000270A7047C3F17F02D20507EE102A77EED5
:10337000877A70EE677A77EEA37A17EE902A02EBDF
:10338000C35300EE103A704770EE677AB0EE007AE1
:10339000E7EE873AB0EE630A70470020FFF752BBB2
:1033A000BFEE000A70479FED087AF6EE007AFEEE57
:1033B000006A002A20EE077A67FEA67A03E700BFBC
:1033C00043B895411772B1423BAAB83F8071313F73
:1033D000D1F717371872B13EBBED57B4547E86361D
:1033E000CD70A6B8898808BD010DD03A9115853FEA
:1033F0006042A20DCAF24971D1F717B738B510EE85
:10340000105A25F00044B4F1A14FF0EE407A0ADBE7
:10341000B4F1FF4F58DCDFED517A9FED517A002D6A
:1034200037FE870A38BD4F4B9C425CDCB4F1445FE9
:103430004DDB4FF0FF3327EEA76ADFED4B6ADFED80
:103440004B5ADFED4B4A9FED4B5A9FED4B4A26EE10
:10345000067A5A1CE7EE265ADFED486AA5EE875A2F
:10346000E7EE246ADFED465ADFED464AE6EE875A7C
:10347000A5EE074A9FED445ADFED446AA5EE875A50
:10348000E4EE074ADFED425AE4EE876AE5EE075ABA
:1034900066EE866A65EE875A3AD03E4A02EB8302B0
:1034A00076EEA56A92ED007A3B4A96EEA77A02EB99
:1034B0008303002DD3ED006A77EE677A36EEE70AD4
:1034C000B0DAB1EE400A38BD30EE000A38BD9FEDEB
:1034D000337A30EE077AF7EE006AB4EEE67AF1EE70
:1034E00010FAA6DD38BD00F05FF82D4B9C4216DCCB
:1034F000A3F5D0039C4227DCF0EE007ABFEE007A01
:10350000A0EE277A002330EE270AC7EE007A92E772
:1035100076EEA56AE6EEE77AB0EE670A38BD214B93
:103520009C420BDCF7EE087AB7EE007AA0EE277A21
:10353000022330EE670AC0EE077A7CE7BFEE007A1E
:10354000C7EE007A032376E7F7EE007A30EE677A6B
:1035500030EE270A0123C7EE007A6CE7DB0FC93F84
:10356000DB0FC9BFFFFFDF3ED769853C59DA4B3D12
:1035700021A215BD356B883D6E2EBA3D6BF16EBD37
:1035800095879DBD2549123E388EE3BDABAAAA3E64
:10359000CDCC4CBE245D0020145D0020CAF24971E0
:1035A000FFFF973FFFFF1B4010EE103A23F0004350
:1035B00000EE103A704700BF2DE9F04F2DED048B5F
:1035C000DBB01C4603930691A04B6899089253F810
:1035D0002150111D824604F1FF38C0F29882D31E9B
:1035E00048BF131DDB1002930133DB000793DDE9B5
:1035F00007239B1A0593029B15EB0801A3EB080315
:1036000016D401319FED927A699819441EAA002BB5
:10361000A4BF50F8234007EE904A03F10103ACBF6A
:10362000F8EEE77AF0EE477A8B42E2EC017AEED1DF
:10363000002DC0F2DB82039B1EAA02EB830446AE80
:103640004FEA830C4046EF180AEB8301B8F1000FF4
:10365000DFED7F7A09DB22465346F3EC016A32ED57
:10366000017A8B42E6EE877AF7D10130B842E6EC78
:10367000017A04F10404E9D10AAF07EB8503043BA6
:103680009FED759ADFED738A059804930AEB0C049D
:1036900007EB850946AE00955AAB03EB8503002D79
:1036A00013ED140A4FEA850B16DD06EB85033A4647
:1036B00060EE097AB0EE407AFDEEE77A73ED016ACA
:1036C000F8EEE77AB342A7EEE87A37EEA60ABDEE47
:1036D000C77AA2EC017AEBD1019000F0DFFAB0EEEC
:1036E000408AB4EE000A28EE000A00F091FAF2EEE9
:1036F000007AA0EE678A01980028FDEEC89AF8EEDD
:10370000E97A38EE678A76DD05F1FF3EC0F10803FD
:1037100057F82E2042FA03FC0CFA03F3D31AC0F137
:10372000070119EE902A47F82E300B416244002B16
:1037300009EE902A67DCB5EE408AF1EE10FA40F00F
:10374000BE80009A05F1FF3B5A450EDC4FEA850C1E
:1037500007EB850200219E4652F8043D4A4541EAA6
:103760000301F9D1002940F0F180009B013B57F89B
:103770002330002B40F0E680049B4FF0010C53F8FF
:10378000042D0CF1010C002AF9D06B1CAC449E46B0
:103790000299039A01EB030B0BF1804B69992A44C0
:1037A0000BF1FF3B06EB83051EAB01EB8B0B03EB31
:1037B0008201DBED017A9FED267AF8EEE77AB8F127
:1037C000000F0BF1040BC1ED007A0A4601F1040170
:1037D00009DB534601E072ED017AF3EC016AA34282
:1037E000A6EEA77AF7D10EF1010EE645A5EC017A17
:1037F000DFDD654650E740F09B806B1E57F82330B5
:10380000DB11002B97DD19EE902A002D02F1010249
:1038100009EE902A40F39181396800297ED1012D6B
:1038200026D03A464FF0010C52F8041F002979D0F7
:103830000CF10102C1F58071954247F82C1016DD9C
:1038400057F82210BB4407EB82020AE0B45F002065
:1038500000000000000080430000803B0000C93FE2
:103860001168C1F1FF0142F8041B5A45F8D101214A
:1038700000280CDD012800F04181022807D105F164
:10388000FF3C57F82C2002F03F0247F82C20022B77
:103890007FF451AFB7EE000A30EE488A00293FF4BA
:1038A0004AAF0993019000F0F9F938EE408A099B7C
:1038B0000198B5EE408AF1EE10FA3FF442AF984617
:1038C000DDE90732B0EE480A981A0195009D00F034
:1038D000E5F91FED207A019BB4EEC70AF1EE10FA6C
:1038E000C0F255815FED247A059A60EE277A08329E
:1038F000FDEEE77A0592F8EEE77A03F1010BA7EE09
:10390000C70AFDEEE77ABDEEC00A10EE102A47F8AE
:10391000232017EE903A47F82B302BE001224FF08E
:10392000000C87E70CF1010CAC457FF47DAF9FE7FD
:10393000F6EE007AB4EEE78AF1EE10FA80F2EC804F
:103940000023F8E66B1C9E469C4621E7059B009DE4
:10395000A3F1080257F82B300592F04653B9ACF1A9
:1039600004033B4453F8041D0BF1FF3B083A0029C4
:10397000F8D005920598B7EE000A00F08FF9BBF178
:10398000000FC0F229810BF1010646AA1FED4E7A05
:103990004FEA860C07EB860302EB860273ED017A91
:1039A000F8EEE77ABB4267EE807A20EE070A62ED16
:1039B000017AF3D1ACF1040346AA002D1FED596A38
:1039C00002EB03044FF0000022DB8F49DFED8F7A1A
:1039D000B0EE467A2246002303E0984208DBB1ECC1
:1039E000017AF2EC016A01339D42E6EE877AF4DA5D
:1039F0005AAB03EB8003584543ED287A4FEA800128
:103A000000F10102A4F1040405D0002D1046DCDA17
:103A1000DFED7E7AECE7689A022A1DDC002A00F3CB
:103A20008E8010D132ABDFED797A9C443CED017A87
:103A3000634577EE877AF9D143460BB1F1EE677AA9
:103A4000069BC3ED007A19EE903A03F007005BB0D5
:103A5000BDEC048BBDE8F08F689A032AF3D1BBF16B
:103A6000000F00F0CB8032A813ED287A00EB8B0218
:103A70000BF1804372ED017AF0EE476A37EE277A58
:103A8000904277EEC77A82ED007A77EEA67AC2EDA1
:103A9000017AEFD1BBF1010F40F3B08001F5B472B0
:103AA0000DEB020111ED287A9A0033A900EB830394
:103AB00073ED017AF0EE476A37EE277A994277EE96
:103AC000C77A83ED007A77EEA67AC3ED017AEFD15B
:103AD000131DDFED4E7A0344083033ED017A98422E
:103AE00077EE877AF9D14346002B58D10699329A5E
:103AF000339B0A604B60C1ED027AA4E705F1FF3CFD
:103B000057F82C2002F07F0247F82C20BFE608234C
:103B10000793002302936AE519EE903A002D03F112
:103B2000010309EE903AC8BF02233FF775AEF7EEE6
:103B3000007A37EEC88A0223FDE5002198E632AB11
:103B4000DFED327A03EB860636ED017AB34277EE8B
:103B5000877AF9D143469DED327A93BB069BBBF140
:103B6000000FC3ED007A77EE677A0CDD33AA0123EC
:103B7000B2EC017A01339B4577EE877AF8DA434657
:103B80000BB1F1EE677A069BC3ED017A5BE7BDEE00
:103B9000C00A9B4610EE102A47F82320EAE6DDED26
:103BA000326A9DED337A069BF1EE666AB1EE477A92
:103BB000F1EE677AC3ED006A83ED017AC3ED027A14
:103BC00041E7069BF1EE676ABBF1000F77EE677A7B
:103BD000C3ED006ACADCD4E7689B022B0ADC002B29
:103BE0000FDC7FF430AFDFED097A25E7039B4FEA66
:103BF000830C41E5689B032B7FF425AFDFED037A4F
:103C000071E7DFED027AA5E70C1600200000000046
:103C100010EE102AC2F3C7537F3B162B22F000414F
:103C20002ADC002B10EE100A18DB194919410A4250
:103C300021D0DFED187A70EE277AF5EEC07AF1EE3A
:103C400010FA18DD002A04DA4FF4000242FA03F3F6
:103C5000184420EA010300EE103A7047DFED0D7AB8
:103C600070EE277AF5EEC07AF1EE10FA03DD002A45
:103C700008DB9FED090A7047B1F1FF4FFBD330EE2F
:103C8000000A7047FFEE007A002900FE270A7047FD
:103C9000FFFF7F00CAF249710000000010EE103AE9
:103CA00033F0004110EE102A27D0B1F1FF4F21D29E
:103CB00013F0FF4F22D1DFED2B7A2B4A60EE277AEB
:103CC000904217EE903A33DB4CF2503CC3F3C751AD
:103CD000604517EE902AA1F1190115DDDFED237A79
:103CE000DFED236AB0EE677A002B67FEA67A27EE37
:103CF000870A704730EE000A704770474CF2503C1C
:103D000060454FEAD151E9DC0144FE29E6DC002997
:103D100015DC11F1160F19DB193122F0FF4242EACE
:103D2000C15207EE902A9FED130A27EE800A7047D2
:103D3000DFED117A07EE103A27EE270A704722F0DE
:103D4000FF4242EAC15300EE103A7047DFED0A7AB3
:103D5000DFED0A6AB0EE677A002B67FEA67A27EEDF
:103D6000870A70470000004CB03CFFFFCAF249715F
:103D7000CAF249F1000000336042A20D6042A28DF8
:103D800081F0004102E000BF83F0004330B54FEA0C
:103D900041044FEA430594EA050F08BF90EA020F79
:103DA0001FBF54EA000C55EA020C7FEA645C7FEA0C
:103DB000655C00F0E2804FEA5454D4EB5555B8BF2F
:103DC0006D420CDD2C4480EA020281EA030382EAA0
:103DD000000083EA010180EA020281EA0303362D32
:103DE00088BF30BD11F0004F4FEA01314FF4801C05
:103DF0004CEA113102D0404261EB410113F0004F17
:103E00004FEA03334CEA133302D0524263EB4303CD
:103E100094EA050F00F0A780A4F10104D5F1200E6B
:103E20000DDB02FA0EFC22FA05F2801841F10001C6
:103E300003FA0EF2801843FA05F359410EE0A5F19A
:103E400020050EF1200E012A03FA0EFC28BF4CF0CB
:103E5000020C43FA05F3C01851EBE37101F0004581
:103E600007D54FF0000EDCF1000C7EEB00006EEB8E
:103E70000101B1F5801F1BD3B1F5001F0CD3490818
:103E80005FEA30004FEA3C0C04F101044FEA44526F
:103E900012F5800F80F09A80BCF1004F08BF5FEAF6
:103EA000500C50F1000041EB045141EA050130BDD6
:103EB0005FEA4C0C404141EB0101013C28BFB1F5E8
:103EC000801FE9D291F0000F04BF01460020B1FA33
:103ED00081F308BF2033A3F10B03B3F120020CDA06
:103EE0000C3208DD02F1140CC2F10C0201FA0CF0E4
:103EF00021FA02F10CE002F11402D8BFC2F1200C49
:103F000001FA02F120FA0CFCDCBF41EA0C019040FE
:103F1000E41AA2BF01EB0451294330BD6FEA040447
:103F20001F3C1CDA0C340EDC04F11404C4F1200232
:103F300020FA04F001FA02F340EA030021FA04F344
:103F400045EA030130BDC4F10C04C4F1200220FA9B
:103F500002F001FA04F340EA0300294630BD21FAD9
:103F600004F0294630BD94F0000F83F4801306BF9F
:103F700081F480110134013D4EE77FEA645C18BF93
:103F80007FEA655C29D094EA050F08BF90EA020F2A
:103F900005D054EA000C04BF1946104630BD91EA22
:103FA000030F1EBF0021002030BD5FEA545C05D125
:103FB0004000494128BF41F0004130BD14F5800464
:103FC0003CBF01F5801130BD01F0004545F0FE41D8
:103FD00041F470014FF0000030BD7FEA645C1ABF0D
:103FE000194610467FEA655C1CBF0B46024650EA44
:103FF000013406BF52EA033591EA030F41F4002170
:1040000030BD00BF90F0000F04BF0021704730B5F5
:104010004FF4806404F132044FF000054FF00001CA
:1040200050E700BF90F0000F04BF0021704730B58B
:104030004FF4806404F1320410F0004548BF404260
:104040004FF000013EE700BF42004FEAE2014FEAB5
:1040500031014FEA02701FBF12F07F4393F07F4F90
:1040600081F06051704732F07F4208BF704793F093
:104070007F4F04BF41F40021704730B54FF46074A6
:1040800001F0004521F000411CE700BF50EA0102A9
:1040900008BF704730B54FF000050AE050EA010252
:1040A00008BF704730B511F0004502D5404261EBC2
:1040B00041014FF4806404F132045FEA915C3FF403
:1040C000D8AE4FF003025FEADC0C18BF03325FEAA0
:1040D000DC0C18BF033202EBDC02C2F1200300FA51
:1040E00003FC20FA02F001FA03FE40EA0E0021FA76
:1040F00002F11444BDE600BF024B0146186800F00F
:1041000003B800BF586D00202DE9F04F01F10B06F8
:10411000162E83B0044624D8102900F2BA8000F08D
:10412000A3FA102618220220B54F3A44A2F1080142
:1041300053688B4200F0BA805A68D96822F00302B3
:104140001A449D68E9608D60516841F00101204684
:10415000516003F1080500F08DFA284603B0BDE870
:10416000F08F36F0070600F19480B14200F29180A2
:1041700000F07AFAB6F5FC7FC0F09A81730A00F07D
:104180008F80042B00F26F81B30903F1390003F132
:10419000380CC3009A4F3B44A3F108055B689D426D
:1041A00006D10CE0002980F22781DB689D4206D011
:1041B0005A6822F00302911B0F29F3DD60463D6926
:1041C000DFF850C265457CD06A6822F00302931B79
:1041D0000F2B00F37B81002BC7E904CC80F26C81AC
:1041E000B2F5007F80F01A81D308796801334FEA75
:1041F000521E012202FA0EF20A4357F833E0C5F8C4
:1042000008E007EBC3010839E9607A6047F83350EA
:10421000CEF80C50831001219940914257D8114299
:1042200006D120F003004900114200F10400FAD049
:1042300007EBC0094D468646D5F80C80454508D1A8
:104240001DE1002B80F22481D8F80C80454500F058
:104250001681D8F8042022F00302931B0F2BF0DD07
:104260002046D8E9025408EB060146F00106C8F8DA
:104270000460EC60A56043F00104C7E90411C1E9E2
:1042800002CC4C6048F8023000F0F4F908F108055F
:1042900002E00C2323600025284603B0BDE8F08F20
:1042A0004FF4007340204FF03F0C73E7D3689A42FD
:1042B00008BF02307FF440AF3D69DFF858C1654563
:1042C00082D17A688310012199409142A7D9BD68B3
:1042D0006B6823F003094E4503D8A9EB06030F2BA7
:1042E0007ADCDFF834B1474BDBF800201B68013281
:1042F000334405EB090A00F0338103F580530F3393
:1043000023F47F6828F00F084146204600F010FA99
:10431000411C024600F0F380824500F2EE803A4BE9
:10432000196841441960084600F04E81DBF800101E
:10433000019301311BBFA2EB0A010918CBF8002041
:10434000196012F0070B00F01781CBF108010A4445
:10435000CBF5805190440831A1EB0801C1F30B0A61
:1043600051462046009200F0E3F9421CDDE90023AB
:1043700000F04F81801A00EB0A081968BA6048F013
:1043800001005144BD425060196000F02981B9F12B
:104390000F0F40F227816868A9F10C0C2CF0070C74
:1043A00000F0010040EA0C0068604FF0050E05EBDC
:1043B0000C00BCF10F0FC0E901EE00F23281506831
:1043C0001546124B1A688A4238BF1960104B1A689A
:1043D0008A4238BF196094E0AA1943F0010346F0FD
:1043E00001066E602046BA60536000F043F908355C
:1043F000284603B0BDE8F08FD9681A44A1E600BF93
:10440000486900206C5301203C5301206453012073
:104410006853012050690020506D0020B2F5206FD4
:104420004FEA522363D3142B00F2B78003F15C01EF
:10443000C9005B3307EB010E7958AEF1080E8E45CB
:1044400000F091804B6823F00303934202D98968FE
:104450008E45F7D1D1F80CE07A68C5E9021ECEF896
:104460000850CD60D6E6142B59D9542B00F29D800C
:10447000330B03F16F0003F16E0CC3008AE60EF1FB
:10448000010E1EF0030F05F108057FF4D5AE51E0D3
:10449000424445465368D8F80C1043F0010353607A
:1044A00055F8083F2046D9608B6000F0E3F8F3E64A
:1044B000F00806F1080237E62A442046536843F024
:1044C00001035360083500F0D5F8E5E6A919204648
:1044D00046F0010643F001046E60C7E90411C1E92A
:1044E00002CC4C60AB5000F0C5F80835D4E6930917
:1044F00003F13901C90038339CE7BD425FD0BD6884
:10450000686820F003084645A8EB060302D80F2B85
:104510003FF762AF204600F0ADF80025BCE603F19E
:104520005C0003F15B0CC30034E659F808394B45D5
:1045300040F0968010F0030F00F1FF30F5D17B685A
:1045400023EA01037B60490099423FF6C0AE19B9E6
:10455000BDE649000EF1040E1942FAD0704667E636
:1045600003F11008D0E69A104FF001087B6808FAB2
:1045700002F21A437A6070E702EB08014942C1F384
:104580000B0A51462046009200F0D2F8431CDDE9A8
:1045900000237FF4EFAEDA46EFE6542B25D8130B59
:1045A00003F16F01C9006E3344E7B3F5AA7F25D844
:1045B000F30B03F1780003F1770CC300EAE5294B14
:1045C000186840441860B1E6CAF30B0CBCF1000F48
:1045D0007FF4ACAEBD68C84448F001006860F0E606
:1045E0001546EEE60123536094E7B3F5AA7F23D87E
:1045F000D30B03F17801C90077331BE740F2545223
:10460000934223D8B30C03F17D0003F17C0CC3006B
:10461000C0E5ABF1080BD844A8EB02084FF0000A44
:10462000ABE605F108012046009300F0DFF9BD6814
:10463000009B68681968C4E640F254518B420BD85D
:10464000930C03F17D01C9007C33F3E64FF47E73D4
:104650007F204FF07E0C9DE54FF47E717E23E9E6CE
:104660007B6870E73C530120014800F09DB800BF13
:1046700038530120014800F099B800BF3853012099
:10468000830730B548D0541E002A3FD0CAB2034633
:1046900001E0013C3AD303F8012B9D07F9D1032C2B
:1046A0002DD9CDB245EA05250F2C45EA054536D969
:1046B000A4F1100222F00F0C03F1200EE6444FEAA1
:1046C000121C03F1100242E9045542E9025510326E
:1046D0007245F8D10CF1010214F00C0F03EB021239
:1046E00004F00F0C13D0ACF1040323F003030433E4
:1046F000134442F8045B9342FBD10CF003042CB149
:10470000C9B21C4403F8011B9C42FBD130BD644676
:104710001346002CF4D1F9E703461446BFE71A46C6
:10472000A446E0E713460A460146022000F0CAB854
:1047300038B5074D0022044608462A60FBF7F6FE0E
:10474000431C00D038BD2B68002BFBD0236038BD44
:10475000B8540120014B1868704700BF586D002005
:1047600070B50D4E0D4D761BB61006D0002455F8D1
:10477000043B01349847A642F9D1094E094D761BF6
:1047800000F03AFAB61006D0002455F8043B013484
:104790009847A642F9D170BD781D0060781D006071
:1047A000881D0060781D0060704700BF704700BF23
:1047B00000000000000000000000000000000000F9
:1047C00000000000000000000000000000000000E9
:1047D00000000000000000000000000000000000D9
:1047E000000000000000000090F800F06DE90245B4
:1047F00020F007016FF0000C10F0070491F820F092
:1048000040F049804FF000046FF00700D1E9002329
:1048100091F840F000F1080082FA4CF2A4FA8CF210
:1048200083FA4CF3A2FA8CF34BBBD1E9022382FA50
:104830004CF200F10800A4FA8CF283FA4CF3A2FACD
:104840008CF3E3B9D1E9042382FA4CF200F10800B9
:10485000A4FA8CF283FA4CF3A2FA8CF37BB9D1E977
:10486000062301F1200182FA4CF200F10800A4FABB
:104870008CF283FA4CF3A2FA8CF3002BC6D0002AF8
:1048800004BF04301A4612BAB2FA82F2FDE80245B9
:1048900000EBD2007047D1E9002304F00305C4F116
:1048A00000004FEAC50514F0040F91F840F00CFA2F
:1048B00005F562EA05021CBF63EA050362464FF094
:1048C0000004A9E72DE9F047DFF87CA00646DAF8F6
:1048D000000098460F469146FFF766FF184B1C688C
:1048E00024B365681F2D24DC5EB96B1C0235DAF831
:1048F0000000636044F82570FFF758FF0020BDE812
:10490000F08704EB85010123C1F88890D4F8882151
:10491000AB401A43022EC4F88821C1F80881E4D1C3
:10492000D4F88C211A43C4F88C21DEE7054C1C60B6
:10493000D7E7DAF80000FFF739FF4FF0FF30DEE786
:10494000A0510120A45101203C690020F8B5244F5A
:104950000C460646FFF788FEBB685D68C4F57E61BD
:104960000F3125F003054B1923F47F6323F00F0368
:10497000A3F58054B4F5805F07DB00213046FFF7D4
:10498000D7FEBB682B44984204D03046FFF772FE36
:104990000020F8BD61423046FFF7CAFE01300DD05D
:1049A000104ABB682D1B45F001055D601368304659
:1049B0001B1B1360FFF75EFE0120F8BD002130468F
:1049C000FFF7B6FEBA68831A0F2BDEDD43F0010352
:1049D0005360054B03491B68C01A0860D5E700BF48
:1049E000486900203C530120506D0020002961D00F
:1049F000F8B50C460646FFF737FE54F8042C7B4FFB
:104A0000A4F1080522F0010105EB010CB868DCF8FF
:104A10000430604523F0030300F08B80D207CCF80C
:104A2000043032D454F8082CAD1A1144AA6807F1A6
:104A3000080082426AD00CEB0304D4F804E0EC686E
:104A4000D4601EF0010FA26000F0978041F00103D6
:104A50006B60CCF80010B1F5007F35D27868CB08D8
:104A60000122490901338A40024357F833107A6022
:104A700007EBC302083AC5E9021247F83350CD608C
:104A80003046BDE8F840FFF7F5BD0CEB0302526875
:104A9000D00710D4194407F10800DCF8083083422D
:104AA00073D0DCF80C20DA60936041F001036B6096
:104AB0006950D0E7704741F00103B1F5007F44F839
:104AC000043CCCF80010C9D3B1F5206F4FEA512354
:104AD00048D28B0903F1390003F13802C300F818FA
:104AE000FB580838984259D05A6822F003028A428B
:104AF00002D99B689842F7D1D868C5E90230856031
:104B0000DD603046BDE8F840FFF7B4BD0CEB0302B2
:104B10005268D20763D40B44DCE90212CA60916088
:104B200043F001026A603046EB50BDE8F840FFF701
:104B3000A1BD0B44D10707D454F8082CAD1A134477
:104B4000D5E90212CA60916043F001026A60284A06
:104B5000BD6012689A4293D8264B30461968FFF719
:104B6000F5FE8DE7142B0AD9542B1FD80B0B03F13C
:104B70006F0003F16E02C300B1E719448DE703F142
:104B80005C0003F15B02C300A9E741F00103C7E940
:104B90000455C5E902006B60695071E779689210AD
:104BA000012404FA02F20A437A60A6E7B3F5AA7F69
:104BB00006D8CB0B03F1780003F17702C3008EE730
:104BC00040F25452934206D88B0C03F17D0003F15E
:104BD0007C02C30083E74FF47E737E227FE741F0BF
:104BE00001036B60CCF800104AE700BF4869002061
:104BF000546D00206C5301205FF800F01D1D006013
:104C00005FF800F0F91A00605FF800F069160060C4
:104C10005FF800F0151600605FF800F0B51C00604A
:084C200000000000000000008C
:044C2800F8B500BF1C
:084C2C0028CFFF7F010000000A
:104C34000000000000000000000000000000000070
:104C44000000000000000000000000000000000060
:104C54000000000000000000000000000000000050
:104C64000000000000000000000000000000000040
:104C74000000000000000000000000000000000030
:104C84000000000000000000000000000000000020
:104C94000000000000000000000000000000000010
:104CA4000000000000000000000000000000000000
:104CB40000000000000000000000000000000000F0
:104CC40000000000000000000000000000000000E0
:104CD40000000000000000000000000000000000D0
:104CE40000000000000000000000000000000000C0
:104CF40000000000000000000000000000000000B0
:104D0400000000000000000000000000000000009F
:104D1400000000000000000000000000000000008F
:104D2400000000000000000000000000000000007F
:104D3400000000000000000000000000000000006F
:104D4400000000000000000000000000000000005F
:104D5400000000000000000000000000000000004F
:104D6400000000000000000000000000000000003F
:104D7400000000000000000000000000000000002F
:104D8400000000000000000000000000000000001F
:104D9400000000000000000000000000000000000F
:104DA40000000000000000000000000000000000FF
:104DB40000000000000000000000000000000000EF
:104DC40000000000000000000000000000000000DF
:104DD40000000000000000000000000000000000CF
:104DE40000000000000000000000000000000000BF
:104DF40000000000000000000000000000000000AF
:104E0400000000000000000000000000000000009E
:104E1400000000000000000000000000000000008E
:104E2400000000000000000000000000000000007E
:104E3400000000000000000000000000000000006E
:104E4400000000000000000000000000000000005E
:104E5400000000000000000000000000000000004E
:104E6400000000000000000000000000000000003E
:104E7400000000000000000000000000000000002E
:104E8400000000000000000000000000000000001E
:104E9400000000000000000000000000000000000E
:104EA40000000000000000000000000000000000FE
:104EB400000000000000F03F748515D3B0D9EF3F27
:104EC4000F89F96C58B5EF3F515B12D00193EF3F56
:104ED4007B517D3CB872EF3FAAB968318754EF3FEC
:104EE4003862756E7A38EF3FE1DE1FF59D1EEF3FA5
:104EF40015B7310AFE06EF3FCBA93A37A7F1EE3FCB
:104F04002234124CA6DEEE3F2D89616008CEEE3FBE
:104F1400272A36D5DABFEE3F824F9D562BB4EE3F9B
:104F2400295448DD07ABEE3F85553AB07EA4EE3FE9
:104F3400CD3B7F669EA0EE3F745FECE8759FEE3F2D
:104F44008701EB7314A1EE3F13CE4C9989A5EE3F74
:104F5400DBA02A42E5ACEE3FE5C5CDB037B7EE3F66
:104F640090F0A38291C4EE3F5D253EB203D5EE3F9F
:104F7400ADD35A999FE8EE3F475EFBF276FFEE3FD2
:104F84009C5285DD9B19EF3F6990EFDC2037EF3FA2
:104F940087A4FBDC1858EF3F5F9B7B33977CEF3F84
:104FA400DA90A4A2AFA4EF3F40456E5B76D0EF3F0A
:104FB400000000000000E8429423914BF86AAC3FE3
:104FC400F3C4FA50CEBFCE3FD6520CFF422EE63F7A
:104FD4000000000000003843FE822B65471547405F
:104FE4009423914BF86ABC3EF3C4FA50CEBF2E3FD3
:104FF400D6520CFF422E963FBEF3F879EC61F63F91
:105004001930965BC6FEDEBF3D88AF4AED71F53FB1
:10501400A4FCD432680BDBBFB010F0F03995F43F38
:105024007BB71F0A8B41D7BF8503B8B095C9F33F3F
:105034007BCF6D1AE99DD3BFA564880C190DF33F8E
:1050440031B6F2F39B1DD0BFA08E0B7B225EF23FE4
:10505400F07A3B1B1D7CC9BF3F341A4A4ABBF13F5F
:105064009F3CAF93E3F9C2BFBAE58AF05823F13FFE
:105074005C8D78BFCB60B9BFA70099413F95F03FE5
:10508400CE5F47B69D6FAABF000000000000F03F4E
:105094000000000000000000AC479AFD8C60EE3F69
:1050A4003DF5249FCA38B33FA06A021FB3A4EC3F66
:1050B400BA913854A976C43FE6FC6A573620EB3FD0
:1050C400D2E4C44A0B84CE3F2DAAA163D1C2E93FE6
:1050D4001C65C6F04506D43FED417803E686E83FFB
:1050E400F89F1B2C9C8ED83F624853F5DC67E73F42
:1050F400CC7BB14EA4E0DC3F4D7E0AF7B612D7BF9D
:10510400E0326849BFCADE3FDEE3FA9F4715E7BFD6
:10511400B8C8355F4715F73FBEF3F879EC61F63F41
:105124001930965BC6FEDEBF3D88AF4AED71F53F90
:10513400A4FCD432680BDBBFB010F0F03995F43F17
:105144007BB71F0A8B41D7BF8503B8B095C9F33F1E
:105154007BCF6D1AE99DD3BFA564880C190DF33F6D
:1051640031B6F2F39B1DD0BFA08E0B7B225EF23FC3
:10517400F07A3B1B1D7CC9BF3F341A4A4ABBF13F3E
:105184009F3CAF93E3F9C2BFBAE58AF05823F13FDD
:105194005C8D78BFCB60B9BFA70099413F95F03FC4
:1051A400CE5F47B69D6FAABF000000000000F03F2D
:1051B4000000000000000000AC479AFD8C60EE3F48
:1051C4003DF5249FCA38B33FA06A021FB3A4EC3F45
:1051D400BA913854A976C43FE6FC6A573620EB3FAF
:1051E400D2E4C44A0B84CE3F2DAAA163D1C2E93FC5
:1051F4001C65C6F04506D43FED417803E686E83FDA
:10520400F89F1B2C9C8ED83F624853F5DC67E73F20
:10521400CC7BB14EA4E0DC3F0B6E49C91676D23F7D
:105224007AC675A06919D7BFDDBAA76C0AC7DE3F75
:10523400C8F6BE484715E7BF2BB82A654715F73FA0
:10524400000000000000F03F000000000000F0BF7C
:10525400000000000000F0BF000000000000F03F6C
:1052640083C8C96D305F6441182D4454FB21F93F54
:10527400000000000000F03F1C620CFDFFFFDFBFD8
:10528400198F06E15355A53F9D359AE887C056BF4F
:10529400C3F87B024393F93E03A695595455C5BF01
:1052A400C40B23057610813F24CF7437EB9429BFB8
:1052B400000000000000F03F000000000000F0BF0C
:1052C400000000000000F0BF000000000000F03FFC
:1052D40083C8C96D305F6441182D4454FB21F93FE4
:1052E400000000000000F0BF1C620CFDFFFFDF3F68
:1052F400198F06E15355A5BF9D359AE887C0563FDF
:10530400C3F87B024393F9BE03A695595455C5BF10
:10531400C40B23057610813F24CF7437EB9429BF47
:1053240000803B4700000000000000000000000077
:105334000000003F0000000000803B470000000028
:1053440000000000000000000000003F000000001A
:1053540000803B4700000000000000000000000047
:105364000000003F0000000000803B4700000000F8
:1053740000000000000000000000003F00000000EA
:1053840000803B4700000000000000000000000017
:105394000000003F0000000000803B4700000000C8
:1053A40000000000000000000000003F00000000BA
:1053B40000803B4700000000000000000000E040C7
:1053C4000000000000A00C46CDCC4C3E00000000C4
:1053D400000000000AD7A33BCDCCCC3DCDCC4C3F44
:1053E400CDCC4C3EA69B443B9A99193E0000003F0D
:1053F400CDCC4C3E00000000000000000000003F47
:105404000000000000803B47000000000000000096
:10541400000000000000003F0000000000803B4747
:105424000000000000000000000000000000003F39
:105434000000000000803B47000000000000000066
:10544400000000000000003F0000000000803B4717
:1054540000000000000000000000803F0000000089
:1054640000000000000000000000000000803B4736
:105474000000000000007A44F304353F00000000FF
:105484000000000000000000000000000000000018
:10549400000000000000803F000000000000000049
:1054A40000803B4700000000000000000000803F37
:1054B4000000803F0000803F0000803F00803B47A9
:1054C40000000000000000000000803F0000803F5A
:1054D4000000803F0000803F0000DC430000803F6C
:1054E4000000803F000000000000000000000000F9
:1054F400F304353FF304353FFFFFFFFF00000000D6
:105504000000000000803B47000000000000000095
:105514000000E0400000000000A00C46CDCC4C3E52
:1055240000000000000000000AD7A33BCDCCCC3D16
:10553400CDCC4C3FCDCC4C3EA69B443B9A99193ED6
:105544000000003FCDCC4C3E0000000000000000F5
:105554000000003F0000000000803B470000000006
:1055640000000000000000000000003F00000000F8
:1055740000803B4700000000000000000000000025
:105584000000003F0000000000803B4700000000D6
:1055940000000000000000000000003F00000000C8
:1055A40000803B4700000000000000000000803F36
:1055B40000000000000000000000000000000000E7
:1055C40000803B470000000000007A44F304353FAC
:1055D40000000000000000000000000000000000C7
:1055E40000000000000000000000803F00000000F8
:1055F4000000000000803B470000000000000000A5
:105604000000803F0000803F0000803F0000803F9A
:1056140000803B4700000000000000000000803FC5
:105624000000803F0000803F0000803F0000DC431A
:105634000000803F0000803F0000000000000000E8
:1056440000000000F304353FF304353FFFFFFFFF84
:10565400000000000000000000803B470000000044
:10566400000000000000E0400000000000A00C4624
:10567400CDCC4C3E00000000000000000AD7A33B44
:10568400CDCCCC3DCDCC4C3FCDCC4C3EA69B443B6D
:105694009A99193E0000003FCDCC4C3E000000001A
:1056A400000000000000003F0000000000803B47B5
:1056B4000000000000000000000000000000003FA7
:1056C4000000000000803B470000000000000000D4
:1056D400000000000000003F0000000000803B4785
:1056E4000000000000000000000000000000003F77
:1056F4000000000000803B470000000000000000A4
:105704000000803F000000000000000000000000D6
:105714000000000000803B470000000000007A44C5
:10572400F304353F0000000000000000000000000A
:105734000000000000000000000000000000803FA6
:10574400000000000000000000803B470000000053
:10575400000000000000803F0000803F0000803F08
:105764000000803F00803B47000000000000000074
:105774000000803F0000803F0000803F0000803F29
:105784000000DC430000803F0000803F0000000078
:105794000000000000000000F304353FF304353F2F
:1057A400FFFFFFFF000000000000000000803B47F7
:1057B40000000000000000000000E04000000000C5
:1057C40000A00C46CDCC4C3E0000000000000000C0
:1057D4000AD7A33BCDCCCC3DCDCC4C3FCDCC4C3E1D
:1057E400A69B443B9A99193E0000003FCDCC4C3E09
:1057F40000000000000000000000003F0000000066
:1058040000803B4700000000000000000000000092
:105814000000003F0000000000803B470000000043
:1058240000000000000000000000003F0000000035
:1058340000803B4700000000000000000000000062
:105844000000003F0000000000803B470000000013
:10585400000000000000803F000000000000000085
:10586400000000000000000000803B470000000032
:1058740000007A44F304353F0000000000000000FB
:105884000000000000000000000000000000000014
:105894000000803F000000000000000000803B4743
:1058A40000000000000000000000803F0000803F76
:1058B4000000803F0000803F00803B470000000064
:1058C400000000000000803F0000803F0000803F97
:1058D4000000803F0000DC430000803F0000803F68
:1058E400000000000000000000000000F304353F49
:1058F400F304353FFFFFFFFF00000000000000003D
:105904009A99593FCDCCCC3D3333333F8FC2F53CCC
:105914009A99193E3333B33E295C8F3E0000000050
:10592400000020406666663F000000000000004062
:105934000000003F9A99193F9A99193F000080404E
:105944000000803F000000000000003FA69B443B95
:105954009A99993E3333333F9A99993E6F12033B98
:10596400CDCCCC3E0000003FCDCC4C3E0000803F6F
:105974000000803F0000803F0000803F0000803F27
:105984000000803F0000803F9A99193F0000003FCB
:10599400CDCCCC3ECDCCCC3E9A99993E00000000B3
:1059A40000000000000000000000000000000000F3
:1059B40000000000000000000000E04000000000C3
:1059C40000A00C46CDCC4C3E0000000000000000BE
:1059D4000AD7A33BCDCCCC3DCDCC4C3FCDCC4C3E1B
:1059E400A69B443B9A99193E0000003FCDCC4C3E07
:1059F40000000000000000000000003F0000000064
:105A04000000003F0000003F0000003F00000000D5
:105A1400000080400000803F000000000000003FC4
:105A2400A69B443B9A99993E3333333F9A99993EC6
:105A34006F12033BCDCCCC3E0000003FCDCC4C3E9E
:105A44000000803F0000803F0000803F0000803F56
:105A54000000803F0000803F0000803F9A99193F7A
:105A64000000003FCDCCCC3ECDCCCC3E9A99993EA3
:105A74000000000000000000000000000000000022
:105A8400000000000000000000803B470000000010
:105A94000000000000803B47000000000000000000
:105AA4000000803F0000803F0000803F0000803FF6
:105AB4000000803F000000000000803F0000000064
:105AC4000000000000803B470000000000000000D0
:105AD40000803B4700000000000000000000803F01
:105AE4000000803F0000803F0000803F0000803FB6
:105AF400000000000000803F0000000000000000E3
:105B040000803B47000000000000000000803B478D
:105B140000000000000000000000803F0000803F03
:105B24000000803F0000803F0000803F0000000034
:105B34000000803F000000000000000000803B47A0
:105B4400000000000000000000803B47000000004F
:105B5400000000000000803F0000803F0000803F04
:105B64000000803F0000803F000000000000803FF4
:105B7400000000000000000000803B47000000001F
:105B84000000000000803B4700000000000000000F
:105B94000000803F0000803F0000803F0000803F05
:105BA4000000803F000000000000803F0000000073
:105BB4000000000000803B470000000000000000DF
:105BC40000803B4700000000000000000000803F10
:105BD4000000803F0000803F0000803F0000803FC5
:105BE400000000000000803F0000000000000000F2
:105BF400AC5B0020040000000000803F0000DC4398
:105C04000000803F0000803FFFFFFFFF0000000016
:105C140000000000000080400000803F0000000001
:105C24000000003FA69B443B9A99993E3333333F8F
:105C34009A99993E6F12033BCDCCCC3E0000003FB5
:105C4400CDCC4C3E0000803F0000803F0000803FF0
:105C54000000803F0000803F0000803F0000803F44
:105C64009A99193F0000003FCDCCCC3ECDCCCC3E20
:105C74009A99993E00000000000000000000000016
:105C840000000000000000000000000000803B470E
:105C9400000000000000000000803B4700000000FE
:105CA400000000000000803F0000803F0000803FB3
:105CB4000000803F0000803F000000000000803FA3
:105CC400000000000000000000803B4700000000CE
:105CD4000000000000803B470000000000000000BE
:105CE4000000803F0000803F0000803F0000803FB4
:105CF4000000803F000000000000803F0000000022
:105D04000000000000803B4700000000000000008D
:105D140000803B4700000000000000000000803FBE
:105D24000000803F0000803F0000803F0000803F73
:105D3400000000000000803F0000000000000000A0
:105D440000803B47000000000000000000803B474B
:105D540000000000000000000000803F0000803FC1
:105D64000000803F0000803F0000803F00000000F2
:105D74000000803F000000000000000000803B475E
:105D8400000000000000000000803B47000000000D
:105D9400000000000000803F0000803F0000803FC2
:105DA4000000803F0000803F000000000000803FB2
:105DB400000000000000000000803B4700000000DD
:105DC4000000000000803B470000000000000000CD
:105DD4000000803F0000803F0000803F0000803FC3
:105DE4000000803F000000000000803F0000000031
:105DF40000000000AC5B0020040000000000803FB5
:105E04000000DC430000803F0000803FFFFFFFFFF5
:105E14000000000000000000000080400000803FFF
:105E2400000000000000003FA69B443B9A99993E65
:105E34003333333F9A99993E6F12033BCDCCCC3E1A
:105E44000000003FCDCC4C3E0000803F0000803F6E
:105E54000000803F0000803F0000803F0000803F42
:105E64000000803F9A99193F0000003FCDCCCC3E02
:105E7400CDCCCC3E9A99993E000000000000000071
:105E8400000000000000000000000000000000000E
:105E940000803B47000000000000000000803B47FA
:105EA40000000000000000000000803F0000803F70
:105EB4000000803F0000803F0000803F00000000A1
:105EC4000000803F000000000000000000803B470D
:105ED400000000000000000000803B4700000000BC
:105EE400000000000000803F0000803F0000803F71
:105EF4000000803F0000803F000000000000803F61
:105F0400000000000000000000803B47000000008B
:105F14000000000000803B4700000000000000007B
:105F24000000803F0000803F0000803F0000803F71
:105F34000000803F000000000000803F00000000DF
:105F44000000000000803B4700000000000000004B
:105F540000803B4700000000000000000000803F7C
:105F64000000803F0000803F0000803F0000803F31
:105F7400000000000000803F00000000000000005E
:105F840000803B47000000000000000000803B4709
:105F940000000000000000000000803F0000803F7F
:105FA4000000803F0000803F0000803F00000000B0
:105FB4000000803F000000000000000000803B471C
:105FC400000000000000000000803B4700000000CB
:105FD400000000000000803F0000803F0000803F80
:105FE4000000803F0000803F000000000000803F70
:105FF4000000000000000000AC5B00200400000072
:106004000000803F0000DC430000803F0000803F30
:10601400FFFFFFFF000000000000000000008040C0
:106024000000803F000000000000003FA69B443BAE
:106034009A99993E3333333F9A99993E6F12033BB1
:10604400CDCCCC3E0000003FCDCC4C3E0000803F88
:106054000000803F0000803F0000803F0000803F40
:106064000000803F0000803F9A99193F0000003FE4
:10607400CDCCCC3ECDCCCC3E9A99993E00000000CC
:10608400000000000000000000000000000000000C
:106094000000000000803B470000000000000000FA
:1060A40000803B4700000000000000000000803F2B
:1060B4000000803F0000803F0000803F0000803FE0
:1060C400000000000000803F00000000000000000D
:1060D40000803B47000000000000000000803B47B8
:1060E40000000000000000000000803F0000803F2E
:1060F4000000803F0000803F0000803F000000005F
:106104000000803F000000000000000000803B47CA
:10611400000000000000000000803B470000000079
:10612400000000000000803F0000803F0000803F2E
:106134000000803F0000803F000000000000803F1E
:10614400000000000000000000803B470000000049
:106154000000000000803B47000000000000000039
:106164000000803F0000803F0000803F0000803F2F
:106174000000803F000000000000803F000000009D
:106184000000000000803B47000000000000000009
:1061940000803B4700000000000000000000803F3A
:1061A4000000803F0000803F0000803F0000803FEF
:1061B400000000000000803F00000000000000001C
:1061C40000803B47000000000000000000803B47C7
:1061D40000000000000000000000803F0000803F3D
:1061E4000000803F0000803F0000803F000000006E
:1061F4000000803F0000000000000000AC5B0020B5
:10620400040000000000803F0000DC430000803FE9
:106214000000803FFFFFFFFF0000000000000000BF
:10622400DB0F49BFE4CB1640E4CB16C0000000806E
:10623400DB0F4940DB0F49C00000C93F0000F039C3
:106244000000DA370000A2330000842E0000502B37
:106254000000C2270000D0220000C41F0000C61B9B
:10626400000044175C600020646000206C60002023
:10627400746000208060002088600020906000200E
:1062840098600020A0600020AC600020B460002072
:10629400000200010001010101000300D7A3F03E48
:1062A400B81EC53F48E1FA3E14AEE73F9A995940FB
:1062B400CDCC4C3F9A995940F6289C3F85EBD13E72
:1062C4006666A63FE17A943E696E737472756D6575
:1062D4006E7473006E616E00696E66006F766600A0
:1062E400000000000500000003000000040000009E
:1062F400000000009DFFFFFF040000009DFFFFFF62
:10630400020000009DFFFFFF9DFFFFFF070000004C
:10631400040000009DFFFFFF0200000000000000D9
:106324009DFFFFFF040000009DFFFFFF020000002F
:106334006DDA000071DA000075DA000079DA000025
:106344000000704200008C420000DC420000F04279
:1063540000000243000020420000A0420000C842A6
:106364000000F0420000F042000070420000B4421D
:106374000000C8420000F0420000F0420000204249
:106384000000A0420000C8420000F0420000F042B9
:10639400000020420000A0420000C8420000F04279
:1063A4000000F042000000000000E0C0000010C146
:1063B400000010C10000A0C100000000000040C1A6
:1063C400000010C1000040C1000090C100000000A6
:1063D4000000F0C1000080C10000B0C10000E0C1B5
:1063E40000000000000030C10000A8C10000A0C1EE
:1063F400000020C2000000000000A0C1000000C294
:106404000000E0C1000010C20002040507090B00EF
:1064140002040507090B0002030507090A0001032A
:106424000507080A0002040607090B000204050711
:10643400090A0002030507080A0002030507080AFF
:106444000001030506080A0002030507080B000102
:10645400040507080A0002030607090A00020305E7
:1064640007090B0002040607090A000103040608D1
:106474000A0002040709000305070A0003050607CA
:106484000A0002040507090A0B00020405070809AB
:106494000B00020406080A000103040607090A00A7
:1064A4000203050608090B00010203040506070898
:1064B400090A0B0002030708000105070A00010589
:1064C400060A00020307090001040507080B00027D
:1064D400030607080B0001030507090B0001030568
:1064E40007080B00020406090A00010406080A0B47
:1064F400000016440000824400A00C450020194509
:1065040000E02B450000C8430080CA440000164543
:1065140000002F4500C0414500007A4300C0DA4422
:106524000080224500A03E4500C050450000C843FD
:1065340000803B440000164500802245004035455C
:106544000000AF4300001644000016450030274504
:106554000060384586879CB8EBDA5F3AA09D53BB50
:106564004001103C3E3DA5BCFEF22D3DD73BBCBDD9
:106574007665A03E7665A03ED73BBCBDFEF22D3DC0
:106584003E3DA5BC4001103CA09D53BBEBDA5F3AF5
:1065940086879CB80000204100008C410000C8415F
:1065A400060000000000803F0000803F4E62304043
:1065B40091EDAC4091ED0E411F855541A01A9541D6
:1065C40000000000000000000000803F3333333F30
:1065D4006666E63E9A99993EEC51383ECDCCCC3D68
:1065E40000000000000000000000803F3333333F10
:1065F4000000003F3333B33E0000803EEC51383E90
:10660400000000000000000008000000CDCCCC3EDB
:106614000000803F3108CC3F39B40840AAF1124051
:10662400C1CA294083C03A40E7FB49406210604038
:106634000000803FCDCC4C3F6666263F0000003F03
:10664400CDCCCC3E0AD7A33E0000803ECDCC4C3E00
:106654000000803F9A99593F3333333F6666263FA3
:10666400CDCC0C3F0000003F6666E63ECDCCCC3E70
:10667400060000006666E63F0000803F0000004020
:106684009A99194000004040000090405C8FAA4055
:1066940000000000000000000000803F9A99593F6C
:1066A4009A99193F0000003F9A99993E0000803E54
:1066B40000000000000000000000803FCDCC4C3FF3
:1066C4003333333FCDCC0C3FCDCCCC3E3333B33E10
:1066D4000000000000000000050000006666A63F00
:1066E4000000803FE17A144000008840F628D4403E
:1066F4007B141641000000000000000000000000B0
:106704000000803FCDCC0C3F9A99993EEC51383E25
:10671400CDCCCC3D000000000000000000000000D3
:106724000000803F0000403F0000003F3333B33E91
:106734000000803E00000000000000000000000097
:10674400050000008FC2F53D0000803FA69B244059
:10675400A69B9440EE7CDF4068911B410000000042
:1067640000000000000000000000803F9A99193FDB
:106774003333B33ECDCC4C3E8FC2F53D0000000018
:1067840000000000000000000000803F3333B33EEF
:10679400EC51383ECDCCCC3D8FC2753D000000009D
:1067A40000000000000000000000803F39D6BD3F1B
:1067B4008273E63F07F02240D6562840166A794095
:1067C400000000003A1C19B32F7219B42F0DADB498
:1067D4007B2C1AB5BF6071B5C215AEB51345EDB5C6
:1067E400B91B1BB6257044B6949672B667C192B6AF
:1067F400C492AEB62CB6CCB6D420EDB629E307B716
:106804004D4C1AB7FEC32DB78D4142B776BB57B76F
:106814005D276EB707BD82B7BED38EB763519BB7F2
:106824001A2FA8B79B65B5B736EDC2B7D5BDD0B79B
:10683400F8CEDEB7BE17EDB7E18EFBB75F1505B82E
:10684400A8700CB81FD413B86A3A1BB8069E22B8B5
:1068540047F929B85D4631B8537F38B8129E3FB81E
:10686400669C46B8FE734DB86D1E54B833955AB83D
:10687400B8D160B855CD66B855816CB8F8E671B832
:1068840077F776B806AC7BB8DAFD7FB815F381B834
:106894001AAF83B8A12F85B8557186B8EC7087B844
:1068A400242B88B8CB9C88B8BEC288B8E89988B82D
:1068B4004B1F88B8FB4F87B8262986B811A884B81F
:1068C4001CCA82B8C78C80B85CDB7BB81FD575B88E
:1068D4009C026FB8DF5F67B844E95EB8789B55B82F
:1068E4007C734BB8AB6E40B8BB8A34B8C3C527B809
:1068F4003B1E1AB8FF920BB8AF46F8B7E99DD7B75D
:10690400E92BB5B7CEF190B730E355B7675C06B75E
:10691400AE5B4DB6D38E0C361210FA36B7485A37E2
:106924003B6B9D370850CF37966401380BE61B3814
:10693400A026373812205338A4CB6F380E918638EE
:10694400E48D95383CD8A438C36BB438ED43C438CF
:10695400F15BD438CFAEE4384F37F53801F802395B
:10696400A3690B39A3ED1339FD801C399620253911
:106974003DC92D39AC77363987283F3961D8473935
:10698400BB835039052759399FBE6139E0466A39BE
:106994000EBC7239681A7B3912AF8139B8C1853996
:1069A4003AC38939ACB18D39208B9139A84D9539C9
:1069B40058F7983944869C3985F89F39384CA3395F
:1069C4007D7FA6397C90A939637DAC396844AF39A1
:1069D400CAE3B139D359B439D6A4B63934C3B839B2
:1069E4005AB3BA39C373BC39FA02BE39995FBF3995
:1069F4004C88C039CF7BC139F438C2399EBEC23904
:106A0400C50BC339791FC339DDF8C2392E97C23992
:106A1400BFF9C139FD1FC1396F09C039B4B5BE39D9
:106A24008824BD39C155BB395249B9394AFFB639F1
:106A3400D477B4393AB3B139E4B1AE395574AB391A
:106A440033FBA7394047A4395B59A03986329C39B6
:106A5400DFD39739A43E933932748E390476893959
:106A6400B5458439F8C97D3961AB72398D336739DD
:106A7400A0665B39F5484F3923DF4239F52D3639A5
:106A84006E3A2939C4091C3962A10E39E20601396A
:106A94001E80E638BFA5CA38EE8AAE38443C923828
:106AA4004B8D6B38846E3238306EF237D3048037B6
:106AB400B989DD35FABB47B7C7E5D4B7798222B8BF
:106AC40094005AB8EA6788B85569A3B8B8F5BDB850
:106AD40037FED7B8F673F1B80E2405B9F23511B9FB
:106AE4004BE81CB9CC3328B93C1133B973793DB99F
:106AF400656547B920CE50B9D4AC59B9D4FA61B957
:106B04009BB169B9CECA70B9424077B9FE0B7DB961
:106B1400201481B9BE4783B9341E85B9FB9486B964
:106B2400B0A987B9105A88B901A488B98E8588B9E3
:106B3400E8FC87B96E0887B9A6A685B944D683B997
:106B4400299681B9CBCA7DB9718677B9285E70B9A7
:106B5400345168B93F5F5FB95E8855B90ACD4AB907
:106B64002A2E3FB90DAD32B9724B25B9810B17B935
:106B7400D2EF07B9D8F6EFB88363CEB86B2DABB8B4
:106B84002F5D86B899F83FB85F54E0B7FC2BEBB69D
:106B9400B6F56037E6A4103897B56B3849A9A43820
:106BA400AAAED43873ED02399C0E1C390BB23539B8
:106BB400A5CE4F39F25A6A3993A68239934D90394A
:106BC400421D9E394410AC391B21BA39254AC839B3
:106BD400A485D639BACDE439701CF339DBB5003A53
:106BE400B2DA073AA2F90E3A840F163A2D191D3A71
:106BF4006A13243A05FB2A3AC5CC313A6E85383AF1
:106C0400C7213F3A959E453AA3F84B3ABE2C523AD7
:106C1400BA37583A73165E3ACEC5633ABB42693AFC
:106C2400348A6E3A4399733A006D783A95027D3A04
:106C34009FAB803A25B4823A8F99843A9B5A863A1C
:106C440013F6873ACD6A893AAFB78A3AABDB8B3A07
:106C5400C3D58C3A07A58D3A99488E3AABBF8E3A84
:106C640082098F3A71258F3AE2128F3A50D18E3AC7
:106C740049608E3A6FBF8D3A7AEE8C3A35ED8B3A95
:106C840081BB8A3A5459893ABAC6873AD603863AB6
:106C9400DF10843A24EE813A17387F3A21367A3A63
:106CA4008AD7743AA81D6F3AF909693A2C9E623A58
:106CB4001DDC5B3AD2C5543A815D4D3A8AA5453A0A
:106CC4007BA03D3A0A51353A19BA2C3AB4DE233A3C
:106CD4000EC21A3A8367113A96D2073ADC0DFC3990
:106CE400B010E83986B5D3398104BF390206AA3910
:106CF400ABC29439AC867E392A2253395C6A27396F
:106D040059E4F638C0999E382D380C38386713B7D3
:106D1400F3B155B871FFC2B89E5B0DB980EB38B9B9
:106D24008D1A64B9F26987B94B819CB9D848B1B955
:106D340022B6C5B9BDBED9B94758EDB9393C00BA78
:106D4400828A09BAF19112BA884D1BBA5AB823BA89
:106D540094CD2BBA748833BA58E43ABAB6DC41BA43
:106D6400276D48BA61914EBA414554BAC78459BA9D
:106D74001E4C5EBA989762BAB86366BA2AAD69BA0D
:106D8400CF706CBABAAB6EBA2F5B70BAAE7C71BA04
:106D9400EA0D72BAD30C72BA927771BA914C70BA86
:106DA400748A6EBA20306CBABD3C69BAB3AF65BAA6
:106DB400AD8861BA9BC75CBAB26C57BA6C7851BAE9
:106DC40089EB4ABA10C743BA4F0C3CBADBBC33BA9E
:106DD4008FDA2ABA906721BA486617BA68D90CBA0A
:106DE400E8C301BA0C52ECB98718D4B9D1E2BAB9E4
:106DF400FEB8A0B9A8A385B9D75753B9C8B619B96D
:106E0400A7F0BCB87BC606B82C3AE437C736B83806
:106E1400E7F21C3928F55E3959049139A609B339CA
:106E2400027DD5399D50F8392ABB0D3ADB6F1F3AE4
:106E3400063F313A2E21433ABA0E553AF4FF663AE8
:106E440011ED783A1767853AAE4D8E3A4E26973A49
:106E5400F1EC9F3A919DA83A2334B13A9FACB93AE8
:106E6400FE02C23A3E33CA3A6039D23A6F11DA3A74
:106E740081B7E13AB327E93A335EF03A3C57F73A3F
:106E84001D0FFE3A1941023B7A56053BF545083B76
:106E9400DC0D0B3B8EAC0D3B7720103B1268123B94
:106EA400EB81143B9C6C163BD226183B4BAF193B31
:106EB400D9041B3B5F261C3BD8121D3B51C91D3B0B
:106EC400ED481E3BE5901E3B8AA01E3B42771E3BCD
:106ED4008D141E3B03781D3B52A11C3B46901B3B6B
:106EE400BF441A3BBBBE183B4FFE163BAD03153BDC
:106EF4001FCF123B0C61103BF4B90D3B72DA0A3B15
:106F04003CC3073B2375043B12F1003B1F70FA3A64
:106F14007896F23AA257EA3A47B6E13A41B5D83AF6
:106F24009E57CF3A9FA0C53AB193BB3A7434B13A55
:106F3400B586A63A6E8E9B3AC54F903A0CCF843AEA
:106F44007321723ADF325A3AE8DB413A6026293A31
:106F5400601C103A7F90ED392569BA3949D88639D1
:106F6400DAE7253973937638F1AB2BB8AF9913B9B7
:106F7400B2387CB9864CB2B9B245E6B905F80CBA58
:106F8400D19926BA3DFC3FBA491359BAF4D271BA21
:106F9400A41785BA2C0E91BA27C79CBAB53CA8BAD7
:106FA4000469B3BA5546BEBAFECEC8BA68FDD2BAB1
:106FB4001BCCDCBAB735E6BAFE34EFBAD4C4F7BAA0
:106FC4003EE0FFBA36C103BB5A5307BB4EA40ABB0B
:106FD400EBB10DBB237A10BBFFFA12BBA83215BB71
:106FE4005D1F17BB7FBF18BB89111ABB17141BBBCE
:106FF400E4C51BBBCB251CBBCB321CBB03EC1BBBAE
:10700400B4501BBB47601ABB451A19BB5E7E17BB45
:10701400678C15BB594413BB58A610BBA9B20DBB52
:10702400BB690ABB23CC06BB9EDA02BB1D2CFDBA8E
:10703400FEFEF3BA4430EABA9FC2DFBA0CB9D4BA3E
:10704400D916C9BA9BDFBCBA3517B0BAD4C1A2BA33
:10705400EEE394BA408286BA9D436FBAC48F50BAA5
:107064000DF430BA147C10BAE267DEB973509AB9E1
:10707400DF9729B9F754DFB76D5EE838303E8339BE
:107084000961CD3904310C3A3011323A5341583A3E
:107094006BB17E3A99A8923A1208A63AC56EB93AEB
:1070A4003CD4CC3AEE2FE03A4079F33AC653033B52
:1070B4000FD90C3B2248163BA29C1F3B33D2283BE2
:1070C4007DE4313B2ECF3A3BF88D433B981C4C3B3F
:1070D400D676543B85985C3B897D643BD4216C3BDC
:1070E4006F81733B72987A3B89B1803BCBEE833BD3
:1070F4003302873BFFE9893B81A48C3B18308F3BEB
:10710400328B913B54B4933B10AA953B0F6B973B46
:107114000CF6983BD8499A3B59659B3B8C479C3B62
:1071240084EF9C3B6B5C9D3B868D9D3B2F829D3BFE
:10713400DC399D3B1BB49C3B95F09B3B0FEF9A3B8A
:1071440065AF993B9131983BAA75963BDE7B943BA6
:107154007C44923BEBCF8F3BB11E8D3B6E318A3B1F
:10716400E008873BDFA5833B6209803BF068783BFE
:107174009F50703B5ECC673BF5DE5E3B5E8B553BC0
:10718400C9D44B3B9BBE413B6A4C373BFC812C3BF7
:107194004B63213B7EF4153BE8390A3B1970FC3AFA
:1071A4002CE7E33AB0E2CA3A9F6CB13A3A8F973A85
:1071B40012AA7A3AB091453A63EB0F3A699BB33914
:1071C400663E0D39B4BC9BB853E094B91E8201BA33
:1071D4002E9538BAD5906FBA302E93BA796FAEBA6D
:1071E400C97FC9BA9D52E4BA6CDBFEBAD7860CBB20
:1071F400746E19BB531E26BB459032BB28BE3EBBE2
:10720400E8A14ABB843556BB0D7361BBAF546CBB5C
:10721400AFD476BBB77680BBB84C85BBADE989BB30
:10722400FA4A8EBB196E92BB985096BB1CF099BB60
:10723400624A9DBB415DA0BBA826A3BBA3A4A5BB7A
:107244005BD5A7BB16B7A9BB3948ABBB4787ACBB5B
:10725400E672ADBBDD09AEBB154BAEBB9A35AEBB1A
:107264009EC8ADBB7403ADBB99E5ABBBAC6EAABB0A
:10727400749EA8BBE074A6BB04F2A3BB1F16A1BBFB
:1072840095E19DBBF4549ABBF17096BB6A3692BBF0
:1072940066A68DBB14C288BBCC8A83BB17047CBB97
:1072A400F65270BBD00564BB912057BB72A749BB93
:1072B400F69E3BBBEB0B2DBB6AF31DBBD35A0EBB37
:1072C400998FFCBA7F80DBBAB494B9BA11D996BA53
:1072D400D8B566BA27501EBA213BA9B90FB71BB857
:1072E40017708439F31D0F3A9AD65C3AD4A0953AB4
:1072F400131FBD3A43D5E43A2D59063B89521A3B34
:10730400F74D2E3BA442423BA627563B05F4693B6E
:10731400BE9E7D3B628F883B8335923B3BBD9B3B4E
:107324000222A53B555FAE3BB970B73BB851C03B99
:10733400E8FDC83BE970D13B6BA6D93B2C9AE13BF5
:10734400FE47E93BC7ABF03B82C1F73B4385FE3BBD
:107354009B79023CD483053C7E5F083CDF0A0B3CEE
:107364004A840D3C27CA0F3CEDDA113C29B5133C85
:107374007C57153C9CC0163C54EF173C87E2183CE4
:107384002E99193C5B121A3C3A4D1A3C0D491A3C91
:1073940032051A3C2381193C71BC183CCDB6173C0C
:1073A400FF6F163CF0E7143CA31E133C3814113C49
:1073B400ECC80E3C1B3D0C3C3C71093CE565063CAD
:1073C400CB1B033C7D27FF3B5B9DF73B4B9BEF3B7C
:1073D4009E23E73BE438DE3BE4DDD43B9F15CB3B07
:1073E4004EE3C03B634AB63B864EAB3B95F39F3BB3
:1073F400A33D943BF630883B0EA4773BFF4A5E3BAB
:107404007060443B6FEE293B61FF0E3B003CE73A62
:10741400ACAAAF3AECC26E3A76DEF9398B9D2038CD
:107424004F79D3B9C4325EBA1093A9BACD31E4BA54
:10743400D66D0FBB38BB2CBBCEF349BB390A67BB37
:1074440083F881BB564D90BBCC7C9EBB1980ACBBF2
:107454006E50BABB01E7C7BB0D3DD5BBD54BE2BBF4
:10746400A70CEFBBE178FBBBF9C403BCB09C09BC1F
:1074740061400FBCE9AC14BC31DF19BC35D41EBC6F
:10748400008923BCB2FA27BC81262CBCB80930BCC5
:10749400B9A133BC02EC36BC28E639BCDF8D3CBC58
:1074A400F7E03EBC5EDD40BC258142BC79CA43BCEA
:1074B400AEB744BC394745BCB47745BCDF4745BC8F
:1074C400A0B644BC06C343BC456C42BCC0B140BC7E
:1074D400FE923EBCB50F3CBCC52739BC3ADB35BC7B
:1074E4004E2A32BC66152EBC169D29BC1FC224BC74
:1074F40072851FBC2CE819BC99EB13BC36910DBCEA
:10750400ABDA06BCA293FFBB5BC1F0BBE942E1BBB3
:10751400121DD1BBF354C0BB03F0AEBB14F49CBB2F
:107524004D678ABB54A06EBBFB6A47BBD53C1FBBEF
:107534009449ECBABF6498BACBD605BABE082039D0
:10754400727C583A6DA8C53A8D0D103B57B83D3B37
:1075540051C16B3B640A8D3B504FA43B2BA5BB3BF5
:107564008601D33BCA59EA3B9BD1003C73690C3C6E
:10757400EFEE173C7F5C233C8DAC2E3C76D9393C36
:1075840092DD443C36B34F3CB3545A3C5CBC643C3F
:1075940086E46E3C8BC7783CE72F813CDCD3853C8A
:1075A400E24C8A3C3E988E3C3BB3923C309B963CEA
:1075B400804D9A3C9AC79D3CFA06A13C2D09A43CF7
:1075C400CFCBA63C8F4CA93C2E89AB3C817FAD3CF4
:1075D400752DAF3C0A91B03C5CA8B13C9D71B23CA6
:1075E4001AEBB23C3E13B33C8DE8B23CAB69B23CFF
:1075F4005C95B13C826AB03C1FE8AE3C5B0DAD3C8F
:107604007ED9AA3CF54BA83C5264A53C4B22A23C33
:10761400C1859E3CB88E9A3C5F3D963C0C92913C51
:10762400418D8C3CA82F873C187A813C25DB763C25
:1076340089166A3C10A95C3CC8954E3C19E03F3C55
:10764400C68B303CED9C203C0A18103CE403FE3B06
:10765400B1BFDA3B9C6EB63B7B1C913BBEAB553B4A
:107664002350073B8D085D3A9C06D3B9D5F3DABAAB
:10767400E3E841BB0EC68BBB4820B7BBF1F0E2BBCD
:10768400969207BCBBD41DBCD23434BC74A84ABC8B
:10769400E82461BC2A9F77BCF30587BCC12F92BC48
:1076A4000A479DBCB945A8BC9625B3BC48E0BDBCFF
:1076B400556FC8BC26CCD2BC06F0DCBC24D4E6BCD6
:1076C4009671F0BC58C1F9BC265E01BDA1AD05BDE3
:1076D4007ACB09BD03B40DBD886311BD4BD614BD6F
:1076E400880818BD75F61ABD419C1DBD18F61FBD4E
:1076F400230022BD87B623BD671525BDE81826BD26
:107704002ABD26BD53FE26BD88D826BDF14726BD19
:10771400BB4825BD17D723BD3CEF21BD668D1FBDDA
:10772400DAAD1CBDE54C19BDDE6615BD25F810BDEE
:1077340026FD0BBD587206BD405400BDE33EF3BCAC
:1077440019A1E4BC84C8D4BCA6AEC3BC254DB1BC4D
:10775400C99D9DBC819A88BCC67A64BC590135BC5C
:107764008EBD02BC1D499BBBF25EADBA89DA143BE7
:107774006519C63BB0DF233C93B8673CF64F973C92
:10778400F34EBC3C1DDDE23C0F7F053DB15A1A3D72
:107794001203303DB079463DEDBF5D3D0CD7753DDC
:1077A4001B60873D383E943D5286A13DD038AF3DA5
:1077B4000756BD3D3EDECB3DACD1DA3D7730EA3DE8
:1077C400B9FAF93D7730EA3DACD1DA3D3EDECB3D46
:1077D4000756BD3DD038AF3D5286A13D383E943D5D
:1077E4001B60873D0CD7753DEDBF5D3DB079463DCF
:1077F4001203303DB15A1A3D0F7F053D1DDDE23CB9
:10780400F34EBC3CF64F973C93B8673CB0DF233C47
:107814006519C63B89DA143BF25EADBA1D499BBBC0
:107824008EBD02BC590135BCC67A64BC819A88BC41
:10783400C99D9DBC254DB1BCA6AEC3BC84C8D4BCF7
:1078440019A1E4BCE33EF3BC405400BD587206BD2C
:1078540026FD0BBD25F810BDDE6615BDE54C19BD32
:10786400DAAD1CBD668D1FBD3CEF21BD17D723BD0E
:10787400BB4825BDF14726BD88D826BD53FE26BD8D
:107884002ABD26BDE81826BD671525BD87B623BDCC
:10789400230022BD18F61FBD419C1DBD75F61ABDFF
:1078A400880818BD4BD614BD886311BD03B40DBD43
:1078B4007ACB09BDA1AD05BD265E01BD58C1F9BC99
:1078C4009671F0BC24D4E6BC06F0DCBC26CCD2BC59
:1078D400556FC8BC48E0BDBC9625B3BCB945A8BC2F
:1078E4000A479DBCC12F92BCF30587BC2A9F77BC75
:1078F400E82461BC74A84ABCD23434BCBBD41DBCDB
:10790400969207BCF1F0E2BB4820B7BB0EC68BBB16
:10791400E3E841BBD5F3DABA9C06D3B98D085D3AE6
:107924002350073BBEAB553B7B1C913B9C6EB63B47
:10793400B1BFDA3BE403FE3B0A18103CED9C203C4B
:10794400C68B303C19E03F3CC8954E3C10A95C3CCA
:1079540089166A3C25DB763C187A813CA82F873C43
:10796400418D8C3C0C92913C5F3D963CB88E9A3C88
:10797400C1859E3C4B22A23C5264A53CF54BA83CDD
:107984007ED9AA3C5B0DAD3C1FE8AE3C826AB03C9C
:107994005C95B13CAB69B23C8DE8B23C3E13B33C60
:1079A4001AEBB23C9D71B23C5CA8B13C0A91B03C6C
:1079B400752DAF3C817FAD3C2E89AB3C8F4CA93CEF
:1079C400CFCBA63C2D09A43CFA06A13C9AC79D3C0A
:1079D400804D9A3C309B963C3BB3923C3E988E3C07
:1079E400E24C8A3CDCD3853CE72F813C8BC7783C56
:1079F40086E46E3C5CBC643CB3545A3C36B34F3CA6
:107A040092DD443C76D9393C8DAC2E3C7F5C233CE2
:107A1400EFEE173C73690C3C9BD1003CCA59EA3B1E
:107A24008601D33B2BA5BB3B504FA43B640A8D3B43
:107A340051C16B3B57B83D3B8D0D103B6DA8C53A0A
:107A4400727C583ABE082039CBD605BABF6498BABE
:107A54009449ECBAD53C1FBBFB6A47BB54A06EBB30
:107A64004D678ABB14F49CBB03F0AEBBF354C0BB9C
:107A7400121DD1BBE942E1BB5BC1F0BBA293FFBBCA
:107A8400ABDA06BC36910DBC99EB13BC2CE819BCDF
:107A940072851FBC1FC224BC169D29BC66152EBC52
:107AA4004E2A32BC3ADB35BCC52739BCB50F3CBCC9
:107AB400FE923EBCC0B140BC456C42BC06C343BC54
:107AC400A0B644BCDF4745BCB47745BC394745BC88
:107AD400AEB744BC79CA43BC258142BC5EDD40BC20
:107AE400F7E03EBCDF8D3CBC28E639BC02EC36BC7A
:107AF400B9A133BCB80930BC81262CBCB2FA27BC6E
:107B0400008923BC35D41EBC31DF19BCE9AC14BCDC
:107B140061400FBCB09C09BCF9C403BCE178FBBB59
:107B2400A70CEFBBD54BE2BB0D3DD5BB01E7C7BBF3
:107B34006E50BABB1980ACBBCC7C9EBB564D90BB7F
:107B440083F881BB390A67BBCEF349BB38BB2CBB76
:107B5400D66D0FBBCD31E4BA1093A9BAC4325EBA64
:107B64004F79D3B98B9D203876DEF939ECC26E3A61
:107B7400ACAAAF3A003CE73A61FF0E3B6FEE293BFB
:107B84007060443BFF4A5E3B0EA4773BF630883B73
:107B9400A33D943B95F39F3B864EAB3B634AB63B78
:107BA4004EE3C03B9F15CB3BE4DDD43BE438DE3BE6
:107BB4009E23E73B4B9BEF3B5B9DF73B7D27FF3BC6
:107BC400CB1B033CE565063C3C71093C1B3D0C3C6E
:107BD400ECC80E3C3814113CA31E133CF0E7143CD3
:107BE400FF6F163CCDB6173C71BC183C2381193C81
:107BF40032051A3C0D491A3C3A4D1A3C5B121A3CA8
:107C04002E99193C87E2183C54EF173C9CC0163C53
:107C14007C57153C29B5133CEDDA113C27CA0F3CBF
:107C24004A840D3CDF0A0B3C7E5F083CD483053C50
:107C34009B79023C4385FE3B82C1F73BC7ABF03BDB
:107C4400FE47E93B2C9AE13B6BA6D93BE970D13B5B
:107C5400E8FDC83BB851C03BB970B73B555FAE3B7C
:107C64000222A53B3BBD9B3B8335923B628F883B05
:107C7400BE9E7D3B05F4693BA627563BA442423B8E
:107C8400F74D2E3B89521A3B2D59063B43D5E43A16
:107C9400131FBD3AD4A0953A9AD65C3AF31D0F3A15
:107CA400177084390FB71BB8213BA9B927501EBAE6
:107CB400D8B566BA11D996BAB494B9BA7F80DBBA8A
:107CC400998FFCBAD35A0EBB6AF31DBBEB0B2DBBC9
:107CD400F69E3BBB72A749BB912057BBD00564BB42
:107CE400F65270BB17047CBBCC8A83BB14C288BB1E
:107CF40066A68DBB6A3692BBF17096BBF4549ABBF0
:107D040095E19DBB1F16A1BB04F2A3BBE074A6BB07
:107D1400749EA8BBAC6EAABB99E5ABBB7403ADBBA8
:107D24009EC8ADBB9A35AEBB154BAEBBDD09AEBB31
:107D3400E672ADBB4787ACBB3948ABBB16B7A9BB32
:107D44005BD5A7BBA3A4A5BBA826A3BB415DA0BBD1
:107D5400624A9DBB1CF099BB985096BB196E92BBAE
:107D6400FA4A8EBBADE989BBB84C85BBB77680BBFC
:107D7400AFD476BBAF546CBB0D7361BB843556BBBB
:107D8400E8A14ABB28BE3EBB459032BB531E26BB6E
:107D9400746E19BBD7860CBB6CDBFEBA9D52E4BA79
:107DA400C97FC9BA796FAEBA302E93BAD5906FBA7B
:107DB4002E9538BA1E8201BA53E094B9B4BC9BB86C
:107DC400663E0D39699BB33963EB0F3AB091453A7E
:107DD40012AA7A3A3A8F973A9F6CB13AB0E2CA3A09
:107DE4002CE7E33A1970FC3AE8390A3B7EF4153B78
:107DF4004B63213BFC812C3B6A4C373B9BBE413B94
:107E0400C9D44B3B5E8B553BF5DE5E3B5ECC673B9A
:107E14009F50703BF068783B6209803BDFA5833B51
:107E2400E008873B6E318A3BB11E8D3BEBCF8F3B25
:107E34007C44923BDE7B943BAA75963B9131983B04
:107E440065AF993B0FEF9A3B95F09B3B1BB49C3B72
:107E5400DC399D3B2F829D3B868D9D3B6B5C9D3B1E
:107E640084EF9C3B8C479C3B59659B3BD8499A3B90
:107E74000CF6983B0F6B973B10AA953B54B4933B7D
:107E8400328B913B18308F3B81A48C3BFFE9893BBB
:107E94003302873BCBEE833B89B1803B72987A3BBC
:107EA4006F81733BD4216C3B897D643B85985C3B3B
:107EB400D676543B981C4C3BF88D433B2ECF3A3B33
:107EC4007DE4313B33D2283BA29C1F3B2248163B26
:107ED4000FD90C3BC653033B4079F33AEE2FE03AFB
:107EE4003CD4CC3AC56EB93A1208A63A99A8923A4B
:107EF4006BB17E3A5341583A3011323A04310C3A5C
:107F04000961CD39303E83396D5EE838F754DFB707
:107F1400DF9729B973509AB9E267DEB9147C10BAB5
:107F24000DF430BAC48F50BA9D436FBA408286BAFA
:107F3400EEE394BAD4C1A2BA3517B0BA9BDFBCBA87
:107F4400D916C9BA0CB9D4BA9FC2DFBA4430EABA56
:107F5400FEFEF3BA1D2CFDBA9EDA02BB23CC06BB8F
:107F6400BB690ABBA9B20DBB58A610BB594413BBCD
:107F7400678C15BB5E7E17BB451A19BB47601ABBDD
:107F8400B4501BBB03EC1BBBCB321CBBCB251CBBB3
:107F9400E4C51BBB17141BBB89111ABB7FBF18BBDD
:107FA4005D1F17BBA83215BBFFFA12BB237A10BBA7
:107FB400EBB10DBB4EA40ABB5A5307BB36C103BB7E
:107FC4003EE0FFBAD4C4F7BAFE34EFBAB735E6BA26
:107FD4001BCCDCBA68FDD2BAFECEC8BA5546BEBACE
:107FE4000469B3BAB53CA8BA27C79CBA2C0E91BA97
:107FF400A41785BAF4D271BA491359BA3DFC3FBAF1
:10800400D19926BA05F80CBAB245E6B9864CB2B98C
:10801400B2387CB9AF9913B9F1AB2BB873937638F6
:10802400DAE7253949D886392569BA397F90ED3997
:10803400601C103A6026293AE8DB413ADF325A3AAA
:108044007321723A0CCF843AC54F903A6E8E9B3AA4
:10805400B586A63A7434B13AB193BB3A9FA0C53AF7
:108064009E57CF3A41B5D83A47B6E13AA257EA3AD1
:108074007896F23A1F70FA3A12F1003B2375043BEA
:108084003CC3073B72DA0A3BF4B90D3B0C61103B6D
:108094001FCF123BAD03153B4FFE163BBBBE183B37
:1080A400BF441A3B46901B3B52A11C3B03781D3B2B
:1080B4008D141E3B42771E3B8AA01E3BE5901E3B5F
:1080C400ED481E3B51C91D3BD8121D3B5F261C3B8E
:1080D400D9041B3B4BAF193BD226183B9C6C163B77
:1080E400EB81143B1268123B7720103B8EAC0D3BA6
:1080F400DC0D0B3BF545083B7A56053B1941023B29
:108104001D0FFE3A3C57F73A335EF03AB327E93A8B
:1081140081B7E13A6F11DA3A6039D23A3E33CA3A5A
:10812400FE02C23A9FACB93A2334B13A919DA83ABF
:10813400F1EC9F3A4E26973AAE4D8E3A1767853A40
:1081440011ED783AF4FF663ABA0E553A2E21433AC5
:10815400063F313ADB6F1F3A2ABB0D3A9D50F8397E
:10816400027DD539A609B3395904913928F55E3908
:10817400E7F21C39C736B8382C3AE4377BC606B860
:10818400A7F0BCB8C8B619B9D75753B9A8A385B9CD
:10819400FEB8A0B9D1E2BAB98718D4B90C52ECB977
:1081A400E8C301BA68D90CBA486617BA906721BA0D
:1081B4008FDA2ABADBBC33BA4F0C3CBA10C743BAC5
:1081C40089EB4ABA6C7851BAB26C57BA9BC75CBA9D
:1081D400AD8861BAB3AF65BABD3C69BA20306CBA38
:1081E400748A6EBA914C70BA927771BAD30C72BA1F
:1081F400EA0D72BAAE7C71BA2F5B70BABAAB6EBAC2
:10820400CF706CBA2AAD69BAB86366BA989762BA85
:108214001E4C5EBAC78459BA414554BA61914EBAEC
:10822400276D48BAB6DC41BA58E43ABA748833BA0E
:1082340094CD2BBA5AB823BA884D1BBAF19112BA0D
:10824400828A09BA393C00BA4758EDB9BDBED9B9DA
:1082540022B6C5B9D848B1B94B819CB9F26987B97E
:108264008D1A64B980EB38B99E5B0DB971FFC2B841
:10827400F3B155B8386713B72D380C38C0999E3808
:1082840059E4F6385C6A27392A225339AC867E3998
:10829400ABC294390206AA398104BF3986B5D339F1
:1082A400B010E839DC0DFC3996D2073A8367113AED
:1082B4000EC21A3AB4DE233A19BA2C3A0A51353AA4
:1082C4007BA03D3A8AA5453A815D4D3AD2C5543AE0
:1082D4001DDC5B3A2C9E623AF909693AA81D6F3A93
:1082E4008AD7743A21367A3A17387F3A24EE813A9B
:1082F400DF10843AD603863ABAC6873A5459893A83
:1083040081BB8A3A35ED8B3A7AEE8C3A6FBF8D3A5F
:1083140049608E3A50D18E3AE2128F3A71258F3AE3
:1083240082098F3AABBF8E3A99488E3A07A58D3AA7
:10833400C3D58C3AABDB8B3AAFB78A3ACD6A893A6C
:1083440013F6873A9B5A863A8F99843A25B4823A2F
:108354009FAB803A95027D3A006D783A4399733A1F
:10836400348A6E3ABB42693ACEC5633A73165E3AB2
:10837400BA37583ABE2C523AA3F84B3A959E453A2E
:10838400C7213F3A6E85383AC5CC313A05FB2A3AC3
:108394006A13243A2D191D3A840F163AA2F90E3A9B
:1083A400B2DA073ADBB5003A701CF339BACDE439D6
:1083B400A485D639254AC8391B21BA394410AC39A9
:1083C400421D9E39934D903993A68239F25A6A39E7
:1083D400A5CE4F390BB235399C0E1C3973ED0239D9
:1083E400AAAED43849A9A43897B56B38E6A4103896
:1083F400B6F56037FC2BEBB65F54E0B799F83FB89D
:108404002F5D86B86B2DABB88363CEB8D8F6EFB8C2
:10841400D2EF07B9810B17B9724B25B90DAD32B93B
:108424002A2E3FB90ACD4AB95E8855B93F5F5FB974
:10843400345168B9285E70B9718677B9CBCA7DB9F1
:10844400299681B944D683B9A6A685B96E0887B999
:10845400E8FC87B98E8588B901A488B9105A88B90F
:10846400B0A987B9FB9486B9341E85B9BE4783B9D0
:10847400201481B9FE0B7DB9424077B9CECA70B9D8
:108484009BB169B9D4FA61B9D4AC59B920CE50B909
:10849400656547B973793DB93C1133B9CC3328B913
:1084A4004BE81CB9F23511B90E2405B9F673F1B8CD
:1084B40037FED7B8B8F5BDB85569A3B8EA6788B828
:1084C40094005AB8798222B8C7E5D4B7FABB47B743
:1084D400B989DD35D3048037306EF237846E323893
:1084E4004B8D6B38443C9238EE8AAE38BFA5CA38FF
:1084F4001E80E638E206013962A10E39C4091C392E
:108504006E3A2939F52D363923DF4239F5484F398A
:10851400A0665B398D33673961AB7239F8C97D392F
:10852400B54584390476893932748E39A43E933939
:10853400DFD3973986329C395B59A0394047A43937
:1085440033FBA7395574AB39E4B1AE393AB3B13919
:10855400D477B4394AFFB6395249B939C155BB3910
:108564008824BD39B4B5BE396F09C039FD1FC1397E
:10857400BFF9C1392E97C239DDF8C239791FC33921
:10858400C50BC3399EBEC239F438C239CF7BC13959
:108594004C88C039995FBF39FA02BE39C373BC39FC
:1085A4005AB3BA3934C3B839D6A4B639D359B4395D
:1085B400CAE3B1396844AF39637DAC397C90A939D9
:1085C4007D7FA639384CA33985F89F3944869C3978
:1085D40058F79839A84D9539208B9139ACB18D391C
:1085E4003AC38939B8C1853912AF8139681A7B39E0
:1085F4000EBC7239E0466A399FBE61390527593984
:10860400BB83503961D8473987283F39AC7736392D
:108614003DC92D3996202539FD801C39A3ED133928
:10862400A3690B3901F802394F37F538CFAEE43876
:10863400F15BD438ED43C438C36BB4383CD8A438A8
:10864400E48D95380E918638A4CB6F3812205338B8
:10865400A02637380BE61B38966401380850CF370C
:108664003B6B9D37B7485A371210FA36D38E0C3607
:10867400AE5B4DB6675C06B730E355B7CEF190B745
:10868400E92BB5B7E99DD7B7AF46F8B7FF920BB85A
:108694003B1E1AB8C3C527B8BB8A34B8AB6E40B802
:1086A4007C734BB8789B55B844E95EB8DF5F67B814
:1086B4009C026FB81FD575B85CDB7BB8C78C80B8DB
:1086C4001CCA82B811A884B8262986B8FB4F87B87B
:1086D4004B1F88B8E89988B8BEC288B8CB9C88B8C4
:1086E400242B88B8EC7087B8557186B8A12F85B84B
:1086F4001AAF83B815F381B8DAFD7FB806AC7BB83E
:1087040077F776B8F8E671B855816CB855CD66B888
:10871400B8D160B833955AB86D1E54B8FE734DB8CD
:10872400669C46B8129E3FB8537F38B85D4631B850
:1087340047F929B8069E22B86A3A1BB81FD413B861
:10874400A8700CB85F1505B8E18EFBB7BE17EDB77E
:10875400F8CEDEB7D5BDD0B736EDC2B79B65B5B799
:108764001A2FA8B763519BB7BED38EB707BD82B784
:108774005D276EB776BB57B78D4142B7FEC32DB7A1
:108784004D4C1AB729E307B7D420EDB62CB6CCB6B6
:10879400C492AEB667C192B6949672B6257044B6CA
:1087A400B91B1BB61245EDB5C215AEB5BF6071B5A8
:1087B4007A2C1AB52D0DADB42D7219B4321C19B31F
:1087C400009E0529000000003A1C99B625C819B777
:1087D400378867B772D39AB7A0FDC1B7752DE9B7CB
:1087E400882608B8F4A21BB86C002FB8103342B81E
:1087F400BE2E55B813E767B8704F7AB8832D86B884
:108804006AFE8EB8DC9397B833E79FB8C2F1A7B875
:10881400CFACAFB89D11B7B86D19BEB881BDC4B89F
:1088240023F7CAB8A9BFD0B87510D6B8FEE2DAB833
:10883400D130DFB898F3E2B81C25E6B84BBFE8B8EE
:108844003ABCEAB82D16ECB89AC7ECB82BCBECB806
:10885400C41BECB88BB4EAB8E690E8B882ACE5B8CF
:108864005803E2B8B291DDB82B54D8B8B647D2B8A1
:10887400A169CBB89AB7C3B8AF2FBBB857D0B1B8BA
:108884006F98A7B841879CB8879C90B86DD883B877
:1088940023776CB8168E4FB8D3F830B86DBB10B8C8
:1088A400E7B5DDB7E0BA96B7AD2719B74721AF33BF
:1088B400DEF72137743EA4378A60FA3701A52938D8
:1088C4005570573812428338A9689B38E323B4386B
:1088D400366BCD389C35E738CABC003995160E394D
:1088E400F9A21B39875C2939993D373956404539F6
:1088F400AE5E53396292613903D56F39F41F7E3904
:1089040038368639C5598D3917779439948A9B3905
:108914009390A2395A85A9392765B0392A2CB739D9
:108924008DD6BD397160C439F2C5CA392A03D1392B
:108934002F14D7391BF5DC3909A2E2391817E839A5
:108944006F50ED393E4AF239BE00F7393770FB39C2
:108954000295FF39C2B5013A1F78033ADE0F053A92
:10896400577B063AEAB8073A08C7083A31A4093AE5
:10897400F54E0A3AF4C50A3AE3070B3A88130B3A60
:10898400BEE70A3A77830A3AB9E5093AA20D093AE9
:108994006AFA073A5EAB063AE81F053A8C57033A7F
:1089A400E851013A701DFE39A41BF939569EF3397A
:1089B400ADA5ED390A32E7390C44E03991DCD839F8
:1089C400B8FCD039DDA5C8399DD9BF39D699B63997
:1089D400A8E8AC3973C8A239D93B9839BB458D395D
:1089E4003CE9813981536C39D61554393C213B39E2
:1089F400F67D2139BF3407399A9DD8389AABA1380E
:108A04007A4F5338919CC237210394B6E9EE07B8E4
:108A140007CE7EB87B76BBB8BA0CF8B8F6871AB91D
:108A2400C93239B946F957B994CD76B9C9D08AB99A
:108A340070339AB97387A9B96CC5B8B9DCE5C7B9FD
:108A440034E1D6B9D2AFE5B90A4AF4B9125401BA3D
:108A5400336108BA88480FBA340616BA5A961CBA53
:108A640025F522BAC41E29BA700F2FBA6CC334BAC2
:108A740009373ABAA4663FBAAC4E44BAA2EB48BA34
:108A84001C3A4DBAC73651BA67DE54BADC2D58BA0F
:108A940020225BBA4DB85DBA9DED5FBA6DBF61BA75
:108AA4003B2B63BAAC2E64BA8DC764BAD4F364BAF0
:108AB400A0B164BA3DFF63BA25DB62BA024461BA6D
:108AC400AC385FBA2FB85CBAC9C159BAEE5456BAB9
:108AD400457152BAAC164EBA394549BA39FD43BA52
:108AE400343F3EBAE80B38BA506431BAA0492ABAC6
:108AF40046BD22BAECC01ABA785612BA088009BA2E
:108B0400F83F00BABB31EDB90E1BD9B9FF41C4B966
:108B140014ADAEB9436398B9F56B81B9FC9D53B9F3
:108B2400402923B91716E3B803567BB8D1B831B737
:108B3400843C26383C2CBE3849641539D4634C39FE
:108B440025FF81394B0E9E398853BA39C2C2D639B2
:108B54009B4FF339BDF6073AC747163A6994243A4E
:108B64000CD6323A0206413A8F1D4F3AE8155D3A67
:108B740035E86A3A9A8D783A99FF823A0D9B893A98
:108B8400B615903A266C963AF29A9C3AB39EA23A5B
:108B94000C74A83AA817AE3A3B86B33A89BCB83AE3
:108BA40061B7BD3AA473C23A43EEC63A4224CB3A03
:108BB400BB12CF3ADEB6D23AF30DD63A5D15D93AA6
:108BC40098CADB3A3E2BDE3A0735E03ACDE5E13A86
:108BD400883BE33A5534E43A74CEE43A4B08E53A38
:108BE40066E0E43A7A55E43A6366E33A2912E23AF3
:108BF400FF57E03A4237DE3A7FAFDB3A6EC0D83AED
:108C0400F769D53A31ACD13A6287CD3A02FCC83A19
:108C1400B90AC43A5EB4BE3AFCF9B83ACFDCB23A07
:108C2400445EAC3AFA7FA53AC0439E3A99AB963A71
:108C3400B7B98E3A7E70863A00A57B3A03C5693A85
:108C4400E846573AF030443AB789303A2F581C3A3C
:108C5400A5A3073A72E7E439B7A0B9399E838D39E1
:108C640082424139462DCC388B811A372CC7A7B89C
:108C7400E26532B9A9DB88B9C7D7B8B9B512E9B981
:108C8400BDBB0CBA66F824BA83343DBA236555BA21
:108C9400347F6DBAC5BB82BA73A18EBAFA6A9ABA26
:108CA400AD12A6BAD992B1BACFE5BCBADC05C8BA3E
:108CB40058EDD2BA9E96DDBA14FCE7BA2F18F2BA70
:108CC40071E5FBBA37AF02BBEA3E07BB309F0BBB73
:108CD40079CD0FBB41C713BB148A17BB91131BBBC0
:108CE40067611EBB5B7121BB454124BB16CF26BB0C
:108CF400D41829BB9F1C2BBBB0D82CBB5C4B2EBB00
:108D040015732FBB674E30BBFFDB30BBA81A31BBDA
:108D14004D0931BBFCA630BBE2F22FBB4FEC2EBB9E
:108D2400B9922DBBB7E52BBB05E529BB869027BBC4
:108D340042E824BB65EC21BB459D1EBB5CFB1ABB12
:108D44004B0717BBDEC112BB032C0EBBD24609BBBB
:108D54008C1304BB2C27FDBAFB90F1BAEE67E5BA7D
:108D6400BAAFD8BA606CCBBA2DA2BDBAB755AFBAF8
:108D7400DF8BA0BACA4991BAE79481BACBE562BA4B
:108D840075D341BA33FF1FBAD4EBFAB9F389B4B936
:108D9400CBE859B9AF1E91B8947B953862C25F395C
:108DA4005E20BB39727E033A48AB293A5006503AEA
:108DB400E07E763A09828E3A64C2A13AD8F7B43A90
:108DC400AB19C83A0F1FDB3A2BFFED3A8F58003B23
:108DD400FE95093B70B3123B71AC1B3B937C243B67
:108DE4006A1F2D3B9590353BBBCB3D3B90CC453B1F
:108DF400D48E4D3B590E553B02475C3BC634633B16
:108E0400B3D3693BEE1F703BB815763B6BB17B3B2C
:108E1400C277803B4EE6823BB722853B6F2B873B74
:108E2400F8FE883BE99B8A3BED008C3BC62C8D3BCE
:108E34004A1E8E3B67D48E3B224E8F3B9C8A8F3BCF
:108E440009898F3BBD488F3B21C98E3BBC098E3BB2
:108E5400310A8D3B3BCA8B3BB5498A3B9688883B9C
:108E6400F186863BF544843BF2C2813BA7027E3BFC
:108E74004401783B0B83713B86896A3B7B16633BD9
:108E8400ED2B5B3B18CC523B74F9493BB4B6403BE9
:108E9400C406373BC9EC2C3B216C223B6188173B51
:108EA40054450C3BFBA6003B1663E93AD6D2D03AB4
:108EB40065A6B73A56E79D3A929F833AC0B2513AB3
:108EC400AE3E1B3A8AF1C739C0DD2F3922E54AB8D4
:108ED400F6C18BB90B11FFB9778C39BAEAD373BADF
:108EE400CB2297BAEF63B4BA6AA0D1BA27CBEEBA51
:108EF4007AEB05BB455B14BB4AAE22BBD7DD30BB66
:108F04003BE33EBBC4B74CBBC4545ABB97B367BB2B
:108F14009FCD74BB27CE80BB920C87BBDC1E8DBB60
:108F2400DB0193BB70B298BB8C2D9EBB3270A3BB8C
:108F34007177A8BB7040ADBB68C8B1BBA70CB6BB0A
:108F4400940ABABBAEBFBDBB8F29C1BBE945C4BB44
:108F54009012C7BB708DC9BB99B4CBBB3986CDBB4E
:108F6400A100CFBB4222D0BBB3E9D0BBB055D1BB2B
:108F74001965D1BBF516D1BB736AD0BBE95ECFBB13
:108F8400D6F3CDBBE428CCBBE5FDC9BBD672C7BBC9
:108F9400DF87C4BB543DC1BBB593BDBBAB8BB9BB71
:108FA4000D26B5BBDF63B0BB4E46ABBBB6CEA5BB8F
:108FB4009DFE9FBBB4D799BBD95B93BB138D8CBB70
:108FC400946D85BB6DFF7BBB028C6CBB3E865CBB2A
:108FD400CCF34BBBA0DA3ABBFC4029BB6C2D17BBCE
:108FE400C1A604BB2568E3BA70B9BCBA965095BA59
:108FF400837A5ABA231F09BA8CC05AB99D84E538BA
:10900400B0C0E139CCBB453A768F8D3A8F72B83A0D
:109014009D74E33A6A41073B17C51C3BBE3B323B98
:10902400B49B473B41DB5C3BA1F0713B0669833B4E
:10903400DCBA8D3BEEE8973B5EEEA13B50C6AB3B02
:10904400F46BB53B81DABE3B3D0DC83B7BFFD03BA7
:10905400A1ACD93B2610E23B9825EA3B9DE8F13BC5
:10906400F354F93B3B33003C908C033C85B4063C01
:1090740037A9093CD7680C3CA9F10E3C0242113CCB
:109084005058133C1433153CE8D0163C7C30183C43
:109094009A50193C23301A3C15CE1A3C85291B3CA6
:1090A400A6411B3CC7151B3C52A51A3CD0EF193CEA
:1090B400E5F4183C55B4173C032E163CED61143C02
:1090C4003550123C19F90F3CF85C0D3C4F7C0A3CBE
:1090D400BB57073CFBEF033CEB45003C11B5F83BA9
:1090E400DD5DF03BB288E73B4438DE3B856FD43B23
:1090F400A531CA3B0E82BF3B6664B43B8CDCA83B03
:1091040098EE9C3BDA9E903BD7F1833B93D86D3B22
:109114003D26533BE7D6373B2EF51B3B0D18FF3A54
:109124007B4DC53AE7A18A3A585A1E3ACE3D1839C2
:10913400D6D5A6B9CFE14DBAAC90A4BA657AE2BA55
:10914400AC4910BB37602FBB24734EBBA5746DBBF9
:10915400682B86BBD48595BB90C2A4BB94DAB3BB01
:10916400D4C6C2BB4880D1BBEEFFDFBBCB3EEEBB57
:10917400F135FCBB40EF04BCD4980BBC5A1412BCB0
:10918400825E18BC09741EBCBC5124BC7AF429BC90
:1091940034592FBCED7C34BCC25C39BCE2F53DBC17
:1091A400974542BC464946BC6DFE49BCA7624DBCCE
:1091B400B07350BC5F2F53BCAE9355BCB99E57BC23
:1091C400BD4E59BC1EA25ABC61975BBC362D5CBC1B
:1091D40070625CBC0C365CBC2EA75BBC25B55ABC6B
:1091E4006B5F59BCA2A557BC9A8755BC4D0553BCAF
:1091F400E31E50BCAFD44CBC332749BC1C1745BC40
:1092040046A540BCB9D23BBCAAA036BC7E1031BC3A
:10921400C3232BBC37DC24BCC33B1EBC7C4417BC1F
:10922400A3F80FBCA35A08BC116D00BC5C65F0BB6D
:10923400C15CDFBB72C6CDBBDBA8BBBBB50AA9BB97
:1092440001F395BB0A6982BBB4E85CBB843934BBC7
:109254009ED40ABB2895C1BAB0B158BA57B930B92F
:109264006C18023AE6EC983AD265F13AA628253B06
:1092740088C4513B31737E3B8490953B22DDAB3BEC
:109284007B15C23B872FD83B3221EE3B32F0013CA9
:109294007FB10C3C724F173C01C5213C270D2C3C7F
:1092A400E522363C4801403C67A3493C6A04533CF0
:1092B400871F5C3C08F0643C4C716D3CCA9E753C55
:1092C40011747D3C6776823C6502863CF75B893C81
:1092D40024818C3C03708F3CC026923C9AA3943C1E
:1092E400E5E4963C0CE9983C91AE9A3C0C349C3CE9
:1092F4002F789D3CC6799E3CB6379F3C00B19F3C7D
:10930400BFE49F3C2CD29F3C9D789F3C84D79E3CDD
:1093140073EE9D3C1ABD9C3C46439B3CE580993CC6
:109324000676973CD622953CA287923CDAA48F3CE1
:109334000B7B8C3CE60A893C3A55853CF95A813CC6
:10934400673A7A3C363A713C04B8673CB5B65D3C42
:109354006B39533C8843483CABD83C3CB1FC303C73
:10936400B1B3243CFE01183C22EC0A3CC4EDFA3BA8
:109374006D4EDF3B9C04C33B141BA63BF99C883B0E
:109384009E2B553BE622183B6370B43A6824DC39C3
:109394008A790FBACEACC7BAC24824BB3B1A65BBA4
:1093A400931793BBB6B5B3BB5159D4BB01F4F4BB0B
:1093B400A3BB0ABC3EEA1ABC78FE2ABCEDF03ABC58
:1093C40035BA4ABCE3525ABC90B369BCD4D478BC15
:1093D400AAD783BCDE1D8BBC633992BCA12699BC81
:1093E40007E29FBC1368A6BC4FB5ACBC54C6B2BC64
:1093F400CD97B8BC7826BEBC246FC3BCBA6EC8BCBB
:109404003722CDBCB286D1BC5C99D5BC8357D9BCBC
:1094140091BEDCBC0FCCDFBCA57DE2BC1FD1E4BC9B
:109424006AC4E6BC9755E8BCDC82E9BC974AEABC4E
:109434004CABEABCA8A3EABC8232EABCDA56E9BC6B
:10944400DF0FE8BCE85CE6BC7C3DE4BC4EB1E1BCAB
:1094540042B8DEBC6752DBBCFF7FD7BC7B41D3BCC8
:109464007A97CEBCCF82C9BC7C04C4BCB31DBEBC3D
:10947400D9CFB7BC821CB1BC7405AABCA48CA2BC55
:109484003AB49ABC8B7E92BC1DEE89BCA50581BC06
:109494000C906FBCA2705CBC88B348BC915F34BCB8
:1094A400E87B1FBC0B100ABC9747E8BB937EBBBB91
:1094B400E7D58DBB06BE3EBBA8AFC0BA2C4F1EB7C6
:1094C400D190C03A3835423B0B80923B0C40C43BB0
:1094D400C345F63BF83D143C7D662D3C7C91463CEF
:1094E400DBB35F3C5EC2783CD8D8883C303B953CCB
:1094F4007682A13CE1A8AD3CA4A8B93CEC7BC53C78
:10950400EA1CD13CCD85DC3CCAB0E73C1D98F23C5A
:109514000B36FD3C72C2033D84BF083D738F0D3D85
:10952400802F123DF89C163D33D51A3D97D51E3D2C
:10953400999B223DBC24263D976E293DD1762C3D36
:10954400243B2F3D61B9313D6FEF333D48DB353D61
:10955400037B373DCCCC383DEECE393DCC7F3A3D14
:10956400E5DD3A3DD7E73A3D609C3A3D59FA393D4D
:10957400BF00393DAEAE373D6503363D46FE333D53
:10958400D49E313DBAE42E3DC5CF2B3DE75F283D47
:109594003B95243D0070203D9DF01B3DA117173DD8
:1095A400C0E5113DDA5B0C3DF57A063D4044003DD3
:1095B4002672F33CDFB5E53CFD56D73C2659C83C42
:1095C40051C0B83CC790A83C22CF973C4C80863C05
:1095D4000153693C92A0443CFDF41E3C1EB9F03B8F
:1095E4005AC8A13B5465223BD6CFEBB79AEB28BBB4
:1095F400E94CA9BBA951FFBBC2312BBC713057BC8C
:10960400CCC981BCB92498BCDD9FAEBCE131C5BCDA
:1096140033D1DBBC0C74F2BC398804BD1FCE0FBD42
:109624008C061BBD402C26BDE53931BD162A3CBD38
:109634005AF746BD2A9C51BDF1125CBD0D5666BD5C
:10964400D45F70BD8F2A7ABD42D881BDF87586BDBE
:1096540087EB8ABD0C368FBDA25293BD663E97BD83
:1096640077F69ABDF6779EBD07C0A1BDD3CBA4BD46
:109674008998A7BD5B23AABD8669ACBD4C68AEBD05
:10968400FA1CB0BDE584B1BD6E9DB2BD0164B3BD2D
:1096940016D6B3BD32F1B3BDEBB2B3BDE118B3BD61
:1096A400C820B2BD64C8B0BD870DAFBD1AEEACBD55
:1096B4001668AABD8979A7BD9420A4BD6E5BA0BD20
:1096C40064289CBDDB8597BD4B7292BD48EC8CBD74
:1096D4007CF286BDAB8380BD653D73BD118564BDE1
:1096E4007DDC54BD034244BD33B432BDD13120BD11
:1096F400DFB90CBD2697F0BCBDCCC5BCDA1399BC50
:109704008FD854BC1659E7BB56516ABAEE76B43BAF
:10971400D2F1463CE3BC9B3C15E7D53C3BFA083D03
:10972400C3F0273D26D5473D2DA5683D332F853D04
:10973400137F963DC340A83DB372BA3D3713CD3D68
:109744008620E03DBE98F33DEFBC033EE6E00D3ECF
:109754002A37183E93BE223EEF752D3EFB5B383E02
:109764006C6F433EEAAE4E3E11195A3E71AC653EF3
:109774009267713EEF487D3E7DA7843E0EBC8A3ED3
:109784005AE1903E8B16973EC95A9D3E37ADA33E93
:10979400F30CAA3E1A79B03EC4F0B63E0673BD3E41
:1097A400F3FEC33E9A93CA3E0A30D13E4DD3D73E10
:1097B4006E7CDE3E742AE53E67DCEB3E4C91F23E65
:1097C4002848F93E0000003FEC5B033F5AB7063FD0
:1097D400CD110A3FC66A0D3FC9C1103F5916143F47
:1097E400FB67173F33B61A3F86001E3F7D46213F75
:1097F4009E87243F73C3273F86F92A3F65292E3F5E
:109804009B52313FBA74343F538F373FF9A13A3FEB
:1098140041AC3D3FC4AD403F1BA6433FE494463FAB
:10982400BC79493F45544C3F25244F3F01E9513F02
:1098340084A2543F5B50573F36F2593FC6875C3F82
:10984400C4105F3FE88C613FEFFB633F995D663F67
:10985400AAB1683FE8F76A3F1E306D3F1A5A6F3F5E
:10986400AD75713FAE82733FF480753F5C70773F96
:10987400C750793F19227B3F39E47C3F12977E3FE2
:109884004A1D803F59E7803FB1A9813F4F64823F21
:109894003317833F5DC2833FCF65843F8F01853F8C
:1098A400A295853F1022863FE4A6863F2824873F61
:1098B400EB99873F3B08883F286F883FC5CE883F98
:1098C4002527893F5E78893F86C2893FB7058A3F4D
:1098D40009428A3F99778A3F81A68A3FE2CE8A3F2E
:1098E400D8F08A3F860C8B3F0D228B3F8E318B3F05
:1098F4002F3B8B3F133F8B3F613D8B3F40368B3F6C
:10990400D7298B3F4E188B3FD0018B3F85E68A3F8A
:1099140098C68A3F36A28A3F89798A3FBD4C8A3FDE
:10992400001C8A3F7FE7893F67AF893FE673893F21
:109934002A35893F61F3883FB8AE883F6067883F26
:10994400841D883F54D1873FFF82873FB032873FD1
:1099540098E0863FE18C863FBB37863F51E1853FE7
:10996400CF89853F6231853F34D8843F717E843FFF
:109974004224843FD0C9833F456F833FC814833F4B
:109984007FBA823F9360823F2707823F61AE813F67
:109994006356813F52FF803F4DA9803F7654803FFC
:1099A400EC00803F9B5D7F3F6FBC7E3F8E1E7E3F01
:1099B4002C847D3F7EED7C3FB45A7C3FFECB7B3FC5
:1099C40087417B3F7ABB7A3FFD397A3F37BD793F88
:1099D4004845793F51D2783F6F64783FBCFB773F6D
:1099E4005198773F423A773FA4E1763F868E763F9F
:1099F400F640763F00F9753FACB6753F027A753F85
:109A04000443753FB411753F13E6743F1CC0743FA3
:109A1400CA9F743F1585743FF46F743F5A60743F56
:109A24003A56743F8351743F2252743F0358743F33
:109A34001163743F3373743F5088743F4CA2743F76
:109A440009C1743F6AE4743F4E0C753F9338753F07
:109A54001769753FB49D753F46D6753FA712763F8B
:109A6400AD52763F3196763F08DD763F0927773F42
:109A74000874773FD9C3773F5016783F3F6B783FE0
:109A84007AC2783FD21B793F1977793F21D4793F45
:109A9400BB327A3FB9927A3FECF37A3F27567B3F49
:109AA40039B97B3FF71C7C3F31817C3FBAE57C3F71
:109AB400664A7D3F08AF7D3F74137E3F80777E3FCB
:109AC40000DB7E3FCB3D7F3FB89F7F3F4F00803F11
:109AD4002C30803F5F5F803FD68D803F7FBB803FCF
:109AE40048E8803F2014813FF83E813FBF68813FB2
:109AF4006791813FE1B8813F20DF813F1704823FB6
:109B0400B827823FFA49823FD16A823F338A823F33
:109B140016A8823F72C4823F3FDF823F77F8823FBC
:109B24001210833F0B26833F5E3A833F064D833FEB
:109B3400005E833F4A6D833FE17A833FC586833F5E
:109B4400F690833F7499833F3FA0833F5BA5833F97
:109B5400CAA8833F8FAA833FADAA833F2AA9833F24
:109B64000BA6833F56A1833F129B833F4593833FBC
:109B7400F789833F307F833FFA72833F5E65833F7B
:109B84006556833F1B46833F8934833FBB21833F14
:109B9400BD0D833F9AF8823F5FE2823F19CB823F3B
:109BA400D5B2823FA099823F887F823F9B64823FE7
:109BB400E648823F772C823F5F0F823FAAF1813FC4
:109BC40067D3813FA6B4813F7495813FE275813F9D
:109BD400FD55813FD435813F7715813FF4F4803FB3
:109BE40059D4803FB6B3803F1893803F8D72803F35
:109BF4002452803FEB31803FEF11803F7BE47F3F75
:109C0400C8A57F3FDD677F3FD42A7F3FC6EE7E3FF6
:109C1400CAB37E3FF7797E3F63417E3F240A7E3F8D
:109C24004FD47D3FF89F7D3F316D7D3F0D3C7D3F9F
:109C34009D0C7D3FF2DE7C3F1AB37C3F25897C3F3F
:109C440020617C3F173B7C3F16177C3F28F57B3F08
:109C540056D57B3FA9B77B3F289C7B3FD9827B3F6E
:109C6400C36B7B3FE9567B3F50447B3FF9337B3FDB
:109C7400E6257B3F171A7B3F8C107B3F44097B3FD3
:109C84003B047B3F6F017B3FDA007B3F78027B3FE5
:109C940042067B3F320C7B3F3F147B3F601E7B3F81
:109CA4008B2A7B3FB8387B3FD9487B3FE35A7B3FC5
:109CB400CA6E7B3F80847B3FF79B7B3F20B57B3F15
:109CC400EDCF7B3F4DEC7B3F300A7C3F85297C3FC9
:109CD4003B4A7C3F406C7C3F828F7C3FEEB37C3FB1
:109CE40072D97C3FFBFF7C3F74277D3FCB4F7D3F88
:109CF400EC787D3FC2A27D3F3ACD7D3F3FF87D3F6A
:109D0400BE237E3FA14F7E3FD57B7E3F46A87E3F4C
:109D1400DFD47E3F8D017F3F3B2E7F3FD75A7F3F6D
:109D24004D877F3F8AB37F3F7ADF7F3F8605803F41
:109D3400161B803F6530803F6A45803F1D5A803F37
:109D4400746E803F6982803FF395803F0BA9803F0A
:109D5400A9BB803FC6CD803F5DDF803F65F0803F7B
:109D6400DA00813FB510813FF11F813F892E813F89
:109D7400773C813FB849813F4856813F2162813F0A
:109D8400416D813FA577813F4B81813F2E8A813F81
:109D94004E92813FA999813F3EA0813F0BA6813F0E
:109DA4000FAB813F4BAF813FBFB2813F6AB5813F6B
:109DB4004EB7813F6CB8813FC5B8813F5AB8813FE7
:109DC4002FB7813F44B5813F9DB2813F3DAF813F75
:109DD40027AB813F5FA6813FE7A0813FC59A813FC2
:109DE400FD93813F938C813F8B84813FEC7B813F4A
:109DF400BA72813FFA68813FB25E813FE953813F85
:109E0400A348813FE83C813FBD30813F2924813F05
:109E14003217813FDE09813F36FC803F3FEE803FB1
:109E240000E0803F80D1803FC7C2803FDBB3803FEA
:109E3400C3A4803F8695803F2B86803FBA76803FBF
:109E44003A67803FB057803F2548803F9F38803F26
:109E54002429803FBC19803F6D0A803F7CF67F3FF8
:109E640069D87F3FAFBA7F3F599D7F3F74807F3F62
:109E74000B647F3F29487F3FDA2C7F3F27127F3FC7
:109E84001CF87E3FC2DE7E3F23C67E3F47AE7E3F48
:109E940037977E3FFC807E3F9D6B7E3F21577E3F00
:109EA4008F437E3FEF307E3F441F7E3F960E7E3FC2
:109EB400E8FE7D3F40F07D3FA1E27D3F0FD67D3F30
:109EC4008CCA7D3F1CC07D3FBFB67D3F78AE7D3FD1
:109ED40048A77D3F2FA17D3F2C9C7D3F41987D3F2E
:109EE4006B957D3FA9937D3FF9927D3F5A937D3FCA
:109EF400C8947D3F3F977D3FBE9A7D3F3E9F7D3F07
:109F0400BCA47D3F34AB7D3F9FB27D3FF8BA7D3F1B
:109F140039C47D3F5DCE7D3F5BD97D3F2EE57D3FDE
:109F2400CEF17D3F33FF7D3F560D7E3F2F1C7E3F9C
:109F3400B52B7E3FE03B7E3FA74C7E3F015E7E3FDC
:109F4400E66F7E3F4B827E3F28957E3F73A87E3F1F
:109F540023BC7E3F2ED07E3F8AE47E3F2EF97E3F97
:109F64000F0E7F3F25237F3F64387F3FC44D7F3FE3
:109F74003B637F3FBF787F3F468E7F3FC7A37F3FD2
:109F840038B97F3F91CE7F3FC8E37F3FD4F87F3F0E
:109F9400D606803F2411803F4F1B803F5425803FCD
:109FA4002E2F803FDA38803F5342803F974B803FCB
:109FB400A154803F6D5D803FFA65803F436E803FD2
:109FC4004676803F007E803F6E85803F8D8C803F4B
:109FD4005C93803FD899803FFF9F803FCFA5803F0F
:109FE40046AB803F64B0803F26B5803F8CB9803F4C
:109FF40094BD803F3DC1803F88C4803F73C7803F8C
:10A00400FEC9803F29CC803FF4CD803F5FCF803FA5
:10A014006AD0803F17D1803F65D1803F56D1803FC1
:10A02400EAD0803F22D0803F01CF803F86CD803F61
:10A03400B5CB803F8DC9803F13C7803F46C4803F66
:10A044002AC1803FC0BD803F0BBA803F0DB6803F20
:10A05400C8B1803F40AD803F77A8803F70A3803F68
:10A064002E9E803FB298803F0293803F1F8D803F99
:10A074000D87803FCE80803F677A803FDA73803FD0
:10A084002A6D803F5C66803F725F803F6F58803FDF
:10A094005751803F2E4A803FF642803FB33B803F7A
:10A0A4006834803F192D803FC925803F7A1E803F48
:10A0B4003217803FF10F803FBC08803F9601803FFC
:10A0C40002F57F3F02E77F3F30D97F3F93CB7F3F4D
:10A0D40030BE7F3F0CB17F3F2DA47F3F97977F3FDA
:10A0E4004E8B7F3F597F7F3FBB737F3F78687F3FB5
:10A0F400945D7F3F13537F3FF9487F3F493F7F3F44
:10A1040007367F3F342D7F3FD4247F3FEA1C7F3FB7
:10A1140076157F3F7D0E7F3FFF077F3FFD017F3F29
:10A124007AFC7E3F76F77E3FF2F27E3FEFEE7E3F93
:10A134006DEB7E3F6CE87E3FECE57E3FEDE37E3FDA
:10A144006EE27E3F6FE17E3FEEE07E3FEBE07E3FDE
:10A1540064E17E3F57E27E3FC3E37E3FA6E57E3F58
:10A16400FEE77E3FC8EA7E3F02EE7E3FA9F17E3FD6
:10A17400BBF57E3F33FA7E3F10FF7E3F4F047F3FA7
:10A18400EA097F3FE00F7F3F2C167F3FCB1C7F3FC8
:10A19400B9237F3FF22A7F3F71327F3F333A7F3FBB
:10A1A40034427F3F6F4A7F3FE1527F3F835B7F3F73
:10A1B40054647F3F4D6D7F3F6A767F3FA77F7F3F2B
:10A1C40000897F3F70927F3FF39B7F3F84A57F3F51
:10A1D4001FAF7F3FBFB87F3F60C27F3FFECB7F3F53
:10A1E40095D57F3F20DF7F3F9CE87F3F04F27F3F90
:10A1F40054FB7F3F4402803FCF06803F490B803FA2
:10A20400AF0F803F0014803F3A18803F5D1C803FB1
:10A214006520803F5224803F2328803FD52B803FF8
:10A22400692F803FDB32803F2C36803F5A39803F94
:10A23400643C803F4A3F803F0A42803FA344803FC2
:10A244001647803F6149803F844B803F7E4D803F6D
:10A254004F4F803FF650803F7452803FC853803F39
:10A26400F354803FF355803FC956803F7657803F73
:10A27400F957803F5358803F8558803F8D58803F21
:10A284006E58803F2758803FBA57803F2657803FFB
:10A294006C56803F8E55803F8C54803F6853803F7E
:10A2A4002152803FB950803F314F803F8A4D803FDB
:10A2B400C54B803FE449803FE747803FD045803F1E
:10A2C4009F43803F5841803FF93E803F863C803F1A
:10A2D400FF39803F6637803FBB34803F0132803F87
:10A2E400392F803F652C803F8529803F9B26803F06
:10A2F400A823803FAF20803FB01D803FAD1A803F30
:10A30400A717803F9F14803F9811803F910E803F94
:10A314008D0B803F8E08803F9305803F9F02803FD6
:10A3240065FF7F3F9FF97F3FECF37F3F50EE7F3F18
:10A33400CCE87F3F63E37F3F17DE7F3FEAD87F3F70
:10A34400DED37F3FF4CE7F3F2ECA7F3F8FC57F3F52
:10A3540017C17F3FC8BC7F3FA3B87F3FAAB47F3FEC
:10A36400DEB07F3F40AD7F3FD1A97F3F92A67F3FC4
:10A3740083A37F3FA6A07F3FFB9D7F3F829B7F3FC0
:10A384003C997F3F2A977F3F4B957F3FA0937F3F28
:10A3940028927F3FE4907F3FD48F7F3FF78E7F3FAB
:10A3A4004D8E7F3FD58D7F3F908D7F3F7C8D7F3F4E
:10A3B400998D7F3FE68D7F3F628E7F3F0D8F7F3F7C
:10A3C400E58F7F3FEA907F3F1B927F3F75937F3FEE
:10A3D400F9947F3FA5967F3F77987F3F6E9A7F3FA2
:10A3E400899C7F3FC69E7F3F24A17F3FA2A37F3FDE
:10A3F4003DA67F3FF4A87F3FC6AB7F3FB1AE7F3F12
:10A40400B3B17F3FCAB47F3FF5B77F3F32BB7F3FD5
:10A4140080BE7F3FDDC17F3F46C57F3FBBC87F3FD6
:10A4240039CC7F3FBECF7F3F4AD37F3FDBD67F3FD0
:10A434006EDA7F3F02DE7F3F96E17F3F28E57F3F74
:10A44400B6E87F3F3EEC7F3FC0EF7F3F3AF37F3F6C
:10A45400AAF67F3F0FFA7F3F67FD7F3F5900803F99
:10A46400F701803F8C03803F1905803F9D06803FA4
:10A474001708803F8609803FEB0A803F440C803FE9
:10A48400920D803FD30E803F0810803F3011803FF3
:10A494004B12803F5813803F5814803F4915803F2A
:10A4A4002D16803F0117803FC817803F8018803FDA
:10A4B4002919803FC319803F4E1A803FCB1A803F31
:10A4C400381B803F971B803FE71B803F281C803F41
:10A4D4005B1C803F801C803F961C803F9E1C803FFD
:10A4E400991C803F861C803F651C803F381C803F40
:10A4F400FE1B803FB71B803F641B803F061B803FD1
:10A504009C1A803F271A803FA719803F1D19803F5E
:10A514008A18803FED17803F4717803F9816803F89
:10A52400E215803F2415803F5F14803F9313803FE2
:10A53400C112803FE911803F0C11803F2B10803FF6
:10A54400450F803F5B0E803F6E0D803F7E0C803F49
:10A554008C0B803F980A803FA309803FAD08803F61
:10A56400B607803FC006803FCA05803FD404803FC1
:10A57400E003803FEE02803FFE01803F1001803FF8
:10A584002500803F7BFE7F3FB3FC7F3FF3FA7F3F94
:10A594003BF97F3F8DF77F3FE8F57F3F4EF47F3FE8
:10A5A400BFF27F3F3BF17F3FC3EF7F3F57EE7F3FDB
:10A5B400F9EC7F3FA7EB7F3F63EA7F3F2DE97F3FC5
:10A5C40005E87F3FEBE67F3FE0E57F3FE4E47F3F44
:10A5D400F7E37F3F1AE37F3F4BE27F3F8CE17F3F0E
:10A5E400DDE07F3F3CE07F3FACDF7F3F2ADF7F3F02
:10A5F400B8DE7F3F55DE7F3F01DE7F3FBDDD7F3F1D
:10A6040087DD7F3F5FDD7F3F46DD7F3F3BDD7F3F73
:10A614003EDD7F3F4FDD7F3F6CDD7F3F97DD7F3F3A
:10A62400CEDD7F3F12DE7F3F61DE7F3FBCDE7F3FBA
:10A6340022DF7F3F93DF7F3F0DE07F3F92E07F3F4C
:10A6440020E17F3FB7E17F3F56E27F3FFDE27F3F5E
:10A65400ACE37F3F61E47F3F1DE57F3FE0E57F3F63
:10A66400A7E67F3F74E77F3F45E87F3F1AE97F3FD6
:10A67400F3E97F3FCFEA7F3FAEEB7F3F8FEC7F3F35
:10A6840071ED7F3F55EE7F3F39EF7F3F1EF07F3FF7
:10A6940003F17F3FE7F17F3FCAF27F3FACF37F3F97
:10A6A4008CF47F3F6AF57F3F46F67F3F1FF77F3F7D
:10A6B400F4F77F3FC6F87F3F95F97F3F5FFA7F3F0E
:10A6C40025FB7F3FE6FB7F3FA2FC7F3F59FD7F3F99
:10A6D4000BFE7F3FB8FE7F3F5EFF7F3FFFFF7F3F64
:10A6E4004D00803F9700803FDE00803F2101803F86
:10A6F4006201803F9F01803FD901803F0F02803F6C
:10A704004202803F7202803F9E02803FC702803F28
:10A71400ED02803F0F03803F2E03803F4903803FBB
:10A724006103803F7603803F8803803F9703803F27
:10A73400A203803FAB03803FB003803FB303803F5D
:10A74400B303803FB003803FAB03803FA303803F4C
:10A754009903803F8C03803F7D03803F6C03803FDF
:10A764005803803F4303803F2C03803F1303803F03
:10A77400F802803FDC02803FBF02803FA002803F9E
:10A784008002803F5E02803F3C02803F1902803F8E
:10A79400F501803FD001803FAA01803F8401803FC2
:10A7A4005E01803F3701803F1001803FE900803F18
:10A7B400C200803F9B00803F7400803F4D00803F7B
:10A7C4002600803F0000803F0200000000000101DD
:10A7D4000100000000000003020100000204080060
:10A7E40000000101030600080000000101030A043F
:10A7F400000000000101030004080000000302033C
:10A804000200080000000502030808080000000711
:10A814000303000008000000070303000000000019
:10A82400000F0403020008102000050205020008BE
:10A834000020001503051600080020000101050092
:10A8440000000000003F06050000000000000000BA
:10A8540079E5000000000000000000000DD20000B7
:10A86400000000000000000055DC000011EF0000B3
:10A874000DEF000009EF000005EF000001EF0000FC
:10A88400FDEE0000F9EE00000000000000000000F2
:10A8940049CF0000DDCC000041D00000E1CC000035
:10A8A40079CF00000000000000000000C1FB0000A0
:10A8B400EDFB000051DC0000BDFB000079FB000053
:10A8C40085FB0000A5FB0000000000000000000064
:10A8D40071B50000E9D50000EDD50000F5D5000004
:10A8E400FDD50000A2000000F9A2000083F9A20037
:10A8F4006E83F9A24E6E83F9444E6E8315444E6EF8
:10A904002915444EFC29154427FC29155727FC29F1
:10A91400D15727FCF5D1572734F5D157DD34F5D17C
:10A92400C0DD34F5DBC0DD3462DBC0DD9562DBC045
:10A93400999562DB3C999562433C999590433C9987
:10A944004190433C3863ED3EDA0F493F5E987B3FCC
:10A95400DA0FC93F6937AC3168212233B40F14339D
:10A964006821A23300000042C8801F40B8821F4003
:10A974000800000000000042C4801F40B4821F4051
:10A984000400000000C0004224801F4014821F40C5
:10A994001000000000C0004228801F4018821F40A1
:10A9A4002000000000C000422C801F401C821F4079
:10A9B4004000000000C0004234801F4024821F4039
:10A9C400000100000040004264811F4054831F4086
:10A9D400000400000040004280811F4070831F403B
:10A9E40000000200004000427C811F406C831F4035
:10A9F400000001000040004268811F4058831F404E
:10AA040000080000004000423C811F402C831F408E
:10AA1400010000000040004244811F4034831F4075
:10AA2400040000000040004240811F4030831F406A
:10AA3400020000000040004248811F4038831F404C
:10AA4400080000000000004204811F40F4821F40FF
:10AA5400000004000000004208811F40F8821F40EB
:10AA6400000008000000004218811F4008831F40B6
:10AA7400000080000000004214811F4004831F4036
:10AA8400000040000000004200811F40F0821F408F
:10AA94000000020000000042FC801F40EC821F40C6
:10AAA400000001000000004224811F4014831F4065
:10AAB400000000040000004228811F4018831F404A
:10AAC40000000008000000421C811F400C831F404E
:10AAD400000000010000004220811F4010831F403D
:10AAE4000000000200000042EC801F40DC821F4096
:10AAF4000010000000000042F0801F40E0821F4070
:10AB0400002000000000004234811F4024831F40C5
:10AB1400000000400000004238811F4028831F408D
:10AB2400000000800080004294801F4084821F4007
:10AB34000000040000C0004290801F4080821F403B
:10AB44000000008000800042A8801F4098821F40BF
:10AB54000000800000800042A4801F4094821F40B7
:10AB640000004000004000426C811F405C831F4095
:10AB74000010000000C0004230801F4020821F40AF
:10AB84008000000000800042C8811F40B8831F403D
:10AB94000080000000800042C4811F40B4831F4035
:10ABA4000040000000800042C0811F40B0831F406D
:10ABB4000020000000800042BC811F40AC831F4085
:10ABC4000010000000800042D0811F40C0831F405D
:10ABD4000000020000800042CC811F40BC831F4063
:10ABE400000001000400000007000000090000004C
:10ABF40070617463682000002F00000020200000B2
:10AC0400202020637075200025000000000FC93F3C
:10AC1400000F494000CB9640000FC9400053FB4051
:10AC240000CB164100ED2F41000F49410031624134
:10AC340000537B41003A8A4100CB9641005CA3411A
:10AC440000EDAF41007EBC41000FC94100A0D541D9
:10AC54000031E24100C2EE410053FB4100F20342E5
:10AC6400003A0A420083104200CB164200141D42EF
:10AC7400005C234200A5294200ED2F4200363642F3
:10AC8400007E3C4200C74242000F49426570696140
:10AC94006E6F000061636964000000006A756E6F86
:10ACA4007061640077657374636F6173740000008E
:10ACB400677569746172000062656C6C73000000F2
:10ACC4006D6172696D626100676C6173730000008D
:10ACD400636C6172696E65740000000063686F697B
:10ACE4007200000038303800A2000000F9000000B3
:10ACF400830000006E0000004E00000044000000CD
:10AD04001500000029000000FC00000027000000DE
:10AD140057000000D1000000F500000034000000DE
:10AD2400DD000000C0000000DB0000006200000045
:10AD340095000000990000003C0000004300000062
:10AD44009000000041000000FE00000051000000DF
:10AD540063000000AB000000DE000000BB00000048
:10AD6400C500000061000000B700000024000000DE
:10AD74006E0000003A000000420000004D00000098
:10AD8400D2000000E00000000600000049000000BE
:10AD94002E000000EA00000009000000D1000000BD
:10ADA400920000001C000000FE0000001D000000D6
:10ADB400EB0000001C000000B100000029000000AE
:10ADC400A70000003E000000E80000008200000030
:10ADD40035000000F50000002E000000BB0000005C
:10ADE4004400000084000000E90000009C00000012
:10ADF4007000000026000000B40000005F000000A6
:10AE04007E000000410000003900000091000000B5
:10AE1400D600000039000000830000005300000049
:10AE240039000000F40000009C00000084000000D1
:10AE34005F0000008B000000BD000000F90000006E
:10AE4400280000003B0000001F000000F800000084
:10AE540097000000FF000000DE0000000500000075
:10AE6400980000000F000000EF0000002F00000019
:10AE7400110000008B0000005A0000000A000000CE
:10AE84006D0000001F0000006D000000360000008F
:10AE94007E000000CF00000027000000CB0000006F
:10AEA40009000000B70000004F0000004600000049
:10AEB4003F000000660000009E0000005F000000EC
:10AEC400EA0000002D0000007500000027000000CB
:10AED400BA000000C7000000EB000000E50000001D
:10AEE400F10000007B0000003D00000007000000AE
:10AEF40039000000F70000008A0000005200000042
:10AF040092000000EA0000006B000000FB0000005B
:10AF14005F000000B10000001F0000008D00000071
:10AF24005D0000000800000056000000030000005F
:10AF34003000000046000000FC0000007B00000020
:10AF44006B000000AB000000F0000000CF00000028
:10AF5400BC000000200000009A000000F400000083
:10AF6400360000001D000000A9000000E3000000FE
:10AF740091000000610000005E000000E600000097
:10AF84001B0000000800000065000000990000009C
:10AF9400850000005F00000014000000A000000015
:10AFA40068000000400000008D000000FF00000069
:10AFB400D8000000800000004D0000007300000075
:10AFC4002700000031000000060000000600000019
:10AFD4001500000056000000CA00000073000000C5
:10AFE400A8000000C900000060000000E2000000AA
:10AFF4007B000000C00000008C0000006B0000001B
:10B00400000100005C6D002012000000000600003A
:10B01400EC1E00600A00000000020000541E0060E4
:10B024009500000000070000BC1D006095000000B2
:10B0340000030000B81D00600000000001030904C3
:10B04400A01D00600000000002030904881D0060C8
:10B0540000000000030309047C6D002000000000D0
:10B0640000000000000000000000000000000000DC
:10B074000000000070530120D853012040540120E7
:10B0840000000000000000000000000000000000BC
:10B0940000000000000000000000000000000000AC
:10B0A400000000000000000000000000000000009C
:10B0B400000000000000000000000000000000008C
:10B0C400000000000000000000000000000000007C
:10B0D400000000000000000000000000000000006C
:10B0E400000000000000000000000000000000005C
:10B0F400000000000000000000000000000000004C
:10B10400000000000000000001000000000000003A
:10B114000E33CDAB34126DE6ECDE05000B000000FF
:10B12400000000000000000000000000000000001B
:10B13400000000000000000000000000000000000B
:10B1440000000000000000000000000000000000FB
:10B1540000000000000000000000000000000000EB
:10B1640000000000000000000000000000000000DB
:10B1740000000000000000000000000000000000CB
:10B1840000000000000000000000000000000000BB
:10B194000029DE07007B9A17385C002000000000BD
:10B1A400E8030000000000007C5C002000000000B8
:10B1B400E80300000000000000003F40981F00600A
:10B1C400000000000000000000000000000000007B
:10B1D400000000000000000000000000000000006B
:10B1E400000000000000000000000000000000005B
:10B1F400000000000000000000000000000000004B
:10B20400000000000000000000000000000000003A
:10B21400000000000000000000000000000000002A
:10B22400000000000000000000000000000000001A
:10B23400000000000000000000000000000000000A
:10B2440000000000000000000000000000000000FA
:10B2540000000000000000000000000000000000EA
:10B2640000000000000000000000000000000000DA
:10B2740000000000000000000000000000000000CA
:10B2840000000000000000000000000000000000BA
:10B2940000000000000000000000000000000000AA
:10B2A400000000000000000000000000000000009A
:10B2B400000000000000000000000000000000008A
:10B2C400000000000000000000000000000000007A
:10B2D400000000000000000000000000000000006A
:10B2E40000000000000000007C5C00200000000062
:10B2F400E80300000000000000803F40481F006099
:10B304000000000000000000000000000000000039
:10B314000000000000000000000000000000000029
:10B324000000000000000000000000000000000019
:10B334000000000000000000000000000000000009
:10B3440000000000000000000000000000000000F9
:10B3540000000000000000000000000000000000E9
:10B3640000000000000000000000000000000000D9
:10B3740000000000000000000000000000000000C9
:10B3840000000000000000000000000000000000B9
:10B3940000000000000000000000000000000000A9
:10B3A4000000000000000000000000000000000099
:10B3B4000000000000000000000000000000000089
:10B3C4000000000000000000000000000000000079
:10B3D4000000000000000000000000000000000069
:10B3E4000000000000000000000000000000000059
:10B3F4000000000000000000000000000000000049
:10B404000000000000000000000000000000000038
:10B414000000000000000000000000000000000028
:10B4240000000000000000007C5C00200000000020
:10B43400E80300000000000000C03F40F81E006068
:10B4440000000000000000000000000000000000F8
:10B4540000000000000000000000000000000000E8
:10B4640000000000000000000000000000000000D8
:10B4740000000000000000000000000000000000C8
:10B4840000000000000000000000000000000000B8
:10B4940000000000000000000000000000000000A8
:10B4A4000000000000000000000000000000000098
:10B4B4000000000000000000000000000000000088
:10B4C4000000000000000000000000000000000078
:10B4D4000000000000000000000000000000000068
:10B4E4000000000000000000000000000000000058
:10B4F4000000000000000000000000000000000048
:10B504000000000000000000000000000000000037
:10B514000000000000000000000000000000000027
:10B524000000000000000000000000000000000017
:10B534000000000000000000000000000000000007
:10B5440000000000000000000000000000000000F7
:10B5540000000000000000000000000000000000E7
:10B564000000000000000000FFFFFFFF3453012033
:10B57400005B20200000000000000000000000002C
:10B584004869002048690020506900205069002063
:10B594005869002058690020606900206069002013
:10B5A40068690020686900207069002070690020C3
:10B5B4007869002078690020806900208069002073
:10B5C4008869002088690020906900209069002023
:10B5D4009869002098690020A0690020A0690020D3
:10B5E400A8690020A8690020B0690020B069002083
:10B5F400B8690020B8690020C0690020C069002033
:10B60400C8690020C8690020D0690020D0690020E2
:10B61400D8690020D8690020E0690020E069002092
:10B62400E8690020E8690020F0690020F069002042
:10B63400F8690020F8690020006A0020006A0020F0
:10B64400086A0020086A0020106A0020106A00209E
:10B65400186A0020186A0020206A0020206A00204E
:10B66400286A0020286A0020306A0020306A0020FE
:10B67400386A0020386A0020406A0020406A0020AE
:10B68400486A0020486A0020506A0020506A00205E
:10B69400586A0020586A0020606A0020606A00200E
:10B6A400686A0020686A0020706A0020706A0020BE
:10B6B400786A0020786A0020806A0020806A00206E
:10B6C400886A0020886A0020906A0020906A00201E
:10B6D400986A0020986A0020A06A0020A06A0020CE
:10B6E400A86A0020A86A0020B06A0020B06A00207E
:10B6F400B86A0020B86A0020C06A0020C06A00202E
:10B70400C86A0020C86A0020D06A0020D06A0020DD
:10B71400D86A0020D86A0020E06A0020E06A00208D
:10B72400E86A0020E86A0020F06A0020F06A00203D
:10B73400F86A0020F86A0020006B0020006B0020EB
:10B74400086B0020086B0020106B0020106B002099
:10B75400186B0020186B0020206B0020206B002049
:10B76400286B0020286B0020306B0020306B0020F9
:10B77400386B0020386B0020406B0020406B0020A9
:10B78400486B0020486B0020506B0020506B002059
:10B79400586B0020586B0020606B0020606B002009
:10B7A400686B0020686B0020706B0020706B0020B9
:10B7B400786B0020786B0020806B0020806B002069
:10B7C400886B0020886B0020906B0020906B002019
:10B7D400986B0020986B0020A06B0020A06B0020C9
:10B7E400A86B0020A86B0020B06B0020B06B002079
:10B7F400B86B0020B86B0020C06B0020C06B002029
:10B80400C86B0020C86B0020D06B0020D06B0020D8
:10B81400D86B0020D86B0020E06B0020E06B002088
:10B82400E86B0020E86B0020F06B0020F06B002038
:10B83400F86B0020F86B0020006C0020006C0020E6
:10B84400086C0020086C0020106C0020106C002094
:10B85400186C0020186C0020206C0020206C002044
:10B86400286C0020286C0020306C0020306C0020F4
:10B87400386C0020386C0020406C0020406C0020A4
:10B88400486C0020486C0020506C0020506C002054
:10B89400586C0020586C0020606C0020606C002004
:10B8A400686C0020686C0020706C0020706C0020B4
:10B8B400786C0020786C0020806C0020806C002064
:10B8C400886C0020886C0020906C0020906C002014
:10B8D400986C0020986C0020A06C0020A06C0020C4
:10B8E400A86C0020A86C0020B06C0020B06C002074
:10B8F400B86C0020B86C0020C06C0020C06C002024
:10B90400C86C0020C86C0020D06C0020D06C0020D3
:10B91400D86C0020D86C0020E06C0020E06C002083
:10B92400E86C0020E86C0020F06C0020F06C002033
:10B93400F86C0020F86C0020006D0020006D0020E1
:10B94400086D0020086D0020106D0020106D00208F
:10B95400186D0020186D0020206D0020206D00203F
:10B96400286D0020286D0020306D0020306D0020EF
:10B97400386D0020386D0020406D0020406D00209F
:10B98400FFFFFFFF000002004064002012010002DC
:10B99400EF020140C016890479020102030100008C
:10B9A4000000803F6042A20D000000400C03000034
:10B9B4000000000000000000000000000000000083
:10B9C4000000000000000000000000000000000073
:10B9D4000000000000000000000000000000000063
:10B9E4000000000000000000000000000000000053
:10B9F4000000000000000000000000000000000043
:10BA04000000000000000000000000000000000032
:10BA14000000000000000000000000000000000022
:10BA24000000000000000000000000000000000012
:10BA34000000000000000000000000000000000002
:10BA440000000000000000000000000000000000F2
:10BA540000000000000000000000000000000000E2
:10BA640000000000000000000000000000000000D2
:10BA740000000000000000000000000000000000C2
:10BA840000000000000000000000000000000000B2
:10BA940000000000000000000000000000000000A2
:10BAA4000000000000000000000000000000000092
:10BAB4000000000000000000000000000000000082
:10BAC4000000000000000000000000000000000072
:10BAD4000000000000000000000000000000000062
:10BAE4000000000000000000000000000000000052
:10BAF4000000000000000000000000000000000042
:10BB04000000000000000000000000000000000031
:10BB14000000000000000000000000000000000021
:10BB24000000000000000000000000000000000011
:10BB34000000000000000000000000000000000001
:10BB440000000000000000000000000000000000F1
:10BB540000000000000000000000000000000000E1
:10BB640000000000000000000000000000000000D1
:10BB740000000000000000000000000000000000C1
:10BB840000000000000000000000000000000000B1
:10BB940000000000000000000000000000000000A1
:10BBA4000000000000000000000000000000000091
:10BBB4000000000000000000000000000000000081
:10BBC4000000000000000000000000000000000071
:10BBD4000000000000000000000000000000000061
:10BBE4000000000000000000000000000000000051
:10BBF4000000000000000000000000000000000041
:10BC04000000000000000000000000000000000030
:10BC14000000000000000000000000000000000020
:10BC24000000000000000000000000000000000010
:10BC34000000000000000000000000000000000000
:10BC440000000000000000000000000000000000F0
:10BC540000000000000000000000000000000000E0
:10BC640000000000000000000000000000000000D0
:10BC740000000000000000000000000000000000C0
:10BC840000000000000000000000000000000000B0
:10BC940000000000000000000000000000000000A0
:10BCA4000000000000000000000000000000000090
:10BCB4000000000000000000000000000000000080
:10BCC4000000000000000000000000000000000070
:10BCD4000000000000000000000000000000000060
:10BCE4000000000000000000000000000000000050
:10BCF4000000000000000000000000000000000040
:10BD0400000000000000000000000000000000002F
:10BD1400000000000000000000000000000000001F
:10BD2400000000000000000000000000000000000F
:10BD340000000000000000000000000000000000FF
:10BD440000000000000000000000000000000000EF
:10BD540000000000000000000000000000000000DF
:10BD640000000000000000000000000000000000CF
:10BD740000000000000000000000000000000000BF
:10BD840000000000000000000000000000000000AF
:10BD9400000000000000000000000000000000009F
:10BDA400000000000000000000000000000000008F
:10BDB400000000000000000000000000000000007F
:10BDC400000000000000000000000000000000006F
:10BDD400000000000000000000000000000000005F
:10BDE400000000000000000000000000000000004F
:10BDF400000000000000000000000000000000003F
:10BE0400000000000000000000000000000000002E
:10BE1400000000000000000000000000000000001E
:10BE2400000000000000000000000000000000000E
:10BE340000000000000000000000000000000000FE
:10BE440000000000000000000000000000000000EE
:10BE540000000000000000000000000000000000DE
:10BE640000000000000000000000000000000000CE
:10BE740000000000000000000000000000000000BE
:10BE840000000000000000000000000000000000AE
:10BE9400000000000000000000000000000000009E
:10BEA400000000000000000000000000000000008E
:10BEB400000000000000000000000000000000007E
:10BEC400000000000000000000000000000000006E
:10BED400000000000000000000000000000000005E
:10BEE400000000000000000000000000000000004E
:10BEF400FFFFFFFFFFFFFFFFFFFFFFFFFFFFFFFF4E
:10BF0400FFFFFFFFFFFFFFFFFFFFFFFFFFFFFFFF3D
:10BF1400FFFFFFFFFFFFFFFFFFFFFFFFFFFFFFFF2D
:10BF2400FFFFFFFFFFFFFFFFFFFFFFFFFFFFFFFF1D
:10BF3400FFFFFFFFFFFFFFFFFFFFFFFFFFFFFFFF0D
:10BF4400FFFFFFFFFFFFFFFFFFFFFFFFFFFFFFFFFD
:10BF5400FFFFFFFFFFFFFFFFFFFFFFFFFFFFFFFFED
:10BF6400FFFFFFFFFFFFFFFFFFFFFFFFFFFFFFFFDD
:10BF7400FFFFFFFFFFFFFFFFFFFFFFFFFFFFFFFFCD
:10BF8400FFFFFFFFFFFFFFFFFFFFFFFFFFFFFFFFBD
:10BF9400FFFFFFFFFFFFFFFFFFFFFFFFFFFFFFFFAD
:10BFA400FFFFFFFFFFFFFFFFFFFFFFFFFFFFFFFF9D
:10BFB400FFFFFFFFFFFFFFFFFFFFFFFFFFFFFFFF8D
:10BFC400FFFFFFFFFFFFFFFFFFFFFFFFFFFFFFFF7D
:10BFD400FFFFFFFFFFFFFFFFFFFFFFFFFFFFFFFF6D
:10BFE400FFFFFFFFFFFFFFFFFFFFFFFFFFFFFFFF5D
:10BFF400FFFFFFFFFFFFFFFFFFFFFFFF0000000049
:10C00400000000000000000000000000000000002C
:10C01400000000000000000000000000000000001C
:10C02400000000000000000000000000000000000C
:10C0340000000000000000000000000000000000FC
:10C0440000000000000000000000000000000000EC
:10C0540000000000000000000000000000000000DC
:10C0640000000000000000000000000000000000CC
:10C0740000000000000000000000000000000000BC
:10C0840000000000000000000000000000000000AC
:10C09400000000000000000000000000000000009C
:10C0A400000000000000000000000000000000008C
:10C0B400000000000000000000000000000000007C
:10C0C400000000000000000000000000000000006C
:10C0D400000000000000000000000000000000005C
:10C0E400000000000000000000000000000000004C
:10C0F400000000000000000000000000000000003C
:10C10400000000000000000000000000000000002B
:10C11400000000000000000000000000000000001B
:10C12400000000000000000000000000000000000B
:10C1340000000000000000000000000000000000FB
:10C1440000000000000000000000000000000000EB
:10C1540000000000000000000000000000000000DB
:10C1640000000000000000000000000000000000CB
:10C1740000000000000000000000000000000000BB
:10C1840000000000000000000000000000000000AB
:10C19400000000000000000000000000000000009B
:10C1A400000000000000000000000000000000008B
:10C1B400000000000000000000000000000000007B
:10C1C400000000000000000000000000000000006B
:10C1D400000000000000000000000000000000005B
:10C1E400000000000000000000000000000000004B
:10C1F400000000000000000000000000000000003B
:10C20400000000000000000000000000000000002A
:10C21400000000000000000000000000000000001A
:10C22400000000000000000000000000000000000A
:10C2340000000000000000000000000000000000FA
:10C2440000000000000000000000000000000000EA
:10C2540000000000000000000000000000000000DA
:10C2640000000000000000000000000000000000CA
:10C2740000000000000000000000000000000000BA
:10C2840000000000000000000000000000000000AA
:10C29400000000000000000000000000000000009A
:10C2A400000000000000000000000000000000008A
:10C2B400000000000000000000000000000000007A
:10C2C400000000000000000000000000000000006A
:10C2D400000000000000000000000000000000005A
:10C2E400000000000000000000000000000000004A
:10C2F400000000000000000000000000000000003A
:10C304000000000000000000000000000000000029
:10C314000000000000000000000000000000000019
:10C324000000000000000000000000000000000009
:10C3340000000000000000000000000000000000F9
:10C3440000000000000000000000000000000000E9
:10C3540000000000000000000000000000000000D9
:10C3640000000000000000000000000000000000C9
:10C3740000000000000000000000000000000000B9
:10C3840000000000000000000000000000000000A9
:10C394000000000000000000000000000000000099
:10C3A4000000000000000000000000000000000089
:10C3B4000000000000000000000000000000000079
:10C3C4000000000000000000000000000000000069
:10C3D4000000000000000000000000000000000059
:10C3E4000000000000000000000000000000000049
:10C3F4000000000000000000000000000000000039
:10C404000000000000000000000000000000000028
:10C414000000000000000000000000000000000018
:10C424000000000000000000000000000000000008
:10C4340000000000000000000000000000000000F8
:10C4440000000000000000000000000000000000E8
:10C4540000000000000000000000000000000000D8
:10C4640000000000000000000000000000000000C8
:10C4740000000000000000000000000000000000B8
:10C4840000000000000000000000000000000000A8
:10C494000000000000000000000000000000000098
:10C4A4000000000000000000000000000000000088
:10C4B4000000000000000000000000000000000078
:10C4C4000000000000000000000000000000000068
:10C4D4000000000000000000000000000000000058
:10C4E4000000000000000000000000000000000048
:10C4F4000000000000000000000000000000000038
:10C504000000000000000000000000000000000027
:10C514000000000000000000000000000000000017
:10C524000000000000000000000000000000000007
:10C5340000000000000000000000000000000000F7
:10C5440000000000000000000000000000000000E7
:10C5540000000000000000000000000000000000D7
:10C5640000000000000000000000000000000000C7
:10C5740000000000000000000000000000000000B7
:10C5840000000000000000000000000000000000A7
:10C594000000000000000000000000000000000097
:10C5A4000000000000000000000000000000000087
:10C5B4000000000000000000000000000000000077
:10C5C4000000000000000000000000000000000067
:10C5D4000000000000000000000000000000000057
:10C5E4000000000000000000000000000000000047
:10C5F4000000000000000000000000000000000037
:10C604000000000000000000000000000000000026
:10C614000000000000000000000000000000000016
:10C624000000000000000000000000000000000006
:10C6340000000000000000000000000000000000F6
:10C6440000000000000000000000000000000000E6
:10C6540000000000000000000000000000000000D6
:10C6640000000000000000000000000000000000C6
:10C6740000000000000000000000000000000000B6
:10C6840000000000000000000000000000000000A6
:10C694000000000000000000000000000000000096
:10C6A4000000000000000000000000000000000086
:10C6B4000000000000000000000000000000000076
:10C6C4000000000000000000000000000000000066
:10C6D4000000000000000000000000000000000056
:10C6E4000000000000000000000000000000000046
:10C6F4000000000000000000000000000000000036
:10C704000000000000000000000000000000000025
:10C714000000000000000000000000000000000015
:10C724000000000000000000000000000000000005
:10C7340000000000000000000000000000000000F5
:10C7440000000000000000000000000000000000E5
:10C7540000000000000000000000000000000000D5
:10C7640000000000000000000000000000000000C5
:10C7740000000000000000000000000000000000B5
:10C7840000000000000000000000000000000000A5
:10C794000000000000000000000000000000000095
:10C7A4000000000000000000000000000000000085
:10C7B4000000000000000000000000000000000075
:10C7C4000000000000000000000000000000000065
:10C7D4000000000000000000000000000000000055
:10C7E4000000000000000000000000000000000045
:10C7F4000000000000000000000000000000000035
:10C804000000000000000000000000000000000024
:10C814000000000000000000000000000000000014
:10C824000000000000000000000000000000000004
:10C8340000000000000000000000000000000000F4
:10C8440000000000000000000000000000000000E4
:10C8540000000000000000000000000000000000D4
:10C8640000000000000000000000000000000000C4
:10C8740000000000000000000000000000000000B4
:10C8840000000000000000000000000000000000A4
:10C894000000000000000000000000000000000094
:10C8A4000000000000000000000000000000000084
:10C8B4000000000000000000000000000000000074
:10C8C4000000000000000000000000000000000064
:10C8D4000000000000000000000000000000000054
:10C8E4000000000000000000000000000000000044
:10C8F4000000000000000000000000000000000034
:10C904000000000000000000000000000000000023
:10C914000000000000000000000000000000000013
:10C924000000000000000000000000000000000003
:10C9340000000000000000000000000000000000F3
:10C9440000000000000000000000000000000000E3
:10C9540000000000000000000000000000000000D3
:10C9640000000000000000000000000000000000C3
:10C9740000000000000000000000000000000000B3
:10C9840000000000000000000000000000000000A3
:10C994000000000000000000000000000000000093
:10C9A4000000000000000000000000000000000083
:10C9B4000000000000000000000000000000000073
:10C9C4000000000000000000000000000000000063
:10C9D4000000000000000000000000000000000053
:10C9E4000000000000000000000000000000000043
:10C9F4000000000000000000000000000000000033
:10CA04000000000000000000000000000000000022
:10CA14000000000000000000000000000000000012
:10CA24000000000000000000000000000000000002
:10CA340000000000000000000000000000000000F2
:10CA440000000000000000000000000000000000E2
:10CA540000000000000000000000000000000000D2
:10CA640000000000000000000000000000000000C2
:10CA740000000000000000000000000000000000B2
:10CA840000000000000000000000000000000000A2
:10CA94000000000000000000000000000000000092
:10CAA4000000000000000000000000000000000082
:10CAB4000000000000000000000000000000000072
:10CAC4000000000000000000000000000000000062
:10CAD4000000000000000000000000000000000052
:10CAE4000000000000000000000000000000000042
:10CAF4000000000000000000000000000000000032
:10CB04000000000000000000000000000000000021
:10CB14000000000000000000000000000000000011
:10CB24000000000000000000000000000000000001
:10CB340000000000000000000000000000000000F1
:10CB440000000000000000000000000000000000E1
:10CB540000000000000000000000000000000000D1
:10CB640000000000000000000000000000000000C1
:10CB740000000000000000000000000000000000B1
:10CB840000000000000000000000000000000000A1
:10CB94000000000000000000000000000000000091
:10CBA4000000000000000000000000000000000081
:10CBB4000000000000000000000000000000000071
:10CBC4000000000000000000000000000000000061
:10CBD4000000000000000000000000000000000051
:10CBE4000000000000000000000000000000000041
:0CCBF40000000000000000000000000035
:040000056000100087
:00000001FF
