:1000000000000320D1010000A5E7000061E7000027
:1000100061E7000061E7000061E7000061E70000C0
:1000200061E7000061E7000061E70000A5E700006C
:10003000A5E7000061E70000D1F90000D5F9000054
:10004000A5E70000A5E70000A5E70000A5E7000080
:10005000A5E70000A5E70000A5E70000A5E7000070
:10006000A5E70000A5E70000A5E70000A5E7000060
:10007000A5E70000A5E70000A5E70000A5E7000050
:10008000A5E70000A5E70000A5E70000A5E7000040
:10009000A5E70000A5E70000A5E70000A5E7000030
:1000A0006901010075010100A5E70000A5E7000056
:1000B000A5E70000A5E70000A5E70000A5E7000010
:1000C000A5E70000A5E70000A5E70000A5E7000000
:1000D000A5E70000A5E70000A5E70000A5E70000F0
:1000E000A5E70000A5E70000A5E70000A5E70000E0
:1000F000A5E70000A5E70000A5E70000A5E70000D0
:100100007DE2000099E20000B5E20000D1E20000CB
:10011000A5E700009DEC0000A5E70000A5E70000B2
:10012000A5E70000A5E70000A5E70000A5E700009F
:10013000A5E70000A5E70000A5E70000A5E700008F
:10014000FDDF0000A5E70000A5E70000A5E700002F
:10015000A5E70000A5E70000A5E70000A5E700006F
:10016000A5E70000A5E7000081010100A5E7000068
:10017000A5E70000A5E70000A5E70000A5E700004F
:10018000A5E70000A5E70000A5E70000A5E700003F
:10019000A5E70000A5E70000A5E70000A5E700002F
:1001A000A5E70000A5E70000A5E700008D0101001C
:1001B000A5E70000A5E70000A5E70000A5E700000F
:1001C000A5E70000A5E70000A5E70000A5E70000FF
:1001D0005F4B4CF2205210B5DA814DF62812DA81CD
:1001E00000BF00BF0EF0E2FA5A4B4FF030621A63C4
:1001F000594A9A63594ADA634FF0E0234FF4700288
:10020000C3F8882D03F5E823554A1A60554B9A78B0
:10021000110703D59A7842F008029A70524B53485E
:10022000AA221A70524BDA1C121AC11E22F00302C3
:10023000994288BF00224F490EF0BEF94E4B4F48FD
:10024000DA1C121AC11E22F00302994288BF002252
:10025000002113F043F84A494A484FF4E8720EF07F
:10026000ABF9494B494A802103F8011B9342FBD16A
:100270004FF0E023434AC3F8082D454B8A221A70F9
:10028000A3F5805324225A70A0221A709A799207FB
:10029000FCD59A79D406FCD43E4A937903F00C033A
:1002A000082BFAD1304B60225A70DA78802AFCD1C0
:1002B000384B01221A715D225A719A799006FCD549
:1002C0009A795106FCD5234A33495164002191643F
:1002D000202119702F498B7903F00C030C2BFAD1D4
:1002E0002E4B53602E4A136913F4807303D153616C
:1002F0004FF4A85313614FF0E0232A4A5A610022B9
:100300009A6107221A61284AC3F8202D62B60EF0BE
:10031000D9FA234B5B69DA0705D524480EF0C6FAF3
:10032000234B244ADA61244B1B785B0609D5204C09
:10033000204BE2699A4204D11C480EF0B7FA002320
:10034000E3610EF039FA13F039F80EF02DF9FEE7FB
:100350000020054000800440823F04000100002B83
:100360000300008500D0074000E007404024FF1F45
:10037000A02FFF1FC8950100E00F0020A02FFF1F36
:1003800000000000001AFF1F00E400E064E400E049
:10039000005006400040064000000602C010070062
:1003A00000D003401FBF0200000020207C647E6A52
:1003B00000E00340A5C3945A00F00740FFFFFFFF91
:1003C000FFFFFFFFFFFFFFFFFFFFFFFFFFFFFFFF3D
:1003D000FFFFFFFFFFFFFFFFFFFFFFFFFFFFFFFF2D
:1003E000FFFFFFFFFFFFFFFFFFFFFFFFFFFFFFFF1D
:1003F000FFFFFFFFFFFFFFFFFFFFFFFFFFFFFFFF0D
:10040000FFFFFFFFFFFFFFFFFFFFFFFFDEF9FFFF23
:100410000548064B1B1AD90F01EBA301491002D066
:10042000034B03B118477047A02FFF1FA02FFF1FDA
:100430000000000008B5054B1BB105490548AFF3A6
:100440000080BDE80840FFF7E3BF00BF00000000E8
:10045000A02FFF1FC09501002DE9F04F541E0F2C57
:100460008BB003D8002901DB8A4202DA0BB0BDE869
:10047000F08F93FBF2F402FB1433002BC46801935A
:10048000BCBF9B1801930023A242036042608160BD
:10049000D8BFC3600029E9D08A4200F0018101235E
:1004A000551A00249D42CDE908440793029500F3B4
:1004B00083801C461D460393019B0492C3F10009EF
:1004C000D71A4FF000080126A6468B464A467346C7
:1004D0004FF0000C11E050F824300B4340F824306A
:1004E0000CF1010C4FEA6C130AA9AC4501EB830334
:1004F00002F101021CD053F80C3C0CF01F01002A41
:1005000023FA01FA1146B8BF0CEB07014C110AF0AF
:10051000010A01F01F01234606FA01F1BAF1000FAA
:10052000D9D150F8244024EA010440F82340D7E709
:1005300008F10108C345E14467445B46C6DC012B72
:100540005946049AB8BF01210CFB01FC029F012F00
:100550008CD1039E019B6644ACEB0301F61AA3EB1E
:100560000C0C08E050F82E401C4340F82E4001319E
:100570008E423FF47BAF01EB0C035C110AAD05EB3F
:100580008404002954F8084C03F01F0524FA05F4EC
:100590000B46B8BF53184FEA631E04F0010403F082
:1005A0001F0307FA03F3002CDCD150F82E4024EA95
:1005B000030440F82E40DAE70490039327469C4654
:1005C0000DF124089E469A4620460592029ADDF8CF
:1005D0000C9000268A42A8BF0A460CEB0A05344656
:1005E0004B460CE044F8049C013674110AABB44548
:1005F00003EB840019D050F80C3C50F8040C06F0C2
:100600001F0B23FA0BF9A30003F128040EFA0BFBCE
:1006100019F0010F6C444BEA0009E3D128336B4415
:1006200020EA0B0043F8040CDEE700230DE058F845
:100630002900204348F82900013358110AAC5345DA
:1006400004EB800016D050F8087C03F01F0B03EB7E
:100650000C0027FA0BF700F01F04FF074FEA6019A0
:100660000EFA04F4E3D458F8297027EA040748F88E
:100670002970E1E78A4224DB029B9B1A0293029BCA
:1006800009980790012B17DC114600290446059AAA
:100690000498CDF80CA03FF70FAF4FF0000C55E7D2
:1006A00000210B46012505FA03F401339A4241EA81
:1006B0000401F8D10160D9E6089F0390AC461146C9
:1006C00084E7039B08938B1A0293B246D7E700BFD7
:1006D00010B590ED027ADFED7F7AD0ED006AB4EECE
:1006E000E77AF1EE10FA2DED048B04460AD4DFED23
:1006F0007A7A66EEA77AB4EEE77AF1EE10FAD8BF0E
:10070000F0EE477A87EEA60A9FED727A94ED038A9F
:10071000B4EEC78AF1EE10FA5ABFB7EE007A87EE50
:10072000089AB0EE478A9FED6D7A48BF9FED6C9AAC
:1007300020EE070A0FF06EFE6368F0EE408A082B89
:100740002CD8DFE803F06A717B828C97A305420006
:10075000D4ED040ADFED637AB2EE040AC0EEA70A14
:100760000FF058FDB5EE400AF1EE10FAB0EE408AF7
:1007700000F1AC80B1EEC80AC8EE808AB7EE007A0C
:10078000FFEE007AE8EE087A38EE478A84ED087AC0
:1007900028EE098AC4ED0A7A84ED098A78EE897A0E
:1007A000F7EE006AB0EE666AA7EEA86A86EE867A71
:1007B00067EE287A84ED057A27EEA80ABDEC048B53
:1007C000C4ED067A84ED070A10BDD4ED040ADFED0E
:1007D000457AB2EE040AC0EEA70A0FF01BFDB5EE93
:1007E000400AF1EE10FAB0EE408A6CD4B1EEC80ABD
:1007F000B7EE007A77EE487A68EE086A67EE897A93
:1008000037EE667A67EE887A68EE808AC4ED086A09
:10081000C4ED097A84ED0A7AC0E700234FF07E52D6
:1008200023626362A262B9E72F4BA3624FF07E524C
:10083000F1EE497A2262C4ED097AAFE700234FF066
:100840007E5223626262A362A8E700234FF07E52C9
:10085000F1EE497A2262C4ED097AA3629EE74FF075
:100860007E52F1EE497A4FF040432262C4ED097A9C
:10087000A36293E7F8EE007A69EE277A00234FF03F
:100880007E522262C4ED097AA36287E7DFED157A12
:10089000D4ED040AB2EE040AC0EEA70A0FF0BAFCC7
:1008A0000023A36228EE008AB7EE007A87EE089A4A
:1008B000FFEE007AE0EE007A84ED087A67EE897A3E
:1008C000C4ED097A6AE70FF003FD91E70FF000FD30
:1008D00052E700BF6F12833A48E1FA3EDB0F49400E
:1008E000FFFF794400002042000080BF012910B5BD
:1008F000044600F0A580022926D001B110BDDFED2D
:10090000AE7A90ED067AAD4B4360B4EEE77AF1EE45
:1009100010FA80ED020AC0ED037A00F20D81B0EE0C
:10092000670AD4ED057A84ED0A0AF5EEC07AF1EE95
:1009300010FA00F227819FEDA00A84ED0D0A4FF016
:100940007E536362236310BDF7EE007A9C4A9FEDED
:100950009D5ADFED996ADFED9C4ADFED9C3A80ED10
:10096000420AB0EE674A034600F1900119E0B4EE86
:10097000E47AF1EE10FA5EDCB5EEC07AF1EE10FA30
:10098000C8BF84EE076A83ED477AD8BFB0EE666AC7
:1009900083ED486AC3ED466A1833994217D0F2ECEA
:1009A000017AD3ED455A67EE857AB0EE666A87EE36
:1009B000A57AB5EEC07AF1EE10FAD8D5C3ED476A44
:1009C00083ED486AC3ED466A18339942E7D1D4ED06
:1009D000437AC4ED746AF5EEC07AF1EE10FAC4ED14
:1009E000756A00F2B4809FED740AD4ED447A94EDF8
:1009F000417A9FED776ADFED776A774A84ED780A6E
:100A000067EE867A27EE267A0023F4EEC77AF1EEB7
:100A100010FA58BFF0EE477AC4F8B431C4ED6B7ADF
:100A2000C4F8B02104F5D270FFF752FE4FF07E53A8
:100A3000C4F8DC3110BDB0EE636AC3ED474AA7E7E6
:100A4000DFED666A90ED127A80ED110AC6EE877AC4
:100A5000DFED596AF4EEE67AF1EE10FA00F18280E9
:100A60009FED596AF4EEC67AF1EE10FA00F39A801F
:100A7000F4EEE67AF1EE10FAC4BFF7EE006A86EE05
:100A8000A77AC0ED147AD8BFB0EE667AD4ED186AB2
:100A90009FED536A84ED157AC6EE267ADFED466A3D
:100AA000F4EEE67AF1EE10FA77D49FED476AF4EEB1
:100AB000C67AF1EE10FA7ADCF4EEE67AF1EE10FA8C
:100AC000C4BFF7EE006A86EEA77AC4ED1A7AD8BFE3
:100AD000B0EE667A9FED380AD4ED0F7A84ED1B7A7A
:100AE000F4EEC07A4FF07A53F1EE10FA84ED130A67
:100AF000636684ED390A84ED3A0A09D994ED3B7AAC
:100B00009FED380A67EE877A80EE270A0FF046FBE2
:100B1000D4ED107A84ED3D0AF5EEC07AF1EE10FACC
:100B200025D89FED250A84ED400A4FF07E53C4F886
:100B3000F030C4F8FC3010BDD0ED087A9FED290AE2
:100B400027EE277A80EE070A0FF028FBE9E694EDFE
:100B5000767A9FED240A67EE877A80EE270A0FF0F7
:100B60001DFB42E7B0EE667AC0ED146A8EE794EDA5
:100B70003E7A9FED1C0A67EE877A80EE270A0FF017
:100B80000DFBD0E794ED0B7A9FED160A67EE877A9E
:100B900080EE270A0FF002FBCFE6B0EE667AC4EDD6
:100BA0001A6A97E79FED097A80ED146A6EE79FED68
:100BB000077A84ED1A6A8DE70000000000004042C9
:100BC000C43901000000A54348E1FA3EBC9C024044
:100BD00000C0DA456666E63E8104353F00003943D1
:100BE00000009443550CDDC0F8B52DED0C8BD0ED15
:100BF000018A90ED029AF6EE007AF4EEE78AF1EEC1
:100C000010FAF1EE007A4CBFBFEE00BAB0EE08BAAF
:100C1000B5EEC09A48BFA8EEA7BA074658BFA8EEDF
:100C2000E7BAF1EE10FA40F3B880F3EE00AA69EEED
:100C30002ABAF2EE009A38EEEB0A10F05BFCF0EE06
:100C4000407AFDEEE77A38EEAB0A17EE904A10F0E4
:100C500099FCFDEEC07A69EE299A17EE906AB442CB
:100C60009FED57AA3BDCD7ED03CA9FED56CA564D00
:100C7000B0EE4ADA013612E007EE103AD1ED007A12
:100C8000B8EEC70A91ED017A38EE408A37EE677AFE
:100C90000134E8EE077AB442A9EEA7AA1FD007EE06
:100CA000904AF8EEE77AB0EE6A8A78EEE77AA7EE35
:100CB000AC8A28EE0C8AB0EE480A10F063FCFDEE18
:100CC000C07A17EE903AB3F5006F05EB8301D3D3EA
:100CD0000134F0EE4D7AB442A9EEA7AADFD1F6EEC8
:100CE00000AA78EEEAAA3BEE0AAA3AEEEB0A10F066
:100CF00001FCF0EE407AFDEEE77A3AEEAB0A17EE31
:100D0000904A10F03FFCFDEEC07A9FED2DDA17EE11
:100D1000906AB442F1EE699A3DDC97ED03CADFEDCB
:100D200029BA294DF0EE4DCA0136B3EE00BA12E0F1
:100D300007EE103AD1ED007AB8EEC70A91ED017ACC
:100D400038EE408A37EE677A0134E8EE077AB4422B
:100D5000A9EEA7DA1FD007EE904AF8EEE77AB0EED8
:100D60004B8A7AEEE77AA7EE8C8A28EE2B8AB0EED1
:100D7000480A10F007FCFDEEC07A17EE903AB3F582
:100D8000006F05EB8301D3D30134F0EE6C7AB442EB
:100D9000A9EEA7DADFD13AEE0DBA78EE898AF7EE3E
:100DA000007AF4EEE78AF1EE10FAA8BF78EEE78A4F
:100DB000B0EE4B0AC7ED018ABDEC0C8BF8BD00BF4D
:100DC0000000000000008042443E0100F8B5436985
:100DD0002DED0E8B0446032B00F29381DFE813F018
:100DE0000F012B002200040090ED018A9FEDCF0A35
:100DF00028EE000A0FF0D4FA94ED027A38EE078A52
:100E0000F7EE007AB4EEE78AF1EE10FAA8BF38EEFA
:100E1000678AF0EE408A84ED018AB0EE680ABDEC84
:100E20000E8BF8BDFFF7E0FEF0EE408AB0EE680AE8
:100E3000BDEC0E8BF8BD90ED019A90ED048AD0EDDB
:100E4000029AB4EEC89AF1EE10FAF7EE00BAFFEE8D
:100E5000008AF5EEC09A48BFF0EE6B8AF1EE10FA08
:100E600040F3BB80B3EE00AA29EE8ACA9FEDB0EA38
:100E700039EE4C0A10F03EFBF0EE407AFDEEE77AD8
:100E800039EE0C0A17EE905A10F07CFBFDEEC07A9A
:100E900017EE907ABD4244DC94ED03BADFEDA5AACB
:100EA000A54EF0EE4ECA01371BE091ED007AD1ED70
:100EB000016AF8EEE77A76EEC76A7DEEE7DAF0EEE1
:100EC000477AEDEEA67A0135B5EEC0DAF1EE10FA0A
:100ED000A8BF77EEEB7ABD4277EEA77A3EEE27EA1F
:100EE0001FD007EE905AB8EEE7DA39EE4DDA2DEE64
:100EF0000BDA7DEE0ADA6DEEAADAB0EE6D0A10F0CA
:100F000041FBFDEEC07A17EE903AB3F5006F06EBA9
:100F10008301CAD30135F0EE6C7ABD423EEE27EA7A
:100F2000DFD179EE48AA3EEE28EA3AEECC0A10F07C
:100F3000E1FAF0EE407AFDEEE77A3AEE8C0A17EE2F
:100F4000905A10F01FFBFDEEC07A17EE907ABD426A
:100F500000F3D48094ED03CADFED758ADFED75BA36
:100F6000754E0137B3EE00BAF8EE00CAB7EE00DAFC
:100F700007EE905AB8EEE78A01353AEEC88A28EEB5
:100F80000C8A78EE0BDA6DEEABDAB0EE6D0A10F08B
:100F9000F9FAFDEEC07A17EE903AB3F5006F06EB62
:100FA000830116D291ED007AD1ED016AF8EEE77A6D
:100FB00076EEC76A7DEEE7DAF0EE477AEDEEA67AD6
:100FC000B5EEC08AF1EE10FAA8BF77EECD7AE7EE63
:100FD000AC8ABD42CCD17EEE288A39EE299AF7EE52
:100FE000007AB4EEE79AF1EE10FAA8BF39EE679AEC
:100FF000B0EE680A84ED019ABDEC0E8BF8BD90ED61
:1010000002CAD0ED019AB5EEC0CAF0EE007AFFEE4A
:10101000008AF1EE10FAE9EEA78A5ADDF3EE00AA93
:10102000B0EE690AACEE6A0A10F064FAF0EE407AAB
:10103000FDEEE77AB0EE690AACEE2A0A17EE905A96
:1010400010F0A0FAFDEEC07A17EE907ABD4252DCA5
:10105000D4ED03BA9FED36AA9FED36BA364E01376E
:10106000F8EE00CAB7EE00DA07EE905AB8EEE78A5B
:10107000013539EEC88A28EE2B8A38EE2A9A29EEF5
:101080000B9AB0EE490A10F07DFAFDEEC07A17EE29
:10109000903AB3F5006F06EB830116D291ED007A1A
:1010A000D1ED016AF8EEE77A76EEC76A39EE679A13
:1010B000F0EE477AE9EE267AB5EEC08AF1EE10FA44
:1010C000A8BF77EECD7AA7EEACAABD42CCD178EE20
:1010D0008A8A79EE8C9AF7EE007AF4EEE79AF1EECE
:1010E00010FAA8BF79EEE79AB0EE680AC4ED019A4B
:1010F000BDEC0E8BF8BD9FED0EAAE8E7DFED0C8A84
:1011000069E7D0ED017AD0ED026ADFED098A77EE6A
:10111000A67AB7EE007AF4EEC77AF1EE10FAA8BF1D
:1011200077EEC77AC0ED017A77E600BFDB0FC940E2
:101130000000000000008042485E010010B52DED67
:10114000068B9FEDC69AB4EEC90AF1EE10FA0B4673
:1011500082B0B0EE408A0446114640F31C82DFEDB7
:10116000B27AB4EEE70AF1EE10FA00F17B81AF4AF1
:10117000026043604C2208300DF01EFADFEDAA7ABF
:10118000B4EEE78AF1EE10FA00F17381A74B6365C4
:10119000DFEDA57AB4EEE78AF1EE10FA00F16B818B
:1011A000A24BE366DFEDA07AB4EEE78AF1EE10FA27
:1011B00000F163819D4AC4F884200123C4F898306B
:1011C000DFED997AB4EEE78AF1EE10FA00F15A8178
:1011D00096489749C4F89C0000224FF07E53C4F80B
:1011E000A010C4F8A420C4F8A83004F1BC00DFEDBE
:1011F0008E7AB4EEE78AF1EE10FA00F169818B4B3A
:10120000C4F8BC300190FFF763FA00230198C4F8DA
:10121000C030FFF75DFADFED847AB4EEE78AF1EED5
:1012200010FA00F11682DFED8E7AF0EE678AC4EDD7
:101230003C7ADFED7D7AB4EEE78AF1EE10FA40F108
:101240007881DFED807A9FED807A68EE277A87EEED
:10125000270A84ED438A0EF0A1FF9FED7C0A9FEDE3
:101260007C9A28EE000A89EE000A0EF097FF9FEDA7
:10127000790A28EE000A89EE000A0EF08FFFD4EDFD
:10128000027A94ED090A94ED0AAA94ED0B9AD4ED32
:101290000C9AB6EE007A77EE877AB5EEC00AFDEECC
:1012A000E77AF1EE10FA17EE903A83F30203A366A1
:1012B000C4F8803040F25981DFED637A20EE280ACD
:1012C00087EE800A0EF06AFFF7EE007A37EEC00A6A
:1012D000B5EEC0AAF1EE10FA84ED400A40F22E817C
:1012E0002AEE28AA9FED5A0A80EE0A0A0EF056FF4F
:1012F000F7EE007A37EEC00AF5EEC09AF1EE10FA7A
:1013000084ED410A40F2248169EEA89A9FED500ACB
:1013100080EE290A0EF042FFF7EE007A37EEC00A9F
:10132000B5EEC09AF1EE10FA84ED420A00F11A818E
:10133000F7EE007AB4EE679AF1EE10FAC8BFB0EE9D
:10134000679A94ED0D0A84ED3F9AB5EEC00AF1EE6E
:1013500010FAD4ED0E9AD4ED0F8A94ED109A40F263
:101360001781DFED397A20EE080A87EE800A0EF049
:1013700015FFF7EE007A37EEC00AF5EEC09AF1EEEF
:1013800010FA84ED470A40F2008169EE889A9FEDD9
:10139000300A80EE290A0EF001FFF7EE007A37EEF0
:1013A000C00AB5EEC09AF1EE10FA84ED480A40F298
:1013B000DF8029EE089A9FED260A80EE090A0EF0DA
:1013C000EDFEF7EE007A37EEC00AF5EEC08AF1EED8
:1013D00010FA84ED490A00F1D580F7EE007AF4EEB8
:1013E000678AF1EE10FAC8BFF0EE678AD4ED127A80
:1013F000C4ED468ABFEE007AF4EEC77AF1EE10FA39
:1014000000F10B81B7EE000AF4EEC07AF1EE10FAAB
:1014100040F308819FED078A84ED508A84ED510ADC
:1014200002B0BDEC068B10BD8096184B00803B4788
:10143000B8BF813D2EBD3BB36666E63E00007A44F0
:10144000DB0FC9C00AD7233C549F8CBFCDCCCC3D09
:101450008E5D93C0CDCC4C3E49FF15BB0000000013
:1014600000803B4784ED000A4C22436008300DF0B9
:10147000A3F884ED158A84ED1B8A012384ED218A6B
:10148000C4F898301FED140A5FED147A1FED147A3A
:1014900084ED278A28EE000AB4EEE70AF1EE10FA8E
:1014A00058BFB0EE670A20EE077A38EE080A87EEDA
:1014B000000A0EF073FE0023C4F8A43004F1BC004F
:1014C000F7EE007A37EEC00AC4ED2A7A84ED280AD6
:1014D00084ED2F8A0190FFF7FBF800230198C4F8F0
:1014E000C030FFF7F5F85FED297A1FED297A68EE35
:1014F000277AF0EE488A87EE270AC4ED3C8A0EF080
:101500004DFE1FED2E0A1FED2E9A28EE800A89EE61
:10151000000A0EF043FE1FED310A28EE800A89EE24
:10152000000A0EF03BFEB5EEC08AF1EE10FA3FF76E
:1015300080AE1FED370A1FED368A8AE6F5EEC09AB7
:10154000B7EE000AF1EE10FA84ED410A3FF6DCAE88
:10155000B5EEC09AB7EE000AF1EE10FA84ED420A39
:101560007FF5E6AE1FED439AEBE6B7EE000AAFE675
:10157000F5EEC08AB7EE000AF1EE10FA84ED490AE2
:101580007FF52BAF5FED4B8A30E7B7EE000A08E737
:10159000B7EE000AF1E65FED4E8A4360C0ED008AC7
:1015A0004C2208300DF008F8B5EEC08AF1EE10FAC2
:1015B0003FF7E4ADC4ED158A3FF7EAADC4ED1B8AF1
:1015C0003FF7F0AD4FF00103C4ED218AC4F8983025
:1015D0003FF7F6AD2F4AC4ED278A4FF07E53C4F88B
:1015E000A02084ED299AC4F8A83004F1BC003FF78C
:1015F000FEADC4ED2F8A0190FFF76AF80023019831
:10160000C4F8C030FFF764F8B5EEC08AF1EE10FA06
:101610003FF701AE9FED200A6FE79FED200AB7EE7E
:10162000008AF9E637EE808A9FED1D7A28EE078A58
:10163000F5EE007A28EE278AB0EE480A0EF078FE22
:10164000F0EE407AB0EE480AB0EE678A0EF0A8FEDF
:10165000E2E6DFED147A9FED140A84ED3C8A68EE31
:10166000277A9FED129A80EE270A0EF097FD9FEDE4
:10167000100A28EE000AF0EE488A89EE000A0EF001
:101680008DFD9FED0C0A28EE000A89EE000A0EF08F
:1016900085FDD6E5B8BF813D49FF15BB00000000C0
:1016A000DB0F49400AD7233C549F8CBF8E5D93C00B
:1016B000CDCCCC3DCDCC4C3E38B5D0ED117AF5EE4D
:1016C000C07AF1EE10FA2DED048B044600F322816E
:1016D000D0ED4D6A90ED4E7AD4ED038A94ED4A9A9E
:1016E000B6EE006A68EE868A67EEA66AB2EE0E6A09
:1016F000F0EE680AD6EE860ADFEDC26A67EE877AF8
:10170000C0EEA60AB0EE000A27EE868A0EF082FD31
:1017100094ED157ADFEDBC6A29EE000AC0EE077A77
:10172000F4EEE67AF1EE10FA00F140819FEDB76A2F
:10173000F4EEC67AF1EE10FA00F3D380F4EEE67A16
:10174000F1EE10FAC4BFF7EE006A86EEA77AC4ED98
:10175000177AD8BFB0EE667A78EE888ADFEDA90AEC
:1017600084ED187AC8EEA00AB0EE000A0EF052FD21
:1017700094ED1B7ADFEDA46A29EE000AC0EE077A29
:10178000F4EEE67AF1EE10FA00F115819FED9F6A12
:10179000F4EEC67AF1EE10FA00F31781F4EEE67A71
:1017A000F1EE10FAC4BFF7EE006A86EEA77AC4ED38
:1017B0001D7AD8BFB0EE667AF6EE007AD4ED216AD3
:1017C00084ED1E7A29EE279AC9EE267ADFED8E6A1D
:1017D000F4EEE67AF1EE10FA00F1F2809FED8B6AFA
:1017E000F4EEC67AF1EE10FA00F3F480F4EEE67A45
:1017F000F1EE10FAC4BFF7EE006A86EEA77AC4EDE8
:10180000237AD8BFB0EE667AD4ED4B7AD4ED140AC1
:10181000D4ED086A84ED247A60EEA70AD4ED457A07
:1018200094ED058AE6EEA70AB0EE000A0EF0F2FC8F
:1018300028EE000AB3EE047AD4ED007ADFED746A84
:1018400094ED076AB4EE470AF1EE10FA67EEA67A55
:1018500048BFB0EE470AB4EE670AB6EE007AF1EE82
:1018600010FAB4EEC76AC8BFB0EE670AF1EE10FA1C
:101870003CD59FED686AD4ED277A94ED068AB4EEE4
:10188000C60AF1EE10FA37EEA77A00F1A88067EEEB
:10189000A67AB4EEE70AF1EE10FAD5BFDFED5E7A74
:1018A000DFED5D6A20EE270A27EEA60A80EE070A22
:1018B0000EF074FCF7EE007A37EEC00AB5EEC08A7F
:1018C000F1EE10FA84ED280A00F18C80DFED537AF6
:1018D000B4EEE78AF1EE10FA40F38F809FED508A64
:1018E00082E09FED507A84ED176A35E7D4ED066A01
:1018F00084ED310AF2EE037AA6EEA77A0023C4F84B
:10190000CC3004F1BC0084ED327AFEF7E1FEBDEC90
:10191000048B38BD4568444B2A684449DFED444A8E
:101920009FED445AD4ED4D3ADFED435A94ED4E4AC3
:101930001344114483EAD33243F0010303FB02F260
:1019400041F0010C81EAD1330CFB03F382EAD2109F
:1019500042F03D0C0CFB0020424082EA923207EE3E
:10196000102ABEEE006AB8EE477AF0EE466AE7EE5D
:10197000246A83EAD31266EE856AE3EEA56AC4EDB3
:101980004D6A296043F03D0101FB0232534083EA76
:10199000933307EE103AB8EE477AA7EE246A26EEA4
:1019A000057AA4EE257A84ED4E7A95E6B0EE667A55
:1019B000C4ED176AD0E6B0EE667AC4ED1D6AFBE6A8
:1019C000B0EE667AC4ED236A1EE79FED167A84EDC9
:1019D0001D6AF1E69FED137A84ED236A14E79FED0B
:1019E000170A63E79FED088A84ED298ABDEC048B12
:1019F0004FF07E53C4F8A83038BDF1EE007A28EEDF
:101A0000278AF1E7000096440000000048E1FA3E12
:101A10006666E63E6F12833ADB0FC9C06666863F94
:101A200066668640BC9C0240F5792B6DEAF356DA77
:101A30000000802FCDCC4C3D77BE7F3F2FE3CDBB48
:101A40002DE9F04F2DED108B1D46D0F8F43085B008
:101A5000002B00F03B811E9B90ED07BAD0ED04BA3D
:101A60009D42044680F2328100F16C030193DFED68
:101A7000D59AD0F83C6100F1840301EB850802EBB4
:101A80008507B6EE009A00F1540B0293002E40F346
:101A90003683013ED4F81021C4F83C61013A032A90
:101AA0001AD8DFE812F0EF020B030603040094EDEE
:101AB000497AD4ED457AE7EEC77A9FEDC37AF4EE22
:101AC000C77AF1EE10FA40F11783DFEDC17A0022F8
:101AD000C4ED457AC4F810215846FFF777F901980C
:101AE000B0EE408AFFF772F9D4F8982038EE008AF9
:101AF00028EE098A032A00F21083DFE812F04C0274
:101B00006B0129010400DFEDB17A94ED22AA2AEEDF
:101B1000270A0EF045FC94ED237A3AEE07AAF7EE79
:101B2000007AB4EEE7AAF1EE10FAF0EE408A01DB9B
:101B30003AEE67AA84ED22AAB4EEC9BAF1EE10FA21
:101B4000ABEEA88A40F1118194ED2ECAD4ED29DACA
:101B5000D4ED2AFAB0EE4C7AA8EE497AB0EE480AF3
:101B6000ADEEC70AB1EE48DA2FEE800A0EF07CFC2B
:101B700094ED2BFAB0EE40AAB0EE4F0A0EF074FCD2
:101B8000D4ED288A3AEE40AAA8EE8AFAB0EE4F0ABF
:101B90000EF06AFCD4ED2CEAB0EE40EAB0EE6E0A2C
:101BA0000EF062FC3EEE407AE8EE87EAB0EE6E0A96
:101BB0000EF05AFC94ED2DAAF0EE40CAB0EE4A0A9F
:101BC0000EF052FC3CEEC00AA8EE80AAB0EE4A0A23
:101BD0000EF04AFCF0EE40AAB0EE4C0A0EF044FCC7
:101BE0003AEEC00AA8EE80CAB0EE4C7AADEE097AA1
:101BF000A7EE6D8A28EE2F0A0EF036FC30EE4E6A04
:101C0000B0EE4F0AA6EE280A84ED2B0A0EF02CFC4B
:101C100030EE6C0AE0EE28EAB0EE6E0AC4ED2CEA73
:101C20000EF022FC30EE6A0AA0EE28AAB0EE4A0AB4
:101C300084ED2DAA0EF018FCB0EE408AB0EE4C0AEE
:101C40000EF012FC38EE400AB0EE4C7AA0EE287A84
:101C500084ED2E7AD4F8F420013A032A00F271823E
:101C6000DFE802F05C3E3902D4ED426AD4ED3E7A00
:101C7000E7EEE67ADFED546AF4EEE67AF1EE10FA7A
:101C800040F13782DFED527A0022C4ED3E7AC4F88B
:101C9000F42094ED4C6AD8ED006A1E9B67EE867ABC
:101CA00094ED506A67EE877AB0EE667AA6EE277AF0
:101CB0000135AB42A8EC017A97ED007AD4ED516A78
:101CC000A6EEA77AA7EC017A7FF4E0AE05B0BDECF2
:101CD000108BBDE8F08FD4ED3F7AC4ED3E7AD8E7A3
:101CE000D4ED3E7AD4ED3F6AD4ED415A36EEE76A40
:101CF000E5EE867ADFED345A37EEE66AB0EEC66A74
:101D0000B4EEE56AF1EE10FA40F1F3810322F0EE51
:101D1000667AC4ED3E6AC4F8F420BAE7D4ED3E7AA0
:101D2000D4ED405AF7EE086A76EEE76AB7EE006A3D
:101D3000E5EEA67AF4EEC67AF1EE10FAC0F2D98199
:101D40000222F0EE467A84ED3E6AC4F8F420A0E761
:101D50000298FEF749FFB4EEC9BAF0EE408AF1EE00
:101D600010FAABEEA88A3FF5EFAED4ED3B7AD4ED96
:101D70003A6A94ED357AD4ED344A94ED364A38EE29
:101D8000675AB0EE676AA6EE876A65EE075AA5EE57
:101D9000046AE4EEA65A94ED387AD4ED374A25EE7B
:101DA000877AB0EE005AA8EE247AD5EE856AD6EE90
:101DB000057AD4ED394AC4ED3A6AA6EE247AC4ED28
:101DC0003B7A47E70000804217B7D138DB0FC940A4
:101DD0000000000094ED22AAD4ED25AAD4ED23EA58
:101DE000B4EEEAAAF1EE10FAB7EE00FAFFEE008ABE
:101DF000F5EEC0EA48BFF0EE4F8AF1EE10FA40F37C
:101E0000BF80B3EE00CA2EEE8CEA3AEE4E0A0FF017
:101E100071FBF0EE407AFDEEE77A3AEE0E0A17EE2D
:101E2000909A0FF0AFFBFDEEC07A17EE903A99450D
:101E300000F36A810133D4ED24CA03941FED1CDA48
:101E4000DFF80CA34C4699461BE007EE103AD0EDA4
:101E5000007A90ED016AB8EEC70A36EE676A7FEE47
:101E6000C06AF5EEC0DAE6EE867A0134F1EE10FAD9
:101E7000A8BF77EECF7A4C4577EEA77A3DEE27DA0A
:101E80001FD007EE904AB8EEE77A3AEE477A67EE4F
:101E90002CDA7DEE8C6A66EEA9FAB0EE6F0A0FF0CE
:101EA00071FBFDEEC07A17EE903AB3F5006F0AEBC6
:101EB0008300CAD3DFEDA47A01344C453DEE27DA26
:101EC000DFD1039C7AEE6AAA3DEE28DA3AEECE0A1A
:101ED0000FF010FBF0EE407AFDEEE77A3AEE8E0A54
:101EE00017EE90AA0FF04EFBFDEEC07A17EE909A17
:101EF000CA4500F30F8109F10103DFED938ADFF892
:101F00005092D4ED24CA0394B3EE00CA5446B8EEFE
:101F100000EAB7EE00FA9A4607EE904AF8EEE77A42
:101F200001347AEEE77A67EEACDA3DEE8C7A67EE52
:101F300029FAB0EE6F0A0FF025FBFDEEC07A17EE1E
:101F4000903AB3F5006F09EB830014D2D0ED006A2C
:101F500090ED016AB8EEE70A36EE666A3FEEC07AA7
:101F6000F5EEC0DAE7EE066AF1EE10FAA8BF76EEFB
:101F7000CF6AE6EE8E8A5445CED1039C7DEE288A48
:101F80003AEE2EAAF7EE007AB4EEE7AAF1EE10FAD6
:101F9000BFF6CEADCEE594ED23EA94ED22AAB5EEE0
:101FA000C0EAF0EE007AFFEE008AF1EE10FAEAEEF7
:101FB000278A5CDDB3EE00CAB0EE4A0AAEEE4C0AE8
:101FC0000FF098FAF0EE407AFDEEE77AB0EE4A0AAA
:101FD000AEEE0C0A17EE909A0FF0D4FAFDEEC07A2E
:101FE00017EE903A994500F392800133DFED56AA3F
:101FF000DFF85CA1D4ED24CA0394F8EE00EA4C4665
:10200000B7EE00FA994607EE904AF8EEE77A013407
:102010007AEE677A27EEACDA3DEE0C7A67EE29DAD3
:10202000B0EE6D0A0FF0AEFAFDEEC07A17EE903A00
:10203000B3F5006F0AEB830014D2D0ED006A90ED87
:10204000016AB8EEE70A36EE666A3DEEC07AB5EE92
:10205000C0DAE7EE066AF1EE10FAA8BF76EECF6AB4
:10206000E6EEAEAA4C45CED1039C78EEAA8A3AEEB3
:102070000EAAF7EE007AB4EEE7AAF1EE10FABFF678
:1020800057AD57E5D4ED457A94ED476AB7EE087A37
:1020900037EE677AF7EE006AE6EE077AF4EEE67A54
:1020A000F1EE10FA28DB0222C4ED456AC4F81021D3
:1020B00012E5D4F81821C4F814210DE5D4ED457AC1
:1020C000D4ED466A94ED486A36EEE77AE6EE077A92
:1020D0009FED1E6A37EEE67AB0EEC77AB4EEC67AA6
:1020E000F1EE10FA08D50322C4ED456AC4F81021B8
:1020F000F2E4C4ED3E7ACCE5C4ED457AECE420464A
:10210000FFF7DAFA0F26C5E49FED0FDADAE6DFED26
:102110000EAAAAE7DFED0C8A30E7D4ED227AD4EDDF
:10212000236ADFED098A77EEA67AB7EE007AF4EE3D
:10213000C77AF1EE10FAA8BF77EEC77AC4ED227A1B
:10214000FAE4DFED017AA4E50000000017B7D1380A
:10215000485E010008B50268C3792DED028BAAB371
:10216000A3B391FBF3FC03FB0CFE714505D00029E2
:10217000BCBF0CF1FF3C03FB0CFEA1EB0E01535C5A
:10218000416C826C01FB0C3339339B1A93FBF1F2E7
:1021900001FB02FC634506D091EA030F44BF02F144
:1021A000FF3201FB02FC07EE902AA3EB0C0300EBCD
:1021B0008303F8EEE77AD0ED0F6A93ED037AA7EE8A
:1021C000A67AB4EE477AF1EE10FA04D0BDEC028B99
:1021D0009FED070A08BD9FED070A90ED108A27EED4
:1021E000000A0EF0BBF928EE000ABDEC028B08BD18
:1021F0000000C07F0E745A3A2DE9F04190ED020ABA
:102200002DED0A8B06460FF0BDF9BDEEC07AD6ED76
:10221000047A17EE103AF5EEC07A042BA8BF042317
:10222000F1EE10FA23EAE373C0F2A080B7EE00AA41
:10223000F4EECA7AF1EE10FA40F39B806821504A1E
:1022400001FB03F3D15C18290F4628BF1827C6F8F5
:10225000FC71002900F08680DFED4A8A96ED00CA05
:1022600096ED849ADFED48AADFED489A34461C3497
:1022700003F108056CEE288A04EB8707154402EB8E
:10228000030849E0F4EE467AF1EE10FAC8BFF0EE2A
:10229000467A98ED016AD5ED0F6A96F818329FEDEF
:1022A0003C0A9FED3C7A67EE867A67EEA67A33B9F0
:1022B000F4EE477AF1EE10FAC8BFF0EE477A67EE17
:1022C0008C7A043480EE270A0DF068FFB0EE408A65
:1022D000B0EE6B0A0EF02CF878EE087A28EE088A39
:1022E00027EE800A84ED178A04ED010AF0EE4A0A0F
:1022F000B0EE4B0A95ED078A0DF08CFFB0EE40BAB8
:10230000B0EE6B0A0EF04CF828EE0B8A28EE000AAD
:1023100084ED2F0ABC4225D0B5EC01BADFED1E6A70
:102320002BEE097AB4EEE87AF1EE10FA0FDAD6ED78
:10233000037A27EE2A7AF4EEE67AF1EE10FAC7EE87
:102340000CBAB3EE0E6A9DDAF0EE667AA1E7B0EE53
:10235000690AC4ED009AC4ED189A84ED300A043479
:10236000BC42D9D1BDEC0A8BBDE8F081BFEE00AA1A
:1023700064E7B6EE007A77EEC77A37EEA7AA5DE794
:10238000043B01006666E63EDB0FC940000000002A
:10239000550CDDC09A99993ECDCC4C3D30B4436884
:1023A0002DED028B042B00F25881DFE803F037CCCF
:1023B0005D9503008168CD4A0D6890ED0E7ADFEDE2
:1023C000CC6A2A4482EAD2330A6042F0010202FB5C
:1023D00003F383EAD31243F03D0404FB023253407B
:1023E00083EA933307EE903AF8EE677A67EEA67ABF
:1023F000B4EEE77AF1EE10FA00F3328190ED0B7A49
:1024000090ED0C0A27EE000AD0ED0F7A67EE877A7E
:10241000C0ED0B7ABDEC028B30BC70478068B34ACC
:102420000368DFEDB36A1A4442F0010182EAD23355
:1024300001FB03F343F03D0483EAD31104FB0131B4
:102440004B4083EA933307EE903ABDEC028BF8EEF3
:10245000677AB0EE007A67EEA67ABFEE000AA7EEC2
:10246000870A30BC026070478468A04A236890EDF8
:102470000A7ADFED9F4ADFED9F5A9FED9F6A1A446B
:1024800042F0010182EAD23301FB03F3226083EAC6
:10249000D31143F03D0202FB0132534083EA9333F0
:1024A00007EE903AF8EE677AB0EE005A67EEA47A3B
:1024B000FFEE006AE7EE856ABDEC028BF0EE477A2C
:1024C000E6EEA57A30BC87EE867AB0EE0C0A27EEEF
:1024D000000A80ED0A7A70478468844A236890ED88
:1024E0000D7ADFED836A1A4442F0010182EAD233A9
:1024F00001FB03F383EAD31143F03D0000FB0131FC
:102500004B4083EA933307EE903AF8EE677A226005
:1025100067EEA67AB4EEE77AF1EE10FA40F29D800B
:10252000BDEC028BF6EE006A27EE267AB7EE000AC3
:10253000B4EEE77AF1EE10FAFFEE007AD8BFB0EE13
:10254000670A30BC70478468684A236890ED038A44
:10255000D0ED040AD0ED051AD0ED062ADFED643A7D
:10256000DFED664A9FED665A9FED660A9FED661A9B
:10257000DFED665A9FED662A9FED666A9FED663A2B
:10258000DFED666A1A4442F0010182EAD23301FBB0
:1025900003F3226083EAD31143F03D0202FB0132D0
:1025A000534083EA933307EE903AF8EE677AB0EE41
:1025B000004A67EEA37ABFEE007AA7EE847AD0EDE8
:1025C000073A9FED574ADFED577A67EE244A27EE28
:1025D000055AE8EE004ABDEC028BA0EE815A30BCF1
:1025E00067EE255A27EE066AE1EE825AA2EE836A6A
:1025F00067EE266A34EE850AE3EE846A67EEC77AF0
:10260000D0ED083A9FED484A9FED483AC0ED034AA5
:1026100030EE250AE3EE847A30EE060A90ED094AA0
:10262000DFED433A80ED045A30EE260AC0ED055A3C
:1026300030EE270A80ED066A30EE040A9FED3D4A2F
:10264000C0ED076AA7EE030A27EE237A20EE040AFC
:10265000C0ED087A80ED097A70479FED370AD9E618
:10266000364B374CDFED375A9FED377A2B4483EAF0
:10267000D33243F0010303FB02F22C4442F03D034A
:1026800082EAD21503FB05256A4082EA92320C6089
:1026900007EE902A84EAD43344F0010404FB03F3E8
:1026A00083EAD31143F03D02F8EE677A02FB013270
:1026B00067EEA67A534083EA9333A7EEA57A07EE36
:1026C000903AF8EE677AB6EE006A67EEA67AF4EE14
:1026D000C67AF1EE10FA4BBF1C4B4FF07E53B1EEB1
:1026E000470AB0EE470A03638EE600BFF5792B6D0B
:1026F0000000802F0AD7A33C5C8F823FBD66633DFC
:1027000065C1993D4AB57F3F384A7E3F618B1D3E8A
:102710006210783FF8F79E3EF2D25D3F8E6F083F21
:10272000CDCC0C3FAD6D8A3C38F842BF6744093FC1
:102730009C6AED3DAE47E13D00000000EAF356DA49
:10274000DF6D82473333333F9A99993E000080BF53
:102750002DE9F04F2DED108B1E4690F8CC3185B051
:10276000002B6FD090ED02AAB5EEC0AAF1EE10FAE0
:10277000044680F212839FEDDCAA1E9BD4ED06AACC
:10278000D4ED727A94ED04EA9E426AEEA7AA54DA76
:1027900004F11C030293DFEDCFCA9FEDD3BA04F519
:1027A000D87301EB860802EB860704F1340B009323
:1027B00004F58275D4F8D031002B40F31D83D4F892
:1027C00080A0013BD4F87C90C4F8D03107EE909AF9
:1027D000D4F88430B8EE670A20EE2C0A042B00F2FD
:1027E0003A83DFE803F0AFB8A69B3400D4ED267A35
:1027F000D4ED2A6A9FEDB87AE7EEE67AF4EEC77A6E
:10280000F1EE10FA40F110830023F0EE4B7A84EDE4
:1028100026BAC4F8943024EE274AD8ED007A1E9BDD
:10282000EAEE847A0136B342E8EC017AD7ED007A19
:10283000EAEE847AE7EC017ABCD1D4F894300BB993
:1028400084F8CC3105B0BDEC108BBDE8F08F94ED71
:102850001E0A2EEE000A19EB0A01E16728D3D4F80C
:1028600088302BB3196801F1DA4101F52D1101F51A
:1028700067513531196081EAD13341F0010101FB23
:1028800003F383EAD31143F03D0000FB01314B40D9
:1028900083EA933307EE903AF8EE677AF0EE006A37
:1028A00067EEAC7ABFEE007AA7EEA67A84ED1E7AC8
:1028B000DFED8A7A94ED718A20EE270A0DF04EFE44
:1028C000D4ED077A28EE000A80EE278AB5EEC08A9A
:1028D000F1EE10FA00F16B82DFED817AB4EEE78A57
:1028E000F1EE10FA00F38182B5EEC08AF1EE10FA33
:1028F000C4BFF7EE007AC7EE888A84ED098AD8BF94
:10290000F0EE4B8A236BC4ED0A8A032B00F2A882F7
:10291000DFE813F0CC01F200DA003300F6EE007AC3
:10292000B4EEE70AF1EE10FA00F19282B1EE4E0A2F
:1029300091E7B0EE007AFFEE007AE0EE077A2EEE35
:10294000270A88E7DFED677A20EE270A0DF028FDD9
:102950002EEE000A7FE7F6EE007AB4EEE70AF1EE1B
:1029600010FAB1EE007AE6D4F0EE087AE0EE477A9B
:102970002EEE270A6FE7B0EE4B8AD4ED088ADFED22
:10298000597A28EEA70A78EE888A0DF009FDF7EE4D
:10299000007AF4EEE78AF1EE10FAA8BF78EEE78A43
:1029A000B0EE409AC4ED088A5846FFF7F7FCF7EE00
:1029B000007A77EECA7A60EE0A4A9FED4B4A009998
:1029C000E7EE894A2346F0EE003A93ED377AD3EDED
:1029D000317AD3ED366A93ED303A34EEC75AB0EE21
:1029E000476A65EE275AA6EEA76A3433E3EE265A05
:1029F00093ED253AD3ED277AA5EE036A65EEA77A23
:102A000093ED265AE4EE857AD5EEA36A96EE237A04
:102A1000D3ED285AC3ED296AE6EE257A83ED2A7AAA
:102A2000B1EC017AAB42A7EE274ACED1D4F894306C
:102A3000013B032B00F2268201A151F823F000BFD5
:102A40009B2A00005F2A0000512A0000ED270000A9
:102A5000D4ED277AC4ED267A24EE274ADDE6D4EDBC
:102A6000267AD4ED276AD4ED295A9FED1B6A36EEFB
:102A7000E77AE5EE877A37EEE67AB0EEC77AB4EE1B
:102A8000C67AF1EE10FA40F1CF810323F0EE667AB8
:102A9000C4ED266AC4F89430BDE6D4ED267A94EDF0
:102AA000286AB7EE087A37EE677AF7EE006AE6EE44
:102AB000077AF4EEE67AF1EE10FACBDB0223C4EDEE
:102AC000266AC4F89430A8E60298FEF78DF8B0EEB6
:102AD000409A69E70000802F17B7D138ABAAAA3D0A
:102AE00048E1FA3EDB0FC9400000000000008042D0
:102AF000B0EE4B8AF0EE4B8AD4ED0B7AD4ED089A07
:102B0000CDED017AF4EEE79AF1EE10FAF7EE00EA75
:102B1000BFEE009AB5EEC08A48BFB0EE6E9AF1EEF5
:102B200010FA40F32C81B3EE00CA68EE0CDA5FEDC8
:102B300012FA39EEED0A0EF0DDFCF0EE407AFDEE11
:102B4000E77A39EEAD0A17EE909A0EF01BFDFDEE16
:102B5000C07A17EE903A994545DC013303941FED96
:102B60001DDADFF838A34C4699461BE007EE103A11
:102B7000D0ED007AD0ED016AB8EEC70A76EEE76ACA
:102B80003BEEC07AB5EEC0FAE7EE267A0134F1EEFC
:102B900010FAA8BF77EEEE7A4C4577EEA77A7FEE73
:102BA000A7FA1FD007EE904AB8EEE7FA39EECFFA4F
:102BB0002FEE28FA3FEE0C7A67EE0DBAB0EE6B0AF4
:102BC0000EF0E0FCFDEEC07A17EE903AB3F5006F20
:102BD0000AEB8300CAD30134F0EE4B7A4C457FEE0A
:102BE000A7FADFD1039CDDED017A9FEDA8CA79EE4B
:102BF000E7BA79EE2F7A3BEEED0ACDED017A0EF0D1
:102C000079FCF0EE407AFDEEE77A3BEEAD0A17EE86
:102C1000909A0EF0B7FCFDEEC07A17EE903A994507
:102C20003FDC0133DFED9ADADFF870A20394B3EEF4
:102C300000DA4C46F8EE00EAB7EE00FA994607EEE5
:102C4000904AF8EEE77A01347BEEE77A67EEA8FA6D
:102C50003FEE8D7A27EE2D9AB0EE490A0EF092FCE7
:102C6000FDEEC07A17EE903AB3F5006F0AEB8300E1
:102C700014D2D0ED006A90ED016AB8EEE70A36EEA4
:102C8000666A39EE407AF5EEC0FAE7EE066AF1EED2
:102C900010FAA8BF76EECF6AA6EEAECA4C45CED1EA
:102CA000039CDDED017A3CEE279A68E0D4ED089AAA
:102CB000B5EEC08AF0EE007ABFEE009AF1EE10FA9F
:102CC000A9EEA79A5BDDB3EE00CAB0EE690AA8EEE2
:102CD0004C0A0EF00FFCF0EE407AFDEEE77AB0EE13
:102CE000690AA8EE0C0A17EE909A0EF04BFCFDEE66
:102CF000C07ADFED66BA17EE903A99453DDC0133B4
:102D00009FED63DADFF894A10194F8EE00DA4C4607
:102D1000F7EE00EA994607EE904AB8EEE7FA01347A
:102D200039EECFFA2FEE28FA7FEE0C7A67EE8DFAA5
:102D3000B0EE6F0A0EF026FCFDEEC07A17EE903A68
:102D4000B3F5006F0AEB830014D290ED007AD0ED5A
:102D5000016AB8EEE70A76EEC76A7FEEC07AB5EE92
:102D6000C0FAA7EEA67AF1EE10FAA8BF37EE6E7A97
:102D7000E7EE2DBA4C45CED1019C39EE2B9A78EE78
:102D8000299AF7EE007AF4EEE79AF1EE10FAA8BF6E
:102D900079EEE79AC4ED089A06E6F7EE007AB4EE0B
:102DA00067AAF1EE10FAC8BFB0EE67AAE5E4236B9C
:102DB00084ED09BA84ED0ABA032B4FD801A151F86A
:102DC00023F000BFD52D0000F12A0000C92A000021
:102DD00077290000D4ED089AF0EE007ABFEE009A51
:102DE000A9EEA79AB0EE4B8AC9E7DFED2A8AC4EDB7
:102DF000097AB0EE678A85E5D4ED036A94ED1D7A11
:102E0000C6EE877AF5EEC07AF1EE10FA0FDBB6EE79
:102E1000007AF4EEC77AF1EE10FA0BDD4FF0004ABB
:102E2000C4F880A01F23CDE4C4ED267AF3E44FF06C
:102E3000000AF5E7F5EEC07AF1EE10FAF7DDDFED06
:102E4000166AA7EEA67AFCEEC77A17EE90AAE7E715
:102E5000B0EE4E0AFFE42EEE0B0AFCE4B0EE4B8A15
:102E6000D4ED087A9FED099A78EE277AB7EE007ACA
:102E7000F4EEC77AF1EE10FAA8BF77EEC77AC4ED88
:102E8000087A91E524EE0B4AC7E400BF0000000079
:102E900000008042BC9C02400000804F485E010060
:102EA00070B52DED048BDFED9E8AB4EEE80AF1EEED
:102EB00010FA82B0B0EE408A04460E4640F3EA8132
:102EC000DFED987AB4EEE70AF1EE10FA00F15881DE
:102ED000954B9649964A97486361974B20612160CC
:102EE000A261E361DFED8F7AB4EEE78AF1EE10FACA
:102EF00000F150818D4B2362DFED8A7AB4EEE78AD0
:102F0000F1EE10FA00F16D828C4B884AA3628C4B73
:102F10008C49E262A3638C4A8C4B6163E263236455
:102F2000DFED807AB4EEE78AF1EE10FA00F1548119
:102F30007E4AA2640223E365DFED7A7AB4EEE78A83
:102F4000F1EE10FA00F14C81784A226602236367A1
:102F5000DFED747AB4EEE78AF1EE10FA00F1448105
:102F60009FED7B7A714AA267F2EE007AC7EE086A9B
:102F7000002304F1B800E367C4F88060019087EE95
:102F8000887ADFED747AC4ED2B6A68EE277ABFEE9B
:102F9000000A80EE270A84ED2C7A0DF0FFF80198E4
:102FA00084ED2D0ADFED5F7AB4EEE78AF1EE10FAD8
:102FB00000F13C815D4BC4F8B8300190FDF788FB0F
:102FC00001230198C4F8BC30FDF782FB6249634AD3
:102FD0000198C4F8C0100023C4F8C420C4F8C83055
:102FE000FDF776FBDFED4F7AB4EEE78AF1EE10FAEB
:102FF00000F133814D4BC4F8EC30DFED4A7AB4EE8A
:10300000E78AF1EE10FA00F1EF81484A544BC4F818
:10301000F820C4F8F430DFED437ADFED528A9FEDFB
:10302000520AB4EEE78AF1EE10FA48BFF0EE488A91
:103030004E4AC4F80C214FF07E53C4F810319FED76
:10304000497ADFED386A84ED400AC4ED418A2346AF
:1030500004F1900201250FE0B4EEE68AF1EE10FAD9
:1030600054BFF0EE477AF0EE487AC3ED457AC3F8E4
:103070002851183393420DD0B5EEC08AF1EE10FA04
:10308000EADCF0EE477AC3ED457AC3F828511833ED
:103090009342F1D1B5EEC08AF1EE10FA04F5D27088
:1030A00040F37081DFED1F7AB4EEE78AF1EE10FA9B
:1030B00040F17F8184ED698A0190FDF709FB019859
:1030C000C4F8A851FDF704FBDFED297A9FED297ABA
:1030D000019868EE277A87EE270A019084ED768AB8
:1030E0000DF05CF8DFED247A9FED247A1B4A0198FD
:1030F00084ED780A68EEA77A0023F4EE477AF1EEC1
:1031000010FAC8BFF0EE477AC4ED6B7AC4F8B0216C
:10311000C4F8B431FDF7DCFA02B0BDEC048B70BD2D
:10312000000000008096184BEC51383D00803B4772
:10313000CDCC8C3F0000E040666626406DF77F3FB7
:10314000EC51B83EC02E7F3F8FC2753EAE47613E08
:103150000000FA446F12033B0000E1448104353F54
:10316000B7D87F3F00803B4725D57F3FAE47613DC5
:10317000AE47613D550CDDC06666E63E00C0DA45EF
:103180009F49A04AA04BA148206184ED000A6161DB
:10319000A261E361B0EE480A84ED088ADFED9C7A13
:1031A000DFED9C8A84ED0B8A20EE270A88EE800AE8
:1031B0000CF0F4FFDFED987A84ED0A0A28EE270A76
:1031C00088EE800A0CF0EAFF944B954AA363954B76
:1031D000E263236484ED0D0A022384ED128AE36521
:1031E000022384ED188A63679FED8F7A84ED1E8A2F
:1031F000F2EE007AC7EE086A002304F1B800E36734
:10320000C4F88060019087EE887ADFED887AC4ED9B
:103210002B6A68EE277ABFEE000A80EE270A84ED5B
:103220002C7A0CF0BBFF019884ED2D0A84ED2E8AD8
:103230000190FDF74DFA01230198C4F8BC30FDF769
:1032400047FA7B497B4A0198C4F8C0100023C4F8B0
:10325000C420C4F8C830FDF73BFAB0EE480A84ED4C
:103260003B8ADFED757A9FED6B9A84ED3E8A20EE06
:10327000270AF0EE488A89EE000A0CF08FFFDFED96
:103280006F7A84ED3D0A28EE270A89EE000A0CF0D9
:1032900085FFCDE65D4B0361594B4361594B684D4A
:1032A0008361594B0560C3613FF71CAE05623FF770
:1032B00023AE644B8362644B4363584B8363584B28
:1032C000C363584BC56203643FF72AAE4FF0020355
:1032D0008564C3653FF730AE056643673FF738AE98
:1032E0009FED517A8567F2EE007AC7EE006A0023FF
:1032F000C367B830C4F88010019087EE807ADFEDA4
:103300004B7AC4ED2B6A60EE277ABFEE000A80EE9E
:10331000270A84ED2C7A0CF041FFB5EEC08AF1EE5D
:1033200010FA019884ED2D0A3FF73CAEC4F8B8506E
:103330000190FDF7CDF901230198C4F8BC30FDF7E9
:10334000C7F93B4BC4F8C0303A4B0198C4ED328A00
:10335000C4F8C430FDF7BCF9B5EEC08AF1EE10FA3E
:103360003FF740AEC4F8EC503FF747AE374BC4F8D8
:10337000F850C4F8F4303FF74EAE9FED350ADFED5C
:10338000358A55E69FED339A019084ED699AFDF7F1
:103390009FF90198C4F8A851FDF79AF9B5EEC08AD3
:1033A000F1EE10FA019810DC9FED2B0AB0EE498A7D
:1033B00093E6234BC4F8A4310190FDF789F90198F5
:1033C000C4F8A851FDF784F90198DFED247AB4EE32
:1033D000E78AF1EE10FA0AD49FED1F0A9FED1D8ACD
:1033E0007BE69FED1C0AD9E69FED1A0A39E7DFED6F
:1033F0001C7A9FED087A68EE277A87EE270A6CE63A
:10340000EC51383DCDCC8C3F666626400000E04054
:10341000CDCC8C3F550CDDC0EC51383DEC51B83E65
:103420008FC2753EAE47613E0000FA446F12033B07
:103430000000E1448104353F8FC2753EAE47613ED6
:1034400000803B476DF77F3FC02E7F3FB7D87F3F5F
:1034500025D57F3F00803B47D47A2BBB8096184B05
:10346000AE47613D2DE9F04F2DED0A8BD0F8E0A17C
:1034700083B09AF80670DDF858E09FB1834688461D
:103480004FF0000C5FFA8CF1C1EB011117F0010F46
:103490000BEB81010CF1010C02D0D1F8881031B98D
:1034A0007F08EFD103B0BDEC0A8BBDE8F08F9FED34
:1034B000867ADBED7C7A9BED02AADBED7AAA9BEDA6
:1034C0007D9ADBF8E4712AEE07AA6AEEA7AADFED7F
:1034D0007F7AF6EE006AB1EE007A73452AEE26AAEC
:1034E00029EE079A6AEEA7AADCDA02EB830608EB5C
:1034F000830508EB8E030093C7EB07130BEB8303E5
:103500000193DFED739A9FED73CA9FED73BA5B462B
:10351000F7EE008AD346013F9A46002F60DB019CFC
:10352000B946F7EE08BA4FF002081BF809209FEDE4
:10353000690A82B10021CBB2C3EB031312F0010F71
:103540000AEB83031CBFD3ED2B7A30EE270A520817
:1035500001F10101EFD19BF808304B4529EE000A3B
:1035600000F09C8094ED108AA8EE290A0CF018FF58
:10357000D4ED117AE36C38EE278AD4ED1B7AB4EEE1
:10358000E88AF1EE10FAA8BF38EE688A013B60EED7
:10359000277A84ED108A032B00F29280DFE803F093
:1035A0006A504B0294ED147AD4ED186AA7EE667A4D
:1035B000B4EECB7AF1EE10FA7FD50023B0EE4C7A60
:1035C00084ED14CAE36467EE877A09F1FF39236F4B
:1035D0006367B9F1FF3FC4ED1C7AA4F13C04A4D1A8
:1035E0009BF80610DFED3B7A002479B1E3B2C3EB20
:1035F000031311F0010F0AEB83031CBF93ED2B7A29
:1036000077EE877A490804F10104EFD195ED007A4D
:10361000009BAAEEA77AA5EC017A96ED007AAAEEB5
:10362000A77A9D42A6EC017A7FF477AF03B0BDEC98
:103630000A8BBDE8F08F94ED157A84ED147AC2E719
:1036400094ED147AD4ED156AD4ED175A36EEC76AA4
:10365000A5EE867A37EE666AB0EEC66AB4EECB6A3D
:10366000F1EE10FA29D50323B0EE667AC4ED146AA0
:10367000E364A8E794ED147A94ED166A7BEEC76ACA
:10368000A6EE267AB4EEE87AF1EE10FA15DBC4ED78
:10369000148AC4F84C80B7EE007A94E7B5EEC0AA5D
:1036A000F1EE10FA7FF75EAFD4ED1C7A94ED1D7A3F
:1036B00077EE877AA7EE8A0A54E784ED147A82E7D8
:1036C000B0EE4C7A7FE700BFDB0F4940F304353F93
:1036D000DB0FC9400000000017B7D1382DE9F04FCB
:1036E0002DED108B93B081460C461646119305467E
:1036F00000F5AA679846D5F8F430002B40F09F8279
:1037000005F5AA75BD42F6D1119B2C9AD5ED027A2A
:1037100095ED03FAB7EE00EAB0EE087A9342C7EEF1
:1037200087EA3EEE67EA80F2E08109F5535011998D
:103730009FED93AAD9F8648508300E9009F5505092
:1037400006EB8102243004EB810105920D9009F50E
:10375000805209F5535005F50053143006912C9909
:10376000D2F8CCAC0793089003F68C73D9F86C05AB
:10377000099304EB81011346D9F86065D2F8C05C67
:10378000D2F8C4BC0C915246B6EE008A8246F0EEE6
:10379000009A1846069BF3EC01DA0693099B93ED19
:1037A000007A059BF0EE6D7AEFEE077AB3EC01DA62
:1037B000059306EB8A03C3ED007A0AF10103434542
:1037C00000F03182CDF80CA09A46079BC9F86CA591
:1037D00003F5796393ED007AF0EE4D7AEFEE077A18
:1037E00005EB8203C3ED007A531C5B4500F01682A3
:1037F00004921A46079BDFED638AC0F8CC2C03F6CF
:103800008873DFED61FA93ED00CA0E9F0D9CCDF831
:103810002CA0B0EE689AF0EE68CAF7EE00BAB0EEEF
:1038200004BAF7EE08AA0A9282466168E368F7ECE8
:10383000016A07EE901AB8EE670A60EE0A7A042B66
:1038400000F20682DFE813F096018401A30169010A
:10385000050094ED000A2CEE000AA368C918616007
:1038600025D3216919B30B6803F1DA4303F52D134E
:1038700003F5675335330B6083EAD33143F001031B
:1038800001FB03F383EAD31143F03D0C0CFB013140
:103890004B4083EA933307EE903AF8EE677ABFEE37
:1038A000007A67EE8A7AA7EEA97A84ED007A36EE7E
:1038B000800AB4EEEB0AF1EE10FAC0F28C81D9F86E
:1038C000683507EE903AB8EE677AB4EEC70AF1EEC3
:1038D00010FA00F39181FDEEC07AB8EEE77A17EEA8
:1038E000903A30EE477A039AD31A591C48BF4144A4
:1038F00006EB8101002BD1ED004AC0F2638106EB9B
:10390000830191ED005A591E002B00F06281F0EE08
:10391000647AE5EE4B7A06EB8101023B91ED006A99
:10392000A16D48BF434406EB830393ED004A236E29
:1039300075EE465AE6EE297A74EE643A65EEAA5AB6
:10394000E4EE487AE3EE885A36EE646AE5EE877A6A
:1039500067EE877AE6EE087AA7EE875A07EE901AA6
:10396000B8EE670A39EE059A20EE0A0A042B00F237
:103970007281DFE813F01A01DB001301C9000B00AC
:103980000000802F00000000DB0FC94094ED150AF5
:103990002CEE000AE36DC918A16525D3616E19B339
:1039A0000B6803F1DA4303F52D1303F56753353341
:1039B0000B6083EAD33143F0010301FB03F383EA95
:1039C000D31143F03D0C0CFB01314B4083EA9333A0
:1039D00007EE903AF8EE677ABFEE007A67EE8A7AE1
:1039E000A7EEA97A84ED157A76EE806AF4EEEB6A9A
:1039F000F1EE10FAC0F2FC80DAF8C83C07EE903A1B
:103A0000B8EE677AF4EEC76AF1EE10FA00F3FD80C3
:103A1000FDEEE67AB8EEE77A17EE903A36EEC77A20
:103A2000049AD31A591C48BF594405EB8101002B55
:103A300091ED005AC0F2D38005EB8301D1ED005A1D
:103A4000591E002B00F0D280F0EE457AE5EECB7ADD
:103A5000023B05EB8101D1ED006A48BF5B4405EBF9
:103A60008303D3ED004A089B35EEE66AE6EEA97AB9
:103A7000BB4204F11C0434EEC54A26EE2A6AE4EE89
:103A8000C87AA4EE086A76EEC56AE6EE077A67EEB3
:103A9000877AE6EE887AE7EE875A78EEA58A7FF491
:103AA000C4AEF0EE087AC9EE276A099B05990A9A16
:103AB0005046DDF82CA088EEA77A2EEE899A6EEE9D
:103AC000A88AC3ED006A079BAEEE2D9A03F57963D1
:103AD000EEEE0D8A83ED007A069B03ED019A41ED2F
:103AE000018A0C9999427FF455AE2C9B119909F5E6
:103AF0004052591AD2F8E4340B44C2F8E43413B0FB
:103B0000BDEC108BBDE8F08FB4EEC80AF1EE10FAF0
:103B100000F19280B1EE4C0A3CE7F4EEC87AF1EE87
:103B200010FA00F18680B1EE4C0A96E6B4EEC80AAF
:103B3000F1EE10FAB1EE007A4BBFFFEE007AF0EE34
:103B4000087AE0EE077AE0EE477A2CEE270A21E7C2
:103B5000F4EEC87AF1EE10FAB1EE007A4BBFBFEE88
:103B6000000AB0EE080AA7EE870AA7EEC70A2CEEF5
:103B7000000A72E627EEAF0A1091CDED0F6A0CF045
:103B80000FFCDDED0F6A10992CEE000A65E6BFEE22
:103B9000000AA7EEA90A2CEE000A5EE6FFEE007A04
:103BA000E0EE297A2CEE270AF4E620EE2F0A109197
:103BB000CDED0F6A0CF0F4FBDDED0F6A10992CEEE1
:103BC000000AE7E608EB030106EB810191ED005ADC
:103BD000591E41449BE6B0EE6C7A012383E60BEB61
:103BE000030105EB8101D1ED005A591E59442BE721
:103BF000B0EE6C7A012313E7FDEEC77A17EE903A28
:103C0000F8EEE77A37EE677A6DE6FDEEC77A17EEE3
:103C1000903AF8EEE77A37EE677A01E74FF0FF3334
:103C200004930022E6E54FF0FF3303934FF0000AC0
:103C3000CBE5B0EE4C0A10E6B0EE4C0AAAE62C9B9F
:103C400000933246434628462146FDF7F9FE57E5E4
:103C50002CEE2C0A01E62CEE2C0A9BE62DE9F04F07
:103C60002DED108B95B0019390F8F93510911192CC
:103C7000002B00F09182D0ED027A90ED01EAB6EED1
:103C8000007A77EE877AB5EEC0EAFDEEE77A8346F2
:103C900017EE908AB8F1060FA8BF4FF00608B8F1EA
:103CA000010FB8BF4FF00108F1EE10FA80F2BA82AE
:103CB000DBED03CA9FED98EAF5EEC0CAF1EE10FA0B
:103CC000C0F2C182F7EE007AF4EE67CAF1EE10FAA4
:103CD000C8BFF0EE67CA0BF2F453D3ED007A2E9A08
:103CE0000093019B9BED06CA93422CEE27CA80F2FB
:103CF0004482DBF8EC3503930BF2D4530C930BF5B1
:103D0000BB6305930BF5BE630F930BF11C030FEE22
:103D1000103A0BF2C4430E93804BDFED81EA9FED26
:103D20007EDADFED80DADFED80BA03F13C0A0BF2D8
:103D3000445306930BF2045312930BF551731393F0
:103D40000BF571730BF284590793039B002B40F31F
:103D50008382102BA8BF10231A46019D2E990E9E18
:103D60000C98059BCDF824B0491B9142A8BF114681
:103D7000F1EE0C8AB7EE008AD3ED009A9BF8F85565
:103D8000CDF82C9006EB81038A00D9466EEE288A86
:103D900090ED009A059CCDF8208038EE6C8A1FEEDD
:103DA00010BA37460A960291049298460646002DAC
:103DB00000F04C82009BD3ED007AF4EEC97AF1EE6C
:103DC00010FACCBF09F2DC5109F2E45191ED007A0E
:103DD00077EEC97AA7EE879AB4EEE99AF1EE10FA77
:103DE00086ED009ACCBF09F5BC6109F5BD6191ED86
:103DF000007AD9F8BC1579EE697A0139E7EE879A2D
:103E0000C4ED009A032900F20283DFE811F0F0010B
:103E1000D301CA01040009F5B761D1ED027A91ED31
:103E2000067AE7EEC77AF4EEED7AF1EE10FA40F199
:103E3000108281ED02DA0021F0EE4D7AC9F8BC154E
:103E40006CEEA77A78EE277AB7EE007AA8EEA77A1A
:103E5000584687ED107AFCF7C7FEA7EC010AB84573
:103E6000A5D1CB464346099CDDF820800A9FDDF8AA
:103E70002C90DBF8B45057F8040BDFED277AA5F14E
:103E800008020BEB850102F01F020BEB8202486374
:103E9000526B2248C4F84423B0EE6B7A294601E005
:103EA000B0EC017A01F01F020BEB8202D2ED0D6A39
:103EB0008245E6EE877A01F1FF31F1D177EEA77AFC
:103EC0000135BB42C4EDD27A05F01F0504F10804A8
:103ED000D1D1029BCBF8B4505900139B079DDBF85E
:103EE0003C42089109930A959C460027A4F10803D7
:103EF0000BEB840203F01F035CF8040BC2F8BC0157
:103F00000BEB8303DFED047AD3F8BC31034E2B6057
:103F1000B0EE6B7A22460BE000000000507E0100FC
:103F20000AD7A33C17B7D13886879CB8B6EC017A7C
:103F300002F01F030BEB8303D3ED6F6AB245E6EE8D
:103F4000877A02F1FF32F1D177EEA77A0137013497
:103F5000B942C5ED017A04F01F0405F10805C5DC7E
:103F60000799129A0B9601F110050499CBF83C427F
:103F7000F7EE008AF5EE00AAB1EE00AAF0EE009A84
:103F8000B0EE08BA57181646CDF83490B6EC019A40
:103F9000A5F11004F4EC017A4FF00009B0EE688A44
:103FA000A9EE278A09F1010928EE2A0A0DF0EAFA9A
:103FB000A0EE4A8AB4EEE98AF1EE10FA4CBF78EE30
:103FC000687A7BEE487AC845E8D1A54244ED017A8B
:103FD000E0D1B74205F11005D8D10B9EDDF8349041
:103FE000DBF84053DDF820C0099C0A98B6EE006A61
:103FF00000270BEB85030268C3F840224268C3F830
:10400000C022A5F1080303F01F030BEB8303D3EDDC
:10401000907AD84967EE867AB0EE6B7A6A1E01E034
:10402000B1EC017A02F01F030BEB8303D3EDB06A0E
:104030008E42E6EE877A02F1FF32F1D10137013587
:10404000BC45E4EC017A05F01F0500F10800D0DC66
:10405000069F029BDBF8B841CBF84053B6EE006AEE
:104060003E460BEBC30C5D460BEB8403D5F84423B3
:10407000C3F8B820D5F84823C3F83821A4F10803C1
:1040800003F01F030BEB8303D3ED2E7AB94967EEE0
:10409000867AB0EE6B7A621E01E0B1EC017A02F032
:1040A0001F030BEB8303D3ED4E6A8A45E6EE877A56
:1040B00002F1FF32F1D108350134AC45E7EC017A69
:1040C00004F01F04D0D10F9B0498D3ED002A069B67
:1040D000109ACBF8B8411844019B02EB8301119A66
:1040E000B0EE004A02EB8302B6EC015A99ED0C7A6D
:1040F000D9ED067AD9ED0B6AD9ED053A99ED073A73
:1041000075EE474AB0EE476A64EEA75AA6EEA76A74
:104110008642E3EEA65AD9ED097AD9ED083A65EE62
:10412000A77AA4EE836AE5EE237A99ED0A5A96EE11
:10413000047AD5EE846AE6EE057AC9ED0B6A89ED5C
:104140000C7A91ED007A62EEA77AA7EE8C7AA1EC58
:10415000017A92ED007AA7EE8C7AA2EC017AC3D1B3
:10416000039B02995A1A019B0392CBF8EC252E9AD5
:104170000B449A4201933FF7E8AD9BF8F8255AB9F2
:104180000BF5BB63DFED7C7A93ED007AB4EEE77A52
:10419000F1EE10FA00F12E8115B0BDEC108BBDE8E8
:1041A000F08F09F5B761D1ED037AC1ED027A6CEEBB
:1041B000A77A47E609F5B761D1ED027AD1ED036A36
:1041C00091ED056A36EEE77AE6EE077A37EEE67AA3
:1041D000B0EEC77AB4EEED7AF1EE10FA39D5C1ED52
:1041E000026A0321F0EE667AC9F8BC1528E609F5E3
:1041F000B761D1ED027A91ED046AB7EE087A37EE35
:10420000677AF7EE006AE6EE077AF4EEE67AF1EE08
:1042100010FACADBC1ED026A0221F0EE6C7AC9F82D
:10422000BC150FE6F7EE007ADBED03CAB4EE67EAE1
:10423000F1EE10FAF5EEC0CAC8BFB0EE67EAF1EED3
:1042400010FABFF63FADDFED4DCA44E5F0EE4D7A12
:10425000B3E5C1ED027AF3E5DBED057AF4EEEE7A33
:10426000F1EE10FAC0F28180B1EE047AF4EEC77A72
:10427000F1EE10FA00F3B480DFED419A67EEA99AEF
:104280000C9BDFED406A93ED007A9FED3F0A059BA2
:10429000DBED00AA93ED008ADFED3C8AB7EE009AD1
:1042A00039EE477ABFEE00AAA7EE260A79EE486AF1
:1042B0009FED377A20EE270AE6EE878A20EE2A0A5B
:1042C0008AEE000A0BF06AFF0BF2E45268EEA97A5C
:1042D00039EE407A67EEAA7A82ED007A8AEE270AF2
:1042E0000BF05CFF0BF5BD6239EE400AB5EEC08AFB
:1042F000F1EE10FA82ED000A68DBB4EEC98AF1EE45
:1043000010FA68DC9FED237ADFED267AE8EE077A73
:10431000DBED048AF5EEC08AF1EE10FA46DA67EEBC
:104320008D7A9FED1F0AF0EE4D8A30EE270A0CF0D1
:1043300015F9194AC9F80C2089ED020A484689ED99
:1043400004DAFCF7C5F9DFED127AF7EE000AE8EEC1
:10435000E70AB0EE480A0BF05DFF0F9B102283EDD9
:10436000000A0392CBF8EC25F7E4DFED0C9AF0EEAF
:104370006E7A85E7507E010017B7D1380000000043
:104380003333B33ECDCC4C3FCDCC4C3E9A99993E85
:104390003333333FDA730F419A99193F4160E53B5C
:1043A000DA735F413C4DAA40789A6441B7EE007AD7
:1043B000F4EEC78AF1EE10FA17DC37EE687A1FEDDB
:1043C000080A67EEA87A27EE000AAEE75FED0B7ADF
:1043D000B0EE4D8A9CE75FED0C7AB0EE498A97E724
:1043E000F0EE477AF7EE0C9A4AE7B0EE4D0AF0EE9F
:1043F000478A9AE70BF2D45393ED007AB4EEE77A4A
:10440000F1EE10FA7FF5C8AE8BF8F925C4E66CEE34
:104410008D7A17E52DE9F84F05462DED028B4FF407
:10442000D262002105F5886B0EF058FF4FF07E56E2
:10443000DFF8E4E3E84FE94CC5F814E0F0EE007A69
:104440004FF0FF3A4FF07C58C5ED037AC5F818E0FD
:10445000C5ED8F7AC5F844E2C5F848E2C5F824A254
:104460002F60C5F81042C5F81462C5F83072C5F85F
:104470001080C5F84082CBF8004005F2444B05F6A9
:104480004820CBF8006005F58C6BC5F854A4CBF838
:10449000007005F26C4BCBED007A05F58E6B9FED4D
:1044A000D05ACBF8008005F2744BDFEDCE5ACBF832
:1044B00000E005F58F6B9FEDCC6ACBF800E005F5C9
:1044C000CE6EDFEDCA6ACEF8004005F2746E9FED45
:1044D000C88ACEF8006005F2946E0022002105F62D
:1044E000882C05F5D369C5F89016C5F884A6CEF8D2
:1044F000007089ED005AC9ED025A89ED036AC9EDD1
:10450000046A89ED018AC5F8AC16C5F8B016C5F87D
:10451000B416C5F8B8160760C5F84C1AC5F8501A95
:10452000C260026142618261C26102624262826271
:10453000C26242638263C263066305F6A420CCF8BC
:104540000070C5F88C1ACCF80820CCF80C60CCF8B8
:104550001060CCF81460CCF81860C0ED007A05F655
:10456000A8209FEDA47A026005F6AC2080ED007AC9
:1045700005F52B6005F6DC23066005F6B82085F806
:10458000B41A026005F6BC20DFF890A2026005F5BF
:104590002C6080ED007A05F6C42080ED007A05F6E7
:1045A000C820DFF87C92066005F52D60C5F8CC1AAE
:1045B000026005F6D420026005F6D8200260184695
:1045C0004FF4B4620EF08AFE05F58351DFF854C251
:1045D00003461C314FF07A504FF0FF32C3F8E8A089
:1045E000C3F8EC90C3F80861C3F81471C3F81CA1B8
:1045F000C3F82091C3F83C61C3F84871C3F850A1D7
:10460000C3F85491C3F87061C3F87C711F6083EDE7
:10461000028AC3F80CC018619E61DF61C3F82C8068
:104620005F635E665F67C3F89070C3F89C60C3F811
:10463000A060C3F8A460C3F8A860C3F8AC70C3F866
:10464000B4A0C3F8B890C3F8D460C3F8E070C3F85E
:1046500084A1C3F88891C3F8A461C3F8C441C3F826
:10466000C861C3F8D42103F5F0738B42B4D105F5CA
:104670008054614BC4F88430604BC4F89430604B74
:10468000C4F898305F4B604AC4F8BC305F4BC4F844
:10469000B8804FF0000BC4F8D880C4F8F080C4F89C
:1046A000C0304FF000085A4BC4F890204FF08042C1
:1046B000C4F89C205749C4F88070C4F88860C4F8D6
:1046C000A070C4F8AC70C4F8C460C4F8C870C4F872
:1046D000E070C4F8F870C4F88C80C4F8A480C4F802
:1046E000A880C4F8B080C4F8B480C4F8CC80C4F802
:1046F000D080C4F8D480C4F8E480C4F8E880C4F85A
:10470000EC80C4F87CB0C4F8DCB0C4F8F4B09022FB
:10471000C4F8FCB004F5CA70C4F800B1C4F8048150
:10472000C4F80881C4F80C81C4F81081C4F814815D
:10473000C4F81881C4F81C81C4F82081C4F824810D
:10474000C4F82861C4F82C81C4F83081C4F83481DD
:10475000C4F83871C4F83CB1C4F840A1C4F844911D
:10476000C4F84881C4F84C81C4F85081C4F854811D
:10477000C4F85881C4F85C81C4F86061C4F86481ED
:10478000C4F86881C4F86C71C4F87081C4F874818D
:10479000C4F87871C4F87C81C4F88081C4F88C3185
:1047A000C4F88471C4F88861C4F8906109F004FF0A
:1047B000BDEC028B2846C4F828B2C4F82CA2C4F879
:1047C0003092C4F82472C4F83482C4F83882C4F831
:1047D0003C82C4F8408227E000803B4700005C43F5
:1047E0009A99593F3333333F8FC2F53C9A99193E1A
:1047F000CDCCCC3D0000484300004842CDCC4C3DE0
:10480000CDCCCC3EEC51383E0000C0409A99193EC8
:104810000AD7A33D8C7E01009A99193F00007A4483
:10482000F304353F0000A040C4F84482C4F8488235
:10483000C4F84C62C4F85082C4F85482C4F8587268
:10484000C4F85C82C4F86082BDE8F88F2DE9F84FA7
:10485000DC4ADD4BDD4FDFF8ACB3DD492DED048BD9
:104860004262DC4AC3608262DB4BDC4A43614263E2
:10487000DB4BDC4ADFEDDC8A9FEDDC8A83610026BE
:1048800000254FF07C590363036482634FF07E532D
:10489000D74A066504468665C665066606674667A6
:1048A0008667C0F84C9086600661C6610662466401
:1048B000866447658566C766C0F83C9007604560BA
:1048C000C0ED0B8AC0F86490C0F87C90C0F8A830A6
:1048D000C0F8E430C0F8FC30C0F80031C0F888609F
:1048E000C0F88C60C0F89060C0F89490C0F8A060E8
:1048F000C0F8A460C0F8AC60C0F8B060C0F8B460A4
:10490000C0F8B860C0F8CC60C0F8D060C0F8D4601F
:10491000C0F8D860C0F8DC60C0F8E060C0F8E860BB
:10492000C0F8EC60C0F88050C0F88470C0F89850AF
:10493000C0F89C70C0F8BC70C0F8C05080ED318ADF
:10494000C0F8C8B0C0F8F070C0F8F450C0F8F86013
:10495000C0F80431C0F82821C0F80831C0F814614B
:10496000C0F81831C0F81C31C0F82031C0F824312B
:10497000C0F82C31C0F83031C0F83461C0F838616B
:10498000C0F80C71C0F81051C0F83C51C0F840B1EB
:10499000C0F844B14FF4AA6200F5A47009F00CFE0F
:1049A00004F5D36A04F5805304F54058CAF8009022
:1049B000CAF80490CAF80890CAF80C600AF50059C1
:1049C000C4F8A856C4F8AC56C4F8B056C4F8B456E7
:1049D0005422C3F8085EC3F80C5EC3F8105EC3F837
:1049E000145E294608F5AD600EF078FC09F56D639C
:1049F00054221F6009F6EC6329461F6009F608730C
:104A000008F2BC501F600EF069FC09F6247209F62A
:104A1000847317600AF53D5A09F65C72CAF8007093
:104A20001760C8F81056C8F81456C8F818561E6013
:104A300009F688734FF441621E6009F68C7309F51C
:104A400079691E60C9F8006008F5C666C8F82C567A
:104A5000294630460EF042FC9FED667ADFED667A1D
:104A60004FF0020C4FF4C16E4FF0804A0EFB05F57B
:104A7000621902F5405202F5C6697319C9F800704F
:104A800002F2346902F5C76289ED007AC2F800A02B
:104A900003F284524FF07C50D860C3ED047A586121
:104AA000D862C3ED068ADF61176003F28C5282ED93
:104AB000008A03F5B2624FF07E51C2F800B003F2F3
:104AC000AC524544116003F5B762176003F2C4525B
:104AD000116003F5B962116003F2CC52116003F565
:104AE000BA6203F2F453116019604FF0FF33C5F856
:104AF0002C3C0125AC4540F02F8104F58041002578
:104B000004F5844204F5AE4304F516469FED3B8A56
:104B1000DFED387ADFF8F0A0DFF8F090DFF8D0E0D2
:104B2000DFF8ECC0C1F840524432583394360021CB
:104B30004FF0804B41F2145082ED008A5560C2ED77
:104B4000027AC2F80CA01161C2F814C0C2F8189021
:104B5000D56115625562956202444FF07E584FF060
:104B6000FF37B24243F8385C43F8345C43F830BC5A
:104B700043F8281C43F8241C43F8201C43F81CEC81
:104B800043F8181C43F8141C03F8105C03F80F5C7E
:104B900043F8085C03F8045C43F82C8C43F80C7C65
:104BA0000344C7D104F5104606F5D36ADFED148A35
:104BB000C6F894564FF4D262002150460EF08EFB98
:104BC00028E000BF0AD7A33B0000E04000803B473D
:104BD0001C7F0100CDCCCC3D00A00C46A69B443BE5
:104BE000CDCC4C3E9A99193ECDCC4C3F00007A4436
:104BF0000000DC433333B33E3333333F00803B4765
:104C000000005C43F304353F295C8F3E6666663FD7
:104C100000002040DFF844918AED008AB6EE009A49
:104C200006F6C802CAED848A8AED049ACAF80CB066
:104C3000CAF81490CAF81890CAF81482C6F8BC785A
:104C400082ED008A06F6D8228AED909ACAF83CB224
:104C5000CAF84492CAF84892C2ED008A06F6DC22ED
:104C600006F62C53C2F8008006F6F822C6F8EC7A55
:104C700082ED008A06F604320021C2F800B006F682
:104C8000083282ED009A06F60C321846C2F80090FF
:104C900006F53162C2F8009006F60852C2ED008AAD
:104CA00006F60C52C2F80080C6F81C7DC6F8285DD6
:104CB0004FF4D2620EF012FB06F65C7180ED008AB2
:104CC00080ED049AC0ED848AC0F80CB0C0F814904E
:104CD000C0F81890C0F81482C6F8507F81ED008AA1
:104CE00000F5886180ED909AC0F83CB2C0F844921B
:104CF000C0F84892C1ED008A00F2444104F5204218
:104D0000C1F8008000F26C4182ED638AC2F88071C4
:104D1000C1F800B000F58E6181ED009A06F58D5165
:104D200006F59D56C1F8009000F58F6100F5CE6341
:104D300004F52340C1F80090C030C3ED008AC6F8E6
:104D40000080C2F8B073C2F8BC53FFF763FBBDEC40
:104D5000048B2046BDE8F88FAC4687E69A99193F48
:104D60002DE9F84F00F580562DED0C8BD6F808385C
:104D7000002B26DD00F5BF5BDFEDC49A9FEDC49AE2
:104D8000DFEDC48A9FEDC48A0BF1180B0025D6F81D
:104D9000F8175BF8047FD9B9C04B4FF0040E03F548
:104DA000016093F800221AB1D3F8F821974225D078
:104DB00003F501739842F4D1D6F808380135AB42B7
:104DC000E5DCBDEC0C8B0023C6F80838BDE8F88F95
:104DD000012927D1B14BD3F8082912B10422C3F815
:104DE0000829D3F82429002AE6D00422C3F824296C
:104DF000D6F808380135AB42C9DCE2E7D3F8E42144
:104E000083F80012002AD3DDC2EB021203EB820CFE
:104E10001A46D2F888400CB1C2F888E03C326245AC
:104E2000F7D1C5E7022916D19C4B4FF0000C03F5D2
:104E3000AA61042093F8AC2A1AB1D3F8A42A9742A5
:104E40003DD003F5AA738B42F4D1D6F8083801356A
:104E5000AB429CDCB5E7032919D004293DD1DFF82A
:104E600054829FED8FCADFED8FBADFF84C92DFF8E6
:104E70004CA218F8043C1BB158F80C3C9F4262D07D
:104E800041F214539944D1459844F2D194E7864BAA
:104E9000002003F541614FF0040C93F804261AB189
:104EA000D3F8FC25974243D003F5C1638B42F4D17C
:104EB000D6F808380135AB423FF769AF81E7D3F840
:104EC000502A83F8ACCA0AB1C3F8500AD3F86C2A46
:104ED000002AB6D0C3F86C0AB3E7052915D0062915
:104EE00040F0B980DFF8D8814FF0000A08F5D269A8
:104EF00098F82C3223B1D8F824329F4200F0FD807C
:104F000008F50C78C845F3D156E7DFF8B8814FF0C3
:104F1000000A08F5D26998F82C3223B1D8F8243267
:104F20009F4200F0D38008F50C78C845F3D143E7E1
:104F3000D3F8BC2583F8040683F8F805002AB3D01B
:104F4000C3F8BCC5B0E7D9ED020AD9ED00CA18ED27
:104F500007BAF5EEC00A0023F1EE10FA8CEE8BAA28
:104F600008F8043C08F8103C00F18C80F7EE007A59
:104F7000F4EE670AF1EE10FAC8BFF0EE670AB0EE81
:104F8000690A0BF047F96CEEA87A20EE090AF7EEF1
:104F900000AAB4EE670AF1EE10FAC8BFB0EE670AD5
:104FA00020EE080A80EE2C0A0BF0F8F86BEE0C7A73
:104FB0003AEEC00A87EEACDA7AEEC0DA08ED0B0AF8
:104FC000B0EE4D0A48ED0ADA0BF0EAF9F0EE40CA0D
:104FD000B0EE4D0A0BF0ACF96DEEACCAF0EE407AD3
:104FE000F0EE6A0AEDEEE70AB0EE6C0A0BF0D4F8C8
:104FF00080EE0D7A7AEE6A7A77EEC77AF4EE6A7A04
:10500000F1EE10FA48BFF0EE6A7A48ED0C7AD9ED6D
:10501000057AF4EEEB7AF1EE10FA30D4B3EE047ABE
:10502000F4EEC77AF1EE10FA64DC9FED207AF4EE2C
:10503000C77AF1EE10FA58BFF0EE477A2BEE27BA96
:10504000F8EE080AC0EE8B0AB2EE040A0BF0E2F8A2
:1050500008ED080A14E7072940D1DFF86C804FF00B
:10506000000A08F5D26998F82C321BB1D8F824321E
:105070009F425FD008F50C78C845F4D19CE6DFED7F
:10508000097ADBE7DFED0A0A79E700BF610B363DFD
:1050900000A08C466666E63EDB0FC9C0E44BFF1FEE
:1050A000DB0FC940CDCC4C3D288AFF1FEC51383E68
:1050B0000000000050ABFF1F3C96FF1F8CEAFF1F53
:1050C00024F1FF1F90EAFF1FB8F7FF1F404688F842
:1050D0002CA288F818A2FDF78FF824E7083914D11C
:1050E0001D4BD3F86026002A3FF466AE0422C3F8B5
:1050F000602661E6DFED197AA0E7404688F82CA229
:1051000088F818A2FDF778F8FAE601297FF454AE82
:10511000134B4FF0000C03F5B461042293F8DC014B
:1051200018B1D3F8D40187420CD003F5F0738B4249
:10513000F4D141E6404688F82CA288F818A2FDF781
:105140005BF897E7D3F8940083F8DCC10028ECD033
:10515000C3F89420E9E700BFE4FBFF1FEC51383EA1
:1051600094020020F8B56549044600234FF0E06042
:105170004FF48062A060236061486160A28101F108
:10518000060E1D464FF0010C01E011F8013FA0FB97
:105190000362D20802EB4202A3EB82030C33A0FBB2
:1051A0000362D20802EB4202A3EB82030CFA03F380
:1051B0002B4371459DB2E8D1DFED526A524A6264D9
:1051C0004523E3642581C4ED106A04F11002002335
:1051D000B2EE086A07EE903AF8EEE77A013367EE2E
:1051E000A67A0C2B87EE867AA2EC017AF2D1002502
:1051F00046484749A364C4F8A000C4F8A4104FF47B
:105200007272294625656565A565E565256665664D
:10521000A566E56625676567A567E567C4F88050FC
:10522000C4F88450C4F88850C4F88C50C4F8905026
:10523000C4F89450C4F89850C4F89C50C4F8A850CE
:10524000C4F8AC50C4F8B050C4F8B450C4F8885492
:10525000C4F88C54C4F89054C4F8945404F66C0008
:105260000EF03CF829464FF4727204F6344004F50F
:1052700080560EF033F829464FF4717204F6FC7034
:105280000EF02CF80023234FC6F8D033C6F8E033D5
:10529000C6F8E4334FF07E53C6F8DC332946C6F82F
:1052A000C053C6F8C453C6F8C853C6F8CC53C6F8A2
:1052B000D453C6F8D8734FF4007206F57A700EF026
:1052C0000DF84FF40072294606F5BD600EF006F8A1
:1052D00006F5FD6320461F600123C6F8EC37C6F8CB
:1052E000F057C6F8F457C6F8F857C6F8FC57C6F892
:1052F0000058C6F80458C6F80858F8BD5C3D0100CF
:10530000ABAAAAAA000096440000DC439A9999BE71
:10531000CDCC4C3D00803B472DE9F04F2DED028B6D
:10532000344EDFF8F480344FDFF8F0B0DFED338A2D
:105330009FED338ADFF8E8A0324D83B00024A6F554
:105340008059D6F8F837A342484606D0FFF708FD43
:105350000023C6F8F847C6F8F43706210134504652
:105360000AF094F92146284609F022F8012126483E
:105370000AF08CF90B21284609F01AF8234802217B
:105380000AF084F958F8043B0193184633B10EF043
:1053900057F8019B014618460AF078F907211C4886
:1053A0000AF074F93B8807EE903AF8EEE77A77EE68
:1053B000A87AC7EE887A17EE900A0DF0A3F941ECAF
:1053C000100B0121284609F00BF8012111480AF0C1
:1053D0005DF9284608F0F4FFBBF800303B8042F24C
:1053E000107009F051FB0B2CABD103B0BDEC028B5C
:1053F000BDE8F08FB843FF1FA20A002033332343D8
:105400003333A3434824FF1FA0380100A438010010
:10541000A8380100B03801008C8D01009E0A0020E0
:105420009838010038B500F5D26C2DED028B864618
:10543000B0EE608A034693F819521C4603F50C73CC
:1054400045B39C45F7D1002490F82C324BB9002C81
:1054500000F0A680D0F82852D4F828329D4238BFF8
:10546000044600F50C706045EED19CB974460EF50B
:105470000C7EF4450CD0002CF8D0DEF82802D4F8CD
:105480002832984238BF74460EF50C7EF445F2D1AE
:10549000002C75D0F3EE047AB4EEE70A0123F1EEA6
:1054A00010FAD4ED008AC4F82412C4F8282284F833
:1054B0002C320ADBDFED3E7A68EEA77AB4EEE70A1B
:1054C000F1EE10FAD8BFF0EE407AB5EEC08AF1EEF8
:1054D00010FAC4ED847A56DA9FED368A84ED858A17
:1054E00040F20113C0220021A4F8183204F59E7086
:1054F0000DF0F4FE2046FCF77FFED4ED050AF5EE34
:10550000C00AF1EE10FA48DBF7EE007AF4EE670A13
:10551000F1EE10FAC8BFF0EE670A9FED270A0AF015
:1055200079FE9FED267ADFED265A20EE070AF6EE89
:10553000007AE8EE807A0022C4F8042278EE086A45
:10554000FDEEE77A9FED1F7A17EE903A022BB8BF77
:10555000022307EE903AF8EEE77AB4EEC78A86EEB9
:10556000A76AC4F80032C5EEA76AF1EE10FAD8BFF8
:10557000B0EE478A84ED878A84ED826AC4ED836A3F
:10558000BDEC028B38BDF7EE007AB4EE678AF1EE1F
:1055900010FAC8BFB0EE678AA0E7DFED060ABCE7E5
:1055A000044600F50C7060457FF44EAF5DE700BF28
:1055B000CDCCCC3E00000000CDCCCC3D6F12833B67
:1055C000DB0FC9400AD7233C2DE9F04F2DED0A8BA4
:1055D00087B09A4602EB8303049301EB8A0303939B
:1055E0001A9BDFED75AADFED75BADFED758ACDF890
:1055F00008A001EB83080446B0EE008A00F5D260F3
:10560000C24694F8193243B904F50C748442F8D1B7
:1056100007B0BDEC0A8BBDE8F08F029B1A9A94ED9F
:1056200006BAD4F8FC91934280F2C38004F11C0BBB
:10563000D4F80082049F039E05905B460BEB89051E
:10564000BFEE00AAC346F5EE009AB7EE00CAB6EE6A
:10565000009A9846D4F80412594557DBB9F1000F67
:10566000B0EE6B5A40F396809FED547A4346F3ECCC
:10567000015AD3ED5F7A93ED176AD3ED476A67EE6F
:10568000C67A93ED2F6AC3ED5F6AE5EEA67AAB4268
:10569000E6EE057A37EE277AC3ED477AE7D1D6ED05
:1056A000007AEBEE077AB5EEC07AC6ED007AD7ED58
:1056B000007AEBEE077AF1EE10FAC7ED007A48BFF8
:1056C000B1EE477AD4ED877AF4EEC77AF1EE10FAAC
:1056D00058BF94ED887A06F1040658BF27EE877A02
:1056E000564584ED877A07F10407B3D10598B4EEE7
:1056F000EA7AF1EE10FA87D5D4F80032D4F8041221
:105700009942A4BF002384F819327DE707EE101AEE
:10571000D4ED837A0191B8EEC70A20EE270A0AF089
:1057200007FE60680199036894ED827A03F1DA4319
:1057300003F52D1303F56753353301310360C4F8C6
:10574000041283EAD33143F0010301FB03F383EA3C
:10575000D31143F03D0000FB01314B4083EA93330A
:1057600007EE903AF8EE677AF0EE4A6A67EEA87AAA
:105770003CEE405AE7EE886AB9F1000FF0EE4C7A41
:10578000E6EEA97A25EE095A25EE275A25EE075AA4
:105790003FF76AAFD6ED007A9FED087AEBEE2B7AF1
:1057A000C6ED007AD7ED007AEBEE2B7AC7ED007AE2
:1057B00088E794ED877A9AE717B7D13800000000A0
:1057C0000000802F2DE9F04F2DED088B064683B0A9
:1057D00000F5B465044694F8CC71234604F5F074E2
:1057E00067B3AC42F7D1002390F8DC414CB9002BF1
:1057F00000F05481D0F8D871D3F8D841A74238BF0F
:10580000034600F5F070A842EED1BBB9334606F569
:10581000F076AE420CD0002BF8D0D6F8D841D3F8B1
:10582000D801844238BF334606F5F076AE42F2D155
:1058300023B903B0BDEC088BBDE8F08FF3EE047A1A
:10584000B4EEE70A0120F1EE10FA93ED007AC3F806
:10585000D411C3F8D82183F8DC010ADBDFED937A99
:1058600067EE277AB4EEE70AF1EE10FAD8BFF0EE51
:10587000407AF5EEC00AF1EE10FAC3ED717A71DAF2
:10588000DFED8B0A93ED1D7A93ED036AD3ED056A84
:105890008848C3ED720AC6EE077A0122002183F818
:1058A000CC210022D8621962DA67B6EE007AF4EEF3
:1058B000C76AF1EE10FAF5EEC07A54BF0124002455
:1058C000F1EE10FA1C6357DBF4EEC77AF1EE10FA32
:1058D00000F3C380F5EEC07AF1EE10FA4CDDDFED97
:1058E000766AA7EEA67AFCEEC77A17EE900A9FEDCD
:1058F000709AD3ED017AC3F88000F4EEC97A0121E1
:105900000022F1EE10FA83ED369A83ED379A83ED9B
:10591000439A83ED449A83ED509A83ED519A83ED37
:105920005D9A83ED5E9A83ED6A9A83ED6B9A83EDBF
:10593000269AC3F89410C3F8D0211FDBB1EE007A89
:10594000F4EEC77AF1EE10FA40F38A809FED5B0A1D
:105950009FED5B8A5B480421B7EE009A03220C2678
:10596000102712E0F7EE007AF4EE670AF1EE10FA73
:10597000C8BFF0EE670A85E71046B8E79FED500A0A
:105980009FED518A4F48164604271C464F4D504BF9
:105990009FED50BADFED46BA16440F4403EB86087C
:1059A00005EB8605B6004FEA870903EB8707331D31
:1059B00000EB030B04F58273F6EE00AA04F5D87A27
:1059C0000193F0EE490A80EE080A0AF023FCF8EC95
:1059D000017AB7EC017A37EE677AF0EE409AE7EE9B
:1059E000097AB5EC010A20EE0B0AB0EE67AA0AF0BC
:1059F000B5FDAB1B4B4453ED017A69EE889AB0EECE
:105A0000408A27EE8B0A0AF0A9FDC9EE8A8A04F1C2
:105A1000AC00343430EE480AF4EE6A8AA0EE098A0B
:105A2000F1EE10FA48BFF0EE6A8AC4ED209AC4ED98
:105A300022BAC4ED218AFAF74BFEC8EE287A019B00
:105A40009C42EAEC017A3FF4F4AEBBEC018AABEB8A
:105A500006034B4413ED010AB3E74FF0004046E75D
:105A6000BDEEE77A174817EE102A032AA8BF0322D3
:105A700007EE102A02EB8204511800EB8404B8EE02
:105A8000C79A94ED008A01EB810400EB840437EEA1
:105A9000C99A94ED000A96008F0076E7034600F558
:105AA000F070A8427FF4A0AEAFE600BF3333B33E40
:105AB000000000009A99993E0000804F0000AF431B
:105AC0000000C843A03A0100000016443C3A01001F
:105AD000D83901002D152A3E2DE9F04F2DED0E8B02
:105AE0001E4690F8203485B0002B00F06581D0F878
:105AF0003834002B04468846174629DD1C9A921B31
:105B00009B1A002BC0F8383400F3CC810023C0F876
:105B1000383400F5866393ED000A94ED006A30EEA8
:105B2000007AF7EE086AC6EE077A04F58363B7EEEB
:105B3000007A77EEE67A83ED000AF4EE477AF1EE2A
:105B400010FA48BFF0EE477A04F58263C3ED007A9D
:105B5000D4ED017AD4ED03DAF5EEC07AF1EE10FA65
:105B600080F22F81DFEDDE7A9FEDDEAADFEDDEAA87
:105B700094ED027A04F21C43D3ED006AE6EE8AAAA1
:105B8000B5EEC07AF1EE10FA6AEEA7AAC0F28481EF
:105B9000F7EE007AB4EEE77AF1EE10FA40F37F8187
:105BA000D4ED059AF5EEC09AF1EE10FAC0F27181CB
:105BB000F7EE007AF4EE679AF1EE10FAC8BFF0EE55
:105BC000679A04F58863D3ED007A1C9B9FEDC7BAF2
:105BD00069EEA79AB34269EE8B9A40F3DD8004F533
:105BE00082630393DFEDBECA9FEDC1CA9FEDC19AE8
:105BF000DFEDC1BA656AD4F8189004F23C4308EBB3
:105C0000860807EB860704F56D7004F2144B0293C7
:105C100004F2244A039B93ED007AB5EEC07AF1EECC
:105C200010FAC0F22681D4ED087AF8EE677AB4EE65
:105C3000E77AF1EE10FA00F32081FDEEC77A17EE55
:105C4000901AF8EEE77A77EE677A6A1E521A48BF22
:105C5000E3699BED007A48BFD21809EB8202AB1EC4
:105C600092ED008A5A1A4ABFE36913469B1809EB62
:105C70008303D3ED006AD4F8F83376EEC86A013BAB
:105C8000A6EEA78A38EE077A8BED008A67EE0C8ABB
:105C9000032B00F23381DFE803F0A7C29E0204F277
:105CA0000C4394EDFFDAD3ED007AADEE67DAB4EE93
:105CB000C9DAF1EE10FA40F1E9800023B0EE6CDAB7
:105CC000C4EDFFCAC4F8F8332AEE8DDA029AD2ED99
:105CD000007AF4EEC97AF1EE10FA40F3C78004F2CC
:105CE000444393ED007A67EE877AB0EE4AEAA7EE76
:105CF000A9EAC2ED007A0190FCF750FBB7EE006A0A
:105D0000F0EE467AE0EE0E7A0198F0EE6B6A67EEFE
:105D10008D7AFFEE005A38EEE77AE7EE4B6AB1EE85
:105D2000475AF4EEE56AF1EE10FA80F29780B0EE91
:105D3000457AE36977EE877A09EB850201359D4262
:105D400008BF0025C2ED007A6562D8ED007AEDEE5D
:105D5000887AB5EEC08AE8EC017AD7ED007AEDEEEC
:105D6000887AF1EE10FAE7EC017ADAED007A48BFB2
:105D7000B1EE488AF4EEC87AF1EE10FA05D404F5D3
:105D8000856393ED008A27EE888A1C9B8AED008A42
:105D90000136B3427FF43EAFD4F8F83363B904F26E
:105DA000244292ED007ADFED537AB4EEE77AF1EE19
:105DB00010FA48BF84F8203405B0BDEC0E8BBDE866
:105DC000F08FB7EE007AF4EE477AF1EE10FAC8BF22
:105DD000F0EE477AC8E604F58063D3ED007AC4EDAF
:105DE000FF7A2AEEA7DA71E7D4EDFF7AB7EE087AE8
:105DF00004F2044337EE677A93ED006AE6EE077A21
:105E0000F7EE006AF4EEE67AF1EE10FAE7DB022331
:105E1000B0EE6ADAC4EDFF6AC4F8F83356E704F569
:105E20008063D3ED007A94EDFFDA04F5816337EEF9
:105E3000CD7AD3ED006AA6EE87DA3DEE677AB0EE52
:105E4000C77AB4EEC97AF1EE10FA1FD50323B0EE8B
:105E500067DAC4EDFF7AC4F8F83335E7F4EEC66AC2
:105E6000F1EE10FAD8BF27EE267A62E7B0EE4AEAE2
:105E700041E7F0EE6C7A0021E7E6BDEEE77A17EE37
:105E8000101AB8EEC77A77EEC77ADEE684EDFFDA4D
:105E90001AE7DFED139A94E69FED11AA80E627EE4C
:105EA0000AAA7DE607EE903A00F23443D3ED006A89
:105EB000F8EEE77A00F22C4387EEA67A93ED008A9B
:105EC00000F5866393ED000AF7EE000A80EE080AFB
:105ED00070EEC70A0AF09EF928EE000A1DE600BF20
:105EE00000000000CDCCCC3E9A99193F9A99993E7A
:105EF0003333F3BE17B7D1383333333F2AEEACDA3E
:105F0000E4E600BFF8B506462DED028B00F501670B
:105F1000B0EE408A8646B0EE600ADEF8E0319C7949
:105F2000754694B14FF0000C5FFA8CF3C3EB03138A
:105F300014F0010F0EEB83030CF1010C03D0D3F826
:105F40008830002B5CD16408EED19FED477A85ED57
:105F50007C0AB4EEC70A0123F1EE10FAC5F8F81175
:105F6000C5F8FC2185F80032D5ED030A85ED7B8A62
:105F7000D8BFB0EE470A0AF04DF90022D5F8E46127
:105F800085ED7D0A00212B461446B6EE006A16E028
:105F9000F4EE467AF1EE10FAC8BFF0EE467A964279
:105FA00002F101024FF00100D8BFD3F88800C3ED21
:105FB000207A062AC3F8880003F13C034BD093ED06
:105FC000297AD3ED1E6AC3F88840B5EEC07AF1EEA7
:105FD00010FAD8BF93ED287AD967D8BF28EE077A90
:105FE000C3F88C10C7EE267AC3F8AC10C3F8B01013
:105FF000F5EEC07AF1EE10FACAD5DFED1C7ACEE7E5
:106000000EF5017EBE4588D1002590F800323BB9DF
:1060100025B3D0F8FC41D5F8FC319C4238BF054689
:1060200000F50170B842F0D1002D8ED1354606F54D
:106030000176BE420CD0002DF8D0D6F8FC01D5F880
:10604000FC31984238BF354606F50176BE42F2D1A2
:10605000002D7FF47AAFBDEC028BF8BD054600F54C
:106060000170B842D1D1DFE76F12833A000000001F
:106070002DE9F04F2DED0C8B054683B040F2D4583E
:106080004FF4BA66203005F58054C5F814800191AC
:10609000AE6141F2507200212861B0EE408A0027C3
:1060A0000DF01CF905F5BC50EF6141F25072C4F8D7
:1060B0007487C4F87867C4F8700739460DF00EF994
:1060C000DFEDBA6A9FEDBACA9FEDBA7A9FEDBAAA20
:1060D0009FEDBADADFEDBA9ADFF8ECA2DFEDB9AAEC
:1060E000DFF8E892C4F87C77F0EE007ABFEE00BAF1
:1060F000A6EEA7BA05F5005805F53B5628EE0CCAE2
:10610000103608F6847305F53D5BF2EE048AF0EE76
:1061100008DAB0EE479AF0EE47BA83ED00CA0BF109
:10612000380B344668EE8A8AB5EEC08A68EE888AF3
:10613000F1EE10FAEBEC018A40F30081B4EEE98A4B
:10614000F1EE10FA54BFF0EE4D7AF0EE487A2346A5
:10615000B5EEC08A1833F1EE10FAC4ED007AC4F837
:1061600018A0636184ED01BA40F3E580B4EEE98ADA
:10617000F1EE10FA54BFF0EE4D6AF0EE486ACBEE45
:10618000AD7A04F16C03A366C4F86CA0C4ED156A83
:1061900037EEC77A84ED16BAB5EEC07AF1EE10FA92
:1061A00042DDF7EE006AB4EEE67AF1EE10FA3BDA81
:1061B00027EE2A7ABCEEC77A17EE103AB5EE007ACF
:1061C00077EE877AA36077EEC97AF5EEC07AF1EEC2
:1061D00010FA2BDDB7EE007AF4EEC77AF1EE10FA82
:1061E00024DA67EEAA7A0137FCEEE77A032F17EE7E
:1061F000903A04F11C0423641FD007EE907AF8EE65
:10620000E7BAB5EE000ACBEEADCAF9EC018A3CEE76
:10621000800A0BF0B7F9B0EE409AB0EE6C0A0BF0C2
:10622000B1F9B0EE407A7DE70023C7E701370023DC
:10623000032FE36504F11C04DFD1019BDFED5D7AE0
:106240000FCB85E80F0095ED017AB4EEE77AF1EE19
:1062500010FA80F29F802CEE27CAB0EE677AD5ED57
:10626000027A85ED017AF5EEC07AF1EE10FAC0F20D
:106270008E80B7EE007AF4EE477AF1EE10FAC8BFDE
:10628000F0EE477A95ED037AC5ED027AB5EEC07A65
:10629000F1EE10FA78DBF6EE007AB4EE677AF1EE02
:1062A00010FAC8BFB0EE677AD5ED007A85ED037AB3
:1062B000F5EEC07AF1EE10FA63DBB3EE047AF4EE99
:1062C000477AF1EE10FAC8BFF0EE477A05F53C5573
:1062D000DFED3C5A2435B6EE006AD6ED006A87EE53
:1062E000A67AB5EEC07AF1EE10FA2CDBB4EEC67ADF
:1062F000F1EE10FA37DD4FF00043D6ED156AF3608A
:1063000087EEA67AB5EEC07AF1EE10FA19DBB4EE9C
:10631000C67AF1EE10FA18DD4FF0004333661C36F2
:10632000B542DAD108F6887888ED00CA03B0BDEC32
:106330000C8BBDE8F08FF0EE4D6A20E7F0EE4D7A61
:1063400005E70023EAE70023D7E7B5EEC07AF1EED0
:1063500010FAF6DDF0EE466AE7EE256ABCEEE67A64
:1063600017EE103ADAE7B5EEC07AF1EE10FAEADD90
:10637000F0EE466AE7EE256ABCEEE67A17EE103AD2
:10638000BBE7DFED0C7AA1E79FED0A7A8CE7DFED42
:10639000097A77E7F7EE007AB4EEE77AF1EE10FAD1
:1063A000D4BF2CEE07CAB0EE677A58E77685433F34
:1063B0000BD7A33B000000006F12833A00803B47DD
:1063C0008096184B0000804F979B28AD383901000C
:1063D0002DE9F0479FEDE87ADFEDE87A2DED088BA7
:1063E00090ED009AC9EE078A0446B0EE608AF4EE9A
:1063F000E78AF1EE10FAD8BFF0EE678AB4EEE80A49
:10640000F1EE10FA0ADDF4EE008A69EE288AF4EE65
:10641000C08AF1EE10FA58BFF0EE408A226A04F505
:10642000805505F59F6640F20113C6ED008AA5F878
:10643000043542B1E069920000210CF04FFF94ED69
:10644000009AD6ED008ADFEDCE7AD4ED020AF4EEA2
:10645000E70A002205F59E63F1EE10FAA262C9EE8A
:10646000289AC3ED007A00F17E81F7EE007AF4EE0F
:10647000670AF1EE10FAC8BFF0EE670A9FEDC10A95
:1064800009F0C8FE9FEDC07ADFEDC07A20EE070A62
:1064900069EE277A9FEDBE7AB4EE670AF1EE10FA44
:1064A000C8BFB0EE670A20EE070AB7EE00AA80EE7A
:1064B000090A09F073FE05F2EC4305F59D62DFED74
:1064C000B57A68EEA77A3AEE400AC7EE89AA3AEEA4
:1064D00040BA82ED000A83ED00BAB0EE6A0A09F014
:1064E0005FFFB0EE409AB0EE6A0A09F021FF2BEE92
:1064F000099AF0EE407AF0EE4A0AEBEE670AB0EE47
:10650000490A09F049FEC0EE2A6A05F2E44379EE31
:10651000CA7A9FEDA17A77EEE67AF4EE4A7AF1EE46
:1065200010FA48BFF0EE4A7AC3ED007AD4ED050ABE
:10653000F4EEC70AF1EE10FA00F1A080F3EE047A4F
:10654000F4EE670AF1EE10FAC8BFF0EE670A60EEEB
:10655000A80AF8EE087AC7EEA00AB2EE040A09F01B
:1065600059FEF6EE007A79EEA77AD4ED046AFDEED4
:10657000E77AF5EEC06A17EE90EABEF55C7FA8BF39
:106580004FF45C7EBEF1020F05F2F443B8BF4FF04A
:10659000020EF1EE10FA83ED000A00F1E780F7EE4B
:1065A000007AF4EEE76AF1EE10FA6ADD9FED744AC4
:1065B000F0EE676AB5EEC08AF1EE10FA68D4F7EE35
:1065C000007AB4EEE78AF1EE10FA40F3F5809FED21
:1065D000798AD4F80480714FD8F800209FED705A62
:1065E000DFED704A9FED703ADFED653A04F21C76FC
:1065F000F0EE005ABFEE006A3A4430464FF0010C0C
:10660000002116E0012914BFF0EE637AF0EE437A20
:1066100066EEA77AE64567EEA47AE7EE047A67EEBF
:10662000887AC0ED007A36DD01313A440CF1010C74
:10663000043042F0010982EAD23309FB03F383EA12
:10664000D31943F03D0A0AFB093983EA090383EAB7
:10665000933307EE903AF8EE677AB0EE467A67EE3B
:10666000857AA7EEA57A0029CCD166EEA47AE7EE6A
:10667000047A67EE887AC0ED007AD5E7F0EE470A33
:1066800065E7B5EEC08AF1EE10FA37EEE64A96D528
:106690009FED3B8A9DE794ED037AC8F8002001F551
:1066A000E371B5EEC07A04EB8101F1EE10FAC1EDB1
:1066B000017A55D4DFED3D7AB4EE677AF1EE10FA47
:1066C000C8BFB0EE677AF6EE007AE7EE297AFDEE03
:1066D000E77A17EE907A002F40DD0EEB0708B8F549
:1066E0005C7FA8BF4FF45C78F04509DDA8EB0E0293
:1066F0000EF2C710920004EB800000210CF0EEFDBA
:10670000B84515DD06EB8706C7F5E3770137474443
:1067100008F2C71204EB870304EB820474ED017ADC
:1067200033ED017A77EEC77AB442C4ED007AF5D141
:10673000DFED1F7AC5F8DC84B4EEE78AF1EE10FADB
:10674000D8BFB0EE678A002205F2FC43C5F8E0240A
:1067500083ED008ABDEC088BBDE8F087F046E7E7E3
:106760009FED077AAFE7F0EE670A87E6DFED046A90
:10677000B7EE004A1EE700BF0000DA430000DC422B
:1067800000000000610B363D00A08C466666E63EC8
:10679000DB0FC9C0DB0FC940CDCC4C3DF5792B6D6B
:1067A0000000802FCDCCCC3FCDCCCC3E3333733FDB
:1067B0000AD7233C9A99193F5FED027A28EE278A7F
:1067C00007E700BFF0B52DED028B044683B000292A
:1067D00049D15068136841681D68C37AA9B3A3B34F
:1067E00095FBF3FC03FB0CF2954205D0002DBCBFDA
:1067F0000CF1FF3C03FB0CF2AA1A8B5C816CC26C9F
:1068000001FB0C3339339B1A93FBF1F201FB02FCC1
:10681000634506D091EA030F44BF02F1FF3201FB4A
:1068200002FC07EE902AA3EB0C0300EB8303F8EEC7
:10683000E77AD0ED106A93ED047AA7EEA67AB4EE6B
:10684000477AF1EE10FA00F08C819FEDCB0AD4F874
:106850001028DFEDCA0A29462046FFF753FB03B094
:10686000BDEC028BF0BD012940F0A88051684D6855
:10687000C87A002D00F04882002800F04582136895
:106880001B6893FBF0F200FB02F6B34205D0002B2D
:10689000BCBF02F1FF3200FB02F69B1B886CEB5C75
:1068A000CD6C00FB023339335B1B93FBF0F200FB32
:1068B00002F5AB4206D090EA030F44BF02F1FF326B
:1068C00000FB02F507EE902A5B1B01EB8303F8EE59
:1068D000E77A91ED107A93ED040AA7EE870AB4EEF9
:1068E000400AF1EE10FA40F00F82DFEDA97A91ED47
:1068F000118A20EE270A09F031FE28EE000AD4F8AA
:1069000018689F4A33689FED9F7A04F614011A4471
:10691000D1ED136A81ED4A0A42F0010082EAD233D6
:1069200000FB03F3F7EE007AE6EEC77A43F03D058D
:1069300083EAD31005FB0030434083EA9333C1ED73
:106940004C7A07EE903A9FED907A904BC1F82C313B
:10695000B8EE678A04F6680328EE078A0025C1F8B6
:106960003851C1F83451B0EE480A5D6032600AF027
:1069700009FE38EE400A04F5086181ED010A04F5CC
:106980000B6304F50D6204F698014D60DD619D61B5
:106990005D611D6104F60411D562156304F5126290
:1069A00001238D60C4F8083995600022C4F82439A9
:1069B000C4F8502903B0BDEC028BF0BD022940F0B1
:1069C000EB805168136848681E68CB7AA0B39BB30C
:1069D00096FBF3F503FB05F2964205D0002EBCBFF3
:1069E00005F1FF3503FB05F2B21A835C886CCA6CB3
:1069F00000FB053339339B1A93FBF0F200FB02F5E1
:106A0000AB4206D090EA030F44BF02F1FF3200FB15
:106A100002F507EE902A5B1B01EB8303F8EEE77AA1
:106A200091ED107A93ED040AA7EE870AB4EE400ABE
:106A3000F1EE10FA00F060829FED4F0A04F540532A
:106A400004F65C12D3F840CE114604F6AC6413464B
:106A5000D3F8F4001D4603F5AA7348B39C42F7D15E
:106A6000002592F850314BB9002D00F00C83D2F87C
:106A70004C01D5F84C31984238BF154602F5AA7240
:106A8000A242EED1A5B90D4601F5AA71A1420CD0E2
:106A9000002DF8D0D1F84C21D5F84C319A4238BFAE
:106AA0000D4601F5AA71A142F2D1002D3FF4D7AEF7
:106AB000D5ED136A9FED337A6B68344A1968C5F8CF
:106AC0002C21F7EE007AE6EEC77A2D4AC5F8486128
:106AD000002401270A4485ED4A0AC5ED4C7AC5F821
:106AE0004CC185F85071C5F83841C5F83441AC65E2
:106AF0001A6082EAD2333A4302FB03F343F03D01CA
:106B000083EAD31201FB0232534083EA933307EE48
:106B1000903A9FED1D7AB8EE678A28EE078AB0EEAC
:106B2000480A0AF02FFD38EE400A0023C5F88840D5
:106B300085ED1C0AC5F8B840C5F8B440C5F8B040AA
:106B4000C5F8AC40C5F8E840C5F8EC40C5F8F840D9
:106B5000C5F8F470C5F81441C5F81071C5F83C319A
:106B60007DE69FED0B0A90ED118A27EE000A09F0F1
:106B7000F5FC28EE000A6AE60000C07F3333333F9D
:106B8000F5792B6D9A99993E0000802F3333333F6E
:106B90000E745A3A00000000032940F0B880516892
:106BA000136848681D68CB7A002800F06782002BC4
:106BB00000F0648295FBF3F603FB06F2954205D0E4
:106BC000002DBCBF06F1FF3603FB06F2AA1A835C58
:106BD000886CCA6C00FB063339339B1A93FBF0F2C6
:106BE00000FB02F6B34206D090EA030F44BF02F165
:106BF000FF3200FB02F607EE902A9B1B01EB83039A
:106C0000F8EEE77A91ED107A93ED040AA7EE870A81
:106C1000B4EE400AF1EE10FA40F030825FED247AD3
:106C200091ED118A20EE270A09F098FC28EE000A5F
:106C300004F5804204F5795392F83D140433C1B150
:106C400092F8451A04F588444C34002900F0198262
:106C500092F84814002900F01B8292F8501A00297B
:106C600000F00F82D2F84C0AD2F84414884238BFA0
:106C7000234693ED077A5FED396AD2F8544AA44867
:106C8000C3F8FC55C0EE077A012103F2F45283F8F1
:106C9000041640F20111C3F800461060A3F8F8157D
:106CA000F4EEE67AF1EE10FA00F1F8819FED996AC0
:106CB000F4EEC67AF1EE10FA00F38582F5EEC07AB2
:106CC000F1EE10FAC4BFF7EE006A86EEA77AC3EDC4
:106CD000097AD8BFB0EE667A03F2845103F5BB603F
:106CE00003F2D455002283ED0A7A1A62CA620A635B
:106CF0002A60026003F5B76000240121C3F8EC4567
:106D00008260C3F8BC15AAE59FED8B0AF7E504295C
:106D100000F01681052940F0C68151681368486863
:106D20001E68CA7A002800F05582002A00F05282BC
:106D300096FBF2F502FB05F39E4205D0002EBCBF88
:106D400005F1FF3502FB05F3F31ACA6CC35C886CCE
:106D500000FB053339339B1A93FBF0F200FB02F57D
:106D6000AB4206D090EA030F44BF02F1FF3200FBB2
:106D700002F507EE902A5B1B01EB8303B8EEE77A7E
:106D8000D1ED106AD3ED047AE7EE267AF4EE677A55
:106D9000F1EE10FA40F01E829FED650A91ED118A26
:106DA00027EE800A09F0DAFB28EE000A04F52043FA
:106DB00004F51E42AC3204F52544D3F83C75104668
:106DC0003C34134693F819121D4603F50C7349B36E
:106DD0009C42F7D1002592F82C324BB9002D00F0DF
:106DE0003483D2F82812D5F82832994238BF154694
:106DF00002F50C72A242EED1A5B9054600F50C7061
:106E000084420CD0002DF8D0D0F82822D5F82832B2
:106E10009A4238BF054600F50C708442F2D1002D2D
:106E20003FF41DAD0123F3EE047AC5F82462C5F8E2
:106E30002872B4EEE70AF1EE10FA95ED008A85F8B3
:106E40002C320ADBDFED347A68EE277AB4EEE70AFB
:106E5000F1EE10FAD8BFF0EE407A40F201132C4860
:106E6000C5ED847AC0220021C5F81402A5F81832B5
:106E700005F59E700CF032FA2846FBF7BDF9D5ED0A
:106E8000050AF5EEC00AF1EE10FAC0F2A681F7EE9F
:106E9000007AF4EE670AF1EE10FAC8BFF0EE670A66
:106EA0009FED1E0A09F0B6F99FED1D7A9FED1D6A50
:106EB000174AC5F81C2220EE070AF6EE007AE8EE23
:106EC000007A0021C5F804129FED177AFDEEE77AEB
:106ED00017EE903A022BB8BF022307EE903AF8EE75
:106EE000E77AC5F80032C7EE276A86EE277AC5ED45
:106EF000826A85ED837AB2E4DFED0D7A91ED118A35
:106F000020EE270A09F02AFB28EE000A96E500BFCA
:106F10003333333F48E1FA3ECDCCCC3ECDCCCC3DF3
:106F20006F12833BDB0FC9403333B33F3333333FFF
:106F30000E745A3ABC9C02400000C07F0000000062
:106F40005168136848681D68CB7A002800F09D805E
:106F5000002B00F09A8095FBF3F603FB06F29542B6
:106F600005D0002DBCBF06F1FF3603FB06F2AA1ABE
:106F7000835C886CCA6C00FB063339339B1A93FB25
:106F8000F0F200FB02F6B34206D090EA030F44BFD2
:106F900002F1FF3200FB02F607EE902A9B1B01EB89
:106FA0008303F8EEE77A91ED107A93ED040AA7EEE9
:106FB000870AB4EE400AF1EE10FA66D15FED247A4A
:106FC00091ED118A20EE270A09F0C8FA28EE000A8E
:106FD00004F5104304F5BE426C3204F53344D3F893
:106FE000A8EEBC34134641F2145613F80F1CA3F557
:106FF000A8501438334491B39C42F6D11346002074
:1070000041F2145C13F8046CA3F5A85114395EB96D
:1070100000F58056002800F06D81D6F80C6553F815
:10702000087CB74238BF084663449C42EAD1B0B9F5
:1070300041F2145CA2F5A85300F58051143B0028DE
:1070400000F0C68052F8086CD1F80C158E4238BF9B
:1070500018466244A242EDD100283FF400AC00F58E
:10706000805301225FED4F0AC3F80855C3F80CE5C1
:1070700083F81025FFF7ACF9FFF7F1BB1FED520ABB
:10708000D6E52346F5E51546F8E41FED550A9FE7DA
:1070900092F8501A00297FF4ECADE3E5B0EE667A81
:1070A000C3ED096A18E6062940F09A805168136812
:1070B00048681E68CB7A002800F01E81002B00F083
:1070C0001B8196FBF3F503FB05F2964205D0002EDB
:1070D000BCBF05F1FF3503FB05F2B21A835C886C77
:1070E000CA6C00FB053339339B1A93FBF0F200FBAB
:1070F00002F5AB4206D090EA030F44BF02F1FF3223
:1071000000FB02F507EE902A5B1B01EB8303F8EE10
:10711000E77AD1ED106A93ED047AA7EEA67AB4EE81
:10712000477AF1EE10FA40F0E7801FED7F0A91ED0B
:10713000118A27EE000A09F011FA28EE000A04F578
:10714000204304F52542403204F52B44D3F8D00BFC
:10715000D034134693F819121D4603F50C7351B33E
:107160009C42F7D11346002593F82C1249B9002D03
:1071700000F08981D3F82872D5F828128F4238BFE1
:107180001D4603F50C739C42EED1A5B9154602F5D8
:107190000C7294420CD0002DF8D0D2F82812D5F8F9
:1071A0002832994238BF154602F50C729442F2D14A
:1071B000002D3FF454AB0123F3EE047AC5F82462AA
:1071C000C5F8280235E61FEDA57A83ED096A83E547
:1071D00018463EE71FEDA80AE8E55FEDA80A5FE65E
:1071E000072940F08C805168136848681E68CA7A85
:1071F000002800F02781002A00F0248196FBF2F598
:1072000002FB05F39E4205D0002EBCBF05F1FF3501
:1072100002FB05F3F31ACA6CC35C886C00FB0533F0
:1072200039339B1A93FBF0F200FB02F5AB4206D018
:1072300090EA030F44BF02F1FF3200FB02F507EEB4
:10724000902A5B1B01EB8303F8EEE77AD1ED106A1D
:1072500093ED047AA7EEA67AB4EE477AF1EE10FA2F
:1072600040F0F0809FED940A91ED118A27EE000A1C
:1072700009F074F928EE000A04F5304304F52B42B6
:10728000D43204F53244D3F864026434134693F8DC
:1072900019121D4603F50C7300298CD09C42F6D1BF
:1072A0001346002593F82C1249B9002D00F00281F5
:1072B000D3F82872D5F828128F4238BF1D4603F53F
:1072C0000C739C42EED1002D7FF475AF154602F58C
:1072D0000C7294423FF46CAF002DF7D0D2F8281214
:1072E000D5F82832994238BF154602F50C729442FF
:1072F000F2D15DE7084697E69FED700A1FE708297F
:1073000040F0A58051684D68C87A002D00F0B88023
:10731000002800F0B58013681B6893FBF0F200FBB7
:1073200002F6B34205D0002BBCBF02F1FF3200FBD6
:1073300002F69B1B886CEB5CCD6C00FB023339338F
:107340005B1B93FBF0F200FB02F5AB4206D090EA28
:10735000030F44BF02F1FF3200FB02F507EE902A53
:107360005B1B01EB8303F8EEE77AD1ED106A93ED36
:10737000047AA7EEA67AB4EE477AF1EE10FA7FD13E
:107380009FED4D0A91ED118A27EE000A09F0E6F80B
:1073900028EE000A9FED4A8AB4EEC80A04F530448C
:1073A000F1EE10FAD4ED9A7A0ADBB2EE087A87EEA3
:1073B000878AB4EEC08AF1EE10FA58BFB0EE408A68
:1073C000D4F884223F4804F2846304F5D06181ED4F
:1073D000008A18602AB1D4F88002920000210BF0D4
:1073E0007DFF94ED9A7A384838EE088AF7EE086AFD
:1073F000C7EE087A04F27C6200230021C4F88C12E4
:10740000136004F25C6204F5CF6593600122C4F856
:107410006026B7EE007A77EEE67AF4EE477AF1EE80
:1074200010FA48BFF0EE477AC5ED007AC4F8A0160E
:1074300004F2A4610B6004F28C6384F8882618605F
:10744000FFF70DBA9FED1D0A16E71546D0E409397E
:107450001BD001297FF403AA1368506819680191B1
:107460000430FAF777FE04F53C409FED180A0199C5
:10747000543003B0BDEC028BBDE8F040F9F736BAEA
:107480009FED0E0A86E71D467BE613685068196873
:1074900001910430FAF75EFE04F5304304F53640FE
:1074A000D3F8502CDFED090A0199B030FEF78AF9C4
:1074B000FFF7D5B91D4602E70E745A3A0000C07FA7
:1074C0000000DC423333333F0AD7233C3333333FAE
:1074D000F0B52DED028B044683B0154600294AD144
:1074E00052682B6850681E68D37AA8B3A3B396FB82
:1074F000F3FC03FB0CF18E4205D0002EBCBF0CF157
:10750000FF3C03FB0CF1711A435C906CD16C00FBE7
:107510000C3339335B1A93FBF0F100FB01FC63453C
:1075200006D090EA030F44BF01F1FF3100FB01FCDC
:1075300007EE901AA3EB0C0302EB8303F8EEE77A55
:10754000D2ED106A93ED047AA7EEA67AB4EE477AEC
:10755000F1EE10FA00F092819FEDCE0AAB68D4F8FC
:107560001028D3ED000A31462046FEF7CBFC03B0CD
:10757000BDEC028BF0BD012940F0AB805268506831
:10758000D17A002800F05782002900F054822B683D
:107590001B6893FBF1F601FB06FC634505D0002B4D
:1075A000BCBF06F1FF3601FB06FCA3EB0C03D16C5C
:1075B000C35C906C00FB063339335B1A93FBF0F12C
:1075C00000FB01F6B34206D090EA030F44BF01F17D
:1075D000FF3100FB01F607EE901A9B1B02EB8303C1
:1075E000F8EEE77A92ED107A93ED040AA7EE870A97
:1075F000B4EE400AF1EE10FA40F01D82DFEDAB7AF6
:1076000092ED118A20EE270A08F0A8FF28EE000A62
:10761000D4F81868A96833689F4A91ED007ADFEDC5
:107620009F6A04F614011A44F7EE007AD1ED135A5A
:1076300081ED4A0A42F0010037EEC76A82EAD2338E
:1076400000FB03F3E5EEC67A43F03D0583EAD31071
:1076500005FB0030434083EA9333C1ED4C7A07EEDB
:10766000903AB8EE678A04F6680328EE268A002569
:1076700081ED4B7AC1F83851C1F83451B0EE480A67
:107680005D60326009F07EFF38EE400A04F5086163
:1076900081ED010A04F50B6304F50D6204F698010F
:1076A0004D60DD619D615D611D6104F60411D5626F
:1076B000156304F5126201238D60C4F808399560E2
:1076C0000022C4F82439C4F8502903B0BDEC028B61
:1076D000F0BD022940F0EC8052682B6850681E68AB
:1076E000D37AA0B39BB396FBF3F703FB07F18E426B
:1076F00005D0002EBCBF07F1FF3703FB07F1711A5D
:10770000435C906CD16C00FB073339335B1A93FBFD
:10771000F0F100FB01F7BB4206D090EA030F44BF33
:1077200001F1FF3100FB01F707EE901ADB1B02EBC2
:107730008303F8EEE77A92ED107A93ED040AA7EE50
:10774000870AB4EE400AF1EE10FA00F019829FEDBC
:10775000510AA96804F5405304F65C1291ED007AD1
:10776000D3F8400E04F6AC641346D3F8F4101D466B
:1077700003F5AA7351B39C42F7D11346002593F841
:10778000501149B9002D00F06282D3F84C71D5F840
:107790004C118F4238BF1D4603F5AA739C42EED1AF
:1077A000A5B9154602F5AA7294420CD0002DF8D066
:1077B000D2F84C11D5F84C31994238BF154602F534
:1077C000AA729442F2D1002D3FF4D1AEF7EE007AC6
:1077D000D5ED135A6B68304A1968C5F8486137EE21
:1077E000C76A0024E5EEC67A01270A4485ED4A0AF5
:1077F000C5ED4C7AC5F84C0185F8507185ED4B7A92
:10780000C5F83841C5F83441AC651A6082EAD23314
:107810003A4302FB03F343F03D0183EAD31201FB39
:107820000232534083EA933307EE903ADFED1B6A4E
:10783000B8EE678A28EE268AB0EE480A09F0A2FE62
:1078400038EE400A0023C5F8884085ED1C0AC5F8CB
:10785000B840C5F8B440C5F8B040C5F8AC40C5F86C
:10786000E840C5F8EC40C5F8F840C5F8F470C5F834
:107870001441C5F81071C5F83C3178E69FED0B0A4C
:1078800092ED118A27EE000A08F068FE28EE000A41
:1078900064E600BF0000C07FF5792B6D0000802FEB
:1078A0000000000048E1FA3E0000C07F0E745A3A22
:1078B000032940F0C38052682B6850681E68D37A51
:1078C000002800F0C181002B00F0BE8196FBF3F789
:1078D00003FB07F18E4205D0002EBCBF07F1FF3736
:1078E00003FB07F1711A435C906CD16C00FB07330A
:1078F00039335B1A93FBF0F100FB01F7BB4206D072
:1079000090EA030F44BF01F1FF3100FB01F707EEDE
:10791000901ADB1B02EB8303F8EEE77A92ED107A04
:1079200093ED040AA7EE870AB4EE400AF1EE10FACE
:1079300040F08A815FED237A92ED118A20EE270ACA
:1079400008F00CFE28EE000A04F5804204F5795395
:1079500092F83D140433C1B192F8451A04F58844F5
:107960004C34002900F0EC8192F84814002900F012
:107970007D8192F8501A002900F0E281D2F8440487
:10798000D2F84C1A884288BF2346A868D2F8541A05
:10799000D0ED007AC3F8FC65F5EEC07A0122F1EE75
:1079A00010FAC3F8001683F8042680F255815FEDC3
:1079B000447AD3ED076A80EE267A03F2F45240F25D
:1079C00001115FED496AC2ED007AB4EEE67AF1EE9C
:1079D00010FAA3F8F81500F156811FED4E6AB4EEC7
:1079E000C67AF1EE10FA00F3AD81B4EEE67AF1EE6C
:1079F00010FAC4BFF7EE006AC6EE877A83ED097A03
:107A0000D8BFF0EE667A03F2845103F5BB6003F24F
:107A1000D4550022C3ED0A7A1A62CA620A632A6048
:107A2000026003F5B76000240121C3F8EC458260D1
:107A3000C3F8BC159BE51FED640AE9E5042940F095
:107A4000AA8052682B6850681E68D37A002800F01C
:107A50000081002B00F0FD8096FBF3F703FB07F19C
:107A60008E4205D0002EBCBF07F1FF3703FB07F1A4
:107A7000711A435C906CD16C00FB073339335B1A8D
:107A800093FBF0F100FB01F7BB4206D090EA030F35
:107A900044BF01F1FF3100FB01F707EE901ADB1B39
:107AA00002EB8303F8EEE77A92ED107A93ED040A85
:107AB000A7EE870AB4EE400AF1EE10FA40F0C98052
:107AC0005FED867A92ED118A20EE270A08F046FDD6
:107AD00028EE000AA96804F5104304F5BE426C3292
:107AE00004F53344D1ED000AD3F8A8EEBC341346B4
:107AF00041F2145513F80F1CA3F5A85014382B4469
:107B000091B39C42F6D11346002041F2145C13F865
:107B1000045CA3F5A85114395DB900F5805500281F
:107B200000F07481D5F80C5553F8087CAF4238BF8B
:107B3000084663449C42EAD1B0B941F2145CA2F514
:107B4000A85300F58051143B002800F0008152F842
:107B5000085CD1F80C158D4238BF18466244944237
:107B6000EDD100283FF403AD00F580530122C3F8A6
:107B70000865C3F80CE583F81025FEF729FCF6E448
:107B80005FEDB67A92ED118A20EE270A08F0E6FC46
:107B900028EE000ADDE505297AD152682B68506885
:107BA0001E68D17A002800F0D480002900F0D1802E
:107BB00096FBF1F701FB07F39E4205D0002EBCBFF8
:107BC00007F1FF3701FB07F3F31AD16CC35C906C2C
:107BD00000FB073339335B1A93FBF0F100FB01F72D
:107BE000BB4206D090EA030F44BF01F1FF3100FB16
:107BF00001F707EE901ADB1B02EB8303B8EEE77A7E
:107C0000D2ED106AD3ED047AE7EE267AF4EE677AC5
:107C1000F1EE10FA40F09D809FED810A92ED118AFD
:107C200027EE800A08F09AFC28EE000AAB6804F5FB
:107C3000204204F51E40D2F83C25D3ED000A31461F
:107C4000AC30FDF7EFFB92E49FED730A7CE61D4636
:107C5000A2E59FED710A3DE7B7EE007AF4EE477AB0
:107C6000F1EE10FAC8BFF0EE477AA2E692F8501A89
:107C700000297FF48AAED2F84C0AD2F84414884224
:107C800038BF234681E6F0EE667AC3ED096ABAE6AC
:107C9000062961D152682B6850681E68D37A002883
:107CA00000F0B680002B00F0B38096FBF3F703FBE7
:107CB00007F18E4205D0002EBCBF07F1FF3703FB52
:107CC00007F1711A435C906CD16C00FB07333933B8
:107CD0005B1A93FBF0F100FB01F7BB4206D090EA80
:107CE000030F44BF01F1FF3100FB01F707EE901ACB
:107CF000DB1B02EB8303F8EEE77AD2ED106A93ED1B
:107D0000047AA7EEA67AB4EE477AF1EE10FA7FD1A4
:107D10009FED430A92ED118A27EE000A08F01EFC3F
:107D200028EE000AAB6804F5204204F52540D2F89D
:107D3000D02BD3ED000A31464030FDF773FB16E43B
:107D4000234622E6DFED357A83ED096A5BE61846C5
:107D500004E79FED310A69E7072965D152682B686E
:107D600050681E68D17A002800F01381002900F0C5
:107D7000108196FBF1F701FB07F39E4205D0002E20
:107D8000BCBF07F1FF3701FB07F3F31AD16CC35CEB
:107D9000906C00FB073339335B1A93FBF0F100FB67
:107DA00001F7BB4206D090EA030F44BF01F1FF3157
:107DB00000FB01F707EE901ADB1B02EB8303F8EEE2
:107DC000E77AD2ED106A93ED047AA7EEA67AB4EEC4
:107DD000477AF1EE10FA40F0DC809FED110A92ED47
:107DE000118A27EE000A08F0B9FB28EE000AAB68FA
:107DF00004F5304204F52B40D2F86422D3ED000A9A
:107E00003146D430FDF70EFBFFF7B1BB084690E6D4
:107E10009FED010A86E700BF0000C07FBC9C0240C6
:107E20000E745A3A0000DC42082940F0B5805268CE
:107E30005668D07A002E00F0C980002800F0C68075
:107E40002B681B6893FBF0F100FB01F7BB4205D0E8
:107E5000002BBCBF01F1FF3100FB01F7DB1B906C75
:107E6000F35C00FB0133D16C39335B1A93FBF0F107
:107E700000FB01F6B34206D090EA030F44BF01F1C4
:107E8000FF3100FB01F607EE901A9B1B02EB830308
:107E9000F8EEE77AD2ED106A93ED047AA7EEA67AAF
:107EA000B4EE477AF1EE10FA40F090801FED240A0C
:107EB00092ED118A27EE000A08F050FB28EE000A26
:107EC0001FED288AAB68B4EEC80A04F53044F1EE21
:107ED00010FAD3ED007A94ED9A7A0ADBF2EE086A92
:107EE00087EE268AB4EEC08AF1EE10FA58BFB0EEE3
:107EF000408AF5EEC07A04F5D063F1EE10FA83ED16
:107F0000008A66DBB7EE007AF4EE477AF1EE10FAFB
:107F1000C8BFF0EE477AD4F8842204F28463C3ED3C
:107F2000007A2AB1D4F88002920000210BF0D6F931
:107F300094ED9A7A334838EE088AF7EE086AC7EE6D
:107F4000087A04F27C6200230021C4F88C121360CA
:107F500004F25C6204F5CF6593600122C4F86026E8
:107F6000B7EE007A77EEE67AF4EE477AF1EE10FAA1
:107F700048BFF0EE477AC5ED007AC4F8A01604F2C7
:107F8000A4610B6004F28C6384F888261860FFF704
:107F9000EEBA9FED1D0A2AE709391DD001297FF4A9
:107FA000E6AA13685068196801910430FAF7D2F80C
:107FB000AB68019993ED000A04F53C40543003B0DE
:107FC000BDEC028BBDE8F040F8F790BC9FED0E0AC7
:107FD00076E7DFED0E7A9EE7136850681968019125
:107FE0000430FAF7B7F8AB680199D3ED000A04F54D
:107FF000304204F53640D2F8502CB030FDF7E2FBA9
:10800000FFF7B5BA0AD7233C0000C07F000000008C
:108010002DE9F04F2DED068B87B0169CA34280F220
:10802000368101EB830A02EB830201EB84030593A3
:10803000D0F8E8330093D0F8EC33D0F814900393E1
:10804000836801939FEDA49AC368DFEDA48A9FED36
:10805000A4AADFEDA4AA9FEDA48ADFEDA49AD0F82C
:10806000F4B3049351460546CA4600F58054914640
:10807000B1EC017AF9EC017A019B039AB5EEC07A72
:10808000F1EE10FAF5EEC07A4CBFB1EE470AB0EE51
:10809000470AF1EE10FA4CBFF1EE676AF0EE676A3C
:1080A00003EB8A0383ED007AB4EEE60A049BF1EE5B
:1080B00010FA0AF10100D8BFB0EE660A9842009BA0
:1080C00008BF4FF0000A03EB8B031CBF57468246E4
:1080D000C5F814A0C3ED007A0BF1010308BF4FF0FF
:1080E000FF3793420EBF4FF0000B5E469B46C5F82C
:1080F000F4B3D4EDCF7AF4EEC07A08BF4FF0FF3678
:10810000F1EE10FA3BD5B4EEE80AF1EE10FA00F306
:10811000C580F0EE4A7A95ED007A77EEC77A94ED55
:10812000D17AD4EDD06AD4F8280327EE267AF4EE7B
:10813000477AF1EE10FAC8BFB0EE677A002884EDF6
:10814000D17A40F3C480D4F82423B2B1531E03F58E
:10815000F97C05EB8C0CDCED017AF4EEC77AF1EEDC
:1081600010FA0FD80138C4F82433C4F828030028C3
:1081700000F092801A46002AE8D1F123E7E7F0EEFA
:10818000497ACCE71346421C05EB830C0CF2CC7801
:1081900088ED007AF12BD4F83483CCF8948B14BF9B
:1081A00001330023C4F82433D4F82033C4F828233F
:1081B00005EB830CDCF8942BA8EB020CBCF1F00F60
:1081C00007D9F12B14BF01330023C4F82803C4F8E6
:1081D000203303F5F97305EB830393ED017AD4F8AB
:1081E0002C33D4EDCC6A05EB830000F65C70D0ED47
:1081F000007A77EE677A013377EEA67AF12BC4ED39
:10820000CC7A80ED007AC4F82C334ED087EE880A01
:108210000291B5EEC00AF1EE10FA56BFDFED347AE6
:10822000B0EE690A20EE670A08F098F92B69029906
:108230000233F02BD4BFFF1AF03F002FBCBF049BCA
:10824000FF18019B03EB8707D5F8F033D7ED007AD1
:108250000233F02BD4BFF61AF03E002EB8BF039BBA
:1082600067EE807AB8BFF618009B41ED017A03EB08
:108270008606D6ED007A67EE807A08F1010349EDB3
:10828000017AC4F83433059B8B427FF4F1AE07B01A
:10829000BDEC068BBDE8F08F012275E7029108F076
:1082A00063F9029960EE2A7A35E70023DFED0A7A56
:1082B000C4F82C3305F5995005F65C73B3EC017ADC
:1082C000984277EE877AF9D1C4EDCC7A9EE7D4F85C
:1082D0002433421C58E700BF0000000052F38437EB
:1082E0000000C0C2C1A8C04000007143000000806F
:1082F0002D152A3EF8B504462DED028B002940F0DD
:10830000DB809168506813680268486853F822500F
:10831000CB7AA0B39BB395FBF3F603FB06F2954231
:1083200005D0002DBCBF06F1FF3603FB06F2AA1AEA
:10833000835C886CCA6C00FB063339339B1A93FB51
:10834000F0F200FB02F6B34206D090EA030F44BFFE
:1083500002F1FF3200FB02F607EE902A9B1B01EBB5
:108360008303F8EEE77A91ED107A93ED040AA7EE15
:10837000870AB4EE400AF1EE10FA00F03C829FED5D
:10838000C80AD4F890762246204604F5D2612346E6
:1083900093F819621C4603F50C7346B39942F7D162
:1083A000002492F82C324BB9002C00F08D82D2F8C8
:1083B0002862D4F828329E4238BF144602F50C7267
:1083C0008A42EED19CB9044600F50C7088420CD06C
:1083D000002CF8D0D0F82822D4F828329A4238BF9E
:1083E000044600F50C708842F2D1002C61D0F3EE07
:1083F000047AB4EEE70A0123F1EE10FA94ED008A54
:10840000C4F82452C4F8287284F82C320ADBDFED59
:10841000A57A68EE277AB4EEE70AF1EE10FAD8BF33
:10842000F0EE407A40F201139F48C4ED847AC022F6
:108430000021C4F81402A4F8183204F59E700AF062
:108440004DFF2046F9F7D8FED4ED050AF5EEC00A37
:10845000F1EE10FA80F2C581DFED940A9FED940AE7
:1084600007F0D8FE9FED937A9FED936A8E4AC4F889
:108470001C2220EE070AF6EE007AE8EE007A0021D0
:10848000C4F804129FED8D7AFDEEE77A17EE903A6C
:10849000022BB8BF022307EE903AF8EEE77AC4F851
:1084A0000032C7EE276A86EE277AC4ED826A84ED31
:1084B000837ABDEC028BF8BD012940F007819168F9
:1084C000506813680268486853F82260CB7A002825
:1084D00000F0FC81002B00F0F98196FBF3F503FB23
:1084E00005F2964205D0002EBCBF05F1FF3503FB17
:1084F00005F2B21A835C886CCA6C00FB0533393311
:108500009B1A93FBF0F200FB02F5AB4206D090EA17
:10851000030F44BF02F1FF3200FB02F507EE902A81
:108520005B1B01EB8303F8EEE77A91ED107A93ED94
:10853000040AA7EE870AB4EE400AF1EE10FA40F002
:10854000C581DFED5F7A91ED118A20EE270A08F0F0
:1085500005F828EE000A04F29462D4F8247D11464E
:1085600004F62454134693F819021D4603F50C73C0
:1085700048B39C42F7D1002592F82C324BB9002D1C
:1085800000F02382D2F82802D5F82832984238BF6A
:10859000154602F50C72A242EED1A5B90D4601F5C1
:1085A0000C71A1420CD0002DF8D0D1F82822D5F8BA
:1085B00028329A4238BF0D4601F50C71A142F2D122
:1085C000002D3FF476AFF3EE047AB4EEE70A012310
:1085D000F1EE10FA95ED008AC5F82462C5F828720C
:1085E00085F82C320ADBDFED2F7A68EE277AB4EEBD
:1085F000E70AF1EE10FAD8BFF0EE407A40F201132C
:108600002948C5ED847AC0220021C5F81402A5F8D6
:10861000183205F59E700AF061FE2846F9F7ECFD68
:10862000D5ED050AF5EEC00AF1EE10FAC0F251815F
:10863000F7EE007AF4EE670AF1EE10FAC8BFF0EE3A
:10864000670A9FED1B0A07F0E5FD9FED1A7A9FED83
:108650001A6A154AC5F81C2220EE070AF6EE007ABF
:10866000E8EE007ABDEC028BFDEEE77A9FED137A1F
:1086700017EE903A022BB8BF022307EE903AF8EEBD
:10868000E77A0021C7EE276AC5F80412C5F8003260
:1086900086EE277AC5ED826A85ED837AF8BD00BF44
:1086A0000000C07FCDCCCC3E52B81E3F0000000081
:1086B000CDCCCC3D6F12833BDB0FC94052B89E3FFF
:1086C0000E745A3A00005C430000DC42022940F07C
:1086D0009D8091684D68C87ACDB3C0B3D2E90036A9
:1086E000326853F8223093FBF0F200FB02F6B342FB
:1086F00005D0002BBCBF02F1FF3200FB02F69B1B32
:10870000886CEB5CCD6C00FB023339335B1B93FB55
:10871000F0F200FB02F5AB4206D090EA030F44BF33
:1087200002F1FF3200FB02F507EE902A5B1B01EB22
:108730008303B8EEE77AD1ED106AD3ED047AE7EE61
:10874000267AF4EE677AF1EE10FA00F0C58004F6AE
:10875000285595ED007A1FED258A5FED257AD4F82E
:10876000442D9F4904F58A53C3ED007A05F21C435A
:1087700019603AB1D4F8400D920000210AF0AEFD24
:1087800095ED007AC7EE087A05F21441BDEC028B34
:1087900004F5805300220020C4F84C0D05F58266D4
:1087A0000A600121F7EE086A77EEE67AB7EE007A02
:1087B000F4EE477AF1EE10FA48BFF0EE477AC3F8CC
:1087C0002421C3F82011C6ED007AC3F8600105F238
:1087D0003C4005F22445834C026083F848112C602C
:1087E000F8BDF7EE007AF4EE670AF1EE10FAC8BFB2
:1087F000F0EE670A32E6DFED7C7A91ED118A20EE29
:10880000270A07F0ABFE28EE000ABAE5033900F0AC
:10881000868001297FF44DAE956851681368096818
:108820006A6853F82160EB7A00F5B8541434002AD2
:1088300040D0002B3ED096FBF3F003FB00F18E42BC
:1088400005D0002EBCBF00F1FF3003FB00F1711A10
:10885000535CA96CEA6C01FB003339339B1A93FB20
:10886000F1F201FB02F0834206D091EA030F44BF0C
:1088700002F1FF3201FB02F007EE902A1B1A05EB12
:108880008303B8EEE77AD5ED106AD3ED047AE7EE0C
:10889000267AF4EE677AF1EE10FA0BD1DFED526A28
:1088A0009FED527A27EEA60AB4EE470AF1EE10FACF
:1088B00080F29380BDEC028B314620469FED4C0A3E
:1088C000BDE8F840F8F712B8144677E59FED490A7D
:1088D00041E6DFED490AB4E69FED430A91ED118AC6
:1088E00027EE800A07F03AFEDFED447A28EE000A10
:1088F00004F62855B4EEE70AF1EE10FA95ED007A89
:1089000068DBF2EE086AC7EE267AF4EEC07AF1EE82
:1089100010FA58BFF0EE407A37EEA78A1FE790684A
:10892000516813680A68416853F82250C37A0029D5
:108930004DD0002B4BD095FBF3F603FB06F295428E
:1089400005D0002DBCBF06F1FF3603FB06F2AA1AC4
:108950008B5C816CC26C01FB063339339B1A93FB31
:10896000F1F201FB02F6B34206D091EA030F44BFD5
:1089700002F1FF3201FB02F607EE902A9B1B00EB8F
:108980008303F8EEE77AD0ED106A93ED047AA7EE50
:10899000A67AB4EE477AF1EE10FA18D19FED120ADA
:1089A00090ED118A27EE000A07F0D8FD28EE000AA4
:1089B00004F5805304F58B50D3F81027DFED0C0A33
:1089C00029461030FCF7FEFE73E51546E1E59FED04
:1089D000090AEDE79FED0A8AC1E607F0BFFD69E7E6
:1089E00052B81E3F0AD7233C0E745A3A0000004387
:1089F00052B81E3F0000C07F000000000000DC42B3
:108A000000005C432DE9F04F00F580550446D5F891
:108A1000F4371948D5F8F8175A4202F00F0203F05C
:108A20000F07B84658BFC2F10008002BB4BF03F1CE
:108A30000F021A4612112DED048B10F801C050429E
:108A400002F0030600F003028BB058BF5642BCF19F
:108A5000030F08D8DFE81CF004000202CC0112006A
:108A6000002F00F033820133C5F8F4370BB0BDECB2
:108A7000048BBDE8F08F00BFB88D0100626F002A43
:108A800000F0848098FBF2F302FB1383002BB8BF45
:108A90009B185A1104EB820203F01F03126F22FA93
:108AA00003F3D80772D5002900F0DC85012940F0D6
:108AB000B387C84EC84AD6F818C8DFEDC86ADCF8D4
:108AC00000309FEDC77A01911A4442F0010082EA1A
:108AD000D23300FB03F343F03D0783EAD31007FBD7
:108AE0000030434083EA933306EE103AB8EE468AEC
:108AF00006F5066328EE268AD3ED006AB94806F625
:108B00003C13F7EE007A0027E6EEC77A1F6006F501
:108B10001463B0EE480A186006F64413C3ED007AF9
:108B200006F64C131F6006F648131F6006F66C032A
:108B30001F60CCF8002008F025FD38EE400A06F64C
:108B4000840383ED000A06F69C0301991F6006F674
:108B5000CC03C6F808191F6006F6C803C6F8241926
:108B60001F6006F6C4031F6006F50C631F6006F65F
:108B7000FC031F6006F510631F6006F60C131F60F0
:108B800006F628131F600023C6F85039D4F8842055
:108B9000002A00F0928098FBF2F302FB1383002B73
:108BA000B8BF9B185A1104EB820203F01F03D2F8DE
:108BB000802022FA03F3DA077FD5D5F8F877002F63
:108BC00000F06985012F40F08F86824E824AD6F8E8
:108BD0001808DFED826A03681A4442F0010182EA54
:108BE000D23301FB03F343F03D0C83EAD3110CFBBA
:108BF00001314B4083EA933306EE103AB8EE468AD1
:108C000006F5066328EE268AD3ED006AB5EE007AF3
:108C100006F63C13F7EE007A4FF00009E6EEC77A4D
:108C2000C3F8009006F514634FF07D51196006F605
:108C30004413C3ED007A06F64C13B0EE480AC3F8AD
:108C4000009006F64813C3F8009006F66C03C3F8CC
:108C50000090026008F096FC38EE400A06F68403A5
:108C600083ED000A06F69C03C6F80879C3F8009065
:108C700006F6CC03C6F82479C3F8009006F6C803BC
:108C8000C3F8009006F6C403C3F8009006F50C6321
:108C9000C3F8009006F6FC03C3F8009006F51063D5
:108CA000C3F8009006F60C13C3F8009006F62813DC
:108CB000C3F800900023C6F85039D4F89420002A55
:108CC00000F0018198FBF2F302FB1383002BB8BF85
:108CD0009B185A1104EB820203F01F03D2F8902074
:108CE00022FA03F3DB0740F1EE80D5F8F867002E97
:108CF00000F0C384012E40F03387364C364AD4F856
:108D00001808DFED366A9FED387A04F63C13002729
:108D10001F6003681A4442F0010182EAD23301FB6A
:108D200003F343F03D0C83EAD3110CFB01314B40BC
:108D300083EA933306EE103AB8EE468A04F50663EA
:108D400028EE268AD3ED006A2849F7EE007AE6EE8F
:108D5000C77A04F51463196004F64413C3ED007A6E
:108D600004F64C13B0EE480A1F6004F648131F6067
:108D700004F66C031F60026008F004FC04F69C0318
:108D800038EE400A1F6004F6CC0300221F6004F690
:108D9000C803C4F808691F6004F6C403C4F8246952
:108DA0001F6004F50C63C4F850291F6004F6FC032F
:108DB0001F6004F510631F6004F60C131F6004F6B7
:108DC000281304F684041F6084ED000AD5F8F437F4
:108DD00049E600BFE44BFF1FF5792B6D0000802FA3
:108DE000D0CC4C3D3333733FCDCC0C3F6666E63E72
:108DF000606E00283FF437AE98FBF0F200FB128261
:108E0000002AB8BF1218501104EB800002F01F02B4
:108E1000006E20FA02F2D7077FF525AECE4AE07A3F
:108E200052F82620121A039263323FF41CAE9FEDD3
:108E3000CB7ADFEDCB7ACB48089418F0030F03AB65
:108E400018BFF0EE477A079307AA04AB0993CDED5C
:108E5000047AFEF73DFBD5F8F43704E6606D002890
:108E60003FF401AE98FBF0F200FB1282002AB8BF7B
:108E70001218501104EB800002F01F02006D20FA5E
:108E800002F2D2077FF5EFADB74A52F8282012F16F
:108E9000630F3FF4E8ADB04850F826000244E07A92
:108EA00002EB4002049263323FF4DDAD04ABAD4807
:108EB000079307AA0894FDF785FCD5F8F437D2E5A7
:108EC000002C41F09783D5F8F437CCE52046FBF72A
:108ED00047FFA14BE07A53F826200397911C0144E9
:108EE0000591111D014402443B46DFEDA09A9FED20
:108EF000A09ADFEDA08ADFF888B20492069104AF51
:108F000003AE64E00AAA02EB8303606853F8181CFE
:108F1000E37A002800F03A81002B00F0378191FBC2
:108F2000F3FC03FB0CF2914205D00029BCBF0CF10D
:108F3000FF3C03FB0CF28A1A835CA26CE06C02FB20
:108F40000C3339331B1A93FBF2F002FB00FC634530
:108F500006D092EA030F44BF00F1FF3002FB00FC91
:108F600007EE900AA3EB0C0304EB8303F8EEE77A19
:108F700093ED047AD4ED106AA7EEA67AB4EE477AA0
:108F8000F1EE10FA40F002819FED7F0A94ED118A14
:108F9000019127EE000A07F0E1FA019928EE000A94
:108FA0007048F0EE680AD0F81028FCF7ABFF039B7E
:108FB0000AA903F2FE5201EB830104EB82020133A2
:108FC00051F8181C5160022B039300F38082D5F8EE
:108FD000F817079708960994002993D0012940F0C3
:108FE000D8806168E27A00293AD0CAB30AA800EBB7
:108FF000830353F8183C93FBF2F002FB00FC63453B
:1090000005D0002BBCBF00F1FF3002FB00FCA3EB3E
:109010000C03A26CCB5CE16C02FB003339335B1AAE
:1090200093FBF2F102FB01F0834206D092EA030FB8
:1090300044BF01F1FF3102FB01F007EE901A1B1A49
:1090400004EB8303F8EEE77A93ED040A94ED107ACB
:10905000A7EE870AB4EE400AF1EE10FA00F03E8265
:109060009FED487ADFF8FC809FED436AD8F8180836
:10907000DFED426A026808F506635A44D3ED005AF0
:1090800042F0010182EAD23301FB03F343F03D0CCD
:1090900083EAD3110CFB01314B40F7EE007AE5EE89
:1090A000C67A83EA93334FF0000906EE103A08F6C9
:1090B0003C1383ED007A08F51463C3ED008A08F6CB
:1090C0004413C3ED007A08F64C13B8EE468AC3F891
:1090D000009008F6481328EE268AC3F8009008F698
:1090E0006C03B0EE480AC3F80090026008F04AFA38
:1090F000012338EE400AC8F80839C8F8243908F6C0
:10910000840383ED000A08F69C03C3F8009008F678
:10911000CC03C3F8009008F6C803C3F8009008F623
:10912000C403C3F8009008F50C63C3F8009008F678
:10913000FC03C3F8009008F51063C3F8009008F62C
:109140000C13C3F8009008F62813C3F8009000230E
:10915000C8F850392BE700BF4C3D0100CDCC0C3F87
:109160003333733FE44BFF1F0C3D0100CDCCCC3DAE
:109170006F12833B52B81E3F5C8FC23E0000802FAF
:10918000F5792B6D0000C07F0E745A3A1FED030A6B
:1091900006E7022940F0EB800AAA02EB830361682C
:1091A00053F8189CE27A002900F08182002A00F02E
:1091B0007E8299FBF2F002FB00F3994506D0B9F1EB
:1091C000000FBCBF00F1FF3002FB00F3A9EB03036B
:1091D000A26CCB5CE16C02FB003339335B1A93FB6E
:1091E000F2F102FB01F0834206D092EA030F44BF82
:1091F00001F1FF3102FB01F007EE901A1B1A04EB9C
:109200008303F8EEE77A93ED040A94ED107AA7EE63
:10921000870AB4EE400AF1EE10FA40F048825FEDA2
:10922000267A94ED118A20EE270A07F097F928EEA6
:10923000000AB04BD3F840CEAF4B03F5AA601A46F4
:10924000D2F8F410904602F5AA72A1B39042F7D179
:10925000A9494FF000089E4691F8502152B9B8F143
:10926000000F00F02385D8F84C21D1F84C319342FF
:1092700038BF884601F5AA718142EDD17346B8F135
:10928000000F18D11A4603F5AA739842A6460DD0CE
:10929000002A00F07F86D3F84C41D2F84C118C4262
:1092A00038BF1A4603F5AA739842F1D19046744626
:1092B000002A3FF47CAED8F80410D8ED136A0A688F
:1092C0009FED8E7AC8F84CC15A4442F0010082EA00
:1092D000D23300FB03F3F7EE007AE6EEC77A43F0F1
:1092E0003D0C83EAD3100CFB0030434083EA9333F8
:1092F000C8ED4C7A07EE903A9FED817AC8F8489114
:10930000B8EE678A4FF0000928EE078A4FF0010A8D
:1093100088ED4A0AC8ED4B8AC8F83891C8F83491EC
:10932000C8F8589088F850A1B0EE480A0A6008F0D2
:1093300029F938EE400A0023C8F8889088ED1C0A05
:10934000C8F8B890C8F8B490C8F8B090C8F8AC9015
:10935000C8F8E890C8F8EC90C8F8F890C8F81491EC
:10936000C8F8F4A0C8F810A1C8F83C311FE60329DA
:1093700040F0D0800AAA02EB8303616853F8188C8E
:10938000E27A002900F09681002A00F0938198FB90
:10939000F2F002FB00F3984506D0B8F1000FBCBF15
:1093A00000F1FF3002FB00F3A8EB0303A26CCB5CDF
:1093B000E16C02FB003339335B1A93FBF2F102FBE1
:1093C00001F0834206D092EA030F44BF01F1FF315E
:1093D00002FB01F007EE901A1B1A04EB8303F8EE70
:1093E000E77A93ED040A94ED107AA7EE870AB4EEBB
:1093F000400AF1EE10FA40F05D81DFED457A94ED20
:10940000118A20EE270A07F0A9F828EE000A3D4845
:1094100090F83D34002B00F0538490F8453A4BB15E
:1094200090F84834002B00F0478490F8503A002B15
:1094300040F02F8400F24C4393ED077AD0F8542A81
:10944000DFED316AC3F80026C0EE077A012283F807
:10945000042603F2F452C3F8FC85C2ED008AF4EE50
:10946000E67A40F20112F1EE10FAA3F8F82500F1C5
:109470002B849FED266AF4EEC67AF1EE10FA00F323
:109480007C85F5EEC07AF1EE10FAC4BFF7EE006A03
:1094900086EEA77AC3ED097AD8BFB0EE667A03F2FA
:1094A000845100221A6283ED0A7ACA620A6303F2C7
:1094B000D4510A6003F5BB610A600021C3F8EC15C2
:1094C00003F5B7618A600122C3F8BC256FE503226A
:1094D000D5F8F437C5F80828FFF7C5BADFED0C7AE0
:1094E00094ED118A20EE270A07F038F828EE007A6A
:1094F000B8E500BFE47BFF1F4055FF1F5C8FC23EF5
:109500000000802FE48BFF1F0000000048E1FA3EBE
:109510000E745A3A042940F0D0800AAA02EB830361
:10952000616853F8188CE27A002900F0C283002A9F
:1095300000F0BF8398FBF2F002FB00F3984506D0E1
:10954000B8F1000FBCBF00F1FF3002FB00F3A8EB45
:109550000303A26CCB5CE16C02FB003339335B1A72
:1095600093FBF2F102FB01F0834206D092EA030F73
:1095700044BF01F1FF3102FB01F007EE901A1B1A04
:1095800004EB8303F8EEE77A93ED047AD4ED106AE6
:10959000A7EEA67AB4EE477AF1EE10FA40F089838E
:1095A0001FED250A94ED118A27EE000A06F0D6FF7A
:1095B00028EE000ABE4BDFF82CC3D3F8A8AEBD4B93
:1095C00041F2145E1A4612F80F1CA2F5A850143886
:1095D0007244002938D09445F5D1B64A0193002051
:1095E00041F2145912F804ECA2F5A8511439BEF155
:1095F000000F0BD100F5805E002800F0DE85DEF85C
:109600000CE552F8083C734538BF08464A446245A9
:10961000E8D1019BC0B941F21459A646A3F5A8525E
:1096200000F58051143A002800F0AD84D1F80C15F3
:1096300053F8084C8C4238BF10464B449C45EDD142
:10964000744600283FF4B3AC00F580530122F0EEDD
:10965000680AC3F80885C3F80CA583F81025FCF741
:10966000B7FEA4E49448DFED950A9FED950AD0F883
:109670001028FCF747FCFFF789BA8F48DFED910A05
:10968000D0F810289FED8E0A0221FCF73BFCD5F89C
:10969000F437FFF7E8B988489FED890AD0F8102819
:1096A000F6EE080A0121FCF72DFCFFF706BB9FED43
:1096B000860ABEE59FED840AA9E6052940F00A83E3
:1096C0000AAA02EB8303616853F8189CE27A002926
:1096D00000F05C84002A00F0598499FBF2F002FB50
:1096E00000F3994506D0B9F1000FBCBF00F1FF307F
:1096F00002FB00F3A9EB0303A26CCB5CE16C02FB61
:10970000003339335B1A93FBF2F102FB01F0834221
:1097100006D092EA030F44BF01F1FF3102FB01F0D2
:1097200007EE901A1B1A04EB8303F8EEE77A93ED29
:10973000047AD4ED106AA7EEA67AB4EE477AF1EE79
:1097400010FA40F023849FED610A94ED118A27EE10
:10975000000A06F003FF28EE000A5D49D1F89006E2
:109760000B4693F81922984603F50C73002A38D05B
:10977000584A9342F5D1A2F5D2624FF000088C46C8
:1097800092F82C3253B9B8F1000F00F02C86D8F8BB
:109790002832D2F82812994238BF90464D4B02F534
:1097A0000C729A42ECD161468446B8F1000F18D190
:1097B000484A0B4601F50C7191420DD0002BF7D0B1
:1097C000D1F82802D3F82822904238BF0B46414AEC
:1097D00001F50C719142F1D160469846002B3FF49F
:1097E000E6ABF3EE047AB4EEE70A0123F1EE10FAE9
:1097F00098ED008AC8F82492C8F8280288F82C321C
:109800000ADBDFED357A68EE277AB4EEE70AF1EE8F
:1098100010FAD8BFF0EE407A40F20113C8ED847A16
:10982000A8F81832C0220021C8ED858A08F59E707C
:1098300009F054FD4046F8F7DFFCD8ED050AF5EED7
:10984000C00AF1EE10FAC0F2BB84F7EE007AF4EE33
:10985000670AF1EE10FAC8BFF0EE670AB0EE690AC7
:1098600006F0D8FC20EE090AF6EE007AE8EE007A5F
:109870009FED1A7A9FED1A6AC8ED878AFDEEE77AA6
:1098800017EE903A022BB8BF022307EE903AF8EE9B
:10989000E77AC8F80032C7EE276A0023C8F8043216
:1098A00086EE277AC8ED826A88ED837AFFF77FBB60
:1098B000E4DBFF1F50ABFF1FE44BFF1F3333733F4D
:1098C000000000006666E63E0000C07F0E745A3A53
:1098D00090EAFF1F20F1FF1FCDCCCC3E52B89E3F37
:1098E000DB0FC940A0FFFF1F022F40F05F829649A7
:1098F00001F5AA630A46D2F8F400164602F5AA72E8
:1099000050B39342F7D1904F002697F850214AB9AF
:10991000002E00F03285D7F84C01D6F84C21904249
:1099200038BF3E4607F5AA779F42EED1A6B90E464C
:1099300001F5AA718B420CD0002EF8D0D1F84C0161
:10994000D6F84C21904238BF0E4601F5AA718B42E1
:10995000F2D1002E3FF4B1A97C4B7068D3F8403EA1
:10996000C6F84C317A4A0368D6ED136A1A4442F0BD
:10997000010182EAD23301FB03F3B5EE007AF7EE80
:10998000007AE6EEC77A43F03D0783EAD31107FB7E
:1099900001314B4083EA9333C6ED4C7A07EE903A9F
:1099A0009FED6C7AB8EE678A002728EE078A4FF0A1
:1099B00001094FF07D53C6F82C31C6F82871C6F85E
:1099C0003871C6F83471B765C6F8489186F8509179
:1099D000B0EE480A026007F0D5FD38EE400A0023D9
:1099E000C6F8887086ED1C0AC6F8B870C6F8B47060
:1099F000C6F8B070C6F8AC70C6F8E870C6F8EC707F
:109A0000C6F8F870C6F81471C6F8F490C6F810914C
:109A1000C6F83C31FFF751B9022940F04B824A4960
:109A200001F5AA630A46D2F8F400164602F5AA72B6
:109A300050B39342F7D1444F002697F850214AB9CA
:109A4000002E00F09F84D7F84C01D6F84C219042AC
:109A500038BF3E4607F5AA779F42EED1A6B90E461B
:109A600001F5AA718B420CD0002EF8D0D1F84C0130
:109A7000D6F84C21904238BF0E4601F5AA718B42B0
:109A8000F2D1002E3FF482A8304B7068D3F8403EEC
:109A9000C6F84C312E4A0368D6ED136A9FED2E7A34
:109AA0001A4442F0010182EAD23301FB03F3F7EEDC
:109AB000007AE6EEC77A43F03D0783EAD31107FB4D
:109AC00001314B4083EA9333C6ED4C7A07EE903A6E
:109AD0009FED207A214BC6F82C31B8EE678A00271B
:109AE00028EE078A4FF001094FF0000AC6F82871E6
:109AF000C6F83871C6F83471B76586F85091C6F863
:109B000048A1B0EE480A026007F03CFD38EE400A7A
:109B1000C6F83CA1C6F8887086ED1C0AC6F8B87075
:109B2000C6F8B470C6F8B070C6F8AC70C6F8E87085
:109B3000C6F8EC70C6F8F870C6F81471C6F8F49060
:109B4000C6F81091FFF722B84055FF1FE47BFF1FB6
:109B5000F5792B6D0000802FD0CC4C3D3333733F13
:109B6000022E40F0BE80C84901F5AA630A46D2F829
:109B7000F400144602F5AA7250B39342F7D1C24AD8
:109B8000002492F8500148B9002C00F0F983D2F873
:109B90004C61D4F84C01864238BF144602F5AA72D3
:109BA0009A42EED1A4B90C4601F5AA7199420CD0A3
:109BB000002CF8D0D1F84C01D4F84C21904238BF99
:109BC0000C4601F5AA719942F2D1002C3FF47BA911
:109BD0006068AE4A0368AE49D4ED136AD1F8401EFE
:109BE000C4F84C111A4442F0010182EAD2339FEDCD
:109BF000A97A01FB03F3F7EE007AE6EEC77A43F0A9
:109C00003D0683EAD31106FB01314B4083EA9333CF
:109C1000C4ED4C7A07EE903A9FED9F7A9F4BC4F8C3
:109C20002C31B8EE678A002628EE078A0127022326
:109C3000C4F84831C4F82861C4F83861C4F8346104
:109C4000A66584F85071B0EE480A026007F09AFCED
:109C500038EE400A0022D5F8F437C4F8886084ED65
:109C60001C0AC4F8B860C4F8B460C4F8B060C4F8A2
:109C7000AC60C4F8E860C4F8EC60C4F8F860C4F8FC
:109C8000F470C4F81461C4F81071C4F83C21FEF7F4
:109C9000EABED0F84C1AD0F84424A0F5DE7300F2E6
:109CA0004C4C914238BF6346FFF7C6BB8846FFF76E
:109CB000E1BA9FED7B0A7DE490F8503A002BE8D0A2
:109CC000A0F5DE73FFF7B8BBB0EE667AC3ED096AA4
:109CD000FFF7E5BB7348063907AAFEF70BFBFFF752
:109CE00066B9032E40F00E826F4B93F83D24002A94
:109CF00000F0598393F8452A4AB193F84824002A82
:109D000000F04D8393F8502A002A40F01E8303F29E
:109D10004C429FED667AD2ED076AD3F8541AC2F826
:109D20000016C7EE267A0223C2F8FC35012382F81A
:109D3000043602F2F4535948186040F20111A2F8B7
:109D4000F815F4EEC77AF1EE10FA00F12383DFED97
:109D5000586AF4EEE67AF1EE10FA00F3DF83F5EEDE
:109D6000C07AF1EE10FAC2ED097A41F3B780B7EE8E
:109D7000007AC7EE276A02F284510023136202F2CE
:109D8000D450C2ED0A6ACB620B6302F5BB6103607B
:109D90000B6002F5B7610020C2F8EC058B60012171
:109DA000D5F8F437C2F8BC15FEF75DBE032F40F0BE
:109DB000F4803D4B93F83D24002A00F0A98393F8EA
:109DC000452A002A00F0A78393F84824002A00F0CF
:109DD000F98293F8502A002A00F09D83D3F8446456
:109DE000D3F84C0AA3F5DE7203F24C41864288BFD9
:109DF0000A469FED2E7AD2ED076AD3F8543AC2F89C
:109E00000036C7EE267A012102F2F453C2F8FC159F
:109E100082F804164FF07D51196040F20113A2F848
:109E2000F835F4EEC77AF1EE10FA00F1BF82DFEDFB
:109E3000206AF4EEE67AF1EE10FA00F36483F5EEB0
:109E4000C07AF1EE10FAC2ED097A41F34380B7EE21
:109E5000007AC7EE276A02F2845100231362C2ED32
:109E60000A6ACB620B6302F2D4510B6002F5BB614C
:109E70000B600021C2F8EC1502F5B7618B6001237D
:109E8000C2F8BC35FEF719BF4055FF1FF5792B6DA1
:109E9000E47BFF1FCDCC0C3F0000802F6666E63EC2
:109EA0000000C07F24F1FF1FE48BFF1F00000000B3
:109EB00048E1FA3E032940F0CA80C34B93F83D24A1
:109EC000002A00F07C8293F8452A4AB193F848248E
:109ED000002A00F0708293F8502A002A40F0418254
:109EE00003F24C429FEDB97AD2ED076AD3F8543AA7
:109EF000C2F80036C7EE267A012382F8043602F251
:109F0000F453B3490020C2F8FC05196040F2011374
:109F1000A2F8F835F4EEC77AF1EE10FA00F13582C6
:109F2000DFEDAC6AF4EEE67AF1EE10FA00F3FB82B4
:109F3000F5EEC07AF1EE10FAC2ED097A40F3D2875D
:109F4000B7EE007AC7EE276A02F28451002313624B
:109F5000C2ED0A6ACB620B6302F2D4510B6002F5C8
:109F6000BB610B600021C2F8EC1502F5B7618B6094
:109F70000123C2F8BC35FEF709BE9FED977A83ED49
:109F8000096AFFF78CBA1046FFF757BB9FED930A9B
:109F9000FFF7E3BB7446FFF775B9042F40F0638108
:109FA0008F4A9049134641F2145713F80F6CA3F5EA
:109FB000A85014383B44B6B39942F6D1884B0020E0
:109FC00041F2145C964613F8047CA3F5A856143E9F
:109FD0005FB900F58057002800F07084D7F80C7541
:109FE00053F8082CBA4238BF304663449942EAD14C
:109FF0007246C0B941F21457A446A2F5A85300F521
:10A000008056143B002800F0B883D6F80C6552F84F
:10A01000084CB44238BF18463A449142EDD16446E8
:10A0200000283EF44AAE704B9FED680AD3F8A82E84
:10A0300000F58053F6EE080AC3F80C250122C3F898
:10A04000082583F81025FCF7C3F9FEF736BE04296E
:10A0500040F0D080624A6349134641F2145713F826
:10A060000F6CA3F5A85014383B44B6B39942F6D10F
:10A070005B4B002041F2145C964613F8047CA3F578
:10A08000A856143E5FB900F58057002800F02784D9
:10A09000D7F80C7553F8082CBA4238BF30466344E1
:10A0A0009942EAD17246C0B941F21457A446A2F5CA
:10A0B000A85300F58056143B002800F05C83D6F8C6
:10A0C0000C6552F8084CB44238BF18463A449142E5
:10A0D000EDD1644600283EF459AD434BDFED430A11
:10A0E000D3F8A82E9FED390A00F58053C3F80C254C
:10A0F0000022C3F80825012283F81025FCF768F92F
:10A10000FEF744BD042E40F0E780354A354913463A
:10A1100041F2145613F80F4CA3F5A85014383344E9
:10A12000A4B39942F6D12E4B002041F21457944625
:10A1300013F8046CA3F5A854143C5EB900F58056DE
:10A14000002800F0C783D6F80C6553F8082CB242FB
:10A1500038BF20463B449942EAD16246B0B941F249
:10A160001454A2F5A85300F58056143B002800F0C3
:10A17000DF8152F8087CD6F80C65B74238BF184624
:10A1800022449142EDD100283EF49DAE164ADFED07
:10A19000180AD2F8A81E9FED0D0A00F5805302227E
:10A1A000C3F808250122C3F80C1583F81025FCF725
:10A1B0000FF9D5F8F437FEF756BC0846FFF726BA74
:10A1C000DFED020AFFF74ABBE48BFF1F000000002F
:10A1D0003333733F48E1FA3EBC9C02400000C07F2D
:10A1E00050ABFF1FA0FFFF1FE4DBFF1F3333733FA4
:10A1F0006666E63E052940F03281A14B03F5D26147
:10A2000093F819221E4603F50C73002A00F095817D
:10A210009942F5D19A4B0322002693F82C1249B9A2
:10A22000002E00F04A85D3F82802D6F8281288427A
:10A2300038BF1E46013A03F50C73EED1002E40F0F4
:10A240007C818F4B03221E46013A03F50C7300F00C
:10A250007181002EF7D0D3F82802D6F82812884250
:10A2600038BF1E46F0E7052F40F01481844B03F5FC
:10A27000D26193F819221E4603F50C73002A00F0F0
:10A280001C829942F5D17E4B0322002693F82C12B2
:10A2900049B9002E00F05F85D3F82802D6F82812BD
:10A2A000884238BF1E46013A03F50C73EED1002EEA
:10A2B00040F00382724B03221E46013A03F50C73F1
:10A2C00000F0F881002EF7D0D3F82802D6F8281233
:10A2D000884238BF1E46F0E7052E40F08780684B65
:10A2E00003F5D26193F819221C4603F50C73002A7A
:10A2F00000F080819942F5D1614B0322002493F84C
:10A300002C1249B9002C00F0DB84D3F82802D4F8D1
:10A310002812884238BF1C46013A03F50C73EED16F
:10A32000002C40F06781564B03221C46013A03F58E
:10A330000C733EF4C5AD002CF7D0D3F82802D4F846
:10A340002812884238BF1C46F0E7D3F84C4AD3F8AD
:10A350004404A3F5DE7203F24C41844238BF0A463E
:10A36000D7E4D3F84C6AD3F84404A3F5DE7203F2C1
:10A370004C41864238BF0A46B4E53E46FFF7D2BAA2
:10A3800014460BE43E46FFF765BBF0EE476A82EDEC
:10A39000097AD9E5F0EE476A82ED097AEBE493F8A1
:10A3A000502A002AD1D0A3F5DE72B2E4F0EE476A5B
:10A3B00082ED097A4FE593F8502A002AD1D0A3F50F
:10A3C000DE728FE593F8502A002A40F0A180D3F87E
:10A3D0004C6AD3F84404A3F5DE7203F24C41864282
:10A3E00038BF0A4605E59046FFF7D8B9062E40F07B
:10A3F0002D82244B03F5D26293F819121C4603F503
:10A400000C73002900F071829A42F5D11D4B032292
:10A41000002493F82C1249B9002C00F09984D3F849
:10A420002802D4F82812884238BF1C46013A03F5A6
:10A430000C73EED1002C40F05882124B03221C46C4
:10A44000013A03F50C7300F04D82002CF7D0D3F8DD
:10A450002802D4F82812884238BF1C46F0E70629A3
:10A4600040F0E4810848DFED090AD0F8D02B9FEDD9
:10A47000080A00F5A8600021FAF7D4FFFEF786BBB2
:10A4800090EAFF1F24F1FF1FE4EBFF1F3333733FFC
:10A4900000000000062F40F07881D84B03F5D2620F
:10A4A00093F819121E4603F50C73002900F00C8274
:10A4B0009A42F5D1D14B0322002693F82C1249B9C8
:10A4C000002E00F04B84D3F82802D6F828128842D8
:10A4D00038BF1E46013A03F50C73EED1002E40F052
:10A4E000F381C64B03221E46013A03F50C7300F0BC
:10A4F000E881002EF7D0D3F82802D6F82812884237
:10A5000038BF1E46F0E7F0EE667AC2ED096A9EE4B7
:10A51000A3F5DE726DE403F24C426AE4F0EE667A73
:10A52000C2ED096A23E4F0EE667AC2ED096A07E536
:10A53000184625E6002E3EF429ABB14B96ED008A75
:10A54000D3F83C35C6F82832012386F82C32AD4BBF
:10A55000C6F81032AC4BC6F81432002140F2011399
:10A56000A6F81832C022C6F8241206F59E7008F02C
:10A57000B5FE3046F7F740FED6ED050AF5EEC00A07
:10A58000F1EE10FAC0F2A881F7EE007AF4EE670A55
:10A59000F1EE10FAC8BFF0EE670A9FED9C0A05F0D5
:10A5A00039FE9FED9B7A9FED9B6A974AC6F81C2265
:10A5B00020EE070AF6EE007AE8EE007A9FED967A32
:10A5C000FDEEE77A17EE903A022BB8BF022307EEB2
:10A5D000903AF8EEE77AC6F80032C7EE276A002311
:10A5E000C6F8043286EE277AC6ED826A86ED837A53
:10A5F000FEF7CCBA824B894AD3F83C15C4F828122E
:10A600000223C4F8243201237E4984F82C3240F21C
:10A610000113C4F81012C4F814220021C022A4F8B7
:10A62000183204F59E7094ED008A08F057FE20461B
:10A63000F7F7E2FDD4ED050AF5EEC00AF1EE10FAE7
:10A64000C0F2A080F7EE007AF4EE670AF1EE10FA9D
:10A65000C8BFF0EE670A9FED6D0A05F0DBFD9FEDC8
:10A660006C7A9FED6C6A6D4920EE070AF6EE007A6F
:10A67000E8EE007A0023C4F804329FED697AD5F839
:10A68000F437C4F81C12FDEEE77A17EE902A022A7E
:10A69000B8BF022207EE902AF8EEE77AC4F800224B
:10A6A000C7EE276A86EE277AC4ED826A84ED837A44
:10A6B000FEF7D9B9002E3EF400AB514B96ED008A5F
:10A6C000D3F83C35C6F828324E4BC6F810324FF05E
:10A6D0007D53C6F8143240F20113A6F81832012354
:10A6E000C022C6F8243286F82C32002106F59E706E
:10A6F00008F0F4FD3046F7F77FFDD6ED050AF5EEDC
:10A70000C00AF1EE10FA3ADBF7EE007AF4EE670ACF
:10A71000F1EE10FAC8BFF0EE670A9FED3C0A05F0B3
:10A7200079FD9FED3B7A9FED3B6A20EE070AF6EE3E
:10A73000007AE8EE007A4FF07D53C6F81C32B7EE8F
:10A74000087AFDEEE77A17EE903A022BB8BF0223A3
:10A7500007EE903AF8EEE77AC6F80032C7EE276ABD
:10A760000023C6F8043286EE277AC6ED826A86EDAB
:10A77000837AFEF7A2BA1846A8E418464CE4DFED47
:10A78000290ACAE7DFED270A65E7072F40F0F880BE
:10A79000254A032392F81912164602F50C72002975
:10A7A00000F08881013BF5D11E461F4B032293F830
:10A7B0002C1249B9002E00F06F83D3F82802D6F886
:10A7C0002812884238BF1E46013A03F50C73EED1B9
:10A7D000002E40F06F81144B03221E46013A03F510
:10A7E0000C7300F06481002EF7D0D3F82802D6F85D
:10A7F0002812884238BF1E46F0E700BF24F1FF1F31
:10A80000E4EBFF1F0000A0413333733FCDCCCC3DC0
:10A810006F12833BDB0FC9403333F33F6666E63E7E
:10A820006666663F00000000B8F7FF1F072961D188
:10A83000C748DFEDC80AD0F864229FEDC70AA0F22E
:10A840002C400021FAF7EEFDFEF7A0B9072E40F0EC
:10A85000DE80C24B032293F819121C4603F50C73D9
:10A86000002900F01F81013AF5D1BC4B03211446A9
:10A8700093F82C224AB9002C00F01083D3F8280258
:10A88000D4F82822904238BF1C46013903F50C73D6
:10A89000EED1002C40F00681B04B03221C46013A59
:10A8A00003F50C7300F0FB80002CF7D0D3F82802DE
:10A8B000D4F82812884238BF1C46F0E73046FFF72C
:10A8C00094BB002E3EF4F9A9A54B96ED008AD3F86F
:10A8D000D03BF7E620463DE4DFED9F0A5DE63046DB
:10A8E000FFF7DDBB002C3EF4EEAA9D4B9D4AD3F84A
:10A8F000D01B83E6082940F0E380954E9A4A06F57E
:10A90000D0631A6006F28463984A1A60D6F88422EB
:10A910002AB1D6F880029200002108F0DFFC96ED03
:10A920009A6A9FED937A9349C6EE077A002306F25E
:10A93000A462C6F8A036C6F88C3200231360012248
:10A94000C6F8602686F8882606F27C62136006F256
:10A950006462F7EE086A77EEE67AB7EE007AF4EE14
:10A96000477AF1EE10FA136006F5CF6306F28C66B3
:10A9700048BFF0EE477AC3ED007A3160FEF706B9C2
:10A98000082F40F0FD80724E774A06F5D0634FF0F5
:10A990007D511A6006F28463D6F8842219602AB1C8
:10A9A000D6F880029200002108F098FC96ED9A6A91
:10A9B0009FED6F7A6F49C6EE077A002306F2A46214
:10A9C000C6F8A036C6F88C32002313600122C6F800
:10A9D000602686F8882606F27C62136006F26462BE
:10A9E000F7EE086A77EEE67AB7EE007AF4EE477A89
:10A9F000F1EE10FA136006F5CF6306F28C6648BFDD
:10AA0000F0EE477AC3ED007A3160FEF756B9082EB2
:10AA100040F059814E4E5448D6F88422514906F5EB
:10AA2000D063186006F2846319602AB1D6F88002F8
:10AA30009200002108F052FC96ED9A6A9FED4C7A44
:10AA4000C6EE077A0022C6F8A026C6F88C2206F2C7
:10AA50006462002306F2A46106F27C6013600122A6
:10AA6000C6F860260B6086F888260360F7EE086A51
:10AA700077EEE67AB7EE007AF4EE477A06F5CF6322
:10AA8000F1EE10FA06F28C663A4948BFF0EE477ACA
:10AA9000C3ED007AD5F8F4373160FDF7E4BF002C40
:10AAA0003EF411AA2A4B2F4AD3F86412A6E5002ED1
:10AAB0003EF403A9264B96ED008AD3F8643201E6F2
:10AAC000093900F0ED8101297EF460A8204E9FED48
:10AAD000220A06F6584306F66C42D2ED007A264A60
:10AAE0001A6006F65C43214A1A60F4EEC07A06F555
:10AAF0004663F1EE10FA83ED000A0BD906F67443B3
:10AB000093ED007A9FED1D0A67EE877A80EE270AA3
:10AB100005F044FB06F67C4383ED000A06F6684325
:10AB2000D3ED007AF5EEC07AF1EE10FA00F2C581AD
:10AB30009FED090A06F6884306F6784206F6844633
:10AB400083ED000A4FF07E5313603360FEF71EB8AA
:10AB5000E4FBFF1F3333733F00000000B8F7FF1F13
:10AB6000E4EBFF1F6666E63E0000DC423333733FD2
:10AB700000005C430AD7233C00004042550CDDC076
:10AB8000093F00F07B81012F7EF497A8DE4E9FEDF8
:10AB9000DF6A9FEDDF7A06F69C42D2ED006AC6EED0
:10ABA000267A06F698434FF07D521A60F4EEC77A83
:10ABB000F1EE10FA00F15B81DFEDD66AF4EEE67A91
:10ABC000F1EE10FA06F6A44300F34C81F4EEC77AD6
:10ABD000F1EE10FAC3ED007A40F34181B7EE007A4E
:10ABE000C7EE276A06F6A843C3ED006A06F6B4432B
:10ABF0009FEDC96AD3ED006A9FEDC57AC6EE267A4D
:10AC0000F4EEC77AF1EE10FA00F12281DFEDC16AAD
:10AC1000F4EEE67AF1EE10FA06F6BC4300F3138187
:10AC2000F4EEC77AF1EE10FAC3ED007A40F3088132
:10AC3000B7EE007AC7EE276A06F54C6306F549625F
:10AC4000DFEDB37AC3ED006A06F54A63C3ED007A1F
:10AC500092ED007A06F6B8434FF07A521A60B4EEDD
:10AC6000E77A06F63853C3ED007AF1EE10FA06F6ED
:10AC70003C53C3ED007A00F2D680B0EE670A06F6C8
:10AC8000485383ED000A06F69443D3ED007AF5EEBF
:10AC9000C07AF1EE10FA00F2B9809FED9D0A06F637
:10ACA000545306F6445206F5556683ED000A4FF0FC
:10ACB0007E5313603360FEF700B81E46FFF7BABA42
:10ACC0001C46FFF729BB093E4BD0012E7EF4FBA8A2
:10ACD0008D4E924A9249DFED934ADFED8D7ADFED9A
:10ACE0008D6A06F65C53B7EE005A1A6006F6685392
:10ACF000002216E0B4EEE67AF1EE10FA23DCB5EEAF
:10AD0000C07AF1EE10FA83ED027A01DD85EE076A72
:10AD10000132062A03F1180303ED036A43ED057AB5
:10AD20002DD0F1EC015A93ED004A65EEA45AB0EE35
:10AD3000676A85EE847AB5EEC07AF1EE10FAD9D55D
:10AD4000C3ED027AE4E7B0EE667AC3ED026ADDE7AE
:10AD50001C46FFF76BBB1E46FFF7A5BA1E46FFF762
:10AD6000B9BB6948DFED700AD0F8502C9FED680A36
:10AD7000022100F5D660FAF725FDFEF7A4B806F526
:10AD8000566393ED007AB5EEC07A06F6246206F6B5
:10AD90002863F1EE10FAC2ED007AC3ED007A00F2FA
:10ADA000A5809FED5B0A9FED616ADFED5F6A6048F9
:10ADB000604906F6645206F6585393ED007AD2EDD8
:10ADC000007A27EE267A67EE867A0346F4EEC77A93
:10ADD000F1EE10FA58BFF0EE477AC3ED007A06F6AE
:10ADE000346383ED000A06F604630022196006F658
:10ADF000086308381A6006F56366F5F769FC4FF0DA
:10AE00007E52D5F8F4373260FDF72DBE06F64C536E
:10AE100093ED007A9FED480A67EE877A80EE270A65
:10AE200005F0BCF93BE706F55463D3ED007A9FEDDE
:10AE3000420A27EE277A80EE070A05F0AFF91EE7EF
:10AE4000F0EE476AF8E6F0EE667AC3ED006AEFE6E8
:10AE500006F6BC43F0EE476A83ED007AECE6F0EECE
:10AE6000476ABFE6F0EE667AC3ED006AB6E606F61C
:10AE7000A443F0EE476A83ED007AB3E622489FEDE3
:10AE8000240AD0F8502CF6EE080A00F5D66001210D
:10AE9000FAF798FCFDF711BF1E4695E41C46F4E452
:10AEA0001948DFED260AD0F8502C9FED190A00F55D
:10AEB000D660FAF787FCFDF769BE06F5486393EDA7
:10AEC000007A9FED1D0A67EE877A80EE270A05F06B
:10AED00065F92FE6F0EE476AFEF7BDBFF0EE476A70
:10AEE000FEF749BFF0EE476AFFF72EB806F62C636F
:10AEF000D3ED007A9FED100A27EE277A80EE070A3D
:10AF000005F04CF94FE700BFE4FBFF1F0000394399
:10AF10000000000048E1FA3E000094436666E63E09
:10AF2000C03901000000A5436666E63E00C0DA4570
:10AF3000E40900208104353F550CDDC03333733FF5
:10AF40002DE9F04F2DED108B89B09846229B029190
:10AF50009845039280F2DE8000F5805B00F1A0034B
:10AF6000DBF8F057DFED9C8A9FED9C8A2E46002E81
:10AF70000FEE903A8146DA4640F38180229BA3EBA4
:10AF80000803802BA8BF80239E42A8BF1E46002E28
:10AF90000EDD09F59F50B20000210830049208F040
:10AFA0009DF909F5AF50049A0021083008F096F990
:10AFB000DAF8F877002F77D1DFF84CB209F5AF5304
:10AFC00009F59F550833083504935C46D4F8E03101
:10AFD0009A7982B10020C3B2C3EB031312F0010FC0
:10AFE00004EB830300F1010003D0D3F88830002B79
:10AFF0004DD15208EFD17A4B04F50174A342E5D14B
:10B00000DBF810383344CBF81038764B002E03EBC6
:10B01000870393ED007A1CDD09F59F550835029BE7
:10B0200003EB8801039B03EB88020023F5EC016A24
:10B03000D1ED007AE6EE877A01339E42E1EC017AA7
:10B04000D2ED007AD5ED7F6AE6EE877AE2EC017AFE
:10B05000ECDC06EB08044346039A029900941FEEC9
:10B06000900AFCF7D5FFDAF8F0379E1B229BCAF84E
:10B07000F0679C424EDA002EA0463FF77FAF48466D
:10B08000FDF7C0FCDAF8EC67CAF8F06776E7002352
:10B090002046049A00962946F8F7E4F9504B04F547
:10B0A0000174A34292D1ABE7012F0BD109F5AF5246
:10B0B00009F59F514C480096002308320831F6F7F5
:10B0C000BFFCA2E7022F0BD109F5AF5209F59F5142
:10B0D00046480096083208310023F8F7FFFA94E753
:10B0E000032F1CD1424C09F5AF5294F83D3409F5B9
:10B0F0009F55083208350492002B40F0558194F892
:10B10000453A002B40F04381D4F8543A3344C4F814
:10B11000543A7AE709B0BDEC108BBDE8F08F042FEC
:10B1200028D109F59F55083505EB8603DFED311A67
:10B13000314ADFF8D8B0CDF818A0B7EE003AF0EEFB
:10B14000043A0497CDF814809A4612F80F3C4BBB92
:10B1500041F214539B441A44284B5B45F5D1A3F6A6
:10B16000A86204AFD2F8A83E334497E88005C2F83D
:10B17000A83E4AE7052F00F02481062F40F03381D6
:10B1800009F5AF5209F59F51083200231C4800967B
:10B190000831FAF719FA1B4AD2F8D03B3344C2F807
:10B1A000D03B32E7002E9BED064A40F3DE8009F5E6
:10B1B000AF5CDBF81C4052F8388CDBF820E0DBF8A1
:10B1C0002810B0EE002AF6EE004AF7EE082A2F46C5
:10B1D0000CF1080CABE000BF000080420000000052
:10B1E000F453FF1FC48D0100F853FF1F4055FF1F8C
:10B1F000E48BFF1F17B7D13850ABFF1F8CEAFF1F3E
:10B2000024F1FF1FE4EBFF1FE44BFF1F3C96FF1FE1
:10B210009BED097AF8EE476AF4EEE67AF1EE10FA61
:10B2200000F39A80BDEEE77AF8EEC76A17EE100ACF
:10B2300077EEE66A4B1E1B1A581C48BF704404EB9D
:10B240008000002BD0ED005A7DDB04EB830090EDF5
:10B25000006A581E002B7DD0B0EE657AA6EE637AA8
:10B26000023B04EB8000D0ED007A48BF734404EB4E
:10B27000830393ED001A52F8343C36EE675AA7EE7A
:10B28000827A434571EE650A25EE225AA1EE647A70
:10B29000A0EEA45A77EEE55AA5EE267A52ED090AF9
:10B2A00052ED0A7A12ED0B1A12ED085A27EE267AA1
:10B2B00067EEA07AA5EEA47AA7EE266AE1EE067AFA
:10B2C00042ED097A67EE857A0ADA03F5E3700BEB53
:10B2D000800090ED017A013377EE877A42F8343CB2
:10B2E00004EB81030131714508BF0021C3ED007AF1
:10B2F000CBF82810D7ED006AE4EE276AB0EEE77AC3
:10B30000E7EC016ADCED006AE4EE276AECEC016A26
:10B3100052ED067AB4EEE77AF1EE10FADCBF12EDE8
:10B32000057A27EE877ABA4502ED067A1FD052EDEC
:10B330000C7AF4EEC37AF1EE10FABFF669AFF0EED4
:10B34000486A012076E70EEB030004EB800090EDE5
:10B35000006A581E70447FE7FDEEE67A17EE900A09
:10B36000F8EEE77A76EEE76A64E712ED067AB4EE75
:10B37000E17AF1EE10FA7FF5EBAE52F8383C52F874
:10B38000341C9942A4BF002302F80F3CE0E60023DE
:10B39000049AD84800962946F8F760FCD4F8543A45
:10B3A0003344C4F8543A30E6002300962946A4F505
:10B3B000DE70F8F753FC94F8453A002B3FF4A4AE46
:10B3C000E5E709F5AF5209F59F5108320023CA4855
:10B3D00000960831FAF7F8F8C84AD2F83C353344F9
:10B3E000C2F83C3511E6072F0DD0082F1DD109F505
:10B3F000AF5209F59F51C248009608320831002328
:10B40000FAF76AFB01E609F5AF5209F59F510832D8
:10B410000023BC4800960831FAF7D6F8BA4AD2F8A9
:10B4200064323344C2F86432EFE5B7F1090300F047
:10B430004483012B7FF4E9ADDFF8CCB2DFEDBD7AB8
:10B440000BF6784393ED009AB4EEE79AF1EE10FA1A
:10B4500040F3F3820BF6644393ED00AAF7EE009AF3
:10B46000002E3AEE69AA40F3698109F59F5509F566
:10B47000AF530835083319460493B20005EB860331
:10B480002C4605930695DFEDA1BA9FEDA1BADFED3D
:10B49000A1AA0DEE102A0BF546630D4601E090EDD2
:10B4A000009A9D4A93ED006AD2ED006A12ED0B7A84
:10B4B00052ED0C5AD2ED017AB0EE695AAAEE265A34
:10B4C00067EEA67A27EE057AC2ED007A87EE250AA6
:10B4D00030EE060AB4EEE90AF1EE10FAA8BF30EE3B
:10B4E000690A83ED000A20EE2B0A04F059FF0BF5E0
:10B4F0004760D0ED00CA894BF4EECBCAF1EE10FAEA
:10B50000F0EE407A0CD420EE2C0A04F0ADFFB0EE41
:10B5100040CAB0EE6C0A04F0A7FFCCEE007A7F4B75
:10B52000059A0BF67C4090ED007A67EE897A0BF66F
:10B530005C4027EE099A90ED007A0BF6784080ED9A
:10B54000009A67EE877A94ED007AA7EEAA7AA4ECC7
:10B55000017A95ED007AA7EEAA7AA242A5EC017ACB
:10B560009DD10BF64453DFED737A93ED00AA069D4F
:10B57000B4EEE7AAF1EE10FA1DEE102A40F3B882FD
:10B580000BF68C439FED667A93ED009A29EE079AAD
:10B59000F6EE007A29EE279AB0EE490A04F0C8FECA
:10B5A0000BF69843F0EE409AB0EE490A93ED009AFC
:10B5B00004F0F6FE69EE299A29EE009A049FCDF870
:10B5C00014A09FED54BA0495C2460024B04601E091
:10B5D00096ED00AA5348F5F707FB5348F0EE40AA52
:10B5E000F5F702FB7AEE80AA0BF64853F6EE007AE6
:10B5F0006AEEA7AAD3ED007A4C486AEE8AAA27EE33
:10B600008AAA0BF6445686ED00AAF6F7C7FE0BF69B
:10B610003C5393ED007A0BF62450D0ED004A0BF624
:10B620003850D0ED006A30EE475AB0EE476A0BF55D
:10B63000526CA6EEA46A0134A04565EE247ADCEDD6
:10B64000004AE4EEA67AF0EE005AD7EEA56AC0ED05
:10B65000006A0BF55360D0ED006A0BF62850D0ED70
:10B66000004A67EEA67AF0EE466AE5EE246A0BF62B
:10B67000545096EEA57A83ED007A0BF62C5393ED99
:10B68000007AE0EE077A0BF6345393ED007AE6EE9B
:10B69000877A0BF55563D3ED006A90ED007A66EE7C
:10B6A000A77A27EE267A67EE897A83ED007AE9EEAB
:10B6B000AA7A95ED007AA7EE8B7AA5EC017A97ED40
:10B6C000007AA7EE8B7AA7EC017A81DC0BF5636335
:10B6D000DFED187A93ED007A049DB4EEE77AF1EE8F
:10B6E00010FA4646D046DDF814A047DC9FED107AEC
:10B6F00095E400BF3090FF1F90EAFF1FE4EBFF1FAF
:10B700004CFEFF1FB8F7FF1FE4FBFF1FDB0FC94014
:10B71000BD378635F304353F680800204408002013
:10B72000DB0F49408008002098080020B008002066
:10B73000E17A943E17B7D138000000000BF644536D
:10B7400093ED007AB4EEE77AF1EE10FA3FF781ACB0
:10B750000BF5556393ED007AB4EEE77AF1EE10FA4B
:10B760003FF777AC0BF563635FED0E7A93ED007AEC
:10B77000B4EEE77AF1EE10FA7FF747AC002E7FF7D0
:10B7800068AC09F5AF5309F59F55083308350493A4
:10B79000B200AB180593B8EE00AA069607951FED08
:10B7A0001ACAE74EF7EE00BAD6ED009A96ED03BA44
:10B7B000D6ED01CAF4EECB9AF1EE10FABFEE00DA44
:10B7C000F5EEC0CA48BFB0EE6BDAF1EE10FA40F306
:10B7D000AF80F3EE00AA6CEEAADA39EEED0A05F0BE
:10B7E00089FEF0EE407AFDEEE77A39EEAD0A17EE0B
:10B7F000904A05F0C7FEFDEEC07A17EE907ABC4283
:10B800003EDC96ED02EA9FEDCFFA01371BE091EDA9
:10B81000007AD1ED016AF8EEE77A76EEC76A7EEE3D
:10B82000E7EAF0EE477AEEEEA67AB5EEC09AF1EED0
:10B8300010FAA8BF77EEEB7A77EEA77A0134BC4214
:10B840003FEE27FA1ED007EE904AB8EEE79A39EE9F
:10B85000C99A29EE0E9A79EE2AEA6EEEA8EAB0EEBF
:10B860006E0A05F08FFEFDEEC07AB74A17EE903AE9
:10B87000B3F5006F02EB8301C9D3F0EE487ADDE740
:10B880009FEDB0FA39EECBBA3FEE0DFA3BEE6D0A02
:10B8900005F030FEF0EE407AFDEEE77A3BEE2D0A41
:10B8A00017EE904A05F06EFEFDEEC07A17EE907A24
:10B8B000BC4200F3BF80D6ED02DADFEDA2EA013729
:10B8C000B3EE00DA07EE904AB8EEE79A01343BEEA9
:10B8D000499A29EE2D9A39EE0DEA2EEE28EAB0EEBD
:10B8E0004E0A05F04FFEFDEEC07A974A17EE903AE9
:10B8F000B3F5006F02EB830116D291ED007AD1ED22
:10B90000016AF8EEE77A76EEC76A3EEE67EAF0EE95
:10B91000477AEEEE267AB5EEC09AF1EE10FAA8BF9D
:10B9200077EEEB7AE7EE8AEABC42CBD13EEE8FDAD5
:10B9300079EEAC9A854BF4EEEB9AF1EE10FAA8BFD3
:10B9400079EEEB9A183646ED069AB3423CEE0DCAF4
:10B950007FF42AAFF1EE087A8CEE275A0BF62863B3
:10B960000BF561620BF60C6193ED007AD2ED003AB3
:10B97000DFED775A0BF62462D2ED006A35EE474AC6
:10B98000B0EE476AA6EEA36A64EE237AD1ED003AE0
:10B99000E3EEA67AF0EE004AD7EEA46AC2ED006AA2
:10B9A0000BF61C62D2ED006A0BF61462D2ED003A7F
:10B9B00067EEA67AF0EE466AE4EE236A0BF634628E
:10B9C00096EEA47A83ED007A0BF6186393ED007A75
:10B9D000E5EE077A0BF5626393ED007A0BF563638E
:10B9E000E6EE877AD3ED006A92ED007A27EE267AAA
:10B9F00066EEA77A83ED007A0BF65C53D3ED006A0E
:10BA000095ED007A049B67EEA67AA7EEA57AA5ECE1
:10BA1000017A93ED007AA7EEA57AA3EC017A04935C
:10BA2000059BAB427FF4BBAE069E079D9FED497A16
:10BA3000FFF7F5BADFED43EA78E70BF6445393EDF1
:10BA4000007AB4EEE77AF1EE10FA09DC0BF55563F3
:10BA500093ED007AB4EEE77AF1EE10FA7FF782AE5A
:10BA60000BF68C439FED3C7A93ED009A29EE079AF2
:10BA7000F6EE007A29EE279AB0EE490A04F058FC57
:10BA80000BF69843F0EE409AB0EE490A93ED009A17
:10BA900004F086FC002E69EE899A29EE009A7FF761
:10BAA000D8AA09F5AF5309F59F5508330835049313
:10BAB0000BF6445393ED00AA80E5DFF8A4B009F536
:10BAC000AF5309F59F550833083504930BF5B4645B
:10BAD0009BF8CC31002B45D10BF5F07BA345F7D17A
:10BAE0001E4AD2F8503C3344C2F8503CFFF78DBA9E
:10BAF0000BF5556393ED007AB4EEE77AF1EE10FAA8
:10BB000038DD0BF68C439FED147A93ED009A29EE05
:10BB1000079AF6EE007A29EE279AB0EE490A04F069
:10BB200007FC0BF69843F0EE409AB0EE490A93ED0D
:10BB3000009A04F035FC69EE299A20EE099AB7E7DD
:10BB40005009002000000000485E0100E0090020CC
:10BB5000F304353FE17A943EDB0F4940E4FBFF1FDD
:10BB600094020020049A0096002358462946F6F7CE
:10BB7000EFFDB1E70BF5636393ED007AB4EEE77A7E
:10BB8000F1EE10FA3FF705AEFFF73FBAF0B583B01C
:10BB9000064602F085F8002800F08480054602F091
:10BBA0007FF807462846002F6DD04FF40072002121
:10BBB0003D483E4C07F092FB4FF4007200213B4899
:10BBC00007F08CFB80230093384A3749B069002383
:10BBD000FFF7B6F9344A9FED366ADFF8D8E0B81CB3
:10BBE000BFEE007AF7EE006AA91C02F5007C29E09E
:10BBF000F4EEE67AF1EE10FA4DDC67EE867AFDEEB1
:10BC0000E77A17EE903A1BB2F4EC017A21F8023F82
:10BC1000F4EE677AF1EE10FA42D6F4EEC77AF1EE5E
:10BC200010FA1DDBF4EEE67AF1EE10FA30DC67EE86
:10BC3000867AFDEEE77A17EE903A1BB2944520F82B
:10BC4000023F12D0F2EC017AF4EE677AF1EE10FACC
:10BC500024D6F4EEC77AF1EE10FAC9DA7346D3E7C8
:10BC60007346944520F8023FECD100222946304625
:10BC700002F096F801223946304602F091F8284643
:10BC800002F064F8384603B0BDE8F04002F05EB858
:10BC900047F6FF73D2E747F6FF73B5E70023B3E734
:10BCA0000023CBE703B0F0BDB831FF1FB82FFF1F53
:10BCB00000FEFF460180FFFF2DE9F04FDFEDE37A44
:10BCC0000B68DFF8F893E24FE24D2DED0C8B91ED10
:10BCD000018A9FEDE19A9FEDE1AA68EE277ABFEE17
:10BCE000007AC7EE279A8DB004460490039300F5BE
:10BCF000D2688A461E46F0EE088AB5EEC08AF1EE9A
:10BD000010FA40F3CB82B4EECA8AF1EE10FA54BFB7
:10BD1000F0EE497AF0EE487A4FF07C53C4ED007AA9
:10BD20006660C4ED028AE560C4F810906361A761A3
:10BD3000B0EE690A04F032FA04F50C74444504EDDF
:10BD4000040ADAD1C64D0FCD07AC0FC4B5EEC08AD8
:10BD50002B682360F1EE10FA564609DDDFEDC17A5B
:10BD6000B0EEC87AB4EE677AF1EE10FA40F299823A
:10BD70000499DFEDB98ABC4A079201F29463C3EDDE
:10BD8000008ABA4B0893BA4B0993BA4B0A9307AC93
:10BD900001F2BC6701F5D3650FCC0FC52368049C85
:10BDA0002B604FF0E30E4FF0DF0CC4F8B0E63846DE
:10BDB000C4F8AC76C4F8B4C64FF46372002107F03F
:10BDC0008DFA0023C4F8B8369FEDAB7A049AF2EEF0
:10BDD000007AC7EE286A02F64824002387EEA87A84
:10BDE000DFEDA67AC4ED008A68EEA77AC2F84C3A75
:10BDF000BFEE000A039BC2F8503A80EE270AC4ED5A
:10BE00000D6A84ED0E7A04F0C9F99FED9D7ADFED9D
:10BE10009D6A28EE877AF0EE407A86EE870AB0EEC9
:10BE2000688A049DC4ED0F7A05F68824C4ED008A63
:10BE300004F0B4F99FED940A9FED94AA9FED91DA76
:10BE40009FED939ADFED85CADFED83BA9FED91CA2E
:10BE500028EE800AF7EE009A8AEE000A04F09EF9B6
:10BE60009FED970A28EE800AFFEE00AA8AEE000AEC
:10BE700004F094F99FED930A28EE800A8DEE000AF3
:10BE800004F08CF928EE897A79EEC07A8AEE070AF6
:10BE9000C4ED047A04F082F9DFED7F7A39EEC00A4E
:10BEA00068EEA77A84ED050A8AEE270A04F076F98F
:10BEB000DFED7A7AC4ED039A39EEC00A68EE277A8C
:10BEC00084ED060A8AEEA70A04F068F905F6BC2399
:10BED00005F68834F0EE407A28EE090AC3ED007AC0
:10BEE0008AEE800A04F05AF905F6D823D6ED019AB5
:10BEF00083ED000A05F5895308330593F5EEC09AE2
:10BF0000F1EE10FA40F35382F4EEEC9AF1EE10FAEF
:10BF100040F1BA82564B44F8A83C614B44F8A43C2B
:10BF2000604B44F8A03C604B44F89C3C5F4B44F8A9
:10BF3000983C5F4B44ED2B9A44F8943C44ED249A92
:10BF40009FED4D7A039B44F8703CF2EE007AC7EE09
:10BF5000296A002344F8743C87EEA97ADFED477A1A
:10BF600044ED1E9A69EEA77ABFEE000A80EE270A1A
:10BF700044ED116A04ED107A04F010F9F0EE697ADC
:10BF8000A4F138034B4A44ED0E7A04ED0F0A9A618E
:10BF900054F8202C9FED486A02F1DA4202F52D1286
:10BFA00002F56752353242F0010182EAD23301FBD9
:10BFB00003F383EAD31144F8202C43F03D0202FB43
:10BFC0000132534083EA933307EE903AF8EE677AF2
:10BFD000F0EE006A67EE867ABFEE007AA7EEA67AE8
:10BFE000A4F120000023F5EEC09AF1EE10FA44F817
:10BFF000240C44F8283C04ED0D7A40F3C881F4EE9B
:10C00000EC9AF1EE10FA40F1C2819FED1D7A29EE13
:10C01000877AF0EE697A8DEE070A2546264604F502
:10C020008278022744ED077A04F0B8F814ED078A05
:10C030009FED150A9FED159A28EE000AF7EE008A8B
:10C0400089EE000A04F0AAF840E000BF8FC2753DF7
:10C050006666663F0000C04000803B478096184BF4
:10C060006C840100FFFF7F7F85EB513FEC51B83DB1
:10C070009A99193F0AD7A33C0000FA446F12033B78
:10C080000AD7233C549F8CBFCDCCCC3D8E5D93C052
:10C090008FC2F53C000000008FC2F53DCDCC4C3D79
:10C0A000295C0F3E333393409A99993E3333B33E24
:10C0B000CDCC0C3FA221FD3F0000802FCDCC4C3FCA
:10C0C000CDCC4C3E0AD7A33C0AD7A33D1FED040AB2
:10C0D00028EE000A89EE000A04F060F81FED070A56
:10C0E00028EE000A8DEE000A04F058F85FED0A7A97
:10C0F00038EEC00A68EE277A04ED030A89EE270AB3
:10C1000004F04CF8F5EE007A38EEC00A28EE278AE3
:10C1100004ED020A89EE080A04F040F8C54B44F821
:10C12000103C38EEC00A04ED010AF5EEC09AF1EEBB
:10C1300010FA40F31581F4EEEC9AF1EE10FA54BFC8
:10C14000F0EE6B7AF0EE697A2846C6ED007AF4F7E5
:10C15000BFFA776028463435F4F7BAFA4545C14648
:10C1600006F13406E1D114ED2AAAB5EEC0AAF1EE2B
:10C1700010FAC0F21181F1EE007AB4EEE7AAF1EE06
:10C1800010FA00F3CE81FDEECA7AAB4A17EE903A70
:10C19000032BA8BF032307EE903A03EB8300591C3F
:10C1A00002EB8000F8EEE77AD0ED008A01EB810027
:10C1B00002EB80003AEE67AA90ED000A9D008E0027
:10C1C0009E4A9FED9FBA02941D444FEA850802EBF8
:10C1D0008507994B9B4A0E4408F10401A2460B4483
:10C1E00002EB850504F1D00204F1080BB6004C46C1
:10C1F000F6EE00AAD14601929A46F0EE4A0A80EE87
:10C20000280A04F007F80BF1340BF7EC017AA7EBDE
:10C210000802324412ED017A37EE677AB0EE408AB6
:10C22000E7EE0A7AB5EC010A20EE0B0AF0EE67DAC7
:10C2300004F094F9A5EB0802324452ED017A28EE9D
:10C24000288AF0EE408A27EE8B0A04F087F988EE00
:10C250002D9A484630EE680AB4EE6A9AE0EE0A8AF1
:10C26000F1EE10FA48BFB0EE6A9A0BED0D8A0BEDB5
:10C270000BCA0BED0C9AF4F72BFAC8EE897A019BE6
:10C280009945E4EC017A6ED0FAEC018AAAEB080237
:10C29000324412ED010A09F13409AEE7F0EE497AB1
:10C2A0003AE5049A9FED689A02F2946383ED008A5E
:10C2B000664B0793664B0893664B0993664B0A934C
:10C2C00007AC02F2BC6702F5D3650FCC0FC523683B
:10C2D000049C2B604FF0E30E4FF0DF0CC4F8B0E687
:10C2E0003846C4F8AC76C4F8B4C64FF46372002183
:10C2F00006F0F4FFB4EEC98A0023F1EE10FAC4F898
:10C30000B83600F119819FED557A049ADFED548A11
:10C31000F2EE007AC7EE086A02F6482487EE887AC1
:10C32000DFED507AC4ED008A68EE277AC2F84C3A05
:10C33000BFEE000A039BC2F8503A80EE270AC4ED14
:10C340000D6A84ED0E7A03F029FFB4EEC98AF1EE8E
:10C3500010FAF0EE407A00F1F2809FED430A60E5BA
:10C36000F0EE6B7AF0E6029C059B04F5F0749C42BB
:10C370007FF4C4AD049B0399B0EE690A03F58450C1
:10C38000F6F78EFD0DB0BDEC0C8BBDE8F08F9FED88
:10C39000360AF0EE6B7A40E600239FED340ADFEDBB
:10C3A000348AB0EE4CAA01211D46042608E7294B29
:10C3B00044F8A83C2F4B44F8A43C2F4B44F8A03C35
:10C3C0002E4B44F89C3C2E4B44F8983C2D4B44EDAE
:10C3D0002BBA44F8943C6BDC44ED24BA71DC9FED3D
:10C3E0001F7A039B44F8703CF2EE007AC7EE296A8C
:10C3F000002344F8743C87EEA97ADFED1A7A44ED05
:10C400001EBA69EEA77ABFEE000A80EE270A44ED55
:10C41000116A04ED107A03F0C1FEF5EEC09AF1EE58
:10C4200010FAA4F13803D8BFF0EE6B7A7FF7AAAD0B
:10C430006DE000BF9A99593FA03A0100D839010038
:10C440002D152A3E3C3A01008096184B85EB513F52
:10C45000EC51B83D9A99193F0AD7A33C0000FA4421
:10C4600000803B476F12033B49FF15BB0000C843E8
:10C4700000001644295C0F3E333393409A99993E4D
:10C480003333B33ECDCC0C3F324B44F8A83C324B57
:10C4900044F8A43C314B44F8A03C314B44F89C3C5C
:10C4A000304B44F8983C304B44ED2BBA44F8943C64
:10C4B000F4EEEC9AF1EE10FA58BF44ED24BA3FF5D1
:10C4C0003DADF4EEEC9AF1EE10FA3FF539AD9FED8B
:10C4D000277A039B44F8703CF2EE007AC7EE296A93
:10C4E000002344F8743C87EEA97ADFED217A44ED0D
:10C4F0001EBA69EEA77ABFEE000A80EE270A44ED65
:10C50000116A04ED107A03F049FEA4F13803F4EE49
:10C51000EC9AF1EE10FA54BFF0EE6B7AF0EE697A15
:10C5200030E59FED140ADFED148AB7EE00AA04216E
:10C5300003230C25102643E6F0EE488A44E49FEDE1
:10C540000F7ADFED0F6A28EE077AF0EE488A86EE62
:10C55000870A66E49A99193F295C0F3E333393406A
:10C560009A99993E3333B33ECDCC0C3F0000FA4448
:10C570006F12033B0000AF430000C8430AD7233CBF
:10C58000549F8CBF2DE9F04F2DED0A8B89B0D1ED72
:10C59000018AD1F80080DFEDD8BADFEDD8AADFF844
:10C5A000B0B39FEDD7CADFF8BCA30091074600F2F5
:10C5B000845500F1340400F64449F5EEC08AF1EEEA
:10C5C00010FA40F30982F4EEEB8AF1EE10FA40F132
:10C5D0001B82CC4B44F8243CCB4B44F8203CCB4B47
:10C5E00044F81C3CCA4B44ED0D8A44F830BC44F876
:10C5F00028AC44F82C3CB0EE687AF0EE687A02235E
:10C60000002604ED067A44F8043C2846C5ED007A7D
:10C61000F4F75EF828466E60F4F75AF88022314647
:10C62000204606F05BFE4FF480723146C4F880600D
:10C6300004F1840006F052FE80223146C4F8846181
:10C6400004F5C47006F04AFEC4F808624FF4807224
:10C65000314604F5037006F041FEF5EEC08AF1EEB6
:10C6600010FAC4F80C6340F3AC81F4EEEB8AF1EEFF
:10C6700010FA40F1A6819FEDA77A28EE877AF0EEB6
:10C68000687A8CEE070A04F5C164C5ED0D7A03F0F3
:10C6900085FD95ED0D9A9FEDA00A9FEDA0AADFED17
:10C6A000A09A29EE000AB7EE008A8AEE000A03F08B
:10C6B00075FD9FED9C0A29EE000ABFEE00BA8AEED6
:10C6C000000A03F06BFD29EE290A8CEE000A03F044
:10C6D00065FDF5EE007A69EE277A38EE400A85EDC1
:10C6E000110A8AEE270A03F059FDDFED8F7A38EE42
:10C6F000400A29EE279A85ED120A8AEE090A03F00C
:10C700004DFD4FF07C532B64DFED887A38EE400A04
:10C7100068EEA77A85ED130A8BEE270A03F03EFD3B
:10C7200068EEA99A78EE407A8BEE290AC5ED167A62
:10C7300003F034FD38EE400A4C4585ED170A05F547
:10C74000C1657FF43AAF7A4E9FED6CBADFED79BAEE
:10C75000DFED79AA9FED79AADFED799A9FED798ACD
:10C7600007F5C143103301930FCE03AC0FC407F597
:10C77000995CDDF8049001970CF1100C07F5446505
:10C78000F5EEC08AF1EE10FA40F31881F0EEE87A87
:10C79000F4EE6B7AF1EE10FA94BFF0EE687AF0EEF8
:10C7A0004B7A4FF07D530793CDED03AA8DED04AA8C
:10C7B000CDED069A0DF10C0EBEE80F00A5F1240692
:10C7C00045ED0B7A45F8288C0FC64FF07D5B4FF492
:10C7D000DE7A4FF4DC77C6F800B02C4645F80CAC96
:10C7E00045F8087C45F8105CA4EC018A6445FBD14F
:10C7F00015ED0B0ADFED547A20EE270A0023BFEE79
:10C80000009A45F8043C89EE000A03F0C7FC41F2A7
:10C81000145C05F5A65365444D45A44483ED050A13
:10C82000AED1DDE90037DFED497A93ED018ADFED26
:10C83000339A9FED31AADFF830A1DFF8D090444E53
:10C8400068EE277A07F5C044C9EE278A07F5CD457B
:10C850004FF0804B68347835B5EEC08AF1EE10FAAF
:10C8600040F3B780B4EECA8AF1EE10FA54BFF0EE8E
:10C87000697AF0EE487A374BC4ED007AC4F8048048
:10C88000C4F808B0E360C4F810A0C4F81490A6611E
:10C89000B0EE680A03F082FC04F50C74AC4204EDBF
:10C8A000040AD9D12C4D9FED15AADFED13AADFEDB7
:10C8B0002B9A9FED2B9A0FCD07F5CD4907F5DB4756
:10C8C0000C3703AC0FC409F17C093B464E46474682
:10C8D0004FF0814B4FF07E5A9846B5EEC08AF1EE8C
:10C8E00010FA73DDB4EEEA8AF1EE10FA54BFF0EEFE
:10C8F0004A7AF0EE487A3BE08096184B00803B473E
:10C90000549F8CBF9A99193F3D0AD73E3333333F2A
:10C91000000040400AD7233CCDCCCC3D8E5D93C077
:10C92000A69B443BCDCC4C3E8FC2F53DA69BC43A62
:10C9300080840100FFFF7F7F295C8F3E8FC2753EA0
:10C94000CDCC4C4000000000CDCC4C3D8FC2753D9D
:10C95000CDCC0C3F00009040948401009A9919407E
:10C9600052B81E3F6666263F52B81E3F49FF15BBB0
:10C97000CDF81CA0CDF80CB0CDED049A8DED069A43
:10C9800003AD0FCD06F10804C6ED007A77600FC441
:10C990002B682360B0EE680A03F000FC06F50C7605
:10C9A000464506ED040A98D1009909F29460FFF714
:10C9B00083F909B0BDEC0A8BBDE8F08FF0EE4B7A3D
:10C9C000EFE61FED160AF0EE6A7A5CE6F0EE4A7AC0
:10C9D000CEE7F0EE697A4EE7174B44F8243C174B4C
:10C9E00044F8203C164B44F81C3C164B44ED0DAA71
:10C9F00044F830BC44F828AC44F82C3C16DCB0EECB
:10CA00006A7AF0EE6A7AFAE50B4B44F8243C0B4B59
:10CA100044F8203C0A4B44F81C3C0A4B44ED0DAA58
:10CA200044F830BC44F828AC44F82C3CF4EEEB8AD3
:10CA3000F1EE10FAE3D5DEE59A99193F3D0AD73EAB
:10CA40003333333F000040402DE9F04F2DED088B8C
:10CA500000F58059AF4909F5FD63074683ED000AEB
:10CA6000A7B0B0EE409A08466E22002301E010F80D
:10CA7000012F0133002AFAD1A74AA8485A406E264E
:10CA8000692302E0334611F8016F534000FB03F3C2
:10CA90004FEAF342002EF5D1A14BA24982EA12429D
:10CAA00002FB03F3A04A83EA533302FB03F383EA56
:10CAB00013439E4A3B6040F209737B8140F2063388
:10CAC0007A60BB81941D3546012001E012F8016FA8
:10CAD000A1FB06C3DB0803EB4303A6EB83030C3384
:10CAE000A1FB03C6F60806EB4606A3EB860300FA95
:10CAF00003F32B439DB2A2423D81E7D1DFED8C6A67
:10CB000007F110020023B2EE086A07EE903AF8EE41
:10CB1000E77A013367EEA67A0C2B87EE867AA2ECD1
:10CB2000017AF2D18349BB644522C7ED106A022322
:10CB30007964FA640921102207F15000F3F78CFCA4
:10CB400000231022032107F16000F3F785FC002386
:10CB50001022052107F17000F3F77EFC042319462B
:10CB6000102207F18000F3F777FC734DDFED738A35
:10CB70009FED73AADFED739A012310220B2107F1B9
:10CB80009000F3F769FC70490297782208A88DEDB0
:10CB9000039A01F011FDA5F184030193002305F52B
:10CBA000B4780093694B0A931393694B694A0D93C8
:10CBB000694B0B920E93694A694915924FF07C5369
:10CBC000684A0F93684B0991A5F1840467491B9249
:10CBD0001093674A674B0C911D92119378220023A2
:10CBE00008A920461293DFED64BA9FED64BADFED29
:10CBF00064AA01F0E1FCA2462E463DE0B4EEEB9AB9
:10CC0000F1EE10FADFED5F7A3BD569EE277AB0EEF0
:10CC1000497A8AEE270AF0EE497A8AED1E7ACAED41
:10CC2000217A03F0BBFAB7EE008A38EE400A0AF127
:10CC30003C0A8AED160A96ED000A20EE2A0A88EED2
:10CC4000800A03F0ABFA33463C3638EE400ADFED9B
:10CC50004E7A8AED170A93ED000A20EE270A88EE35
:10CC6000800A03F09BFA494ACAF85420B04538EECE
:10CC7000400A8AED180A0BD0B5EEC09AF1EE10FA10
:10CC8000BCDCB0EE697AB0EE4B0AF0EE697AC4E72C
:10CC900055ED217AB0EE087AF4EEC77AF1EE10FA8B
:10CCA00000F12482B1EE047A39493A4AF4EEC77AA7
:10CCB000F1EE10FA55BF0A4604230623072158BF98
:10CCC000032155ED207AC5F86031B6EE007A77EE93
:10CCD000877AFDEEE77A17EE903A013B05D48B4256
:10CCE000A8BF0B4603EBC3031A44D379C5F85C21F4
:10CCF00007EE903AF8EE677AF7EE006A86EEA77ACA
:10CD0000A5F1540A2E464FF0000BB6EE00BA85EDA1
:10CD1000597AA0E0B538010067E6096A512D9ECC2A
:10CD20006BCAEB85ABAAAAAA35AEB2C2863D01009A
:10CD3000000096440000DC43684CFF1F8E5D93C0EA
:10CD4000549F8CBF00803B47A88401008FC2F53DF3
:10CD5000CDCCCC3F52B81E3F295C8F3E00006041D5
:10CD60000000A0403D0AD73E6F12833A6F12033B8A
:10CD7000AE47613E0AD7233E8096184B49FF15BB4C
:10CD8000CDCCCC3D0AD7233CCDCC4C3E3333333FC6
:10CD900040390100643901000000000015ED1D0A52
:10CDA00055ED1CBA15ED1B8A55ED1AAAB5EEC00A51
:10CDB000F1EE10FA40F28E80D6ED007A20EE270ACE
:10CDC0008AEE000A03F0EAF9F7EE007A37EEC00ABD
:10CDD000F5EEC0BAF1EE10FA84ED250A40F2848037
:10CDE000D6ED007A2BEEA70A88EE800A03F0D6F97A
:10CDF000F7EE007A37EEC00AF5EEC0AAF1EE10FAAF
:10CE000084ED260A79D9D6ED007A2AEEA70A88EEB3
:10CE1000800A03F0C3F9B5EEC08AF7EE007AF1EEAE
:10CE200010FA37EEC00A6FD4F7EE007AB4EE678AD4
:10CE3000F1EE10FAC8BFB0EE678A84ED270A84EDE0
:10CE4000248AD5F860310BF1010B9B4504F13C04B9
:10CE500006F13C065EDAFAEC017AC4ED287A9AED26
:10CE60000B7A84ED297ADAF81400C4F8A800B5EE3C
:10CE7000C07AD5ED5A6AF1EE10FAA6F10C03D8BFCC
:10CE800027EEA67AD3ED006AC7EE267AF5EEC07AD1
:10CE9000F1EE10FA3BD4F4EE4B7AF1EE10FAC8BF83
:10CEA000F0EE4B7AC3ED027AD5F85C319B7943FA08
:10CEB0000BF3DB073FF572AF15ED190A55ED18BA04
:10CEC00015ED178A55ED16AAB5EEC00AF1EE10FA67
:10CED0003FF672AFF5EEC0BAB7EE000AF1EE10FA07
:10CEE00084ED250A3FF67CAFF5EEC0AAB7EE000A46
:10CEF000F1EE10FA84ED260A85D8B5EEC08AF1EE7F
:10CF000010FAB7EE000A8FD51FED5D8A95E75FED49
:10CF10005E7AC7E7009B03F50173B3F5016F0093D9
:10CF200005F5017508F501787FF43CAE019B714968
:10CF3000714C4C2208A803F6AC6B01F03DFB0023BA
:10CF40000993119315936D4B16936D4B19936D4B7C
:10CF50001A936D4B0B936D4B0C936D4B0E936D4B66
:10CF60000F936D4B10936D4B12936D4B6D48139354
:10CF7000B0EE490A6C4B149308AA3946F4F7DEF870
:10CF80005C494C2208A801F017FB684B0893684BDA
:10CF90000993684B0A930F93674B10931393159360
:10CFA000664B1693664B0B93664B0C93664B129332
:10CFB0004FF07A530E934FF07E5314932046B0EE09
:10CFC000490A08AA394604F5AA74F4F7B7F85C458B
:10CFD000F4D15E4BDFF8A0C15D4E5E4D0FCB04ACCB
:10CFE00084E80F00B0EE490A5B48CDF810C0214636
:10CFF00005960795F9F73CF8584802A9FFF7C2FAD9
:10D00000B5EEC09AF1EE10FA6DDDDFED557AB4EEB3
:10D01000E79AF1EE10FA66D50024F02307F1B80084
:10D02000F42207F5936589EDF69A2146C7F8B030EA
:10D03000C7F89034C7F8AC20C7F88C24C7F8A8000C
:10D040004FF47472C7F8885406F048F921464FF43B
:10D050007472C7F8B440284606F040F9C7F8944403
:10D0600021464FF47172C9F8C043C9F8C443C9F8E6
:10D07000C84307F6FC7006F031F99FED3A7A3A4A58
:10D08000C9F8CC4329EE070A0023FFEE007AC9F85D
:10D09000D033C9F8E433C9F8D44387EE800A87ED6A
:10D0A000297AC7ED287AC9F8DC2303F077F809F567
:10D0B000FD6393ED006ADFED2D6A89EDF80AC6EE97
:10D0C000267AB6EE007A77EE877AFDEEE77A17EEEB
:10D0D000903A012BB8BF0123C9F8EC3727B0BDEC5B
:10D0E000088BBDE8F08F9FED229A95E7214A022335
:10D0F0000121E6E5208501004055FF1FCDCC4C3DC8
:10D10000CDCC4C3ECDCC4C3F0000A043AE47613F60
:10D110009A99593F6F12033BCDCCCC3E8FC2753DDF
:10D120006F12833AF853FF1FEC51383E0AD7A33DE4
:10D13000000030416666E63E9A99193F9A99993FF8
:10D14000000016458FC2F53D3333B33F6C850100B7
:10D15000CDCC0C3FCDCCCC3D905AFF1F288AFF1F71
:10D160008096184B8FC2753D0629643FCDCCCC40CC
:10D1700000803B47AC39010052B81E3F2DE9F8430F
:10D18000194D1A4C2E681A4FDFF8789040F2EE28AD
:10D1900002F084FB2378D3B13B78DB0717D52B68EB
:10D1A000D9F800209B1A0E2B11D9124800F028FA4A
:10D1B0004D21104800F058FA0F489FED100AFFF774
:10D1C00043FCBDE8F8430E48142100F0F7BC2B687F
:10D1D00022789B1B2AB1B3F5FA6FE6D802F05EFB0A
:10D1E000D6E74345FAD9E0E7800B0020710C002018
:10D1F000980C00203C0A0020B833FF1FA6552C478E
:10D200000002FF1F9C0C002030B5354B35494FF410
:10D21000016283B0184601F0CFF903460025C3F838
:10D22000105800F61400F7F711FB2F48F7F79AFF94
:10D230002E4B2F4A1C682F49116015611581D5604E
:10D24000002C4AD0234619465B69002BFBD14A616A
:10D25000294B2A4810600021234890615161516098
:10D260009172022003F1180258721A611972D96082
:10D270009961D96122466469002CFBD15361204A2F
:10D280005C615C609C721A601B4800F095FB1D4B52
:10D290001D4919600A221A721C4800F0B1FD164B94
:10D2A000134900942246194800F01EFE184A1949F5
:10D2B000164802F039FC184800F0A2FD0122009245
:10D2C0000B490D4B144800F00FFE114A114912484A
:10D2D00003B0BDE8304002F027BC1A601446B7E73F
:10D2E000E44BFF1F7C850100B833FF1F980A002024
:10D2F000200A0020C8380100C44BFF1FD4380100A9
:10D30000148E01003C0A0020F88D0100480A00201C
:10D310004024FF1F9DDF00005C0A002000207047B2
:10D3200000207047F8B51F4C037A0D465A000127BC
:10D33000C1F307210646204684F8A32084F82E7105
:10D3400084F82D7102F01AFCE9B2204602F016FCB6
:10D350000021204602F096FD08B10020F8BD317A88
:10D360003B460222204602F003FE0128F5D994F83C
:10D37000A02094F8A100824210D2A118531CDBB265
:10D38000097E84F8A03098424FEA012106D923444F
:10D390000232187E84F8A0200843F8BD4FF0FF3019
:10D3A000F8BD00BF6825FF1FF8B5154C037A242986
:10D3B0004FF0010708BFC280BB400D462046C1F3B5
:10D3C0000721164684F8A33084F82E7184F82D7155
:10D3D00002F0D4FBE9B2204602F0D0FBC6F30721ED
:10D3E000204602F0CBFBF1B2204602F0C7FB3946E3
:10D3F000204602F047FDB0FA80F04009F8BD00BFBA
:10D400006825FF1FF8B504467A480E46154602F017
:10D41000E5FB052001F038FB06212046FFF782FFDF
:10D42000002E76D0B02800F0DF800127277144F26B
:10D43000600230212046FFF7B7FF002872D06C222F
:10D4400026212046FFF7B0FF4FF4F972282120462D
:10D45000FFF7AAFF40F622722C212046FFF7A4FF17
:10D4600044F246423C212046FFF79EFF40F237122D
:10D4700024212046FFF798FF5F4B9E4200F2AE80CA
:10D48000002234212046FFF78FFFB5FBF6F107EEAF
:10D49000905AF8EE676A07EE906AB8EE677A01F084
:10D4A0001F02C6EE877A3221204607EE102AF8EED8
:10D4B000C76A9FED527A77EEE67A67EE877AFCEEDE
:10D4C000E77A17EE903AC3F30A0343EAC222FFF762
:10D4D0006BFF44F2FF5230212046FFF765FF7322B5
:10D4E00002212046FFF760FF4FF4C87001F0CCFA2C
:10D4F00041F61D522E212046FFF756FF0722042138
:10D500002046FFF751FFB02206212046FFF74CFFCF
:10D5100046E00123237144F2600230212046FFF7E8
:10D5200043FF08B90020F8BD6C2226212046FFF7F2
:10D530003BFF4FF4F97228212046FFF735FF40F6F4
:10D5400022722C212046FFF72FFF44F246423C2155
:10D550002046FFF729FF40F2371224212046FFF72B
:10D5600023FF44F2FF0230212046FFF71DFF732204
:10D5700002212046FFF718FF4FF4C87001F084FA2B
:10D5800041F61D522E212046FFF70EFF04221146C0
:10D590002046FFF709FF302206212046FFF704FF4F
:10D5A00010220A212046FFF7FFFE00220E2120460E
:10D5B000FFF7FAFE43F63C4210212046FFF7F4FE47
:10D5C00047F67F7222212046FFF7EEFE3622242105
:10D5D0002046FFF7E9FE01206072F8BD3A4634218B
:10D5E0002046FFF7E1FE50E701200023237160721F
:10D5F000F8BD00BF6825FF1F40660301000000451D
:10D60000014A0021FFF7FEBE605AC50A10B5044664
:10D61000D1B1012901D0002010BD40F273122A219E
:10D62000FFF7C2FE0028F6D0882220212046FFF70F
:10D63000BBFE0028EFD0E28820462421BDE8104040
:10D6400022F00402FFF7B0BE55222021FFF7ACFE06
:10D650000028E0D0E28820462421BDE8104042F0B6
:10D660000402FFF7A1BE00BF38B50546F1B180291D
:10D6700003799ABFC1F1800444EA0424002433B939
:10D68000224628462221BDE83840FFF78DBEC288D9
:10D69000002322F0100203712421FFF785FE2246A9
:10D6A00028462221BDE83840FFF77EBE012347F619
:10D6B0007F7222210371FFF777FEEA882846242132
:10D6C000BDE8384042F01002FFF76EBE9FED1D7AB4
:10D6D000DFED1D7AE0EE077A38B5FCEEE77A054615
:10D6E00017EE904AF4B1802C03799ABFC4F18004FC
:10D6F00044EA0424002433B9224628462221BDE806
:10D700003840FFF751BEC288002322F01002037197
:10D710002421FFF749FE224628462221BDE8384051
:10D72000FFF742BE012347F67F7222210371FFF704
:10D730003BFEEA8828462421BDE8384042F010022A
:10D74000FFF732BE00000143EE7CFF3E2DE9F84FAB
:10D75000374B38481A68384912681B79CB778242B0
:10D760002AD2364B1B78002B4AD1DFF8E0A0DFF835
:10D77000E090DFF8E080324FDAF80060D9F800B0CE
:10D78000B8F800403D88002E40D0BBF1000F16D005
:10D790000BF10402311D02EB450201EB440100F0E4
:10D7A0007FF9403540347F2C11D87F2DA8F80040F8
:10D7B0001AD83D80BDE8F88FA0F58070D5E7311DFF
:10D7C00001EB4401403400F08AF97F2CEDD90024AC
:10D7D0003046A8F8004000F0B9FA1A4B7F2D1A68BD
:10D7E000CAF800201C60E4D9002458463C8000F0B0
:10D7F000ADFA154B1A68C9F800201C60BDE8F88F17
:10D800004FF0E0230122C3F80822AEE7BBF1000F7E
:10D8100007D00BF1040101EB450100F080F9403520
:10D82000C1E74FF48072594605F058FDBBE700BFD1
:10D83000880A00206017FF1F00800040840A002033
:10D84000820A0020740A00207C0A0020700A00204E
:10D85000780A0020800A002038B50021044600F034
:10D86000C3FA88B172B61C4A1368002B2BD01B492F
:10D870000D68002D2CD01560194A08600021118018
:10D8800062B6184600F062FA0121204600F0ACFAB8
:10D8900098B172B6134A136883B113490C6854B136
:10D8A0001460124A08600024148062B61846BDE86D
:10D8B000384000F04BBA086062B638BD0B491060C2
:10D8C0000B8062B638BD064910600B8062B6DBE79C
:10D8D000086062B6D8E700BF700A0020740A002012
:10D8E000800A0020780A00207C0A0020820A00209A
:10D8F00010B5044600F020FC204610BD284A294BF4
:10D90000D16B41F40041D163116C41F0020111640B
:10D91000D16B41F00201D1631A68002A37DBD3F8DA
:10D920008020002A33DB4FF0804270B4C3F800211E
:10D93000D3F80021002AFBDB01251B4A00264FF209
:10D94000FE01C3F804114FF480341E6617495D6070
:10D950009A60174ADC6019615A61C3F8E060C3F845
:10D96000845005F18E45C3F88850C3F88C40C3F845
:10D970009010C3F8942020B90E4B4FF4C0629A6007
:10D980009A610C4B4FF4C06270BCDA60704728B9E2
:10D99000084B4FF4C0629A609A617047704700BFAD
:10D9A0000080044000F00240010000071B1F01003E
:10D9B000001F1F1F00B0044038B5254C0121204630
:10D9C00000F058FB234A244B002010601860FFF73A
:10D9D00095FF224B22494FF4C0625A602368214AC6
:10D9E00019602149D960214919615A6002254FF413
:10D9F00080720621DA829D60DA8398829983986129
:10DA000023791B4D03F1804303F504338D221870F5
:10DA10001A70184B2079184AE8764FF08071196017
:10DA20001A6000F0D5FA2279144C15492070531170
:10DA300002F1100003F13823124C41F8204040332A
:10DA40009B0002F01F02012101FA02F21A6038BDA8
:10DA5000880A0020700A0020780A002000B00440E4
:10DA60006016FF1F0200010100FEFFFF22F00240CE
:10DA70000080004000F0024001000090840A002075
:10DA8000001AFF1F4DD70000024A0349034802F065
:10DA90004BB800BF4024FF1FF1D80000880A0020C7
:10DAA0002DE9F04F00F5807EB1E8A00AB2E84015FC
:10DAB000C5EA0643C6EA2544C7EA0845C8EA274638
:10DAC000C9EA0A47CAEA2948CBEA0C49CCEA2B4AF8
:10DAD000A0E8F8078645E7D1BDE8F04F70474FF062
:10DAE00000022DE9F00F00F5807C00BFB1E8A00A2C
:10DAF000C5EA0203C2EA2544C7EA0205C2EA27468C
:10DB0000C9EA0207C2EA2948CBEA0209C2EA2B4A5B
:10DB1000A0E8F8078445E9D1BDE8F00F70474FF061
:10DB200000022DE9F00F00F5807C00BFB1E8A00AEB
:10DB3000C2EA0543C2EA0504C2EA0745C2EA07068B
:10DB4000C2EA0947C2EA0908C2EA0B49C2EA0B0A5B
:10DB5000A0E8F8078445E9D1BDE8F00F70472DE94A
:10DB6000F00F089C00F5007B51F8045B53F8046B40
:10DB7000C5EA0647C6EA254952F8045B54F8046B27
:10DB8000C5EA0648C6EA254AA0E880078345EBD1E6
:10DB9000BDE8F00F704700BF4FF0E0230122C3F84B
:10DBA00008227047036818470B680360704700BF7E
:10DBB0000B680360704700BF704700BFF0B5B1F558
:10DBC000607F8DB00E460F4628BF4FF46076054645
:10DBD00072B62B4B002418602A4B2B481C807022F5
:10DBE000214605F07BFBC7B1274821464FF0010CC9
:10DBF0004A0901F01F0350F822400CFA03F30131E7
:10DC000023438E4240F82230F2D828460023438036
:10DC100001339E4200F58270F9D81C4C257815B16D
:10DC200062B60DB0F0BD082000F010FE184B056084
:10DC30008022027106460093069302A9154B0293B7
:10DC400008A8FFF7B1FF144A06A9304600F0A8FA69
:10DC5000069B08A8DB689847009B02A8DB689847EA
:10DC60002378002BDCD10D494FF0E0220123D02096
:10DC700081F84000C2F80831237062B60DB0F0BDE3
:10DC8000900A0020A40A0020A80A0020A00A002070
:10DC9000188E010099DB0000FFA7020000E400E0FD
:10DCA00030B472B6244D254C2A8804F1700104EB7F
:10DCB00082038B423CD204F16F01C91A501C00EB65
:10DCC000910002E00132824232D09C4653F8041B9C
:10DCD0000029F7D0B1FA81F04FF00043C34021EAA8
:10DCE0000301CCF8001001B90132154B2A801A88C3
:10DCF000013291B2198062B6ACEB040C4FEAAC0C65
:10DD0000C0EB00640CEB8C1C41F67C73C0EB841000
:10DD100003EBCC1303EB80030A4800680124C454CE
:10DD20001844094B1C88944238BF198030BC704796
:10DD300062B6002030BC7047A40A0020A80A002068
:10DD4000940A0020900A00209C0A0020428872B6A3
:10DD50000378012B03D9013B037062B67047510968
:10DD60000C48D24302F01F024FF0004310B4D340DE
:10DD7000094C50F821201343228840F821308A4270
:10DD8000064A88BF21801388013B138062B65DF884
:10DD9000044B7047A80A0020A40A0020940A00201F
:10DDA000C36813B91DE0DB68E3B1187A9042FAD179
:10DDB00010B4586893F809C0006950F82C4054B169
:10DDC000DB682BB1187A9042F3D0DB68002BF9D1D5
:10DDD0005DF8044B704740F82C100878013008704B
:10DDE000EEE77047704700BF437A8B4206D903695C
:10DDF000002253F8210043F821207047002070478B
:10DE00000449002202604260028102740A68C26012
:10DE100008607047180B0020037CFBB903680146BB
:10DE2000FBB14368EBB1427A5B7A9A421CD230B4C0
:10DE300072B62B4B1C68ECB1E368C3B1486801E0D3
:10DE4000DB68A3B15A688242FAD193F809C04A7AD2
:10DE50009445F5D162B6042030BC7047012062B60B
:10DE60007047032062B67047022062B6704764694B
:10DE7000002CE1D11B4C236843B1994202D10BE045
:10DE8000994207D01A46DB68002BF9D1052062B60B
:10DE900030BC704702F10C040D68E868E8B1C36853
:10DEA00023B908E0DA68184632B113468142F9D145
:10DEB00062B60620D0E70346D960CB682360002015
:10DEC000C860AA7A01231A44AA724A682B72947A0B
:10DED00013721C4494720B74D9E7E960EDE700BF3C
:10DEE000980A0020180B002010B5047C9DF808E06B
:10DEF0000CB1012010BD027280F809E0BDE81040AD
:10DF0000C0E90013FFF788BF037C002B37D010B5A2
:10DF10004368427A5B7A9A42044638D272B6016804
:10DF2000CB68002B2DD0984233D01A46DB689C4238
:10DF30002AD0002BF9D16268607A136953F8200067
:10DF400048B1FFF703FF72B66268617A1369002077
:10DF500043F8210021688B7A013BDBB28B7203B955
:10DF60000B72937A013BDBB2937203B913720A4BC3
:10DF700000201A682074E2601C6062B610BD0120A7
:10DF8000704762B6032010BDE368D360D3E7022078
:10DF900010BDC368CB60CEE7180B002010B5044657
:10DFA000FFF7B2FF094A136843B19C4202D108E06F
:10DFB0009C4205D01A46DB68002BF9D1204610BDE3
:10DFC0000C32E3681360204610BD00BF180B002020
:10DFD000084B1A7862B908484FF0E02101224FF04F
:10DFE000D00C80F840C0C1F8082110461A70704764
:10DFF00000207047A00A002000E400E04FF0E0227B
:10E00000F8B5D2F8FC3D174D174943F08073C2F8BC
:10E01000FC3D2B680C6843F001032B606E689CB1DB
:10E02000237A20466BB123686F681B6898476B683A
:10E03000E188DB1BC3F30F12B1EB131FA28038BFC3
:10E04000E2806469002CEBD1064B084A5B681088BB
:10E05000074C9B1BC3F30F11B0EB131F218038BF7C
:10E060001180F8BD001000E0980A0020A20A0020EC
:10E070009E0A002010B472B621B9026812B1037969
:10E080000F2B44D92A4C2188002341FA03F212F0C5
:10E09000010209D00133102BF7D162B600220260D1
:10E0A00003715DF8044B70474FF0010C0CFA03FC50
:10E0B00041EA0C01218062B61E495FFA83FC80F8B8
:10E0C00004C00C6C44F002040C64CC6B44F00204F9
:10E0D000CC6303F10073A1F5802140F2824403F583
:10E0E00090630C605B0181F81AC081F81EC081F852
:10E0F00018C081F81FC05DF8044B0360C3E900221B
:10E10000C3E90222C3E90422C3E906227047084C8E
:10E11000218841FA03FC1CF0010FB5D003F1007314
:10E1200003F59063B2EB431FAED162B6B9E700BF0F
:10E130001C0B00200080044003790F2B11D8094AE2
:10E14000937672B6084990F804C00B88012202FA4F
:10E150000CF223EA02030B8062B610220023027144
:10E1600003607047008000401C0B0020704700BF18
:10E17000704700BF704700BF704700BF704700BFC7
:10E1800038B5064CA4F1600554F8083C2046DB681D
:10E19000183C9847AC42F7D138BD00BF700B002047
:10E1A0002DE9F041036888B004461746002B3DD0A6
:10E1B00000229A600122DA60294DDFF8BC801D44FC
:10E1C0002D1151F8083B029305EB4506F60004A813
:10E1D0005B68984758F8063006F108004044DB6851
:10E1E00001909847029B1F4A029204A9019848F89F
:10E1F00006309B689847029B04A8DB689847236811
:10E2000019491F6003229A6005F13002531103F18E
:10E21000382320796854403301209B0002F01F020C
:10E2200000FA02F21A6008B0BDE8F0810F4AD36B21
:10E2300043F40003D36300BF0D4B01221A6003F5C2
:10E2400080730C4A036098680028B5D0103393425D
:10E250002360F8D10020206008B0BDE8F08100BF45
:10E26000008FFCBF288E010030E400E000800440F5
:10E270000070034040710340200B00200448054A11
:10E2800050F8083B01211B68C2F80C11184700BF69
:10E29000200B0020007003400448054A83690121D7
:10E2A0001B68C2F81C112030184700BF200B00204B
:10E2B000007003400448054A036B01211B68C2F843
:10E2C0002C113830184700BF200B0020007003408D
:10E2D0000448054A836C01211B68C2F83C11503088
:10E2E000184700BF200B002000700340094B0A486C
:10E2F0000A4A0B4910B40B4C1C6098609C61186270
:10E300001C6398639C6418655DF8044B002001F061
:10E310000BBC00BF200B00206DE100004024FF1F5C
:10E3200081E10000188E01000020704770B5012ABD
:10E330008AB008BF0A22A1B34FF0210E02E05FFAB3
:10E3400086FE2946B1FBF2F502FB15145FFA84FC48
:10E35000092C0CF1300498BF5FFA84FC0EF12804FC
:10E3600088BF0CF1370C6C4488BF5FFA8CFC91427B
:10E370000EF1FF3604F824CCE1D24BB10EF1FF3E92
:10E380005FFA8EFE0EF128036B442D2203F8242C35
:10E39000036801A95B68CEF12202714498470AB074
:10E3A00070BD30228DF825204FF0210EE5E700BF2B
:10E3B0000029BABF49422D2300230A22FFF7B6BF26
:10E3C00000B5036883B040F60D22ADF804205B6809
:10E3D000022201A9984703B05DF804FBFFFFFFFF8D
:10E3E0002DE9F04F55EC104B87B006460F4610EE66
:10E3F000102A10EE100A2B46294604F075FC00285E
:10E4000040F0AA8025F000495F4B4FF0FF322046D4
:10E41000494604F069FC48B95B4B204649464FF039
:10E42000FF3204F043FC002800F08D80574B4FF082
:10E4300060422046294604F04DFC00287AD1544B16
:10E440004FF060422046294604F026FC002871D196
:10E45000002200232046294604F01EFC002875D126
:10E460008246002F7BD00FF21819D9E9008949495B
:10E470004FF0000B00204B460BF1010B424604F01D
:10E4800099F95FFA8BF3BB42F5D302460B4620465F
:10E49000294603F0D9FF0F2F28BF0F270D4604464A
:10E4A000019704F037FC074604F00AF902460B46D0
:10E4B0002046294603F0C6FF53460A2204460D466D
:10E4C00030463946FFF732FF019FDFF8D8902E2300
:10E4D0008DF808300DF109027B1E824652FA83FB4B
:10E4E00002AF4FF0000842464B462046294604F052
:10E4F00061F90D46044604F00DFCC0B200F1300392
:10E5000007F8013F04F0ECF802460B462046294686
:10E5100003F098FFBB4504460D46E4D1019A3368E9
:10E5200001325B68D2B202A930469847504607B024
:10E53000BDE8F08F336818495B680322304607B0A6
:10E54000BDE8F04F184733681449F5E705F100437B
:10E550001D464FF0010A84E733681149ECE70D4B83
:10E5600000222046294603F06FFF04F0D3FB5346F8
:10E5700001460A22304607B0BDE8F04FFFF7D6BE8D
:10E58000000000A09999B93FFFFFEF7FFFFFEF4127
:10E59000FFFFEFC10000E03F408E01003C8E010014
:10E5A000388E01000000244008B5FEF7E7FDF6F7BD
:10E5B000B3FE01F073F9FAE701B441EA000313F086
:10E5C00003036FD1403A41D351F8043B40F8043B78
:10E5D00051F8043B40F8043B51F8043B40F8043B3D
:10E5E00051F8043B40F8043B51F8043B40F8043B2D
:10E5F00051F8043B40F8043B51F8043B40F8043B1D
:10E6000051F8043B40F8043B51F8043B40F8043B0C
:10E6100051F8043B40F8043B51F8043B40F8043BFC
:10E6200051F8043B40F8043B51F8043B40F8043BEC
:10E6300051F8043B40F8043B51F8043B40F8043BDC
:10E6400051F8043B40F8043B403ABDD2303211D37C
:10E6500051F8043B40F8043B51F8043B40F8043BBC
:10E6600051F8043B40F8043B51F8043B40F8043BAC
:10E67000103AEDD20C3205D351F8043B40F8043B7C
:10E68000043AF9D204320AD0D2071CBF11F8013B78
:10E6900000F8013B03D30B7803704B78437001BC47
:10E6A000704700BF0C2A4AD310F0030311D0C3F106
:10E6B0000403D21ADB071CBF11F8013B00F8013B31
:10E6C00007D311F8013B00F8013B11F8013B00F8BA
:10E6D000013B11F003033FF475AF30B4043AC91A9B
:10E6E000C3F1040C51F8044B022B19D0032B0BD0AF
:10E6F000240A51F8043B1D0644EA050440F8044B83
:10E700001C46043AF4D216E0240E51F8043B1D02D4
:10E7100044EA050440F8044B1C46043AF4D20AE0EB
:10E72000240C51F8043B1D0444EA050440F8044B52
:10E730001C46043AF4D20432B1EB0C0130BC043A6A
:10E74000A0D3013A11F8013B00F8013BF9D20B7854
:10E7500003704B7843708B78837001BC704700BFA7
:10E7600008B50F4C636B58030DD4636B59050FD478
:10E77000636B1A0511D4636BDB04F3D500F012F858
:10E78000636B5803F1D500F089FA636B5905EFD537
:10E7900000F008F8636B1A05EDD500F003F8EAE71E
:10E7A0000080044008B5FFF7DBFF00BF014B1022DB
:10E7B0001A80704700200540704700BF0B490A6867
:10E7C00048B108B5EC461318ACF50050834204D2AA
:10E7D0000B60104608BD1046704704F0E9FD0C239D
:10E7E0004FF0FF320360104608BD00BF4424FF1FF6
:10E7F000FEE700BF074BDA78802A01D0002070477F
:10E8000005490648486400225A70DA78802AFCD00C
:10E810000120704700E007400080044000002822EB
:10E82000074BDA78012A01D00020704760225A7025
:10E83000DA78802AFCD1034B034A5A6401207047DE
:10E8400000E00740008004400000060204F082BAA5
:10E8500001F1FF3C70B56546002401E070460134CB
:10E86000B0FBF2FE02FB1E03092B03F130068ABF48
:10E870003733F3B2DBB2904205F8013FEED2631CAE
:10E880000022CA54C8187CB162461CF8015F10F817
:10E8900001ED8CF800E0A1EB0C030232013B521AAF
:10E8A00023449A420570EFDB084670BD034B0022FB
:10E8B00010215A615A6018605961704700D00340B6
:10E8C000704700BF4FF0E02C2DE9F0414FF0006899
:10E8D000CCF804814FF08058CCF804814FF00058F8
:10E8E000CCF804812F4A3049304C314D314E4FF035
:10E8F0008048CCF80481282300204EF6FF7E0927AB
:10E900004FF00048CCF804814860C1F808E0CB60C3
:10E910004B61CB614B62CB624B63CB634B64D36087
:10E920005361D3615362D3625363D36353640F6003
:10E930006860C5F808E0EB606B612F606060C4F848
:10E9400008E0E360636127605060C2F808E0D360CC
:10E9500053611760F16A41F40071F162716802F568
:10E96000803241F00071716047F6FF7408215060F9
:10E9700082B09460D3605361116001F033F8FFF707
:10E980009FFF0D4C23680093009B132BFAD900F0D6
:10E9900041FD23680193019BB3F5967FF9D302B043
:10E9A000BDE8F08100900B400080034000800B40E8
:10E9B0000090034000800440800B00203F2818D8BE
:10E9C00010B4124B53F8302092F8804234B1012336
:10E9D00081B982F800315DF8044B704703EBC00346
:10E9E0005B681A6859B142F003025DF8044B1A6083
:10E9F0007047704782F880305DF8044B704722F012
:10EA000002025DF8044B1A60704700BF448E01009B
:10EA10003F2820D81B4A02EBC00301295B680FD0B6
:10EA200004291DD052F83000002280F8802299B1CC
:10EA3000022922D003290DD14FF481721A60704748
:10EA400052F830004FF4A27280F880121A601A68EF
:10EA500022F020021A6070474FF480721A607047EB
:10EA600052F830104FF4A272012081F880021A602F
:10EA70001A6842F020021A60704740F203121A60CE
:10EA8000704700BF448E01002DE9F843044672B67A
:10EA9000214F4FF0E02293693D68D2F8042D62B611
:10EAA000520102D5322B88BF01350CB9BDE8F8837D
:10EAB000DFF86890DFF86880A9EB03039B08A8FBE8
:10EAC00003234FF47A7202FB05F505EB93054FF033
:10EAD000E02672B6B1693A68D6F804CD62B6A9EB01
:10EAE00001039B08A8FB03031CF0806FC5EB930395
:10EAF0004FF47A7002D0322988BF013200FB023312
:10EB0000B3F57A7F04D3013CD0D005F57A75E0E700
:10EB100000F0C4FEDDE700BF800B00201FBF020035
:10EB2000176CC116431E042B16D872B60B4951F848
:10EB3000230078B130B40A4CB0F800C034F8132088
:10EB4000456841F82350A2EB0C0224F8132062B66A
:10EB500030BC704762B6704700207047140C00202C
:10EB6000740C0020013804280BD872B6074B53F8F8
:10EB7000203043B100205B680130002BFBD162B62E
:10EB80007047002070471846F9E700BF440C00208A
:10EB900010B472B61A4A1B4C042312F8011B090761
:10EBA00043F0010C05D554F8331069B154F83C100A
:10EBB000C9B10433182BF0D162B6134B00221A707E
:10EBC0005DF8044B00F0B0BC0F4904EBC302083001
:10EBD00050600A780D4844F83300013A0A7062B672
:10EBE0005DF8044B7047084A094904EBCC03083030
:10EBF0005860137844F83C10013B137062B6EFE79D
:10EC0000D09001000000FF1F7E0C00208800400013
:10EC1000C8004000421E042A0ED81C4B400140F0A0
:10EC2000100010B4034472B6194CA05C03281DD820
:10EC3000DFE800F01416031970470520A05413F004
:10EC4000080F088814BFC8228822083142EA00420F
:10EC500059601A6062B65DF8044B70470320EDE717
:10EC600008330220EAE708330420E7E7094B53F8AA
:10EC7000220038B1084B53F82200416043F82210BB
:10EC800062B6E8E743F82210034BF7E70000FF1FE6
:10EC90006C0C0020440C0020580C00202DE9F04F93
:10ECA000DFF810A3DFF810B385B03DE0B14D9E084A
:10ECB00005EBC607013A796813F00803D4B2A1F155
:10ECC000080040F0BA8055F836204FEA124C120C7A
:10ECD00021F808CC00F0A98021F8063C41F8043C5A
:10ECE000A54B53F82420002A00F00382A34B53F8CD
:10ECF0002420506043F82400A14B33F8142094449E
:10ED000023F814C000F0F0FB002800F0EB8117F0AE
:10ED1000080F9C4B00F1080018BF5B46786045F86F
:10ED2000363008238AF880309AF880305907DCB2F0
:10ED30001DD5954B1B78BBB194490A7802F0FF03AF
:10ED40002AB1013BDBB20B70002B00F048839049E5
:10ED50000A7802F0FF032AB1013BDBB20B70002BF3
:10ED600000F0ED8100F008FC04238AF8803014F0F4
:10ED7000080200F0CC819AF89020D3B2120995D104
:10ED8000DFF8F0919B0809EBC30459F8330064687D
:10ED9000C0F3830009287CD00FD80138012808D897
:10EDA0007C4A158842F22100854200F0FB8149F837
:10EDB00033B001238AF89430B3E70D28F9D1D4E9B0
:10EDC0000007754D49F833B0724E744CC9F81020E5
:10EDD00083B240F2816CC9F818202A6063454FF075
:10EDE0000102C6E90007227000F2FF80B3F5D06F80
:10EDF00080F0CB82B3F5817F00F0268240F2DE8086
:10EE000040F2023293427BD107F07F07052F00F2D8
:10EE10000881020C40F00581614911F8273043F068
:10EE2000020301F82730134670E017F0080F554B26
:10EE300018BF5B4645F8363073E700F075FB59495B
:10EE4000594A51F82430002B00F05781586841F896
:10EE50002400115D03F108007860032905D8DFE87C
:10EE600001F0120F1502042111551A8817F0080F2E
:10EE700014BFC823882343EA024345F8363050E7DD
:10EE800002211155F1E703211155EEE70521115536
:10EE9000EBE7414D2A683AB34449404C0F88444857
:10EEA00094F800E00678402F3B4628BF4023BEF18F
:10EEB000000F8EF0010E84F800E046F0020486F0A8
:10EEC0000106067009EBC400426014BFC820882008
:10EED00040EA03401A44FB1A9BB249F834000B8005
:10EEE000002B00F036812A602A4B1A88B2F5A06FF9
:10EEF0007FF45FAF9A788AF8982000225A7058E71A
:10EF0000B3F5A06F40F08D8000221346B6F806C01E
:10EF10002748944528BF944667460278402F28BF6B
:10EF2000402742F0020E3E0409EBCE0846F0C80628
:10EF3000C8F8043049F83E6000263B442670BCEB1C
:10EF4000070782F00106067040F01181BCF13F0F07
:10EF50004FF0010509D946F00206027009EBC6021E
:10EF600025705360882349F8363001238AF894309D
:10EF70001FE700BF0000FF1F140C0020280C00201A
:10EF8000740C002088004000710C0020720C0020DE
:10EF9000A00C00203C0C0020080C0020050C0020D8
:10EFA000C0200740440C00206C0C0020060C002000
:10EFB000040C002000200740C8004000802B00F017
:10EFC0008B81822B2DD107F07F07052F29D8A74AE7
:10EFD00000231380A64B13F827309F0740F1FC81D4
:10EFE00001231370A14B022290E742F2210C6345EA
:10EFF000BBD01DD942F2212293420DD1BFB2002FC6
:10F0000082D19C4B1A689C4B1A609C4BC0F3074002
:10F0100000221870134679E742F2213293423FF4FE
:10F0200073AF0F238AF8C03001238AF89430C0E60A
:10F03000B3F5086F00F04A81B3F5106FF1D1904B32
:10F04000C0F307400425187059F835301A0606D465
:10F050000135182D0CD059F835301A06F8D509EBC2
:10F06000C50301355868083800F05EFA182DF2D152
:10F07000844A854B0292854A0192854E854ADFF883
:10F0800048820394009200251C4656F8047B2FB159
:10F0900038467F6800F048FA002FF9D1009BD8F875
:10F0A000007043F8045B46F8045C00932FB13846C7
:10F0B0007F6800F039FA002FF9D1029B48F8045B11
:10F0C00043F8045B0293019B23F8025B01932378CE
:10F0D000023B032B00F20981DFE813F03F0104013A
:10F0E0003F0104016C4A45F8360013780133137070
:10F0F00017E643F82400674BFCE5115D022926D092
:10F100007FF60FAE03291DD10123135509E6E00751
:10F110006ED4210621D4A20708D5604B93F888202D
:10F120000221D2B283F8882083F88010E30603D549
:10F130005A4B102283F8802005B0BDE8F08F00F014
:10F1400089FB0FE617F0080F14BF032302231355A2
:10F15000E7E53F2F98BF0022C5E6504B80220D21E6
:10F1600083F8C01083F88020A207DFD5D5E746F0EA
:10F1700002060270402F09EBC6003A4628BF402223
:10F1800043601004134440F088000121BA1A49F882
:10F190003600217055D02B60414B1A8001238AF82C
:10F1A000943006E692885AB93E4AE51D14F8011BD0
:10F1B00002F8011FAC42F9D13B4A1268862A3CD0C2
:10F1C0003A4C3B4825780278002D85F001052570E2
:10F1D00042F0020482F00102027009EBC4024FF017
:10F1E0000000506014BFC822882249F83420DEE5B0
:10F1F0002A4B2F482F49304C022583F89450027037
:10F200002E480C602E4D48608C600D24CD60FF2090
:10F210000A618A6183F8C04001219F2483F8880035
:10F2200083F8800083F8982083F88C0083F884406A
:10F2300083F8941005B0BDE8F08F224A0F201070BB
:10F24000BEE73F2FA7D890E607F07F07052F3FF6D0
:10F25000E8AE000C7FF4E5AE054A12F8273023F043
:10F26000020302F82730002213464FE60C0C002060
:10F27000C0200740800B00209C0C0020980C002030
:10F28000710C0020580C00206C0C0020740C002025
:10F29000140C0020280C00207E0C002000200740C9
:10F2A000060C00208F0C0020900C0020050C002084
:10F2B000040C00200000FF1F88004000840B002089
:10F2C000C40B0020720C0020440C0020484B49491C
:10F2D0001B780B700B4619E6464A00231380454BFA
:10F2E000022213E64FF001032370434BB34204F1B3
:10F2F00001047FF4CAAE414E039CDFF81481404FF5
:10F3000000233370042518F8013B3E4AAB541B0719
:10F3100025D445F0020145F0030204350023182DE1
:10F3200049F8313049F83230EDD1374F25783A7805
:10F3300042F0020009EBC00C85F00106CCF8043065
:10F34000002D4DD1882382F0010226703A7049F8D1
:10F35000303001238AF894302BE52570C5E700F0A2
:10F36000C3F8002832D009EBC5030830586049F8CB
:10F37000357000F0B9F808B345F0010309EBC3029A
:10F380000830506049F833B0C3E7204A5368002B77
:10F390003FF447AE000CBFB204E013690C32002BFF
:10F3A0003FF43FAE11888142F7D15188B942F4D180
:10F3B000000A03280CBF1A781289A7E533780133B5
:10F3C000337045F0010349F83300A2E7337849F878
:10F3D000350001333370CCE7064B022296E500BEC0
:10F3E0002670C82382F001063E7049F83030BCE533
:10F3F000710C00200C0C0020280C00207E0C00203A
:10F4000088004000C0200740040C002070900100DC
:10F41000D090010010B500F04BFB0023234A1946A1
:10F4200042F8331002EBC3000133182B4160F7D1CF
:10F430001F48204C436B43F480234363D4F80038C7
:10F4400000F5283000F5807043F04073C4F80038B0
:10F45000032480F84440184BA02480F84040C2F3B5
:10F46000072483F89C40C2F30744120E83F8B0408F
:10F470004FF0FF0C83F8B420012283F880C00F4CBA
:10F4800083F888C083F810C083F8942001704FF08F
:10F49000E02183F884204FF0700C4FF40012102309
:10F4A00084F835C0C1F80421037210BD0000FF1FAD
:10F4B0000080044000D000400020074000E400E04D
:10F4C00000F0C8B800F098B800F072B800F0ACB81E
:10F4D00000F094B900F06EB90846114600F0D6B8B5
:10F4E000084600F059B900BF72B60D490B68B3FA6F
:10F4F00083F01D2810DC4FF00042C24023EA0203D3
:10F500000B6062B6074A00EBC000C10002EBC0000E
:10F51000002353504360704762B60020704700BF1D
:10F520005824FF1FD01BFF1F0E4BC31AB3F5076FE4
:10F5300010D20D4A127872B972B60C4A0C49A2FB6D
:10F54000032308684FF000421B0922FA03F3034328
:10F550000B6062B67047074A1278002AECD0FFF7BA
:10F5600017BB00BFD01BFF1F7E0C0020398EE33875
:10F570005824FF1F710C002070B50B4C257845B93D
:10F580000A4E31680123237009B14B8813B9002357
:10F59000237070BD9B000B800420FFF73BFB002312
:10F5A00035602370F5E700BF7F0C0020800C002041
:10F5B00038B50F4C206878B143880288C1180133F0
:10F5C0009A420D7A02D94380284638BDFFF7ACFF36
:10F5D00000232360284638BD064B1B782BB1022040
:10F5E000FFF7A0FA20600028E6D14FF0FF35EBE7E7
:10F5F000840C0020710C002010B5094C206818B153
:10F6000043881844007A10BD064B1B782BB10220AA
:10F61000FFF788FA20600028F2D14FF0FF3010BDCC
:10F62000840C0020710C0020084B094A1B6810B59F
:10F6300054881BB11A885B88D31A1C440CB120462D
:10F6400010BD00F02BF9204610BD00BF840C002037
:10F65000740C00200B4B1B789BB110B50A4C206832
:10F6600048B1FFF761FF002302202360FFF75AFA39
:10F6700030B1FFF759FF0220FFF754FA0028F8D104
:10F6800010BD7047710C0020840C00202DE9F04F54
:10F69000DFF8F89083B0012289F80020019179B356
:10F6A000374FDFF8EC80019D364EDFF8E8A0834647
:10F6B0003868A8B3B0F802E0CEF1400CAC4528BFE2
:10F6C000AC460EEB0C040022A4B23270A5EB0C0584
:10F6D000448000F10802BCF1000F0AD00EF1FF3E99
:10F6E0007244DC441BF8014B02F8014FDC45F9D1B0
:10F6F00044883F2C0BD805228AF80020002DD7D152
:10F700000198002389F8003003B0BDE8F08F402253
:10F71000028001460320FFF77DFA00223A60EAE703
:10F7200098F800201AB3184C08E0013C18D0327841
:10F73000B2B900F0B3F898F80020C2B10320FFF787
:10F7400011FA0728F1D84FF0010389F80030FFF7CC
:10F75000CBFE38600028ADD1013C89F80000E6D12D
:10F7600001234FF0FF30337003B0BDE8F08F00236A
:10F770004FF0FF3089F8003003B0BDE8F08F00BFD4
:10F780008C0C0020880C002021480100890C0020EE
:10F79000710C0020A00C002000B583B003460121AD
:10F7A0000DF107008DF80730FFF770FF03B05DF82B
:10F7B00004FB00BF38B50E4D0E4C286801232370A2
:10F7C00028B140880023C0F14000237038BD0A4BA7
:10F7D0001B7813B90020207038BD0320FFF7C2F951
:10F7E0000728F7D8FFF780FE28600028E9D1F1E765
:10F7F0008C0C0020890C0020710C0020F8B5114BF6
:10F800001B788BB1104E114D346801272F7064B1F5
:10F810000F4B00271F706388238021460320FFF7CA
:10F82000F9F9376000232B70F8BDFFF75DFE084B38
:10F83000014620B103201C70FFF7ECF9F2E71F70BE
:10F84000F0E700BF710C00208C0C0020890C002018
:10F85000A00C002038B50E4B1B7853B90D4C216815
:10F8600041B103F0FF054B880B800320FFF7D2F96D
:10F87000256038BDFFF738FE014620B1BDE83840AD
:10F880000320FFF7C7B9044B01221A7038BD00BF2F
:10F89000890C00208C0C0020A00C00202DE9F843DE
:10F8A000324E337863B1324F3A784AB90122D907E0
:10F8B0003A7043D49A0726D400225B073A7001D4E9
:10F8C000BDE8F8832B4B1A68002AF9D0EFF30582C4
:10F8D000002AF5D1EFF3108572B6186800283AD0E7
:10F8E000254C2178002936D142691A600123237002
:10F8F000002A37D0916105B962B600258368457743
:10F9000098472570DCE7DFF87C8098F80020002A13
:10F91000D2D00025DFF870902B4659F82340236899
:10F9200020461B690135984708B12369984798F824
:10F930000020EBB29A42F0D83378BDE7FFF774FEAF
:10F9400068B90E4B1B780BB93378B3E7337803F003
:10F95000FE033370AEE7002DB2D162B6B0E700F01F
:10F96000A5F8EEE7064B1A60C5E700BF5C24FF1F51
:10F97000A10C0020A40C0020B00C00206C90010011
:10F98000B40C0020D00C0020B80C002070B5EFF3B0
:10F99000108272B60C4C206880B10C4E0025436971
:10F9A000236073B19D6102B962B683684577984759
:10F9B000EFF3108272B620680028F0D102B962B667
:10F9C00070BD3360EFE700BFAC0C0020A80C002036
:10F9D000FFF7DCBF024A136801331360704700BFB2
:10F9E000800B00202A4B2B4A6020E12118705970AF
:10F9F00013782948082B34D00A2B20D00C2B274B06
:10FA00000CBF35215D2112228160C2609960DA60ED
:10FA1000234B21491B78214ACBB101230B6213628E
:10FA2000204B1D491B781D4A012B13D9042B1BD8D1
:10FA300084234B6253621C4B01221A707047174B90
:10FA4000392113228160C2609960DA60E0E70B62BD
:10FA50001362E5E780234B625362134B01221A7055
:10FA600070470E4B2121ECE7082B06D885234B620B
:10FA700053620D4B01221A707047102B94BF8623DE
:10FA800087234B625362084B01221A70704700BFF4
:10FA9000004007405D24FF1F00B0034000B00B4052
:10FAA000D10C00205E24FF1FD20C0020704700BF45
:10FAB00010B584B072B6FEF79DFE174A1749516023
:10FAC000702080231070137013781B06FCD5D46847
:10FAD000FEF7A6FE62B6124B9C423CBF04EB8404C8
:10FAE000640020460F4C01A90A22FEF7B1FE01A9CD
:10FAF0002046002311F8012B01333AB10A2B20F8DC
:10FB0000022FF7D11623237004B010BD5B00DBB2C7
:10FB1000237004B010BD00BF000002400000074188
:10FB2000809698005025FF1F03460846194603F0AB
:10FB300027BC00BF90F8A12090F8A000101A7047D1
:10FB400090F8A03090F8A1209A4205D95A1C03449D
:10FB500080F8A020187E70474FF0FF30704700BF3C
:10FB600090F8A03090F8A1209A4286BFC018007E7D
:10FB70004FF0FF30704700BF704700BFB0F82E3124
:10FB80002BB190F82D31882B03D90123436000203D
:10FB90007047C218013380F82D31012082F8A3107C
:10FBA000704700BF38B5B0F82E41A4B190F82D31A0
:10FBB000C3F18904A24284BF01224260054698BF76
:10FBC0001446A33018442246FEF7F6FC95F82D3172
:10FBD000234485F82D31204638BD00BF42690023FB
:10FBE000A0F8A030C0F82C3110B4D2E900140A6893
:10FBF000C0F8343122430469C0F838310A60A37078
:10FC0000426990F831311849134493F808C05B7B7E
:10FC100001EBCC0C1B02DCF8044003F4E06343F07E
:10FC20006403236090F8323113449C7CDB7D01EB4C
:10FC3000C4011B024C68116803F4E06343F06403E1
:10FC4000236009685368194205D003692C225A7051
:10FC5000036904229A71036920225A710369802280
:10FC60009A705DF8044B7047448E010038B5036903
:10FC7000DA78D5B2D206044622D51022DA706B06A5
:10FC80001DD515F0040567D04249D4F8342100236E
:10FC90000B7084F82D31002A72D0904794F82D31E2
:10FCA000002B6DD02369D0229A70236994F8A32089
:10FCB0001A712369012284F82C210222DA7038BDDE
:10FCC00015F0400CDDD19A7902F060016029D2B2C2
:10FCD00031D09A7812F0100216D015F0010548D1F3
:10FCE00094F82C2194F82D11914250D9511C2244A2
:10FCF00084F82C1192F8A3201A712369D0229A70EB
:10FD000023690222DA70DAE784F830219A7942F026
:10FD100020029A71236994F8A1101A798729D2B226
:10FD2000CBD81C4800780028C7D0481C214484F850
:10FD3000A1000A76C1E702F0DF029A71D0F83831EB
:10FD400023B190F8A10084F8A0C0984723699A785D
:10FD500012F01002D8D0C0E7236984F8A150C02265
:10FD60009A700C4A23690121117002221879DA7005
:10FD7000A5E7C0229A7023691A790222DA709EE7F9
:10FD80000122002384F82D2184F8A3308AE71D7115
:10FD9000B3E700BFD30C00202DE9F047374C0269D0
:10FDA000236882B00093DDF80080D378990618D5D7
:10FDB000334E0546002102E0D3789B0611D5236817
:10FDC0000193019BA3EB08030F2BF5D969B1102B0D
:10FDD000F2D0002090702B6980229A7002B0BDE8AA
:10FDE000F087012002B0BDE8F08795F831216B69FA
:10FDF00013440521187AFEF70BFE6B6995F8312143
:10FE00001344012193F812A05046FEF701FE092782
:10FE10004FF4967900215046FEF7D0FD4B46013B4A
:10FE2000FDD101215046FEF7C9FD4B46013BFDD1F6
:10FE3000013FEFD1696995F831310B444FF41672E7
:10FE4000187A5B7B06EBC0001B02406803F4E0639A
:10FE500043F06403036095F832310B44997CDB7DF9
:10FE600006EBC1011B02496803F4E06343F064033D
:10FE70000B60013AFDD101212A699DE7800B00202A
:10FE8000448E0100F0B503691222DA70026993789A
:10FE900013F0200685B004460D4652D0B42393706B
:10FEA000324920690B680093009E05E00A680192C0
:10FEB000019A921B042A3DD8C37813F02003F5D091
:10FEC00094F82D316BB34FF0000CE646022604EB9C
:10FED0000E0393F8A33003710B680293029F20690D
:10FEE00007E092060AD50A680392039AD21B052AF4
:10FEF00020D8C378DAB213F00203F2D0C6702369B7
:10FF0000DA78D7B2D206184626D4BA0624D5FA072C
:10FF100026D494F82D310CF1010C5FFA8CFE734558
:10FF2000D5D8002015B1236980229A70002384F867
:10FF30002E3104E08370236980229A70042005B07A
:10FF4000F0BDFFF729FF28B1236984F82F61B022A3
:10FF50009A70A5E70420F2E780229A700420E1E776
:10FF6000BEF1000F0CBF02200320DDE7800B002054
:10FF70002DE9F0479046994600220369A0F8A02099
:10FF80001222DA7003699C7814F0200588B00746C5
:10FF90008A4600F0A280B4229A70724E3B693268A1
:10FFA0000092009A08E030680190019CA4EB020CDA
:10FFB000BCF1040F00F28980DC7814F02005F2D047
:10FFC0004FEA4A0242F00102D2B21A713368029338
:10FFD00002983A6906E0336803930399091A0529E0
:10FFE00000F28580D47814F00205F4D04FF0020CB2
:10FFF00082F803C03B69DC7814F011057FD1B8F1B9
:020000021000EC
:10000000000F00F08780B8F1010F00F09080A0226F
:100010009A7039690B794FF0A80E336804930498ED
:1000200005E032680592059A121A052A6BD8CB783A
:1000300013F00203F5D081F803C03969CB78DCB244
:10004000DB0608460A4644D4A40642D508F1FF3828
:100050005FFA88F8B8F1010F04D181F802E039693C
:1000600008460A46872D5CD90379B8F1010FD4D12F
:1000700033680693069805E0316807910799091AD5
:10008000052959D8D37813F00203F5D00223D37091
:100090003A69D378D806D9B258D48B0619D5B0238B
:1000A000872D93704FD83A697C19127922766B1C90
:1000B000DDB200BF00BF00BFB9F1000F02D03B6945
:1000C00080229A7087F8A15003E09D703B698022DE
:1000D0009A70284608B0BDE8F087FFF75DFE00285B
:1000E000F7D03B6987F82F51B0229A7055E7957089
:1000F0003B69802228469A7008B0BDE8F0878022CC
:100100009A700025E5E78B703B6980229A7087F82A
:10011000A150DEE7B9F1000F14BF8022A0229A702F
:10012000D7E77B19007918766C1CE5B29DE7A82209
:100130009A703A6913799BE793703B6980229A70B1
:1001400087F8A150C5E73B691B79B2E710214FF44E
:100150009673D170013BFDD13A69937803F0F703B0
:100160009370B6E7800B00200148FFF77FBD00BF0A
:100170006825FF1F0148FFF779BD00BFA426FF1FB8
:100180000148FFF773BD00BFE027FF1F0148FFF7DD
:100190006DBD00BF1C29FF1F00F09ABB08B52DEDF7
:1001A000028BB0EE408A00F03BFCF0EE408AB0EEED
:1001B000480A00F0AFF868B1DFED127AB4EEE78AD2
:1001C000F1EE10FA0BDCDFED107AB4EEE78AF1EE17
:1001D00010FA0FD4B0EE680ABDEC028B08BDDFED5B
:1001E0000B8A03F0E5F8B0EE680ABDEC028B22231F
:1001F000036008BD03F0DCF82223DFED058A03600D
:10020000E8E700BF1772B142B5F1CFC20000807FAE
:100210000000000008B52DED048BB0EE608AB0EE52
:10022000409A00F0F5FCB4EE488AF1EE10FAF0EED8
:10023000408A0BD6B5EE409AF1EE10FA17D1B5EE22
:10024000408AF1EE10FA06D1F7EE008AB0EE680AA5
:10025000BDEC048B08BDB0EE480A00F05BF8002846
:10026000F4D0B5EEC08AF1EE10FAEFD525E000F03B
:1002700051F888B1F5EE408AF1EE10FAE6D1B0EE11
:10028000490A00F047F80028E0D0B0EE480A00F034
:1002900041F80028DAD010E0B0EE490A00F03AF850
:1002A0000028E7D0B0EE480A00F034F80028E1D08A
:1002B000F4EE688AF1EE10FA04D603F079F82223FE
:1002C0000360C3E703F074F821230360BEE700BFB7
:1002D00008B52DED028BB0EE408A00F095FCB4EE2F
:1002E000488AF1EE10FA06D6DFED098AB4EEE88A04
:1002F000F1EE10FA02D4BDEC028B08BD03F058F801
:1003000088EEA80ABDEC028B2123036008BD00BF64
:100310000000000082B08DED010A019820F000403D
:10032000B0F1FF4FACBF0020012002B0704700BF0A
:1003300010EE103A184A23F0004393421BDDB3F14C
:10034000FF4F02DB30EE400A704700B583B06846CD
:1003500000F0A0FF00F003000128DDED010A9DED93
:10036000000A0CD0022812D070B1012000F088F9E8
:1003700003B05DF804FBDFED090A00F0FFB800F000
:100380007FF9B1EE400AF3E700F0F8F8F0E700F08B
:10039000F5F8B1EE400AEBE7D80F493F0000000046
:1003A00010EE103A194A23F0004393421CDDB3F1DA
:1003B000FF4F02DB30EE400A704700B583B068465D
:1003C00000F068FF00F003000128DDED010A9DED5B
:1003D000000A0ED0022813D070B100F0CFF8B1EEB1
:1003E000400A03B05DF804FBDFED090A002000F0CD
:1003F00047B900F0C3F8F4E7012000F041F9F0E755
:10040000012000F03DF9B1EE400AEAE7D80F493F7C
:100410000000000010EE103A114A23F0004393420E
:1004200018DDB3F1FF4F02DB30EE400A704700B534
:1004300083B0684600F02EFF400000F00200DDEDC2
:10044000010A9DED000AC0F1010000F061F903B05E
:100450005DF804FBDFED030A012000F059B900BF8D
:10046000DA0F493F0000000030B52DED028B83B05C
:100470008DED010A019C24F00043B3F1FF4F10DB26
:10048000324B002C93ED007AD3ED007A39DBF0EE9D
:10049000406A87EE260A30EE270A03B0BDEC028BD5
:1004A00030BD2B4A93420FDD284A2A4B92ED000AB9
:1004B000D3ED007A30EE670A002CB8BFB1EE400AE7
:1004C00003B0BDEC028B30BDB3F1105F23DBB3F1A1
:1004D0007E5F214D29DB01F079FBD5ED007A20EE1E
:1004E000270A01F063F9194BD3ED007AD5ED006AC4
:1004F00095ED007A37EE000A86EE807A37EEC70A6D
:10050000DAE7DDED016A87EE260A30EE670A03B00E
:10051000BDEC028B30BD0D4BDDED017A93ED000A91
:1005200030EE270A20EE270AB7E795ED008A01F0A2
:100530004DFB28EE400A01F039F995ED007A37EECF
:10054000007AF1EE407A87EE870AB5E7582AFF1F56
:10055000FFFFAF415C2AFF1F602AFF1FF0EE400A39
:10056000B0EE000AFFF756BE08B501F07BF8DFEDEC
:10057000027A80EE270A08BD1872313F10EE103A59
:1005800023F00043B3F1485F2CDAFDEEC07A17EE9A
:10059000903A002B60D020EE007ADFED317A9FEDAB
:1005A000315ADFED315A9FED316ADFED316AA7EE46
:1005B000275ADFED307AE7EE055AA7EE256AE7EE17
:1005C000067AE7EE276A67EE266A60EEC00AF6EE64
:1005D000007AE7EE260AB7EE000AD7EE270A30EED9
:1005E000600A704720EE007ADFED1D7A9FED1D5AFC
:1005F000DFED1D5A9FED1D6ADFED1D6A1E4AA7EE55
:10060000275A9342DFED1B7AE5EE075AA5EE876A7B
:10061000E6EE077AE7EE876A66EE876AD5DD174A67
:10062000934214DC03F17F4307EE903AB7EE006A81
:1006300036EE676A60EEC00AF6EE005AD7EE257A0B
:10064000E7EE260A77EEE07A36EE670A7047B6EEF6
:10065000076AF5EE027AEDE7B7EE000A704700BFD1
:100660004ED747ADF6740F317CF293B4010DD037FD
:10067000ABAA2A3D610BB6BA9999993E0000483F52
:1006800010EE103A23F00043B3F1485F04DAFDEEB8
:10069000C07A17EE903A5BB360EE007A9FED157A60
:1006A000DFED155A9FED156ADFED156AE7EE875A03
:1006B0009FED147AA5EEA76A20EE275AE6EE276A88
:1006C000A6EEA77A30B9DFED106AE7EE876AA6EEEC
:1006D000850A704727EE457AF6EE006AA0EEA67A04
:1006E000DFED0A6AD7EE270AE5EE260A30EE600A49
:1006F000704700BFD3C92E2F342FD7B21BEF383627
:10070000010D50B98988083CABAA2ABEABAA2A3E83
:1007100008B510EE103A23F00042B2F1465FF0EE59
:10072000407A0FDABDEEC07A17EE101AF9B9431C01
:10073000134300F09F80012803D0BFEE007A87EEBC
:10074000270A08BD50498A4211DB9FED507ADFED40
:10075000506A002BBCBFF1EE600AF1EE407A77EEF2
:10076000677A36EEE07ADFED4B0A77EE277A67EEAE
:10077000A76ADFED494ADFED495A9FED495A9FEDDF
:10078000496A414926EEA67A8A42E7EE245AA7EE44
:10079000056ADFED454A9FED455AE5EE874AA6EE2C
:1007A000075ADFED435A9FED436AE4EE875AA5EE00
:1007B000076ADFED414A9FED415AE5EE874AA6EE12
:1007C000075A9FED3F6ADFED3F5AA4EE876AE5EED8
:1007D000075AB0EE467AA5EEA67A27EEA65AB0EEF4
:1007E000606AA7EE056ADFED384AE6EE260AE5EE16
:1007F000240A37EEA00A1FDA0128A2D0BFEE007A41
:10080000C7EE006A314B10EE102A1A4006EE102A8D
:1008100016EE902A76EE677A134000EE103AB7EEA5
:10082000007A70EEE70AF0EE477AE6EE007AE0EE44
:10083000807AA7EEA60A08BD07EE100AB8EEC77ABE
:1008400060EE006A30EE070A9B1786EE806A03F0BE
:100850000203C3F10103F0EE005A36EE606A06EEC1
:10086000903A77EEC67AF8EEE66AA7EEE57A26EEDB
:10087000870A08BD01F0AAF9B7EE007AF0EE407AD7
:1008800087EE270A08BD00BF40A12C3FDA0F493F81
:1008900068212233000000005FAE9BB745F4A33807
:1008A0008453D9377AC09538C8261A3AB93781396E
:1008B00016696B3B48DEBE3AA427B33C1F37113C98
:1008C0008988083ED10D5D3DABAAAA3E00F0FFFF2E
:1008D00010B582B0CDED010A019B23F00042B2F1C8
:1008E000FF4FF0EE407A30DC10EE100A20F00041AD
:1008F000B1F1FF4F29DCB3F17E5F42D09C1704F0C9
:10090000020444EAD07431B37AB3B2F1FF4F40D05D
:10091000B1F1FF4F29D0891AB1F1F45F4FEAE152EA
:1009200034DA002B42DA3C3240DA9FED340A012CF3
:100930004ED0022C43D064B19FED317ADFED317A95
:1009400030EE070A30EE670A03E09DED017A37EEDC
:10095000270A02B010BD022C10D09FED2B7A032C79
:1009600008BFB0EE470A02B010BD9FED280ADFEDC8
:10097000287A0028B8BFB0EE670AEAE79FED210A9F
:10098000E7E702B0BDE8104001F046B89FED1F0A4E
:10099000CDE7B1F1FF4F04F1FF3420D0022C26D86F
:1009A0001C4B03EB840393ED000AD2E79DED017A23
:1009B00087EE870A01F00AF901F02EF8B7E79FEDFC
:1009C000107ADFED107A30EE070A37EEC00AC0E782
:1009D00010EE103A03F1004300EE103AB9E7022C92
:1009E00008D80D4B03EB840393ED000AB1E79FEDAC
:1009F000030AAEE79FED090AABE700BF0000000065
:100A00002EBDBB33DB0F4940DB0F49C0DB0FC93FB5
:100A1000DB0FC9BF889101007C910100DB0F493FCA
:100A200010EE103A23F00042B2F1FF4F56D84FEAD1
:100A3000D37100F095806248834200F38780002BD9
:100A4000C0F287805F4B9A424BD95F4B9A4200F2CB
:100A50009A805E4B5E4A03EB8103D3ED004A02EBC2
:100A60008102C1F1010370EE644AD2ED007A5B1A93
:100A700034EEE70ADFED576A9FED575ADFED575A1C
:100A80009FED576A20EE007AA7EE265ADFED556AF1
:100A9000E5EE075AE5EE876AA6EE876AF0EE406A51
:100AA000E6EE476A002B42D0B0EE007A20EE266ACE
:100AB00037EE667AB7EE000AC6EE076A13F17D0FCD
:100AC00077EEE67A77EEE47A30EE670A4FDB10EEE7
:100AD000102A02EBC35300EE103A704730EE000AC2
:100AE0007047B2F1505F0AD2DFED3F7A70EE277A9D
:100AF000B7EE007AF4EEC77AF1EE10FA5DDC60EE44
:100B0000007A9FED347ADFED345A9FED346ADFEDE1
:100B1000356AE7EE875A9FED327AA7EEA56AE7EECF
:100B2000866AA7EEA67AF0EE406AE7EEC76AF0EEB4
:100B3000007A20EE266A76EEE76AB7EE007AC6EE15
:100B4000267A77EEC07A37EE670A7047002000F009
:100B500083BD264B9A427FF675AF002000F076BD2C
:100B6000DFED237A002918BFB0EE670A704710EE58
:100B7000102A643302EBC353DFED1E7A00EE103A05
:100B800020EE270A70471C4B9FED1C7ADFED1C6A94
:100B900003EB8103D3ED007AE0EE077A9FED197A3B
:100BA000FDEEE77AF0EE404A17EE903AF8EEE77A7B
:100BB000E7EEE64A67EE877A5AE730EE070A7047B3
:100BC0001772B1421872B13E9115853F9C91010098
:100BD000A49101004CBB31330EEADDB555B38A3820
:100BE000ABAA2A3E610B36BBCAF24971B5F1CF42BE
:100BF000000000000000800D949101003BAAB83F66
:100C00008071313FD1F71737B1EEC00A704700BF8E
:100C10002DE9F0412DED028B82B0CDED010A8DED75
:100C2000000ADDE9004535F0004611D184F4800466
:100C3000640014F5000F40F21281DDED007A9DEDA5
:100C4000017A37EE870A02B0BDEC028BBDE8F08175
:100C500024F00047B7F1FF4FEFDCB6F1FF4F00F390
:100C6000F380002CC0F202814FF00008B6F1FF4F74
:100C700000F01781B6F17E5F00F02281B5F1804F60
:100C800000F00A81B5F17C5F9DED000A40F01D8106
:100C9000002C80F2478100F099FFB7F1FF4F00F080
:100CA0002581002F00F01F81B7F17E5F00F01581D4
:100CB000E20F013A58EA020300F03B81B6F19A4F85
:100CC00040F35E819E4B9F4240F34F829D4B9F427B
:100CD00000F35882F7EE007A30EE670A9FED9A6AC9
:100CE000DFED9A5AF5EE007AA0EE676AF6EE006A3A
:100CF000E6EE406A20EE007ADFED957A9FED956A88
:100D000027EE267A67EEC77AE0EE257AF0EE676A7C
:100D1000E0EE066A16EE903A23F47F6323F00F03A9
:100D200007EE103AA0EE467A06EE903A77EEC77AD2
:100D300025F47F6525F00F059DED017A06EE105A2A
:100D400067EE877A37EE466A07EE105AE6EE267AA5
:100D500008F1FF3858EA020826EE877AB7EE008AD3
:100D600077EE876ABFEE006A16EE903A08BFB0EEE3
:100D7000468A002B23F0004240F3C581B2F1864F32
:100D800000F32E8200F01182B2F17C5F00F35382F7
:100D90000022104623F47F6323F00F0306EE103A7F
:100DA000DFED6D6A9FED6D3A9FED6D2ADFED6D3AD7
:100DB0009FED6D4ADFED6D4A9FED6D5A36EE477A35
:100DC000F0EE002A77EEC77A26EE267ADFED696A22
:100DD000A7EEA67AB7EE000AF0EE476AE6EE036ADF
:100DE00066EEA65AF0EE667AE5EE823AE6EE437AD1
:100DF000B0EE446AA3EEA56A77EE677AB0EE647A45
:100E0000A6EE257AB0EE456AA7EE256AB0EE667AC0
:100E1000A6EE657AE6EEA77A66EE875A37EE626A44
:100E200085EE867A77EE677A77EEE67A30EE670AB5
:100E300010EE103A1344B3F5000FC0F2A08100EE9B
:100E4000103A20EE080AFEE6B4F17E5F7FF4F5AEBC
:100E500085F480056D0015F5000F3FF6EEAEB7EE98
:100E6000000A02B0BDEC028BBDE8F081B6F1974FED
:100E70000FDAB6F17E5F09DBF315C3F1960346FA8C
:100E800003F202FA03F3B34200F038814FF0000896
:100E9000F0E64FF00208E9E6DDED007A27EEA70A5A
:100EA000D1E6B7F17E5FDAD02BDD9FED330ADDEDC1
:100EB000017A002DB8BFF0EE407AB0EE670AC2E6C4
:100EC000002D23DB9DED000ABDE600F07FFEB7F1AB
:100ED000FF4F02D0002F7FF4E7AE002DBCBFF7EE2E
:100EE000007A87EE800A002CBFF6ADAEA7F17E57E0
:100EF00057EA080740F0FB8070EE407A87EEA70AB9
:100F0000A1E6002D09DB9FED1C0A9CE69DED007A11
:100F1000F7EE007A87EE870A95E6DDED017AB1EE0D
:100F2000670A90E602B0BDEC028BBDE8F041FFF726
:100F30006BBEDDED007A77EEE77A87EEA70A82E6F0
:100F4000F3FF7F3F0700803FABAAAA3E70A5EC36B7
:100F50003BAAB83F00AAB83F8CBEBF350072313FF4
:100F60004CBB31330EEADDB555B38A38610B36BB65
:100F7000ABAA2A3E1872313F000000000000804BEF
:100F800014F0FF4F40F0EF805FED047A60EE277AB7
:100F90006FF0170317EE907AAC48F915C7F31607F0
:100FA0007F398742194447F07E5340F3D480A848E4
:100FB000874240F3F1809FEDA74A0131B0EE443AF9
:100FC000A3F50003F7EE005A002006EE103A76EE85
:100FD000257AB7EE007A87EE270A5B1043F00053BC
:100FE00003F58023034476EE656A07EE901A66EEF9
:100FF000803AB8EEE77A13EE901A07EE903A964BE5
:10100000DFED960A9FED968A9FED961ADFED962A00
:10101000DFED961A9FED962A77EEE55A194005EE18
:10102000101A36EE656A63EEA35AE5EE676AF0EED3
:10103000607AE5EE887AE5EE466AA7EEA51A66EED6
:10104000806AE1EE252A73EE857AE2EEA51A25EE96
:10105000A58AA1EEA52A67EEA67AF0EE084AB0EEC0
:10106000646AE8EE027AA5EE056ADFED820A9FED7A
:10107000821ADFED822A36EE276A16EE101A194020
:1010800006EE101A76EE644AE5EE454A77EEE47A0B
:1010900067EEA37AE6EE867AF0EE675AE5EE065A38
:1010A00015EE901A194006EE901AE5EE466A05EE26
:1010B000901A77EEE67A67EEA07AE5EE817A77EE1F
:1010C000837AF0EE676AE5EEA26A76EE846A76EEDF
:1010D000876A16EE901A194006EE901A36EEC77A15
:1010E00037EE447AA5EEE27A77EEC77A20E6B8F1D9
:1010F000010F7FF4A8ADB1EE400AA4E502F00102B1
:10110000C2F10208B6E55E498A4200F38C806FD0D6
:10111000B2F17C5F7FF73CAED2154FF400017E3A0E
:1011200041FA02F21344C3F3C751564A7F39C3F35D
:1011300016000A4140F40000C1F117011A400841AD
:10114000404206EE902A37EE667AC20577EE876A4D
:1011500016EE903A1EE69FED3F4AF7EE005AB0EECB
:10116000443A002031E7002316E7002D0CDB002075
:1011700002B0BDEC028BBDE8F04100F067BA00F0B0
:10118000A1FA5EE6002DF2DD002002B0BDEC028B7C
:10119000BDE8F04100F060BA9FED3B4A9FED3B3A5D
:1011A000F7EE085A4FF400100FE79FED396A76EE1C
:1011B000C76A37EE866AB4EEE66AF1EE10FA0FDC23
:1011C00003F500432F4AC3F3C7517F39C3F3160019
:1011D0000A4140F40000C1F117011A400841B0E78C
:1011E000B5EEC08AF1EE10FA4CBF01200020CCE72A
:1011F00076EEC76AF4EEE76AF1EE10FA13DA03F559
:101200000044204AC4F3C7517F39C4F316000A4191
:1012100040F40000C1F11701002B40FA01F002EA8E
:1012200004028DDB8DE7B5EEC08AF1EE10FA4CBFFB
:10123000012000209CE7D2154FF400017E3A41FACC
:1012400002F21344D9150F4ABFE700BF71C41C0056
:10125000D6B35D000000000000F0FFFF55326C3E89
:1012600042F1533E05A38B3EABAAAA3EB76DDB3ECF
:101270009A99193F4F38763FA0C39D360038763F84
:1012800000001643000080FF00C0153FDCCFD135C1
:101290003CAA383370B510EE103A884A23F0004467
:1012A000944286B0054670DD854A944210EE106A7D
:1012B00022DC002BDFED837A834A24F00F04B0EEAA
:1012C000407A40F3E280944270EE677A09BFDFED26
:1012D0007F6A9FED7F7A9FED7F7A77EEE67A012035
:1012E00077EEC76A77EEE67AC5ED006A77EEC77AE1
:1012F000C5ED017A06B070BD774A944254DDB4F171
:10130000FF4F49DAE215863AA4EBC25307EE903A52
:10131000BDEEE77ADFED716AB8EEC77A77EEC77A8D
:101320008DED037A67EEA67ABDEEE77AB8EEC77A5E
:1013300077EEC77A8DED047A67EEA67AF5EE407AFD
:10134000F1EE10FACDED057A40F08E80B5EE407AE0
:10135000F1EE10FA14BF0223012361490191022129
:10136000009103A8294600F03FFC002EC2DA95ED5B
:10137000007AD5ED017AB1EE477AF1EE677A85ED24
:10138000007AC5ED017A4042B4E7002285ED000AFB
:101390004260002006B070BD70EE407A0020C5EDBE
:1013A000017AC5ED007AA5E700F010FC9FED4D7ABB
:1013B0009FED446AF6EE007AE0EE077A9FED447AFC
:1013C000FDEEE77A17EE900AF8EEE76A1F28A6EE20
:1013D000C60A66EE877AB1EE666A1EDC424A411E94
:1013E00024F0FF0352F82120934216D030EE677AA2
:1013F00085ED007A30EE470A002E30EE670A85ED63
:10140000010ABFF677AFB1EE477AB1EE400A85ED3B
:10141000007A85ED010A40426CE730EE677AE2150A
:1014200017EE103AC3F3C753C3EBD453082BDFDDD9
:101430009FED267A9FED275AF0EE405AE6EE075AC6
:1014400070EE657AE6EE077AD6EE857A35EEE77AC3
:1014500017EE103AC3F3C753D21A192A06DCB0EEBE
:10146000650A85ED007AC5E7032376E79FED1F7ACD
:101470009FED1F5AB0EE650AA6EE070A75EEC07A18
:10148000E6EE077AD6EE857AB0E7944270EE277AD8
:1014900009BFDFED0E6A9FED0E7A9FED0E7A77EEB3
:1014A000A67A4FF0FF3077EE876A77EEE67AC5EDE1
:1014B000006A77EE877AC5ED017A1BE7D80F493FBE
:1014C000E3CB1640800FC93FD00FC93F00443537EA
:1014D0004344353708A3852E800F494300008043DD
:1014E0002C92010084F9223FAC91010000A3852ECB
:1014F00032318D2410EE102AC2F3C7537F3B162BD6
:1015000022F0004131DC002B10EE100A18DB1A49E2
:1015100019410A4228D0DFED197A70EE277AF5EEEC
:10152000C07AF1EE10FA1FDD002A04DD4FF400024C
:1015300042FA03F3184420EA010300EE103A704720
:10154000DFED0E7A70EE277AF5EEC07AF1EE10FA42
:101550000ADD002A06DBF7EE007A002918BFB0EE9C
:10156000670A70479FED060A7047B1F1FF4FFBD342
:1015700030EE000A704700BFFFFF7F00CAF24971DA
:101580000000008010EE102AC2F3C7537F3B162BD9
:1015900022F000412ADC002B10EE100A18DB1A4959
:1015A00019410A4221D0DFED197A70EE277AF5EE63
:1015B000C07AF1EE10FA18DD002A04DA4FF40002C6
:1015C00042FA03F3184420EA010300EE103A704790
:1015D000DFED0E7A70EE277AF5EEC07AF1EE10FAB2
:1015E00003DD002A08DB9FED0A0A7047B1F1FF4FC7
:1015F000FBD330EE000A7047FFEE007A002918BFD7
:10160000B0EE670A704700BFFFFF7F00CAF2497162
:101610000000000010B582B08DED010A044601F013
:10162000C7FE9DED010A046002B010BD30B1F1EEBD
:10163000407A27EE800A2220FFF7ECBFF0EE407AD6
:1016400027EE800A2220FFF7E5BF00BF9FED010AC9
:10165000FFF7ECBF000000109FED010AFFF7E6BFA7
:101660000000007008B52DED028BB0EE408A00F04E
:10167000E7FDB4EE488AF1EE10FA0FD6B5EEC08A57
:10168000F1EE10FA0ADCB5EE408AF1EE10FA08D15C
:1016900001F08EFE22239FED090A0360BDEC028B50
:1016A00008BD01F085FEBDEC028B034621221A60C5
:1016B0000348BDE8084000F091BA00BF000080FF79
:1016C000E438010010EE103A33F0004110EE102A19
:1016D00028D0B1F1FF4F22D213F0FF4F23D1DFED1D
:1016E0002C7A2C4A60EE277A904217EE903A34DB3F
:1016F0004CF2503CC3F3C751604517EE902AA1F15C
:10170000190116DDDFED247ADFED246A002BB0EE3F
:10171000677AB8BFF0EE667A27EE870A704730EE38
:10172000000A704770474CF2503C60454FEAD15177
:10173000E8DC0144FE29E5DC002915DC11F1160F77
:1017400019DB193122F0FF4242EAC15207EE902A1A
:101750009FED130A27EE800A7047DFED127A07EE3D
:10176000103A27EE270A704722F0FF4242EAC1539F
:1017700000EE103A7047DFED0B7ADFED0B6A002BBD
:10178000B0EE677AB8BFF0EE667A27EE870A704748
:101790000000004CB03CFFFFCAF24971CAF249F1A7
:1017A000000000336042A20D6042A28D10EE102AAC
:1017B0008A4922F000438B422AD9B3F1FF4F7ED8E9
:1017C00000F0D680002AC0F28A80854A934200F257
:1017D000F1809FED847A20EE077AF6EE007A77EEBC
:1017E000877A9FED816ADFED816AFDEEE77AB8EED8
:1017F000E77A17EE903AF0EE407AE7EE467A27EE77
:10180000267A37EEC70A77EEC07A77EEC77A07E016
:1018100077498B4256D8B3F14C5FC0F082800023E9
:10182000B6EE003A20EE034ADFED726A9FED726A6F
:10183000DFED724A9FED725A20EE047AF7EE003A1D
:10184000A7EE266ADFED6F6AE6EE074AB0EE086A99
:10185000E4EE876AF1EE085AA6EE875AF0EE636A64
:10186000E5EE076AA4EE666AE0EE465A36EEC66A10
:10187000C6EE256A66EE876A002B4DD076EEE76AE3
:101880005A1CD6EE807A77EEC77A63D0012B51D0FE
:101890005A1C392A33D8162B71DC4FF080721A414A
:1018A000C2F17E5207EE102A77EEC07A77EE677AA1
:1018B00017EE902A02EBC35300EE103A704730EE59
:1018C000000A704750498B427AD8002ADFED467AE9
:1018D00047DB9FED467A70EE677A012391E7DFEDF3
:1018E0004B7A70EE277AF5EEC07AF1EE10FA64D4F6
:1018F0009FED3C7AFEEE007A20EE077A6FE777EEF6
:10190000C07A73EEE77A17EE902A02EBC35307EE24
:10191000903A37EEE30A704790EE267A30EE470AA7
:101920007047DFED3B7A70EE277A77EEE77A30EE9C
:10193000670A7047BDEE007AB4EEC70AF1EE10FAFE
:101940002FD530EE033AB8EE000A77EEC37A27EED1
:10195000800A704770EE677ABEEE000AA7EE830A2F
:1019600070479FED2C7A70EE277A4FF0FF3348E7EF
:10197000FFEE007A002AB8BFB0EE670A7047C3F1E5
:101980007F02D20507EE102A77EE877A70EE677A2B
:1019900077EEA37A17EE902A02EBC35300EE103ACB
:1019A000704770EE677AB0EE007AE7EE873AB0EEF5
:1019B000630A70470020FFF74FBEBFEE000A704772
:1019C0009FED087AF6EE007AFEEE006A002A20EE1D
:1019D000077AB8BFF0EE667A01E700BF43B89541D9
:1019E0001772B1423BAAB83F8071313FD1F7173728
:1019F0001872B13EBBED57B4547E8636CD70A6B892
:101A0000898808BD010DD03A9115853F6042A20D2D
:101A1000CAF24971D1F717B738B510EE105A25F050
:101A20000044B4F1A14FF0EE407A0DDBB4F1FF4F6A
:101A30005BDCDFED537A9FED537A002DD4BFB0EE1F
:101A4000470AB0EE670A38BD4F4B9C425CDCB4F1EC
:101A5000445F4DDB4FF0FF3327EEA76ADFED4B6AA3
:101A6000DFED4B5ADFED4B4A9FED4B5A9FED4B4A52
:101A700026EE067A5A1CE7EE265ADFED496AA5EEF5
:101A8000875AE7EE246ADFED475ADFED474AE6EE74
:101A9000875AA5EE074A9FED455ADFED456AA5EE48
:101AA000875AE4EE074ADFED435AE4EE876AE5EE33
:101AB000075A66EE866A65EE875A3AD03E4A02EBCE
:101AC000830276EEA56A92ED007A3C4A96EEA77AFA
:101AD00002EB8303002DD3ED006A77EE677A36EED2
:101AE000E70AB0DAB1EE400A38BD30EE000A38BD80
:101AF0009FED337A30EE077AF7EE006AB4EEE67ABD
:101B0000F1EE10FAA6DD38BD00F060F82D4B9C42D6
:101B100016DCA3F5D0039C4227DCF0EE007ABFEE82
:101B2000007AA0EE277A002330EE270AC7EE007A6B
:101B300092E776EEA56AE6EEE77AB0EE670A38BD80
:101B4000214B9C420BDCF7EE087AB7EE007AA0EE50
:101B5000277A022330EE670AC0EE077A7CE7BFEEF1
:101B6000007AC7EE007A032376E7F7EE007A30EECC
:101B7000677A30EE270A0123C7EE007A6CE700BFD0
:101B8000DB0FC93FDB0FC9BFFFFFDF3ED769853CD5
:101B900059DA4B3D21A215BD356B883D6E2EBA3DFD
:101BA0006BF16EBD95879DBD2549123E388EE3BD14
:101BB000ABAAAA3ECDCC4CBE549501004495010081
:101BC000CAF24971FFFF973FFFFF1B4010EE103A2A
:101BD00023F0004300EE103A704700BF9FED010A6A
:101BE000704700BF0000C07F2DE9F04F2DED048B42
:101BF000DBB01C4603930691A04B6899089253F8FA
:101C00002150111D824604F1FF38C0F29882D31E84
:101C100048BF131DDB1002930133DB000793DDE99E
:101C200007239B1A0593029B15EB0801A3EB0803FE
:101C300016D401319FED927A699819441EAA002B9F
:101C4000A4BF50F8234007EE904A03F10103ACBF54
:101C5000F8EEE77AF0EE477A8B42E2EC017AEED1C9
:101C6000002DC0F2DB82039B1EAA02EB830446AE6A
:101C70004FEA830C4046EF180AEB8301B8F1000FDE
:101C8000DFED7F7A09DB22465346F3EC016A32ED41
:101C9000017A8B42E6EE877AF7D10130B842E6EC62
:101CA000017A04F10404E9D10AAF07EB8503043B90
:101CB0009FED759ADFED738A059804930AEB0C0487
:101CC00007EB850946AE00955AAB03EB8503002D63
:101CD00013ED140A4FEA850B16DD06EB85033A4631
:101CE00060EE097AB0EE407AFDEEE77A73ED016AB4
:101CF000F8EEE77AB342A7EEE87A37EEA60ABDEE31
:101D0000C77AA2EC017AEBD10190FFF7DBFCB0EED1
:101D1000408AB4EE000A28EE000AFFF733FCF2EE28
:101D2000007AA0EE678A01980028FDEEC89AF8EEC6
:101D3000E97A38EE678A76DD05F1FF3EC0F10803E7
:101D400057F82E2042FA03FC0CFA03F3D31AC0F121
:101D5000070119EE902A47F82E300B416244002B00
:101D600009EE902A67DCB5EE408AF1EE10FA40F0F9
:101D7000BE80009A05F1FF3B5A450EDC4FEA850C08
:101D800007EB850200219E4652F8043D4A4541EA90
:101D90000301F9D1002940F0F180009B013B57F885
:101DA0002330002B40F0E680049B4FF0010C53F8E9
:101DB000042D0CF1010C002AF9D06B1CAC449E469A
:101DC0000299039A01EB030B0BF1804B69992A44AA
:101DD0000BF1FF3B06EB83051EAB01EB8B0B03EB1B
:101DE0008201DBED017A9FED267AF8EEE77AB8F111
:101DF000000F0BF1040BC1ED007A0A4601F104015A
:101E000009DB534601E072ED017AF3EC016AA3426B
:101E1000A6EEA77AF7D10EF1010EE645A5EC017A00
:101E2000DFDD654650E740F09B806B1E57F823309E
:101E3000DB11002B97DD19EE902A002D02F1010233
:101E400009EE902A40F39181396800297ED1012D55
:101E500026D03A464FF0010C52F8041F002979D0E1
:101E60000CF10102C1F58071954247F82C1016DD86
:101E700057F82210BB4407EB82020AE0909501005C
:101E800000000000000080430000803B0000C93FCC
:101E90001168C1F1FF0142F8041B5A45F8D1012134
:101EA00000280CDD012800F04181022807D105F14E
:101EB000FF3C57F82C2002F03F0247F82C20022B61
:101EC0007FF451AFB7EE000A30EE488A00293FF4A4
:101ED0004AAF09930190FFF7F5FB38EE408A099B62
:101EE0000198B5EE408AF1EE10FA3FF442AF984601
:101EF000DDE90732B0EE480A981A0195009DFFF718
:101F0000E1FB1FED207A019BB4EEC70AF1EE10FA57
:101F1000C0F255815FED247A059A60EE277A083287
:101F2000FDEEE77A0592F8EEE77A03F1010BA7EEF2
:101F3000C70AFDEEE77ABDEEC00A10EE102A47F898
:101F4000232017EE903A47F82B302BE001224FF078
:101F5000000C87E70CF1010CAC457FF47DAF9FE7E7
:101F6000F6EE007AB4EEE78AF1EE10FA80F2EC8039
:101F70000023F8E66B1C9E469C4621E7059B009DCE
:101F8000A3F1080257F82B300592F04653B9ACF193
:101F900004033B4453F8041D0BF1FF3B083A0029AE
:101FA000F8D005920598B7EE000AFFF78BFBBBF15E
:101FB000000FC0F229810BF1010646AA1FED4E7AEF
:101FC0004FEA860C07EB860302EB860273ED017A7B
:101FD000F8EEE77ABB4267EE807A20EE070A62ED00
:101FE000017AF3D1ACF1040346AA002D1FED596A22
:101FF00002EB03044FF0000022DB8F49DFED8F7A04
:10200000B0EE467A2246002303E0984208DBB1ECAA
:10201000017AF2EC016A01339D42E6EE877AF4DA46
:102020005AAB03EB8003584543ED287A4FEA800111
:1020300000F10102A4F1040405D0002D1046DCDA01
:10204000DFED7E7AECE7689A022A1DDC002A00F3B5
:102050008E8010D132ABDFED797A9C443CED017A71
:10206000634577EE877AF9D143460BB1F1EE677A93
:10207000069BC3ED007A19EE903A03F007005BB0BF
:10208000BDEC048BBDE8F08F689A032AF3D1BBF155
:10209000000F00F0CB8032A813ED287A00EB8B0202
:1020A0000BF1804372ED017AF0EE476A37EE277A42
:1020B000904277EEC77A82ED007A77EEA67AC2ED8B
:1020C000017AEFD1BBF1010F40F3B08001F5B4729A
:1020D0000DEB020111ED287A9A0033A900EB83037E
:1020E00073ED017AF0EE476A37EE277A994277EE80
:1020F000C77A83ED007A77EEA67AC3ED017AEFD145
:10210000131DDFED4E7A0344083033ED017A984217
:1021100077EE877AF9D14346002B58D10699329A47
:10212000339B0A604B60C1ED027AA4E705F1FF3CE6
:1021300057F82C2002F07F0247F82C20BFE6082336
:102140000793002302936AE519EE903A002D03F1FC
:10215000010309EE903AC8BF02233FF775AEF7EED0
:10216000007A37EEC88A0223FDE5002198E632ABFB
:10217000DFED327A03EB860636ED017AB34277EE75
:10218000877AF9D143469DED327A93BB069BBBF12A
:10219000000FC3ED007A77EE677A0CDD33AA0123D6
:1021A000B2EC017A01339B4577EE877AF8DA434641
:1021B0000BB1F1EE677A069BC3ED017A5BE7BDEEEA
:1021C000C00A9B4610EE102A47F82320EAE6DDED10
:1021D000326A9DED337A069BF1EE666AB1EE477A7C
:1021E000F1EE677AC3ED006A83ED017AC3ED027AFE
:1021F00041E7069BF1EE676ABBF1000F77EE677A65
:10220000C3ED006ACADCD4E7689B022B0ADC002B12
:102210000FDC7FF430AFDFED097A25E7039B4FEA4F
:10222000830C41E5689B032B7FF425AFDFED037A38
:1022300071E7DFED027AA5E7689501000000000074
:1022400010EE103A33F000422ED0002B33DBB3F106
:10225000FF4F40DAB3F5000F34DB4FF0000C674856
:10226000C3F31601084400F4000282F07E520A43D0
:10227000DB1500EE102A7F3B614A634401F10F0C2D
:10228000F7EE007A0CEA020230EE670A03EBD05355
:1022900022BBB5EE400AF1EE10FA60D1002B40F0FF
:1022A00090809FED580A70479FED577ADFED557A81
:1022B00087EE270A704770EE407A9FED527A87EEDC
:1022C000870A7047DFED517A60EE277A6FF0180CBD
:1022D00017EE903AC3E730EE000A7047F0EE007A4E
:1022E00070EE277A07EE103A80EE274A4848C1F58B
:1022F0005712084402F522720243002A9FED453A24
:10230000DFED454ADFED455ADFED453A9FED455A91
:10231000DFED457ADFED456A24EE046AF8EEC72A60
:1023200026EE067AE7EE034AA7EE235AE4EE875A32
:10233000E5EE076AE5EE877A67EE867AE6EE877A5B
:1023400028DDB6EE007A20EE077A27EE007A3BBB56
:1023500077EE877AA7EEC47A30EE470A70479FED92
:10236000347AF6EE007AE0EE477A20EE007A27EE35
:10237000277A002BF0D007EE903A9FED2E6ADFED22
:102380002E6AF8EEE77AA7EEC67A37EE400A97EEA5
:10239000A60A704713BB70EE677AA7EEC40A7047AF
:1023A000DFED246A9FED246A77EE877A62EEA66AF3
:1023B000E7EE846A37EE667A37EE400A92EE860AD6
:1023C000704707EE903A9FED1B0A9FED1B7AF8EEDF
:1023D000E77A27EE800AA7EE870A70479FED157A05
:1023E000DFED156A70EE677A27EE627AA7EE847ADF
:1023F00037EE400A92EEA60A704700BF20FB4A0063
:10240000F0FF7F0000000000000000CC0000004C46
:10241000305CCFFF9788173E25333A3E2549923EE0
:102420004FD01C3E298E633EABAA2A3FCDCCCC3E7A
:10243000ABAAAA3ED1F717378071313F81F0004136
:1024400002E000BF83F0004330B54FEA41044FEA99
:10245000430594EA050F08BF90EA020F1FBF54EA34
:10246000000C55EA020C7FEA645C7FEA655C00F0D0
:10247000E2804FEA5454D4EB5555B8BF6D420CDDA1
:102480002C4480EA020281EA030382EA000083EA24
:10249000010180EA020281EA0303362D88BF30BDC4
:1024A00011F0004F4FEA01314FF4801C4CEA11311A
:1024B00002D0404261EB410113F0004F4FEA033379
:1024C0004CEA133302D0524263EB430394EA050F04
:1024D00000F0A780A4F10104D5F1200E0DDB02FA73
:1024E0000EFC22FA05F2801841F1000103FA0EF207
:1024F000801843FA05F359410EE0A5F120050EF1CD
:10250000200E012A03FA0EFC28BF4CF0020C43FAFD
:1025100005F3C01851EBE37101F0004507D54FF00A
:10252000000EDCF1000C7EEB00006EEB0101B1F55A
:10253000801F1BD3B1F5001F0CD349085FEA3000A0
:102540004FEA3C0C04F101044FEA445212F5800FAB
:1025500080F09A80BCF1004F08BF5FEA500C50F148
:10256000000041EB045141EA050130BD5FEA4C0C2B
:10257000404141EB0101013C28BFB1F5801FE9D288
:1025800091F0000F04BF01460020B1FA81F308BFAB
:102590002033A3F10B03B3F120020CDA0C3208DD77
:1025A00002F1140CC2F10C0201FA0CF021FA02F152
:1025B0000CE002F11402D8BFC2F1200C01FA02F1C2
:1025C00020FA0CFCDCBF41EA0C019040E41AA2BFE7
:1025D00001EB0451294330BD6FEA04041F3C1CDAAF
:1025E0000C340EDC04F11404C4F1200220FA04F0CF
:1025F00001FA02F340EA030021FA04F345EA030179
:1026000030BDC4F10C04C4F1200220FA02F001FA3A
:1026100004F340EA0300294630BD21FA04F02946BC
:1026200030BD94F0000F83F4801306BF81F4801155
:102630000134013D4EE77FEA645C18BF7FEA655CC8
:1026400029D094EA050F08BF90EA020F05D054EA9A
:10265000000C04BF1946104630BD91EA030F1EBF9F
:102660000021002030BD5FEA545C05D140004941A3
:1026700028BF41F0004130BD14F580043CBF01F596
:10268000801130BD01F0004545F0FE4141F470017C
:102690004FF0000030BD7FEA645C1ABF1946104657
:1026A0007FEA655C1CBF0B46024650EA013406BF58
:1026B00052EA033591EA030F41F4002130BD00BF17
:1026C00090F0000F04BF0021704730B54FF48064D4
:1026D00004F132044FF000054FF0000150E700BF55
:1026E00090F0000F04BF0021704730B54FF48064B4
:1026F00004F1320410F0004548BF40424FF00001A1
:102700003EE700BF42004FEAE2014FEA31014FEAE3
:1027100002701FBF12F07F4393F07F4F81F0605132
:10272000704732F07F4208BF704793F07F4F04BF7D
:1027300041F40021704730B54FF4607401F000455A
:1027400021F000411CE700BF50EA010208BF7047BA
:1027500030B54FF000050AE050EA010208BF7047AB
:1027600030B511F0004502D5404261EB41014FF414
:10277000806404F132045FEA915C3FF4D8AE4FF01C
:1027800003025FEADC0C18BF03325FEADC0C18BFFF
:10279000033202EBDC02C2F1200300FA03FC20FA50
:1027A00002F001FA03FE40EA0E0021FA02F114449D
:1027B000BDE600BF70B54FF0FF0C4CF4E06C1CEAB6
:1027C00011541DBF1CEA135594EA0C0F95EA0C0F27
:1027D00000F0DEF82C4481EA030621EA4C5123EA9A
:1027E0004C5350EA013518BF52EA033541F48011C9
:1027F00043F4801338D0A0FB02CE4FF00005E1FB7C
:1028000002E506F00042E0FB03E54FF00006E1FBC5
:1028100003569CF0000F18BF4EF0010EA4F1FF0408
:10282000B6F5007F64F5407404D25FEA4E0E6D4148
:1028300046EB060642EAC62141EA55514FEAC52059
:1028400040EA5E504FEACE2EB4F1FD0C88BFBCF5D5
:10285000E06F1ED8BEF1004F08BF5FEA500E50F186
:10286000000041EB045170BD06F0004646EA01014C
:1028700040EA020081EA0301B4EB5C04C2BFD4EB7E
:102880000C0541EA045170BD41F480114FF0000E77
:10289000013C00F3AB8014F1360FDEBF002001F0E5
:1028A000004170BDC4F10004203C35DA0C341BDC5F
:1028B00004F11404C4F1200500FA05F320FA04F031
:1028C00001FA05F240EA020001F0004221F0004165
:1028D00010EBD37021FA04F642EB06015EEA430ED8
:1028E00008BF20EAD37070BDC4F10C04C4F1200508
:1028F00000FA04F320FA05F001FA04F240EA0200BB
:1029000001F0004110EBD37041F100015EEA430E8B
:1029100008BF20EAD37070BDC4F1200500FA05F2AB
:102920004EEA020E20FA04F301FA05F243EA02032A
:1029300021FA04F001F0004121FA04F220EA020039
:1029400000EBD3705EEA430E08BF20EAD37070BD7F
:1029500094F0000F0FD101F00046400041EB01015F
:1029600011F4801F08BF013CF7D041EA060195F041
:10297000000F18BF704703F00046520043EB0303FB
:1029800013F4801F08BF013DF7D043EA06037047E8
:1029900094EA0C0F0CEA135518BF95EA0C0F0CD0F3
:1029A00050EA410618BF52EA4306D1D181EA030139
:1029B00001F000414FF0000070BD50EA410606BF33
:1029C0001046194652EA430619D094EA0C0F02D178
:1029D00050EA013613D195EA0C0F05D152EA0336BD
:1029E0001CBF104619460AD181EA030101F00041DB
:1029F00041F0FE4141F470014FF0000070BD41F024
:102A0000FE4141F4780170BD70B54FF0FF0C4CF4FD
:102A1000E06C1CEA11541DBF1CEA135594EA0C0F1C
:102A200095EA0C0F00F0A7F8A4EB050481EA030E69
:102A300052EA03354FEA013100F088804FEA033350
:102A40004FF0805545EA131343EA12634FEA02221E
:102A500045EA111545EA10654FEA00260EF00041DF
:102A60009D4208BF964244F1FD0404F5407402D231
:102A70005B084FEA3202B61A65EB03055B084FEAC2
:102A800032024FF480104FF4002CB6EB020E75EBBF
:102A9000030E22BFB61A754640EA0C005B084FEAE7
:102AA0003202B6EB020E75EB030E22BFB61A754664
:102AB00040EA5C005B084FEA3202B6EB020E75EBAF
:102AC000030E22BFB61A754640EA9C005B084FEA27
:102AD0003202B6EB020E75EB030E22BFB61A754634
:102AE00040EADC0055EA060E18D04FEA051545EA23
:102AF00016754FEA06164FEAC30343EA52734FEACC
:102B0000C2025FEA1C1CC0D111F4801F0BD141EA44
:102B100000014FF000004FF0004CB6E711F4801FA9
:102B200004BF01430020B4F1FD0C88BFBCF5E06F89
:102B30003FF6AFAEB5EB030C04BFB6EB020C5FEA99
:102B4000500C50F1000041EB045170BD0EF0004EEE
:102B50004EEA113114EB5C04C2BFD4EB0C0541EA20
:102B6000045170BD41F480114FF0000E013C90E61D
:102B700045EA060E8DE60CEA135594EA0C0F08BFE1
:102B800095EA0C0F3FF43BAF94EA0C0F0AD150EAE0
:102B900001347FF434AF95EA0C0F7FF425AF104673
:102BA00019462CE795EA0C0F06D152EA03353FF49B
:102BB000FDAE1046194622E750EA410618BF52EA18
:102BC00043067FF4C5AE50EA41047FF40DAF52EAEC
:102BD00043057FF4EBAE12E74FF0FF3C06E000BF89
:102BE0004FF0010C02E000BF4FF0010C4DF804CD96
:102BF0004FEA410C7FEA6C5C4FEA430C18BF7FEA56
:102C00006C5C1BD001B050EA410C0CBF52EA430C83
:102C100091EA030F02BF90EA020F0020704710F103
:102C2000000F91EA030F58BF994208BF90422CBF92
:102C3000D8176FEAE37040F0010070474FEA410C8B
:102C40007FEA6C5C02D150EA013C07D14FEA430CA9
:102C50007FEA6C5CD6D152EA033CD3D05DF8040B1A
:102C6000704700BF8446104662468C46194663464C
:102C700000E000BF01B5FFF7B7FF002848BF10F123
:102C8000000F01BD4DF808EDFFF7F4FF0CBF012068
:102C900000205DF808FB00BF4DF808EDFFF7EAFFE4
:102CA00034BF012000205DF808FB00BF4DF808ED9F
:102CB000FFF7E0FF94BF012000205DF808FB00BF94
:102CC0004DF808EDFFF7CEFF94BF012000205DF81E
:102CD00008FB00BF4DF808EDFFF7C4FF34BF01202B
:102CE00000205DF808FB00BF4FEA410C7FEA6C5CF6
:102CF00002D150EA013C0AD14FEA430C7FEA6C5CF6
:102D000002D152EA033C02D14FF0000070474FF06D
:102D1000010070474A0011D212F5001211D20DD5F0
:102D20006FF47873B3EB62520ED44FEAC12343F0D1
:102D3000004343EA505323FA02F070474FF000007B
:102D4000704750EA013002D14FF0FF3070474FF02A
:102D500000007047024B0146186800F003B800BF3E
:102D6000982FFF1F2DE9F04F01F10B06162E83B0AF
:102D7000044624D8102900F2BA8000F0A3FA1026E5
:102D800018220220B54F3A44A2F1080153688B4241
:102D900000F0BA805A68D96822F003021A449D688C
:102DA000E9608D60516841F001012046516003F1F6
:102DB000080500F08DFA284603B0BDE8F08F36F024
:102DC000070600F19480B14200F2918000F07AFA97
:102DD000B6F5FC7FC0F09A81730A00F08F80042B57
:102DE00000F26F81B30903F1390003F1380CC3001D
:102DF0009A4F3B44A3F108055B689D4206D10CE065
:102E0000002980F22781DB689D4206D05A6822F0B3
:102E10000302911B0F29F3DD60463D69DFF850C2C4
:102E200065457CD06A6822F00302931B0F2B00F3E8
:102E30007B81002BC7E904CC80F26C81B2F5007F66
:102E400080F01A81D308796801334FEA521E0122BB
:102E500002FA0EF20A4357F833E0C5F808E007EB30
:102E6000C3010839E9607A6047F83350CEF80C5056
:102E7000831001219940914257D8114206D120F088
:102E800003004900114200F10400FAD007EBC00929
:102E90004D468646D5F80C80454508D11DE1002BEE
:102EA00080F22481D8F80C80454500F01681D8F8CE
:102EB000042022F00302931B0F2BF0DD2046D8E9FB
:102EC000025408EB060146F00106C8F80460EC6005
:102ED000A56043F00104C7E90411C1E902CC4C60CC
:102EE00048F8023000F0F4F908F1080502E00C237C
:102EF00023600025284603B0BDE8F08F4FF400732F
:102F000040204FF03F0C73E7D3689A4208BF02306D
:102F10007FF440AF3D69DFF858C1654582D17A68DA
:102F20008310012199409142A7D9BD686B6823F0B5
:102F300003094E4503D8A9EB06030F2B7ADCDFF813
:102F400034B1474BDBF800201B680132334405EBFA
:102F5000090A00F0338103F580530F3323F47F68AF
:102F600028F00F084146204600F010FA411C0246A6
:102F700000F0F380824500F2EE803A4B196841443C
:102F80001960084600F04E81DBF800100193013112
:102F90001BBFA2EB0A010918CBF80020196012F040
:102FA000070B00F01781CBF108010A44CBF58051E3
:102FB00090440831A1EB0801C1F30B0A51462046A9
:102FC000009200F0E3F9421CDDE9002300F04F819C
:102FD000801A00EB0A081968BA6048F001005144F1
:102FE000BD425060196000F02981B9F10F0F40F225
:102FF00027816868A9F10C0C2CF0070C00F0010087
:1030000040EA0C0068604FF0050E05EB0C00BCF1C7
:103010000F0FC0E901EE00F2328150681546124BE5
:103020001A688A4238BF1960104B1A688A4238BF42
:10303000196094E0AA1943F0010346F001066E609E
:103040002046BA60536000F043F90835284603B0C3
:10305000BDE8F08FD9681A44A1E600BF642AFF1FBB
:10306000040D0020D40C0020FC0C0020000D0020DA
:103070006C2AFF1F6C2EFF1FB2F5206F4FEA522300
:1030800063D3142B00F2B78003F15C01C9005B33FA
:1030900007EB010E7958AEF1080E8E4500F09180D5
:1030A0004B6823F00303934202D989688E45F7D118
:1030B000D1F80CE07A68C5E9021ECEF80850CD6060
:1030C000D6E6142B59D9542B00F29D80330B03F113
:1030D0006F0003F16E0CC3008AE60EF1010E1EF0C4
:1030E000030F05F108057FF4D5AE51E04244454693
:1030F0005368D8F80C1043F00103536055F8083FAB
:103100002046D9608B6000F0E3F8F3E6F00806F1A2
:10311000080237E62A442046536843F0010353600F
:10312000083500F0D5F8E5E6A919204646F0010675
:1031300043F001046E60C7E90411C1E902CC4C60A0
:10314000AB5000F0C5F80835D4E6930903F1390116
:10315000C90038339CE7BD425FD0BD68686820F085
:1031600003084645A8EB060302D80F2B3FF762AFD2
:10317000204600F0ADF80025BCE603F15C0003F149
:103180005B0CC30034E659F808394B4540F0968093
:1031900010F0030F00F1FF30F5D17B6823EA010343
:1031A0007B60490099423FF6C0AE19B9BDE64900BF
:1031B0000EF1040E1942FAD0704667E603F11008CA
:1031C000D0E69A104FF001087B6808FA02F21A4321
:1031D0007A6070E702EB08014942C1F30B0A5146DD
:1031E0002046009200F0D2F8431CDDE900237FF472
:1031F000EFAEDA46EFE6542B25D8130B03F16F013F
:10320000C9006E3344E7B3F5AA7F25D8F30B03F169
:10321000780003F1770CC300EAE5294B18684044B5
:103220001860B1E6CAF30B0CBCF1000F7FF4ACAE32
:10323000BD68C84448F001006860F0E61546EEE657
:103240000123536094E7B3F5AA7F23D8D30B03F18E
:103250007801C90077331BE740F25452934223D8D8
:10326000B30C03F17D0003F17C0CC300C0E5ABF1AE
:10327000080BD844A8EB02084FF0000AABE605F1B2
:1032800008012046009300F0EDF9BD68009B6868D6
:103290001968C4E640F254518B420BD8930C03F1E9
:1032A0007D01C9007C33F3E64FF47E737F204FF03D
:1032B0007E0C9DE54FF47E717E23E9E67B6870E726
:1032C000D40C0020014800F09DB800BF440E00203F
:1032D000014800F099B800BF440E0020830730B5C4
:1032E00048D0541E002A3FD0CAB2034601E0013C38
:1032F0003AD303F8012B9D07F9D1032C2DD9CDB278
:1033000045EA05250F2C45EA054536D9A4F11002FA
:1033100022F00F0C03F1200EE6444FEA121C03F1D9
:10332000100242E9045542E9025510327245F8D1C3
:103330000CF1010214F00C0F03EB021204F00F0C5D
:1033400013D0ACF1040323F003030433134442F815
:10335000045B9342FBD10CF003042CB1C9B21C44B2
:1033600003F8011B9C42FBD130BD64461346002C80
:10337000F4D1F9E703461446BFE71A46A446E0E74E
:1033800013460A460146022000F0C8B838B5074D7A
:103390000022044608462A60FBF710FA431C00D0BE
:1033A00038BD2B68002BFBD0236038BDDC0F00201C
:1033B000014B1868704700BF982FFF1F70B50D4E66
:1033C0000D4D761BB61006D0002455F8043B013491
:1033D0009847A642F9D1094E094D761B06F0DEF852
:1033E000B61006D0002455F8043B01349847A64295
:1033F000F9D170BDA8950100A8950100BC95010008
:10340000A8950100704700BF704700BFFFFFFFFF96
:10341000FFFFFFFFFFFFFFFFFFFFFFFFFFFFFFFFBC
:10342000FFFFFFFFFFFFFFFFFFFFFFFFFFFFFFFFAC
:10343000FFFFFFFFFFFFFFFFFFFFFFFFFFFFFFFF9C
:1034400090F800F06DE9024520F007016FF0000CE4
:1034500010F0070491F820F040F049804FF000048C
:103460006FF00700D1E9002391F840F000F1080067
:1034700082FA4CF2A4FA8CF283FA4CF3A2FA8CF39F
:103480004BBBD1E9022382FA4CF200F10800A4FA06
:103490008CF283FA4CF3A2FA8CF3E3B9D1E904235A
:1034A00082FA4CF200F10800A4FA8CF283FA4CF391
:1034B000A2FA8CF37BB9D1E9062301F1200182FA4B
:1034C0004CF200F10800A4FA8CF283FA4CF3A2FA51
:1034D0008CF3002BC6D0002A04BF04301A4612BA5F
:1034E000B2FA82F2FDE8024500EBD2007047D1E962
:1034F000002304F00305C4F100004FEAC50514F0F1
:10350000040F91F840F00CFA05F562EA05021CBFC1
:1035100063EA050362464FF00004A9E72DE9F0478E
:10352000DFF87CA00646DAF8000098460F46914680
:10353000FFF768FF184B1C6824B365681F2D24DC57
:103540005EB96B1C0235DAF80000636044F8257040
:10355000FFF75AFF0020BDE8F08704EB8501012347
:10356000C1F88890D4F88821AB401A43022EC4F8E1
:103570008821C1F80881E4D1D4F88C211A43C4F819
:103580008C21DEE7054C1C60D7E7DAF80000FFF776
:103590003BFF4FF0FF30DEE7D80F0020480E002041
:1035A0009C2FFF1F024B13B1024800F005B8704773
:1035B0000000000071380100002301461A46184639
:1035C000FFF7ACBFF8B5244F0C460646FFF77AFE6E
:1035D000BB685D68C4F57E610F3125F003054B19AA
:1035E00023F47F6323F00F03A3F58054B4F5805FC9
:1035F00007DB00213046FFF7C9FEBB682B44984229
:1036000004D03046FFF764FE0020F8BD614230462A
:10361000FFF7BCFE01300DD0104ABB682D1B45F0F2
:1036200001055D60136830461B1B1360FFF750FEF9
:103630000120F8BD00213046FFF7A8FEBA68831AC2
:103640000F2BDEDD43F001035360054B03491B687C
:10365000C01A0860D5E700BF642AFF1FD40C002001
:103660006C2EFF1F002961D0F8B50C460646FFF707
:1036700029FE54F8042C7B4FA4F1080522F0010127
:1036800005EB010CB868DCF80430604523F0030357
:1036900000F08B80D207CCF8043032D454F8082CD8
:1036A000AD1A1144AA6807F1080082426AD00CEBF7
:1036B0000304D4F804E0EC68D4601EF0010FA260AB
:1036C00000F0978041F001036B60CCF80010B1F579
:1036D000007F35D27868CB080122490901338A403E
:1036E000024357F833107A6007EBC302083AC5E982
:1036F000021247F83350CD603046BDE8F840FFF77E
:10370000E7BD0CEB03025268D00710D4194407F14F
:103710000800DCF80830834273D0DCF80C20DA6053
:10372000936041F001036B606950D0E7704741F04E
:103730000103B1F5007F44F8043CCCF80010C9D374
:10374000B1F5206F4FEA512348D28B0903F13900BC
:1037500003F13802C300F818FB580838984259D0D2
:103760005A6822F003028A4202D99B689842F7D134
:10377000D868C5E902308560DD603046BDE8F840B4
:10378000FFF7A6BD0CEB03025268D20763D40B44CB
:10379000DCE90212CA60916043F001026A603046BF
:1037A000EB50BDE8F840FFF793BD0B44D10707D4B9
:1037B00054F8082CAD1A1344D5E90212CA6091607E
:1037C00043F001026A60284ABD6012689A4293D8A9
:1037D000264B30461968FFF7F5FE8DE7142B0AD902
:1037E000542B1FD80B0B03F16F0003F16E02C300C3
:1037F000B1E719448DE703F15C0003F15B02C300FC
:10380000A9E741F00103C7E90455C5E902006B606F
:10381000695071E779689210012404FA02F20A43B0
:103820007A60A6E7B3F5AA7F06D8CB0B03F1780040
:1038300003F17702C3008EE740F25452934206D858
:103840008B0C03F17D0003F17C02C30083E74FF48E
:103850007E737E227FE741F001036B60CCF800109D
:103860004AE700BF642AFF1F702EFF1F040D0020CF
:1038700038B5074D074C2C1BA41005D0013C55F85A
:10388000043D9847002CF9D1BDE8384005F096BEBC
:1038900000000000000000007061746368200000F8
:1038A0002F000000202000002020206370752000E1
:1038B0002500FFFF696E737472756D656E74730019
:1038C0000000000000000000F1E700000000000020
:1038D000000000008DBB0000657069616E6F000024
:1038E00061636964000000006A756E6F7061640056
:1038F00077657374636F6173740000006775697432
:103900006172000062656C6C730000006D61726929
:103910006D626100676C617373000000636C6172BB
:10392000696E65740000000063686F6972000000D2
:10393000383038000000204100008C410000C841B0
:1039400002000810200005020502000800200015F2
:10395000030516000800200001010500000000001A
:10396000003F0605020408000000010103060008EC
:103970000000000101030A0400000000010103002F
:103980000408000000030203020008000000050212
:1039900003080808000000070303000008000000F7
:1039A0000703030000000000000F040302000000F2
:1039B0000000010101000000000000030201FFFF00
:1039C0000000803F39D6BD3F8273E63F07F02240BA
:1039D000D6562840166A79400000704200008C429A
:1039E0000000DC420000F0420000024300002042E0
:1039F0000000A0420000C8420000F0420000F04277
:103A0000000070420000B4420000C8420000F042D2
:103A10000000F042000020420000A0420000C84226
:103A20000000F0420000F042000020420000A042EE
:103A30000000C8420000F0420000F0420000000018
:103A40000000E0C0000010C1000010C10000A0C1D3
:103A500000000000000040C1000010C1000040C193
:103A6000000090C1000000000000F0C1000080C113
:103A70000000B0C10000E0C100000000000030C143
:103A80000000A8C10000A0C1000020C2000000008A
:103A90000000A0C1000000C20000E0C1000010C290
:103AA000000016440000824400A00C450020194587
:103AB00000E02B450000C8430080CA4400001645C2
:103AC00000002F4500C0414500007A4300C0DA44A1
:103AD0000080224500A03E4500C050450000C8437C
:103AE00000803B44000016450080224500403545DB
:103AF0000000AF4300001644000016450030274583
:103B000000603845060000000000803F0000803F54
:103B10004E62304091EDAC4091ED0E411F85554114
:103B2000A01A954100000000000000000000803F46
:103B30003333333F6666E63E9A99993EEC51383E00
:103B4000CDCCCC3D00000000000000000000803F14
:103B50003333333F0000003F3333B33E0000803E39
:103B6000EC51383E0000000000000000080000009A
:103B7000CDCCCC3E0000803F3108CC3F39B408406A
:103B8000AAF11240C1CA294083C03A40E7FB49402C
:103B9000621060400000803FCDCC4C3F6666263FFF
:103BA0000000003FCDCCCC3E0AD7A33E0000803EB3
:103BB000CDCC4C3E0000803F9A99593F3333333F80
:103BC0006666263FCDCC0C3F0000003F6666E63EB1
:103BD000CDCCCC3E060000006666E63F0000803F8C
:103BE000000000409A9919400000404000009040B9
:103BF0005C8FAA4000000000000000000000803F31
:103C00009A99593F9A99193F0000003F9A99993E15
:103C10000000803E00000000000000000000803F27
:103C2000CDCC4C3F3333333FCDCC0C3FCDCCCC3E11
:103C30003333B33E00000000000000000500000028
:103C40006666A63F0000803FE17A1440000088408D
:103C5000F628D4407B14164100000000000000004C
:103C6000000000000000803FCDCC0C3F9A99993EA7
:103C7000EC51383ECDCCCC3D0000000000000000EF
:103C8000000000000000803F0000403F0000003FB7
:103C90003333B33E0000803E00000000000000000F
:103CA00000000000050000008FC2F53D0000803FCD
:103CB000A69B2440A69B9440EE7CDF4068911B416C
:103CC0000000000000000000000000000000803F35
:103CD0009A99193F3333B33ECDCC4C3E8FC2F53D5C
:103CE0000000000000000000000000000000803F15
:103CF0003333B33EEC51383ECDCCCC3D8FC2753D15
:103D000000000000000000000000000000000000B3
:103D10009DFFFFFF040000009DFFFFFF0200000069
:103D20009DFFFFFF9DFFFFFF070000000400000054
:103D30009DFFFFFF02000000000000009DFFFFFF4D
:103D4000040000009DFFFFFF0200000000000000D3
:103D5000050000000300000004000000000204054C
:103D600007090B0002040507090B000203050709F8
:103D70000A0001030507080A0002040607090B00F0
:103D800002040507090A0002030507080A000203E6
:103D90000507080A0001030506080A0002030507D3
:103DA000080B0001040507080A0002030607090AB8
:103DB0000002030507090B0002040607090A0001B7
:103DC000030406080A0002040709000305070A00A5
:103DD000030506070A0002040507090A0B0002048E
:103DE000050708090B00020406080A00010304067F
:103DF00007090A000203050608090B000102030473
:103E000005060708090A0B00020307080001050759
:103E10000A000105060A000203070900010405075C
:103E2000080B0002030607080B0001030507090B36
:103E30000001030507080B00020406090A0001043B
:103E400006080A0B000000003A1C19B32F7219B4BF
:103E50002F0DADB47B2C1AB5BF6071B5C215AEB5D0
:103E60001345EDB5B91B1BB6257044B6949672B6D2
:103E700067C192B6C492AEB62CB6CCB6D420EDB61D
:103E800029E307B74D4C1AB7FEC32DB78D4142B792
:103E900076BB57B75D276EB707BD82B7BED38EB767
:103EA00063519BB71A2FA8B79B65B5B736EDC2B75C
:103EB000D5BDD0B7F8CEDEB7BE17EDB7E18EFBB7F4
:103EC0005F1505B8A8700CB81FD413B86A3A1BB8B0
:103ED000069E22B847F929B85D4631B8537F38B8F5
:103EE000129E3FB8669C46B8FE734DB86D1E54B81E
:103EF00033955AB8B8D160B855CD66B855816CB80D
:103F0000F8E671B877F776B806AC7BB8DAFD7FB81B
:103F100015F381B81AAF83B8A12F85B8557186B84B
:103F2000EC7087B8242B88B8CB9C88B8BEC288B800
:103F3000E89988B84B1F88B8FB4F87B8262986B800
:103F400011A884B81CCA82B8C78C80B85CDB7BB867
:103F50001FD575B89C026FB8DF5F67B844E95EB8DB
:103F6000789B55B87C734BB8AB6E40B8BB8A34B8FD
:103F7000C3C527B83B1E1AB8FF920BB8AF46F8B7B7
:103F8000E99DD7B7E92BB5B7CEF190B730E355B778
:103F9000675C06B7AE5B4DB6D38E0C361210FA36A0
:103FA000B7485A373B6B9D370850CF379664013876
:103FB0000BE61B38A026373812205338A4CB6F38B5
:103FC0000E918638E48D95383CD8A438C36BB4384C
:103FD000ED43C438F15BD438CFAEE4384F37F53811
:103FE00001F80239A3690B39A3ED1339FD801C399F
:103FF000962025393DC92D39AC77363987283F3988
:1040000061D84739BB835039052759399FBE61397B
:10401000E0466A390EBC7239681A7B3912AF8139B1
:10402000B8C185393AC38939ACB18D39208B913902
:10403000A84D953958F7983944869C3985F89F39A9
:10404000384CA3397D7FA6397C90A939637DAC3982
:104050006844AF39CAE3B139D359B439D6A4B639B3
:1040600034C3B8395AB3BA39C373BC39FA02BE394A
:10407000995FBF394C88C039CF7BC139F438C23918
:104080009EBEC239C50BC339791FC339DDF8C239A9
:104090002E97C239BFF9C139FD1FC1396F09C03927
:1040A000B4B5BE398824BD39C155BB395249B93977
:1040B0004AFFB639D477B4393AB3B139E4B1AE393D
:1040C0005574AB3933FBA7394047A4395B59A03944
:1040D00086329C39DFD39739A43E933932748E39B6
:1040E00004768939B5458439F8C97D3961AB7239AF
:1040F0008D336739A0665B39F5484F3923DF423984
:10410000F52D36396E3A2939C4091C3962A10E39A8
:10411000E20601391E80E638BFA5CA38EE8AAE38FD
:10412000443C92384B8D6B38846E3238306EF237A7
:10413000D3048037B989DD35FABB47B7C7E5D4B7B3
:10414000798222B894005AB8EA6788B85569A3B84A
:10415000B8F5BDB837FED7B8F673F1B80E2405B977
:10416000F23511B94BE81CB9CC3328B93C1133B93D
:1041700073793DB9656547B920CE50B9D4AC59B90A
:10418000D4FA61B99BB169B9CECA70B9424077B966
:10419000FE0B7DB9201481B9BE4783B9341E85B9A1
:1041A000FB9486B9B0A987B9105A88B901A488B917
:1041B0008E8588B9E8FC87B96E0887B9A6A685B947
:1041C00044D683B9299681B9CBCA7DB9718677B9AE
:1041D000285E70B9345168B93F5F5FB95E8855B9E0
:1041E0000ACD4AB92A2E3FB90DAD32B9724B25B965
:1041F000810B17B9D2EF07B9D8F6EFB88363CEB801
:104200006B2DABB82F5D86B899F83FB85F54E0B717
:10421000FC2BEBB6B6F56037E6A4103897B56B38D3
:1042200049A9A438AAAED43873ED02399C0E1C39C2
:104230000BB23539A5CE4F39F25A6A3993A6823975
:10424000934D9039421D9E394410AC391B21BA3927
:10425000254AC839A485D639BACDE439701CF3395A
:10426000DBB5003AB2DA073AA2F90E3A840F163AF1
:104270002D191D3A6A13243A05FB2A3AC5CC313A66
:104280006E85383AC7213F3A959E453AA3F84B3A96
:10429000BE2C523ABA37583A73165E3ACEC5633AD4
:1042A000BB42693A348A6E3A4399733A006D783A60
:1042B00095027D3A9FAB803A25B4823A8F99843A31
:1042C0009B5A863A13F6873ACD6A893AAFB78A3A4B
:1042D000ABDB8B3AC3D58C3A07A58D3A99488E3A19
:1042E000ABBF8E3A82098F3A71258F3AE2128F3A2C
:1042F00050D18E3A49608E3A6FBF8D3A7AEE8C3A41
:1043000035ED8B3A81BB8A3A5459893ABAC6873A15
:10431000D603863ADF10843A24EE813A17387F3A82
:1043200021367A3A8AD7743AA81D6F3AF909693A60
:104330002C9E623A1DDC5B3AD2C5543A815D4D3AFF
:104340008AA5453A7BA03D3A0A51353A19BA2C3A2A
:10435000B4DE233A0EC21A3A8367113A96D2073A6C
:10436000DC0DFC39B010E83986B5D3398104BF398A
:104370000206AA39ABC29439AC867E392A22533957
:104380005C6A273959E4F638C0999E382D380C38C4
:10439000386713B7F3B155B871FFC2B89E5B0DB95A
:1043A00080EB38B98D1A64B9F26987B94B819CB931
:1043B000D848B1B922B6C5B9BDBED9B94758EDB9CB
:1043C000393C00BA828A09BAF19112BA884D1BBAF7
:1043D0005AB823BA94CD2BBA748833BA58E43ABA8F
:1043E000B6DC41BA276D48BA61914EBA414554BA1C
:1043F000C78459BA1E4C5EBA989762BAB86366BA57
:104400002AAD69BACF706CBABAAB6EBA2F5B70BA0C
:10441000AE7C71BAEA0D72BAD30C72BA927771BAE5
:10442000914C70BA748A6EBA20306CBABD3C69BACD
:10443000B3AF65BAAD8861BA9BC75CBAB26C57BA04
:104440006C7851BA89EB4ABA10C743BA4F0C3CBAE0
:10445000DBBC33BA8FDA2ABA906721BA486617BA3A
:1044600068D90CBAE8C301BA0C52ECB98718D4B9B0
:10447000D1E2BAB9FEB8A0B9A8A385B9D75753B944
:10448000C8B619B9A7F0BCB87BC606B82C3AE43751
:10449000C736B838E7F21C3928F55E395904913926
:1044A000A609B339027DD5399D50F8392ABB0D3A9A
:1044B000DB6F1F3A063F313A2E21433ABA0E553A86
:1044C000F4FF663A11ED783A1767853AAE4D8E3AA9
:1044D0004E26973AF1EC9F3A919DA83A2334B13A8F
:1044E0009FACB93AFE02C23A3E33CA3A6039D23A78
:1044F0006F11DA3A81B7E13AB327E93A335EF03A1D
:104500003C57F73A1D0FFE3A1941023B7A56053BDC
:10451000F545083BDC0D0B3B8EAC0D3B7720103B8B
:104520001268123BEB81143B9C6C163BD226183B65
:104530004BAF193BD9041B3B5F261C3BD8121D3BDC
:1045400051C91D3BED481E3BE5901E3B8AA01E3B1A
:1045500042771E3B8D141E3B03781D3B52A11C3B32
:1045600046901B3BBF441A3BBBBE183B4FFE163B5D
:10457000AD03153B1FCF123B0C61103BF4B90D3B53
:1045800072DA0A3B3CC3073B2375043B12F1003B44
:104590001F70FA3A7896F23AA257EA3A47B6E13AE9
:1045A00041B5D83A9E57CF3A9FA0C53AB193BB3A8E
:1045B0007434B13AB586A63A6E8E9B3AC54F903A9E
:1045C0000CCF843A7321723ADF325A3AE8DB413A2F
:1045D0006026293A601C103A7F90ED392569BA3976
:1045E00049D88639DAE7253973937638F1AB2BB899
:1045F000AF9913B9B2387CB9864CB2B9B245E6B9B5
:1046000005F80CBAD19926BA3DFC3FBA491359BAFC
:10461000F4D271BAA41785BA2C0E91BA27C79CBAE6
:10462000B53CA8BA0469B3BA5546BEBAFECEC8BAFC
:1046300068FDD2BA1BCCDCBAB735E6BAFE34EFBAA5
:10464000D4C4F7BA3EE0FFBA36C103BB5A5307BB26
:104650004EA40ABBEBB10DBB237A10BBFFFA12BB11
:10466000A83215BB5D1F17BB7FBF18BB89111ABBD2
:1046700017141BBBE4C51BBBCB251CBBCB321CBB1F
:1046800003EC1BBBB4501BBB47601ABB451A19BBDC
:104690005E7E17BB678C15BB594413BB58A610BB75
:1046A000A9B20DBBBB690ABB23CC06BB9EDA02BB19
:1046B0001D2CFDBAFEFEF3BA4430EABA9FC2DFBA3F
:1046C0000CB9D4BAD916C9BA9BDFBCBA3517B0BA7F
:1046D000D4C1A2BAEEE394BA408286BA9D436FBABF
:1046E000C48F50BA0DF430BA147C10BAE267DEB948
:1046F00073509AB9DF9729B9F754DFB76D5EE83880
:10470000303E83390961CD3904310C3A3011323AE7
:104710005341583A6BB17E3A99A8923A1208A63A98
:10472000C56EB93A3CD4CC3AEE2FE03A4079F33A30
:10473000C653033B0FD90C3B2248163BA29C1F3BA0
:1047400033D2283B7DE4313B2ECF3A3BF88D433BBF
:10475000981C4C3BD676543B85985C3B897D643BEA
:10476000D4216C3B6F81733B72987A3B89B1803B5B
:10477000CBEE833B3302873BFFE9893B81A48C3B33
:1047800018308F3B328B913B54B4933B10AA953B2E
:104790000F6B973B0CF6983BD8499A3B59659B3B6E
:1047A0008C479C3B84EF9C3B6B5C9D3B868D9D3B8B
:1047B0002F829D3BDC399D3B1BB49C3B95F09B3B82
:1047C0000FEF9A3B65AF993B9131983BAA75963BA9
:1047D000DE7B943B7C44923BEBCF8F3BB11E8D3B09
:1047E0006E318A3BE008873BDFA5833B6209803B53
:1047F000F068783B9F50703B5ECC673BF5DE5E3BDC
:104800005E8B553BC9D44B3B9BBE413B6A4C373B0F
:10481000FC812C3B4B63213B7EF4153BE8390A3B82
:104820001970FC3A2CE7E33AB0E2CA3A9F6CB13A0D
:104830003A8F973A12AA7A3AB091453A63EB0F3A17
:10484000699BB339663E0D39B4BC9BB853E094B94B
:104850001E8201BA2E9538BAD5906FBA302E93BA0F
:10486000796FAEBAC97FC9BA9D52E4BA6CDBFEBAA1
:10487000D7860CBB746E19BB531E26BB459032BB4A
:1048800028BE3EBBE8A14ABB843556BB0D7361BB55
:10489000AF546CBBAFD476BBB77680BBB84C85BB8E
:1048A000ADE989BBFA4A8EBB196E92BB985096BB94
:1048B0001CF099BB624A9DBB415DA0BBA826A3BB6F
:1048C000A3A4A5BB5BD5A7BB16B7A9BB3948ABBB97
:1048D0004787ACBBE672ADBBDD09AEBB154BAEBBCB
:1048E0009A35AEBB9EC8ADBB7403ADBB99E5ABBBFF
:1048F000AC6EAABB749EA8BBE074A6BB04F2A3BBBB
:104900001F16A1BB95E19DBBF4549ABBF17096BBF9
:104910006A3692BB66A68DBB14C288BBCC8A83BBA9
:1049200017047CBBF65270BBD00564BB912057BB0B
:1049300072A749BBF69E3BBBEB0B2DBB6AF31DBBBD
:10494000D35A0EBB998FFCBA7F80DBBAB494B9BA44
:1049500011D996BAD8B566BA27501EBA213BA9B963
:104960000FB71BB817708439F31D0F3A9AD65C3A0B
:10497000D4A0953A131FBD3A43D5E43A2D59063BCE
:1049800089521A3BF74D2E3BA442423BA627563B89
:1049900005F4693BBE9E7D3B628F883B8335923B2D
:1049A0003BBD9B3B0222A53B555FAE3BB970B73B7D
:1049B000B851C03BE8FDC83BE970D13B6BA6D93B81
:1049C0002C9AE13BFE47E93BC7ABF03B82C1F73B8A
:1049D0004385FE3B9B79023CD483053C7E5F083CCB
:1049E000DF0A0B3C4A840D3C27CA0F3CEDDA113C30
:1049F00029B5133C7C57153C9CC0163C54EF173C22
:104A000087E2183C2E99193C5B121A3C3A4D1A3C2D
:104A10000D491A3C32051A3C2381193C71BC183CE3
:104A2000CDB6173CFF6F163CF0E7143CA31E133CB9
:104A30003814113CECC80E3C1B3D0C3C3C71093C4D
:104A4000E565063CCB1B033C7D27FF3B5B9DF73BAD
:104A50004B9BEF3B9E23E73BE438DE3BE4DDD43B5E
:104A60009F15CB3B4EE3C03B634AB63B864EAB3B08
:104A700095F39F3BA33D943BF630883B0EA4773BD8
:104A8000FF4A5E3B7060443B6FEE293B61FF0E3B8B
:104A9000003CE73AACAAAF3AECC26E3A76DEF9399E
:104AA0008B9D20384F79D3B9C4325EBA1093A9BA1E
:104AB000CD31E4BAD66D0FBB38BB2CBBCEF349BBAE
:104AC000390A67BB83F881BB564D90BBCC7C9EBB3B
:104AD0001980ACBB6E50BABB01E7C7BB0D3DD5BB5F
:104AE000D54BE2BBA70CEFBBE178FBBBF9C403BC21
:104AF000B09C09BC61400FBCE9AC14BC31DF19BCEF
:104B000035D41EBC008923BCB2FA27BC81262CBC3C
:104B1000B80930BCB9A133BC02EC36BC28E639BCBC
:104B2000DF8D3CBCF7E03EBC5EDD40BC258142BC75
:104B300079CA43BCAEB744BC394745BCB47745BC21
:104B4000DF4745BCA0B644BC06C343BC456C42BC71
:104B5000C0B140BCFE923EBCB50F3CBCC52739BCC1
:104B60003ADB35BC4E2A32BC66152EBC169D29BCDC
:104B70001FC224BC72851FBC2CE819BC99EB13BC66
:104B800036910DBCABDA06BCA293FFBB5BC1F0BB98
:104B9000E942E1BB121DD1BBF354C0BB03F0AEBB75
:104BA00014F49CBB4D678ABB54A06EBBFB6A47BB29
:104BB000D53C1FBB9449ECBABF6498BACBD605BAB2
:104BC000BE082039727C583A6DA8C53A8D0D103B4D
:104BD00057B83D3B51C16B3B640A8D3B504FA43BE2
:104BE0002BA5BB3B8601D33BCA59EA3B9BD1003C7A
:104BF00073690C3CEFEE173C7F5C233C8DAC2E3C84
:104C000076D9393C92DD443C36B34F3CB3545A3CE0
:104C10005CBC643C86E46E3C8BC7783CE72F813CEF
:104C2000DCD3853CE24C8A3C3E988E3C3BB3923CC4
:104C3000309B963C804D9A3C9AC79D3CFA06A13C1D
:104C40002D09A43CCFCBA63C8F4CA93C2E89AB3C74
:104C5000817FAD3C752DAF3C0A91B03C5CA8B13C66
:104C60009D71B23C1AEBB23C3E13B33C8DE8B23CB2
:104C7000AB69B23C5C95B13C826AB03C1FE8AE3C8B
:104C80005B0DAD3C7ED9AA3CF54BA83C5264A53CDB
:104C90004B22A23CC1859E3CB88E9A3C5F3D963C1F
:104CA0000C92913C418D8C3CA82F873C187A813C1A
:104CB00025DB763C89166A3C10A95C3CC8954E3CC5
:104CC00019E03F3CC68B303CED9C203C0A18103C60
:104CD000E403FE3BB1BFDA3B9C6EB63B7B1C913BD1
:104CE000BEAB553B2350073B8D085D3A9C06D3B9BC
:104CF000D5F3DABAE3E841BB0EC68BBB4820B7BB9D
:104D0000F1F0E2BB969207BCBBD41DBCD23434BCDC
:104D100074A84ABCE82461BC2A9F77BCF30587BC11
:104D2000C12F92BC0A479DBCB945A8BC9625B3BC0F
:104D300048E0BDBC556FC8BC26CCD2BC06F0DCBC7C
:104D400024D4E6BC9671F0BC58C1F9BC265E01BD06
:104D5000A1AD05BD7ACB09BD03B40DBD886311BDFE
:104D60004BD614BD880818BD75F61ABD419C1DBDF3
:104D700018F61FBD230022BD87B623BD671525BDCC
:104D8000E81826BD2ABD26BD53FE26BD88D826BDFF
:104D9000F14726BDBB4825BD17D723BD3CEF21BD3C
:104DA000668D1FBDDAAD1CBDE54C19BDDE6615BDB7
:104DB00025F810BD26FD0BBD587206BD405400BD40
:104DC000E33EF3BC19A1E4BC84C8D4BCA6AEC3BC0A
:104DD000254DB1BCC99D9DBC819A88BCC67A64BC76
:104DE000590135BC8EBD02BC1D499BBBF25EADBAFC
:104DF00089DA143B6519C63BB0DF233C93B8673CA6
:104E0000F64F973CF34EBC3C1DDDE23C0F7F053D69
:104E1000B15A1A3D1203303DB079463DEDBF5D3DBC
:104E20000CD7753D1B60873D383E943D5286A13DB1
:104E3000D038AF3D0756BD3D3EDECB3DACD1DA3D6F
:104E40007730EA3DB9FAF93D7730EA3DACD1DA3D49
:104E50003EDECB3D0756BD3DD038AF3D5286A13D2D
:104E6000383E943D1B60873D0CD7753DEDBF5D3DE1
:104E7000B079463D1203303DB15A1A3D0F7F053DD2
:104E80001DDDE23CF34EBC3CF64F973C93B8673CCB
:104E9000B0DF233C6519C63B89DA143BF25EADBA3C
:104EA0001D499BBB8EBD02BC590135BCC67A64BC92
:104EB000819A88BCC99D9DBC254DB1BCA6AEC3BC22
:104EC00084C8D4BC19A1E4BCE33EF3BC405400BD8B
:104ED000587206BD26FD0BBD25F810BDDE6615BD5A
:104EE000E54C19BDDAAD1CBD668D1FBD3CEF21BD83
:104EF00017D723BDBB4825BDF14726BD88D826BDA1
:104F000053FE26BD2ABD26BDE81826BD671525BD62
:104F100087B623BD230022BD18F61FBD419C1DBDD1
:104F200075F61ABD880818BD4BD614BD886311BD2F
:104F300003B40DBD7ACB09BDA1AD05BD265E01BD93
:104F400058C1F9BC9671F0BC24D4E6BC06F0DCBCB8
:104F500026CCD2BC556FC8BC48E0BDBC9625B3BCBE
:104F6000B945A8BC0A479DBCC12F92BCF30587BCBC
:104F70002A9F77BCE82461BC74A84ABCD23434BCF4
:104F8000BBD41DBC969207BCF1F0E2BB4820B7BB76
:104F90000EC68BBBE3E841BBD5F3DABA9C06D3B9A6
:104FA0008D085D3A2350073BBEAB553B7B1C913BC4
:104FB0009C6EB63BB1BFDA3BE403FE3B0A18103CE3
:104FC000ED9C203CC68B303C19E03F3CC8954E3CE4
:104FD00010A95C3C89166A3C25DB763C187A813C3A
:104FE000A82F873C418D8C3C0C92913C5F3D963CB8
:104FF000B88E9A3CC1859E3C4B22A23C5264A53C93
:10500000F54BA83C7ED9AA3C5B0DAD3C1FE8AE3CFD
:10501000826AB03C5C95B13CAB69B23C8DE8B23C75
:105020003E13B33C1AEBB23C9D71B23C5CA8B13C60
:105030000A91B03C752DAF3C817FAD3C2E89AB3CD5
:105040008F4CA93CCFCBA63C2D09A43CFA06A13C31
:105050009AC79D3C804D9A3C309B963C3BB3923C1A
:105060003E988E3CE24C8A3CDCD3853CE72F813C69
:105070008BC7783C86E46E3C5CBC643CB3545A3CC1
:1050800036B34F3C92DD443C76D9393C8DAC2E3C56
:105090007F5C233CEFEE173C73690C3C9BD1003CDA
:1050A000CA59EA3B8601D33B2BA5BB3B504FA43BDF
:1050B000640A8D3B51C16B3B57B83D3B8D0D103B96
:1050C0006DA8C53A727C583ABE082039CBD605BACD
:1050D000BF6498BA9449ECBAD53C1FBBFB6A47BB86
:1050E00054A06EBB4D678ABB14F49CBB03F0AEBBEF
:1050F000F354C0BB121DD1BBE942E1BB5BC1F0BBA5
:10510000A293FFBBABDA06BC36910DBC99EB13BC86
:105110002CE819BC72851FBC1FC224BC169D29BC7B
:1051200066152EBC4E2A32BC3ADB35BCC52739BCCD
:10513000B50F3CBCFE923EBCC0B140BC456C42BC0D
:1051400006C343BCA0B644BCDF4745BCB47745BCEE
:10515000394745BCAEB744BC79CA43BC258142BC83
:105160005EDD40BCF7E03EBCDF8D3CBC28E639BCD0
:1051700002EC36BCB9A133BCB80930BC81262CBCCA
:10518000B2FA27BC008923BC35D41EBC31DF19BC60
:10519000E9AC14BC61400FBCB09C09BCF9C403BCB1
:1051A000E178FBBBA70CEFBBD54BE2BB0D3DD5BBFC
:1051B00001E7C7BB6E50BABB1980ACBBCC7C9EBBB1
:1051C000564D90BB83F881BB390A67BBCEF349BB10
:1051D00038BB2CBBD66D0FBBCD31E4BA1093A9BA46
:1051E000C4325EBA4F79D3B98B9D203876DEF93957
:1051F000ECC26E3AACAAAF3A003CE73A61FF0E3B14
:105200006FEE293B7060443BFF4A5E3B0EA4773B48
:10521000F630883BA33D943B95F39F3B864EAB3BDA
:10522000634AB63B4EE3C03B9F15CB3BE4DDD43B2A
:10523000E438DE3B9E23E73B4B9BEF3B5B9DF73B1C
:105240007D27FF3BCB1B033CE565063C3C71093CDD
:105250001B3D0C3CECC80E3C3814113CA31E133C07
:10526000F0E7143CFF6F163CCDB6173C71BC183C00
:105270002381193C32051A3C0D491A3C3A4D1A3C1F
:105280005B121A3C2E99193C87E2183C54EF173CEC
:105290009CC0163C7C57153C29B5133CEDDA113CFB
:1052A00027CA0F3C4A840D3CDF0A0B3C7E5F083C5A
:1052B000D483053C9B79023C4385FE3B82C1F73B8E
:1052C000C7ABF03BFE47E93B2C9AE13B6BA6D93BD1
:1052D000E970D13BE8FDC83BB851C03BB970B73B62
:1052E000555FAE3B0222A53B3BBD9B3B8335923BCA
:1052F000628F883BBE9E7D3B05F4693BA627563BEB
:10530000A442423BF74D2E3B89521A3B2D59063B96
:1053100043D5E43A131FBD3AD4A0953A9AD65C3AE5
:10532000F31D0F3A177084390FB71BB8213BA9B989
:1053300027501EBAD8B566BA11D996BAB494B9BA7C
:105340007F80DBBA998FFCBAD35A0EBB6AF31DBBC0
:10535000EB0B2DBBF69E3BBB72A749BB912057BB05
:10536000D00564BBF65270BB17047CBBCC8A83BBF0
:1053700014C288BB66A68DBB6A3692BBF17096BB21
:10538000F4549ABB95E19DBB1F16A1BB04F2A3BBCD
:10539000E074A6BB749EA8BBAC6EAABB99E5ABBB80
:1053A0007403ADBB9EC8ADBB9A35AEBB154BAEBB4F
:1053B000DD09AEBBE672ADBB4787ACBB3948ABBBC2
:1053C00016B7A9BB5BD5A7BBA3A4A5BBA826A3BB47
:1053D000415DA0BB624A9DBB1CF099BB985096BB37
:1053E000196E92BBFA4A8EBBADE989BBB84C85BB3E
:1053F000B77680BBAFD476BBAF546CBB0D7361BBCB
:10540000843556BBE8A14ABB28BE3EBB459032BBA3
:10541000531E26BB746E19BBD7860CBB6CDBFEBA61
:105420009D52E4BAC97FC9BA796FAEBA302E93BA29
:10543000D5906FBA2E9538BA1E8201BA53E094B94E
:10544000B4BC9BB8663E0D39699BB33963EB0F3A28
:10545000B091453A12AA7A3A3A8F973A9F6CB13A8C
:10546000B0E2CA3A2CE7E33A1970FC3AE8390A3B51
:105470007EF4153B4B63213BFC812C3B6A4C373B54
:105480009BBE413BC9D44B3B5E8B553BF5DE5E3B3F
:105490005ECC673B9F50703BF068783B6209803B75
:1054A000DFA5833BE008873B6E318A3BB11E8D3B15
:1054B000EBCF8F3B7C44923BDE7B943BAA75963BC3
:1054C0009131983B65AF993B0FEF9A3B95F09B3B31
:1054D0001BB49C3BDC399D3B2F829D3B868D9D3BC5
:1054E0006B5C9D3B84EF9C3B8C479C3B59659B3B95
:1054F000D8499A3B0CF6983B0F6B973B10AA953B0B
:1055000054B4933B328B913B18308F3B81A48C3B3E
:10551000FFE9893B3302873BCBEE833B89B1803B7C
:1055200072987A3B6F81733BD4216C3B897D643BDD
:1055300085985C3BD676543B981C4C3BF88D433B9E
:105540002ECF3A3B7DE4313B33D2283BA29C1F3B1C
:105550002248163B0FD90C3BC653033B4079F33A24
:10556000EE2FE03A3CD4CC3AC56EB93A1208A63ACE
:1055700099A8923A6BB17E3A5341583A3011323A77
:1055800004310C3A0961CD39303E83396D5EE8381B
:10559000F754DFB7DF9729B973509AB9E267DEB9DC
:1055A000147C10BA0DF430BAC48F50BA9D436FBA50
:1055B000408286BAEEE394BAD4C1A2BA3517B0BA23
:1055C0009BDFBCBAD916C9BA0CB9D4BA9FC2DFBA2C
:1055D0004430EABAFEFEF3BA1D2CFDBA9EDA02BBD5
:1055E00023CC06BBBB690ABBA9B20DBB58A610BB36
:1055F000594413BB678C15BB5E7E17BB451A19BB9C
:1056000047601ABBB4501BBB03EC1BBBCB321CBBAB
:10561000CB251CBBE4C51BBB17141BBB89111ABBD4
:105620007FBF18BB5D1F17BBA83215BBFFFA12BBAB
:10563000237A10BBEBB10DBB4EA40ABB5A5307BB78
:1056400036C103BB3EE0FFBAD4C4F7BAFE34EFBAAA
:10565000B735E6BA1BCCDCBA68FDD2BAFECEC8BA02
:105660005546BEBA0469B3BAB53CA8BA27C79CBAB6
:105670002C0E91BAA41785BAF4D271BA491359BA4B
:105680003DFC3FBAD19926BA05F80CBAB245E6B945
:10569000864CB2B9B2387CB9AF9913B9F1AB2BB81B
:1056A00073937638DAE7253949D886392569BA39C6
:1056B0007F90ED39601C103A6026293AE8DB413AC8
:1056C000DF325A3A7321723A0CCF843AC54F903A7E
:1056D0006E8E9B3AB586A63A7434B13AB193BB3A12
:1056E0009FA0C53A9E57CF3A41B5D83A47B6E13A5E
:1056F000A257EA3A7896F23A1F70FA3A12F1003B52
:105700002375043B3CC3073B72DA0A3BF4B90D3BFB
:105710000C61103B1FCF123BAD03153B4FFE163BF8
:10572000BBBE183BBF441A3B46901B3B52A11C3BDF
:1057300003781D3B8D141E3B42771E3B8AA01E3B07
:10574000E5901E3BED481E3B51C91D3BD8121D3B49
:105750005F261C3BD9041B3B4BAF193BD226183BA1
:105760009C6C163BEB81143B1268123B7720103B7C
:105770008EAC0D3BDC0D0B3BF545083B7A56053BEB
:105780001941023B1D0FFE3A3C57F73A335EF03A9F
:10579000B327E93A81B7E13A6F11DA3A6039D23A80
:1057A0003E33CA3AFE02C23A9FACB93A2334B13A08
:1057B000919DA83AF1EC9F3A4E26973AAE4D8E3A1B
:1057C0001767853A11ED783AF4FF663ABA0E553A02
:1057D0002E21433A063F313ADB6F1F3A2ABB0D3A7E
:1057E0009D50F839027DD539A609B339590491394C
:1057F00028F55E39E7F21C39C736B8382C3AE43759
:105800007BC606B8A7F0BCB8C8B619B9D75753B904
:10581000A8A385B9FEB8A0B9D1E2BAB98718D4B99E
:105820000C52ECB9E8C301BA68D90CBA486617BA89
:10583000906721BA8FDA2ABADBBC33BA4F0C3CBA74
:1058400010C743BA89EB4ABA6C7851BAB26C57BAEE
:105850009BC75CBAAD8861BAB3AF65BABD3C69BAE3
:1058600020306CBA748A6EBA914C70BA927771BA61
:10587000D30C72BAEA0D72BAAE7C71BA2F5B70BAF1
:10588000BAAB6EBACF706CBA2AAD69BAB86366BAF1
:10589000989762BA1E4C5EBAC78459BA414554BA49
:1058A00061914EBA276D48BAB6DC41BA58E43ABAAB
:1058B000748833BA94CD2BBA5AB823BA884D1BBA20
:1058C000F19112BA828A09BA393C00BA4758EDB947
:1058D000BDBED9B922B6C5B9D848B1B94B819CB9BA
:1058E000F26987B98D1A64B980EB38B99E5B0DB93E
:1058F00071FFC2B8F3B155B8386713B72D380C38FB
:10590000C0999E3859E4F6385C6A27392A225339FF
:10591000AC867E39ABC294390206AA398104BF39FC
:1059200086B5D339B010E839DC0DFC3996D2073A88
:105930008367113A0EC21A3AB4DE233A19BA2C3AE6
:105940000A51353A7BA03D3A8AA5453A815D4D3AE8
:10595000D2C5543A1DDC5B3A2C9E623AF909693A89
:10596000A81D6F3A8AD7743A21367A3A17387F3AA7
:1059700024EE813ADF10843AD603863ABAC6873AD3
:105980005459893A81BB8A3A35ED8B3A7AEE8C3A92
:105990006FBF8D3A49608E3A50D18E3AE2128F3AFB
:1059A00071258F3A82098F3AABBF8E3A99488E3A69
:1059B00007A58D3AC3D58C3AABDB8B3AAFB78A3AA1
:1059C000CD6A893A13F6873A9B5A863A8F99843A78
:1059D00025B4823A9FAB803A95027D3A006D783AC1
:1059E0004399733A348A6E3ABB42693ACEC5633AF8
:1059F00073165E3ABA37583ABE2C523AA3F84B3A6D
:105A0000959E453AC7213F3A6E85383AC5CC313A22
:105A100005FB2A3A6A13243A2D191D3A840F163AC7
:105A2000A2F90E3AB2DA073ADBB5003A701CF33944
:105A3000BACDE439A485D639254AC8391B21BA39EB
:105A40004410AC39421D9E39934D903993A682394A
:105A5000F25A6A39A5CE4F390BB235399C0E1C3932
:105A600073ED0239AAAED43849A9A43897B56B387A
:105A7000E6A41038B6F56037FC2BEBB65F54E0B700
:105A800099F83FB82F5D86B86B2DABB88363CEB85D
:105A9000D8F6EFB8D2EF07B9810B17B9724B25B919
:105AA0000DAD32B92A2E3FB90ACD4AB95E8855B933
:105AB0003F5F5FB9345168B9285E70B9718677B9B4
:105AC000CBCA7DB9299681B944D683B9A6A685B932
:105AD0006E0887B9E8FC87B98E8588B901A488B9B2
:105AE000105A88B9B0A987B9FB9486B9341E85B914
:105AF000BE4783B9201481B9FE0B7DB9424077B906
:105B0000CECA70B99BB169B9D4FA61B9D4AC59B9EC
:105B100020CE50B9656547B973793DB93C1133B9A9
:105B2000CC3328B94BE81CB9F23511B90E2405B9AC
:105B3000F673F1B837FED7B8B8F5BDB85569A3B854
:105B4000EA6788B894005AB8798222B8C7E5D4B712
:105B5000FABB47B7B989DD35D3048037306EF237E9
:105B6000846E32384B8D6B38443C9238EE8AAE38B6
:105B7000BFA5CA381E80E638E206013962A10E3997
:105B8000C4091C396E3A2939F52D363923DF4239DB
:105B9000F5484F39A0665B398D33673961AB72398F
:105BA000F8C97D39B54584390476893932748E391E
:105BB000A43E9339DFD3973986329C395B59A0399B
:105BC0004047A43933FBA7395574AB39E4B1AE393A
:105BD0003AB3B139D477B4394AFFB6395249B939F1
:105BE000C155BB398824BD39B4B5BE396F09C03938
:105BF000FD1FC139BFF9C1392E97C239DDF8C2394D
:105C0000791FC339C50BC3399EBEC239F438C239B6
:105C1000CF7BC1394C88C039995FBF39FA02BE3990
:105C2000C373BC395AB3BA3934C3B839D6A4B639F8
:105C3000D359B439CAE3B1396844AF39637DAC395B
:105C40007C90A9397D7FA639384CA33985F89F39D6
:105C500044869C3958F79839A84D9539208B91394D
:105C6000ACB18D393AC38939B8C1853912AF8139A0
:105C7000681A7B390EBC7239E0466A399FBE6139B9
:105C800005275939BB83503961D8473987283F39AF
:105C9000AC7736393DC92D3996202539FD801C3920
:105CA000A3ED1339A3690B3901F802394F37F538E1
:105CB000CFAEE438F15BD438ED43C438C36BB438AD
:105CC0003CD8A438E48D95380E918638A4CB6F3833
:105CD00012205338A02637380BE61B38966401385B
:105CE0000850CF373B6B9D37B7485A371210FA36FA
:105CF000D38E0C36AE5B4DB6675C06B730E355B756
:105D0000CEF190B7E92BB5B7E99DD7B7AF46F8B755
:105D1000FF920BB83B1E1AB8C3C527B8BB8A34B86C
:105D2000AB6E40B87C734BB8789B55B844E95EB80D
:105D3000DF5F67B89C026FB81FD575B85CDB7BB8B6
:105D4000C78C80B81CCA82B811A884B8262986B826
:105D5000FB4F87B84B1F88B8E89988B8BEC288B88F
:105D6000CB9C88B8242B88B8EC7087B8557186B85E
:105D7000A12F85B81AAF83B815F381B8DAFD7FB8C3
:105D800006AC7BB877F776B8F8E671B855816CB891
:105D900055CD66B8B8D160B833955AB86D1E54B8B1
:105DA000FE734DB8669C46B8129E3FB8537F38B814
:105DB0005D4631B847F929B8069E22B86A3A1BB841
:105DC0001FD413B8A8700CB85F1505B8E18EFBB7E7
:105DD000BE17EDB7F8CEDEB7D5BDD0B736EDC2B73A
:105DE0009B65B5B71A2FA8B763519BB7BED38EB7C3
:105DF00007BD82B75D276EB776BB57B78D4142B7F7
:105E0000FEC32DB74D4C1AB729E307B7D420EDB622
:105E10002CB6CCB6C492AEB667C192B6949672B6A2
:105E2000257044B6B91B1BB61245EDB5C215AEB50B
:105E3000BF6071B57A2C1AB52D0DADB42D7219B4A1
:105E4000321C19B3009E0529000000003A1C99B6C7
:105E500025C819B7378867B772D39AB7A0FDC1B7FD
:105E6000752DE9B7882608B8F4A21BB86C002FB8C6
:105E7000103342B8BE2E55B813E767B8704F7AB8E2
:105E8000832D86B86AFE8EB8DC9397B833E79FB847
:105E9000C2F1A7B8CFACAFB89D11B7B86D19BEB8F5
:105EA00081BDC4B823F7CAB8A9BFD0B87510D6B899
:105EB000FEE2DAB8D130DFB898F3E2B81C25E6B8D4
:105EC0004BBFE8B83ABCEAB82D16ECB89AC7ECB8A4
:105ED0002BCBECB8C41BECB88BB4EAB8E690E8B8AE
:105EE00082ACE5B85803E2B8B291DDB82B54D8B80B
:105EF000B647D2B8A169CBB89AB7C3B8AF2FBBB871
:105F000057D0B1B86F98A7B841879CB8879C90B814
:105F10006DD883B823776CB8168E4FB8D3F830B8E5
:105F20006DBB10B8E7B5DDB7E0BA96B7AD2719B7C6
:105F30004721AF33DEF72137743EA4378A60FA3742
:105F400001A529385570573812428338A9689B3803
:105F5000E323B438366BCD389C35E738CABC0039FA
:105F600095160E39F9A21B39875C2939993D3739C5
:105F700056404539AE5E53396292613903D56F3967
:105F8000F41F7E3938368639C5598D3917779439DB
:105F9000948A9B399390A2395A85A9392765B039DB
:105FA0002A2CB7398DD6BD397160C439F2C5CA39CA
:105FB0002A03D1392F14D7391BF5DC3909A2E2396C
:105FC0001817E8396F50ED393E4AF239BE00F739FB
:105FD0003770FB390295FF39C2B5013A1F78033A91
:105FE000DE0F053A577B063AEAB8073A08C7083A7F
:105FF00031A4093AF54E0A3AF4C50A3AE3070B3AD6
:1060000088130B3ABEE70A3A77830A3AB9E5093AA8
:10601000A20D093A6AFA073A5EAB063AE81F053A5A
:106020008C57033AE851013A701DFE39A41BF93927
:10603000569EF339ADA5ED390A32E7390C44E03903
:1060400091DCD839B8FCD039DDA5C8399DD9BF3924
:10605000D699B639A8E8AC3973C8A239D93B983972
:10606000BB458D393CE9813981536C39D61554399A
:106070003C213B39F67D2139BF3407399A9DD83808
:106080009AABA1387A4F5338919CC237210394B60A
:10609000E9EE07B807CE7EB87B76BBB8BA0CF8B885
:1060A000F6871AB9C93239B946F957B994CD76B9D4
:1060B000C9D08AB970339AB97387A9B96CC5B8B910
:1060C000DCE5C7B934E1D6B9D2AFE5B90A4AF4B9CB
:1060D000125401BA336108BA88480FBA340616BAA6
:1060E0005A961CBA25F522BAC41E29BA700F2FBAC7
:1060F0006CC334BA09373ABAA4663FBAAC4E44BA54
:10610000A2EB48BA1C3A4DBAC73651BA67DE54BA48
:10611000DC2D58BA20225BBA4DB85DBA9DED5FBA4E
:106120006DBF61BA3B2B63BAAC2E64BA8DC764BA3B
:10613000D4F364BAA0B164BA3DFF63BA25DB62BA96
:10614000024461BAAC385FBA2FB85CBAC9C159BA57
:10615000EE5456BA457152BAAC164EBA394549BAE0
:1061600039FD43BA343F3EBAE80B38BA506431BA0D
:10617000A0492ABA46BD22BAECC01ABA785612BA59
:10618000088009BAF83F00BABB31EDB90E1BD9B986
:10619000FF41C4B914ADAEB9436398B9F56B81B989
:1061A000FC9D53B9402923B91716E3B803567BB8B1
:1061B000D1B831B7843C26383C2CBE3849641539F7
:1061C000D4634C3925FF81394B0E9E398853BA3937
:1061D000C2C2D6399B4FF339BDF6073AC747163AC4
:1061E0006994243A0CD6323A0206413A8F1D4F3A4E
:1061F000E8155D3A35E86A3A9A8D783A99FF823A1D
:106200000D9B893AB615903A266C963AF29A9C3ACA
:10621000B39EA23A0C74A83AA817AE3A3B86B33A9A
:1062200089BCB83A61B7BD3AA473C23A43EEC63AE4
:106230004224CB3ABB12CF3ADEB6D23AF30DD63A6D
:106240005D15D93A98CADB3A3E2BDE3A0735E03A7B
:10625000CDE5E13A883BE33A5534E43A74CEE43A8A
:106260004B08E53A66E0E43A7A55E43A6366E33A85
:106270002912E23AFF57E03A4237DE3A7FAFDB3A83
:106280006EC0D83AF769D53A31ACD13A6287CD3A87
:1062900002FCC83AB90AC43A5EB4BE3AFCF9B83A4C
:1062A000CFDCB23A445EAC3AFA7FA53AC0439E3A9C
:1062B00099AB963AB7B98E3A7E70863A00A57B3A8A
:1062C00003C5693AE846573AF030443AB789303A5C
:1062D0002F581C3AA5A3073A72E7E439B7A0B93999
:1062E0009E838D3982424139462DCC388B811A37B5
:1062F0002CC7A7B8E26532B9A9DB88B9C7D7B8B946
:10630000B512E9B9BDBB0CBA66F824BA83343DBAFC
:10631000236555BA347F6DBAC5BB82BA73A18EBAF4
:10632000FA6A9ABAAD12A6BAD992B1BACFE5BCBA96
:10633000DC05C8BA58EDD2BA9E96DDBA14FCE7BAAD
:106340002F18F2BA71E5FBBA37AF02BBEA3E07BBC2
:10635000309F0BBB79CD0FBB41C713BB148A17BB52
:1063600091131BBB67611EBB5B7121BB454124BB05
:1063700016CF26BBD41829BB9F1C2BBBB0D82CBB77
:106380005C4B2EBB15732FBB674E30BBFFDB30BBA6
:10639000A81A31BB4D0931BBFCA630BBE2F22FBBC2
:1063A0004FEC2EBBB9922DBBB7E52BBB05E529BB46
:1063B000869027BB42E824BB65EC21BB459D1EBBF4
:1063C0005CFB1ABB4B0717BBDEC112BB032C0EBB19
:1063D000D24609BB8C1304BB2C27FDBAFB90F1BA43
:1063E000EE67E5BABAAFD8BA606CCBBA2DA2BDBA27
:1063F000B755AFBADF8BA0BACA4991BAE79481BA50
:10640000CBE562BA75D341BA33FF1FBAD4EBFAB900
:10641000F389B4B9CBE859B9AF1E91B8947B9538DC
:1064200062C25F395E20BB39727E033A48AB293ABB
:106430005006503AE07E763A09828E3A64C2A13A1A
:10644000D8F7B43AAB19C83A0F1FDB3A2BFFED3A35
:106450008F58003BFE95093B70B3123B71AC1B3B60
:10646000937C243B6A1F2D3B9590353BBBCB3D3B3A
:1064700090CC453BD48E4D3B590E553B02475C3B7F
:10648000C634633BB3D3693BEE1F703BB815763B14
:106490006BB17B3BC277803B4EE6823BB722853BAC
:1064A0006F2B873BF8FE883BE99B8A3BED008C3BDA
:1064B000C62C8D3B4A1E8E3B67D48E3B224E8F3BB3
:1064C0009C8A8F3B09898F3BBD488F3B21C98E3BFE
:1064D000BC098E3B310A8D3B3BCA8B3BB5498A3B9D
:1064E0009688883BF186863BF544843BF2C2813B2B
:1064F000A7027E3B4401783B0B83713B86896A3B54
:106500007B16633BED2B5B3B18CC523B74F9493B4C
:10651000B4B6403BC406373BC9EC2C3B216C223B54
:106520006188173B54450C3BFBA6003B1663E93AD8
:10653000D6D2D03A65A6B73A56E79D3A929F833AAB
:10654000C0B2513AAE3E1B3A8AF1C739C0DD2F398D
:1065500022E54AB8F6C18BB90B11FFB9778C39BA6D
:10656000EAD373BACB2297BAEF63B4BA6AA0D1BAAE
:1065700027CBEEBA7AEB05BB455B14BB4AAE22BB18
:10658000D7DD30BB3BE33EBBC4B74CBBC4545ABBA6
:1065900097B367BB9FCD74BB27CE80BB920C87BBE4
:1065A000DC1E8DBBDB0193BB70B298BB8C2D9EBBF8
:1065B0003270A3BB7177A8BB7040ADBB68C8B1BBDC
:1065C000A70CB6BB940ABABBAEBFBDBB8F29C1BB7B
:1065D000E945C4BB9012C7BB708DC9BB99B4CBBB96
:1065E0003986CDBBA100CFBB4222D0BBB3E9D0BB23
:1065F000B055D1BB1965D1BBF516D1BB736AD0BB01
:10660000E95ECFBBD6F3CDBBE428CCBBE5FDC9BB6F
:10661000D672C7BBDF87C4BB543DC1BBB593BDBBFE
:10662000AB8BB9BB0D26B5BBDF63B0BB4E46ABBB76
:10663000B6CEA5BB9DFE9FBBB4D799BBD95B93BB20
:10664000138D8CBB946D85BB6DFF7BBB028C6CBBCB
:106650003E865CBBCCF34BBBA0DA3ABBFC4029BB0B
:106660006C2D17BBC1A604BB2568E3BA70B9BCBAD0
:10667000965095BA837A5ABA231F09BA8CC05AB970
:106680009D84E538B0C0E139CCBB453A768F8D3A70
:106690008F72B83A9D74E33A6A41073B17C51C3BB9
:1066A000BE3B323BB49B473B41DB5C3BA1F0713BC3
:1066B0000669833BDCBA8D3BEEE8973B5EEEA13B7F
:1066C00050C6AB3BF46BB53B81DABE3B3D0DC83BDE
:1066D0007BFFD03BA1ACD93B2610E23B9825EA3B9F
:1066E0009DE8F13BF354F93B3B33003C908C033C79
:1066F00085B4063C37A9093CD7680C3CA9F10E3C8F
:106700000242113C5058133C1433153CE8D0163C5F
:106710007C30183C9A50193C23301A3C15CE1A3C58
:1067200085291B3CA6411B3CC7151B3C52A51A3CA6
:10673000D0EF193CE5F4183C55B4173C032E163C39
:10674000ED61143C3550123C19F90F3CF85C0D3CDE
:106750004F7C0A3CBB57073CFBEF033CEB45003C3E
:1067600011B5F83BDD5DF03BB288E73B4438DE3BDA
:10677000856FD43BA531CA3B0E82BF3B6664B43BF8
:106780008CDCA83B98EE9C3BDA9E903BD7F1833B98
:1067900093D86D3B3D26533BE7D6373B2EF51B3B4D
:1067A0000D18FF3A7B4DC53AE7A18A3A585A1E3A6E
:1067B000CE3D1839D6D5A6B9CFE14DBAAC90A4BA22
:1067C000657AE2BAAC4910BB37602FBB24734EBB6D
:1067D000A5746DBB682B86BBD48595BB90C2A4BB4A
:1067E00094DAB3BBD4C6C2BB4880D1BBEEFFDFBBDB
:1067F000CB3EEEBBF135FCBB40EF04BCD4980BBCE8
:106800005A1412BC825E18BC09741EBCBC5124BC54
:106810007AF429BC34592FBCED7C34BCC25C39BC41
:10682000E2F53DBC974542BC464946BC6DFE49BCBD
:10683000A7624DBCB07350BC5F2F53BCAE9355BC28
:10684000B99E57BCBD4E59BC1EA25ABC61975BBCD9
:10685000362D5CBC70625CBC0C365CBC2EA75BBC8D
:1068600025B55ABC6B5F59BCA2A557BC9A8755BCCD
:106870004D0553BCE31E50BCAFD44CBC332749BCC0
:106880001C1745BC46A540BCB9D23BBCAAA036BC2F
:106890007E1031BCC3232BBC37DC24BCC33B1EBCE5
:1068A0007C4417BCA3F80FBCA35A08BC116D00BCF4
:1068B0005C65F0BBC15CDFBB72C6CDBBDBA8BBBBFC
:1068C000B50AA9BB01F395BB0A6982BBB4E85CBBFE
:1068D000843934BB9ED40ABB2895C1BAB0B158BA2A
:1068E00057B930B96C18023AE6EC983AD265F13AE9
:1068F000A628253B88C4513B31737E3B8490953B51
:1069000022DDAB3B7B15C23B872FD83B3221EE3BD0
:1069100032F0013C7FB10C3C724F173C01C5213C69
:10692000270D2C3CE522363C4801403C67A3493CFE
:106930006A04533C871F5C3C08F0643C4C716D3C1E
:10694000CA9E753C11747D3C6776823C6502863C2C
:10695000F75B893C24818C3C03708F3CC026923CC1
:106960009AA3943CE5E4963C0CE9983C91AE9A3CA1
:106970000C349C3C2F789D3CC6799E3CB6379F3C9E
:1069800000B19F3CBFE49F3C2CD29F3C9D789F3C34
:1069900084D79E3C73EE9D3C1ABD9C3C46439B3C79
:1069A000E580993C0676973CD622953CA287923C9E
:1069B000DAA48F3C0B7B8C3CE60A893C3A55853C3B
:1069C000F95A813C673A7A3C363A713C04B8673CE4
:1069D000B5B65D3C6B39533C8843483CABD83C3C36
:1069E000B1FC303CB1B3243CFE01183C22EC0A3C23
:1069F000C4EDFA3B6D4EDF3B9C04C33B141BA63B2E
:106A0000F99C883B9E2B553BE622183B6370B43AB9
:106A10006824DC398A790FBACEACC7BAC24824BB25
:106A20003B1A65BB931793BBB6B5B3BB5159D4BBE7
:106A300001F4F4BBA3BB0ABC3EEA1ABC78FE2ABC34
:106A4000EDF03ABC35BA4ABCE3525ABC90B369BCCB
:106A5000D4D478BCAAD783BCDE1D8BBC633992BC6E
:106A6000A12699BC07E29FBC1368A6BC4FB5ACBC7D
:106A700054C6B2BCCD97B8BC7826BEBC246FC3BC8C
:106A8000BA6EC8BC3722CDBCB286D1BC5C99D5BC2D
:106A90008357D9BC91BEDCBC0FCCDFBCA57DE2BC6A
:106AA0001FD1E4BC6AC4E6BC9755E8BCDC82E9BCF3
:106AB000974AEABC4CABEABCA8A3EABC8232EABC67
:106AC000DA56E9BCDF0FE8BCE85CE6BC7C3DE4BC20
:106AD0004EB1E1BC42B8DEBC6752DBBCFF7FD7BC25
:106AE0007B41D3BC7A97CEBCCF82C9BC7C04C4BCEA
:106AF000B31DBEBCD9CFB7BC821CB1BC7405AABC47
:106B0000A48CA2BC3AB49ABC8B7E92BC1DEE89BC0C
:106B1000A50581BC0C906FBCA2705CBC88B348BC5E
:106B2000915F34BCE87B1FBC0B100ABC9747E8BBE5
:106B3000937EBBBBE7D58DBB06BE3EBBA8AFC0BA3C
:106B40002C4F1EB7D190C03A3835423B0B80923B58
:106B50000C40C43BC345F63BF83D143C7D662D3CE0
:106B60007C91463CDBB35F3C5EC2783CD8D8883C25
:106B7000303B953C7682A13CE1A8AD3CA4A8B93C51
:106B8000EC7BC53CEA1CD13CCD85DC3CCAB0E73C83
:106B90001D98F23C0B36FD3C72C2033D84BF083D9C
:106BA000738F0D3D802F123DF89C163D33D51A3D55
:106BB00097D51E3D999B223DBC24263D976E293DCD
:106BC000D1762C3D243B2F3D61B9313D6FEF333DF4
:106BD00048DB353D037B373DCCCC383DEECE393DEF
:106BE000CC7F3A3DE5DD3A3DD7E73A3D609C3A3D02
:106BF00059FA393DBF00393DAEAE373D6503363DEC
:106C000046FE333DD49E313DBAE42E3DC5CF2B3DEB
:106C1000E75F283D3B95243D0070203D9DF01B3DE6
:106C2000A117173DC0E5113DDA5B0C3DF57A063D35
:106C30004044003D2672F33CDFB5E53CFD56D73CB1
:106C40002659C83C51C0B83CC790A83C22CF973CBD
:106C50004C80863C0153693C92A0443CFDF41E3CB0
:106C60001EB9F03B5AC8A13B5465223BD6CFEBB7C7
:106C70009AEB28BBE94CA9BBA951FFBBC2312BBC85
:106C8000713057BCCCC981BCB92498BCDD9FAEBC67
:106C9000E131C5BC33D1DBBC0C74F2BC398804BD16
:106CA0001FCE0FBD8C061BBD402C26BDE53931BD66
:106CB000162A3CBD5AF746BD2A9C51BDF1125CBD57
:106CC0000D5666BDD45F70BD8F2A7ABD42D881BD96
:106CD000F87586BD87EB8ABD0C368FBDA25293BD79
:106CE000663E97BD77F69ABDF6779EBD07C0A1BDFB
:106CF000D3CBA4BD8998A7BD5B23AABD8669ACBDD3
:106D00004C68AEBDFA1CB0BDE584B1BD6E9DB2BD90
:106D10000164B3BD16D6B3BD32F1B3BDEBB2B3BDA2
:106D2000E118B3BDC820B2BD64C8B0BD870DAFBD0A
:106D30001AEEACBD1668AABD8979A7BD9420A4BD82
:106D40006E5BA0BD64289CBDDB8597BD4B7292BD78
:106D500048EC8CBD7CF286BDAB8380BD653D73BDC8
:106D6000118564BD7DDC54BD034244BD33B432BDE6
:106D7000D13120BDDFB90CBD2697F0BCBDCCC5BC60
:106D8000DA1399BC8FD854BC1659E7BB56516ABA6E
:106D9000EE76B43BD2F1463CE3BC9B3C15E7D53CD8
:106DA0003BFA083DC3F0273D26D5473D2DA5683D5C
:106DB000332F853D137F963DC340A83DB372BA3D46
:106DC0003713CD3D8620E03DBE98F33DEFBC033E3A
:106DD000E6E00D3E2A37183E93BE223EEF752D3E6B
:106DE000FB5B383E6C6F433EEAAE4E3E11195A3E95
:106DF00071AC653E9267713EEF487D3E7DA7843E53
:106E00000EBC8A3E5AE1903E8B16973EC95A9D3E73
:106E100037ADA33EF30CAA3E1A79B03EC4F0B63E9D
:106E20000673BD3EF3FEC33E9A93CA3E0A30D13E7E
:106E30004DD3D73E6E7CDE3E742AE53E67DCEB3EEA
:106E40004C91F23E2848F93E0000003FEC5B033FC6
:106E50005AB7063FCD110A3FC66A0D3FC9C1103F60
:106E60005916143FFB67173F33B61A3F86001E3F83
:106E70007D46213F9E87243F73C3273F86F92A3FE3
:106E800065292E3F9B52313FBA74343F538F373FB1
:106E9000F9A13A3F41AC3D3FC4AD403F1BA6433F43
:106EA000E494463FBC79493F45544C3F25244F3F2D
:106EB00001E9513F84A2543F5B50573F36F2593F9E
:106EC000C6875C3FC4105F3FE88C613FEFFB633FC8
:106ED000995D663FAAB1683FE8F76A3F1E306D3F93
:106EE0001A5A6F3FAD75713FAE82733FF480753FA4
:106EF0005C70773FC750793F19227B3F39E47C3F74
:106F000012977E3F4A1D803F59E7803FB1A9813FDC
:106F10004F64823F3317833F5DC2833FCF65843F19
:106F20008F01853FA295853F1022863FE4A6863FCC
:106F30002824873FEB99873F3B08883F286F883F8D
:106F4000C5CE883F2527893F5E78893F86C2893F25
:106F5000B7058A3F09428A3F99778A3F81A68A3FCF
:106F6000E2CE8A3FD8F08A3F860C8B3F0D228B3FC2
:106F70008E318B3F2F3B8B3F133F8B3F613D8B3FD0
:106F800040368B3FD7298B3F4E188B3FD0018B3F2C
:106F900085E68A3F98C68A3F36A28A3F89798A3F2A
:106FA000BD4C8A3F001C8A3F7FE7893F67AF893F1E
:106FB000E673893F2A35893F61F3883FB8AE883F41
:106FC0006067883F841D883F54D1873FFF82873F99
:106FD000B032873F98E0863FE18C863FBB37863FE3
:106FE00051E1853FCF89853F6231853F34D8843F69
:106FF000717E843F4224843FD0C9833F456F833FE5
:10700000C814833F7FBA823F9360823F2707823F45
:1070100061AE813F6356813F52FF803F4DA9803F63
:107020007654803FEC00803F9B5D7F3F6FBC7E3F8E
:107030008E1E7E3F2C847D3F7EED7C3FB45A7C3F8C
:10704000FECB7B3F87417B3F7ABB7A3FFD397A3F5E
:1070500037BD793F4845793F51D2783F6F64783FDB
:10706000BCFB773F5198773F423A773FA4E1763FA8
:10707000868E763FF640763F00F9753FACB6753F99
:10708000027A753F0443753FB411753F13E6743FB0
:107090001CC0743FCA9F743F1585743FF46F743FE2
:1070A0005A60743F3A56743F8351743F2252743F82
:1070B0000358743F1163743F3373743F5088743FB7
:1070C0004CA2743F09C1743F6AE4743F4E0C753F93
:1070D0009338753F1769753FB49D753F46D6753F28
:1070E000A712763FAD52763F3196763F08DD763F68
:1070F0000927773F0874773FD9C3773F5016783F09
:107100003F6B783F7AC2783FD21B793F1977793F3E
:1071100021D4793FBB327A3FB9927A3FECF37A3F80
:1071200027567B3F39B97B3FF71C7C3F31817C3F41
:10713000BAE57C3F664A7D3F08AF7D3F74137E3FD2
:1071400080777E3F00DB7E3FCB3D7F3FB89F7F3F18
:107150004F00803F2C30803F5F5F803FD68D803F67
:107160007FBB803F48E8803F2014813FF83E813F4D
:10717000BF68813F6791813FE1B8813F20DF813F58
:107180001704823FB827823FFA49823FD16A823F83
:10719000338A823F16A8823F72C4823F3FDF823F1C
:1071A00077F8823F1210833F0B26833F5E3A833F7E
:1071B000064D833F005E833F4A6D833FE17A833F04
:1071C000C586833FF690833F7499833F3FA0833FFA
:1071D0005BA5833FCAA8833F8FAA833FADAA833FA5
:1071E0002AA9833F0BA6833F56A1833F129B833F6F
:1071F0004593833FF789833F307F833FFA72833F14
:107200005E65833F6556833F1B46833F8934833FDA
:10721000BB21833FBD0D833F9AF8823F5FE2823FEF
:1072200019CB823FD5B2823FA099823F887F823FAF
:107230009B64823FE648823F772C823F5F0F823F0C
:10724000AAF1813F67D3813FA6B4813F7495813F06
:10725000E275813FFD55813FD435813F7715813FF0
:10726000F4F4803F59D4803FB6B3803F1893803FF9
:107270008D72803F2452803FEB31803FEF11803F81
:107280007BE47F3FC8A57F3FDD677F3FD42A7F3FF8
:10729000C6EE7E3FCAB37E3FF7797E3F63417E3FB5
:1072A000240A7E3F4FD47D3FF89F7D3F316D7D3F67
:1072B0000D3C7D3F9D0C7D3FF2DE7C3F1AB37C3F51
:1072C00025897C3F20617C3F173B7C3F16177C3F24
:1072D00028F57B3F56D57B3FA9B77B3F289C7B3F5A
:1072E000D9827B3FC36B7B3FE9567B3F50447B3F5A
:1072F000F9337B3FE6257B3F171A7B3F8C107B3FA2
:1073000044097B3F3B047B3F6F017B3FDA007B3FBF
:1073100078027B3F42067B3F320C7B3F3F147B3F32
:10732000601E7B3F8B2A7B3FB8387B3FD9487B3F31
:10733000E35A7B3FCA6E7B3F80847B3FF79B7B3F5A
:1073400020B57B3FEDCF7B3F4DEC7B3F300A7C3F50
:1073500085297C3F3B4A7C3F406C7C3F828F7C3F51
:10736000EEB37C3F72D97C3FFBFF7C3F74277D3FAF
:10737000CB4F7D3FEC787D3FC2A27D3F3ACD7D3F34
:107380003FF87D3FBE237E3FA14F7E3FD57B7E3FB2
:1073900046A87E3FDFD47E3F8D017F3F3B2E7F3F5F
:1073A000D75A7F3F4D877F3F8AB37F3F7ADF7F3F4A
:1073B0008605803F161B803F6530803F6A45803FD1
:1073C0001D5A803F746E803F6982803FF395803FF5
:1073D0000BA9803FA9BB803FC6CD803F5DDF803FCA
:1073E00065F0803FDA00813FB510813FF11F813F9A
:1073F000892E813F773C813FB849813F4856813F84
:107400002162813F416D813FA577813F4B81813F63
:107410002E8A813F4E92813FA999813F3EA0813FB4
:107420000BA6813F0FAB813F4BAF813FBFB2813F86
:107430006AB5813F4EB7813F6CB8813FC5B8813F87
:107440005AB8813F2FB7813F44B5813F9DB2813FFC
:107450003DAF813F27AB813F5FA6813FE7A0813FE2
:10746000C59A813FFD93813F938C813F8B84813FFF
:10747000EC7B813FBA72813FFA68813FB25E813F07
:10748000E953813FA348813FE83C813FBD30813FC4
:107490002924813F3217813FDE09813F36FC803F3E
:1074A0003FEE803F00E0803F80D1803FC7C2803FF9
:1074B000DBB3803FC3A4803F8695803F2B86803F0F
:1074C000BA76803F3A67803FB057803F2548803F7B
:1074D0009F38803F2429803FBC19803F6D0A803F40
:1074E0007CF67F3F69D87F3FAFBA7F3F599D7F3F92
:1074F00074807F3F0B647F3F29487F3FDA2C7F3FBA
:1075000027127F3F1CF87E3FC2DE7E3F23C67E3FB0
:1075100047AE7E3F37977E3FFC807E3F9D6B7E3F30
:1075200021577E3F8F437E3FEF307E3F441F7E3F9B
:10753000960E7E3FE8FE7D3F40F07D3FA1E27D3F1D
:107540000FD67D3F8CCA7D3F1CC07D3FBFB67D3FBF
:1075500078AE7D3F48A77D3F2FA17D3F2C9C7D3F8E
:1075600041987D3F6B957D3FA9937D3FF9927D3F8B
:107570005A937D3FC8947D3F3F977D3FBE9A7D3FA4
:107580003E9F7D3FBCA47D3F34AB7D3F9FB27D3F9E
:10759000F8BA7D3F39C47D3F5DCE7D3F5BD97D3FED
:1075A0002EE57D3FCEF17D3F33FF7D3F560D7E3F83
:1075B0002F1C7E3FB52B7E3FE03B7E3FA74C7E3F9E
:1075C000015E7E3FE66F7E3F4B827E3F28957E3F89
:1075D00073A87E3F23BC7E3F2ED07E3F8AE47E3F51
:1075E0002EF97E3F0F0E7F3F25237F3F64387F3F7C
:1075F000C44D7F3F3B637F3FBF787F3F468E7F3FD9
:10760000C7A37F3F38B97F3F91CE7F3FC8E37F3F1D
:10761000D4F87F3FD606803F2411803F4F1B803F28
:107620005425803F2E2F803FDA38803F5342803FE1
:10763000974B803FA154803F6D5D803FFA65803F4E
:10764000436E803F4676803F007E803F6E85803F60
:107650008D8C803F5C93803FD899803FFF9F803F17
:10766000CFA5803F46AB803F64B0803F26B5803FCA
:107670008CB9803F94BD803F3DC1803F88C4803F2E
:1076800073C7803FFEC9803F29CC803FF4CD803F47
:107690005FCF803F6AD0803F17D1803F65D1803F68
:1076A00056D1803FEAD0803F22D0803F01CF803F3B
:1076B00086CD803FB5CB803F8DC9803F13C7803FCB
:1076C00046C4803F2AC1803FC0BD803F0BBA803F87
:1076D0000DB6803FC8B1803F40AD803F77A8803F66
:1076E00070A3803F2E9E803FB298803F0293803FE0
:1076F0001F8D803F0D87803FCE80803F677A803F1F
:10770000DA73803F2A6D803F5C66803F725F803F06
:107710006F58803F5751803F2E4A803FF642803F4E
:10772000B33B803F6834803F192D803FC925803F9F
:107730007A1E803F3217803FF10F803FBC08803FA8
:107740009601803F02F57F3F02E77F3F30D97F3FC0
:1077500093CB7F3F30BE7F3F0CB17F3F2DA47F3F57
:1077600097977F3F4E8B7F3F597F7F3FBB737F3F14
:1077700078687F3F945D7F3F13537F3FF9487F3F99
:10778000493F7F3F07367F3F342D7F3FD4247F3FE3
:10779000EA1C7F3F76157F3F7D0E7F3FFF077F3FCF
:1077A000FD017F3F7AFC7E3F76F77E3FF2F27E3F1F
:1077B000EFEE7E3F6DEB7E3F6CE87E3FECE57E3F7B
:1077C000EDE37E3F6EE27E3F6FE17E3FEEE07E3F87
:1077D000EBE07E3F64E17E3F57E27E3FC3E37E3FC6
:1077E000A6E57E3FFEE77E3FC8EA7E3F02EE7E3F93
:1077F000A9F17E3FBBF57E3F33FA7E3F10FF7E3F0F
:107800004F047F3FEA097F3FE00F7F3F2C167F3F09
:10781000CB1C7F3FB9237F3FF22A7F3F71327F3FEE
:10782000333A7F3F34427F3F6F4A7F3FE1527F3F91
:10783000835B7F3F54647F3F4D6D7F3F6A767F3F20
:10784000A77F7F3F00897F3F70927F3FF39B7F3F01
:1078500084A57F3F1FAF7F3FBFB87F3F60C27F3FA0
:10786000FECB7F3F95D57F3F20DF7F3F9CE87F3F6A
:1078700004F27F3F54FB7F3F4402803FCF06803FAE
:10788000490B803FAF0F803F0014803F3A18803F84
:107890005D1C803F6520803F5224803F2328803F2D
:1078A000D52B803F692F803FDB32803F2C36803FD5
:1078B0005A39803F643C803F4A3F803F0A42803FC4
:1078C000A344803F1647803F6149803F844B803FFF
:1078D0007E4D803F4F4F803FF650803F7452803F37
:1078E000C853803FF354803FF355803FC956803FD3
:1078F0007657803FF957803F5358803F8558803FE7
:107900008D58803F6E58803F2758803FBA57803F40
:107910002657803F6C56803F8E55803F8C54803F69
:107920006853803F2152803FB950803F314F803FA4
:107930008A4D803FC54B803FE449803FE747803F09
:10794000D045803F9F43803F5841803FF93E803F74
:10795000863C803FFF39803F6637803FBB34803FA5
:107960000132803F392F803F652C803F8529803F41
:107970009B26803FA823803FAF20803FB01D803FE3
:10798000AD1A803FA717803F9F14803F9811803F1A
:10799000910E803F8D0B803F8E08803F9305803F86
:1079A0009F02803F65FF7F3F9FF97F3FECF37F3F62
:1079B00050EE7F3FCCE87F3F63E37F3F17DE7F3FA2
:1079C000EAD87F3FDED37F3FF4CE7F3F2ECA7F3F92
:1079D0008FC57F3F17C17F3FC8BC7F3FA3B87F3FA4
:1079E000AAB47F3FDEB07F3F40AD7F3FD1A97F3F4C
:1079F00092A67F3F83A37F3FA6A07F3FFB9D7F3F53
:107A0000829B7F3F3C997F3F2A977F3F4B957F3FEB
:107A1000A0937F3F28927F3FE4907F3FD48F7F3FAA
:107A2000F78E7F3F4D8E7F3FD58D7F3F908D7F3F7F
:107A30007C8D7F3F998D7F3FE68D7F3F628E7F3FBC
:107A40000D8F7F3FE58F7F3FEA907F3F1B927F3F07
:107A500075937F3FF9947F3FA5967F3F77987F3F4F
:107A60006E9A7F3F899C7F3FC69E7F3F24A17F3FC8
:107A7000A2A37F3F3DA67F3FF4A87F3FC6AB7F3FD9
:107A8000B1AE7F3FB3B17F3FCAB47F3FF5B77F3F11
:107A900032BB7F3F80BE7F3FDDC17F3F46C57F3F1A
:107AA000BBC87F3F39CC7F3FBECF7F3F4AD37F3FAC
:107AB000DBD67F3F6EDA7F3F02DE7F3F96E17F3F7E
:107AC00028E57F3FB6E87F3F3EEC7F3FC0EF7F3F3A
:107AD0003AF37F3FAAF67F3F0FFA7F3F67FD7F3F74
:107AE0005900803FF701803F8C03803F1905803F9C
:107AF0009D06803F1708803F8609803FEB0A803F44
:107B0000440C803F920D803FD30E803F0810803F91
:107B10003011803F4B12803F5813803F5814803FF4
:107B20004915803F2D16803F0117803FC817803FC1
:107B30008018803F2919803FC319803F4E1A803F2B
:107B4000CB1A803F381B803F971B803FE71B803F4D
:107B5000281C803F5B1C803F801C803F961C803F20
:107B60009E1C803F991C803F861C803F651C803F87
:107B7000381C803FFE1B803FB71B803F641B803F4B
:107B8000061B803F9C1A803F271A803FA719803F21
:107B90001D19803F8A18803FED17803F4717803FAF
:107BA0009816803FE215803F2415803F5F14803F88
:107BB0009313803FC112803FE911803F0C11803F39
:107BC0002B10803F450F803F5B0E803F6E0D803F46
:107BD0007E0C803F8C0B803F980A803FA309803F3A
:107BE000AD08803FB607803FC006803FCA05803F92
:107BF000D404803FE003803FEE02803FFE01803FDF
:107C00001001803F2500803F7BFE7F3FB3FC7F3F1C
:107C1000F3FA7F3F3BF97F3F8DF77F3FE8F57F3FEA
:107C20004EF47F3FBFF27F3F3BF17F3FC3EF7F3F8B
:107C300057EE7F3FF9EC7F3FA7EB7F3F63EA7F3F43
:107C40002DE97F3F05E87F3FEBE67F3FE0E57F3FA3
:107C5000E4E47F3FF7E37F3F1AE37F3F4BE27F3F60
:107C60008CE17F3FDDE07F3F3CE07F3FACDF7F3F4B
:107C70002ADF7F3FB8DE7F3F55DE7F3F01DE7F3F5B
:107C8000BDDD7F3F87DD7F3F5FDD7F3F46DD7F3F9F
:107C90003BDD7F3F3EDD7F3F4FDD7F3F6CDD7F3F44
:107CA00097DD7F3FCEDD7F3F12DE7F3F61DE7F3F8E
:107CB000BCDE7F3F22DF7F3F93DF7F3F0DE07F3FD2
:107CC00092E07F3F20E17F3FB7E17F3F56E27F3F79
:107CD000FDE27F3FACE37F3F61E47F3F1DE57F3FF7
:107CE000E0E57F3FA7E67F3F74E77F3F45E87F3FC2
:107CF0001AE97F3FF3E97F3FCFEA7F3FAEEB7F3F5B
:107D00008FEC7F3F71ED7F3F55EE7F3F39EF7F3F37
:107D10001EF07F3F03F17F3FE7F17F3FCAF27F3FD5
:107D2000ACF37F3F8CF47F3F6AF57F3F46F67F3FA1
:107D30001FF77F3FF4F77F3FC6F87F3F95F97F3FFE
:107D40005FFA7F3F25FB7F3FE6FB7F3FA2FC7F3F43
:107D500059FD7F3F0BFE7F3FB8FE7F3F5EFF7F3FB9
:107D6000FFFF7F3F4D00803F9700803FDE00803F58
:107D70002101803F6201803F9F01803FD901803F08
:107D80000F02803F4202803F7202803F9E02803F8E
:107D9000C702803FED02803F0F03803F2E03803FEC
:107DA0004903803F6103803F7603803F8803803F23
:107DB0009703803FA203803FAB03803FB003803F27
:107DC000B303803FB303803FB003803FAB03803FEA
:107DD000A303803F9903803F8C03803F7D03803F56
:107DE0006C03803F5803803F4303803F2C03803F58
:107DF0001303803FF802803FDC02803FBF02803FD8
:107E0000A002803F8002803F5E02803F3C02803FB4
:107E10001902803FF501803FD001803FAA01803FD9
:107E20008401803F5E01803F3701803F1001803F29
:107E3000E900803FC200803F9B00803F7400803F8C
:107E40004D00803F2600803F0000803F86879CB821
:107E5000EBDA5F3AA09D53BB4001103C3E3DA5BC10
:107E6000FEF22D3DD73BBCBD7665A03E7665A03EBB
:107E7000D73BBCBDFEF22D3D3E3DA5BC4001103CB4
:107E8000A09D53BBEBDA5F3A86879CB800803B47E6
:107E90000000000000000000000000000000003FA3
:107EA0000000000000803B470000000000000000D0
:107EB000000000000000003F0000000000803B4781
:107EC0000000000000000000000000000000003F73
:107ED0000000000000803B470000000000000000A0
:107EE000000000000000003F0000000000803B4751
:107EF0000000000000000000000000000000003F43
:107F00000000000000803B4700000000000000006F
:107F1000000000000000003F0000000000803B4720
:107F200000000000000000000000E0400000000031
:107F300000A00C46CDCC4C3E00000000000000002C
:107F40000AD7A33BCDCCCC3DCDCC4C3FCDCC4C3E89
:107F5000A69B443B9A99193E0000003FCDCC4C3E75
:107F600000000000000000000000003F00000000D2
:107F700000803B47000000000000000000000000FF
:107F80000000003F0000000000803B4700000000B0
:107F900000000000000000000000003F00000000A2
:107FA00000803B47000000000000000000000000CF
:107FB0000000003F0000000000803B470000000080
:107FC000000000000000803F0000000000000000F2
:107FD000000000000000000000803B47000000009F
:107FE00000007A44F304353F000000000000000068
:107FF0000000000000000000000000000000000081
:108000000000803F000000000000000000803B47AF
:1080100000000000000000000000803F0000803FE2
:108020000000803F0000803F00803B4700000000D0
:10803000000000000000803F0000803F0000803F03
:108040000000803F0000DC430000803F0000803FD4
:10805000000000000000000000000000F304353FB5
:10806000F304353FFFFFFFFF0000000000000000A9
:1080700000803B4700000000000000000000E040DE
:108080000000000000A00C46CDCC4C3E00000000DB
:10809000000000000AD7A33BCDCCCC3DCDCC4C3F5B
:1080A000CDCC4C3EA69B443B9A99193E0000003F24
:1080B000CDCC4C3E00000000000000000000003F5E
:1080C0000000000000803B470000000000000000AE
:1080D000000000000000003F0000000000803B475F
:1080E0000000000000000000000000000000003F51
:1080F0000000000000803B4700000000000000007E
:10810000000000000000003F0000000000803B472E
:1081100000000000000000000000803F00000000A0
:1081200000000000000000000000000000803B474D
:108130000000000000007A44F304353F0000000016
:10814000000000000000000000000000000000002F
:10815000000000000000803F000000000000000060
:1081600000803B4700000000000000000000803F4E
:108170000000803F0000803F0000803F00803B47C0
:1081800000000000000000000000803F0000803F71
:108190000000803F0000803F0000DC430000803F83
:1081A0000000803F00000000000000000000000010
:1081B000F304353FF304353FFFFFFFFF00000000ED
:1081C0000000000000803B470000000000000000AD
:1081D0000000E0400000000000A00C46CDCC4C3E6A
:1081E00000000000000000000AD7A33BCDCCCC3D2E
:1081F000CDCC4C3FCDCC4C3EA69B443B9A99193EEE
:108200000000003FCDCC4C3E00000000000000000C
:108210000000003F0000000000803B47000000001D
:1082200000000000000000000000003F000000000F
:1082300000803B470000000000000000000000003C
:108240000000003F0000000000803B4700000000ED
:1082500000000000000000000000003F00000000DF
:1082600000803B4700000000000000000000803F4D
:1082700000000000000000000000000000000000FE
:1082800000803B470000000000007A44F304353FC3
:1082900000000000000000000000000000000000DE
:1082A00000000000000000000000803F000000000F
:1082B0000000000000803B470000000000000000BC
:1082C0000000803F0000803F0000803F0000803FB2
:1082D00000803B4700000000000000000000803FDD
:1082E0000000803F0000803F0000803F0000DC4332
:1082F0000000803F0000803F000000000000000000
:1083000000000000F304353FF304353FFFFFFFFF9B
:10831000000000000000000000803B47000000005B
:10832000000000000000E0400000000000A00C463B
:10833000CDCC4C3E00000000000000000AD7A33B5B
:10834000CDCCCC3DCDCC4C3FCDCC4C3EA69B443B84
:108350009A99193E0000003FCDCC4C3E0000000031
:10836000000000000000003F0000000000803B47CC
:108370000000000000000000000000000000003FBE
:108380000000000000803B470000000000000000EB
:10839000000000000000003F0000000000803B479C
:1083A0000000000000000000000000000000003F8E
:1083B0000000000000803B470000000000000000BB
:1083C0000000803F000000000000000000000000EE
:1083D0000000000000803B470000000000007A44DD
:1083E000F304353F00000000000000000000000022
:1083F0000000000000000000000000000000803FBE
:10840000000000000000000000803B47000000006A
:10841000000000000000803F0000803F0000803F1F
:108420000000803F00803B4700000000000000008B
:108430000000803F0000803F0000803F0000803F40
:108440000000DC430000803F0000803F000000008F
:108450000000000000000000F304353FF304353F46
:10846000FFFFFFFF00000000000000009A99593F45
:10847000CDCCCC3D3333333F8FC2F53C9A99193E76
:108480003333B33E295C8F3E0000000000002040E3
:108490006666663F00000000000000400000003FEC
:1084A0009A99193F9A99193F000080400000803F37
:1084B000000000000000003FA69B443B9A99993EB3
:1084C0003333333F9A99993E6F12033BCDCCCC3E68
:1084D0000000003FCDCC4C3E0000803F0000803FBC
:1084E0000000803F0000803F0000803F0000803F90
:1084F0000000803F9A99193F0000003FCDCCCC3E50
:10850000CDCCCC3E9A99993E0000000000000000BE
:10851000000000000000000000000000000000005B
:10852000000000000000E0400000000000A00C4639
:10853000CDCC4C3E00000000000000000AD7A33B59
:10854000CDCCCC3DCDCC4C3FCDCC4C3EA69B443B82
:108550009A99193E0000003FCDCC4C3E000000002F
:10856000000000000000003F000000000000003F8D
:108570000000003F0000003F0000000000008040BD
:108580000000803F000000000000003FA69B443B2D
:108590009A99993E3333333F9A99993E6F12033B30
:1085A000CDCCCC3E0000003FCDCC4C3E0000803F07
:1085B0000000803F0000803F0000803F0000803FBF
:1085C0000000803F0000803F9A99193F0000003F63
:1085D000CDCCCC3ECDCCCC3E9A99993E000000004B
:1085E000000000000000000000000000000000008B
:1085F0000000000000803B47000000000000000079
:1086000000803B4700000000000000000000803FA9
:108610000000803F0000803F0000803F0000803F5E
:10862000000000000000803F00000000000000008B
:1086300000803B47000000000000000000803B4736
:1086400000000000000000000000803F0000803FAC
:108650000000803F0000803F0000803F00000000DD
:108660000000803F000000000000000000803B4749
:10867000000000000000000000803B4700000000F8
:10868000000000000000803F0000803F0000803FAD
:108690000000803F0000803F000000000000803F9D
:1086A000000000000000000000803B4700000000C8
:1086B0000000000000803B470000000000000000B8
:1086C0000000803F0000803F0000803F0000803FAE
:1086D0000000803F000000000000803F000000001C
:1086E0000000000000803B47000000000000000088
:1086F00000803B4700000000000000000000803FB9
:108700000000803F0000803F0000803F0000803F6D
:10871000000000000000803F00000000000000009A
:1087200000803B47000000000000000000803B4745
:1087300000000000000000000000803F0000803FBB
:108740000000803F0000803F0000803F00000000EC
:108750000000803F000000000000000064390100BC
:10876000040000000000803F0000DC430000803F68
:108770000000803FFFFFFFFF00000000000000003E
:10878000000080400000803F000000000000003F2B
:10879000A69B443B9A99993E3333333F9A99993E2D
:1087A0006F12033BCDCCCC3E0000003FCDCC4C3E05
:1087B0000000803F0000803F0000803F0000803FBD
:1087C0000000803F0000803F0000803F9A99193FE1
:1087D0000000003FCDCCCC3ECDCCCC3E9A99993E0A
:1087E0000000000000000000000000000000000089
:1087F000000000000000000000803B470000000077
:108800000000000000803B47000000000000000066
:108810000000803F0000803F0000803F0000803F5C
:108820000000803F000000000000803F00000000CA
:108830000000000000803B47000000000000000036
:1088400000803B4700000000000000000000803F67
:108850000000803F0000803F0000803F0000803F1C
:10886000000000000000803F000000000000000049
:1088700000803B47000000000000000000803B47F4
:1088800000000000000000000000803F0000803F6A
:108890000000803F0000803F0000803F000000009B
:1088A0000000803F000000000000000000803B4707
:1088B000000000000000000000803B4700000000B6
:1088C000000000000000803F0000803F0000803F6B
:1088D0000000803F0000803F000000000000803F5B
:1088E000000000000000000000803B470000000086
:1088F0000000000000803B47000000000000000076
:108900000000803F0000803F0000803F0000803F6B
:108910000000803F000000000000803F00000000D9
:108920000000000000803B47000000000000000045
:1089300000803B4700000000000000000000803F76
:108940000000803F0000803F0000803F0000803F2B
:10895000000000000000803F000000000000000058
:1089600064390100040000000000803F0000DC4387
:108970000000803F0000803FFFFFFFFF000000007D
:1089800000000000000080400000803F0000000068
:108990000000003FA69B443B9A99993E3333333FF6
:1089A0009A99993E6F12033BCDCCCC3E0000003F1C
:1089B000CDCC4C3E0000803F0000803F0000803F57
:1089C0000000803F0000803F0000803F0000803FAB
:1089D0009A99193F0000003FCDCCCC3ECDCCCC3E87
:1089E0009A99993E0000000000000000000000007D
:1089F00000000000000000000000000000803B4775
:108A0000000000000000000000803B470000000064
:108A1000000000000000803F0000803F0000803F19
:108A20000000803F0000803F000000000000803F09
:108A3000000000000000000000803B470000000034
:108A40000000000000803B47000000000000000024
:108A50000000803F0000803F0000803F0000803F1A
:108A60000000803F000000000000803F0000000088
:108A70000000000000803B470000000000000000F4
:108A800000803B4700000000000000000000803F25
:108A90000000803F0000803F0000803F0000803FDA
:108AA000000000000000803F000000000000000007
:108AB00000803B47000000000000000000803B47B2
:108AC00000000000000000000000803F0000803F28
:108AD0000000803F0000803F0000803F0000000059
:108AE0000000803F000000000000000000803B47C5
:108AF000000000000000000000803B470000000074
:108B0000000000000000803F0000803F0000803F28
:108B10000000803F0000803F000000000000803F18
:108B2000000000000000000000803B470000000043
:108B30000000000000803B47000000000000000033
:108B40000000803F0000803F0000803F0000803F29
:108B50000000803F000000000000803F0000000097
:108B60000000000064390100040000000000803FA4
:108B70000000DC430000803F0000803FFFFFFFFF5C
:108B80000000000000000000000080400000803F66
:108B9000000000000000003FA69B443B9A99993ECC
:108BA0003333333F9A99993E6F12033BCDCCCC3E81
:108BB0000000003FCDCC4C3E0000803F0000803FD5
:108BC0000000803F0000803F0000803F0000803FA9
:108BD0000000803F9A99193F0000003FCDCCCC3E69
:108BE000CDCCCC3E9A99993E0000000000000000D8
:108BF0000000000000000000000000000000000075
:108C000000803B47000000000000000000803B4760
:108C100000000000000000000000803F0000803FD6
:108C20000000803F0000803F0000803F0000000007
:108C30000000803F000000000000000000803B4773
:108C4000000000000000000000803B470000000022
:108C5000000000000000803F0000803F0000803FD7
:108C60000000803F0000803F000000000000803FC7
:108C7000000000000000000000803B4700000000F2
:108C80000000000000803B470000000000000000E2
:108C90000000803F0000803F0000803F0000803FD8
:108CA0000000803F000000000000803F0000000046
:108CB0000000000000803B470000000000000000B2
:108CC00000803B4700000000000000000000803FE3
:108CD0000000803F0000803F0000803F0000803F98
:108CE000000000000000803F0000000000000000C5
:108CF00000803B47000000000000000000803B4770
:108D000000000000000000000000803F0000803FE5
:108D10000000803F0000803F0000803F0000000016
:108D20000000803F000000000000000000803B4782
:108D3000000000000000000000803B470000000031
:108D4000000000000000803F0000803F0000803FE6
:108D50000000803F0000803F000000000000803FD6
:108D60000000000000000000643901000400000061
:108D70000000803F0000DC430000803F0000803F97
:108D8000FFFFFFFF0000000000000000D8380100D6
:108D9000E0380100E8380100F0380100FC3801003B
:108DA000043901000C390100143901001C3901009B
:108DB00028390100303901000002000100010101E1
:108DC000010003FFD7A3F03EB81EC53F48E1FA3EBD
:108DD00014AEE73F9A995940CDCC4C3F9A995940EF
:108DE000F6289C3F85EBD13E6666A63FE17A943E2D
:108DF000000000000000000001D600001DD30000AC
:108E0000CDD6000021D300000DD6000000000000E8
:108E10000000000059D80000A5DB0000A9DB00001D
:108E2000B1DB0000B9DB000071E1000075E100007A
:108E300079E100007DE100006E616E00696E660000
:108E40006F7666004008FE4340A004404408FE439D
:108E500044A004400018FE4300C004403000FE431C
:108E6000309004403400FE43349004401C18FE430C
:108E70001CC004401018FE4310C004400818FE43F4
:108E800008C004400C18FE430CC004400C10FE4304
:108E90000CB004401010FE4310B004401810FE4304
:108EA00018B004401C10FE431CB004401410FE43D4
:108EB00014B004400418FE4304C004400010FE43F4
:108EC00000B004400008FE4300A004400408FE4334
:108ED00004A004400C08FE430CA004400808FE4314
:108EE00008A004401418FE4314C004401818FE43A0
:108EF00018C004400410FE4304B004400810FE43B0
:108F000008B004406820FE4368D004401400FE43CB
:108F1000149004403800FE43389004403C00FE4367
:108F20003C9004404000FE43409004404808FE430B
:108F300048A004404C08FE434CA004402808FE43CF
:108F400028A004402C08FE432CA004406020FE43CF
:108F500060D004406420FE4364D004402010FE43EF
:108F600020B004402410FE4324B004402810FE43E7
:108F700028B004402C10FE432CB004404400FE43B3
:108F8000449004407000FE43709004407400FE431F
:108F9000749004406800FE43689004405008FE430B
:108FA00050A004405808FE4358A004405C08FE430B
:108FB0005CA004405408FE4354A004402018FE4323
:108FC00020C004402418FE4324C004401008FE437F
:108FD00010A004401408FE4314A004403818FE43B7
:108FE00038C004403418FE4334C004403018FE43F7
:108FF00030C004403C18FE433CC004402C18FE43E3
:109000002CC004402820FE4328D004402C20FE43DE
:109010002CD004400020FE4300D004400420FE4336
:1090200004D004400820FE4308D004400C20FE4336
:109030000CD004401020FE4310D004401420FE4306
:1090400014D004400000000000000000E1F4000023
:10905000D9F40000D5F40000D1F40000CDF40000F4
:10906000C9F40000C5F40000C1F4000000FFFFFFD8
:1090700000010000F824FF1F1200000000020000A1
:109080006024FF1F95000000050309042825FF1F29
:1090900000000000000300000C25FF1F000000007E
:1090A000010309041025FF1F00000000020309044A
:1090B0003825FF1F00000000030309045025FF1F8F
:1090C00000000000000000000000000000000000A0
:1090D0001519151519FFFFFF2880044080000000B6
:1090E00038FFFFFFFF020000000039FFFFFFFF0213
:1090F000000000005B0000002880044040000000E9
:1091000004FFFFFFFF0500000000031AFFFFFF053B
:10911000050000004A000000348004408000000088
:10912000263AFFFFFF0206000000253BFFFFFF027B
:1091300006000000190000003480044040000000D8
:1091400012112208300202050702131021072F0214
:1091500002050702180000000000000000000000E7
:109160007DFB0000A5FB000029E3000079FB000067
:1091700035FB000041FB000061FB0000DB0F49BF35
:10918000E4CB1640E4CB16C000000080DB0F494062
:10919000DB0F49C00000003F000000BF8071313F7D
:1091A000807131BFD1F71737D1F717B7000FC93F1B
:1091B000000F494000CB9640000FC9400053FB40D0
:1091C00000CB164100ED2F41000F494100316241B3
:1091D00000537B41003A8A4100CB9641005CA34199
:1091E00000EDAF41007EBC41000FC94100A0D54158
:1091F0000031E24100C2EE410053FB4100F2034264
:10920000003A0A420083104200CB164200141D426D
:10921000005C234200A5294200ED2F420036364271
:10922000007E3C4200C74242000F4942A2000000BB
:10923000F9000000830000006E0000004E000000F6
:10924000440000001500000029000000FC000000A0
:109250002700000057000000D1000000F5000000CA
:1092600034000000DD000000C0000000DB00000052
:109270006200000095000000990000003C00000022
:10928000430000009000000041000000FE000000CC
:109290005100000063000000AB000000DE00000091
:1092A000BB000000C500000061000000B700000026
:1092B000240000006E0000003A00000042000000A0
:1092C0004D000000D2000000E00000000600000099
:1092D000490000002E000000EA0000000900000024
:1092E000D1000000920000001C000000FE00000001
:1092F0001D000000EB0000001C000000B100000099
:1093000029000000A70000003E000000E800000067
:109310008200000035000000F50000002E00000073
:10932000BB0000004400000084000000E9000000D1
:109330009C0000007000000026000000B400000047
:109340005F0000007E0000004100000039000000C6
:1093500091000000D60000003900000083000000EA
:109360005300000039000000F40000009C000000E1
:10937000840000005F0000008B000000BD000000C2
:10938000F9000000280000003B0000001F00000062
:10939000F800000097000000FF000000DE00000061
:1093A00005000000980000000F000000EF00000022
:1093B0002F000000110000008B0000005A00000088
:1093C0000A0000006D0000001F0000006D0000009A
:1093D000360000007E000000CF00000027000000E3
:1093E000CB00000009000000B70000004F000000A3
:1093F000460000003F000000660000009E000000E4
:109400005F000000EA0000002D0000007500000071
:1094100027000000BA000000C7000000EB000000B9
:10942000E5000000F10000007B0000003D000000AE
:109430000700000039000000F70000008A0000006B
:109440005200000092000000EA0000006B000000E3
:10945000FB0000005F000000B10000001F000000E2
:109460008D0000005D0000000800000056000000B4
:10947000030000003000000046000000FC00000077
:109480007B0000006B000000AB000000F00000005B
:10949000CF000000BC000000200000009A00000087
:1094A000F4000000360000001D000000A9000000CC
:1094B000E300000091000000610000005E00000079
:1094C000E60000001B00000008000000650000002E
:1094D00099000000850000005F00000014000000FB
:1094E000A000000068000000400000008D000000A7
:1094F000FF000000D8000000800000004D000000C8
:10950000730000002700000031000000060000008A
:10951000060000001500000056000000CA00000010
:1095200073000000A8000000C900000060000000F7
:10953000E20000007B000000C00000008C00000082
:109540006B0000003863ED3EDA0F493F5E987B3FC9
:10955000DA0FC93F6937AC3168212233B40F1433B5
:109560006821A2330000C93F0000F0390000DA375B
:109570000000A2330000842E0000502B0000C22700
:109580000000D0220000C41F0000C61B00004417CA
:10959000040000000700000009000000F8B500BF4B
:1095A000F8BC08BC9E467047A53501003504000094
:0C95B00009D2000089DA0000EDE20000A2
:0495BC00F8B500BF3F
:0895C0006865FF7F0100000057
:1095C80000000000E00F00204C90010000000000A7
:1095D800E803000000000000FFFFFFFF010A04008D
:1095E80009029500030100C032080B0002020201C3
:1095F8000009040000010202010005240010010511
:10960800240101010424020605240600010705813E
:109618000310004009040100020A000000070502C7
:10962800024000000705830240000009040200020E
:10963800010300000724010001250006240201019E
:10964800050624020202050924030103010201059B
:10965800092403020401010105090505024000006F
:1096680000000525010101090584024000000000F1
:10967800052501010300000012011001000000404F
:10968800C0168904770201020301000004030904DB
:1096980018035400650065006E00730079006400CB
:1096A800750069006E006F000E0350006F007200B5
:1096B80074002000310000001803540065006500A4
:1096C8006E007300790020004D00490044004900F5
:1096D8000C03000000000000000000000000000073
:1096E8000000000000000000609101000000000080
:1096F800E803000000000000006006403891010007
:109708000000000000000000000000000000000051
:109718000000000000000000000000000000000041
:109728000000000000000000000000000000000031
:109738000000000000000000000000000000000021
:109748000000000000000000000000000000000011
:109758000000000000000000000000000000000001
:1097680000000000000000000000000000000000F1
:1097780000000000000000000000000000000000E1
:1097880000000000000000000000000000000000D1
:1097980000000000000000000000000000000000C1
:1097A80000000000000000000000000000000000B1
:1097B80000000000000000000000000000000000A1
:1097C8000000000000000000000000000000000091
:1097D8000000000000000000000000000000000081
:1097E8000000000000000000000000000000000071
:1097F8000000000000000000000000000000000061
:109808000000000000000000000000000000000050
:109818000000000000000000000000000000000040
:10982800000000006091010000000000E803000053
:1098380000000000007006401891010000000000C0
:109848000000000000000000000000000000000010
:109858000000000000000000000000000000000000
:1098680000000000000000000000000000000000F0
:1098780000000000000000000000000000000000E0
:1098880000000000000000000000000000000000D0
:1098980000000000000000000000000000000000C0
:1098A80000000000000000000000000000000000B0
:1098B80000000000000000000000000000000000A0
:1098C8000000000000000000000000000000000090
:1098D8000000000000000000000000000000000080
:1098E8000000000000000000000000000000000070
:1098F8000000000000000000000000000000000060
:10990800000000000000000000000000000000004F
:10991800000000000000000000000000000000003F
:10992800000000000000000000000000000000002F
:10993800000000000000000000000000000000001F
:10994800000000000000000000000000000000000F
:1099580000000000000000000000000000000000FF
:109968006091010000000000E80300000000000012
:1099780000600E40F89001000000000000000000A8
:1099880000000000000000000000000000000000CF
:1099980000000000000000000000000000000000BF
:1099A80000000000000000000000000000000000AF
:1099B800000000000000000000000000000000009F
:1099C800000000000000000000000000000000008F
:1099D800000000000000000000000000000000007F
:1099E800000000000000000000000000000000006F
:1099F800000000000000000000000000000000005F
:109A0800000000000000000000000000000000004E
:109A1800000000000000000000000000000000003E
:109A2800000000000000000000000000000000002E
:109A3800000000000000000000000000000000001E
:109A4800000000000000000000000000000000000E
:109A580000000000000000000000000000000000FE
:109A680000000000000000000000000000000000EE
:109A780000000000000000000000000000000000DE
:109A880000000000000000000000000000000000CE
:109A980000000000000000000000000060910100CC
:109AA80000000000E80300000000000000700E4005
:109AB800D890010000000000000000000000000035
:109AC800000000000000000000000000000000008E
:109AD800000000000000000000000000000000007E
:109AE800000000000000000000000000000000006E
:109AF800000000000000000000000000000000005E
:109B0800000000000000000000000000000000004D
:109B1800000000000000000000000000000000003D
:109B2800000000000000000000000000000000002D
:109B3800000000000000000000000000000000001D
:109B4800000000000000000000000000000000000D
:109B580000000000000000000000000000000000FD
:109B680000000000000000000000000000000000ED
:109B780000000000000000000000000000000000DD
:109B880000000000000000000000000000000000CD
:109B980000000000000000000000000000000000BD
:109BA80000000000000000000000000000000000AD
:109BB800000000000000000000000000000000009D
:109BC800000000000000000000000000000000008D
:109BD80000000000000000000000803F6042A20D6D
:109BE800000000400000000000000000642AFF1F81
:109BF800642AFF1F6C2AFF1F6C2AFF1F742AFF1F8D
:109C0800742AFF1F7C2AFF1F7C2AFF1F842AFF1F3C
:109C1800842AFF1F8C2AFF1F8C2AFF1F942AFF1FEC
:109C2800942AFF1F9C2AFF1F9C2AFF1FA42AFF1F9C
:109C3800A42AFF1FAC2AFF1FAC2AFF1FB42AFF1F4C
:109C4800B42AFF1FBC2AFF1FBC2AFF1FC42AFF1FFC
:109C5800C42AFF1FCC2AFF1FCC2AFF1FD42AFF1FAC
:109C6800D42AFF1FDC2AFF1FDC2AFF1FE42AFF1F5C
:109C7800E42AFF1FEC2AFF1FEC2AFF1FF42AFF1F0C
:109C8800F42AFF1FFC2AFF1FFC2AFF1F042BFF1FBB
:109C9800042BFF1F0C2BFF1F0C2BFF1F142BFF1F68
:109CA800142BFF1F1C2BFF1F1C2BFF1F242BFF1F18
:109CB800242BFF1F2C2BFF1F2C2BFF1F342BFF1FC8
:109CC800342BFF1F3C2BFF1F3C2BFF1F442BFF1F78
:109CD800442BFF1F4C2BFF1F4C2BFF1F542BFF1F28
:109CE800542BFF1F5C2BFF1F5C2BFF1F642BFF1FD8
:109CF800642BFF1F6C2BFF1F6C2BFF1F742BFF1F88
:109D0800742BFF1F7C2BFF1F7C2BFF1F842BFF1F37
:109D1800842BFF1F8C2BFF1F8C2BFF1F942BFF1FE7
:109D2800942BFF1F9C2BFF1F9C2BFF1FA42BFF1F97
:109D3800A42BFF1FAC2BFF1FAC2BFF1FB42BFF1F47
:109D4800B42BFF1FBC2BFF1FBC2BFF1FC42BFF1FF7
:109D5800C42BFF1FCC2BFF1FCC2BFF1FD42BFF1FA7
:109D6800D42BFF1FDC2BFF1FDC2BFF1FE42BFF1F57
:109D7800E42BFF1FEC2BFF1FEC2BFF1FF42BFF1F07
:109D8800F42BFF1FFC2BFF1FFC2BFF1F042CFF1FB6
:109D9800042CFF1F0C2CFF1F0C2CFF1F142CFF1F63
:109DA800142CFF1F1C2CFF1F1C2CFF1F242CFF1F13
:109DB800242CFF1F2C2CFF1F2C2CFF1F342CFF1FC3
:109DC800342CFF1F3C2CFF1F3C2CFF1F442CFF1F73
:109DD800442CFF1F4C2CFF1F4C2CFF1F542CFF1F23
:109DE800542CFF1F5C2CFF1F5C2CFF1F642CFF1FD3
:109DF800642CFF1F6C2CFF1F6C2CFF1F742CFF1F83
:109E0800742CFF1F7C2CFF1F7C2CFF1F842CFF1F32
:109E1800842CFF1F8C2CFF1F8C2CFF1F942CFF1FE2
:109E2800942CFF1F9C2CFF1F9C2CFF1FA42CFF1F92
:109E3800A42CFF1FAC2CFF1FAC2CFF1FB42CFF1F42
:109E4800B42CFF1FBC2CFF1FBC2CFF1FC42CFF1FF2
:109E5800C42CFF1FCC2CFF1FCC2CFF1FD42CFF1FA2
:109E6800D42CFF1FDC2CFF1FDC2CFF1FE42CFF1F52
:109E7800E42CFF1FEC2CFF1FEC2CFF1FF42CFF1F02
:109E8800F42CFF1FFC2CFF1FFC2CFF1F042DFF1FB1
:109E9800042DFF1F0C2DFF1F0C2DFF1F142DFF1F5E
:109EA800142DFF1F1C2DFF1F1C2DFF1F242DFF1F0E
:109EB800242DFF1F2C2DFF1F2C2DFF1F342DFF1FBE
:109EC800342DFF1F3C2DFF1F3C2DFF1F442DFF1F6E
:109ED800442DFF1F4C2DFF1F4C2DFF1F542DFF1F1E
:109EE800542DFF1F5C2DFF1F5C2DFF1F642DFF1FCE
:109EF800642DFF1F6C2DFF1F6C2DFF1F742DFF1F7E
:109F0800742DFF1F7C2DFF1F7C2DFF1F842DFF1F2D
:109F1800842DFF1F8C2DFF1F8C2DFF1F942DFF1FDD
:109F2800942DFF1F9C2DFF1F9C2DFF1FA42DFF1F8D
:109F3800A42DFF1FAC2DFF1FAC2DFF1FB42DFF1F3D
:109F4800B42DFF1FBC2DFF1FBC2DFF1FC42DFF1FED
:109F5800C42DFF1FCC2DFF1FCC2DFF1FD42DFF1F9D
:109F6800D42DFF1FDC2DFF1FDC2DFF1FE42DFF1F4D
:109F7800E42DFF1FEC2DFF1FEC2DFF1FF42DFF1FFD
:109F8800F42DFF1FFC2DFF1FFC2DFF1F042EFF1FAC
:109F9800042EFF1F0C2EFF1F0C2EFF1F142EFF1F59
:109FA800142EFF1F1C2EFF1F1C2EFF1F242EFF1F09
:109FB800242EFF1F2C2EFF1F2C2EFF1F342EFF1FB9
:109FC800342EFF1F3C2EFF1F3C2EFF1F442EFF1F69
:109FD800442EFF1F4C2EFF1F4C2EFF1F542EFF1F19
:109FE800542EFF1F5C2EFF1F5C2EFF1FFFFFFFFF7D
:109FF800000002000000000000000000080D002022
:10A00800700D0020D80D00200000000000000000A6
:10A018000000000000000000000000000000000038
:10A028000000000000000000000000000000000028
:10A038000000000000000000000000000000000018
:10A048000000000000000000000000000000000008
:10A0580000000000000000000000000000000000F8
:10A0680000000000000000000000000000000000E8
:10A0780000000000000000000000000000000000D8
:10A0880000000000000000000000000000000000C8
:10A0980001000000000000000E33CDAB34126DE665
:10A0A800ECDE05000B0000000000000000000000CE
:10A0B8000000000000000000000000000000000098
:10A0C8000000000000000000000000000000000088
:10A0D8000000000000000000000000000000000078
:10A0E8000000000000000000000000000000000068
:10A0F8000000000000000000000000000000000058
:10A108000000000000000000000000000000000047
:10A118000000000000000000782EFF1F400E002005
:00000001FF
