:0200000460009A
:100000004643464200000156000000000103030081
:1000100000000000000000000000000000000000E0
:1000200000000000000000000000000000000000D0
:1000300000000000000000000000000000000000C0
:1000400000000000010408000000000000000000A3
:100050000000800000000000000000000000000020
:100060000000000000000000000000000000000090
:100070000000000000000000000000000000000080
:10008000EB04180A063204260000000000000000FD
:10009000050404240000000000000000000000002F
:1000A0000000000000000000000000000000000050
:1000B0000604000000000000000000000000000036
:1000C0000000000000000000000000000000000030
:1000D00020041808000000000000000000000000DC
:1000E0000000000000000000000000000000000010
:1000F0000000000000000000000000000000000000
:10010000D8041808000000000000000000000000F3
:100110000204180804200000000000000000000095
:1001200000000000000000000000000000000000CF
:10013000600400000000000000000000000000005B
:1001400000000000000000000000000000000000AF
:10015000000000000000000000000000000000009F
:10016000000000000000000000000000000000008F
:10017000000000000000000000000000000000007F
:10018000000000000000000000000000000000006F
:10019000000000000000000000000000000000005F
:1001A000000000000000000000000000000000004F
:1001B000000000000000000000000000000000003F
:1001C000000100000010000001000000000000001D
:1001D000000001000000000000000000000000001E
:1001E000000000000000000000000000000000000F
:1001F00000000000000000000000000000000000FF
:10020000FFFFFFFFFFFFFFFFFFFFFFFFFFFFFFFFFE
:10021000FFFFFFFFFFFFFFFFFFFFFFFFFFFFFFFFEE
:10022000FFFFFFFFFFFFFFFFFFFFFFFFFFFFFFFFDE
:10023000FFFFFFFFFFFFFFFFFFFFFFFFFFFFFFFFCE
:10024000FFFFFFFFFFFFFFFFFFFFFFFFFFFFFFFFBE
:10025000FFFFFFFFFFFFFFFFFFFFFFFFFFFFFFFFAE
:10026000FFFFFFFFFFFFFFFFFFFFFFFFFFFFFFFF9E
:10027000FFFFFFFFFFFFFFFFFFFFFFFFFFFFFFFF8E
:10028000FFFFFFFFFFFFFFFFFFFFFFFFFFFFFFFF7E
:10029000FFFFFFFFFFFFFFFFFFFFFFFFFFFFFFFF6E
:1002A000FFFFFFFFFFFFFFFFFFFFFFFFFFFFFFFF5E
:1002B000FFFFFFFFFFFFFFFFFFFFFFFFFFFFFFFF4E
:1002C000FFFFFFFFFFFFFFFFFFFFFFFFFFFFFFFF3E
:1002D000FFFFFFFFFFFFFFFFFFFFFFFFFFFFFFFF2E
:1002E000FFFFFFFFFFFFFFFFFFFFFFFFFFFFFFFF1E
:1002F000FFFFFFFFFFFFFFFFFFFFFFFFFFFFFFFF0E
:10030000FFFFFFFFFFFFFFFFFFFFFFFFFFFFFFFFFD
:10031000FFFFFFFFFFFFFFFFFFFFFFFFFFFFFFFFED
:10032000FFFFFFFFFFFFFFFFFFFFFFFFFFFFFFFFDD
:10033000FFFFFFFFFFFFFFFFFFFFFFFFFFFFFFFFCD
:10034000FFFFFFFFFFFFFFFFFFFFFFFFFFFFFFFFBD
:10035000FFFFFFFFFFFFFFFFFFFFFFFFFFFFFFFFAD
:10036000FFFFFFFFFFFFFFFFFFFFFFFFFFFFFFFF9D
:10037000FFFFFFFFFFFFFFFFFFFFFFFFFFFFFFFF8D
:10038000FFFFFFFFFFFFFFFFFFFFFFFFFFFFFFFF7D
:10039000FFFFFFFFFFFFFFFFFFFFFFFFFFFFFFFF6D
:1003A000FFFFFFFFFFFFFFFFFFFFFFFFFFFFFFFF5D
:1003B000FFFFFFFFFFFFFFFFFFFFFFFFFFFFFFFF4D
:1003C000FFFFFFFFFFFFFFFFFFFFFFFFFFFFFFFF3D
:1003D000FFFFFFFFFFFFFFFFFFFFFFFFFFFFFFFF2D
:1003E000FFFFFFFFFFFFFFFFFFFFFFFFFFFFFFFF1D
:1003F000FFFFFFFFFFFFFFFFFFFFFFFFFFFFFFFF0D
:10040000FFFFFFFFFFFFFFFFFFFFFFFFFFFFFFFFFC
:10041000FFFFFFFFFFFFFFFFFFFFFFFFFFFFFFFFEC
:10042000FFFFFFFFFFFFFFFFFFFFFFFFFFFFFFFFDC
:10043000FFFFFFFFFFFFFFFFFFFFFFFFFFFFFFFFCC
:10044000FFFFFFFFFFFFFFFFFFFFFFFFFFFFFFFFBC
:10045000FFFFFFFFFFFFFFFFFFFFFFFFFFFFFFFFAC
:10046000FFFFFFFFFFFFFFFFFFFFFFFFFFFFFFFF9C
:10047000FFFFFFFFFFFFFFFFFFFFFFFFFFFFFFFF8C
:10048000FFFFFFFFFFFFFFFFFFFFFFFFFFFFFFFF7C
:10049000FFFFFFFFFFFFFFFFFFFFFFFFFFFFFFFF6C
:1004A000FFFFFFFFFFFFFFFFFFFFFFFFFFFFFFFF5C
:1004B000FFFFFFFFFFFFFFFFFFFFFFFFFFFFFFFF4C
:1004C000FFFFFFFFFFFFFFFFFFFFFFFFFFFFFFFF3C
:1004D000FFFFFFFFFFFFFFFFFFFFFFFFFFFFFFFF2C
:1004E000FFFFFFFFFFFFFFFFFFFFFFFFFFFFFFFF1C
:1004F000FFFFFFFFFFFFFFFFFFFFFFFFFFFFFFFF0C
:10050000FFFFFFFFFFFFFFFFFFFFFFFFFFFFFFFFFB
:10051000FFFFFFFFFFFFFFFFFFFFFFFFFFFFFFFFEB
:10052000FFFFFFFFFFFFFFFFFFFFFFFFFFFFFFFFDB
:10053000FFFFFFFFFFFFFFFFFFFFFFFFFFFFFFFFCB
:10054000FFFFFFFFFFFFFFFFFFFFFFFFFFFFFFFFBB
:10055000FFFFFFFFFFFFFFFFFFFFFFFFFFFFFFFFAB
:10056000FFFFFFFFFFFFFFFFFFFFFFFFFFFFFFFF9B
:10057000FFFFFFFFFFFFFFFFFFFFFFFFFFFFFFFF8B
:10058000FFFFFFFFFFFFFFFFFFFFFFFFFFFFFFFF7B
:10059000FFFFFFFFFFFFFFFFFFFFFFFFFFFFFFFF6B
:1005A000FFFFFFFFFFFFFFFFFFFFFFFFFFFFFFFF5B
:1005B000FFFFFFFFFFFFFFFFFFFFFFFFFFFFFFFF4B
:1005C000FFFFFFFFFFFFFFFFFFFFFFFFFFFFFFFF3B
:1005D000FFFFFFFFFFFFFFFFFFFFFFFFFFFFFFFF2B
:1005E000FFFFFFFFFFFFFFFFFFFFFFFFFFFFFFFF1B
:1005F000FFFFFFFFFFFFFFFFFFFFFFFFFFFFFFFF0B
:10060000FFFFFFFFFFFFFFFFFFFFFFFFFFFFFFFFFA
:10061000FFFFFFFFFFFFFFFFFFFFFFFFFFFFFFFFEA
:10062000FFFFFFFFFFFFFFFFFFFFFFFFFFFFFFFFDA
:10063000FFFFFFFFFFFFFFFFFFFFFFFFFFFFFFFFCA
:10064000FFFFFFFFFFFFFFFFFFFFFFFFFFFFFFFFBA
:10065000FFFFFFFFFFFFFFFFFFFFFFFFFFFFFFFFAA
:10066000FFFFFFFFFFFFFFFFFFFFFFFFFFFFFFFF9A
:10067000FFFFFFFFFFFFFFFFFFFFFFFFFFFFFFFF8A
:10068000FFFFFFFFFFFFFFFFFFFFFFFFFFFFFFFF7A
:10069000FFFFFFFFFFFFFFFFFFFFFFFFFFFFFFFF6A
:1006A000FFFFFFFFFFFFFFFFFFFFFFFFFFFFFFFF5A
:1006B000FFFFFFFFFFFFFFFFFFFFFFFFFFFFFFFF4A
:1006C000FFFFFFFFFFFFFFFFFFFFFFFFFFFFFFFF3A
:1006D000FFFFFFFFFFFFFFFFFFFFFFFFFFFFFFFF2A
:1006E000FFFFFFFFFFFFFFFFFFFFFFFFFFFFFFFF1A
:1006F000FFFFFFFFFFFFFFFFFFFFFFFFFFFFFFFF0A
:10070000FFFFFFFFFFFFFFFFFFFFFFFFFFFFFFFFF9
:10071000FFFFFFFFFFFFFFFFFFFFFFFFFFFFFFFFE9
:10072000FFFFFFFFFFFFFFFFFFFFFFFFFFFFFFFFD9
:10073000FFFFFFFFFFFFFFFFFFFFFFFFFFFFFFFFC9
:10074000FFFFFFFFFFFFFFFFFFFFFFFFFFFFFFFFB9
:10075000FFFFFFFFFFFFFFFFFFFFFFFFFFFFFFFFA9
:10076000FFFFFFFFFFFFFFFFFFFFFFFFFFFFFFFF99
:10077000FFFFFFFFFFFFFFFFFFFFFFFFFFFFFFFF89
:10078000FFFFFFFFFFFFFFFFFFFFFFFFFFFFFFFF79
:10079000FFFFFFFFFFFFFFFFFFFFFFFFFFFFFFFF69
:1007A000FFFFFFFFFFFFFFFFFFFFFFFFFFFFFFFF59
:1007B000FFFFFFFFFFFFFFFFFFFFFFFFFFFFFFFF49
:1007C000FFFFFFFFFFFFFFFFFFFFFFFFFFFFFFFF39
:1007D000FFFFFFFFFFFFFFFFFFFFFFFFFFFFFFFF29
:1007E000FFFFFFFFFFFFFFFFFFFFFFFFFFFFFFFF19
:1007F000FFFFFFFFFFFFFFFFFFFFFFFFFFFFFFFF09
:10080000FFFFFFFFFFFFFFFFFFFFFFFFFFFFFFFFF8
:10081000FFFFFFFFFFFFFFFFFFFFFFFFFFFFFFFFE8
:10082000FFFFFFFFFFFFFFFFFFFFFFFFFFFFFFFFD8
:10083000FFFFFFFFFFFFFFFFFFFFFFFFFFFFFFFFC8
:10084000FFFFFFFFFFFFFFFFFFFFFFFFFFFFFFFFB8
:10085000FFFFFFFFFFFFFFFFFFFFFFFFFFFFFFFFA8
:10086000FFFFFFFFFFFFFFFFFFFFFFFFFFFFFFFF98
:10087000FFFFFFFFFFFFFFFFFFFFFFFFFFFFFFFF88
:10088000FFFFFFFFFFFFFFFFFFFFFFFFFFFFFFFF78
:10089000FFFFFFFFFFFFFFFFFFFFFFFFFFFFFFFF68
:1008A000FFFFFFFFFFFFFFFFFFFFFFFFFFFFFFFF58
:1008B000FFFFFFFFFFFFFFFFFFFFFFFFFFFFFFFF48
:1008C000FFFFFFFFFFFFFFFFFFFFFFFFFFFFFFFF38
:1008D000FFFFFFFFFFFFFFFFFFFFFFFFFFFFFFFF28
:1008E000FFFFFFFFFFFFFFFFFFFFFFFFFFFFFFFF18
:1008F000FFFFFFFFFFFFFFFFFFFFFFFFFFFFFFFF08
:10090000FFFFFFFFFFFFFFFFFFFFFFFFFFFFFFFFF7
:10091000FFFFFFFFFFFFFFFFFFFFFFFFFFFFFFFFE7
:10092000FFFFFFFFFFFFFFFFFFFFFFFFFFFFFFFFD7
:10093000FFFFFFFFFFFFFFFFFFFFFFFFFFFFFFFFC7
:10094000FFFFFFFFFFFFFFFFFFFFFFFFFFFFFFFFB7
:10095000FFFFFFFFFFFFFFFFFFFFFFFFFFFFFFFFA7
:10096000FFFFFFFFFFFFFFFFFFFFFFFFFFFFFFFF97
:10097000FFFFFFFFFFFFFFFFFFFFFFFFFFFFFFFF87
:10098000FFFFFFFFFFFFFFFFFFFFFFFFFFFFFFFF77
:10099000FFFFFFFFFFFFFFFFFFFFFFFFFFFFFFFF67
:1009A000FFFFFFFFFFFFFFFFFFFFFFFFFFFFFFFF57
:1009B000FFFFFFFFFFFFFFFFFFFFFFFFFFFFFFFF47
:1009C000FFFFFFFFFFFFFFFFFFFFFFFFFFFFFFFF37
:1009D000FFFFFFFFFFFFFFFFFFFFFFFFFFFFFFFF27
:1009E000FFFFFFFFFFFFFFFFFFFFFFFFFFFFFFFF17
:1009F000FFFFFFFFFFFFFFFFFFFFFFFFFFFFFFFF07
:100A0000FFFFFFFFFFFFFFFFFFFFFFFFFFFFFFFFF6
:100A1000FFFFFFFFFFFFFFFFFFFFFFFFFFFFFFFFE6
:100A2000FFFFFFFFFFFFFFFFFFFFFFFFFFFFFFFFD6
:100A3000FFFFFFFFFFFFFFFFFFFFFFFFFFFFFFFFC6
:100A4000FFFFFFFFFFFFFFFFFFFFFFFFFFFFFFFFB6
:100A5000FFFFFFFFFFFFFFFFFFFFFFFFFFFFFFFFA6
:100A6000FFFFFFFFFFFFFFFFFFFFFFFFFFFFFFFF96
:100A7000FFFFFFFFFFFFFFFFFFFFFFFFFFFFFFFF86
:100A8000FFFFFFFFFFFFFFFFFFFFFFFFFFFFFFFF76
:100A9000FFFFFFFFFFFFFFFFFFFFFFFFFFFFFFFF66
:100AA000FFFFFFFFFFFFFFFFFFFFFFFFFFFFFFFF56
:100AB000FFFFFFFFFFFFFFFFFFFFFFFFFFFFFFFF46
:100AC000FFFFFFFFFFFFFFFFFFFFFFFFFFFFFFFF36
:100AD000FFFFFFFFFFFFFFFFFFFFFFFFFFFFFFFF26
:100AE000FFFFFFFFFFFFFFFFFFFFFFFFFFFFFFFF16
:100AF000FFFFFFFFFFFFFFFFFFFFFFFFFFFFFFFF06
:100B0000FFFFFFFFFFFFFFFFFFFFFFFFFFFFFFFFF5
:100B1000FFFFFFFFFFFFFFFFFFFFFFFFFFFFFFFFE5
:100B2000FFFFFFFFFFFFFFFFFFFFFFFFFFFFFFFFD5
:100B3000FFFFFFFFFFFFFFFFFFFFFFFFFFFFFFFFC5
:100B4000FFFFFFFFFFFFFFFFFFFFFFFFFFFFFFFFB5
:100B5000FFFFFFFFFFFFFFFFFFFFFFFFFFFFFFFFA5
:100B6000FFFFFFFFFFFFFFFFFFFFFFFFFFFFFFFF95
:100B7000FFFFFFFFFFFFFFFFFFFFFFFFFFFFFFFF85
:100B8000FFFFFFFFFFFFFFFFFFFFFFFFFFFFFFFF75
:100B9000FFFFFFFFFFFFFFFFFFFFFFFFFFFFFFFF65
:100BA000FFFFFFFFFFFFFFFFFFFFFFFFFFFFFFFF55
:100BB000FFFFFFFFFFFFFFFFFFFFFFFFFFFFFFFF45
:100BC000FFFFFFFFFFFFFFFFFFFFFFFFFFFFFFFF35
:100BD000FFFFFFFFFFFFFFFFFFFFFFFFFFFFFFFF25
:100BE000FFFFFFFFFFFFFFFFFFFFFFFFFFFFFFFF15
:100BF000FFFFFFFFFFFFFFFFFFFFFFFFFFFFFFFF05
:100C0000FFFFFFFFFFFFFFFFFFFFFFFFFFFFFFFFF4
:100C1000FFFFFFFFFFFFFFFFFFFFFFFFFFFFFFFFE4
:100C2000FFFFFFFFFFFFFFFFFFFFFFFFFFFFFFFFD4
:100C3000FFFFFFFFFFFFFFFFFFFFFFFFFFFFFFFFC4
:100C4000FFFFFFFFFFFFFFFFFFFFFFFFFFFFFFFFB4
:100C5000FFFFFFFFFFFFFFFFFFFFFFFFFFFFFFFFA4
:100C6000FFFFFFFFFFFFFFFFFFFFFFFFFFFFFFFF94
:100C7000FFFFFFFFFFFFFFFFFFFFFFFFFFFFFFFF84
:100C8000FFFFFFFFFFFFFFFFFFFFFFFFFFFFFFFF74
:100C9000FFFFFFFFFFFFFFFFFFFFFFFFFFFFFFFF64
:100CA000FFFFFFFFFFFFFFFFFFFFFFFFFFFFFFFF54
:100CB000FFFFFFFFFFFFFFFFFFFFFFFFFFFFFFFF44
:100CC000FFFFFFFFFFFFFFFFFFFFFFFFFFFFFFFF34
:100CD000FFFFFFFFFFFFFFFFFFFFFFFFFFFFFFFF24
:100CE000FFFFFFFFFFFFFFFFFFFFFFFFFFFFFFFF14
:100CF000FFFFFFFFFFFFFFFFFFFFFFFFFFFFFFFF04
:100D0000FFFFFFFFFFFFFFFFFFFFFFFFFFFFFFFFF3
:100D1000FFFFFFFFFFFFFFFFFFFFFFFFFFFFFFFFE3
:100D2000FFFFFFFFFFFFFFFFFFFFFFFFFFFFFFFFD3
:100D3000FFFFFFFFFFFFFFFFFFFFFFFFFFFFFFFFC3
:100D4000FFFFFFFFFFFFFFFFFFFFFFFFFFFFFFFFB3
:100D5000FFFFFFFFFFFFFFFFFFFFFFFFFFFFFFFFA3
:100D6000FFFFFFFFFFFFFFFFFFFFFFFFFFFFFFFF93
:100D7000FFFFFFFFFFFFFFFFFFFFFFFFFFFFFFFF83
:100D8000FFFFFFFFFFFFFFFFFFFFFFFFFFFFFFFF73
:100D9000FFFFFFFFFFFFFFFFFFFFFFFFFFFFFFFF63
:100DA000FFFFFFFFFFFFFFFFFFFFFFFFFFFFFFFF53
:100DB000FFFFFFFFFFFFFFFFFFFFFFFFFFFFFFFF43
:100DC000FFFFFFFFFFFFFFFFFFFFFFFFFFFFFFFF33
:100DD000FFFFFFFFFFFFFFFFFFFFFFFFFFFFFFFF23
:100DE000FFFFFFFFFFFFFFFFFFFFFFFFFFFFFFFF13
:100DF000FFFFFFFFFFFFFFFFFFFFFFFFFFFFFFFF03
:100E0000FFFFFFFFFFFFFFFFFFFFFFFFFFFFFFFFF2
:100E1000FFFFFFFFFFFFFFFFFFFFFFFFFFFFFFFFE2
:100E2000FFFFFFFFFFFFFFFFFFFFFFFFFFFFFFFFD2
:100E3000FFFFFFFFFFFFFFFFFFFFFFFFFFFFFFFFC2
:100E4000FFFFFFFFFFFFFFFFFFFFFFFFFFFFFFFFB2
:100E5000FFFFFFFFFFFFFFFFFFFFFFFFFFFFFFFFA2
:100E6000FFFFFFFFFFFFFFFFFFFFFFFFFFFFFFFF92
:100E7000FFFFFFFFFFFFFFFFFFFFFFFFFFFFFFFF82
:100E8000FFFFFFFFFFFFFFFFFFFFFFFFFFFFFFFF72
:100E9000FFFFFFFFFFFFFFFFFFFFFFFFFFFFFFFF62
:100EA000FFFFFFFFFFFFFFFFFFFFFFFFFFFFFFFF52
:100EB000FFFFFFFFFFFFFFFFFFFFFFFFFFFFFFFF42
:100EC000FFFFFFFFFFFFFFFFFFFFFFFFFFFFFFFF32
:100ED000FFFFFFFFFFFFFFFFFFFFFFFFFFFFFFFF22
:100EE000FFFFFFFFFFFFFFFFFFFFFFFFFFFFFFFF12
:100EF000FFFFFFFFFFFFFFFFFFFFFFFFFFFFFFFF02
:100F0000FFFFFFFFFFFFFFFFFFFFFFFFFFFFFFFFF1
:100F1000FFFFFFFFFFFFFFFFFFFFFFFFFFFFFFFFE1
:100F2000FFFFFFFFFFFFFFFFFFFFFFFFFFFFFFFFD1
:100F3000FFFFFFFFFFFFFFFFFFFFFFFFFFFFFFFFC1
:100F4000FFFFFFFFFFFFFFFFFFFFFFFFFFFFFFFFB1
:100F5000FFFFFFFFFFFFFFFFFFFFFFFFFFFFFFFFA1
:100F6000FFFFFFFFFFFFFFFFFFFFFFFFFFFFFFFF91
:100F7000FFFFFFFFFFFFFFFFFFFFFFFFFFFFFFFF81
:100F8000FFFFFFFFFFFFFFFFFFFFFFFFFFFFFFFF71
:100F9000FFFFFFFFFFFFFFFFFFFFFFFFFFFFFFFF61
:100FA000FFFFFFFFFFFFFFFFFFFFFFFFFFFFFFFF51
:100FB000FFFFFFFFFFFFFFFFFFFFFFFFFFFFFFFF41
:100FC000FFFFFFFFFFFFFFFFFFFFFFFFFFFFFFFF31
:100FD000FFFFFFFFFFFFFFFFFFFFFFFFFFFFFFFF21
:100FE000FFFFFFFFFFFFFFFFFFFFFFFFFFFFFFFF11
:100FF000FFFFFFFFFFFFFFFFFFFFFFFFFFFFFFFF01
:10100000D1002043F1150060000000000000000046
:101010002010006000100060001803600000000055
:10102000000000600024030000000000FFFFFFFF3D
:10103000FFFFFFFFFFFFFFFFFFFFFFFFFFFFFFFFC0
:10104000FFFFFFFFFFFFFFFFFFFFFFFFFFFFFFFFB0
:10105000FFFFFFFFFFFFFFFFFFFFFFFFFFFFFFFFA0
:10106000FFFFFFFFFFFFFFFFFFFFFFFFFFFFFFFF90
:10107000FFFFFFFFFFFFFFFFFFFFFFFFFFFFFFFF80
:10108000FFFFFFFFFFFFFFFFFFFFFFFFFFFFFFFF70
:10109000FFFFFFFFFFFFFFFFFFFFFFFFFFFFFFFF60
:1010A000FFFFFFFFFFFFFFFFFFFFFFFFFFFFFFFF50
:1010B000FFFFFFFFFFFFFFFFFFFFFFFFFFFFFFFF40
:1010C000FFFFFFFFFFFFFFFFFFFFFFFFFFFFFFFF30
:1010D000FFFFFFFFFFFFFFFFFFFFFFFFFFFFFFFF20
:1010E000FFFFFFFFFFFFFFFFFFFFFFFFFFFFFFFF10
:1010F000FFFFFFFFFFFFFFFFFFFFFFFFFFFFFFFF00
:10110000FFFFFFFFFFFFFFFFFFFFFFFFFFFFFFFFEF
:10111000FFFFFFFFFFFFFFFFFFFFFFFFFFFFFFFFDF
:10112000FFFFFFFFFFFFFFFFFFFFFFFFFFFFFFFFCF
:10113000FFFFFFFFFFFFFFFFFFFFFFFFFFFFFFFFBF
:10114000FFFFFFFFFFFFFFFFFFFFFFFFFFFFFFFFAF
:10115000FFFFFFFFFFFFFFFFFFFFFFFFFFFFFFFF9F
:10116000FFFFFFFFFFFFFFFFFFFFFFFFFFFFFFFF8F
:10117000FFFFFFFFFFFFFFFFFFFFFFFFFFFFFFFF7F
:10118000FFFFFFFFFFFFFFFFFFFFFFFFFFFFFFFF6F
:10119000FFFFFFFFFFFFFFFFFFFFFFFFFFFFFFFF5F
:1011A000FFFFFFFFFFFFFFFFFFFFFFFFFFFFFFFF4F
:1011B000FFFFFFFFFFFFFFFFFFFFFFFFFFFFFFFF3F
:1011C000FFFFFFFFFFFFFFFFFFFFFFFFFFFFFFFF2F
:1011D000FFFFFFFFFFFFFFFFFFFFFFFFFFFFFFFF1F
:1011E000FFFFFFFFFFFFFFFFFFFFFFFFFFFFFFFF0F
:1011F000FFFFFFFFFFFFFFFFFFFFFFFFFFFFFFFFFF
:10120000FFFFFFFFFFFFFFFFFFFFFFFFFFFFFFFFEE
:10121000FFFFFFFFFFFFFFFFFFFFFFFFFFFFFFFFDE
:10122000FFFFFFFFFFFFFFFFFFFFFFFFFFFFFFFFCE
:10123000FFFFFFFFFFFFFFFFFFFFFFFFFFFFFFFFBE
:10124000FFFFFFFFFFFFFFFFFFFFFFFFFFFFFFFFAE
:10125000FFFFFFFFFFFFFFFFFFFFFFFFFFFFFFFF9E
:10126000FFFFFFFFFFFFFFFFFFFFFFFFFFFFFFFF8E
:10127000FFFFFFFFFFFFFFFFFFFFFFFFFFFFFFFF7E
:10128000FFFFFFFFFFFFFFFFFFFFFFFFFFFFFFFF6E
:10129000FFFFFFFFFFFFFFFFFFFFFFFFFFFFFFFF5E
:1012A000FFFFFFFFFFFFFFFFFFFFFFFFFFFFFFFF4E
:1012B000FFFFFFFFFFFFFFFFFFFFFFFFFFFFFFFF3E
:1012C000FFFFFFFFFFFFFFFFFFFFFFFFFFFFFFFF2E
:1012D000FFFFFFFFFFFFFFFFFFFFFFFFFFFFFFFF1E
:1012E000FFFFFFFFFFFFFFFFFFFFFFFFFFFFFFFF0E
:1012F000FFFFFFFFFFFFFFFFFFFFFFFFFFFFFFFFFE
:10130000FFFFFFFFFFFFFFFFFFFFFFFFFFFFFFFFED
:10131000FFFFFFFFFFFFFFFFFFFFFFFFFFFFFFFFDD
:10132000FFFFFFFFFFFFFFFFFFFFFFFFFFFFFFFFCD
:10133000FFFFFFFFFFFFFFFFFFFFFFFFFFFFFFFFBD
:10134000FFFFFFFFFFFFFFFFFFFFFFFFFFFFFFFFAD
:10135000FFFFFFFFFFFFFFFFFFFFFFFFFFFFFFFF9D
:10136000FFFFFFFFFFFFFFFFFFFFFFFFFFFFFFFF8D
:10137000FFFFFFFFFFFFFFFFFFFFFFFFFFFFFFFF7D
:10138000FFFFFFFFFFFFFFFFFFFFFFFFFFFFFFFF6D
:10139000FFFFFFFFFFFFFFFFFFFFFFFFFFFFFFFF5D
:1013A000FFFFFFFFFFFFFFFFFFFFFFFFFFFFFFFF4D
:1013B000FFFFFFFFFFFFFFFFFFFFFFFFFFFFFFFF3D
:1013C000FFFFFFFFFFFFFFFFFFFFFFFFFFFFFFFF2D
:1013D000FFFFFFFFFFFFFFFFFFFFFFFFFFFFFFFF1D
:1013E000FFFFFFFFFFFFFFFFFFFFFFFFFFFFFFFF0D
:1013F000FFFFFFFFFFFFFFFFFFFFFFFFFFFFFFFFFD
:10140000824205D051F8043B40F8043B8242F9D8AF
:10141000704700BF044A05494FF0000342F8043BFF
:101420009142FBD8704700BFC0860120807B052019
:1014300080B5BFF34F8F00F0F1F9544C544B0820A6
:101440005449C3F85401544AC3F800115348C3F82F
:10145000F0405349FFF7D4FF524A53495348FFF72E
:10146000CFFF534CFFF7D6FF4FF470004FF0E02151
:101470000023504AC1F8880D44F823200133B02BD3
:10148000FAD14D4B80214D4A03F8011B9342FBD109
:101490004FF0E0254A4F4B4A4FF0FF31C5F8084D59
:1014A0000026D5F8243D43F4E023C5F8243DFB692C
:1014B00023F07F0343F04003FB617B6A23F07F034B
:1014C00043F040037B629166D1661167516700F07B
:1014D000ADF93D4B63223D49A3633D4BE3630323D9
:1014E0006A613C4AAE612B61C5F8202DD5F8FC2D10
:1014F000394B42F08072C5F8FC2D1A6842F00102A7
:101500001A605B680B6000F055FB344800F0CCFDBE
:10151000F96E334B334A41F44051F9661E60C3F80B
:101520000861C3F81861C3F82861C3F83861936B88
:10153000DB0708D442F615632B4951651365936B9D
:1015400043F001039363274A284C936843F0011347
:10155000936000F0F5F900F091FC00F089FD00F0D7
:1015600057FB00F05DF92368132BFCD900F0E8FB72
:101570002368B3F5967FFBD300F056F900F052F9DB
:1015800000F06AFD00F088FD30BFFDE70C0D11137F
:1015900000800D401B101820886B01000000000027
:1015A00020230060C0860120AC8E01600000002076
:1015B000008401206122010000E400E0A0E400E0DA
:1015C00000C00F4000C00A405D380100047B0520C8
:1015D0006138010000002020001000E00046C32315
:1015E0000040084000400D400000C056087B052028
:1015F000054B4FF42A01054A05485A641864054A08
:1016000099639546FFF714FF00C00A40BFAAAAAA33
:1016100007002000008006201BB9124B1B6F9B04A3
:101620001ED400F03F000F4B22F0604221F06041D9
:1016300040F489101867C3F88010C3F890201A6F1F
:1016400022F480521A671A6F002AFCDAD3F870115C
:10165000054A0A40C3F870211A6F22F480321A67D3
:10166000704700BF00800D40FF7F7FFFB1F5607FB6
:10167000F0B50E468DB028BF4FF460760F46054694
:1016800072B62E4B00247022186021462C4B2D4838
:101690001C8000F0FDFCCFB121462A484FF0010C20
:1016A0004A0901F01F03013150F822400CFA03F3FC
:1016B0008E4243EA040340F82230F1D82846002342
:1016C0004380013300F582709E42F9D81E4C257884
:1016D00015B162B60DB0F0BD082000F0CDFC1B4B7B
:1016E00080220646009302A90693194B02710560F9
:1016F00008A8029300F0B8FC06A9164A304600F08C
:10170000CFFC069B08A8DB689847009B02A8DB6813
:1017100098472378002BDCD10F4B104AC3F858218F
:101720000F49D0204FF0E023402281F84600C3F853
:1017300008210123237062B60DB0F0BD8C72052024
:101740002C7B052094720520407B05202C6A01200B
:101750001D1401001B100100008401202914010048
:1017600000E400E02B4A0021012310B4C2F8A000DD
:10177000C2F8A410C2F8B0305369DB07FCD50123CE
:101780004FF4803423495361C2F8A000C2F8A4404A
:10179000C2F8B0304B69DC07FCD501234FF40034AC
:1017A0001C4A4B61C1F8A000C1F8A440C1F8B03098
:1017B0005369D907FCD50123174C16495361C2F868
:1017C000A000C2F8A440C2F8B0304B69DB07FCD5DA
:1017D000D1F8003145F60D5021249AB24C61824275
:1017E00014D045F69D518A420CD1C3F34253032BCA
:1017F0000CD0A3F104035DF8044BB3FA83F35B0947
:101800001801704700205DF8044B704708205DF810
:10181000044B704700402A4004000300704700BF9B
:10182000704700BF704700BF00BF704710B44FF053
:10183000E023002110243248C3F8941DC3F89C4DC6
:101840001124C3F8A00D2F48C3F89C4D1224C3F8EF
:10185000A00D2D48C3F89C4D2C4AC3F8A00D2C4C6C
:1018600042F015022B48C3F89C4DC3F8A00D2A4C3A
:101870002A48C3F89C4DC3F8A00D294CC3F89C2DF1
:101880002848294AC3F8A04DC3F89C0DC3F8A02DE1
:1018900002F5A022254C0C322548C3F89C4DC3F814
:1018A000A02D244AC3F89C0DC3F8A02D02F140627C
:1018B000214C02322148C3F89C4DC3F8A02D0A32B6
:1018C000C3F89C0DC3F8A02D00BF00BF00BF00BF30
:1018D00000BF0122C3F8942DBFF34F8FBFF36F8F6A
:1018E000C3F8501FBFF34F8FBFF36F8FD3F8142D82
:1018F0005DF8044B42F44032C3F8142D704700BF2A
:101900003F0000102500080709001000807B05201B
:1019100013002000210002071400002025000813F6
:10192000090000101600202027000B1317000040AC
:10193000180000602F000B07190000701A000080CB
:10194000F0B5824B1822824D0120824F83B0C3F83C
:101950005C528149C3F86072804CC3F86452A5F5AB
:1019600030457F4EC3F8685248F20C75C3F86C429C
:10197000C3F87042C3F87442C3F878424FF0FF34A2
:10198000DA661A675A679A67DA67C3F88020C3F87D
:101990008420C3F88820C1F82C03724AC1F83003B0
:1019A000C1F83403C1F83803C1F83C03C1F850034F
:1019B000B1696D4B0A406D486D4913436D4AB3617F
:1019C000D6F8843043F00C03C6F88430036843F043
:1019D0000203036003682B4021251A43664B026013
:1019E00044608A68654C1340654A43F00053836045
:1019F000C36823F07803C360036A13402343036280
:101A0000036A13405F4A234340F2056443628262E3
:101A1000C2620022D1F8B83023F03F0343F0010343
:101A2000C0F8B830D1F8BC30574923F03F0343F039
:101A30000103C0F8BC3002610567C0F8804045670B
:101A4000C0F884400224036823F00203036081612C
:101A50004E4B4F49C46143F8042B8B42FBD1434D9D
:101A60002B6843F001032B602C6814F00104FBD1B8
:101A70004549022340F2F5622046A96140F29941AE
:101A8000EB6140F26643C5F8002242F20142C5F81C
:101A90001032404BC5F82012C5F8303240F23543C1
:101AA000C5F834223C49C5F840323C4BC5F85012C9
:101AB0003B4AC5F8543242F20123C5F86022C5F80A
:101AC0006432FFF74FFE0646002836D083024FF4FB
:101AD00080222B660123C5F8A040244CC5F8A42021
:101AE000C5F8B0306369DA07FCD5012537056561B3
:101AF0003846FFF737FE32182A4BD2B21A7078B147
:101B000080024FF4802319496066C4F8A070C4F8BD
:101B1000A430C4F8B0504B69DB07FCD501234B61FE
:101B200021490024214801230094401A00EB02526D
:101B30001F4800F0A9FA03B0F0BD1D4B194A186008
:101B40001070D860C3E9010003B0F0BD00801F40F1
:101B5000F9B00100F910010000841F40F970010084
:101B600000C00F40FFFCFF1F0003008000402A4020
:101B700000802A401200FFFFFF37F700400000807E
:101B800000FFF07CFF000F83F05AF05A00422A4019
:101B900000432A409F041830EB06180A063201263B
:101BA0003806180A467B052000000070000000700F
:101BB0006C7A0520F0B4154A40274FF480314FF479
:101BC00080564FF400554FF4404443F242001369ED
:101BD00013F0020F0ED113F4005F0FD013F4805FE7
:101BE0000ED0002BF3DA13F4803F0BD15B060BD53C
:101BF000F0BC7047946151619061E8E75561E6E798
:101C00005661E4E79161E2E75761E0E700800D404B
:101C10003F4A03203F49F3EE095AD2F880304FF093
:101C2000000C9FED3D6A23F001039FED3C5A30B458
:101C3000C2F88030C2F89000D1F8E010384DCBB235
:101C4000384C39482B6007EE903A0B0DC1F30B214D
:101C5000F8EEE77A06EE903A07EE101A334BB8EE3C
:101C6000C77A2160F8EEE66A314937EEC66A37EE88
:101C7000C55A76EEC76A77EEE57A26EE266AC3ED98
:101C8000006A25EE265AD2F8803067EEA64AC0EDEB
:101C9000007AC6EE275A274885EE276AC4EEA76A5F
:101CA00075EE875AFCEEE55A36EE076A15EE904A55
:101CB000BCEEC66A43EA045376EE877AC2F88030F7
:101CC00016EE103AD2F89041FCEEE77A01EA0341B1
:101CD000214317EE903AC2F89011C3F30B03D2F8E8
:101CE00090110B431449C2F89031D2F8803043F080
:101CF0000203C2F88030114B80F840C0C1F8403177
:101D00004FF0E023012230BCC3F80821704700BF28
:101D100000810D4000441F400000AA420000B44270
:101D2000F47A0520F07A0520F87A0520FC7A05205F
:101D30000000FF0F00E400E00084012025240100E2
:101D4000314B40F6617210B5C3F8202140F20444D3
:101D500000F086F92D4A2E49D2F880302D4843F004
:101D60000303C2F880302C4BC1F8604102681A426C
:101D700003D1D1F8A8319A071BD0254A4FF0004172
:101D8000244B5963D2F8403143F00203C2F840318A
:101D9000D2F840319B07FBD44FF400304FF0E021E4
:101DA0001C4B4FF00042C1F88C0219209A6300F0DE
:101DB00067F9184A4FF08040154C002190630A20C3
:101DC000164B11604FF42072C4F8A801184600F0B9
:101DD0005FF94FF4800203464FF4810040F2431153
:101DE0001860C4F858311A640D4B0E4AC4F84811F3
:101DF000C3F804224FF0E0224FF400310123C2F86F
:101E00000C11C4F8403110BD00800D4000C00F40DF
:101E100000002E4000900D40001C1E00000000201D
:101E2000008401200D26010008B50E4B1B6E9B0798
:101E300000D4FBBE72B60C4B00200C4AC3F8400124
:101E400003F160430A49A3F55F2311649D46BFF384
:101E50004F8F4FF400130748074ADB6902609B6805
:101E6000984700BF00441F4000002E4000C00A40B9
:101E70000300200000802020000012EB104BA02067
:101E8000104AD96E41F4403110B4D96640F237643B
:101E9000D96E41F44071D96654649064936C1B060A
:101EA000FCD4094A40F23761A02351649364936CD7
:101EB00013F08003FBD1054A13705DF8044B7047A3
:101EC00000C00F4000400C4000800C40457B0520C6
:101ED00043690A4A03EB011010B4037A084C02EB81
:101EE0000313D3E901321460C2681A6003690BB1AD
:101EF00042691A605DF8044B704700BFBC6A01205C
:101F000061F801004369027E03EB021292F808C0F7
:101F10008C451CD01A7AFF2A19D0914210B504467C
:101F200016D01A7EFF2A06D00121D3E900231268B9
:101F30001A4201D1217610BD064B0522204603EB43
:101F40000C135B681A60FFF7C3FF2176F3E7704755
:101F50000021EAE7BC6A012043690A4A03EB011049
:101F600010B490F82830084C02EB0313D3E9013287
:101F70001460C26A1A60036B0BB1426B1A605DF8A1
:101F8000044B7047BC6A012061F801004369427E3E
:101F900003EB021292F828C08C451ED093F828203B
:101FA000FF2A1AD0914210B5044617D093F8382072
:101FB000FF2A06D00121D3E9002312681A4201D179
:101FC000617610BD064B0522204603EB0C135B68BF
:101FD0001A60FFF7C1FF6176F3E770470021EAE777
:101FE000BC6A0120164942698B6B23F47C0343F4DD
:101FF000802370B58B630446124DD2E900130A6842
:102000001A4303690A60022200211A610E4A19610B
:102010009A6401225A629D624FF43035DD624FF0BE
:1020200001159E6C1E6519629D651A61017EFFF7A0
:102030004FFF617E2046BDE87040FFF78DBF00BFB7
:1020400000C00F40B80B05053B372819F8B500BF95
:10205000F8BC08BC9E4670475FF800F0F1660100CE
:102060005FF800F0492D01005FF800F091140100C5
:102070005FF800F0FD3801005FF800F0F921010081
:102080005FF800F00D2001005FF800F0613A0100F8
:102090005FF800F0116601005FF800F0B520010064
:1020A0005FF800F0C51901005FF800F01D1D010088
:1020B00045000000910A01000D130100C91A01003A
:1020C00018035400650065006E007300790020005D
:1020D0004D004900440049001803540065006500A4
:1020E0006E00730079006400750069006E006F0077
:1020F0000403090409029500030100C032080B0023
:10210000020202010009040000010202010005248C
:102110000010010524010101042402060524060023
:10212000010705820310001009040100020A0000E3
:102130000007050302400000070583024000000974
:10214000040200020103000007240100012500062B
:1021500024020101000624020202000924030103F3
:102160000102010009240302040101010009050420
:10217000024000000000052501010109058402401C
:102180000000000005250101030000000902950080
:10219000030100C032080B00020202010009040022
:1021A00000010202010005240010010524010101C3
:1021B0000424020605240600010705820310000519
:1021C00009040100020A00000007050302000200E2
:1021D0000705830200020009040200020103000057
:1021E0000724010001250006240201010006240243
:1021F0000202000924030103010201000924030271
:102200000401010100090504020002000000052587
:1022100001010109058402000200000005250101F9
:10222000030000000A060002EF0201400100000066
:1022300080C00F40000000031900000010000000E3
:10224000E8841F4001000000FF000000FF000000C4
:102250000000000000000000180000001000000056
:10226000E4841F4001000000FF000000FF000000A8
:1022700000000000000000001F0000000D400100F1
:1022800070C00F40000C00001100000011000000A1
:10229000E0841F40020000002C000000120000003B
:1022A000E0841F4001000000100000001100000049
:1022B000DC841F40020000002D000000120000001E
:1022C000DC841F40010000001E00000001400100EE
:1022D00070C00F40C000000012000000130000009A
:1022E000D0841F4001000000FF000000FF0000003C
:1022F00000000000000000001300000013000000B8
:10230000CC841F4001000000FF000000FF0000001F
:1023100000000000000000001C000000F53F01006C
:1023200000000000000000000000000000000000AD
:10233000000000000000000000000000000000009D
:102340000548064B1B1AD90F01EBA301491002D017
:10235000034B03B118477047C0860120C086012097
:102360000000000008B5054B1BB105490548AFF357
:102370000080BDE80840FFF7E3BF00BF0000000099
:102380007C7A052000240360F6EE007A90ED016A65
:10239000D0ED024AB4EEE76AF1EE007AF1EE10FAFF
:1023A00010B540F1C880BFEE000AA6EE270AF5EE90
:1023B000C04AF1EE10FA40F3B080B3EE003A9FED60
:1023C000604AB2EE005A64EE833A24EE855A76EE05
:1023D000637A36EE237AFAFE677AFDEEE77ABBFE81
:1023E000477A17EE902AFDEEC77A17EE904AA2427E
:1023F00039DCF0EE441A90ED032A0134DFED512A66
:10240000514912E0F8EEE77ADEED006ADEED015A9E
:10241000013237EE677AA24275EEE65AF0EE667A3E
:10242000E7EE257AA5EE274A1DD007EE902AB0EEFA
:10243000437AF8EEE77A76EE677AA7EE827A27EEAD
:10244000227AFBFE477AFDEEE77A17EE903AB3F573
:10245000006F01EB830ED5D30132F0EE617AA24218
:10246000A5EE274AE1D1B6EE003A30EE044A9FEDE0
:10247000340AB1EE455A36EE433A73EE637A33EEE0
:10248000237AFAFE677AFDEEE77ABBFE477A17EE0B
:10249000902AFDEEC77A17EE901A8A423BDCB3EE23
:1024A000002AD0ED032AF0EE401A0131DFED253A83
:1024B000254C12E0F8EEE77ADEED006ADEED015A17
:1024C000013237EE677A8A4275EEE65AF0EE667AA6
:1024D000E7EE257AA5EE270A1DD007EE902AB0EE8A
:1024E000427AF8EEE77A73EE677AA7EEA27A27EEE1
:1024F000237AFBFE477AFDEEE77A17EE903AB3F5C2
:10250000006F04EB830ED5D30132F0EE617A8A427C
:10251000A5EE270AE1D134EE000A36EE246AF7EE82
:10252000007AB4EEE76AF1EE10FAA8BF36EE676AF9
:1025300080ED016A10BDB0EE080AA6EE670A36E724
:102540000000000000008042B428012038B5436933
:1025500005462DED028B032B00F27381DFE803F0BB
:10256000FB211C0290ED018A9FEDC00A28EE000AB3
:1025700014F0B6F995ED027AF7EE007A38EE078A94
:10258000B4EEE78AF1EE10FAA8BF38EE678A85ED5F
:10259000018ABDEC028B38BDFFF7F6FEBDEC028B65
:1025A00038BDD0ED015AB7EE001A90ED043ABFEEF7
:1025B000000AD0ED024AF4EEC35AF1EE10FAF5EE3D
:1025C000C04A48BFB0EE410AF1EE10FA40F3B380C2
:1025D000F3EE002A9FEDA64A64EEA23A75EEE37A86
:1025E00035EEA37AFAFE677AFDEEE77ABBFE477A0C
:1025F00017EE902AFDEEC77A17EE904AA24242DC0F
:10260000F0EE440AD0ED031A01349FED9A2A9A495C
:102610001BE0F8EEE77A9EED007A9EED015AF5EEAA
:10262000C06A013236EE676A35EE475AF0EE477AF5
:10263000F1EE10FAE6EE057AA8BF77EEC17AA24273
:1026400077EEA77A34EE274A1DD007EE902AF8EEEF
:10265000E76A75EEE66A66EEA16A36EEA26A26EED3
:10266000026AFBFE467AFDEEE77A17EE903AB3F582
:10267000006F01EB830ECCD30132F0EE607AA24200
:1026800034EE274AE1D135EEC33A34EE004A73EE18
:10269000637A73EE233AFAFE677AFDEEE77AFBFE81
:1026A000633A17EE902AFDEEE37A17EE901A8A420B
:1026B00000F3C480B3EE002AD5ED032AF8EE001A29
:1026C0000131B7EE001A9FED6A0ADFED6A3A6A4CF3
:1026D00007EE902A0132F8EEE77A73EE677A67EE3A
:1026E000A27A77EE826A66EEA36ABBFE667ABDEED8
:1026F000C77A17EE103AB3F5006F04EB830E16D2CB
:10270000B8EEC77A9EED006A9EED015AF5EEC07AEA
:1027100076EEC76A35EE465AB0EE467AF1EE10FA1A
:10272000A6EE857AA8BF37EE417AA7EE210A8A4243
:10273000CED134EE000A75EEA45AF7EE007AF4EE2C
:10274000E75AF1EE10FA01DB75EEE75AC5ED015AD2
:10275000BDEC028B38BDD0ED022AF0EE007ABFEE60
:10276000000AD0ED015AF5EEC02AA5EEA70AF1EE57
:1027700010FA56DDB3EE004AF0EE657AB0EE657AF7
:10278000E2EEC47AA2EE847AFAFE677AFDEEE77A88
:10279000BBFE477A17EE902AFDEEC77A17EE904AF5
:1027A000A24248DCB8EE002A90ED033AF7EE001A98
:1027B0000134DFED2F4ADFED2F3A2F4907EE902A43
:1027C0000132F8EEE77A75EEE77A67EE837A77EE14
:1027D000846A66EEA36ABBFE667ABDEEC77A17EE20
:1027E000103AB3F5006F01EB830E16D2B8EEC77A3C
:1027F0009EED006A9EED015AF5EEC07A76EEC76A4C
:1028000035EE465AB0EE467AF1EE10FAA6EE857A2B
:10281000A8BF37EE617AE7EE024AA242CED130EE8F
:10282000240A75EEA25AF7EE007AF4EEE75AF1EEBA
:1028300010FA89DA8AE7DFED0E4AF0E79FED0C0A1D
:1028400077E7D0ED017AB7EE007AD0ED026A9FED1E
:10285000080A77EEA67AF4EEC77AF1EE10FAA8BF6E
:1028600077EEC77AC0ED017A93E600BFDB0FC9406F
:102870000000000000008042B84801202DE9F84324
:102880000646782200F18405344606F5F6772DEDEC
:10289000088BB0EE409A9FEDAABADFEDAABA11F00C
:1028A000A1FD9FEDA9AADFEDA9AADFEDA99A2DE070
:1028B000B0EE6B7AF0EE6B7A05ED037AB7EE008A34
:1028C000C5ED007A3C3513F037FD55ED0F8A78EEF3
:1028D000407A28EEAA0A45ED0B7A89EE800A13F0B9
:1028E0002BFD9FED9C7A78EE407A68EE878A45ED65
:1028F0000A7A89EEA80A13F01FFD974BBD4245F8EE
:10290000303C38EE408A05ED098A1CD0B5EEC09AFD
:10291000B0EE6B7AB0EE4A0AF1EE10FAF0EE6B7A96
:10292000CADDB4EECB9ADFED8D6AB0EE497A9FED49
:102930008C6AF0EE497AF1EE10FAB9D569EE266AA2
:1029400086EE260AB8E7B0EE087AD6ED007AF4EE05
:10295000C77AF1EE10FA00F1EC80B1EE047A814A08
:10296000814BF4EEC77AF1EE10FA4BBF90469846D1
:10297000072203224CBF4FF004094FF00609B6EEC0
:10298000007AD6ED017AC6F8E49177EE877AFDEE0B
:10299000E77A17EE903A013B05D49342A8BF13465D
:1029A00003EBC3039844C6F8E081F7EE006A98F899
:1029B0000730F6EE009A06F130079FED65AA07EEA4
:1029C000903ADFED67AA0025F8EE677A86EEA77ADF
:1029D00086ED7A7A53E096ED040A96ED059AB5EE07
:1029E000C00A96ED068AD6ED078AF1EE10FA7DD977
:1029F000D4ED217A20EE270A8AEE800A13F09CFC9F
:102A0000F7EE007AB5EEC09A37EEC00AF1EE10FA92
:102A100084ED250A73D9D4ED217A29EE270A8AEEAE
:102A2000000A13F089FCF7EE007AF5EEC08A37EE63
:102A3000C00AF1EE10FA84ED260A69D9D4ED217AA4
:102A400028EEA70A8AEE000A13F076FCB5EEC08ADB
:102A5000F7EE007AF1EE10FA37EEC00A5FD4F7EE27
:102A6000007AB4EE678AF1EE10FA37FE888A0135F3
:102A700084ED270A84ED248A3C34A94555D0F7EC2F
:102A8000017AC4ED287A97ED0B7AB5EEC07A84ED21
:102A9000297A7B69F1EE10FAC4F8A830D6ED7B6A8A
:102AA000D8BF27EEA67AD4ED1E6AC7EE267AF5EED9
:102AB000C07AF1EE10FA35D4F4EE697AF1EE10FA3C
:102AC00079FEA77AC4ED207A98F806302B41DB070F
:102AD00081D496ED080A96ED099AB5EEC00A96EDF6
:102AE0000A8AD6ED0B8AF1EE10FA81D8B5EEC09ABB
:102AF000B7EE000AF1EE10FA84ED250A8BD8F5EE58
:102B0000C08AB7EE000AF1EE10FA84ED260A95D8D5
:102B1000B5EEC08AB7EE000AF1EE10FA9FD59FED30
:102B2000138AA4E7DFED117ACCE7BDEC088BBDE892
:102B3000F88301224FF00209DFF834801FE700BF5D
:102B40008096184B00803B4749FF15BBCDCCCC3D50
:102B50008E5D93C0CDCC4C3E3333333F0AD7233CFC
:102B6000549F8CBFD068012018690120000000002C
:102B7000BC6801202DE9F04FD0F8E0A12DED0A8BC3
:102B800083B09AF80670DDF858E09FB18346884616
:102B90004FF0000C5FFA8CF117F0010F0CF1010CF3
:102BA000C1EB011104D00BEB8101D1F8881031B9D0
:102BB0007F08EFD103B0BDEC0A8BBDE8F08F9FED2D
:102BC000887AF6EE006ADBED7C7A73459BED02AA0B
:102BD000DBED7AAA2AEE07AA9BED7D9A6AEEA7AAF8
:102BE000DFED807AB1EE007ADBF8E4712AEE26AAF6
:102BF0006AEEA7AA29EE079ADCDA02EB8306F7EE63
:102C0000008A08EB8305DFED789A08EB8E039FEDD1
:102C100077CA9FED77BA0093C7EB0713013F0BEB21
:102C2000830301935B46D3469A46002F61DBF7EEA0
:102C300008BA019CB9464FF002081BF809209FED25
:102C40006B0A82B10021CBB212F0010F01F1010138
:102C5000C3EB031305D00AEB8303D3ED2B7A30EEDD
:102C6000270A5208EFD19BF8083029EE000A4B459D
:102C700000F09E8094ED108AA8EE290A13F030FE31
:102C8000D4ED117AE36C38EE278AD4ED1B7A013B40
:102C900060EE277AB4EEE88AF1EE10FAA8BF38EEBB
:102CA000688A84ED108A032B00F29780DFE803F036
:102CB0006C524D0294ED147AD4ED186AA7EE667A40
:102CC000B4EECB7AF1EE10FA40F18180B0EE4C7A9E
:102CD000002384ED14CAE364236F09F1FF3967EE22
:102CE000877A3C3CB9F1FF3FC4F8B030C4ED2B7A91
:102CF000A3D19BF80620002A6CD00024DFED3B7A9C
:102D0000E3B212F0010F04F10104C3EB031305D089
:102D10000AEB830393ED2B7A77EE877A5208EFD193
:102D200095ED007A009BAAEEA77AA5EC017A9D4268
:102D300096ED007AAAEEA77AA6EC017A7FF475AF39
:102D400003B0BDEC0A8BBDE8F08F94ED157A84EDED
:102D5000147AC1E794ED147AD4ED156AD4ED175ABC
:102D600036EEC76AA5EE867A37EE666AB0EEC66AB8
:102D7000B4EECB6AF1EE10FA29D50323B0EE667AF1
:102D8000C4ED146AE364A7E794ED147A94ED166A2F
:102D90007BEEC76AA6EE267AB4EEE87AF1EE10FA78
:102DA00015DBB7EE007AC4ED148AC4F84C8093E7C3
:102DB000B5EEC0AAF1EE10FA7FF75CAFD4ED1C7A45
:102DC00094ED1D7A77EE877AA7EE8A0A52E784EDB2
:102DD000147A81E7DFED057AA2E7B0EE4C7A7BE763
:102DE000DB0F4940F304353FDB0FC9400000000012
:102DF00017B7D138DFED7F7A90ED027AD0ED006A17
:102E0000B4EEE77A10B5F1EE10FA04462DED048B1E
:102E100009D4DFED797A66EEA77AB4EEE77AF1EEBF
:102E200010FA77FE877A94ED038A9FED727AB4EEFA
:102E3000C78AF1EE10FA54D4B7EE007A87EE089AFA
:102E40009FED6E7A87EEA60A20EE070A13F09CFF2C
:102E50006368F0EE408A082B2CD8DFE803F06F7629
:102E60008087919CA8054700D4ED040AB2EE040ABD
:102E7000DFED637AC0EEA70A13F0A2FBB5EE400ABD
:102E8000B0EE408AF1EE10FA00F1B180B1EEC80A5E
:102E9000C8EE808AB7EE007AFFEE007A84ED087AF9
:102EA000E8EE087A38EE478A28EE098AC4ED0A7AF5
:102EB00084ED098AF7EE006A78EE897AB0EE666AE8
:102EC000A7EEA86A86EE867A67EE287A84ED057A00
:102ED00027EEA80AC4ED067ABDEC048B84ED070A40
:102EE00010BDB0EE478A9FED479AA9E7D4ED040ADA
:102EF000B2EE040ADFED427AC0EEA70A13F060FBDF
:102F0000B5EE400AB0EE408AF1EE10FA6CD4B1EEA4
:102F1000C80AB7EE007A68EE086A68EE808A77EE33
:102F2000487A37EE667AC4ED086A67EE897A84EDEE
:102F30000A7A67EE887AC4ED097ABBE700234FF07E
:102F40007E5223626362A262B4E7F1EE497A4FF0E7
:102F50007E522D4B2262C4ED097AA362AAE70023B8
:102F60004FF07E522362A3626262A3E7F1EE497AD8
:102F70004FF07E5200232262C4ED097AA36299E7E2
:102F8000F1EE497A4FF07E524FF040432262C4ED99
:102F9000097AA3628EE7F8EE007A4FF07E520023A2
:102FA000226269EE277AA362C4ED097A82E7DFED37
:102FB000147AB2EE040AD4ED040AC0EEA70A13F0A4
:102FC000FFFA0023A362B7EE007A28EE008AFFEE34
:102FD000007A84ED087A87EE089AE0EE007A67EED0
:102FE000897AC4ED097A65E713F0ACFE91E713F036
:102FF000A9FE4DE76F12833A48E1FA3EDB0F4940E4
:1030000000002042FFFF7944000080BF436830B4D5
:103010002DED048B042B00F25981DFE803F037CB50
:103020005D9503008168CE4A0D6890ED0E7A2A44C2
:103030009FEDCC6A82EAD2330A6042F0010202FBC1
:1030400003F383EAD31243F03D0404FB02325340FE
:1030500083EA933307EE903AF8EE677A67EE867A62
:10306000B4EEE77AF1EE10FA00F33381D0ED0B6A9B
:1030700090ED0C0A26EE800AD0ED0F7A67EEA67A64
:10308000C0ED0B7ABDEC048B30BC70478168B0EEAC
:10309000007AB34ABFEE000A0B68DFEDB26A1A4449
:1030A00082EAD23342F001000A6000FB03F383EAB4
:1030B000D31243F03D0101FB0232534083EA9333C4
:1030C00007EE903AF8EE677ABDEC048B67EEA67ACD
:1030D00030BCA7EE870A70478168B0EE005AA04A5C
:1030E000FFEE006A0B68B0EE0C0A90ED0A7A1A4403
:1030F000DFED9C4ADFED9C5A42F0010482EAD233B4
:103100000A6004FB03F39FED996A83EAD31243F04C
:103110003D0101FB0232534083EA933307EE903ABC
:10312000F8EE677ABDEC048B67EEA47A30BCE7EE6C
:10313000856AF0EE477AE6EEA57A87EE867A27EE84
:10314000000A80ED0A7A70478168854A0B6890ED25
:103150000D7A1A44DFED836A82EAD23342F001002D
:103160000A6000FB03F383EAD31243F03D0101FB45
:103170000232534083EA933307EE903AF8EE677ACF
:1031800067EEA67AB4EEE77AF1EE10FA40F29E808E
:10319000B6EE006AB7EE000AFFEE006A27EE067A86
:1031A000BDEC048BB4EEE77A30BCF1EE10FA30FEE1
:1031B000260A70478468B0EE009A694ABFEE004A5A
:1031C0002368D0ED038A1A4490ED040AD0ED050A75
:1031D00042F0010182EAD233D0ED061A01FB03F37B
:1031E000DFED609A226083EAD31143F03D02DFED08
:1031F000607A02FB0132DFED5F4A9FED5F8A534048
:10320000DFED5E3A9FED5E5A83EA93339FED5D1AE0
:10321000DFED5D5A07EE103A9FED5C6ADFED5C6A08
:10322000B8EE477A9FED5B2AD0ED072A9FED5A3A18
:1032300027EE297AA7EE094A64EE277A64EE244A3B
:1032400024EE055AE8EE887AE0EE234AD0ED083AFB
:10325000A0EE815A24EE066A64EE255A26EEC47A60
:10326000F0EE466A9FED4D6AE1EE825AC0ED037AB8
:1032700037EEA40AC0ED044AE2EE836AD0ED092AD3
:10328000A3EE867A9FED463A30EE050A9FED456A39
:10329000DFED453A64EE067A80ED055A30EE250AF8
:1032A000C0ED065AC0ED076AC0ED097A30EE260A75
:1032B00080ED087ABDEC048B30EE070A30BC30EEAE
:1032C000220AA4EE030A20EE230A70479FED370A74
:1032D000D8E6374BF6EE005A364C2B449FED365A63
:1032E0002C44DFED366A83EAD33243F001030C60ED
:1032F00003FB02F242F03D0382EAD21103FB0121FB
:1033000084EAD43344F001044A4004FB03F382EA24
:10331000923283EAD31143F03D0407EE902A04FB76
:103320000131B8EE677A4B4083EA933327EE067A91
:1033300007EE903AE7EE056AF8EE677A67EE867A6E
:10334000F4EEE57AF1EE10FA05D4B0EE660A4FF02D
:103350007E53036390E6B1EE660A194BF9E700BFAE
:10336000F5792B6D0000802F0AD7A33C5C8F823F3C
:10337000BD66633D65C1993D4AB57F3F384A7E3F92
:10338000618B1D3E6210783FF8F79E3E8E6F083FBE
:10339000AD6D8A3CF2D25D3FCDCC0C3F38F842BFD8
:1033A0006744093F9C6AED3DAE47E13D00000000E7
:1033B000EAF356DADF6D82473333333F9A99993E09
:1033C000000080BFB5EEC00A2DE9F04FF1EE10FA13
:1033D00006460F4614462DED088BB0EE408A83B0AA
:1033E00040F3D681DFEDD27AB4EEE70AF1EE10FABF
:1033F00000F154810546CF4B45F8043B0FCC0FC577
:1034000094E8030085E80300DFEDC97AB4EEE78AAB
:10341000F1EE10FA00F14B81C64BF361DFEDC47A97
:10342000B4EEE78AF1EE10FA00F14381B2EE006AE1
:103430009FEDD27ADFEDD27ABFEE000AC7EE086ABE
:10344000BC4A0023F7637263B36386EE087A68EEC2
:10345000277A80EE270AC6ED1A6A86ED1B7A12F0EB
:103460006BFF86ED1C0ADFEDB27AB4EEE78AF1EE6F
:1034700010FA00F13B8106F18C03DFEDAD7AB4EE7A
:10348000E78AF1EE10FA00F1CF81DFEDBB7A9FED14
:10349000BD0AB0EE679AA8480022A849F7EE009A44
:1034A000C6F8842006F1AC05B1673446C6ED1D7A36
:1034B00006F5D87B86ED249A02279FEDA1AADFEDC1
:1034C000AE8ADFED9BAAC6E9223012F035FF9FEDF0
:1034D0009D0A29EE000A8AEE000A12F02DFF9FEDE8
:1034E0009A0A29EE000A8AEE000A12F025FFDFEDA3
:1034F000977A9FED970A69EE277A80EE270A12F0F5
:103500001BFFDFED947A39EEC00A69EE277A86ED6B
:10351000280A8AEE270A12F00FFFF5EE007A39EE3C
:10352000C00A69EE277A86ED290A8AEE270A12F088
:1035300003FF894BC6F89C3039EEC00A86ED2A0A93
:10354000B5EEC08AF0EE687AF1EE10FA08DDB4EE5E
:10355000EA8AF1EE10FA54BFF0EE687AF0EE487A9B
:10356000C5ED007A2846FFF745FC6F6028463435E4
:10357000FFF740FC5D45E3D196ED01AAB5EEC0AA88
:10358000F1EE10FAC0F2C680F1EE007AB4EEE7AACE
:10359000F1EE10FA00F33B81FDEECA7A6F4A17EEA6
:1035A000903A032BA8BF032303EB8300591C07EEBB
:1035B000903A9F0002EB8000F8EEE77A4FEA81082C
:1035C00090ED009A01EB810002EB80003AEE67AAD1
:1035D00090ED000A1F4406F582738844604D4FEA5F
:1035E000870A01935F4B05EB8705B6EE00BADFED66
:1035F0005EAA03EB8809DFED5DBA03EB87070AF1EA
:1036000004034FEA8808D618F0EE4A0A80EE090A49
:1036100012F0D6FFF7EC017AB9EC017AF5EC016A09
:1036200037EE677A29EE009A26EEAA0AEAEE077AC2
:10363000F0EE679A12F0F4FEA5EB0A03B0EE408AB2
:10364000434413ED010A20EE2A0A12F0E9FEC9EE06
:10365000298A84ED2D9A04F1AC00C4ED2FBA3434DC
:1036600030EE480AAAEE008AF4EE4B8AF1EE10FA28
:1036700048BFF0EE4B8AC4ED218AFFF7BBFBC8EED2
:10368000287A019B9C42EBEC017A3ED0B6EC019A81
:10369000A6EB0A03434413ED010AB5E705460FCC38
:1036A000A5EC010A0FC594E8030085E8030086ED48
:1036B000078AB2EE006A9FED317ADFED317ABFEE14
:1036C000000AC7EE086A002386ED0D8A86EE087AA6
:1036D00068EE277AC6E90E3780EE270AC6ED1A6A29
:1036E00086ED1B7A12F028FE86ED1C0A9FED207AEB
:1036F000F0EE487ADFED166AB0EE489A28EE077AC7
:1037000006F18C0386EE870AC5E603B0BDEC088B94
:10371000BDE8F08F00239FED1D0A9FED169A012151
:103720009FED12AA1F460D4A4FF0040852E700BF52
:103730008096184B00803B47979B28ADEC0A073FCB
:103740008E5D93C0CDCCCC3DCDCC4C3E0AD7A33CB6
:10375000549F8CBF0AD7A33D9A99593FCC1600209D
:1037600060150020FC1400202D152A3E00000000EA
:103770000AD7233C0000164400803B470000FA446F
:103780006F12033B49FF15BB0000AF430000C84365
:1037900005465FED078A0FCCE5EC018A0FC594E87A
:1037A000030085E803003FF72FAEC6ED078A3FF719
:1037B00035AEB2EE006A1FED0F7A5FED0F7ABFEE05
:1037C000000AC7EE086A0023C6ED0D8A86EE087A65
:1037D00068EE277AC6E90E3780EE270AC6ED1A6A28
:1037E00086ED1B7A12F0A8FDB5EEC08A86ED1C0AA4
:1037F000F1EE10FA3FF737AE06F18C033FF73DAE1E
:10380000F0EE687A1FED210AB0EE689A43E6B7EE53
:1038100000AA1FED230A1FED239A04210323094A5E
:103820000C274FF01008D5E69FED077AB0EE489AC6
:10383000DFED066A28EE077ADFED057A86EE870A65
:1038400029E600BFCC1600200AD7233C549F8CBF2A
:1038500000803B472DE9F04F1D4690F8CC312DED0F
:103860000C8B83B0DDF86080002B70D090ED028A65
:103870000446B5EEC08AF1EE10FA80F2F6829FEDB2
:10388000DD8AD4ED068A4545D4ED727A94ED04AA1A
:1038900068EEA78A56DA04F11C0301EB850702EBF8
:1038A00085069FEDCEBADFEDCE9A0DEE103ADFED34
:1038B000CDAA04F1340A9FEDCF9A04F5D87904F526
:1038C000827BD4F8D031002B40F3FC82013BD4F84A
:1038D0008000C4F8D031E36FD4F8842007EE903A2A
:1038E000B8EE670A20EE290A042A00F22383DFE8F3
:1038F00002F0ABB6A2973300D4ED267AD4ED2A6A53
:103900009FEDB97AE7EEE67AF4EEC77AF1EE10FAB7
:1039100040F1F082F0EE497A002384ED269AC4F853
:10392000943024EE274AD7ED007A0135E8EE847A08
:10393000A845E7EC017AD6ED007AE8EE847AE6EC69
:10394000017ABED1D4F894300BB984F8CC3103B0ED
:10395000BDEC0C8BBDE8F08F94ED1E0A2AEE000A38
:103960001B18E36728D3D4F888302BB31A68F0EE1D
:10397000006ABFEE007A02F1DA4202F52D1202F57A
:10398000675235321A6082EAD23342F0010202FBFA
:1039900003F383EAD31243F03D0000FB02325340AD
:1039A00083EA933307EE903AF8EE677A67EEA97AE6
:1039B000A7EEA67A84ED1E7ADFED8C7AD4ED71BA8B
:1039C00020EE270A12F02CFD2BEE800AD4ED077AA8
:1039D000C0EE27BAF5EEC0BAF1EE10FA00F14E8251
:1039E000DFED837AF4EEE7BAF1EE10FA00F36382CA
:1039F000F5EEC0BAC4ED09BAF1EE10FA40F39782C1
:103A0000F7EE007A87EEAB6A236B84ED0A6A032B2C
:103A100000F29882DFE813F0C701F600DA00350003
:103A2000F6EE007AB4EEE70AF1EE10FA00F17382D6
:103A3000B1EE4A0A94E7B0EE007AFFEE007AE0EECB
:103A4000077A2AEE270A8BE720EE2A0ACDE9003012
:103A500012F046FF2AEE000ADDE9003080E7F6EEBC
:103A6000007AB1EE007AB4EEE70AF1EE10FAE4D48F
:103A7000F0EE087AE0EE477A2AEE270A70E7F0EED9
:103A800049BAD4ED08CA2CEEAA0A12F029FF7CEE3E
:103A9000ABCAF7EE007AB0EE40CAF4EEE7CAF1EE38
:103AA00010FAA8BF7CEEE7CAC4ED08CA5046FFF77B
:103AB000ADFAF7EE007A60EE084A2346F0EE003ADF
:103AC0004A4677EEC87A9FED4B4AE7EE8C4AD3ED33
:103AD000376A343393ED296A34EEE65A93ED247A4B
:103AE000F0EE665AD3ED231AD3ED277A93ED252A0B
:103AF000E6EE075AD3ED262A25EE077A93ED283A0B
:103B00005B45A1EE867AE5EE025A67EE277A97EEDC
:103B1000236AD5EEA36AE4EEA27A83ED296AC3EDA7
:103B20002A6AE5EE837AB2EC017AA7EE274ACED173
:103B3000D4F89430013B032B00F2FF8101A252F82C
:103B400023F000BF7F180000431800003518000064
:103B5000D9150000D4ED277A24EE274AC4ED267A41
:103B6000E1E6D4ED267AD4ED276AD4ED295A36EE73
:103B7000E77A9FED1D6AE5EE877A37EEE67AB0EEDA
:103B8000C77AB4EEC67AF1EE10FA40F1B38103239E
:103B9000F0EE667AC4ED266AC4F89430C1E6B7EE5A
:103BA000087AD4ED267A94ED286AF7EE006A37EEAB
:103BB000677AE6EE077AF4EEE67AF1EE10FACBDBFE
:103BC0000223C4ED266AC4F89430ACE61DEE100A58
:103BD000FEF7DAFBB0EE40CA68E700BF0000804F96
:103BE0000000802FDB0FC94017B7D138ABAAAA3D20
:103BF00048E1FA3E0000000000008042F0EE49BAC1
:103C0000B0EE496A94ED085AF7EE001AD4ED0B2A8B
:103C1000BFEE00CAB4EEE25AF1EE10FAF5EEC0BA09
:103C200048BFB0EE61CAF1EE10FA40F3AE80B3EED9
:103C3000002A2BEE823A75EE037A35EE437AFBFECC
:103C4000677AFDEEE77ABAFE477A17EE900AFDEE44
:103C5000C77A17EE903A834200F3608101301FED7E
:103C60001B4A5FED1B3AC04A1BE0F8EEE77A9EED77
:103C7000007ADEED014AF5EEC06A013375EEE75ACF
:103C800074EEC74AF0EE477AF1EE10FAE5EEA47A48
:103C9000A8BF77EEE17A834277EEA77A34EE274A1F
:103CA0001DD007EE903AF8EEE76A75EE666A66EEAA
:103CB000866A76EE825A65EEA35AFBFE657AFDEEC1
:103CC000E77A17EE901AB1F5006F02EB810ECCD3B4
:103CD0000133F0EE497A834234EE274AE1D175EEA2
:103CE000622A3CEE044A32EEC37A72EE837ABAFE5E
:103CF000477ABDEEC77AFBFE677AFDEEE77A17EEEC
:103D0000103A17EE900A834200F30B81B3EE003AAB
:103D10000130B8EE002A9FED95CAF7EE001ADFEDEC
:103D2000943A914A07EE903A0133F8EEE77A72EE50
:103D3000E77A67EE867A77EE836A66EEA36ABBFE61
:103D4000667ABDEEC77A17EE101AB1F5006F02EB76
:103D5000810E16D2B8EEC77ADEED005ADEED014ACA
:103D6000F5EEC07A76EEC76A74EEE54AB0EE657A93
:103D7000F1EE10FAA6EEA47AA8BF37EE617AA7EEAC
:103D800002CA8342CED13CEE04CA3BEE855AF7EE1E
:103D9000007AB4EEE75AF1EE10FAA8BF35EE675A92
:103DA00084ED085A82E6F5EEC0BA94ED085AF0EEBA
:103DB000007ABFEE00CAF1EE10FAA5EE27CAE4DDE4
:103DC000B3EE003AB0EE457AF0EE457AABEEC37A48
:103DD000EBEE837ABAFE477ABDEEC77AFBFE677ACE
:103DE000FDEEE77A17EE103A17EE900A834200F3E1
:103DF0009B80F8EE002A0130B7EE002A9FED5B4A67
:103E0000DFED5B3A584A07EE903A0133F8EEE77A75
:103E100075EE677A67EE867A77EE836A66EEA36A56
:103E2000BBFE667ABDEEC77A17EE101AB1F5006FC9
:103E300002EB810E16D2B8EEC77ADEED005ADEED47
:103E4000014AF5EEC07A76EEC76A74EEE54AB0EE46
:103E5000657AF1EE10FAA6EEA47AA8BF37EE427AA0
:103E6000A7EE224A8342CED18DE7F7EE007AB4EE78
:103E7000678AF1EE10FA37FE888A02E5236B84ED3B
:103E8000099A84ED0A9A032B5AD801A252F823F01A
:103E9000811B0000DD180000AD1800005F17000056
:103EA000F0EE007A94ED085ABFEE00CAF0EE49BA7F
:103EB000A5EE27CA69E7F0EE67BA9FED2E6AC4ED5A
:103EC000097AA1E5D4ED036A94ED1D7AC6EE877AEE
:103ED000F5EEC07AF1EE10FA0FDBB6EE007AF4EEF2
:103EE000C77AF1EE10FA0ADD4FF000401F23C4F844
:103EF0008000EEE4C4ED267A13E50020F6E7F5EE47
:103F0000C07AF1EE10FAF8DDA7EE8B7AFCEEC77AF4
:103F100017EE900AEAE7B0EE4A0A21E59FED134A50
:103F2000DDE69FED12CA2EE79FED104A2BE7B0EEBB
:103F3000496A69E52AEE090A12E524EE094AF2E423
:103F4000F0EE49BAD4ED087AB7EE007A9FED07CAD1
:103F50007BEEA77AF4EEC77AF1EE10FAA8BF77EEFF
:103F6000C77AC4ED087AA1E5B84801200000000036
:103F700000008042BC9C0240DFEDB07A9FEDB07A39
:103F80002DE9F8432DED0A8B90ED00AAF0EE409A52
:103F900007462AEE27AACAEE007AF4EEC77AF1EEB7
:103FA00010FA42DAB7EE007AF4EEC77AF1EE10FAC0
:103FB000C0F2D480FDEEE77A97F8D93217EE906A16
:103FC000C7F8CC62C3BB97ED017AB5EEC07AF1EECB
:103FD00010FA80F29A80F0EE048AD7ED027AF5EEBC
:103FE000C07AF1EE10FAC0F2A280B7EE00BAF4EE99
:103FF000CB7AF1EE10FA00F31D81B6EE007AF7EEFF
:1040000000BAF4EEC77AB6EE007AF1EE10FAF4EEEA
:10401000C77A98BF37EEA7BAF1EE10FAC0F28B80DC
:104020007BEEE7BA7BEEABBA85E0402697F8D93253
:10403000C7F8CC62002BC6D0D7F8B8120029C2DD71
:10404000DFED806A07F1B808B1424FF00003F0EEEF
:10405000665A4046B0EE666AA8BF3146424699426B
:10406000F0EE657AB0EE467A0ADDD2ED407AF5EEF2
:10407000C07AB1EE677AF1EE10FA58BFB0EE677A07
:10408000013376EE876AE2EC017A402BE7D1F7EE56
:10409000007AF4EEE76AF1EE10FA0DDD002E87EEFD
:1040A000A67A09DD08EB8606D0ED007A67EE877AFE
:1040B000E0EC017A8642F7D1B5EE007AD7ED057AC9
:1040C000F4EEC77AF1EE10FA4ADAF0EE477A69EECA
:1040D000A79ADFED5D7AF4EEE79AF1EE10FA48DB8D
:1040E000F4EECA9AF1EE10FA3AFE29AA4FF07F5385
:1040F000002287ED1CAA07F16800BA677B67FEF70C
:1041000079FEBDEC0A8BBDE8F883F7EE007AB4EED9
:10411000E77AF1EE10FA40F38680D7ED027ADFED10
:10412000498AF5EEC07AF1EE10FABFF65EAFF7EE0F
:1041300000BA9FED44BAF5EE007AD7ED03AAF4EE8B
:10414000E7AAF1EE10FA17DBF1EE007AF4EEE7AA37
:10415000F1EE10FA62DDDFED3DAA0FE0012665E722
:10416000B3EE007AF4EE477AF1EE10FA77FE277A92
:10417000ADE7B0EE67AAB9E7DFED35AA9FED319A5A
:1041800007F1B808F1EE688A0124B7EE00CAC1460B
:10419000F0EE49CA4546631EF0EE680AF0EE6C7A0E
:1041A0009E421DDD07EE904AB8EEE78AB0EE480A5F
:1041B00012F006FA29EE888A14F0010FF0EE4C6A2C
:1041C0004BFE2B7A27EE800AC8EE2A7A27EEA77AD2
:1041D00027EE277AE7EE276AC0EE267A39EE279A8D
:1041E0000134E5EC017A412CD5D1F7EE007AB4EE3A
:1041F000E79AF1EE10FACCBF87EE897AB0EE677AD3
:10420000002E7FF759AF08EB8608D9ED007A67EEEC
:10421000877AE9EC017AC145F7D14DE7DFED0D7AF8
:104220006AEEA7AAAAE777EEC78AF0EE047A68EEEC
:10423000A78AD2E6DFED03BA7DE700BF6666E63EF9
:1042400000008042000000000000204200C05A46EA
:1042500000C05A4400C05A452DE9F8431D4690F865
:10426000D8322DED0A8BDDF84880002B00F0F68067
:1042700090ED049A0446D0ED099AB5EEC09AF1EE9D
:1042800010FA80F2EF809FEDB69A454580F2618189
:1042900001EB85079FEDB3BA02EB8506DFEDB2AA0D
:1042A0009FEDB2AA04F128099FEDADCADFEDB0BAC7
:1042B00094EDB00AD4EDB17A94EDB27A77EEC07A8B
:1042C000A7EE270A84EDB00A12F0AAF8D4F8D0328B
:1042D000B0EE408A002B40F32F81013BD4ED007AF1
:1042E000C4F8D03288EE277AB5EEC07AF1EE10FA33
:1042F00040F32081F6EE007AB4EEE77AF1EE10FAA0
:1043000000F3B980E7EE0B7AFCEEE77A17EE903A0D
:10431000D4F8BC22134407EE903AC4F8BC32B8EE8D
:10432000678A28EE2A8A28EE0A8AB0EE480A12F036
:10433000DBFBF0EE408AB0EE480A12F0D1FAD4F876
:10434000CC3294ED2E8A012B20EE088A1BDD04F17D
:10435000B801F0EE686AF0EE407A04F1BC0201EBBD
:10436000830160EE265AB2EC016A27EEC07A9142D0
:10437000E8EEA75AA8EEA67AA6EE258AF0EE657AB0
:10438000F0EE476AEDD14846FEF740FED4ED266ACE
:1043900094ED256AF0EE004A30EE664A94ED207AFC
:1043A000F0EE665A94ED1F2AD4ED237AB7EE005A48
:1043B000D4ED212AE6EE075A94ED223A24EE077A4C
:1043C000D4ED243A35EE495A94F8D932A2EE067A61
:1043D000E4EE225A67EE277A97EE246AD5EEA46AB5
:1043E000E0EE037A84ED256AC4ED266AE5EEA37A51
:1043F00069EE277AE5EE087A002B3FD094EDB77A84
:10440000D4EDB86A94EDB96A76EEC76AA6EE267A5C
:1044100084EDB77A67EE277A97ED007A0135A7EE3B
:10442000A97AA845A7EC017A96ED007AA7EEA97AB9
:10443000A6EC017A7FF43CAF002B00F0828094F868
:10444000DA325BB1DFED4A7A94EDB77AB4EEE77A0F
:10445000F1EE10FA02D5002384F8D832BDEC0A8BB5
:10446000BDE8F883F7EE007AB4EE679AF1EE10FA41
:1044700037FE899A09E74FF0004349E7D4F8A020B6
:10448000013A032A68D8DFE802F0391E150294EDDC
:10449000297AD4ED2D6AA7EE667AB4EEEB7AF1EEC6
:1044A00010FA44D50022B0EE4C7A84ED29CAC4F843
:1044B000A02003E094ED2A7A84ED297AD4EDB56A40
:1044C00027EE267AA6E794ED297A94ED2A6AD4EDB0
:1044D0002C5A76EE476AA5EEA67A77EE466AF0EE9B
:1044E000E66AF4EEEB6AF1EE10FA20D50322B0EEA4
:1044F000467A84ED296AC4F8A020DFE7F7EE086A5F
:1045000094ED297AD4ED2B5AB7EE006A76EEC76A9D
:10451000A5EEA67AB4EEC67AF1EE10FA07DB022217
:10452000B0EE467A84ED296AC4F8A020C6E784ED8F
:10453000297AC3E70023EBE62046FFF71DFD3F2362
:10454000CCE6D4F8A030002B88D1002384F8D832F0
:1045500084E794F8D9326FE7B0EE4C7AAEE700BF4B
:10456000000000000000804F0000802FDB0FC940DA
:1045700017B7D138D0ED027A90ED047AFBFE677A56
:10458000FDEEE77AB5EEC07A2DE9F04117EE906ABC
:104590000746042EA8BF0426F1EE10FA26EAE676B6
:1045A0002DED0A8BC0F29F80B7EE00AAB4EECA7A56
:1045B000F1EE10FA40F39A806823504D03FB06F6A3
:1045C000AB5D182B1A4628BF1822C7F8FC21002B18
:1045D00000F085803C4606F10803DFED498A2E4451
:1045E0001C3497ED00CA97ED849A1D446CEE288A1E
:1045F000DFED44AADFED449A04EB820849E0F4EED3
:10460000467AF1EE10FA76FE277A96ED016AD5ED3C
:104610000F6A67EE867A97F818329FED3C0A9FED95
:104620003C7A67EEA67A2BB9F4EE477AF1EE10FAEF
:1046300077FE277A67EE8C7A043480EE270A11F031
:104640007BFEB0EE408AB0EE6B0A12F04DFAB0EE8F
:10465000407A78EE087A28EE088AF0EE4A0A67EE89
:10466000877A84ED178AB0EE4B0A44ED017A95ED16
:10467000078A11F0A5FFB0EE40BAB0EE6B0A12F057
:104680002FF9444528EE0B8A28EE000A84ED2F0A04
:1046900025D0B5EC01BADFED1F6A6BEE097AF4EEB6
:1046A000E87AF1EE10FA0FDA27EEAA7AD7ED037A5C
:1046B000B3EE0E6AF4EEE67AC7EE0CBAF1EE10FA3B
:1046C0009DDAF0EE667AA0E7C4ED009A0434B0EE0D
:1046D000690AC4ED179A444584ED2F0AD9D1BDEC7F
:1046E0000A8BBDE8F081BFEE00AA65E7F6EE007A1E
:1046F00037EE677A37EE07AA5EE700BFE01A0120BF
:104700006666E63EDB0FC94000000000550CDDC0C8
:104710009A99993ECDCC4C3D10B52DED068B9FED71
:10472000C69A0B46B0EE408A82B0B4EEC90A04467F
:104730001146F1EE10FA40F31E82DFEDB27AB4EECC
:10474000E70AF1EE10FA00F17B81AF484C2263607A
:10475000206004F108000FF045FEDFEDAA7AB4EE08
:10476000E78AF1EE10FA00F17281A74B6365DFED85
:10477000A57AB4EEE78AF1EE10FA00F16A81A24B55
:10478000E366DFEDA07AB4EEE78AF1EE10FA00F10D
:1047900062819D4A0123C4F88420C4F89830DFED7B
:1047A000997AB4EEE78AF1EE10FA00F15981964851
:1047B0004FF07E5395490022C4F89C0004F1BC00E0
:1047C000C4F8A010C4F8A420C4F8A830DFED8D7A96
:1047D000B4EEE78AF1EE10FA00F16A818A4B01909B
:1047E000C4F8BC30FEF706FB00230198C4F8C030C3
:1047F000FEF700FBDFED837AB4EEE78AF1EE10FA04
:1048000000F11782DFED8D7AF0EE678AC4ED3C7A15
:10481000DFED7C7AB4EEE78AF1EE10FA40F17981AF
:10482000DFED7F7A9FED7F7A68EE277A87EE270AA1
:1048300084ED438A11F080FD9FED7B0A9FED7B9A0A
:1048400028EE000A89EE000A11F076FD9FED780A45
:1048500028EE000A89EE000A11F06EFDD4ED027A0E
:1048600094ED090A94ED0AAA94ED0B9AB6EE007A3B
:10487000D4ED0C9AB5EEC00A77EE877AF1EE10FA15
:10488000FDEEE77A17EE903A83F30203A366C4F8CD
:10489000803040F25A8120EE280ADFED627A87EEFE
:1048A000800A11F049FDF7EE007A37EEC00AB5EE46
:1048B000C0AA84ED400AF1EE10FA40F22F812AEEF0
:1048C00028AA9FED5A0A80EE0A0A11F035FDF7EE8C
:1048D000007AF5EEC09A37EEC00AF1EE10FA84EDD8
:1048E000410A40F2258169EEA89A9FED500A80EEB8
:1048F000290A11F021FDF7EE007AB5EEC09A37EEE5
:10490000C00AF1EE10FA84ED420A00F11B81F7EEC5
:10491000007AB4EE679AF1EE10FA37FE899A94EDB8
:104920000D0A84ED3F9AB5EEC00AD4ED0E9AD4ED8F
:104930000F8A94ED109AF1EE10FA40F2198120EEF0
:10494000080ADFED387A87EE800A11F0F5FCF7EE01
:10495000007A37EEC00AF5EEC09A84ED470AF1EE10
:1049600010FA40F2028169EE889A9FED300A80EEDB
:10497000290A11F0E1FCF7EE007A37EEC00AB5EE35
:10498000C09A84ED480AF1EE10FA40F2E18029EE77
:10499000089A9FED260A80EE090A11F0CDFCF7EE89
:1049A000007AF5EEC08A37EEC00AF1EE10FA84ED17
:1049B000490A00F1D780F7EE007AF4EE678AF1EE4B
:1049C00010FA77FEA88ABFEE007AD4ED127AC4ED11
:1049D000468AF4EEC77AF1EE10FA00F10E81B7EED6
:1049E000000AF4EEC07AF1EE10FA40F30B819FED6D
:1049F000088A84ED508A84ED510A02B0BDEC068B22
:104A000010BD00BF8096184B00803B47B8BF813D6A
:104A10002EBD3BB36666E63E00007A44DB0FC9C09C
:104A20000AD7233C549F8CBFCDCCCC3D8E5D93C028
:104A3000CDCC4C3E49FF15BB0000000000803B4739
:104A40004C22083084ED000A63600FF0CBFC84ED4B
:104A5000158A84ED1B8A012384ED218AC4F89830DD
:104A60005FED147A38EE080A1FED157A04F1BC00E8
:104A700068EE277A5FED176A84ED278A0190F4EEDD
:104A8000C77AF1EE10FA58BFF0EE477A67EEA67AD1
:104A900087EE800A11F050FC00230198C4F8A4307E
:104AA000F7EE007A37EEC00AC4ED2A7A84ED280AC0
:104AB00084ED2F8AF0EE488A0190FEF79BF90023DF
:104AC0000198C4F8C030FEF795F95FED2B7A1FED21
:104AD0002B7A68EE277A87EE270AC4ED3C8A11F01C
:104AE0002BFC1FED2F0A1FED2F9A28EE800A89EE6E
:104AF000000A11F021FC1FED320A28EE800A89EE2F
:104B0000000A11F019FCB5EEC08AF1EE10FA3FF779
:104B10007FAE1FED380A1FED378A89E6F5EEC09AA1
:104B2000B7EE000AF1EE10FA84ED410A3FF6DBAE73
:104B3000B5EEC09AB7EE000AF1EE10FA84ED420A23
:104B40007FF5E5AE1FED449AE9E6B7EE000AAEE662
:104B5000F5EEC08AB7EE000AF1EE10FA84ED490ACC
:104B60007FF529AF5FED4C8A2DE7B7EE000A06E727
:104B7000B7EE000AEFE65FED4F8A4C224360083043
:104B800040ED028A0FF02EFCB5EEC08AF1EE10FA6D
:104B90003FF7E3ADC4ED158A3FF7E9ADC4ED1B8ADD
:104BA0003FF7EFAD4FF00103C4ED218AC4F8983010
:104BB0003FF7F5AD4FF07E532E4A04F1BC00C4ED33
:104BC000278AC4F8A02084ED299AC4F8A8303FF7BA
:104BD000FDADC4ED2F8A0190FEF70CF9002301987A
:104BE000C4F8C030FEF706F9B5EEC08AF1EE10FA4F
:104BF0003FF700AE9FED200A6FE7B7EE008A9FED0A
:104C00001F0AF6E637EE808A9FED1D7AF5EE007AF0
:104C100028EE078A28EE278AB0EE480A11F064FFD2
:104C2000F0EE407AB0EE480AB0EE678A11F058FE16
:104C3000DFE6DFED147AF0EE488A9FED130A68EEA6
:104C4000277A84ED3C8A9FED119A80EE270A11F0B5
:104C500073FB9FED0F0A28EE000A89EE000A11F09F
:104C60006BFB9FED0C0A28EE000A89EE000A11F09A
:104C700063FBD5E5B8BF813D49FF15BB00000000CF
:104C8000DB0F49400AD7233C549F8CBF8E5D93C0F5
:104C9000CDCCCC3DCDCC4C3ED0ED117AF5EEC07AEA
:104CA00038B5F1EE10FA04462DED048B00F3FE80CA
:104CB000D0ED4D6A90ED4E7AF6EE005AD4ED038AAF
:104CC00067EEA66A94ED4A9AB2EE0E6A68EEA58A7D
:104CD00067EE877A9FEDC47AB0EE000AF0EE680ABC
:104CE00027EE868AD6EE860AC0EE870A11F068FCA7
:104CF00094ED157ADFEDBD6A29EE000AC0EE077A61
:104D0000F4EEE67AF1EE10FA00F121819FEDB86A37
:104D1000F4EEC67AF1EE10FA00F3AF80F4EEE67A24
:104D2000C4ED177AF1EE10FA40F35881F7EE006AFD
:104D300086EEA77ADFEDAC0A84ED187A78EE888AE1
:104D4000B0EE000AC8EEA00A11F03AFC94ED1B7A0E
:104D5000DFEDA66A29EE000AC0EE077AF4EEE67AE5
:104D6000F1EE10FA00F1F8809FEDA16AF4EEC67A38
:104D7000F1EE10FA00F3F580F4EEE67AC4ED1D7A58
:104D8000F1EE10FA40F32D81F7EE006A86EEA77A75
:104D9000D4ED216A9FED956A84ED1E7AF6EE007AD5
:104DA00029EE279AC9EE267AF4EEC67AF1EE10FAC9
:104DB00000F1C880DFED8E6AF4EEE67AF1EE10FACB
:104DC00000F3D480F4EEC67AC4ED237AF1EE10FA43
:104DD00040F30181F7EE006A86EEA77A94ED4B6A04
:104DE000D4ED140AD4ED086AD4ED457A60EE860A53
:104DF00094ED058A84ED247AB0EE000AE6EEA70A67
:104E000011F0DEFBF3EE046A28EE000AD4ED007A1E
:104E10009FED786AB6EE007AD4ED075AB4EE660AD2
:104E200067EE867AF1EE10FA48BFB0EE660AB4EE8D
:104E3000670AF1EE10FAF4EEC75A37FE800AF1EE77
:104E400010FA1FD5DFED6C6AD4ED277AB4EEE60ACE
:104E500094ED068A37EEA77AF1EE10FA00F18B8016
:104E600067EE867AB4EEE70AF1EE10FA40F3AE8010
:104E7000DFED626A27EEA60A7FE09FED617A84ED9E
:104E8000176A57E7F2EE037AD4ED066A002304F1BD
:104E9000BC0084ED310AA6EEA77AC4F8CC3084EDCC
:104EA000327AFDF7A7FFBDEC048B38BD4568BEEE36
:104EB000006A544B2A685449F0EE466A1344D0ED18
:104EC0004D3A114490ED4E4A83EAD33243F0010348
:104ED00041F0010CDFED4D4A03FB02F281EAD133D0
:104EE0009FED4B5A0CFB03F382EAD21042F03D0CCB
:104EF000DFED485A0CFB0020424082EA923207EE76
:104F0000102A83EAD312B8EE477AE7EE246A66EEF7
:104F1000856AE3EEA56AC4ED4D6A296043F03D0160
:104F200001FB0232534083EA933307EE103AB8EEA6
:104F3000477AA7EE246A26EE057AA4EE257A84ED58
:104F40004E7AB9E6B0EE467A84ED236A46E7B0EED3
:104F5000667AC4ED176AEDE6B0EE667AC4ED1D6AB6
:104F600016E79FED277A84ED1D6A11E79FED247AFD
:104F7000C4ED236A32E79FED280A80EE070A11F09C
:104F8000DBF9F7EE007AB5EEC08A37EEC00AF1EE33
:104F900010FA84ED280A09D4DFED207AB4EEE78A0E
:104FA000F1EE10FA0DDD9FED1E8A01E09FED0F8AF4
:104FB0004FF07E5384ED298ABDEC048BC4F8A830F1
:104FC00038BDF1EE007A28EE278AF1E7DFED0B7AA3
:104FD00020EE270AD1E7B0EE467AFFE6B0EE667A19
:104FE000A8E6B0EE667AD3E6000096440000000022
:104FF00048E1FA3E6666E63E6F12833ADB0FC9C0AF
:10500000BC9C0240F5792B6DEAF356DA0000802F44
:10501000CDCC4C3D77BE7F3F2FE3CDBB6666863F50
:10502000666686409446B5EEC00A70B5864604466C
:105030000D46F1EE10FABCE80F002DED068BAEE840
:105040000F00BCE80F00AEE80F009CE80F00B0EEC8
:1050500040AA8EE80F0040F3A381DFEDD37ADFEDA5
:10506000D36AB4EEE70AF1EE10FA48BFF0EE406AF8
:105070002B68C4ED116A83B16B6873B1AB68002B08
:105080000BDDEB68002B08DD2B69032B05DD591EBA
:10509000C74A194218BF154600E0C54DAC4604F199
:1050A0003005BCE80F000FC5DCF800100023012913
:1050B000296005DD0120013300FA03F29142FADC98
:1050C000D4ED127A0139F5EEC07AC4E91613F1EE87
:1050D00010FA40F2B281A16B77EEA77A481E86EEF5
:1050E000A77A11D4626B0023043A02E0013399429B
:1050F0000AD0D2ED017A0432F8EEE77AB4EEE77A1C
:10510000F1EE10FAF2DB1846B5EEC0AA2066F1EE19
:1051100010FA40F36981DFEDA47AB4EEE7AAF1EE6C
:1051200010FA00F1EE8004F17C03A248A24904F1D8
:105130008005A24AA36700236066E167A2666367F1
:10514000DFED997AB4EEE7AAF1EE10FA00F18B8167
:10515000984B2846C4F88030FDF74CFE00232846C3
:10516000C4F88430FDF746FEDFED8F7AB4EEE7AA8F
:10517000F1EE10FA00F16C819FED8CAA9FED900A80
:10518000F0EE4A9A84ED2DAA11F0D6F8DFED8D7A73
:105190009FED8D8A6AEE277A88EE270A11F0CCF807
:1051A000DFED8A7A6AEE277A88EE270A11F0C4F8D2
:1051B000D4ED047A94ED059A94ED068AD4ED078A2D
:1051C000F5EEC07AF1EE10FA40F2E78067EE8A7AE7
:1051D0009FED7F0A80EE270A11F0AEF8F7EE007A15
:1051E00077EEC07AB5EEC09AC4ED317AF1EE10FADE
:1051F00040F2D08029EE0A9A9FED730A80EE090AE8
:1052000011F09AF8F7EE007A77EEC07AF5EEC08AE0
:10521000C4ED327AF1EE10FA40F2AF8028EE8A0A3D
:10522000DFED697A87EE800A11F086F8F7EE007AF2
:10523000B5EEC08A37EEC00AF1EE10FA84ED330AFB
:1052400000F1A580F7EE007AB4EE678AF1EE10FA6D
:1052500037FE888AD4ED017A84ED308A87EEA97A08
:10526000B5EEC07AF1EE10FA77DBF6EE007AB4EE26
:10527000E77AF1EE10FA72DD4FF00043B2EE037AF6
:10528000D4ED0A6AF6EE007A626A9FED528A2846E9
:105290002367E6EE877AC4F8882084ED248AC4ED7B
:1052A000237AFDF7A7FDBFEE007AD4ED0B7AF4EE7A
:1052B000C77AF1EE10FA47DBB7EE008AF4EEC87A4F
:1052C000F1EE10FA00F3BB8037EE888A9FED427A48
:1052D000F5EE007A28EE078A28EE278AB0EE480A13
:1052E00011F002FCF0EE408AB0EE480A11F0F8FA34
:1052F000B0EE408AC4ED358A84ED368ABDEC068B6B
:1053000070BDF0EE4A9A04F17C002B4900232B4A31
:1053100004F1800584ED19AAA067E167A2666367BE
:10532000284684ED20AAFDF765FD00232846C4F831
:105330008430FDF75FFDDFED297A9FED257A6AEE77
:10534000277A87EE270A1DE7F7EE008A84ED368A72
:10535000C4ED358ABDEC068B70BD00238EE7B5EE3B
:10536000C07AF1EE10FAF8DDDFED1D6AE7EE267A7D
:10537000FCEEE77A17EE903A80E7B5EEC08AB7EE1A
:10538000000AF1EE10FA84ED330A7FF55BAF9FED72
:10539000118A5FE7F7EE007A38E7F7EE007A21E747
:1053A000DFED026A64E600BF8096184B00803B4741
:1053B000A028012000803B47979B28ADEC0A073FBF
:1053C00049FF15BBCDCCCC3D8E5D93C0CDCC4C3EC2
:1053D000549F8CBF00000000DB0F49400AD7233CDC
:1053E0000000804F00803B471FED028A04F17C01E2
:1053F0001E4A4FF000061E4B04F1800584ED198A09
:10540000A3666667C4E91E123FF79AAE284684ED8C
:10541000208AFDF7EFFC2846C4F88460FDF7EAFC1B
:10542000B5EEC0AAF1EE10FA3FF79EAEB0EE48AA74
:105430009FED100AF0EE489AA4E6002064E6DFED46
:105440000E8A84ED368AC4ED358ABDEC068B70BDBC
:10545000DFED0A7A9FED0A7A6AEE277ADFED099A84
:1054600087EE270A8EE6DFED079A59E7979B28AD6E
:10547000EC0A073F49FF15BB2EBD3BB30AD7233CBF
:10548000549F8CBF00803B472DE9F04F0446D0F875
:10549000B8002DED0E8B89B0209D002800F0BD8155
:1054A000AB4294ED08BAD4ED00BA94ED02CAD4ED43
:1054B00003CA94ED34DA80F2B08102EB8307226EE6
:1054C00001EB8306E36B01EB850AE16D02FB03FB55
:1054D000013B226CC1F1200807EE903AB6EE00AA1B
:1054E000C446DFEDD6DAF8EEE79ADFEDD5AA9FEDF8
:1054F000D59A02FB0BFB9FEDD48A9046256DCDF823
:1055000010C0D4E91C390093236B0193A36D02935F
:1055100093000593636D039353468A4619460138F9
:10552000032800F28581DFE800F050342B02D4ED2F
:105530002F8AD4ED337AE8EEE78AF4EEED8AF1EEC5
:1055400010FA40F16781F0EE6A8A0023C4ED2FAAB9
:10555000C4F8B8302CEEA8EA6DEE288AE36E07EEA8
:10556000903AB8EE670A60EE097AB9F1040F00F2DA
:105570005C81DFE819F00401F600ED00E50045006C
:10558000D4ED307A2CEEA7EAC4ED2F7A6DEE278A9F
:10559000E4E7D4ED2F8AD4ED307AD4ED326A37EED9
:1055A000E87AE6EE878A38EEE77AB0EEC77AB4EEAC
:1055B000ED7AF1EE10FA40F12D810323F0EE678AC7
:1055C000C4ED2F7AC4F8B830C4E7B7EE087AD4ED4A
:1055D0002F7A94ED316AF7EE006A37EE677AE6EEDD
:1055E000077AF4EEE67AF1EE10FACBDB0223F0EE66
:1055F0004D8AB0EE6CEAC4ED2F6AC4F8B830ADE75E
:1056000094ED1A0A2CEE000A00981B18E36627D3C3
:10561000A06F28B30368F0EE006ABFEE007A03F1D2
:10562000DA4303F52D1303F567533533036083EA3B
:10563000D33043F0010300FB03F383EAD31043F0BC
:105640003D0C0CFB0030434083EA933307EE903A65
:10565000F8EE677A67EE897AA7EEA67A84ED1A7A71
:105660003BEE800A30EE0E0AB5EEC00AF1EE10FAFB
:1056700080F2908069EEAA7AB0EE6A0ABDEEE77A0F
:10568000049B019A25FA03F084ED130A17EE103AF1
:10569000F8EEC76A00F1010C03FB08B377EEE66A87
:1056A00002EB8303029A0CEA020C05FA0AF203EBFE
:1056B000800EF5EEC06A07EE102A8000DEED007A5B
:1056C00003EB8C0EB8EE477A4FEA8C0C9EED006A25
:1056D000F1EE10FA27EE097A36EE676AE7EE067AFF
:1056E0000FDD059A13441844634490ED006AD3ED2E
:1056F000005A75EEC65AA7EE256A36EE676AE6EEE0
:10570000867AB4EECABA039B1D44F1EE10FA256501
:105710004ADA67EEA87AD4ED356A96ED007AA6EEFD
:10572000A77AA6EC017A8E4297ED007AD4ED366A1C
:10573000A6EEA77AA7EC017A6FD0D4F8B800EEE60F
:10574000F4EECA7AF1EE10FA6CD5B0EE4C0A5BE7D3
:10575000B0EE007ABFEE000AA7EE870A2CEE000A30
:1057600052E7F4EECA7AB1EE007AF1EE10FAF1D413
:10577000B0EE080AA7EEC70A2CEE000A44E727EEAF
:10578000880ACDE9063111F0ABF82CEE000ADDE90C
:10579000063139E7B7EE007AB4EEC70AF1EE10FA37
:1057A00033DC60EE297A69E794ED2C6AF0EE004A6A
:1057B000D4ED2B5A37EEC64A94ED267AB0EE465A0F
:1057C000D4ED253AD4ED296AD4ED272AA5EE875ADF
:1057D00094ED283A24EE077AA3EEA57AD4ED2A3A7E
:1057E000A4EE225A67EE266AD7EE245A95EE246A72
:1057F000B0EE667AA7EE837AC4ED2B5A84ED2C6A5C
:10580000F0EE477AE5EE237A83E7F0EE697AB0EEC0
:10581000470A33E7C4ED2F8A9CE609B0BDEC0E8B36
:10582000BDE8F08FB1EE4C0AEEE62CEE2A0AEBE66C
:105830002CEEAAEA6DEE2A8A90E600BF17B7D1389F
:10584000000000000000802FDB0FC940B5EEC00A49
:105850008C4630B5F1EE10FA04462DED068BB0EE15
:10586000408A83B040F3EA80DFED807AB4EEE70A45
:10587000F1EE10FA00F1CC8005467D4B45F8043B73
:10588000BCE80F000FC59CE8030085E80300DFEDCE
:10589000777AB4EEE78AF1EE10FA00F1C38004F2F1
:1058A0008450DFED727AB4EEE78AF1EE10FA00F17F
:1058B000D880DFED707AB0EE677A02230025C4ED60
:1058C000077A236380ED007A0190FDF793FA01983F
:1058D000C4F88855FDF78EFA8022294604F1340079
:1058E00013F026F84FF48072294604F1B800C4F88A
:1058F000B45013F01DF88022294604F5DE70C4F878
:10590000B85113F015F84FF48072294604F5107061
:10591000C4F83C5213F00CF8B5EEC08AC4F84053FA
:10592000F1EE10FA40F38580DFED507AB4EEE78AAD
:10593000F1EE10FA7DD5DFED507AF0EE488A9FED5A
:105940004F7A68EE277A87EE270A04F5B7659FED50
:105950004CAADFED4C9AC5ED008A10F0EDFC9FEDEE
:105960004A0AB7EE009A28EE800AFFEE00AA8AEEF5
:10597000000A10F0E1FC9FED450A28EE800A8AEE4D
:10598000000A10F0D9FC9FED3D0A68EEA97A80EE7E
:10599000270A10F0D1FCF5EE007A39EE400A68EEE5
:1059A000A77A85ED040A8AEE270A10F0C5FCDFED20
:1059B000387A39EE400A68EEA78A85ED050A8AEE44
:1059C000280A10F0B9FCDFED337A4FF07C53EB601E
:1059D00068EE277A39EE400A85ED060A8AEEA70AB4
:1059E00010F0AAFC04F2DC5304F5BC6479EE407AB2
:1059F00068EE299AC3ED007A8AEEA90A10F09CFCA1
:105A000039EE400A84ED000A03B0BDEC068B30BDD0
:105A10000546BCE80F00A5EC010A0FC59CE8030091
:105A200085E80300F0EE487A04F28450B0EE487A3C
:105A300043E79FED190ADFED0F8A86E70546DFEDA4
:105A40000D7ABCE80F00E5EC017A0FC59CE8030075
:105A500085E803003FF71BAF04F284507FF72BAFBC
:105A60001FE7B0EE487ADFED037A26E78096184B01
:105A700000803B4700803B470AD7233C549F8CBFA4
:105A80008E5D93C0A69B443BCDCCCC3DCDCC4C3E53
:105A90008FC2F53DA69BC43A49FF15BB2DE9F04FD7
:105AA0002DED0C8B97B0019390F8F935CDE91212DA
:105AB000002B00F07C82B6EE007AD0ED027AD0EDB9
:105AC00001AA044677EE877AF5EEC0AAFDEEE77AE2
:105AD00017EE909AB9F1060FA8BF4FF00609B9F179
:105AE000010FB8BF4FF00109F1EE10FA80F27B838D
:105AF00094ED03AADFEDC7AAB5EEC0AAF1EE10FA45
:105B0000C0F28183F7EE007AB4EE67AAF1EE10FAE4
:105B100037FE8AAA04F2F4532C9AD4ED069AD3EDF8
:105B2000007A1193019B69EEA79A934280F24C840C
:105B3000D4F8EC35B7EE008ADFEDB78A04F284576B
:105B4000039304F2D4539FEDB39A059304F5BB631A
:105B5000069304F5BE63109304F2C4430F93AF4B56
:105B600003F13C0604F24453079304F204531593E3
:105B700004F55173149304F571730A93039B002B7E
:105B800040F36883102BA8BF1023059AF1EE0C3A5E
:105B9000019938EE4A3A92ED005A069A6AEEA33A13
:105BA0000F9DD2ED004A2C9A94ED094A521A94F8AE
:105BB000F815DFED9B2A9A42DFED9A5A08460991C3
:105BC000A8BF1A4613460292920005EB830E04F218
:105BD000E453049204F2DC529C460892DDF82080E3
:105BE000914ACDE90D57119FCDE90B94002800F0A3
:105BF0001283D7ED007AF4EEC57A77EEC57AF1EE2E
:105C000010FACCBF98ED007A9CED007AA7EE875A87
:105C1000B4EEE45A75EE647AF1EE10FACCBF04F5F6
:105C2000BC6304F5BD6393ED007AD4F8BC35E7EEB0
:105C3000874A013B032B00F2CB83DFE813F0B2026B
:105C40009502CB02BD01DFED731A71EE211A36EE1B
:105C5000046AB4EEC86AF1EE10FAA8BF36EE486ADC
:105C600084ED086AE5EC011AAE45BFD1069B9FEDB5
:105C70006F6AC3ED004AD4F8B450059BDDE90B9080
:105C8000DDE90DC783ED005AA5F108035CF8041B9C
:105C900004EB8502B0EE467A03F01F03DFED5D7A78
:105CA00051632A4604EB83035C495B6BC0F84433C1
:105CB00001E0B1EC017A02F01F038E4202F1FF32E3
:105CC00004EB8303D3ED0D6AE6EE877AF1D177EE2C
:105CD000A77A0135E64500F1080005F01F05C0ED83
:105CE000D07AD1D1029B4FF0000EDDF85080C4F87D
:105CF000B4504FEA430B0A9DC2469FED4C6AD4F85C
:105D00003C02AC46A0F1080358F8041B04EB8002E7
:105D1000B0EE467A03F01F03DFED3E7AC2F8BC1105
:105D2000014604EB83033D4AD3F8BC312B6001E00C
:105D3000B2EC017A01F01F03964201F1FF3104EB4E
:105D40008303D3ED6F6AE6EE877AF1D10EF1010E8F
:105D500077EEA77A01300835F34545ED017A00F07A
:105D60001F00CFDC1599B5EE005A0A9BF1EE005AE0
:105D70000D460499B0EE006AC4F83C02F0EE084A01
:105D800003F1100005EB010EF5EC016AA0F1100122
:105D9000B1EC017A0023F0EE487A0133E6EE877A1F
:105DA00027EE857ABBFE477AE7EE657AF4EEC67A8F
:105DB000F1EE10FA4CBF37EEC87A34EEE77A994527
:105DC000E9D1884201ED017AE2D1AE4500F110003F
:105DD000DAD1F6EE005A9FED156AD4F840534FF031
:105DE000000EA5F10803DCF8000004EB8501B0EE1D
:105DF000467A03F01F03C1F8400204EB8303DCF88A
:105E00000400C1F8C002691ED3ED907A034867EE22
:105E1000A57A0FE0000000000AD7A33C3417002049
:105E200017B7D13800008042B428012086879CB87B
:105E3000B0EC017A01F01F03824201F1FF3104EB63
:105E40008303D3EDB06AE6EE877AF1D10EF1010E4D
:105E500001350CF1080CEAEC017AF34505F01F0559
:105E6000BFDCDDF81CE0F6EE005A029BC4F840539C
:105E7000F4461FED126A04EBC308D4F8B8012546B6
:105E8000A0F10803D5F8441304EB8002B0EE467A83
:105E900003F01F03C2F8B81004EB8303D5F84813CE
:105EA000C2F83811421ED3ED2E7ADF4967EEA57A8B
:105EB00001E0B1EC017A02F01F038E4202F1FF32E1
:105EC00004EB8303D3ED4E6AE6EE877AF1D1083511
:105ED0000130EEEC017AA84500F01F00D0D1109BF4
:105EE000B0EE004A0499D3ED001A079B129A1944A8
:105EF000C4F8B801019B139802EB830200EB830303
:105F0000BCEC015AD7ED0C6A97ED0B6A8C4575EE27
:105F1000664A97ED067AF0EE665A97ED052AD7EDB8
:105F2000097AD7ED072AE6EE075A97ED083A24EEEC
:105F3000877AD7ED0A3AA2EE067AE4EEA25A67EE25
:105F4000277A97EE046AD5EE846AE5EE037A87ED48
:105F50000B6AC7ED0C6AE5EEA37A92ED007A61EE6A
:105F6000A77AA7EEA97AA2EC017A93ED007AA7EEC0
:105F7000A97AA3EC017AC3D1DDE902135A1A019B75
:105F800003920B44C4F8EC252C9A01939A423FF7F4
:105F9000F5AD099B5BB904F5BB63DFEDA47A93ED26
:105FA000007AB4EEE77AF1EE10FA00F1FF8117B053
:105FB000BDEC0C8BBDE8F08F04F5B763D3ED027A2E
:105FC00093ED067AE7EEC77AF4EEE27AF1EE10FA94
:105FD00040F12481F0EE497A83ED029A0023C4F85F
:105FE000BC356AEE277A73EE277AF0EE486AB6EE91
:105FF000007AE3EEA76AF1EE007AC5ED106A94ED3F
:10600000086AB4EEC76AF1EE10FA40F1FF80FFEEC5
:10601000001AE6EE271AB5EEC04AF1EE10FA7FF745
:1060200016AEF3EE000AB2EE000A24EE20BA24EE19
:10603000000A36EE4B7A76EE0B7ABAFE477ABDEE60
:10604000C77AFBFE677AFDEEE77A17EE103A17EE95
:10605000901A8B4200F3E580D4ED0ABA01319FED2E
:10606000741A12E0F8EEE77ADBED006A9BED012A84
:10607000013337EE677A8B4232EE662AF0EE667AAB
:10608000E7EE027AA0EE271A1DD007EE903AB0EEA6
:10609000607AF8EEE77A76EE677AA7EEAB7A27EECB
:1060A000257AFBFE477AFDEEE77A17EE909AB9F56E
:1060B000006F02EB890BD5D30133F0EE497A8B42A6
:1060C000A0EE271AE1D1F6EE000A31EE811AB1EE08
:1060D000400A76EE600A70EECB7A30EE8BBAFAFEAA
:1060E000677AFDEEE77ABBFE4BBA17EE903AFDEE0B
:1060F000CB7A17EE901A8B423FF7A5ADF3EE00BABC
:1061000094ED0ABA0131DFED4A1A13E0F8EEE77AAE
:10611000DBED006A9BED012A37EE677A32EE662AE4
:10612000F0EE667AE7EE027A0133E0EE271A8B4250
:106130003FF48BAD07EE903AB0EE6B7AF8EEE77A6B
:1061400070EEE77AA7EE8B7A27EE257AFBFE477A88
:10615000FDEEE77A17EE909AB9F5006F02EB890B26
:10616000D4D3F0EE497ADFE704F5B763D3ED027AD2
:10617000D3ED036A93ED056A36EEE77AE6EE077A29
:1061800037EEE67AB0EEC77AB4EEE27AF1EE10FAC4
:1061900044D5C3ED026A0323F0EE667AC4F8BC3539
:1061A0001FE704F5B763B7EE087AD3ED027AD3EDB3
:1061B000046A37EE677AE6EE877AF4EEC87AF1EE93
:1061C00010FA0BDB83ED028A0223F0EE4A7AC4F860
:1061D000BC3508E704F5B763D3ED037AC3ED027A63
:1061E0006AEE277AFFE6F7EE007A94ED03AAF4EE62
:1061F00067AAF1EE10FAB5EEC0AA77FEAAAAF1EEF0
:1062000010FABFF67FAC9FED0AAA83E4F0EE081AFD
:10621000E6EE671AFFE6F0EE497AECE4C3ED027AA7
:10622000DFE69FED031A4EE73417002017B7D13889
:10623000000000003333B33ECDCC4C3FCDCC4C3EC0
:106240003333333F9A99993EDA730F413C4DAA405C
:10625000DA735F41D4ED057AF4EEE87AF1EE10FAE4
:106260007DDBB1EE047AF4EEC77AF1EE10FA00F3BA
:1062700093801FED10CA27EE8CCA059BFFEE00CA63
:106280005FED135A93ED007A1FED140A38EE477A4A
:10629000069B5FED156AD3ED00BAA7EE250A1FED48
:1062A00017BA38EE6B6A94ED00DAA6EE26BA20EE45
:1062B000270A20EE0D0A8CEE800A10F03DF804F259
:1062C000E4536BEE0C7A38EE407A67EE8D7A83ED0C
:1062D000007A8CEEA70A10F02FF804F5BD63F5EEF6
:1062E000C0BA38EE400AF1EE10FA83ED000A49DB3D
:1062F000F4EEC8BAF1EE10FA49DC1FED2D7A5FED2D
:106300002D7AEBEE877A94ED04BAB5EEC0BAF1EED1
:1063100010FA29DA67EE897A1FED330AB0EE49BA2E
:1063200030EE270A10F07CF82B4B384687ED020A36
:10633000FB6087ED049AFCF75DFDF0EE480ADFEDA7
:10634000277AB0EE6B0AEBEE670A10F039F9109B72
:1063500083ED000A1023C4F8EC35039315E4F0EE46
:10636000687A9FED1FCA88E7B4EEC8BAF1EE10FA5A
:1063700017DC38EE4B0A9FED1B7A67EE8B7A20EE26
:10638000070ACDE7F0EE49BADFED177ABBE7F7EE83
:1063900000BADFED167AB6E7B7EE0CCAF0EE477A30
:1063A0006BE7B7EE00BAB0EE490AB9E704F2D4538E
:1063B00093ED007AB4EEE77AF1EE10FA7FF5F7ADDF
:1063C000099B84F8F935F2E594F8F8350993E0E58E
:1063D0006AEE097A07E600BF9A99193F3333333FD3
:1063E0004160E53BDA735F413C4DAA40789A6441D5
:1063F000714A01FB00F3A2FB03238E222DE9F04337
:106400009B096E4C43F6202747F2404604F10C0EE0
:106410000C336B4D02FB00724FF0050CA5FB0281A3
:10642000B242A2EB010204D901EB5201890B01F146
:10643000040CA645634402D054F8042FEAE700F2A6
:1064400044725F4D1201A5FB024143F62024521A0B
:1064500001EB52014FF4287202FB004447F2404224
:10646000890B944201F1080140F29480A5FB0425B8
:10647000641B05EB5405AA0B41F2651543F6202475
:1064800005FB004447F24045AC4240F293804C4F3C
:10649000A7FB0457E41B07EB5407BF0B4FF4E16560
:1064A00043F6202405FB004447F24045AC427FD927
:1064B000434EA6FB0456A41B06EB5406B60B40F64F
:1064C000886543F6202405FB004447F24045AC4272
:1064D0006CD93B4DA5FB04C5641B05EB5405AD0B06
:1064E0004FF4637C43F620240CFB004447F2404CFD
:1064F000644558D9DFF8C8E0AEFB04CEA4EB0E0427
:106500000EEB540E4FEA9E3E41F2790C43F62024E6
:106510000CFB004447F2404C644541D9DFF8A0C071
:10652000ACFB048CA4EB0C040CEB540C4FEA9C3C2D
:106530004FF4266443F6202804FB008847F24044C9
:10654000A0452BD91E4CA4FB0894A8EB040804EB2F
:106550005804A40B43F6202840F65B4909FB008051
:1065600047F24048404517D9DFF85480A8FB00980F
:10657000A0EB080008EB5000800B03EB4103203335
:1065800013443B4433442B4473446344234418442E
:10659000BDE8F08301226FE70120EEE70124D9E78F
:1065A0004FF0010CC4E74FF0010EADE7012597E76E
:1065B000012684E7012771E7D34D6210B817012047
:1065C000E9A4DD19B5EEC00A2DE9F04FF1EE10FA9D
:1065D0000446884616461D462DED028BB0EE408AD5
:1065E00083B040F39780DFED557AB4EEE70AF1EE21
:1065F00010FA71D407EE903A9FED517A514BF8EEB4
:10660000677AC0F8B431002367EE877A80F8D83112
:10661000C0ED6E7ADFED4C7AB4EEE78AF1EE10FA57
:1066200070DCF6EE007A78EE277AFCEEE77A17EE69
:1066300090AAB8F1000F65D0294617EE900AFFF72F
:10664000D7FEB0425ED80AFB05F3404A002140461F
:10665000A2FB0323F6EE088AC4F8188026469B099D
:10666000DFF8F4B0DFF8F49003F10C050833AA006A
:106670002362E561019212F05BF90023019A6362E3
:106680008E2343F62021324803FB0A130521A0FB89
:10669000030747F240408342A3EB070307EB53078E
:1066A00036D9BF0B391D08EB02000D448A00706318
:1066B000C6E90E170021183612F03AF90023F762E6
:1066C000B362244BC6ED0C8A5B4549D05BF8043FAE
:1066D000AA00F9EC018AD4E707EE903A9FED187A08
:1066E00084ED6D0A0023F8EE677A80F8D83167EE02
:1066F000877AC0ED6E7ADFED147AB4EEE78AF1EEB8
:1067000010FA8EDD002003B0BDEC028BBDE8F08FE7
:106710000127C8E707EE903A9FED097A094BF8EE9A
:10672000677AC0F8B4314FF0000367EE877A80F8DB
:10673000D831C0ED6E7AE5DD6CE700BF8096184B6E
:106740006F12833A00803B470000804BD34D6210AC
:10675000E9A4DD19C4170120B8170120741701201E
:106760000AF244724FF42873A04F43F6202112011D
:1067700003FB0A11A7FB020308EB8500D21A03EB07
:10678000520247F24043920B994202F1080600F28E
:106790002F820127BA190021C4F89400C4F89C2064
:1067A00004321544C4F89820920012F0C1F841F266
:1067B000651343F6202208EB8500C4F8A47003FBA0
:1067C0000A220023C4F8A030894BC4F8A83047F24D
:1067D00040439A4240F24C82844BA3FB0213D21AEC
:1067E00003EB52039F0B3A1D15440021C4F8FC70C3
:1067F000C4E93D02920012F09BF84FF4E16343F6C6
:10680000202208EB8500C4F8047103FB0A22002350
:10681000C4F8003147F240439A4240F22682734B5B
:10682000A3FB0213D21A03EB52039F0B3A1D15442C
:106830000021C4F8B470C4E92B02920012F078F879
:1068400040F6886343F6202208EB8500C4F8BC704C
:1068500003FB0A224FF07C53C4F8C0300023C4F875
:10686000B83047F240439A4240F2FC815F4BA3FBB1
:106870000213D21A03EB52039F0B3A1D1544002159
:10688000C4F81071C4E94202920012F051F84FF4BA
:10689000637243F6202308EB8500C4F8187102FBED
:1068A0000A330022C4F8142147F24042934240F2D6
:1068B000D7814E4AA2FB03129B1A02EB5302970B9D
:1068C000BA190021C4F8C400C4F8CC20043215441D
:1068D000C4F8C820920012F02BF8454B43F6202252
:1068E00008EB8500C4F8D83041F27903C4F8D470BD
:1068F00003FB0A220023C4F8D03047F240439A42F7
:1069000040F2AB81394BA3FB0213D21A03EB5203C3
:106910009E0B321D15440021C4F82461C4E94702CE
:10692000920012F005F84FF4266343F6202208EB9C
:106930008500C4F82C6103FB0A220023C4F8283127
:1069400047F240439A4240F28581284BA3FB021351
:10695000D21A03EB52039E0B371DBA000021C4F874
:10696000E460C4E9370711F0E3FF4FF07C5240F6D2
:106970005B43E819C4F8F02043F62022002108EB1D
:10698000800003FB0A2247F24043C4F8EC609A42BD
:10699000C4F8E81040F25B81144BA3FB0213D21A37
:1069A00003EB52039D0B2A1DC4F83851002104F556
:1069B000BC77DFF84090DFF840800C4EC4E94C0211
:1069C000920011F0B5FF0023C4F840513846C4F8D6
:1069D0003C3104F5CA7540F261134FF4857243F6F9
:1069E000202E47F2404C019412E000BFE9A4DD19CB
:1069F0003333333F801701209C1701200082E84683
:106A0000CDCC4C3D8096184B59F8042F58F8043FD4
:106A100002FB0AE2012403FB0AE3A6FB02B1624582
:106A2000A2EB010201EB520188BF8C0B63454FF0D2
:106A3000010140F8044FA6FB0342A3EB020302EB63
:106A4000530288BF910B8542C161DDD1B2EE007A5D
:106A50005FED166A5FED167ABFEE000A019C28EE24
:106A6000077A68EE277AC7EE268A80EE270AC4EDF9
:106A70006F8A0FF061FC1FED1D7AF7EE007AB4EE1D
:106A8000C78A37EEC00AF1EE10FA84ED0A0A40F127
:106A9000B68087EE887A04F5AE71924A924B84ED07
:106AA000518AC4F84831C4E95612B5EEC07AF1EE05
:106AB00010FA80F2E3800023C4F85031DFED8B7AC6
:106AC000884A87EE887A884B84ED588AC4F8643106
:106AD000C4E95D72B5EEC07AF1EE10FA80F2DA80A8
:106AE00000234FF0804101220E9E254684F8D821D4
:106AF000C4E95A130FCE0FC5D4ED007AF5EEC07A73
:106B000096E80300F1EE10FA85E80300C0F29080E9
:106B10009FED777AF4EE477AF1EE10FA77FE277A56
:106B200094ED017AC4ED007AB5EEC07AF1EE10FA78
:106B3000C0F28A80DFED6F7AB4EE677AF1EE10FA78
:106B400037FE877AD4ED027A84ED017AF5EEC07AC9
:106B5000F1EE10FA75DBB7EE007AF4EE477AF1EE5B
:106B600010FA77FE277A94ED037AC4ED027AB5EE37
:106B7000C07AD4ED6E7AF1EE10FA5FDBB4EEE77A0C
:106B8000F1EE10FA77FE877A94ED047AC4ED037A79
:106B9000B5EEC07AF1EE10FA4DDBF0EE006AB4EE1D
:106BA000667AF1EE10FA36FE877AD4ED056A84ED46
:106BB000047AF5EEC06AF1EE10FA5CDBB7EE006A1B
:106BC000F4EE466AF1EE10FA76FE266A68EE277A4F
:106BD000012028EE877AC4ED056AC4ED0B7A84EDB6
:106BE000707AC4ED0C7A03B0BDEC028BBDE8F08F77
:106BF000A7FB0137C91B07EB5107BF0BCAE504F51B
:106C0000AE7238493C4B3D48C4F84431C4F8500199
:106C1000C4E95621344AC4F848213FF54FAFC4F8BF
:106C200060314FF2AB43C4F86421C4E95D7158E7A9
:106C3000DFED337A74E79FED327AB6E7DFED307A35
:106C4000A2E7DFED2F7A8EE79FED2D7A7AE7052216
:106C50000125A9E6052701267FE60522012659E63A
:106C600001272DE60522012708E605220127DEE59A
:106C700005220127B8E5DFED226AA7E7F6EE007AE4
:106C8000B4EEE77AF1EE10FA1DDD4FF00043C4F8E0
:106C9000503113E7F6EE007AB4EEE77AF1EE10FA2F
:106CA00002DD4FF000431CE7B5EEC07AF1EE10FABA
:106CB0007FF716AFDFED136AE7EE267AFCEEE77A90
:106CC00017EE903A0DE7B5EEC07AF1EE10FA7FF7C5
:106CD000F2AEDFED0C6AE7EE267AFCEEE77A17EE0D
:106CE000903AD4E7979B28ADEC0A073F3333333F04
:106CF00048E17A3FA4707D3F00803B47865D0100FC
:106D0000000000000000804F2DE9F04F04462DEDFB
:106D1000108B94F8D851BDB05698002D00F03586F0
:106D2000F7EE009A94ED05BA834294ED009AD4ED03
:106D300001AA79EECBBAD4ED02EA80F2268602EB04
:106D40008302D4ED297A01EB830379EEEAAAB8EE47
:106D500067EA0C920D9301EB8003D4ED357AF6EEE1
:106D6000008A3993B0EE00AA636CF8EE67DAF0EEB1
:106D700004CA9FED5EDA013B3EEE69EA7DEEE9DA98
:106D80009FED57FA3493E36D9FED568A013B9FEDDB
:106D900056CA3393636F013B3293D4F88C30013B76
:106DA0003193D4F8BC30013B3B93D4F8EC30013B39
:106DB0003A93A3690B93E3691A93636B3593A36BBF
:106DC0002293E36C3693236D2193636E3793A36E06
:106DD0002093E36F3893D4F880301F93D4F8943025
:106DE0000993D4F898301593D4F8F4300393D4F879
:106DF000F8301493D4F8AC300F93D4F8B030199322
:106E0000D4F808310893D4F80C311893D4F8C4306E
:106E10000A93D4F8C8301393D4F81C310293D4F8F1
:106E200020311293D4F8DC301093D4F8E03017936B
:106E3000D4F830310793D4F834311693D4F87C3138
:106E40003093D4F880312F93D4F884312E93D4F832
:106E500088312D93D4F88C312C93D4F890312B9326
:106E6000D4F894312A93D4F898312993D4F89C31EA
:106E70002893D4F8A0312793D4F8A4312693D4F8DA
:106E8000A8312593D4F8AC312493D4F8B0312393AE
:106E9000636AD4F840800093D4F8E830C346D4F84D
:106EA000D0900493D4F8B830D4F888500593D4F82F
:106EB000A030AA46266F0E93D4F80431B046A76DD1
:106EC0001B93D4F81831CDF84490B9461C93D4F8EC
:106ED0002C311D93D4F840311E9300F005BC00BF47
:106EE0000000802FDB0FC9409A99193F0000000075
:106EF000E36B02339342A8BF13460BF1FF32D21A61
:106F000001D5229B1A44359BD4ED126A03EB820211
:106F100003EB8B030BF1010B92ED007A339AE6EE53
:106F2000877AC3ED007A94ED126A229BA7EEC67AA7
:106F30009B4508BF4FF0000B002AC4F840B0F0EEAC
:106F4000476AC0F29584636D02339342A8BF13462B
:106F500009F1FF32D21A01D5219B1A44369BF0EE7B
:106F6000667A94ED186A03EB820203EB890309F158
:106F7000010992ED007A329AE6EE077AC3ED007AC3
:106F8000219BD4ED186A994508BF4FF00009002AEB
:106F9000A7EEE67AC4F85890C0F26784E36E023335
:106FA0009342A8BF134608F1FF32D21A01D5209BA5
:106FB0001A44379BD4ED1E6A03EB820203EB88036D
:106FC00008F10108D2ED007A319AA6EEA77A83ED96
:106FD000007A209BD4ED1E6A984508BF4FF0000848
:106FE000002AE7EE667AC4F87080C0F24884D4F8CC
:106FF000843002339342A8BF13460AF1FF32D21AFB
:1070000001D51F9B1A44389B94ED247A03EB82022E
:1070100003EB8A030AF1010AD2ED00FAE7EE2F7AB8
:10702000C3ED007AD4ED706A1F9BF5EE406A94EDD3
:10703000247A9A4508BF4FF0000AE7EEC7FAF1EE4E
:1070400010FAC4F888A040F06084F0EE4D7A5FED4D
:10705000596A77EE8E7A94ED757AB0EE6F5AF4EE47
:10706000E97AA7EE095AF1EE10FAC0F2048494ED21
:10707000277AB8EE470AF4EEC07AF1EE10FA00F380
:107080006184BDEEE77AB8EEC70A17EE102A37EE34
:10709000C00A0E9B013B9B1A5A1C01D515990A4444
:1070A0000999002B01EB8202D2ED005AC0F2D38382
:1070B000099A02EB830292ED007A5A1E002B00F02F
:1070C000D1830999023B01EB8202D2ED003A01D54E
:1070D000159A1344F0EE657A099A37EE636AD4ED97
:1070E0002A4A02EB8303F7EE082AE7EE6C7A0E9940
:1070F00093ED003A33EEE54A26EE226A02EB810375
:1071000073EE655A039AE3EE8A7AA5EEA86AE3EE77
:10711000687AE6EE007A67EE807AE4EE287AA7EEE7
:10712000807AA4EE875A83ED005A4B1CD4ED2A7A5C
:107130001599A5EE677A8B4208BF00231499C4F80D
:10714000A0300E93D4F8003102EB830282ED007A76
:107150005A1C8A4200F09683C4F800211B9A002A28
:10716000C0F21084D4F8FC201B9902328A42D4BFAA
:10717000991A591A0029C0F26B83039AD4ED727AD6
:1071800002EB810191ED007A3B9937EE677A002995
:10719000E7EE2A7AC4ED727A67EE897AC0F25383F9
:1071A000D4F8B42002328A42A8BF0A4605990139B0
:1071B000891A01D5199A11440F9A94ED306A02EB9D
:1071C000810191ED007A0599E6EE077A02EB8102E2
:1071D000C2ED007A4A1C19998A4200F08183059910
:1071E000CDE9052194ED306A059AA7EEC67AD4F868
:1071F0001411C4F8B820089A189802EB810282EDA5
:10720000007A4A1C824200F05983C4F814211C9A67
:10721000002AC0F2B383D4F810211C9802328242B3
:10722000D4BF881A081A0028C0F20A8376EEAD6A25
:10723000089AD4ED747A02EB8000F4EEE96AE7EE86
:1072400089FAD0F800E0F1EE10FAC0F2F282D4ED43
:10725000337AF8EE677AF4EEE76AF1EE10FA00F3AB
:107260006883FDEEE67A17EE900AF8EEE77A76EE9E
:10727000E76A119A013A121A501C01D5139D28444D
:107280000A9D002A05EB800090ED005AC0F2C782EB
:107290000A9800EB820090ED007A501E002A00F060
:1072A000C5820A9D023A05EB8000D0ED003A01D577
:1072B00013980244F0EE457A0A9837EE636AD4EDEB
:1072C000364A00EB8202F7EE082AE7EE6C7A119E4E
:1072D00092ED003A33EEC54A26EE226A00EB8602B2
:1072E00033EE455A139D0298E3EE8A7AA5EE286A9A
:1072F000E3EE687AE6EE267A67EEA67AE4EE287A7E
:10730000A7EEA67AE4EE87FAC2ED00FA721CD4ED7D
:10731000367AAA4208BF0022129DAFEEE77AC4F87F
:10732000D0201192D4F8282100EB820080ED007A61
:10733000501CA84200F0DA82C4F828011D980028E9
:10734000C0F21E83D4F824011D9D0230A842D4BF90
:10735000161A561B002EC0F25F820298D4ED737A83
:1073600000EB860696ED007A3A9E37EE677A002E9D
:10737000E7EE2A7AC4ED737A67EE897AC0F2478223
:10738000D4F8E4000230B042A8BF3046049D6E1E1F
:10739000361A01D5179806441098D4ED3C6A00EBD4
:1073A0008606179D96ED007A049EE6EE877A00EB3E
:1073B0008600C0ED007A701CA84200F0A082049DF7
:1073C00004900195D4ED3C6A0498A7EEE67A079DF7
:1073D000C4F8E800D4F83C0105EB8007169D87ED62
:1073E000007A471CAF4200F072821E9DC4F83C71C7
:1073F000002DC0F2C182D4F838711E9D0237AF4211
:10740000D4BFA0EB070CA0EB050CBCF1000FC0F241
:10741000FB81079D05EB8C0C309DDCF80070002D86
:10742000C4F8D0E1C4F8D471C0F2E981D4F8247171
:107430000237AF42D4BFA2EB070CA2EB050CBCF1A4
:10744000000F01DA129DAC44029D05EB8C0C2F9DC0
:10745000002D9CED007AC0F2D081D4F8247102375F
:10746000AF42D4BFA2EB070CA2EB050CBCF1000F9E
:1074700001DA129DAC44029D05EB8C0C2E9DDCEDD7
:10748000007A002D37EE277AC0F2B481D4F8E47088
:10749000019E0237AF42D4BFF61B761BB446BCF147
:1074A000000F01DA179DAC44109D05EB8C0C2D9D4F
:1074B000DCED007A002D37EE677AC0F29981D4F8BE
:1074C00038710237AF42D4BFA0EB070CA0EB050C1C
:1074D000BCF1000F01DA169DAC44079D05EB8C0C46
:1074E0002C9DDCED007A002D37EE277AC0F27E81EC
:1074F000D4F8FC700237AF42D4BFA3EB070CA3EB68
:10750000050CBCF1000F01DA149DAC44039D05EBA2
:107510008C0C2B9DDCED007A002D37EE677AC0F2E3
:107520006281D4F8B470069E0237AF42D4BFF61B16
:10753000761BB446BCF1000F01DA199DAC440F9DD7
:1075400005EB8C0C2A9DDCED007A002D37EE677A76
:10755000C0F24781D4F810710237AF42D4BFA1EB1B
:10756000070CA1EB050CBCF1000F01DA189DAC442F
:10757000089D05EB8C0C299DDCED007A002D37EE83
:10758000677A27EE0C7AC0F22A81D4F8FC700237B1
:10759000AF42D4BFA3EB070CA3EB050CBCF1000F6B
:1075A00001DA149DAC44039D05EB8C0C289D002D45
:1075B000DCED007A06DBD4F8FC700237AF42D4BFB2
:1075C000DB1B5B1B002B01DA149D2B44039D05EB99
:1075D0008303279DD3ED006A002D77EEA67A08DBA2
:1075E000D4F8B430069F0233AB42D4BFFF1A7F1BDE
:1075F0000697069D002DC0F2EF80069D0F9B03EBC2
:107600008505D5ED006A269D77EEE67A002D06DB2E
:10761000D4F810310233AB42D4BFC91A491B002938
:1076200001DA189B1944089B03EB8101D1ED006A34
:10763000259977EEA67A002906DBD4F824310233A7
:107640008B42D4BFD21A521A002A01DA129B1A4472
:10765000029B03EB8202D2ED006A249A77EEE67A6F
:10766000002A08DBD4F8E430019902339342D4BFF6
:10767000C91A891A0191019B002BC0F2A980019EB1
:10768000109B239A03EB8606002AD6ED006A77EE5C
:10769000E67A06DBD4F8383102339342D4BFC01AFD
:1076A000801A002801DA169B1844079B2BEE077AF4
:1076B0000C9A03EB80000D9B90ED006A53ED016A7C
:1076C00077EEC67AA6EEAB7A67EE8C7A6BEE277A07
:1076D00003ED017A12ED017AE7EE2B7A42ED017AA1
:1076E000399A9A4200F051810D9B009AF3EC017A8D
:1076F0001A990D930C9BB3EC017A77EE877A0C9371
:107700000B9B67EEA87A03EB8203C3ED007A134666
:107710000132D4ED0C7A94ED0B7A9142D4ED0A6AE1
:1077200000F0B98037EE677A013B6262E7EE267AB5
:10773000F5EEC07AC4ED0C7AF1EE10FAC0F21981C0
:1077400094ED087AF8EE476AF4EEE76AF1EE10FA83
:1077500000F10281BDEEE77A0098F8EEC76A17EEF5
:10776000101A401A5B1A77EEE66A00900099002919
:1077700029DB009900920B9A002B02EB810191ED1D
:10778000007A01DA1A9A13440B9AD4ED717A02EB5B
:107790008303349A93ED006A002A36EE476AA6EE18
:1077A000267A37EE677AE7EE2E7AC4ED717ABFF665
:1077B0009FAB0023FFF7A1BBF0EE4D6A4FF0FF3106
:1077C0006FF00103009100991A9800920144D2E7EA
:1077D000179B019E1E4453E7199B1D440EE79C46D0
:1077E000DCE68C46BFE6DDF818C0A3E69C4688E6DA
:1077F00084466DE6DDF804C051E6944636E69446CC
:107800001DE64FF0FF3C6046169DAC4401E60020AB
:10781000BCE54FF0FF363246129806449DE51398BA
:10782000104405EB800090ED007A501E139D284413
:1078300037E5F0EE4D6A01201BE54FF0FF300146C1
:10784000189A1044F2E40022B0E44FF0FF310B46E6
:10785000149A114491E4159A1A4401EB820292EDB4
:10786000007A5A1E15990A442BE40023FFF79BBBAC
:107870000023FFF76DBBB0EE4D0A012209E400239F
:10788000FFF7BBBB0023C4F800311B9B002BDCDBE4
:107890004FF0FF3366E437EE677A00226262E6EE6D
:1078A000877AF5EEC07AC4ED0C7AF1EE10FA83DB3C
:1078B0004FF0FF316FF00103009141E70022C4F85F
:1078C00014211C9A002AB8DB4FF0FF31A3E40020FA
:1078D000C4F83C011E98002893DB4FF0FF308AE586
:1078E00000224FF0FF36CDE905267BE40022C4F8E4
:1078F00028211D9A002A8CDB4FF0FF3222E54FF041
:10790000FF300190002004905CE5D4F84C51D4F88D
:10791000543107EE905AB8EE670A20EE0F0A042B96
:1079200000F21981DFE813F0F800EA00E300DB0061
:107930003600BDEEE77A17EE100AB8EEC77A77EE9A
:10794000C76A96E4FDEEC07A17EE902AF8EEE77A61
:1079500030EE670AFFF79DBBFDEEE67A009817EE62
:10796000901AF8EEE77A401A5B1A76EEE76A009012
:10797000FCE6F0EE4D6AF9E6844646E5084652E438
:107980001646E7E41946FFF7F5BB3DB0BDEC108B9A
:10799000BDE8F08FD4ED527A66EEA77AD4F8503174
:1079A000ED18C4F84C5126D3D4F858211AB31368F3
:1079B000BFEE006A03F1DA4303F52D1303F56753B5
:1079C0003533136083EAD33243F0010302FB03F340
:1079D00083EAD31243F03D0101FB0232534083EAB4
:1079E000933307EE103AB8EE477A27EE0F7AA7EEF8
:1079F0000A6A84ED526AD4F86851D4F8703107EEFF
:107A0000105AB8EE470A20EE0F0A042B00F2A080AD
:107A1000DFE803F056484139030094ED597A66EEE9
:107A2000876AD4F86C31ED18C4F86851FFF411ABD3
:107A3000D4F87421002A3FF40CAB1368BFEE006A3F
:107A400003F1DA4303F52D1303F567533533136060
:107A500083EAD33243F0010302FB03F383EAD31238
:107A600043F03D0101FB0232534083EA933307EEBA
:107A7000103AB8EE477A27EE0F7AA7EE0A6A84ED3D
:107A8000596AFFF7E6BAB4EEE80AF1EE10FAC8D484
:107A9000F1EE666AC5E7BFEE007AA0EE0A7A66EEFE
:107AA000876ABEE7B4EEE80AB1EE006AF1EE10FABA
:107AB00047D5BFEE007AA0EE067A66EE876AB0E799
:107AC00020EE080ACDED067ACDED016A0EF008FF32
:107AD000DDED016ADDED067A66EE806AA1E7B4EEBF
:107AE000E80AF1EE10FA29D5F0EE667A56E7FFEED5
:107AF000007AE0EE0A7A66EEA77A4FE7B4EEE80A7B
:107B0000B1EE007AF1EE10FA11D5FFEE007AE0EE58
:107B1000077A66EEA77A41E720EE080ACDED016A02
:107B20000EF0DEFEDDED016A66EE807A36E7F0EEFD
:107B3000087AE0EE477A66EEA77A2FE7F1EE667AEA
:107B40002CE7B0EE087AA0EE467A66EE876A68E720
:107B500066EE8D6A65E766EE8D7A1FE700F5A03266
:107B600010B50446D2F8240F2DED028B92F82B3F6E
:107B700088B383B391FBF3FC03FB0CFE714501D08A
:107B800000295EDBA1EB0E01435CD2F8680FD2F84E
:107B90006C1F00FB0C3339335B1A93FBF0F100FBD5
:107BA00001FC634502D090EA030F46D407EE901A19
:107BB000A3EB0C0302F57361F8EEE77A01EB8303A4
:107BC00091ED0C7A93ED000AA7EE870AB4EE400A15
:107BD000F1EE10FA24D09FED1D0A04F578341C4A0A
:107BE000D4F8DC3703EB830302EB830393F90D3006
:107BF000002B09DD013B30EE000ADAB25BB2002A4D
:107C0000F8D1BDEC028B10BDFBD0F6EE007A01334B
:107C100020EE270A5BB2002BF9D1BDEC028B10BD20
:107C200002F66472DFED0B7A92ED008A20EE270AED
:107C30000EF0F6FB28EE000ACFE7013900FB01FC4D
:107C4000B4E70CF1FF3C03FB0CFE9BE70000C07F98
:107C5000301E01200E745A3A2DE9F84F42F6A8045E
:107C600048F2F43B804600F63C6A044483440746ED
:107C700000252DED068B9FEDD99ADFEDD9AA9FED5A
:107C8000D9AADFEDD99ADFEDD97AB6EE008A0026BF
:107C90004FF0814EC7ED0E7A07F50059DFEDD47A2B
:107CA0004FF07E53DFEDD38A4FF0804CC7ED117A51
:107CB0003146DFEDD17A09F6AC1087ED009AC7EDB9
:107CC000147ADFEDCE7AC7ED03AAC7ED157A87EDFA
:107CD00004AA7D61BD61C7ED099ABD62FD623D6385
:107CE0007D63FD63BD64FD6487ED078A87ED088AC7
:107CF000C7ED108AC24AC7E90166C7E91666C7E937
:107D00001866CAE90066CAE90266CAF8886CCAF849
:107D10008C6CCAF8906CCAF8946CC4F814E0DFF864
:107D20002CE3A361E362C4F810C0C4F83CE0A26293
:107D300026606560E5612562656284F8306084F8DC
:107D400031606563A56325646564A564C4E9026662
:107D5000C9F8F468C9F8F868C9F8FC68C9F8006996
:107D6000C9F80469C9F80869C9F80C69C9F8106943
:107D7000E56625676567A567C4F89030C4F8C43028
:107D8000C4F8DC30C4F8BCC0C4F8D420C4F8D8208F
:107D90006022E567C4F88050C4F88450C4F8885065
:107DA000C4F88C50C4F89450C4F89850C4F89C504F
:107DB000C4F8A050C4F8A450C4F8A850C4F8AC50FB
:107DC000C4F8B050C4F8B450C4F8B850C4F8C050A7
:107DD000C4F8C850C4F8CC50C4F8D050C4F8E0601F
:107DE000C4F8E450C4F8E850C4F8EC60C4F8F050AB
:107DF000C4F8F450C4F8F850C4F8FC60C4F800515A
:107E000010F096FD6022314609F60C2010F090FD2E
:107E10006022314609F66C2010F08AFD602231465E
:107E200009F6CC2010F084FD6022314609F62C3092
:107E300010F07EFD602209F68C30314610F078FD9E
:107E400042F6FC330122C4F84C631F4484F85063AB
:107E500084F844234FF0FF325F459A44C4F8482326
:107E60001C447FF410AF08F50044314640F6DC02B4
:107E700048F6E045C4F8006404F2044084EDFF9A3B
:107E80004544DFF8CC915F4FC4E9FD6610F050FD2A
:107E900048F204435C484344DFF8B8E1DFF8B8C176
:107EA0005A4E5B494FF07E52C3F8C012C3F8C41259
:107EB000C3F8C822C3F8D422C3F8E422DA609A6572
:107EC000C3F89020C3F8A820C3F8AC20C3F8B020B2
:107ED000C3F8B4204FF0804218605A614FF0FF326F
:107EE00083ED018AC3F8E82283ED028AC3F810907B
:107EF000C3F81CE0C3ED088AC3F824C098629866F2
:107F00001F675E67C3F89C0003F53D73AB42C9D1A0
:107F1000002104F6E84340F6085249F6F815C4F883
:107F2000E01CC4F8E41C4544186004F54F60C4F834
:107F3000EC1C10F0FDFC48F6F04349F230113248D9
:107F400043449FED347A4144DFED337ADFF80CB1DE
:107F5000DFF80CA1DFF80C91DFF80CE1DFF80CC1C1
:107F60002E4F4FF080464FF07E52DFED2D8ADE60BF
:107F70004FF07C56DA615E624FF07A561A62DE622A
:107F80004FF078561860DE63264E83ED047A9E64C7
:107F9000254EC3ED057ADE64244EC3F818B01E6585
:107FA000234EC3F828A05E65224EC3F830909E652C
:107FB0004FF07656C3F834E0DE651F4EC3F838C084
:107FC0001E661E4E1F645E661D4EC3ED118A9E66C0
:107FD0001C4EDE661C4E1E674AE000BF00803B4719
:107FE0003333B33E9A99193F6666663F3333C340D5
:107FF000AE47E13D9A99993E8FC2F53C9A99193E58
:108000000000DC4300007A4400803B47F304353F26
:1080100073800C41CDCC4C3F6F12033B398EE33D56
:10802000CDCCCC3D8C2EBA3DABAAAA3DD9899D3D85
:108030002549923D8988883DF1F0703D398E633D38
:108040003694573DCDCC4C3D310C433D3BDF7F3F1B
:10805000CDCCCC3D0AD7233CCDCC4C3F9A99993E10
:10806000ABAAAA3ECDCC4C3EABAA2A3E2549123E35
:10807000574E5E67574E9E67574EDE67574EC3F8A2
:108080008060574EC3F88460564EC3F88860564EE1
:10809000C3F8A020C3F88C60544EC3F8AC21C3F8D9
:1080A0009060534EC3F8B021C3F89460514EC3F8AA
:1080B000B421C3F898604FF07456C3F8B821C3F8E0
:1080C000A001C3F89C6003F58B630A608A60AB4231
:1080D000494A4A604FF0FF32CA6001F58B617FF474
:1080E00040AF04F5D05349F6C04A49F6082408F5D4
:1080F00010490022C2444444DFED40AA9FED40AA4B
:10810000DFED409A9FED409A9FED408AC9F8F8292B
:10811000C9F8FC291860C9F8042A2046E822002181
:108120003B4E10F005FC4FF07C53C4ED04AA04F163
:1081300030056360E83444ED358A4FF07E5704ED36
:1081400034AA40F2FF1B44ED339A4FF0090E04EDC0
:10815000319A4FF0FF3C44ED308AA245DFED2D7A95
:108160009FED2D7A0FCE0FC533682B6004ED187A82
:1081700004ED298A04ED218A04ED1A8A44ED177A68
:1081800044F8407C04ED0D8A44F8287C44F8247CB3
:1081900044F8207C44F81C7C44F8187C44ED057AB3
:1081A00044E924BE44ED047A44F80CCCB5D1002354
:1081B00009F608224046C9F8C03CC9F8C43C82ED23
:1081C000B08AC9F8CC3CBDEC068BBDE8F88F00BF87
:1081D0008C2E3A3D4316323DABAA2A3D0AD7233DA9
:1081E000D9891D3D26B4173D2549123DCB3D0D3D96
:1081F0008988083D0821043D00005C430AD7A33B61
:10820000CDCC4C3FCDCC4C3E0000FA4500803B47E6
:10821000A0280120F304353F00007A442DE9F843FB
:1082200006464FF47F72B94900250CF0DBF8DFF801
:10823000F88206F2044340F20C62B54906F20C40A3
:10824000C6F8FC53C6F80054C3F80080C6F80854BA
:108250000CF0C8F806F5226306F6282E41F2247CBD
:10826000C6F8185A06F67C62C6F81C5AB444C3F81D
:108270000080002173469FEDA76ADFEDA76A9FED9E
:10828000A77ADFEDA77ADFF8B492A648C6F8245A99
:108290004FF07E54C3F8B483C3F8C0134FF0804747
:1082A000C3F8C413C3F8C813C3F8CC13C3F8D0136E
:1082B000C3F8D413C3F8D813C3F8DC13C3F8E0131E
:1082C000C3F8E813C3F8EC13C3F8F013C3F8F4834E
:1082D000C3F8F853C3F8FC13C3F8E443C3F80080B1
:1082E00083ED016AC3ED026A83ED037AC3ED047A7C
:1082F000C3F81490C3E90655C3E90855C3E9EE5520
:1083000003F2544342F8544C42F8504C42F84C4C5F
:10831000634542F8484C42F8447C4FF0FF3742F83E
:10832000401C42F83C0C42F8384C02F8345C42F8ED
:10833000301C42F82C1C42F8280C42F8240C42F85D
:10834000204C42F81C5C42F8181C42F8141C42F8FD
:10835000101C42F8085C02F8045C42F80C7C02F243
:10836000544295D106F580570EF6045E4FF4B46280
:108370000021C7F8245707F23470C7F828574FF088
:108380007C59CEF80080C7F8305710F0D1FA41F28E
:10839000347341F6D44CB1EE047AF5EE007A3344EE
:1083A000B444614ADFF8988160486149DFF894E19C
:1083B0004FF0FF35C3F8E800C3F8EC10C3F80841EC
:1083C000C3F81421C3F81C01C3F82011C3F83C41C1
:1083D000C3F84821C3F85001C3F85411C3F87041E1
:1083E000C3F87C211A60C3F8088083ED037AC3EDDB
:1083F000047A9C61DA61C3F82C905A635C665A6710
:10840000C3F89020C3F89C40C3F8A040C3F8A44030
:10841000C3F8A840C3F8AC20C3F8B400C3F8B81040
:10842000C3F8D440C3F8E02003F5F07343F85C0CC4
:1084300043F8581C43F83C4C43F81CEC43F8184CE8
:1084400043F80C5C6345B3D1002107F6DC4307F623
:10845000E44006F55259C7F8D41C4FF07C54C7F8D5
:10846000D81C1A6041F21822C7F8E01C10F060FA1C
:1084700041F6E44C42F26823B0EE006AB4444FF097
:108480007E51334428486246DFED2A6A9FED237A05
:10849000DFED297ADFF89480DFF894E04FF0FF35C4
:1084A0001060C2ED016A82ED026AD46082ED047A46
:1084B0005461C2ED067AD061D46202F5C1621860DF
:1084C000C3F80880C3F80CE09962586319645964D2
:1084D0009964D96419679D6703F5C1634B45DDD184
:1084E00041F6E44107F5805300223944C3F8FC2EDD
:1084F000C3F8002FC1F8200241F22820C3F8082F4A
:108500006044FFF7A9FB3046BDE8F883F006002081
:10851000EC0A00209A99593FCDCCCC3D3333333F00
:108520008FC2F53C0000484300803B4700007A447E
:10853000F304353F3333B33ECDCC4C3F9A99193ECB
:10854000CDCCCC3D00005C432DE9F84F42F68413BE
:1085500047F68C46B0EE047ADFF8A4810446002585
:108560000246034406444FF0804ADFED5F7A002163
:10857000DFF890B1DFF890E1DFF880C12DED028BDC
:1085800042F68410C2F8008055604FF07E59C2ED6B
:10859000027A4FF0FF37C2F80CB0116182ED057A14
:1085A000C2F818E0C2E90755C2E90955024443F888
:1085B00030AC43F8281CB24243F8241C43F8201C7A
:1085C00043F81CCC43F8181C43F8141C03F8105C47
:1085D00003F80F5C43F8085C03F8045C43F82C9C38
:1085E00043F80C7C43E90E550344C9D104F5E04639
:1085F000002106F69C4306F69442C6F88C5CC6F849
:10860000905C1846C2F800804FF4D262C6F8985CBD
:1086100010F08EF935494FF07C5CC0F80080416164
:108620000346C0F810C006F6CC6E816104F5004226
:10863000C0F80CA0C0F814922D48C3F81002C6F878
:10864000C07E06F58756CEF8008003F5886EC3F825
:1086500040C2C3F84412C3F84812C3F83CA2CEF893
:108660000000C6F8009003F26C46C2F8F070C2F841
:10867000FC80C6F800A003F58E66C6F800C003F2C1
:108680007446316003F58F66316003F5CE61086092
:1086900003F2746148F23C3003F5D363C1F80090F3
:1086A0002044C2F82073C2E9CB55C3F80080C2F859
:1086B0003853FFF7B3FD04F5A03C4FF0E0630D49DC
:1086C0004FF48062CCF81C5FCCF8283F0023CCF834
:1086D000205F4FF0010E8D1D1E460748CCF8241F69
:1086E000ACF82C2F14E000BF3333B33E9A99193FF6
:1086F00000005C43C4150020ABAAAAAA0000DC431A
:1087000000803B47295C8F3E6666663F11F8013F5B
:10871000A0FB03728D424FEAD20202EB4202A3EBAE
:10872000820303F10C03A0FB03724FEAD20202EBB7
:108730004202A3EB82030EFA03F343EA06039EB25E
:10874000E4D10CF57363D749D74AB2EE086ADFED7E
:10875000D76AACF8286F224459634521C3ED0C6AEF
:108760000023CCF86C1F07EE903A0133F8EEE77A5D
:108770000C2B67EEA67A87EE867AA2EC017AF2D10C
:108780000CF57769B6EE008A002504F5B8360027A7
:10879000CCF8683F04F5B03309F5005889ED008A3C
:1087A000542289ED018A294689ED028A06F5646022
:1087B000C9F80C7009F53D59CCF8805F06F64C7A83
:1087C000CCF8845FF7EE008ACCF8885FCCF88C5F39
:1087D000C3F8E056C3F8E456C3F8E856C3F8EC56BD
:1087E000DFF8E4B210F0A4F808F56D6354222946CE
:1087F00006F69460C3F800B008F6EC63C3F800B066
:1088000008F60873C3F800B010F092F808F6247E5A
:1088100008F6847306F60471CEF800B008F65C7EA4
:10882000C9F800B0F1EE007ACEF800B006F6147C7C
:10883000C6F8E85E06F57360C6F8EC5E06F674727C
:10884000C6F8F05E04F574391F6008F688731F607F
:1088500008F68C7308F579681F60954BC8F80070AE
:108860004FF001084B60934BC1ED007AC6F80C5FE6
:10887000CF602946CCF800B0CCF80470C6F81C5F75
:10888000C6F8205FC6F8245FC6F8285FC6F82C5FDC
:10889000C0F800B0476006F57860C6F8385FC6F8E3
:1088A0003C5FC6F8405FC6F8445FC6F8485FCAF848
:1088B0000430814B8AED008ACAF808307F4BCAF831
:1088C0000C70CAED048ACAF81430C6F8645FC6F8A2
:1088D000685FC6F86C5FC6F8705FC2ED008A5760CB
:1088E0009760602210F024F806F57E6C04F5C03322
:1088F000C6F8E05FC6F8E45F4FF07A50C6F8E85F6C
:1089000006F6F87646F80C5C4FF4727246F8688CFE
:10891000294646F8508C46F8388C46F8208C46F8A4
:10892000088CCCF8147035607560C3F80880C3E912
:108930000055776104F57836C3F820805F62C3F88C
:108940003880DF63C3E90455C3E90655C3E90A5516
:10895000C3E90C55C3E91055C3E91255C3E91485A1
:10896000C3E91655C3E91858C3E91A55C3E91C559C
:10897000C3E91E85C3E92055C3E92258C3F890B066
:10898000C3F89470C3F8A850C3F8ACB0C3F8B07083
:10899000C3E92655C3E92855C3E92D55C3E92F5529
:1089A000C3E93155C3E93355C3E93555C3E93755F3
:1089B000C3E93955C3E93B55C3E93D55C3F8FC50FC
:1089C000CAF8B80109F50560CAF8B4B1CAF8BC71B3
:1089D000CAF8C071CAF8C471CAF8C871CAF8CC71B3
:1089E000CAF8D071CAF8D47183F82451344BC9F84D
:1089F0006C54C9F88430334BC9F87054C9F88830C6
:108A0000C9F87454C9F87854C9E92355C9E92555FA
:108A10000FF08EFF4FF47272294609F618400FF0DE
:108A200087FF4FF47172294609F57E600FF080FFD1
:108A30004FF400722946C6EDF08A06F57370C6F849
:108A4000B473C6F8B853C6F8BCB3C6F8C473C6F856
:108A5000C873C6E9E955C6E9EB550FF069FF4FF455
:108A60000072294606F2CC500FF062FF06F2CC737A
:108A70002046C3F800B0C6F8D087C6F8D457C6F869
:108A8000D857C6F8DC57C6F8E057C6F8E457C6F81A
:108A9000E857C6F8EC57A6F8F057BDEC028BBDE8D6
:108AA000F88F00BF0000DC43304F01000000964407
:108AB000CDCC4C3F9A99993E3BDF7F3F3333B33E59
:108AC0009A9999BECDCC4C3D00803B47B5EEC00A8B
:108AD0002DE9F041F1EE10FA04460D462DED068B1E
:108AE00055DDF0EEC07A9FED877AF0EE408AF4EE25
:108AF000477AF1EE10FA4AD89446864600F12806E5
:108B00004FF0E308AEEC010ADF279FED7F9ABCE847
:108B10000F00AEE80F00DCF8003030464FF463720F
:108B20000021CEF800302762C4E906680FF000FF8C
:108B3000F4EEC98A0023F1EE10FA636200F1D480EA
:108B4000B2EE006A9FED717ADFED717ABFEE000A36
:108B5000C7EE286A9FED6F8A84EDED8A86EE287A4B
:108B600068EEA77AC4E9EE3580EE270AC4EDFA6A0A
:108B700084EDFB7A0DF0E0FBF4EEC98AF0EE407A6A
:108B8000F1EE10FA00F1B3809FED630A46E09446DF
:108B9000DFED607AA64604F128064FF0E308DF27F0
:108BA000EEEC017AB0EE678ABCE80F00AEE80F0089
:108BB000DCF8003030464FF463720021CEF800300C
:108BC0002762C4E906680FF0B3FE00236362B2EEC9
:108BD000006A9FED4E7ADFED4E7ABFEE000AC7EED7
:108BE000086A002384EDED8A86EE087A68EE277A1B
:108BF000F0EE488A80EE270AC4EDFA6AC4E9EE3541
:108C000084EDFB7A0DF098FB9FED447ADFED446A2A
:108C1000F0EE407A28EE077A86EE870AC4EDFC7AF9
:108C200084EDFD8A0DF088FB9FED3E0A9FED3EAA84
:108C300028EE000A9FED3D9AF7EE009AFFEE00AA9B
:108C40008AEE000A0DF078FB9FED390A28EE000A43
:108C50008AEE000A0DF070FBDFED367A9FED300AE8
:108C600068EE277A80EE270A0DF066FB04F20443D3
:108C700028EE097A79EEC07A8AEE070AC3ED007A07
:108C80000DF05AFBDFED2C7A04F5816368EE277A4C
:108C900039EEC00A83ED000A8AEE270A0DF04CFB7C
:108CA000DFED267A04F20C4204F5806368EEA77AC1
:108CB00039EEC00A82ED000A8AEEA70AC3ED009AD7
:108CC0000DF03AFB04F5856304F2444483ED000A99
:108CD00028EE899A8AEE890A0DF02EFB84ED000AAF
:108CE000BDEC068BBDE8F081B0EE688A6FE79FEDC2
:108CF0000B7AB0EE688ADFED0A6A28EE877A86EE94
:108D0000870A8BE7FFFF7F7F8096184B0000FA44AD
:108D10006F12033B00803B4749FF15BB0AD7233C3A
:108D2000549F8CBFCDCCCC3D8E5D93C08FC2F53CA3
:108D3000CDCC4C3E0AD7A33C8FC2F53DCDCC4C3DAB
:108D4000B5EEC00A2DE9F041F1EE10FA04460D46E9
:108D5000104619462DED048B40F34081DFEDB17ACA
:108D6000B0EE408AB4EEE70AF1EE10FA40F1368137
:108D7000002808BF28464C2284ED008A40F275384E
:108D800040F2713704F58056C4E9015004F10C003B
:108D900000250BF027FB04F1680040F6D4520021B7
:108DA000A065C4E917870FF0C3FD40F21E3304F637
:108DB0004C6040F67842C4F8403E40F21A332946EF
:108DC0006566C4F8443EC4F83C0E0FF0B1FD41F6B0
:108DD000D420C4F8485E40F6D45220442946C6F850
:108DE000C88A04F50054C6F8C40AC6F8CC7A0FF055
:108DF0009FFDDFED8D7ABFEE000A012368EE277A32
:108E0000C6F8D05A84F8EC3B80EE270A0DF094FAAD
:108E10009FED866A9FED867A04F50E6383ED000A66
:108E2000C6EE086AF7EE007A77EEE67AF4EEC77AD5
:108E3000F1EE10FAC0F2DB809FED7E7AF4EE477A15
:108E4000F1EE10FA77FE277A9FED7B6AF7EE005A73
:108E5000DFED7A6ABFEE000A28EE066A9FED787AA7
:108E600068EE266A04F6241328EE077A04F6E40175
:108E700085EE865A04F51262DFED728AC1ED007A42
:108E800085EEA66A80EE070A82ED005A83ED006A3D
:108E90000DF052FA68EE288ADFED6B7A04F628139B
:108EA000F4EEE78A83ED000AF1EE10FA00F39C80FD
:108EB0009FED660A28EE800A80EE080A0DF03CFA63
:108EC0009FED637A04F62C13F7EE007AF4EEC78A6E
:108ED00037EEC00AF1EE10FA83ED000A00F381804C
:108EE000DFED5A7A28EEA70AF7EE008A80EE080A2C
:108EF0000DF022FA9FED577A04F6341378EEC07A1B
:108F000087EE080AC3ED007A0DF016FA04F64C134A
:108F1000DFED517A38EEC09A87EE880A83ED009A29
:108F20000DF00AFA9FED4D7A04F5156378EEC08ACC
:108F3000F0EE007AC3ED008A77EEC96A77EEE87A40
:108F400089EE260AC8EEA76A30EE660A20EE070A06
:108F5000B5EEC00AF1EE10FA4CDC9FED417ADFED80
:108F6000417ABFEE000A04F65413F7EE008A68EE69
:108F7000277A83ED007A80EE270A0DF0DDF904F6FA
:108F8000A8139FED397A04F5166282ED000AC8EE47
:108F9000887A87EE080AC3ED007A0DF0CDF9F0EE7D
:108FA000007A38EEC00A04F69C1377EEC07A83ED9F
:108FB000000A87EE807AB5EE407AF1EE10FA25D4F9
:108FC000F1EEC77A9FED297A04F51A6467EE877A85
:108FD000BDEC048BC4ED007ABDE8F0819FED248ADE
:108FE000C6E69FED240A7FE79FED230A64E7F0EED3
:108FF000477A29E7B5EE400AF1EE10FA0DD4F1EE0A
:10900000C07AF7EE006A86EEA77AA8E7B0EE470AC4
:109010000DF098FEF0EE407AD4E70DF093FEF0EEFE
:10902000407AEEE78096184BCDCC4C3D6766B04158
:10903000A4707D3FACFF7F3F0AD7A33C0AD7233CF7
:109040008FC2F53C6666E63E0080BB45DB0FC9C0BB
:1090500000C05A45D253FBC3DD7E3CC3ABAAAA3E37
:10906000000000008FC2F53DDB0F49C0D7B3DD3FE4
:1090700000803B474CCEABC61D4313C7D0ED057AED
:10908000F5EEC07AF0B5F1EE10FA06462DED088B3C
:10909000D0ED068A83B040F2E98090ED689A9FEDAA
:1090A000840A67EE897A80EE270A0DF045F9F7EE1B
:1090B000007A77EEC07A9FED7F0AB7EE008ADFED87
:1090C0007E9A29EE000AC6ED6C7A89EE800A0DF0D0
:1090D00033F9F5EEC08A38EE400AF1EE10FA86ED6B
:1090E0006D0A07D928EE890A89EE800A0DF024F965
:1090F00038EE408AF7EE009AD6ED008A9FED6F9A1F
:1091000006F59075D6ED02AA002428EE899A06F29B
:1091100044479FED6BAA9FED6BBA86ED6E8AC6ED54
:109120006B9A27E0F4EEC77A4FF00043F1EE10FAA5
:1091300005DCA7EE8B7AFCEEC77A17EE903ADDEDF0
:10914000017A96ED038AF8EEE70A96ED040AC5F86F
:1091500018310DF035FA28EE000AFFEE007A20EE05
:10916000280A87EE800A0DF0E7F8202C85EDA60A84
:1091700000F0818001940134B0EE690A07EE904A54
:10918000B8EEE78A6AEE887AA7EE880AB5EE400A5A
:10919000F1EE10FA00F18780F1EEC07A97ED007AD7
:1091A000B5EC010A28EE078A20EE0A0A28EE278A83
:1091B0000DF036F9B6EE007A28EE000AB4EEC09A49
:1091C000F1EE10FA08D9C0EE287AF5EEC07AF1EE89
:1091D00010FAA7DC0023B2E796ED016A019BB5EE19
:1091E000C06AC6F83C34F1EE10FA31DA019B9FED0B
:1091F000366AC3B306F12003019ADFED336A03EB4D
:109200008202F3EC017A93ED1F7A9A4237EE677A85
:10921000E7EE067A76EEA76AC3EDA67AF1D1F7EE0D
:10922000007A96ED077AF4EEE76AF1EE10FAC8BF1D
:1092300087EE267A06F5896306F58866D3ED007A0F
:1092400067EE877AC6ED007A03B0BDEC088BF0BDFF
:10925000F7EE007A019BB4EE676AF1EE10FA37FE82
:10926000866A002BC6D196ED077AE3E7F7EE007A1F
:1092700090ED689A1FE796ED016AC6F83C44B5EE9A
:10928000C06AF1EE10FA0ADBF7EE007A0194B4EE50
:10929000E76AF1EE10FAADDDB0EE676AAAE79FED7E
:1092A0000A6A0194A6E70DF04DFDF0EE407A75E7ED
:1092B000549F8CBF0AD7233C8E5D93C06666E63E02
:1092C0000E745A3A0000804F000000002DE9F04F64
:1092D0002DED0A8BEBB00D464FF4CE725E4904467D
:1092E00003A80BF07FF85D49482205EBC5000AABE7
:1092F0004FF0000E01EBC00002FB051101221831F6
:10930000D0F80080D0F80490D0F808A0D0F80CB0C5
:10931000D0ED04AA90ED05BA08E0202AC3F800E0D9
:10932000C3F880E00AD0013204330431501E0B2808
:10933000F3D808681860C3F88000F4E7DFED48BA96
:1093400004F60857DFED479A04F551669FED46CACB
:109350009FED46AA9FED469AD6ED008AF5EEC08AAB
:10936000F1EE10FA5CDDF4EEEB8AF1EE10FA61D565
:109370009FED407AF0EE687ADFED3F6A04F5D07534
:1093800028EE877A86EE870A20464FF4CE7203A92C
:109390008DED010AE0EC017ACDF81080B7EE008A7D
:1093A000CDF81490CDF818A0CDF81CB0CDED08AADA
:1093B0008DED09BA0BF016F8C4ED688A9DED010A2F
:1093C0000CF0BAFF38EE400A84ED6C0A95ED000A05
:1093D00020EE0A0A89EE000A0CF0AEFFDFED277AD4
:1093E00038EE400A84ED6D0A95ED000A20EE270A5A
:1093F00089EE000A0CF0A0FF214B2046C4F8AC31E6
:1094000038EE400A84ED6E0A04F58B64FFF736FEF1
:10941000A742A1D101206BB0BDEC0A8BBDE8F08F53
:1094200004F5D07508DCF0EE697AF0EE698AB0EEEA
:109430004C0AA9E704F5D075F4EEEB8AF1EE10FAC8
:10944000F1D59FED0C7AF0EE697ADFED0B6A28EE2C
:10945000877A86EE870A97E7F8100020F825012022
:109460008096184B00803B4749FF15BBCDCCCC3DC7
:109470008E5D93C00AD7233C549F8CBFCDCC4C3E0D
:109480003333333F2DE9F04F2DED068B87B0169C1B
:10949000A34280F21F8101EB830AD0F8149002EB03
:1094A0008302054601EB84039FEDA69A514600F521
:1094B00080540593CA46D0F8E8339146DFEDA28A7E
:1094C0000093D0F8EC339FEDA1AA03938368DFEDFE
:1094D000A0AA01939FED9F8AC368DFED9F9AD0F801
:1094E000F4B30493B1EC017A0AF10100F9EC017ACA
:1094F000B5EEC07A019B03EB8A03F1EE10FAF5EEAC
:10950000C07A83ED007A049B4CBFB1EE470AB0EEFF
:10951000470AF1EE10FA4CBFF1EE676AF0EE676AA7
:10952000B4EEE60AF1EE10FA30FE260A984200F098
:10953000E18057468246009B039A03EB8B03C5F8F4
:1095400014A0C3ED007A0BF10103934200F0D78021
:109550005E469B46C5F8F4B3D4EDCF7AF4EEC07AFC
:10956000F1EE10FA40F1BD80B4EEE80AF1EE10FA27
:1095700000F3CA80F0EE4A7A95ED007A77EEC77A6A
:1095800094EDD17AD4EDD06AD4F8280327EE267A68
:10959000F4EE477AF1EE10FA37FE877A002884ED70
:1095A000D17A40F3CA80D4F82423002A00F09780AF
:1095B000531E03F5F97C05EB8C0CDCED017AF4EE1F
:1095C000C77AF1EE10FA00F28F8001381A46C4E92A
:1095D000C9300028E9D1012205EB830CF12B0CF2F4
:1095E000CC7814BF0133002388ED007AD4F834839B
:1095F000CCF8948BC4E9C932D4F8203305EB830C42
:10960000DCF8942BA8EB020CBCF1F00F07D9F12B7E
:10961000C4F8280314BF01330023C4F8203303F532
:10962000F973D4EDCC6A05EB830393ED017AD4F89A
:109630002C3305EB8300013300F65C70F12BD0ED89
:10964000007A77EE677A77EEA67AC4EDCC7A80ED71
:10965000007AC4F82C335ED087EE880AB5EEC00AD3
:10966000F1EE10FA43D4DFED3D7A20EE670A029165
:109670000CF0D6FE2B6902990233F02BD4BFFF1AEF
:10968000F03F002F01DA049B1F44019B03EB870787
:10969000D5F8F0330233D7ED007AF02B67EE807AFD
:1096A000D4BFF61AF03E41ED017A002E01DA039B99
:1096B0001E44009B03EB860608F10103D6ED007AF9
:1096C00067EE807A49ED017AC4F83433059B8B420A
:1096D0007FF408AF07B0BDEC068BBDE8F08FF12337
:1096E00067E7F0EE497A4BE71346421C74E7B0EEA9
:1096F000690ABCE74FF0FF374FF0000A1BE74FF055
:10970000FF364FF0000B25E702910CF0F1FE0299B5
:1097100060EE2A7A30E70023DFED0A7A05F59950EA
:10972000C4F82C3305F65C73B3EC017A984277EEFB
:10973000877AF9D1C4EDCC7A8EE7D4F82433421C71
:109740004AE700BF0000000052F384370000C0C2A7
:10975000C1A8C04000007143000000802D152A3EC2
:109760002DE9F0479FEDE77A0446DFEDE77A2DED2E
:10977000088B90ED009AB0EE608AC9EE078AF4EE8D
:10978000E78AF1EE10FA78FEA78AB4EEE80AF1EE65
:1097900010FA0ADDF4EE008A69EE288AF4EEC08A37
:1097A000F1EE10FA58BFF0EE408A04F50055226A37
:1097B00040F2011305F66816C6ED008AA5F8743963
:1097C00042B192000021E0690FF0B2F894ED009AE6
:1097D000D6ED008ADFEDCD7A0022D4ED020A05F540
:1097E0001663A262C9EE289AC3ED007AF4EEE70A86
:1097F000F1EE10FA00F17881F7EE007AF4EE670AE4
:10980000F1EE10FA77FEA00A9FEDC10AB7EE00AAAA
:109810000CF0D6FEDFEDBF6ADFEDBF7A20EE260A40
:109820009FEDBE7A69EE277AB4EE670AF1EE10FA80
:1098300037FE800A20EE070A80EE090A0CF07CFD54
:10984000DFEDB77A05F65C1305F6581268EEA77AD5
:109850003AEE400AC7EE89AA82ED000A3AEE40BA13
:1098600083ED00BAB0EE6A0A0DF03AF8B0EE409A15
:10987000B0EE6A0A0DF038F9F0EE4A0AF0EE407ADE
:109880002BEE099AEBEE670AB0EE490A0CF0C6FD22
:10989000C0EE2A6A05F654139FEDA27A79EECA7AD1
:1098A00077EEE67AF4EE4A7AF1EE10FA48BFF0EE7F
:1098B0004A7AC3ED007AD4ED050AF4EEC70AF1EE58
:1098C00010FA00F19C80F3EE047AF4EE670AF1EEF0
:1098D00010FA77FEA00AF8EE087A60EEA80AB2EE57
:1098E000040AC7EEA00A0CF06BFED4ED046A05F67C
:1098F000641383ED000AF6EE007AF5EEC06A79EEA5
:10990000A77AFDEEE77A17EE90EABEF5DB6FA8BF07
:109910004FF4DB6EBEF1020FB8BF4FF0020EF1EE56
:1099200010FA00F1E480F7EE007AF4EEE76AF1EE67
:1099300010FA67DDF0EE676A9FED744AB5EEC08AF3
:10994000F1EE10FA65D4F7EE007AB4EEE78AF1EEA4
:1099500010FA40F3D1809FED748AD4F8048004F6A5
:10996000EC56724FB0EE005AD8F80020FFEE005AC5
:109970009FED6F6A4FF0010CDFED6E4A3A449FEDA8
:109980006E3A0021DFED613A304613E0012943FED3
:10999000237A66EEA77AE64567EEA47AE7EE047AC4
:1099A00067EE887AC0ED007A36DD01313A440CF179
:1099B000010C043042F0010982EAD233B0EE657A3C
:1099C00009FB03F383EAD31943F03D0A0AFB093983
:1099D00083EA090383EA933307EE903AF8EE677A55
:1099E00067EE867AA7EE857A0029CFD166EEA47A53
:1099F000E7EE047A67EE887AC0ED007AD5E7F0EEFC
:109A0000470A68E7B5EEC08A37EEE64AF1EE10FA8B
:109A100099D59FED3E8AA0E794ED037A01F27A3161
:109A2000C8F80020B5EEC07A04EB8101C1ED017ADF
:109A3000F1EE10FA55D4DFED417AB4EE677AF1EE2B
:109A400010FA37FE877AF6EE007AE7EE297AFDEE15
:109A5000E77A17EE908AB8F1000F40DD0EEB0807A9
:109A6000B7F5DB6FA8BF4FF4DB67774509DDA7EBE0
:109A70000E020EF27B300021920004EB80000EF00B
:109A800057FF474516DD40F27B3307F27B3206EB8A
:109A90008806A3EB08033B4404EB830304EB820436
:109AA00074ED017A33ED017AB44277EEC77AC4EDF2
:109AB000007AF5D1DFED227A002205F66C13C5F8A5
:109AC0004C79B4EEE78AC5F85029F1EE10FA38FE69
:109AD000278A83ED008ABDEC088BBDE8F0877746C6
:109AE000E8E79FED0A7AAEE7F0EE670A8CE6B7EE9C
:109AF000004ADFED066A21E7DFED0B7A28EE278AC0
:109B00002BE700BF00005A4400005C420000000048
:109B1000610B363D00A08C466666E63EDB0FC9C091
:109B2000DB0FC940CDCC4C3D9A99193FF5792B6D8F
:109B30000000802FCDCCCC3FCDCCCC3E3333733F17
:109B40000AD7233C38B52DED028BB0EE608A8646ED
:109B500000F5D26C034693F819521C4603F50C73BA
:109B600045B39C45F7D1002490F82C324BB9002C1A
:109B700000F0A080D0F82852D4F828329D4238BF97
:109B8000044600F50C706045EED19CB974460EF5A4
:109B90000C7EF4450CD0002CF8D0DEF82802D4F866
:109BA0002832984238BF74460EF50C7EF445F2D147
:109BB000002C70D0F3EE047A0123D4ED008A84F8EF
:109BC0002C32B4EEE70AC4E98912F1EE10FA09DB8F
:109BD000DFED3C7A68EEA77AB4EEE70AF1EE10FA10
:109BE00077FE807AB5EEC08AC4ED847AF1EE10FA81
:109BF00054DA9FED358A40F20113C022002104F5AA
:109C00009E70A4F8183284ED858A0EF091FE2046ED
:109C1000FAF7B0FCD4ED050AF5EEC00AF1EE10FA41
:109C200045DBF7EE007AF4EE670AF1EE10FA77FE04
:109C3000A00A9FED260A0CF0C3FC9FED257AF6EEF4
:109C4000007A002320EE070A9FED227AC4F804323E
:109C500078EE085AB4EEC78A9FED1F6AE8EE807A64
:109C6000FDEEE77A17EE903A022BB8BF0223F1EE31
:109C700010FA07EE903AC4F8003238FE078A84EDF5
:109C8000878AF8EEE77AC5EEA76A86EE277AC4EDF2
:109C9000826A84ED837ABDEC028B38BDF7EE007AE0
:109CA000B4EE678AF1EE10FA37FE888AA3E7DFED9B
:109CB000060ABEE7044600F50C7060457FF454AF19
:109CC00063E700BFCDCCCC3E00000000CDCCCC3D46
:109CD0006F12833B0AD7233CDB0FC940F8B52DED4B
:109CE000028BB0EE408A0746B0EE600A00F20C66C6
:109CF0008646DEF8E03175469C7994B14FF0000C51
:109D00005FFA8CF314F0010F0CF1010CC3EB031399
:109D100005D00EEB8303D3F88830002B56D16408AE
:109D2000EED19FED447A012385ED7C0AB4EEC70A9B
:109D300085F80032D5ED030A85ED7B8AF1EE10FA45
:109D4000C5E97E1230FE070A0CF03AFC0022B6EE9E
:109D5000006AD5F8E4612B460021144685ED7D0AA2
:109D600014E0F4EE467AF1EE10FA76FE277A964287
:109D700002F101024FF00100C3ED207AD8BFD3F801
:109D80008800062A03F13C03D86449D093ED297A70
:109D9000C3F88840B5EEC07AD967C3F88C10C3F811
:109DA000AC10F1EE10FAC3F8B01003DC93ED287A92
:109DB00028EE077AD3ED1E6AC7EE267AF5EEC07A52
:109DC000F1EE10FACDD5DFED1C7AD0E70EF5017E6D
:109DD000B6458ED1002590F800323BB91DB3D0F8BE
:109DE000FC41D5F8FC319C4238BF054600F50170B6
:109DF000B042F0D1002D94D13D4607F50177B7422E
:109E00000CD0002DF8D0D7F8FC01D5F8FC319842E1
:109E100038BF3D4607F50177B742F2D1002D80D11A
:109E2000BDEC028BF8BD054600F50170B042D2D101
:109E3000E0E700BF6F12833A000000002DE9F04F09
:109E40001E4690F820342DED0E8B85B0002B00F0CF
:109E50006281D0F83834044688461746002B29DD45
:109E60001C9A921B9B1A002BC0F8383400F3CB814C
:109E70000023C0F8383400F5866393ED000A30EE15
:109E8000006AD4ED005AF7EE086A04F58363B7EE72
:109E9000007AC5EE867A83ED000A04F5826377EED8
:109EA000E67AF4EE477AF1EE10FA48BFF0EE477A20
:109EB000C3ED007AD4ED017AD4ED03DAF5EEC07A81
:109EC000F1EE10FA80F22C81DFEDDD7A04F21C4312
:109ED0009FEDDCAADFEDDCAA94ED027AD3ED006AF7
:109EE000B5EEC07AE6EE8AAAF1EE10FA6AEEA7AAFB
:109EF000C0F28381F7EE007AB4EEE77AF1EE10FA61
:109F000040F37E81D4ED059AF5EEC09AF1EE10FA99
:109F1000C0F27081F7EE007AF4EE679AF1EE10FA73
:109F200077FEA99A04F588639FEDC8BAD3ED007A4D
:109F30001C9B69EEA79AB34269EE8B9A40F3DB80D3
:109F400004F5826308EB860807EB8607DFEDBCCAE1
:109F5000039304F56D7004F23C439FEDBDCA9FED81
:109F6000BD9A04F2144BDFEDBCBA04F2244A656AD0
:109F7000D4F818900293039B93ED007AB5EEC07A63
:109F8000F1EE10FAC0F22381D4ED087AF8EE677A88
:109F9000B4EEE77AF1EE10FA00F32081FDEEC77A15
:109FA00017EE901AF8EEE77A77EE677A6A1E521A81
:109FB00001D5E3691A4409EB8202AB1E92ED008AD7
:109FC0005A1A00F10881134609EB83039BED007ACE
:109FD000D3ED006AD4F8F83376EEC86A013BA6EEFA
:109FE000A78A38EE077A8BED008A67EE0C8A032B7E
:109FF00000F23481DFE803F0C5A69D0204F20C43B1
:10A0000094EDFFDAD3ED007AADEE67DAB4EEC9DA9B
:10A01000F1EE10FA40F1EB80B0EE6CDA0023C4ED03
:10A02000FFCAC4F8F8332AEE8DDA029AD2ED007A2C
:10A03000F4EEC97AF1EE10FA40F3C68004F244431C
:10A04000B0EE4AEA93ED007A67EE877AA7EEA9EAC6
:10A05000C2ED007A0190F8F7D9FFB7EE006A0198D7
:10A06000F0EE6B6AFFEE005AF0EE467AE0EE0E7A02
:10A0700067EE8D7A38EEE77AE7EE4B6AB1EE475A33
:10A08000F4EEE56AF1EE10FA80F29680B0EE457AD1
:10A09000E36909EB8502013577EE877AB5EEC08A70
:10A0A0009D4208BF0025C2ED007A6562F1EE10FA0C
:10A0B000D8ED007AEDEE887AE8EC017AD7ED007AF7
:10A0C000EDEE887A48BFB1EE488AE7EC017ADAED26
:10A0D000007AF4EEC87AF1EE10FA05D404F585633F
:10A0E00093ED008A27EE888A01361C9B8AED008A50
:10A0F000B3427FF440AFD4F8F83363B904F224429A
:10A10000DFED547A92ED007AB4EEE77AF1EE10FAD0
:10A1100048BF84F8203405B0BDEC0E8BBDE8F08F4D
:10A12000B7EE007AF4EE477AF1EE10FA77FE277A6E
:10A13000CCE604F58063D3ED007A2AEEA7DAC4ED0D
:10A14000FF7A72E704F5806394EDFFDAD3ED007ACD
:10A1500004F5816337EECD7AD3ED006AA6EE87DA97
:10A160003DEE677AB0EEC77AB4EEC97AF1EE10FA36
:10A170003DD50323B0EE67DAC4EDFF7AC4F8F833B7
:10A1800051E7B7EE087AD4EDFF7A04F20443F7EE14
:10A19000006A37EE677A93ED006AE6EE077AF4EE2E
:10A1A000E67AF1EE10FAC8DB0223B0EE6ADAC4ED0B
:10A1B000FF6AC4F8F83338E7F4EEC66AF1EE10FA35
:10A1C000D8BF27EE267A63E7B0EE4AEA42E7F0EE20
:10A1D0006C7A0021EAE6E3691344F5E6BDEEE77A1E
:10A1E00017EE101AB8EEC77A77EEC77ADEE684ED7E
:10A1F000FFDA18E7DFED129A94E69FED11AA81E6E7
:10A2000027EE0AAA7EE607EE903A00F23443F7EE14
:10A21000000AF8EEE77AD3ED006A00F22C4387EEED
:10A22000A67A93ED008A00F5866393ED000A80EE2E
:10A23000080A70EEC70A0CF0C3F928EE000A1EE601
:10A2400000000000CDCCCC3E9A99193F9A99993ED6
:10A250003333F3BE17B7D1383333333F2AEEACDA9A
:10A26000E3E600BF2DE9F04F064600F5B46504466D
:10A270002DED088B83B094F8CC71234604F5F0746F
:10A2800067B3AC42F7D1002390F8DC414CB9002B06
:10A2900000F05381D0F8D871D3F8D841A74238BF25
:10A2A000034600F5F070A842EED1BBB9334606F57F
:10A2B000F076AE420CD0002BF8D0D6F8D841D3F8C7
:10A2C000D801844238BF334606F5F076AE42F2D16B
:10A2D00023B903B0BDEC088BBDE8F08FF3EE047A30
:10A2E000012093ED007A83F8DC01B4EEE70AC3E9BC
:10A2F0007512F1EE10FA09DBDFED937A67EE277A3B
:10A30000B4EEE70AF1EE10FA77FE807AF5EEC00AB5
:10A31000C3ED717AF1EE10FA72DADFED8C0AD3ED4B
:10A32000035AB6EE007A93ED1D6A0122D3ED056A59
:10A330000021C5EE867A83F8CC2100221962844878
:10A34000C3ED720AD862F4EEC76ADA67F1EE10FA6A
:10A3500054BF012111461963F5EEC07AF1EE10FAEF
:10A3600057DBF4EEC77AF1EE10FA00F3C480F5EE95
:10A37000C07AF1EE10FA4CDDDFED766AA7EEA67A30
:10A38000FCEEC77A17EE901A9FED709A0120D3ED7C
:10A39000017A0022C3F88010F4EEC97A83ED369A70
:10A3A00083ED379A83ED439AF1EE10FA83ED449AE8
:10A3B00083ED509A83ED519A83ED5D9A83ED5E9A19
:10A3C00083ED6A9A83ED6B9A83ED269AC3F8940025
:10A3D000C3F8D0211FDBB1EE007AF4EEC77AF1EEBC
:10A3E00010FA40F38B80B7EE009A9FED5B0ADFED29
:10A3F0005B9A04200322DFF878B10C21102612E0CA
:10A40000F7EE007AF4EE670AF1EE10FA77FEA00A92
:10A4100085E71146B8E79FED510A1146DFED509AE6
:10A420000426DFF84CB10A441C4606444D4F4FEA5F
:10A4300082084D4DB6EE00BA4FEA860908F10403D2
:10A4400007EB8606DFED49AA07EB82079B4405EB85
:10A45000820504F5827304F5D87ADFED3CBA0193E6
:10A46000F0EE490A80EE290A0CF0AAF8F7EC017A1E
:10A47000B6EC017AF5EC016A37EE677A60EE299A5C
:10A4800026EEAA0AE7EE097AB0EE67AA0BF0C8FF3B
:10A49000A5EB0803B0EE408A4B4413ED010A20EE11
:10A4A0002A0A0BF0BDFFC9EE8A8AC4ED2D9A04F189
:10A4B000AC00C4ED2FBA343430EE480AA0EE098A5D
:10A4C000F4EE4B8AF1EE10FA48BFF0EE4B8AC4ED81
:10A4D000218AF8F78FFCC8EE287A019B9C42EAECAF
:10A4E000017A3FF4F6AEFBEC019AABEB08034B4468
:10A4F00013ED010AB4E74FF0004145E7BDEEE77AFE
:10A50000DFF86CB017EE102A032AA8BF032202EB73
:10A510008204101807EE102A91000BEB8404B8EEA9
:10A52000C79A8600D4ED009A00EB80040BEB8404FC
:10A5300037EEC99A94ED000A75E7034600F5F0700E
:10A54000A8427FF4A1AEB0E63333B33E0000000072
:10A550009A99993E0000804F0000AF430000C84325
:10A5600000001644FC140020601500202D152A3E22
:10A57000CC1600202DE9F04F05462DED0E8B8FB047
:10A58000002940F0CE80D2E9002300925A7A082AAE
:10A5900040F0BD809A7A00F19C04E24B00F67817F7
:10A5A00002EBC2029FEDE0CADFEDE0BA00F6E4067E
:10A5B00003EB8203DFEDDEDA9FEDDEDA9FEDDE9A5C
:10A5C000DFEDDECA93ED00BAD3ED01AA93ED02AA46
:10A5D000D3ED039AD3F810B0D3F814A0D3F81890A1
:10A5E000D3F81C8093ED08EAD6ED008AD5F8DC3864
:10A5F000F5EEC08AF1EE10FA40F3EF80F4EEC98A6E
:10A60000F1EE10FA40F1378144ED278A04ED26BAC5
:10A6100044ED25AA04ED24AA44ED239A44F888BC0D
:10A6200044F884AC44F8809C44F87C8C04ED1EEA29
:10A63000B2EE006A44F86C3C8CEE287A002344EDBC
:10A640001D8A44F8703CC6EE287AFFEE006A28EEB8
:10A65000AB0A86EE800A04ED107A44ED0F7A0BF017
:10A660006BFEA4F1340004ED0E0A44ED0D8A019056
:10A67000F8F7C0FB0223019844F8303CF8F7BAFB26
:10A6800068EEAD7A8DEE270AC4ED008A0BF054FE19
:10A69000D4ED00EADFEDAA7ADFEDAA8AB7EE008AF0
:10A6A0006EEEA77A38EE400A84ED040A88EEA70A17
:10A6B0000BF042FEDFEDA47A38EE400A6EEEA7EA18
:10A6C00084ED050A88EEAE0A0BF036FE54ED277ACB
:10A6D000DFED9E6A9E4B38EE400AE360BFEE007AE3
:10A6E00067EEA67A84ED060A04F53D7487EE270A24
:10A6F0000BF022FE974B44F8D03C44F8CC3C38EEAB
:10A70000400A04ED2B0ABC427FF46EAF0121009B8E
:10A7100003F5783383F8F0170FB0BDEC0E8BBDE86E
:10A72000F08F013900F024810129F5D1D2E90083AD
:10A730005A7A0A2A40F030819A7A2C21864B41F2CB
:10A740000467864E41F6BC0A01FB023C074402AC9A
:10A750008244DCED006AB9469CED017ADCED027AB8
:10A76000DCF80CB0DFF804E27D4D0FCE0FC40FCE45
:10A770000FC496E80F00CDED026A8DED037ACDEDA2
:10A78000047A84E80F00CDF814B0DCF81030CDF86E
:10A7900030E00693DCF814300793DCF818300893A7
:10A7A000DCF81C300993DCF820300A93DCF8243004
:10A7B0000B933846E83799EDB00A02AA2946FAF712
:10A7C00031FC5745F5D1012308F5783888F8F03782
:10A7D0000FB0BDEC0E8BBDE8F08F9FED628A04EDEB
:10A7E00026BA44ED25AA04ED24AA04ED278A44EDF7
:10A7F000239A44F888BC44F884AC44F8809C44F81C
:10A800007C8C04ED1EEA4BDCB2EE006A44F86C3C32
:10A810008CEE287A002304ED1D8A44F8703CC6EEC5
:10A82000287AFFEE006A28EEAB0A86EE800A04ED75
:10A83000107A44ED0F7A0BF07FFDF5EEC08AA4F19B
:10A84000340004ED0E0AF1EE10FA4DDC04ED0D8A31
:10A850000190F8F7CFFA0223019844F8303CF8F75A
:10A86000C9FAF5EEC08AF1EE10FA4FDCF0EE488A34
:10A87000B0EE6C0A08E73C4A04ED26BA44ED25AA7E
:10A8800004ED24AA44ED239A44F888BC44F884AC2F
:10A8900044F8809C44F87C8C04ED1EEA44F89C2C1F
:10A8A000F4EEC98AF1EE10FA3FF5C2AEB2EE006ADC
:10A8B00044F86C3C8CEE287A2B4B44F8743C002313
:10A8C00044F8703CC6EE287AFFEE006A28EEAB0A28
:10A8D00086EE800A04ED107A44ED0F7A0BF02CFD21
:10A8E000A4F1340004ED0E0AF4EEC98AF1EE10FA78
:10A8F0003FF5BBAE1C4B019044F8343CF8F77AFAB4
:10A900000223019844F8303CF8F774FAF4EEC98A4F
:10A91000F1EE10FA3FF5B4AEB0EE6C0ADFED118A3D
:10A92000B2E600BF602701200000FA446F12033B2B
:10A930000AD7233C549F8CBF8096184B49FF15BB08
:10A94000CDCCCC3D8E5D93C0CDCC4C3E0AD7A33B45
:10A950003333333F73800C415C2801209412002074
:10A96000A028012000803B4700803B479A99193E70
:10A97000D2E900435A7A092A05D1997A00F6EC0007
:10A98000FEF7A4FC014604F5783484F8F0170FB004
:10A99000BDEC0E8BBDE8F08F002315E72DE9F047E5
:10A9A000044694B071BBD2E90052537A062B22D1EF
:10A9B000927A41F21827434B01AE02EB4202424920
:10A9C000074400F5805803EBC20306911A68019210
:10A9D0005A6802929A680392DA681B690492059396
:10A9E000204604F5C16498ED880A3146FAF72EFF37
:10A9F000A742F5D1012105F5783383F8F01714B09B
:10AA0000BDE8F087012951D1D2E90072537A072BB2
:10AA100055D1937A4C212D4A41F2282549F21C68E0
:10AA200000F5104401FB03220544804401AE136885
:10AA300004F2246A42F6FC39019353680293936846
:10AA40000393D36804931369059353690693936939
:10AA50000793D3690893136A0993536A0A93936A15
:10AA60000B93D36A0C93136B0D93536B0E93936BF1
:10AA70000F93D36B1093136C1193536C1293936CCD
:10AA8000139328464D449AED000A3346D4F8202605
:10AA9000D4F81C16FEF754F94545F2D1012307F509
:10AAA000783787F8F03714B0BDE8F08749F22C60AA
:10AAB00002392044FFF75EFD14B0BDE8F0870023A3
:10AAC000EDE700BF882801209A99593F44240120CE
:10AAD0002DE9F04704469EB0002947D1D2E9007025
:10AAE000437A022B3BD16E46857A4C2293493046FD
:10AAF00004F57F7909F076FC914B04F2044803EBEE
:10AB0000851325461A6800925A6801929A68029243
:10AB1000DA6803921A6904925A6905929A69069250
:10AB2000DA6907921A6A08925A6A09929A6A0A922C
:10AB3000DA6A0B921A6B0C925A6B0D929A6BDB6B62
:10AB40000E920F93284605F5AA7598ED000A324635
:10AB5000D4F8FC13F9F7E0FD4D45F3D1012107F5D9
:10AB6000783787F8F0171EB0BDE8F087012974D157
:10AB7000D2E90082537A032B40F0D580957A6E4655
:10AB80007822704905EB8507304609F02BFCDFF889
:10AB9000C0C13D463F010DF130090DF1480E0CEBEF
:10ABA000051507F1300240372B68D5ED017A07EB28
:10ABB0000C0A009302EB0C035CF8020059689A68D7
:10ABC000DB68CDED017AD5ED027ACDED027AD5EDD7
:10ABD000037ACDED037AD5ED047ACDED047AD5ED87
:10ABE000057ACDED057AD5ED067ACDED067AD5ED6F
:10ABF000077ACDED077AD5ED087ACDED087AD5ED57
:10AC0000097ACDED097AD5ED0A7AED6ACDED0A7AA9
:10AC10000B9504F20C45A9E80F005CF8070004F658
:10AC20001827DAF8041004F52264DAF80820DAF8B4
:10AC30000C30AEE80F00284605F5017594ED000ACA
:10AC40003146F7F71BFEAF42F5D1012208F5783304
:10AC500083F8F0271EB0BDE8F087022932D1D2E98F
:10AC60000072537A042B60D1927A00F62825364B75
:10AC700041F2247802EB820200F5805480446E4653
:10AC800003EB820305F604591A6800925A68019290
:10AC90009A680292DA681B6903920493284605F2C7
:10ACA000544599ED000A3246D4F82417FDF70EFFFB
:10ACB0004545F3D1012307F5783787F8F0371EB003
:10ACC000BDE8F087032932D1D2E90072537A052B0F
:10ACD0002BD1927A41F234751C4B41F6D44802EBE9
:10ACE000420200F580540544804403EBC2036E46E3
:10ACF00004F6DC491A6800925A6801929A68029236
:10AD0000DA6803921A695B6904920593284605F58F
:10AD1000F07599ED000A3246D4F8D41CF8F752FBCE
:10AD20004545F3D1C6E7002290E70023C3E741F68B
:10AD3000E44004392044FFF731FE14E7C412002038
:10AD4000E81C012010130020081E0120C02501204E
:10AD5000F0190120F0B5134600F5516704464FF491
:10AD6000CE722DED088BB0EE408AEBB087ED000A75
:10AD700004F60856C0F8081DC0F80C3D03A8454964
:10AD800009F030FBB5EEC08ADFED43AADFED439A50
:10AD9000F1EE10FA9FED42BA9FED42AA9FED429A62
:10ADA00051DDB4EEEA8AF1EE10FA5AD59FED3F7A02
:10ADB000F0EE487ADFED3E6A04F5D07528EE077AAA
:10ADC00086EE870A20464FF4CE7203A98DED010A64
:10ADD000E0EC017A09F006FB84ED688AF7EE008A60
:10ADE0009DED010A0BF0A8FA38EEC00A84ED6C0A5A
:10ADF00095ED000A20EE0A0A89EE000A0BF09CFA93
:10AE0000DFED2C7A38EEC00A84ED6D0A95ED000A6C
:10AE100020EE270A89EE000A0BF08EFA264B204618
:10AE2000C4F8AC3138EEC00A84ED6E0A04F58B64C8
:10AE3000FEF724F9B44210D097ED008AB5EEC08A2F
:10AE4000F1EE10FAADDC04F5D0750CDCF0EE697AA9
:10AE5000B0EE4B0AB0EE698AB4E76BB0BDEC088B7C
:10AE6000F0BD04F5D075B4EEEA8AF1EE10FA06D41E
:10AE7000F0EE697AB0EE698AB0EE4B0AA2E79FED78
:10AE80000B7AF0EE697ADFED0A6A28EE077A86EE31
:10AE9000870A97E7F81000208096184B00803B4700
:10AEA00049FF15BBCDCCCC3D8E5D93C00AD7233C6A
:10AEB000549F8CBFCDCC4C3E3333333F0B68DD4ABF
:10AEC00091ED010A9A1803F5A7332DE9F04F03F528
:10AED000907300F5805900F51046DFF8988341F231
:10AEE000282549F21C6A04460F460544824442F66E
:10AEF000FC3B2DED0A8BC9F81C3297B006F2246397
:10AF0000C9F818220DF10C0C89ED880A0193B8E8F4
:10AF10000F00ACE80F0098E803008CE8030020461F
:10AF200003A9FAF793FC99ED880A03A904F5C16017
:10AF3000FAF78CFC99ED880A03A904F54160FAF749
:10AF400085FCDFF834933B6808F10801DFF8E48200
:10AF500003A897ED018A99449844019A82ED008AEA
:10AF60004C22C6F81C86C6F8209609F03BFA4146EA
:10AF70004A46DDF8048028465D44B0EE480A03AB3B
:10AF8000FDF7DEFE554506D098ED008AD6F81C1672
:10AF9000D6F82026EFE7D7ED019A0DF10C0C3B68AF
:10AFA00049F2C865DFF88C82B0EE698ADFF8C89292
:10AFB00049F6A47A9844DFF8C4E2994406F571632F
:10AFC000B5EEC08ADFED9CAAC3ED009A25449FED43
:10AFD0009BAAA244F1EE10FA9FED99CADFED99BA4F
:10AFE0009FED999A9FED99BAC6F8088FC6F80C9F05
:10AFF000BEE80F00ACE80F00BEE80F00ACE80F00A1
:10B00000DEF80030CCF8003040F38F80B4EEC98A0F
:10B01000F1EE10FA40F134810DF10C0EA5F1980C0F
:10B0200005ED278ABEE80F00ACE80F00BEE80F0070
:10B03000ACE80F00DEF80030CCF80030B2EE006A69
:10B0400000238AEE887A05ED1D8A45F86C8C45F858
:10B05000703CC6EE087AFFEE006A28EE0A0A86EE19
:10B06000800A05ED107A45ED0F7A0BF065F9A5F130
:10B07000340005ED0E0A05ED0D8A0190F7F7BAFED2
:10B080000223019845F8303CF7F7B4FE68EE0C7ADD
:10B090008BEEA70A85ED008A0BF04EF995ED008A3C
:10B0A000DFED6B7ADFED6BCAF7EE008A68EE277A88
:10B0B00038EEC00A85ED040A8CEEA70A0BF03CF9C5
:10B0C000DFED657A38EEC00A28EE278A85ED050A9D
:10B0D0008CEE880A0BF030F955ED277ADFED5F6AC8
:10B0E0005F4B38EEC00AEB60BFEE007A67EEA67ADF
:10B0F00085ED060A05F53D7587EE270A0BF01CF96C
:10B10000584B554545F8D03C45F8CC3C38EEC00A84
:10B1100005ED2B0A58D006F5716393ED008AB5EE64
:10B12000C08AF1EE10FA3FF771AF0DF10C0EDFEDB2
:10B130004E8AA5F1980C45ED278ABEE80F00ACE8D1
:10B140000F00BEE80F00ACE80F00DEF80030CCF8CE
:10B15000003000F3A880B2EE006A00238AEE887AFD
:10B1600045ED1D8A45F86C8C45F8703CC6EE087AB2
:10B17000FFEE006A28EE0A0A86EE800A05ED107AD4
:10B1800045ED0F7A0BF0D8F8B5EEC08AA5F1340082
:10B1900005ED0E0AF1EE10FA00F3A98045ED0D8AD7
:10B1A0000190F7F727FE0223019845F8303CF7F7A6
:10B1B00021FEB5EEC08AF1EE10FA00F3AA80B0EEDF
:10B1C000688AB0EE4B0A65E749F61870B0EE690A76
:10B1D0004A4641462044254EFFF7BCFD04F5204376
:10B1E00097ED010A03AD03F5436B4AF630474AF683
:10B1F000E86A8BEDB00A2744C3F8E88EA244C3F88E
:10B20000EC9E1B4C0FCE0FC50FCE0FC596E80F005E
:10B2100085E80F003846E83703AA2146F9F702FF10
:10B22000574502D09BEDB00AF4E717B0BDEC0A8B8E
:10B23000BDE8F08F1C4F01000000FA446F12033B81
:10B240000AD7233C549F8CBF8096184B49FF15BBEF
:10B25000CDCCCC3D8E5D93C0CDCC4C3E0AD7A33B2C
:10B260003333333F73800C4100803B4794120020FE
:10B27000A028012088130020204F0100EC1300209B
:10B28000294B0DF10C0EA5F1980C45F89C3CBEE83D
:10B290000F00ACE80F00BEE80F00ACE80F00DEF8CE
:10B2A0000030CCF80030B4EEC98AF1EE10FA3FF568
:10B2B000C5AEB2EE006A1C4B8AEE887A45F86C8CFB
:10B2C00045F8743C002345F8703CC6EE087AFFEE62
:10B2D000006A28EE0A0A86EE800A05ED107A45ED2E
:10B2E0000F7A0BF029F8A5F1340005ED0E0AB4EE43
:10B2F000C98AF1EE10FA3FF5BEAE0B4B019045F84E
:10B30000343CF7F777FD0223019845F8303CF7F716
:10B3100071FDB4EEC98AF1EE10FA3FF5B7AEB0EEAA
:10B320004B0A9FED028AB5E600803B4700803B4711
:10B330002DE9F04F0B6800F20446C74CC74F1A19AD
:10B3400004461F4404F57F75A0462DED0C8B91ED4E
:10B35000018AA7B086ED008A0292C0F8FC234C2235
:10B36000C0F80074CDE90601BD4908A809F03AF813
:10B37000B0EE480A0299204604F5AA7408AAF9F723
:10B38000CBF9AC4204D096ED000AD8F8FC13F2E7F2
:10B39000069E7822029B08A806F5226406F20C4558
:10B3A000B04906F6282984ED008A41F24C78C6F8A7
:10B3B000183AC6F81C7AB04409F014F82846B0EEE2
:10B3C000480A08A9F7F75AFA94ED000A06F5C26090
:10B3D00008A9F7F753FA06F6140008A994ED000A35
:10B3E000F7F74CFA06F58053079A34461946059349
:10B3F000D2ED017A09F60453DFF8B0C208AEF5EEDB
:10B40000C07AC3ED007A0B46029904F52565DFED9D
:10B4100096CAC3F82417F1EE10FAC3F8287704F699
:10B42000DC54DFED92AADFED92BA9FED92CA9FED58
:10B4300092BADFED928ABCE80F000FC6DCF800304C
:10B44000336040F3DA80B0EEE77AB4EEEC7AF1EEF6
:10B4500010FA88BFF0EE6A7A0DF1200EA5F1240CE7
:10B4600045ED0A7A4FF0E30B4FF0DF0A2E46BEE8B7
:10B470000F00ACE80F00DEF80030CCF8003045F8E3
:10B48000105C45E903BAE6EC018AA642FBD115ED52
:10B490000A8A0023B5EEC08A45F8043CF1EE10FAA2
:10B4A00040F3AE80B4EEEB8AF1EE10FA40F1808307
:10B4B000B2EE006A9FED727ADFED727ABFEE000A9B
:10B4C000C7EE086AC5F89033029B05F5737685EDE3
:10B4D000E38AC5F8943386EE087A68EE277A80EE20
:10B4E000270AC5EDF06A85EDF17A0AF025FFDFED58
:10B4F000666AF0EE407A68EE266AB0EE487A8BEE25
:10B50000260A85EDF37A05F2544545ED237A0AF0D3
:10B5100013FFDFED5E7A9FED5EAAB7EE009ADFEDD6
:10B520005D9ABFEE00DA39EE400A84ED140A96ED1A
:10B53000000A20EE270A8AEE000A0AF0FDFEDFED7F
:10B54000567A39EE400A84ED150A96ED000A20EE8F
:10B55000270A8AEE000A0AF0EFFE504BDFED507A20
:10B56000E36439EE400A84ED160A96ED000A20EEF7
:10B57000270A8BEE000A0AF0DFFE39EE400A84ED5E
:10B58000140A96ED000A20EE290A8AEE000A0AF053
:10B59000D3FEDFED447A39EE400A84ED150A96EDCC
:10B5A000000A20EE270A8AEE000A0AF0C5FEDFED47
:10B5B0003E7A84ED139A68EE277A39EE400A84EDDC
:10B5C000160A8DEE270A0AF0B7FE84ED1D0A28EE52
:10B5D000290A8DEE000A0AF0AFFE454584ED240AE3
:10B5E00004F2544464D009F60453D3ED007AF5EE26
:10B5F000C07AF1EE10FA3FF726AFDFED1C7A2BE7A9
:10B60000B2EE006A9FED1E7ADFED1E7ABFEE000AF1
:10B61000C7EE086AC5F89033029B05F57376C5ED51
:10B62000E3AAC5F8943386EE087A68EE277A80EEAE
:10B63000270AC5EDF06A85EDF17A0AF07DFEB5EED8
:10B64000C08AF0EE407AF1EE10FA00F3D282B0EE4A
:10B650006A7AB0EE4C0A54E71C4F0100204F0100FB
:10B66000C412002010130020FFFF7F7F00803B47A3
:10B670008096184B49FF15BB549F8CBF00000000FB
:10B680000000FA446F12033B0AD7233CCDCCCC3DDB
:10B690008E5D93C08FC2F53CCDCC4C3E3333333FEF
:10B6A0000AD7A33C8FC2F53DCDCC4C3D10140020F1
:10B6B000059A08AD079BD24E93ED018A02F6DC4352
:10B6C0009FEDD0CA83ED008AB5EEC08A029BC2F816
:10B6D000D87CC2F8D43CF1EE10FA069BDFEDCAAA82
:10B6E00003F5BF5403F5EC53DFEDC8CA0493DFED57
:10B6F000C8BA0FCE0FC596E8030085E8030040F3F3
:10B70000C081B4EECC8AF1EE10FA40F10E8208AEA0
:10B71000A4F1A80504ED2B8A0FCE0FC596E803000F
:10B7200085E8030004ED248AB2EE006A9FEDC77A33
:10B73000DFEDC77ABFEE000AC7EE086A029B04ED90
:10B740001E8A44F8703C002344F8743C86EE087A64
:10B7500068EE277A80EE270A44ED116A04ED107A2C
:10B760000AF0EAFDF0EE487AA4F13802A94BF0EEB7
:10B77000006A44ED0E7ABFEE007A04ED0F0AB5EED2
:10B78000C08A936154F8202C9FEDA36AF1EE10FA61
:10B7900002F1DA4202F52D1202F5675202F135028A
:10B7A00082EAD23344F8202C42F0010202FB03F378
:10B7B000A4F1200243F03D0144F8242C83EAD31283
:10B7C00001FB023283EA020383EA933307EE903AE5
:10B7D0004FF00003F8EE677A44F8283C67EE867A6B
:10B7E000A7EEA67A04ED0D7A40F38281B4EECC8AFE
:10B7F000F1EE10FA40F17C819FED967AF0EE487AF6
:10B8000028EE077A8CEE870A44ED077A25460AF07F
:10B8100093FD54ED078A9FED810AA046DFED809AE3
:10B8200004F5827728EE800A0226B7EE009A89EEA8
:10B83000800A0AF081FD9FED7B0A28EE800A89EEDE
:10B84000800A0AF079FD9FED780A28EE800A8CEED6
:10B85000800A0AF071FDDFED757A39EE400A68EE74
:10B86000A77A04ED030A89EEA70A0AF065FDF5EE52
:10B87000007A39EE400A68EEA78A04ED020A89EEE2
:10B88000A80A0AF059FD6A4B44F8103C39EE400A08
:10B8900004ED010AB5EEC08AF0EE6A7AF1EE10FA14
:10B8A00008DDB4EECC8AF1EE10FA54BFF0EE6A7AFD
:10B8B000F0EE487A2846C8ED007AF7F79BFA28465A
:10B8C0003435C8F80460F7F795FABA46BD4208F176
:10B8D0003408DFD114ED2AAAB5EEC0AAF1EE10FAB1
:10B8E000C0F20B81F1EE007AB4EEE7AAF1EE10FAA5
:10B8F00000F38E81FDEECA7A4E4B17EE902A032A92
:10B90000A8BF032202EB8200511C07EE902A96008A
:10B9100003EB8000F8EEE77A8F0090ED008A01EBF0
:10B92000810003EB80003AEE67AA90ED000A16440E
:10B93000414B0F44B6EE00DA4FEA860804F10805E1
:10B9400003EB86093D4B08F10402A34603EB860690
:10B95000384B0394BF0013449FED39BA04F1D00271
:10B960001C460192F0EE4A0A343580EE080A0AF0CD
:10B9700027FEF9EC017AB6EC017AA9EB08023A4409
:10B9800020EE088A27EE0B0A12ED017A37EE677A6D
:10B99000E7EE0A7AF0EE679A0AF042FDA6EB08029B
:10B9A000F0EE408A3A4412ED010A20EE0B0A0AF04A
:10B9B00037FD88EE299A584605ED0D8A45ED0BBAFC
:10B9C00030EE680AE0EE0A8AB4EE4D9AF1EE10FA13
:10B9D00048BFB0EE4D9A05ED0C9AF7F70BFAC8EE9A
:10B9E000897A019B9B450BF1340BEAEC017A37D045
:10B9F000B4EC018AA4EB08023A4412ED010AB1E763
:10BA0000241400208096184B00803B47549F8CBF25
:10BA100000000000A221FD3F0000802FCDCCCC3DD6
:10BA20008E5D93C0CDCC4C3E0AD7A33C0AD7A33D34
:10BA30009A99593FCC160020FC1400206015002074
:10BA40002D152A3E49FF15BB000016440000FA449C
:10BA50006F12033B0AD7233C0000AF430000C843EA
:10BA6000039C049B04F5F0749C4251D0059B03F6A3
:10BA7000DC4393ED008AB5EEC08AF1EE10FA3FF791
:10BA800040AE08AEA4F1A80544ED2BAA0FCE0FC519
:10BA900096E8030085E8030052DC44ED24AA57DC55
:10BAA000B2EE006A1FED177A5FED177ABFEE000A5B
:10BAB000C7EE086A029B44ED1EAA44F8703C0023BE
:10BAC00044F8743C86EE087A68EE277A80EE270AFE
:10BAD00044ED116A04ED107A0AF02EFCB5EEC08A2E
:10BAE000A4F13802F1EE10FA58DCF0EE6A7A3DE685
:10BAF000F0EE6A7A1FED2D0A86E60022B0EE6BAA00
:10BB00001FED2A0A01211FED308A042716460EE791
:10BB1000DDE9063141F6E44003441846FFF7CEF96B
:10BB200027B0BDEC0C8BBDE8F08F08AEA4F1A805E2
:10BB300044ED2BAA0FCE0FC596E8030085E803005D
:10BB4000B4EECC8AF1EE10FA3FF5ECAD44ED24AA48
:10BB5000B4EECC8AF1EE10FA3FF5E6ADB2EE006A33
:10BB60001FED467A5FED467ABFEE000AC7EE086A1F
:10BB7000029B44ED1EAA44F8703C002344F8743C38
:10BB800086EE087A68EE277A80EE270A44ED116A7D
:10BB900004ED107A0AF0D0FBA4F13802B4EECC8A9E
:10BBA000F1EE10FA54BFF0EE6A7AF0EE487ADDE575
:10BBB000B2EE006A1FED5B7A5FED5B7ABFEE000AC2
:10BBC000C7EE086AC5F89033029B05F57376C5ED9C
:10BBD000E3AAC5F8943386EE087A68EE277A80EEF9
:10BBE000270AC5EDF06A85EDF17A0AF0A5FBF0EEC3
:10BBF000407AB4EEEB8AF1EE10FA7FF528AD5FEDF6
:10BC00006B6AB0EE487A68EE266A8BEE260A78E414
:10BC1000B7EE00AA1FED700A1FED708A04210322FF
:10BC20000C26102783E600BF38B500F6DC0C8646EC
:10BC300003462DED048B93F8D8521C4603F53D7353
:10BC40004DB39C45F7D1002490F8F0324BB9002C4D
:10BC500000F02881D0F8EC52D4F8EC329D4238BF85
:10BC6000044600F53D706045EED1A4B974460EF56A
:10BC70003D7EF4450CD0002CF8D0DEF8EC02D4F870
:10BC8000EC32984238BF74460EF53D7EF445F2D151
:10BC9000002C00F0BC80F3EE007A012394ED008AC2
:10BCA00084F8F032B4EEE70AC4E9BA12F1EE10FA01
:10BCB00009DBDFED807A68EE277AB4EEE70AF1EE71
:10BCC00010FA77FE807AF5EEC00AF1EE10FA2FDA5C
:10BCD000DFED790AB0EE670AC4EDB50A0AF008FC98
:10BCE000D4ED067A84EDB10AF5EEC07AF1EE10FAE1
:10BCF00027DBB1EE007A94F8D832F4EEC77AF1EE91
:10BD000010FA00F3BF80E3B1F5EEC07AF1EE10FA5D
:10BD100017DD28EE278ABFEE000A80EE080A0AF037
:10BD20000BFBF7EE007A37EEC00A84EDB20A16E09C
:10BD3000B7EE007AF4EE470AF1EE10FA77FE200A29
:10BD4000C8E700234FF07E51002284EDB00AC4F80A
:10BD50009430C4F89830C4F8C812C4F8BC22D4EDAA
:10BD6000077A00239FED557A84F8D932F4EEC77A2A
:10BD700084F8DA32C4F8B832F1EE10FA06DBB1EE2C
:10BD8000007AF4EEC77AF1EE10FA43DDF0EE477A6E
:10BD900094ED088A9FED4A7AB4EEC78AF1EE10FA64
:10BDA00041DAB0EE478AD4ED278A9FED460A67EE66
:10BDB000A87A80EE270A0AF0BFFAF7EE007A37EE8B
:10BDC000C00ADFED417A9FED417A68EEA77A84EDF3
:10BDD0002B0A87EE270A0AF0AFFAF7EE007AB5EEE3
:10BDE000C08A37EEC00AF1EE10FA84ED2C0A3CD876
:10BDF000B0EE670A01233649002284ED2D0AC4F80B
:10BE0000A810C4F8A030C4F8D02284F8D832BDEC11
:10BE1000048B38BD94ED088A9FED297AB4EEC78A69
:10BE2000F1EE10FA06DBB2EE007AB4EEC78AF1EE5C
:10BE300010FA2DDDF5EEC07AB0EE478AF1EE10FA79
:10BE4000B1D8D4ED278AB7EE009ADFED1F7A9FEDC7
:10BE50001F0A68EEA77A84ED2B9A80EE270A0AF073
:10BE60006BFA39EE400A84ED2C0A28EE288A9FED01
:10BE7000170A80EE080A0AF05FFAF7EE007A37EE4A
:10BE8000C00AB7E7002B3FF45CAFF0EE477A40E71B
:10BE9000F5EEC07AF1EE10FA85D8B7EE000AD4EDCF
:10BEA000278A8EE7044600F53D7060457FF4CCAEEE
:10BEB000DBE600BF6666E63E000000006F12833AD4
:10BEC0000AD7233C549F8CBFCDCCCC3D8E5D93C014
:10BED0009A99593FD0ED0B7AF5EEC07A2DE9F04FE3
:10BEE000F1EE10FA82462DED0C8B87B0C0F2328154
:10BEF000F7EE00CAF4EEEC7AF1EE10FA00F33581B9
:10BF00009FEDA96AF4EEC67AF1EE10FA40F33F8194
:10BF10009FEDA67A9FEDA68AF4EEC77A9FEDA50A5B
:10BF20009FEDA55ADFEDA56AF1EE10FADFEDA45AF8
:10BF3000CCBF0223012330FE080A76FEA56A0393D4
:10BF4000CCBF0323022338FE058A37FE067A02930C
:10BF500077EEC77AC7EEA6CAF5EEC0CAF1EE10FAC0
:10BF600080F20C81DFED97CA039B42F6AC1B964929
:10BF7000B8EE00CAC3EBC304944EDB00944DA70097
:10BF8000B7EE009A059306EB8408029B043705EB95
:10BF90008404DFED90BAC3EBC3020F44DB009FEDD6
:10BFA0008EBA01EB820942F6C8119FED8CAAD344E8
:10BFB0005144DFED8B9A09F1040906EB820605EB8B
:10BFC00082050191049303E0B7EC018AB9EC010A00
:10BFD00080EE080AF0EE6C0A0AF0F2FA20EE088A07
:10BFE000DAED00AAF0EE4A5AF8EC017AF0EE69DADE
:10BFF00028EE2B8AB4EC017AB6EC016AF5EC016A02
:10C0000088EE2ADA36EE676A76EEC76AE6EE2C7AB2
:10C01000A6EEAC7AB0EE678AF0EE478AB4EECBDAE1
:10C02000B0EE4D0AF1EE10FA09D50AF059FCF0EE27
:10C0300040DAB0EE4D0A0AF057FD60EE0C5A38EEC9
:10C04000088A019B8DEE887A77EE097A39EE475A95
:10C0500087EE276AC5EEA76A85EE277AABEC016A00
:10C060009B45CBED478ACBED176A8BED2F7AABD191
:10C07000059BF0EE6C0A039AB8EE00AA594DF7EE54
:10C08000009A991A049B029A5C46DFF8748105F1C4
:10C0900040099A1A4C4B544F03EB81019FED538A90
:10C0A00003EB82029FED4BDAD1ED058A92ED050A92
:10C0B000DFED49CA80EE280A9FED48CA0AF080FAEF
:10C0C0009FED4B7ADFED4B7A9FED45BA4A4E28EE55
:10C0D000800AC0EE07BA05E0F5EC017AB8EC018AF7
:10C0E00057F8046B6BEEA77AF0EE4C6AF0EE4B8AD1
:10C0F00067EE8D7A87EEAA9AB4EEEC9AB0EE490A12
:10C10000F1EE10FA09D50AF0EBFBF0EE408AB0EE42
:10C11000490A0AF0E9FC60EE0A6A38EE088AA94585
:10C1200088EE887A77EE297A39EEC75AC7EE275A11
:10C1300086EEA76A85EE277AE4EC015AC4F81C6102
:10C1400084ED176A84ED2F7AC6D107B0BDEC0C8B55
:10C15000BDE8F08F012300219FED170A9FED278A8C
:10C16000DFED18CACDE90231FEE6032302229FED7E
:10C17000110A9FED0F8ACDE90232F5E6F7EE007A5B
:10C18000F4EE67CAF1EE10FA77FEACCAECE60123D2
:10C190000020F0EE466A9FED080A9FED188A9FED99
:10C1A000097ACDE90230D3E6EC51383E52B81E3F51
:10C1B0000000D24200007042000066435C8FC23E25
:10C1C000AE47E13E00000000C8170120A81801207A
:10C1D00038180120DB0FC94043023F4025D9FC3FFE
:10C1E0005A30203E1C190120601901205E828041D6
:10C1F00000C00F4512735F446DD3BB3E008089437E
:10C20000A419012070B500F50054D0ED030ADFED4C
:10C21000E57A054604F50D62F5EEC00A04F6BC03A6
:10C2200092ED007AF1EE10FA67EE277A2DED108B81
:10C23000D0ED00EA84B0CEEE876A8DED027AC7EECB
:10C24000AE8ACDED016AC3ED006AC0F27681F7EEE9
:10C25000007AF4EE670AF1EE10FA77FEA00A9FED7D
:10C26000D20A0AF0ADF9DFEDD1DA9FEDD17AD5ED42
:10C27000067A20EE070A2EEEAD7AB4EEC70A8DEDEF
:10C28000037AF1EE10FAF5EEC07A58BFB0EE470A25
:10C29000F1EE10FA07DDDFEDC77AB4EEE70AF1EE52
:10C2A00010FA40F1B981DFEDC47A20EE270A80EE62
:10C2B0002E0A0AF041F895ED057A05F5235204F6A9
:10C2C000C403F7EE006AB5EEC07A76EEC07AF1EEFE
:10C2D00010FA36EEE78AC2ED007A83ED008AC0F2EA
:10C2E0002981B4EE667AF1EE10FA36FE877AB0EE66
:10C2F000470ADFEDB20A0AF063F9B0EE40FADFED6B
:10C30000B07AB7EE00AA04F50F66B0EE680A2FEE19
:10C3100027FAF0EE4ADAB0EE4ABA86ED00FA0AF0F1
:10C32000DFFAB0EE409AB0EE680A0AF0DDFBE8EE04
:10C3300040DA28EE09EAF0EE409AB0EE4E0AF0EE4E
:10C340006D0A0AF06BF804F6E4037AEE69BAD3EDED
:10C3500000AA80EE28CAF0EE6B0AB0EE490A0AF095
:10C360005DF8AAEEE9BA6AEE89AAB0EE408AB0EEAC
:10C370006A0AF0EE4B0A0AF051F838EE400A7FEEF6
:10C38000290AB1EE400A80EE288A38EE0C8AB1EE16
:10C3900049CAB0EE4C0A0AF041F8F0EE4A0AF0EE53
:10C3A00040CA2FEE490AEFEE290A0AF037F87CEE70
:10C3B000C0CADDED017AF1EE005AF1EE6CCA37EE3B
:10C3C000CAAACCEEA87AA7EEA58A7AEE487AF4EE4D
:10C3D000E57AF1EE10FA50D5DFED7ACA9FED7ADA00
:10C3E00042E02FEE0DFA86ED00FA0AF017F8F0EEB3
:10C3F0006B0AF0EE40FAB0EE490A0AF00FF8F0EEE0
:10C400004B0AB0EE408AB0EE6A0A0AF007F8F0EE86
:10C41000407ACFEEA85A78EE677A7FEE290AB0EE1E
:10C420004C0AF1EE677A87EEA88A38EE258A09F081
:10C43000F5FFF7EE000AF0EE40FA2FEE490AEFEEB4
:10C44000290A09F0EBFF7FEEC0FAF1EE005AF1EE97
:10C450006FFACFEEA87AA7EEA58A7AEE487AF4EEC4
:10C46000E57AF1EE10FA08D5B4EEECFAF0EE6D0ACA
:10C47000B0EE4E0AF1EE10FAB3D4B7EE007ADFED6B
:10C48000536A04F6B803F4EE477AF1EE10FA48BFA7
:10C49000F0EE477A9DED037AB4EEE67AC3ED007ACA
:10C4A000F1EE10FA7ADCDFED447A27EE270A80EE0F
:10C4B0002E0A09F041FF04F66C13F7EE000A70EE45
:10C4C000C07A30EEE77AC3ED007A04F51763E7EE41
:10C4D000690A83ED007A27EE090A09F09FFFF0EE62
:10C4E0006B0AF0EE409AB0EE490A09F097FFB0EE01
:10C4F000408AF0EE4B0AB0EE6A0A09F08FFF38EE80
:10C50000408AC9EEA86AD5ED137AB1EE488AF5EEF5
:10C51000C07A88EE287AF1EE10FA37EE268A0FDB21
:10C520009FED2B7AF4EEC77AF1EE10FA7EDD9FEDE7
:10C53000290A07E09FED287AD9E6DFED270A8EE683
:10C540009FED250A09F06CFFDDED017AB7EE007A68
:10C5500004F66413C7EE807A77EEC77A77EEC87A6E
:10C56000F4EE477AF1EE10FA48BFF0EE477AC3EDE9
:10C57000007A94F8D838CBB3D5ED040AF5EEC00AAA
:10C58000F1EE10FA4BDADFED140A9FED140A0AF00F
:10C5900017F8DFED0A7A20EE270A29E09FED100A4E
:10C5A00085E700BFDB0FC9400AD7A33D6666E63EBC
:10C5B00000606A4600408345DB0FC9C09A99993EE6
:10C5C000666666BF6F1283BA3333333F00007A4624
:10C5D00000004842ABAA2A3D0000000000002042B3
:10C5E0007C59C4C7C22ACEC60E745A3AB5EE000AA8
:10C5F000DDED027AF8EE080A04F6CC0427EE80EAB4
:10C60000B2EE040AC0EE8E0A09F0DAFF84ED000AE9
:10C6100004B0BDEC108B70BD1FED0E0A47E6F4EEC2
:10C62000470AF1EE10FA77FE200AAEE71FED127A04
:10C6300027EE870A86E700BF2DE9F04F00F578372F
:10C64000D7F8EC37002B2DED0E8B83B040DDDFF8F3
:10C65000548305460026DFF850A3DFEDCABA8044B4
:10C660009FEDC9BABB46DFEDC9AA9FEDC9CADBF889
:10C67000DC3758F8047F03EB83030AEB83035B7A10
:10C6800073BB47F68C425B4642F68414A9462A44A3
:10C69000AB462C449FEDBFAA3D46DFEDBF9A17463F
:10C6A0009FEDBEDA1A4614F8043C1BB154F80C3C5A
:10C6B0009D425CD042F6841399441C444F45F2D10C
:10C6C0005D4693460136DBF8EC37B342CFDC5F467C
:10C6D0000023C7F8EC3703B0BDEC0E8BBDE8F08F3C
:10C6E000012B13D147F69C4448F22C3900222C44EC
:10C6F000A94494F82C3223B1D4F824329F4200F09C
:10C70000AB8004F50C74A145F3D1DBE7022B14D107
:10C7100048F23C3348F23871002004242B44294469
:10C7200093F8502122B1D3F84821974200F0CD80F0
:10C7300003F5AA738B42F3D1C4E7032B00F0A68064
:10C74000042B40F0D48048F6645249F6602000245F
:10C750002A44284492F8501421B1D2F848148F4248
:10C7600000F0068102F254428242F3D1AAE7D9EDE9
:10C77000020A0023D9ED00CAF5EEC00A14ED079AAB
:10C7800004F8043C8CEE898A04F8103CF1EE10FAAF
:10C7900000F1AA80F7EE007AF4EE670AF1EE10FAE3
:10C7A00077FEA00AB0EE6B0A019209F009FF6CEE69
:10C7B000AA7A20EE0B0AF7EE008AB4EE670AF1EED1
:10C7C00010FA37FE800A20EE0A0A80EE2C0A09F0E1
:10C7D000B3FD69EE297A38EEC00AC7EEACDA04ED93
:10C7E0000B0A38EEC0EA04ED0AEAB0EE6D0A0AF070
:10C7F00077F8F0EE40CAB0EE6D0A0AF075F9F0EE87
:10C80000680AF0EE407A6EEE2CCAEEEE670AB0EEE1
:10C810006C0A09F003FE80EE2D7A019A78EE687AB0
:10C8200077EEC77AF4EE687AF1EE10FA48BFF0EED0
:10C83000687A44ED0C7AD9ED057AF4EECD7AF1EE12
:10C8400010FA12D4B3EE047AF4EEC77AF1EE10FACD
:10C8500031DDDFED537A0AE084F82C22204684F89B
:10C860001822F7F787FE00224BE7DFED4C7A29EE1E
:10C87000279A0192F8EE080AB2EE040AC0EE890A7D
:10C8800009F09EFE019A04ED080A13E748F2487386
:10C8900048F654504FF0000C04242B44284493F8DD
:10C8A00000221AB1D3F8F821974239D003F5017369
:10C8B0008342F4D106E79FED3A7AF4EEC77AF1EEBF
:10C8C00010FA58BFF0EE477AD1E7D3F8F42083F896
:10C8D00050010AB1C3F8F440D3F81021002A3FF404
:10C8E00027AFC3F8104123E7DFED290A5AE7052BEC
:10C8F0002AD0062B63D14AF220034BF238210020C4
:10C9000004242B44294493F8042622B1D3F8FC25AF
:10C91000974200F0818003F5C1638B42F3D1D1E6E9
:10C92000D3F8E42183F800C2002ABFDDC2EB021273
:10C9300003EB820E1A46D2F8881009B1C2F888407B
:10C940003C327245F7D1B1E749F670234AF2100143
:10C95000002004242B44294493F8DC211AB1D3F895
:10C96000D421974222D003F5F0738B42F4D1A9E68B
:10C97000D2F8F81382F8504400293FF4F3AEC2F81D
:10C98000F833EFE6610B363D00A08C466666E63E66
:10C9900000000000DB0FC9C0DB0FC940CDCC4C3D0F
:10C9A000EC51383EDCE70300301E0120D3F8942020
:10C9B00083F8DC01002AD6D0C3F89440D3E7072BD4
:10C9C00014D14DF62034DFF83091002243492C4435
:10C9D000A94442F6FC3394F8200318B1D4F81803A4
:10C9E00087423BD01C444C45F5D16BE6082B1FD148
:10C9F0003B4B4FF0000C3B4A04242B4401202A44BB
:10CA000093F8F01219B1D3F8E8128F4231D003F540
:10CA10003D739342F4D155E6D3F8BC2583F8040660
:10CA200083F8F805002A3FF476AFC3F8BC4572E7F7
:10CA3000093B28D0012B7FF445AE2B4B00242B4A19
:10CA400004202B442A4493F8E41019B1D3F8DC10E5
:10CA50008F4233D0E8339342F5D133E6601884F83F
:10CA600020232270FFF7CEFB42F6FC331B49002245
:10CA7000B8E793F8D91283F8F0C241B383F8DA0229
:10CA800083EDB8CAC3E71A4B00241A4A04202B448A
:10CA90002A4493F8541419B1D3F84C148F4204D09B
:10CAA00003F58B639342F4D10CE6D3F8A41183F819
:10CAB00054440029F4D0C3F8A401F1E7D3F8B81026
:10CAC00083F8E4400029C5D0C3F8B800C2E7D3F822
:10CAD000A01000299BD0C3F8A04098E728D7FFFFFB
:10CAE0004C360100283F0100504C0100084F010066
:10CAF000383F0100404C0100145F0100BB4B322263
:10CB00002DE9F04F044683FB0103C817C0EB231A3D
:10CB100002FB1A1ABAF1000F2DED0A8B89B000DA68
:10CB20009244204604F57835FFF786FD0022B04E8A
:10CB30004FEA8A09C5F8D82785F8F0270AEB8A0258
:10CB4000C5F8DCA706EB82020294517A0392002911
:10CB500000F0DE82012900F06C8348F23C3002399B
:10CB600002AA2044FDF7B4FF09EB0A0306EB830396
:10CB7000DA7A012A40F04A811A7B04F5A0359D4BF0
:10CB800003EB021305F5776293ED016AD3ED007AAA
:10CB9000B5EEC06AD3ED026A93ED037AC2ED007A76
:10CBA000F1EE10FAC0F24283F7EE005AB4EE656A75
:10CBB000F1EE10FA35FE866AF5EEC06A05F5776388
:10CBC00083ED016AF1EE10FAC0F21C83F7EE005A11
:10CBD000F4EE656AF1EE10FA75FEA66AB5EEC07A5B
:10CBE00005F57763C3ED026AF1EE10FAC0F2078330
:10CBF000F6EE006AB4EE667AF1EE10FA36FE877A47
:10CC0000F5EEC07A05F5776383ED037AF1EE10FA5D
:10CC1000C0F20983B3EE047AF4EE477AF1EE10FA2B
:10CC200077FE277A744BF6EE005A74499FED745ADA
:10CC300023442144D3ED006A87EEA67AB5EEC07A8C
:10CC4000F1EE10FAC0F2B380B4EEE57AF1EE10FA2C
:10CC500040F3BD804FF00042D3ED156ADA6087EEF5
:10CC6000A67AB5EEC07AF1EE10FAC0F29E80B4EE6C
:10CC7000E57AF1EE10FA40F39C804FF000421A661C
:10CC80001C338B42D6D142F67073D5F8842F2B44D7
:10CC900003F6847103F68873D1ED007A67EE867A25
:10CCA000C3ED007A2AB192000021D5F8800F0BF075
:10CCB0003FFE04F5B0360021D6F8E426C5F88C1FF7
:10CCC00022B19200D6F8E0060BF032FE002242F6C6
:10CCD0007073DFED4C5AF5EE006A2B44C6F8EC2673
:10CCE0001146494AB0EE657A03F68C75B7EE006AD4
:10CCF00003F57960F0EE084A2244F0EE657A0B46BF
:10CD00009FED3F5AC5ED005AC0ED005A77EEA67A66
:10CD100042F8543C77EEC77AF5EEC07AF1EE10FA9D
:10CD200041DDF4EEC67AF1EE10FA3CDA67EE857A70
:10CD3000FCEEE77A17EE903A0131136003292DD00B
:10CD400007EE901AB8EEE77AC7EE247ABBFE677A50
:10CD500037EEC77AB5EEC07AF1EE10FA40F3C28131
:10CD6000B4EEC67AF1EE10FA80F2BC8127EE057AB5
:10CD7000BCEEC77A17EE103A37EEA67A1C32BBFE2D
:10CD8000477AC3E700220023C5F83C2FC5F8243FAB
:10CD9000C5F8403FC5F81C3FC5F8383F09B0BDECA9
:10CDA0000A8BBDE8F08F0023C6E7002267E7002268
:10CDB00052E7B5EEC07AF1EE10FAF6DDF0EE656AF4
:10CDC000E7EE056ABCEEE67A17EE102A57E7B5EEF5
:10CDD000C07AF1EE10FAEADDF0EE656AE7EE056A78
:10CDE000BCEEE67A17EE102A36E700BF1F85EB513E
:10CDF000301E012004240120407E0100947E0100A9
:10CE00000000804F000000009C7E0100022A6BD1D0
:10CE1000197B02AEB44A04F5B835B44B02EBC1023B
:10CE2000B34F05F60474D2ED007AF5EEC07A0FCB5D
:10CE3000F1EE10FA86E80F00CDED027A039796E83E
:10CE40000F0084E80F00C0F2E9819FEDAA7AF4EEAA
:10CE5000477AF1EE10FA77FE277A05F6147393ED10
:10CE6000007AC7EE876AF5EEC06AF1EE10FAC0F2FA
:10CE7000D881B6EE007AF4EEC76AF1EE10FA00F34C
:10CE80003282F5EEC06AF1EE10FA40F3CA819FEDEE
:10CE90009A6AA6EE867ABCEEC77A17EE102A05F5D6
:10CEA0007363C5F8202FD3ED006A87EEA67AB5EE3E
:10CEB000C07AF1EE10FAFFF665AFF6EE007AB4EE46
:10CEC000E77AF1EE10FA00F30B82B5EEC07AF1EEDC
:10CED00010FA7FF757AFDFED886AE7EE267AFCEEAF
:10CEE000E77A17EE902A4EE7042A7FF457AF1B7BB0
:10CEF00002AEDFF814C204F5B83503EB43027F4BF2
:10CF0000B64605F64C7703EB8203D3ED007AD3EDFA
:10CF1000016A93ED027AF5EEC07ABCE80F000FC605
:10CF20009CE80300F1EE10FA86E803008DED077A25
:10CF3000CDED027ACDED056ABEE80F000FC796E889
:10CF4000030087E80300C0F266819FED6D6AF4EE8E
:10CF5000467AF1EE10FA76FE277AF5EEC06A05F60B
:10CF60004C73C3ED007AF1EE10FAD3ED6E7AC0F295
:10CF70004F81F4EEE76AF1EE10FA77FEA67AB5EE8D
:10CF8000C07A05F64C73C3ED037AF1EE10FAC0F2E5
:10CF90003C81F7EE006AB4EE667AF1EE10FA36FEE6
:10CFA000877A05F64C7605F6747304F5C037D6ED2E
:10CFB0006D6AD6F8BC2167EEA67A86ED057AC6F8CA
:10CFC000C021C3ED017A97F82431002B3FF4E6AE7F
:10CFD000D5F8682F5AB192000021D5F8640F0BF0F4
:10CFE000A7FCD6ED6D7A96ED037A67EE877A454E0B
:10CFF00005F67473DFF814814FF000092644A0444D
:10D00000C5F8709FC3ED017AC3ED027A7368002101
:10D010009A0013B130680BF08BFCC6F80C901836F0
:10D020004645F3D1D5F8E42F2AB192000021D5F876
:10D03000E00F0BF07DFC00217A6CC5F8EC1F1AB1F3
:10D040009200386C0BF074FC0021D5F8FC2FF964C9
:10D0500022B19200D5F8F80F0BF06AFC0021BA6DEE
:10D0600079601AB19200786D0BF062FC00217A6948
:10D0700039661AB1920038690BF05AFC0021FA6E39
:10D08000F9611AB19200B86E0BF052FC0021FA6AF5
:10D0900079671AB19200B86A0BF04AFC0021D7F800
:10D0A000802079631AB19200F86F0BF041FC05F60D
:10D0B0004C75002300224FF08041C7F88820C7F844
:10D0C0009820C7F8B410C5F8C431C5F8C831C5F800
:10D0D000CC31C5F8D031C5F8D43109B0BDEC0A8BDC
:10D0E000BDE8F08F002347E6F02501203C14002026
:10D0F000CDCCCC3E0000C8420000804FB8220120B9
:10D1000048E17A3F807F01004C140020E07F01005D
:10D11000927A04F5E04704F6EC5B47F6B84802EB78
:10D120008201724A07F69443A04402EB810204F1A3
:10D130002C0100945C460195BB469FED6DCA0D46DF
:10D14000DFED6CBA1F469FED6CBAD2ED00AA92EDEE
:10D1500001AAD2ED029A92ED039AD2ED048A9FEDD4
:10D16000678AD7ED007ADBF88C3CF5EEC07AF1EEF9
:10D1700010FA41DDB0EEE77AB4EECC7AF1EE10FAB7
:10D1800088BFF0EE6B7A4FF45C7245F8283C4FF4A0
:10D190005B7345ED0B7A45ED09AA05ED08AA45ED4F
:10D1A000079A05ED069A45ED058A45F8105C45E9B4
:10D1B00003232B46A3EC018AA342FBD155ED0B7A46
:10D1C000BFEE000A002367EE8B7A45F8043C80EE40
:10D1D000270A09F0B1F842F6841042F644130444D9
:10D1E0002B440544454583ED000ABAD1DDE90045ED
:10D1F000012285F8F027B7E4DFED3E7AC3E79FED23
:10D200003F7AFDE4DFED3D6AE8E49FED3C7AC8E655
:10D21000DFED3A7AB3E6DFED397A9EE6DFED377A75
:10D220001BE600223BE6DFED357AFBE49FED336A37
:10D23000C2E4927A04F5E04747F69C4B04F50043BC
:10D2400002EB82012E4A48F22C38009402EB810254
:10D250009FED288AA044DFED2BBA5C449FED2ABAEB
:10D26000BB46D2ED00AA92ED01AA1F46D2ED029A6A
:10D2700092ED039AD2ED048A41F23432F0EE487A0C
:10D280005A4492ED000AD7F82C23B5EEC00AF1EE0D
:10D2900010FA08DDB4EEEB0AF1EE10FA54BFF0EE2E
:10D2A000487AF0EE407ABFEE007A626020EE0B0A18
:10D2B000C4ED007AC4ED02AA84ED03AAC4ED049A79
:10D2C00087EE000A84ED059AC4ED068A04F50C7415
:10D2D00009F032F804ED040AA045CDD1009C87E79F
:10D2E0004FF000424FE54FF00042D8E5E822012020
:10D2F000FFFF7F7F00803B47CDCC4C3D000000000E
:10D30000182201208096184B8FC2753D2DE9F04FF1
:10D3100000F5783A944D044600220AF2CC732DEDC4
:10D32000088B0BEE101A83ED000AF0EE408A93B0E2
:10D330002946722301E011F8013F0132002BFAD196
:10D340008A4B70218A485340722201E015F8012F60
:10D350004B40114600FB03F34FEAF343002AF5D19B
:10D36000844883EA1343844A04F5A03500FB03F3A1
:10D37000824883EA533302FB03F3024683EA1343F2
:10D38000C5F81C3F722301E012F8013F0131002B68
:10D39000FAD1764A7223764E4A40702101E010F8A5
:10D3A000013F4A40194606FB02F24FEAF242002BC7
:10D3B000F5D1704982EA12426F489C4601FB02F2A5
:10D3C0006F49012682EA52328F1DC5F8241F00FBE7
:10D3D00002F26C4882EA1242C5F8202F40F209722C
:10D3E000A5F82A2F40F20632A5F82C2F01E011F8FB
:10D3F000013FA0FB03E28F424FEAD20202EB42025E
:10D40000A3EB820303F10C03A0FB03E24FEAD20279
:10D4100002EB4202A3EB820306FA03F34CEA030396
:10D420001FFA83FCA5F828CFE1D1574AB2EE086A6B
:10D430000023DFED566A224407EE903A0133F8EEFE
:10D44000E77A0C2B67EEA67A87EE867AA2EC017A51
:10D45000F2D1C5F8683F05F573624D49F0EE687A80
:10D460004C4B04F5E04951630CAEC2ED0C6A1A4610
:10D470004523F5EEC07AA218DFF82CC1C5F86C3F41
:10D4800047F6B843DFF824B1F1EE10FA23440392D3
:10D49000A344DFED41AA029309F694439FED3FAA0E
:10D4A00004F12C07C3ED008A04F6EC58C9F8902C5F
:10D4B000DFED3B9A9FED3B8A0894CDED098AC9F8D0
:10D4C0008CBCBCE80F000FC6DCF80030336047DDD1
:10D4D000B0EEE77AB4EEEA7AF1EE10FA88BFF0EE39
:10D4E0004A7A0DF1300EA7F1240C47ED0B7A3E4637
:10D4F00047F828BCBEE80F00ACE80F00DEF80030AB
:10D500004FF45C72CCF800304FF45B7347F8107C3A
:10D5100047E90323A6EC018AB045FBD117ED0B0ABE
:10D52000BFEE009A002320EE290A47F8043C89EE5A
:10D53000000A08F001FF42F6441342F684123B440D
:10D540001744904483ED000A029BBB4232D009F697
:10D550009443D3ED007AF5EEC07AF1EE10FAB7DC21
:10D56000DFED0E7ABDE700BF3D69012067E6096A7D
:10D57000512D9ECC6BCAEB8535AEB2C245690120F8
:10D58000EE150020ABAAAAAA304F01000000964475
:10D590000000DC43204F0100FFFF7F7F00803B47FE
:10D5A000CDCC4C3D00000000641400201C4F010055
:10D5B0008FC2753D5FED027A41F23433039A47F62C
:10D5C0009C4668EEA77A4B44DFF874E22644C3ED2C
:10D5D000008A04F50043C9EE279A48F22C370DF172
:10D5E000300C9FED8D8A9FED8DAA2744B046C3E98C
:10D5F000CBB2BEE80F00ACE80F00DEF80030CCF88C
:10D600000030F5EEC08AF0EE487AF1EE10FA08DD4F
:10D61000F4EECA8AF1EE10FA54BFF0EE487AF0EE5A
:10D62000687A0DF1300E08F1080CC8ED007AB0EE02
:10D63000690AC8F804B008F50C78BEE80F00DEF8F7
:10D6400000E0ACE80F00CCF800E008F075FE4745BC
:10D6500008ED040AD5D108AF06F5D4600DF1100825
:10D660000026394604F5B039FDF762FE40F2D45386
:10D67000DFF8D0C1C5F8843F4FF4BA63A444C5F8BD
:10D68000883F674BC5F880CF0FCB88E80F00604616
:10D69000314641F250720BF04BF940F2D4536148DD
:10D6A0003146C5F88C6F41F250722044C9F8E43617
:10D6B0004FF4BA63C9F8E006C9F8E8360BF038F958
:10D6C000C9F8EC66F0EE007A3146FFEE005A564E8D
:10D6D000DFED566A43F6F4639FED5D6A26449FEDE5
:10D6E000544AE6EEA75A5348B2EE047A28EE844A2A
:10D6F0002B44F0EE083ADFED502AF0EE466ADFEDFB
:10D70000464AB0EE465A9FED453A9FED4C2A2044DA
:10D71000DFF834E13246DFF834C183ED004A27EE0A
:10D72000227AF5EEC08A27EE287AF1EE10FAA0EC04
:10D73000017A40F36782F4EEC38AF1EE10FA54BF27
:10D74000F0EE647AF0EE687AF5EEC08A1346C2ED28
:10D75000007A1833C2ED015AF1EE10FAC2E9053C25
:10D7600040F34D82F4EEC38AF1EE10FA54BFF0EEAE
:10D77000647AF0EE687A85EE237AC2ED157A02F1CA
:10D780006C03C2F86CC0C2ED165A936677EE467A07
:10D79000F5EEC07AF1EE10FA3BDDB7EE006AF4EE7A
:10D7A000C67AF1EE10FA34DA67EE827AFCEEE77AA6
:10D7B00017EE903AF5EE007A936077EE277A77EEDF
:10D7C000E67AF5EEC07AF1EE10FA43DDB7EE007AB4
:10D7D000F4EEC77AF1EE10FA3CDA67EE827A0131A4
:10D7E0001C320329FCEEE77A17EE903A136437D027
:10D7F00007EE901ABEEC017AB8EEE75AF5EE007A21
:10D8000085EE236A76EE277ABBFE466AFBFE676AE0
:10D8100085E70023CEE700BF00803B478096184B8A
:10D820008C140020F0660100407E01007685433FA5
:10D830000BD7A33BE87E01006F12833A0000804FB4
:10D8400078140020904F0100E8190120979B28AD23
:10D8500000000000013100231C3203291364C7D1EA
:10D8600005F5776C5FED067A98E80F008CE80F00FD
:10D870009CED017AB4EEE77AF1EE10FA80F22F8295
:10D8800024EE274AB0EE677A05F57763D3ED027A86
:10D8900083ED017AF5EEC07AF1EE10FAC0F21C8247
:10D8A000B7EE007AF4EE477AF1EE10FA77FE277AB7
:10D8B00005F5776393ED037AC3ED027AB5EEC07A8E
:10D8C000F1EE10FAC0F21782F6EE007AB4EE677A43
:10D8D000F1EE10FA37FE877A05F57763D3ED007A1B
:10D8E00083ED037AF5EEC07AF1EE10FAC0F2CC8146
:10D8F000B3EE047AF4EE477AF1EE10FA77FE277A67
:10D90000E34AB6EE006ADFEDE35A2244D6ED006A40
:10D9100087EEA67AB5EEC07AF1EE10FAC0F2778102
:10D92000B4EEC67AF1EE10FA40F373814FF0004383
:10D93000D6ED156AF36087EEA67AB5EEC07AF1EE01
:10D9400010FAC0F26281B4EEC67AF1EE10FA40F33A
:10D950006E814FF0004333661C369642D6D143F6B3
:10D96000F863F5EEC08A2B44F1EE10FA83ED004A1D
:10D97000C94B0FCB87E80F0007DDDFEDC87AF4EE67
:10D98000E78AF1EE10FA00F1C3819FEDC56ADFED81
:10D99000D17AD5F81C1F04F5B836C24AF0EE006AF9
:10D9A00006F61470DFEDC05A0A44BFEE007AC0EDEF
:10D9B000007AF5EEC08A82EAD23342F00102C6F85C
:10D9C00028BF02FB03F3F1EE10FA83EAD31243F00F
:10D9D0003D0C0CFB023283EA020383EA933307EE29
:10D9E000903AF8EE677A67EEA57AA7EEA67A80ED10
:10D9F000017A07DDDFEDA97AF4EEE78AF1EE10FA9D
:10DA000000F17F81DFEDA66ADFEDB27AA74AF0EE82
:10DA1000005A9FEDA55ABFEE007A0A4406F57361DD
:10DA2000B5EEC06AC1ED007A82EAD233C6F844BFCF
:10DA3000C5F81C2F42F00102F1EE10FA06F604754B
:10DA400002FB03F343F03D0083EAD31200FB0232F2
:10DA500083EA020383EA933307EE903AF8EE677A9B
:10DA600067EE857AA7EEA57A81ED017A97E80F0037
:10DA700085E80F00C0F2E980F6EE007AB4EEE76ABE
:10DA8000F1EE10FA00F34E81B5EEC06AF1EE10FA35
:10DA900040F3DB809FED7F7AF5EEC06AE6EE077A11
:10DAA000F1EE10FAFCEEE77A17EE903AC6F8203F56
:10DAB00080F2D4800023C6F83C3F0CAA00237C4FA0
:10DAC00000921546C6F8243F2744C6F8403FB0EE02
:10DAD000680AC6F81C3FC6F8383F764E0FCE0FC511
:10DAE00096E803001E2349F2D73285E8030007F5C4
:10DAF000EE713846F8F766FDF5EEC08A8AF8F10750
:10DB0000F1EE10FA40F3FA80DFED647AF4EEE78A82
:10DB1000F1EE10FA40F1F28004F57436F423664811
:10DB20000025664F4FF47472CAEDEF8A20442744F3
:10DB3000C6F89030C6F87034F0232946C6F88C0039
:10DB4000C6F89430C6F87434C6F86C740AF0F0FE67
:10DB5000294638464FF47472C6F898500AF0E8FE29
:10DB600057484FF471722946C6F878542044CAF8D1
:10DB7000AC53CAE9E9550AF0DBFE9FED527A002367
:10DB8000FFEE007A28EE870ACAF8B053CAF8B43319
:10DB9000CAF8C8334C4B87EE800ACAF8B85386EDF2
:10DBA000227AC6ED217ACAF8C03308F0C5FBF8EE38
:10DBB0004B5A9FED466AB1EE007A0AF2CC73F6EE4C
:10DBC000006AC5EE867A294693ED006A20468AED02
:10DBD000F10A27EE877AC6EE077A77EEA67AFDEE8F
:10DBE000E77A17EE903A012BB8BF0123CAF8D03775
:10DBF000FEF784FF13B0BDEC088BBDE8F08FF0EEAC
:10DC0000647AB8E5F0EE647A9EE50023A3E600238B
:10DC10008EE6B5EEC07AF1EE10FAF8DDF0EE466A67
:10DC2000E7EE256ABCEEE67A17EE103A80E6B5EE2E
:10DC3000C07AF1EE10FAE8DDF0EE466AE7EE256A0A
:10DC4000BCEEE67A17EE103A85E60023F5EEC06AE0
:10DC5000C6F8203FF1EE10FAFFF62CAFF6EE007A90
:10DC6000F4EEE76AF1EE10FA59DCF5EEC06AF1EE77
:10DC700010FA7FF71FAF9FED077AE6EE877AFCEE8A
:10DC8000E77A17EE903A16E7DFED117A38E600BF33
:10DC9000947E01000000804F3C1400208096184BB9
:10DCA0003EC3AE38F5792B6D0000802FEAF356DACB
:10DCB0004C7F01004C1400209CD003007CD4030056
:10DCC000E0DF03008FC2753D0629643F000070420B
:10DCD0000000000000803B475FED037AE8E5F7EEC7
:10DCE000007AB4EEE77AF1EE10FAD4BF24EE074AD8
:10DCF000B0EE677AC8E51FED0A7AEDE55FED0B8AB5
:10DD00000AE7B1EE007AF0EE687AC7EE286A7DE69F
:10DD1000B1EE007AF0EE687A87EE286A39E64FF0C5
:10DD20000043C8E64FF0004390E700BF2DE9F843F9
:10DD3000224D40F2EE28224C224FDFF8A8902E68A8
:10DD400007F08EFE2378FBB13B78DB071CD52B68F0
:10DD5000D9F800209B1A0E2B16D91B4805F0D6F9CE
:10DD60004D21194805F018FA60219FED180A18484E
:10DD7000FFF7CCFA174B93F8F13793B114211648FB
:10DD8000BDE8F8430BF084B82B6822789B1B2AB1BE
:10DD9000B3F5FA6FE1D807F063FED1E74345FAD94E
:10DDA000DBE734210D4807F0DDFD0D4806F084F86F
:10DDB00014210948BDE8F8430BF06AB8087B052038
:10DDC000537B0520527B05205872052000442C47C8
:10DDD000648A0120646A052000002020406F012031
:10DDE00088790120187B05202DE9F04FDFF800929B
:10DDF0004FF000086D4FDFF8FCB16D4EDFF8F8A171
:10DE00002DED028B9FED6B8A83B073E06A4A52F866
:10DE1000233043B1184601930AF022FE019B0146CC
:10DE2000184607F09FFD0121504607F09BFD63193E
:10DE300007EB83035B7A0A2B00F292805F4A52F869
:10DE4000233043B1184601930AF00AFE019B0146B4
:10DE5000184607F087FD0821594807F083FD63192C
:10DE60000221304607EB830393ED040A0193B7EEDA
:10DE7000C00A06F031F8019B93F90D30002B72D1E6
:10DE80002C4407EB8404E37A032B7CD099F8F03719
:10DE9000002B00F0818007214A4807F063FD4FF412
:10DEA000C852BBF800303046474902FB03F391EDFE
:10DEB000007A012107EE903AB8EE477AF8EEE77A59
:10DEC00067EE887A87EE870AB7EEC00A06F004F894
:10DED00001213E4807F046FD304605F0EDFF3C4B82
:10DEE00042F210701B88ABF8003006F01FFAB8F150
:10DEF000320F56D0414608F101083648FEF7FEFDC4
:10DF000041463046D9F8DC5705F0CAFF012150469A
:10DF1000AC0007F027FD3221304605F0C1FF022199
:10DF20002D4807F01FFD05EB850307EB83035B68B6
:10DF300043B1184601930AF093FD019B0146184630
:10DF400007F010FD0321254807F00CFD631907EBCE
:10DF500083031B7A072B7FF659AF0121204B5FE724
:10DF600001211F4B74E706211E482C44019307F042
:10DF7000F9FC019B07EB84043046194605F090FF3D
:10DF8000E37A032B82D11E21174807F0EBFC99F8A6
:10DF9000F037002B7FF47FAF3421144807F0E2FC08
:10DFA00079E703B0BDEC028BBDE8F08F301E012095
:10DFB000887901200044AC43AC160020D82301200E
:10DFC000486E0120B46E012084790120BC6E0120CE
:10DFD000287B0520648A0120406E0120446E0120C8
:10DFE000386E0120546E01205C6E01207C6E012091
:10DFF000646A05202A7B05203C6E01209FEDD96ACA
:10E00000D0ED006A9FEDD87AC6EE867A2DE9F04110
:10E0100005462DED028BF4EEC77AF1EE10FA77FE8D
:10E02000877AB4EEE70AF1EE10FA0ADBB2EE047A70
:10E03000C6EE877AF4EEC07AF1EE10FA58BFF0EE31
:10E04000407AF5EEC00A05F5005404F50D63F1EED3
:10E0500010FAC3ED007AC0F27B81F7EE007AF4EE9D
:10E06000670AF1EE10FA77FEA00AEA6D04F6D4030F
:10E0700040F20111C3ED000AA4F8D81822B19200B1
:10E080000021A86D0AF054FC002304F6C802002108
:10E090004FF07E506966136004F6E802136004F6E0
:10E0A000EC02136004F6F402136004F60412136029
:10E0B00004F6F802136004F60812136004F6FC027A
:10E0C000136004F60C12136005F52452136004F576
:10E0D0001162136004F61412136004F61812106033
:10E0E00004F61C12136004F513621360D5F8402E79
:10E0F00022B19200D5F83C0E0AF01AFC002600224C
:10E1000004F6981342F62C30C5F8486E05F5805891
:10E11000C4F8946931461A6004F68C13C4F8A469F3
:10E120002844C4F888691A60C0220AF001FCD8F8B3
:10E13000C82A2AB192003146D8F8C40A0AF0F8FB7E
:10E14000AF68002395ED008A4FF0000C3968BFEEF0
:10E15000000AC8F8D03A04F66813844EC3F800C029
:10E1600004F674138819DFF82882C3F800C080EA27
:10E17000D03240F001034144DFED7D8A03FB02F21F
:10E18000DFED7C5A81EAD13341F0010142F03D0ECE
:10E190009FED797A01FB03F382EAD2119FED776A52
:10E1A0000EFB0121DFED766A4A4043F03D0182EA31
:10E1B000923207EE902A83EAD312F8EE677A01FBD7
:10E1C0000232534067EEA87A83EA9333A7EEA57A2A
:10E1D00007EE903A04F67813F8EE677AC3F800C0B9
:10E1E00004F6381367EEA87A27EE087AE7EE866A17
:10E1F00080EE070AC3ED006A386008F09DF83968C0
:10E2000005F52553B5EE006A8A19414483ED000AED
:10E21000F1EE0C5A82EAD2333A6042F00102F2EE99
:10E22000006A02FB03F381EAD13241F0010183EA83
:10E23000D31001FB02F243F03D0101FB00314B40E2
:10E2400042F03D0183EA933307EE903A82EAD2131B
:10E2500001FB0323F8EE677A5A4067EEA87A82EA58
:10E26000923207EE102AF4EEC67AB8EE477AF1EE53
:10E2700010FA27EE287AE7EE256A01D5F1EE666AF4
:10E2800004F65813F7EE008A002104F63C12C3EDA1
:10E29000006A04F64413C2ED008A04F648121960BD
:10E2A00004F65C1311602846C3ED008AFDF7AAFF4F
:10E2B00004F50D62F6EE005A04F6D40392ED005A0E
:10E2C00095ED066AC8EE057A93ED007ADFED2D6ACA
:10E2D000B5EEC06A67EE266A77EEA57AFDEEE77ABC
:10E2E00017EE903A022BB8BF0223F1EE10FA08DBCA
:10E2F000B4EEE86AF1EE10FA2DDDDFED237A66EE7A
:10E30000A76AF6EE007A6A689FED206A04F6AC0010
:10E31000116867EE277AC0ED006A1D4D04F6DC0037
:10E32000C4F8A818F4EEC67A116805FB0311F1EEE3
:10E3300010FA11604FF00002C4F8B03877FE867A08
:10E34000C4F8B428C0ED007ABDEC028BBDE8F081C2
:10E35000DFED100A89E6DFED097AE6EE678A66EE00
:10E36000A86ACEE700405A4400005C42EAF356DA5D
:10E370000000802F0AD7A33C8FC2F53CCDCC4C3F88
:10E380009A99193FCDCC0C3FCCCC4C3E0AD7233CBC
:10E39000F5792B6D000000002DE9F041044615468B
:10E3A0002DED028B002964D1D2E9007607F5A03269
:10E3B000D2F8240F92F82B1FC0B3B9B396FBF1FC2F
:10E3C00001FB0CF39E4205D0002E03DA0CF1FF3C5A
:10E3D00001FB0CF3F31AD2F86C1FC35CD2F8680F80
:10E3E00000FB0C3339335B1A93FBF0F100FB01FCAB
:10E3F000634505D090EA030F02D5013900FB01FC0B
:10E4000007EE901AA3EB0C0302F57361F8EEE77ABE
:10E4100001EB830391ED0C7A93ED000AA7EE870AD6
:10E42000B4EE400AF1EE10FA00F037819FEDA10A38
:10E4300007F57837A04AD7F8DC3703EB830302EB04
:10E44000830393F90D30002B40F31C81013B30EE28
:10E45000000ADAB25BB2002AF8D1D4F8AC25314612
:10E46000D5ED020A2046FBF7FDFEBDEC028BBDE8B0
:10E47000F081012950D1D2E9007607F5A032D2F817
:10E48000240F92F82B1F002800F09581002900F03E
:10E49000928196FBF1FC01FB0CF39E4205D0002E0D
:10E4A00003DA0CF1FF3C01FB0CF3F31AD2F86C1FFA
:10E4B000C35CD2F8680F00FB0C3339335B1A93FB53
:10E4C000F0F100FB01FC634503D090EA030F00F17B
:10E4D000538307EE901AA3EB0C0302F57361F8EE79
:10E4E000E77A01EB830391ED0C7A93ED000AA7EE36
:10E4F000870AB4EE400AF1EE10FA40F05C8102F6B1
:10E500006472DFED707A92ED008A20EE270A07F040
:10E5100087FF28EE000A50E1022940F0D580D2E9B9
:10E52000007607F5A032D2F8240F92F82B1FC0B363
:10E53000B9B396FBF1FC01FB0CF39E4205D0002E13
:10E5400003DA0CF1FF3C01FB0CF3F31AD2F86C1F59
:10E55000C35CD2F8680F00FB0C3339335B1A93FBB2
:10E56000F0F100FB01FC634505D090EA030F02D5F2
:10E57000013900FB01FC07EE901AA3EB0C0302F536
:10E580007361F8EEE77A01EB830391ED0C7A93ED7A
:10E59000000AA7EE870AB4EE400AF1EE10FA00F086
:10E5A000DE829FED440A07F57837434AD7F8DC3717
:10E5B00003EB830302EB830393F90D30002B40F34D
:10E5C0009C81013B30EE000ADAB25BB2002AF8D13E
:10E5D00004F5104144F2B1034CF2A542D5ED020A14
:10E5E000D1F8D8CB23442244344F42F6FC35197875
:10E5F000D8192B44002939D09A42F8D144F2D433A7
:10E600004CF2C87100202E4F2344214442F6FC38BE
:10E610001A4612F8044C02EB070E5CB900F50054E0
:10E62000002800F08483D4F8F44B52F8085CA5422B
:10E6300038BF704642449142EBD1B8B9DFF880E070
:10E6400042F6FC3700F5005403EB0E02002800F000
:10E650008083D4F8F44B53F8085CA54238BF1046C9
:10E660003B449942EED100283FF4FFAE00F5005341
:10E670000122C3F8F06BC3F8F4CB83F8F82BFFF753
:10E68000BDFCF2E63FF4E9AEF6EE007A013320EE8F
:10E69000270A5BB2002BF9D1DFE602F66472DFEDE8
:10E6A000097A92ED008A20EE270A07F0B9FE28EEDB
:10E6B000000ABDE60000C07F301E012027D7FFFF03
:10E6C00004D4FFFF0E745A3A032940F03381D2E993
:10E6D000007607F5A032D2F8240F92F82B1F0028FD
:10E6E00000F02783002900F0248396FBF1FC01FB56
:10E6F0000CF39E4205D0002E03DA0CF1FF3C01FB27
:10E700000CF3F31AD2F86C1FC35CD2F8680F00FB4D
:10E710000C3339335B1A93FBF0F100FB01FC6345CA
:10E7200005D090EA030F02D5013900FB01FC07EE8A
:10E73000901AA3EB0C0302F57361B8EEE77A01EBD4
:10E740008303D1ED0C6AD3ED007AE7EE267AF4EE7E
:10E75000677AF1EE10FA40F0EC8202F664721FED77
:10E76000270A92ED008A27EE800A07F059FE28EE6C
:10E77000000A07F578376A4AD7F8DC3703EB8303DA
:10E7800002EB830393F90D30002B40F3D582013B5C
:10E7900030EE000ADAB25BB2002AF8D104F5204369
:10E7A00049F6DC30D5ED020A3146D3F8C4242044C2
:10E7B000FDF73AFA59E69FED5B0A07F57837584AB4
:10E7C000D7F8DC3703EB830302EB830393F90D30B7
:10E7D000002B40F38780013B30EE000ADAB25BB2D7
:10E7E000002AF8D104F5B66104F5805341F2C870EF
:10E7F000D5ED027AD3F8D4770D4620440A4692F834
:10E80000F945134602F5C162B4B19042F7D1002335
:10E8100091F804264AB9002B00F09982D1F80046FD
:10E82000D3F80026944238BF0B4601F5C1618142FE
:10E83000EED1002B00F07D81F5EEC07A0122C3F805
:10E84000FC65C3F80076F1EE10FA83F804265FDB6E
:10E85000B7EE007AF4EE477AF1EE10FA77FE277AF7
:10E86000D3ED076A03F2F4529FED2F6A40F20111D3
:10E8700080EE267AC2ED007AA3F8F815B4EEC67AD7
:10E88000F1EE10FA47D4DFED296AB4EEE67AF1EE44
:10E8900010FA00F34981B4EEC67A83ED097AF1EEFD
:10E8A00010FA40F38082F7EE006AC6EE877A002203
:10E8B00003F2845103F5BB6003F2D455C3ED0A7A29
:10E8C00000241A62CA620A6301212A60026003F509
:10E8D000B760C3F8EC458260C3F8BC15BDEC028B91
:10E8E000BDE8F0813FF47EAFF6EE007A013320EE12
:10E8F000270A5BB2002BF9D174E73FF469AEF6EE5C
:10E90000007A013320EE270A5BB2002BF9D15FE6D3
:10E91000DFED057AA4E7F0EE467A83ED096AC6E7F3
:10E92000301E01200000C07F0000000048E1FA3ED8
:10E930000E745A3A043900F02B8101297FF495AD09
:10E94000D2E9007607F5A032D2F8240F92F82B1FF7
:10E95000002800F01882002900F0158296FBF1FCD7
:10E9600001FB0CF39E4205D0002E03DA0CF1FF3CB4
:10E9700001FB0CF3F31AD2F86C1FC35CD2F8680FDA
:10E9800000FB0C3339335B1A93FBF0F100FB01FC05
:10E99000634505D090EA030F02D5013900FB01FC65
:10E9A00007EE901AA3EB0C0302F57361F8EEE77A19
:10E9B00001EB8303D1ED0C6A93ED007AA7EEA67A02
:10E9C000B4EE477AF1EE10FA40F0DD8102F664729F
:10E9D0001FED290A92ED008A27EE000A07F020FDBC
:10E9E00028EE000A07F57837654AD7F8DC3703EBDD
:10E9F000830302EB830393F90D30002B40F3B881BE
:10EA0000013B30EE000ADAB25BB2002AF8D14BF2D9
:10EA1000E01104F530434BF29840D5F808C021448A
:10EA2000D3F8A47420440A46D2F8B8401346E8321A
:10EA30003CB38242F8D10A46002392F8E4404CB934
:10EA4000002B00F0AE81D3F8E040D2F8E050A542B0
:10EA500038BF1346E8328242EFD193B90B46E83112
:10EA600081420BD0002BF9D0D1F8E040D3F8E02060
:10EA7000944238BF0B46E8318142F3D1002B3FF47A
:10EA8000F4ACD3ED116A0122C3F8D0C080EE267A2F
:10EA900083F8E42083ED120AC3E93767B5EEC07A44
:10EAA000F1EE10FA40F37981F6EE007AB4EEE77AEF
:10EAB000F1EE10FA00F36A819FED326AE7EE067A12
:10EAC000FCEEE77A17EE902AB5EEC00A5A65F1EE31
:10EAD00010FA40F26081986B30EE000A441E86EE18
:10EAE000807A00F15681596B0022043903E001322B
:10EAF000904200F04E81D1ED017A0431F8EEE77AD0
:10EB0000B4EEE77AF1EE10FAF1DB002100200124E7
:10EB10001A661865D866C3F8AC10C3F8B010C3F80D
:10EB2000BC10C3F8B840A0E4DFED177AC3ED096A62
:10EB3000BDE62B4605F5C165A8420CD0002BF8D0E8
:10EB4000D5F80016D3F80026914238BF2B4605F5BC
:10EB5000C165A842F2D1002B3FF487AC6CE602F607
:10EB60006472DFED0A7A92ED008A20EE270A07F040
:10EB700057FC28EE000A16E5013900FB01FCA8E469
:10EB8000301E01200000804FBC9C02400E745A3A97
:10EB9000D2E9007607F5A032D2F8240F92F82B1FA5
:10EBA000002800F0E280002900F0DF8096FBF1FCF5
:10EBB00001FB0CF39E4205D0002E03DA0CF1FF3C62
:10EBC00001FB0CF3F31AD2F86C1FC35CD2F8680F88
:10EBD00000FB0C3339335B1A93FBF0F100FB01FCB3
:10EBE000634505D090EA030F02D5013900FB01FC13
:10EBF00007EE901AA3EB0C0302F57361F8EEE77AC7
:10EC000001EB8303D1ED0C6A93ED007AA7EEA67AAF
:10EC1000B4EE477AF1EE10FA40F0A78002F6647283
:10EC20001FED260A92ED008A27EE000A07F0F8FB96
:10EC300028EE000A07F578375C4AD7F8DC3703EB93
:10EC4000830302EB830393F90D30002B40F38380A1
:10EC5000013B30EE000ADAB25BB2002AF8D14AF288
:10EC6000C84204F530434BF2D011D5F808C0224415
:10EC7000D3F8DC7121441346D3F8A4011C4603F5F4
:10EC80008B6350B39942F7D11346002493F8540490
:10EC900048B9002C00F08380D4F85004D3F85054C5
:10ECA000854238BF1C4603F58B639942EED1A4B967
:10ECB000144602F58B6291420CD0002CF8D0D2F8A9
:10ECC0005004D4F85034984238BF144602F58B6291
:10ECD0009142F2D1002C3FF4C8AB04F589630121C5
:10ECE00004F24442C4F84C6484F8541404F5DE7011
:10ECF000C4F85074002182ED000A8022C3F800C0DD
:10ED000009F016FE4FF07E5104F54F7304F56F7253
:10ED100043F8041B9A42FBD1002201232046C4F889
:10ED2000A821C4F8A431FAF7A9F9FFF79EBB7046F1
:10ED300080E49FED1F0A1CE53FF430ADF6EE007A4B
:10ED4000013320EE270A5BB2002BF9D126E50B46F2
:10ED50006BE5104684E482D0F6EE007A013320EEB3
:10ED6000270A5BB2002BF9D179E79FED110A61E721
:10ED70003FF44DAEF6EE007A013320EE270A5BB287
:10ED8000002BF9D143E69FED0A0A2BE64FF0004233
:10ED90009AE62246B9E60022B7E6002294E61C462F
:10EDA00081E7134656E6F0EE467A80E5301E0120F4
:10EDB0000000C07F2DE9F04F00F5005499462DED7D
:10EDC000108B94F8D93891B02A9E002B00F06585FD
:10EDD00094F8EC3B05460F469246002B40F0AA857E
:10EDE000D4F88839002B15DDA6EB09029B1A002BFD
:10EDF000C4F8883900F38A870023C4F8883905F5F8
:10EE0000265393ED000A04F50D63284683ED000AAE
:10EE1000FDF7F8F9D5ED06EA95ED099AF5EEC0EAA9
:10EE2000F1EE10FA80F23E85D5ED126ADFED11EABF
:10EE3000F5EEC06AF1EE10FAC0F24485B7EE007A42
:10EE40009FED065AF4EEC76AF1EE10FA40F35987C7
:10EE5000F0EE476ADFED077A00F03ABD9A99193E65
:10EE60000AD7233D000048420000802FEC84173A67
:10EE70009A99993E000000000AD7A33DCDCC4C3EA4
:10EE80006666863F0000804FDB0F4940DB0FC940BC
:10EE900017B7D1381FED0EBA95ED0C7A04F6BC0306
:10EEA0005FED0C4AD3ED006AB4EEE47A95ED13CA37
:10EEB0006BEE266AF1EE10FACDED0B6A80F2E28677
:10EEC0009DED067A67EE246A27EE857AD5ED157AF0
:10EED0001FED195A66EE266AF5EEC07A27EE057A1E
:10EEE000CDED0C6AF1EE10FA8DED0D7AC0F2C6860A
:10EEF000B7EE007AF4EE477AF1EE10FA77FE277A51
:10EF000004F51963D5ED0A8A1FED247AD3ED006A62
:10EF1000F5EEC08A67EEA67ADDED066AF1EE10FA2C
:10EF200067EEA67A67EE877ACDED0F7AC0F2A286F9
:10EF3000F7EE007AF4EE678AF1EE10FA77FEA88A0F
:10EF4000D5ED0F9AF5EEC09AF1EE10FAC0F28E866A
:10EF50005FED3C7AF4EE679AF1EE10FA77FEA99A2B
:10EF6000D5ED0E7AF5EEC07AF1EE10FAC0F27A869F
:10EF7000B3EE047AF4EE477AF1EE10FA77FE277AD0
:10EF800095ED007A04F50F63D5ED10DAC7EE877AB8
:10EF900093ED00EAF5EEC0DAF1EE10FAD8BF5FEDBE
:10EFA0004BDA4E45CDED077A40F3CE8607EB86036C
:10EFB000F0EE4E7A0AEB890AB0EE6EEA029342F660
:10EFC000F40307EB890942F60417EB18F0EE67EA41
:10EFD0002F44D5F804B00493D4F8B038D5F858804D
:10EFE0000193EB6D6E6E009394F8D8381FED62AA12
:10EFF000059305F523531FED63DA5FED63AA1FED5B
:10F0000063FA0393DBF80030FFEE005AF5EEC09A86
:10F0100003F1DA43B0EE006AB0EE65BA03F52D13E2
:10F02000F1EE10FA03F5675303F1350383EAD332A7
:10F03000CBF8003043F0010302FB03F383EAD31261
:10F0400043F03D0101FB023283EA020383EA93337A
:10F0500007EE903AF8EE677A67EE8A7AA7EE86BAFC
:10F0600040F33D8504F6981304F69C12D3ED007A24
:10F0700092ED005A04F51A623BEE676AE5EE067AF5
:10F0800092ED006AD4F8A42907EE102A04F6A8121B
:10F09000B8EEC70A92ED005A27EE866AC3ED007AF1
:10F0A00020EE050AB4EEE56AF1EE10FAC0F27985B9
:10F0B000B7EE008AB4EEC86AF1EE10FA00F3B1853B
:10F0C000F0EE485A5FED947AE6EE275A5FED957AB6
:10F0D000A6EE278AF7EE007AB4EEE70AF1EE10FA10
:10F0E00000F16B855FED9A7A9DED077A67EE277ADE
:10F0F00067EEA57AF5EEC07AF1EE10FA40F38E8550
:10F10000B6EE006AF4EEC67AF1EE10FA00F37285FC
:10F110001FEDA47AA7EE876AFCEEC67A17EE902A56
:10F1200030EE6D0AD4F894391344B5EEC00AC4F831
:10F130009439F1EE10FA40F25985B4EEEA0AF1EE94
:10F1400010FA80F267855FEDB07A089320EE270A07
:10F1500080EE2A0A07F0C8FC089BF7EE007AB6EEAC
:10F16000006A77EEC07A67EE86FA07EE903A29EEEB
:10F17000888A04F6B803B8EE670A5FEDBC7A28EE19
:10F180002F8AD3ED00BA20EE0A0A20EE270A07F0F4
:10F19000A7FB68EE2B7A30EE2A0A67EE8D7A67EECF
:10F1A000807AB5EEC0EAF1EE10FA1CDD04F65C13CD
:10F1B0001FEDC95A93ED006AB4EEC56AF1EE10FA7C
:10F1C00011DD04F6581292ED005A04F516622BEE8A
:10F1D000855A92ED004A26EE046A25EE0D5A83ED1B
:10F1E000006AE6EE457A77EEAB7AB7EE006AF4EEA7
:10F1F000C67AF1EE10FAC0F26D8495ED187AB8EE89
:10F20000476AF4EEC67AF1EE10FA00F3C084BDEE60
:10F21000E77AB8EEC76A17EE102A37EEC66A731E91
:10F220009B1A5A1C01D500990A4408EB8202002B54
:10F2300092ED004AC0F2048408EB830292ED005A7A
:10F240005A1E002B00F0038408EB8202023BD2ED31
:10F25000003A01D5009A1344F0EE045A08EB8303F8
:10F26000F0EE447A04F6C402B7EE083AD3ED002A71
:10F27000039B04F6E401E5EE657AF0EE005AE3EE56
:10F28000A57A75EE635A73EEC43A32EEC44A65EE5F
:10F29000835AB6EE003AE4EE035AE2EEC37AE5EEA4
:10F2A000867AD3ED005A04F6C80367EE867AE3EE59
:10F2B000837AA7EE865A93ED006AD2ED007A04F6BF
:10F2C000E80267EE867A92ED008AE5EE857AD1ED66
:10F2D000005AC3ED007A04F6EC0337EEC88A93EDCA
:10F2E000006AC2ED007A3A46A5EE868A83ED008A6E
:10F2F000049BD3ED007A92ED007AEEEE887AA3ECCF
:10F30000018A9F42E7EE6E7AB0EE678AE2EC017AFC
:10F31000EFD104F6CC03D4F8B428D3ED007A019BE6
:10F3200028EE278A9A42C0F2E283F0EE4FFAB5EE59
:10F33000C0EAF1EE10FA40F38083059B002B00F049
:10F34000098404F6141304F5126293ED006AD2EDF9
:10F35000007A76EE27BAF7EE007AF4EEE7BAF1EE2D
:10F3600010FA40F30684F0EE67BADDED063AC3ED1D
:10F37000007A04F61C1204F6281104F618139FED07
:10F38000E82A92ED003AD1ED002A04F62C113BEE6A
:10F39000434AD3ED007AD1ED001A2CEE822A62EEB8
:10F3A000A77A9FEDD61AA1EE843A9DED0E7AB7EEBC
:10F3B000004AA7EEC24A82ED003AC3ED007A04F695
:10F3C0008C1393ED002A24EE074A9DED0C7AB4EEDF
:10F3D000C12A63EE071AF1EE10FA09DD62EE822A05
:10F3E0009DED0F7AC3ED002A62EE872AE3EE221A22
:10F3F0009DED0D7A04F6441204F6481304F64C1100
:10F4000067EE877A05F52550D3ED002AD1ED000A85
:10F4100004F5156167EE837A92ED003A7BEE626A3D
:10F4200091ED002A3BEE431A04F63C11E2EE262A47
:10F4300091ED002AA0EE813A90ED001A04F65410E6
:10F4400022EE012AD0ED006A81ED002A82ED003A19
:10F4500033EE623AC3ED002A71EEA72A23EE263A74
:10F46000FFEE086AB4EEE63AF1EE10FAC0F2CF838E
:10F47000F7EE086AB4EE663AF1EE10FA36FE833A19
:10F48000F6EE006A04F63813CDED097A93ED001A12
:10F490006CEEA66ADDED0A7A9FED930ACDED081AAF
:10F4A00066EE816A66EE826AB7EE002AA6EE832ACD
:10F4B000F6EE086AE2EE232A72EEC52A9FED8B5A19
:10F4C00032EE855AB5EEC05AF1EE10FA48BFB1EEF1
:10F4D000455AE4EE056AB7EE005A66EEA66A66EE95
:10F4E000A66A85EE26BAF0EE6A6AB4EEC5BAF1EE07
:10F4F00010FAC8BFB0EE45BA9FED7D5AD8BF62EE94
:10F500008B2AE7EE856A66EEA26A26EE800A07F08D
:10F5100065FC04F5136304F634129DED0B7A93ED4C
:10F52000005A92ED004AF0EE456ADDED081ADDED75
:10F53000097ADEEE006AA4EE265AF7EE006AB4EE0F
:10F54000E67A83ED005AF1EE10FAC0F27983D5F82D
:10F55000443E06EE903AB8EE664AB4EEC47AF1EE56
:10F5600010FA00F37683FDEEC76AB8EEE64A16EEAF
:10F57000900A37EE444AD5F8482ED5F840CE531EAF
:10F58000D5F83C1E1B1A581C48BF6044002B01EBE9
:10F590008000D0ED002AC0F24A8301EB830090ED99
:10F5A000002A581E002B00F04983B0EE043A023BBB
:10F5B000F0EE626A01EB800048BF6344B7EE081AC0
:10F5C000D0ED003AE2EE436A01EB8303B0EE003A7D
:10F5D00001EB820193ED000A013281ED005A624590
:10F5E00008BF0022E3EE836AC5F8482E32EE633A84
:10F5F00073EEE23A70EE622A23EE013AB6EE001A9A
:10F60000E0EE416AA2EE813AE3EE046A66EE846AB5
:10F61000E3EE816AA6EE842AF3EE046A27EEA64A98
:10F62000F0EE087AA1EEA74ADFED3A7AA2EE675A29
:10F63000DFED307A24EE0B4A24EE2B4A24EE0E4AFC
:10F64000A5EE274A38EE048A08EB8603B5EEC0CA59
:10F65000013683ED008A009B9E4208BF0026F1EE32
:10F6600010FA6E6640F3F78104F66413F7EE006A51
:10F67000D3ED007AF4EEE67AF1EE10FAC0F2A5824C
:10F6800005F58050D0F8CC3A07EE103AB8EE475A5C
:10F69000F4EEC57AF1EE10FA00F3B082BDEEE77A2F
:10F6A000B8EEC75A17EE10CA37EEC55AD0F8D02AAE
:10F6B000D0F8C41A531EA3EB0C03D0F8C8CA13F138
:10F6C000010E48BFE644002B01EB8E0E9EED002A92
:10F6D000C0F2828201EB830EDEED003A03F1FF3EC1
:10F6E000002B00F081821DE0CDCC8C3F6F12833A5D
:10F6F0003333B33F6C282F3F8FC2F53D17B7D13856
:10F700009A99993ECDCC4C3D9A99193E0AD7A33C83
:10F710006666E63E6666663F00000000CDCC4C3F64
:10F720003333B33EF0EE046A023BF0EE427A01EB73
:10F730008E0E48BF6344B0EE006A9EED003A04F6B8
:10F74000E40EE3EEE67A01EB830373EEC32A01EBEA
:10F750008201F7EE086AD3ED001A013204F668134D
:10F76000F5EEC08A62EEA62A624508BF0022E3EEEB
:10F77000067A04F5176CF6EE006A33EE423A31EE83
:10F78000C22AF1EE10FAE1EEE67AE2EE262AE2EE85
:10F79000857A67EE857AE3EE267AE7EE853A93ED91
:10F7A000005ADCED007A04F66C1C67EE857A9CED5D
:10F7B000005A04F6741CE5EE237A9CED005AC3ED62
:10F7C000007A04F65C13B0EE673AD3ED003A37EEF8
:10F7D000C55A5FED377A04F67813E3EE867ADEEDEC
:10F7E000003A67EE847A93ED004A8CED003AA3EE7E
:10F7F000845A83ED005A04F6CC0393ED004AE4EEFC
:10F80000057AB0EE485AEFEE867AC1ED007AA7EE9F
:10F81000A65AC0F8D02A00F32681D9ED007AD4F890
:10F82000A439E5EE097AB3F1804FE9EC017ADAED1B
:10F83000007AE5EE097AEAEC017A02DA0133C4F8DB
:10F84000A439B5EEC08A04F6DC03D3ED007AF1EEFC
:10F8500010FA48BFB1EE488AF4EEC87AF1EE10FA19
:10F8600005D404F50E6393ED008A27EE888A04F62A
:10F87000DC0383ED008A029B4B457FF4C3AB059903
:10F8800059B904F6DC035FED637A93ED007AB4EEC8
:10F89000E77AF1EE10FA00F1028211B0BDEC108BA4
:10F8A000BDE8F08FF7EE007AD5ED126AF4EE67EA64
:10F8B000F1EE10FAF5EEC06A77FEAEEAF1EE10FA5C
:10F8C000BFF6BCAA1FED6C5AF7EE007AF0EE456A5F
:10F8D00095ED087A1FED706AB4EEC67AF1EE10FA73
:10F8E00034DA67EE867A04F6D4035FED774A1FEDCB
:10F8F000746A93ED007AA7EE246AE6EE267AF5EEB6
:10F90000C07AF1EE10FA2BDBF7EE006AF4EEE67A3D
:10F91000F1EE10FA40F3EC81D5ED07BA5FED887A8D
:10F92000F5EEC0BACDED067AF1EE10FA23DA5FED0E
:10F9300086BA28E0FCF7CEFA002384F8EC3BD4F832
:10F940008839002B3FF750AAFFF764BAB7EE006A78
:10F95000B4EEC67AF1EE10FAD8BF67EE877AC2E746
:10F960005FED987ACDED067AD5ED07BAF5EEC0BA1F
:10F97000F1EE10FADBDBF7EE007AF4EE67BAF1EEA7
:10F9800010FA77FEABBAF6EE007A37EE677AE7EE5A
:10F9900005BAF5EEC0BACDED0ABAF1EE10FA10DBF9
:10F9A000B7EE007AF4EEC7BAF1EE10FA40F38D81AB
:10F9B000F7EE087A1FEDAD6A8DED0E7A8DED0A7ABD
:10F9C00009E0B1EE047A1FEDB06A8DED0E7A1FEDFD
:10F9D000AE7A8DED0A7AD5ED0DCA1FEDB17AF4EE4F
:10F9E000C7CAF1EE10FA1BDADDED066AF0EE47CA7F
:10F9F00026EE875A95ED11BA1FEDBC7AB4EEC7BA60
:10FA0000F1EE10FAFFF646AA1FEDBF7AB4EEC7BAC0
:10FA1000F1EE10FA40F355811FEDC2BAFFF73CBA80
:10FA2000B7EE007AF4EEC7CAF1EE10FA40F3448163
:10FA3000F0EE47CA9DED065ADCE7B0EE4F4A03E60A
:10FA4000009A9A1808EB820292ED005A5A1E009909
:10FA50000A44FFF7F9BBF5EEC08AB0EE485AF1EE62
:10FA600010FA7FF7DAAE42F6AC1342F60C221FED25
:10FA7000D64A2B442A44B3EC016A93ED5F7A934251
:10FA8000D3ED2F7AA6EE057AD3ED776AD3ED175A28
:10FA900067EEC77AE5EEC76AD3ED475AE6EE457AD8
:10FAA000A5EE874AC3ED5F6AC3ED777AE3D15FEDD8
:10FAB000E57AF7EE006A24EE274A5FEDE77A76EE04
:10FAC000E86AA5EE274A64EE287AE6EE857AB0EE7B
:10FAD000675AA2E6B0EE4F6A0122FFF7A0BB04F618
:10FAE000B803DFED9B7AD3ED00BAFFF75ABBD4F829
:10FAF000A8380132B0EE004A03F1DA43FFEE005AB3
:10FB000003F52D1303F56753353383EAD331C4F876
:10FB1000A83843F0010301FB03F304F6AC0191EDB7
:10FB2000006A43F03D01C4F8B42883EAD31201FB14
:10FB30000232534083EA933307EE903AF8EE677A45
:10FB400067EE8A7AE7EE845A65EE86FA38EE2F8AF7
:10FB5000FFF7EDBB04F6141304F6241293ED006ACC
:10FB6000D2ED007A76EE67BAF5EEC0BAF1EE10FA91
:10FB70006AD4F5EEC0BAC3ED00BAF1EE10FA7FF721
:10FB80005CAFDDED067A67EEAB3AFFF7F2BBFDEE58
:10FB9000C67A17EE902AF8EEE77A36EE676AFFF734
:10FBA0003EBBF7EE007A9FED6B8ADFED6B5AB4EE49
:10FBB000E70AF1EE10FA7FF595AA9FED686ADFED8E
:10FBC000687AE0EE067AFFF78FBAB0EE4F5A4FF040
:10FBD000010C05F5805069E503EB0C0E01EB8E0E70
:10FBE000DEED003A03F1FF3EE6449BE5F0EE4FFA0E
:10FBF000FFF7BBBA4FF00042FFF792BAFDEEC57AAD
:10FC000017EE90CAF8EEE77A35EE675A4EE5B0EE99
:10FC1000663A35E4F7EE00FAFFF7A7BA0022FFF7DD
:10FC20007FBA9FED508ADFED505AFFF753BA03EBCE
:10FC30000C0001EB800090ED002A581E6044B4E4F3
:10FC4000B0EE4F4A012096E4B0EE4F4A83ED00FA41
:10FC5000FAE4BDEEC47AF8EEC76A17EE100A34EE85
:10FC6000664A88E4DFED3A7AFFF78AB9DFED389A21
:10FC7000FFF776B9DFED368AFFF762B9DFED347A48
:10FC8000FFF73EB9F7EE006AB4EEE67ADDED066AFC
:10FC9000F1EE10FAD8BF67EE266AFFF715B9D4F86F
:10FCA000B428D4F8B0389A42A8BF84F8D91811B053
:10FCB000BDEC108BBDE8F08F9DED067A2CEE875AD7
:10FCC00098E63BEE0BBAFFF7E7B8B1EE005ADFED6E
:10FCD000274AF1EE046A9FED266A37EE6B7A7BEED7
:10FCE000A77AEBEEC56AA7EE246ACDED0E6A72E63E
:10FCF000F5EE006A9FED1EEAA7EEA6EA8DED06EA94
:10FD000032E677EE667A26EE855AE1E507EE903A1E
:10FD100004F68413F7EE000AF8EEE77AD3ED006AF2
:10FD200004F67C1387EEA67A93ED008A05F5265338
:10FD300093ED000A80EE080A70EEC70A06F040FC58
:10FD400028EE000AFFF75FB894F8D838059396E5D7
:10FD500000000000CDCC4C3F1F856B3F9A99193EA7
:10FD60006666663F9A99993F713D8A3FCDCCCC3DFE
:10FD7000CDCC4C3D2DE9F04F04462DED0A8B87B0DC
:10FD800021BB136842F6D905DFF8A0924AF6CD46AA
:10FD9000DFF890820544D2F804A0994498440644C0
:10FDA000DFF89CB242F6FC372B78002B53D13D4450
:10FDB000AE42F9D104F50044D4F800345344C4F8F9
:10FDC000003407B0BDEC0A8BBDE8F08F012920D1CB
:10FDD000136848F20445DFF8548248F6E046914F34
:10FDE0000544D2F8049098441F44064495F8D8324C
:10FDF000DBBB05F53D75B542F8D104F50044D4F8F8
:10FE0000EC3C4B44C4F8EC3C07B0BDEC0A8BBDE8BD
:10FE1000F08F023932D00129D3D1136849F6082571
:10FE2000DFF8089249F6C0467E4F0544D2F80480B8
:10FE300099441F440644D5F8B830002B40F0DE80CA
:10FE4000E835B542F7D104F51044D4F8CC3C43442E
:10FE5000C4F8CC3CB5E7002305EB0B00424649460D
:10FE6000CDF800A0FEF7A6FFA1E7002328463A46FA
:10FE70004146CDF80090F4F7EFF9BAE748F6A866E6
:10FE800049F6B031DFED689A4118064467489FEDA6
:10FE9000689A8946DFED67AADFED67BA0494D2E974
:10FEA00000320344039203EB820B059356F8144C83
:10FEB0006CB906F58B664E45F8D1049C039A04F59F
:10FEC0001044D4F8043A1344C4F8043A79E7039B85
:10FED00096EDA2AADFED597A002BD6F884822AEE9D
:10FEE00027AAE6DDB7EE08CA059FB7EE00BA06EB13
:10FEF0008805B8F1000FDFED508A21DDB2465AF8CF
:10FF0000043F9AED608ADAED807ADAF8802067EEB5
:10FF1000887A1344CAED607A07EE903ACAF8003046
:10FF2000B8EE670A20EE290A20EE090A06F0D8FC8E
:10FF3000DAED407A554528EE278AE8EE008ADED1D0
:10FF4000013C68EE8A8A032C69D8DFE804F0293C7A
:10FF5000120256ED047A96ED007AE7EEC77AF4EED7
:10FF6000EA7AF1EE10FA52D446ED047A68EEA78AE6
:10FF700005E056ED037A68EEA78A46ED047AD7EDE0
:10FF8000007A77EEA87AE7EC017ABB45D7ED7F7A65
:10FF900077EEA87AC7ED7F7A8BD056F8144CA8E795
:10FFA00056ED047A56ED026A3CEE677AE6EE877A01
:10FFB000F4EECB7AF1EE10FADDDB022306ED04BAA3
:10FFC00046F8143CDBE756ED047A16ED037A16ED9D
:10FFD000016A77EE676AE6EE267A77EEC76AF0EE98
:10FFE000E66AF4EEEA6AF1EE10FABDD50323F0EE0C
:10FFF000477A06ED047A46F8143CB7E70023284612
:02000004600199
:100000003A464946CDF80080F5F73EFA18E7002356
:10001000F0EE6B7A46ED04BA46F8143CA6E768EEBB
:10002000AB8AACE7CCE503000000802FCCE30300F3
:10003000DB0FC94017B7D13800000000F304353F8B
:1000400027D7FFFF2DE9F04F134605462DED108B06
:1000500087B0F9B95E688346126800F57F73DFEDFB
:10006000D49A0492039602930590DBF8F430002BA7
:1000700043D10BF5AA7B029B9B45F6D1059D039AC4
:10008000D5F808341344C5F8083407B0BDEC108B1C
:10009000BDE8F08F012940F0F681126800F20C44AF
:1000A000DFF8149300F61826C24FD3F80480914469
:1000B0001744D4F8E0319A798AB10021CBB212F01A
:1000C000010F01F10101C3EB031306D004EB83031D
:1000D000D3F88830002B40F0F8815208EED104F5B7
:1000E0000174B442E5D1D5F8243A4344C5F8243A22
:1000F00007B0BDEC108BBDE8F08F002EDBED078A5A
:100100009BED049AB5DDDBF83CA10BF15409049B8F
:100110000BF16C08A84DBAF1000F0BF184074FF0FA
:1001200000041D4440F3FE800AF1FF3ADBF8103171
:10013000CBF83CA1013B032B18D8DFE813F05A01A0
:10014000410133010400DBED457A9BED497AE7EE8E
:10015000C77AF4EEE97AF1EE10FA40F19181DFED21
:10016000977A0023CBED457ACBF810314846B6EEAE
:1001700000EAF2F7EBF9B0EE408A4046F2F7E6F912
:10018000384638EE008AF2F7E1F929EE000AF4EE7B
:10019000CE8AA8EE0E0AF1EE10FAB0EE40CA40F197
:1001A0003F819BED2E8AB1EE40AADBED29FAF0EEFD
:1001B000487A9BED2AFAE0EE4E7AAFEEE70A2FEE90
:1001C000000A06F00BFEDBED2BEAF0EE40AA9BEDF9
:1001D00028BAB0EE6E0A06F001FE7AEEC0AAEBEE87
:1001E0002AEAB0EE6E0A06F0F9FDDBED2CDAB0EE8D
:1001F00040DAB0EE6D0A06F0F1FD7DEE406AEBEEFE
:1002000026DAB0EE6D0A06F0E9FDDBED2DAAF0EE80
:1002100040CAB0EE6A0A06F0E1FD3CEEC00AEBEE21
:1002200000AAB0EE6A0A06F0D9FDF0EE40BAB0EED0
:10023000480A06F0D3FD3BEEC00AABEE008AF0EEB2
:10024000487AEAEE0E7AA7EEEFCA2CEE0F0A06F015
:10025000C5FD70EE4D6AB0EE6E0AA6EE8B0A8BED10
:100260002B0A06F0BBFD30EE6C7AB0EE6D0AA7EEFD
:100270000B0A8BED2C0A06F0B1FD30EE6B0AE0EEB6
:100280000BAAB0EE6A0ACBED2DAA06F0A7FDF0EEA0
:1002900040AAB0EE480A06F0A1FDB0EE487A3AEE68
:1002A000C00AA0EE0B7A8BED2E7ADBF8F430013B1E
:1002B000032B00F27981DFE803F05C403B02DBEDC9
:1002C0003E7ADBED426AE7EEE67AF4EEE97AF1EEA9
:1002D00010FA40F1D280DFED397A0023CBED3E7A7F
:1002E000CBF8F430DBED4C5A0134D5ED006A67EE03
:1002F000A57A9BED506AA64267EE877AB0EE667AE1
:10030000A7EE867AA5EC017ADBED516A95ED7F7A4E
:10031000A7EEA67A85ED7F7A3FF4ABAEBAF1000F77
:100320003FF702AF58464FF00F0AF4F7B5FCFDE671
:10033000DBED3F7ACBED3E7AD4E7DBED3E7A9BED09
:100340003F6ADBED415A76EE676AE5EEA67A77EE14
:10035000C66AF0EEE66AF4EEE96AF1EE10FA40F1F0
:100360008C800323F0EE467A8BED3E6ACBF8F430B6
:10037000B8E7F7EE086ADBED3E7ADBED405AB7EE00
:10038000006A76EEE76AE5EEA67AF4EEC67AF1EE5A
:1003900010FA72DB0223F0EE467A8BED3E6ACBF860
:1003A000F4309FE7DBF81831CBF81431DEE600BFFC
:1003B00017B7D138CCE50300CCE303000000000000
:1003C000DBED457ADBED466A9BED486A36EEE77A6F
:1003D000E6EE077A37EEE67AB0EEC77AB4EEE97A5F
:1003E000F1EE10FA4CD50323CBED456ACBF8103172
:1003F000BCE6B7EE087ADBED457A9BED476AF7EE8F
:10040000006A37EE677AE6EE077AF4EEE67AF1EE06
:1004100010FA35DB0223CBED456ACBF81031A5E6A7
:10042000DBED3B6AB0EE005A9BED3A6A70EE664A2D
:10043000DBED357AF0EE665ADBED342A9BED363A89
:100440009BED387AE6EE275ADBED373A64EEA77A71
:100450009BED394AE2EE867AE4EE835A27EE877AFC
:1004600097EE856AD5EE856AA0EE237A8BED3A6A1F
:10047000CBED3B6AA5EE847A17E7CBED3E7A31E708
:10048000CBED457A72E602292DD003295DD11268A1
:1004900041F23474DFF8208141F6D446444F0444DD
:1004A000D3F8049090441744064494F8CC31002BC0
:1004B00042D104F5F074B442F7D105F58055D5F872
:1004C000E03C4B44C5F8E03CDFE5204604F5017410
:1004D00000233A464946CDF80080F2F74BFBB44280
:1004E0007FF4E7ADFFE5126841F22476DFF8C880BB
:1004F00000F628242E4F0644D3F804909044174465
:1005000094F820347BB904F25444B442F8D105F590
:100510008055D5F830374B44C5F8303707B0BDECBF
:10052000108BBDE8F08F002320463A464146CDF8B7
:100530000090F9F783FCE6E7002320463A4641465F
:10054000CDF80090F3F786F9B3E704291CD11268BF
:1005500041F6E444DFF8608042F6FC66144F044440
:10056000D3F8049090441744064494F8F93593B9AD
:1005700004F5C164B442F8D105F50055D5F8083F3B
:100580004B44C5F8083F80E542F60C700539284415
:10059000FFF7F0FB79E5002320463A464146CDF8C7
:1005A0000090F5F77BFAE3E7DFED027A9AE600BF09
:1005B000CCE5030000000000CCE3030038B500F6F2
:1005C000085C86460346D3F8A4511C4603F58B63AA
:1005D0003DB36345F7D1002490F8543443B9002C5F
:1005E00048D0D0F85054D4F850349D4238BF044617
:1005F00000F58B606045EFD19CB974460EF58B6EAB
:10060000E6450CD0002CF8D0DEF85004D4F8503475
:10061000984238BF74460EF58B6EE645F2D104B9A8
:1006200038BD04F5896304F244400125C4F84C1434
:10063000C4F85024002184F85454802280ED000A2C
:1006400004F5DE70C3ED000A08F072F94FF07E5138
:1006500004F54F7304F56F7243F8041B9342FBD10A
:10066000002201232046C4F8A821C4F8A431F8F7D9
:1006700005FD38BD044600F58B606045ACD1BBE795
:1006800070B58446044600F52E7EDCF8B85063460B
:100690000CF1E80C25B3E645F7D1002390F8E450BF
:1006A00045B9002B77D0D3F8E050D0F8E060AE42E7
:1006B00038BF0346E8307045F0D18BB92346E834A3
:1006C000A6450BD0002BF9D0D4F8E050D3F8E000C9
:1006D000854238BF2346E834A645F3D103B970BD3F
:1006E000D3ED116A0120C3ED340A80EE267A83F837
:1006F000E40083ED120AC3E93712B5EEC07AF1EED9
:1007000010FA46DDF6EE007AB4EEE77AF1EE10FA72
:1007100035DC9FED246AE7EE067AFCEEE77A17EE09
:10072000902AB5EEC00A5A65F1EE10FA2FD9986BEF
:1007300030EE000A441E86EE807A11D4596B0022F6
:10074000043902E0013290420AD0D1ED017A04313D
:10075000F8EEE77AB4EEE77AF1EE10FAF2DB14463F
:100760000022002101201C661965D966C3F8AC205F
:10077000C3F8B020C3F8BC20C3F8B80070BDB5EE14
:10078000C00A4FF000425A65F1EE10FACFD80024AB
:10079000E6E70022C5E70346E83070457FF47EAF08
:1007A0008BE700BF0000804F2DE9F04F00F5783552
:1007B0000446D5F8D867734206F00F0103F00F0323
:1007C000084658BF5842002EB4BF06F10F03334607
:1007D0001B115A4203F0030302F0030258BF5342B5
:1007E000002B03F00103B8BF5B42012B2DED048BFE
:1007F00089B071D0704B53F8201011F1630F71D094
:10080000D5F8DC9710F0030F6C4F09EB8903DFED8F
:100810006C8ADFED6C7A4FEA890807EB830348FEA8
:10082000A78ACDED078A5B7ACDE90541002B61D11E
:1008300004F5A033D3F824CF93F82B0FBCF1000FAD
:1008400000F0C081002800F0BD8191FBF0FE00FBAC
:100850000EF2914205D0002903DA0EF1FF3E00FBB3
:100860000EF28A1A1CF80220D3F868CF0CFB0E2275
:1008700002F13900D3F86C2F821A92FBFCF00CFBCA
:1008800000FE724503D09CEA020F00F1DA8607EE03
:10089000900AA2EB0E0203F57360F8EEE77A00EB24
:1008A000820290ED0C7A92ED000AA7EE870AB4EE70
:1008B000400AF1EE10FA40F0858103F66473DFED33
:1008C000437A009193ED008A20EE270A05F0A8FDF7
:1008D000009928EE000A77E1002900F0E8810C2851
:1008E00000F09F850136C5F8D86709B0BDEC048BD0
:1008F000BDE8F08F012B6BD104F5A033D3F8246F42
:1009000093F82B0FC6B3B8B391FBF0FC00FB0CF2CD
:10091000914205D0002903DA0CF1FF3C00FB0CF2F8
:100920008A1AD3F86C0FB25CD3F8686F06FB0C22FE
:100930003932121A92FBF6F006FB00FC624505D034
:1009400096EA020F02D5013806FB00FC07EE900A7A
:10095000A2EB0C0203F57360F8EEE77A00EB82027B
:1009600090ED0C7A92ED000AA7EE870AB4EE400AE9
:10097000F1EE10FA00F055869FED130AC84407EB1C
:10098000880898F90D30002B40F39E83013B30EE30
:10099000000ADAB25BB2002AF8D104F5004347F648
:1009A0009C40F0EE680AD3F838232044F9F7CAF8DF
:1009B000D5F8D86796E700BF54690120301E0120A2
:1009C0006666663F9A99193F0000C07F0E745A3AD6
:1009D000022B40F0178404F5A033D3F824CF93F80A
:1009E0002B0FBCF1000F00F0C286002800F0BF867C
:1009F00091FBF0FE00FB0EF2914205D0002903DAD4
:100A00000EF1FF3E00FB0EF28A1A1CF80220D3F80A
:100A100068CF0CFB0E2202F13900D3F86C2F821A3A
:100A200092FBFCF00CFB00FE724505D09CEA020F25
:100A300002D501380CFB00FE07EE900AA2EB0E0275
:100A400003F57360F8EEE77A00EB820290ED0C7A22
:100A500092ED000AA7EE870AB4EE400AF1EE10FA12
:100A600040F0858603F664735FED287A009193ED7C
:100A7000008A20EE270A05F0D3FC009928EE000A30
:100A8000C84407EB880898F90D30002B40F38286A4
:100A9000013B30EE000ADAB25BB2002AF8D148F22C
:100AA0003C3048F2387C2044A44486460246D2F8C2
:100AB000F470134602F5AA724FB39445F7D10023A0
:100AC00090F850214AB9002B01F03680D0F84C71D3
:100AD000D3F84C21974238BF034600F5AA708445ED
:100AE000EED1A3B973460EF5AA7EF4450CD0002BC7
:100AF000F8D0DEF84C01D3F84C21904238BF734651
:100B00000EF5AA7EF445F2D1002B3FF4EBAEF7EEE2
:100B1000007A04F5004493ED136A0022D4F84447A8
:100B2000012077EEE86AC3F84811C3F84C414FF052
:100B3000000C5C68E6EE667ACF49276883F85001BE
:100B40003944C3F83821C3F834219A65C3ED4C7A8F
:100B500083ED4A0AC3ED4B8A2160C3F88820C3F8AD
:100B6000B820C3F8B420C3F8B020C3F8AC20C3F851
:100B7000E820C3F8EC20C3F8F820C3F8142181EA78
:100B8000D1320143C3F8F400C3F8100101FB02F2B3
:100B90009FEDBA7AC3F83CC182EAD21142F03D001F
:100BA00000FB01214A4082EA923207EE902AF8EED9
:100BB000677A67EE877ABBFE677A77EEC77AC3ED0E
:100BC0001C7A8FE69FEDB90AC84407EB880898F9AC
:100BD0000D30002B61DD013B30EE000ADAB25BB272
:100BE000002AF8D142F684174AF2106CDFF8B0827E
:100BF00004EB070EA444734613F80F2C03EB080014
:100C00003B44B2B39C45F7D172460020DFF8908296
:100C100042F684178A4612F8043C02EB08095BB9D5
:100C200000F50053002800F0CF85D3F87C3952F846
:100C3000081C994238BF48463A449445EBD1514686
:100C4000B8B9DFF85C9242F6841800F500520EEB5A
:100C50000903002800F08F85D2F87C295EF8087C13
:100C6000974238BF1846C644F445EED100283FF4F9
:100C700039AE04F5E04400F500530122F0EE680AB5
:100C8000D4F8984CC3F87819C3F87C4983F88029C4
:100C9000F8F766FDD5F8D86724E6A3D0F6EE007A1B
:100CA000013320EE270A5BB2002BF9D19AE7744B8F
:100CB0002046DFF8F0A10E460093FBF7BDFCDFF8FD
:100CC000E8B1A2446F4BA946A344DFED6F8AE31855
:100CD000DFED6E9A9FED6E9A6E4F0393D9F8DC5755
:100CE00005EB85034FEA850807EB83035B7A002B4E
:100CF00040F0E08004F5A032D2F8240F92F82BCF18
:100D0000002800F0D781BCF1000F00F0D38196FBE2
:100D1000FCF10CFB01F39E4202D0002EC0F21D85B7
:100D2000F31AC35CD2F8680F00FB013303F13901F9
:100D3000D2F86C3FCB1A93FBF0F100FB01FC63454A
:100D400003D090EA030F00F10D8507EE901AA3EB94
:100D50000C0302F57361F8EEE77A01EB830391ED82
:100D60000C7A93ED000AA7EE870AB4EE400AF1EE82
:100D700010FA40F09F8102F66472DFED477A92ED3F
:100D8000008A20EE270A05F04BFB28EE000A4544B6
:100D900007EB850595F90D30002B40F38081013B71
:100DA00030EE000ADAB25BB2002AF8D104F5E04373
:100DB00042F6841EDFF8E880D3F898CC04EB0E02EC
:100DC0004AF210631146234411F80F5C01EB08004E
:100DD0007144002D38D08B42F6D111460020DFF847
:100DE000C08042F6841ECDE9016211F8046C01EB6B
:100DF00008055EB900F50056002800F0F584D6F825
:100E00007C6951F8082CB24238BF284671448B42A5
:100E1000EBD1DDE90162B8B9DFF884E042F684186D
:100E2000019400F5005502EB0E01002800F0BE848D
:100E3000D5F87C5952F8084CAC4238BF08464244B9
:100E40009342EED1019C60B100F500530122DFED29
:100E5000130AC3F87CC9C3F8786983F88029F8F7C6
:100E60007FFC4AF8046FD34500F02781009B53F8BC
:100E7000046F009332E700BFF5792B6D0000802FDF
:100E800094690120504C01000000000048E1FA3E46
:100E90000000DC42301E01200E745A3A52B81E3F48
:100EA0007CD6FFFFDCE70300E8E703000000C07F1B
:100EB000CDCCCC3E012B40F0128104F5A032D2F80B
:100EC000240F92F82BCFD0B3BCF1000F37D096FB94
:100ED000FCF10CFB01F39E4204D0002E02DA013932
:100EE0000CFB01F3F31AC35CD2F8680F00FB01336B
:100EF00003F13901D2F86C3FCB1A93FBF0F100FB00
:100F000001FC634505D090EA030F02D5013900FBCF
:100F100001FC07EE901AA3EB0C0302F57361F8EEE7
:100F2000E77A01EB830391ED0C7A93ED000AA7EECB
:100F3000870AB4EE400AF1EE10FA00F000841FEDCB
:100F4000250A454407EB850595F90D30002B40F344
:100F50003A81013B30EE000ADAB25BB2002AF8D1E6
:100F600004F5004347F69C4ED3F838C3A64448F234
:100F70002C3370467246234492F81912154602F536
:100F80000C7249B39342F7D100259EF82C224AB93E
:100F9000002D00F04D85DEF82812D5F82822914268
:100FA00038BF75460EF50C7E9E45EED1A5B90546B7
:100FB00000F50C7083420CD0002DF8D0D0F8281228
:100FC000D5F82822914238BF054600F50C708342BF
:100FD000F2D1002D3FF445AFF3EE047A012395EDF5
:100FE000008AC5F828C2B4EEE70AC5F8246285F87D
:100FF0002C32F1EE10FA0ADB5FED537A68EE277AB5
:10100000F4EEC07AF1EE10FA58BFF0EE407A734B6E
:10101000C0220021C5ED847AC5F8143240F20113D4
:1010200005F59E70A5F8183207F082FC2846F3F704
:10103000A1FAD5ED050AF5EEC00AF1EE10FA80F23C
:101040000583DFED670A9FED670A05F0B9FADFED6A
:10105000667A00239FED657A20EE270A9FED646A89
:10106000F6EE007AC5F804325C4BE8EE007AC5F87B
:101070001C32FDEEE77A17EE903A022BB8BF02233E
:1010800007EE903AC5F80032F8EEE77AC7EE276A25
:1010900086EE277AC5ED826A85ED837AE1E63FF434
:1010A00085AEF6EE007A013320EE270A5BB2002B04
:1010B000F9D17BE69FED4F0A69E603234D46D9F847
:1010C000D867C9F8EC370DE43FF467ACF6EE007A68
:1010D000013320EE270A5BB2002BF9D15DE4022B2D
:1010E00000F0A681032B40F0828304F5A032D2F8F1
:1010F000240F92F82BCF002800F08084BCF1000F61
:1011000000F07C8496FBFCF10CFB01F39E4204D0C2
:10111000002E02DA01390CFB01F3F31AC35CD2F89A
:10112000680F00FB013303F13901D2F86C3FCB1A91
:1011300093FBF0F100FB01FC634505D090EA030F3F
:1011400002D5013900FB01FC07EE901AA3EB0C035A
:1011500002F57361B8EEE77A01EB8303D1ED0C6A17
:10116000D3ED007AE7EE267AF4EE677AF1EE10FA24
:1011700040F0448402F664729FED200A92ED008AEA
:1011800027EE800A05F04CF928EE000A08EB05036B
:1011900007EB830393F90D30002B40F32084013BD0
:1011A00030EE000ADAB25BB2002AF8D104F500434F
:1011B00048F24870DFED100A3146D3F8602D204424
:1011C000F8F78CFD4DE63FF4CBAEF6EE007A013336
:1011D00020EE270A5BB2002BF9D1C1E652B81E3FC0
:1011E00000000000CDCCCC3D6F12833B52B89E3F37
:1011F000DB0FC9400000C07F52B81E3F0E745A3A40
:101200000000DC42032B00F02A82042B40F0FA831A
:1012100004F5A033D3F824CF93F82B0FBCF1000FC3
:1012200000F07B84002800F0788491FBF0FE00FB46
:101230000EF2914205D0002903DA0EF1FF3E00FBC9
:101240000EF28A1A1CF80220D3F868CF0CFB0E228B
:1012500002F13900D3F86C2F821A92FBFCF00CFBE0
:1012600000FE724505D09CEA020F02D501380CFB46
:1012700000FE07EE900AA2EB0E0203F57360F8EE93
:10128000E77A00EB8202D0ED0C6A92ED007AA7EECD
:10129000A67AB4EE477AF1EE10FA40F03E8403F6F7
:1012A00064731FED2A0A009193ED008A27EE000A6D
:1012B00005F0B6F8009928EE000AC84407EB880745
:1012C00097F90D30002B40F3A883013B30EE000A64
:1012D000DAB25BB2002AF8D148F6645249F6602CC3
:1012E0002244A444134693F820041F4603F25443B7
:1012F00050B39C45F7D1964600279EF850344BB921
:10130000002F00F0AD85DEF84C04D7F84C3498423D
:1013100038BF77460EF2544EF445EED1A7B91746C2
:1013200002F2544294450CD0002FF8D0D2F84C046D
:10133000D7F84C34984238BF174602F254429445CD
:10134000F2D1002F3FF4CEAA5FED537A04F510449A
:10135000012297ED007AB4EEE70AD4F86C3AC7F8A8
:10136000481487F85024F1EE10FAC7F84C34C0F254
:10137000ED84F2EE086AC7EE267AF4EEC07AF1EE5A
:1013800010FA40F1628537EEA78AF5EEC08A07F5BC
:101390008363C3ED007AF1EE10FAC0F2C884F7EE71
:1013A000007AF4EE678AF1EE10FA77FEA88A07F267
:1013B0001C43FA69C3ED008A32B192000021B8697A
:1013C00007F0B6FA97ED007AC7EE087A00230021FD
:1013D00007F2144207F58260D5F8D8677962136086
:1013E0000122F7EE086AC7F8FC33B7EE007AC7F8B7
:1013F000F82377EEE67AF4EE477AF1EE10FA48BF7A
:10140000F0EE477AC0ED007AC7F8381407F23C4195
:101410000B6007F22443D94987F820241960FFF7AD
:1014200061BA2046FBF708F9D5F8D867FFF75ABA32
:1014300004F5A032D2F8240F92F82BCF002800F048
:10144000C681BCF1000F00F0C28196FBFCF10CFBE1
:1014500001F39E4204D0002E02DA01390CFB01F3A5
:10146000F31AC35CD2F8680F00FB013303F13901B2
:10147000D2F86C3FCB1A93FBF0F100FB01FC634503
:1014800005D090EA030F02D5013900FB01FC07EEFD
:10149000901AA3EB0C0302F57361B8EEE77A01EB47
:1014A0008303D1ED0C6AD3ED007AE7EE267AF4EEF1
:1014B000677AF1EE10FA40F08A8102F664729FEDCD
:1014C000B40A92ED008A27EE800A04F0A9FF28EE04
:1014D000000A454407EB850595F90D30002B40F3D4
:1014E0006881013B30EE000ADAB25BB2002AF8D123
:1014F00048F23C3E04F5004348F23870A644D3F865
:1015000044C7204475467246D2F8F410134602F5DB
:10151000AA7249B39042F7D100239EF850214AB9EC
:10152000002B00F00F83DEF84C11D3F84C219142D0
:1015300038BF73460EF5AA7E8645EED1A3B92B4679
:1015400005F5AA75A8420CD0002BF8D0D5F84C119F
:10155000D3F84C21914238BF2B4605F5AA75A84215
:10156000F2D1002B3FF47DAC5868F7EE007A93ED92
:10157000136A01220168DFED826A01F1DA41814DCF
:10158000E6EE667A83F8502101F52D11C3F84CC1BF
:10159000C3F8486101F5675183ED4A0AC3ED4E8AED
:1015A0003531C3ED4D8AC3ED4C7AC3ED168AC3F8CD
:1015B0002C510160C3F8F420C3F8102181EAD13224
:1015C00041F001019FED707AC3ED228A01FB02F226
:1015D0000021C3ED2E8A42F03D00C3F83C1182EA9F
:1015E000D211C3ED2D8AC3ED2C8A00FB0121C3ED7E
:1015F0002B8A4A40C3ED3A8AC3ED3B8A82EA923293
:10160000C3ED3E8AC3ED458A07EE902AF8EE677A6D
:1016100067EE877ABBFE677A77EEC77AC3ED1C7AEE
:101620001FE403F66473DFED5A7A009193ED008AAC
:1016300020EE270A04F0F4FE009928EE000AFFF7D6
:101640009DB901380CFB00FEFFF721B9F7EE007AD7
:10165000F4EE670AF1EE10FA77FEA00AF3E404F55F
:10166000A033D3F8246F93F82B0F002E00F0C38122
:10167000002800F0C08191FBF0FC00FB0CF29142CD
:1016800005D0002903DA0CF1FF3C00FB0CF28A1AAA
:10169000D3F86C0FB25CD3F8686F06FB0C223932BA
:1016A000121A92FBF6F006FB00FC624505D096EAA2
:1016B000020F02D5013806FB00FC07EE900AA2EBF0
:1016C0000C0203F57360B8EEE77A00EB8202D0ED0E
:1016D0000C6AD2ED007AE7EE267AF4EE677AF1EE44
:1016E00010FA40F0888103F664739FED290A009197
:1016F00093ED008A27EE800A04F092FE009928EE0E
:10170000000A08EB090307EB830393F90D30002B64
:1017100060DD013B30EE000ADAB25BB2002AF8D19C
:1017200004F5004348F24870F0EE680AD3F8602DE3
:101730002044F8F7D3FAD5F8D867FFF7D3B802F604
:101740006472DFED137A92ED008A20EE270A04F02E
:1017500067FE28EE000AFFF7F4BB01390CFB01F32A
:10176000FFF7DEBA013900FB01FCFFF7EEBA9FED8F
:10177000070AFFF785B91846FFF775BA0AD7233C61
:101780005C8FC23E52B81E3F0000802F0000C07F19
:101790000E745A3A3FF483A9F6EE007A013320EE34
:1017A000270A5BB2002BF9D1FFF779B90846FFF79A
:1017B00046BB3FF49DAEF6EE007A013320EE270AD9
:1017C0005BB2002BF9D193E64846FFF735BA1FED1F
:1017D000110A7EE6A4D0F6EE007A013320EE270A45
:1017E0005BB2002BF9D19BE72846FFF70FBB042B18
:1017F00040F0218104F5A032D2F8240F92F82BCFCB
:10180000002800F09C81BCF1000F00F0988196FB4D
:10181000FCF10CFB01F39E4204D0002E02DA0139E8
:101820000CFB01F3F31AC35CD2F8680F00FB013321
:1018300003F13901D2F86C3FCB1A93FBF0F100FBB6
:1018400001FC634505D090EA030F02D5013900FB86
:1018500001FC07EE901AA3EB0C0302F57361F8EE9E
:10186000E77A01EB8303D1ED0C6A93ED007AA7EEE2
:10187000A67AB4EE477AF1EE10FA40F0608102F6F3
:1018800064721FED3D0A92ED008A27EE000A04F013
:10189000C7FD28EE000A08EB050307EB830393F965
:1018A0000D30002B40F33D81013B30EE000ADAB2EF
:1018B0005BB2002AF8D104F5104348F6645ED3F811
:1018C0006CCAA64449F6602370467246234492F8D7
:1018D0002014154602F2544249B39342F7D1002531
:1018E0009EF850244AB9002D00F0D382DEF84C1443
:1018F000D5F84C24914238BF75460EF2544E9E45A1
:10190000EED1A5B9054600F2544083420CD0002D1B
:10191000F8D0D0F84C14D5F84C24914238BF054685
:1019200000F254408342F2D1002D3FF49AAAB4EE63
:10193000C90A012395ED007AC5F84CC4F1EE10FAFE
:10194000C5F8486485F85034C0F20782F2EE086AA0
:10195000C7EE267AF4EEC07AF1EE10FA40F17B82FF
:1019600037EEA78A05F58363774AC3ED007A05F25F
:101970001C431A60EA6932B192000021A86906F09E
:10198000D7FF95ED007AC7EE087A002205F21441E0
:1019900001236A62C1ED008A05F58261C5F8F8335A
:1019A000F7EE086AC5EDFF8AB7EE007A77EEE67AC1
:1019B000F4EE477AF1EE10FA48BFF0EE477AC1ED47
:1019C000007AC5F8382405F23C4205F22445C2ED00
:1019D000008A05F8043C5D4B2B60FFF742BA3FF4E8
:1019E000E5ABF6EE007A013320EE270A5BB2002B5E
:1019F000F9D1FFF7DBBB9FED560A82E69FED540A53
:101A0000FFF7C4BB49F6702005AA591F2044FCF714
:101A1000C3FCD5F8D867FEF765BF3FF45DACF6EEC2
:101A2000007A013320EE270A5BB2002BF9D153E490
:101A30007546FFF7B7BA052B40F0908004F5A03249
:101A4000D2F824CF92F82B3FBCF1000F00F0828136
:101A5000002B00F07F8196FBF3F103FB01F086423F
:101A600004D0002E02DA013903FB01F0301A1CF811
:101A70000030D2F8680F00FB013303F13901D2F8CE
:101A80006C3FCB1A93FBF0F100FB01FC634505D0E2
:101A900090EA030F02D5013900FB01FC07EE901A12
:101AA000A3EB0C0302F57361F8EEE77A01EB830315
:101AB000D1ED0C6A93ED007AA7EEA67AB4EE477AE0
:101AC000F1EE10FA40F0468102F664729FED220AB0
:101AD00092ED008A27EE000A04F0A2FC28EE000A2C
:101AE00008EB050307EB830393F90D30002B40F35C
:101AF0002281013B30EE000ADAB25BB2002AF8D153
:101B000004F5204349F67020DFED120A3146DA6908
:101B10002044F8F7A7FBFFF7A4B99FED0D0AFFF7E4
:101B2000CCBB3FF4C8AEF6EE007A013320EE270AB4
:101B30005BB2002BF9D1BEE60346FEF7CEBF9FEDA8
:101B4000040AA8E67346F5E452B81E3F0AD7233CC0
:101B50000000C07F52B81E3F0E745A3A062B40F068
:101B6000018104F5A032D2F8240F92F82BCF00287F
:101B700000F07981BCF1000F00F0758196FBFCF15B
:101B80000CFB01F39E4204D0002E02DA01390CFB5B
:101B900001F3F31AC35CD2F8680F00FB013303F1C1
:101BA0003901D2F86C3FCB1A93FBF0F100FB01FC3A
:101BB000634505D090EA030F02D5013900FB01FC13
:101BC00007EE901AA3EB0C0302F57361F8EEE77AC7
:101BD00001EB8303D1ED0C6A93ED007AA7EEA67AB0
:101BE000B4EE477AF1EE10FA40F03D8102F66472ED
:101BF0001FED270A92ED008A27EE000A04F010FC80
:101C000028EE000A08EB050307EB830393F90D3078
:101C1000002B40F30F81013B30EE000ADAB25BB2D9
:101C2000002AF8D14AF2200004F530434BF238255F
:101C30002044D3F844C22544024692F8F9151346CD
:101C400002F5C16251B39542F7D1864600239EF852
:101C500004264AB9002B00F03D81DEF80016D3F8C7
:101C60000026914238BF73460EF5C16E7545EED120
:101C7000A3B9034600F5C16085420CD0002BF8D013
:101C8000D0F80016D3F80026914238BF034600F57D
:101C9000C1608542F2D1002B3FF4E3A893ED077AAF
:101CA00001229949C0EE077A83F8042603F2F45220
:101CB000C3F800C6C3F8FC65116040F20112A3F836
:101CC000F825F5EEC07AF1EE10FA00F1E480F4EEBA
:101CD000E97AF1EE10FA00F3E380F5EEC07AC3ED95
:101CE000097AF1EE10FA40F30C81F7EE006A86EE05
:101CF000A77A03F2845283ED0A7AC3ED088AC2ED13
:101D00000B8AC2ED0C8A03F2D452C2ED008A03F5AD
:101D1000BB62C2ED008A0022C3F8EC2503F5B7626E
:101D2000C2ED028A0122C3F8BC25FFF79AB8DFEDA5
:101D3000778AFFF73CBB3FF4E3AEF6EE007A01335F
:101D400020EE270A5BB2002BF9D1D9E69FED708A0D
:101D5000FFF71BBB9FED6F0AC2E6F0EE497A9FEDDD
:101D60006C8AFFE5072B40F0818031462046F5F76D
:101D7000F5FE04F59833684A42F6FC31D3F848364C
:101D80002244664D01934DF62133234493F800C05D
:101D900058190B44BCF1000F3CD09A42F6D14DF6D5
:101DA00044635F4D0020DFF888812344254442F6D8
:101DB000FC3E1946029311F8042C01EB080C5AB9A9
:101DC00000F50052002800F08980D2F8F42B51F879
:101DD000083C934238BF604671448D42EBD1029B70
:101DE000C0B9DFF84CC142F6FC38A64600F50051F8
:101DF00003EB0C0200286FD0D1F8F41B53F8084C09
:101E00008C4238BF104643449D42EFD174460028AF
:101E10003FF427A800F50053019ADFED420AC3F80A
:101E2000F42B0122C3F8F06B83F8F82BFCF7E6F8EB
:101E3000FFF717B83FF4F6AEF6EE007A013320EE66
:101E4000270A5BB2002BF9D1ECE630EE008AF0EE07
:101E5000407AFFF79ABA30EE008AF0EE407A81E5D8
:101E60007746FFF757BA9FED2B0ACBE6082B1CD11C
:101E700031462046F5F772FE04F598332A4831467C
:101E8000DFED280AD3F8342F2044F9F7CDFEFEF712
:101E9000E8BF754631E5B0EE687AC3ED098A28E7F8
:101EA000F0EE697AC3ED099A1FE7093B18D0012BC0
:101EB0007EF4D7AF31462046F5F750FE04F5A03347
:101EC000DFED180A3146D3F8142F0398FEF7D8FB3C
:101ED000FEF7C7BF7346C7E6104694E760467BE748
:101EE00031462046F5F73AFE04F5A0330F48314657
:101EF000DFED0C0AD3F84C2C2044FEF75FFBFEF715
:101F0000B0BFB0EE687AF4E652B81E3F00000000A1
:101F100000005C430000C07F155F010027D7FFFF72
:101F20003862010052B81E3F4C360100383F0100B4
:101F300004D4FFFF2DE9F04F2DED108B9BB0CDE9C0
:101F40000F12349908938B42059080F2848600F535
:101F5000783203468149D2F8D4570B449FED868AE4
:101F6000002D0E92169340F3AE80349B089A9B1A74
:101F7000802BA8BF8023AB42A8BF2B46002B9A46DC
:101F80000DDD059C9A00764800210292204406F05F
:101F9000CFFC7448029A0021204406F0C9FC0E9B35
:101FA000D3F8DC27059B0C92CDE9183A02EB8203AB
:101FB00092000D926C4A02EB83035B7A0293002B32
:101FC00040F08A80059B42F68412654C47F68C4BA4
:101FD000B7EE003ADFED651A1C44F0EE043A1A44FD
:101FE0009B441E4604EB8A0812F80F3C002B40F07D
:101FF0009E8042F684131E441A44B345F4D1059BD7
:1020000003F5E042D2F8983C5344C2F8983CDDE92D
:102010000C231344544A02EB8303DB7A012B00F0B8
:102020007383022B00F03C82042B0BD1059B4D4A9D
:102030004B494F481A441944CDF800A018440023D6
:10204000F4F762FEBAF1000F25DD454C059B1C44F8
:10205000DDE90C231344444A02EB83030F9A93ED0A
:10206000047A089B02EB8301109A02EB830200239F
:10207000F4EC016A0133D1ED007A9A45E7EE267A55
:10208000E1EC017AD2ED007AD4ED7F6AE7EE267AB0
:10209000E2EC017AECDC089B16980AEB0304DDE91C
:1020A0000F120094F7F7EEF90E9AD2F8D437A3EB9B
:1020B0000A05349B9C42C2F8D45780F2CC85002D8F
:1020C00008943FF752AF0598FEF76EFB0E9BD3F8CE
:1020D000D057C3F8D45748E7029B012B40F010813A
:1020E000059B48F22C321E4C47F69C45B0EE009AF8
:1020F0009FED1EBA1C441D441344DFED1E8A04EB01
:102100008A0203940293144695F81932002B40F08A
:10211000018105F50C75029BAB42F5D1059B03F5DA
:102120000042D2F838335344C2F838336FE7BAF17B
:10213000000F96ED064A40F3D280059BB0EE002AD0
:10214000084FF6EE004AF7EE082AF06952F838EC2C
:102150002546D6F820C0DF19B16AA0E084D003007C
:10216000CCE30300CCE50300301E012017B7D138C3
:102170004C7F01000000802F0000000096ED097ADE
:10218000F8EE476AF4EEE67AF1EE10FA00F39E807C
:10219000BDEEE77AF8EEC76A17EE109A77EEE66AB8
:1021A0004B1EA3EB090313F1010948BFE144002BC7
:1021B00000EB8909D9ED007A7EDB00EB830999ED0C
:1021C000005A03F1FF39002B7ED0B0EE677A023B54
:1021D00000EB890912ED099A48BF634412ED0B0A1E
:1021E000A5EE637A99ED001A00EB830335EE416AA0
:1021F000D3ED000A71EE678A52F8343C70EEE75A6C
:1022000052ED0A7AA1EE027A734526EE226A12EDA9
:10221000081A67EE897AA5EEA46AA0EEE47AA6EE23
:10222000267A27EE267AA8EEA47AA7EE265AE0EEC2
:10223000057A42ED097A67EE817A0ADA03F27A3991
:10224000013306EB890942F8343C99ED017A77EEC7
:10225000877A00EB81030131B0EEE77A614508BF70
:102260000021C3ED007AB162D5ED006AE4EE276A81
:10227000E5EC016AD7ED006AE4EE276AE7EC016A53
:1022800052ED067AB4EEE77AF1EE10FA03DC12EDC5
:10229000057A27EE877AA84502ED067A21D052ED1D
:1022A0000C7AF4EEC37AF1EE10FABFF667AFF0EEF7
:1022B000486A4FF0010973E70CEB030900EB890949
:1022C00099ED005A03F1FF39E1447EE7FDEEE67A2D
:1022D00017EE909AF8EEE77A76EEE76A60E712ED8D
:1022E000067AB4EEE17AF1EE10FA7FF582AE52E9A9
:1022F0000E319942FFF67DAE029B02F80F3C78E664
:10230000029B48F23C3018AA991E059B1844FDF721
:1023100099FE7CE6BAF1000FD5ED06BAD5F8FC912E
:1023200040F39E8405F11C0BFFEE00AAB5EE00AA57
:10233000D5F80082B7EE00CA039FF6EE009A0BEBC9
:102340008906CDF810A0D5F804A2C24554DBB9F136
:10235000000FF0EE484A40F394801FED797A5B4617
:10236000F3EC015AD3ED5F7A9E4293ED175AD3ED09
:10237000476A67EEC57A93ED2F6AC3ED5F6AE5EEB3
:10238000A67AE6EE247A37EE277AC3ED477AE7D1CC
:10239000B5EEC07AD7ED006AD7ED807AEBEE876AAA
:1023A000EBEE877AF1EE10FA48BFB1EE477AC7ED4F
:1023B000006AC7ED807AD5ED877AF4EEC77AF1EE40
:1023C00010FA03D495ED887A27EE877A043785EDE5
:1023D000877ABC42B7D1DDF810A0B4EECB7AF1EE2B
:1023E00010FA7FF596AED5E980319942FFF691AEAD
:1023F000002385F819328CE607EE90AAB8EEE70ABA
:10240000D5ED837A20EE270A04F06EFB69680AF1A5
:10241000010295ED827A0B68F0EE6A6A7CEE404A22
:10242000B9F1000F03F1DA4303F52D1364EEA94A65
:1024300003F5675303F135030B60C5F8042283EA03
:10244000D33243F0010302FB03F383EAD31243F0D8
:102450003D0101FB023283EA020383EA933307EE74
:10246000903AF8EE677A67EEA87AE7EE896AF0EEBE
:102470004C7AE6EE8A7A64EEA74A64EE874A3FF722
:102480006CAFD7ED006AD7ED807AEBEE886A1FED6E
:10249000C67AEBEE887AC7ED006AC7ED807A8AE7E4
:1024A000059BB6EE00BABAF1000F03F5B83505F694
:1024B000047393ED01AA2AEE0BAA7FF7ECAD059BFE
:1024C00005F614728D4CB7EE009AD5F8209FF0EE09
:1024D00000AA1C44D5F83C7FD5F8243F04EB8A0BB6
:1024E0002646CDF80CA00494DA464C46DFED849ADB
:1024F000B946DFED848AD5F8408F9B461746D5F85C
:102500001C3F07EE903AB8EE670A20EE290ABBF1AD
:10251000040F00F2B283DFE80BF0C1D5CCE6030074
:10252000D7ED017A79EE677A67EE8A7A1B19C5F8DA
:102530001C3F26D3D5F8280F18B30368FFEE006AB6
:1025400003F1DA4303F52D1303F5675335330360C5
:1025500083EAD33043F0010300FB03F383EAD31093
:1025600043F03D0C0CFB0030434083EA933307EE0D
:10257000103AB8EE477A27EE297AE7EE2A6AC7EDD5
:10258000016A79EE677A96ED007AD5F8383F67EE02
:10259000877AE6EC017A07EE903AB8EE670A20EE09
:1025A000290AB8F1040F00F26583DFE808F06C5BDC
:1025B0005248030005F57360D0ED017A79EE677A31
:1025C00067EE8A7A13EB0903C5F8383F29D3D5F8AB
:1025D000440F30B30368FFEE006A03F1DA4303F5FA
:1025E0002D1303F567533533036083EAD33043F08B
:1025F000010300FB03F305F5736083EAD31C43F08A
:102600003D0E0EFB0C3C83EA0C0383EA933307EE8A
:10261000103AB8EE477A27EE297AE7EE2A6AC0ED3B
:10262000016A79EE677A96ED7F7AB24567EE277A8E
:10263000C6ED7F7A7FF463AFDDE903A408E5B4EE6D
:10264000CB0AF1EE10FA4CBF6AEE087A7AEE0A7AFB
:10265000B8E7FFEE007AE0EE2A7A79EE677A67EE65
:102660008A7AAFE7B4EECB0AB1EE007AF1EE10FA57
:1026700040F1DF82FFEE007AE0EE077A79EE677ACA
:1026800067EE8A7A9EE720EE280A029304F028F982
:1026900079EE407A029B67EE8A7A93E720EE280A69
:1026A000029304F01DF979EE407A029B67EE8A7A74
:1026B0003CE7FFEE007AE0EE2A7A79EE677A67EE81
:1026C0008A7A33E7B4EECB0AB1EE007AF1EE10FA73
:1026D00040F1B882FFEE007AE0EE077A79EE677A91
:1026E00067EE8A7A22E7B4EECB0AF1EE10FA4CBF1D
:1026F0006AEE087A7AEE0A7A18E700BFCCE30300A4
:102700000000802FDB0FC940059AB7EE00EAB0EE5B
:10271000087ABAF1000F02F5A03000F57763D3ED27
:10272000027A93ED03FAC7EE87EA3EEE67EA7FF797
:10273000B2AC8E4902F5B039DFF8488203F5005398
:102740005118D9F8EC469044F6EE008A1391B0EE99
:1027500000AA8749D9F8E05651180693049403F665
:102760008C73129108EB8A048249CDF85CA0CA46AA
:102770000A44DFED81AAD0F8806F0792D9F8E426E9
:10278000D0F884BFD0F88C1F914611940993F8ECCF
:1027900001DA099BF0EE6D7A98ED7FDA93ED007A1D
:1027A00006EB8103EFEE077AC3ED007A4B1C5B4525
:1027B00000F0248202911946069BF0EE4D7AC0F893
:1027C0008C1F03F57963049A93ED007A05EB82037D
:1027D000EFEE077AC3ED007A531C4B4500F00882F8
:1027E000049ACDE90323049BB7EE00CA9FED639AD8
:1027F000F0EE04BACAF8EC36B7EE08BA069BF0EE73
:10280000499ADFED5FFA03F68873CDE90A18D3ED34
:1028100000CA8046DDE912476168E36807EE901A56
:10282000F7EC016AB8EE670A60EE2A7A042B00F230
:102830001E82DFE813F0A40196018F0187010500D5
:1028400094ED000A2CEE800AA368C918616025D3B4
:10285000216919B30B68BFEE007A03F1DA4303F57F
:102860002D1303F5675335330B6083EAD33143F0FF
:10287000010301FB03F383EAD31143F03D0C0CFB8E
:1028800001314B4083EA933307EE903AF8EE677AD2
:1028900067EEAA7AA7EE8A7A84ED007A36EE800A8D
:1028A000B4EECC0AF1EE10FAC0F28C81D8F8883F71
:1028B00007EE903AB8EE677AB4EEC70AF1EE10FA76
:1028C00000F38D81FDEEC07AB8EEE77A17EE903A0C
:1028D00030EE477A029AD31A591C48BF5944002B4C
:1028E00006EB810191ED005AC0F2638106EB830192
:1028F00091ED006A591E002B00F06281F0EE457ADE
:10290000023B06EB810148BF5B44E6EE6B7AD1EDFA
:10291000004A06EB8303A16D76EE645AD3ED003ACC
:1029200034EEC54A236E33EEC55AE4EE8A7A65EE7C
:102930008B5AE5EE285AE3EEE87AE5EE877A67EE01
:10294000877AE4EE287AA7EE876A07EE901AB8EE47
:10295000670A20EE2A7A79EE869A042B00F28481A7
:10296000DFE803F0E3D3CCC3120000BFE87E010030
:10297000447E0100F47E01000000802F0000000072
:10298000DB0FC940CCE3030094ED150A2CEE800A5E
:10299000E36DC918A16525D3616E19B30B68BFEE4D
:1029A000007A03F1DA4303F52D1303F5675335334A
:1029B0000B6083EAD33143F0010301FB03F383EAA5
:1029C000D31143F03D0C0CFB01314B4083EA9333B0
:1029D00007EE903AF8EE677A67EEAA7AA7EE8A7A5F
:1029E00084ED157A76EE806AF4EECC6AF1EE10FA98
:1029F000C0F2D280DAF8E83607EE903AB8EE677A9D
:102A0000F4EEC76AF1EE10FA00F3E080FDEEE67A2C
:102A1000B8EEE77A17EE903A36EEC77A039AD31AF1
:102A2000591C48BF4944002B05EB8101D1ED005AE8
:102A3000C0F2B68005EB8301D1ED006A591E002B70
:102A400000F0B580F0EE657A023B05EB810104F100
:102A50001C0448BF4B44E6EEEB7A91ED005A05EBBF
:102A6000830336EEC56AD3ED004A35EE654A079B0F
:102A700074EEE55AE5EE0A7ABB4226EE0B6AA5EE45
:102A8000A86AE4EEE87AE6EE077A67EE877AE4EE83
:102A9000287AE7EE876A39EE269A7FF4BDAEF0EE2B
:102AA000086A099B2EEEA97A40466EEE897ADDF817
:102AB0002C80C9EEA65A0A9989EE266AAEEE2D7AC6
:102AC000EEEE0D7AC3ED005A069B03F5796383EDB4
:102AD000006A119B08ED017A4345C8ED7F7A7FF4C7
:102AE00056AEDDF85CA0FFF7ADBAB4EEE87AF1EED1
:102AF00010FA00F19B80B1EE6C0A49E7BFEE000AC4
:102B0000A7EE0A0A2CEE800A42E7B4EEE87AB1EEAC
:102B1000006AF1EE10FA76D5BFEE000AF0EE407AC8
:102B2000E7EE067A2CEEA70A32E727EE2F0A159178
:102B3000CDED146A03F0D4FEDDED146A2CEE800AAC
:102B4000159925E7F4EEE87AF1EE10FA64D4B1EEC7
:102B50006C0A79E6BFEE000AA7EE8A0A2CEE800A1C
:102B600072E6F4EEE87AB1EE007AF1EE10FA56D59C
:102B7000BFEE000AA7EE870A2CEE800A64E627EE75
:102B8000AF0A1591CDED146A03F0AAFEDDED146ACB
:102B90002CEE800A159957E6B0EE487A01233DE7FE
:102BA00009EB030105EB8101D1ED006A591E49448F
:102BB00048E70BEB030106EB810191ED006A591E1A
:102BC00059449BE6B0EE487A012383E6FDEEC77ACE
:102BD00017EE903AF8EEE77A37EE677A1EE7FDEEE9
:102BE000C77A17EE903AF8EEE77A37EE677A71E631
:102BF0004FF0FF320023CDE90323F4E54FF0FF331C
:102C000000210293D8E5B0EE080AF0EE407AE7EE34
:102C1000467A2CEEA70ABBE6B0EE6C0A14E6B0EEDC
:102C2000080AA7EEC70A2CEE800A0DE6B0EE6C0A81
:102C3000AEE6F0EE087AE0EE477A79EE677A67EE74
:102C40008A7ABFE4F0EE087AE0EE477A79EE677AA6
:102C500067EE8A7A6AE41BB0BDEC108BBDE8F08F9A
:102C600095ED877AFFF7B9BB2CEE880A90E62CEE3B
:102C7000880AE9E5F0EE4A7AA4E4F0EE4A7A55E4EF
:102C8000F0B583B0054600F09DFD002800F083807C
:102C9000044600F097FD064600287ED04FF40072EF
:102CA00000213F4805F044FE4FF4007200213D48EA
:102CB00005F03EFE80223A4900230092394AA86975
:102CC000FFF738F9364ABFEE007AB01CF7EE006A1B
:102CD0009FED356A04F1020C324902F5007E334F54
:102CE00029E0F4EEE67AF1EE10FA4DDC67EE867A32
:102CF000FDEEE77A17EE903A1BB2F1EC017A2CF870
:102D0000023FF4EE677AF1EE10FA40D6F4EEC77A9D
:102D1000F1EE10FA1DDBF4EEE67AF1EE10FA30DC9B
:102D200067EE867AFDEEE77A17EE903A1BB296458B
:102D300020F8023F12D0F2EC017AF4EE677AF1EE5D
:102D400010FA26D6F4EEC77AF1EE10FAC9DA3B464D
:102D5000D3E73B46964520F8023FECD100222146BE
:102D6000284600F0ADFD01223146284600F0A8FDBE
:102D7000204600F07DFD304603B0BDE8F04000F095
:102D800077BD47F6FF73D2E747F6FF73B5E7002339
:102D9000CDE70023B1E703B0F0BD2046ECE700BF6C
:102DA000507305205075052000FEFF460180FFFF8F
:102DB00010B52E4882B0F5F7C7FB2D492D4A0023E8
:102DC0002D480C68136113811060D360002C4AD029
:102DD000234619465B69002BFBD14A612748002135
:102DE000274B10602148516190610220516091721F
:102DF00003F118021972D9609961D96158721A6188
:102E000022466469002CFBD11E4953615C605C6101
:102E10009C7219601A4800F09BFB1B4B1B490A224D
:102E20001B4819601A7200F07BFD154B22461149B0
:102E30000094174800F0E8FD164A1749144802F0BC
:102E4000E1FF164800F06CFD01220A4900920C4B8C
:102E5000124800F0D9FD0F4A0F49104802B0BDE8F2
:102E6000104002F0CFBF14460A60B7E7648A012021
:102E700090720520488A0120A8690120286A012053
:102E8000288A0120B469012058720520E8690120D0
:102E900064720520647D01209D1701007872052071
:102EA0000020704700207047F8B50127027A1E4CB9
:102EB0000D46BA40C1F307210646204684F8A520F6
:102EC00084F8307184F82F7102F0C6FFE9B2204611
:102ED00002F0C2FF0021204603F096F808B100205E
:102EE000F8BD3B460222317A204603F00DF9012855
:102EF000F5D994F8A22094F8A300824210D2531C72
:102F0000A118DBB2897E98424FEA012184F8A230F1
:102F100006D923440232987E84F8A2200843F8BDE3
:102F20004FF0FF30F8BD00BF98790120F8B50127B8
:102F3000037A144C242903FA07F30D4608BFC28014
:102F40001646C1F30721204684F8A53084F8307175
:102F500084F82F7102F080FFE9B2204602F07CFF76
:102F6000C6F30721204602F077FF2046F1B202F0B7
:102F700073FF3946204603F047F8B0FA80F0400965
:102F8000F8BD00BF987901202DE9F0414FF001080C
:102F90000F461546302144F2600280F80480044652
:102FA000FFF7C4FF064610B93046BDE8F0816C2239
:102FB00026212046FFF7BAFF4FF4F9722821204658
:102FC000FFF7B4FF40F622722C212046FFF7AEFF38
:102FD00044F246423C212046FFF7A8FF40F2371258
:102FE00024212046FFF7A2FF002F6BD0454B342150
:102FF00020469F428CBF42460022FFF797FF07EE14
:10300000905A9FED417A3221B8EE676A07EE907AC6
:103010002046F8EE676AB5FBF7F2C6EE267A02F0B4
:103020001F0206EE902AF8EEE66A77EEE67A67EE81
:10303000877AFCEEE77A17EE903AC3F30A0343EA85
:10304000C222FFF773FF44F2FF5230212046FFF700
:103050006DFF732202212046FFF768FF4FF4C8700E
:1030600001F064F941F61D522E212046FFF75EFF64
:10307000072204212046FFF759FFB02206212046EF
:10308000FFF754FF10220A212046FFF74FFF0022CE
:103090000E212046FFF74AFF43F63C42102120460E
:1030A000FFF744FF47F67F7222212046FFF73EFFDD
:1030B000362224212046FFF739FF01233046637270
:1030C000BDE8F08144F2FF0230212046FFF72EFFD9
:1030D000732202212046FFF729FF4FF4C87001F048
:1030E00025F941F61D522E212046FFF71FFF04222D
:1030F00020461146FFF71AFF302206212046FFF72F
:1031000015FFBFE7406603010000004510B5044607
:10311000084805F0B1FE052001F008F90621204617
:10312000FFF7C2FE2046044A0021BDE81040FFF729
:103130002BBF00BF987901200040C40A10B5044697
:10314000D1B1012901D0002010BD40F273122A2113
:10315000FFF7ECFE0028F6D0882220212046FFF75A
:10316000E5FE0028EFD0E2882046242122F0040268
:10317000BDE81040FFF7DABE55222021FFF7D6FE4A
:103180000028E0D0E2882046242142F00402BDE875
:103190001040FFF7CBBE00BF38B5054611B38029FC
:1031A0000CD8C1F180042B7944EA042453B9224697
:1031B00028462221BDE83840FFF7B8BE2B7900240D
:1031C000002BF4D0EA8800232421284622F01002A4
:1031D0002B71FFF7ABFE224628462221BDE838407E
:1031E000FFF7A4BE012347F67F7222210371FFF788
:1031F0009DFEEA882846242142F01002BDE83840AE
:10320000FFF794BE9FED1F7ADFED1F7AE0EE077A9D
:1032100038B50546FCEEE77A17EE904A14B3802CD9
:103220000CD8C4F180042B7944EA042453B9224613
:1032300028462221BDE83840FFF778BE2B790024CC
:10324000002BF4D0EA8800232421284622F0100223
:103250002B71FFF76BFE224628462221BDE838403D
:10326000FFF764BE012347F67F7222210371FFF747
:103270005DFEEA882846242142F01002BDE838406D
:10328000FFF754BE00000143EE7CFF3E2DE9F84FEE
:10329000454B464C1868197904F580750368444A13
:1032A000AB42D1770BD2434B1B78002B4BD04FF066
:1032B000E02340222C4605F58075C3F808223E4BDA
:1032C000DFF804A1D3F80080DFF800913B4BBAF897
:1032D0000060D3F800B0B9F80070B8F1000F4FD01B
:1032E000BBF1000F21D1B8F1000F49D008F1040162
:1032F000204601EB4601403600F0C3F9BFF34F8F83
:103300004FF0E022C2F8704F2034AC42FAD3BFF342
:103310004F8FBFF36F8F7F2E26D8AAF800607F2FC4
:1033200015D8A9F80070BDE8F88F0BF1040208F178
:103330000401204602EB4702403701EB46014036CC
:1033400000F080F9DAE72C4605F58075B7E7002430
:103350005846A9F8004000F08BFA194B1A681C6017
:10336000164B1A60BDE8F88F00244046AAF80040CA
:1033700000F07EFA134A104B116814601960CEE712
:10338000BBF1000F08D00BF10401204601EB47010F
:10339000403700F096F9B1E74FF480725946204665
:1033A00005F0C6FAAAE700BF1873052060142020B4
:1033B00000800E40417B0520087305201073052016
:1033C000147305200C7305202E7B0520307B05200F
:1033D00038B50021044600F097FA88B172B61C4A4D
:1033E0001368002B2BD01B490D68002D2CD01560C5
:1033F00008600021184A118062B6184600F038FAB9
:103400000121204600F080FA98B172B6134A136881
:1034100083B113490C6854B114600024114A086048
:10342000148062B61846BDE8384000F021BA086042
:1034300062B638BD0B4910600B8062B638BD0649D4
:1034400010600B8062B6DBE7086062B6D8E700BFA9
:10345000087305200C7305202E7B052010730520B2
:1034600014730520307B052010B5044600F0C6FB20
:10347000204610BDF8B52D4C05462D4AE36F43F4A8
:103480004023E3679368002B46DBD2F88830002B9B
:1034900042DB002342F210724FF40C611C2005F055
:1034A000EFFCE369234A23F44063234943F40063B8
:1034B000E361A36A1A40214B42F0CE02A2624A683D
:1034C000134043F400234B602DB91D4B0322C3F876
:1034D0002021C3F824211A4E0327154B0124C6F8D6
:1034E000287100254FF480301649174A174E1D6683
:1034F000DC601E6158619961DA61C3F8E050C3F87D
:103500008C4004F1E064C3F89040C3F89400C3F821
:103510009810C3F89C20F8BD002DFCD1084B032265
:10352000C3F82021C3F82421F8BD00BF00C00F401C
:103530000040384000FEFFFF00C00A40F8FFF7FFE0
:1035400000801F401B1F0100001F1F1F01000047BC
:1035500070B5264D00240121254E284600F0EAFAD8
:10356000244A254B204614601C60FFF783FF234B41
:103570000321234A0220C3F880112B6821491A60D5
:103580004FF480729C61DA82DA8306229C829A83ED
:103590001D4ADE601A61C3E9011029791B480FFA40
:1035A00081FC1B4B40F82C4040F82C30194B1A483A
:1035B000D976D2F86630194C43F01043C2F8663021
:1035C00042F81A0C00F094FA2A79154B0121207068
:1035D00002F1100003EB521302F01F02114C914054
:1035E0009B00114A42F82040196070BD18730520F5
:1035F00000FEFFFF087305201073052000801F40A8
:1036000060142020020001012240384000C00E401A
:103610001400008000800E4001000090417B0520D6
:10362000403800386D0F010000840120024A034930
:10363000034802F0E7BB00BF647D0120491101008F
:10364000187305202DE9F04F00F5807EB1E8A00A3F
:10365000B2E84015C5EA0643C6EA2544C7EA08456C
:10366000C8EA2746C9EA0A47CAEA2948CBEA0C4908
:10367000CCEA2B4AA0E8F8078645E7D1BDE8F04F31
:1036800070474FF000022DE9F00F00F5807C00BF7D
:10369000B1E8A00AC5EA0203C2EA2544C7EA020566
:1036A000C2EA2746C9EA0207C2EA2948CBEA020968
:1036B000C2EA2B4AA0E8F8078445E9D1BDE8F00F3B
:1036C00070474FF000022DE9F00F00F5807C00BF3D
:1036D000B1E8A00AC2EA0543C2EA0504C2EA074506
:1036E000C2EA0706C2EA0947C2EA0908C2EA0B4968
:1036F000C2EA0B0AA0E8F8078445E9D1BDE8F00F5B
:1037000070472DE9F00F089C00F5007B51F8045B31
:1037100053F8046BC5EA0647C6EA254952F8045B2C
:1037200054F8046BC5EA0648C6EA254AA0E88007B3
:103730008345EBD1BDE8F00F704700BF4FF0E023A9
:103740004022C3F808227047F8B5144B144D1C688A
:103750006E689CB1237A20466BB123686F681B6842
:1037600098476B68E188DB1BC3F38F12B1EB931FA3
:10377000A28038BFE2806469002CEBD1084B094A73
:103780005B6810889B1B084CC3F38F11B0EB931F31
:10379000218038BF1180BFF34F8FF8BD9072052094
:1037A000001000E02A7B0520287B052003681847CD
:1037B0000B680360704700BF0B680360704700BF71
:1037C000704700BF30B472B6244D254C2A8804F1EE
:1037D000700104EB82038B423CD204F16F01501C58
:1037E000C91A00EB910002E00132824232D09C46BD
:1037F00053F8041B0029F7D0B1FA81F04FF00043D1
:10380000C34021EA0301CCF8001001B90132154B85
:103810002A801A88013291B2198062B6ACEB040C8E
:1038200041F67C73C0EB00644FEAAC0CC0EB841033
:1038300001240CEB8C1C03EBCC1303EB80030A4834
:103840000068C4541844094B1C88944230BC38BFEB
:103850001980704762B6002030BC70472C7B052071
:1038600094720520247B05208C720520267B052080
:10387000428872B60378012B03D9013B037062B60C
:103880007047D14353090B484FF0004201F01F012C
:10389000CA4050F823100A430749B1F800C040F865
:1038A00023209C45054A88BF0B801388013B138069
:1038B00062B67047947205202C7B0520247B05207E
:1038C000C36813B91DE0DB68E3B1187A9042FAD1FE
:1038D00010B4586893F809C0006950F82C4054B1EE
:1038E000DB682BB1187A9042F3D0DB68002BF9D15A
:1038F0005DF8044B704740F82C10087801300870D0
:10390000EEE77047704700BF437A8B4206D90369E0
:10391000002253F8210043F821207047002070470F
:1039200000220449C0E90022028102740A6808608A
:10393000C260704704730520037CFBB9036801462D
:10394000FBB14368EBB1427A5B7A9A421CD230B445
:1039500072B62B4B1C68ECB1E368C3B1486801E058
:10396000DB68A3B15A688242FAD193F809C04A7A57
:103970009445F5D162B6042030BC7047012062B690
:103980007047032062B67047022062B670476469D0
:10399000002CE1D11B4C236843B1994202D10BE0CA
:1039A000994207D01A46DB68002BF9D1052062B690
:1039B00030BC704702F10C040D68E868E8B1C368D8
:1039C0001BB908E0DA683AB1134681421846F9D1CA
:1039D00062B60620D0E70346D960CB68002023609A
:1039E0000123C860AA7A2B721A44AA724A68947A90
:1039F00013721C4494720B74D9E7E960EDE700BFC1
:103A0000907205200473052010B5047C9DF808E031
:103A10000CB1012010BD027280F809E0C0E900136A
:103A2000BDE81040FFF788BF38B5037C002B36D0C7
:103A300043680446427A5B7A9A4238D272B6016889
:103A4000CB68002B2DD0984233D01A46DB689C42BD
:103A50002AD0002BF9D16268607A136953F82000EC
:103A600048B1FFF705FF72B662680025607A1369F6
:103A7000216843F820508B7A013BDBB28B7203B98B
:103A80000B72937A013BDBB2937203B913720A4B48
:103A900000201A6820741C60E26062B638BD012004
:103AA00038BD62B6032038BDE368D360D3E7022097
:103AB00038BDC368CB60CEE70473052010B504465B
:103AC000FFF7B2FF094A136843B19C4202D108E0F4
:103AD0009C4205D01A46DB68002BF9D1204610BD68
:103AE0000C32E3682046136010BD00BF047305204C
:103AF0000C4B1A789AB90C4A0C4910B4C2F85811F8
:103B00000B48D02401224FF0E02180F846404024A9
:103B10001046C1F808415DF8044B1A707047002048
:103B2000704700BF407B052000840120291401005C
:103B300000E400E070B472B621B9036813B10279F1
:103B40000F2A45D9294C2188002341FA03F212F0AB
:103B5000010208D00133102BF7D162B600220371A5
:103B6000026070BC70474FF0010C0CFA03FC41EA94
:103B70000C01218062B61E4D5FFA83FC1D4940F2A4
:103B8000824680F804C0EC6F194483F0030344F0CC
:103B9000C0044901EC67A5F59F35174CA5F5807564
:103BA000266084F81AC084F81EC084F818C084F80F
:103BB0001FC00160C1E90022C1E90222C1E904225B
:103BC000C1E906225A5D42F0C0025A5570BC7047E6
:103BD000064C218841FA02F5ED07B5D5054D15448F
:103BE000B3EB451FB0D162B6BBE700BF327B052007
:103BF00000C00F408074000200800E4003790F2B3C
:103C000011D8094A937672B60849012290F804C087
:103C10000B8802FA0CF223EA02030B8062B6102230
:103C2000002302710360704700800E40327B052044
:103C3000704700BF704700BF704700BF704700BFAC
:103C400070B51A4C1A4D2368AB4202D0194AD1689C
:103C500029BBA369AB4202D0164AD169C9B9236B0B
:103C6000AB4202D0134AD16A69B9A36CAB4209D006
:103C7000104AD16B31B101211B680F48D163BDE8F7
:103C80007040184770BD01211B680C48D1629847ED
:103C9000EBE701211B680A48D1619847DFE7012162
:103CA0001B6804F10800D1609847D2E7C086012064
:103CB000EC1400200041084010870120F886012004
:103CC000E086012038B5064CA4F1600554F8083CA4
:103CD0002046183CDB689847AC42F7D138BD00BF9E
:103CE0001087012003682DE9F041044688B017468B
:103CF000002B4BD000229A600122DA60304D04A8DC
:103D0000DFF8E0801D4451F8083B2D1102935B68F9
:103D100005EB45069847F60006F1080058F806300E
:103D20004044DB6801909847264A04A9DDE9010375
:103D3000029248F806309B689847029B04A8DB680B
:103D400098472368032220481F609A601F4A2379FE
:103D50001F4C535513785178C0F828428B4228BF26
:103D60000B469178D2788B4228BF0B46934228BFEE
:103D70001346184C4FF0E0224FF08061012084F888
:103D80007A30C2F80C1108B0BDE8F081124AD36E47
:103D900043F44053D3660122104B1A60104A134675
:103DA0000260403298680028A8D010339342236004
:103DB000F8D100231846236008B0BDE8F08100BFA9
:103DC00000BFF7BFEC14002000840120587D0120C3
:103DD0002119010000E400E000C00F40004008404D
:103DE00000410840C086012010B4064B0020064C5C
:103DF000064A1C609C611C639C6405495DF8044B89
:103E000002F000B8C0860120EC140020647D01207F
:103E1000A519010000207047084601F08DBD00BFC4
:103E2000012A70B508BF0A228AB091B34FF0210E63
:103E300001E05FFA86FE0EF1FF36B1FBF2F502FB00
:103E400015145FFA84FC092C0CF137040CF1300CCA
:103E500098BF5FFA8CF40EF1280C88BFE4B291424F
:103E6000EC4429460CF8244CE3D24BB10EF1FF3E52
:103E70002D225FFA8EFE0EF128036B4403F8242CEA
:103E8000036801A9CEF122025B68714498470AB029
:103E900070BD30224FF0210E8DF82520E5E700BFE0
:103EA000002903DB00230A22FFF7BABF49422D2372
:103EB0000A22FFF7B5BF00BF00B5036883B040F624
:103EC0000D2C022201A95B68ADF804C0984703B02D
:103ED0005DF804FB00000000B4EE400B70B5F1EE9D
:103EE00010FA05462DED028B86B07CD6B0EEC07B75
:103EF0009FED476BB4EE467BF1EE10FA6BDC9FED65
:103F0000467BB4EEC70BF1EE10FA5ADC9FED447B12
:103F1000B4EEC70BF1EE10FA53D4B5EEC00B0C465D
:103F2000F1EE10FA5BD40023B6EE007B002C5ED0DD
:103F30004FF0000C9FED3C6B0CF1010C27EE067B63
:103F40005FFA8CF2A242F7D330EE070B0A22284622
:103F5000FCEEC07BB8EE678B17EE901A30EE488B04
:103F6000FFF75EFF0F2C4FF02E03B2EE046B0646F8
:103F700028BF0F248DF808300DF1090302AA611E35
:103F800053FA81F128EE060BFCEEC07BCDED017AF1
:103F90009DF8043007EE903A3033B8EEE78B02F824
:103FA000013F914230EE488BECD12B68013402A9DD
:103FB00028465B68E2B29847304606B0BDEC028BFB
:103FC00070BD2B6803221A495B6806B0BDEC028BFA
:103FD000BDE870401847036803221649F4E7B1EEC4
:103FE000400B0123A0E7036803221349ECE730EEFE
:103FF000070B0A222846FCEEC07B17EE901A06B08B
:10400000BDEC028BBDE87040FFF70ABFAFF3008044
:10401000FFFFFFFFFFFFEF7F000000E0FFFFEF412A
:10402000000000E0FFFFEFC19A9999999999B93F73
:10403000E8140020E4140020E0140020A249A34B5F
:1040400088422DE9F047A24C5E699A69D4F80C8049
:104050001BD9A04B984240F20281C31A9E491B0A09
:10406000A1FB031340F22761DB0903EB830303EB9E
:10407000830303F2E2438B4228BF0B46A3F5487744
:10408000964BA3FB0737FF0804E0954FB8428CBF5F
:104090000E2706278D4908F01F09D1F88030B94551
:1040A00043F0C003C1F880300CD228F01F08A1F5FE
:1040B000F82148EA0708C1F80C800B68002BFCDAED
:1040C00008F01F0916F0007324D186490C6986494F
:1040D000A14300F0EA8082F4805134464FF48055C9
:1040E00014F0605F04D026F060561E43774B5E618B
:1040F00011F4405F07D022F4405274492A438A6188
:104100008B6C1A07FCD446F00076704A5661936CAB
:104110009B06FCD4754CA04200F2CE804FF0010CFF
:104120000146634603FB011203F1010E0CF1010588
:10413000A24218D8BEF1080F4FF0010340F08D8065
:10414000BCF1040F00F291800A18A24200F2A48090
:1041500005FB00F1AC4603F1010E03FB01120CF16B
:104160000105A242E6D90CF1FF318C0286EA8121D9
:104170005F4810445F4A90427FD9DFF8A4A16C22C7
:104180005D48584DB0FBFEF0D5F800E0B0FBFCF008
:10419000DFF890C10EEA0C0CD44509D042F400526D
:1041A0004FF4805CC5F800C02A602A68002AFCDA57
:1041B000464A156905F007059D4203D01361936CCB
:1041C000DD03FCD411F4E05F09D026F4E05604F4DA
:1041D000E0543E4A26435661936C9907FCD4474904
:1041E000474A014491423CD8464BC909A3FB0131DF
:1041F000090B4B1E1B0286EA030212F4407F06D015
:1042000026F4407603F44073304A334353612F4A17
:10421000536923F000735361936C9B06FCD43A4BB3
:104220004F45A3FB00234FF0FF324FEA9343B0FB0F
:10423000F1F1B2FBF3F3354A1060354A1160354AAB
:10424000136008D228F01F08214A48EA0707D76000
:104250001368002BFCDABDE8F087734662E712278B
:1042600018E74FF440730421C5E70CF1FF312048F3
:1042700007238C02104486EA8121274ADFF8A8A090
:10428000A2FB0020020D2548362A38BF362202FB49
:1042900000F042EA0A0A74E74FEA8C24002386EA17
:1042A0008C214FF0010EAC4662E71D4686F0C054EB
:1042B00011464FF0C05313E700244FF0010C0246A3
:1042C00031462346E64653E700A4781F00C00F405E
:1042D000000008400046C32323B24C001F85EB5169
:1042E00000366E0100800D4040300080FFB19F26F7
:1042F000808D5B00FF7EF64D00643F4D7FD1F0085E
:104300007F17B42C9F10E50083DE1B4384790120C6
:1043100080790120007B0520819F5E16001BB7007D
:104320006C2000807F3001800020008000B9704741
:104330002DE9F84F01218146214C224D224E54E8AF
:10434000003F2A68306844E80013002BF7D11F496A
:104350004B684FF47A7BDFF878A01B1A01270BFB20
:1043600002F8DAF80020A3FB02325A4594BF9044C9
:10437000D84454E8003F2A68306844E80073002BB2
:10438000F7D14B68DAF800C01B1A0BFB02F2A3FB53
:104390000C3CBCF57A7F94BF624402F57A72A2EBC2
:1043A0000802B2F57A7F06D3B9F1010908F57A78E7
:1043B000DFD1BDE8F88F01F053FB0449D9E700BF16
:1043C0000C7B0520087B0520047B0520001000E005
:1043D000007B052008B5F9F7A9FCF9F705FD01F008
:1043E0003FFBFAE7844641EA000313F003036DD173
:1043F000403A41D351F8043B40F8043B51F8043BA8
:1044000040F8043B51F8043B40F8043B51F8043BAE
:1044100040F8043B51F8043B40F8043B51F8043B9E
:1044200040F8043B51F8043B40F8043B51F8043B8E
:1044300040F8043B51F8043B40F8043B51F8043B7E
:1044400040F8043B51F8043B40F8043B51F8043B6E
:1044500040F8043B51F8043B40F8043B51F8043B5E
:1044600040F8043B51F8043B40F8043B51F8043B4E
:1044700040F8043B403ABDD2303211D351F8043BEE
:1044800040F8043B51F8043B40F8043B51F8043B2E
:1044900040F8043B51F8043B40F8043B103AEDD29D
:1044A0000C3205D351F8043B40F8043B043AF9D2EE
:1044B000043208D0D2071CBF11F8013B00F8013BC1
:1044C00001D30B8803806046704700BF082A13D3CE
:1044D0008B078DD010F003038AD0C3F10403D21AE6
:1044E000DB071CBF11F8013B00F8013B80D331F81A
:1044F000023B20F8023B7BE7043AD9D3013A11F89A
:10450000013B00F8013BF9D20B7803704B78437004
:104510008B7883706046704703F046BF01F1FF3C23
:1045200070B56646002400E00134B0FBF2F502FBF2
:104530001503092B03F1370E03F130035FFA8EFEEA
:1045400098BF5FFA83FE9042284606F801EFEBD24F
:10455000631C0022C818CA547CB162461CF8015F73
:1045600010F8016DA1EB0C0302328CF80060013BE6
:10457000521A057023449A42EFDB084670BD00BF13
:1045800072B6EFF30583524CC4F884301EF0040F6A
:104590000CBFEFF30882EFF309824FF0E0234D4E9A
:1045A0004D4DD3F8280DD3F82C1DC4E92201D3F8C2
:1045B000341DD3F8383DC4E924139369C4F8983006
:1045C000D369C4F89C3000F0BFF884ED280A01F0EC
:1045D0009FFB0B214FF0FF32C4F8A4000B46C4F838
:1045E00080103E49301D5A40202402F00103013C56
:1045F00001FB03F383EA5202F7D1A84202D07368A9
:104600000646EFE7324BC3F8A820BFF34F8F4FF0B9
:10461000E0233049324AC3F8701FC3F8702FBFF34C
:104620004F8FBFF36F8F2F4A02252F48D36E2F492C
:1046300043F44053D3660560D3692D4823F07F03CC
:1046400043F04003D3610B6883423DD8264D0021DF
:104650004FF0E0234FF0FF3229600126C5F8081122
:104660002449C5F80011C5F80861C3F88021C3F8D2
:104670008421C3F88821C3F88C21C3F8902101E07C
:1046800000F054F9D5F80C31002BF9D00134C5F8FD
:104690000C614F2CF4D9184B022018494FF00042FE
:1046A000C1F840015A63D5F80C313BB9144815499B
:1046B0000D4A0163D2F80C31002BFAD04FF0E02301
:1046C000114AC3F80C2DFEE7FFF7B8FCBEE700BFA8
:1046D00000FF272080FF2720A8FF27202083B8ED98
:1046E000A0FF272000C00F4000400840847901202F
:1046F000803DCD0B009F240000900D4000002E4017
:1047000000800F40F100AD0B0400FA050A490A6869
:1047100038B108B513180948834204D810460B6015
:1047200008BD1046704704F06DF90C234FF0FF32BE
:104730000360104608BD00BF607D012000002820F6
:1047400030BFFDE7FFF71CBF124AD2F880305B078D
:10475000FBD5D2F880301048C3F30B230F4990EDFE
:10476000007A07EE903A91ED006AB8EE477A0C4A6B
:10477000F8EEE77A0B4BD2ED006A77EEC77A93ED4D
:10478000007AB8EE477A67EE867A87EEA60A37EEA9
:10479000400A704700810D40F07A0520F87A052024
:1047A000FC7A0520F47A0520836BF0B41BB15368C2
:1047B00043F40043536072B6446B3CB31A4B22601F
:1047C000D3F8B0410C421DD1184E776804E07468EC
:1047D000E41BB4F5166F0BD2D3F8404144F4804487
:1047E000C3F84041D3F8B851D3F840416404EED542
:1047F0000D4007D10C4CC0E90225D4F8B0310B4371
:10480000C4F8B031426362B6F0BC7047064DC0E9EF
:104810000224D5F8B0310B43C5F8B03102634263CE
:1048200062B6F0BC704700BF00002E40001000E0F0
:1048300070B5056B9DB106462A46002403E0126858
:104840000134012A0CD0536813F08003F7D032638F
:104850002CB12846B36B2D689847013CF9D170BD47
:10486000C6E90C33F4E700BF30B4D9B91F4C204B74
:104870000021204A01254FF0011099601D60C4E914
:10488000023180245C60C2F8BC01D2F8B0311A4811
:104890002B43C2F8B0310160D2F8B031002BFBD10C
:1048A00030BC70470904154B104C012541F08001C4
:1048B0009860104A596000F580511D60D96000F57C
:1048C0000051A364196100F5405100F58040596121
:1048D00000219861E164D2F8B03143F48033C2F82A
:1048E000B031D2F8B031002BFBD1C0E7000000207E
:1048F0002087012000002E40607A0520408701209B
:10490000084901220B7802FA00F023EA000008703F
:1049100030B9054AD2F8483123F08003C2F8483153
:10492000704700BF4B7B052000002E402DE9F04F63
:104930009C4C83B0D4F84461F107C4F844616AD553
:10494000D4F8AC31002B61D0DFF88482964DDFF8CB
:1049500078B208F5805ADFF87C92944FC4F8AC31F5
:10496000D5E90A20D4F8403143F40053C4F840316B
:10497000D4F840319B04F5D5D4F8403123F40053EA
:10498000C4F840314FF00113C4F8B431D4F8B43155
:1049900013F00113FAD191B240F2816CCBF80030E0
:1049A000614500F2D980B1F5D06F80F06181B1F539
:1049B000817F00F08F8140F2AB8040F2023C614584
:1049C00000F0B281B1F5A06F40F0C1807849EB648E
:1049D0008B600123A9640B6080234B604FF00113AF
:1049E000C4F8BC31D4F8B03143F48033C4F8B031EA
:1049F000D4F8B031002BFBD1130C5B0643F080736D
:104A0000C4F85431D4F8AC31002BA7D1654AD2F8A0
:104A1000BC31002B4AD1720616D5624BD3F8AC21BB
:104A2000C3F8AC21D3F8BC21C3F8BC21D3F8B04102
:104A3000002CFBD14FF0FF32C3F8B421D3F88431FE
:104A400000F012FE5B4B1C60F40103D55A4B1B684F
:104A500003B19847B00103D5584B1B6803B1984781
:104A6000710708D54F4BD3F8843113F400731AD073
:104A7000534B01221A704B4BD3F848311A060FD50D
:104A800033060DD54F4A13782BB1013BDBB21370BF
:104A9000002B00F0428203B0BDE8F04F00F0E4BB11
:104AA00003B0BDE8F08F464A1370E4E74649C2F808
:104AB000BC310868034240F061813E4A14681C40E2
:104AC000A9D05FEA144810D0374D4FF0010998FA89
:104AD000A8F7B7FA87F705EBC71009FA07F74030D0
:104AE000FFF7A6FE38EA0708F1D1A4B2002C92D055
:104AF0002D4D4FF0010894FAA4F7B7FA87F705EBAC
:104B0000C71008FA07F7FFF793FEBC43F3D182E71B
:104B1000802900F0A780822919D183B210F0780093
:104B200015D103F07F0257F82210284A108018068A
:104B300000F1C081CB0701D5012313700221234866
:104B4000FFF792FE5EE7010C072900F045814FF068
:104B50000113C4F8C03155E742F2210C6145F2D08F
:104B60003AD942F22123994268D042F22133994244
:104B7000EDD10F4B00229A60EA640122AB641A6007
:104B800080225A604FF00113C4F8BC31D4F8B03120
:104B900043F48033C4F8B031D4F8B031002BFBD1EA
:104BA00030E700BF00002E4000000020C0012E4072
:104BB00020870120647A05201C7B0520207B0520AE
:104BC000547B0520557B0520607A0520947A0520CA
:104BD000587A052040870120B1F5086F3AD0B1F529
:104BE000106FB4D1B548C2F307424FF0C81100931B
:104BF0000270B34AC4F8C821C4F8CC11C4F8D0116B
:104C000000F034FD00F0CEFAAE4A0121009BAA6408
:104C100011608021936051604FF00112EB64C4F881
:104C2000BC21D4F8B02142F48032C4F8B021CBF8D2
:104C30000030D4F8B031002BFBD1E3E680B200287D
:104C400097D1A14BC2F307421968A04B1960A04B42
:104C50001A708EE7994B01219E481B780370FFF76D
:104C600003FECFE69B4802210380FFF7FDFDC9E666
:104C7000994B596800293FF46AAF4FEA124E82B24D
:104C800004E019690C3300293FF461AFB3F800C0A8
:104C9000F445F6D1B3F802C09445F2D14FEA1E2292
:104CA000032A00F0D8801A89000C824228BF0246ED
:104CB000BEF5007F40F0D480884B89491878894B35
:104CC0000092002818BF19468748FFF78BFB864BD8
:104CD000009ADAE010F0780F83B27FF438AF03F077
:104CE0007F0213F0800F57F8223014BF23F4803373
:104CF00023F0010347F822300022724BEA649A60E5
:104D00000122AB641A6080225A604FF00113C4F88C
:104D1000BC31D4F8B03143F48033C4F8B031D4F8A6
:104D2000B031002BFBD16DE610F0780F83B27FF429
:104D30000EAF03F07F0213F0800F57F8223014BF3C
:104D400043F4803343F0010347F8223000225D4BE7
:104D5000EA649A600122AB641A6080225A604FF0C4
:104D60000113C4F8BC31D4F8B03143F48033C4F833
:104D7000B031D4F8B031002BFBD143E600200860FD
:104D80005A490C88486842F221018C427FF495AE62
:104D900080B200287FF491AE5549564C03C9A180DA
:104DA00086284FEA11412060A1717FF486AE72B669
:104DB0005148017841F008010170D2F848110D0600
:104DC00005D480200143C2F84401C2F8481162B6FC
:104DD0004A4A5021117070E6EB6001234349C9F83B
:104DE0000030474B0A60C9F80430464B4860C9F8A8
:104DF0001030C5F80890C9E9028AD4F8B02142F011
:104E00000102C4F8B02103F5805203F50053C9F83C
:104E10001420C9F81830D4F8B031002BFBD1294A3E
:104E2000EB6493600123AA64136048F2800353602B
:104E30004FF00113C4F8BC31D4F8B03143F48033DF
:104E4000C4F8B0314FF48033CBF80030D4F8B0312F
:104E5000002BFBD1D6E5000C0A78824228BF02461F
:104E6000BEF5E06F50D11D4B1D4893F800C01D49A1
:104E70001D4BBCF1000F18BF014600921846FFF70A
:104E8000B1FA072103464170009A23F01F01134431
:104E9000BFF34F8F4FF0E020C0F8701F20318B42DE
:104EA000FAD8BFF34F8FBFF36F8F0F481146FFF74C
:104EB000DBFCA7E5C9033FF53FAE3FE6537B05208A
:104EC0000200CC0020870120087B0520187B0520EC
:104ED000527B0520947A0520F0770120547B052031
:104EE000F42000608C21006060162020208A0120C0
:104EF000587A0520107B05204B7B0520557B05202B
:104F000080000700589A0520064B1846CDE900237B
:104F1000FFF768FADDE90023B7E70320FFF7F0FCAD
:104F200003F0B2FF601620202DE9F0471F46831ED4
:104F3000022B01D9BDE8F087DFF84C9015460C46EE
:104F40003C2209EBC01806464FEAC01A002108F1BE
:104F50000400240403F0ECFCB5FA85F201235209A5
:104F600044EA427449F80A40C8F83870C8F8083072
:104F7000002FDFD0034AB34011680B431360BDE834
:104F8000F08700BF647A0520000000202DE9F0477B
:104F90000D46811E022901D9BDE8F087C701DFF85F
:104FA0004C909246044640373C2200211E4609EBB5
:104FB00007082D0408F1040003F0BAFCBAFA8AF2DB
:104FC000520945EA427249F807200122C8F83860C0
:104FD000C8F80820002EDFD0034B10341968A24017
:104FE0000A431A60BDE8F087647A052000000020BB
:104FF00012048160C36101F5405342F0800210B495
:105000000124426001F50052046001F5805401F56D
:105010008041C46081615DF8044BC0E9042370479E
:10502000831E0A46022B00D97047064B00F110017F
:105030004FF0010C03EBC0100CFA01F14030FFF708
:10504000B3BB00BF00000020831E0A46022B00D91C
:1050500070470121024B814003EBC010FFF7A4BB56
:105060000000002040687047124A134BD2F820021B
:1050700020F07F40984210B584B002D200EB80004F
:1050800040000E4C01A90A22FFF748FA01A90023AB
:10509000204611F8012B01333AB10A2B20F8022FD8
:1050A000F7D11623237004B010BD5B00DBB2237070
:1050B00004B010BD00441F40809698009C810120E0
:1050C00000F0F2BB00F0C2BB00F026BC00F0E0BB79
:1050D00000F07CBC00F052BC0846114600F042BC17
:1050E000F8B5144C4FF0E025134E4FF4003204EBAA
:1050F0004024124F06EB40160346C5F88C2121468A
:105100003A883046FFF774FF3B882344BFF34F8F44
:10511000C5F85C4F2034A342FAD8BFF34F8FBFF3DA
:105120006F8F04203146FFF78FFF4FF40033C5F82F
:105130000C31F8BD0017202060870120347B05204A
:1051400042684FF6FC71114BC2F30E42C0691B88D6
:105150009B1A0B4017D00E4930B40E4C0E4D2278DE
:1051600021F810300021013225F81010062A94BFD2
:10517000D1B20A46217009490C6823440B60084BE0
:10518000985430BC7047FFF7ABBF00BF347B05209D
:10519000A47A0520477B0520C07A05209C7A05204B
:1051A000DC7A0520214B70B51B78002B3BD04FF4E7
:1051B00000731E461E4980221E4D00240B800021D4
:1051C0001D482B8003F0B4FB1C4A21461C4B147075
:1051D000C0221C481C8003F0ABFB1B4A31461B4B12
:1051E000042094609C60C2E90044194AC3E9004469
:1051F0001470184B184A1C70184B14602246FFF7A5
:1052000093FE2346224629880420FFF7BFFE20464E
:105210000134FFF765FF062CF9D100231049114A2C
:105220000B70137070BD40231E46C3E7547B0520EE
:10523000347B05203C7B0520208901204E7B052006
:10524000387B052060870120A47A0520C07A0520DC
:10525000477B0520497B05209C7A0520212E0100F3
:105260004C7B0520507B05202DE9F843214B1D7810
:1052700015B9214E33880BB9BDE8F883DFF8888073
:105280001E4A98F800701E4C02EB47191D4A04EBA9
:105290004724128848462146D21A2B46FFF7A8FE1B
:1052A000BFF34F8F04F1200204F50073934234BF23
:1052B000012310234FF0E02204EB4313C2F8704F98
:1052C00020349C42FAD1BFF34F8FBFF36F8F013769
:1052D00049460420FFF7A4FE032F4FF000034FF0D0
:1052E000020098BFFDB2338088F80050BDE8F84353
:1052F000FFF706BB507B0520387B05202089012065
:10530000002320203C7B05204E7B0520F8B5144C63
:105310004FF0E025134E4FF4003204EB4024124FBF
:1053200006EB40160346C5F88C2121463A883046E4
:10533000FFF75EFE3B882344BFF34F8FC5F85C4FF9
:105340002034A342FAD8BFF34F8FBFF36F8F0320EF
:105350003146FFF779FE4FF40033C5F80C31F8BD44
:10536000002B202020880120367B0520244B2DE9AE
:10537000F0411C884368C569C3F30E43E41A002C4E
:1053800024DD204920480A780078D3B21F4E82429B
:105390001F4807D010F8038036F81870C7F5007260
:1053A000944218D90133002226F81540082B194ED3
:1053B00088BF134626F8152098BFDAB2C554164B9D
:1053C0000A701A6814441C60BDE8F0812846BDE8E4
:1053D000F041FFF79BBF07EB4820104922462744C6
:1053E000084401EB4521FEF7FDFF0B4A284626F84D
:1053F000187013682344BDE8F0411360FFF786BFBF
:10540000367B0520487B05204A7B0520B07A0520A5
:10541000E47A0520CC7A0520A07A0520002B2020F4
:105420001D4B1A78002A36D102F0FF031B4A12786E
:105430008AB32DE9F0411A4D2A8852B3194EC2F5AC
:105440000068194F3278194C07EB421704EBC2245D
:10545000424638462146FFF7CBFD04EB0802BFF376
:105460004F8F4FF0E023C3F8704F2034A242FAD898
:10547000BFF34F8FBFF36F8F03203946FFF7D0FD87
:1054800033780133DBB2032B88BF00233370002352
:105490002B80BDE8F0817047517B0520537B0520B0
:1054A0003A7B05204F7B0520A0890120003B20206E
:1054B0002DE9F04F85B0CDE90110002900F0BF8043
:1054C0000023604CDFF89881DFF898A15E4F0093CD
:1054D00001235E4A23705E4B1978B8F8003002EB66
:1054E0004119002B40F0A7801E461D469B464846AA
:1054F000FFF7B8FD10F0800000F08C80BFF34F8FF5
:105500009AF8003084F800B005B93E68002B7DD1D0
:105510003B689B1B782B00F287804E4B1B78002B3F
:1055200074D000F09DFA0122B8F8003015462270C0
:10553000002BDCD0464AC3F5006011781A4600EB18
:10554000C120454DC9022844019D954217D20393BD
:10555000DDE901512A46FEF745FF039B4FF040422B
:105560005B1BA8F800303D4BC3F88420BFF34F8F7E
:10557000009800232844237005B0BDE8F08F364B17
:10558000CD180299FEF72EFF00234FF40062294642
:105590004846FFF72DFDBFF34F8F05F1200205F5BB
:1055A0000063934234BF012340234FF0E02205EB18
:1055B0004313C2F8705F2035AB42FAD1BFF34F8F6F
:1055C000BFF36F8F03204946FFF72AFD204A137867
:1055D0000133DBB2032B84BF00231D4A1370B8F8DC
:1055E0000030019AD11A009A1A4401910092029A4D
:1055F0001A4400230292194AA8F80030C2F88430F5
:10560000BFF34F8F237000297FF462AF009805B07D
:10561000BDE8F08F4FF400620D4B8AF80000197856
:105620001346A8F800208AE7012300988AF8003082
:1056300005B0BDE8F08F1A46C3F500607FE701981A
:10564000E5E700BF517B0520087B0520A0890120EC
:105650004F7B0520537B0520003B202000002E407F
:105660003A7B05204D7B0520704700BF2D4B002164
:1056700080222D4870B51B7800242C4D8B422C4E77
:105680000CBF40234FF400732B80338003F050F99C
:10569000284A2146284B14704FF4807227481C80FA
:1056A00003F046F9264A1021264B0220C2E90044A5
:1056B000C2E90244244AC3E900441470234AC3E9FE
:1056C0000244234B1C70234614602246FFF75EFC05
:1056D0002246318803201F4BFFF726FC2346012278
:1056E00029880320FFF752FC20460134FFF70EFE05
:1056F000082CF9D1184B00214A221848184C046094
:10570000C3F88410C3F88020D3F84821154942F02B
:105710008072C3F8482121B1134A137843F0010382
:10572000137070BD547B0520A08901203E7B0520AD
:10573000367B05204F7B05203A7B05202088012001
:10574000B07A0520CC7A0520487B0520A07A052078
:105750004A7B05204D30010000002E401C7B0520B7
:105760000131010000000000567B05202DE9F04FBB
:105770004FF0E0234FF40032DFF8C8A083B0C3F845
:105780008C218B469AF8004000294FD08046E4B225
:105790000027DFF8B490264BABEB070225491B78B6
:1057A000A34204F101043FD0092C234B404628BFFB
:1057B00000241E5D39F816C00CEB462319441F4B1C
:1057C00033F81650A5EB0C05AA421CD20CEB462C64
:1057D00018491B4C61440192FEF704FE216839F818
:1057E00016505846019AA1EB0B012A44394429F876
:1057F000162021604FF0E0234FF40032C3F80C2153
:1058000003B0BDE8F08F2A462F44FEF7EBFD0C49AC
:10581000E3B230460A68A844521B0A608AF8003096
:10582000FFF774FDBB45B6D83846E3E70846E1E725
:10583000487B0520002B2020E47A0520B07A052043
:10584000A07A05204A7B0520CC7A05200B4B0C4A18
:1058500012781978D3B28A420DD0013309480A4A26
:10586000092B0A4928BF0023C35C31F8131002EB4F
:105870004323585C70474FF0FF307047487B05204A
:105880004A7B0520E47A0520002B2020CC7A0520D5
:10589000044B10B51C680CB1204610BD00F0E0F8B8
:1058A000204610BDA07A05202DE9F84F144E154D65
:1058B00033782A78934221D0DCB2DFF85090DFF8B9
:1058C00050B0DFF85080104F0134082C5FFA84FA92
:1058D00001D90024A24619F80400DBF8003038F89A
:1058E000102037F81010521A9B1ACBF80030FFF72F
:1058F0000DFD86F800A02B78A342E5D1BDE8F88F16
:105900004A7B0520487B0520CC7A0520E47A0520D7
:10591000A07A0520B07A052000B583B001210DF1F1
:105920000700FFF723FF20B19DF8070003B05DF8E3
:1059300004FB4FF0FF30F9E7094B00B583B01B784B
:105940008DF807003BB101210DF10700FFF7B0FD15
:1059500003B05DF804FB03F0FF0003B05DF804FB47
:10596000537B0520044B1B7803F0FF020BB1FFF7BC
:105970009FBD1046704700BF537B05202DE9F041C5
:105980000024DFF8448001230D4D27460D4E88F892
:105990000030337828462035A34204F1010405D0B5
:1059A000FFF760FB030658BF07F50067042CF0D132
:1059B000BFF34F8F0023384688F80030BDE8F081F0
:1059C000A08901204F7B0520517B05202DE9F8435C
:1059D0001D4B1B7813B11D4D2A880AB9BDE8F88309
:1059E0001B4EC2F500691B4933784A461A4C01EB3D
:1059F00043181A4F04EBC324012340463B70214651
:105A00000023FFF7F5FA04EB0902BFF34F8F4FF0C5
:105A1000E023C3F8704F2034A242FAD8BFF34F8F6F
:105A2000BFF36F8F03204146FFF7FAFA3378013353
:105A3000DBB2032B88BF0023337000232B80BFF31E
:105A40004F8F3B70BDE8F883537B05203A7B0520E0
:105A50004F7B0520A0890120003B2020517B0520A1
:105A60002DE9F8432D4B1E7866B12D4F3B784BB98D
:105A70000123F1073B7043D4B20726D400233B70C7
:105A8000730701D4BDE8F883264B1A68002AF9D0C1
:105A9000EFF30582002AF5D1EFF3108572B618688E
:105AA000002834D0204C2178002930D101222270E6
:105AB00042691A60002A2ED0916105B962B60025AC
:105AC0008368457798472570DCE7DFF8648098F8AD
:105AD0000030002BD2D00025DFF858902B4659F823
:105AE00023400135236820461B69984710B163693C
:105AF0009B68984798F80020EBB29A42EFD8BDE730
:105B0000FFF7C6FE0028B7D0AFF30080B4E7002D42
:105B1000B8D162B6B6E7054B1A60CEE7567B0520D2
:105B2000447B052020730520427B05202C73052033
:105B3000437B05203073052070B5EFF3108272B6F9
:105B40000C4C206880B10C4E00254369236073B172
:105B50009D6102B962B6836845779847EFF310827A
:105B600072B620680028F0D102B962B670BD336009
:105B7000EFE700BF2873052024730520FFF7DCBF83
:105B80000449054A4968054B1960136801331360DD
:105B9000704700BF001000E0087B0520047B052053
:105BA00000230F2248F2B82C194610B54FF4704468
:105BB0004FF4806EA0F88C414FF46044A0F88E2121
:105BC0000A46A0F89031B0F888319BB243F0F00358
:105BD000A0F8883101EB4103013100EB43130429A4
:105BE0009C80A3F806E05A841A865A805A81A3F84A
:105BF0000EC05A82DA825A83DA83EBD1B0F8883148
:105C00009BB243F00F03A0F88831B0F888319BB203
:105C100043F47063A0F8883110BD00BF374B384A99
:105C2000996F384841F47F0170B5996741F20106D8
:105C3000D3F8801045F6C05543F226040A43C3F852
:105C40008020FFF7ADFF00F58040FFF7A9FF00F5CA
:105C50008040FFF7A5FF00F58040FFF7A1FF00227D
:105C6000A0F503104FF00F0E114600EB42134FEA60
:105C7000421C01329981042A5981A3F80EE09E82C8
:105C8000DD8020F80C1019829C81EED100221E4884
:105C90004FF00F0E41F20106114645F6C05543F292
:105CA000260400EB42134FEA421C01329981042A78
:105CB0005981A3F80EE09E82DD8020F80C10198235
:105CC0009C81EED1002211480F2641F201051146B8
:105CD00045F6C05443F2260E00EB42134FEA421C35
:105CE00001329981042A5981DE819D82DC8020F86D
:105CF0000C101982A3F80CE0EED170BD00C00F406B
:105D0000000003FC00C03D4000001E4000401E405B
:105D1000074A506A936A19468446506A936A9942C0
:105D2000F9D18445F7D1DB0B43EA4040704700BF0F
:105D300000400D4008B5D0E900325BB1BAB10F4B5D
:105D4000A3FB0213DB0803EB4303B2EB83030AD18B
:105D5000012008BD094BA3FB0213DB0803EB43033F
:105D6000B2EB830301D0D21A4260F02AF0D802F0DD
:105D700049FE1C22034600201A6008BDABAAAAAA4D
:105D800070B5044638B319B1B2FA82F67609A2B9F1
:105D9000206800B36268F2B1184B194902FB03F3A3
:105DA000B1EBB30F17D3A368E3B90022012322603C
:105DB0006260A260E260184670BD1D46049BC0E9A7
:105DC0000012C360FFF7B6FF03460028F3D06DB999
:105DD0000123184670BD02F015FE16220023026052
:105DE000184670BD002102F0A3FDDEE7626831466F
:105DF0002068A56002F09CFD0123DCE7ABAAAAAAFB
:105E00005555551503460846194602F0E3BD00BF37
:105E100090F8A32090F8A200101A704790F8A230D2
:105E200090F8A3209A4205D95A1C034480F8A22076
:105E3000987E70474FF0FF30704700BF90F8A23057
:105E400090F8A3209A4202D91844807E70474FF000
:105E5000FF307047704700BF0346B0F8300178B19B
:105E600093F82F21882A03D9012200205A60704715
:105E700002F1010C01201A4483F82FC182F8A51009
:105E8000704700BF38B5B0F830410CB9204638BD76
:105E900090F82F310546C3F18904A2420DD814466B
:105EA00005F1A50022461844FEF79CFA95F82F311B
:105EB0002046234485F82F3138BD01224260EFE7A8
:105EC0002DE9F04FD0F814A01524017E8146437EC1
:105ED00083B00AEB0111384A0AEB0313374F097AF2
:105EE00093F8283002EB01150901E86852F80180A7
:105EF00002EB0311D5F804B01B01CE68D558CBF8DE
:105F00000040C8F88400D8F804304A6803432C499C
:105F10000192C8F804301460C5F884606B6833439C
:105F20006B60284B4C683A68A3FB0232920C02EB80
:105F3000820252004B681B1B9A42FBD84FF0090C9F
:105F40001F4ADFF880E0D8F80830034202D0AB687F
:105F500033422FD1C5F8886054683968AEFB0131EF
:105F6000890C01EB810153681B1B9942FBD8C5F8D2
:105F7000846054683968AEFB0131890C01EB810102
:105F800053681B1B9942FBD8BCF1010CDBD1604666
:105F900099F81830019A0AEB0313DB68CBF800304C
:105FA00099F819300AEB031ADAF82C30136003B0B1
:105FB000BDE8F08F0120EBE7BC6A01208479012065
:105FC000001000E083DE1B430E4A10B5116804691F
:105FD00005E0DB0107D413685B1A102B08D863694E
:105FE00013F0007FF5D14FF4FE430120636110BD33
:105FF000FFF766FF0028FAD04FF4FE4301206361EB
:10600000F5E700BF087B05202DE9F04790F82FA1A8
:106010000569BAF1000F4FD081468846FFF7D4FFDB
:10602000002849D0374E0024376818E06B691905FD
:1060300051D4DA0455D4580559D4990441D432685E
:10604000D21B322A3DD8544507D9EA6D520704D1F4
:106050009B0555D4B8F1000F52D0FFF701FD544510
:10606000E4D8EA6D500702F00703DFD413E099F893
:10607000A5200133022442F48062042B2A661ED03C
:106080008A4503F1010309EB01020ED992F8A5201C
:10609000042B2A66CAD00121002CE8D02146013306
:1060A00001348A4509EB0102F0D8B8F1000FBDD0E8
:1060B0004FF400732B66B9E70420BDE8F087012494
:1060C000B4E72B694FF40072042043F440732B6152
:1060D0002A66BDE8F0872B69042043F440732B61E6
:1060E000EBE72B69052043F440732B61E5E72B694F
:1060F0004FF40072022043F440732B612A66DCE700
:106100000020DAE7087B05202DE9F84F83460C468E
:1061100015461F46D0F810A0FFF756FF002800F0E4
:106120009E806100012DDFF83C8140F20146CBB238
:106130004FF0000138BF0125D8F800900C461E43EF
:10614000ABF8A21020E09BF8A330872B3FD9DAF8F8
:10615000142010055AD412F4105F70D1D8F8003012
:10616000A3EB0903322B6AD89BF8A330AB4209D3C7
:10617000022C07D9DAF85C30590703D193054BD4C8
:10618000002F49D0FFF76CFC022CDCD8DAF85C3029
:1061900003F007025B07D6D4681E224440F48070E7
:1061A0004CB9CAF860600134131B032BCBD8022C06
:1061B000C9D8002CF5D0012C37D01FB14FF4007393
:1061C000CAF860309BF8A3300324872BBFD8DAF8D5
:1061D0005C2012F4E02FC2F3024CB8D0591C9C444E
:1061E0001933C9B25FFA8CFC5BFA83F3DAF87000FA
:1061F0004A1C61458BF8A310D1B203F8010FA6D059
:106200008929F3D1DAF814201005A4D5DAF8103072
:1062100043F44073CAF81030DAF85C3013F4E02F1E
:1062200006D19BF8A300BDE8F88FCAF86000BAE772
:10623000DAF8103043F40073CAF81030F1E7DAF8F6
:1062400010304FF4007243F44073CAF81030CAF8AB
:106250006020DAF85C3013F4E02FE2D0E8E70420A5
:10626000BDE8F88F087B0520F8B506690446D6F826
:10627000145115F4706301D0C6F81431A8070BD57A
:10628000D6F8702111043ED50023012184F8A230F4
:10629000234484F8A3109A76EB0710D594F8307154
:1062A000FFB194F82E7194F82F31BB4227D97B1C93
:1062B000274484F82E3197F8A530C6F8603115F4DC
:1062C000407F0DD094F8A30018B1D4F83C3103B14D
:1062D00098470023A4F8A230A4F82E3184F8303176
:1062E000F8BDD4F8383103B19847002384F82E3133
:1062F000012384F8303194F82F31BB42D7D80023E2
:10630000C6F86031DBE794F8A330872BC4D8591C5A
:10631000C9B2BDE70148FFF7A7BF00BF98790120C8
:106320000148FFF7A1BF00BFD87A01200148FFF75D
:106330009BBF00BF187C012010EE103A40F22A41AA
:10634000C3F30A528A42B7EEC03A32D8B7EE000B16
:106350002D4B93ED4A2B93ED481BB0EE417BA2EE03
:10636000037B17EE100A37EE417B00F01F0203EBB0
:10637000C20130B492EE037B93ED4C4B53F83240A4
:106380004D6893ED4E6B93ED505BA4EE076B27EEDB
:10639000074B00210A1905EBC033A5EE070B43ECB0
:1063A000172BA6EE040B30BC20EE070BB7EEC00B8C
:1063B000704713F5000F20D0B2F5FF6F1AD2DFED52
:1063C000137AB4EEE70AF1EE10FA10DCDFED107A82
:1063D000B4EEE70AF1EE10FA12D4DFED0E7AB4EE65
:1063E000E70AF1EE10FAB1D5002000F07DBC0020E4
:1063F00000F080BC30EE000A70479FED070A70473E
:10640000002000F06BBC00BF800200201772B14278
:10641000B4F1CFC2CF8ECEC20000000000F038BE73
:1064200010EE103AC3F30A52B2F5866FB7EEC07A97
:106430002ED2B7EE000B2A4B93ED402B32EE073BEA
:1064400013EE100A33EE423B00F01F0203EBC201D1
:1064500030B437EE437B93ED424B53F832404D68F6
:1064600093ED446B93ED465BA4EE076B27EE074B71
:1064700000210A1905EBC033A5EE070B43EC172BDF
:10648000A6EE040B30BC20EE070BB7EEC00B704736
:1064900013F5000F1ED0B2F5FF6F18D2B5EEC00A8B
:1064A000F1EE10FA10DCDFED0F6AB4EEE60AF1EE61
:1064B00010FA12D9DFED0C6AB4EEE60AF1EE10FA2A
:1064C000B7D5002000F010BC002000F013BC30EE67
:1064D000000A70479FED050A7047002000F0FEBBE0
:1064E00080020020000016C3000015C30000000059
:1064F00010EE103AB3F17E5F3ED0A3F50001B1F18A
:10650000FE4F10EE102A3AD2BFEE002B02F14043AC
:10651000284903F54D03C3F3C34001EB001091ED8F
:10652000424B91ED447B91ED406B91ED465BD90D73
:10653000C9052DED028B90ED021B90ED008B521AD8
:10654000DB1500EE103A03EE902AB8EEC00BB7EE62
:10655000E33A30EE010BA8EE032BBDEC028B22EEEA
:10656000023BA4EE027BA5EE020BA6EE037BA3EE9C
:10657000070BB7EEC00B70479FED0F0A704759002D
:1065800014D0B3F1FF4F14D0002B0BDBB1F17F4FD0
:1065900008D2DFED0A7A60EE277A17EE903AA3F17F
:1065A0003862B1E700EE103A00F0BCBB012000F009
:1065B000A7BB7047C8030020000000000000004B8C
:1065C00030B410EE103A2DED028BA3F5000110EE61
:1065D000902AB1F1FE4F10EE104A82B04FEA42010C
:1065E0007CD201F1FF3C6FF08070844580F0F78031
:1065F000002004F1404303F54D03C3F3C342DB0D18
:10660000DB05E11ADB1507EE903AB14B03EB021202
:1066100092ED003B04EE101AB7EEE06AB7EEC44A02
:10662000BFEE000BA3EE040B93ED443B20EE001BEA
:1066300093ED464B93ED402BA0EE034B93ED425B65
:1066400093ED483BA0EE025B21EE012B92ED028B15
:10665000B8EEE77B37EE087BA0EE037BA1EE047B70
:10666000A5EE027B26EE077B17EE903A48F2BF01BB
:10667000C3F3CF338B4250D2B7EE000B954B93ED63
:10668000402B37EE023B13EE102A33EE423B02F072
:106690001F01821803EBC10093ED424B37EE437BA1
:1066A00053F83140456893ED446B93ED465BA7EE9C
:1066B000046B27EE074B0023181905EBC231A7EE38
:1066C000050B41EC170BA6EE040B20EE070BB7EE03
:1066D000C00B02B0BDEC028B30BC70474D1E6FF09A
:1066E0008070854280F0CE8059004D1E854280F03A
:1066F0009280002B55DB0020B4F5000FBFF479AF7A
:10670000DFED757A07EE103A67EE277A17EE904ABA
:1067100024F00044A4F138646BE79FED656BB4EEA0
:10672000C67BF1EE10FA15DC9FED636BB4EEC67B11
:10673000F1EE10FA20DD4FF04C5388B10193DDEDFE
:10674000016ABFEE006A76EE666AF4EE466AF1EE22
:1067500010FA11D002B0BDEC028B30BC00F0CABA06
:106760000093DDED006AB7EE006A76EE866AF4EE1D
:10677000466AF1EE10FAEDD19FED516BB4EEC67B97
:10678000F1EE10FA57D99FED506BB4EEC67BF1EEE7
:1067900010FA7FF571AF02B0BDEC028B30BC00F097
:1067A000A3BAC2F3C7517E2911DD962954DC01201A
:1067B000C1F1960100FA01F1481E104207D11142C1
:1067C00014BF01200020000424F0004494E700EEF0
:1067D000103A02B0BDEC028B30BC00F0A3BA002925
:1067E00052D0B3F17E5F2CD06400B4F17F4F2ED82D
:1067F000B1F17F4F2BD1B4F1FE4F4BD0B4F1FE4F2E
:106800006FEA020234BF00240124D20F94424CD01C
:106810009FED320A5DE7002B20EE000A1EDB002010
:1068200000293AD1002ABFF654AF02B0BDEC028B6A
:1068300030BC00F065BA02B0BDEC028B30BC00F099
:106840004DBA82F48002520012F5000F22D907EEF1
:10685000903A37EEA00A3CE70020B5E7C2F3C753F1
:10686000A3F17F001728DAD8C3F19600012303FAB9
:1068700000F0441E1442D2D11040D1D0B1EE400AF3
:106880001846CDE70029AFD184F48002520012F5FA
:10689000000FDCD8B7EE000A1BE7002ABFF619AFDD
:1068A000F7EE007A87EE800A13E720EEA00A10E7E1
:1068B00071D5D1FFFFFF5F40E2AAA3FFFFFF5F405A
:1068C0000000000000C062C00000000000A062C024
:1068D000E8040020800200200000004B00000000BF
:1068E00030B510EE104AC4F30A53B3F57D7FB7EE0E
:1068F000C06A83B01BD226EE065BB3F5667F6ED30B
:1069000026EE052B25EE021B734B93ED1A3B93ED00
:10691000187B93ED164BA5EE037BA2EE046BB0EE55
:10692000460BA7EE010BB7EEC00B03B030BD40F233
:106930002E4293425ED8684991ED087B26EE077B94
:10694000FDEEC77B91ED0A5B17EE903A03F500036D
:106950001B1613F0020F07EE903A01F1700208BF08
:106960000A46D807B8EEE77BA7EE456B26EE067B16
:106970001BD403F0030301EBC30192ED1A4B91ED1D
:10698000002B92ED185B26EE026B92ED163BA7EE04
:10699000045B26EE074B27EE047BA4EE036BA5EE0B
:1069A000076BB7EEC60B03B030BD92ED142B27EE8C
:1069B000075B92ED126B92ED0E3BA7EE026B92ED30
:1069C0000C0B92ED104BA7EE030B27EE057BA5EE0B
:1069D000040BA6EE070BB7EEC00B03B030BD220DC3
:1069E00012F4FF6FDFD1B7EEC55B00EE104A8DEDFC
:1069F000015AD8E7B3F5FF6F4BD2384BC4F383622B
:106A000003EB820053F822200569C4F31603C4F394
:106A1000C25143F400038B40016A03FB02F2A3FB63
:106A20000110E3FB050202F100518D0F01F040411E
:106A3000511A01F08BFC2A4B9FED257B05EBD4749A
:106A400041EC160B14F0020FA3F1700208BF1346BD
:106A5000E90726EE077B27EE076B1FD404F003043B
:106A600002EBC40293ED1A4B92ED002B93ED185BF1
:106A700027EE027B93ED163BA6EE045B27EE064B5A
:106A800026EE046BA4EE037BA5EE067BB7EEC70BE8
:106A900089E703B0BDE8304000F044B993ED142B12
:106AA00026EE065B93ED127B93ED0E3BA6EE027B8A
:106AB00093ED0C0B93ED104BA6EE030B26EE056B3E
:106AC000A5EE040BA7EE060BB7EEC00B6BE700BFFD
:106AD000182D4454FB21193C100600203C6A01206B
:106AE000800600200000000038B510EE104AC4F304
:106AF0000A53B3F57D7FB7EEC07A1ED227EE077B2F
:106B0000B3F5667F6FD327EE071B634B93ED142B12
:106B100093ED125B93ED0E3BA7EE025B93ED0C0B36
:106B200093ED104BA7EE030B27EE017BA1EE040BB8
:106B3000A5EE070BB7EEC00B38BD40F22E429342D4
:106B400054D8554991ED086B27EE066BFDEEC66BE8
:106B500091ED0A5B16EE903A03F500031B1613F055
:106B6000020F06EE903A01F1700208BF0A46D807FC
:106B7000B8EEE66BA6EE457B27EE076B1AD503F061
:106B8000030301EBC30191ED002B92ED1A4B92ED43
:106B9000185B92ED163BA6EE045B27EE027B27EE18
:106BA000064B26EE046BA4EE037BA5EE067BB7EE48
:106BB000C70B38BD92ED142B92ED127B92ED0E3B7C
:106BC00092ED0C0B92ED104B26EE065BA6EE027BCF
:106BD000A6EE030B26EE056BA5EE040BA7EE060B47
:106BE000B7EEC00B38BDB7EE000A38BDB3F5FF6F86
:106BF0003DD22A4BC4F3836203EB820053F8222078
:106C00000569C4F31603C4F3C25143F400038B4077
:106C1000016A03FB02F2A3FB0110E3FB050202F190
:106C200000518D0F01F04041511A01F08FFB1C4BB8
:106C30009FED177B05EBD47441EC160B14F0020F9B
:106C4000A3F1700208BF1346E90726EE077B27EE83
:106C5000076B10D504F0030402EBC40292ED002B85
:106C600093ED1A4B93ED185B93ED163B93E7BDE85C
:106C7000384000F057B893ED142B93ED127B93ED51
:106C80000E3B93ED0C0B93ED104B9DE7AFF30080A3
:106C9000182D4454FB21193C100600203C6A0120A9
:106CA0008006002010B582B08DED010A044601F087
:106CB000A9FE9DED010A046002B010BD30B1F1EEF5
:106CC000407A27EE800A2220FFF7ECBFF0EE407AF0
:106CD00027EE800A2220FFF7E5BF00BF9FED010AE3
:106CE000FFF7ECBF000000109FED010AFFF7E6BFC1
:106CF0000000201A9FED010AFFF7E0BF00000070BE
:106D00009FED070AFFEE007AB7EE007A00284FF0F9
:106D1000220047FE277A87EE800AFFF7C3BF00BF35
:106D20000000000070EE407AB4EE400A87EEA77AC9
:106D3000F1EE10FAB0EE470A02D62120FFF7B2BFFB
:106D4000704700BF08B52DED028BB0EE408A00F011
:106D500045FAB4EE488AF1EE10FA06D6DFED098A5C
:106D6000B4EEE88AF1EE10FA02D4BDEC028B08BD55
:106D700001F048FE88EEA80ABDEC028B21230360D7
:106D800008BD00BF0000000010EE103A114A23F0C9
:106D90000043934218DDB3F1FF4F02DB30EE400AAF
:106DA000704700B583B0684600F01CFA400000F060
:106DB0000200DDED010A9DED000AC0F1010000F0C6
:106DC00087F803B05DF804FBDFED030A012000F053
:106DD0007FB800BFDA0F493F0000000030B52DED4D
:106DE000028B83B08DED010A019C24F00043B3F1C6
:106DF000FF4F10DB324B002C93ED007AD3ED007A7D
:106E000039DBF0EE406A87EE260A30EE270A03B03F
:106E1000BDEC028B30BD2B4A93420FDD284A2A4B32
:106E200092ED000AD3ED007A30EE670A002CB8BF6D
:106E3000B1EE400A03B0BDEC028B30BDB3F1105F80
:106E400023DBB3F17E5F214D29DB00F005FDD5ED9D
:106E5000007A20EE270A00F0F5FA194BD3ED007AFC
:106E6000D5ED006A95ED007A37EE000A86EE807A5D
:106E700037EEC70ADAE7DDED016A87EE260A30EE63
:106E8000670A03B0BDEC028B30BD0D4BDDED017A1E
:106E900093ED000A30EE270A20EE270AB7E795EDBA
:106EA000008A00F0D9FC28EE400A00F0CBFA95EDFC
:106EB000007A37EE007AF1EE407A87EE870AB5E77E
:106EC00090810120FFFFAF41948101209881012032
:106ED00008B510EE103A23F00042B2F1465FF0EE32
:106EE000407A0FDABDEEC07A17EE101AF9B9431CDA
:106EF000134300F09F80012803D0BFEE007A87EE95
:106F0000270A08BD50498A4211DB9FED507ADFED18
:106F1000506A002BBCBFF1EE600AF1EE407A77EECA
:106F2000677A36EEE07ADFED4B0A77EE277A67EE86
:106F3000A76ADFED494ADFED495A9FED495A9FEDB7
:106F4000496A414926EEA67A8A42E7EE245AA7EE1C
:106F5000056ADFED454A9FED455AE5EE874AA6EE04
:106F6000075ADFED435A9FED436AE4EE875AA5EED8
:106F7000076ADFED414A9FED415AE5EE874AA6EEEA
:106F8000075A9FED3F6ADFED3F5AA4EE876AE5EEB0
:106F9000075AB0EE467AA5EEA67A27EEA65AB0EECC
:106FA000606AA7EE056ADFED384AE6EE260AE5EEEE
:106FB000240A37EEA00A1FDA0128A2D0BFEE007A19
:106FC000C7EE006A314B10EE102A1A4006EE102A66
:106FD00016EE902A76EE677A134000EE103AB7EE7E
:106FE000007A70EEE70AF0EE477AE6EE007AE0EE1D
:106FF000807AA7EEA60A08BD07EE100AB8EEC77A97
:1070000060EE006A30EE070A9B1786EE806A03F096
:107010000203C3F10103F0EE005A36EE606A06EE99
:10702000903A77EEC67AF8EEE66AA7EEE57A26EEB3
:10703000870A08BD00F010FCB7EE007AF0EE407A47
:1070400087EE270A08BD00BF40A12C3FDA0F493F59
:1070500068212233000000005FAE9BB745F4A338DF
:107060008453D9377AC09538C8261A3AB937813946
:1070700016696B3B48DEBE3AA427B33C1F37113C70
:107080008988083ED10D5D3DABAAAA3E00F0FFFF06
:1070900010B582B0CDED010A019B23F00042B2F1A0
:1070A000FF4FF0EE407A30DC10EE100A20F0004185
:1070B000B1F1FF4F29DCB3F17E5F40D09C1704F0A3
:1070C000020444EAD07431B372B3B2F1FF4F3ED040
:1070D000B1F1FF4F28D0891AB1F1F45F4FEAE152C4
:1070E00032DA002B40DA3C323EDA9FED330A012CD3
:1070F0004CD0022C41D064B19FED307ADFED307A74
:1071000030EE070A30EE670A03E09DED017A37EEB4
:10711000270A02B010BD022C0ED09FED2A7A032C54
:1071200007FE000A02B010BD9FED270ADFED277AA7
:10713000002820FE270AECE79FED210AE9E702B0CC
:10714000BDE8104000F0B2BA9FED1F0ACFE7B1F1E1
:10715000FF4F04F1FF3420D0022C26D81C4B03EB48
:10716000840393ED000AD4E79DED017A87EE870A48
:1071700000F072FB00F09AFAB9E79FED107ADFEDAC
:10718000107A30EE070A37EEC00AC2E710EE103A66
:1071900003F1004300EE103ABBE7022C08D80D4B78
:1071A00003EB840393ED000AB3E79FED030AB0E716
:1071B0009FED090AADE700BF000000002EBDBB3304
:1071C000DB0F4940DB0F49C0DB0FC93FDB0FC9BFF5
:1071D000A81400209C140020DB0F493FB1EEC00A28
:1071E000704700BF70B510EE103A884A23F0004493
:1071F000944286B0054670DD854A944210EE106ACE
:1072000022DC002BDFED837A834A24F00F04B0EEFA
:10721000407A40F3E280944270EE677A09BFDFED76
:107220007F6A9FED7F7A9FED7F7A77EEE67A012085
:1072300077EEC76A77EEE67AC5ED006A77EEC77A31
:10724000C5ED017A06B070BD774A944254DDB4F1C1
:10725000FF4F49DAE215863AA4EBC25307EE903AA3
:10726000BDEEE77ADFED716AB8EEC77A77EEC77ADE
:107270008DED037A67EEA67ABDEEE77AB8EEC77AAF
:1072800077EEC77A8DED047A67EEA67AF5EE407A4E
:10729000F1EE10FACDED057A40F08E80B5EE407A31
:1072A000F1EE10FA14BF022301236149019102217A
:1072B000009103A8294600F0D7FA002EC2DA95ED16
:1072C000007AD5ED017AB1EE477AF1EE677A85ED75
:1072D000007AC5ED017A4042B4E7002285ED000A4C
:1072E0004260002006B070BD70EE407A0020C5ED0F
:1072F000017AC5ED007AA5E700F0AEFA9FED4D7A70
:107300009FED446AF6EE007AE0EE077A9FED447A4C
:10731000FDEEE77A17EE900AF8EEE76A1F28A6EE70
:10732000C60A66EE877AB1EE666A1EDC424A411EE4
:1073300024F0FF0352F82120934216D030EE677AF2
:1073400085ED007A30EE470A002E30EE670A85EDB3
:10735000010ABFF677AFB1EE477AB1EE400A85ED8C
:10736000007A85ED010A40426CE730EE677AE2155B
:1073700017EE103AC3F3C753C3EBD453082BDFDD2A
:107380009FED267A9FED275AF0EE405AE6EE075A17
:1073900070EE657AE6EE077AD6EE857A35EEE77A14
:1073A00017EE103AC3F3C753D21A192A06DCB0EE0F
:1073B000650A85ED007AC5E7032376E79FED1F7A1E
:1073C0009FED1F5AB0EE650AA6EE070A75EEC07A69
:1073D000E6EE077AD6EE857AB0E7944270EE277A29
:1073E00009BFDFED0E6A9FED0E7A9FED0E7A77EE04
:1073F000A67A4FF0FF3077EE876A77EEE67AC5ED32
:10740000006A77EE877AC5ED017A1BE7D80F493F0E
:10741000E3CB1640800FC93FD00FC93F004435373A
:107420004344353708A3852E800F4943000080432D
:10743000D874012084F9223FC06E012000A3852E5C
:1074400032318D2410EE102A894922F000438B42FC
:107450002AD9B3F1FF4F7ED800F0D680002AC0F2BF
:107460008A80844A934200F2F0809FED837A20EE76
:10747000077AF6EE007A77EE877A9FED806ADFED85
:10748000806AFDEEE77AB8EEE77A17EE903AF0EE12
:10749000407AE7EE467A27EE267A37EEC70A77EE8D
:1074A000C07A77EEC77A07E076498B4256D8B3F1B7
:1074B0004C5FC0F082800023B6EE003A20EE034A13
:1074C000DFED716A9FED716ADFED714A9FED715AD0
:1074D00020EE047AF7EE003AA7EE266ADFED6E6A38
:1074E000E6EE074AB0EE086AE4EE876AF1EE085A63
:1074F000A6EE875AF0EE636AE5EE076AA4EE666AC6
:10750000E0EE465A36EEC66AC6EE256A66EE876A31
:10751000002B4DD076EEE76A5A1CD6EE807A77EED5
:10752000C77A63D0012B51D05A1C392A33D8162B75
:1075300070DC4FF080721A41C2F17E5207EE102AC1
:1075400077EEC07A77EE677A17EE902A02EBC35394
:1075500000EE103A704730EE000A70474F498B42F8
:1075600079D8002ADFED457A47DB9FED457A70EE4A
:10757000677A012391E7DFED4A7A70EE277AF5EE1C
:10758000C07AF1EE10FA63D49FED3B7AFEEE007AFA
:1075900020EE077A6FE777EEC07A73EEE77A17EEA0
:1075A000902A02EBC35307EE903A37EEE30A704796
:1075B00090EE267A30EE470A7047DFED3A7A70EEA9
:1075C000277A77EEE77A30EE670A7047BDEE007AE9
:1075D000B4EEC70AF1EE10FA2ED530EE033AB8EE4B
:1075E000000A77EEC37A27EE800A704770EE677A5A
:1075F000BEEE000AA7EE830A70479FED2B7A70EE6D
:10760000277A4FF0FF3348E7FFEE007A002A20FE8A
:10761000270A7047C3F17F02D20507EE102A77EEE2
:10762000877A70EE677A77EEA37A17EE902A02EBEC
:10763000C35300EE103A704770EE677AB0EE007AEE
:10764000E7EE873AB0EE630A70470020FFF752BBBF
:10765000BFEE000A70479FED087AF6EE007AFEEE64
:10766000006A002A20EE077A67FEA67A03E700BFC9
:1076700043B895411772B1423BAAB83F8071313F80
:10768000D1F717371872B13EBBED57B4547E86362A
:10769000CD70A6B8898808BD010DD03A9115853FF7
:1076A0006042A20DCAF24971D1F717B738B510EE92
:1076B000105A25F00044B4F1A14FF0EE407A0ADBF5
:1076C000B4F1FF4F58DCDFED517A9FED517A002D78
:1076D00037FE870A38BD4F4B9C425CDCB4F1445FF7
:1076E0004DDB4FF0FF3327EEA76ADFED4B6ADFED8E
:1076F0004B5ADFED4B4A9FED4B5A9FED4B4A26EE1E
:10770000067A5A1CE7EE265ADFED486AA5EE875A3C
:10771000E7EE246ADFED465ADFED464AE6EE875A89
:10772000A5EE074A9FED445ADFED446AA5EE875A5D
:10773000E4EE074ADFED425AE4EE876AE5EE075AC7
:1077400066EE866A65EE875A3AD03E4A02EB8302BD
:1077500076EEA56A92ED007A3B4A96EEA77A02EBA6
:107760008303002DD3ED006A77EE677A36EEE70AE1
:10777000B0DAB1EE400A38BD30EE000A38BD9FEDF8
:10778000337A30EE077AF7EE006AB4EEE67AF1EE7D
:1077900010FAA6DD38BD00F05FF82D4B9C4216DCD8
:1077A000A3F5D0039C4227DCF0EE007ABFEE007A0E
:1077B000A0EE277A002330EE270AC7EE007A92E780
:1077C00076EEA56AE6EEE77AB0EE670A38BD214BA1
:1077D0009C420BDCF7EE087AB7EE007AA0EE277A2F
:1077E000022330EE670AC0EE077A7CE7BFEE007A2C
:1077F000C7EE007A032376E7F7EE007A30EE677A79
:1078000030EE270A0123C7EE007A6CE7DB0FC93F91
:10781000DB0FC9BFFFFFDF3ED769853C59DA4B3D1F
:1078200021A215BD356B883D6E2EBA3D6BF16EBD44
:1078300095879DBD2549123E388EE3BDABAAAA3E71
:10784000CDCC4CBEAC6A01209C6A0120CAF24971C1
:10785000FFFF973FFFFF1B4010EE103A23F000435D
:1078600000EE103A704700BF2DE9F04F2DED048B6C
:10787000DBB01C4603930691A04B6899089253F81D
:107880002150111D824604F1FF38C0F29882D31EA8
:1078900048BF131DDB1002930133DB000793DDE9C2
:1078A00007239B1A0593029B15EB0801A3EB080322
:1078B00016D401319FED927A699819441EAA002BC3
:1078C000A4BF50F8234007EE904A03F10103ACBF78
:1078D000F8EEE77AF0EE477A8B42E2EC017AEED1ED
:1078E000002DC0F2DB82039B1EAA02EB830446AE8E
:1078F0004FEA830C4046EF180AEB8301B8F1000F02
:10790000DFED7F7A09DB22465346F3EC016A32ED64
:10791000017A8B42E6EE877AF7D10130B842E6EC85
:10792000017A04F10404E9D10AAF07EB8503043BB3
:107930009FED759ADFED738A059804930AEB0C04AA
:1079400007EB850946AE00955AAB03EB8503002D86
:1079500013ED140A4FEA850B16DD06EB85033A4654
:1079600060EE097AB0EE407AFDEEE77A73ED016AD7
:10797000F8EEE77AB342A7EEE87A37EEA60ABDEE54
:10798000C77AA2EC017AEBD1019000F0DFFAB0EEF9
:10799000408AB4EE000A28EE000A00F091FAF2EEF6
:1079A000007AA0EE678A01980028FDEEC89AF8EEEA
:1079B000E97A38EE678A76DD05F1FF3EC0F108030B
:1079C00057F82E2042FA03FC0CFA03F3D31AC0F145
:1079D000070119EE902A47F82E300B416244002B24
:1079E00009EE902A67DCB5EE408AF1EE10FA40F01D
:1079F000BE80009A05F1FF3B5A450EDC4FEA850C2C
:107A000007EB850200219E4652F8043D4A4541EAB3
:107A10000301F9D1002940F0F180009B013B57F8A8
:107A20002330002B40F0E680049B4FF0010C53F80C
:107A3000042D0CF1010C002AF9D06B1CAC449E46BD
:107A40000299039A01EB030B0BF1804B69992A44CD
:107A50000BF1FF3B06EB83051EAB01EB8B0B03EB3E
:107A60008201DBED017A9FED267AF8EEE77AB8F134
:107A7000000F0BF1040BC1ED007A0A4601F104017D
:107A800009DB534601E072ED017AF3EC016AA3428F
:107A9000A6EEA77AF7D10EF1010EE645A5EC017A24
:107AA000DFDD654650E740F09B806B1E57F82330C2
:107AB000DB11002B97DD19EE902A002D02F1010257
:107AC00009EE902A40F39181396800297ED1012D79
:107AD00026D03A464FF0010C52F8041F002979D005
:107AE0000CF10102C1F58071954247F82C1016DDAA
:107AF00057F82210BB4407EB82020AE02C6E0120EB
:107B000000000000000080430000803B0000C93FEF
:107B10001168C1F1FF0142F8041B5A45F8D1012157
:107B200000280CDD012800F04181022807D105F171
:107B3000FF3C57F82C2002F03F0247F82C20022B84
:107B40007FF451AFB7EE000A30EE488A00293FF4C7
:107B50004AAF0993019000F0F9F938EE408A099B89
:107B60000198B5EE408AF1EE10FA3FF442AF984624
:107B7000DDE90732B0EE480A981A0195009D00F041
:107B8000E5F91FED207A019BB4EEC70AF1EE10FA79
:107B9000C0F255815FED247A059A60EE277A0832AB
:107BA000FDEEE77A0592F8EEE77A03F1010BA7EE16
:107BB000C70AFDEEE77ABDEEC00A10EE102A47F8BC
:107BC000232017EE903A47F82B302BE001224FF09C
:107BD000000C87E70CF1010CAC457FF47DAF9FE70B
:107BE000F6EE007AB4EEE78AF1EE10FA80F2EC805D
:107BF0000023F8E66B1C9E469C4621E7059B009DF2
:107C0000A3F1080257F82B300592F04653B9ACF1B6
:107C100004033B4453F8041D0BF1FF3B083A0029D1
:107C2000F8D005920598B7EE000A00F08FF9BBF185
:107C3000000FC0F229810BF1010646AA1FED4E7A12
:107C40004FEA860C07EB860302EB860273ED017A9E
:107C5000F8EEE77ABB4267EE807A20EE070A62ED23
:107C6000017AF3D1ACF1040346AA002D1FED596A45
:107C700002EB03044FF0000022DB8F49DFED8F7A27
:107C8000B0EE467A2246002303E0984208DBB1ECCE
:107C9000017AF2EC016A01339D42E6EE877AF4DA6A
:107CA0005AAB03EB8003584543ED287A4FEA800135
:107CB00000F10102A4F1040405D0002D1046DCDA25
:107CC000DFED7E7AECE7689A022A1DDC002A00F3D9
:107CD0008E8010D132ABDFED797A9C443CED017A95
:107CE000634577EE877AF9D143460BB1F1EE677AB7
:107CF000069BC3ED007A19EE903A03F007005BB0E3
:107D0000BDEC048BBDE8F08F689A032AF3D1BBF178
:107D1000000F00F0CB8032A813ED287A00EB8B0225
:107D20000BF1804372ED017AF0EE476A37EE277A65
:107D3000904277EEC77A82ED007A77EEA67AC2EDAE
:107D4000017AEFD1BBF1010F40F3B08001F5B472BD
:107D50000DEB020111ED287A9A0033A900EB8303A1
:107D600073ED017AF0EE476A37EE277A994277EEA3
:107D7000C77A83ED007A77EEA67AC3ED017AEFD168
:107D8000131DDFED4E7A0344083033ED017A98423B
:107D900077EE877AF9D14346002B58D10699329A6B
:107DA000339B0A604B60C1ED027AA4E705F1FF3C0A
:107DB00057F82C2002F07F0247F82C20BFE608235A
:107DC0000793002302936AE519EE903A002D03F120
:107DD000010309EE903AC8BF02233FF775AEF7EEF4
:107DE000007A37EEC88A0223FDE5002198E632AB1F
:107DF000DFED327A03EB860636ED017AB34277EE99
:107E0000877AF9D143469DED327A93BB069BBBF14D
:107E1000000FC3ED007A77EE677A0CDD33AA0123F9
:107E2000B2EC017A01339B4577EE877AF8DA434664
:107E30000BB1F1EE677A069BC3ED017A5BE7BDEE0D
:107E4000C00A9B4610EE102A47F82320EAE6DDED33
:107E5000326A9DED337A069BF1EE666AB1EE477A9F
:107E6000F1EE677AC3ED006A83ED017AC3ED027A21
:107E700041E7069BF1EE676ABBF1000F77EE677A88
:107E8000C3ED006ACADCD4E7689B022B0ADC002B36
:107E90000FDC7FF430AFDFED097A25E7039B4FEA73
:107EA000830C41E5689B032B7FF425AFDFED037A5C
:107EB00071E7DFED027AA5E7B814002000000000AA
:107EC00010EE102AC2F3C7537F3B162B22F000415D
:107ED0002ADC002B10EE100A18DB194919410A425E
:107EE00021D0DFED187A70EE277AF5EEC07AF1EE48
:107EF00010FA18DD002A04DA4FF4000242FA03F304
:107F0000184420EA010300EE103A7047DFED0D7AC5
:107F100070EE277AF5EEC07AF1EE10FA03DD002A52
:107F200008DB9FED090A7047B1F1FF4FFBD330EE3C
:107F3000000A7047FFEE007A002900FE270A70470A
:107F4000FFFF7F00CAF249710000000010EE103AF6
:107F500033F0004110EE102A27D0B1F1FF4F21D2AB
:107F600013F0FF4F22D1DFED2B7A2B4A60EE277AF8
:107F7000904217EE903A33DB4CF2503CC3F3C751BA
:107F8000604517EE902AA1F1190115DDDFED237A86
:107F9000DFED236AB0EE677A002B67FEA67A27EE44
:107FA000870A704730EE000A704770474CF2503C29
:107FB00060454FEAD151E9DC0144FE29E6DC0029A5
:107FC00015DC11F1160F19DB193122F0FF4242EADC
:107FD000C15207EE902A9FED130A27EE800A7047E0
:107FE000DFED117A07EE103A27EE270A704722F0EC
:107FF000FF4242EAC15300EE103A7047DFED0A7AC1
:10800000DFED0A6AB0EE677A002B67FEA67A27EEEC
:10801000870A70470000004CB03CFFFFCAF249716C
:10802000CAF249F1000000336042A20D6042A28D05
:1080300081F0004102E000BF83F0004330B54FEA19
:1080400041044FEA430594EA050F08BF90EA020F86
:108050001FBF54EA000C55EA020C7FEA645C7FEA19
:10806000655C00F0E2804FEA5454D4EB5555B8BF3C
:108070006D420CDD2C4480EA020281EA030382EAAD
:10808000000083EA010180EA020281EA0303362D3F
:1080900088BF30BD11F0004F4FEA01314FF4801C12
:1080A0004CEA113102D0404261EB410113F0004F24
:1080B0004FEA03334CEA133302D0524263EB4303DB
:1080C00094EA050F00F0A780A4F10104D5F1200E79
:1080D0000DDB02FA0EFC22FA05F2801841F10001D4
:1080E00003FA0EF2801843FA05F359410EE0A5F1A8
:1080F00020050EF1200E012A03FA0EFC28BF4CF0D9
:10810000020C43FA05F3C01851EBE37101F000458E
:1081100007D54FF0000EDCF1000C7EEB00006EEB9B
:108120000101B1F5801F1BD3B1F5001F0CD3490825
:108130005FEA30004FEA3C0C04F101044FEA44527C
:1081400012F5800F80F09A80BCF1004F08BF5FEA03
:10815000500C50F1000041EB045141EA050130BDE3
:108160005FEA4C0C404141EB0101013C28BFB1F5F5
:10817000801FE9D291F0000F04BF01460020B1FA40
:1081800081F308BF2033A3F10B03B3F120020CDA13
:108190000C3208DD02F1140CC2F10C0201FA0CF0F1
:1081A00021FA02F10CE002F11402D8BFC2F1200C56
:1081B00001FA02F120FA0CFCDCBF41EA0C0190400C
:1081C000E41AA2BF01EB0451294330BD6FEA040455
:1081D0001F3C1CDA0C340EDC04F11404C4F1200240
:1081E00020FA04F001FA02F340EA030021FA04F352
:1081F00045EA030130BDC4F10C04C4F1200220FAA9
:1082000002F001FA04F340EA0300294630BD21FAE6
:1082100004F0294630BD94F0000F83F4801306BFAC
:1082200081F480110134013D4EE77FEA645C18BFA0
:108230007FEA655C29D094EA050F08BF90EA020F37
:1082400005D054EA000C04BF1946104630BD91EA2F
:10825000030F1EBF0021002030BD5FEA545C05D132
:108260004000494128BF41F0004130BD14F5800471
:108270003CBF01F5801130BD01F0004545F0FE41E5
:1082800041F470014FF0000030BD7FEA645C1ABF1A
:10829000194610467FEA655C1CBF0B46024650EA51
:1082A000013406BF52EA033591EA030F41F400217D
:1082B00030BD00BF90F0000F04BF0021704730B503
:1082C0004FF4806404F132044FF000054FF00001D8
:1082D00050E700BF90F0000F04BF0021704730B599
:1082E0004FF4806404F1320410F0004548BF40426E
:1082F0004FF000013EE700BF42004FEAE2014FEAC3
:1083000031014FEA02701FBF12F07F4393F07F4F9D
:1083100081F06051704732F07F4208BF704793F0A0
:108320007F4F04BF41F40021704730B54FF46074B3
:1083300001F0004521F000411CE700BF50EA0102B6
:1083400008BF704730B54FF000050AE050EA01025F
:1083500008BF704730B511F0004502D5404261EBCF
:1083600041014FF4806404F132045FEA915C3FF410
:10837000D8AE4FF003025FEADC0C18BF03325FEAAD
:10838000DC0C18BF033202EBDC02C2F1200300FA5E
:1083900003FC20FA02F001FA03FE40EA0E0021FA83
:1083A00002F11444BDE600BF024B0146186800F01C
:1083B00003B800BF788101202DE9F04F01F10B06D1
:1083C000162E83B0044624D8102900F2BA8000F09B
:1083D000A3FA102618220220B54F3A44A2F1080150
:1083E00053688B4200F0BA805A68D96822F00302C1
:1083F0001A449D68E9608D60516841F00101204692
:10840000516003F1080500F08DFA284603B0BDE87D
:10841000F08F36F0070600F19480B14200F29180AF
:1084200000F07AFAB6F5FC7FC0F09A81730A00F08A
:108430008F80042B00F26F81B30903F1390003F13F
:10844000380CC3009A4F3B44A3F108055B689D427A
:1084500006D10CE0002980F22781DB689D4206D01E
:108460005A6822F00302911B0F29F3DD60463D6933
:10847000DFF850C265457CD06A6822F00302931B86
:108480000F2B00F37B81002BC7E904CC80F26C81B9
:10849000B2F5007F80F01A81D308796801334FEA82
:1084A000521E012202FA0EF20A4357F833E0C5F8D1
:1084B00008E007EBC3010839E9607A6047F83350F8
:1084C000CEF80C50831001219940914257D81142A7
:1084D00006D120F003004900114200F10400FAD057
:1084E00007EBC0094D468646D5F80C80454508D1B6
:1084F0001DE1002B80F22481D8F80C80454500F066
:108500001681D8F8042022F00302931B0F2BF0DD14
:108510002046D8E9025408EB060146F00106C8F8E7
:108520000460EC60A56043F00104C7E90411C1E9EF
:1085300002CC4C6048F8023000F0F4F908F108056C
:1085400002E00C2323600025284603B0BDE8F08F2D
:108550004FF4007340204FF03F0C73E7D3689A420A
:1085600008BF02307FF440AF3D69DFF858C1654570
:1085700082D17A688310012199409142A7D9BD68C0
:108580006B6823F003094E4503D8A9EB06030F2BB4
:108590007ADCDFF834B1474BDBF800201B6801328E
:1085A000334405EB090A00F0338103F580530F33A0
:1085B00023F47F6828F00F084146204600F010FAA7
:1085C000411C024600F0F380824500F2EE803A4BF7
:1085D000196841441960084600F04E81DBF800102C
:1085E000019301311BBFA2EB0A010918CBF800204F
:1085F000196012F0070B00F01781CBF108010A4453
:10860000CBF5805190440831A1EB0801C1F30B0A6E
:1086100051462046009200F0E3F9421CDDE90023B8
:1086200000F04F81801A00EB0A081968BA6048F020
:1086300001005144BD425060196000F02981B9F138
:108640000F0F40F227816868A9F10C0C2CF0070C81
:1086500000F0010040EA0C0068604FF0050E05EBE9
:108660000C00BCF10F0FC0E901EE00F2328150683E
:108670001546124B1A688A4238BF1960104B1A68A7
:108680008A4238BF196094E0AA1943F0010346F00A
:1086900001066E602046BA60536000F043F9083569
:1086A000284603B0BDE8F08FD9681A44A1E600BFA0
:1086B000687D01201C790520EC78052014790520BF
:1086C00018790520707D012070810120B2F5206F9E
:1086D0004FEA522363D3142B00F2B78003F15C01FD
:1086E000C9005B3307EB010E7958AEF1080E8E45D9
:1086F00000F091804B6823F00303934202D989680C
:108700008E45F7D1D1F80CE07A68C5E9021ECEF8A3
:108710000850CD60D6E6142B59D9542B00F29D8019
:10872000330B03F16F0003F16E0CC3008AE60EF108
:10873000010E1EF0030F05F108057FF4D5AE51E0E0
:10874000424445465368D8F80C1043F00103536087
:1087500055F8083F2046D9608B6000F0E3F8F3E657
:10876000F00806F1080237E62A442046536843F031
:1087700001035360083500F0D5F8E5E6A919204655
:1087800046F0010643F001046E60C7E90411C1E937
:1087900002CC4C60AB5000F0C5F80835D4E6930924
:1087A00003F13901C90038339CE7BD425FD0BD6891
:1087B000686820F003084645A8EB060302D80F2B93
:1087C0003FF762AF204600F0ADF80025BCE603F1AC
:1087D0005C0003F15B0CC30034E659F808394B45E3
:1087E00040F0968010F0030F00F1FF30F5D17B6868
:1087F00023EA01037B60490099423FF6C0AE19B9F4
:10880000BDE649000EF1040E1942FAD0704667E643
:1088100003F11008D0E69A104FF001087B6808FABF
:1088200002F21A437A6070E702EB08014942C1F391
:108830000B0A51462046009200F0D2F8431CDDE9B5
:1088400000237FF4EFAEDA46EFE6542B25D8130B66
:1088500003F16F01C9006E3344E7B3F5AA7F25D851
:10886000F30B03F1780003F1770CC300EAE5294B21
:10887000186840441860B1E6CAF30B0CBCF1000F55
:108880007FF4ACAEBD68C84448F001006860F0E613
:108890001546EEE60123536094E7B3F5AA7F23D88B
:1088A000D30B03F17801C90077331BE740F2545230
:1088B000934223D8B30C03F17D0003F17C0CC30079
:1088C000C0E5ABF1080BD844A8EB02084FF0000A52
:1088D000ABE605F108012046009300F0C3F9BD683E
:1088E000009B68681968C4E640F254518B420BD86B
:1088F000930C03F17D01C9007C33F3E64FF47E73E2
:108900007F204FF07E0C9DE54FF47E717E23E9E6DB
:108910007B6870E7EC780520014800F09DB800BF47
:10892000E8780520014800F099B800BFE8780520F4
:10893000830730B548D0541E002A3FD0CAB2034640
:1089400001E0013C3AD303F8012B9D07F9D1032C38
:108950002DD9CDB245EA05250F2C45EA054536D976
:10896000A4F1100222F00F0C03F1200EE6444FEAAE
:10897000121C03F1100242E9045542E9025510327B
:108980007245F8D10CF1010214F00C0F03EB021246
:1089900004F00F0C13D0ACF1040323F003030433F1
:1089A000134442F8045B9342FBD10CF003042CB156
:1089B000C9B21C4403F8011B9C42FBD130BD644684
:1089C0001346002CF4D1F9E703461446BFE71A46D4
:1089D000A446E0E713460A460146022000F0AEB87E
:1089E00038B5074D0022044608462A60FBF78EFE84
:1089F000431C00D038BD2B68002BFBD0236038BD52
:108A0000687A0520014B1868704700BF7881012003
:108A100070B50D4E0D4D761BB61006D0002455F8DE
:108A2000043B01349847A642F9D1094E094D761B03
:108A300000F01EFAB61006D0002455F8043B0134AD
:108A40009847A642F9D170BDB0200060B020006008
:108A5000C0200060B0200060704700BF704700BFBA
:108A600090F800F06DE9024520F007016FF0000C6E
:108A700010F0070491F820F040F049804FF0000416
:108A80006FF00700D1E9002391F840F000F10800F1
:108A900082FA4CF2A4FA8CF283FA4CF3A2FA8CF329
:108AA0004BBBD1E9022382FA4CF200F10800A4FA90
:108AB0008CF283FA4CF3A2FA8CF3E3B9D1E90423E4
:108AC00082FA4CF200F10800A4FA8CF283FA4CF31B
:108AD000A2FA8CF37BB9D1E9062301F1200182FAD5
:108AE0004CF200F10800A4FA8CF283FA4CF3A2FADB
:108AF0008CF3002BC6D0002A04BF04301A4612BAE9
:108B0000B2FA82F2FDE8024500EBD2007047D1E9EB
:108B1000002304F00305C4F100004FEAC50514F07A
:108B2000040F91F840F00CFA05F562EA05021CBF4B
:108B300063EA050362464FF00004A9E72DE9F04718
:108B4000DFF87CA00646DAF8000098460F4691460A
:108B5000FFF782FF184B1C6824B365681F2D24DCC7
:108B60005EB96B1C0235DAF80000636044F82570CA
:108B7000FFF774FF0020BDE8F08704EB85010123B7
:108B8000C1F88890D4F88821AB401A43022EC4F86B
:108B90008821C1F80881E4D1D4F88C211A43C4F8A3
:108BA0008C21DEE7054C1C60D7E7DAF80000FFF700
:108BB00055FF4FF0FF30DEE7507705205477052052
:108BC0005C7D0120F8B5244F0C460646FFF7A4FE55
:108BD000BB685D68C4F57E610F3125F003054B1954
:108BE00023F47F6323F00F03A3F58054B4F5805F73
:108BF00007DB00213046FFF7F3FEBB682B449842A9
:108C000004D03046FFF78EFE0020F8BD61423046AA
:108C1000FFF7E6FE01300DD0104ABB682D1B45F072
:108C200001055D60136830461B1B1360FFF77AFE79
:108C30000120F8BD00213046FFF7D2FEBA68831A42
:108C40000F2BDEDD43F001035360054B03491B6826
:108C5000C01A0860D5E700BF687D0120EC780520C8
:108C600070810120002961D0F8B50C460646FFF757
:108C700053FE54F8042C7B4FA4F1080522F00101A7
:108C800005EB010CB868DCF80430604523F0030301
:108C900000F08B80D207CCF8043032D454F8082C82
:108CA000AD1A1144AA6807F1080082426AD00CEBA1
:108CB0000304D4F804E0EC68D4601EF0010FA26055
:108CC00000F0978041F001036B60CCF80010B1F523
:108CD000007F35D27868CB080122490901338A40E8
:108CE000024357F833107A6007EBC302083AC5E92C
:108CF000021247F83350CD603046BDE8F840FFF728
:108D000011BE0CEB03025268D00710D4194407F1CE
:108D10000800DCF80830834273D0DCF80C20DA60FD
:108D2000936041F001036B606950D0E7704741F0F8
:108D30000103B1F5007F44F8043CCCF80010C9D31E
:108D4000B1F5206F4FEA512348D28B0903F1390066
:108D500003F13802C300F818FB580838984259D07C
:108D60005A6822F003028A4202D99B689842F7D1DE
:108D7000D868C5E902308560DD603046BDE8F8405E
:108D8000FFF7D0BD0CEB03025268D20763D40B444B
:108D9000DCE90212CA60916043F001026A60304669
:108DA000EB50BDE8F840FFF7BDBD0B44D10707D439
:108DB00054F8082CAD1A1344D5E90212CA60916028
:108DC00043F001026A60284ABD6012689A4293D853
:108DD000264B30461968FFF7F5FE8DE7142B0AD9AC
:108DE000542B1FD80B0B03F16F0003F16E02C3006D
:108DF000B1E719448DE703F15C0003F15B02C300A6
:108E0000A9E741F00103C7E90455C5E902006B6019
:108E1000695071E779689210012404FA02F20A435A
:108E20007A60A6E7B3F5AA7F06D8CB0B03F17800EA
:108E300003F17702C3008EE740F25452934206D802
:108E40008B0C03F17D0003F17C02C30083E74FF438
:108E50007E737E227FE741F001036B60CCF8001047
:108E60004AE700BF687D0120748101201C7905203C
:108E70005FF800F04D2000605FF800F0E51F006033
:108E80005FF800F0191600605FF800F0291E00601E
:108E90005FF800F06D1600600000000000000000A8
:048EA000F8B500BF62
:088EA40060CFFF7F0100000018
:108EAC0000000000000000000000000000000000B6
:108EBC0000000000000000000000000000000000A6
:108ECC000000000000000000000000000000000096
:108EDC000000000000000000000000000000000086
:108EEC000000000000000000000000000000000076
:108EFC000000000000000000000000000000000066
:108F0C000000000000000000000000000000000055
:108F1C000000000000000000000000000000000045
:108F2C000000000000000000000000000000000035
:108F3C000000000000000000000000000000000025
:108F4C000000000000000000000000000000000015
:108F5C000000000000000000000000000000000005
:108F6C0000000000000000000000000000000000F5
:108F7C0000000000000000000000000000000000E5
:108F8C0000000000000000000000000000000000D5
:108F9C0000000000000000000000000000000000C5
:108FAC0000000000000000000000000000000000B5
:108FBC0000000000000000000000000000000000A5
:108FCC000000000000000000000000000000000095
:108FDC000000000000000000000000000000000085
:108FEC000000000000000000000000000000000075
:108FFC000000000000000000000000000000000065
:10900C000000000000000000000000000000000054
:10901C000000000000000000000000000000000044
:10902C000000000000000000000000000000000034
:10903C000000000000000000000000000000000024
:10904C000000000000000000000000000000000014
:10905C000000000000000000000000000000000004
:10906C0000000000000000000000000000000000F4
:10907C0000000000000000000000000000000000E4
:10908C0000000000000000000000000000000000D4
:10909C0000000000000000000000000000000000C4
:1090AC0000000000000000000000000000000000B4
:1090BC0000000000000000000000000000000000A4
:1090CC000000000000000000000000000000000094
:1090DC000000000000000000000000000000000084
:1090EC000000000000000000000000000000000074
:1090FC000000000000000000000000000000000064
:10910C000000000000000000000000000000000053
:10911C000000000000000000000000000000000043
:10912C00000000000000F03F748515D3B0D9EF3F6C
:10913C000F89F96C58B5EF3F515B12D00193EF3F9B
:10914C007B517D3CB872EF3FAAB968318754EF3F31
:10915C003862756E7A38EF3FE1DE1FF59D1EEF3FEA
:10916C0015B7310AFE06EF3FCBA93A37A7F1EE3F10
:10917C002234124CA6DEEE3F2D89616008CEEE3F04
:10918C00272A36D5DABFEE3F824F9D562BB4EE3FE1
:10919C00295448DD07ABEE3F85553AB07EA4EE3F2F
:1091AC00CD3B7F669EA0EE3F745FECE8759FEE3F73
:1091BC008701EB7314A1EE3F13CE4C9989A5EE3FBA
:1091CC00DBA02A42E5ACEE3FE5C5CDB037B7EE3FAC
:1091DC0090F0A38291C4EE3F5D253EB203D5EE3FE5
:1091EC00ADD35A999FE8EE3F475EFBF276FFEE3F18
:1091FC009C5285DD9B19EF3F6990EFDC2037EF3FE8
:10920C0087A4FBDC1858EF3F5F9B7B33977CEF3FC9
:10921C00DA90A4A2AFA4EF3F40456E5B76D0EF3F4F
:10922C00000000000000E8429423914BF86AAC3F28
:10923C00F3C4FA50CEBFCE3FD6520CFF422EE63FBF
:10924C000000000000003843FE822B6547154740A4
:10925C009423914BF86ABC3EF3C4FA50CEBF2E3F18
:10926C00D6520CFF422E963FBEF3F879EC61F63FD6
:10927C001930965BC6FEDEBF3D88AF4AED71F53FF7
:10928C00A4FCD432680BDBBFB010F0F03995F43F7E
:10929C007BB71F0A8B41D7BF8503B8B095C9F33F85
:1092AC007BCF6D1AE99DD3BFA564880C190DF33FD4
:1092BC0031B6F2F39B1DD0BFA08E0B7B225EF23F2A
:1092CC00F07A3B1B1D7CC9BF3F341A4A4ABBF13FA5
:1092DC009F3CAF93E3F9C2BFBAE58AF05823F13F44
:1092EC005C8D78BFCB60B9BFA70099413F95F03F2B
:1092FC00CE5F47B69D6FAABF000000000000F03F94
:10930C000000000000000000AC479AFD8C60EE3FAE
:10931C003DF5249FCA38B33FA06A021FB3A4EC3FAB
:10932C00BA913854A976C43FE6FC6A573620EB3F15
:10933C00D2E4C44A0B84CE3F2DAAA163D1C2E93F2B
:10934C001C65C6F04506D43FED417803E686E83F40
:10935C00F89F1B2C9C8ED83F624853F5DC67E73F87
:10936C00CC7BB14EA4E0DC3F4D7E0AF7B612D7BFE2
:10937C00E0326849BFCADE3FDEE3FA9F4715E7BF1C
:10938C00B8C8355F4715F73FBEF3F879EC61F63F87
:10939C001930965BC6FEDEBF3D88AF4AED71F53FD6
:1093AC00A4FCD432680BDBBFB010F0F03995F43F5D
:1093BC007BB71F0A8B41D7BF8503B8B095C9F33F64
:1093CC007BCF6D1AE99DD3BFA564880C190DF33FB3
:1093DC0031B6F2F39B1DD0BFA08E0B7B225EF23F09
:1093EC00F07A3B1B1D7CC9BF3F341A4A4ABBF13F84
:1093FC009F3CAF93E3F9C2BFBAE58AF05823F13F23
:10940C005C8D78BFCB60B9BFA70099413F95F03F09
:10941C00CE5F47B69D6FAABF000000000000F03F72
:10942C000000000000000000AC479AFD8C60EE3F8D
:10943C003DF5249FCA38B33FA06A021FB3A4EC3F8A
:10944C00BA913854A976C43FE6FC6A573620EB3FF4
:10945C00D2E4C44A0B84CE3F2DAAA163D1C2E93F0A
:10946C001C65C6F04506D43FED417803E686E83F1F
:10947C00F89F1B2C9C8ED83F624853F5DC67E73F66
:10948C00CC7BB14EA4E0DC3F0B6E49C91676D23FC3
:10949C007AC675A06919D7BFDDBAA76C0AC7DE3FBB
:1094AC00C8F6BE484715E7BF2BB82A654715F73FE6
:1094BC00000000000000F03F000000000000F0BFC2
:1094CC00000000000000F0BF000000000000F03FB2
:1094DC0083C8C96D305F6441182D4454FB21F93F9A
:1094EC00000000000000F03F1C620CFDFFFFDFBF1E
:1094FC00198F06E15355A53F9D359AE887C056BF95
:10950C00C3F87B024393F93E03A695595455C5BF46
:10951C00C40B23057610813F24CF7437EB9429BFFD
:10952C00000000000000F03F000000000000F0BF51
:10953C00000000000000F0BF000000000000F03F41
:10954C0083C8C96D305F6441182D4454FB21F93F29
:10955C00000000000000F0BF1C620CFDFFFFDF3FAD
:10956C00198F06E15355A5BF9D359AE887C0563F24
:10957C00C3F87B024393F9BE03A695595455C5BF56
:10958C00C40B23057610813F24CF7437EB9429BF8D
:10959C0000803B4700000000000000000000E0409D
:1095AC000000000000A00C46CDCC4C3E000000009A
:1095BC00000000000AD7A33BCDCCCC3DCDCC4C3F1A
:1095CC00CDCC4C3EA69B443B9A99193E0000003FE3
:1095DC00CDCC4C3E00000000000000000000003F1D
:1095EC000000000000803B4700000000000000006D
:1095FC00000000000000003F0000000000803B471E
:10960C000000000000000000000000000000003F0F
:10961C000000000000803B4700000000000000003C
:10962C00000000000000003F0000000000803B47ED
:10963C0000000000000000000000803F000000005F
:10964C0000000000000000000000000000803B470C
:10965C000000000000007A44F304353F00000000D5
:10966C0000000000000000000000000000000000EE
:10967C00000000000000803F00000000000000001F
:10968C0000803B4700000000000000000000803F0D
:10969C000000803F0000803F0000803F00803B477F
:1096AC0000000000000000000000803F0000803F30
:1096BC000000803F0000803F0000DC430000803F42
:1096CC000000803F000000000000000000000000CF
:1096DC00F304353FF304353FFFFFFFFF00000000AC
:1096EC000000000000803B4700000000000000006C
:1096FC000000E0400000000000A00C46CDCC4C3E29
:10970C0000000000000000000AD7A33BCDCCCC3DEC
:10971C00CDCC4C3FCDCC4C3EA69B443B9A99193EAC
:10972C000000003FCDCC4C3E0000000000000000CB
:10973C000000003F0000000000803B4700000000DC
:10974C0000000000000000000000003F00000000CE
:10975C0000803B47000000000000000000000000FB
:10976C000000003F0000000000803B4700000000AC
:10977C0000000000000000000000003F000000009E
:10978C0000803B4700000000000000000000803F0C
:10979C0000000000000000000000000000000000BD
:1097AC0000803B470000000000007A44F304353F82
:1097BC00000000000000000000000000000000009D
:1097CC0000000000000000000000803F00000000CE
:1097DC000000000000803B4700000000000000007B
:1097EC000000803F0000803F0000803F0000803F71
:1097FC0000803B4700000000000000000000803F9C
:10980C000000803F0000803F0000803F0000DC43F0
:10981C000000803F0000803F0000000000000000BE
:10982C0000000000F304353FF304353FFFFFFFFF5A
:10983C00000000000000000000803B47000000001A
:10984C00000000000000E0400000000000A00C46FA
:10985C00CDCC4C3E00000000000000000AD7A33B1A
:10986C00CDCCCC3DCDCC4C3FCDCC4C3EA69B443B43
:10987C009A99193E0000003FCDCC4C3E00000000F0
:10988C00000000000000003F0000000000803B478B
:10989C000000000000000000000000000000003F7D
:1098AC000000000000803B470000000000000000AA
:1098BC00000000000000003F0000000000803B475B
:1098CC000000000000000000000000000000003F4D
:1098DC000000000000803B4700000000000000007A
:1098EC000000803F000000000000000000000000AD
:1098FC000000000000803B470000000000007A449C
:10990C00F304353F000000000000000000000000E0
:10991C000000000000000000000000000000803F7C
:10992C00000000000000000000803B470000000029
:10993C00000000000000803F0000803F0000803FDE
:10994C000000803F00803B4700000000000000004A
:10995C000000803F0000803F0000803F0000803FFF
:10996C000000DC430000803F0000803F000000004E
:10997C000000000000000000F304353FF304353F05
:10998C00FFFFFFFF0000000000000000000080400F
:10999C000000803F000000000000003FA69B443BFD
:1099AC009A99993E3333333F9A99993E6F12033B00
:1099BC00CDCCCC3E0000003FCDCC4C3E0000803FD7
:1099CC000000803F0000803F0000803F0000803F8F
:1099DC000000803F0000803F9A99193F0000003F33
:1099EC00CDCCCC3ECDCCCC3E9A99993E000000001B
:1099FC00000000000000000000000000000000005B
:109A0C000000000000803B47000000000000000048
:109A1C0000803B4700000000000000000000803F79
:109A2C000000803F0000803F0000803F0000803F2E
:109A3C00000000000000803F00000000000000005B
:109A4C0000803B47000000000000000000803B4706
:109A5C0000000000000000000000803F0000803F7C
:109A6C000000803F0000803F0000803F00000000AD
:109A7C000000803F000000000000000000803B4719
:109A8C00000000000000000000803B4700000000C8
:109A9C00000000000000803F0000803F0000803F7D
:109AAC000000803F0000803F000000000000803F6D
:109ABC00000000000000000000803B470000000098
:109ACC000000000000803B47000000000000000088
:109ADC000000803F0000803F0000803F0000803F7E
:109AEC000000803F000000000000803F00000000EC
:109AFC000000000000803B47000000000000000058
:109B0C0000803B4700000000000000000000803F88
:109B1C000000803F0000803F0000803F0000803F3D
:109B2C00000000000000803F00000000000000006A
:109B3C0000803B47000000000000000000803B4715
:109B4C0000000000000000000000803F0000803F8B
:109B5C000000803F0000803F0000803F00000000BC
:109B6C000000803F0000000000000000D0680120D1
:109B7C00040000000000803F0000DC430000803F38
:109B8C000000803FFFFFFFFF00000000000000000E
:109B9C00000080400000803F000000000000003FFB
:109BAC00A69B443B9A99993E3333333F9A99993EFD
:109BBC006F12033BCDCCCC3E0000003FCDCC4C3ED5
:109BCC000000803F0000803F0000803F0000803F8D
:109BDC000000803F0000803F0000803F9A99193FB1
:109BEC000000003FCDCCCC3ECDCCCC3E9A99993EDA
:109BFC000000000000000000000000000000000059
:109C0C00000000000000000000803B470000000046
:109C1C000000000000803B47000000000000000036
:109C2C000000803F0000803F0000803F0000803F2C
:109C3C000000803F000000000000803F000000009A
:109C4C000000000000803B47000000000000000006
:109C5C0000803B4700000000000000000000803F37
:109C6C000000803F0000803F0000803F0000803FEC
:109C7C00000000000000803F000000000000000019
:109C8C0000803B47000000000000000000803B47C4
:109C9C0000000000000000000000803F0000803F3A
:109CAC000000803F0000803F0000803F000000006B
:109CBC000000803F000000000000000000803B47D7
:109CCC00000000000000000000803B470000000086
:109CDC00000000000000803F0000803F0000803F3B
:109CEC000000803F0000803F000000000000803F2B
:109CFC00000000000000000000803B470000000056
:109D0C000000000000803B47000000000000000045
:109D1C000000803F0000803F0000803F0000803F3B
:109D2C000000803F000000000000803F00000000A9
:109D3C000000000000803B47000000000000000015
:109D4C0000803B4700000000000000000000803F46
:109D5C000000803F0000803F0000803F0000803FFB
:109D6C00000000000000803F000000000000000028
:109D7C00D0680120040000000000803F0000DC439C
:109D8C000000803F0000803FFFFFFFFF000000004D
:109D9C0000000000000080400000803F0000000038
:109DAC000000003FA69B443B9A99993E3333333FC6
:109DBC009A99993E6F12033BCDCCCC3E0000003FEC
:109DCC00CDCC4C3E0000803F0000803F0000803F27
:109DDC000000803F0000803F0000803F0000803F7B
:109DEC009A99193F0000003FCDCCCC3ECDCCCC3E57
:109DFC009A99993E0000000000000000000000004D
:109E0C0000000000000000000000000000803B4744
:109E1C00000000000000000000803B470000000034
:109E2C00000000000000803F0000803F0000803FE9
:109E3C000000803F0000803F000000000000803FD9
:109E4C00000000000000000000803B470000000004
:109E5C000000000000803B470000000000000000F4
:109E6C000000803F0000803F0000803F0000803FEA
:109E7C000000803F000000000000803F0000000058
:109E8C000000000000803B470000000000000000C4
:109E9C0000803B4700000000000000000000803FF5
:109EAC000000803F0000803F0000803F0000803FAA
:109EBC00000000000000803F0000000000000000D7
:109ECC0000803B47000000000000000000803B4782
:109EDC0000000000000000000000803F0000803FF8
:109EEC000000803F0000803F0000803F0000000029
:109EFC000000803F000000000000000000803B4795
:109F0C00000000000000000000803B470000000043
:109F1C00000000000000803F0000803F0000803FF8
:109F2C000000803F0000803F000000000000803FE8
:109F3C00000000000000000000803B470000000013
:109F4C000000000000803B47000000000000000003
:109F5C000000803F0000803F0000803F0000803FF9
:109F6C000000803F000000000000803F0000000067
:109F7C0000000000D0680120040000000000803FB9
:109F8C000000DC430000803F0000803FFFFFFFFF2C
:109F9C0000000000000000000000000000000000B5
:109FAC0000000040CDCC4C3F6F12033B9A99993E78
:109FBC000000803F0000803F0000003FABAAAA3E9B
:109FCC000000803ECDCC4C3EABAA2A3E2549123E29
:109FDC000000003E398EE33DCDCCCC3D8C2EBA3DFD
:109FEC00ABAAAA3DD9899D3D2549923D8988883DDA
:109FFC000000803DF1F0703D398E633D3694573D45
:10A00C00CDCC4C3D310C433D8C2E3A3D4316323D6C
:10A01C00ABAA2A3D0AD7233DD9891D3D26B4173D4D
:10A02C002549123DCB3D0D3D8988083D0821043D55
:10A03C000000003D0000803F000000000000000018
:10A04C000000000000000000000000000000000004
:10A05C0000000000000000000000000000000000F4
:10A06C0000000000000000000000000000000000E4
:10A07C0000000000000000000000000000000000D4
:10A08C0000000000000000000000000000000000C4
:10A09C0000000000000000000000000000000000B4
:10A0AC0000000000000000000000000000000000A4
:10A0BC000000000000000000000000000000000094
:10A0CC000000000000000000000000000000000084
:10A0DC000000000000000000000000000000000074
:10A0EC000000000000000000000000000000000064
:10A0FC000000000000000000000000000000000054
:10A10C000000000000000000000000000000000043
:10A11C000000000000000000000000000000000033
:10A12C000000000000000000000000000000000023
:10A13C0000000000000000000000003F00000000D4
:10A14C00000000000AD7A33BCDCCCC3DCDCC4C3F7E
:10A15C00CDCC4C3E000000000000FA45CDCCCC3DEF
:10A16C0000000000000000000000E04000000000C3
:10A17C0000A00C46CDCC4C3E0000000000000000BE
:10A18C000AD7A33BCDCCCC3DCDCC4C3FCDCC4C3E1B
:10A19C00A69B443B9A99193E0000003FCDCC4C3E07
:10A1AC0000000000000000000000003F0000000064
:10A1BC00000080400000803F000000000000003FD5
:10A1CC00A69B443B9A99993E3333333F9A99993ED7
:10A1DC006F12033BCDCCCC3E0000003FCDCC4C3EAF
:10A1EC000000803F0000803F0000803F0000803F67
:10A1FC000000803F0000803F0000803F9A99193F8B
:10A20C000000003FCDCCCC3ECDCCCC3E9A99993EB3
:10A21C000000000000000000000000000000000032
:10A22C0000000000000000003333B33E000000408B
:10A23C000000003F3333333F0000003FCDCC4C3F98
:10A24C003333B33E9A99193F000000000000000020
:10A25C000000003F0000003F6666663F0000000003
:10A26C000000000000000000000000003333C34079
:10A27C00000000009A99993EAE47E13D00000000B5
:10A28C00000000008FC2F53C9A99193E0000003F77
:10A29C000000003F0000803FCDCCCC3D00000040D2
:10A2AC00000000000AD7233C9A99993ECDCC4C3F34
:10A2BC009A99593FCDCCCC3D3333333F8FC2F53CCB
:10A2CC009A99193E00000000CDCCCC3D0000A04076
:10A2DC000000803E000000000000803F0000804035
:10A2EC00CDCC4C3F00000000000000000000003FFF
:10A2FC009A99993E3BDF7F3F000000000000803FB1
:10A30C003333B33E3333B33E295C8F3E0000000041
:10A31C00000020406666663F000000000000004020
:10A32C000000003F9A99193F9A99193F0000003F8D
:10A33C000000003F0000003F00000000DB0F49BFA1
:10A34C00E4CB1640E4CB16C000000080DB0F494084
:10A35C00DB0F49C00000C93F0000F0390000DA37BC
:10A36C000000A2330000842E0000502B0000C227F6
:10A37C000000D0220000C41F0000C61B00004417C0
:10A38C006E616E00696E66006F76660011190100D1
:10A39C0015190100191901001D1901000000704266
:10A3AC0000008C420000DC420000F042000002433E
:10A3BC00000020420000A0420000C8420000F04211
:10A3CC000000F042000070420000B4420000C8429D
:10A3DC000000F0420000F042000020420000A042C9
:10A3EC000000C8420000F0420000F0420000204291
:10A3FC000000A0420000C8420000F0420000F04201
:10A40C00000000000000E0C0000010C1000010C1FE
:10A41C000000A0C100000000000040C1000010C1FD
:10A42C00000040C1000090C1000000000000F0C11D
:10A43C00000080C10000B0C10000E0C100000000BD
:10A44C00000030C10000A8C10000A0C1000020C263
:10A45C00000000000000A0C1000000C20000E0C12C
:10A46C00000010C20002040507090B0002040507D6
:10A47C00090B0002030507090A0001030507080A76
:10A48C000002040607090B0002040507090A000272
:10A49C00030507080A0002030507080A0001030563
:10A4AC0006080A0002030507080B0001040507084B
:10A4BC000A0002030607090A0002030507090B003C
:10A4CC0002040607090A0001030406080A00020434
:10A4DC000709000305070A00030506070A00020422
:10A4EC000507090A0B000204050708090B00020402
:10A4FC0006080A000103040607090A000203050600
:10A50C0008090B000102030405060708090A0B00E1
:10A51C0002030708000105070A000105060A0002EC
:10A52C000307090001040507080B000203060708CE
:10A53C000B0001030507090B0001030507080B00BD
:10A54C00020406090A00010406080A0BD86F012050
:10A55C00E06F0120E86F0120F06F0120F86F0120FF
:10A56C0000700120087001201070012000001644BA
:10A57C000000824400A00C450020194500E02B454A
:10A58C000000C8430080CA440000164500002F4557
:10A59C0000C0414500007A4300C0DA4400802245E7
:10A5AC0000A03E4500C050450000C84300803B441D
:10A5BC000000164500802245004035450000AF43A1
:10A5CC000000164400001645003027450060384551
:10A5DC0086879CB8EBDA5F3AA09D53BB4001103CD8
:10A5EC003E3DA5BCFEF22D3DD73BBCBD7665A03EE5
:10A5FC007665A03ED73BBCBDFEF22D3D3E3DA5BCD5
:10A60C004001103CA09D53BBEBDA5F3A86879CB8A7
:10A61C0032318DA0900E493CB00AC93C2CC3163D7A
:10A62C0030FB483D742B7B3D05A9963D80B6AF3D74
:10A63C0036BDC83D2EBCE13D73B2FA3D86CF093E16
:10A64C008340163EB6AB223EA2102F3ECF6E3B3E51
:10A65C00C2C5473E0115543E135C603E7F9A6C3E6A
:10A66C00CCCF783EC07D823E938E883E229A8E3E21
:10A67C0031A0943E86A09A3EE59AA03E128FA63E4B
:10A68C00D47CAC3EEF63B23E2A44B83E4A1DBE3E7B
:10A69C0015EFC33E53B9C93ECA7BCF3E4136D53EBA
:10A6AC0080E8DA3E4F92E03E7533E63EBBCBEB3EA4
:10A6BC00EA5AF13ECBE0F63E275DFC3EE4E7003F74
:10A6CC003D9C033F824B063F9BF5083F6B9A0B3F2B
:10A6DC00DA390E3FCDD3103F2A68133FD9F6153F18
:10A6EC00C07F183FC6021B3FD17F1D3FCBF61F3FDB
:10A6FC009967223F25D2243F5636273F1594293F90
:10A70C004AEB2B3FDE3B2E3FBB85303FC9C8323F67
:10A71C00F304353F233A373F4268393F3B8F3B3F89
:10A72C00F9AE3D3F67C73F3F70D8413F00E2433F22
:10A73C0003E4453F65DE473F12D1493FF8BB4B3F31
:10A74C00029F4D3F1F7A4F3F3D4D513F4918533F9C
:10A75C0031DB543FE595563F5348583F6AF2593F19
:10A76C001A945B3F532D5D3F05BE5E3F2146603F13
:10A77C0098C5613F5A3C633F59AA643F880F663FB6
:10A78C00D86B673F3CBF683FA7096A3F0C4B6B3FD8
:10A79C005E836C3F93B26D3F9ED86E3F73F56F3FF7
:10A7AC000809713F5213723F4714733FDD0B743F1E
:10A7BC000BFA743FC6DE753F07BA763FC58B773F01
:10A7CC00F853783F9812793F9DC7793F02737A3FCF
:10A7DC00BE147B3FCDAC7B3F283B7C3FC9BF7C3F4D
:10A7EC00AC3A7D3FCCAB7D3F24137E3FB0707E3FB7
:10A7FC006DC47E3F580E7F3F6D4E7F3FAB847F3FD5
:10A80C000FB17F3F97D37F3F43EC7F3F11FB7F3FDF
:10A81C000000803F11FB7F3F43EC7F3F97D37F3F8E
:10A82C000FB17F3FAB847F3F6D4E7F3F580E7F3F14
:10A83C006DC47E3FB0707E3F24137E3FCCAB7D3F1A
:10A84C00AC3A7D3FC9BF7C3F283B7C3FCDAC7B3FC6
:10A85C00BE147B3F02737A3F9DC7793F9812793FB4
:10A86C00F853783FC58B773F07BA763FC6DE753F06
:10A87C000BFA743FDD0B743F4714733F5213723F56
:10A88C000809713F73F56F3F9ED86E3F93B26D3FD1
:10A89C005E836C3F0C4B6B3FA7096A3F3CBF683F24
:10A8AC00D86B673F880F663F59AA643F5A3C633F99
:10A8BC0098C5613F2146603F05BE5E3F532D5D3F0D
:10A8CC001A945B3F6AF2593F5348583FE595563FFF
:10A8DC0031DB543F4918533F3D4D513F1F7A4F3F99
:10A8EC00029F4D3FF8BB4B3F12D1493F65DE473FBE
:10A8FC0003E4453F00E2433F70D8413F67C73F3F09
:10A90C00F9AE3D3F3B8F3B3F4268393F233A373FDF
:10A91C00F304353FC9C8323FBB85303FDE3B2E3F89
:10A92C004AEB2B3F1594293F5636273F25D2243F1F
:10A93C009967223FCBF61F3FD17F1D3FC6021B3FBD
:10A94C00C07F183FD9F6153F2A68133FCDD3103F6F
:10A95C00DA390E3F6B9A0B3F9BF5083F824B063F53
:10A96C003D9C033FE4E7003F275DFC3ECBE0F63E19
:10A97C00EA5AF13EBBCBEB3E7533E63E4F92E03EDE
:10A98C0080E8DA3E4136D53ECA7BCF3E53B9C93E4C
:10A99C0015EFC33E4A1DBE3E2A44B83EEF63B23E9D
:10A9AC00D47CAC3E128FA63EE59AA03E86A09A3E81
:10A9BC0031A0943E229A8E3E938E883EC07D823E7C
:10A9CC00CCCF783E7F9A6C3E135C603E0115543EB2
:10A9DC00C2C5473ECF6E3B3EA2102F3EB6AB223EC9
:10A9EC008340163E86CF093E73B2FA3D2EBCE13D44
:10A9FC0036BDC83D80B6AF3D05A9963D742B7B3D59
:10AA0C0030FB483D2CC3163DB00AC93C900E493C66
:10AA1C0099EA0C25900E49BCB00AC9BC2CC316BDD2
:10AA2C0030FB48BD742B7BBD05A996BD80B6AFBD70
:10AA3C0036BDC8BD2EBCE1BD73B2FABD86CF09BE12
:10AA4C00834016BEB6AB22BEA2102FBECF6E3BBE4D
:10AA5C00C2C547BE011554BE135C60BE7F9A6CBE66
:10AA6C00CCCF78BEC07D82BE938E88BE229A8EBE1D
:10AA7C0031A094BE86A09ABEE59AA0BE128FA6BE47
:10AA8C00D47CACBEEF63B2BE2A44B8BE4A1DBEBE77
:10AA9C0015EFC3BE53B9C9BECA7BCFBE4136D5BEB6
:10AAAC0080E8DABE4F92E0BE7533E6BEBBCBEBBEA0
:10AABC00EA5AF1BECBE0F6BE275DFCBEE4E700BF70
:10AACC003D9C03BF824B06BF9BF508BF6B9A0BBF27
:10AADC00DA390EBFCDD310BF2A6813BFD9F615BF14
:10AAEC00C07F18BFC6021BBFD17F1DBFCBF61FBFD7
:10AAFC00996722BF25D224BF563627BF159429BF8C
:10AB0C004AEB2BBFDE3B2EBFBB8530BFC9C832BF63
:10AB1C00F30435BF233A37BF426839BF3B8F3BBF85
:10AB2C00F9AE3DBF67C73FBF70D841BF00E243BF1E
:10AB3C0003E445BF65DE47BF12D149BFF8BB4BBF2D
:10AB4C00029F4DBF1F7A4FBF3D4D51BF491853BF98
:10AB5C0031DB54BFE59556BF534858BF6AF259BF15
:10AB6C001A945BBF532D5DBF05BE5EBF214660BF0F
:10AB7C0098C561BF5A3C63BF59AA64BF880F66BFB2
:10AB8C00D86B67BF3CBF68BFA7096ABF0C4B6BBFD4
:10AB9C005E836CBF93B26DBF9ED86EBF73F56FBFF3
:10ABAC00080971BF521372BF471473BFDD0B74BF1A
:10ABBC000BFA74BFC6DE75BF07BA76BFC58B77BFFD
:10ABCC00F85378BF981279BF9DC779BF02737ABFCB
:10ABDC00BE147BBFCDAC7BBF283B7CBFC9BF7CBF49
:10ABEC00AC3A7DBFCCAB7DBF24137EBFB0707EBFB3
:10ABFC006DC47EBF580E7FBF6D4E7FBFAB847FBFD1
:10AC0C000FB17FBF97D37FBF43EC7FBF11FB7FBFDB
:10AC1C00000080BF11FB7FBF43EC7FBF97D37FBF8A
:10AC2C000FB17FBFAB847FBF6D4E7FBF580E7FBF10
:10AC3C006DC47EBFB0707EBF24137EBFCCAB7DBF16
:10AC4C00AC3A7DBFC9BF7CBF283B7CBFCDAC7BBFC2
:10AC5C00BE147BBF02737ABF9DC779BF981279BFB0
:10AC6C00F85378BFC58B77BF07BA76BFC6DE75BF02
:10AC7C000BFA74BFDD0B74BF471473BF521372BF52
:10AC8C00080971BF73F56FBF9ED86EBF93B26DBFCD
:10AC9C005E836CBF0C4B6BBFA7096ABF3CBF68BF20
:10ACAC00D86B67BF880F66BF59AA64BF5A3C63BF95
:10ACBC0098C561BF214660BF05BE5EBF532D5DBF09
:10ACCC001A945BBF6AF259BF534858BFE59556BFFB
:10ACDC0031DB54BF491853BF3D4D51BF1F7A4FBF95
:10ACEC00029F4DBFF8BB4BBF12D149BF65DE47BFBA
:10ACFC0003E445BF00E243BF70D841BF67C73FBF05
:10AD0C00F9AE3DBF3B8F3BBF426839BF233A37BFDB
:10AD1C00F30435BFC9C832BFBB8530BFDE3B2EBF85
:10AD2C004AEB2BBF159429BF563627BF25D224BF1B
:10AD3C00996722BFCBF61FBFD17F1DBFC6021BBFB9
:10AD4C00C07F18BFD9F615BF2A6813BFCDD310BF6B
:10AD5C00DA390EBF6B9A0BBF9BF508BF824B06BF4F
:10AD6C003D9C03BFE4E700BF275DFCBECBE0F6BE15
:10AD7C00EA5AF1BEBBCBEBBE7533E6BE4F92E0BEDA
:10AD8C0080E8DABE4136D5BECA7BCFBE53B9C9BE48
:10AD9C0015EFC3BE4A1DBEBE2A44B8BEEF63B2BE99
:10ADAC00D47CACBE128FA6BEE59AA0BE86A09ABE7D
:10ADBC0031A094BE229A8EBE938E88BEC07D82BE78
:10ADCC00CCCF78BE7F9A6CBE135C60BE011554BEAE
:10ADDC00C2C547BECF6E3BBEA2102FBEB6AB22BEC5
:10ADEC00834016BE86CF09BE73B2FABD2EBCE1BD40
:10ADFC0036BDC8BD80B6AFBD05A996BD742B7BBD55
:10AE0C0030FB48BD2CC316BDB00AC9BC900E49BC62
:10AE1C00000080BF00007EBF00007CBF00007ABF36
:10AE2C00000078BF000076BF000074BF000072BF46
:10AE3C00000070BF00006EBF00006CBF00006ABF56
:10AE4C00000068BF000066BF000064BF000062BF66
:10AE5C00000060BF00005EBF00005CBF00005ABF76
:10AE6C00000058BF000056BF000054BF000052BF86
:10AE7C00000050BF00004EBF00004CBF00004ABF96
:10AE8C00000048BF000046BF000044BF000042BFA6
:10AE9C00000040BF00003EBF00003CBF00003ABFB6
:10AEAC00000038BF000036BF000034BF000032BFC6
:10AEBC00000030BF00002EBF00002CBF00002ABFD6
:10AECC00000028BF000026BF000024BF000022BFE6
:10AEDC00000020BF00001EBF00001CBF00001ABFF6
:10AEEC00000018BF000016BF000014BF000012BF06
:10AEFC00000010BF00000EBF00000CBF00000ABF16
:10AF0C00000008BF000006BF000004BF000002BF25
:10AF1C00000000BF0000FCBE0000F8BE0000F4BE44
:10AF2C000000F0BE0000ECBE0000E8BE0000E4BE75
:10AF3C000000E0BE0000DCBE0000D8BE0000D4BEA5
:10AF4C000000D0BE0000CCBE0000C8BE0000C4BED5
:10AF5C000000C0BE0000BCBE0000B8BE0000B4BE05
:10AF6C000000B0BE0000ACBE0000A8BE0000A4BE35
:10AF7C000000A0BE00009CBE000098BE000094BE65
:10AF8C00000090BE00008CBE000088BE000084BE95
:10AF9C00000080BE000078BE000070BE000068BEDD
:10AFAC00000060BE000058BE000050BE000048BE4D
:10AFBC00000040BE000038BE000030BE000028BEBD
:10AFCC00000020BE000018BE000010BE000008BE2D
:10AFDC00000000BE0000F0BD0000E0BD0000D0BDD0
:10AFEC000000C0BD0000B0BD0000A0BD000090BDC1
:10AFFC00000080BD000060BD000040BD000020BD11
:10B00C00000000BD0000C0BC000080BC000000BC03
:10B01C00000000000000003C0000803C0000C03C30
:10B02C000000003D0000203D0000403D0000603D60
:10B03C000000803D0000903D0000A03D0000B03DB0
:10B04C000000C03D0000D03D0000E03D0000F03DA0
:10B05C000000003E0000083E0000103E0000183EBC
:10B06C000000203E0000283E0000303E0000383E2C
:10B07C000000403E0000483E0000503E0000583E9C
:10B08C000000603E0000683E0000703E0000783E0C
:10B09C000000803E0000843E0000883E00008C3E94
:10B0AC000000903E0000943E0000983E00009C3E44
:10B0BC000000A03E0000A43E0000A83E0000AC3EF4
:10B0CC000000B03E0000B43E0000B83E0000BC3EA4
:10B0DC000000C03E0000C43E0000C83E0000CC3E54
:10B0EC000000D03E0000D43E0000D83E0000DC3E04
:10B0FC000000E03E0000E43E0000E83E0000EC3EB4
:10B10C000000F03E0000F43E0000F83E0000FC3E63
:10B11C000000003F0000023F0000043F0000063F1B
:10B12C000000083F00000A3F00000C3F00000E3FEB
:10B13C000000103F0000123F0000143F0000163FBB
:10B14C000000183F00001A3F00001C3F00001E3F8B
:10B15C000000203F0000223F0000243F0000263F5B
:10B16C000000283F00002A3F00002C3F00002E3F2B
:10B17C000000303F0000323F0000343F0000363FFB
:10B18C000000383F00003A3F00003C3F00003E3FCB
:10B19C000000403F0000423F0000443F0000463F9B
:10B1AC000000483F00004A3F00004C3F00004E3F6B
:10B1BC000000503F0000523F0000543F0000563F3B
:10B1CC000000583F00005A3F00005C3F00005E3F0B
:10B1DC000000603F0000623F0000643F0000663FDB
:10B1EC000000683F00006A3F00006C3F00006E3FAB
:10B1FC000000703F0000723F0000743F0000763F7B
:10B20C000000783F00007A3F00007C3F00007E3F4A
:10B21C000000803F00007E3F00007C3F00007A3F32
:10B22C000000783F0000763F0000743F0000723F42
:10B23C000000703F00006E3F00006C3F00006A3F52
:10B24C000000683F0000663F0000643F0000623F62
:10B25C000000603F00005E3F00005C3F00005A3F72
:10B26C000000583F0000563F0000543F0000523F82
:10B27C000000503F00004E3F00004C3F00004A3F92
:10B28C000000483F0000463F0000443F0000423FA2
:10B29C000000403F00003E3F00003C3F00003A3FB2
:10B2AC000000383F0000363F0000343F0000323FC2
:10B2BC000000303F00002E3F00002C3F00002A3FD2
:10B2CC000000283F0000263F0000243F0000223FE2
:10B2DC000000203F00001E3F00001C3F00001A3FF2
:10B2EC000000183F0000163F0000143F0000123F02
:10B2FC000000103F00000E3F00000C3F00000A3F12
:10B30C000000083F0000063F0000043F0000023F21
:10B31C000000003F0000FC3E0000F83E0000F43E40
:10B32C000000F03E0000EC3E0000E83E0000E43E71
:10B33C000000E03E0000DC3E0000D83E0000D43EA1
:10B34C000000D03E0000CC3E0000C83E0000C43ED1
:10B35C000000C03E0000BC3E0000B83E0000B43E01
:10B36C000000B03E0000AC3E0000A83E0000A43E31
:10B37C000000A03E00009C3E0000983E0000943E61
:10B38C000000903E00008C3E0000883E0000843E91
:10B39C000000803E0000783E0000703E0000683ED9
:10B3AC000000603E0000583E0000503E0000483E49
:10B3BC000000403E0000383E0000303E0000283EB9
:10B3CC000000203E0000183E0000103E0000083E29
:10B3DC000000003E0000F03D0000E03D0000D03DCC
:10B3EC000000C03D0000B03D0000A03D0000903DBD
:10B3FC000000803D0000603D0000403D0000203D0D
:10B40C000000003D0000C03C0000803C0000003CFF
:10B41C0000000000000000BC000080BC0000C0BCAC
:10B42C00000000BD000020BD000040BD000060BD5C
:10B43C00000080BD000090BD0000A0BD0000B0BDAC
:10B44C000000C0BD0000D0BD0000E0BD0000F0BD9C
:10B45C00000000BE000008BE000010BE000018BEB8
:10B46C00000020BE000028BE000030BE000038BE28
:10B47C00000040BE000048BE000050BE000058BE98
:10B48C00000060BE000068BE000070BE000078BE08
:10B49C00000080BE000084BE000088BE00008CBE90
:10B4AC00000090BE000094BE000098BE00009CBE40
:10B4BC000000A0BE0000A4BE0000A8BE0000ACBEF0
:10B4CC000000B0BE0000B4BE0000B8BE0000BCBEA0
:10B4DC000000C0BE0000C4BE0000C8BE0000CCBE50
:10B4EC000000D0BE0000D4BE0000D8BE0000DCBE00
:10B4FC000000E0BE0000E4BE0000E8BE0000ECBEB0
:10B50C000000F0BE0000F4BE0000F8BE0000FCBE5F
:10B51C00000000BF000002BF000004BF000006BF17
:10B52C00000008BF00000ABF00000CBF00000EBFE7
:10B53C00000010BF000012BF000014BF000016BFB7
:10B54C00000018BF00001ABF00001CBF00001EBF87
:10B55C00000020BF000022BF000024BF000026BF57
:10B56C00000028BF00002ABF00002CBF00002EBF27
:10B57C00000030BF000032BF000034BF000036BFF7
:10B58C00000038BF00003ABF00003CBF00003EBFC7
:10B59C00000040BF000042BF000044BF000046BF97
:10B5AC00000048BF00004ABF00004CBF00004EBF67
:10B5BC00000050BF000052BF000054BF000056BF37
:10B5CC00000058BF00005ABF00005CBF00005EBF07
:10B5DC00000060BF000062BF000064BF000066BFD7
:10B5EC00000068BF00006ABF00006CBF00006EBFA7
:10B5FC00000070BF000072BF000074BF000076BF77
:10B60C00000078BF00007ABF00007CBF00007EBF46
:10B61C0000807FBF00807FBF00807DBF00807DBF2A
:10B62C0000807BBF00807BBF008079BF008079BF2A
:10B63C00008077BF008077BF008075BF008075BF2A
:10B64C00008073BF008073BF008071BF008071BF2A
:10B65C0000806FBF00806FBF00806DBF00806DBF2A
:10B66C0000806BBF00806BBF008069BF008069BF2A
:10B67C00008067BF008067BF008065BF008065BF2A
:10B68C00008063BF008063BF008061BF008061BF2A
:10B69C0000805FBF00805FBF00805DBF00805DBF2A
:10B6AC0000805BBF00805BBF008059BF008059BF2A
:10B6BC00008057BF008057BF008055BF008055BF2A
:10B6CC00008053BF008053BF008051BF008051BF2A
:10B6DC0000804FBF00804FBF00804DBF00804DBF2A
:10B6EC0000804BBF00804BBF008049BF008049BF2A
:10B6FC00008047BF008047BF008045BF008045BF2A
:10B70C00008043BF008043BF008041BF008041BF29
:10B71C0000803FBF00803FBF00803DBF00803DBF29
:10B72C0000803BBF00803BBF008039BF008039BF29
:10B73C00008037BF008037BF008035BF008035BF29
:10B74C00008033BF008033BF008031BF008031BF29
:10B75C0000802FBF00802FBF00802DBF00802DBF29
:10B76C0000802BBF00802BBF008029BF008029BF29
:10B77C00008027BF008027BF008025BF008025BF29
:10B78C00008023BF008023BF008021BF008021BF29
:10B79C0000801FBF00801FBF00801DBF00801DBF29
:10B7AC0000801BBF00801BBF008019BF008019BF29
:10B7BC00008017BF008017BF008015BF008015BF29
:10B7CC00008013BF008013BF008011BF008011BF29
:10B7DC0000800FBF00800FBF00800DBF00800DBF29
:10B7EC0000800BBF00800BBF008009BF008009BF29
:10B7FC00008007BF008007BF008005BF008005BF29
:10B80C00008003BF008003BF008001BF008001BF28
:10B81C000000FFBE0000FFBE0000FBBE0000FBBE30
:10B82C000000F7BE0000F7BE0000F3BE0000F3BE40
:10B83C000000EFBE0000EFBE0000EBBE0000EBBE50
:10B84C000000E7BE0000E7BE0000E3BE0000E3BE60
:10B85C000000DFBE0000DFBE0000DBBE0000DBBE70
:10B86C000000D7BE0000D7BE0000D3BE0000D3BE80
:10B87C000000CFBE0000CFBE0000CBBE0000CBBE90
:10B88C000000C7BE0000C7BE0000C3BE0000C3BEA0
:10B89C000000BFBE0000BFBE0000BBBE0000BBBEB0
:10B8AC000000B7BE0000B7BE0000B3BE0000B3BEC0
:10B8BC000000AFBE0000AFBE0000ABBE0000ABBED0
:10B8CC000000A7BE0000A7BE0000A3BE0000A3BEE0
:10B8DC0000009FBE00009FBE00009BBE00009BBEF0
:10B8EC00000097BE000097BE000093BE000093BE00
:10B8FC0000008FBE00008FBE00008BBE00008BBE10
:10B90C00000087BE000087BE000083BE000083BE1F
:10B91C0000007EBE00007EBE000076BE000076BE3B
:10B92C0000006EBE00006EBE000066BE000066BE6B
:10B93C0000005EBE00005EBE000056BE000056BE9B
:10B94C0000004EBE00004EBE000046BE000046BECB
:10B95C0000003EBE00003EBE000036BE000036BEFB
:10B96C0000002EBE00002EBE000026BE000026BE2B
:10B97C0000001EBE00001EBE000016BE000016BE5B
:10B98C0000000EBE00000EBE000006BE000006BE8B
:10B99C000000FCBD0000FCBD0000ECBD0000ECBDD7
:10B9AC000000DCBD0000DCBD0000CCBD0000CCBD47
:10B9BC000000BCBD0000BCBD0000ACBD0000ACBDB7
:10B9CC0000009CBD00009CBD00008CBD00008CBD27
:10B9DC00000078BD000078BD000058BD000058BDC7
:10B9EC00000038BD000038BD000018BD000018BDB7
:10B9FC000000F0BC0000F0BC0000B0BC0000B0BC0B
:10BA0C00000060BC000060BC0000C0BB0000C0BBFC
:10BA1C000000003B0000003B0000203C0000203CEC
:10BA2C000000903C0000903C0000D03C0000D03C5A
:10BA3C000000083D0000083D0000283D0000283DA6
:10BA4C000000483D0000483D0000683D0000683D96
:10BA5C000000843D0000843D0000943D0000943DB6
:10BA6C000000A43D0000A43D0000B43D0000B43D26
:10BA7C000000C43D0000C43D0000D43D0000D43D96
:10BA8C000000E43D0000E43D0000F43D0000F43D06
:10BA9C000000023E0000023E00000A3E00000A3E8A
:10BAAC000000123E0000123E00001A3E00001A3E3A
:10BABC000000223E0000223E00002A3E00002A3EEA
:10BACC000000323E0000323E00003A3E00003A3E9A
:10BADC000000423E0000423E00004A3E00004A3E4A
:10BAEC000000523E0000523E00005A3E00005A3EFA
:10BAFC000000623E0000623E00006A3E00006A3EAA
:10BB0C000000723E0000723E00007A3E00007A3E59
:10BB1C000000813E0000813E0000853E0000853E15
:10BB2C000000893E0000893E00008D3E00008D3EE5
:10BB3C000000913E0000913E0000953E0000953EB5
:10BB4C000000993E0000993E00009D3E00009D3E85
:10BB5C000000A13E0000A13E0000A53E0000A53E55
:10BB6C000000A93E0000A93E0000AD3E0000AD3E25
:10BB7C000000B13E0000B13E0000B53E0000B53EF5
:10BB8C000000B93E0000B93E0000BD3E0000BD3EC5
:10BB9C000000C13E0000C13E0000C53E0000C53E95
:10BBAC000000C93E0000C93E0000CD3E0000CD3E65
:10BBBC000000D13E0000D13E0000D53E0000D53E35
:10BBCC000000D93E0000D93E0000DD3E0000DD3E05
:10BBDC000000E13E0000E13E0000E53E0000E53ED5
:10BBEC000000E93E0000E93E0000ED3E0000ED3EA5
:10BBFC000000F13E0000F13E0000F53E0000F53E75
:10BC0C000000F93E0000F93E0000FD3E0000FD3E44
:10BC1C000080003F0080003F0080023F0080023F18
:10BC2C000080043F0080043F0080063F0080063FF8
:10BC3C000080083F0080083F00800A3F00800A3FD8
:10BC4C0000800C3F00800C3F00800E3F00800E3FB8
:10BC5C000080103F0080103F0080123F0080123F98
:10BC6C000080143F0080143F0080163F0080163F78
:10BC7C000080183F0080183F00801A3F00801A3F58
:10BC8C0000801C3F00801C3F00801E3F00801E3F38
:10BC9C000080203F0080203F0080223F0080223F18
:10BCAC000080243F0080243F0080263F0080263FF8
:10BCBC000080283F0080283F00802A3F00802A3FD8
:10BCCC0000802C3F00802C3F00802E3F00802E3FB8
:10BCDC000080303F0080303F0080323F0080323F98
:10BCEC000080343F0080343F0080363F0080363F78
:10BCFC000080383F0080383F00803A3F00803A3F58
:10BD0C0000803C3F00803C3F00803E3F00803E3F37
:10BD1C000080403F0080403F0080423F0080423F17
:10BD2C000080443F0080443F0080463F0080463FF7
:10BD3C000080483F0080483F00804A3F00804A3FD7
:10BD4C0000804C3F00804C3F00804E3F00804E3FB7
:10BD5C000080503F0080503F0080523F0080523F97
:10BD6C000080543F0080543F0080563F0080563F77
:10BD7C000080583F0080583F00805A3F00805A3F57
:10BD8C0000805C3F00805C3F00805E3F00805E3F37
:10BD9C000080603F0080603F0080623F0080623F17
:10BDAC000080643F0080643F0080663F0080663FF7
:10BDBC000080683F0080683F00806A3F00806A3FD7
:10BDCC0000806C3F00806C3F00806E3F00806E3FB7
:10BDDC000080703F0080703F0080723F0080723F97
:10BDEC000080743F0080743F0080763F0080763F77
:10BDFC000080783F0080783F00807A3F00807A3F57
:10BE0C0000807C3F00807C3F00807E3F00807E3F36
:10BE1C000000803F0000803F0000803F0000803F1A
:10BE2C000000803F0000803F0000803F0000803F0A
:10BE3C000000803F0000803F0000803F0000803FFA
:10BE4C000000803F0000803F0000803F0000803FEA
:10BE5C000000803F0000803F0000803F0000803FDA
:10BE6C000000803F0000803F0000803F0000803FCA
:10BE7C000000803F0000803F0000803F0000803FBA
:10BE8C000000803F0000803F0000803F0000803FAA
:10BE9C000000803F0000803F0000803F0000803F9A
:10BEAC000000803F0000803F0000803F0000803F8A
:10BEBC000000803F0000803F0000803F0000803F7A
:10BECC000000803F0000803F0000803F0000803F6A
:10BEDC000000803F0000803F0000803F0000803F5A
:10BEEC000000803F0000803F0000803F0000803F4A
:10BEFC000000803F0000803F0000803F0000803F3A
:10BF0C000000803F0000803F0000803F0000803F29
:10BF1C000000803F0000803F0000803F0000803F19
:10BF2C000000803F0000803F0000803F0000803F09
:10BF3C000000803F0000803F0000803F0000803FF9
:10BF4C000000803F0000803F0000803F0000803FE9
:10BF5C000000803F0000803F0000803F0000803FD9
:10BF6C000000803F0000803F0000803F0000803FC9
:10BF7C000000803F0000803F0000803F0000803FB9
:10BF8C000000803F0000803F0000803F0000803FA9
:10BF9C000000803F0000803F0000803F0000803F99
:10BFAC000000803F0000803F0000803F0000803F89
:10BFBC000000803F0000803F0000803F0000803F79
:10BFCC000000803F0000803F0000803F0000803F69
:10BFDC000000803F0000803F0000803F0000803F59
:10BFEC000000803F0000803F0000803F0000803F49
:10BFFC000000803F0000803F0000803F0000803F39
:10C00C000000803F0000803F0000803F0000803F28
:10C01C000000803F0000803F0000803F0000803F18
:10C02C000000803F0000803F0000803F0000803F08
:10C03C000000803F0000803F0000803F0000803FF8
:10C04C000000803F0000803F0000803F0000803FE8
:10C05C000000803F0000803F0000803F0000803FD8
:10C06C000000803F0000803F0000803F0000803FC8
:10C07C000000803F0000803F0000803F0000803FB8
:10C08C000000803F0000803F0000803F0000803FA8
:10C09C000000803F0000803F0000803F0000803F98
:10C0AC000000803F0000803F0000803F0000803F88
:10C0BC000000803F0000803F0000803F0000803F78
:10C0CC000000803F0000803F0000803F0000803F68
:10C0DC000000803F0000803F0000803F0000803F58
:10C0EC000000803F0000803F0000803F0000803F48
:10C0FC000000803F0000803F0000803F0000803F38
:10C10C000000803F0000803F0000803F0000803F27
:10C11C000000803F0000803F0000803F0000803F17
:10C12C000000803F0000803F0000803F0000803F07
:10C13C000000803F0000803F0000803F0000803FF7
:10C14C000000803F0000803F0000803F0000803FE7
:10C15C000000803F0000803F0000803F0000803FD7
:10C16C000000803F0000803F0000803F0000803FC7
:10C17C000000803F0000803F0000803F0000803FB7
:10C18C000000803F0000803F0000803F0000803FA7
:10C19C000000803F0000803F0000803F0000803F97
:10C1AC000000803F0000803F0000803F0000803F87
:10C1BC000000803F0000803F0000803F0000803F77
:10C1CC000000803F0000803F0000803F0000803F67
:10C1DC000000803F0000803F0000803F0000803F57
:10C1EC000000803F0000803F0000803F0000803F47
:10C1FC000000803F0000803F0000803F0000803F37
:10C20C000000803F0000803F0000803F0000803F26
:10C21C00000080BF000080BF000080BF000080BF16
:10C22C00000080BF000080BF000080BF000080BF06
:10C23C00000080BF000080BF000080BF000080BFF6
:10C24C00000080BF000080BF000080BF000080BFE6
:10C25C00000080BF000080BF000080BF000080BFD6
:10C26C00000080BF000080BF000080BF000080BFC6
:10C27C00000080BF000080BF000080BF000080BFB6
:10C28C00000080BF000080BF000080BF000080BFA6
:10C29C00000080BF000080BF000080BF000080BF96
:10C2AC00000080BF000080BF000080BF000080BF86
:10C2BC00000080BF000080BF000080BF000080BF76
:10C2CC00000080BF000080BF000080BF000080BF66
:10C2DC00000080BF000080BF000080BF000080BF56
:10C2EC00000080BF000080BF000080BF000080BF46
:10C2FC00000080BF000080BF000080BF000080BF36
:10C30C00000080BF000080BF000080BF000080BF25
:10C31C00000080BF000080BF000080BF000080BF15
:10C32C00000080BF000080BF000080BF000080BF05
:10C33C00000080BF000080BF000080BF000080BFF5
:10C34C00000080BF000080BF000080BF000080BFE5
:10C35C00000080BF000080BF000080BF000080BFD5
:10C36C00000080BF000080BF000080BF000080BFC5
:10C37C00000080BF000080BF000080BF000080BFB5
:10C38C00000080BF000080BF000080BF000080BFA5
:10C39C00000080BF000080BF000080BF000080BF95
:10C3AC00000080BF000080BF000080BF000080BF85
:10C3BC00000080BF000080BF000080BF000080BF75
:10C3CC00000080BF000080BF000080BF000080BF65
:10C3DC00000080BF000080BF000080BF000080BF55
:10C3EC00000080BF000080BF000080BF000080BF45
:10C3FC00000080BF000080BF000080BF000080BF35
:10C40C00000080BF000080BF000080BF000080BF24
:10C41C00000080BF000080BF000080BF000080BF14
:10C42C00000080BF000080BF000080BF000080BF04
:10C43C00000080BF000080BF000080BF000080BFF4
:10C44C00000080BF000080BF000080BF000080BFE4
:10C45C00000080BF000080BF000080BF000080BFD4
:10C46C00000080BF000080BF000080BF000080BFC4
:10C47C00000080BF000080BF000080BF000080BFB4
:10C48C00000080BF000080BF000080BF000080BFA4
:10C49C00000080BF000080BF000080BF000080BF94
:10C4AC00000080BF000080BF000080BF000080BF84
:10C4BC00000080BF000080BF000080BF000080BF74
:10C4CC00000080BF000080BF000080BF000080BF64
:10C4DC00000080BF000080BF000080BF000080BF54
:10C4EC00000080BF000080BF000080BF000080BF44
:10C4FC00000080BF000080BF000080BF000080BF34
:10C50C00000080BF000080BF000080BF000080BF23
:10C51C00000080BF000080BF000080BF000080BF13
:10C52C00000080BF000080BF000080BF000080BF03
:10C53C00000080BF000080BF000080BF000080BFF3
:10C54C00000080BF000080BF000080BF000080BFE3
:10C55C00000080BF000080BF000080BF000080BFD3
:10C56C00000080BF000080BF000080BF000080BFC3
:10C57C00000080BF000080BF000080BF000080BFB3
:10C58C00000080BF000080BF000080BF000080BFA3
:10C59C00000080BF000080BF000080BF000080BF93
:10C5AC00000080BF000080BF000080BF000080BF83
:10C5BC00000080BF000080BF000080BF000080BF73
:10C5CC00000080BF000080BF000080BF000080BF63
:10C5DC00000080BF000080BF000080BF000080BF53
:10C5EC00000080BF000080BF000080BF000080BF43
:10C5FC00000080BF000080BF000080BF000080BF33
:10C60C00000080BF000080BF000080BF000080BF22
:10C61C000089CAA5910E493CB00AC93C2CC3163DF1
:10C62C0030FB483D752B7B3D05A9963D80B6AF3D53
:10C63C0036BDC83D2EBCE13D72B2FA3D86CF093EF7
:10C64C008340163EB6AB223EA2102F3ECF6E3B3E31
:10C65C00C2C5473E0115543E135C603E7F9A6C3E4A
:10C66C00CCCF783EC07D823E938E883E229A8E3E01
:10C67C0031A0943E86A09A3EE59AA03E128FA63E2B
:10C68C00D47CAC3EEF63B23E2A44B83E4A1DBE3E5B
:10C69C0015EFC33E53B9C93ECA7BCF3E4136D53E9A
:10C6AC0080E8DA3E4F92E03E7533E63EBBCBEB3E84
:10C6BC00EA5AF13ECBE0F63E275DFC3EE4E7003F54
:10C6CC003D9C033F824B063F9BF5083F6B9A0B3F0B
:10C6DC00DA390E3FCDD3103F2A68133FD9F6153FF8
:10C6EC00C07F183FC6021B3FD17F1D3FCBF61F3FBB
:10C6FC009967223F25D2243F5636273F1594293F70
:10C70C004AEB2B3FDE3B2E3FBB85303FC9C8323F47
:10C71C00F304353F233A373F4268393F3B8F3B3F69
:10C72C00F9AE3D3F67C73F3F70D8413F00E2433F02
:10C73C0003E4453F65DE473F12D1493FF8BB4B3F11
:10C74C00029F4D3F1F7A4F3F3D4D513F4918533F7C
:10C75C0031DB543FE595563F5348583F6AF2593FF9
:10C76C001A945B3F532D5D3F05BE5E3F2146603FF3
:10C77C0098C5613F5A3C633F59AA643F880F663F96
:10C78C00D86B673F3CBF683FA7096A3F0C4B6B3FB8
:10C79C005E836C3F93B26D3F9ED86E3F73F56F3FD7
:10C7AC000809713F5213723F4714733FDD0B743FFE
:10C7BC000BFA743FC6DE753F07BA763FC58B773FE1
:10C7CC00F853783F9812793F9DC7793F02737A3FAF
:10C7DC00BE147B3FCDAC7B3F283B7C3FC9BF7C3F2D
:10C7EC00AC3A7D3FCCAB7D3F24137E3FB0707E3F97
:10C7FC006DC47E3F580E7F3F6D4E7F3FAB847F3FB5
:10C80C000FB17F3F97D37F3F43EC7F3F11FB7F3FBF
:10C81C000000803F11FB7F3F43EC7F3F97D37F3F6E
:10C82C000FB17F3FAB847F3F6D4E7F3F580E7F3FF4
:10C83C006DC47E3FB0707E3F24137E3FCCAB7D3FFA
:10C84C00AC3A7D3FC9BF7C3F283B7C3FCDAC7B3FA6
:10C85C00BE147B3F02737A3F9DC7793F9812793F94
:10C86C00F853783FC58B773F07BA763FC6DE753FE6
:10C87C000BFA743FDD0B743F4714733F5213723F36
:10C88C000809713F73F56F3F9ED86E3F93B26D3FB1
:10C89C005E836C3F0C4B6B3FA7096A3F3CBF683F04
:10C8AC00D86B673F880F663F59AA643F5A3C633F79
:10C8BC0098C5613F2146603F05BE5E3F532D5D3FED
:10C8CC001A945B3F6AF2593F5348583FE595563FDF
:10C8DC0031DB543F4918533F3D4D513F1F7A4F3F79
:10C8EC00029F4D3FF8BB4B3F12D1493F65DE473F9E
:10C8FC0003E4453F00E2433F70D8413F67C73F3FE9
:10C90C00F9AE3D3F3B8F3B3F4268393F233A373FBF
:10C91C00F304353FC9C8323FBB85303FDE3B2E3F69
:10C92C004AEB2B3F1594293F5636273F25D2243FFF
:10C93C009967223FCBF61F3FD17F1D3FC6021B3F9D
:10C94C00C07F183FD9F6153F2A68133FCDD3103F4F
:10C95C00DA390E3F6B9A0B3F9BF5083F824B063F33
:10C96C003D9C033FE4E7003F275DFC3ECBE0F63EF9
:10C97C00EA5AF13EBBCBEB3E7533E63E4F92E03EBE
:10C98C0080E8DA3E4136D53ECA7BCF3E53B9C93E2C
:10C99C0015EFC33E4A1DBE3E2A44B83EEF63B23E7D
:10C9AC00D47CAC3E128FA63EE59AA03E86A09A3E61
:10C9BC0031A0943E229A8E3E938E883EC07D823E5C
:10C9CC00CCCF783E7F9A6C3E135C603E0115543E92
:10C9DC00C2C5473ECF6E3B3EA2102F3EB6AB223EA9
:10C9EC008340163E86CF093E72B2FA3D2EBCE13D25
:10C9FC0036BDC83D80B6AF3D05A9963D752B7B3D38
:10CA0C0030FB483D2CC3163DB00AC93C910E493C45
:10CA1C00B48EED25910E49BCB00AC9BC2CC316BD11
:10CA2C0030FB48BD752B7BBD05A996BD80B6AFBD4F
:10CA3C0036BDC8BD2EBCE1BD72B2FABD86CF09BEF3
:10CA4C00834016BEB6AB22BEA2102FBECF6E3BBE2D
:10CA5C00C2C547BE011554BE135C60BE7F9A6CBE46
:10CA6C00CCCF78BEC07D82BE938E88BE229A8EBEFD
:10CA7C0031A094BE86A09ABEE59AA0BE128FA6BE27
:10CA8C00D47CACBEEF63B2BE2A44B8BE4A1DBEBE57
:10CA9C0015EFC3BE53B9C9BECA7BCFBE4136D5BE96
:10CAAC0080E8DABE4F92E0BE7533E6BEBBCBEBBE80
:10CABC00EA5AF1BECBE0F6BE275DFCBEE4E700BF50
:10CACC003D9C03BF824B06BF9BF508BF6B9A0BBF07
:10CADC00DA390EBFCDD310BF2A6813BFD9F615BFF4
:10CAEC00C07F18BFC6021BBFD17F1DBFCBF61FBFB7
:10CAFC00996722BF25D224BF563627BF159429BF6C
:10CB0C004AEB2BBFDE3B2EBFBB8530BFC9C832BF43
:10CB1C00F30435BF233A37BF426839BF3B8F3BBF65
:10CB2C00F9AE3DBF67C73FBF70D841BF00E243BFFE
:10CB3C0003E445BF65DE47BF12D149BFF8BB4BBF0D
:10CB4C00029F4DBF1F7A4FBF3D4D51BF491853BF78
:10CB5C0031DB54BFE59556BF534858BF6AF259BFF5
:10CB6C001A945BBF532D5DBF05BE5EBF214660BFEF
:10CB7C0098C561BF5A3C63BF59AA64BF880F66BF92
:10CB8C00D86B67BF3CBF68BFA7096ABF0C4B6BBFB4
:10CB9C005E836CBF93B26DBF9ED86EBF73F56FBFD3
:10CBAC00080971BF521372BF471473BFDD0B74BFFA
:10CBBC000BFA74BFC6DE75BF07BA76BFC58B77BFDD
:10CBCC00F85378BF981279BF9DC779BF02737ABFAB
:10CBDC00BE147BBFCDAC7BBF283B7CBFC9BF7CBF29
:10CBEC00AC3A7DBFCCAB7DBF24137EBFB0707EBF93
:10CBFC006DC47EBF580E7FBF6D4E7FBFAB847FBFB1
:10CC0C000FB17FBF97D37FBF43EC7FBF11FB7FBFBB
:10CC1C00000080BF11FB7FBF43EC7FBF97D37FBF6A
:10CC2C000FB17FBFAB847FBF6D4E7FBF580E7FBFF0
:10CC3C006DC47EBFB0707EBF24137EBFCCAB7DBFF6
:10CC4C00AC3A7DBFC9BF7CBF283B7CBFCDAC7BBFA2
:10CC5C00BE147BBF02737ABF9DC779BF981279BF90
:10CC6C00F85378BFC58B77BF07BA76BFC6DE75BFE2
:10CC7C000BFA74BFDD0B74BF471473BF521372BF32
:10CC8C00080971BF73F56FBF9ED86EBF93B26DBFAD
:10CC9C005E836CBF0C4B6BBFA7096ABF3CBF68BF00
:10CCAC00D86B67BF880F66BF59AA64BF5A3C63BF75
:10CCBC0098C561BF214660BF05BE5EBF532D5DBFE9
:10CCCC001A945BBF6AF259BF534858BFE59556BFDB
:10CCDC0031DB54BF491853BF3D4D51BF1F7A4FBF75
:10CCEC00029F4DBFF8BB4BBF12D149BF65DE47BF9A
:10CCFC0003E445BF00E243BF70D841BF67C73FBFE5
:10CD0C00F9AE3DBF3B8F3BBF426839BF233A37BFBB
:10CD1C00F30435BFC9C832BFBB8530BFDE3B2EBF65
:10CD2C004AEB2BBF159429BF563627BF25D224BFFB
:10CD3C00996722BFCBF61FBFD17F1DBFC6021BBF99
:10CD4C00C07F18BFD9F615BF2A6813BFCDD310BF4B
:10CD5C00DA390EBF6B9A0BBF9BF508BF824B06BF2F
:10CD6C003D9C03BFE4E700BF275DFCBECBE0F6BEF5
:10CD7C00EA5AF1BEBBCBEBBE7533E6BE4F92E0BEBA
:10CD8C0080E8DABE4136D5BECA7BCFBE53B9C9BE28
:10CD9C0015EFC3BE4A1DBEBE2A44B8BEEF63B2BE79
:10CDAC00D47CACBE128FA6BEE59AA0BE86A09ABE5D
:10CDBC0031A094BE229A8EBE938E88BEC07D82BE58
:10CDCC00CCCF78BE7F9A6CBE135C60BE011554BE8E
:10CDDC00C2C547BECF6E3BBEA2102FBEB6AB22BEA5
:10CDEC00834016BE86CF09BE72B2FABD2EBCE1BD21
:10CDFC0036BDC8BD80B6AFBD05A996BD752B7BBD34
:10CE0C0030FB48BD2CC316BDB00AC9BC910E49BC41
:10CE1C00085D7FBF085D7EBF12177CBF1DD179BF37
:10CE2C00D5F777BF8C1E76BF090474BF85E971BF37
:10CE3C00A1FD6FBFBC116EBF8D016CBF5FF169BFEF
:10CE4C00E9FE67BF730C66BFCF0064BF2BF561BFF3
:10CE5C0061FF5FBF98095EBF7E005CBF64F759BF7E
:10CE6C009AFF57BFD00756BF540054BFD8F851BFD4
:10CE7C00B9FF4FBF9A064EBF3C004CBFDEF949BF0D
:10CE8C00CCFF47BFBA0546BF2D0044BFA0FA41BF37
:10CE9C00D9FF3FBF11053EBF23003CBF34FB39BF58
:10CEAC00E1FF37BF8E0436BF1C0034BFAAFB31BF75
:10CEBC00E7FF2FBF25042EBF16002CBF08FC29BF8F
:10CECC00ECFF27BFCF0326BF130024BF56FC21BFA6
:10CEDC00EFFF1FBF88031EBF0F001CBF97FC19BFBD
:10CEEC00F2FF17BF4D0316BF0D0014BFCDFC11BFD1
:10CEFC00F4FF0FBF1B030EBF0B000CBFFBFC09BFE5
:10CF0C00F6FF07BFF00206BF0A0004BF23FD01BFF6
:10CF1C00EEFFFFBE9605FCBE1000F8BE8BFAF3BE0A
:10CF2C00F1FFEFBE5605ECBE0E00E8BEC6FAE3BE3E
:10CF3C00F3FFDFBE1F05DCBE0C00D8BEFAFAD3BE71
:10CF4C00F4FFCFBEEF04CCBE0B00C8BE27FBC3BEA4
:10CF5C00F6FFBFBEC504BCBE0900B8BE4EFBB3BED7
:10CF6C00F7FFAFBEA104ACBE0800A8BE6FFBA3BE0A
:10CF7C00F8FF9FBE81049CBE070098BE8DFB93BE3C
:10CF8C00F9FF8FBE66048CBE060088BEA6FB83BE6E
:10CF9C00F5FF7FBE9D0878BE0A0070BE78F767BEAD
:10CFAC00F6FF5FBE750858BE090050BE9CF747BE21
:10CFBC00F8FF3FBE540838BE070030BEBAF727BE94
:10CFCC00FAFF1FBE390818BE060010BED3F707BE05
:10CFDC00F6FFFFBD4610F0BD0900E0BDCCEFCFBDA4
:10CFEC00F8FFBFBD2510B0BD0600A0BDE8EF8FBD9A
:10CFFC00F6FF7FBD1D2060BD070040BDF2DF1FBDE9
:10D00C00F6FFFFBC0940C0BC050080BC0500FFBB9F
:10D01C00EAE79FA50500FF3B0500803C0940C03CAA
:10D02C00F6FFFF3CF2DF1F3D0700403D1D20603D39
:10D03C00F6FF7F3DE8EF8F3D0600A03D2510B03D8B
:10D04C00F8FFBF3DCCEFCF3D0900E03D4610F03D71
:10D05C00F6FFFF3DD3F7073E0600103E3908183E99
:10D06C00FAFF1F3EBAF7273E0700303E5408383E01
:10D07C00F8FF3F3E9CF7473E0900503E7508583E6E
:10D08C00F6FF5F3E78F7673E0A00703E9D08783EDB
:10D09C00F5FF7F3EA6FB833E0600883E66048C3E71
:10D0AC00F9FF8F3E8DFB933E0700983E81049C3E1A
:10D0BC00F8FF9F3E6FFBA33E0800A83EA104AC3EC8
:10D0CC00F7FFAF3E4EFBB33E0900B83EC504BC3E75
:10D0DC00F6FFBF3E27FBC33E0B00C83EEF04CC3E21
:10D0EC00F4FFCF3EFAFAD33E0C00D83E1F05DC3ECF
:10D0FC00F3FFDF3EC6FAE33E0E00E83E5605EC3E7B
:10D10C00F1FFEF3E8BFAF33E1000F83E9605FC3E25
:10D11C00EEFFFF3E23FD013F0A00043FF002063FF5
:10D12C00F6FF073FFBFC093F0B000C3F1B030E3FB8
:10D13C00F4FF0F3FCDFC113F0D00143F4D03163F84
:10D14C00F2FF173F97FC193F0F001C3F88031E3F4F
:10D15C00EFFF1F3F56FC213F1300243FCF03263F18
:10D16C00ECFF273F08FC293F16002C3F25042E3FDF
:10D17C00E7FF2F3FAAFB313F1C00343F8E04363FA4
:10D18C00E1FF373F34FB393F23003C3F11053E3F65
:10D19C00D9FF3F3FA0FA413F2D00443FBA05463F1F
:10D1AC00CCFF473FDEF9493F3C004C3F9A064E3FCF
:10D1BC00B9FF4F3FD8F8513F5400543FD007563F6A
:10D1CC009AFF573F64F7593F7E005C3F98095E3FDA
:10D1DC0061FF5F3F2BF5613FCF00643F730C663FEF
:10D1EC00E9FE673F5FF1693F8D016C3FBC116E3FFB
:10D1FC00A1FD6F3F85E9713F0904743F8C1E763F9A
:10D20C00D5F7773F1DD1793F12177C3F085D7E3FE4
:10D21C00085D7F3F085D7E3F12177C3F1DD1793F33
:10D22C00D5F7773F8C1E763F0904743F85E9713F33
:10D23C00A1FD6F3FBC116E3F8D016C3F5FF1693FEB
:10D24C00E9FE673F730C663FCF00643F2BF5613FEF
:10D25C0061FF5F3F98095E3F7E005C3F64F7593F7A
:10D26C009AFF573FD007563F5400543FD8F8513FD0
:10D27C00B9FF4F3F9A064E3F3C004C3FDEF9493F09
:10D28C00CCFF473FBA05463F2D00443FA0FA413F33
:10D29C00D9FF3F3F11053E3F23003C3F34FB393F54
:10D2AC00E1FF373F8E04363F1C00343FAAFB313F71
:10D2BC00E7FF2F3F25042E3F16002C3F08FC293F8B
:10D2CC00ECFF273FCF03263F1300243F56FC213FA2
:10D2DC00EFFF1F3F88031E3F0F001C3F97FC193FB9
:10D2EC00F2FF173F4D03163F0D00143FCDFC113FCD
:10D2FC00F4FF0F3F1B030E3F0B000C3FFBFC093FE1
:10D30C00F6FF073FF002063F0A00043F23FD013FF2
:10D31C00EEFFFF3E9605FC3E1000F83E8BFAF33E06
:10D32C00F1FFEF3E5605EC3E0E00E83EC6FAE33E3A
:10D33C00F3FFDF3E1F05DC3E0C00D83EFAFAD33E6D
:10D34C00F4FFCF3EEF04CC3E0B00C83E27FBC33EA0
:10D35C00F6FFBF3EC504BC3E0900B83E4EFBB33ED3
:10D36C00F7FFAF3EA104AC3E0800A83E6FFBA33E06
:10D37C00F8FF9F3E81049C3E0700983E8DFB933E38
:10D38C00F9FF8F3E66048C3E0600883EA6FB833E6A
:10D39C00F5FF7F3E9D08783E0A00703E78F7673EA9
:10D3AC00F6FF5F3E7508583E0900503E9CF7473E1D
:10D3BC00F8FF3F3E5408383E0700303EBAF7273E90
:10D3CC00FAFF1F3E3908183E0600103ED3F7073E01
:10D3DC00F6FFFF3D4610F03D0900E03DCCEFCF3DA0
:10D3EC00F8FFBF3D2510B03D0600A03DE8EF8F3D96
:10D3FC00F6FF7F3D1D20603D0700403DF2DF1F3DE5
:10D40C00F6FFFF3C0940C03C0500803C0500FF3B9B
:10D41C00EAE79F250500FFBB050080BC0940C0BCA6
:10D42C00F6FFFFBCF2DF1FBD070040BD1D2060BD35
:10D43C00F6FF7FBDE8EF8FBD0600A0BD2510B0BD87
:10D44C00F8FFBFBDCCEFCFBD0900E0BD4610F0BD6D
:10D45C00F6FFFFBDD3F707BE060010BE390818BE95
:10D46C00FAFF1FBEBAF727BE070030BE540838BEFD
:10D47C00F8FF3FBE9CF747BE090050BE750858BE6A
:10D48C00F6FF5FBE78F767BE0A0070BE9D0878BED7
:10D49C00F5FF7FBEA6FB83BE060088BE66048CBE6D
:10D4AC00F9FF8FBE8DFB93BE070098BE81049CBE16
:10D4BC00F8FF9FBE6FFBA3BE0800A8BEA104ACBEC4
:10D4CC00F7FFAFBE4EFBB3BE0900B8BEC504BCBE71
:10D4DC00F6FFBFBE27FBC3BE0B00C8BEEF04CCBE1D
:10D4EC00F4FFCFBEFAFAD3BE0C00D8BE1F05DCBECB
:10D4FC00F3FFDFBEC6FAE3BE0E00E8BE5605ECBE77
:10D50C00F1FFEFBE8BFAF3BE1000F8BE9605FCBE21
:10D51C00EEFFFFBE23FD01BF0A0004BFF00206BFF1
:10D52C00F6FF07BFFBFC09BF0B000CBF1B030EBFB4
:10D53C00F4FF0FBFCDFC11BF0D0014BF4D0316BF80
:10D54C00F2FF17BF97FC19BF0F001CBF88031EBF4B
:10D55C00EFFF1FBF56FC21BF130024BFCF0326BF14
:10D56C00ECFF27BF08FC29BF16002CBF25042EBFDB
:10D57C00E7FF2FBFAAFB31BF1C0034BF8E0436BFA0
:10D58C00E1FF37BF34FB39BF23003CBF11053EBF61
:10D59C00D9FF3FBFA0FA41BF2D0044BFBA0546BF1B
:10D5AC00CCFF47BFDEF949BF3C004CBF9A064EBFCB
:10D5BC00B9FF4FBFD8F851BF540054BFD00756BF66
:10D5CC009AFF57BF64F759BF7E005CBF98095EBFD6
:10D5DC0061FF5FBF2BF561BFCF0064BF730C66BFEB
:10D5EC00E9FE67BF5FF169BF8D016CBFBC116EBFF7
:10D5FC00A1FD6FBF85E971BF090474BF8C1E76BF96
:10D60C00D5F777BF1DD179BF12177CBF085D7EBFE0
:10D61C000000FFBE7FBC90BF7FBC90BF64276ABF79
:10D62C00642768BF89DE83BF89DE83BF86786FBFBE
:10D63C0086786DBF898F7EBF898F7EBF6EC46EBFAB
:10D64C006EC46CBFF84678BFF84678BF64716CBF87
:10D65C0064716ABFB1FE72BFB1FE72BFC87469BF9C
:10D66C00C87467BF832C6EBF832C6EBF972266BFB6
:10D67C00972264BF579A69BF579A69BF439F62BF8D
:10D68C00439F60BFB82E65BFB82E65BF22FD5EBF3D
:10D69C0022FD5CBF19DC60BF19DC60BF6F465BBF4D
:10D6AC006F4659BF9B9A5CBF9B9A5CBF528157BF18
:10D6BC00528155BF5C6558BF5C6558BFB6B153BF4E
:10D6CC00B6B151BF2C3954BF2C3954BF3BDA4FBFC4
:10D6DC003BDA4DBFE01350BFE01350BFB0FC4BBF63
:10D6EC00B0FC49BFF0F34BBFF0F34BBF621A48BF1D
:10D6FC00621A46BF3FD847BF3FD847BF453444BFE7
:10D70C00453442BFFCBF43BFFCBF43BF0F4B40BFC0
:10D71C000F4B3EBF87AA3FBF87AA3FBF4E5F3CBFA0
:10D72C004E5F3ABF65973BBF65973BBF6C7138BF87
:10D73C006C7136BF358637BF358637BFC18134BF74
:10D74C00C18132BFAA7633BFAA7633BF929030BF65
:10D75C0092902EBF86682FBF86682FBF159E2CBF58
:10D76C00159E2ABF975B2BBF975B2BBF7AAA28BF4E
:10D77C007AAA26BFB44F27BFB44F27BFE4B524BF46
:10D78C00E4B522BFBA4423BFBA4423BF75C020BF3F
:10D79C0075C01EBF8C3A1FBF8C3A1FBF46CA1CBF38
:10D7AC0046CA1ABF12311BBF12311BBF6ED318BF32
:10D7BC006ED316BF372817BF372817BF00DC14BF2E
:10D7CC0000DC12BFEA1F13BFEA1F13BF0CE410BF2B
:10D7DC000CE40EBF1C180FBF1C180FBFA0EB0CBF26
:10D7EC00A0EB0ABFBF100BBFBF100BBFC9F208BF25
:10D7FC00C9F206BFC70907BFC70907BF91F904BF24
:10D80C0091F902BF2C0303BF2C0303BF020001BF1D
:10D81C000500FEBEC6F9FDBEC6F9FDBE490CFABE3A
:10D82C00490CF6BECCEDF5BECCEDF5BEFE17F2BE46
:10D83C00FE17EEBE5AE2EDBE5AE2EDBE3023EABE52
:10D84C003023E6BE64D7E5BE64D7E5BEEB2DE2BE61
:10D85C00EB2DDEBEE0CCDDBEE0CCDDBE3A38DABE70
:10D86C003A38D6BEC4C2D5BEC4C2D5BE2642D2BE7C
:10D87C002642CEBE07B9CDBE07B9CDBEB74BCABE88
:10D88C00B74BC6BEA0AFC5BEA0AFC5BEF554C2BE99
:10D89C00F554BEBE8AA6BDBE8AA6BDBEE65DBABEA6
:10D8AC00E65DB6BEBC9DB5BEBC9DB5BE9166B2BEB6
:10D8BC009166AEBE3295ADBE3295ADBEFC6EAABEC3
:10D8CC00FC6EA6BEE58CA5BEE58CA5BE2C77A2BED3
:10D8DC002C779EBED1849DBED1849DBE267F9ABEE0
:10D8EC00267F96BEF17C95BEF17C95BEED8692BEF0
:10D8FC00ED868EBE40758DBE40758DBE878E8ABE00
:10D90C00878E86BEBC6D85BEBC6D85BEF79582BE0E
:10D91C00EF2B7DBEBECC7ABEBECC7ABE823A75BE33
:10D92C00823A6DBE4FBE6ABE4FBE6ABED04865BE5F
:10D93C00D0485DBE22B05ABE22B05ABEDD5655BE8E
:10D94C00DD564DBE32A24ABE32A24ABEB16445BEBD
:10D95C00B1643DBE79943ABE79943ABE517235BEEB
:10D96C0051722DBEF1862ABEF1862ABEC17F25BE1C
:10D97C00C17F1DBE96791ABE96791ABE088D15BE4A
:10D98C00088D0DBE636C0ABE636C0ABE299A05BE77
:10D99C005234FBBDA5BEF4BDA5BEF4BD534EEBBDCC
:10D9AC00534EDBBDC2A4D4BDC2A4D4BD1C68CBBD38
:10D9BC001C68BBBD128BB4BD128BB4BDB581ABBDA5
:10D9CC00B5819BBD8E7194BD8E7194BD269B8BBD14
:10D9DC004C3677BD5BB068BD5BB068BDF06857BDB9
:10D9EC00F06837BDD17D28BDD17D28BD649B17BDA6
:10D9FC00C936EFBCDC96D0BCDC96D0BC749BAFBCFB
:10DA0C00E8365FBC886420BC886420BC0000C0BBC6
:10DA1C000000003B11C9C03B11C9C03BE8361F3C9C
:10DA2C00749B8F3CDC96B03CDC96B03CC936CF3C4A
:10DA3C00649B073DD17D183DD17D183DF068273D95
:10DA4C00F068473D5BB0583D5BB0583D4C36673D88
:10DA5C00269B833D8E718C3D8E718C3DB581933DA3
:10DA6C00B581A33D128BAC3D128BAC3D1C68B33D14
:10DA7C001C68C33DC2A4CC3DC2A4CC3D534ED33D87
:10DA8C00534EE33DA5BEEC3DA5BEEC3D5234F33DFB
:10DA9C00299A013E636C063E636C063E088D093E76
:10DAAC00088D113E9679163E9679163EC17F193E29
:10DABC00C17F213EF186263EF186263E5172293EDB
:10DACC005172313E7994363E7994363EB164393E8A
:10DADC00B164413E32A2463E32A2463EDD56493E3C
:10DAEC00DD56513E22B0563E22B0563ED048593EED
:10DAFC00D048613E4FBE663E4FBE663E823A693E9E
:10DB0C00823A713EBECC763EBECC763EEF2B793E51
:10DB1C00F795803EBC6D833EBC6D833E878E843E04
:10DB2C00878E883E40758B3E40758B3EED868C3ED5
:10DB3C00ED86903EF17C933EF17C933E267F943EA5
:10DB4C00267F983ED1849B3ED1849B3E2C779C3E75
:10DB5C002C77A03EE58CA33EE58CA33EFC6EA43E48
:10DB6C00FC6EA83E3295AB3E3295AB3E9166AC3E18
:10DB7C009166B03EBC9DB33EBC9DB33EE65DB43EEB
:10DB8C00E65DB83E8AA6BB3E8AA6BB3EF554BC3EBB
:10DB9C00F554C03EA0AFC33EA0AFC33EB74BC43E8E
:10DBAC00B74BC83E07B9CB3E07B9CB3E2642CC3E5D
:10DBBC002642D03EC4C2D33EC4C2D33E3A38D43E31
:10DBCC003A38D83EE0CCDB3EE0CCDB3EEB2DDC3E05
:10DBDC00EB2DE03E64D7E33E64D7E33E3023E43ED6
:10DBEC003023E83E5AE2EB3E5AE2EB3EFE17EC3EA7
:10DBFC00FE17F03ECCEDF33ECCEDF33E490CF43E7B
:10DC0C00490CF83EC6F9FB3EC6F9FB3E0500FC3E4E
:10DC1C000200003F2C03023F2C03023F91F9013F0D
:10DC2C0091F9033FC709063FC709063FC9F2053FF3
:10DC3C00C9F2073FBF100A3FBF100A3FA0EB093FD4
:10DC4C00A0EB0B3F1C180E3F1C180E3F0CE40D3FB5
:10DC5C000CE40F3FEA1F123FEA1F123F00DC113F9A
:10DC6C0000DC133F3728163F3728163F6ED3153F7D
:10DC7C006ED3173F12311A3F12311A3F46CA193F61
:10DC8C0046CA1B3F8C3A1E3F8C3A1E3F75C01D3F47
:10DC9C0075C01F3FBA44223FBA44223FE4B5213F2E
:10DCAC00E4B5233FB44F263FB44F263F7AAA253F15
:10DCBC007AAA273F975B2A3F975B2A3F159E293FFD
:10DCCC00159E2B3F86682E3F86682E3F92902D3FE7
:10DCDC0092902F3FAA76323FAA76323FC181313FD4
:10DCEC00C181333F3586363F3586363F6C71353FC3
:10DCFC006C71373F65973A3F65973A3F4E5F393FB6
:10DD0C004E5F3B3F87AA3E3F87AA3E3F0F4B3D3FAE
:10DD1C000F4B3F3FFCBF423FFCBF423F4534413FAE
:10DD2C004534433F3FD8463F3FD8463F621A453FB4
:10DD3C00621A473FF0F34A3FF0F34A3FB0FC483FCA
:10DD4C00B0FC4A3FE0134F3FE0134F3F3BDA4C3FF0
:10DD5C003BDA4E3F2C39533F2C39533FB6B1503F31
:10DD6C00B6B1523F5C65573F5C65573F5281543F9B
:10DD7C005281563F9B9A5B3F9B9A5B3F6F46583F45
:10DD8C006F465A3F19DC5F3F19DC5F3F22FD5B3F5A
:10DD9C0022FD5D3FB82E643FB82E643F439F5F3F2A
:10DDAC00439F613F579A683F579A683F9722633F5A
:10DDBC009722653F832C6D3F832C6D3FC874663F63
:10DDCC00C874683FB1FE713FB1FE713F6471693F29
:10DDDC0064716B3FF846773FF846773F6EC46B3FF4
:10DDEC006EC46D3F898F7D3F898F7D3F86786C3FF8
:10DDFC0086786E3F895E833F895E833F6427673FE9
:10DE0C006427693F7F3C903F7F3C903F0000FD3E84
:10DE1C000000003F487D913F487D913F3FA46C3FFF
:10DE2C003FA46C3FE5A0863FE5A0863F3CF2753FE2
:10DE3C003CF2753FB30B843FB30B843FFD3A793F03
:10DE4C00FD3A793FFFE8823FFFE8823FC9E47A3F21
:10DE5C00C9E47A3F7146823F7146823FFEE47B3FC4
:10DE6C00FEE47B3FF2DE813FF2DE813F9B8F7C3F05
:10DE7C009B8F7C3F7897813F7897813F0E097D3F40
:10DE8C000E097D3F4663813F4663813FAD637D3F15
:10DE9C00AD637D3F993B813F993B813FB1A97D3F6C
:10DEAC00B1A97D3F801C813F801C813F42E17D3FB9
:10DEBC0042E17D3F8C03813F8C03813F4A0E7E3FC4
:10DECC004A0E7E3F25EF803F25EF803F67337E3F34
:10DEDC0067337E3F36DE803F36DE803F67527E3FC3
:10DEEC0067527E3FFCCF803FFCCF803F966C7E3FDD
:10DEFC00966C7E3FEAC3803FEAC3803FE5827E3F5B
:10DF0C00E5827E3F96B9803F96B9803F0B967E3F67
:10DF1C000B967E3FB3B0803FB3B0803F91A67E3F5F
:10DF2C0091A67E3F03A9803F03A9803FE3B47E3FC7
:10DF3C00E3B47E3F57A2803F57A2803F54C17E3F3F
:10DF4C0054C17E3F899C803F899C803F28CC7E3F7A
:10DF5C0028CC7E3F7C97803F7C97803F93D57E3F3B
:10DF6C0093D57E3F1893803F1893803FC2DD7E3F50
:10DF7C00C2DD7E3F498F803F498F803FD7E47E3F93
:10DF8C00D7E47E3FFF8B803FFF8B803FF0EA7E3FE4
:10DF9C00F0EA7E3F2E89803F2E89803F22F07E3F23
:10DFAC0022F07E3FCB86803FCB86803F81F47E3F44
:10DFBC0081F47E3FCD84803FCD84803F1DF87E3F31
:10DFCC001DF87E3F2D83803F2D83803F02FB7E3FDB
:10DFDC0002FB7E3FE781803FE781803F38FD7E3F3B
:10DFEC0038FD7E3FF680803FF680803FC8FE7E3F46
:10DFFC00C8FE7E3F5780803F5780803FB6FF7E3FF4
:10E00C00B6FF7E3F0780803F0780803F05007F3F43
:10E01C0005007F3F0780803F0780803FB6FF7E3F33
:10E02C00B6FF7E3F5780803F5780803FC8FE7E3FC3
:10E03C00C8FE7E3FF680803FF680803F38FD7E3FF5
:10E04C0038FD7E3FE781803FE781803F02FB7E3FCA
:10E05C0002FB7E3F2D83803F2D83803F1DF87E3F4A
:10E06C001DF87E3FCD84803FCD84803F81F47E3F80
:10E07C0081F47E3FCB86803FCB86803F22F07E3F73
:10E08C0022F07E3F2E89803F2E89803FF0EA7E3F32
:10E09C00F0EA7E3FFF8B803FFF8B803FD7E47E3FD3
:10E0AC00D7E47E3F498F803F498F803FC2DD7E3F62
:10E0BC00C2DD7E3F1893803F1893803F93D57E3FFF
:10E0CC0093D57E3F7C97803F7C97803F28CC7E3FCA
:10E0DC0028CC7E3F899C803F899C803F54C17E3FE9
:10E0EC0054C17E3F57A2803F57A2803FE3B47E3F8E
:10E0FC00E3B47E3F03A9803F03A9803F91A67E3FF6
:10E10C0091A67E3FB3B0803FB3B0803F0B967E3F6D
:10E11C000B967E3F96B9803F96B9803FE5827E3F55
:10E12C00E5827E3FEAC3803FEAC3803F966C7E3F28
:10E13C00966C7E3FFCCF803FFCCF803F67527E3F8A
:10E14C0067527E3F36DE803F36DE803F67337E3F50
:10E15C0067337E3F25EF803F25EF803F4A0E7E3FA1
:10E16C004A0E7E3F8C03813F8C03813F42E17D3F11
:10E17C0042E17D3F801C813F801C813FB1A97D3FE6
:10E18C00B1A97D3F993B813F993B813FAD637D3F79
:10E19C00AD637D3F4663813F4663813F0E097D3F02
:10E1AC000E097D3F7897813F7897813F9B8F7C3F0D
:10E1BC009B8F7C3FF2DE813FF2DE813FFEE47B3FB2
:10E1CC00FEE47B3F7146823F7146823FC9E47A3F51
:10E1DC00C9E47A3FFFE8823FFFE8823FFD3A793F8E
:10E1EC00FD3A793FB30B843FB30B843F3CF2753F50
:10E1FC003CF2753FE5A0863FE5A0863F3FA46C3F0F
:10E20C003FA46C3F487D913F487D913F0000003F0B
:10E21C00000000BF487D91BF487D91BF3FA46CBFFB
:10E22C003FA46CBFE5A086BFE5A086BF3CF275BFDE
:10E23C003CF275BFB30B84BFB30B84BFFD3A79BFFF
:10E24C00FD3A79BFFFE882BFFFE882BFC9E47ABF1D
:10E25C00C9E47ABF714682BF714682BFFEE47BBFC0
:10E26C00FEE47BBFF2DE81BFF2DE81BF9B8F7CBF01
:10E27C009B8F7CBF789781BF789781BF0E097DBF3C
:10E28C000E097DBF466381BF466381BFAD637DBF11
:10E29C00AD637DBF993B81BF993B81BFB1A97DBF68
:10E2AC00B1A97DBF801C81BF801C81BF42E17DBFB5
:10E2BC0042E17DBF8C0381BF8C0381BF4A0E7EBFC0
:10E2CC004A0E7EBF25EF80BF25EF80BF67337EBF30
:10E2DC0067337EBF36DE80BF36DE80BF67527EBFBF
:10E2EC0067527EBFFCCF80BFFCCF80BF966C7EBFD9
:10E2FC00966C7EBFEAC380BFEAC380BFE5827EBF57
:10E30C00E5827EBF96B980BF96B980BF0B967EBF63
:10E31C000B967EBFB3B080BFB3B080BF91A67EBF5B
:10E32C0091A67EBF03A980BF03A980BFE3B47EBFC3
:10E33C00E3B47EBF57A280BF57A280BF54C17EBF3B
:10E34C0054C17EBF899C80BF899C80BF28CC7EBF76
:10E35C0028CC7EBF7C9780BF7C9780BF93D57EBF37
:10E36C0093D57EBF189380BF189380BFC2DD7EBF4C
:10E37C00C2DD7EBF498F80BF498F80BFD7E47EBF8F
:10E38C00D7E47EBFFF8B80BFFF8B80BFF0EA7EBFE0
:10E39C00F0EA7EBF2E8980BF2E8980BF22F07EBF1F
:10E3AC0022F07EBFCB8680BFCB8680BF81F47EBF40
:10E3BC0081F47EBFCD8480BFCD8480BF1DF87EBF2D
:10E3CC001DF87EBF2D8380BF2D8380BF02FB7EBFD7
:10E3DC0002FB7EBFE78180BFE78180BF38FD7EBF37
:10E3EC0038FD7EBFF68080BFF68080BFC8FE7EBF42
:10E3FC00C8FE7EBF578080BF578080BFB6FF7EBFF0
:10E40C00B6FF7EBF078080BF078080BF05007FBF3F
:10E41C0005007FBF078080BF078080BFB6FF7EBF2F
:10E42C00B6FF7EBF578080BF578080BFC8FE7EBFBF
:10E43C00C8FE7EBFF68080BFF68080BF38FD7EBFF1
:10E44C0038FD7EBFE78180BFE78180BF02FB7EBFC6
:10E45C0002FB7EBF2D8380BF2D8380BF1DF87EBF46
:10E46C001DF87EBFCD8480BFCD8480BF81F47EBF7C
:10E47C0081F47EBFCB8680BFCB8680BF22F07EBF6F
:10E48C0022F07EBF2E8980BF2E8980BFF0EA7EBF2E
:10E49C00F0EA7EBFFF8B80BFFF8B80BFD7E47EBFCF
:10E4AC00D7E47EBF498F80BF498F80BFC2DD7EBF5E
:10E4BC00C2DD7EBF189380BF189380BF93D57EBFFB
:10E4CC0093D57EBF7C9780BF7C9780BF28CC7EBFC6
:10E4DC0028CC7EBF899C80BF899C80BF54C17EBFE5
:10E4EC0054C17EBF57A280BF57A280BFE3B47EBF8A
:10E4FC00E3B47EBF03A980BF03A980BF91A67EBFF2
:10E50C0091A67EBFB3B080BFB3B080BF0B967EBF69
:10E51C000B967EBF96B980BF96B980BFE5827EBF51
:10E52C00E5827EBFEAC380BFEAC380BF966C7EBF24
:10E53C00966C7EBFFCCF80BFFCCF80BF67527EBF86
:10E54C0067527EBF36DE80BF36DE80BF67337EBF4C
:10E55C0067337EBF25EF80BF25EF80BF4A0E7EBF9D
:10E56C004A0E7EBF8C0381BF8C0381BF42E17DBF0D
:10E57C0042E17DBF801C81BF801C81BFB1A97DBFE2
:10E58C00B1A97DBF993B81BF993B81BFAD637DBF75
:10E59C00AD637DBF466381BF466381BF0E097DBFFE
:10E5AC000E097DBF789781BF789781BF9B8F7CBF09
:10E5BC009B8F7CBFF2DE81BFF2DE81BFFEE47BBFAE
:10E5CC00FEE47BBF714682BF714682BFC9E47ABF4D
:10E5DC00C9E47ABFFFE882BFFFE882BFFD3A79BF8A
:10E5EC00FD3A79BFB30B84BFB30B84BF3CF275BF4C
:10E5FC003CF275BFE5A086BFE5A086BF3FA46CBF0B
:10E60C003FA46CBF487D91BF487D91BF000000BF07
:10E61C00C1FE20A5900E493CB00AC93C2CC3163D46
:10E62C0030FB483D742B7B3D05A9963D80B6AF3D34
:10E63C0036BDC83D2EBCE13D72B2FA3D86CF093ED7
:10E64C008340163EB5AB223EA2102F3ECF6E3B3E12
:10E65C00C2C5473E0115543E135C603E7F9A6C3E2A
:10E66C00CCCF783EC07D823E938E883E229A8E3EE1
:10E67C0031A0943E86A09A3EE59AA03E128FA63E0B
:10E68C00D47CAC3EEF63B23E2A44B83E4A1DBE3E3B
:10E69C0015EFC33E53B9C93ECA7BCF3E4136D53E7A
:10E6AC0080E8DA3E4F92E03E7533E63EBBCBEB3E64
:10E6BC00EA5AF13ECBE0F63E275DFC3EE4E7003F34
:10E6CC003D9C033F824B063F9BF5083F6B9A0B3FEB
:10E6DC00DA390E3FCDD3103F2A68133FD9F6153FD8
:10E6EC00C07F183FC6021B3FD17F1D3FCBF61F3F9B
:10E6FC009967223F25D2243F5636273F1594293F50
:10E70C004AEB2B3FDE3B2E3FBB85303FC9C8323F27
:10E71C00F304353F233A373F4268393F3B8F3B3F49
:10E72C00F9AE3D3F67C73F3F70D8413F00E2433FE2
:10E73C0003E4453F65DE473F12D1493FF8BB4B3FF1
:10E74C00029F4D3F1F7A4F3F3D4D513F4918533F5C
:10E75C0031DB543FE595563F5348583F6AF2593FD9
:10E76C001A945B3F532D5D3F05BE5E3F2146603FD3
:10E77C0098C5613F5A3C633F59AA643F880F663F76
:10E78C00D86B673F3CBF683FA7096A3F0C4B6B3F98
:10E79C005F836C3F93B26D3F9ED86E3F73F56F3FB6
:10E7AC000809713F5213723F4714733FDD0B743FDE
:10E7BC000AFA743FC6DE753F07BA763FC58B773FC2
:10E7CC00F853783F9812793F9DC7793F02737A3F8F
:10E7DC00BE147B3FCDAC7B3F283B7C3FC9BF7C3F0D
:10E7EC00AC3A7D3FCCAB7D3F24137E3FB0707E3F77
:10E7FC006DC47E3F580E7F3F6D4E7F3FAB847F3F95
:10E80C000FB17F3F97D37F3F43EC7F3F11FB7F3F9F
:10E81C000000803F11FB7F3F43EC7F3F97D37F3F4E
:10E82C000FB17F3FAB847F3F6D4E7F3F580E7F3FD4
:10E83C006DC47E3FB0707E3F24137E3FCCAB7D3FDA
:10E84C00AC3A7D3FC9BF7C3F283B7C3FCDAC7B3F86
:10E85C00BE147B3F02737A3F9DC7793F9812793F74
:10E86C00F853783FC58B773F07BA763FC6DE753FC6
:10E87C000AFA743FDD0B743F4714733F5213723F17
:10E88C000809713F73F56F3F9ED86E3F93B26D3F91
:10E89C005F836C3F0C4B6B3FA7096A3F3CBF683FE3
:10E8AC00D86B673F880F663F59AA643F5A3C633F59
:10E8BC0098C5613F2146603F05BE5E3F532D5D3FCD
:10E8CC001A945B3F6AF2593F5348583FE595563FBF
:10E8DC0031DB543F4918533F3D4D513F1F7A4F3F59
:10E8EC00029F4D3FF8BB4B3F12D1493F65DE473F7E
:10E8FC0003E4453F00E2433F70D8413F67C73F3FC9
:10E90C00F9AE3D3F3B8F3B3F4268393F233A373F9F
:10E91C00F304353FC9C8323FBB85303FDE3B2E3F49
:10E92C004AEB2B3F1594293F5636273F25D2243FDF
:10E93C009967223FCBF61F3FD17F1D3FC6021B3F7D
:10E94C00C07F183FD9F6153F2A68133FCDD3103F2F
:10E95C00DA390E3F6B9A0B3F9BF5083F824B063F13
:10E96C003D9C033FE4E7003F275DFC3ECBE0F63ED9
:10E97C00EA5AF13EBBCBEB3E7533E63E4F92E03E9E
:10E98C0080E8DA3E4136D53ECA7BCF3E53B9C93E0C
:10E99C0015EFC33E4A1DBE3E2A44B83EEF63B23E5D
:10E9AC00D47CAC3E128FA63EE59AA03E86A09A3E41
:10E9BC0031A0943E229A8E3E938E883EC07D823E3C
:10E9CC00CCCF783E7F9A6C3E135C603E0115543E72
:10E9DC00C2C5473ECF6E3B3EA2102F3EB5AB223E8A
:10E9EC008340163E86CF093E72B2FA3D2EBCE13D05
:10E9FC0036BDC83D80B6AF3D05A9963D742B7B3D19
:10EA0C0030FB483D2CC3163DB00AC93C900E493C26
:10EA1C00DCBD4325900E49BCB00AC9BC2CC316BD45
:10EA2C0030FB48BD742B7BBD05A996BD80B6AFBD30
:10EA3C0036BDC8BD2EBCE1BD72B2FABD86CF09BED3
:10EA4C00834016BEB5AB22BEA2102FBECF6E3BBE0E
:10EA5C00C2C547BE011554BE135C60BE7F9A6CBE26
:10EA6C00CCCF78BEC07D82BE938E88BE229A8EBEDD
:10EA7C0031A094BE86A09ABEE59AA0BE128FA6BE07
:10EA8C00D47CACBEEF63B2BE2A44B8BE4A1DBEBE37
:10EA9C0015EFC3BE53B9C9BECA7BCFBE4136D5BE76
:10EAAC0080E8DABE4F92E0BE7533E6BEBBCBEBBE60
:10EABC00EA5AF1BECBE0F6BE275DFCBEE4E700BF30
:10EACC003D9C03BF824B06BF9BF508BF6B9A0BBFE7
:10EADC00DA390EBFCDD310BF2A6813BFD9F615BFD4
:10EAEC00C07F18BFC6021BBFD17F1DBFCBF61FBF97
:10EAFC00996722BF25D224BF563627BF159429BF4C
:10EB0C004AEB2BBFDE3B2EBFBB8530BFC9C832BF23
:10EB1C00F30435BF233A37BF426839BF3B8F3BBF45
:10EB2C00F9AE3DBF67C73FBF70D841BF00E243BFDE
:10EB3C0003E445BF65DE47BF12D149BFF8BB4BBFED
:10EB4C00029F4DBF1F7A4FBF3D4D51BF491853BF58
:10EB5C0031DB54BFE59556BF534858BF6AF259BFD5
:10EB6C001A945BBF532D5DBF05BE5EBF214660BFCF
:10EB7C0098C561BF5A3C63BF59AA64BF880F66BF72
:10EB8C00D86B67BF3CBF68BFA7096ABF0C4B6BBF94
:10EB9C005F836CBF93B26DBF9ED86EBF73F56FBFB2
:10EBAC00080971BF521372BF471473BFDD0B74BFDA
:10EBBC000AFA74BFC6DE75BF07BA76BFC58B77BFBE
:10EBCC00F85378BF981279BF9DC779BF02737ABF8B
:10EBDC00BE147BBFCDAC7BBF283B7CBFC9BF7CBF09
:10EBEC00AC3A7DBFCCAB7DBF24137EBFB0707EBF73
:10EBFC006DC47EBF580E7FBF6D4E7FBFAB847FBF91
:10EC0C000FB17FBF97D37FBF43EC7FBF11FB7FBF9B
:10EC1C00000080BF11FB7FBF43EC7FBF97D37FBF4A
:10EC2C000FB17FBFAB847FBF6D4E7FBF580E7FBFD0
:10EC3C006DC47EBFB0707EBF24137EBFCCAB7DBFD6
:10EC4C00AC3A7DBFC9BF7CBF283B7CBFCDAC7BBF82
:10EC5C00BE147BBF02737ABF9DC779BF981279BF70
:10EC6C00F85378BFC58B77BF07BA76BFC6DE75BFC2
:10EC7C000AFA74BFDD0B74BF471473BF521372BF13
:10EC8C00080971BF73F56FBF9ED86EBF93B26DBF8D
:10EC9C005F836CBF0C4B6BBFA7096ABF3CBF68BFDF
:10ECAC00D86B67BF880F66BF59AA64BF5A3C63BF55
:10ECBC0098C561BF214660BF05BE5EBF532D5DBFC9
:10ECCC001A945BBF6AF259BF534858BFE59556BFBB
:10ECDC0031DB54BF491853BF3D4D51BF1F7A4FBF55
:10ECEC00029F4DBFF8BB4BBF12D149BF65DE47BF7A
:10ECFC0003E445BF00E243BF70D841BF67C73FBFC5
:10ED0C00F9AE3DBF3B8F3BBF426839BF233A37BF9B
:10ED1C00F30435BFC9C832BFBB8530BFDE3B2EBF45
:10ED2C004AEB2BBF159429BF563627BF25D224BFDB
:10ED3C00996722BFCBF61FBFD17F1DBFC6021BBF79
:10ED4C00C07F18BFD9F615BF2A6813BFCDD310BF2B
:10ED5C00DA390EBF6B9A0BBF9BF508BF824B06BF0F
:10ED6C003D9C03BFE4E700BF275DFCBECBE0F6BED5
:10ED7C00EA5AF1BEBBCBEBBE7533E6BE4F92E0BE9A
:10ED8C0080E8DABE4136D5BECA7BCFBE53B9C9BE08
:10ED9C0015EFC3BE4A1DBEBE2A44B8BEEF63B2BE59
:10EDAC00D47CACBE128FA6BEE59AA0BE86A09ABE3D
:10EDBC0031A094BE229A8EBE938E88BEC07D82BE38
:10EDCC00CCCF78BE7F9A6CBE135C60BE011554BE6E
:10EDDC00C2C547BECF6E3BBEA2102FBEB5AB22BE86
:10EDEC00834016BE86CF09BE72B2FABD2EBCE1BD01
:10EDFC0036BDC8BD80B6AFBD05A996BD742B7BBD15
:10EE0C0030FB48BD2CC316BDB00AC9BC900E49BC22
:10EE1C0094767EBF94F67DBF17907CBF9D867ABF9B
:10EE2C004B3078BFF8D975BFC6B173BFF3BF71BF94
:10EE3C0018EF6FBF3C1E6EBFB8336CBF86286ABF1D
:10EE4C00500868BF1AE865BFB2D963BFAFE261BFB3
:10EE5C0021FB5FBF92135EBF5C1E5CBFE3165ABF03
:10EE6C002D0358BF77EF55BFDAE653BF3DED51BFC9
:10EE7C00C7FD4FBF510E4EBF7D154CBFE90F4ABFAA
:10EE8C00A30148BF5EF345BF36ED43BF2CF241BF33
:10EE9C00BFFE3FBF530B3EBFB9103CBF400C3ABF47
:10EEAC00FC0038BFB9F535BFE8F033BFFCF431BF17
:10EEBC0035FF2FBF6E092EBFC90D2CBF070A2ABF05
:10EECC00A60028BF46F725BF4AF323BFC8F621BFCB
:10EEDC0076FF1FBF23081EBFD10B1CBF8D081ABFA6
:10EEEC00740018BF5CF815BFEFF413BF03F811BF23
:10EEFC009DFF0FBF38070EBF6D0A0CBF84070ABFFA
:10EF0C00550008BF26F905BF1EF603BFE4F801BF84
:10EF1C006EFFFFBE140DFCBED212F8BE840DF4BE03
:10EF2C007E00F0BE78F3EBBEFFEDE7BE16F3E3BE5A
:10EF3C0093FFDFBE0F0CDCBE4C11D8BE630CD4BEED
:10EF4C005F00D0BE5BF4CBBE52EFC7BE11F4C3BEA4
:10EF5C00ADFFBFBE490BBCBE2510B8BE890BB4BEFD
:10EF6C004800B0BE07F5ABBE52F0A7BECFF4A3BEAF
:10EF7C00C1FF9FBEB30A9CBE460F98BEE40A94BE66
:10EF8C00360090BE88F58BBE13F187BE5FF583BE4D
:10EF9C00A3FF7FBE891478BE401D70BED01468BE1E
:10EFAC004F0060BECDEB57BE42E34FBE91EB47BE68
:10EFBC00BFFF3FBEEC1338BE511C30BE1D1428BE23
:10EFCC00350020BE4EEC17BE07E40FBE26EC07BE84
:10EFDC00ACFFFFBD0C27F0BD6737E0BD4827D0BDA7
:10EFEC003E00C0BD34D9AFBDFFC89FBD09D98FBD90
:10EFFC00AEFF7FBD4A4D60BD7A6D40BD7D4D20BDDD
:10F00C00290000BDA965BFBC274B7EBC1F96FDBB6C
:10F01C00A063C9A41F96FD3B274B7E3CA965BF3C52
:10F02C002900003D7D4D203D7A6D403D4A4D603DAF
:10F03C00AEFF7F3D09D98F3DFFC89F3D34D9AF3D11
:10F04C003E00C03D4827D03D6737E03D0C27F03DE2
:10F05C00ACFFFF3D26EC073E07E40F3E4EEC173E9F
:10F06C003500203E1D14283E511C303EEC13383E1A
:10F07C00BFFF3F3E91EB473E42E34F3ECDEB573E49
:10F08C004F00603ED014683E401D703E8914783E9F
:10F09C00A3FF7F3E5FF5833E13F1873E88F58B3EE1
:10F0AC003600903EE40A943E460F983EB30A9C3ECE
:10F0BC00C1FF9F3ECFF4A33E52F0A73E07F5AB3EF7
:10F0CC004800B03E890BB43E2510B83E490BBC3EFF
:10F0DC00ADFFBF3E11F4C33E52EFC73E5BF4CB3ED7
:10F0EC005F00D03E630CD43E4C11D83E0F0CDC3E7E
:10F0FC0093FFDF3E16F3E33EFFEDE73E78F3EB3E86
:10F10C007E00F03E840DF43ED212F83E140DFC3E0F
:10F11C006EFFFF3EE4F8013F1EF6033F26F9053F64
:10F12C005500083F84070A3F6D0A0C3F38070E3F15
:10F13C009DFF0F3F03F8113FEFF4133F5CF8153FB1
:10F14C007400183F8D081A3FD10B1C3F23081E3F3B
:10F15C0076FF1F3FC8F6213F4AF3233F46F7253F72
:10F16C00A600283F070A2A3FC90D2C3F6E092E3FE7
:10F17C0035FF2F3FFCF4313FE8F0333FB9F5353F15
:10F18C00FC00383F400C3A3FB9103C3F530B3E3F1C
:10F19C00BFFE3F3F2CF2413F36ED433F5EF3453F10
:10F1AC00A301483FE90F4A3F7D154C3F510E4E3F9E
:10F1BC00C7FD4F3F3DED513FDAE6533F77EF553FEB
:10F1CC002D03583FE3165A3F5C1E5C3F92135E3F83
:10F1DC0021FB5F3FAFE2613FB2D9633F1AE8653F65
:10F1EC005008683F86286A3FB8336C3F3C1E6E3F20
:10F1FC0018EF6F3FF3BF713FC6B1733FF8D9753F3E
:10F20C004B30783F9D867A3F17907C3F94F67D3F3C
:10F21C0094767E3F94F67D3F17907C3F9D867A3F97
:10F22C004B30783FF8D9753FC6B1733FF3BF713F90
:10F23C0018EF6F3F3C1E6E3FB8336C3F86286A3F19
:10F24C005008683F1AE8653FB2D9633FAFE2613FAF
:10F25C0021FB5F3F92135E3F5C1E5C3FE3165A3FFF
:10F26C002D03583F77EF553FDAE6533F3DED513FC5
:10F27C00C7FD4F3F510E4E3F7D154C3FE90F4A3FA6
:10F28C00A301483F5EF3453F36ED433F2CF2413F2F
:10F29C00BFFE3F3F530B3E3FB9103C3F400C3A3F43
:10F2AC00FC00383FB9F5353FE8F0333FFCF4313F13
:10F2BC0035FF2F3F6E092E3FC90D2C3F070A2A3F01
:10F2CC00A600283F46F7253F4AF3233FC8F6213FC7
:10F2DC0076FF1F3F23081E3FD10B1C3F8D081A3FA2
:10F2EC007400183F5CF8153FEFF4133F03F8113F1F
:10F2FC009DFF0F3F38070E3F6D0A0C3F84070A3FF6
:10F30C005500083F26F9053F1EF6033FE4F8013F80
:10F31C006EFFFF3E140DFC3ED212F83E840DF43EFF
:10F32C007E00F03E78F3EB3EFFEDE73E16F3E33E56
:10F33C0093FFDF3E0F0CDC3E4C11D83E630CD43EE9
:10F34C005F00D03E5BF4CB3E52EFC73E11F4C33EA0
:10F35C00ADFFBF3E490BBC3E2510B83E890BB43EF9
:10F36C004800B03E07F5AB3E52F0A73ECFF4A33EAB
:10F37C00C1FF9F3EB30A9C3E460F983EE40A943E62
:10F38C003600903E88F58B3E13F1873E5FF5833E49
:10F39C00A3FF7F3E8914783E401D703ED014683E1A
:10F3AC004F00603ECDEB573E42E34F3E91EB473E64
:10F3BC00BFFF3F3EEC13383E511C303E1D14283E1F
:10F3CC003500203E4EEC173E07E40F3E26EC073E80
:10F3DC00ACFFFF3D0C27F03D6737E03D4827D03DA3
:10F3EC003E00C03D34D9AF3DFFC89F3D09D98F3D8C
:10F3FC00AEFF7F3D4A4D603D7A6D403D7D4D203DD9
:10F40C002900003DA965BF3C274B7E3C1F96FD3B68
:10F41C00A063C9241F96FDBB274B7EBCA965BFBC4E
:10F42C00290000BD7D4D20BD7A6D40BD4A4D60BDAB
:10F43C00AEFF7FBD09D98FBDFFC89FBD34D9AFBD0D
:10F44C003E00C0BD4827D0BD6737E0BD0C27F0BDDE
:10F45C00ACFFFFBD26EC07BE07E40FBE4EEC17BE9B
:10F46C00350020BE1D1428BE511C30BEEC1338BE16
:10F47C00BFFF3FBE91EB47BE42E34FBECDEB57BE45
:10F48C004F0060BED01468BE401D70BE891478BE9B
:10F49C00A3FF7FBE5FF583BE13F187BE88F58BBEDD
:10F4AC00360090BEE40A94BE460F98BEB30A9CBECA
:10F4BC00C1FF9FBECFF4A3BE52F0A7BE07F5ABBEF3
:10F4CC004800B0BE890BB4BE2510B8BE490BBCBEFB
:10F4DC00ADFFBFBE11F4C3BE52EFC7BE5BF4CBBED3
:10F4EC005F00D0BE630CD4BE4C11D8BE0F0CDCBE7A
:10F4FC0093FFDFBE16F3E3BEFFEDE7BE78F3EBBE82
:10F50C007E00F0BE840DF4BED212F8BE140DFCBE0B
:10F51C006EFFFFBEE4F801BF1EF603BF26F905BF60
:10F52C00550008BF84070ABF6D0A0CBF38070EBF11
:10F53C009DFF0FBF03F811BFEFF413BF5CF815BFAD
:10F54C00740018BF8D081ABFD10B1CBF23081EBF37
:10F55C0076FF1FBFC8F621BF4AF323BF46F725BF6E
:10F56C00A60028BF070A2ABFC90D2CBF6E092EBFE3
:10F57C0035FF2FBFFCF431BFE8F033BFB9F535BF11
:10F58C00FC0038BF400C3ABFB9103CBF530B3EBF18
:10F59C00BFFE3FBF2CF241BF36ED43BF5EF345BF0C
:10F5AC00A30148BFE90F4ABF7D154CBF510E4EBF9A
:10F5BC00C7FD4FBF3DED51BFDAE653BF77EF55BFE7
:10F5CC002D0358BFE3165ABF5C1E5CBF92135EBF7F
:10F5DC0021FB5FBFAFE261BFB2D963BF1AE865BF61
:10F5EC00500868BF86286ABFB8336CBF3C1E6EBF1C
:10F5FC0018EF6FBFF3BF71BFC6B173BFF8D975BF3A
:10F60C004B3078BF9D867ABF17907CBF94F67DBF38
:10F61C0000007EBE2D0831BFF1C180BFD3D093BF97
:10F62C00D3D093BF1A2688BFC32574BFD3FC61BF48
:10F63C00D3FC5FBF6D126BBF57597ABF1F4282BF9D
:10F64C001F4282BFBB607BBFF4C36EBFB96565BF91
:10F65C00B96563BFCA7168BF387670BFE93476BFCD
:10F66C00E93476BFE17470BFFA1768BFCF6861BF29
:10F67C00CF685FBF954662BF9E7D67BF466D6BBF0F
:10F68C00466D6BBFC23367BFC9D460BF9B735BBF92
:10F69C009B7359BF53305BBF92E95EBF7FDC61BF88
:10F6AC007FDC61BFEC815EBFF44B59BFFBB054BF34
:10F6BC00FBB052BF44BC53BF8C8756BFA8DA58BFAF
:10F6CC00A8DA58BFD41056BF0E9E51BFD7864DBF77
:10F6DC00D7864BBFA4194CBFBA414EBF342650BF7E
:10F6EC00342650BF5AC24DBF37DA49BF522146BFEC
:10F6FC00522144BF985C44BF4E0D46BF50A047BF3B
:10F70C0050A047BF7F8845BF5A0842BF9D963EBF59
:10F71C009D963CBF248F3CBF58E43DBF98383FBFFB
:10F72C0098383FBFE95B3DBF002D3ABF17F336BF9A
:10F73C0017F334BFCFB634BF52C335BF87E536BFDE
:10F74C0087E536BF5A3835BFF04A32BF333E2FBF3C
:10F75C00333E2DBFE7D62CBF06A82DBF35A12EBF3B
:10F76C0035A12EBF351B2DBFF6632ABFAF7C27BF3B
:10F77C00AF7C25BF84F124BFFA9025BFC76726BF95
:10F78C00C76726BFC70225BF477922BFB6B11FBFC7
:10F79C00B6B11DBF0B081DBF2D7D1DBF9B361EBFF7
:10F7AC009B361EBFEBED1CBFBD8B1ABF7CDF17BF9A
:10F7BC007CDF15BF701B15BFE86B15BFD60B16BFD2
:10F7CC00D60B16BFD0DB14BFF49B12BF940710BF2F
:10F7DC0094070EBF652C0DBFA35C0DBF22E60DBFB9
:10F7EC0022E60DBFE2CB0CBF5FAA0ABF262B08BFD7
:10F7FC00262B06BF683B05BFFC4E05BF7CC405BF6E
:10F80C007CC405BFB2BD04BF55B702BF0F4B00BFD0
:10F81C001F96FCBEB491FABE4A85FABE474CFBBE9D
:10F82C00474CFBBED661F9BE3786F5BEF9CFF0BEAC
:10F83C00F9CFECBE0BAAEABEC66EEABE0115EBBE52
:10F84C000115EBBE9A4AE9BECA9BE5BEE604E1BED1
:10F85C00E604DDBE47C0DABE0E5ADABE39E2DABEC5
:10F86C0039E2DABE4835D9BEBAAFD5BEB935D1BE4C
:10F87C00B935CDBEC3D4CABED646CABE30B3CABED5
:10F88C0030B3CABE8F21C9BE4AC2C5BE1E63C1BE3B
:10F89C001E63BDBEC9E7BABEE034BABE4C87BABE61
:10F8AC004C87BABE2E0FB9BEB2D3B5BEA08DB1BEB9
:10F8BC00A08DADBE94F9AABEFB23AABE0E5EAABE55
:10F8CC000E5EAABEEDFDA8BE20E4A5BEB5B5A1BED8
:10F8DC00B5B59DBE560A9BBEFA139ABE0B379ABE9F
:10F8EC000B379ABEA0ED98BEBBF395BEBCDB91BEA8
:10F8FC00BCDB8DBE381A8BBEBB048ABEEA118ABE35
:10F90C00EA118ABE20DE88BEA60286BE0A0082BE2E
:10F91C0014007CBEBB5276BE3DEC73BEBDDC73BE28
:10F92C00BDDC73BE999E71BEF8216CBECA4564BE27
:10F93C00CA455CBECA6F56BE12D053BE499853BE60
:10F94C00499853BE148251BEAD3D4CBE188944BE7D
:10F95C0018893CBED28B36BEC6B433BE055633BEF8
:10F96C00055633BE7F6631BE99582CBE6CCA24BE78
:10F97C006CCA1CBE00A716BE2F9A13BE881513BEE8
:10F98C00881513BEAD4B11BEE4720CBE290A05BE20
:10F99C005314FABD0083EDBD4E00E7BDE7ACE5BDE9
:10F9AC00E7ACE5BDEC62E2BD6519D9BD5791CABDA6
:10F9BC005791BABDEDB6ADBD13CDA6BDDF30A5BD1B
:10F9CC00DF30A5BD6D2FA2BD4F4C99BD8C0C8BBDEE
:10F9DC00171976BD1CD45BBDD6344DBDAB6C49BD7F
:10F9EC00AB6C49BD31F943BD8DFD32BD220D17BD48
:10F9FC00441AEEBC9A72B8BC55A099BCB9F290BC32
:10FA0C00B9F290BCB32887BC53884DBC0000C0BB76
:10FA1C000000003B53880D3C66514E3C71E5613C47
:10FA2C0071E5613CA940733C9A72983C441ACE3CF7
:10FA3C00220D073D8DFD223D31F9333DAB6C393D37
:10FA4C00AB6C393DD6343D3D1CD44B3D1719663D4E
:10FA5C008C0C833D4F4C913D6D2F9A3DDF309D3D7D
:10FA6C00DF309D3D13CD9E3DEDB6A53D5791B23D8A
:10FA7C005791C23D6519D13DEC62DA3DE7ACDD3DF5
:10FA8C00E7ACDD3D4E00DF3D0083E53D5314F23D18
:10FA9C00290A013EE472083EAD4B0D3E88150F3E1F
:10FAAC0088150F3E2F9A0F3E00A7123E6CCA183EC7
:10FABC006CCA203E9958283E7F662D3E05562F3E37
:10FACC0005562F3EC6B42F3ED28B323E1889383E97
:10FADC001889403EAD3D483E14824D3E49984F3EFC
:10FAEC0049984F3E12D04F3ECA6F523ECA45583EBF
:10FAFC00CA45603EF821683E999E6D3EBDDC6F3E66
:10FB0C00BDDC6F3E3DEC6F3EBB52723E1400783E46
:10FB1C000A00803EA602843E20DE863EEA11883E24
:10FB2C00EA11883EBB04883E381A893EBCDB8B3E0A
:10FB3C00BCDB8F3EBBF3933EA0ED963E0B37983E5D
:10FB4C000B37983EFA13983E560A993EB5B59B3E34
:10FB5C00B5B59F3E20E4A33EEDFDA63E0E5EA83E4D
:10FB6C000E5EA83EFB23A83E94F9A83EA08DAB3EAA
:10FB7C00A08DAF3EB2D3B33E2E0FB73E4C87B83EEE
:10FB8C004C87B83EE034B83EC9E7B83E1E63BB3E76
:10FB9C001E63BF3E4AC2C33E8F21C73E30B3C83E30
:10FBAC0030B3C83ED646C83EC3D4C83EB935CB3EAA
:10FBBC00B935CF3EBAAFD33E4835D73E39E2D83E01
:10FBCC0039E2D83E0E5AD83E47C0D83EE604DB3E5A
:10FBDC00E604DF3ECA9BE33E9A4AE73E0115E93E46
:10FBEC000115E93EC66EE83E0BAAE83EF9CFEA3EA7
:10FBFC00F9CFEE3E3786F33ED661F73E474CF93EE1
:10FC0C00474CF93E4A85F83EB491F83E1F96FA3EB1
:10FC1C001F96FE3E55B7013FB2BD033F7CC4043F67
:10FC2C007CC4043FFC4E043F683B043F262B053F3D
:10FC3C00262B073F5FAA093FE2CB0B3F22E60C3F86
:10FC4C0022E60C3FA35C0C3F652C0C3F94070D3F48
:10FC5C0094070F3FF49B113FD0DB133FD60B153F9E
:10FC6C00D60B153FE86B143F701B143F7CDF143F21
:10FC7C007CDF163FBD8B193FEBED1B3F9B361D3FC9
:10FC8C009B361D3F2D7D1C3F0B081C3FB6B11C3F06
:10FC9C00B6B11E3F4779213FC702243FC767253FB6
:10FCAC00C767253FFA90243F84F1233FAF7C243F64
:10FCBC00AF7C263FF663293F351B2C3F35A12D3FEA
:10FCCC0035A12D3F06A82C3FE7D62B3F333E2C3FCA
:10FCDC00333E2E3FF04A313F5A38343F87E5353FAB
:10FCEC0087E5353F52C3343FCFB6333F17F3333F2D
:10FCFC0017F3353F002D393FE95B3C3F98383E3FC9
:10FD0C0098383E3F58E43C3F248F3B3F9D963B3F09
:10FD1C009D963D3F5A08413F7F88443F50A0463F47
:10FD2C0050A0463F4E0D453F985C433F5221433F08
:10FD3C005221453F37DA483F5AC24C3F34264F3F99
:10FD4C0034264F3FBA414D3FA4194B3FD7864A3F0B
:10FD5C00D7864C3F0E9E503FD410553FA8DA573FE4
:10FD6C00A8DA573F8C87553F44BC523FFBB0513FFC
:10FD7C00FBB0533FF44B583FEC815D3F7FDC603F61
:10FD8C007FDC603F92E95D3F53305A3F9B73583F95
:10FD9C009B735A3FC9D45F3FC233663F466D6A3F7F
:10FDAC00466D6A3F9E7D663F9546613FCF685E3FDC
:10FDBC00CF68603FFA17673FE1746F3FE934753FD6
:10FDCC00E934753F38766F3FCA71673FB965623F5A
:10FDDC00B965643FF4C36D3FBB607A3F1FC2813F7E
:10FDEC001FC2813F5759793F6D126A3FD3FC5E3F6A
:10FDFC00D3FC603FC325733F1AA6873FD350933F74
:10FE0C00D350933FF141803F2D08303F00007A3EA4
:10FE1C000000803E4E3E333F945E823F9E94953F61
:10FE2C009E94953F9C0C8A3F58E9783FA66D683F9D
:10FE3C00A66D683F4642753F75CC823F850D883F65
:10FE4C00850D883F049A833F36817B3F4AC7733FB9
:10FE5C004AC7733F549B7A3F13DE813F83ED843F47
:10FE6C0083ED843F4227823FD8CE7C3FFABA773F5E
:10FE7C00FABA773FC2697C3FFE64813F7191833F40
:10FE8C007191833FE689813F29857D3F26B6793F75
:10FE9C0026B6793F0C4D7D3F3F1E813FF0D0823F0F
:10FEAC00F0D0823F3C34813FB5F57D3F96E37A3FFD
:10FEBC0096E37A3F6BD27D3F96F0803F1458823F99
:10FECC001458823F03FF803F02417E3F1DA97B3FB8
:10FEDC001DA97B3F10297E3F20D1803F2306823F06
:10FEEC002306823F2FDB803F29767E3FC5327C3F45
:10FEFC00C5327C3F16657E3F7ABA803FBFCB813FCF
:10FF0C00BFCB813FC7C1803F089D7E3FA2967C3FFF
:10FF1C00A2967C3F77907E3FB4A9803FC7A0813FDB
:10FF2C00C7A0813F23AF803F1CBA7E3FF5E07C3FEA
:10FF3C00F5E07C3FACB07E3F119D803F8680813FD9
:10FF4C008680813F2CA1803F1BD07E3F0D197D3FC9
:10FF5C000D197D3FF7C87E3F7E93803F1E68813F21
:10FF6C001E68813F9996803FC0E07E3F7F437D3F76
:10FF7C007F437D3F5DDB7E3F498C803FB655813FA3
:10FF8C00B655813F9C8E803F2CED7E3F45637D3F77
:10FF9C0045637D3F30E97E3FFB86803F1948813FBA
:10FFAC001948813FAB88803F1FF67E3F597A7D3FD1
:10FFBC00597A7D3F4DF37E3F4683803F793E813FAA
:10FFCC00793E813F6C84803F17FC7E3F078A7D3FE2
:10FFDC00078A7D3F4AFA7E3FF880803F5138813F47
:10FFEC005138813FA381803F64FF7E3F22937D3F48
:04FFFC0022937D3F90
:02000004600298
:1000000083FE7E3FF47F803F5035813F5035813FF6
:100010002C80803F30007F3F1F967D3F1F967D3FA5
:1000200030007F3F2C80803F5035813F5035813FED
:10003000F47F803F83FE7E3F22937D3F22937D3F6E
:1000400064FF7E3FA381803F5138813F5138813F1B
:10005000F880803F4AFA7E3F078A7D3F078A7D3FCE
:1000600017FC7E3F6C84803F793E813F793E813F23
:100070004683803F4DF37E3F597A7D3F597A7D3FDD
:100080001FF67E3FAB88803F1948813F1948813F6A
:10009000FB86803F30E97E3F45637D3F45637D3F82
:1000A0002CED7E3F9C8E803FB655813FB655813FFB
:1000B000498C803F5DDB7E3F7F437D3F7F437D3FBB
:1000C000C0E07E3F9996803F1E68813F1E68813F59
:1000D0007E93803FF7C87E3F0D197D3F0D197D3F10
:1000E0001BD07E3F2CA1803F8680813F8680813F50
:1000F000119D803FACB07E3FF5E07C3FF5E07C3F5A
:100100001CBA7E3F23AF803FC7A0813FC7A0813F7D
:10011000B4A9803F77907E3FA2967C3FA2967C3F19
:10012000089D7E3FC7C1803FBFCB813FBFCB813F92
:100130007ABA803F16657E3FC5327C3FC5327C3F30
:1001400029767E3F2FDB803F2306823F2306823FB6
:1001500020D1803F10297E3F1DA97B3F1DA97B3FF9
:1001600002417E3F03FF803F1458823F1458823F74
:1001700096F0803F6BD27D3F96E37A3F96E37A3FDD
:10018000B5F57D3F3C34813FF0D0823FF0D0823FD7
:100190003F1E813F0C4D7D3F26B6793F26B6793F05
:1001A00029857D3FE689813F7191833F7191833F2E
:1001B000FE64813FC2697C3FFABA773FFABA773F63
:1001C000D8CE7C3F4227823F83ED843F83ED843F3E
:1001D00013DE813F549B7A3F4AC7733F4AC7733F40
:1001E00036817B3F049A833F850D883F850D883F8C
:1001F00075CC823F4642753FA66D683FA66D683F4D
:1002000058E9783F9C0C8A3F9E94953F9E94953F79
:10021000945E823F4E3E333F0000803E000080BE31
:100220004E3E33BF945E82BF9E9495BF9E9495BF11
:100230009C0C8ABF58E978BFA66D68BFA66D68BFE1
:10024000464275BF75CC82BF850D88BF850D88BFBE
:10025000049A83BF36817BBF4AC773BF4AC773BF47
:10026000549B7ABF13DE81BF83ED84BF83ED84BFCF
:10027000422782BFD8CE7CBFFABA77BFFABA77BF1F
:10028000C2697CBFFE6481BF719183BF719183BFDE
:10029000E68981BF29857DBF26B679BF26B679BF9D
:1002A0000C4D7DBF3F1E81BFF0D082BFF0D082BF1A
:1002B0003C3481BFB5F57DBF96E37ABF96E37ABF44
:1002C0006BD27DBF96F080BF145882BF145882BF96
:1002D00003FF80BF02417EBF1DA97BBF1DA97BBF5D
:1002E00010297EBF20D180BF230682BF230682BF94
:1002F0002FDB80BF29767EBFC5327CBFC5327CBF75
:1003000016657EBF7ABA80BFBFCB81BFBFCB81BF2E
:10031000C7C180BF089D7EBFA2967CBFA2967CBF4E
:1003200077907EBFB4A980BFC7A081BFC7A081BF9F
:1003300023AF80BF1CBA7EBFF5E07CBFF5E07CBF79
:10034000ACB07EBF119D80BF868081BF868081BF9B
:100350002CA180BF1BD07EBF0D197DBF0D197DBFA5
:10036000F7C87EBF7E9380BF1E6881BF1E6881BFB5
:10037000999680BFC0E07EBF7F437DBF7F437DBF36
:100380005DDB7EBF498C80BFB65581BFB65581BF4E
:100390009C8E80BF2CED7EBF45637DBF45637DBFD6
:1003A00030E97EBFFB8680BF194881BF194881BFF5
:1003B000AB8880BF1FF67EBF597A7DBF597A7DBF5B
:1003C0004DF37EBF468380BF793E81BF793E81BFBA
:1003D0006C8480BF17FC7EBF078A7DBF078A7DBF04
:1003E0004AFA7EBFF88080BF513881BF513881BF43
:1003F000A38180BF64FF7EBF22937DBF22937DBF18
:1004000083FE7EBFF47F80BF503581BF503581BFF2
:100410002C8080BF30007FBF1F967DBF1F967DBFA1
:1004200030007FBF2C8080BF503581BF503581BFE9
:10043000F47F80BF83FE7EBF22937DBF22937DBF6A
:1004400064FF7EBFA38180BF513881BF513881BF17
:10045000F88080BF4AFA7EBF078A7DBF078A7DBFCA
:1004600017FC7EBF6C8480BF793E81BF793E81BF1F
:10047000468380BF4DF37EBF597A7DBF597A7DBFD9
:100480001FF67EBFAB8880BF194881BF194881BF66
:10049000FB8680BF30E97EBF45637DBF45637DBF7E
:1004A0002CED7EBF9C8E80BFB65581BFB65581BFF7
:1004B000498C80BF5DDB7EBF7F437DBF7F437DBFB7
:1004C000C0E07EBF999680BF1E6881BF1E6881BF55
:1004D0007E9380BFF7C87EBF0D197DBF0D197DBF0C
:1004E0001BD07EBF2CA180BF868081BF868081BF4C
:1004F000119D80BFACB07EBFF5E07CBFF5E07CBF56
:100500001CBA7EBF23AF80BFC7A081BFC7A081BF79
:10051000B4A980BF77907EBFA2967CBFA2967CBF15
:10052000089D7EBFC7C180BFBFCB81BFBFCB81BF8E
:100530007ABA80BF16657EBFC5327CBFC5327CBF2C
:1005400029767EBF2FDB80BF230682BF230682BFB2
:1005500020D180BF10297EBF1DA97BBF1DA97BBFF5
:1005600002417EBF03FF80BF145882BF145882BF70
:1005700096F080BF6BD27DBF96E37ABF96E37ABFD9
:10058000B5F57DBF3C3481BFF0D082BFF0D082BFD3
:100590003F1E81BF0C4D7DBF26B679BF26B679BF01
:1005A00029857DBFE68981BF719183BF719183BF2A
:1005B000FE6481BFC2697CBFFABA77BFFABA77BF5F
:1005C000D8CE7CBF422782BF83ED84BF83ED84BF3A
:1005D00013DE81BF549B7ABF4AC773BF4AC773BF3C
:1005E00036817BBF049A83BF850D88BF850D88BF88
:1005F00075CC82BF464275BFA66D68BFA66D68BF49
:1006000058E978BF9C0C8ABF9E9495BF9E9495BF75
:10061000945E82BF4E3E33BF000080BE40AC63A5F7
:10062000900E493CB00AC93C2CC3163D2FFB483DF7
:10063000742B7B3D05A9963D80B6AF3D36BDC83DC8
:100640002EBCE13D73B2FA3D86CF093E8340163E93
:10065000B5AB223EA2102F3ECF6E3B3EC2C5473EF9
:100660000115543E135C603E7F9A6C3ECCCF783EC1
:10067000C07D823E938E883E229A8E3E31A0943E6B
:1006800086A09A3EE59AA03E128FA63ED47CAC3E50
:10069000EF63B23E2A44B83E4A1DBE3E15EFC33E4C
:1006A00053B9C93ECA7BCF3E4136D53E80E8DA3EDB
:1006B0004F92E03E7533E63EBBCBEB3EEA5AF13E4D
:1006C000CBE0F63E275DFC3EE4E7003F3D9C033F68
:1006D000824B063F9BF5083F6B9A0B3FDA390E3F82
:1006E000CDD3103F2A68133FD9F6153FC07F183F7E
:1006F000C6021B3FD17F1D3FCBF61F3F9967223FAC
:1007000025D2243F5636273F1594293F4AEB2B3FED
:10071000DE3B2E3FBB85303FC9C8323FF304353F37
:10072000233A373F4268393F3B8F3B3FF9AE3D3F6D
:1007300067C73F3F70D8413F00E2433F03E4453F76
:1007400065DE473F12D1493FF7BB4B3F029F4D3F0C
:100750001F7A4F3F3D4D513F4918533F31DB543FC6
:10076000E595563F5348583F6AF2593F1A945B3F0C
:10077000532D5D3F05BE5E3F2146603F98C5613FFA
:100780005A3C633F59AA643F880F663FD86B673F66
:100790003CBF683FA7096A3F0C4B6B3F5F836C3FD0
:1007A00093B26D3F9ED86E3F73F56F3F0809713F5E
:1007B0005213723F4714733FDD0B743F0AFA743FC4
:1007C000C6DE753F07BA763FC58B773FF853783F53
:1007D0009812793F9DC7793F02737A3FBF147B3FE0
:1007E000CDAC7B3F283B7C3FC9BF7C3FAC3A7D3FD3
:1007F000CCAB7D3F24137E3FB0707E3F6DC47E3F07
:10080000580E7F3F6D4E7F3FAB847F3F0FB17F3FE0
:1008100097D37F3F43EC7F3F11FB7F3F0000803F3A
:1008200011FB7F3F43EC7F3F97D37F3F0FB17F3F6B
:10083000AB847F3F6D4E7F3F580E7F3F6DC47E3F40
:10084000B0707E3F24137E3FCCAB7D3FAC3A7D3F02
:10085000C9BF7C3F283B7C3FCDAC7B3FBF147B3F77
:1008600002737A3F9DC7793F9812793FF853783FDA
:10087000C58B773F07BA763FC6DE753F0AFA743FED
:10088000DD0B743F4714733F5213723F0809713FE9
:1008900073F56F3F9ED86E3F93B26D3F5F836C3FA1
:1008A0000C4B6B3FA7096A3F3CBF683FD86B673F63
:1008B000880F663F59AA643F5A3C633F98C5613F21
:1008C0002146603F05BE5E3F532D5D3F1A945B3F5E
:1008D0006AF2593F5348583FE595563F31DB543F44
:1008E0004918533F3D4D513F1F7A4F3F029F4D3FA7
:1008F000F7BB4B3F12D1493F65DE473F03E4453F1D
:1009000000E2433F70D8413F67C73F3FF9AE3D3FEC
:100910003B8F3B3F4268393F233A373FF304353F33
:10092000C9C8323FBB85303FDE3B2E3F4AEB2B3FF1
:100930001594293F5636273F25D2243F9967223FF9
:10094000CBF61F3FD17F1D3FC6021B3FC07F183F24
:10095000D9F6153F2A68133FCDD3103FDA390E3F41
:100960006B9A0B3F9BF5083F824B063F3D9C033F34
:10097000E4E7003F275DFC3ECBE0F63EEA5AF13E5D
:10098000BBCBEB3E7533E63E4F92E03E80E8DA3E6D
:100990004136D53ECA7BCF3E53B9C93E15EFC33E63
:1009A0004A1DBE3E2A44B83EEF63B23ED47CAC3E04
:1009B000128FA63EE59AA03E86A09A3E31A0943EB4
:1009C000229A8E3E938E883EC07D823ECCCF783E6A
:1009D0007F9A6C3E135C603E0115543EC2C5473E93
:1009E000CF6E3B3EA2102F3EB5AB223E8340163E5B
:1009F00086CF093E73B2FA3D2EBCE13D36BDC83DFF
:100A000080B6AF3D05A9963D742B7B3D2FFB483D3D
:100A10002CC3163DB00AC93C900E493C35C574251F
:100A2000900E49BCB00AC9BC2CC316BD2FFB48BDF3
:100A3000742B7BBD05A996BD80B6AFBD36BDC8BDC4
:100A40002EBCE1BD73B2FABD86CF09BE834016BE8F
:100A5000B5AB22BEA2102FBECF6E3BBEC2C547BEF5
:100A6000011554BE135C60BE7F9A6CBECCCF78BEBD
:100A7000C07D82BE938E88BE229A8EBE31A094BE67
:100A800086A09ABEE59AA0BE128FA6BED47CACBE4C
:100A9000EF63B2BE2A44B8BE4A1DBEBE15EFC3BE48
:100AA00053B9C9BECA7BCFBE4136D5BE80E8DABED7
:100AB0004F92E0BE7533E6BEBBCBEBBEEA5AF1BE49
:100AC000CBE0F6BE275DFCBEE4E700BF3D9C03BF64
:100AD000824B06BF9BF508BF6B9A0BBFDA390EBF7E
:100AE000CDD310BF2A6813BFD9F615BFC07F18BF7A
:100AF000C6021BBFD17F1DBFCBF61FBF996722BFA8
:100B000025D224BF563627BF159429BF4AEB2BBFE9
:100B1000DE3B2EBFBB8530BFC9C832BFF30435BF33
:100B2000233A37BF426839BF3B8F3BBFF9AE3DBF69
:100B300067C73FBF70D841BF00E243BF03E445BF72
:100B400065DE47BF12D149BFF7BB4BBF029F4DBF08
:100B50001F7A4FBF3D4D51BF491853BF31DB54BFC2
:100B6000E59556BF534858BF6AF259BF1A945BBF08
:100B7000532D5DBF05BE5EBF214660BF98C561BFF6
:100B80005A3C63BF59AA64BF880F66BFD86B67BF62
:100B90003CBF68BFA7096ABF0C4B6BBF5F836CBFCC
:100BA00093B26DBF9ED86EBF73F56FBF080971BF5A
:100BB000521372BF471473BFDD0B74BF0AFA74BFC0
:100BC000C6DE75BF07BA76BFC58B77BFF85378BF4F
:100BD000981279BF9DC779BF02737ABFBF147BBFDC
:100BE000CDAC7BBF283B7CBFC9BF7CBFAC3A7DBFCF
:100BF000CCAB7DBF24137EBFB0707EBF6DC47EBF03
:100C0000580E7FBF6D4E7FBFAB847FBF0FB17FBFDC
:100C100097D37FBF43EC7FBF11FB7FBF000080BF36
:100C200011FB7FBF43EC7FBF97D37FBF0FB17FBF67
:100C3000AB847FBF6D4E7FBF580E7FBF6DC47EBF3C
:100C4000B0707EBF24137EBFCCAB7DBFAC3A7DBFFE
:100C5000C9BF7CBF283B7CBFCDAC7BBFBF147BBF73
:100C600002737ABF9DC779BF981279BFF85378BFD6
:100C7000C58B77BF07BA76BFC6DE75BF0AFA74BFE9
:100C8000DD0B74BF471473BF521372BF080971BFE5
:100C900073F56FBF9ED86EBF93B26DBF5F836CBF9D
:100CA0000C4B6BBFA7096ABF3CBF68BFD86B67BF5F
:100CB000880F66BF59AA64BF5A3C63BF98C561BF1D
:100CC000214660BF05BE5EBF532D5DBF1A945BBF5A
:100CD0006AF259BF534858BFE59556BF31DB54BF40
:100CE000491853BF3D4D51BF1F7A4FBF029F4DBFA3
:100CF000F7BB4BBF12D149BF65DE47BF03E445BF19
:100D000000E243BF70D841BF67C73FBFF9AE3DBFE8
:100D10003B8F3BBF426839BF233A37BFF30435BF2F
:100D2000C9C832BFBB8530BFDE3B2EBF4AEB2BBFED
:100D3000159429BF563627BF25D224BF996722BFF5
:100D4000CBF61FBFD17F1DBFC6021BBFC07F18BF20
:100D5000D9F615BF2A6813BFCDD310BFDA390EBF3D
:100D60006B9A0BBF9BF508BF824B06BF3D9C03BF30
:100D7000E4E700BF275DFCBECBE0F6BEEA5AF1BE59
:100D8000BBCBEBBE7533E6BE4F92E0BE80E8DABE69
:100D90004136D5BECA7BCFBE53B9C9BE15EFC3BE5F
:100DA0004A1DBEBE2A44B8BEEF63B2BED47CACBE00
:100DB000128FA6BEE59AA0BE86A09ABE31A094BEB0
:100DC000229A8EBE938E88BEC07D82BECCCF78BE66
:100DD0007F9A6CBE135C60BE011554BEC2C547BE8F
:100DE000CF6E3BBEA2102FBEB5AB22BE834016BE57
:100DF00086CF09BE73B2FABD2EBCE1BD36BDC8BDFB
:100E000080B6AFBD05A996BD742B7BBD2FFB48BD39
:100E10002CC316BDB00AC9BC900E49BCF1CC7CBF36
:100E2000F18C7CBF34D07BBF36A07ABFD20B79BFA8
:100E3000E82577BFBA0375BF1ABB72BFA26070BF47
:100E40002B066EBF96B96BBF1D8469BF196A67BF59
:100E5000596B65BFDB8363BFE9AC61BF53DE5FBF26
:100E6000BE0F5EBFC5395CBFE2565ABF026458BFB1
:100E7000AB6056BFD44E54BF623252BF721050BFE7
:100E800081EE4DBFA2D14BBFC7BD49BF48B547BFDB
:100E9000A9B845BFA5C643BF7DDC41BF75F63FBFBE
:100EA0006C103EBF81263CBF9B353ABFD53B38BF57
:100EB000B53836BF272D34BF4F1B32BF240630BF95
:100EC000F9F02DBFFADE2BBFB9D229BFCFCD27BF96
:100ED000ACD025BF95DA23BFC7E921BFC7FB1FBF31
:100EE000C80D1EBF141D1CBF77271ABF8A2B18BF41
:100EF000E72816BF292014BFD21212BF090310BF62
:100F00003FF30DBFD6E50BBFC1DC09BF40D907BF1A
:100F1000B5DB05BF97E303BF94EF01BF82FBFFBEC4
:100F2000DE17FCBEF22FF8BE3640F4BE6446F0BEBB
:100F3000C641ECBE4B33E8BE571DE4BE6203E0BEC3
:100F40006EE9DBBE65D3D7BE89C4D3BEF7BECFBEC4
:100F50005BC3CBBEDDD0C7BE4BE5C3BE6FFDBFBE1E
:100F60009315BCBE102AB8BEDB37B4BEF73CB0BE8A
:100F7000C038ACBEFA2BA8BEB518A4BEF101A0BE05
:100F80002CEB9BBEDBD797BEDFCA93BE1CC68FBEC1
:100F900033CA8BBE6BD687BED3E883BE20FD7FBE2F
:100FA0009A2878BE7B4D70BE3D6668BE386F60BEC5
:100FB000366758BE924F50BE032C48BE090240BE51
:100FC0000ED837BE73B42FBE969C27BE01941FBEA9
:100FD000EC9B17BE08B30FBEBCD507BE65FDFFBDB9
:100FE000534FF0BDCB94E0BD4CC3D0BDDBD3C0BDEF
:100FF00011C4B0BD7196A0BD045290BD450180BD25
:101000000D615FBD24D83EBD9C7C1EBDA4B8FCBC58
:1010100036F8BCBC3E5C7BBC45FAFABB04DD2BA5B4
:1010200045FAFA3B3E5C7B3C36F8BC3CA4B8FC3C41
:101030009C7C1E3D24D83E3D0D615F3D4501803DB9
:101040000452903D7196A03D11C4B03DDBD3C03D2C
:101050004CC3D03DCB94E03D534FF03D65FDFF3D8B
:10106000BCD5073E08B30F3EEC9B173E01941F3ED4
:10107000969C273E73B42F3E0ED8373E0902403E61
:10108000032C483E924F503E3667583E386F603EC4
:101090003D66683E7B4D703E9A28783E20FD7F3E3F
:1010A000D3E8833E6BD6873E33CA8B3E1CC68F3E49
:1010B000DFCA933EDBD7973E2CEB9B3EF101A03E6F
:1010C000B518A43EFA2BA83EC038AC3EF73CB03E63
:1010D000DB37B43E102AB83E9315BC3E6FFDBF3ED1
:1010E0004BE5C33EDDD0C73E5BC3CB3EF7BECF3E34
:1010F00089C4D33E65D3D73E6EE9DB3E6203E03E52
:10110000571DE43E4B33E83EC641EC3E6446F03E9C
:101110003640F43EF22FF83EDE17FC3E82FBFF3EE7
:1011200094EF013F97E3033FB5DB053F40D9073F0D
:10113000C1DC093FD6E50B3F3FF30D3F0903103FEC
:10114000D212123F2920143FE728163F8A2B183F5E
:1011500077271A3F141D1C3FC80D1E3FC7FB1F3FBA
:10116000C7E9213F95DA233FACD0253FCFCD273FBC
:10117000B9D2293FFADE2B3FF9F02D3F2406303F4C
:101180004F1B323F272D343FB538363FD53B383FD4
:101190009B353A3F81263C3F6C103E3F75F63F3F02
:1011A0007DDC413FA5C6433FA9B8453F48B5473F11
:1011B000C7BD493FA2D14B3F81EE4D3F7210503F1A
:1011C0006232523FD44E543FAB60563F0264583FA8
:1011D000E2565A3FC5395C3FBE0F5E3F53DE5F3F6C
:1011E000E9AC613FDB83633F596B653F196A673F39
:1011F0001D84693F96B96B3F2B066E3FA260703F1E
:101200001ABB723FBA03753FE825773FD20B793F8F
:1012100036A07A3F34D07B3FF18C7C3FF1CC7C3FD1
:10122000F18C7C3F34D07B3F36A07A3FD20B793FA4
:10123000E825773FBA03753F1ABB723FA260703F43
:101240002B066E3F96B96B3F1D84693F196A673F55
:10125000596B653FDB83633FE9AC613F53DE5F3F22
:10126000BE0F5E3FC5395C3FE2565A3F0264583FAD
:10127000AB60563FD44E543F6232523F7210503FE3
:1012800081EE4D3FA2D14B3FC7BD493F48B5473FD7
:10129000A9B8453FA5C6433F7DDC413F75F63F3FBA
:1012A0006C103E3F81263C3F9B353A3FD53B383F53
:1012B000B538363F272D343F4F1B323F2406303F91
:1012C000F9F02D3FFADE2B3FB9D2293FCFCD273F92
:1012D000ACD0253F95DA233FC7E9213FC7FB1F3F2D
:1012E000C80D1E3F141D1C3F77271A3F8A2B183F3D
:1012F000E728163F2920143FD212123F0903103F5E
:101300003FF30D3FD6E50B3FC1DC093F40D9073F16
:10131000B5DB053F97E3033F94EF013F82FBFF3EC0
:10132000DE17FC3EF22FF83E3640F43E6446F03EB7
:10133000C641EC3E4B33E83E571DE43E6203E03EBF
:101340006EE9DB3E65D3D73E89C4D33EF7BECF3EC0
:101350005BC3CB3EDDD0C73E4BE5C33E6FFDBF3E1A
:101360009315BC3E102AB83EDB37B43EF73CB03E86
:10137000C038AC3EFA2BA83EB518A43EF101A03E01
:101380002CEB9B3EDBD7973EDFCA933E1CC68F3EBD
:1013900033CA8B3E6BD6873ED3E8833E20FD7F3E2B
:1013A0009A28783E7B4D703E3D66683E386F603EC1
:1013B0003667583E924F503E032C483E0902403E4D
:1013C0000ED8373E73B42F3E969C273E01941F3EA5
:1013D000EC9B173E08B30F3EBCD5073E65FDFF3DB5
:1013E000534FF03DCB94E03D4CC3D03DDBD3C03DEB
:1013F00011C4B03D7196A03D0452903D4501803D21
:101400000D615F3D24D83E3D9C7C1E3DA4B8FC3C54
:1014100036F8BC3C3E5C7B3C45FAFA3B04DD2B25B0
:1014200045FAFABB3E5C7BBC36F8BCBCA4B8FCBC3D
:101430009C7C1EBD24D83EBD0D615FBD450180BDB5
:10144000045290BD7196A0BD11C4B0BDDBD3C0BD28
:101450004CC3D0BDCB94E0BD534FF0BD65FDFFBD87
:10146000BCD507BE08B30FBEEC9B17BE01941FBED0
:10147000969C27BE73B42FBE0ED837BE090240BE5D
:10148000032C48BE924F50BE366758BE386F60BEC0
:101490003D6668BE7B4D70BE9A2878BE20FD7FBE3B
:1014A000D3E883BE6BD687BE33CA8BBE1CC68FBE45
:1014B000DFCA93BEDBD797BE2CEB9BBEF101A0BE6B
:1014C000B518A4BEFA2BA8BEC038ACBEF73CB0BE5F
:1014D000DB37B4BE102AB8BE9315BCBE6FFDBFBECD
:1014E0004BE5C3BEDDD0C7BE5BC3CBBEF7BECFBE30
:1014F00089C4D3BE65D3D7BE6EE9DBBE6203E0BE4E
:10150000571DE4BE4B33E8BEC641ECBE6446F0BE98
:101510003640F4BEF22FF8BEDE17FCBE82FBFFBEE3
:1015200094EF01BF97E303BFB5DB05BF40D907BF09
:10153000C1DC09BFD6E50BBF3FF30DBF090310BFE8
:10154000D21212BF292014BFE72816BF8A2B18BF5A
:1015500077271ABF141D1CBFC80D1EBFC7FB1FBFB6
:10156000C7E921BF95DA23BFACD025BFCFCD27BFB8
:10157000B9D229BFFADE2BBFF9F02DBF240630BF48
:101580004F1B32BF272D34BFB53836BFD53B38BFD0
:101590009B353ABF81263CBF6C103EBF75F63FBFFE
:1015A0007DDC41BFA5C643BFA9B845BF48B547BF0D
:1015B000C7BD49BFA2D14BBF81EE4DBF721050BF16
:1015C000623252BFD44E54BFAB6056BF026458BFA4
:1015D000E2565ABFC5395CBFBE0F5EBF53DE5FBF68
:1015E000E9AC61BFDB8363BF596B65BF196A67BF35
:1015F0001D8469BF96B96BBF2B066EBFA26070BF1A
:101600001ABB72BFBA0375BFE82577BFD20B79BF8B
:1016100036A07ABF34D07BBFF18C7CBF0000FCBD0C
:10162000D6E2B7BE71DA13BF93A744BFDC636CBFC9
:1016300045F084BF21648EBF20CE92BF20CE92BFE2
:10164000464E8FBF8F6789BF214382BFC0F775BFEA
:10165000060769BFEF1B5FBF050A59BF050A57BFE1
:1016600048C558BF92705DBF1FF263BFB70D6BBF17
:10167000059171BFDD7A76BFF11879BFF11879BF96
:10168000D38B76BFD0DB71BF3FB76BBFE2F364BFD4
:10169000D06E5EBF8BED58BF380455BF380453BFC2
:1016A000E6F452BFF29654BF4D7157BF52E55ABF90
:1016B0001A475EBF5BF660BF6A7462BF6A7462BF3E
:1016C000C2E360BFFBE95DBF6FE059BF5E4355BF3A
:1016D000B69E50BF7A794CBFBA4249BFBA4247BFA3
:1016E0002D9246BF8F1847BF8E9148BF7B984ABF47
:1016F000E7B74CBF1B7B4EBFCF7E4FBFCF7E4FBFE8
:10170000BA5E4EBFC22C4CBF331E49BF8C8645BF4C
:1017100078CA41BFCD503EBF9B733BBF9B7339BF5F
:10172000906F38BFD46038BF631D39BFEA5E3ABFDF
:10173000BBCD3BBFF60D3DBFF0CC3DBFF0CC3DBFB8
:1017400090ED3CBFB22F3BBF86B438BFF0B735BF7A
:10175000318732BF47752FBFBFCE2CBFBFCE2ABF48
:10176000D79629BFB62A29BF4A7029BF31342ABF6C
:10177000C1312BBF5E1D2CBFA0AF2CBFA0AF2CBFB3
:10178000F1FA2BBF2F8A2ABF897128BF45DD25BFFB
:10179000D40A23BF903F20BF77BE1DBF77BE1BBFBB
:1017A000A4621ABF78B519BFBDA719BF3B131ABFF2
:1017B000AFC01ABF25701BBF75E21BBF75E21BBF10
:1017C0008F4C1BBFA9131ABFB34218BFAAFA15BF8B
:1017D000706D13BF3ED610BFDA700EBFDA700CBF4B
:1017E0003BFA0ABF581C0ABFFDCF09BFC3F809BFA7
:1017F00089690ABF46EB0ABF38450BBF38450BBFA6
:10180000F7C60ABF1FB909BF991F08BFB61206BFA6
:101810005CBB03BFD34C01BF45FAFDBE45FAF9BE20
:10182000C9E2F6BE02DAF4BEFFDDF3BE76C5F3BE52
:101830004146F4BE9C00F5BE6C8DF5BE6C8DF5BEC8
:101840000BB7F4BEF4E0F2BEC307F0BE1B4EECBE15
:101850002CF7E7BE815CE3BEA8E0DEBEA8E0DABEFE
:101860006EA6D7BE255ED5BE0F10D4BEA09FD3BE38
:1018700011D0D3BE904DD4BEC6B9D4BEC6B9D4BE65
:101880005703D4BEB367D2BE21DACFBE8A71CCBEB5
:10189000C964C8BE5C02C4BEABA4BFBEABA4BBBE21
:1018A000D44CB8BE52CEB5BE033AB4BE3B7EB3BE36
:1018B000A869B3BEC7B2B3BEE102B4BEE102B4BE12
:1018C0001968B3BE22FFB1BE41B3AFBE3591ACBE05
:1018D00021C5A8BED493A4BE8550A0BE85509CBE91
:1018E000AFDE98BE7C3096BE4D5E94BE056093BE62
:1018F0006D0E93BE2B2993BE566093BE566093BE69
:1019000029DE92BE60A291BE26918FBE32AE8CBE01
:101910000B1C89BED01685BE37EB80BE6ED679BE55
:10192000E3C372BE60116DBE1FFD68BE1F8866BE38
:10193000457665BE7F5765BE7A9865BE7A9865BE66
:1019400006C164BE019C62BEE3E45EBE9A9259BECB
:10195000A0D852BE2A1F4BBE9BF342BE9BF33ABE99
:10196000CEB533BEB5B32DBEE83729BE495326BE2A
:10197000B9DA24BEA56D24BE6A8424BE6A8424BE5E
:10198000DCD623BEFBFE21BE4DAC1EBE5AC619BE20
:10199000227013BEC4020CBE430004BE8700F8BD13
:1019A0005233E9BDCB98DCBD57DDD2BDB440CCBDD0
:1019B000CD8CC8BDF81DC7BD3FFBC6BD3FFBC6BD36
:1019C00002F0C5BD7BD3C2BD0DEEBCBD74F1B3BD8D
:1019D0002004A8BD60BB99BD38058ABD700A74BDDE
:1019E000E8D255BD037C3BBD098B26BD2DB917BD83
:1019F00074D80EBDB3DA0ABD8FF909BD8FF909BDE0
:101A0000677E08BD096403BDBE1EF2BCA455D1BCEF
:101A10005E8BA4BC50475BBC0000C0BB0000003B19
:101A200050471B3C5E8B843CA455B13CBE1ED23C4F
:101A300012C8E63CCEFCF03C1EF3F33C1EF3F33C34
:101A400066B5F53CE7B0FD3C2DB9073D098B163D69
:101A5000037C2B3DE8D2453D700A643D3805823D4C
:101A600060BB913D2004A03D74F1AB3D0DEEB43D53
:101A70007BD3BA3D02F0BD3D3FFBBE3D3FFBBE3DCB
:101A8000F81DBF3DCD8CC03DB440C43D57DDCA3DBF
:101A9000CB98D43D5233E13D8700F03D4300003EFA
:101AA000C402083E22700F3E5AC6153E4DAC1A3E87
:101AB000FBFE1D3EDCD61F3E6A84203E6A84203E2B
:101AC000A56D203EB9DA203E4953223EE837253E37
:101AD000B5B3293ECEB52F3E9BF3363E9BF33E3E3B
:101AE0002A1F473EA0D84E3E9A92553EE3E45A3E06
:101AF000019C5E3E06C1603E7A98613E7A98613EE6
:101B00007F57613E4576613E1F88623E1FFD643E01
:101B10006011693EE3C36E3E6ED6753E6ED67D3E65
:101B2000D016833E0B1C873E32AE8A3E26918D3EF8
:101B300060A28F3E29DE903E5660913E5660913EF7
:101B40002B29913E6D0E913E0560913E4D5E923E79
:101B50007C30943EAFDE963E85509A3E85509E3E48
:101B6000D493A23E21C5A63E3591AA3E41B3AD3ED7
:101B700022FFAF3E1968B13EE102B23EE102B23E41
:101B8000C7B2B13EA869B13E3B7EB13E033AB23E18
:101B900052CEB33ED44CB63EABA4B93EABA4BD3E90
:101BA0005C02C23EC964C63E8A71CA3E21DACD3E9D
:101BB000B367D03E5703D23EC6B9D23EC6B9D23E75
:101BC000904DD23E11D0D13EA09FD13E0F10D23EBB
:101BD000255ED33E6EA6D53EA8E0D83EA8E0DC3E0A
:101BE000815CE13E2CF7E53E1B4EEA3EC307EE3E2C
:101BF000F4E0F03E0BB7F23E6C8DF33E6C8DF33E9D
:101C00009C00F33E4146F23E76C5F13EFFDDF13EDB
:101C100002DAF23EC9E2F43E45FAF73E45FAFB3EEF
:101C2000D34C003F5CBB023FB612053F991F073FF4
:101C30001FB9083FF7C6093F38450A3F38450A3FF4
:101C400046EB093F8969093FC3F8083FFDCF083FCC
:101C5000581C093F3BFA093FDA700B3FDA700D3F21
:101C60003ED60F3F706D123FAAFA143FB342173FA2
:101C7000A913193F8F4C1A3F75E21A3F75E21A3FBC
:101C800025701A3FAFC0193F3B13193FBDA7183F3E
:101C900078B5183FA462193F77BE1A3F77BE1C3F44
:101CA000903F1F3FD40A223F45DD243F8971273FE3
:101CB0002F8A293FF1FA2A3FA0AF2B3FA0AF2B3F3D
:101CC0005E1D2B3FC1312A3F3134293F4A70283FE6
:101CD000B62A283FD796283FBFCE293FBFCE2B3FFD
:101CE00047752E3F3187313FF0B7343F86B4373FD9
:101CF000B22F3A3F90ED3B3FF0CC3C3FF0CC3C3F25
:101D0000F60D3C3FBBCD3A3FEA5E393F631D383F9D
:101D1000D460373F906F373F9B73383F9B733A3F98
:101D2000CD503D3F78CA403F8C86443F331E483FEC
:101D3000C22C4B3FBA5E4D3FCF7E4E3FCF7E4E3FD3
:101D40001B7B4D3FE7B74B3F7B98493F8E91473F09
:101D50008F18463F2D92453FBA42463FBA42483F10
:101D60007A794B3FB69E4F3F5E43543F6FE0583FFA
:101D7000FBE95C3FC2E35F3F6A74613F6A74613FA5
:101D80005BF65F3F1A475D3F52E5593F4D71563F45
:101D9000F296533FE6F4513F3804523F3804543F23
:101DA0008BED573FD06E5D3FE2F3633F3FB76A3F35
:101DB000D0DB703FD38B753FF118783FF118783F37
:101DC000DD7A753F0591703FB70D6A3F1FF2623FA4
:101DD00092705C3F48C5573F050A563F050A583F79
:101DE000EF1B5E3F0607683FC0F7743F21C3813F8A
:101DF0008FE7883F46CE8E3F204E923F204E923F47
:101E000021E48D3F4570843FDC636B3F93A7433FE4
:101E100071DA123FD6E2B53E0000F43D0000003E0C
:101E200011BDBC3ECCFE173F40324A3FD1F4723F59
:101E3000658B883F1528923FEC9D963FEC9D963F21
:101E40001C25933F525E8D3FEA80863F70607F3F46
:101E5000C6BE733F1E796B3FAC4A673FAC4A673FD3
:101E6000B4FC6A3F1671713F4D70793FBCD5803F1D
:101E7000BA75843F6F1C873F2C7C883F2C7C883F41
:101E8000C937873FB5F6843FAB1F823F8D4F7E3FFA
:101E9000EA01793FF513753F4904733F4904733FE5
:101EA00097F5743FFB72783FE3E27C3F33C8803F95
:101EB0006CE3823F0976843FC24A853FC24A853F30
:101EC000967F843F5410833FA13A813F58917E3FD3
:101ED000A30B7B3FED66783FA1FF763FA1FF763FE6
:101EE000F859783FB7CE7A3F35F67D3FDAA8803F84
:101EF000742F823FAE55833F77F2833F77F2833F63
:101F00004D5A833F2A45823F1EE0803FD4C57E3F25
:101F1000D00E7C3FC5017A3F37E9783F37E9783FFB
:101F2000F8FA793FDAEE7B3F7C747E3FBE93803FC8
:101F300075CF813F85BE823F8E3E833F8E3E833F7D
:101F400013C1823F74DB813F44B2803F17E77E3F7D
:101F50006F9F7C3F9FE47A3F01F7793F01F7793F1C
:101F6000C1E07A3F478D7C3FE4B87E3FE986803F01
:101F7000A998813FB568823F88D8823F88D8823F40
:101F80002A6A823F829F813F5398803F46FA7E3F74
:101F9000FDF17C3FFA657B3FCD907A3FCD907A3F53
:101FA000D2637B3FDCE77C3F82E07E3F2680803F40
:101FB000447A813FE838823FAC9F823FAC9F823FAA
:101FC000AB39823FD97D813F4289803FB2027F3F5A
:101FD000831C7D3F75A97B3F2EE17A3F2EE17A3F3E
:101FE0007BA87B3FEE177D3F0AF77E3F527E803F06
:101FF000016D813F6623823FF785823FF785823FEF
:10200000A223823F206E813F2A81803FB6017F3F1D
:102010005D287D3F37BE7B3F45FA7A3F45FA7A3FE0
:1020200037BE7B3F5D287D3FB6017F3F2A81803FE1
:10203000206E813FA223823FF785823FF785823F52
:102040006623823F016D813F527E803F0AF77E3FCB
:10205000EE177D3F7BA87B3F2EE17A3F2EE17A3F52
:1020600075A97B3F831C7D3FB2027F3F4289803F41
:10207000D97D813FAB39823FAC9F823FAC9F823F8D
:10208000E838823F447A813F2680803F82E07E3F6D
:10209000DCE77C3FD2637B3FCD907A3FCD907A3FA7
:1020A000FA657B3FFDF17C3F46FA7E3F5398803FC7
:1020B000829F813F2A6A823F88D8823F88D8823FA8
:1020C000B568823FA998813FE986803FE4B87E3FAA
:1020D000478D7C3FC1E07A3F01F7793F01F7793FB7
:1020E0009FE47A3F6F9F7C3F17E77E3F44B2803F7B
:1020F00074DB813F13C1823F8E3E833F8E3E833F20
:1021000085BE823F75CF813FBE93803F7C747E3F0A
:10211000DAEE7B3FF8FA793F37E9783F37E9783FE5
:10212000C5017A3FD00E7C3FD4C57E3F1EE0803F84
:102130002A45823F4D5A833F77F2833F77F2833FB0
:10214000AE55833F742F823FDAA8803F35F67D3F3E
:10215000B7CE7A3FF859783FA1FF763FA1FF763F8F
:10216000ED66783FA30B7B3F58917E3FA13A813FBC
:102170005410833F967F843FC24A853FC24A853FC1
:102180000976843F6CE3823F33C8803FE3E27C3FC3
:10219000FB72783F97F5743F4904733F4904733FDE
:1021A000F513753FEA01793F8D4F7E3FAB1F823FAC
:1021B000B5F6843FC937873F2C7C883F2C7C883F0D
:1021C0006F1C873FBA75843FBCD5803F4D70793F07
:1021D0001671713FB4FC6A3FAC4A673FAC4A673F37
:1021E0001E796B3FC6BE733F70607F3FEA80863FBB
:1021F000525E8D3F1C25933FEC9D963FEC9D963F94
:102200001528923F658B883FD1F4723F40324A3F98
:10221000CCFE173F11BDBC3E0000003E000000BEDA
:1022200011BDBCBECCFE17BF40324ABFD1F472BF55
:10223000658B88BF152892BFEC9D96BFEC9D96BF1D
:102240001C2593BF525E8DBFEA8086BF70607FBF42
:10225000C6BE73BF1E796BBFAC4A67BFAC4A67BFCF
:10226000B4FC6ABF167171BF4D7079BFBCD580BF19
:10227000BA7584BF6F1C87BF2C7C88BF2C7C88BF3D
:10228000C93787BFB5F684BFAB1F82BF8D4F7EBFF6
:10229000EA0179BFF51375BF490473BF490473BFE1
:1022A00097F574BFFB7278BFE3E27CBF33C880BF91
:1022B0006CE382BF097684BFC24A85BFC24A85BF2C
:1022C000967F84BF541083BFA13A81BF58917EBFCF
:1022D000A30B7BBFED6678BFA1FF76BFA1FF76BFE2
:1022E000F85978BFB7CE7ABF35F67DBFDAA880BF80
:1022F000742F82BFAE5583BF77F283BF77F283BF5F
:102300004D5A83BF2A4582BF1EE080BFD4C57EBF21
:10231000D00E7CBFC5017ABF37E978BF37E978BFF7
:10232000F8FA79BFDAEE7BBF7C747EBFBE9380BFC4
:1023300075CF81BF85BE82BF8E3E83BF8E3E83BF79
:1023400013C182BF74DB81BF44B280BF17E77EBF79
:102350006F9F7CBF9FE47ABF01F779BF01F779BF18
:10236000C1E07ABF478D7CBFE4B87EBFE98680BFFD
:10237000A99881BFB56882BF88D882BF88D882BF3C
:102380002A6A82BF829F81BF539880BF46FA7EBF70
:10239000FDF17CBFFA657BBFCD907ABFCD907ABF4F
:1023A000D2637BBFDCE77CBF82E07EBF268080BF3C
:1023B000447A81BFE83882BFAC9F82BFAC9F82BFA6
:1023C000AB3982BFD97D81BF428980BFB2027FBF56
:1023D000831C7DBF75A97BBF2EE17ABF2EE17ABF3A
:1023E0007BA87BBFEE177DBF0AF77EBF527E80BF02
:1023F000016D81BF662382BFF78582BFF78582BFEB
:10240000A22382BF206E81BF2A8180BFB6017FBF19
:102410005D287DBF37BE7BBF45FA7ABF45FA7ABFDC
:1024200037BE7BBF5D287DBFB6017FBF2A8180BFDD
:10243000206E81BFA22382BFF78582BFF78582BF4E
:10244000662382BF016D81BF527E80BF0AF77EBFC7
:10245000EE177DBF7BA87BBF2EE17ABF2EE17ABF4E
:1024600075A97BBF831C7DBFB2027FBF428980BF3D
:10247000D97D81BFAB3982BFAC9F82BFAC9F82BF89
:10248000E83882BF447A81BF268080BF82E07EBF69
:10249000DCE77CBFD2637BBFCD907ABFCD907ABFA3
:1024A000FA657BBFFDF17CBF46FA7EBF539880BFC3
:1024B000829F81BF2A6A82BF88D882BF88D882BFA4
:1024C000B56882BFA99881BFE98680BFE4B87EBFA6
:1024D000478D7CBFC1E07ABF01F779BF01F779BFB3
:1024E0009FE47ABF6F9F7CBF17E77EBF44B280BF77
:1024F00074DB81BF13C182BF8E3E83BF8E3E83BF1C
:1025000085BE82BF75CF81BFBE9380BF7C747EBF06
:10251000DAEE7BBFF8FA79BF37E978BF37E978BFE1
:10252000C5017ABFD00E7CBFD4C57EBF1EE080BF80
:102530002A4582BF4D5A83BF77F283BF77F283BFAC
:10254000AE5583BF742F82BFDAA880BF35F67DBF3A
:10255000B7CE7ABFF85978BFA1FF76BFA1FF76BF8B
:10256000ED6678BFA30B7BBF58917EBFA13A81BFB8
:10257000541083BF967F84BFC24A85BFC24A85BFBD
:10258000097684BF6CE382BF33C880BFE3E27CBFBF
:10259000FB7278BF97F574BF490473BF490473BFDA
:1025A000F51375BFEA0179BF8D4F7EBFAB1F82BFA8
:1025B000B5F684BFC93787BF2C7C88BF2C7C88BF09
:1025C0006F1C87BFBA7584BFBCD580BF4D7079BF03
:1025D000167171BFB4FC6ABFAC4A67BFAC4A67BF33
:1025E0001E796BBFC6BE73BF70607FBFEA8086BFB7
:1025F000525E8DBF1C2593BFEC9D96BFEC9D96BF90
:10260000152892BF658B88BFD1F472BF40324ABF94
:10261000CCFE17BF11BDBCBE000000BECEC5FB2462
:102620008F0E493CAF0AC93C2BC3163D2FFB483DDA
:10263000732B7B3D04A9963D80B6AF3D36BDC83DAA
:102640002EBCE13D72B2FA3D86CF093E8340163E74
:10265000B5AB223EA2102F3ECF6E3B3EC2C5473ED9
:102660000115543E135C603E7F9A6C3ECCCF783EA1
:10267000C07D823E938E883E229A8E3E31A0943E4B
:1026800086A09A3EE59AA03E128FA63ED47CAC3E30
:10269000EF63B23E2A44B83E4A1DBE3E15EFC33E2C
:1026A00053B9C93ECA7BCF3E4136D53E80E8DA3EBB
:1026B0004F92E03E7533E63EBBCBEB3EEA5AF13E2D
:1026C000CBE0F63E275DFC3EE4E7003F3D9C033F48
:1026D000824B063F9BF5083F6B9A0B3FDA390E3F62
:1026E000CDD3103F2A68133FD9F6153FC07F183F5E
:1026F000C6021B3FD17F1D3FCBF61F3F9967223F8C
:1027000025D2243F5636273F1594293F4AEB2B3FCD
:10271000DE3B2E3FBB85303FC9C8323FF304353F17
:10272000233A373F4268393F3B8F3B3FF9AE3D3F4D
:1027300067C73F3F70D8413F00E2433F03E4453F56
:1027400065DE473F12D1493FF8BB4B3F029F4D3FEB
:102750001F7A4F3F3D4D513F4918533F31DB543FA6
:10276000E595563F5348583F6AF2593F1A945B3FEC
:10277000532D5D3F05BE5E3F2146603F98C5613FDA
:102780005A3C633F59AA643F880F663FD86B673F46
:102790003CBF683FA7096A3F0C4B6B3F5F836C3FB0
:1027A00093B26D3F9ED86E3F73F56F3F0809713F3E
:1027B0005213723F4714733FDD0B743F0BFA743FA3
:1027C000C6DE753F07BA763FC58B773FF853783F33
:1027D0009812793F9DC7793F02737A3FBE147B3FC1
:1027E000CDAC7B3F283B7C3FC9BF7C3FAC3A7D3FB3
:1027F000CBAB7D3F23137E3FB0707E3F6DC47E3FE9
:10280000580E7F3F6D4E7F3FAB847F3F0FB17F3FC0
:1028100098D37F3F43EC7F3F11FB7F3F0000803F19
:1028200011FB7F3F43EC7F3F98D37F3F0FB17F3F4A
:10283000AB847F3F6D4E7F3F580E7F3F6DC47E3F20
:10284000B0707E3F23137E3FCBAB7D3FAC3A7D3FE4
:10285000C9BF7C3F283B7C3FCDAC7B3FBE147B3F58
:1028600002737A3F9DC7793F9812793FF853783FBA
:10287000C58B773F07BA763FC6DE753F0BFA743FCC
:10288000DD0B743F4714733F5213723F0809713FC9
:1028900073F56F3F9ED86E3F93B26D3F5F836C3F81
:1028A0000C4B6B3FA7096A3F3CBF683FD86B673F43
:1028B000880F663F59AA643F5A3C633F98C5613F01
:1028C0002146603F05BE5E3F532D5D3F1A945B3F3E
:1028D0006AF2593F5348583FE595563F31DB543F24
:1028E0004918533F3D4D513F1F7A4F3F029F4D3F87
:1028F000F8BB4B3F12D1493F65DE473F03E4453FFC
:1029000000E2433F70D8413F67C73F3FF9AE3D3FCC
:102910003B8F3B3F4268393F233A373FF304353F13
:10292000C9C8323FBB85303FDE3B2E3F4AEB2B3FD1
:102930001594293F5636273F25D2243F9967223FD9
:10294000CBF61F3FD17F1D3FC6021B3FC07F183F04
:10295000D9F6153F2A68133FCDD3103FDA390E3F21
:102960006B9A0B3F9BF5083F824B063F3D9C033F14
:10297000E4E7003F275DFC3ECBE0F63EEA5AF13E3D
:10298000BBCBEB3E7533E63E4F92E03E80E8DA3E4D
:102990004136D53ECA7BCF3E53B9C93E15EFC33E43
:1029A0004A1DBE3E2A44B83EEF63B23ED47CAC3EE4
:1029B000128FA63EE59AA03E86A09A3E31A0943E94
:1029C000229A8E3E938E883EC07D823ECCCF783E4A
:1029D0007F9A6C3E135C603E0115543EC2C5473E73
:1029E000CF6E3B3EA2102F3EB5AB223E8340163E3B
:1029F00086CF093E72B2FA3D2EBCE13D36BDC83DE0
:102A000080B6AF3D04A9963D732B7B3D2FFB483D1F
:102A10002BC3163DAF0AC93C8F0E493C0A3AEBA4C2
:102A20008F0E49BCAF0AC9BC2BC316BD2FFB48BDD6
:102A3000732B7BBD04A996BD80B6AFBD36BDC8BDA6
:102A40002EBCE1BD72B2FABD86CF09BE834016BE70
:102A5000B5AB22BEA2102FBECF6E3BBEC2C547BED5
:102A6000011554BE135C60BE7F9A6CBECCCF78BE9D
:102A7000C07D82BE938E88BE229A8EBE31A094BE47
:102A800086A09ABEE59AA0BE128FA6BED47CACBE2C
:102A9000EF63B2BE2A44B8BE4A1DBEBE15EFC3BE28
:102AA00053B9C9BECA7BCFBE4136D5BE80E8DABEB7
:102AB0004F92E0BE7533E6BEBBCBEBBEEA5AF1BE29
:102AC000CBE0F6BE275DFCBEE4E700BF3D9C03BF44
:102AD000824B06BF9BF508BF6B9A0BBFDA390EBF5E
:102AE000CDD310BF2A6813BFD9F615BFC07F18BF5A
:102AF000C6021BBFD17F1DBFCBF61FBF996722BF88
:102B000025D224BF563627BF159429BF4AEB2BBFC9
:102B1000DE3B2EBFBB8530BFC9C832BFF30435BF13
:102B2000233A37BF426839BF3B8F3BBFF9AE3DBF49
:102B300067C73FBF70D841BF00E243BF03E445BF52
:102B400065DE47BF12D149BFF8BB4BBF029F4DBFE7
:102B50001F7A4FBF3D4D51BF491853BF31DB54BFA2
:102B6000E59556BF534858BF6AF259BF1A945BBFE8
:102B7000532D5DBF05BE5EBF214660BF98C561BFD6
:102B80005A3C63BF59AA64BF880F66BFD86B67BF42
:102B90003CBF68BFA7096ABF0C4B6BBF5F836CBFAC
:102BA00093B26DBF9ED86EBF73F56FBF080971BF3A
:102BB000521372BF471473BFDD0B74BF0BFA74BF9F
:102BC000C6DE75BF07BA76BFC58B77BFF85378BF2F
:102BD000981279BF9DC779BF02737ABFBE147BBFBD
:102BE000CDAC7BBF283B7CBFC9BF7CBFAC3A7DBFAF
:102BF000CBAB7DBF23137EBFB0707EBF6DC47EBFE5
:102C0000580E7FBF6D4E7FBFAB847FBF0FB17FBFBC
:102C100098D37FBF43EC7FBF11FB7FBF000080BF15
:102C200011FB7FBF43EC7FBF98D37FBF0FB17FBF46
:102C3000AB847FBF6D4E7FBF580E7FBF6DC47EBF1C
:102C4000B0707EBF23137EBFCBAB7DBFAC3A7DBFE0
:102C5000C9BF7CBF283B7CBFCDAC7BBFBE147BBF54
:102C600002737ABF9DC779BF981279BFF85378BFB6
:102C7000C58B77BF07BA76BFC6DE75BF0BFA74BFC8
:102C8000DD0B74BF471473BF521372BF080971BFC5
:102C900073F56FBF9ED86EBF93B26DBF5F836CBF7D
:102CA0000C4B6BBFA7096ABF3CBF68BFD86B67BF3F
:102CB000880F66BF59AA64BF5A3C63BF98C561BFFD
:102CC000214660BF05BE5EBF532D5DBF1A945BBF3A
:102CD0006AF259BF534858BFE59556BF31DB54BF20
:102CE000491853BF3D4D51BF1F7A4FBF029F4DBF83
:102CF000F8BB4BBF12D149BF65DE47BF03E445BFF8
:102D000000E243BF70D841BF67C73FBFF9AE3DBFC8
:102D10003B8F3BBF426839BF233A37BFF30435BF0F
:102D2000C9C832BFBB8530BFDE3B2EBF4AEB2BBFCD
:102D3000159429BF563627BF25D224BF996722BFD5
:102D4000CBF61FBFD17F1DBFC6021BBFC07F18BF00
:102D5000D9F615BF2A6813BFCDD310BFDA390EBF1D
:102D60006B9A0BBF9BF508BF824B06BF3D9C03BF10
:102D7000E4E700BF275DFCBECBE0F6BEEA5AF1BE39
:102D8000BBCBEBBE7533E6BE4F92E0BE80E8DABE49
:102D90004136D5BECA7BCFBE53B9C9BE15EFC3BE3F
:102DA0004A1DBEBE2A44B8BEEF63B2BED47CACBEE0
:102DB000128FA6BEE59AA0BE86A09ABE31A094BE90
:102DC000229A8EBE938E88BEC07D82BECCCF78BE46
:102DD0007F9A6CBE135C60BE011554BEC2C547BE6F
:102DE000CF6E3BBEA2102FBEB5AB22BE834016BE37
:102DF00086CF09BE72B2FABD2EBCE1BD36BDC8BDDC
:102E000080B6AFBD04A996BD732B7BBD2FFB48BD1B
:102E10002BC316BDAF0AC9BC8F0E49BC718B79BFDD
:102E2000716B79BFD90B79BFE26D78BF8B9377BF98
:102E30008F7F76BF563575BFE1B873BFB20E72BFD4
:102E4000B43B70BF1E456EBF58306CBFDB026ABF1B
:102E500018C267BF577365BFA21B63BFAABF60BF1D
:102E6000B2635EBF7E0B5CBF47BA59BFAE7257BF3D
:102E7000B93655BFD00753BFC3E650BFCCD34EBF02
:102E80009CCE4CBF69D64ABFFFE948BFCE0747BFBB
:102E9000022E45BF975A43BF6D8B41BF5DBE3FBFFA
:102EA0004DF13DBF42223CBF704F3ABF487738BF1B
:102EB000829836BF27B234BF94C332BF7CCC30BFB8
:102EC000E8CC2EBF31C52CBFFBB52ABF29A028BF37
:102ED000D88426BF496524BFDF4222BF061F20BF1A
:102EE0002DFB1DBFB5D81BBFE6B819BFE29C17BFAD
:102EF0009D8515BFD77313BF126811BF94620FBFB2
:102F000065630DBF4D6A0BBFDE7609BF758807BFCD
:102F1000419E05BF52B703BF9AD201BF02DEFFBE7A
:102F2000D016FCBE6F4DF8BED47FF4BE28ACF0BE08
:102F3000DAD0ECBEAAECE8BEB8FEE4BE8506E1BE7F
:102F4000F803DDBE5FF7D8BE65E1D4BE10C3D0BEC6
:102F5000B09DCCBED372C8BE3944C4BEB913C0BE86
:102F60003AE3BBBE98B4B7BE9589B3BECA63AFBEE1
:102F70009844ABBE192DA7BE181EA3BE0C189FBE49
:102F8000131B9BBEF02697BE143B93BE9E568FBE6E
:102F90006B788BBE1B9F87BE24C983BEC0E97FBEF2
:102FA000384178BE539570BEDEE268BEED2661BE44
:102FB000F95E59BEF28851BE5BA349BE4DAD41BE1C
:102FC00087A639BE6A8F31BEF76829BEC23421BEDA
:102FD000E2F418BEE0AB10BE985C08BE1F0A00BE4B
:102FE0004B6FEFBDB2D0DEBD873ECEBD5DBEBDBD79
:102FF0001455ADBDA4069DBDFFD58CBDDA8979BD44
:1030000005A859BD31053ABDA89D1ABDDDD6F6BC4F
:1030100008CDB8BCBB1476BCC9E2F5BB802F9C249C
:10302000C9E2F53BBB14763C08CDB83CDDD6F63C96
:10303000A89D1A3D31053A3D05A8593DDA89793DEB
:10304000FFD58C3DA4069D3D1455AD3D5DBEBD3DF7
:10305000873ECE3DB2D0DE3D4B6FEF3D1F0A003EB6
:10306000985C083EE0AB103EE2F4183EC234213ECC
:10307000F768293E6A8F313E87A6393E4DAD413E05
:103080005BA3493EF288513EF95E593EED26613E12
:10309000DEE2683E5395703E3841783EC0E97F3E9F
:1030A00024C9833E1B9F873E6B788B3E9E568F3E86
:1030B000143B933EF026973E131B9B3E0C189F3EFD
:1030C000181EA33E192DA73E9844AB3ECA63AF3EDF
:1030D0009589B33E98B4B73E3AE3BB3EB913C03EC0
:1030E0003944C43ED372C83EB09DCC3E10C3D03EDE
:1030F00065E1D43E5FF7D83EF803DD3E8506E13E4C
:10310000B8FEE43EAAECE83EDAD0EC3E28ACF03E55
:10311000D47FF43E6F4DF83ED016FC3E02DEFF3EFB
:103120009AD2013F52B7033F419E053F7588073F42
:10313000DE76093F4D6A0B3F65630D3F94620F3F9A
:103140001268113FD773133F9D85153FE29C173FCF
:10315000E6B8193FB5D81B3F2DFB1D3F061F203F8A
:10316000DF42223F4965243FD884263F29A0283FDB
:10317000FBB52A3F31C52C3FE8CC2E3F7CCC303FFD
:1031800094C3323F27B2343F8298363F4877383F66
:10319000704F3A3F42223C3F4DF13D3F5DBE3F3FC5
:1031A0006D8B413F975A433F022E453FCE07473F25
:1031B000FFE9483F69D64A3F9CCE4C3FCCD34E3FB7
:1031C000C3E6503FD007533FB936553FAE72573F25
:1031D00047BA593F7E0B5C3FB2635E3FAABF603F78
:1031E000A21B633F5773653F18C2673FDB026A3F0C
:1031F00058306C3F1E456E3FB43B703FB20E723F7D
:10320000E1B8733F5635753F8F7F763F8B93773F9D
:10321000E26D783FD90B793F716B793F718B793FC4
:10322000716B793FD90B793FE26D783F8B93773F94
:103230008F7F763F5635753FE1B8733FB20E723FD0
:10324000B43B703F1E456E3F58306C3FDB026A3F17
:1032500018C2673F5773653FA21B633FAABF603F19
:10326000B2635E3F7E0B5C3F47BA593FAE72573F39
:10327000B936553FD007533FC3E6503FCCD34E3FFE
:103280009CCE4C3F69D64A3FFFE9483FCE07473FB7
:10329000022E453F975A433F6D8B413F5DBE3F3FF6
:1032A0004DF13D3F42223C3F704F3A3F4877383F17
:1032B0008298363F27B2343F94C3323F7CCC303FB4
:1032C000E8CC2E3F31C52C3FFBB52A3F29A0283F33
:1032D000D884263F4965243FDF42223F061F203F16
:1032E0002DFB1D3FB5D81B3FE6B8193FE29C173FA9
:1032F0009D85153FD773133F1268113F94620F3FAE
:1033000065630D3F4D6A0B3FDE76093F7588073FC9
:10331000419E053F52B7033F9AD2013F02DEFF3E76
:10332000D016FC3E6F4DF83ED47FF43E28ACF03E04
:10333000DAD0EC3EAAECE83EB8FEE43E8506E13E7B
:10334000F803DD3E5FF7D83E65E1D43E10C3D03EC2
:10335000B09DCC3ED372C83E3944C43EB913C03E82
:103360003AE3BB3E98B4B73E9589B33ECA63AF3EDD
:103370009844AB3E192DA73E181EA33E0C189F3E45
:10338000131B9B3EF026973E143B933E9E568F3E6A
:103390006B788B3E1B9F873E24C9833EC0E97F3EEE
:1033A0003841783E5395703EDEE2683EED26613E40
:1033B000F95E593EF288513E5BA3493E4DAD413E18
:1033C00087A6393E6A8F313EF768293EC234213ED6
:1033D000E2F4183EE0AB103E985C083E1F0A003E47
:1033E0004B6FEF3DB2D0DE3D873ECE3D5DBEBD3D75
:1033F0001455AD3DA4069D3DFFD58C3DDA89793D40
:1034000005A8593D31053A3DA89D1A3DDDD6F63C4B
:1034100008CDB83CBB14763CC9E2F53B802F9CA498
:10342000C9E2F5BBBB1476BC08CDB8BCDDD6F6BC92
:10343000A89D1ABD31053ABD05A859BDDA8979BDE7
:10344000FFD58CBDA4069DBD1455ADBD5DBEBDBDF3
:10345000873ECEBDB2D0DEBD4B6FEFBD1F0A00BEB2
:10346000985C08BEE0AB10BEE2F418BEC23421BEC8
:10347000F76829BE6A8F31BE87A639BE4DAD41BE01
:103480005BA349BEF28851BEF95E59BEED2661BE0E
:10349000DEE268BE539570BE384178BEC0E97FBE9B
:1034A00024C983BE1B9F87BE6B788BBE9E568FBE82
:1034B000143B93BEF02697BE131B9BBE0C189FBEF9
:1034C000181EA3BE192DA7BE9844ABBECA63AFBEDB
:1034D0009589B3BE98B4B7BE3AE3BBBEB913C0BEBC
:1034E0003944C4BED372C8BEB09DCCBE10C3D0BEDA
:1034F00065E1D4BE5FF7D8BEF803DDBE8506E1BE48
:10350000B8FEE4BEAAECE8BEDAD0ECBE28ACF0BE51
:10351000D47FF4BE6F4DF8BED016FCBE02DEFFBEF7
:103520009AD201BF52B703BF419E05BF758807BF3E
:10353000DE7609BF4D6A0BBF65630DBF94620FBF96
:10354000126811BFD77313BF9D8515BFE29C17BFCB
:10355000E6B819BFB5D81BBF2DFB1DBF061F20BF86
:10356000DF4222BF496524BFD88426BF29A028BFD7
:10357000FBB52ABF31C52CBFE8CC2EBF7CCC30BFF9
:1035800094C332BF27B234BF829836BF487738BF62
:10359000704F3ABF42223CBF4DF13DBF5DBE3FBFC1
:1035A0006D8B41BF975A43BF022E45BFCE0747BF21
:1035B000FFE948BF69D64ABF9CCE4CBFCCD34EBFB3
:1035C000C3E650BFD00753BFB93655BFAE7257BF21
:1035D00047BA59BF7E0B5CBFB2635EBFAABF60BF74
:1035E000A21B63BF577365BF18C267BFDB026ABF08
:1035F00058306CBF1E456EBFB43B70BFB20E72BF79
:10360000E1B873BF563575BF8F7F76BF8B9377BF99
:10361000E26D78BFD90B79BF716B79BF000078BDBF
:103620001F4135BEDD2495BE3AD6CDBE010402BF92
:10363000A38D1BBF0B4133BF32E148BF323C5CBF9F
:103640002A2C6DBFDC977BBF79B983BFFE5E88BF34
:103650000AC38BBF1CF28DBF33FE8EBF33FE8EBFFD
:10366000370D8EBFC5498CBFFCD489BFA9D186BF99
:10367000656383BF565B7FBFFCA577BF2CE86FBF38
:103680004B5E68BF663E61BF21B75ABFDEEE54BFD6
:103690002F0350BF7D084CBF050A49BF050A47BF2D
:1036A000350246BF75E445BFA69B46BFBF0C48BF69
:1036B000EE174ABFDF994CBF0D6D4FBF0F6B52BF66
:1036C000E76D55BF375158BF62F35ABF86365DBFAD
:1036D00051015FBFA73F60BF16E360BF16E360BF45
:1036E000173D60BF5DF45EBFA8115DBFB9A25ABFB0
:1036F000A8B957BF216C54BF8AD250BF11074DBF24
:10370000BE2449BF7E4645BF368641BFEBFB3DBF69
:10371000FCBC3ABF80DB37BFB96535BFB96533BF85
:1037200027E131BF2ED930BF914A30BFEC2D30BFD9
:103730000C7830BF721A31BFE80332BF2C2133BF7F
:10374000AA5D34BF38A435BFDCDF36BF80FC37BF8D
:10375000A5E738BFFB9039BFE5EA39BFE5EA39BFD5
:10376000E78939BF6CC438BF959A37BF0E1036BF92
:10377000DB2B34BF04F831BF2A812FBF0ED62CBFFC
:10378000FA062ABF2D2527BF344224BF536F21BF1D
:10379000E3BC1EBFCA391CBFF6F219BFF6F217BF51
:1037A000A44116BFECE314BFAADB13BFAC2713BFC1
:1037B000C6C312BF07A912BF01CE12BF2E2713BF67
:1037C0005CA713BF2F4014BFA3E214BF9C7F15BF9B
:1037D0006D0816BF586F16BF0CA816BF0CA816BFF1
:1037E000076716BF1DDF15BF070D15BF32F013BFEA
:1037F000B48A12BF31E110BFACFA0EBF38E00CBF83
:10380000A59C0ABF133C08BF84CB05BF5D5803BF0E
:10381000F3EF00BF113EFDBEC9E2F8BEC9E2F4BE3F
:103820004A4FF1BE7235EEBEE79DEBBE8E8CE9BE0F
:103830007600E8BEF2F3E6BED65CE6BEE32CE6BE5A
:103840005352E6BE87B8E6BEC848E7BE1EEBE7BEE9
:103850002C87E8BE1005E9BE3B4EE9BE3B4EE9BEF3
:1038600070F3E8BEA62FE8BE8DF8E6BE0D48E5BEB3
:10387000751CE3BE7D78E0BE2663DDBE6DE7D9BE74
:10388000DD13D6BE07FAD1BED4ADCDBED144C9BE7C
:103890005ED5C4BEEB75C0BE1F3CBCBE1F3CB8BEEF
:1038A000D287B4BE432EB1BE223BAEBE5AB6ABBE2B
:1038B000D5A3A9BE5F03A8BEACD0A6BE8D03A6BE8D
:1038C0004090A5BEDF67A5BEF378A5BE15B0A5BE26
:1038D000A3F8A5BE813DA6BED869A6BED869A6BE7E
:1038E000672BA6BEC69EA5BE1CB7A4BEEA6AA3BE31
:1038F00058B4A1BE68919FBE02049DBED9119ABE64
:1039000037C496BE9F2793BE544B8FBECF408BBE0D
:10391000171B87BE13EE82BEA39B7DBEA39B75BE05
:10392000A1006EBE4AEB66BE557760BE90BA5ABE25
:103930001AC455BEE59B51BE71424EBED5B04BBEBA
:1039400006D949BE5BA648BE56FE47BE9EC147BECD
:103950001ECD47BE50FB47BE942548BE942548BEA9
:10396000A4D647BE0D1747BE47C945BEF9D443BECE
:10397000DF2741BE64B63DBE087C39BE897B34BEBC
:10398000BBBE2EBE315628BE995821BEECE119BEF1
:10399000681212BE650D0ABE0FF801BE1EF0F3BD1F
:1039A0006664E4BD3692D5BDFEB7C7BD1D0BBBBD79
:1039B00007B6AFBDBCD6A5BDC07D9DBD8BAD96BDC8
:1039C000755A91BD2C6B8DBD9FB98ABD641489BD9C
:1039D0007E4088BD83FB87BDFDFD87BDFDFD87BDA6
:1039E000C3B187BD60D286BD461E85BD9B5B82BDCF
:1039F0009BB47CBD97EB71BD9B2C64BD626353BDD2
:103A0000A3973FBDC9EC28BDA6A00FBD7B12E8BCA3
:103A10004B23ADBCCDD85EBC0000C0BB0000003B5A
:103A2000CDD81E3C4B238D3C7B12C83C4D41FF3C06
:103A3000C9EC183DA3972F3D6263433D9B2C543D39
:103A400097EB613D9BB46C3D35B7743D8B3C7A3D43
:103A5000C0A47D3D85637F3DFBFB7F3DFBFB7F3D40
:103A600007F77F3D7E40803D6414813D9FB9823DD4
:103A70002C6B853D755A893D8BAD8E3DC07D953D46
:103A8000BCD69D3D07B6A73D1D0BB33DFEB7BF3D60
:103A90003692CD3D6664DC3D1EF0EB3D1EF0FB3DF5
:103AA000650D063E68120E3EECE1153E99581D3E2E
:103AB0003156243EBBBE2A3E897B303E087C353ED3
:103AC00064B6393EDF273D3EF9D43F3E47C9413E0B
:103AD0000D17433EA4D6433E9425443E9425443ED0
:103AE00050FB433E1ECD433E9EC1433E56FE433EE9
:103AF0005BA6443E06D9453ED5B0473E71424A3E9C
:103B0000E59B4D3E1AC4513E90BA563E55775C3EF9
:103B10004AEB623EA1006A3EA39B713EA39B793EA5
:103B200013EE803E171B853ECF40893E544B8D3EA1
:103B30009F27913E37C4943ED911983E02049B3E84
:103B400068919D3E58B49F3EEA6AA13E1CB7A23ED2
:103B5000C69EA33E672BA43ED869A43ED869A43E66
:103B6000813DA43EA3F8A33E15B0A33EF378A33E47
:103B7000DF67A33E4090A33E8D03A43EACD0A43E9D
:103B80005F03A63ED5A3A73E5AB6A93E223BAC3E54
:103B9000432EAF3ED287B23E1F3CB63E1F3CBA3EDC
:103BA000EB75BE3E5ED5C23ED144C73ED4ADCB3EE2
:103BB00007FACF3EDD13D43E6DE7D73E2663DB3EEA
:103BC0007D78DE3E751CE13E0D48E33E8DF8E43E17
:103BD000A62FE63E70F3E63E3B4EE73E3B4EE73E09
:103BE0001005E73E2C87E63E1EEBE53EC848E53E65
:103BF00087B8E43E5352E43EE32CE43ED65CE43E18
:103C0000F2F3E43E7600E63E8E8CE73EE79DE93E29
:103C10007235EC3E4A4FEF3EC9E2F23EC9E2F63E53
:103C2000113EFB3EE5DFFF3E5D58023F84CB043F83
:103C3000133C073FA59C093F38E00B3FACFA0D3F12
:103C400031E10F3FB48A113F32F0123F070D143FAC
:103C50001DDF143F0767153F0CA8153F0CA8153F43
:103C6000586F153F6D08153F9C7F143FA3E2133F2B
:103C70002F40133F5CA7123F2E27123F01CE113F6A
:103C800007A9113FC6C3113FAC27123FAADB123F61
:103C9000ECE3133FA441153FF6F2163FF6F2183F4E
:103CA000CA391B3FE3BC1D3F536F203F3442233FC3
:103CB0002D25263FFA06293F0ED62B3F2A812E3F7F
:103CC00004F8303FDB2B333F0E10353F959A363FDB
:103CD0006CC4373FE789383FE5EA383FE5EA383FCB
:103CE000FB90383FA5E7373F80FC363FDCDF353FB0
:103CF00038A4343FAA5D333F2C21323FE803313FE3
:103D0000721A303F0C782F3FEC2D2F3F914A2F3FF6
:103D10002ED92F3F27E1303FB965323FB965343F97
:103D200080DB363FFCBC393FEBFB3C3F3686403FF7
:103D30007E46443FBE24483F11074C3F8AD24F3F46
:103D4000216C533FA8B9563FB9A2593FA8115C3F17
:103D50005DF45D3F173D5F3F16E35F3F16E35F3F56
:103D6000A73F5F3F51015E3F86365C3F62F3593F9C
:103D70003751573FE76D543F0F6B513F0D6D4E3F2D
:103D8000DF994B3FEE17493FBF0C473FA69B453F8E
:103D900075E4443F3502453F050A463F050A483F62
:103DA0007D084B3F2F034F3FDEEE533F21B7593F76
:103DB000663E603F4B5E673F2CE86E3FFCA5763F5A
:103DC000565B7E3F65E3823FA951863FFC54893FA5
:103DD000C5C98B3F378D8D3F337E8E3F337E8E3FFF
:103DE0001C728D3F0A438B3FFEDE873F7939833F4C
:103DF000DC977A3F2A2C6C3F323C5B3F32E1473FF5
:103E00000B41323FA38D1A3F0104013F3AD6CB3E0E
:103E1000DD24933E1F41313E0000683D0000803D9F
:103E2000AC2E3F3E12F79D3E6257DA3E0CFE093F34
:103E30006F1C253F853A3E3F6817553FFC7E693F22
:103E4000E44A7B3F9331853F335F8B3FE230903FC5
:103E500030B0933F38ED953F13FE963F13FE963FEB
:103E6000EF0C963FCD4D943F42E6913F43FD8E3F90
:103E700018BA8B3F5243883FD6BD843FF24B813FF7
:103E800022197C3F2735763F8418713FDEE56C3F71
:103E900076B5693F0A95673F0988663F0988663F9E
:103EA0008F85673F0F69693F21146C3FE5626F3F63
:103EB0007A2D733F8E49773FEF8B7B3F11CA7F3F4F
:103EC000C0ED813F98CD833F5074853F6CD4863FD1
:103ED0008AE3873FA89A883F3DF6883F3DF6883FB2
:103EE000F69D883FD2F3873F0801873F27D1853F62
:103EF0009F71843F31F1823F5F5F813FAD977F3F8C
:103F0000B78B7C3F85B7793FDA34773FC019753F6F
:103F1000CF77733FA85B723FA1CC713FA1CC713FBB
:103F20003058723FB966733FF9EA743F96D3763FD3
:103F3000DB0B793F8E7C7B3FD50C7E3F9751803FDA
:103F40002F93813F32BF823FA8CA833F07AC843F93
:103F5000845B853F57D3853FE90F863FE90F863F56
:103F600054D4853F5E60853F50B9843F44E6833F2B
:103F7000E5EF823F12E0813F78C1803F643E7F3FA2
:103F8000AA087D3F17F77A3F611D793FE48C773FA0
:103F90000554763FB37D753F0511753F0511753F9B
:103FA000997C753F9B4E763F127E773F96FE783F19
:103FB000CAC07A3FF5B27C3FB7C17E3F616C803F9B
:103FC000CE71813F3567823F5543833FF1FD833F8B
:103FD0002090843F88F4843F9527853F9527853F2F
:103FE000C8F4843F5991843F4B01843F4B4A833F3F
:103FF0007C73823F2E85813F8F88803FA30E7F3F59
:104000009E167D3F4E3C7B3FCA91793F5127783FBA
:10401000AC0A773FAE46763FC9E2753FC9E2753FCD
:10402000AE46763FAC0A773F5127783FCA91793F39
:104030004E3C7B3F9E167D3FA30E7F3F8F88803F87
:104040002E85813F7C73823F4B4A833F4B01843FE7
:104050005991843FC8F4843F9527853F9527853F34
:1040600088F4843F2090843FF1FD833F5543833F94
:104070003567823FCE71813F616C803FB7C17E3F23
:10408000F5B27C3FCAC07A3F96FE783F127E773FFA
:104090009B4E763F997C753F0511753F0511753F25
:1040A000B37D753F0554763FE48C773F611D793FC2
:1040B00017F77A3FAA087D3F643E7F3F78C1803F73
:1040C00012E0813FE5EF823F44E6833F50B9843FF1
:1040D0005E60853F54D4853FE90F863FE90F863FF8
:1040E00057D3853F845B853F07AC843FA8CA833F95
:1040F00032BF823F2F93813F9751803FD50C7E3F47
:104100008E7C7B3FDB0B793F96D3763FF9EA743F99
:10411000B966733F3058723FA1CC713FA1CC713F5B
:10412000A85B723FCF77733FC019753FDA34773F92
:1041300085B7793FB78B7C3FAD977F3F5F5F813F0E
:1041400031F1823F9F71843F27D1853F0801873F2E
:10415000D2F3873FF69D883F3DF6883F3DF6883F86
:10416000A89A883F8AE3873F6CD4863F5074853F86
:1041700098CD833FC0ED813F11CA7F3FEF8B7B3FDE
:104180008E49773F7A2D733FE5626F3F21146C3F74
:104190000F69693F8F85673F0988663F0988663FD9
:1041A0000A95673F76B5693FDEE56C3F8418713F3D
:1041B0002735763F22197C3FF24B813FD6BD843FA5
:1041C0005243883F18BA8B3F43FD8E3F42E6913FF2
:1041D000CD4D943FEF0C963F13FE963F13FE963F56
:1041E00038ED953F30B0933FE230903F335F8B3FE7
:1041F0009331853FE44A7B3FFC7E693F6817553F1A
:10420000853A3E3F6F1C253F0CFE093F6257DA3E60
:1042100012F79D3EAC2E3F3E0000803D000080BD69
:10422000AC2E3FBE12F79DBE6257DABE0CFE09BF30
:104230006F1C25BF853A3EBF681755BFFC7E69BF1E
:10424000E44A7BBF933185BF335F8BBFE23090BFC1
:1042500030B093BF38ED95BF13FE96BF13FE96BFE7
:10426000EF0C96BFCD4D94BF42E691BF43FD8EBF8C
:1042700018BA8BBF524388BFD6BD84BFF24B81BFF3
:1042800022197CBF273576BF841871BFDEE56CBF6D
:1042900076B569BF0A9567BF098866BF098866BF9A
:1042A0008F8567BF0F6969BF21146CBFE5626FBF5F
:1042B0007A2D73BF8E4977BFEF8B7BBF11CA7FBF4B
:1042C000C0ED81BF98CD83BF507485BF6CD486BFCD
:1042D0008AE387BFA89A88BF3DF688BF3DF688BFAE
:1042E000F69D88BFD2F387BF080187BF27D185BF5E
:1042F0009F7184BF31F182BF5F5F81BFAD977FBF88
:10430000B78B7CBF85B779BFDA3477BFC01975BF6B
:10431000CF7773BFA85B72BFA1CC71BFA1CC71BFB7
:10432000305872BFB96673BFF9EA74BF96D376BFCF
:10433000DB0B79BF8E7C7BBFD50C7EBF975180BFD6
:104340002F9381BF32BF82BFA8CA83BF07AC84BF8F
:10435000845B85BF57D385BFE90F86BFE90F86BF52
:1043600054D485BF5E6085BF50B984BF44E683BF27
:10437000E5EF82BF12E081BF78C180BF643E7FBF9E
:10438000AA087DBF17F77ABF611D79BFE48C77BF9C
:10439000055476BFB37D75BF051175BF051175BF97
:1043A000997C75BF9B4E76BF127E77BF96FE78BF15
:1043B000CAC07ABFF5B27CBFB7C17EBF616C80BF97
:1043C000CE7181BF356782BF554383BFF1FD83BF87
:1043D000209084BF88F484BF952785BF952785BF2B
:1043E000C8F484BF599184BF4B0184BF4B4A83BF3B
:1043F0007C7382BF2E8581BF8F8880BFA30E7FBF55
:104400009E167DBF4E3C7BBFCA9179BF512778BFB6
:10441000AC0A77BFAE4676BFC9E275BFC9E275BFC9
:10442000AE4676BFAC0A77BF512778BFCA9179BF35
:104430004E3C7BBF9E167DBFA30E7FBF8F8880BF83
:104440002E8581BF7C7382BF4B4A83BF4B0184BFE3
:10445000599184BFC8F484BF952785BF952785BF30
:1044600088F484BF209084BFF1FD83BF554383BF90
:10447000356782BFCE7181BF616C80BFB7C17EBF1F
:10448000F5B27CBFCAC07ABF96FE78BF127E77BFF6
:104490009B4E76BF997C75BF051175BF051175BF21
:1044A000B37D75BF055476BFE48C77BF611D79BFBE
:1044B00017F77ABFAA087DBF643E7FBF78C180BF6F
:1044C00012E081BFE5EF82BF44E683BF50B984BFED
:1044D0005E6085BF54D485BFE90F86BFE90F86BFF4
:1044E00057D385BF845B85BF07AC84BFA8CA83BF91
:1044F00032BF82BF2F9381BF975180BFD50C7EBF43
:104500008E7C7BBFDB0B79BF96D376BFF9EA74BF95
:10451000B96673BF305872BFA1CC71BFA1CC71BF57
:10452000A85B72BFCF7773BFC01975BFDA3477BF8E
:1045300085B779BFB78B7CBFAD977FBF5F5F81BF0A
:1045400031F182BF9F7184BF27D185BF080187BF2A
:10455000D2F387BFF69D88BF3DF688BF3DF688BF82
:10456000A89A88BF8AE387BF6CD486BF507485BF82
:1045700098CD83BFC0ED81BF11CA7FBFEF8B7BBFDA
:104580008E4977BF7A2D73BFE5626FBF21146CBF70
:104590000F6969BF8F8567BF098866BF098866BFD5
:1045A0000A9567BF76B569BFDEE56CBF841871BF39
:1045B000273576BF22197CBFF24B81BFD6BD84BFA1
:1045C000524388BF18BA8BBF43FD8EBF42E691BFEE
:1045D000CD4D94BFEF0C96BF13FE96BF13FE96BF52
:1045E00038ED95BF30B093BFE23090BF335F8BBFE3
:1045F000933185BFE44A7BBFFC7E69BF681755BF16
:10460000853A3EBF6F1C25BF0CFE09BF6257DABE5C
:1046100012F79DBEAC2E3FBE000080BD778E792381
:10462000900E493CB00AC93C2CC3163D30FB483DB6
:10463000742B7B3D05A9963D80B6AF3D36BDC83D88
:104640002EBCE13D73B2FA3D86CF093E8340163E53
:10465000B6AB223EA2102F3ECF6E3B3EC2C5473EB8
:104660000115543E135C603E7F9A6C3ECCCF783E81
:10467000C07D823E938E883E229A8E3E31A0943E2B
:1046800086A09A3EE59AA03E128FA63ED47CAC3E10
:10469000EF63B23E2A44B83E4A1DBE3E15EFC33E0C
:1046A00053B9C93ECA7BCF3E4136D53E80E8DA3E9B
:1046B0004F92E03E7533E63EBBCBEB3EEA5AF13E0D
:1046C000CBE0F63E275DFC3EE4E7003F3D9C033F28
:1046D000824B063F9BF5083F6B9A0B3FDA390E3F42
:1046E000CDD3103F2A68133FD9F6153FC07F183F3E
:1046F000C6021B3FD17F1D3FCBF61F3F9967223F6C
:1047000025D2243F5636273F1594293F4AEB2B3FAD
:10471000DE3B2E3FBB85303FC9C8323FF304353FF7
:10472000233A373F4268393F3B8F3B3FF9AE3D3F2D
:1047300067C73F3F70D8413F01E2433F03E4453F35
:1047400065DE473F12D1493FF8BB4B3F029F4D3FCB
:104750001F7A4F3F3D4D513F4918533F31DB543F86
:10476000E595563F5348583F6AF2593F1A945B3FCC
:10477000532D5D3F05BE5E3F2146603F98C5613FBA
:104780005A3C633F59AA643F880F663FD86B673F26
:104790003CBF683FA7096A3F0C4B6B3F5E836C3F91
:1047A00093B26D3F9ED86E3F73F56F3F0809713F1E
:1047B0005213723F4714733FDD0B743F0BFA743F83
:1047C000C6DE753F07BA763FC58B773FF853783F13
:1047D0009812793F9DC7793F02737A3FBE147B3FA1
:1047E000CDAC7B3F283B7C3FC9BF7C3FAC3A7D3F93
:1047F000CCAB7D3F24137E3FB0707E3F6DC47E3FC7
:10480000580E7F3F6D4E7F3FAB847F3F0FB17F3FA0
:1048100097D37F3F43EC7F3F11FB7F3F0000803FFA
:1048200011FB7F3F43EC7F3F97D37F3F0FB17F3F2B
:10483000AB847F3F6D4E7F3F580E7F3F6DC47E3F00
:10484000B0707E3F24137E3FCCAB7D3FAC3A7D3FC2
:10485000C9BF7C3F283B7C3FCDAC7B3FBE147B3F38
:1048600002737A3F9DC7793F9812793FF853783F9A
:10487000C58B773F07BA763FC6DE753F0BFA743FAC
:10488000DD0B743F4714733F5213723F0809713FA9
:1048900073F56F3F9ED86E3F93B26D3F5E836C3F62
:1048A0000C4B6B3FA7096A3F3CBF683FD86B673F23
:1048B000880F663F59AA643F5A3C633F98C5613FE1
:1048C0002146603F05BE5E3F532D5D3F1A945B3F1E
:1048D0006AF2593F5348583FE595563F31DB543F04
:1048E0004918533F3D4D513F1F7A4F3F029F4D3F67
:1048F000F8BB4B3F12D1493F65DE473F03E4453FDC
:1049000001E2433F70D8413F67C73F3FF9AE3D3FAB
:104910003B8F3B3F4268393F233A373FF304353FF3
:10492000C9C8323FBB85303FDE3B2E3F4AEB2B3FB1
:104930001594293F5636273F25D2243F9967223FB9
:10494000CBF61F3FD17F1D3FC6021B3FC07F183FE4
:10495000D9F6153F2A68133FCDD3103FDA390E3F01
:104960006B9A0B3F9BF5083F824B063F3D9C033FF4
:10497000E4E7003F275DFC3ECBE0F63EEA5AF13E1D
:10498000BBCBEB3E7533E63E4F92E03E80E8DA3E2D
:104990004136D53ECA7BCF3E53B9C93E15EFC33E23
:1049A0004A1DBE3E2A44B83EEF63B23ED47CAC3EC4
:1049B000128FA63EE59AA03E86A09A3E31A0943E74
:1049C000229A8E3E938E883EC07D823ECCCF783E2A
:1049D0007F9A6C3E135C603E0115543EC2C5473E53
:1049E000CF6E3B3EA2102F3EB6AB223E8340163E1A
:1049F00086CF093E73B2FA3D2EBCE13D36BDC83DBF
:104A000080B6AF3D05A9963D742B7B3D30FB483DFC
:104A10002CC3163DB00AC93C900E493CF1C83BA3DB
:104A2000900E49BCB00AC9BC2CC316BD30FB48BDB2
:104A3000742B7BBD05A996BD80B6AFBD36BDC8BD84
:104A40002EBCE1BD73B2FABD86CF09BE834016BE4F
:104A5000B6AB22BEA2102FBECF6E3BBEC2C547BEB4
:104A6000011554BE135C60BE7F9A6CBECCCF78BE7D
:104A7000C07D82BE938E88BE229A8EBE31A094BE27
:104A800086A09ABEE59AA0BE128FA6BED47CACBE0C
:104A9000EF63B2BE2A44B8BE4A1DBEBE15EFC3BE08
:104AA00053B9C9BECA7BCFBE4136D5BE80E8DABE97
:104AB0004F92E0BE7533E6BEBBCBEBBEEA5AF1BE09
:104AC000CBE0F6BE275DFCBEE4E700BF3D9C03BF24
:104AD000824B06BF9BF508BF6B9A0BBFDA390EBF3E
:104AE000CDD310BF2A6813BFD9F615BFC07F18BF3A
:104AF000C6021BBFD17F1DBFCBF61FBF996722BF68
:104B000025D224BF563627BF159429BF4AEB2BBFA9
:104B1000DE3B2EBFBB8530BFC9C832BFF30435BFF3
:104B2000233A37BF426839BF3B8F3BBFF9AE3DBF29
:104B300067C73FBF70D841BF01E243BF03E445BF31
:104B400065DE47BF12D149BFF8BB4BBF029F4DBFC7
:104B50001F7A4FBF3D4D51BF491853BF31DB54BF82
:104B6000E59556BF534858BF6AF259BF1A945BBFC8
:104B7000532D5DBF05BE5EBF214660BF98C561BFB6
:104B80005A3C63BF59AA64BF880F66BFD86B67BF22
:104B90003CBF68BFA7096ABF0C4B6BBF5E836CBF8D
:104BA00093B26DBF9ED86EBF73F56FBF080971BF1A
:104BB000521372BF471473BFDD0B74BF0BFA74BF7F
:104BC000C6DE75BF07BA76BFC58B77BFF85378BF0F
:104BD000981279BF9DC779BF02737ABFBE147BBF9D
:104BE000CDAC7BBF283B7CBFC9BF7CBFAC3A7DBF8F
:104BF000CCAB7DBF24137EBFB0707EBF6DC47EBFC3
:104C0000580E7FBF6D4E7FBFAB847FBF0FB17FBF9C
:104C100097D37FBF43EC7FBF11FB7FBF000080BFF6
:104C200011FB7FBF43EC7FBF97D37FBF0FB17FBF27
:104C3000AB847FBF6D4E7FBF580E7FBF6DC47EBFFC
:104C4000B0707EBF24137EBFCCAB7DBFAC3A7DBFBE
:104C5000C9BF7CBF283B7CBFCDAC7BBFBE147BBF34
:104C600002737ABF9DC779BF981279BFF85378BF96
:104C7000C58B77BF07BA76BFC6DE75BF0BFA74BFA8
:104C8000DD0B74BF471473BF521372BF080971BFA5
:104C900073F56FBF9ED86EBF93B26DBF5E836CBF5E
:104CA0000C4B6BBFA7096ABF3CBF68BFD86B67BF1F
:104CB000880F66BF59AA64BF5A3C63BF98C561BFDD
:104CC000214660BF05BE5EBF532D5DBF1A945BBF1A
:104CD0006AF259BF534858BFE59556BF31DB54BF00
:104CE000491853BF3D4D51BF1F7A4FBF029F4DBF63
:104CF000F8BB4BBF12D149BF65DE47BF03E445BFD8
:104D000001E243BF70D841BF67C73FBFF9AE3DBFA7
:104D10003B8F3BBF426839BF233A37BFF30435BFEF
:104D2000C9C832BFBB8530BFDE3B2EBF4AEB2BBFAD
:104D3000159429BF563627BF25D224BF996722BFB5
:104D4000CBF61FBFD17F1DBFC6021BBFC07F18BFE0
:104D5000D9F615BF2A6813BFCDD310BFDA390EBFFD
:104D60006B9A0BBF9BF508BF824B06BF3D9C03BFF0
:104D7000E4E700BF275DFCBECBE0F6BEEA5AF1BE19
:104D8000BBCBEBBE7533E6BE4F92E0BE80E8DABE29
:104D90004136D5BECA7BCFBE53B9C9BE15EFC3BE1F
:104DA0004A1DBEBE2A44B8BEEF63B2BED47CACBEC0
:104DB000128FA6BEE59AA0BE86A09ABE31A094BE70
:104DC000229A8EBE938E88BEC07D82BECCCF78BE26
:104DD0007F9A6CBE135C60BE011554BEC2C547BE4F
:104DE000CF6E3BBEA2102FBEB6AB22BE834016BE16
:104DF00086CF09BE73B2FABD2EBCE1BD36BDC8BDBB
:104E000080B6AFBD05A996BD742B7BBD30FB48BDF8
:104E10002CC316BDB00AC9BC900E49BC811B73BF20
:104E2000810B73BF8EDB72BFCF8B72BF841C72BFCE
:104E3000068E71BFC9E070BF561570BF502C6FBF92
:104E40006E266EBF7F046DBF64C76BBF13706ABFF1
:104E500093FF68BFFA7667BF6ED765BF232264BF32
:104E6000585862BF537B60BF678C5EBFEA8C5CBFE3
:104E7000387E5ABFAE6158BFAC3856BF8F0454BF9E
:104E8000B5C651BF73804FBF1C334DBFF9DF4ABF5A
:104E90004A8848BF472D46BF18D043BFDB7141BF8A
:104EA0009F133FBF60B63CBF0F5B3ABF880238BF5D
:104EB00095AD35BFEF5C33BF3A1131BF08CB2EBF84
:104EC000D58A2CBF0C512ABF031E28BFFBF125BF7A
:104ED00024CD23BF98AF21BF61991FBF788A1DBF22
:104EE000C1821BBF148219BF378817BFE29415BF58
:104EF000C2A713BF76C011BF91DE0FBF9F010EBFC7
:104F000022290CBF97540ABF728308BF26B506BF7B
:104F100022E904BFD21E03BFA45501BF0B1AFFBE76
:104F2000CF88FBBE7AF6F7BEFD61F4BE55CAF0BE6F
:104F30008B2EEDBEB98DE9BE08E7E5BEB539E2BE00
:104F40001085DEBE80C8DABE8003D7BEA235D3BED0
:104F5000905ECFBE0D7ECBBEF093C7BE2CA0C3BE6D
:104F6000C9A2BFBEE69BBBBEBA8BB7BE8F72B3BE33
:104F7000C750AFBED426ABBE3DF5A6BE96BCA2BE02
:104F8000857D9EBEBC389ABEFAEE95BE05A191BE47
:104F9000AD4F8DBEC7FB88BE2DA684BEB84F80BE68
:104FA00085F277BE4B476FBE6A9F66BE7DFC5DBED5
:104FB000116055BE9FCB4CBE894044BE1AC03BBE5B
:104FC0007C4B33BEC0E32ABED18922BE7A3E1ABED4
:104FD000600212BE03D609BEBBB901BE735BF3BD4E
:104FE0001164E3BD148DD3BDF1D5C3BDD23DB4BDB5
:104FF00097C3A4BDD66595BDE52286BDADF16DBD57
:105000000ACB4FBD27CD31BDECF213BDD46DECBC46
:10501000DC26B1BC240A6CBC0CF1EBBB00F023A372
:105020000CF1EB3B240A6C3CDC26B13CD46DEC3C2F
:10503000ECF2133D27CD313D0ACB4F3DADF16D3D37
:10504000E522863DD665953D97C3A43DD23DB43D4E
:10505000F1D5C33D148DD33D1164E33D735BF33D46
:10506000BBB9013E03D6093E6002123E7A3E1A3EAB
:10507000D189223EC0E32A3E7C4B333E1AC03B3EE0
:105080008940443E9FCB4C3E1160553E7DFC5D3EC9
:105090006A9F663E4B476F3E85F2773EB84F803E33
:1050A0002DA6843EC7FB883EAD4F8D3E05A1913EA7
:1050B000FAEE953EBC389A3E857D9E3E96BCA23E59
:1050C0003DF5A63ED426AB3EC750AF3E8F72B33EF1
:1050D000BA8BB73EE69BBB3EC9A2BF3E2CA0C33EE7
:1050E000F093C73E0D7ECB3E905ECF3EA235D33EC1
:1050F0008003D73E80C8DA3E1085DE3EB539E23EF9
:1051000008E7E53EB98DE93E8B2EED3E55CAF03EEF
:10511000FD61F43E7AF6F73ECF88FB3E0B1AFF3E68
:10512000A455013FD21E033F22E9043F26B5063FA6
:105130007283083F97540A3F22290C3F9F010E3F7C
:1051400091DE0F3F76C0113FC2A7133FE294153F97
:105150003788173F1482193FC1821B3F788A1D3F51
:1051600061991F3F98AF213F24CD233FFBF1253F9D
:10517000031E283F0C512A3FD58A2C3F08CB2E3FD7
:105180003A11313FEF5C333F95AD353F8802383FF0
:105190000F5B3A3F60B63C3F9F133F3FDB71413F9F
:1051A00018D0433F472D463F4A88483FF9DF4A3FE2
:1051B0001C334D3F73804F3FB5C6513F8F04543F62
:1051C000AC38563FAE61583F387E5A3FEA8C5C3F60
:1051D000678C5E3F537B603F5858623F2322643F99
:1051E0006ED7653FFA76673F93FF683F13706A3F5B
:1051F00064C76B3F7F046D3F6E266E3F502C6F3F40
:105200005615703FC9E0703F068E713F841C723F97
:10521000CF8B723F8EDB723F810B733F811B733FDD
:10522000810B733F8EDB723FCF8B723F841C723FCA
:10523000068E713FC9E0703F5615703F502C6F3F8E
:105240006E266E3F7F046D3F64C76B3F13706A3FED
:1052500093FF683FFA76673F6ED7653F2322643F2E
:105260005858623F537B603F678C5E3FEA8C5C3FDF
:10527000387E5A3FAE61583FAC38563F8F04543F9A
:10528000B5C6513F73804F3F1C334D3FF9DF4A3F56
:105290004A88483F472D463F18D0433FDB71413F86
:1052A0009F133F3F60B63C3F0F5B3A3F8802383F59
:1052B00095AD353FEF5C333F3A11313F08CB2E3F80
:1052C000D58A2C3F0C512A3F031E283FFBF1253F76
:1052D00024CD233F98AF213F61991F3F788A1D3F1E
:1052E000C1821B3F1482193F3788173FE294153F54
:1052F000C2A7133F76C0113F91DE0F3F9F010E3FC3
:1053000022290C3F97540A3F7283083F26B5063F77
:1053100022E9043FD21E033FA455013F0B1AFF3E72
:10532000CF88FB3E7AF6F73EFD61F43E55CAF03E6B
:105330008B2EED3EB98DE93E08E7E53EB539E23EFC
:105340001085DE3E80C8DA3E8003D73EA235D33ECC
:10535000905ECF3E0D7ECB3EF093C73E2CA0C33E69
:10536000C9A2BF3EE69BBB3EBA8BB73E8F72B33E2F
:10537000C750AF3ED426AB3E3DF5A63E96BCA23EFE
:10538000857D9E3EBC389A3EFAEE953E05A1913E43
:10539000AD4F8D3EC7FB883E2DA6843EB84F803E64
:1053A00085F2773E4B476F3E6A9F663E7DFC5D3ED1
:1053B0001160553E9FCB4C3E8940443E1AC03B3E57
:1053C0007C4B333EC0E32A3ED189223E7A3E1A3ED0
:1053D0006002123E03D6093EBBB9013E735BF33D4A
:1053E0001164E33D148DD33DF1D5C33DD23DB43DB1
:1053F00097C3A43DD665953DE522863DADF16D3D53
:105400000ACB4F3D27CD313DECF2133DD46DEC3C42
:10541000DC26B13C240A6C3C0CF1EB3B00F023236E
:105420000CF1EBBB240A6CBCDC26B1BCD46DECBC2B
:10543000ECF213BD27CD31BD0ACB4FBDADF16DBD33
:10544000E52286BDD66595BD97C3A4BDD23DB4BD4A
:10545000F1D5C3BD148DD3BD1164E3BD735BF3BD42
:10546000BBB901BE03D609BE600212BE7A3E1ABEA7
:10547000D18922BEC0E32ABE7C4B33BE1AC03BBEDC
:10548000894044BE9FCB4CBE116055BE7DFC5DBEC5
:105490006A9F66BE4B476FBE85F277BEB84F80BE2F
:1054A0002DA684BEC7FB88BEAD4F8DBE05A191BEA3
:1054B000FAEE95BEBC389ABE857D9EBE96BCA2BE55
:1054C0003DF5A6BED426ABBEC750AFBE8F72B3BEED
:1054D000BA8BB7BEE69BBBBEC9A2BFBE2CA0C3BEE3
:1054E000F093C7BE0D7ECBBE905ECFBEA235D3BEBD
:1054F0008003D7BE80C8DABE1085DEBEB539E2BEF5
:1055000008E7E5BEB98DE9BE8B2EEDBE55CAF0BEEB
:10551000FD61F4BE7AF6F7BECF88FBBE0B1AFFBE64
:10552000A45501BFD21E03BF22E904BF26B506BFA2
:10553000728308BF97540ABF22290CBF9F010EBF78
:1055400091DE0FBF76C011BFC2A713BFE29415BF93
:10555000378817BF148219BFC1821BBF788A1DBF4D
:1055600061991FBF98AF21BF24CD23BFFBF125BF99
:10557000031E28BF0C512ABFD58A2CBF08CB2EBFD3
:105580003A1131BFEF5C33BF95AD35BF880238BFEC
:105590000F5B3ABF60B63CBF9F133FBFDB7141BF9B
:1055A00018D043BF472D46BF4A8848BFF9DF4ABFDE
:1055B0001C334DBF73804FBFB5C651BF8F0454BF5E
:1055C000AC3856BFAE6158BF387E5ABFEA8C5CBF5C
:1055D000678C5EBF537B60BF585862BF232264BF95
:1055E0006ED765BFFA7667BF93FF68BF13706ABF57
:1055F00064C76BBF7F046DBF6E266EBF502C6FBF3C
:10560000561570BFC9E070BF068E71BF841C72BF93
:10561000CF8B72BF8EDB72BF810B73BF0000F0BCFB
:10562000D7D4ABBD34940DBEA1D244BE817B7BBE2A
:10563000B1B298BEE633B3BEB62DCDBE238DE6BE65
:10564000F83FFFBE6C9A0BBFAB2D17BF095222BFAC
:105650005C002DBF113237BF32E140BF68084ABF3E
:1056600006A352BF0AAD5ABF242362BFB50269BF69
:10567000D2496FBF49F774BF980A7ABFF2837EBFE1
:105680001E3281BF83D682BF453084BFD34085BFE1
:10569000EB0986BF948D86BF20CE86BF20CE86BF05
:1056A000659086BFFB1786BF1F6885BF3E8484BF99
:1056B000F06F83BFEC2E82BF0AC580BF6D6C7EBFCA
:1056C000E10C7BBF847377BF71A873BFC3B36FBF97
:1056D000849D6BBFA56D67BFF32B63BF07E05EBF03
:1056E00044915ABFC44656BF550752BF6ED94DBFED
:1056F00027C349BF33CA45BFD7F341BFE8443EBFC4
:10570000C2C13ABF476E37BFD94D34BF5E6331BFA8
:1057100035B12EBF3D392CBFD3FC29BFD3FC27BFE9
:105720009A3926BF07B324BF846823BF035922BF19
:10573000098321BFB2E420BFB47B20BF6B4520BFEB
:10574000DC3E20BFC06420BF8BB320BF722721BFC7
:1057500079BC21BF766E22BF1F3923BF101824BF2A
:10576000D60625BFF70026BFFA0127BF730528BF5D
:10577000070729BF79022ABFAEF32ABFB6D62BBFCF
:10578000D3A72CBF80632DBF75062EBFAD8D2EBF56
:105790006DF62EBF473E2FBF1A632FBF1A632FBF70
:1057A000CF3C2FBF18EF2EBF2B792EBF94DA2DBF21
:1057B00037132DBF4D232CBF620B2BBF53CC29BFFA
:1057C0004D6728BFC3DD26BF743125BF5B6423BF8F
:1057D000B37821BFED701FBFAC4F1DBFBC171BBFFF
:1057E00010CC18BFB86F16BFDD0514BFB69111BF3E
:1057F00086160FBF94970CBF1F180ABF619B07BF87
:105800007F2405BF8AB602BF725400BF1202FCBEDD
:10581000EB7DF7BE6321F3BE0CF1EEBE0CF1EABEE8
:105820001625E7BE6390E3BEB035E0BE3417DDBE9B
:10583000A536DABE2C95D7BE6F33D5BE8711D3BE41
:10584000082FD1BE038BCFBE0524CEBE1FF8CCBE21
:10585000EB04CCBE9047CBBECDBCCABEFD60CABE79
:105860002230CABEEC25CABEC53DCABEDC72CABE65
:105870002AC0CABE8520CBBEA48ECBBE3005CCBE0E
:10588000C97ECCBE1AF6CCBEDA65CDBEDFC8CDBEB1
:10589000241ACEBED554CEBE5874CEBE5874CEBED9
:1058A000CA50CEBEF805CEBE8690CDBE7AEDCCBE37
:1058B000401ACCBEB014CBBE11DBC9BE1C6CC8BE36
:1058C000FCC6C6BE53EBC4BE36D9C2BE2E91C0BE06
:1058D0003514BEBEB563BBBE8181B8BED66FB5BE42
:1058E0004E31B2BEE1C8AEBEDA39ABBED187A7BE7B
:1058F000A3B6A3BE68CA9FBE6DC79BBE28B297BEA3
:105900002F8F93BE2F638FBEE0328BBE000387BE06
:1059100040D882BE8B6E7DBE2D4975BE2D496DBEB1
:10592000F67665BE87DA5DBE637B56BE7E604FBE8F
:10593000369048BE411042BEA3E53BBEA31436BE1E
:10594000C7A030BEC98C2BBE92DA26BE3D8B22BECC
:105950000C9F1EBE72151BBE0CED17BEAC2315BEF0
:105960005CB612BE61A110BE4BE00EBEF86D0DBE5E
:10597000A4440CBEF45D0BBE05B30ABE783C0ABE5F
:1059800086F209BE0ECD09BEA7C309BEB4CD09BEBD
:1059900072E209BE10F909BEBD080ABEBD080ABE02
:1059A0007BF009BE9CB709BE0F5609BE1DC408BED8
:1059B0007EFA07BE61F206BE81A505BE2C0E04BEAE
:1059C000562702BE34D9FFBD98B4FABDF5DAF4BD4E
:1059D000F147EEBDBBF8E6BD19ECDEBD6322D6BDD6
:1059E000879DCCBD0261C2BDD871B7BD8AD6ABBDA3
:1059F00006979FBD99BC92BDD95185BD19C56EBD95
:105A00002CF751BDA85534BD0DFE15BDB91EEEBC19
:105A1000B053AFBCF6BA5FBC0000C0BB0000003B97
:105A2000F6BA1F3CB0538F3CB91ECE3C0DFE053D6F
:105A3000A855243D2CF7413D19C55E3DB2A37A3DE2
:105A400099BC8A3D0697973D8AD6A33DD871AF3D54
:105A50000261BA3D879DC43D6322CE3D19ECD63D1F
:105A6000BBF8DE3DF147E63DF5DAEC3D98B4F23D9A
:105A700034D9F73DAB4EFC3D2C0E003E81A5013ED6
:105A800061F2023E7EFA033E1DC4043E0F56053EFF
:105A90009CB7053E7BF0053EBD08063EBD08063EB0
:105AA00010F9053E72E2053EB4CD053EA7C3053EA2
:105AB0000ECD053E86F2053E783C063E05B3063E19
:105AC000F45D073EA444083EF86D093E4BE00A3EF3
:105AD00061A10C3E5CB60E3EAC23113E0CED133EB4
:105AE0007215173E0C9F1A3E3D8B1E3E92DA223EE7
:105AF000C98C273EC7A02C3EA314323EA3E5373EF7
:105B000041103E3E3690443E7E604B3E637B523EAB
:105B100087DA593EF676613E2D49693E2D49713E40
:105B20008B6E793E40D8803E0003853EE032893E50
:105B30002F638D3E2F8F913E28B2953E6DC7993EC3
:105B400068CA9D3EA3B6A13ED187A53EDA39A93EDB
:105B5000E1C8AC3E4E31B03ED66FB33E8181B63E19
:105B6000B563B93E3514BC3E2E91BE3E36D9C03E1B
:105B700053EBC23EFCC6C43E1C6CC63E11DBC73EA6
:105B8000B014C93E401ACA3E7AEDCA3E8690CB3E5A
:105B9000F805CC3ECA50CC3E5874CC3E5874CC3E2E
:105BA000D554CC3E241ACC3EDFC8CB3EDA65CB3E82
:105BB0001AF6CA3EC97ECA3E3005CA3EA48EC93E08
:105BC0008520C93E2AC0C83EDC72C83EC53DC83EDD
:105BD000EC25C83E2230C83EFD60C83ECDBCC83E64
:105BE0009047C93EEB04CA3E1FF8CA3E0524CC3E8E
:105BF000038BCD3E082FCF3E8711D13E6F33D33E6E
:105C00002C95D53EA536D83E3417DB3EB035DE3E6A
:105C10006390E13E1625E53E0CF1E83E0CF1EC3ECA
:105C20006321F13EEB7DF53E1202FA3EE5A8FE3E11
:105C30008AB6013F7F24043F619B063F1F18093F3E
:105C400094970B3F86160E3FB691103FDD05133F2C
:105C5000B86F153F10CC173FBC171A3FAC4F1C3F15
:105C6000ED701E3FB378203F5B64223F7431243FC8
:105C7000C3DD253F4D67273F53CC283F620B2A3FAA
:105C80004D232B3F37132C3F94DA2C3F2B792D3F9C
:105C900018EF2D3FCF3C2E3F1A632E3F1A632E3F45
:105CA000473E2E3F6DF62D3FAD8D2D3F75062D3FA6
:105CB00080632C3FD3A72B3FB6D62A3FAEF3293FB4
:105CC0007902293F0707283F7305273FFA01263F3E
:105CD000F700253FD606243F1018233F1F39223FE7
:105CE000766E213F79BC203F7227203F8BB31F3F48
:105CF000C0641F3FDC3E1F3F6B451F3FB47B1F3F0F
:105D0000B2E41F3F0983203F0359213F8468223FAB
:105D100007B3233F9A39253FD3FC263FD3FC283FC6
:105D20003D392B3F35B12D3F5E63303FD94D333F79
:105D3000476E363FC2C1393FE8443D3FD7F3403F4D
:105D400033CA443F27C3483F6ED94C3F5507513FA4
:105D5000C446553F4491593F07E05D3FF32B623FF6
:105D6000A56D663F849D6A3FC3B36E3F71A8723FC5
:105D70008473763FE10C7A3F6D6C7D3F0A45803F2E
:105D8000ECAE813FF0EF823F3E04843F1FE8843F4A
:105D9000FB97853F6510863F204E863F204E863F0D
:105DA000940D863FEB89853FD3C0843F45B0833F48
:105DB0008356823F1EB2803FF2837D3F980A793F2F
:105DC00049F7733FD2496E3FB502683F2423613FD4
:105DD0000AAD593F06A3513F6808493F32E13F3FB2
:105DE0001132363F5C002C3F0952213FAB2D163F4C
:105DF0006C9A0A3FF83FFD3E238DE43EB62DCB3E24
:105E0000E633B13EB1B2963E817B773EA1D2403EB1
:105E10003494093ED7D4A33D0000D03C0000003D9F
:105E200035CCBF3DAA7E1F3E78965E3E827D8E3E7B
:105E3000663DAD3ECC72CB3E5906E93ECDF0023F09
:105E40008FF7103F4C8D1E3F7DA82B3F4440383FBD
:105E50007C4C443FC2C54F3F7EA55A3FEBE5643FB3
:105E60001D826E3F0876773F83BE7F3FA4AC833FA1
:105E70007C22873F8F408A3F11078D3FA9768F3F55
:105E80006A90913FD255933FC9C8943F95EB953F97
:105E9000DEC0963FA44B973F378F973F378F973F92
:105EA000874F973F49D4963FD521963FB33C953FC6
:105EB0009129943F3DED923F998C913F970C903FF3
:105EC0002F728E3F57C28C3FF8018B3FEB35893FD5
:105ED000EE62873F9E8D853F6FBA833FA5ED813F80
:105EE000502B803F87EE7C3F24AA793F1290763F6B
:105EF00059A6733F65F2703F00796E3F513E6C3F8B
:105F0000D2456A3F5492683FF925673F3602663FA3
:105F1000D727653FFB96643F1F4F643F1F4F643F89
:105F20003D95643F281F653F04EA653F73F2663F75
:105F3000A134683F49AC693FC8546B3F21296D3F8C
:105F400010246F3F1240713F7477733F5FC4753FF9
:105F5000EA20783F1D877A3F0AF17C3FD1587F3F86
:105F600058DC803F8905823F4825833F0739843FBD
:105F7000583E853FFC32863FDE14873F1FE2873F55
:105F80001699883F5038893F99BE893FF82A8A3F41
:105F9000B57C8A3F56B38A3FA3CE8A3FA3CE8A3FC1
:105FA0009DB38A3F157E8A3FCD2E8A3FC0C6893F6A
:105FB0002247893F59B1883FFD06883FD349873F33
:105FC000C77B863FEC9E853F71B5843F9FC1833F71
:105FD000D4C5823F7FC4813F15C0803F22767F3F7A
:105FE000D86F7D3F2E727B3FEC81793FB8A3773F1E
:105FF00008DC753F182F743FE3A0723F1835713FDE
:1060000015EF6F3FDCD16E3F0CE06D3FE11B6D3F44
:1060100027876C3F3C236C3F0CF16B3F0CF16B3FCF
:106020003C236C3F27876C3FE11B6D3F0CE06D3FCD
:10603000DCD16E3F15EF6F3F1835713FE3A0723F23
:10604000182F743F08DC753FB8A3773FEC81793F88
:106050002E727B3FD86F7D3F22767F3F15C0803FF9
:106060007FC4813FD4C5823F9FC1833F71B5843FC8
:10607000EC9E853FC77B863FD349873FFD06883F1F
:1060800059B1883F2247893FC0C6893FCD2E8A3FFC
:10609000157E8A3F9DB38A3FA3CE8A3FA3CE8A3F17
:1060A00056B38A3FB57C8A3FF82A8A3F99BE893F1A
:1060B0005038893F1699883F1FE2873FDE14873F9B
:1060C000FC32863F583E853F0739843F4825833F51
:1060D0008905823F58DC803FD1587F3F0AF17C3FE1
:1060E0001D877A3FEA20783F5FC4753F7477733F1E
:1060F0001240713F10246F3F21296D3FC8546B3F00
:1061000049AC693FA134683F73F2663F04EA653FDA
:10611000281F653F3D95643F1F4F643F1F4F643FFD
:10612000FB96643FD727653F3602663FF925673FF8
:106130005492683FD2456A3F513E6C3F00796E3FB2
:1061400065F2703F59A6733F1290763F24AA793FBB
:1061500087EE7C3F502B803FA5ED813F6FBA833F98
:106160009E8D853FEE62873FEB35893FF8018B3F7F
:1061700057C28C3F2F728E3F970C903F998C913F66
:106180003DED923F9129943FB33C953FD521963FF9
:1061900049D4963F874F973F378F973F378F973F29
:1061A000A44B973FDEC0963F95EB953FC9C8943FFF
:1061B000D255933F6A90913FA9768F3F11078D3F4B
:1061C0008F408A3F7C22873FA4AC833F83BE7F3FC2
:1061D0000876773F1D826E3FEBE5643F7EA55A3F10
:1061E000C2C54F3F7C4C443F4440383F7DA82B3FC5
:1061F0004C8D1E3F8FF7103FCDF0023F5906E93E10
:10620000CC72CB3E663DAD3E827D8E3E78965E3E44
:10621000AA7E1F3E35CCBF3D0000003D000000BD02
:1062200035CCBFBDAA7E1FBE78965EBE827D8EBE77
:10623000663DADBECC72CBBE5906E9BECDF002BF05
:106240008FF710BF4C8D1EBF7DA82BBF444038BFB9
:106250007C4C44BFC2C54FBF7EA55ABFEBE564BFAF
:106260001D826EBF087677BF83BE7FBFA4AC83BF9D
:106270007C2287BF8F408ABF11078DBFA9768FBF51
:106280006A9091BFD25593BFC9C894BF95EB95BF93
:10629000DEC096BFA44B97BF378F97BF378F97BF8E
:1062A000874F97BF49D496BFD52196BFB33C95BFC2
:1062B000912994BF3DED92BF998C91BF970C90BFEF
:1062C0002F728EBF57C28CBFF8018BBFEB3589BFD1
:1062D000EE6287BF9E8D85BF6FBA83BFA5ED81BF7C
:1062E000502B80BF87EE7CBF24AA79BF129076BF67
:1062F00059A673BF65F270BF00796EBF513E6CBF87
:10630000D2456ABF549268BFF92567BF360266BF9F
:10631000D72765BFFB9664BF1F4F64BF1F4F64BF85
:106320003D9564BF281F65BF04EA65BF73F266BF71
:10633000A13468BF49AC69BFC8546BBF21296DBF88
:1063400010246FBF124071BF747773BF5FC475BFF5
:10635000EA2078BF1D877ABF0AF17CBFD1587FBF82
:1063600058DC80BF890582BF482583BF073984BFB9
:10637000583E85BFFC3286BFDE1487BF1FE287BF51
:10638000169988BF503889BF99BE89BFF82A8ABF3D
:10639000B57C8ABF56B38ABFA3CE8ABFA3CE8ABFBD
:1063A0009DB38ABF157E8ABFCD2E8ABFC0C689BF66
:1063B000224789BF59B188BFFD0688BFD34987BF2F
:1063C000C77B86BFEC9E85BF71B584BF9FC183BF6D
:1063D000D4C582BF7FC481BF15C080BF22767FBF76
:1063E000D86F7DBF2E727BBFEC8179BFB8A377BF1A
:1063F00008DC75BF182F74BFE3A072BF183571BFDA
:1064000015EF6FBFDCD16EBF0CE06DBFE11B6DBF40
:1064100027876CBF3C236CBF0CF16BBF0CF16BBFCB
:106420003C236CBF27876CBFE11B6DBF0CE06DBFC9
:10643000DCD16EBF15EF6FBF183571BFE3A072BF1F
:10644000182F74BF08DC75BFB8A377BFEC8179BF84
:106450002E727BBFD86F7DBF22767FBF15C080BFF5
:106460007FC481BFD4C582BF9FC183BF71B584BFC4
:10647000EC9E85BFC77B86BFD34987BFFD0688BF1B
:1064800059B188BF224789BFC0C689BFCD2E8ABFF8
:10649000157E8ABF9DB38ABFA3CE8ABFA3CE8ABF13
:1064A00056B38ABFB57C8ABFF82A8ABF99BE89BF16
:1064B000503889BF169988BF1FE287BFDE1487BF97
:1064C000FC3286BF583E85BF073984BF482583BF4D
:1064D000890582BF58DC80BFD1587FBF0AF17CBFDD
:1064E0001D877ABFEA2078BF5FC475BF747773BF1A
:1064F000124071BF10246FBF21296DBFC8546BBFFC
:1065000049AC69BFA13468BF73F266BF04EA65BFD6
:10651000281F65BF3D9564BF1F4F64BF1F4F64BFF9
:10652000FB9664BFD72765BF360266BFF92567BFF4
:10653000549268BFD2456ABF513E6CBF00796EBFAE
:1065400065F270BF59A673BF129076BF24AA79BFB7
:1065500087EE7CBF502B80BFA5ED81BF6FBA83BF94
:106560009E8D85BFEE6287BFEB3589BFF8018BBF7B
:1065700057C28CBF2F728EBF970C90BF998C91BF62
:106580003DED92BF912994BFB33C95BFD52196BFF5
:1065900049D496BF874F97BF378F97BF378F97BF25
:1065A000A44B97BFDEC096BF95EB95BFC9C894BFFB
:1065B000D25593BF6A9091BFA9768FBF11078DBF47
:1065C0008F408ABF7C2287BFA4AC83BF83BE7FBFBE
:1065D000087677BF1D826EBFEBE564BF7EA55ABF0C
:1065E000C2C54FBF7C4C44BF444038BF7DA82BBFC1
:1065F0004C8D1EBF8FF710BFCDF002BF5906E9BE0C
:10660000CC72CBBE663DADBE827D8EBE78965EBE40
:10661000AA7E1FBE35CCBFBD000000BD34539C23F5
:10662000900E493CB00AC93C2CC3163D30FB483D96
:10663000742B7B3D05A9963D80B6AF3D36BDC83D68
:106640002EBCE13D73B2FA3D86CF093E8340163E33
:10665000B6AB223EA2102F3ECF6E3B3EC2C5473E98
:106660000115543E135C603E7F9A6C3ECCCF783E61
:10667000C07D823E938E883E229A8E3E31A0943E0B
:1066800086A09A3EE59AA03E128FA63ED47CAC3EF0
:10669000EF63B23E2A44B83E4A1DBE3E15EFC33EEC
:1066A00053B9C93ECA7BCF3E4136D53E80E8DA3E7B
:1066B0004F92E03E7533E63EBBCBEB3EEA5AF13EED
:1066C000CBE0F63E275DFC3EE4E7003F3D9C033F08
:1066D000824B063F9BF5083F6B9A0B3FDA390E3F22
:1066E000CDD3103F2A68133FD9F6153FC07F183F1E
:1066F000C6021B3FD17F1D3FCBF61F3F9967223F4C
:1067000025D2243F5636273F1594293F4AEB2B3F8D
:10671000DE3B2E3FBB85303FC9C8323FF304353FD7
:10672000233A373F4268393F3B8F3B3FF9AE3D3F0D
:1067300067C73F3F70D8413F00E2433F03E4453F16
:1067400065DE473F12D1493FF8BB4B3F029F4D3FAB
:106750001F7A4F3F3D4D513F4918533F31DB543F66
:10676000E595563F5348583F6AF2593F1A945B3FAC
:10677000532D5D3F05BE5E3F2146603F98C5613F9A
:106780005A3C633F59AA643F880F663FD86B673F06
:106790003CBF683FA7096A3F0C4B6B3F5E836C3F71
:1067A00093B26D3F9ED86E3F73F56F3F0809713FFE
:1067B0005213723F4714733FDD0B743F0BFA743F63
:1067C000C6DE753F07BA763FC58B773FF853783FF3
:1067D0009812793F9DC7793F02737A3FBE147B3F81
:1067E000CDAC7B3F283B7C3FC9BF7C3FAC3A7D3F73
:1067F000CCAB7D3F23137E3FB0707E3F6DC47E3FA8
:10680000580E7F3F6D4E7F3FAB847F3F0FB17F3F80
:1068100097D37F3F43EC7F3F11FB7F3F0000803FDA
:1068200011FB7F3F43EC7F3F97D37F3F0FB17F3F0B
:10683000AB847F3F6D4E7F3F580E7F3F6DC47E3FE0
:10684000B0707E3F23137E3FCCAB7D3FAC3A7D3FA3
:10685000C9BF7C3F283B7C3FCDAC7B3FBE147B3F18
:1068600002737A3F9DC7793F9812793FF853783F7A
:10687000C58B773F07BA763FC6DE753F0BFA743F8C
:10688000DD0B743F4714733F5213723F0809713F89
:1068900073F56F3F9ED86E3F93B26D3F5E836C3F42
:1068A0000C4B6B3FA7096A3F3CBF683FD86B673F03
:1068B000880F663F59AA643F5A3C633F98C5613FC1
:1068C0002146603F05BE5E3F532D5D3F1A945B3FFE
:1068D0006AF2593F5348583FE595563F31DB543FE4
:1068E0004918533F3D4D513F1F7A4F3F029F4D3F47
:1068F000F8BB4B3F12D1493F65DE473F03E4453FBC
:1069000000E2433F70D8413F67C73F3FF9AE3D3F8C
:106910003B8F3B3F4268393F233A373FF304353FD3
:10692000C9C8323FBB85303FDE3B2E3F4AEB2B3F91
:106930001594293F5636273F25D2243F9967223F99
:10694000CBF61F3FD17F1D3FC6021B3FC07F183FC4
:10695000D9F6153F2A68133FCDD3103FDA390E3FE1
:106960006B9A0B3F9BF5083F824B063F3D9C033FD4
:10697000E4E7003F275DFC3ECBE0F63EEA5AF13EFD
:10698000BBCBEB3E7533E63E4F92E03E80E8DA3E0D
:106990004136D53ECA7BCF3E53B9C93E15EFC33E03
:1069A0004A1DBE3E2A44B83EEF63B23ED47CAC3EA4
:1069B000128FA63EE59AA03E86A09A3E31A0943E54
:1069C000229A8E3E938E883EC07D823ECCCF783E0A
:1069D0007F9A6C3E135C603E0115543EC2C5473E33
:1069E000CF6E3B3EA2102F3EB6AB223E8340163EFA
:1069F00086CF093E73B2FA3D2EBCE13D36BDC83D9F
:106A000080B6AF3D05A9963D742B7B3D30FB483DDC
:106A10002CC3163DB00AC93C900E493C98168FA372
:106A2000900E49BCB00AC9BC2CC316BD30FB48BD92
:106A3000742B7BBD05A996BD80B6AFBD36BDC8BD64
:106A40002EBCE1BD73B2FABD86CF09BE834016BE2F
:106A5000B6AB22BEA2102FBECF6E3BBEC2C547BE94
:106A6000011554BE135C60BE7F9A6CBECCCF78BE5D
:106A7000C07D82BE938E88BE229A8EBE31A094BE07
:106A800086A09ABEE59AA0BE128FA6BED47CACBEEC
:106A9000EF63B2BE2A44B8BE4A1DBEBE15EFC3BEE8
:106AA00053B9C9BECA7BCFBE4136D5BE80E8DABE77
:106AB0004F92E0BE7533E6BEBBCBEBBEEA5AF1BEE9
:106AC000CBE0F6BE275DFCBEE4E700BF3D9C03BF04
:106AD000824B06BF9BF508BF6B9A0BBFDA390EBF1E
:106AE000CDD310BF2A6813BFD9F615BFC07F18BF1A
:106AF000C6021BBFD17F1DBFCBF61FBF996722BF48
:106B000025D224BF563627BF159429BF4AEB2BBF89
:106B1000DE3B2EBFBB8530BFC9C832BFF30435BFD3
:106B2000233A37BF426839BF3B8F3BBFF9AE3DBF09
:106B300067C73FBF70D841BF00E243BF03E445BF12
:106B400065DE47BF12D149BFF8BB4BBF029F4DBFA7
:106B50001F7A4FBF3D4D51BF491853BF31DB54BF62
:106B6000E59556BF534858BF6AF259BF1A945BBFA8
:106B7000532D5DBF05BE5EBF214660BF98C561BF96
:106B80005A3C63BF59AA64BF880F66BFD86B67BF02
:106B90003CBF68BFA7096ABF0C4B6BBF5E836CBF6D
:106BA00093B26DBF9ED86EBF73F56FBF080971BFFA
:106BB000521372BF471473BFDD0B74BF0BFA74BF5F
:106BC000C6DE75BF07BA76BFC58B77BFF85378BFEF
:106BD000981279BF9DC779BF02737ABFBE147BBF7D
:106BE000CDAC7BBF283B7CBFC9BF7CBFAC3A7DBF6F
:106BF000CCAB7DBF23137EBFB0707EBF6DC47EBFA4
:106C0000580E7FBF6D4E7FBFAB847FBF0FB17FBF7C
:106C100097D37FBF43EC7FBF11FB7FBF000080BFD6
:106C200011FB7FBF43EC7FBF97D37FBF0FB17FBF07
:106C3000AB847FBF6D4E7FBF580E7FBF6DC47EBFDC
:106C4000B0707EBF23137EBFCCAB7DBFAC3A7DBF9F
:106C5000C9BF7CBF283B7CBFCDAC7BBFBE147BBF14
:106C600002737ABF9DC779BF981279BFF85378BF76
:106C7000C58B77BF07BA76BFC6DE75BF0BFA74BF88
:106C8000DD0B74BF471473BF521372BF080971BF85
:106C900073F56FBF9ED86EBF93B26DBF5E836CBF3E
:106CA0000C4B6BBFA7096ABF3CBF68BFD86B67BFFF
:106CB000880F66BF59AA64BF5A3C63BF98C561BFBD
:106CC000214660BF05BE5EBF532D5DBF1A945BBFFA
:106CD0006AF259BF534858BFE59556BF31DB54BFE0
:106CE000491853BF3D4D51BF1F7A4FBF029F4DBF43
:106CF000F8BB4BBF12D149BF65DE47BF03E445BFB8
:106D000000E243BF70D841BF67C73FBFF9AE3DBF88
:106D10003B8F3BBF426839BF233A37BFF30435BFCF
:106D2000C9C832BFBB8530BFDE3B2EBF4AEB2BBF8D
:106D3000159429BF563627BF25D224BF996722BF95
:106D4000CBF61FBFD17F1DBFC6021BBFC07F18BFC0
:106D5000D9F615BF2A6813BFCDD310BFDA390EBFDD
:106D60006B9A0BBF9BF508BF824B06BF3D9C03BFD0
:106D7000E4E700BF275DFCBECBE0F6BEEA5AF1BEF9
:106D8000BBCBEBBE7533E6BE4F92E0BE80E8DABE09
:106D90004136D5BECA7BCFBE53B9C9BE15EFC3BEFF
:106DA0004A1DBEBE2A44B8BEEF63B2BED47CACBEA0
:106DB000128FA6BEE59AA0BE86A09ABE31A094BE50
:106DC000229A8EBE938E88BEC07D82BECCCF78BE06
:106DD0007F9A6CBE135C60BE011554BEC2C547BE2F
:106DE000CF6E3BBEA2102FBEB6AB22BE834016BEF6
:106DF00086CF09BE73B2FABD2EBCE1BD36BDC8BD9B
:106E000080B6AFBD05A996BD742B7BBD30FB48BDD8
:106E10002CC316BDB00AC9BC900E49BC339166BFE5
:106E2000338966BF357166BF3D4966BF521166BF83
:106E300080C965BFD57165BF610A65BF389364BFFE
:106E4000710C64BF277663BF74D062BF7A1B62BFC8
:106E50005B5761BF3C8460BF45A25FBFA1B15EBF0D
:106E60007EB25DBF0BA55CBF7C895BBF04605ABF6F
:106E7000DD2859BF40E457BF689256BF953355BFD0
:106E800007C853BF015052BFC6CB50BF9E3B4FBF38
:106E9000D19F4DBFA9F84BBF71464ABF778948BF04
:106EA00009C246BF77F044BF121543BF2D3041BF22
:106EB0001B423FBF314B3DBFC34B3BBF274439BF94
:106EC000B43437BFC21D35BFA7FF32BFBDDA30BFF4
:106ED0005AAF2EBFD77D2CBF8C462ABFD30928BFFF
:106EE00002C825BF718123BF783621BF6EE71EBF60
:106EF000A9941CBF7E3E1ABF43E517BF4C8915BF3E
:106F0000EA2A13BF71CA10BF30680EBF78040CBFE5
:106F1000979F09BFD93907BF89D304BFF16C02BF5E
:106F2000590600BF0F40FBBE8174F6BE8EAAF1BEAB
:106F3000B5E2ECBE751DE8BE465BE3BE9C9CDEBEC2
:106F4000E9E1D9BE972BD5BE0D7AD0BEAFCDCBBE71
:106F5000D926C7BEE485C2BE25EBBDBEE956B9BE83
:106F60007CC9B4BE2043B0BE16C4ABBE994CA7BE0C
:106F7000DDDCA2BE12759EBE63159ABEF5BD95BE40
:106F8000E86E91BE58288DBE5AEA88BEFFB484BE12
:106F9000528880BEB1C878BE2A9270BE066D68BEA7
:106FA000335960BE965658BE0A6550BE618448BECD
:106FB00062B440BECEF438BE594531BEB2A529BE3A
:106FC0007D1522BE57941ABED62113BE86BD0BBEB8
:106FD000EC6604BE113BFABDA4C1EBBD7360DDBD20
:106FE0005416CFBD11E2C0BD69C2B2BD0FB6A4BD7B
:106FF000AEBB96BDE8D188BDA9EE75BD0A555ABD98
:1070000008D43EBDA96823BDEB0F08BD848DD9BC53
:107010003214A3BC575B59BCC74ED9BB0000BB227E
:10702000C74ED93B575B593C3214A33C848DD93CA5
:10703000EB0F083DA968233D08D43E3D0A555A3D53
:10704000A9EE753DE8D1883DAEBB963D0FB6A43D97
:1070500069C2B23D11E2C03D5416CF3D7360DD3DC3
:10706000A4C1EB3D113BFA3DEC66043E86BD0B3EF0
:10707000D621133E57941A3E7D15223EB2A5293ED5
:107080005945313ECEF4383E62B4403E6184483EBC
:107090000A65503E9656583E3359603E066D683E2E
:1070A0002A92703EB1C8783E5288803EFFB4843E3A
:1070B0005AEA883E58288D3EE86E913EF5BD953ED1
:1070C00063159A3E12759E3EDDDCA23E994CA73EAA
:1070D00016C4AB3E2043B03E7CC9B43EE956B93E2F
:1070E00025EBBD3EE485C23ED926C73EAFCDCB3EA3
:1070F0000D7AD03E972BD53EE9E1D93E9C9CDE3EF1
:10710000465BE33E751DE83EB5E2EC3E8EAAF13EDD
:107110008174F63E0F40FB3E5906003FF16C023F82
:1071200089D3043FD939073F979F093F78040C3F23
:1071300030680E3F71CA103FEA2A133F4C89153F51
:1071400043E5173F7E3E1A3FA9941C3F6EE71E3F62
:107150007836213F7181233F02C8253FD309283F5C
:107160008C462A3FD77D2C3F5AAF2E3FBDDA303FA9
:10717000A7FF323FC21D353FB434373F2744393F64
:10718000C34B3B3F314B3D3F1B423F3F2D30413FC7
:107190001215433F77F0443F09C2463F7789483F85
:1071A00071464A3FA9F84B3FD19F4D3F9E3B4F3F11
:1071B000C6CB503F0150523F07C8533F9533553F10
:1071C0006892563F40E4573FDD28593F04605A3FDC
:1071D0007C895B3F0BA55C3F7EB25D3FA1B15E3F0A
:1071E00045A25F3F3C84603F5B57613F7A1B623F33
:1071F00074D0623F2776633F710C643F3893643FDD
:10720000610A653FD571653F80C9653F5211663F90
:107210003D49663F3571663F3389663F3391663F2E
:107220003389663F3571663F3D49663F5211663F7F
:1072300080C9653FD571653F610A653F3893643FFA
:10724000710C643F2776633F74D0623F7A1B623FC4
:107250005B57613F3C84603F45A25F3FA1B15E3F09
:107260007EB25D3F0BA55C3F7C895B3F04605A3F6B
:10727000DD28593F40E4573F6892563F9533553FCC
:1072800007C8533F0150523FC6CB503F9E3B4F3F34
:10729000D19F4D3FA9F84B3F71464A3F7789483F00
:1072A00009C2463F77F0443F1215433F2D30413F1E
:1072B0001B423F3F314B3D3FC34B3B3F2744393F90
:1072C000B434373FC21D353FA7FF323FBDDA303FF0
:1072D0005AAF2E3FD77D2C3F8C462A3FD309283FFB
:1072E00002C8253F7181233F7836213F6EE71E3F5C
:1072F000A9941C3F7E3E1A3F43E5173F4C89153F3A
:10730000EA2A133F71CA103F30680E3F78040C3FE1
:10731000979F093FD939073F89D3043FF16C023F5A
:107320005906003F0F40FB3E8174F63E8EAAF13EA7
:10733000B5E2EC3E751DE83E465BE33E9C9CDE3EBE
:10734000E9E1D93E972BD53E0D7AD03EAFCDCB3E6D
:10735000D926C73EE485C23E25EBBD3EE956B93E7F
:107360007CC9B43E2043B03E16C4AB3E994CA73E08
:10737000DDDCA23E12759E3E63159A3EF5BD953E3C
:10738000E86E913E58288D3E5AEA883EFFB4843E0E
:107390005288803EB1C8783E2A92703E066D683EA3
:1073A0003359603E9656583E0A65503E6184483EC9
:1073B00062B4403ECEF4383E5945313EB2A5293E36
:1073C0007D15223E57941A3ED621133E86BD0B3EB4
:1073D000EC66043E113BFA3DA4C1EB3D7360DD3D1C
:1073E0005416CF3D11E2C03D69C2B23D0FB6A43D77
:1073F000AEBB963DE8D1883DA9EE753D0A555A3D94
:1074000008D43E3DA968233DEB0F083D848DD93C4F
:107410003214A33C575B593CC74ED93B0000BBA27A
:10742000C74ED9BB575B59BC3214A3BC848DD9BCA1
:10743000EB0F08BDA96823BD08D43EBD0A555ABD4F
:10744000A9EE75BDE8D188BDAEBB96BD0FB6A4BD93
:1074500069C2B2BD11E2C0BD5416CFBD7360DDBDBF
:10746000A4C1EBBD113BFABDEC6604BE86BD0BBEEC
:10747000D62113BE57941ABE7D1522BEB2A529BED1
:10748000594531BECEF438BE62B440BE618448BEB8
:107490000A6550BE965658BE335960BE066D68BE2A
:1074A0002A9270BEB1C878BE528880BEFFB484BE36
:1074B0005AEA88BE58288DBEE86E91BEF5BD95BECD
:1074C00063159ABE12759EBEDDDCA2BE994CA7BEA6
:1074D00016C4ABBE2043B0BE7CC9B4BEE956B9BE2B
:1074E00025EBBDBEE485C2BED926C7BEAFCDCBBE9F
:1074F0000D7AD0BE972BD5BEE9E1D9BE9C9CDEBEED
:10750000465BE3BE751DE8BEB5E2ECBE8EAAF1BED9
:107510008174F6BE0F40FBBE590600BFF16C02BF7E
:1075200089D304BFD93907BF979F09BF78040CBF1F
:1075300030680EBF71CA10BFEA2A13BF4C8915BF4D
:1075400043E517BF7E3E1ABFA9941CBF6EE71EBF5E
:10755000783621BF718123BF02C825BFD30928BF58
:107560008C462ABFD77D2CBF5AAF2EBFBDDA30BFA5
:10757000A7FF32BFC21D35BFB43437BF274439BF60
:10758000C34B3BBF314B3DBF1B423FBF2D3041BFC3
:10759000121543BF77F044BF09C246BF778948BF81
:1075A00071464ABFA9F84BBFD19F4DBF9E3B4FBF0D
:1075B000C6CB50BF015052BF07C853BF953355BF0C
:1075C000689256BF40E457BFDD2859BF04605ABFD8
:1075D0007C895BBF0BA55CBF7EB25DBFA1B15EBF06
:1075E00045A25FBF3C8460BF5B5761BF7A1B62BF2F
:1075F00074D062BF277663BF710C64BF389364BFD9
:10760000610A65BFD57165BF80C965BF521166BF8C
:107610003D4966BF357166BF338966BF000060BCF7
:107620005DF717BDD5D477BD96C3ABBD987EDBBDE6
:10763000718905BEF73B1DBEA1D234BE3B494CBE8D
:10764000989B63BE95C57ABE8EE188BE104894BEF5
:1076500052949FBE5BC4AABE3AD6B5BE07C8C0BE90
:10766000E397CBBEF543D6BE70CAE0BE9329EBBE0E
:10767000A25FF5BEF26AFFBEEFA404BF697D09BF39
:10768000213E0EBF58E612BF557517BF68EA1BBFF3
:10769000E44420BF278424BF93A728BF93AE2CBF08
:1076A000989830BF1D6534BFA21338BFB1A33BBF4C
:1076B000DA143FBFB76642BFE79845BF16AB48BF75
:1076C000F29C4BBF386E4EBFA71E51BF0BAE53BFCF
:1076D000351C56BF026958BF54945ABF169E5CBFF2
:1076E0003E865EBFC64C60BFB5F161BF167563BF15
:1076F00000D764BF8E1766BFE63667BF363568BFF2
:10770000B31269BF99CF69BF2D6C6ABFBAE86ABF6F
:1077100096456BBF19836BBFA6A16BBFA6A16BBFBC
:1077200088836BBFC4476BBFD4EE6ABF3E796ABF24
:1077300089E769BF443A69BF067268BF678F67BF50
:10774000079366BF8C7D65BF9E4F64BFEB0963BF27
:1077500026AD61BF053A60BF44B15EBF9F135DBFF8
:10776000D8615BBFB59C59BFFBC457BF77DB55BF22
:10777000F3E053BF40D651BF2CBC4FBF8A934DBFDF
:107780002E5D4BBFEC1949BF98CA46BF0A7044BF73
:10779000160B42BF929C3FBF55253DBF34A63ABF52
:1077A000022038BF949335BFBA0133BF476B30BF57
:1077B00008D12DBFCB332BBF599428BF7AF325BFF7
:1077C000F55123BF8BB020BFFB0F1EBF01711BBF44
:1077D00055D418BFAC3A16BFB6A413BF1E1311BFC1
:1077E0008D860EBFA6FF0BBF087F09BF4C0507BFE4
:1077F000069304BFC72802BF2F8EFFBEFADCFABE75
:10780000ED3EF6BEFBB4F1BE0A40EDBEF7E0E8BEC9
:107810009098E4BE9867E0BEC74EDCBEC74ED8BEA7
:107820003668D4BEA59BD0BE99E9CCBE8952C9BEEC
:10783000E0D6C5BEFD76C2BE3133BFBEC00BBCBEF6
:10784000E100B9BEC012B6BE7B41B3BE248DB0BE4E
:10785000BEF5ADBE447BABBEA11DA9BEB5DCA6BEC8
:1078600055B8A4BE48B0A2BE4DC4A0BE14F49EBE7E
:10787000443F9DBE77A59BBE3F269ABE22C198BEBF
:107880009C7597BE1F4396BE142995BEDB2694BEF9
:10789000CA3B93BE2F6792BE50A891BE6CFE90BEAD
:1078A000B86890BE64E68FBE9A768FBE7A188FBE97
:1078B00022CB8EBEA98D8EBE205F8EBE953E8EBE23
:1078C0000F2B8EBE95238EBE27278EBEC5348EBE4F
:1078D000694B8EBE0E6A8EBEAC8F8EBE3ABB8EBE1C
:1078E000ADEB8EBEFA1F8FBE19578FBEFD8F8FBEB8
:1078F0009FC98FBEF70290BEFE3A90BEB07090BE98
:107900000CA390BE14D190BECBF990BE3B1C91BE8F
:10791000713791BE7D4A91BE765491BE765491BE28
:107920009E4991BE153391BE081091BEA9DF90BE4D
:1079300034A190BEE95390BE12F78FBEFD898FBE71
:10794000040C8FBE877C8EBEEFDA8DBEAD268DBE59
:107950003B5F8CBE1D848BBEDF948ABE169189BEB0
:10796000627888BE6B4A87BEE30686BE88AD84BE59
:107970001D3E83BE75B881BE681C80BEB5D37CBE7B
:10798000744179BEFE8175BE579571BE957B6DBE03
:10799000E53469BE87C164BECD2160BE1D565BBEA5
:1079A000F15E56BED63C51BE6BF04BBE617A46BE10
:1079B0007CDB40BE90143BBE852635BE52122FBEE6
:1079C000FDD828BEA07B22BE61FB1BBE765915BE2A
:1079D00024970EBEBDB507BEA2B600BE7A36F3BD73
:1079E00011CAE4BD0E2BD6BD905CC7BDC961B8BD40
:1079F000FC3DA9BD7FF499BDB9888ABD3BFC75BD2E
:107A00005CB056BDF03437BD269117BD7898EFBCF9
:107A100002DBAFBC33F15FBC0000C0BB0000003B29
:107A200033F11F3C02DB8F3C7898CF3C2691073D19
:107A3000F034273D5CB0463D3BFC653DB988823D56
:107A40007FF4913DFC3DA13DC961B03D905CBF3DDF
:107A50000E2BCE3D11CADC3D7A36EB3D436DF93D30
:107A6000BDB5033E24970A3E7659113E61FB173E91
:107A7000A07B1E3EFDD8243E52122B3E8526313E71
:107A80009014373E7CDB3C3E617A423E6BF0473ED1
:107A9000D63C4D3EF15E523E1D56573ECD215C3EDA
:107AA00087C1603EE534653E957B693E57956D3EE6
:107AB000FE81713E7441753EB5D3783ED0387C3E30
:107AC000EA707F3E1D3E813E88AD823EE306843EE5
:107AD0006B4A853E6278863E1691873EDF94883EEB
:107AE0001D84893E3B5F8A3EAD268B3EEFDA8B3E9E
:107AF000877C8C3E040C8D3EFD898D3E12F78D3EB9
:107B0000E9538E3E34A18E3EA9DF8E3E08108F3E93
:107B100015338F3E9E498F3E76548F3E76548F3E6E
:107B20007D4A8F3E71378F3E3B1C8F3ECBF98E3E98
:107B300014D18E3E0CA38E3EB0708E3EFE3A8E3E29
:107B4000F7028E3E9FC98D3EFD8F8D3E19578D3EAB
:107B5000FA1F8D3EADEB8C3E3ABB8C3EAC8F8C3E1B
:107B60000E6A8C3E694B8C3EC5348C3E27278C3E7A
:107B700095238C3E0F2B8C3E953E8C3E205F8C3E99
:107B8000A98D8C3E22CB8C3E7A188D3E9A768D3E06
:107B900064E68D3EB8688E3E6CFE8E3E50A88F3EE9
:107BA0002F67903ECA3B913EDB26923E1429933EBE
:107BB0001F43943E9C75953E22C1963E3F26983EBB
:107BC00077A5993E443F9B3E14F49C3E4DC49E3E97
:107BD00048B0A03E55B8A23EB5DCA43EA11DA73ECC
:107BE000447BA93EBEF5AB3E248DAE3E7B41B13E0B
:107BF000C012B43EE100B73EC00BBA3E3133BD3EC9
:107C0000FD76C03EE0D6C33E8952C73E99E9CA3EE2
:107C1000A59BCE3E3668D23EC74ED63EC74EDA3E14
:107C20009867DE3E9098E23EF7E0E63E0A40EB3E83
:107C3000FBB4EF3EED3EF43EFADCF83E2F8EFD3E07
:107C4000C728013F0693033F4C05063F087F083FC6
:107C5000A6FF0A3F8D860D3F1E13103FB6A4123FAC
:107C6000AC3A153F55D4173F01711A3FFB0F1D3F2A
:107C70008BB01F3FF551223F7AF3243F5994273FA1
:107C8000CB332A3F08D12C3F476B2F3FBA01323FFD
:107C90009493343F0220373F34A6393F55253C3F6B
:107CA000929C3E3F160B413F0A70433F98CA453FA6
:107CB000EC19483F2E5D4A3F8A934C3F2CBC4E3F07
:107CC00040D6503FF3E0523F77DB543FFBC4563F72
:107CD000B59C583FD8615A3F9F135C3F44B15D3F0C
:107CE000053A5F3F26AD603FEB09623F9E4F633F21
:107CF0008C7D643F0793653F678F663F0672673FE1
:107D0000443A683F89E7683F3E79693FD4EE693F6E
:107D1000C4476A3F88836A3FA6A16A3FA6A16A3F1B
:107D200019836A3F96456A3FBAE8693F2D6C693FFF
:107D300099CF683FB312683F3635673FE636663FF6
:107D40008E17653F00D7633F1675623FB5F1603F00
:107D5000C64C5F3F3E865D3F169E5B3F5494593F45
:107D60000269573F351C553F0BAE523FA71E503F8F
:107D7000386E4D3FF29C4A3F16AB473FE798443F71
:107D8000B766413FDA143E3FB1A33A3FA213373FF3
:107D90001D65333F98982F3F93AE2B3F93A7273F06
:107DA0002784233FE4441F3F68EA1A3F5575163F76
:107DB00058E6113F213E0D3F697D083FEFA4033F88
:107DC000F26AFD3EA25FF33E9329E93E70CADE3EB1
:107DD000F543D43EE397C93E07C8BE3E3AD6B33E0C
:107DE0005BC4A83E52949D3E1048923E8EE1863E72
:107DF00095C5763E989B5F3E3B49483EA1D2303EBA
:107E0000F73B193E7189013E987ED33D96C3A33D51
:107E1000D5D4673D5DF7073D0000203C0000803C65
:107E2000AAF33F3D2BE19F3DB4A9DF3D96A30F3E52
:107E3000AD562F3E0EE84E3EB0516E3ECCC6863E4D
:107E4000EC4A963E4AB2A53E00FAB43E351FC43E07
:107E5000161FD33EDFF6E13ED9A3F03E5823FF3E86
:107E600061B9063FC3C70D3F96BB143FA2931B3FAA
:107E7000B94E223FB8EB283F84692F3F0AC7353FF0
:107E800045033C3F361D423FED13483F83E64D3FDF
:107E90001A94533FE31B593F1A7D5E3F06B7633F79
:107EA000FAC8683F56B26D3F8772723F0709773F45
:107EB0005A757B3F14B77F3FEAE6813FA5DC833FDD
:107EC00096BC853FA386873FB53A893FBED88A3F97
:107ED000B5608C3F99D28D3F6F2E8F3F4374903F9A
:107EE00026A4913F32BE923F86C2933F47B1943F52
:107EF000A28A953FC84E963FF2FD963F6098973F05
:107F0000541E983F1990983F01EE983F5F38993F73
:107F1000906F993FF493993FF0A5993FF0A5993F51
:107F20006494993FBE71993F793E993F12FB983F07
:107F300009A8983FE545983F2FD5973F7356973F3F
:107F400041CA963F2E31963FCE8B953FBCDA943F87
:107F5000921E943FEE57933F7087923FBAAD913F88
:107F600070CB903F35E18F3FAFEF8E3F85F78D3F70
:107F70005FF98C3FE4F58B3FBBED8A3F8DE1893F94
:107F800001D2883FBEBF873F6BAB863FAB95853F35
:107F9000247F843F7768833F4652823F2E3D813F56
:107FA000CD29803F78317E3F28157C3FD1FF793F36
:107FB00098F2773F98EE753FEAF4733F9A06723F66
:107FC000B124703F2D506E3F058A6C3F28D36A3F25
:107FD0007A2C693FD696673F1013663FEEA1643F47
:107FE0002F44633F86FA613F9AC5603F09A65F3F11
:107FF000669C5E3F37A95D3FF7CC5C3F15085C3F50
:10800000F55A5B3FEDC55A3F49495A3F48E5593F4C
:108010001A9A593FE767593FC74E593FC74E593FD4
:10802000E767593F1A9A593F48E5593F49495A3F2E
:10803000EDC55A3FF55A5B3F15085C3FF7CC5C3FF6
:1080400037A95D3F669C5E3F09A65F3F9AC5603FCA
:1080500086FA613F2F44633FEEA1643F1013663FF1
:10806000D696673F7A2C693F28D36A3F058A6C3FD2
:108070002D506E3FB124703F9A06723FEAF4733F71
:1080800098EE753F98F2773FD1FF793F28157C3FF6
:1080900078317E3FCD29803F2E3D813F4652823F41
:1080A0007768833F247F843FAB95853F6BAB863FEA
:1080B000BEBF873F01D2883F8DE1893FBBED8A3F3C
:1080C000E4F58B3F5FF98C3F85F78D3FAFEF8E3F37
:1080D00035E18F3F70CB903FBAAD913F7087923FB3
:1080E000EE57933F921E943FBCDA943FCE8B953F60
:1080F0002E31963F41CA963F7356973F2FD5973FF3
:10810000E545983F09A8983F12FB983F793E993F73
:10811000BE71993F6494993FF0A5993FF0A5993FAE
:10812000F493993F906F993F5F38993F01EE983FE4
:108130001990983F541E983F6098973FF2FD963FE4
:10814000C84E963FA28A953F47B1943F86C2933F5F
:1081500032BE923F26A4913F4374903F6F2E8F3FD3
:1081600099D28D3FB5608C3FBED88A3FB53A893FE2
:10817000A386873F96BC853FA5DC833FEAE6813F27
:1081800014B77F3F5A757B3F0709773F8772723F6D
:1081900056B26D3FFAC8683F06B7633F1A7D5E3F2F
:1081A000E31B593F1A94533F83E64D3FED13483F7D
:1081B000361D423F45033C3F0AC7353F84692F3F88
:1081C000B8EB283FB94E223FA2931B3F96BB143F0A
:1081D000C3C70D3F61B9063F5823FF3ED9A3F03E08
:1081E000DFF6E13E161FD33E351FC43E00FAB43E13
:1081F0004AB2A53EEC4A963ECCC6863EB0516E3E93
:108200000EE84E3EAD562F3E96A30F3EB4A9DF3D7D
:108210002BE19F3DAAF33F3D0000803C000080BC65
:10822000AAF33FBD2BE19FBDB4A9DFBD96A30FBE4E
:10823000AD562FBE0EE84EBEB0516EBECCC686BE49
:10824000EC4A96BE4AB2A5BE00FAB4BE351FC4BE03
:10825000161FD3BEDFF6E1BED9A3F0BE5823FFBE82
:1082600061B906BFC3C70DBF96BB14BFA2931BBFA6
:10827000B94E22BFB8EB28BF84692FBF0AC735BFEC
:1082800045033CBF361D42BFED1348BF83E64DBFDB
:108290001A9453BFE31B59BF1A7D5EBF06B763BF75
:1082A000FAC868BF56B26DBF877272BF070977BF41
:1082B0005A757BBF14B77FBFEAE681BFA5DC83BFD9
:1082C00096BC85BFA38687BFB53A89BFBED88ABF93
:1082D000B5608CBF99D28DBF6F2E8FBF437490BF96
:1082E00026A491BF32BE92BF86C293BF47B194BF4E
:1082F000A28A95BFC84E96BFF2FD96BF609897BF01
:10830000541E98BF199098BF01EE98BF5F3899BF6F
:10831000906F99BFF49399BFF0A599BFF0A599BF4D
:10832000649499BFBE7199BF793E99BF12FB98BF03
:1083300009A898BFE54598BF2FD597BF735697BF3B
:1083400041CA96BF2E3196BFCE8B95BFBCDA94BF83
:10835000921E94BFEE5793BF708792BFBAAD91BF84
:1083600070CB90BF35E18FBFAFEF8EBF85F78DBF6C
:108370005FF98CBFE4F58BBFBBED8ABF8DE189BF90
:1083800001D288BFBEBF87BF6BAB86BFAB9585BF31
:10839000247F84BF776883BF465282BF2E3D81BF52
:1083A000CD2980BF78317EBF28157CBFD1FF79BF32
:1083B00098F277BF98EE75BFEAF473BF9A0672BF62
:1083C000B12470BF2D506EBF058A6CBF28D36ABF21
:1083D0007A2C69BFD69667BF101366BFEEA164BF43
:1083E0002F4463BF86FA61BF9AC560BF09A65FBF0D
:1083F000669C5EBF37A95DBFF7CC5CBF15085CBF4C
:10840000F55A5BBFEDC55ABF49495ABF48E559BF48
:108410001A9A59BFE76759BFC74E59BFC74E59BFD0
:10842000E76759BF1A9A59BF48E559BF49495ABF2A
:10843000EDC55ABFF55A5BBF15085CBFF7CC5CBFF2
:1084400037A95DBF669C5EBF09A65FBF9AC560BFC6
:1084500086FA61BF2F4463BFEEA164BF101366BFED
:10846000D69667BF7A2C69BF28D36ABF058A6CBFCE
:108470002D506EBFB12470BF9A0672BFEAF473BF6D
:1084800098EE75BF98F277BFD1FF79BF28157CBFF2
:1084900078317EBFCD2980BF2E3D81BF465282BF3D
:1084A000776883BF247F84BFAB9585BF6BAB86BFE6
:1084B000BEBF87BF01D288BF8DE189BFBBED8ABF38
:1084C000E4F58BBF5FF98CBF85F78DBFAFEF8EBF33
:1084D00035E18FBF70CB90BFBAAD91BF708792BFAF
:1084E000EE5793BF921E94BFBCDA94BFCE8B95BF5C
:1084F0002E3196BF41CA96BF735697BF2FD597BFEF
:10850000E54598BF09A898BF12FB98BF793E99BF6F
:10851000BE7199BF649499BFF0A599BFF0A599BFAA
:10852000F49399BF906F99BF5F3899BF01EE98BFE0
:10853000199098BF541E98BF609897BFF2FD96BFE0
:10854000C84E96BFA28A95BF47B194BF86C293BF5B
:1085500032BE92BF26A491BF437490BF6F2E8FBFCF
:1085600099D28DBFB5608CBFBED88ABFB53A89BFDE
:10857000A38687BF96BC85BFA5DC83BFEAE681BF23
:1085800014B77FBF5A757BBF070977BF877272BF69
:1085900056B26DBFFAC868BF06B763BF1A7D5EBF2B
:1085A000E31B59BF1A9453BF83E64DBFED1348BF79
:1085B000361D42BF45033CBF0AC735BF84692FBF84
:1085C000B8EB28BFB94E22BFA2931BBF96BB14BF06
:1085D000C3C70DBF61B906BF5823FFBED9A3F0BE04
:1085E000DFF6E1BE161FD3BE351FC4BE00FAB4BE0F
:1085F0004AB2A5BEEC4A96BECCC686BEB0516EBE8F
:108600000EE84EBEAD562FBE96A30FBEB4A9DFBD79
:108610002BE19FBDAAF33FBD000080BC769653239B
:10862000900E493CB00AC93C2CC3163D30FB483D76
:10863000742B7B3D05A9963D80B6AF3D36BDC83D48
:108640002EBCE13D73B2FA3D86CF093E8340163E13
:10865000B6AB223EA2102F3ECF6E3B3EC2C5473E78
:108660000115543E135C603E7F9A6C3ECCCF783E41
:10867000C07D823E938E883E229A8E3E31A0943EEB
:1086800086A09A3EE59AA03E128FA63ED47CAC3ED0
:10869000EF63B23E2A44B83E4A1DBE3E15EFC33ECC
:1086A00053B9C93ECA7BCF3E4136D53E80E8DA3E5B
:1086B0004F92E03E7533E63EBBCBEB3EEA5AF13ECD
:1086C000CBE0F63E275DFC3EE4E7003F3D9C033FE8
:1086D000824B063F9BF5083F6B9A0B3FDA390E3F02
:1086E000CDD3103F2A68133FD9F6153FC07F183FFE
:1086F000C6021B3FD17F1D3FCBF61F3F9967223F2C
:1087000025D2243F5636273F1594293F4AEB2B3F6D
:10871000DE3B2E3FBB85303FC9C8323FF304353FB7
:10872000233A373F4268393F3B8F3B3FF9AE3D3FED
:1087300067C73F3F70D8413F00E2433F03E4453FF6
:1087400065DE473F12D1493FF8BB4B3F029F4D3F8B
:108750001F7A4F3F3D4D513F4918533F31DB543F46
:10876000E595563F5348583F6AF2593F1A945B3F8C
:10877000532D5D3F05BE5E3F2146603F98C5613F7A
:108780005A3C633F59AA643F880F663FD86B673FE6
:108790003CBF683FA7096A3F0C4B6B3F5E836C3F51
:1087A00093B26D3F9ED86E3F73F56F3F0809713FDE
:1087B0005213723F4714733FDD0B743F0BFA743F43
:1087C000C6DE753F07BA763FC58B773FF853783FD3
:1087D0009812793F9DC7793F02737A3FBE147B3F61
:1087E000CDAC7B3F283B7C3FC9BF7C3FAC3A7D3F53
:1087F000CCAB7D3F24137E3FB0707E3F6DC47E3F87
:10880000580E7F3F6D4E7F3FAB847F3F0FB17F3F60
:1088100097D37F3F43EC7F3F11FB7F3F0000803FBA
:1088200011FB7F3F43EC7F3F97D37F3F0FB17F3FEB
:10883000AB847F3F6D4E7F3F580E7F3F6DC47E3FC0
:10884000B0707E3F24137E3FCCAB7D3FAC3A7D3F82
:10885000C9BF7C3F283B7C3FCDAC7B3FBE147B3FF8
:1088600002737A3F9DC7793F9812793FF853783F5A
:10887000C58B773F07BA763FC6DE753F0BFA743F6C
:10888000DD0B743F4714733F5213723F0809713F69
:1088900073F56F3F9ED86E3F93B26D3F5E836C3F22
:1088A0000C4B6B3FA7096A3F3CBF683FD86B673FE3
:1088B000880F663F59AA643F5A3C633F98C5613FA1
:1088C0002146603F05BE5E3F532D5D3F1A945B3FDE
:1088D0006AF2593F5348583FE595563F31DB543FC4
:1088E0004918533F3D4D513F1F7A4F3F029F4D3F27
:1088F000F8BB4B3F12D1493F65DE473F03E4453F9C
:1089000000E2433F70D8413F67C73F3FF9AE3D3F6C
:108910003B8F3B3F4268393F233A373FF304353FB3
:10892000C9C8323FBB85303FDE3B2E3F4AEB2B3F71
:108930001594293F5636273F25D2243F9967223F79
:10894000CBF61F3FD17F1D3FC6021B3FC07F183FA4
:10895000D9F6153F2A68133FCDD3103FDA390E3FC1
:108960006B9A0B3F9BF5083F824B063F3D9C033FB4
:10897000E4E7003F275DFC3ECBE0F63EEA5AF13EDD
:10898000BBCBEB3E7533E63E4F92E03E80E8DA3EED
:108990004136D53ECA7BCF3E53B9C93E15EFC33EE3
:1089A0004A1DBE3E2A44B83EEF63B23ED47CAC3E84
:1089B000128FA63EE59AA03E86A09A3E31A0943E34
:1089C000229A8E3E938E883EC07D823ECCCF783EEA
:1089D0007F9A6C3E135C603E0115543EC2C5473E13
:1089E000CF6E3B3EA2102F3EB6AB223E8340163EDA
:1089F00086CF093E73B2FA3D2EBCE13D36BDC83D7F
:108A000080B6AF3D05A9963D742B7B3D30FB483DBC
:108A10002CC3163DB00AC93C900E493C63C34AA31F
:108A2000900E49BCB00AC9BC2CC316BD30FB48BD72
:108A3000742B7BBD05A996BD80B6AFBD36BDC8BD44
:108A40002EBCE1BD73B2FABD86CF09BE834016BE0F
:108A5000B6AB22BEA2102FBECF6E3BBEC2C547BE74
:108A6000011554BE135C60BE7F9A6CBECCCF78BE3D
:108A7000C07D82BE938E88BE229A8EBE31A094BEE7
:108A800086A09ABEE59AA0BE128FA6BED47CACBECC
:108A9000EF63B2BE2A44B8BE4A1DBEBE15EFC3BEC8
:108AA00053B9C9BECA7BCFBE4136D5BE80E8DABE57
:108AB0004F92E0BE7533E6BEBBCBEBBEEA5AF1BEC9
:108AC000CBE0F6BE275DFCBEE4E700BF3D9C03BFE4
:108AD000824B06BF9BF508BF6B9A0BBFDA390EBFFE
:108AE000CDD310BF2A6813BFD9F615BFC07F18BFFA
:108AF000C6021BBFD17F1DBFCBF61FBF996722BF28
:108B000025D224BF563627BF159429BF4AEB2BBF69
:108B1000DE3B2EBFBB8530BFC9C832BFF30435BFB3
:108B2000233A37BF426839BF3B8F3BBFF9AE3DBFE9
:108B300067C73FBF70D841BF00E243BF03E445BFF2
:108B400065DE47BF12D149BFF8BB4BBF029F4DBF87
:108B50001F7A4FBF3D4D51BF491853BF31DB54BF42
:108B6000E59556BF534858BF6AF259BF1A945BBF88
:108B7000532D5DBF05BE5EBF214660BF98C561BF76
:108B80005A3C63BF59AA64BF880F66BFD86B67BFE2
:108B90003CBF68BFA7096ABF0C4B6BBF5E836CBF4D
:108BA00093B26DBF9ED86EBF73F56FBF080971BFDA
:108BB000521372BF471473BFDD0B74BF0BFA74BF3F
:108BC000C6DE75BF07BA76BFC58B77BFF85378BFCF
:108BD000981279BF9DC779BF02737ABFBE147BBF5D
:108BE000CDAC7BBF283B7CBFC9BF7CBFAC3A7DBF4F
:108BF000CCAB7DBF24137EBFB0707EBF6DC47EBF83
:108C0000580E7FBF6D4E7FBFAB847FBF0FB17FBF5C
:108C100097D37FBF43EC7FBF11FB7FBF000080BFB6
:108C200011FB7FBF43EC7FBF97D37FBF0FB17FBFE7
:108C3000AB847FBF6D4E7FBF580E7FBF6DC47EBFBC
:108C4000B0707EBF24137EBFCCAB7DBFAC3A7DBF7E
:108C5000C9BF7CBF283B7CBFCDAC7BBFBE147BBFF4
:108C600002737ABF9DC779BF981279BFF85378BF56
:108C7000C58B77BF07BA76BFC6DE75BF0BFA74BF68
:108C8000DD0B74BF471473BF521372BF080971BF65
:108C900073F56FBF9ED86EBF93B26DBF5E836CBF1E
:108CA0000C4B6BBFA7096ABF3CBF68BFD86B67BFDF
:108CB000880F66BF59AA64BF5A3C63BF98C561BF9D
:108CC000214660BF05BE5EBF532D5DBF1A945BBFDA
:108CD0006AF259BF534858BFE59556BF31DB54BFC0
:108CE000491853BF3D4D51BF1F7A4FBF029F4DBF23
:108CF000F8BB4BBF12D149BF65DE47BF03E445BF98
:108D000000E243BF70D841BF67C73FBFF9AE3DBF68
:108D10003B8F3BBF426839BF233A37BFF30435BFAF
:108D2000C9C832BFBB8530BFDE3B2EBF4AEB2BBF6D
:108D3000159429BF563627BF25D224BF996722BF75
:108D4000CBF61FBFD17F1DBFC6021BBFC07F18BFA0
:108D5000D9F615BF2A6813BFCDD310BFDA390EBFBD
:108D60006B9A0BBF9BF508BF824B06BF3D9C03BFB0
:108D7000E4E700BF275DFCBECBE0F6BEEA5AF1BED9
:108D8000BBCBEBBE7533E6BE4F92E0BE80E8DABEE9
:108D90004136D5BECA7BCFBE53B9C9BE15EFC3BEDF
:108DA0004A1DBEBE2A44B8BEEF63B2BED47CACBE80
:108DB000128FA6BEE59AA0BE86A09ABE31A094BE30
:108DC000229A8EBE938E88BEC07D82BECCCF78BEE6
:108DD0007F9A6CBE135C60BE011554BEC2C547BE0F
:108DE000CF6E3BBEA2102FBEB6AB22BE834016BED6
:108DF00086CF09BE73B2FABD2EBCE1BD36BDC8BD7B
:108E000080B6AFBD05A996BD742B7BBD30FB48BDB8
:108E10002CC316BDB00AC9BC900E49BC26824FBFF8
:108E2000267E4FBF26724FBF275E4FBF29424FBFDE
:108E30002D1E4FBF36F24EBF44BE4EBF5A824EBFAC
:108E4000793E4EBFA5F24DBFE09E4DBF2E434DBFB4
:108E500092DF4CBF10744CBFAD004CBF6C854BBF54
:108E600052024BBF64774ABFA9E449BF254A49BFB4
:108E7000DEA748BFDBFD47BF224C47BFBA9246BFC3
:108E8000AAD145BFFA0845BFB13844BFD86043BF37
:108E9000768142BF959A41BF3DAC40BF77B63FBF98
:108EA0004DB93EBFC9B43DBFF5A83CBFDA953BBF45
:108EB000847B3ABFFE5939BF533138BF8D0137BF6C
:108EC000BACA35BFE48C34BF184833BF63FC31BF26
:108ED000D1A930BF70502FBF4CF02DBF74892CBF6B
:108EE000F41B2BBFDCA729BF3A2D28BF1CAC26BF23
:108EF000912425BFA89623BF700222BFFA6720BF26
:108F000054C71EBF8F201DBFBC731BBFEAC019BF53
:108F10002B0818BF8F4916BF298514BF08BB12BF85
:108F20003FEB10BFE0150FBFFD3A0DBFA75A0BBFB7
:108F3000F37409BFF28907BFB79905BF55A403BFF2
:108F4000E1A901BFD954FFBE184CFBBEA739F7BE3B
:108F5000AE1DF3BE56F8EEBEC7C9EABE2B92E6BE02
:108F6000AB51E2BE7208DEBEA9B6D9BE7C5CD5BEEE
:108F700015FAD0BE9F8FCCBE461DC8BE37A3C3BE58
:108F80009C21BFBEA398BABE7908B6BE4A71B1BED5
:108F900044D3ACBE942EA8BE6883A3BEEED19EBEC1
:108FA000551A9ABECB5C95BE7F9990BEA0D08BBE61
:108FB0005D0287BEE52E82BED1AC7ABE2FF270BEB6
:108FC000422E67BE6B615DBE0B8C53BE84AE49BE44
:108FD00036C93FBE83DC35BECEE82BBE78EE21BE5F
:108FE000E3ED17BE73E70DBE8BDB03BE1A95F3BD31
:108FF000BB69DFBDBE35CBBDECF9B6BD0CB7A2BDBC
:10900000E66D8EBD853E74BDD4974BBD49E922BD4A
:10901000EB68F4BCD9F5A2BCFDF822BC00004423E7
:10902000FDF8223CD9F5A23CEB68F43C49E9223D2D
:10903000D4974B3D853E743DE66D8E3D0CB7A23D09
:10904000ECF9B63DBE35CB3DBB69DF3D1A95F33D2E
:109050008BDB033E73E70D3EE3ED173E78EE213EDA
:10906000CEE82B3E83DC353E36C93F3E84AE493EDA
:109070000B8C533E6B615D3E422E673E2FF2703E7D
:10908000D1AC7A3EE52E823E5D02873EA0D08B3E7B
:109090007F99903ECB5C953E551A9A3EEED19E3E0E
:1090A0006883A33E942EA83E44D3AC3E4A71B13EA1
:1090B0007908B63EA398BA3E9C21BF3E37A3C33E73
:1090C000461DC83E9F8FCC3E15FAD03E7C5CD53EF7
:1090D000A9B6D93E7208DE3EAB51E23E2B92E63E87
:1090E000C7C9EA3E56F8EE3EAE1DF33EA739F73E3D
:1090F000184CFB3ED954FF3EE1A9013F55A4033F64
:10910000B799053FF289073FF374093FA75A0B3F10
:10911000FD3A0D3FE0150F3F3FEB103F08BB123FFC
:109120002985143F8F49163F2B08183FEAC0193F85
:10913000BC731B3F8F201D3F54C71E3FFA67203F63
:109140007002223FA896233F9124253F1CAC263F66
:109150003A2D283FDCA7293FF41B2B3F74892C3F75
:109160004CF02D3F70502F3FD1A9303F63FC313F71
:109170001848333FE48C343FBACA353F8D01373F3E
:109180005331383FFE59393F847B3A3FDA953B3FB4
:10919000F5A83C3FC9B43D3F4DB93E3F77B63F3F90
:1091A0003DAC403F959A413F7681423FD860433F76
:1091B000B138443FFA08453FAAD1453FBA92463FED
:1091C000224C473FDBFD473FDEA7483F254A493F4A
:1091D000A9E4493F64774A3F52024B3F6C854B3FBD
:1091E000AD004C3F10744C3F92DF4C3F2E434D3F3F
:1091F000E09E4D3FA5F24D3F793E4E3F5A824E3F95
:1092000044BE4E3F36F24E3F2D1E4F3F29424F3F48
:10921000275E4F3F26724F3F267E4F3F26824F3FAD
:10922000267E4F3F26724F3F275E4F3F29424F3FDA
:109230002D1E4F3F36F24E3F44BE4E3F5A824E3FA8
:10924000793E4E3FA5F24D3FE09E4D3F2E434D3FB0
:1092500092DF4C3F10744C3FAD004C3F6C854B3F50
:1092600052024B3F64774A3FA9E4493F254A493FB0
:10927000DEA7483FDBFD473F224C473FBA92463FBF
:10928000AAD1453FFA08453FB138443FD860433F33
:109290007681423F959A413F3DAC403F77B63F3F94
:1092A0004DB93E3FC9B43D3FF5A83C3FDA953B3F41
:1092B000847B3A3FFE59393F5331383F8D01373F68
:1092C000BACA353FE48C343F1848333F63FC313F22
:1092D000D1A9303F70502F3F4CF02D3F74892C3F67
:1092E000F41B2B3FDCA7293F3A2D283F1CAC263F1F
:1092F0009124253FA896233F7002223FFA67203F22
:1093000054C71E3F8F201D3FBC731B3FEAC0193F4F
:109310002B08183F8F49163F2985143F08BB123F81
:109320003FEB103FE0150F3FFD3A0D3FA75A0B3FB3
:10933000F374093FF289073FB799053F55A4033FEE
:10934000E1A9013FD954FF3E184CFB3EA739F73E37
:10935000AE1DF33E56F8EE3EC7C9EA3E2B92E63EFE
:10936000AB51E23E7208DE3EA9B6D93E7C5CD53EEA
:1093700015FAD03E9F8FCC3E461DC83E37A3C33E54
:109380009C21BF3EA398BA3E7908B63E4A71B13ED1
:1093900044D3AC3E942EA83E6883A33EEED19E3EBD
:1093A000551A9A3ECB5C953E7F99903EA0D08B3E5D
:1093B0005D02873EE52E823ED1AC7A3E2FF2703EB2
:1093C000422E673E6B615D3E0B8C533E84AE493E40
:1093D00036C93F3E83DC353ECEE82B3E78EE213E5B
:1093E000E3ED173E73E70D3E8BDB033E1A95F33D2D
:1093F000BB69DF3DBE35CB3DECF9B63D0CB7A23DB8
:10940000E66D8E3D853E743DD4974B3D49E9223D46
:10941000EB68F43CD9F5A23CFDF8223C000044A3E3
:10942000FDF822BCD9F5A2BCEB68F4BC49E922BD29
:10943000D4974BBD853E74BDE66D8EBD0CB7A2BD05
:10944000ECF9B6BDBE35CBBDBB69DFBD1A95F3BD2A
:109450008BDB03BE73E70DBEE3ED17BE78EE21BED6
:10946000CEE82BBE83DC35BE36C93FBE84AE49BED6
:109470000B8C53BE6B615DBE422E67BE2FF270BE79
:10948000D1AC7ABEE52E82BE5D0287BEA0D08BBE77
:109490007F9990BECB5C95BE551A9ABEEED19EBE0A
:1094A0006883A3BE942EA8BE44D3ACBE4A71B1BE9D
:1094B0007908B6BEA398BABE9C21BFBE37A3C3BE6F
:1094C000461DC8BE9F8FCCBE15FAD0BE7C5CD5BEF3
:1094D000A9B6D9BE7208DEBEAB51E2BE2B92E6BE83
:1094E000C7C9EABE56F8EEBEAE1DF3BEA739F7BE39
:1094F000184CFBBED954FFBEE1A901BF55A403BF60
:10950000B79905BFF28907BFF37409BFA75A0BBF0C
:10951000FD3A0DBFE0150FBF3FEB10BF08BB12BFF8
:10952000298514BF8F4916BF2B0818BFEAC019BF81
:10953000BC731BBF8F201DBF54C71EBFFA6720BF5F
:10954000700222BFA89623BF912425BF1CAC26BF62
:109550003A2D28BFDCA729BFF41B2BBF74892CBF71
:109560004CF02DBF70502FBFD1A930BF63FC31BF6D
:10957000184833BFE48C34BFBACA35BF8D0137BF3A
:10958000533138BFFE5939BF847B3ABFDA953BBFB0
:10959000F5A83CBFC9B43DBF4DB93EBF77B63FBF8C
:1095A0003DAC40BF959A41BF768142BFD86043BF72
:1095B000B13844BFFA0845BFAAD145BFBA9246BFE9
:1095C000224C47BFDBFD47BFDEA748BF254A49BF46
:1095D000A9E449BF64774ABF52024BBF6C854BBFB9
:1095E000AD004CBF10744CBF92DF4CBF2E434DBF3B
:1095F000E09E4DBFA5F24DBF793E4EBF5A824EBF91
:1096000044BE4EBF36F24EBF2D1E4FBF29424FBF44
:10961000275E4FBF26724FBF267E4FBF0000C0BBE4
:1096200088FD5FBCD5F9AFBCBBEEEFBC7FED17BDCD
:1096300015DE37BDE2C757BDADA977BD1DC18BBDD6
:1096400028A89BBD5B89ABBD1764BBBDC237CBBD32
:10965000BF03DBBD71C7EABD3E82FABDC51905BEB9
:109660005DED0CBE9ABB14BE2F841CBECE4624BE3C
:109670002D032CBEFDB833BEF3673BBEC30F43BE04
:1096800022B04ABEC54852BE5FD959BEA76161BE6D
:1096900053E168BE185870BEACC577BEC7297FBEFF
:1096A000104283BE36EA86BE338D8ABEE32A8EBE62
:1096B00021C391BECA5595BEBCE298BED2699CBE7C
:1096C000EBEA9FBEE365A3BE98DAA6BEE848AABE51
:1096D000B2B0ADBED311B1BE2B6CB4BE98BFB7BE95
:1096E000F90BBBBE2E51BEBE168FC1BE92C5C4BE05
:1096F00082F4C7BEC61BCBBE403BCEBED052D1BE4D
:109700005862D4BEBA69D7BED768DABE935FDDBEF1
:10971000D04DE0BE7133E3BE5A10E6BE6EE4E8BE43
:1097200091AFEBBEA871EEBE972AF1BE44DAF3BE4C
:109730009580F6BE6E1DF9BEB7B0FBBE553AFEBEB3
:10974000185D00BF189801BF1DCE02BF1DFF03BFEB
:109750000A2B05BFDB5106BF827307BFF68F08BF18
:109760002BA709BF16B90ABFADC50BBFE6CC0CBF0E
:10977000B5CE0DBF13CB0EBFF3C10FBF4EB310BF9D
:109780001A9F11BF4D8512BFE06513BFC84014BFBB
:10979000FE1515BF7AE515BF34AF16BF237317BF8B
:1097A000403118BF84E918BFE89B19BF65481ABF4C
:1097B000F4EE1ABF8F8F1BBF2F2A1CBFD0BE1CBF59
:1097C0006A4D1DBFF8D51DBF76581EBFDED41EBF23
:1097D0002B4B1FBF59BB1FBF642520BF478920BF2C
:1097E000FEE620BF863E21BFDC8F21BFFCDA21BF11
:1097F000E41F22BF915E22BF009722BF2FC922BF64
:109800001DF522BFC71A23BF2C3A23BF4C5323BFD9
:10981000246623BFB57223BFFD7823BFFD7823BF25
:10982000B57223BF246623BF4C5323BF2C3A23BFFA
:10983000C71A23BF1DF522BF2FC922BF009722BF21
:10984000915E22BFE41F22BFFCDA21BFDC8F21BF63
:10985000863E21BFFEE620BF478920BF642520BF8A
:1098600059BB1FBF2B4B1FBFDED41EBF76581EBF78
:10987000F8D51DBF6A4D1DBFD0BE1CBF2F2A1CBF0F
:109880008F8F1BBFF4EE1ABF65481ABFE89B19BF44
:1098900084E918BF403118BF237317BF34AF16BF18
:1098A0007AE515BFFE1515BFC84014BFE06513BFAC
:1098B0004D8512BF1A9F11BF4EB310BFF3C10FBF2A
:1098C00013CB0EBFB5CE0DBFE6CC0CBFADC50BBFE5
:1098D00016B90ABF2BA709BFF68F08BF827307BF4F
:1098E000DB5106BF0A2B05BF1DFF03BF1DCE02BF04
:1098F000189801BF185D00BF553AFEBEB7B0FBBE59
:109900006E1DF9BE9580F6BE44DAF3BE972AF1BE0D
:10991000A871EEBE91AFEBBE6EE4E8BE5A10E6BE93
:109920007133E3BED04DE0BE935FDDBED768DABED3
:10993000BA69D7BE5862D4BED052D1BE403BCEBE6B
:10994000C61BCBBE82F4C7BE92C5C4BE168FC1BEB5
:109950002E51BEBEF90BBBBE98BFB7BE2B6CB4BEBA
:10996000D311B1BEB2B0ADBEE848AABE98DAA6BE69
:10997000E365A3BEEBEA9FBED2699CBEBCE298BE83
:10998000CA5595BE21C391BEE32A8EBE338D8ABED1
:1099900036EA86BE104283BEC7297FBEACC577BEFD
:1099A000185870BE53E168BEA76161BE5FD959BE49
:1099B000C54852BE22B04ABEC30F43BEF3673BBE8A
:1099C000FDB833BE2D032CBECE4624BE2F841CBE54
:1099D0009ABB14BE5DED0CBEC51905BE3E82FABD34
:1099E00071C7EABDBF03DBBDC237CBBD1764BBBDCA
:1099F0005B89ABBD28A89BBD1DC18BBDADA977BD43
:109A0000E2C757BD15DE37BD7FED17BDBBEEEFBC1E
:109A1000D5F9AFBC88FD5FBC0000C0BB0000003BB7
:109A200088FD1F3CD5F98F3CBBEECF3C7FED073D59
:109A300015DE273DE2C7473DADA9673D1DC1833D0A
:109A400028A8933D5B89A33D1764B33DC237C33D4E
:109A5000BF03D33D71C7E23D3E82F23DC519013ED1
:109A60005DED083E9ABB103E2F84183ECE46203E48
:109A70002D03283EFDB82F3EF367373EC30F3F3E10
:109A800022B0463EC5484E3E5FD9553EA7615D3E79
:109A900053E1643E18586C3EACC5733EC7297B3E0B
:109AA0001042813E36EA843E338D883EE32A8C3E66
:109AB00021C38F3ECA55933EBCE2963ED2699A3E80
:109AC000EBEA9D3EE365A13E98DAA43EE848A83E55
:109AD000B2B0AB3ED311AF3E2B6CB23E98BFB53E99
:109AE000F90BB93E2E51BC3E168FBF3E92C5C23E09
:109AF00082F4C53EC61BC93E403BCC3ED052CF3E51
:109B00005862D23EBA69D53ED768D83E935FDB3EF5
:109B1000D04DDE3E7133E13E5A10E43E6EE4E63E47
:109B200091AFE93EA871EC3E972AEF3E44DAF13E50
:109B30009580F43E6E1DF73EB7B0F93E553AFC3EB7
:109B400030BAFE3E1898003F1DCE013F1DFF023F78
:109B50000A2B043FDB51053F8273063FF68F073F18
:109B60002BA7083F16B9093FADC50A3FE6CC0B3F0E
:109B7000B5CE0C3F13CB0D3FF3C10E3F4EB30F3F9D
:109B80001A9F103F4D85113FE065123FC840133FBB
:109B9000FE15143F7AE5143F34AF153F2373163F8B
:109BA0004031173F84E9173FE89B183F6548193F4C
:109BB000F4EE193F8F8F1A3F2F2A1B3FD0BE1B3F59
:109BC0006A4D1C3FF8D51C3F76581D3FDED41D3F23
:109BD0002B4B1E3F59BB1E3F64251F3F47891F3F2C
:109BE000FEE61F3F863E203FDC8F203FFCDA203F11
:109BF000E41F213F915E213F0097213F2FC9213F64
:109C00001DF5213FC71A223F2C3A223F4C53223FD9
:109C10002466223FB572223FFD78223FFD78223F25
:109C2000B572223F2466223F4C53223F2C3A223FFA
:109C3000C71A223F1DF5213F2FC9213F0097213F21
:109C4000915E213FE41F213FFCDA203FDC8F203F63
:109C5000863E203FFEE61F3F47891F3F64251F3F8A
:109C600059BB1E3F2B4B1E3FDED41D3F76581D3F78
:109C7000F8D51C3F6A4D1C3FD0BE1B3F2F2A1B3F0F
:109C80008F8F1A3FF4EE193F6548193FE89B183F44
:109C900084E9173F4031173F2373163F34AF153F18
:109CA0007AE5143FFE15143FC840133FE065123FAC
:109CB0004D85113F1A9F103F4EB30F3FF3C10E3F2A
:109CC00013CB0D3FB5CE0C3FE6CC0B3FADC50A3FE5
:109CD00016B9093F2BA7083FF68F073F8273063F4F
:109CE000DB51053F0A2B043F1DFF023F1DCE013F04
:109CF0001898003F30BAFE3E553AFC3EB7B0F93EE8
:109D00006E1DF73E9580F43E44DAF13E972AEF3E11
:109D1000A871EC3E91AFE93E6EE4E63E5A10E43E97
:109D20007133E13ED04DDE3E935FDB3ED768D83ED7
:109D3000BA69D53E5862D23ED052CF3E403BCC3E6F
:109D4000C61BC93E82F4C53E92C5C23E168FBF3EB9
:109D50002E51BC3EF90BB93E98BFB53E2B6CB23EBE
:109D6000D311AF3EB2B0AB3EE848A83E98DAA43E6D
:109D7000E365A13EEBEA9D3ED2699A3EBCE2963E87
:109D8000CA55933E21C38F3EE32A8C3E338D883ED5
:109D900036EA843E1042813EC7297B3EACC5733E05
:109DA00018586C3E53E1643EA7615D3E5FD9553E55
:109DB000C5484E3E22B0463EC30F3F3EF367373E96
:109DC000FDB82F3E2D03283ECE46203E2F84183E60
:109DD0009ABB103E5DED083EC519013E3E82F23D44
:109DE00071C7E23DBF03D33DC237C33D1764B33DE6
:109DF0005B89A33D28A8933D1DC1833DADA9673D67
:109E0000E2C7473D15DE273D7FED073DBBEECF3C6A
:109E1000D5F98F3C88FD1F3C0000003B0000003C52
:109E200088FDBF3CD5F91F3DBBEE5F3D7FED8F3D0B
:109E300015DEAF3DE2C7CF3DADA9EF3D1DC1073EE9
:109E400028A8173E5B89273E1764373EC237473E36
:109E5000BF03573E71C7663E3E82763EC519833EBC
:109E60005DED8A3E9ABB923E2F849A3ECE46A23E3C
:109E70002D03AA3EFDB8B13EF367B93EC30FC13E04
:109E800022B0C83EC548D03E5FD9D73EA761DF3E6D
:109E900053E1E63E1858EE3EACC5F53EC729FD3EFF
:109EA0001042023F36EA053F338D093FE32A0D3F5A
:109EB00021C3103FCA55143FBCE2173FD2691B3F74
:109EC000EBEA1E3FE365223F98DA253FE848293F49
:109ED000B2B02C3FD311303F2B6C333F98BF363F8D
:109EE000F90B3A3F2E513D3F168F403F92C5433FFD
:109EF00082F4463FC61B4A3F403B4D3FD052503F45
:109F00005862533FBA69563FD768593F935F5C3FE9
:109F1000D04D5F3F7133623F5A10653F6EE4673F3B
:109F200091AF6A3FA8716D3F972A703F44DA723F44
:109F30009580753F6E1D783FB7B07A3F553A7D3FAB
:109F400030BA7F3F1818813F1D4E823F1D7F833FEF
:109F50000AAB843FDBD1853F82F3863FF60F883F13
:109F60002B27893F16398A3FAD458B3FE64C8C3F06
:109F7000B54E8D3F134B8E3FF3418F3F4E33903F95
:109F80001A1F913F4D05923FE0E5923FC8C0933FB5
:109F9000FE95943F7A65953F342F963F23F3963F85
:109FA00040B1973F8469983FE81B993F65C8993F46
:109FB000F46E9A3F8F0F9B3F2FAA9B3FD03E9C3F52
:109FC0006ACD9C3FF8559D3F76D89D3FDE549E3F1D
:109FD0002BCB9E3F593B9F3F64A59F3F4709A03F26
:109FE000FE66A03F86BEA03FDC0FA13FFC5AA13F0A
:109FF000E49FA13F91DEA13F0017A23F2F49A23F5E
:10A000001D75A23FC79AA23F2CBAA23F4CD3A23FD4
:10A0100024E6A23FB5F2A23FFDF8A23FFDF8A23F21
:10A02000B5F2A23F24E6A23F4CD3A23F2CBAA23FF6
:10A03000C79AA23F1D75A23F2F49A23F0017A23F1A
:10A0400091DEA13FE49FA13FFC5AA13FDC0FA13F5D
:10A0500086BEA03FFE66A03F4709A03F64A59F3F84
:10A06000593B9F3F2BCB9E3FDE549E3F76D89D3F72
:10A07000F8559D3F6ACD9C3FD03E9C3F2FAA9B3F09
:10A080008F0F9B3FF46E9A3F65C8993FE81B993F3D
:10A090008469983F40B1973F23F3963F342F963F12
:10A0A0007A65953FFE95943FC8C0933FE0E5923FA7
:10A0B0004D05923F1A1F913F4E33903FF3418F3F22
:10A0C000134B8E3FB54E8D3FE64C8C3FAD458B3FDD
:10A0D00016398A3F2B27893FF60F883F82F3863F48
:10A0E000DBD1853F0AAB843F1D7F833F1D4E823FFE
:10A0F0001818813F30BA7F3F553A7D3FB7B07A3F5D
:10A100006E1D783F9580753F44DA723F972A703F05
:10A11000A8716D3F91AF6A3F6EE4673F5A10653F8B
:10A120007133623FD04D5F3F935F5C3FD768593FCB
:10A13000BA69563F5862533FD052503F403B4D3F63
:10A14000C61B4A3F82F4463F92C5433F168F403FAD
:10A150002E513D3FF90B3A3F98BF363F2B6C333FB2
:10A16000D311303FB2B02C3FE848293F98DA253F61
:10A17000E365223FEBEA1E3FD2691B3FBCE2173F7B
:10A18000CA55143F21C3103FE32A0D3F338D093FC9
:10A1900036EA053F1042023FC729FD3EACC5F53EF9
:10A1A0001858EE3E53E1E63EA761DF3E5FD9D73E49
:10A1B000C548D03E22B0C83EC30FC13EF367B93E8A
:10A1C000FDB8B13E2D03AA3ECE46A23E2F849A3E54
:10A1D0009ABB923E5DED8A3EC519833E3E82763E35
:10A1E00071C7663EBF03573EC237473E1764373ECE
:10A1F0005B89273E28A8173E1DC1073EADA9EF3D4C
:10A20000E2C7CF3D15DEAF3D7FED8F3DBBEE5F3D3D
:10A21000D5F91F3D88FDBF3C0000003C000000BC9C
:10A2200088FDBFBCD5F91FBDBBEE5FBD7FED8FBD07
:10A2300015DEAFBDE2C7CFBDADA9EFBD1DC107BEE5
:10A2400028A817BE5B8927BE176437BEC23747BE32
:10A25000BF0357BE71C766BE3E8276BEC51983BEB8
:10A260005DED8ABE9ABB92BE2F849ABECE46A2BE38
:10A270002D03AABEFDB8B1BEF367B9BEC30FC1BE00
:10A2800022B0C8BEC548D0BE5FD9D7BEA761DFBE69
:10A2900053E1E6BE1858EEBEACC5F5BEC729FDBEFB
:10A2A000104202BF36EA05BF338D09BFE32A0DBF56
:10A2B00021C310BFCA5514BFBCE217BFD2691BBF70
:10A2C000EBEA1EBFE36522BF98DA25BFE84829BF45
:10A2D000B2B02CBFD31130BF2B6C33BF98BF36BF89
:10A2E000F90B3ABF2E513DBF168F40BF92C543BFF9
:10A2F00082F446BFC61B4ABF403B4DBFD05250BF41
:10A30000586253BFBA6956BFD76859BF935F5CBFE5
:10A31000D04D5FBF713362BF5A1065BF6EE467BF37
:10A3200091AF6ABFA8716DBF972A70BF44DA72BF40
:10A33000958075BF6E1D78BFB7B07ABF553A7DBFA7
:10A3400030BA7FBF181881BF1D4E82BF1D7F83BFEB
:10A350000AAB84BFDBD185BF82F386BFF60F88BF0F
:10A360002B2789BF16398ABFAD458BBFE64C8CBF02
:10A37000B54E8DBF134B8EBFF3418FBF4E3390BF91
:10A380001A1F91BF4D0592BFE0E592BFC8C093BFB1
:10A39000FE9594BF7A6595BF342F96BF23F396BF81
:10A3A00040B197BF846998BFE81B99BF65C899BF42
:10A3B000F46E9ABF8F0F9BBF2FAA9BBFD03E9CBF4E
:10A3C0006ACD9CBFF8559DBF76D89DBFDE549EBF19
:10A3D0002BCB9EBF593B9FBF64A59FBF4709A0BF22
:10A3E000FE66A0BF86BEA0BFDC0FA1BFFC5AA1BF06
:10A3F000E49FA1BF91DEA1BF0017A2BF2F49A2BF5A
:10A400001D75A2BFC79AA2BF2CBAA2BF4CD3A2BFD0
:10A4100024E6A2BFB5F2A2BFFDF8A2BFFDF8A2BF1D
:10A42000B5F2A2BF24E6A2BF4CD3A2BF2CBAA2BFF2
:10A43000C79AA2BF1D75A2BF2F49A2BF0017A2BF16
:10A4400091DEA1BFE49FA1BFFC5AA1BFDC0FA1BF59
:10A4500086BEA0BFFE66A0BF4709A0BF64A59FBF80
:10A46000593B9FBF2BCB9EBFDE549EBF76D89DBF6E
:10A47000F8559DBF6ACD9CBFD03E9CBF2FAA9BBF05
:10A480008F0F9BBFF46E9ABF65C899BFE81B99BF39
:10A49000846998BF40B197BF23F396BF342F96BF0E
:10A4A0007A6595BFFE9594BFC8C093BFE0E592BFA3
:10A4B0004D0592BF1A1F91BF4E3390BFF3418FBF1E
:10A4C000134B8EBFB54E8DBFE64C8CBFAD458BBFD9
:10A4D00016398ABF2B2789BFF60F88BF82F386BF44
:10A4E000DBD185BF0AAB84BF1D7F83BF1D4E82BFFA
:10A4F000181881BF30BA7FBF553A7DBFB7B07ABF59
:10A500006E1D78BF958075BF44DA72BF972A70BF01
:10A51000A8716DBF91AF6ABF6EE467BF5A1065BF87
:10A52000713362BFD04D5FBF935F5CBFD76859BFC7
:10A53000BA6956BF586253BFD05250BF403B4DBF5F
:10A54000C61B4ABF82F446BF92C543BF168F40BFA9
:10A550002E513DBFF90B3ABF98BF36BF2B6C33BFAE
:10A56000D31130BFB2B02CBFE84829BF98DA25BF5D
:10A57000E36522BFEBEA1EBFD2691BBFBCE217BF77
:10A58000CA5514BF21C310BFE32A0DBF338D09BFC5
:10A5900036EA05BF104202BFC729FDBEACC5F5BEF5
:10A5A0001858EEBE53E1E6BEA761DFBE5FD9D7BE45
:10A5B000C548D0BE22B0C8BEC30FC1BEF367B9BE86
:10A5C000FDB8B1BE2D03AABECE46A2BE2F849ABE50
:10A5D0009ABB92BE5DED8ABEC51983BE3E8276BE31
:10A5E00071C766BEBF0357BEC23747BE176437BECA
:10A5F0005B8927BE28A817BE1DC107BEADA9EFBD48
:10A60000E2C7CFBD15DEAFBD7FED8FBDBBEE5FBD39
:10A61000D5F91FBD88FDBFBC000000BC0000403F55
:10A620000000403F0000203F0000203F0A010000E2
:10A630009E0B000079070000CC070000C607000051
:10A64000BB0000002A040000610100002B0E000086
:10A65000CC040000710A00003F0800004F01000018
:10A66000790000008E0000006B0000007B010000FC
:10A6700015010000008089430080CA430080E84340
:10A680000080094400007A4400C00F4500C05A45CC
:10A69000000066430000AA430080BB430000E6437D
:10A6A000000048440080D44400002F450000D242FE
:10A6B0000000164300002F4300005C430000C84325
:10A6C0000000C84400401C45000070420000AA423F
:10A6D0000000C8420000FA420000C84300803B442A
:10A6E0000000AF443333333F9A99993E6666663F24
:10A6F0000000803F0000003FCDCC4C3F0000003FF9
:10A70000CDCC0C3F3333B33E9A99593F0000803F84
:10A710000000403F3333333F6666E63E9A99593F27
:10A720009A99993E0000803F6666663F0000003FB0
:10A730003333333F6666E63ECDCC4C3F9A99993E23
:10A740000000803F6666663F9A99193F9A99193FC3
:10A750003333B33E0000C8410000F0410000C8415F
:10A760000000C84100008040000020400000404040
:10A770000000C8410000C8410000B0410000B041E5
:10A780000000404000002040000040400000A04188
:10A790000000C8410000A0410000A041000080402E
:10A7A0000000204000004040000070410000A04137
:10A7B0000000704100007041000040400000004077
:10A7C0000000204012735F449BE94C4402338544EF
:10A7D000BFED8944B977C4448F2EDE44D69BD9445B
:10A7E000DE851345EC9813452C61224544996B4551
:10A7F000536A6445818B84453E679D4504A3C645E5
:10A800007ECDEA45DCE103466DD3BB3E29D69DBE35
:10A810003E62BF3E8FE5AEBECBBDAA3E696F89BE2C
:10A8200088C14F3E856FA8BE0FC3533E5B3CA4BE9C
:10A83000A3A0993E2CC189BEC9DB533E7A3539BEEF
:10A8400062A2973E4AA9AABEF41E6D3E5E82804176
:10A8500049F2C7417EE8A641BCF05C41CC27664185
:10A8600085640841DEB1C041C65E7F410E048E4161
:10A87000064D4341EC8491417FF04E41F6588341AF
:10A88000094487418288294128B54241EF31254159
:10A890000000204100008C410000C8410000004041
:10A8A0000000803F0000803ECDCC4C3F8FC2753D04
:10A8B0000000803E9A99593F0000803EEC51B83D1F
:10A8C0000000003F6666263FCDCC4C3E0000803F36
:10A8D0000000803F0000803F0000803F0000803F7C
:10A8E000CDCC0C3F0000003FCDCCCC3E00008040E2
:10A8F0000000A040CDCCCC3D6666663F6F12033BA6
:10A900003333B33FCDCC4C3E3333B33E6F12833A37
:10A910009A99993E00000000CDCC4C3E0000803F4B
:10A920000000803F0000803F000060410000803F49
:10A93000CDCCCC3ECDCC0C3FCDCCCC3D00000040AE
:10A940000000803F9A99193E0000803F6F12033B40
:10A9500000000040000000009A99193F6F12833AEE
:10A96000CDCC8C3F000000000000003F0000803F85
:10A9700085EB61400000803F0000803F0000803F89
:10A980006666E63E0000003FCDCCCC3E06000000EF
:10A990000000803F0000803F4E62304091EDAC40AF
:10A9A00091ED0E411F855541A01A95410000000010
:10A9B000000000000000803F3333333F6666E63E10
:10A9C0009A99993EEC51383ECDCCCC3D0000000028
:10A9D000000000000000803F3333333F0000003FA1
:10A9E0003333B33E0000803EEC51383E000000009F
:10A9F0000000000008000000CDCCCC3E0000803FED
:10AA00003108CC3F39B40840AAF11240C1CA2940EC
:10AA100083C03A40E7FB4940621060400000803F3D
:10AA2000CDCC4C3F6666263F0000003FCDCCCC3EEF
:10AA30000AD7A33E0000803ECDCC4C3E0000803FB4
:10AA40009A99593F3333333F6666263FCDCC0C3F4E
:10AA50000000003F6666E63ECDCCCC3E060000001E
:10AA60006666E63F0000803F000000409A9919406A
:10AA700000004040000090405C8FAA4000000000B1
:10AA8000000000000000803F9A99593F9A99193FB1
:10AA90000000003F9A99993E0000803E00000000AF
:10AAA000000000000000803FCDCC4C3F3333333FEB
:10AAB000CDCC0C3FCDCCCC3E3333B33E00000000B8
:10AAC00000000000050000006666A63F0000803F11
:10AAD000E17A144000008840F628D4407B141641E7
:10AAE0000000000000000000000000000000803FA7
:10AAF000CDCC0C3F9A99993EEC51383ECDCCCC3D13
:10AB00000000000000000000000000000000803F86
:10AB10000000403F0000003F3333B33E0000803E62
:10AB20000000000000000000000000000500000020
:10AB30008FC2F53D0000803FA69B2440A69B944019
:10AB4000EE7CDF4068911B41000000000000000027
:10AB5000000000000000803F9A99193F3333B33E54
:10AB6000CDCC4C3E8FC2F53D00000000000000003F
:10AB7000000000000000803F3333B33EEC51383E0C
:10AB8000CDCCCC3D8FC2753D000000000000000020
:10AB9000000000000000000000001041CDCC4C3E41
:10ABA000000048453333B33E000000000000C03FC2
:10ABB0006F12833B9A99193E9A99593FEC51383E4E
:10ABC0006F12033B0000803E6666E63ECDCC4C3EF5
:10ABD0000000803E00000000000090413333B33E8F
:10ABE0000000C8448FC2F53D000000000000803F17
:10ABF0009A99193FCDCCCC3E9A99593FCDCC8C3FF8
:10AC00006666663F0000003F9A99193FCDCC4C3FE5
:10AC1000CDCCCC3E00000000000000000000000091
:10AC20000000A0439A99593F0000000000004040F6
:10AC30006F12033B0000803ECDCC0C3F8FC2F53D30
:10AC40006F12833AEC51383ECDCC4C3DCDCCCC3D4F
:10AC5000CDCCCC3D000040400000000000000000D2
:10AC6000000061440000000000000000000000003F
:10AC70006F12833BCDCCCC3D0000803F8FC2F53DB1
:10AC8000A69B443B9A99193E0000003FCDCC4C3E18
:10AC900000000000FF0000007F0000003F000000F7
:10ACA0001F0000000F00000007000000030000006C
:10ACB000010000009A99593FCDCC4C3DCDCC4C3F82
:10ACC0000AD7A33C000000003333333F8FC2F53D69
:10ACD0000000403F0AD7A33C00000000187001208C
:10ACE0002870012000000000000000009A99593FE0
:10ACF00038700120487001200000010000000000B1
:10AD0000CDCC4C3F5870012068700120000002013A
:10AD100000000000CDCC4C3F7870012088700120ED
:10AD200000000300000000006666663F9870012086
:10AD3000A87001200000040300000000CDCC4C3FAF
:10AD4000B8700120C47001200000050000FE000062
:10AD50006666663FD0700120D870012000000600B2
:10AD600000000000CDCC4C3FE0700120EC700120D1
:10AD70000000070000000000CDCC4C3FF87001201F
:10AD8000007101200000080000000000CDCC4C3F05
:10AD9000087101201071012000000900000000006E
:10ADA000CDCC4C3F187101202471012000000A0015
:10ADB00000000000CDCC4C3F3071012038710120E3
:10ADC0000107000400000000D7A3703F407101207C
:10ADD0004871012001070104010000000000803FCC
:10ADE00050710120587101200107020402FF000088
:10ADF000D7A3703F607101206C710120010703042B
:10AE000003FE0000C3F5283F787101208C710120FA
:10AE100001070400000000000000803FA071012035
:10AE2000B07101200208000000010000CDCC4C3FB1
:10AE3000C0710120CC710120020801000001000056
:10AE4000CDCC4C3FD8710120E471012002040000F8
:10AE500000000000CDCC4C3FF0710120FC710120BE
:10AE60000204010000010000CDCC4C3F087201201B
:10AE7000107201200208020000010000CDCC4C3FFE
:10AE80001872012024720120020803000000000053
:10AE9000CDCC4C3F307201203872012003080400F1
:10AEA00000000000CDCC4C3F407201204C720120CC
:10AEB0000308050000FF0000CDCC4C3F5872012074
:10AEC000687201200308060101000000CDCC4C3F50
:10AED000787201208072012003030000000000004E
:10AEE000CDCC4C3F887201209472012004030101F3
:10AEF00002000000CDCC4C3FA0720120B0720120B6
:10AF00000409000000000000CDCC4C3FC0720120BD
:10AF1000D07201200409010000000000CDCC4C3F9C
:10AF2000E0720120EC72012004000B000000000020
:10AF3000CDCC4C3FF87201200073012004090200BF
:10AF400000010000CDCC4C3F087301201473012098
:10AF50000409030000020000CDCC4C3F2073012007
:10AF6000287301200501000000000000CDCC4C3FFB
:10AF7000307301203C730120050101020000000034
:10AF8000CDCC4C3F487301205873012005010200CD
:10AF900000020000CDCC4C3F687301207873012083
:10AFA0000501030000000000CDCC4C3F8873012058
:10AFB000907301200501040000000000CDCC4C3F3F
:10AFC00098730120A4730120050105000000000012
:10AFD000CDCC4C3FB0730120BC73012005010600AD
:10AFE00000000000CDCC4C3FC8730120D07301207D
:10AFF0000501070000FE0000CDCC4C3FD8730120B6
:10B00000E47301200605000103000000CDCC4C3F95
:10B01000F0730120FC730120060501000000000010
:10B02000CDCC4C3F087401201074012006090400A7
:10B0300000020000CDCC4C3F187401202474012084
:10B040000702000000000000CDCC4C3F307401200E
:10B050003C74012007020100000000000000403F96
:10B0600048740120547401200702020000FF000010
:10B07000CDCC4C3F607401206C74012007020300AA
:10B0800000FE00003333733F787401208C7401207C
:10B090000706000000000000CDCC4C3FA07401204A
:10B0A000AC740120070A0000000000000000403FCF
:10B0B000B8740120C87401200703020000000000DA
:10B0C000CDCC4C3F00000000CDCCCC3E6666E63EC9
:10B0D0000000003F0000403F000000000000604012
:10B0E000CDCCCC3E3333B33E6666263F0000000035
:10B0F000CDCCCC3FCDCC4C3F9A99593F0000003F7E
:10B10000000000400000A0400000003F3333333F08
:10B11000CDCC0C3F000000006666663FAE47613E46
:10B12000CDCCCC3ECDCC4C3F00000040CDCC8C3FB4
:10B1300052B81E3F6666E63E3333333F0000804020
:10B14000000000409A99193F6666663F9A99593FF8
:10B150000000803F000040409A99193E9A99993E1C
:10B16000CDCC4C3F3D0AD73E0AD7A33C295C0F3ECD
:10B170003D0AD73E0AD7A33C295C0F3E3D0AD73E85
:10B18000CDCCCC3C9A99193E3D0AD73ECDCCCC3C97
:10B190008FC2F53D0000003F0AD7A33E9A99193FA0
:10B1A000CDCC0C406666663F8FC2753EEC51383E92
:10B1B000CDCC4C3E000060409A99593FB81E853E68
:10B1C0000AD7233ECDCC4C3ECDCC4C40CDCC4C3FD1
:10B1D00014AE473F8FC2F53D3333B33E3333B33EF6
:10B1E0003333733F9A99993E295C0F3E9A99193EE1
:10B1F000000040409A99593FCDCC0C3F0000803E62
:10B200006666E63ECDCC0C403333733F8FC2F53DCE
:10B210000AD7A33DCDCC0C3FCDCC8C3FCDCC4C3F01
:10B22000EC51383E0AD7233D9A99993E0000C04020
:10B230000000403F3D0AD73E3D0AD73E0000403F58
:10B240006666E63F9A99593FCDCCCC3E0000003F60
:10B250000000003F000090409A99593F9A99993E0A
:10B26000295C8F3D0000803F6666663F6666663FEC
:10B27000CDCC4C3E8FC2753D0000803FCDCCCC3F45
:10B280009A99593F786F0120806F0120886F0120C3
:10B290008C6F0120906F0120986F0120A06F01201A
:10B2A000AC6F0120B46F0120C06F0120CC6F012072
:10B2B000CDCC4C3F3333B33ECDCC0C3F000000002F
:10B2C0000000003F9A99993ECDCCCC3E0000000092
:10B2D0003333333F9A99993E9A99993E0000000082
:10B2E000CDCCCC3E6666E63E0000003F000000008C
:10B2F000EC51383E9A99593F00000000CDCC4C3FAC
:10B30000CDCC0C3F9A99193FCDCC4C3FCDCC4C3F86
:10B31000000000003333B33E0000003F3333C3402E
:10B320000000B0419A99993EAE47E13D3333333F37
:10B3300000000040295C0F3DCDCC4C3E295C8F3E87
:10B340009A99593F00000000CDCC4C3F9A99193F83
:10B35000CDCC0C3FCDCC4C3FCDCC4C3FEC51383E0E
:10B360003333B33E6666E63E3333B3400000A0415C
:10B370009A99993E1F85EB3D3333333F00000040DF
:10B380000AD7233DCDCC4C3E5C8FC23E6666663FFD
:10B39000000000009A99593F6666263F6666E63EC1
:10B3A000CDCC4C3FCDCC4C3F52B81E3FCDCCCC3E4B
:10B3B000CDCC0C3F0000A040000080413333B33EB1
:10B3C0000000003E3333333F6666E63FCDCC4C3D54
:10B3D000CDCC4C3E0000003F6666663FCDCC4C3D78
:10B3E0009A99593F3333333F3333B33E9A99593F98
:10B3F0003333333F0000803F6666E63E9A99193F3B
:10B400000000904000002041CDCCCC3E295C0F3E96
:10B410003333333F0000C03F8FC2753DCDCC4C3E2F
:10B420006666E63E9A99993E000000000000000022
:10B430000000003F0000003F6666663F9A99193F92
:10B440009A99993E00000000000000003333C34089
:10B45000000000009A99993EAE47E13D00000000CF
:10B46000000000008FC2F53C9A99193E00000000D0
:10B470009A99193E00009040CDCC4C3E000000004F
:10B480000000803FCDCC4C408FC2F53D0000A04075
:10B490000000803E00000000CDCC8C3F00009040BA
:10B4A000CDCCCC3E000000000000A0410000803F59
:10B4B0006F12833B0AD7A33D0000803F0000803F0E
:10B4C0009A99593F6666263F0000003FEC51383E8E
:10B4D000CDCCCC3E0AD7A33D9A99993E00000000FE
:10B4E000000000000000000000000000000000005C
:10B4F0000000A0410000803F0AD7233D9A99993E61
:10B500000000803F0000803F0000403FCDCCCC3E9B
:10B510009A99193F9A99193E3333B33E0AD7A33DFE
:10B520009A99993E000000008FC2F53D000000008E
:10B53000EC51383E6F12833A6666E63FCDCC0C3F45
:10B540006F12833ACDCCCC3E0000803F0000803F9C
:10B55000CDCC4C3ECDCC4C3D8FC2F53D0000000023
:10B5600000000000000000000000000000000000DB
:10B570000000000000000000000000006F12833B8C
:10B580006666A63F6666E63E6F12833A9A99993ED2
:10B590000000803F0000803F000000000000003FEE
:10B5A00000000000AE47613E00000000CDCCCC3D65
:10B5B000000000000000000000000000000000008B
:10B5C00000000000000000000000A0410000803FDB
:10B5D0000AD7233D8FC2F53D6666663F0000803F77
:10B5E000000000000000000000000000000000005B
:10B5F000000000000000000000000000000000004B
:10B600000000000000000000000000000AD7A33E78
:10B610000000003F0000803FEC51383E00008040B9
:10B62000000000008FC2753DCDCC4C3E9A99593F29
:10B630000000803E0000003F0000803F3333B33EF7
:10B640000000404000000000CDCC4C3D9A99193ECE
:10B650009A99593F0AD7A33D0000003F0000803F60
:10B66000CDCCCC3D0000803F000000000AD7233D38
:10B670008FC2F53D6666663F3333B33E0000003F40
:10B680000000803FCDCCCC3E0000204000000000F8
:10B69000EC51B83D9A99993E9A99593FEC51383FEF
:10B6A0000000003F6666E63F0AD7233D00000040E9
:10B6B000000000000AD7233D9A99193ECDCC4C3F9B
:10B6C000CDCC0C3F0000003F6666663FCDCC4C3DC4
:10B6D0000000004000000000295C8F3DCDCC4C3EB6
:10B6E0009A99593F52B81E3F0000003F3333B33F91
:10B6F0008FC2753D0000004000000000EC51B83DD5
:10B700000000803E9A99593F0000803ECDCC4C3ECF
:10B710003333B33E0000803E3333333FCDCCCC3E99
:10B720009A99593F9A99993F0000803F00806D4552
:10B730009A99193ECDCC0C3F00000040CDCC4C3F37
:10B740009A99593F9A99993E9A99593F70170020B2
:10B75000E81D0120080000000400000000020000B5
:10B76000000000003A1C19B32F7219B42F0DADB4AC
:10B770007B2C1AB5BF6071B5C215AEB51345EDB5DA
:10B78000B91B1BB6257044B6949672B667C192B6C3
:10B79000C492AEB62CB6CCB6D420EDB629E307B72A
:10B7A0004D4C1AB7FEC32DB78D4142B776BB57B784
:10B7B0005D276EB707BD82B7BED38EB763519BB707
:10B7C0001A2FA8B79B65B5B736EDC2B7D5BDD0B7B0
:10B7D000F8CEDEB7BE17EDB7E18EFBB75F1505B843
:10B7E000A8700CB81FD413B86A3A1BB8069E22B8CA
:10B7F00047F929B85D4631B8537F38B8129E3FB833
:10B80000669C46B8FE734DB86D1E54B833955AB851
:10B81000B8D160B855CD66B855816CB8F8E671B846
:10B8200077F776B806AC7BB8DAFD7FB815F381B848
:10B830001AAF83B8A12F85B8557186B8EC7087B858
:10B84000242B88B8CB9C88B8BEC288B8E89988B841
:10B850004B1F88B8FB4F87B8262986B811A884B833
:10B860001CCA82B8C78C80B85CDB7BB81FD575B8A2
:10B870009C026FB8DF5F67B844E95EB8789B55B843
:10B880007C734BB8AB6E40B8BB8A34B8C3C527B81D
:10B890003B1E1AB8FF920BB8AF46F8B7E99DD7B771
:10B8A000E92BB5B7CEF190B730E355B7675C06B773
:10B8B000AE5B4DB6D38E0C361210FA36B7485A37F7
:10B8C0003B6B9D370850CF37966401380BE61B3829
:10B8D000A026373812205338A4CB6F380E91863803
:10B8E000E48D95383CD8A438C36BB438ED43C438E4
:10B8F000F15BD438CFAEE4384F37F53801F8023970
:10B90000A3690B39A3ED1339FD801C399620253925
:10B910003DC92D39AC77363987283F3961D8473949
:10B92000BB835039052759399FBE6139E0466A39D2
:10B930000EBC7239681A7B3912AF8139B8C18539AA
:10B940003AC38939ACB18D39208B9139A84D9539DD
:10B9500058F7983944869C3985F89F39384CA33973
:10B960007D7FA6397C90A939637DAC396844AF39B5
:10B97000CAE3B139D359B439D6A4B63934C3B839C6
:10B980005AB3BA39C373BC39FA02BE39995FBF39A9
:10B990004C88C039CF7BC139F438C2399EBEC23918
:10B9A000C50BC339791FC339DDF8C2392E97C239A7
:10B9B000BFF9C139FD1FC1396F09C039B4B5BE39EE
:10B9C0008824BD39C155BB395249B9394AFFB63906
:10B9D000D477B4393AB3B139E4B1AE395574AB392F
:10B9E00033FBA7394047A4395B59A03986329C39CB
:10B9F000DFD39739A43E933932748E39047689396E
:10BA0000B5458439F8C97D3961AB72398D336739F1
:10BA1000A0665B39F5484F3923DF4239F52D3639B9
:10BA20006E3A2939C4091C3962A10E39E20601397E
:10BA30001E80E638BFA5CA38EE8AAE38443C92383C
:10BA40004B8D6B38846E3238306EF237D3048037CA
:10BA5000B989DD35FABB47B7C7E5D4B7798222B8D3
:10BA600094005AB8EA6788B85569A3B8B8F5BDB864
:10BA700037FED7B8F673F1B80E2405B9F23511B90F
:10BA80004BE81CB9CC3328B93C1133B973793DB9B3
:10BA9000656547B920CE50B9D4AC59B9D4FA61B96B
:10BAA0009BB169B9CECA70B9424077B9FE0B7DB976
:10BAB000201481B9BE4783B9341E85B9FB9486B979
:10BAC000B0A987B9105A88B901A488B98E8588B9F8
:10BAD000E8FC87B96E0887B9A6A685B944D683B9AC
:10BAE000299681B9CBCA7DB9718677B9285E70B9BC
:10BAF000345168B93F5F5FB95E8855B90ACD4AB91C
:10BB00002A2E3FB90DAD32B9724B25B9810B17B949
:10BB1000D2EF07B9D8F6EFB88363CEB86B2DABB8C8
:10BB20002F5D86B899F83FB85F54E0B7FC2BEBB6B1
:10BB3000B6F56037E6A4103897B56B3849A9A43834
:10BB4000AAAED43873ED02399C0E1C390BB23539CC
:10BB5000A5CE4F39F25A6A3993A68239934D90395E
:10BB6000421D9E394410AC391B21BA39254AC839C7
:10BB7000A485D639BACDE439701CF339DBB5003A67
:10BB8000B2DA073AA2F90E3A840F163A2D191D3A85
:10BB90006A13243A05FB2A3AC5CC313A6E85383A05
:10BBA000C7213F3A959E453AA3F84B3ABE2C523AEC
:10BBB000BA37583A73165E3ACEC5633ABB42693A11
:10BBC000348A6E3A4399733A006D783A95027D3A19
:10BBD0009FAB803A25B4823A8F99843A9B5A863A31
:10BBE00013F6873ACD6A893AAFB78A3AABDB8B3A1C
:10BBF000C3D58C3A07A58D3A99488E3AABBF8E3A99
:10BC000082098F3A71258F3AE2128F3A50D18E3ADB
:10BC100049608E3A6FBF8D3A7AEE8C3A35ED8B3AA9
:10BC200081BB8A3A5459893ABAC6873AD603863ACA
:10BC3000DF10843A24EE813A17387F3A21367A3A77
:10BC40008AD7743AA81D6F3AF909693A2C9E623A6C
:10BC50001DDC5B3AD2C5543A815D4D3A8AA5453A1E
:10BC60007BA03D3A0A51353A19BA2C3AB4DE233A50
:10BC70000EC21A3A8367113A96D2073ADC0DFC39A4
:10BC8000B010E83986B5D3398104BF390206AA3924
:10BC9000ABC29439AC867E392A2253395C6A273983
:10BCA00059E4F638C0999E382D380C38386713B7E8
:10BCB000F3B155B871FFC2B89E5B0DB980EB38B9CE
:10BCC0008D1A64B9F26987B94B819CB9D848B1B96A
:10BCD00022B6C5B9BDBED9B94758EDB9393C00BA8D
:10BCE000828A09BAF19112BA884D1BBA5AB823BA9E
:10BCF00094CD2BBA748833BA58E43ABAB6DC41BA58
:10BD0000276D48BA61914EBA414554BAC78459BAB1
:10BD10001E4C5EBA989762BAB86366BA2AAD69BA21
:10BD2000CF706CBABAAB6EBA2F5B70BAAE7C71BA18
:10BD3000EA0D72BAD30C72BA927771BA914C70BA9A
:10BD4000748A6EBA20306CBABD3C69BAB3AF65BABA
:10BD5000AD8861BA9BC75CBAB26C57BA6C7851BAFD
:10BD600089EB4ABA10C743BA4F0C3CBADBBC33BAB2
:10BD70008FDA2ABA906721BA486617BA68D90CBA1E
:10BD8000E8C301BA0C52ECB98718D4B9D1E2BAB9F8
:10BD9000FEB8A0B9A8A385B9D75753B9C8B619B981
:10BDA000A7F0BCB87BC606B82C3AE437C736B8381B
:10BDB000E7F21C3928F55E3959049139A609B339DF
:10BDC000027DD5399D50F8392ABB0D3ADB6F1F3AF9
:10BDD000063F313A2E21433ABA0E553AF4FF663AFD
:10BDE00011ED783A1767853AAE4D8E3A4E26973A5E
:10BDF000F1EC9F3A919DA83A2334B13A9FACB93AFD
:10BE0000FE02C23A3E33CA3A6039D23A6F11DA3A88
:10BE100081B7E13AB327E93A335EF03A3C57F73A53
:10BE20001D0FFE3A1941023B7A56053BF545083B8A
:10BE3000DC0D0B3B8EAC0D3B7720103B1268123BA8
:10BE4000EB81143B9C6C163BD226183B4BAF193B45
:10BE5000D9041B3B5F261C3BD8121D3B51C91D3B1F
:10BE6000ED481E3BE5901E3B8AA01E3B42771E3BE1
:10BE70008D141E3B03781D3B52A11C3B46901B3B7F
:10BE8000BF441A3BBBBE183B4FFE163BAD03153BF0
:10BE90001FCF123B0C61103BF4B90D3B72DA0A3B29
:10BEA0003CC3073B2375043B12F1003B1F70FA3A79
:10BEB0007896F23AA257EA3A47B6E13A41B5D83A0B
:10BEC0009E57CF3A9FA0C53AB193BB3A7434B13A6A
:10BED000B586A63A6E8E9B3AC54F903A0CCF843AFF
:10BEE0007321723ADF325A3AE8DB413A6026293A46
:10BEF000601C103A7F90ED392569BA3949D88639E6
:10BF0000DAE7253973937638F1AB2BB8AF9913B9CB
:10BF1000B2387CB9864CB2B9B245E6B905F80CBA6C
:10BF2000D19926BA3DFC3FBA491359BAF4D271BA35
:10BF3000A41785BA2C0E91BA27C79CBAB53CA8BAEB
:10BF40000469B3BA5546BEBAFECEC8BA68FDD2BAC5
:10BF50001BCCDCBAB735E6BAFE34EFBAD4C4F7BAB4
:10BF60003EE0FFBA36C103BB5A5307BB4EA40ABB1F
:10BF7000EBB10DBB237A10BBFFFA12BBA83215BB85
:10BF80005D1F17BB7FBF18BB89111ABB17141BBBE2
:10BF9000E4C51BBBCB251CBBCB321CBB03EC1BBBC2
:10BFA000B4501BBB47601ABB451A19BB5E7E17BB5A
:10BFB000678C15BB594413BB58A610BBA9B20DBB67
:10BFC000BB690ABB23CC06BB9EDA02BB1D2CFDBAA3
:10BFD000FEFEF3BA4430EABA9FC2DFBA0CB9D4BA53
:10BFE000D916C9BA9BDFBCBA3517B0BAD4C1A2BA48
:10BFF000EEE394BA408286BA9D436FBAC48F50BABA
:10C000000DF430BA147C10BAE267DEB973509AB9F5
:10C01000DF9729B9F754DFB76D5EE838303E8339D2
:10C020000961CD3904310C3A3011323A5341583A52
:10C030006BB17E3A99A8923A1208A63AC56EB93AFF
:10C040003CD4CC3AEE2FE03A4079F33AC653033B66
:10C050000FD90C3B2248163BA29C1F3B33D2283BF6
:10C060007DE4313B2ECF3A3BF88D433B981C4C3B53
:10C07000D676543B85985C3B897D643BD4216C3BF0
:10C080006F81733B72987A3B89B1803BCBEE833BE7
:10C090003302873BFFE9893B81A48C3B18308F3BFF
:10C0A000328B913B54B4933B10AA953B0F6B973B5B
:10C0B0000CF6983BD8499A3B59659B3B8C479C3B77
:10C0C00084EF9C3B6B5C9D3B868D9D3B2F829D3B13
:10C0D000DC399D3B1BB49C3B95F09B3B0FEF9A3B9F
:10C0E00065AF993B9131983BAA75963BDE7B943BBB
:10C0F0007C44923BEBCF8F3BB11E8D3B6E318A3B34
:10C10000E008873BDFA5833B6209803BF068783B12
:10C110009F50703B5ECC673BF5DE5E3B5E8B553BD4
:10C12000C9D44B3B9BBE413B6A4C373BFC812C3B0B
:10C130004B63213B7EF4153BE8390A3B1970FC3A0E
:10C140002CE7E33AB0E2CA3A9F6CB13A3A8F973A99
:10C1500012AA7A3AB091453A63EB0F3A699BB33928
:10C16000663E0D39B4BC9BB853E094B91E8201BA47
:10C170002E9538BAD5906FBA302E93BA796FAEBA81
:10C18000C97FC9BA9D52E4BA6CDBFEBAD7860CBB34
:10C19000746E19BB531E26BB459032BB28BE3EBBF6
:10C1A000E8A14ABB843556BB0D7361BBAF546CBB71
:10C1B000AFD476BBB77680BBB84C85BBADE989BB45
:10C1C000FA4A8EBB196E92BB985096BB1CF099BB75
:10C1D000624A9DBB415DA0BBA826A3BBA3A4A5BB8F
:10C1E0005BD5A7BB16B7A9BB3948ABBB4787ACBB70
:10C1F000E672ADBBDD09AEBB154BAEBB9A35AEBB2F
:10C200009EC8ADBB7403ADBB99E5ABBBAC6EAABB1E
:10C21000749EA8BBE074A6BB04F2A3BB1F16A1BB0F
:10C2200095E19DBBF4549ABBF17096BB6A3692BB04
:10C2300066A68DBB14C288BBCC8A83BB17047CBBAB
:10C24000F65270BBD00564BB912057BB72A749BBA7
:10C25000F69E3BBBEB0B2DBB6AF31DBBD35A0EBB4B
:10C26000998FFCBA7F80DBBAB494B9BA11D996BA67
:10C27000D8B566BA27501EBA213BA9B90FB71BB86B
:10C2800017708439F31D0F3A9AD65C3AD4A0953AC8
:10C29000131FBD3A43D5E43A2D59063B89521A3B48
:10C2A000F74D2E3BA442423BA627563B05F4693B83
:10C2B000BE9E7D3B628F883B8335923B3BBD9B3B63
:10C2C0000222A53B555FAE3BB970B73BB851C03BAE
:10C2D000E8FDC83BE970D13B6BA6D93B2C9AE13B0A
:10C2E000FE47E93BC7ABF03B82C1F73B4385FE3BD2
:10C2F0009B79023CD483053C7E5F083CDF0A0B3C03
:10C300004A840D3C27CA0F3CEDDA113C29B5133C99
:10C310007C57153C9CC0163C54EF173C87E2183CF8
:10C320002E99193C5B121A3C3A4D1A3C0D491A3CA5
:10C3300032051A3C2381193C71BC183CCDB6173C20
:10C34000FF6F163CF0E7143CA31E133C3814113C5D
:10C35000ECC80E3C1B3D0C3C3C71093CE565063CC1
:10C36000CB1B033C7D27FF3B5B9DF73B4B9BEF3B90
:10C370009E23E73BE438DE3BE4DDD43B9F15CB3B1B
:10C380004EE3C03B634AB63B864EAB3B95F39F3BC7
:10C39000A33D943BF630883B0EA4773BFF4A5E3BBF
:10C3A0007060443B6FEE293B61FF0E3B003CE73A77
:10C3B000ACAAAF3AECC26E3A76DEF9398B9D2038E2
:10C3C0004F79D3B9C4325EBA1093A9BACD31E4BA69
:10C3D000D66D0FBB38BB2CBBCEF349BB390A67BB4C
:10C3E00083F881BB564D90BBCC7C9EBB1980ACBB07
:10C3F0006E50BABB01E7C7BB0D3DD5BBD54BE2BB09
:10C40000A70CEFBBE178FBBBF9C403BCB09C09BC33
:10C4100061400FBCE9AC14BC31DF19BC35D41EBC83
:10C42000008923BCB2FA27BC81262CBCB80930BCD9
:10C43000B9A133BC02EC36BC28E639BCDF8D3CBC6C
:10C44000F7E03EBC5EDD40BC258142BC79CA43BCFE
:10C45000AEB744BC394745BCB47745BCDF4745BCA3
:10C46000A0B644BC06C343BC456C42BCC0B140BC92
:10C47000FE923EBCB50F3CBCC52739BC3ADB35BC8F
:10C480004E2A32BC66152EBC169D29BC1FC224BC88
:10C4900072851FBC2CE819BC99EB13BC36910DBCFE
:10C4A000ABDA06BCA293FFBB5BC1F0BBE942E1BBC8
:10C4B000121DD1BBF354C0BB03F0AEBB14F49CBB44
:10C4C0004D678ABB54A06EBBFB6A47BBD53C1FBB04
:10C4D0009449ECBABF6498BACBD605BABE082039E5
:10C4E000727C583A6DA8C53A8D0D103B57B83D3B4C
:10C4F00051C16B3B640A8D3B504FA43B2BA5BB3B0A
:10C500008601D33BCA59EA3B9BD1003C73690C3C82
:10C51000EFEE173C7F5C233C8DAC2E3C76D9393C4A
:10C5200092DD443C36B34F3CB3545A3C5CBC643C53
:10C5300086E46E3C8BC7783CE72F813CDCD3853C9E
:10C54000E24C8A3C3E988E3C3BB3923C309B963CFE
:10C55000804D9A3C9AC79D3CFA06A13C2D09A43C0B
:10C56000CFCBA63C8F4CA93C2E89AB3C817FAD3C08
:10C57000752DAF3C0A91B03C5CA8B13C9D71B23CBA
:10C580001AEBB23C3E13B33C8DE8B23CAB69B23C13
:10C590005C95B13C826AB03C1FE8AE3C5B0DAD3CA3
:10C5A0007ED9AA3CF54BA83C5264A53C4B22A23C48
:10C5B000C1859E3CB88E9A3C5F3D963C0C92913C66
:10C5C000418D8C3CA82F873C187A813C25DB763C3A
:10C5D00089166A3C10A95C3CC8954E3C19E03F3C6A
:10C5E000C68B303CED9C203C0A18103CE403FE3B1B
:10C5F000B1BFDA3B9C6EB63B7B1C913BBEAB553B5F
:10C600002350073B8D085D3A9C06D3B9D5F3DABABF
:10C61000E3E841BB0EC68BBB4820B7BBF1F0E2BBE1
:10C62000969207BCBBD41DBCD23434BC74A84ABC9F
:10C63000E82461BC2A9F77BCF30587BCC12F92BC5C
:10C640000A479DBCB945A8BC9625B3BC48E0BDBC13
:10C65000556FC8BC26CCD2BC06F0DCBC24D4E6BCEA
:10C660009671F0BC58C1F9BC265E01BDA1AD05BDF7
:10C670007ACB09BD03B40DBD886311BD4BD614BD83
:10C68000880818BD75F61ABD419C1DBD18F61FBD62
:10C69000230022BD87B623BD671525BDE81826BD3A
:10C6A0002ABD26BD53FE26BD88D826BDF14726BD2E
:10C6B000BB4825BD17D723BD3CEF21BD668D1FBDEF
:10C6C000DAAD1CBDE54C19BDDE6615BD25F810BD03
:10C6D00026FD0BBD587206BD405400BDE33EF3BCC1
:10C6E00019A1E4BC84C8D4BCA6AEC3BC254DB1BC62
:10C6F000C99D9DBC819A88BCC67A64BC590135BC71
:10C700008EBD02BC1D499BBBF25EADBA89DA143BFB
:10C710006519C63BB0DF233C93B8673CF64F973CA6
:10C72000F34EBC3C1DDDE23C0F7F053DB15A1A3D86
:10C730001203303DB079463DEDBF5D3D0CD7753DF0
:10C740001B60873D383E943D5286A13DD038AF3DB9
:10C750000756BD3D3EDECB3DACD1DA3D7730EA3DFC
:10C76000B9FAF93D7730EA3DACD1DA3D3EDECB3D5A
:10C770000756BD3DD038AF3D5286A13D383E943D71
:10C780001B60873D0CD7753DEDBF5D3DB079463DE3
:10C790001203303DB15A1A3D0F7F053D1DDDE23CCD
:10C7A000F34EBC3CF64F973C93B8673CB0DF233C5C
:10C7B0006519C63B89DA143BF25EADBA1D499BBBD5
:10C7C0008EBD02BC590135BCC67A64BC819A88BC56
:10C7D000C99D9DBC254DB1BCA6AEC3BC84C8D4BC0C
:10C7E00019A1E4BCE33EF3BC405400BD587206BD41
:10C7F00026FD0BBD25F810BDDE6615BDE54C19BD47
:10C80000DAAD1CBD668D1FBD3CEF21BD17D723BD22
:10C81000BB4825BDF14726BD88D826BD53FE26BDA1
:10C820002ABD26BDE81826BD671525BD87B623BDE0
:10C83000230022BD18F61FBD419C1DBD75F61ABD13
:10C84000880818BD4BD614BD886311BD03B40DBD57
:10C850007ACB09BDA1AD05BD265E01BD58C1F9BCAD
:10C860009671F0BC24D4E6BC06F0DCBC26CCD2BC6D
:10C87000556FC8BC48E0BDBC9625B3BCB945A8BC43
:10C880000A479DBCC12F92BCF30587BC2A9F77BC89
:10C89000E82461BC74A84ABCD23434BCBBD41DBCEF
:10C8A000969207BCF1F0E2BB4820B7BB0EC68BBB2B
:10C8B000E3E841BBD5F3DABA9C06D3B98D085D3AFB
:10C8C0002350073BBEAB553B7B1C913B9C6EB63B5C
:10C8D000B1BFDA3BE403FE3B0A18103CED9C203C60
:10C8E000C68B303C19E03F3CC8954E3C10A95C3CDF
:10C8F00089166A3C25DB763C187A813CA82F873C58
:10C90000418D8C3C0C92913C5F3D963CB88E9A3C9C
:10C91000C1859E3C4B22A23C5264A53CF54BA83CF1
:10C920007ED9AA3C5B0DAD3C1FE8AE3C826AB03CB0
:10C930005C95B13CAB69B23C8DE8B23C3E13B33C74
:10C940001AEBB23C9D71B23C5CA8B13C0A91B03C80
:10C95000752DAF3C817FAD3C2E89AB3C8F4CA93C03
:10C96000CFCBA63C2D09A43CFA06A13C9AC79D3C1E
:10C97000804D9A3C309B963C3BB3923C3E988E3C1B
:10C98000E24C8A3CDCD3853CE72F813C8BC7783C6A
:10C9900086E46E3C5CBC643CB3545A3C36B34F3CBA
:10C9A00092DD443C76D9393C8DAC2E3C7F5C233CF7
:10C9B000EFEE173C73690C3C9BD1003CCA59EA3B33
:10C9C0008601D33B2BA5BB3B504FA43B640A8D3B58
:10C9D00051C16B3B57B83D3B8D0D103B6DA8C53A1F
:10C9E000727C583ABE082039CBD605BABF6498BAD3
:10C9F0009449ECBAD53C1FBBFB6A47BB54A06EBB45
:10CA00004D678ABB14F49CBB03F0AEBBF354C0BBB0
:10CA1000121DD1BBE942E1BB5BC1F0BBA293FFBBDE
:10CA2000ABDA06BC36910DBC99EB13BC2CE819BCF3
:10CA300072851FBC1FC224BC169D29BC66152EBC66
:10CA40004E2A32BC3ADB35BCC52739BCB50F3CBCDD
:10CA5000FE923EBCC0B140BC456C42BC06C343BC68
:10CA6000A0B644BCDF4745BCB47745BC394745BC9C
:10CA7000AEB744BC79CA43BC258142BC5EDD40BC34
:10CA8000F7E03EBCDF8D3CBC28E639BC02EC36BC8E
:10CA9000B9A133BCB80930BC81262CBCB2FA27BC82
:10CAA000008923BC35D41EBC31DF19BCE9AC14BCF1
:10CAB00061400FBCB09C09BCF9C403BCE178FBBB6E
:10CAC000A70CEFBBD54BE2BB0D3DD5BB01E7C7BB08
:10CAD0006E50BABB1980ACBBCC7C9EBB564D90BB94
:10CAE00083F881BB390A67BBCEF349BB38BB2CBB8B
:10CAF000D66D0FBBCD31E4BA1093A9BAC4325EBA79
:10CB00004F79D3B98B9D203876DEF939ECC26E3A75
:10CB1000ACAAAF3A003CE73A61FF0E3B6FEE293B0F
:10CB20007060443BFF4A5E3B0EA4773BF630883B87
:10CB3000A33D943B95F39F3B864EAB3B634AB63B8C
:10CB40004EE3C03B9F15CB3BE4DDD43BE438DE3BFA
:10CB50009E23E73B4B9BEF3B5B9DF73B7D27FF3BDA
:10CB6000CB1B033CE565063C3C71093C1B3D0C3C82
:10CB7000ECC80E3C3814113CA31E133CF0E7143CE7
:10CB8000FF6F163CCDB6173C71BC183C2381193C95
:10CB900032051A3C0D491A3C3A4D1A3C5B121A3CBC
:10CBA0002E99193C87E2183C54EF173C9CC0163C68
:10CBB0007C57153C29B5133CEDDA113C27CA0F3CD4
:10CBC0004A840D3CDF0A0B3C7E5F083CD483053C65
:10CBD0009B79023C4385FE3B82C1F73BC7ABF03BF0
:10CBE000FE47E93B2C9AE13B6BA6D93BE970D13B70
:10CBF000E8FDC83BB851C03BB970B73B555FAE3B91
:10CC00000222A53B3BBD9B3B8335923B628F883B19
:10CC1000BE9E7D3B05F4693BA627563BA442423BA2
:10CC2000F74D2E3B89521A3B2D59063B43D5E43A2A
:10CC3000131FBD3AD4A0953A9AD65C3AF31D0F3A29
:10CC4000177084390FB71BB8213BA9B927501EBAFA
:10CC5000D8B566BA11D996BAB494B9BA7F80DBBA9E
:10CC6000998FFCBAD35A0EBB6AF31DBBEB0B2DBBDD
:10CC7000F69E3BBB72A749BB912057BBD00564BB56
:10CC8000F65270BB17047CBBCC8A83BB14C288BB32
:10CC900066A68DBB6A3692BBF17096BBF4549ABB04
:10CCA00095E19DBB1F16A1BB04F2A3BBE074A6BB1C
:10CCB000749EA8BBAC6EAABB99E5ABBB7403ADBBBD
:10CCC0009EC8ADBB9A35AEBB154BAEBBDD09AEBB46
:10CCD000E672ADBB4787ACBB3948ABBB16B7A9BB47
:10CCE0005BD5A7BBA3A4A5BBA826A3BB415DA0BBE6
:10CCF000624A9DBB1CF099BB985096BB196E92BBC3
:10CD0000FA4A8EBBADE989BBB84C85BBB77680BB10
:10CD1000AFD476BBAF546CBB0D7361BB843556BBCF
:10CD2000E8A14ABB28BE3EBB459032BB531E26BB82
:10CD3000746E19BBD7860CBB6CDBFEBA9D52E4BA8D
:10CD4000C97FC9BA796FAEBA302E93BAD5906FBA8F
:10CD50002E9538BA1E8201BA53E094B9B4BC9BB880
:10CD6000663E0D39699BB33963EB0F3AB091453A92
:10CD700012AA7A3A3A8F973A9F6CB13AB0E2CA3A1D
:10CD80002CE7E33A1970FC3AE8390A3B7EF4153B8C
:10CD90004B63213BFC812C3B6A4C373B9BBE413BA8
:10CDA000C9D44B3B5E8B553BF5DE5E3B5ECC673BAF
:10CDB0009F50703BF068783B6209803BDFA5833B66
:10CDC000E008873B6E318A3BB11E8D3BEBCF8F3B3A
:10CDD0007C44923BDE7B943BAA75963B9131983B19
:10CDE00065AF993B0FEF9A3B95F09B3B1BB49C3B87
:10CDF000DC399D3B2F829D3B868D9D3B6B5C9D3B33
:10CE000084EF9C3B8C479C3B59659B3BD8499A3BA4
:10CE10000CF6983B0F6B973B10AA953B54B4933B91
:10CE2000328B913B18308F3B81A48C3BFFE9893BCF
:10CE30003302873BCBEE833B89B1803B72987A3BD0
:10CE40006F81733BD4216C3B897D643B85985C3B4F
:10CE5000D676543B981C4C3BF88D433B2ECF3A3B47
:10CE60007DE4313B33D2283BA29C1F3B2248163B3A
:10CE70000FD90C3BC653033B4079F33AEE2FE03A0F
:10CE80003CD4CC3AC56EB93A1208A63A99A8923A5F
:10CE90006BB17E3A5341583A3011323A04310C3A70
:10CEA0000961CD39303E83396D5EE838F754DFB71C
:10CEB000DF9729B973509AB9E267DEB9147C10BACA
:10CEC0000DF430BAC48F50BA9D436FBA408286BA0F
:10CED000EEE394BAD4C1A2BA3517B0BA9BDFBCBA9C
:10CEE000D916C9BA0CB9D4BA9FC2DFBA4430EABA6B
:10CEF000FEFEF3BA1D2CFDBA9EDA02BB23CC06BBA4
:10CF0000BB690ABBA9B20DBB58A610BB594413BBE1
:10CF1000678C15BB5E7E17BB451A19BB47601ABBF1
:10CF2000B4501BBB03EC1BBBCB321CBBCB251CBBC7
:10CF3000E4C51BBB17141BBB89111ABB7FBF18BBF1
:10CF40005D1F17BBA83215BBFFFA12BB237A10BBBB
:10CF5000EBB10DBB4EA40ABB5A5307BB36C103BB92
:10CF60003EE0FFBAD4C4F7BAFE34EFBAB735E6BA3A
:10CF70001BCCDCBA68FDD2BAFECEC8BA5546BEBAE2
:10CF80000469B3BAB53CA8BA27C79CBA2C0E91BAAB
:10CF9000A41785BAF4D271BA491359BA3DFC3FBA05
:10CFA000D19926BA05F80CBAB245E6B9864CB2B9A1
:10CFB000B2387CB9AF9913B9F1AB2BB8739376380B
:10CFC000DAE7253949D886392569BA397F90ED39AC
:10CFD000601C103A6026293AE8DB413ADF325A3ABF
:10CFE0007321723A0CCF843AC54F903A6E8E9B3AB9
:10CFF000B586A63A7434B13AB193BB3A9FA0C53A0C
:10D000009E57CF3A41B5D83A47B6E13AA257EA3AE5
:10D010007896F23A1F70FA3A12F1003B2375043BFE
:10D020003CC3073B72DA0A3BF4B90D3B0C61103B81
:10D030001FCF123BAD03153B4FFE163BBBBE183B4B
:10D04000BF441A3B46901B3B52A11C3B03781D3B3F
:10D050008D141E3B42771E3B8AA01E3BE5901E3B73
:10D06000ED481E3B51C91D3BD8121D3B5F261C3BA2
:10D07000D9041B3B4BAF193BD226183B9C6C163B8B
:10D08000EB81143B1268123B7720103B8EAC0D3BBA
:10D09000DC0D0B3BF545083B7A56053B1941023B3D
:10D0A0001D0FFE3A3C57F73A335EF03AB327E93AA0
:10D0B00081B7E13A6F11DA3A6039D23A3E33CA3A6F
:10D0C000FE02C23A9FACB93A2334B13A919DA83AD4
:10D0D000F1EC9F3A4E26973AAE4D8E3A1767853A55
:10D0E00011ED783AF4FF663ABA0E553A2E21433ADA
:10D0F000063F313ADB6F1F3A2ABB0D3A9D50F83993
:10D10000027DD539A609B3395904913928F55E391C
:10D11000E7F21C39C736B8382C3AE4377BC606B874
:10D12000A7F0BCB8C8B619B9D75753B9A8A385B9E1
:10D13000FEB8A0B9D1E2BAB98718D4B90C52ECB98B
:10D14000E8C301BA68D90CBA486617BA906721BA21
:10D150008FDA2ABADBBC33BA4F0C3CBA10C743BAD9
:10D1600089EB4ABA6C7851BAB26C57BA9BC75CBAB1
:10D17000AD8861BAB3AF65BABD3C69BA20306CBA4C
:10D18000748A6EBA914C70BA927771BAD30C72BA33
:10D19000EA0D72BAAE7C71BA2F5B70BABAAB6EBAD6
:10D1A000CF706CBA2AAD69BAB86366BA989762BA9A
:10D1B0001E4C5EBAC78459BA414554BA61914EBA01
:10D1C000276D48BAB6DC41BA58E43ABA748833BA23
:10D1D00094CD2BBA5AB823BA884D1BBAF19112BA22
:10D1E000828A09BA393C00BA4758EDB9BDBED9B9EF
:10D1F00022B6C5B9D848B1B94B819CB9F26987B993
:10D200008D1A64B980EB38B99E5B0DB971FFC2B855
:10D21000F3B155B8386713B72D380C38C0999E381C
:10D2200059E4F6385C6A27392A225339AC867E39AC
:10D23000ABC294390206AA398104BF3986B5D33905
:10D24000B010E839DC0DFC3996D2073A8367113A01
:10D250000EC21A3AB4DE233A19BA2C3A0A51353AB8
:10D260007BA03D3A8AA5453A815D4D3AD2C5543AF4
:10D270001DDC5B3A2C9E623AF909693AA81D6F3AA7
:10D280008AD7743A21367A3A17387F3A24EE813AAF
:10D29000DF10843AD603863ABAC6873A5459893A97
:10D2A00081BB8A3A35ED8B3A7AEE8C3A6FBF8D3A74
:10D2B00049608E3A50D18E3AE2128F3A71258F3AF8
:10D2C00082098F3AABBF8E3A99488E3A07A58D3ABC
:10D2D000C3D58C3AABDB8B3AAFB78A3ACD6A893A81
:10D2E00013F6873A9B5A863A8F99843A25B4823A44
:10D2F0009FAB803A95027D3A006D783A4399733A34
:10D30000348A6E3ABB42693ACEC5633A73165E3AC6
:10D31000BA37583ABE2C523AA3F84B3A959E453A42
:10D32000C7213F3A6E85383AC5CC313A05FB2A3AD7
:10D330006A13243A2D191D3A840F163AA2F90E3AAF
:10D34000B2DA073ADBB5003A701CF339BACDE439EA
:10D35000A485D639254AC8391B21BA394410AC39BD
:10D36000421D9E39934D903993A68239F25A6A39FB
:10D37000A5CE4F390BB235399C0E1C3973ED0239ED
:10D38000AAAED43849A9A43897B56B38E6A41038AA
:10D39000B6F56037FC2BEBB65F54E0B799F83FB8B1
:10D3A0002F5D86B86B2DABB88363CEB8D8F6EFB8D7
:10D3B000D2EF07B9810B17B9724B25B90DAD32B950
:10D3C0002A2E3FB90ACD4AB95E8855B93F5F5FB989
:10D3D000345168B9285E70B9718677B9CBCA7DB906
:10D3E000299681B944D683B9A6A685B96E0887B9AE
:10D3F000E8FC87B98E8588B901A488B9105A88B924
:10D40000B0A987B9FB9486B9341E85B9BE4783B9E4
:10D41000201481B9FE0B7DB9424077B9CECA70B9EC
:10D420009BB169B9D4FA61B9D4AC59B920CE50B91D
:10D43000656547B973793DB93C1133B9CC3328B927
:10D440004BE81CB9F23511B90E2405B9F673F1B8E1
:10D4500037FED7B8B8F5BDB85569A3B8EA6788B83C
:10D4600094005AB8798222B8C7E5D4B7FABB47B757
:10D47000B989DD35D3048037306EF237846E3238A7
:10D480004B8D6B38443C9238EE8AAE38BFA5CA3813
:10D490001E80E638E206013962A10E39C4091C3942
:10D4A0006E3A2939F52D363923DF4239F5484F399F
:10D4B000A0665B398D33673961AB7239F8C97D3944
:10D4C000B54584390476893932748E39A43E93394E
:10D4D000DFD3973986329C395B59A0394047A4394C
:10D4E00033FBA7395574AB39E4B1AE393AB3B1392E
:10D4F000D477B4394AFFB6395249B939C155BB3925
:10D500008824BD39B4B5BE396F09C039FD1FC13992
:10D51000BFF9C1392E97C239DDF8C239791FC33935
:10D52000C50BC3399EBEC239F438C239CF7BC1396D
:10D530004C88C039995FBF39FA02BE39C373BC3910
:10D540005AB3BA3934C3B839D6A4B639D359B43971
:10D55000CAE3B1396844AF39637DAC397C90A939ED
:10D560007D7FA639384CA33985F89F3944869C398C
:10D5700058F79839A84D9539208B9139ACB18D3930
:10D580003AC38939B8C1853912AF8139681A7B39F4
:10D590000EBC7239E0466A399FBE61390527593998
:10D5A000BB83503961D8473987283F39AC77363942
:10D5B0003DC92D3996202539FD801C39A3ED13393D
:10D5C000A3690B3901F802394F37F538CFAEE4388B
:10D5D000F15BD438ED43C438C36BB4383CD8A438BD
:10D5E000E48D95380E918638A4CB6F3812205338CD
:10D5F000A02637380BE61B38966401380850CF3721
:10D600003B6B9D37B7485A371210FA36D38E0C361B
:10D61000AE5B4DB6675C06B730E355B7CEF190B759
:10D62000E92BB5B7E99DD7B7AF46F8B7FF920BB86E
:10D630003B1E1AB8C3C527B8BB8A34B8AB6E40B816
:10D640007C734BB8789B55B844E95EB8DF5F67B828
:10D650009C026FB81FD575B85CDB7BB8C78C80B8EF
:10D660001CCA82B811A884B8262986B8FB4F87B88F
:10D670004B1F88B8E89988B8BEC288B8CB9C88B8D8
:10D68000242B88B8EC7087B8557186B8A12F85B85F
:10D690001AAF83B815F381B8DAFD7FB806AC7BB852
:10D6A00077F776B8F8E671B855816CB855CD66B89D
:10D6B000B8D160B833955AB86D1E54B8FE734DB8E2
:10D6C000669C46B8129E3FB8537F38B85D4631B865
:10D6D00047F929B8069E22B86A3A1BB81FD413B876
:10D6E000A8700CB85F1505B8E18EFBB7BE17EDB793
:10D6F000F8CEDEB7D5BDD0B736EDC2B79B65B5B7AE
:10D700001A2FA8B763519BB7BED38EB707BD82B798
:10D710005D276EB776BB57B78D4142B7FEC32DB7B5
:10D720004D4C1AB729E307B7D420EDB62CB6CCB6CA
:10D73000C492AEB667C192B6949672B6257044B6DE
:10D74000B91B1BB61245EDB5C215AEB5BF6071B5BC
:10D750007A2C1AB52D0DADB42D7219B4321C19B333
:10D76000009E0529000000003A1C99B625C819B78B
:10D77000378867B772D39AB7A0FDC1B7752DE9B7DF
:10D78000882608B8F4A21BB86C002FB8103342B832
:10D79000BE2E55B813E767B8704F7AB8832D86B898
:10D7A0006AFE8EB8DC9397B833E79FB8C2F1A7B88A
:10D7B000CFACAFB89D11B7B86D19BEB881BDC4B8B4
:10D7C00023F7CAB8A9BFD0B87510D6B8FEE2DAB848
:10D7D000D130DFB898F3E2B81C25E6B84BBFE8B803
:10D7E0003ABCEAB82D16ECB89AC7ECB82BCBECB81B
:10D7F000C41BECB88BB4EAB8E690E8B882ACE5B8E4
:10D800005803E2B8B291DDB82B54D8B8B647D2B8B5
:10D81000A169CBB89AB7C3B8AF2FBBB857D0B1B8CE
:10D820006F98A7B841879CB8879C90B86DD883B88B
:10D8300023776CB8168E4FB8D3F830B86DBB10B8DC
:10D84000E7B5DDB7E0BA96B7AD2719B74721AF33D3
:10D85000DEF72137743EA4378A60FA3701A52938EC
:10D860005570573812428338A9689B38E323B4387F
:10D87000366BCD389C35E738CABC003995160E3961
:10D88000F9A21B39875C2939993D3739564045390A
:10D89000AE5E53396292613903D56F39F41F7E3918
:10D8A00038368639C5598D3917779439948A9B391A
:10D8B0009390A2395A85A9392765B0392A2CB739EE
:10D8C0008DD6BD397160C439F2C5CA392A03D13940
:10D8D0002F14D7391BF5DC3909A2E2391817E839BA
:10D8E0006F50ED393E4AF239BE00F7393770FB39D7
:10D8F0000295FF39C2B5013A1F78033ADE0F053AA7
:10D90000577B063AEAB8073A08C7083A31A4093AF9
:10D91000F54E0A3AF4C50A3AE3070B3A88130B3A74
:10D92000BEE70A3A77830A3AB9E5093AA20D093AFD
:10D930006AFA073A5EAB063AE81F053A8C57033A93
:10D94000E851013A701DFE39A41BF939569EF3398E
:10D95000ADA5ED390A32E7390C44E03991DCD8390C
:10D96000B8FCD039DDA5C8399DD9BF39D699B639AB
:10D97000A8E8AC3973C8A239D93B9839BB458D3971
:10D980003CE9813981536C39D61554393C213B39F6
:10D99000F67D2139BF3407399A9DD8389AABA13822
:10D9A0007A4F5338919CC237210394B6E9EE07B8F9
:10D9B00007CE7EB87B76BBB8BA0CF8B8F6871AB932
:10D9C000C93239B946F957B994CD76B9C9D08AB9AF
:10D9D00070339AB97387A9B96CC5B8B9DCE5C7B912
:10D9E00034E1D6B9D2AFE5B90A4AF4B9125401BA52
:10D9F000336108BA88480FBA340616BA5A961CBA68
:10DA000025F522BAC41E29BA700F2FBA6CC334BAD6
:10DA100009373ABAA4663FBAAC4E44BAA2EB48BA48
:10DA20001C3A4DBAC73651BA67DE54BADC2D58BA23
:10DA300020225BBA4DB85DBA9DED5FBA6DBF61BA89
:10DA40003B2B63BAAC2E64BA8DC764BAD4F364BA04
:10DA5000A0B164BA3DFF63BA25DB62BA024461BA81
:10DA6000AC385FBA2FB85CBAC9C159BAEE5456BACD
:10DA7000457152BAAC164EBA394549BA39FD43BA66
:10DA8000343F3EBAE80B38BA506431BAA0492ABADA
:10DA900046BD22BAECC01ABA785612BA088009BA42
:10DAA000F83F00BABB31EDB90E1BD9B9FF41C4B97B
:10DAB00014ADAEB9436398B9F56B81B9FC9D53B908
:10DAC000402923B91716E3B803567BB8D1B831B74C
:10DAD000843C26383C2CBE3849641539D4634C3913
:10DAE00025FF81394B0E9E398853BA39C2C2D639C7
:10DAF0009B4FF339BDF6073AC747163A6994243A63
:10DB00000CD6323A0206413A8F1D4F3AE8155D3A7B
:10DB100035E86A3A9A8D783A99FF823A0D9B893AAC
:10DB2000B615903A266C963AF29A9C3AB39EA23A6F
:10DB30000C74A83AA817AE3A3B86B33A89BCB83AF7
:10DB400061B7BD3AA473C23A43EEC63A4224CB3A17
:10DB5000BB12CF3ADEB6D23AF30DD63A5D15D93ABA
:10DB600098CADB3A3E2BDE3A0735E03ACDE5E13A9A
:10DB7000883BE33A5534E43A74CEE43A4B08E53A4C
:10DB800066E0E43A7A55E43A6366E33A2912E23A07
:10DB9000FF57E03A4237DE3A7FAFDB3A6EC0D83A01
:10DBA000F769D53A31ACD13A6287CD3A02FCC83A2E
:10DBB000B90AC43A5EB4BE3AFCF9B83ACFDCB23A1C
:10DBC000445EAC3AFA7FA53AC0439E3A99AB963A86
:10DBD000B7B98E3A7E70863A00A57B3A03C5693A9A
:10DBE000E846573AF030443AB789303A2F581C3A51
:10DBF000A5A3073A72E7E439B7A0B9399E838D39F6
:10DC000082424139462DCC388B811A372CC7A7B8B0
:10DC1000E26532B9A9DB88B9C7D7B8B9B512E9B995
:10DC2000BDBB0CBA66F824BA83343DBA236555BA35
:10DC3000347F6DBAC5BB82BA73A18EBAFA6A9ABA3A
:10DC4000AD12A6BAD992B1BACFE5BCBADC05C8BA52
:10DC500058EDD2BA9E96DDBA14FCE7BA2F18F2BA84
:10DC600071E5FBBA37AF02BBEA3E07BB309F0BBB87
:10DC700079CD0FBB41C713BB148A17BB91131BBBD4
:10DC800067611EBB5B7121BB454124BB16CF26BB20
:10DC9000D41829BB9F1C2BBBB0D82CBB5C4B2EBB14
:10DCA00015732FBB674E30BBFFDB30BBA81A31BBEF
:10DCB0004D0931BBFCA630BBE2F22FBB4FEC2EBBB3
:10DCC000B9922DBBB7E52BBB05E529BB869027BBD9
:10DCD00042E824BB65EC21BB459D1EBB5CFB1ABB27
:10DCE0004B0717BBDEC112BB032C0EBBD24609BBD0
:10DCF0008C1304BB2C27FDBAFB90F1BAEE67E5BA92
:10DD0000BAAFD8BA606CCBBA2DA2BDBAB755AFBA0C
:10DD1000DF8BA0BACA4991BAE79481BACBE562BA5F
:10DD200075D341BA33FF1FBAD4EBFAB9F389B4B94A
:10DD3000CBE859B9AF1E91B8947B953862C25F3970
:10DD40005E20BB39727E033A48AB293A5006503AFE
:10DD5000E07E763A09828E3A64C2A13AD8F7B43AA4
:10DD6000AB19C83A0F1FDB3A2BFFED3A8F58003B37
:10DD7000FE95093B70B3123B71AC1B3B937C243B7B
:10DD80006A1F2D3B9590353BBBCB3D3B90CC453B33
:10DD9000D48E4D3B590E553B02475C3BC634633B2A
:10DDA000B3D3693BEE1F703BB815763B6BB17B3B41
:10DDB000C277803B4EE6823BB722853B6F2B873B89
:10DDC000F8FE883BE99B8A3BED008C3BC62C8D3BE3
:10DDD0004A1E8E3B67D48E3B224E8F3B9C8A8F3BE4
:10DDE00009898F3BBD488F3B21C98E3BBC098E3BC7
:10DDF000310A8D3B3BCA8B3BB5498A3B9688883BB1
:10DE0000F186863BF544843BF2C2813BA7027E3B10
:10DE10004401783B0B83713B86896A3B7B16633BED
:10DE2000ED2B5B3B18CC523B74F9493BB4B6403BFD
:10DE3000C406373BC9EC2C3B216C223B6188173B65
:10DE400054450C3BFBA6003B1663E93AD6D2D03AC8
:10DE500065A6B73A56E79D3A929F833AC0B2513AC7
:10DE6000AE3E1B3A8AF1C739C0DD2F3922E54AB8E8
:10DE7000F6C18BB90B11FFB9778C39BAEAD373BAF3
:10DE8000CB2297BAEF63B4BA6AA0D1BA27CBEEBA65
:10DE90007AEB05BB455B14BB4AAE22BBD7DD30BB7A
:10DEA0003BE33EBBC4B74CBBC4545ABB97B367BB40
:10DEB0009FCD74BB27CE80BB920C87BBDC1E8DBB75
:10DEC000DB0193BB70B298BB8C2D9EBB3270A3BBA1
:10DED0007177A8BB7040ADBB68C8B1BBA70CB6BB1F
:10DEE000940ABABBAEBFBDBB8F29C1BBE945C4BB59
:10DEF0009012C7BB708DC9BB99B4CBBB3986CDBB63
:10DF0000A100CFBB4222D0BBB3E9D0BBB055D1BB3F
:10DF10001965D1BBF516D1BB736AD0BBE95ECFBB27
:10DF2000D6F3CDBBE428CCBBE5FDC9BBD672C7BBDD
:10DF3000DF87C4BB543DC1BBB593BDBBAB8BB9BB85
:10DF40000D26B5BBDF63B0BB4E46ABBBB6CEA5BBA3
:10DF50009DFE9FBBB4D799BBD95B93BB138D8CBB84
:10DF6000946D85BB6DFF7BBB028C6CBB3E865CBB3E
:10DF7000CCF34BBBA0DA3ABBFC4029BB6C2D17BBE2
:10DF8000C1A604BB2568E3BA70B9BCBA965095BA6D
:10DF9000837A5ABA231F09BA8CC05AB99D84E538CE
:10DFA000B0C0E139CCBB453A768F8D3A8F72B83A22
:10DFB0009D74E33A6A41073B17C51C3BBE3B323BAD
:10DFC000B49B473B41DB5C3BA1F0713B0669833B63
:10DFD000DCBA8D3BEEE8973B5EEEA13B50C6AB3B17
:10DFE000F46BB53B81DABE3B3D0DC83B7BFFD03BBC
:10DFF000A1ACD93B2610E23B9825EA3B9DE8F13BDA
:10E00000F354F93B3B33003C908C033C85B4063C15
:10E0100037A9093CD7680C3CA9F10E3C0242113CDF
:10E020005058133C1433153CE8D0163C7C30183C57
:10E030009A50193C23301A3C15CE1A3C85291B3CBA
:10E04000A6411B3CC7151B3C52A51A3CD0EF193CFE
:10E05000E5F4183C55B4173C032E163CED61143C16
:10E060003550123C19F90F3CF85C0D3C4F7C0A3CD2
:10E07000BB57073CFBEF033CEB45003C11B5F83BBD
:10E08000DD5DF03BB288E73B4438DE3B856FD43B37
:10E09000A531CA3B0E82BF3B6664B43B8CDCA83B17
:10E0A00098EE9C3BDA9E903BD7F1833B93D86D3B37
:10E0B0003D26533BE7D6373B2EF51B3B0D18FF3A69
:10E0C0007B4DC53AE7A18A3A585A1E3ACE3D1839D7
:10E0D000D6D5A6B9CFE14DBAAC90A4BA657AE2BA6A
:10E0E000AC4910BB37602FBB24734EBBA5746DBB0E
:10E0F000682B86BBD48595BB90C2A4BB94DAB3BB16
:10E10000D4C6C2BB4880D1BBEEFFDFBBCB3EEEBB6B
:10E11000F135FCBB40EF04BCD4980BBC5A1412BCC4
:10E12000825E18BC09741EBCBC5124BC7AF429BCA4
:10E1300034592FBCED7C34BCC25C39BCE2F53DBC2B
:10E14000974542BC464946BC6DFE49BCA7624DBCE2
:10E15000B07350BC5F2F53BCAE9355BCB99E57BC37
:10E16000BD4E59BC1EA25ABC61975BBC362D5CBC2F
:10E1700070625CBC0C365CBC2EA75BBC25B55ABC7F
:10E180006B5F59BCA2A557BC9A8755BC4D0553BCC3
:10E19000E31E50BCAFD44CBC332749BC1C1745BC54
:10E1A00046A540BCB9D23BBCAAA036BC7E1031BC4F
:10E1B000C3232BBC37DC24BCC33B1EBC7C4417BC34
:10E1C000A3F80FBCA35A08BC116D00BC5C65F0BB82
:10E1D000C15CDFBB72C6CDBBDBA8BBBBB50AA9BBAC
:10E1E00001F395BB0A6982BBB4E85CBB843934BBDC
:10E1F0009ED40ABB2895C1BAB0B158BA57B930B944
:10E200006C18023AE6EC983AD265F13AA628253B1A
:10E2100088C4513B31737E3B8490953B22DDAB3B00
:10E220007B15C23B872FD83B3221EE3B32F0013CBD
:10E230007FB10C3C724F173C01C5213C270D2C3C93
:10E24000E522363C4801403C67A3493C6A04533C04
:10E25000871F5C3C08F0643C4C716D3CCA9E753C69
:10E2600011747D3C6776823C6502863CF75B893C95
:10E2700024818C3C03708F3CC026923C9AA3943C32
:10E28000E5E4963C0CE9983C91AE9A3C0C349C3CFD
:10E290002F789D3CC6799E3CB6379F3C00B19F3C91
:10E2A000BFE49F3C2CD29F3C9D789F3C84D79E3CF2
:10E2B00073EE9D3C1ABD9C3C46439B3CE580993CDB
:10E2C0000676973CD622953CA287923CDAA48F3CF6
:10E2D0000B7B8C3CE60A893C3A55853CF95A813CDB
:10E2E000673A7A3C363A713C04B8673CB5B65D3C57
:10E2F0006B39533C8843483CABD83C3CB1FC303C88
:10E30000B1B3243CFE01183C22EC0A3CC4EDFA3BBC
:10E310006D4EDF3B9C04C33B141BA63BF99C883B22
:10E320009E2B553BE622183B6370B43A6824DC39D7
:10E330008A790FBACEACC7BAC24824BB3B1A65BBB8
:10E34000931793BBB6B5B3BB5159D4BB01F4F4BB1F
:10E35000A3BB0ABC3EEA1ABC78FE2ABCEDF03ABC6C
:10E3600035BA4ABCE3525ABC90B369BCD4D478BC29
:10E37000AAD783BCDE1D8BBC633992BCA12699BC95
:10E3800007E29FBC1368A6BC4FB5ACBC54C6B2BC78
:10E39000CD97B8BC7826BEBC246FC3BCBA6EC8BCCF
:10E3A0003722CDBCB286D1BC5C99D5BC8357D9BCD1
:10E3B00091BEDCBC0FCCDFBCA57DE2BC1FD1E4BCB0
:10E3C0006AC4E6BC9755E8BCDC82E9BC974AEABC63
:10E3D0004CABEABCA8A3EABC8232EABCDA56E9BC80
:10E3E000DF0FE8BCE85CE6BC7C3DE4BC4EB1E1BCC0
:10E3F00042B8DEBC6752DBBCFF7FD7BC7B41D3BCDD
:10E400007A97CEBCCF82C9BC7C04C4BCB31DBEBC51
:10E41000D9CFB7BC821CB1BC7405AABCA48CA2BC69
:10E420003AB49ABC8B7E92BC1DEE89BCA50581BC1A
:10E430000C906FBCA2705CBC88B348BC915F34BCCC
:10E44000E87B1FBC0B100ABC9747E8BB937EBBBBA5
:10E45000E7D58DBB06BE3EBBA8AFC0BA2C4F1EB7DA
:10E46000D190C03A3835423B0B80923B0C40C43BC4
:10E47000C345F63BF83D143C7D662D3C7C91463C03
:10E48000DBB35F3C5EC2783CD8D8883C303B953CDF
:10E490007682A13CE1A8AD3CA4A8B93CEC7BC53C8C
:10E4A000EA1CD13CCD85DC3CCAB0E73C1D98F23C6F
:10E4B0000B36FD3C72C2033D84BF083D738F0D3D9A
:10E4C000802F123DF89C163D33D51A3D97D51E3D41
:10E4D000999B223DBC24263D976E293DD1762C3D4B
:10E4E000243B2F3D61B9313D6FEF333D48DB353D76
:10E4F000037B373DCCCC383DEECE393DCC7F3A3D29
:10E50000E5DD3A3DD7E73A3D609C3A3D59FA393D61
:10E51000BF00393DAEAE373D6503363D46FE333D67
:10E52000D49E313DBAE42E3DC5CF2B3DE75F283D5B
:10E530003B95243D0070203D9DF01B3DA117173DEC
:10E54000C0E5113DDA5B0C3DF57A063D4044003DE7
:10E550002672F33CDFB5E53CFD56D73C2659C83C56
:10E5600051C0B83CC790A83C22CF973C4C80863C19
:10E570000153693C92A0443CFDF41E3C1EB9F03BA3
:10E580005AC8A13B5465223BD6CFEBB79AEB28BBC8
:10E59000E94CA9BBA951FFBBC2312BBC713057BCA0
:10E5A000CCC981BCB92498BCDD9FAEBCE131C5BCEF
:10E5B00033D1DBBC0C74F2BC398804BD1FCE0FBD57
:10E5C0008C061BBD402C26BDE53931BD162A3CBD4D
:10E5D0005AF746BD2A9C51BDF1125CBD0D5666BD71
:10E5E000D45F70BD8F2A7ABD42D881BDF87586BDD3
:10E5F00087EB8ABD0C368FBDA25293BD663E97BD98
:10E6000077F69ABDF6779EBD07C0A1BDD3CBA4BD5A
:10E610008998A7BD5B23AABD8669ACBD4C68AEBD19
:10E62000FA1CB0BDE584B1BD6E9DB2BD0164B3BD41
:10E6300016D6B3BD32F1B3BDEBB2B3BDE118B3BD75
:10E64000C820B2BD64C8B0BD870DAFBD1AEEACBD69
:10E650001668AABD8979A7BD9420A4BD6E5BA0BD34
:10E6600064289CBDDB8597BD4B7292BD48EC8CBD88
:10E670007CF286BDAB8380BD653D73BD118564BDF5
:10E680007DDC54BD034244BD33B432BDD13120BD25
:10E69000DFB90CBD2697F0BCBDCCC5BCDA1399BC64
:10E6A0008FD854BC1659E7BB56516ABAEE76B43BC4
:10E6B000D2F1463CE3BC9B3C15E7D53C3BFA083D18
:10E6C000C3F0273D26D5473D2DA5683D332F853D19
:10E6D000137F963DC340A83DB372BA3D3713CD3D7D
:10E6E0008620E03DBE98F33DEFBC033EE6E00D3EE4
:10E6F0002A37183E93BE223EEF752D3EFB5B383E17
:10E700006C6F433EEAAE4E3E11195A3E71AC653E07
:10E710009267713EEF487D3E7DA7843E0EBC8A3EE7
:10E720005AE1903E8B16973EC95A9D3E37ADA33EA7
:10E73000F30CAA3E1A79B03EC4F0B63E0673BD3E55
:10E74000F3FEC33E9A93CA3E0A30D13E4DD3D73E24
:10E750006E7CDE3E742AE53E67DCEB3E4C91F23E79
:10E760002848F93E0000003FEC5B033F5AB7063FE4
:10E77000CD110A3FC66A0D3FC9C1103F5916143F5B
:10E78000FB67173F33B61A3F86001E3F7D46213F89
:10E790009E87243F73C3273F86F92A3F65292E3F72
:10E7A0009B52313FBA74343F538F373FF9A13A3F00
:10E7B00041AC3D3FC4AD403F1BA6433FE494463FC0
:10E7C000BC79493F45544C3F25244F3F01E9513F17
:10E7D00084A2543F5B50573F36F2593FC6875C3F97
:10E7E000C4105F3FE88C613FEFFB633F995D663F7C
:10E7F000AAB1683FE8F76A3F1E306D3F1A5A6F3F73
:10E80000AD75713FAE82733FF480753F5C70773FAA
:10E81000C750793F19227B3F39E47C3F12977E3FF6
:10E820004A1D803F59E7803FB1A9813F4F64823F35
:10E830003317833F5DC2833FCF65843F8F01853FA0
:10E84000A295853F1022863FE4A6863F2824873F75
:10E85000EB99873F3B08883F286F883FC5CE883FAC
:10E860002527893F5E78893F86C2893FB7058A3F61
:10E8700009428A3F99778A3F81A68A3FE2CE8A3F42
:10E88000D8F08A3F860C8B3F0D228B3F8E318B3F19
:10E890002F3B8B3F133F8B3F613D8B3F40368B3F80
:10E8A000D7298B3F4E188B3FD0018B3F85E68A3F9F
:10E8B00098C68A3F36A28A3F89798A3FBD4C8A3FF3
:10E8C000001C8A3F7FE7893F67AF893FE673893F36
:10E8D0002A35893F61F3883FB8AE883F6067883F3B
:10E8E000841D883F54D1873FFF82873FB032873FE6
:10E8F00098E0863FE18C863FBB37863F51E1853FFC
:10E90000CF89853F6231853F34D8843F717E843F13
:10E910004224843FD0C9833F456F833FC814833F5F
:10E920007FBA823F9360823F2707823F61AE813F7B
:10E930006356813F52FF803F4DA9803F7654803F10
:10E94000EC00803F9B5D7F3F6FBC7E3F8E1E7E3F15
:10E950002C847D3F7EED7C3FB45A7C3FFECB7B3FD9
:10E9600087417B3F7ABB7A3FFD397A3F37BD793F9C
:10E970004845793F51D2783F6F64783FBCFB773F81
:10E980005198773F423A773FA4E1763F868E763FB3
:10E99000F640763F00F9753FACB6753F027A753F99
:10E9A0000443753FB411753F13E6743F1CC0743FB8
:10E9B000CA9F743F1585743FF46F743F5A60743F6B
:10E9C0003A56743F8351743F2252743F0358743F48
:10E9D0001163743F3373743F5088743F4CA2743F8B
:10E9E00009C1743F6AE4743F4E0C753F9338753F1C
:10E9F0001769753FB49D753F46D6753FA712763FA0
:10EA0000AD52763F3196763F08DD763F0927773F56
:10EA10000874773FD9C3773F5016783F3F6B783FF4
:10EA20007AC2783FD21B793F1977793F21D4793F59
:10EA3000BB327A3FB9927A3FECF37A3F27567B3F5D
:10EA400039B97B3FF71C7C3F31817C3FBAE57C3F85
:10EA5000664A7D3F08AF7D3F74137E3F80777E3FDF
:10EA600000DB7E3FCB3D7F3FB89F7F3F4F00803F25
:10EA70002C30803F5F5F803FD68D803F7FBB803FE3
:10EA800048E8803F2014813FF83E813FBF68813FC6
:10EA90006791813FE1B8813F20DF813F1704823FCA
:10EAA000B827823FFA49823FD16A823F338A823F48
:10EAB00016A8823F72C4823F3FDF823F77F8823FD1
:10EAC0001210833F0B26833F5E3A833F064D833F00
:10EAD000005E833F4A6D833FE17A833FC586833F73
:10EAE000F690833F7499833F3FA0833F5BA5833FAC
:10EAF000CAA8833F8FAA833FADAA833F2AA9833F39
:10EB00000BA6833F56A1833F129B833F4593833FD0
:10EB1000F789833F307F833FFA72833F5E65833F8F
:10EB20006556833F1B46833F8934833FBB21833F28
:10EB3000BD0D833F9AF8823F5FE2823F19CB823F4F
:10EB4000D5B2823FA099823F887F823F9B64823FFB
:10EB5000E648823F772C823F5F0F823FAAF1813FD8
:10EB600067D3813FA6B4813F7495813FE275813FB1
:10EB7000FD55813FD435813F7715813FF4F4803FC7
:10EB800059D4803FB6B3803F1893803F8D72803F49
:10EB90002452803FEB31803FEF11803F7BE47F3F89
:10EBA000C8A57F3FDD677F3FD42A7F3FC6EE7E3F0B
:10EBB000CAB37E3FF7797E3F63417E3F240A7E3FA2
:10EBC0004FD47D3FF89F7D3F316D7D3F0D3C7D3FB4
:10EBD0009D0C7D3FF2DE7C3F1AB37C3F25897C3F54
:10EBE00020617C3F173B7C3F16177C3F28F57B3F1D
:10EBF00056D57B3FA9B77B3F289C7B3FD9827B3F83
:10EC0000C36B7B3FE9567B3F50447B3FF9337B3FEF
:10EC1000E6257B3F171A7B3F8C107B3F44097B3FE7
:10EC20003B047B3F6F017B3FDA007B3F78027B3FF9
:10EC300042067B3F320C7B3F3F147B3F601E7B3F95
:10EC40008B2A7B3FB8387B3FD9487B3FE35A7B3FD9
:10EC5000CA6E7B3F80847B3FF79B7B3F20B57B3F29
:10EC6000EDCF7B3F4DEC7B3F300A7C3F85297C3FDD
:10EC70003B4A7C3F406C7C3F828F7C3FEEB37C3FC5
:10EC800072D97C3FFBFF7C3F74277D3FCB4F7D3F9C
:10EC9000EC787D3FC2A27D3F3ACD7D3F3FF87D3F7E
:10ECA000BE237E3FA14F7E3FD57B7E3F46A87E3F61
:10ECB000DFD47E3F8D017F3F3B2E7F3FD75A7F3F82
:10ECC0004D877F3F8AB37F3F7ADF7F3F8605803F56
:10ECD000161B803F6530803F6A45803F1D5A803F4C
:10ECE000746E803F6982803FF395803F0BA9803F1F
:10ECF000A9BB803FC6CD803F5DDF803F65F0803F90
:10ED0000DA00813FB510813FF11F813F892E813F9D
:10ED1000773C813FB849813F4856813F2162813F1E
:10ED2000416D813FA577813F4B81813F2E8A813F95
:10ED30004E92813FA999813F3EA0813F0BA6813F22
:10ED40000FAB813F4BAF813FBFB2813F6AB5813F7F
:10ED50004EB7813F6CB8813FC5B8813F5AB8813FFB
:10ED60002FB7813F44B5813F9DB2813F3DAF813F89
:10ED700027AB813F5FA6813FE7A0813FC59A813FD6
:10ED8000FD93813F938C813F8B84813FEC7B813F5E
:10ED9000BA72813FFA68813FB25E813FE953813F99
:10EDA000A348813FE83C813FBD30813F2924813F1A
:10EDB0003217813FDE09813F36FC803F3FEE803FC6
:10EDC00000E0803F80D1803FC7C2803FDBB3803FFF
:10EDD000C3A4803F8695803F2B86803FBA76803FD4
:10EDE0003A67803FB057803F2548803F9F38803F3B
:10EDF0002429803FBC19803F6D0A803F7CF67F3F0D
:10EE000069D87F3FAFBA7F3F599D7F3F74807F3F76
:10EE10000B647F3F29487F3FDA2C7F3F27127F3FDB
:10EE20001CF87E3FC2DE7E3F23C67E3F47AE7E3F5C
:10EE300037977E3FFC807E3F9D6B7E3F21577E3F14
:10EE40008F437E3FEF307E3F441F7E3F960E7E3FD6
:10EE5000E8FE7D3F40F07D3FA1E27D3F0FD67D3F44
:10EE60008CCA7D3F1CC07D3FBFB67D3F78AE7D3FE5
:10EE700048A77D3F2FA17D3F2C9C7D3F41987D3F42
:10EE80006B957D3FA9937D3FF9927D3F5A937D3FDE
:10EE9000C8947D3F3F977D3FBE9A7D3F3E9F7D3F1B
:10EEA000BCA47D3F34AB7D3F9FB27D3FF8BA7D3F30
:10EEB00039C47D3F5DCE7D3F5BD97D3F2EE57D3FF3
:10EEC000CEF17D3F33FF7D3F560D7E3F2F1C7E3FB1
:10EED000B52B7E3FE03B7E3FA74C7E3F015E7E3FF1
:10EEE000E66F7E3F4B827E3F28957E3F73A87E3F34
:10EEF00023BC7E3F2ED07E3F8AE47E3F2EF97E3FAC
:10EF00000F0E7F3F25237F3F64387F3FC44D7F3FF7
:10EF10003B637F3FBF787F3F468E7F3FC7A37F3FE6
:10EF200038B97F3F91CE7F3FC8E37F3FD4F87F3F22
:10EF3000D606803F2411803F4F1B803F5425803FE1
:10EF40002E2F803FDA38803F5342803F974B803FDF
:10EF5000A154803F6D5D803FFA65803F436E803FE6
:10EF60004676803F007E803F6E85803F8D8C803F5F
:10EF70005C93803FD899803FFF9F803FCFA5803F23
:10EF800046AB803F64B0803F26B5803F8CB9803F60
:10EF900094BD803F3DC1803F88C4803F73C7803FA0
:10EFA000FEC9803F29CC803FF4CD803F5FCF803FBA
:10EFB0006AD0803F17D1803F65D1803F56D1803FD6
:10EFC000EAD0803F22D0803F01CF803F86CD803F76
:10EFD000B5CB803F8DC9803F13C7803F46C4803F7B
:10EFE0002AC1803FC0BD803F0BBA803F0DB6803F35
:10EFF000C8B1803F40AD803F77A8803F70A3803F7D
:10F000002E9E803FB298803F0293803F1F8D803FAD
:10F010000D87803FCE80803F677A803FDA73803FE4
:10F020002A6D803F5C66803F725F803F6F58803FF3
:10F030005751803F2E4A803FF642803FB33B803F8E
:10F040006834803F192D803FC925803F7A1E803F5C
:10F050003217803FF10F803FBC08803F9601803F10
:10F0600002F57F3F02E77F3F30D97F3F93CB7F3F61
:10F0700030BE7F3F0CB17F3F2DA47F3F97977F3FEE
:10F080004E8B7F3F597F7F3FBB737F3F78687F3FC9
:10F09000945D7F3F13537F3FF9487F3F493F7F3F58
:10F0A00007367F3F342D7F3FD4247F3FEA1C7F3FCC
:10F0B00076157F3F7D0E7F3FFF077F3FFD017F3F3E
:10F0C0007AFC7E3F76F77E3FF2F27E3FEFEE7E3FA8
:10F0D0006DEB7E3F6CE87E3FECE57E3FEDE37E3FEF
:10F0E0006EE27E3F6FE17E3FEEE07E3FEBE07E3FF3
:10F0F00064E17E3F57E27E3FC3E37E3FA6E57E3F6D
:10F10000FEE77E3FC8EA7E3F02EE7E3FA9F17E3FEA
:10F11000BBF57E3F33FA7E3F10FF7E3F4F047F3FBB
:10F12000EA097F3FE00F7F3F2C167F3FCB1C7F3FDC
:10F13000B9237F3FF22A7F3F71327F3F333A7F3FCF
:10F1400034427F3F6F4A7F3FE1527F3F835B7F3F87
:10F1500054647F3F4D6D7F3F6A767F3FA77F7F3F3F
:10F1600000897F3F70927F3FF39B7F3F84A57F3F65
:10F170001FAF7F3FBFB87F3F60C27F3FFECB7F3F67
:10F1800095D57F3F20DF7F3F9CE87F3F04F27F3FA4
:10F1900054FB7F3F4402803FCF06803F490B803FB6
:10F1A000AF0F803F0014803F3A18803F5D1C803FC6
:10F1B0006520803F5224803F2328803FD52B803F0D
:10F1C000692F803FDB32803F2C36803F5A39803FA9
:10F1D000643C803F4A3F803F0A42803FA344803FD7
:10F1E0001647803F6149803F844B803F7E4D803F82
:10F1F0004F4F803FF650803F7452803FC853803F4E
:10F20000F354803FF355803FC956803F7657803F87
:10F21000F957803F5358803F8558803F8D58803F35
:10F220006E58803F2758803FBA57803F2657803F0F
:10F230006C56803F8E55803F8C54803F6853803F92
:10F240002152803FB950803F314F803F8A4D803FEF
:10F25000C54B803FE449803FE747803FD045803F32
:10F260009F43803F5841803FF93E803F863C803F2E
:10F27000FF39803F6637803FBB34803F0132803F9B
:10F28000392F803F652C803F8529803F9B26803F1A
:10F29000A823803FAF20803FB01D803FAD1A803F44
:10F2A000A717803F9F14803F9811803F910E803FA9
:10F2B0008D0B803F8E08803F9305803F9F02803FEB
:10F2C00065FF7F3F9FF97F3FECF37F3F50EE7F3F2D
:10F2D000CCE87F3F63E37F3F17DE7F3FEAD87F3F85
:10F2E000DED37F3FF4CE7F3F2ECA7F3F8FC57F3F67
:10F2F00017C17F3FC8BC7F3FA3B87F3FAAB47F3F01
:10F30000DEB07F3F40AD7F3FD1A97F3F92A67F3FD8
:10F3100083A37F3FA6A07F3FFB9D7F3F829B7F3FD4
:10F320003C997F3F2A977F3F4B957F3FA0937F3F3C
:10F3300028927F3FE4907F3FD48F7F3FF78E7F3FBF
:10F340004D8E7F3FD58D7F3F908D7F3F7C8D7F3F62
:10F35000998D7F3FE68D7F3F628E7F3F0D8F7F3F90
:10F36000E58F7F3FEA907F3F1B927F3F75937F3F02
:10F37000F9947F3FA5967F3F77987F3F6E9A7F3FB6
:10F38000899C7F3FC69E7F3F24A17F3FA2A37F3FF2
:10F390003DA67F3FF4A87F3FC6AB7F3FB1AE7F3F26
:10F3A000B3B17F3FCAB47F3FF5B77F3F32BB7F3FEA
:10F3B00080BE7F3FDDC17F3F46C57F3FBBC87F3FEB
:10F3C00039CC7F3FBECF7F3F4AD37F3FDBD67F3FE5
:10F3D0006EDA7F3F02DE7F3F96E17F3F28E57F3F89
:10F3E000B6E87F3F3EEC7F3FC0EF7F3F3AF37F3F81
:10F3F000AAF67F3F0FFA7F3F67FD7F3F5900803FAE
:10F40000F701803F8C03803F1905803F9D06803FB8
:10F410001708803F8609803FEB0A803F440C803FFD
:10F42000920D803FD30E803F0810803F3011803F07
:10F430004B12803F5813803F5814803F4915803F3E
:10F440002D16803F0117803FC817803F8018803FEE
:10F450002919803FC319803F4E1A803FCB1A803F45
:10F46000381B803F971B803FE71B803F281C803F55
:10F470005B1C803F801C803F961C803F9E1C803F11
:10F48000991C803F861C803F651C803F381C803F54
:10F49000FE1B803FB71B803F641B803F061B803FE5
:10F4A0009C1A803F271A803FA719803F1D19803F73
:10F4B0008A18803FED17803F4717803F9816803F9E
:10F4C000E215803F2415803F5F14803F9313803FF7
:10F4D000C112803FE911803F0C11803F2B10803F0B
:10F4E000450F803F5B0E803F6E0D803F7E0C803F5E
:10F4F0008C0B803F980A803FA309803FAD08803F76
:10F50000B607803FC006803FCA05803FD404803FD5
:10F51000E003803FEE02803FFE01803F1001803F0C
:10F520002500803F7BFE7F3FB3FC7F3FF3FA7F3FA8
:10F530003BF97F3F8DF77F3FE8F57F3F4EF47F3FFC
:10F54000BFF27F3F3BF17F3FC3EF7F3F57EE7F3FEF
:10F55000F9EC7F3FA7EB7F3F63EA7F3F2DE97F3FD9
:10F5600005E87F3FEBE67F3FE0E57F3FE4E47F3F58
:10F57000F7E37F3F1AE37F3F4BE27F3F8CE17F3F22
:10F58000DDE07F3F3CE07F3FACDF7F3F2ADF7F3F16
:10F59000B8DE7F3F55DE7F3F01DE7F3FBDDD7F3F31
:10F5A00087DD7F3F5FDD7F3F46DD7F3F3BDD7F3F88
:10F5B0003EDD7F3F4FDD7F3F6CDD7F3F97DD7F3F4F
:10F5C000CEDD7F3F12DE7F3F61DE7F3FBCDE7F3FCF
:10F5D00022DF7F3F93DF7F3F0DE07F3F92E07F3F61
:10F5E00020E17F3FB7E17F3F56E27F3FFDE27F3F73
:10F5F000ACE37F3F61E47F3F1DE57F3FE0E57F3F78
:10F60000A7E67F3F74E77F3F45E87F3F1AE97F3FEA
:10F61000F3E97F3FCFEA7F3FAEEB7F3F8FEC7F3F49
:10F6200071ED7F3F55EE7F3F39EF7F3F1EF07F3F0B
:10F6300003F17F3FE7F17F3FCAF27F3FACF37F3FAB
:10F640008CF47F3F6AF57F3F46F67F3F1FF77F3F91
:10F65000F4F77F3FC6F87F3F95F97F3F5FFA7F3F22
:10F6600025FB7F3FE6FB7F3FA2FC7F3F59FD7F3FAD
:10F670000BFE7F3FB8FE7F3F5EFF7F3FFFFF7F3F78
:10F680004D00803F9700803FDE00803F2101803F9A
:10F690006201803F9F01803FD901803F0F02803F80
:10F6A0004202803F7202803F9E02803FC702803F3D
:10F6B000ED02803F0F03803F2E03803F4903803FD0
:10F6C0006103803F7603803F8803803F9703803F3C
:10F6D000A203803FAB03803FB003803FB303803F72
:10F6E000B303803FB003803FAB03803FA303803F61
:10F6F0009903803F8C03803F7D03803F6C03803FF4
:10F700005803803F4303803F2C03803F1303803F17
:10F71000F802803FDC02803FBF02803FA002803FB2
:10F720008002803F5E02803F3C02803F1902803FA2
:10F73000F501803FD001803FAA01803F8401803FD6
:10F740005E01803F3701803F1001803FE900803F2C
:10F75000C200803F9B00803F7400803F4D00803F8F
:10F760002600803F0000803F0200000000000101F1
:10F770000100000000000003020100000204080074
:10F7800000000101030600080000000101030A0453
:10F790000000000001010300040800000003020350
:10F7A0000200080000000502030808080000000726
:10F7B000030300000800000007030300000000002E
:10F7C000000F0403020008102000050205020008D3
:10F7D00000200015030516000800200001010500A7
:10F7E00000000000003F06057072657365747300C9
:10F7F000707265736574733A3A6E6F7465000000D9
:10F80000000000009DFFFFFF040000009DFFFFFFC0
:10F81000020000009DFFFFFF070000009DFFFFFFAB
:10F82000040000009DFFFFFF020000009DFFFFFF9E
:10F83000000000009DFFFFFF9DFFFFFF9DFFFFFFFA
:10F8400000000000020000000400000000000000B2
:10F850000000000021240100000000000000000062
:10F86000B11001000000000000000000F91A0100C2
:10F87000B92D0100B52D0100B12D0100AD2D010004
:10F88000A92D0100A52D0100A12D010000000000FF
:10F8900000000000ED0D0100810B0100E50E0100EC
:10F8A000850B01001D0E010000000000000000009B
:10F8B000393B0100653B0100F51A0100353B0100B1
:10F8C000F13A0100FD3A01001D3B0100000000007B
:10F8D00000000000610901008D1401009114010075
:10F8E00099140100A1140100A2000000F9A2000077
:10F8F00083F9A2006E83F9A24E6E83F9444E6E83A3
:10F9000015444E6E2915444EFC29154427FC291533
:10F910005727FC29D15727FCF5D1572734F5D15764
:10F92000DD34F5D1C0DD34F5DBC0DD3462DBC0DDB4
:10F930009562DBC0999562DB3C999562433C999551
:10F9400090433C994190433C3863ED3EDA0F493F88
:10F950005E987B3FDA0FC93F6937AC3168212233AB
:10F96000B40F14336821A23300000042C8801F4046
:10F97000B8821F400800000000000042C4801F4001
:10F98000B4821F400400000000C0004224801F40D9
:10F9900014821F401000000000C0004228801F4059
:10F9A00018821F402000000000C000422C801F4031
:10F9B0001C821F404000000000C0004234801F40F5
:10F9C00024821F40000100000040004264811F406B
:10F9D00054831F40000400000040004280811F400B
:10F9E00070831F4000000200004000427C811F40E5
:10F9F0006C831F40000001000040004268811F40EE
:10FA000058831F4000080000004000423C811F4016
:10FA10002C831F40010000000040004244811F4031
:10FA200034831F40040000000040004240811F401A
:10FA300030831F40020000000040004248811F4008
:10FA400038831F40080000000000004204811F406E
:10FA5000F4821F40000004000000004208811F40A3
:10FA6000F8821F40000008000000004218811F407B
:10FA700008831F40000080000000004214811F40E6
:10FA800004831F40000040000000004200811F402E
:10FA9000F0821F400000020000000042FC801F4076
:10FAA000EC821F40000001000000004224811F4042
:10FAB00014831F40000000040000004228811F4002
:10FAC00018831F4000000008000000421C811F40F6
:10FAD0000C831F40000000010000004220811F40F5
:10FAE00010831F400000000200000042EC801F4015
:10FAF000DC821F400010000000000042F0801F4028
:10FB0000E0821F40002000000000004234811F40BE
:10FB100024831F40000000400000004238811F4045
:10FB200028831F40000000800080004294801F4016
:10FB300084821F400000040000C0004290801F40EB
:10FB400080821F400000008000800042A8801F408B
:10FB500098821F400000800000800042A4801F4067
:10FB600094821F4000004000004000426C811F4012
:10FB70005C831F400010000000C0004230801F4026
:10FB800020821F408000000000400042B0811F40E2
:10FB9000A0831F400000002000400042AC811F40B5
:10FBA0009C831F40000000100040004284811F40E1
:10FBB00074831F40000004000040004288811F4001
:10FBC00078831F4000000800000000422C811F4085
:10FBD0001C831F40000000100000004230811F40C5
:10FBE00020831F4000000020000000420C811F40C5
:10FBF000FC821F40000010000000004210811F40E6
:10FC000000831F400000200000800042C8811F4088
:10FC1000B8831F400080000000800042C4811F4064
:10FC2000B4831F400040000000800042C0811F409C
:10FC3000B0831F400020000000800042BC811F40B4
:10FC4000AC831F400010000000800042D0811F40A4
:10FC5000C0831F400000020000800042CC811F4092
:10FC6000BC831F400000010000C0004274801F40A0
:10FC700064821F400000000100C0004280801F40DD
:10FC800070821F400000000800C0004284801F40B6
:10FC900074821F400000001000C000426C801F40B2
:10FCA0005C821F400000400000C000427C801F407A
:10FCB0006C821F400000000400C0004278801F409A
:10FCC00068821F400000000200C0004288801F4080
:10FCD00078821F40000000200400000007000000A0
:10FCE000090000003F0000002F000000202000005D
:10FCF00020205B005D20206761696E20000000000D
:10FD000020206F637420000020202874617065201B
:10FD100064656C6179206E6F7420706F72746564B5
:10FD20002C2064727929000020204E4F54204C4F23
:10FD3000414445442C2062616E6B206F7264657291
:10FD400020646F6573206E6F74206D61746368202A
:10FD5000507265736574456E67696E6500000000DA
:10FD6000202020637075200025000000000FC93F8F
:10FD7000000F494000CB9640000FC9400053FB40A4
:10FD800000CB164100ED2F41000F49410031624187
:10FD900000537B41003A8A4100CB9641005CA3416D
:10FDA00000EDAF41007EBC41000FC94100A0D5412C
:10FDB0000031E24100C2EE410053FB4100F2034238
:10FDC000003A0A420083104200CB164200141D4242
:10FDD000005C234200A5294200ED2F420036364246
:10FDE000007E3C4200C74242000F4942706C617481
:10FDF0006520646964206E6F7420696E69743A20AE
:10FE000074686520737472696E67207072657365BB
:10FE100074732077696C6C20706C617920647279DE
:10FE200000000000706C75636B0000006D6F646112
:10FE30006C00000076610000666D000074756265FC
:10FE400000000000666F726D616E740077657374F8
:10FE5000636F617374000000737472696E670000F1
:10FE60006861726D6F6E69630000000061646469AF
:10FE70007469766500000000776176657461626C74
:10FE8000650000006775697461727300737472694C
:10FE90006E67730077696E6473000000627261734D
:10FEA000730000006B657973000000006D616C6C7D
:10FEB00065747300766F69636573000073796E749F
:10FEC000680000006E796C6F6E2D677569746172E1
:10FED000000000004E594C4F4E20475549544152A6
:10FEE00000000000737465656C2D6775697461723C
:10FEF00000000000535445454C2047554954415299
:10FF0000000000007477656C76652D737472696EFD
:10FF1000670000005457454C564520535452494EF3
:10FF2000470000006D757465642D656C65637472BF
:10FF3000696300004D5554454420454C4543545297
:10FF400049430000636C65616E2D656C6563747276
:10FF500069630000434C45414E20454C4543545293
:10FF600049430000626173732D67756974617200A3
:10FF700042415353204755495441520062616E6AD1
:10FF80006F00000042414E4A4F00000073697461E7
:10FF9000722D64726F6E6500534954415220445271
:10FFA0004F4E45006B6F746F000000004B4F544F75
:10FFB000000000006861727000000000484152506B
:10FFC00000000000636C6176696E657400000000DB
:10FFD000434C4156494E45540000000076696F6C11
:10FFE000696E000056494F4C494E000076696F6CAF
:10FFF0006100000056494F4C4100000063656C6C85
:02000004600397
:100000006F00000043454C4C4F000000646F756268
:100010006C652D6261737300444F55424C4520421C
:100020004153530070697A7A696361746F2D7374F8
:1000300072696E677300000050495A5A494341542F
:100040004F20535452494E4753000000636F6E6374
:100050006572742D666C757465000000434F4E43E5
:1000600045525420464C55544500000070616E2D99
:10007000666C75746500000050414E20464C555426
:1000800045000000636C6172696E657400000000D9
:10009000434C4152494E4554000000007265636F65
:1000A00072646572000000005245434F524445524D
:1000B000000000006F636172696E61004F4341523E
:1000C000494E41007368616B75686163686900003F
:1000D0005348414B55484143484900007472756D7F
:1000E000706574005452554D5045540074726F6DD4
:1000F000626F6E650000000054524F4D424F4E45F6
:100100000000000062726173732D73656374696F20
:100110006E00000042524153532053454354494F0F
:100120004E000000666D2D686F726E00464D2048CF
:100130004F524E0064782D657069616E6F0000004B
:10014000445820452D5049414E4F0000647261775C
:100150006261722D6F7267616E00000044524157F8
:10016000424152204F5247414E0000006368757271
:1001700063682D6F7267616E00000000434855523E
:100180004348204F5247414E0000000068617270A2
:10019000736963686F726400484152505349434821
:1001A0004F52440063656C657374610043454C4570
:1001B000535441006D757369632D626F78000000C0
:1001C0004D5553494320424F580000006D617269FC
:1001D0006D6261004D4152494D4241007669627243
:1001E0006170686F6E650000564942524150484F39
:1001F0004E450000676C6F636B656E737069656C6C
:1002000000000000474C4F434B454E535049454C6E
:1002100000000000747562756C61722D62656C6C13
:1002200073000000545542554C41522042454C4CFD
:10023000530000006B616C696D6261004B414C4979
:100240004D424100737465656C2D6472756D0000DC
:10025000535445454C204452554D0000776F6F6410
:10026000626C6F636B000000574F4F44424C4F432A
:100270004B00000074696D70616E690054494D5007
:10028000414E490063686F69722D6161680000002A
:1002900043484F495220414148000000766F69634E
:1002A000652D6F6F68000000564F494345204F4F42
:1002B0004800000077686973746C650057484953BB
:1002C000544C4500616E616C6F672D6C6561640014
:1002D000414E414C4F47204C454144006661742DCE
:1002E0007361772D7061640046415420534157205B
:1002F00050414400616369642D62617373000000C2
:100300004143494420424153530000007375622D1C
:100310006261737300000000535542204241535301
:1003200000000000776573742D636F6173742D7026
:100330006C75636B000000005745535420434F41D8
:10034000535420504C55434B000000006D6F7469AE
:100350006F6E2D70616400004D4F54494F4E205018
:1003600041440000666D2D62656C6C2D6C656164A6
:1003700000000000464D2042454C4C204C45414475
:1003800000000000A2000000F9000000830000004F
:100390006E0000004E000000440000001500000048
:1003A00029000000FC0000002700000057000000AA
:1003B000D1000000F500000034000000DD00000066
:1003C000C0000000DB00000062000000950000009B
:1003D000990000003C000000430000009000000075
:1003E00041000000FE00000051000000630000001A
:1003F000AB000000DE000000BB000000C5000000F4
:1004000061000000B7000000240000006E00000042
:100410003A000000420000004D000000D200000041
:10042000E000000006000000490000002E0000006F
:10043000EA00000009000000D10000009200000066
:100440001C000000FE0000001D000000EB0000008A
:100450001C000000B100000029000000A7000000FF
:100460003E000000E80000008200000035000000AF
:10047000F50000002E000000BB000000440000005A
:1004800084000000E90000009C00000070000000F3
:1004900026000000B40000005F0000007E000000A5
:1004A000410000003900000091000000D60000006B
:1004B00039000000830000005300000039000000F4
:1004C000F40000009C000000840000005F000000B9
:1004D0008B000000BD000000F900000028000000B3
:1004E0003B0000001F000000F80000009700000023
:1004F000FF000000DE000000050000009800000082
:100500000F000000EF0000002F00000011000000AD
:100510008B0000005A0000000A0000006D0000007F
:100520001F0000006D000000360000007E0000008B
:10053000CF00000027000000CB00000009000000F1
:10054000B70000004F000000460000003F00000020
:10055000660000009E0000005F000000EA0000004E
:100560002D0000007500000027000000BA00000008
:10057000C7000000EB000000E5000000F1000000F3
:100580007B0000003D000000070000003900000073
:10059000F70000008A0000005200000092000000F6
:1005A000EA0000006B000000FB0000005F0000009C
:1005B000B10000001F0000008D0000005D00000081
:1005C000080000005600000003000000300000009A
:1005D00046000000FC0000007B0000006B000000F3
:1005E000AB000000F0000000CF000000BC000000E5
:1005F000200000009A000000F40000003600000017
:100600001D000000A9000000E300000091000000B0
:10061000610000005E000000E60000001B0000001A
:10062000080000006500000099000000850000003F
:100630005F00000014000000A0000000680000003F
:10064000400000008D000000FF000000D800000006
:10065000800000004D000000730000002700000033
:100660003100000006000000060000001500000038
:1006700056000000CA00000073000000A80000003F
:10068000C900000060000000E20000007B000000E4
:10069000C00000008C0000006B00000000010000A2
:1006A0007C8101201200000000060000242200606E
:1006B0000A000000000200008C210060950000008C
:1006C00000070000F4200060950000000003000017
:1006D000F02000600000000001030904D820006041
:1006E0000000000002030904C020006000000000B8
:1006F000030309049C8101200000000000000000A9
:1007000000000000000000000000000000000000E9
:100710002079052088790520F07905200000000067
:1007200000000000000000000000000000000000C9
:1007300000000000000000000000000000000000B9
:1007400000000000000000000000000000000000A9
:100750000000000000000000000000000000000099
:100760000000000000000000000000000000000089
:100770000000000000000000000000000000000079
:100780000000000000000000000000000000000069
:100790000000000000000000000000000000000059
:1007A0000000000001000000000000000E33CDAB8F
:1007B00034126DE6ECDE05000B00000000000000C6
:1007C0000000000000000000000000000000000029
:1007D0000000000000000000000000000000000019
:1007E0000000000000000000000000000000000009
:1007F00000000000000000000000000000000000F9
:1008000000000000000000000000000000000000E8
:1008100000000000000000000000000000000000D8
:100820000000000000000000000000000029DE07BA
:10083000007B9A17C069012000000000E803000057
:1008400000000000046A012000000000E80300002E
:100850000000000000003F40D022006000000000C7
:100860000000000000000000000000000000000088
:100870000000000000000000000000000000000078
:100880000000000000000000000000000000000068
:100890000000000000000000000000000000000058
:1008A0000000000000000000000000000000000048
:1008B0000000000000000000000000000000000038
:1008C0000000000000000000000000000000000028
:1008D0000000000000000000000000000000000018
:1008E0000000000000000000000000000000000008
:1008F00000000000000000000000000000000000F8
:1009000000000000000000000000000000000000E7
:1009100000000000000000000000000000000000D7
:1009200000000000000000000000000000000000C7
:1009300000000000000000000000000000000000B7
:1009400000000000000000000000000000000000A7
:100950000000000000000000000000000000000097
:100960000000000000000000000000000000000087
:100970000000000000000000000000000000000077
:1009800000000000046A012000000000E8030000ED
:100990000000000000803F40802200600000000056
:1009A0000000000000000000000000000000000047
:1009B0000000000000000000000000000000000037
:1009C0000000000000000000000000000000000027
:1009D0000000000000000000000000000000000017
:1009E0000000000000000000000000000000000007
:1009F00000000000000000000000000000000000F7
:100A000000000000000000000000000000000000E6
:100A100000000000000000000000000000000000D6
:100A200000000000000000000000000000000000C6
:100A300000000000000000000000000000000000B6
:100A400000000000000000000000000000000000A6
:100A50000000000000000000000000000000000096
:100A60000000000000000000000000000000000086
:100A70000000000000000000000000000000000076
:100A80000000000000000000000000000000000066
:100A90000000000000000000000000000000000056
:100AA0000000000000000000000000000000000046
:100AB0000000000000000000000000000000000036
:100AC00000000000046A012000000000E8030000AC
:100AD0000000000000C03F40302200600000000025
:100AE0000000000000000000000000000000000006
:100AF00000000000000000000000000000000000F6
:100B000000000000000000000000000000000000E5
:100B100000000000000000000000000000000000D5
:100B200000000000000000000000000000000000C5
:100B300000000000000000000000000000000000B5
:100B400000000000000000000000000000000000A5
:100B50000000000000000000000000000000000095
:100B60000000000000000000000000000000000085
:100B70000000000000000000000000000000000075
:100B80000000000000000000000000000000000065
:100B90000000000000000000000000000000000055
:100BA0000000000000000000000000000000000045
:100BB0000000000000000000000000000000000035
:100BC0000000000000000000000000000000000025
:100BD0000000000000000000000000000000000015
:100BE0000000000000000000000000000000000005
:100BF00000000000000000000000000000000000F5
:100C000000000000FFFFFFFFE4780520005B2020CC
:100C1000000000000000000000000000687D0120CE
:100C2000687D0120707D0120707D0120787D01208C
:100C3000787D0120807D0120807D0120887D01203C
:100C4000887D0120907D0120907D0120987D0120EC
:100C5000987D0120A07D0120A07D0120A87D01209C
:100C6000A87D0120B07D0120B07D0120B87D01204C
:100C7000B87D0120C07D0120C07D0120C87D0120FC
:100C8000C87D0120D07D0120D07D0120D87D0120AC
:100C9000D87D0120E07D0120E07D0120E87D01205C
:100CA000E87D0120F07D0120F07D0120F87D01200C
:100CB000F87D0120007E0120007E0120087E0120B9
:100CC000087E0120107E0120107E0120187E012068
:100CD000187E0120207E0120207E0120287E012018
:100CE000287E0120307E0120307E0120387E0120C8
:100CF000387E0120407E0120407E0120487E012078
:100D0000487E0120507E0120507E0120587E012027
:100D1000587E0120607E0120607E0120687E0120D7
:100D2000687E0120707E0120707E0120787E012087
:100D3000787E0120807E0120807E0120887E012037
:100D4000887E0120907E0120907E0120987E0120E7
:100D5000987E0120A07E0120A07E0120A87E012097
:100D6000A87E0120B07E0120B07E0120B87E012047
:100D7000B87E0120C07E0120C07E0120C87E0120F7
:100D8000C87E0120D07E0120D07E0120D87E0120A7
:100D9000D87E0120E07E0120E07E0120E87E012057
:100DA000E87E0120F07E0120F07E0120F87E012007
:100DB000F87E0120007F0120007F0120087F0120B4
:100DC000087F0120107F0120107F0120187F012063
:100DD000187F0120207F0120207F0120287F012013
:100DE000287F0120307F0120307F0120387F0120C3
:100DF000387F0120407F0120407F0120487F012073
:100E0000487F0120507F0120507F0120587F012022
:100E1000587F0120607F0120607F0120687F0120D2
:100E2000687F0120707F0120707F0120787F012082
:100E3000787F0120807F0120807F0120887F012032
:100E4000887F0120907F0120907F0120987F0120E2
:100E5000987F0120A07F0120A07F0120A87F012092
:100E6000A87F0120B07F0120B07F0120B87F012042
:100E7000B87F0120C07F0120C07F0120C87F0120F2
:100E8000C87F0120D07F0120D07F0120D87F0120A2
:100E9000D87F0120E07F0120E07F0120E87F012052
:100EA000E87F0120F07F0120F07F0120F87F012002
:100EB000F87F0120008001200080012008800120AF
:100EC000088001201080012010800120188001205E
:100ED000188001202080012020800120288001200E
:100EE00028800120308001203080012038800120BE
:100EF000388001204080012040800120488001206E
:100F0000488001205080012050800120588001201D
:100F100058800120608001206080012068800120CD
:100F2000688001207080012070800120788001207D
:100F3000788001208080012080800120888001202D
:100F400088800120908001209080012098800120DD
:100F500098800120A0800120A0800120A88001208D
:100F6000A8800120B0800120B0800120B88001203D
:100F7000B8800120C0800120C0800120C8800120ED
:100F8000C8800120D0800120D0800120D88001209D
:100F9000D8800120E0800120E0800120E88001204D
:100FA000E8800120F0800120F0800120F8800120FD
:100FB000F8800120008101200081012008810120AA
:100FC0000881012010810120108101201881012059
:100FD0001881012020810120208101202881012009
:100FE00028810120308101203081012038810120B9
:100FF0003881012040810120408101204881012069
:101000004881012050810120508101205881012018
:10101000588101206081012060810120FFFFFFFFD6
:10102000000002006078012012010002EF0201407E
:10103000C016890480020102030100000000803F05
:101040006042A20D000000400C0300000000000000
:101050000000000000000000000000000000000090
:101060000000000000000000000000000000000080
:101070000000000000000000000000000000000070
:101080000000000000000000000000000000000060
:101090000000000000000000000000000000000050
:1010A0000000000000000000000000000000000040
:1010B0000000000000000000000000000000000030
:1010C0000000000000000000000000000000000020
:1010D0000000000000000000000000000000000010
:1010E0000000000000000000000000000000000000
:1010F00000000000000000000000000000000000F0
:1011000000000000000000000000000000000000DF
:1011100000000000000000000000000000000000CF
:1011200000000000000000000000000000000000BF
:1011300000000000000000000000000000000000AF
:10114000000000000000000000000000000000009F
:10115000000000000000000000000000000000008F
:10116000000000000000000000000000000000007F
:10117000000000000000000000000000000000006F
:10118000000000000000000000000000000000005F
:10119000000000000000000000000000000000004F
:1011A000000000000000000000000000000000003F
:1011B000000000000000000000000000000000002F
:1011C000000000000000000000000000000000001F
:1011D000000000000000000000000000000000000F
:1011E00000000000000000000000000000000000FF
:1011F00000000000000000000000000000000000EF
:1012000000000000000000000000000000000000DE
:1012100000000000000000000000000000000000CE
:1012200000000000000000000000000000000000BE
:1012300000000000000000000000000000000000AE
:10124000000000000000000000000000000000009E
:10125000000000000000000000000000000000008E
:10126000000000000000000000000000000000007E
:10127000000000000000000000000000000000006E
:10128000000000000000000000000000000000005E
:10129000000000000000000000000000000000004E
:1012A000000000000000000000000000000000003E
:1012B000000000000000000000000000000000002E
:1012C000000000000000000000000000000000001E
:1012D000000000000000000000000000000000000E
:1012E00000000000000000000000000000000000FE
:1012F00000000000000000000000000000000000EE
:1013000000000000000000000000000000000000DD
:1013100000000000000000000000000000000000CD
:1013200000000000000000000000000000000000BD
:1013300000000000000000000000000000000000AD
:10134000000000000000000000000000000000009D
:10135000000000000000000000000000000000008D
:10136000000000000000000000000000000000007D
:10137000000000000000000000000000000000006D
:10138000000000000000000000000000000000005D
:10139000000000000000000000000000000000004D
:1013A000000000000000000000000000000000003D
:1013B000000000000000000000000000000000002D
:1013C000000000000000000000000000000000001D
:1013D000000000000000000000000000000000000D
:1013E00000000000000000000000000000000000FD
:1013F00000000000000000000000000000000000ED
:1014000000000000000000000000000000000000DC
:1014100000000000000000000000000000000000CC
:1014200000000000000000000000000000000000BC
:1014300000000000000000000000000000000000AC
:10144000000000000000000000000000000000009C
:10145000000000000000000000000000000000008C
:10146000000000000000000000000000000000007C
:10147000000000000000000000000000000000006C
:10148000000000000000000000000000000000005C
:10149000000000000000000000000000000000004C
:1014A000000000000000000000000000000000003C
:1014B000000000000000000000000000000000002C
:1014C000000000000000000000000000000000001C
:1014D000000000000000000000000000000000000C
:1014E00000000000000000000000000000000000FC
:1014F00000000000000000000000000000000000EC
:1015000000000000000000000000000000000000DB
:1015100000000000000000000000000000000000CB
:1015200000000000000000000000000000000000BB
:1015300000000000000000000000000000000000AB
:10154000000000000000000000000000000000009B
:10155000000000000000000000000000000000008B
:0C1560000000000000000000000000007F
:10156C00FFFFFFFFFFFFFFFFFFFFFFFFFFFFFFFF7F
:10157C00FFFFFFFFFFFFFFFFFFFFFFFFFFFFFFFF6F
:10158C00FFFFFFFFFFFFFFFFFFFFFFFFFFFFFFFF5F
:10159C00FFFFFFFFFFFFFFFFFFFFFFFFFFFFFFFF4F
:1015AC00FFFFFFFFFFFFFFFFFFFFFFFFFFFFFFFF3F
:1015BC00FFFFFFFFFFFFFFFFFFFFFFFFFFFFFFFF2F
:1015CC00FFFFFFFFFFFFFFFFFFFFFFFFFFFFFFFF1F
:1015DC00FFFFFFFFFFFFFFFFFFFFFFFFFFFFFFFF0F
:1015EC00FFFFFFFFFFFFFFFFFFFFFFFFFFFFFFFFFF
:1015FC00FFFFFFFFFFFFFFFFFFFFFFFFFFFFFFFFEF
:10160C00FFFFFFFFFFFFFFFFFFFFFFFFFFFFFFFFDE
:10161C00FFFFFFFFFFFFFFFFFFFFFFFFFFFFFFFFCE
:10162C00FFFFFFFFFFFFFFFFFFFFFFFFFFFFFFFFBE
:10163C00FFFFFFFFFFFFFFFFFFFFFFFFFFFFFFFFAE
:10164C00FFFFFFFFFFFFFFFFFFFFFFFFFFFFFFFF9E
:10165C00FFFFFFFFFFFFFFFFFFFFFFFFFFFFFFFF8E
:10166C00FFFFFFFFFFFFFFFFFFFFFFFFFFFFFFFF7E
:10167C00FFFFFFFFFFFFFFFFFFFFFFFFFFFFFFFF6E
:10168C00FFFFFFFFFFFFFFFFFFFFFFFFFFFFFFFF5E
:10169C00FFFFFFFFFFFFFFFFFFFFFFFFFFFFFFFF4E
:1016AC00FFFFFFFFFFFFFFFFFFFFFFFFFFFFFFFF3E
:1016BC00FFFFFFFFFFFFFFFFFFFFFFFFFFFFFFFF2E
:1016CC00FFFFFFFFFFFFFFFFFFFFFFFFFFFFFFFF1E
:1016DC00FFFFFFFFFFFFFFFFFFFFFFFFFFFFFFFF0E
:1016EC00FFFFFFFFFFFFFFFFFFFFFFFFFFFFFFFFFE
:1016FC00FFFFFFFFFFFFFFFFFFFFFFFFFFFFFFFFEE
:10170C00FFFFFFFFFFFFFFFFFFFFFFFFFFFFFFFFDD
:10171C00FFFFFFFFFFFFFFFFFFFFFFFFFFFFFFFFCD
:10172C00FFFFFFFFFFFFFFFFFFFFFFFFFFFFFFFFBD
:10173C00FFFFFFFFFFFFFFFFFFFFFFFFFFFFFFFFAD
:10174C00FFFFFFFFFFFFFFFFFFFFFFFFFFFFFFFF9D
:10175C00FFFFFFFFFFFFFFFFFFFFFFFFFFFFFFFF8D
:10176C00FFFFFFFFFFFFFFFFFFFFFFFFFFFFFFFF7D
:10177C00FFFFFFFFFFFFFFFFFFFFFFFFFFFFFFFF6D
:10178C00FFFFFFFFFFFFFFFFFFFFFFFFFFFFFFFF5D
:10179C00FFFFFFFFFFFFFFFFFFFFFFFFFFFFFFFF4D
:1017AC00FFFFFFFFFFFFFFFFFFFFFFFFFFFFFFFF3D
:1017BC00FFFFFFFFFFFFFFFFFFFFFFFFFFFFFFFF2D
:1017CC00FFFFFFFFFFFFFFFFFFFFFFFFFFFFFFFF1D
:1017DC00FFFFFFFFFFFFFFFFFFFFFFFFFFFFFFFF0D
:1017EC00FFFFFFFFFFFFFFFFFFFFFFFFFFFFFFFFFD
:1017FC00FFFFFFFF000000000000000000000000E1
:10180C0000000000000000000000000000000000CC
:10181C0000000000000000000000000000000000BC
:10182C0000000000000000000000000000000000AC
:10183C00000000000000000000000000000000009C
:10184C00000000000000000000000000000000008C
:10185C00000000000000000000000000000000007C
:10186C00000000000000000000000000000000006C
:10187C00000000000000000000000000000000005C
:10188C00000000000000000000000000000000004C
:10189C00000000000000000000000000000000003C
:1018AC00000000000000000000000000000000002C
:1018BC00000000000000000000000000000000001C
:1018CC00000000000000000000000000000000000C
:1018DC0000000000000000000000000000000000FC
:1018EC0000000000000000000000000000000000EC
:1018FC0000000000000000000000000000000000DC
:10190C0000000000000000000000000000000000CB
:10191C0000000000000000000000000000000000BB
:10192C0000000000000000000000000000000000AB
:10193C00000000000000000000000000000000009B
:10194C00000000000000000000000000000000008B
:10195C00000000000000000000000000000000007B
:10196C00000000000000000000000000000000006B
:10197C00000000000000000000000000000000005B
:10198C00000000000000000000000000000000004B
:10199C00000000000000000000000000000000003B
:1019AC00000000000000000000000000000000002B
:1019BC00000000000000000000000000000000001B
:1019CC00000000000000000000000000000000000B
:1019DC0000000000000000000000000000000000FB
:1019EC0000000000000000000000000000000000EB
:1019FC0000000000000000000000000000000000DB
:101A0C0000000000000000000000000000000000CA
:101A1C0000000000000000000000000000000000BA
:101A2C0000000000000000000000000000000000AA
:101A3C00000000000000000000000000000000009A
:101A4C00000000000000000000000000000000008A
:101A5C00000000000000000000000000000000007A
:101A6C00000000000000000000000000000000006A
:101A7C00000000000000000000000000000000005A
:101A8C00000000000000000000000000000000004A
:101A9C00000000000000000000000000000000003A
:101AAC00000000000000000000000000000000002A
:101ABC00000000000000000000000000000000001A
:101ACC00000000000000000000000000000000000A
:101ADC0000000000000000000000000000000000FA
:101AEC0000000000000000000000000000000000EA
:101AFC0000000000000000000000000000000000DA
:101B0C0000000000000000000000000000000000C9
:101B1C0000000000000000000000000000000000B9
:101B2C0000000000000000000000000000000000A9
:101B3C000000000000000000000000000000000099
:101B4C000000000000000000000000000000000089
:101B5C000000000000000000000000000000000079
:101B6C000000000000000000000000000000000069
:101B7C000000000000000000000000000000000059
:101B8C000000000000000000000000000000000049
:101B9C000000000000000000000000000000000039
:101BAC000000000000000000000000000000000029
:101BBC000000000000000000000000000000000019
:101BCC000000000000000000000000000000000009
:101BDC0000000000000000000000000000000000F9
:101BEC0000000000000000000000000000000000E9
:101BFC0000000000000000000000000000000000D9
:101C0C0000000000000000000000000000000000C8
:101C1C0000000000000000000000000000000000B8
:101C2C0000000000000000000000000000000000A8
:101C3C000000000000000000000000000000000098
:101C4C000000000000000000000000000000000088
:101C5C000000000000000000000000000000000078
:101C6C000000000000000000000000000000000068
:101C7C000000000000000000000000000000000058
:101C8C000000000000000000000000000000000048
:101C9C000000000000000000000000000000000038
:101CAC000000000000000000000000000000000028
:101CBC000000000000000000000000000000000018
:101CCC000000000000000000000000000000000008
:101CDC0000000000000000000000000000000000F8
:101CEC0000000000000000000000000000000000E8
:101CFC0000000000000000000000000000000000D8
:101D0C0000000000000000000000000000000000C7
:101D1C0000000000000000000000000000000000B7
:101D2C0000000000000000000000000000000000A7
:101D3C000000000000000000000000000000000097
:101D4C000000000000000000000000000000000087
:101D5C000000000000000000000000000000000077
:101D6C000000000000000000000000000000000067
:101D7C000000000000000000000000000000000057
:101D8C000000000000000000000000000000000047
:101D9C000000000000000000000000000000000037
:101DAC000000000000000000000000000000000027
:101DBC000000000000000000000000000000000017
:101DCC000000000000000000000000000000000007
:101DDC0000000000000000000000000000000000F7
:101DEC0000000000000000000000000000000000E7
:101DFC0000000000000000000000000000000000D7
:101E0C0000000000000000000000000000000000C6
:101E1C0000000000000000000000000000000000B6
:101E2C0000000000000000000000000000000000A6
:101E3C000000000000000000000000000000000096
:101E4C000000000000000000000000000000000086
:101E5C000000000000000000000000000000000076
:101E6C000000000000000000000000000000000066
:101E7C000000000000000000000000000000000056
:101E8C000000000000000000000000000000000046
:101E9C000000000000000000000000000000000036
:101EAC000000000000000000000000000000000026
:101EBC000000000000000000000000000000000016
:101ECC000000000000000000000000000000000006
:101EDC0000000000000000000000000000000000F6
:101EEC0000000000000000000000000000000000E6
:101EFC0000000000000000000000000000000000D6
:101F0C0000000000000000000000000000000000C5
:101F1C0000000000000000000000000000000000B5
:101F2C0000000000000000000000000000000000A5
:101F3C000000000000000000000000000000000095
:101F4C000000000000000000000000000000000085
:101F5C000000000000000000000000000000000075
:101F6C000000000000000000000000000000000065
:101F7C000000000000000000000000000000000055
:101F8C000000000000000000000000000000000045
:101F9C000000000000000000000000000000000035
:101FAC000000000000000000000000000000000025
:101FBC000000000000000000000000000000000015
:101FCC000000000000000000000000000000000005
:101FDC0000000000000000000000000000000000F5
:101FEC0000000000000000000000000000000000E5
:101FFC0000000000000000000000000000000000D5
:10200C0000000000000000000000000000000000C4
:10201C0000000000000000000000000000000000B4
:10202C0000000000000000000000000000000000A4
:10203C000000000000000000000000000000000094
:10204C000000000000000000000000000000000084
:10205C000000000000000000000000000000000074
:10206C000000000000000000000000000000000064
:10207C000000000000000000000000000000000054
:10208C000000000000000000000000000000000044
:10209C000000000000000000000000000000000034
:1020AC000000000000000000000000000000000024
:1020BC000000000000000000000000000000000014
:1020CC000000000000000000000000000000000004
:1020DC0000000000000000000000000000000000F4
:1020EC0000000000000000000000000000000000E4
:1020FC0000000000000000000000000000000000D4
:10210C0000000000000000000000000000000000C3
:10211C0000000000000000000000000000000000B3
:10212C0000000000000000000000000000000000A3
:10213C000000000000000000000000000000000093
:10214C000000000000000000000000000000000083
:10215C000000000000000000000000000000000073
:10216C000000000000000000000000000000000063
:10217C000000000000000000000000000000000053
:10218C000000000000000000000000000000000043
:10219C000000000000000000000000000000000033
:1021AC000000000000000000000000000000000023
:1021BC000000000000000000000000000000000013
:1021CC000000000000000000000000000000000003
:1021DC0000000000000000000000000000000000F3
:1021EC0000000000000000000000000000000000E3
:1021FC0000000000000000000000000000000000D3
:10220C0000000000000000000000000000000000C2
:10221C0000000000000000000000000000000000B2
:10222C0000000000000000000000000000000000A2
:10223C000000000000000000000000000000000092
:10224C000000000000000000000000000000000082
:10225C000000000000000000000000000000000072
:10226C000000000000000000000000000000000062
:10227C000000000000000000000000000000000052
:10228C000000000000000000000000000000000042
:10229C000000000000000000000000000000000032
:1022AC000000000000000000000000000000000022
:1022BC000000000000000000000000000000000012
:1022CC000000000000000000000000000000000002
:1022DC0000000000000000000000000000000000F2
:1022EC0000000000000000000000000000000000E2
:1022FC0000000000000000000000000000000000D2
:10230C0000000000000000000000000000000000C1
:10231C0000000000000000000000000000000000B1
:10232C0000000000000000000000000000000000A1
:10233C000000000000000000000000000000000091
:10234C000000000000000000000000000000000081
:10235C000000000000000000000000000000000071
:10236C000000000000000000000000000000000061
:10237C000000000000000000000000000000000051
:10238C000000000000000000000000000000000041
:10239C000000000000000000000000000000000031
:1023AC000000000000000000000000000000000021
:1023BC000000000000000000000000000000000011
:1023CC000000000000000000000000000000000001
:1023DC0000000000000000000000000000000000F1
:1023EC0000000000000000000000000000000000E1
:0423FC0000000000DD
:040000056000100087
:00000001FF
