:0200000460009A
:100000004643464200000156000000000103030081
:1000100000000000000000000000000000000000E0
:1000200000000000000000000000000000000000D0
:1000300000000000000000000000000000000000C0
:1000400000000000010408000000000000000000A3
:100050000000200000000000000000000000000080
:100060000000000000000000000000000000000090
:100070000000000000000000000000000000000080
:10008000EB04180A063204260000000000000000FD
:10009000050404240000000000000000000000002F
:1000A0000000000000000000000000000000000050
:1000B0000604000000000000000000000000000036
:1000C0000000000000000000000000000000000030
:1000D00020041808000000000000000000000000DC
:1000E0000000000000000000000000000000000010
:1000F0000000000000000000000000000000000000
:10010000D8041808000000000000000000000000F3
:100110000204180804200000000000000000000095
:1001200000000000000000000000000000000000CF
:10013000600400000000000000000000000000005B
:1001400000000000000000000000000000000000AF
:10015000000000000000000000000000000000009F
:10016000000000000000000000000000000000008F
:10017000000000000000000000000000000000007F
:10018000000000000000000000000000000000006F
:10019000000000000000000000000000000000005F
:1001A000000000000000000000000000000000004F
:1001B000000000000000000000000000000000003F
:1001C000000100000010000001000000000000001D
:1001D000000001000000000000000000000000001E
:1001E000000000000000000000000000000000000F
:1001F00000000000000000000000000000000000FF
:10020000FFFFFFFFFFFFFFFFFFFFFFFFFFFFFFFFFE
:10021000FFFFFFFFFFFFFFFFFFFFFFFFFFFFFFFFEE
:10022000FFFFFFFFFFFFFFFFFFFFFFFFFFFFFFFFDE
:10023000FFFFFFFFFFFFFFFFFFFFFFFFFFFFFFFFCE
:10024000FFFFFFFFFFFFFFFFFFFFFFFFFFFFFFFFBE
:10025000FFFFFFFFFFFFFFFFFFFFFFFFFFFFFFFFAE
:10026000FFFFFFFFFFFFFFFFFFFFFFFFFFFFFFFF9E
:10027000FFFFFFFFFFFFFFFFFFFFFFFFFFFFFFFF8E
:10028000FFFFFFFFFFFFFFFFFFFFFFFFFFFFFFFF7E
:10029000FFFFFFFFFFFFFFFFFFFFFFFFFFFFFFFF6E
:1002A000FFFFFFFFFFFFFFFFFFFFFFFFFFFFFFFF5E
:1002B000FFFFFFFFFFFFFFFFFFFFFFFFFFFFFFFF4E
:1002C000FFFFFFFFFFFFFFFFFFFFFFFFFFFFFFFF3E
:1002D000FFFFFFFFFFFFFFFFFFFFFFFFFFFFFFFF2E
:1002E000FFFFFFFFFFFFFFFFFFFFFFFFFFFFFFFF1E
:1002F000FFFFFFFFFFFFFFFFFFFFFFFFFFFFFFFF0E
:10030000FFFFFFFFFFFFFFFFFFFFFFFFFFFFFFFFFD
:10031000FFFFFFFFFFFFFFFFFFFFFFFFFFFFFFFFED
:10032000FFFFFFFFFFFFFFFFFFFFFFFFFFFFFFFFDD
:10033000FFFFFFFFFFFFFFFFFFFFFFFFFFFFFFFFCD
:10034000FFFFFFFFFFFFFFFFFFFFFFFFFFFFFFFFBD
:10035000FFFFFFFFFFFFFFFFFFFFFFFFFFFFFFFFAD
:10036000FFFFFFFFFFFFFFFFFFFFFFFFFFFFFFFF9D
:10037000FFFFFFFFFFFFFFFFFFFFFFFFFFFFFFFF8D
:10038000FFFFFFFFFFFFFFFFFFFFFFFFFFFFFFFF7D
:10039000FFFFFFFFFFFFFFFFFFFFFFFFFFFFFFFF6D
:1003A000FFFFFFFFFFFFFFFFFFFFFFFFFFFFFFFF5D
:1003B000FFFFFFFFFFFFFFFFFFFFFFFFFFFFFFFF4D
:1003C000FFFFFFFFFFFFFFFFFFFFFFFFFFFFFFFF3D
:1003D000FFFFFFFFFFFFFFFFFFFFFFFFFFFFFFFF2D
:1003E000FFFFFFFFFFFFFFFFFFFFFFFFFFFFFFFF1D
:1003F000FFFFFFFFFFFFFFFFFFFFFFFFFFFFFFFF0D
:10040000FFFFFFFFFFFFFFFFFFFFFFFFFFFFFFFFFC
:10041000FFFFFFFFFFFFFFFFFFFFFFFFFFFFFFFFEC
:10042000FFFFFFFFFFFFFFFFFFFFFFFFFFFFFFFFDC
:10043000FFFFFFFFFFFFFFFFFFFFFFFFFFFFFFFFCC
:10044000FFFFFFFFFFFFFFFFFFFFFFFFFFFFFFFFBC
:10045000FFFFFFFFFFFFFFFFFFFFFFFFFFFFFFFFAC
:10046000FFFFFFFFFFFFFFFFFFFFFFFFFFFFFFFF9C
:10047000FFFFFFFFFFFFFFFFFFFFFFFFFFFFFFFF8C
:10048000FFFFFFFFFFFFFFFFFFFFFFFFFFFFFFFF7C
:10049000FFFFFFFFFFFFFFFFFFFFFFFFFFFFFFFF6C
:1004A000FFFFFFFFFFFFFFFFFFFFFFFFFFFFFFFF5C
:1004B000FFFFFFFFFFFFFFFFFFFFFFFFFFFFFFFF4C
:1004C000FFFFFFFFFFFFFFFFFFFFFFFFFFFFFFFF3C
:1004D000FFFFFFFFFFFFFFFFFFFFFFFFFFFFFFFF2C
:1004E000FFFFFFFFFFFFFFFFFFFFFFFFFFFFFFFF1C
:1004F000FFFFFFFFFFFFFFFFFFFFFFFFFFFFFFFF0C
:10050000FFFFFFFFFFFFFFFFFFFFFFFFFFFFFFFFFB
:10051000FFFFFFFFFFFFFFFFFFFFFFFFFFFFFFFFEB
:10052000FFFFFFFFFFFFFFFFFFFFFFFFFFFFFFFFDB
:10053000FFFFFFFFFFFFFFFFFFFFFFFFFFFFFFFFCB
:10054000FFFFFFFFFFFFFFFFFFFFFFFFFFFFFFFFBB
:10055000FFFFFFFFFFFFFFFFFFFFFFFFFFFFFFFFAB
:10056000FFFFFFFFFFFFFFFFFFFFFFFFFFFFFFFF9B
:10057000FFFFFFFFFFFFFFFFFFFFFFFFFFFFFFFF8B
:10058000FFFFFFFFFFFFFFFFFFFFFFFFFFFFFFFF7B
:10059000FFFFFFFFFFFFFFFFFFFFFFFFFFFFFFFF6B
:1005A000FFFFFFFFFFFFFFFFFFFFFFFFFFFFFFFF5B
:1005B000FFFFFFFFFFFFFFFFFFFFFFFFFFFFFFFF4B
:1005C000FFFFFFFFFFFFFFFFFFFFFFFFFFFFFFFF3B
:1005D000FFFFFFFFFFFFFFFFFFFFFFFFFFFFFFFF2B
:1005E000FFFFFFFFFFFFFFFFFFFFFFFFFFFFFFFF1B
:1005F000FFFFFFFFFFFFFFFFFFFFFFFFFFFFFFFF0B
:10060000FFFFFFFFFFFFFFFFFFFFFFFFFFFFFFFFFA
:10061000FFFFFFFFFFFFFFFFFFFFFFFFFFFFFFFFEA
:10062000FFFFFFFFFFFFFFFFFFFFFFFFFFFFFFFFDA
:10063000FFFFFFFFFFFFFFFFFFFFFFFFFFFFFFFFCA
:10064000FFFFFFFFFFFFFFFFFFFFFFFFFFFFFFFFBA
:10065000FFFFFFFFFFFFFFFFFFFFFFFFFFFFFFFFAA
:10066000FFFFFFFFFFFFFFFFFFFFFFFFFFFFFFFF9A
:10067000FFFFFFFFFFFFFFFFFFFFFFFFFFFFFFFF8A
:10068000FFFFFFFFFFFFFFFFFFFFFFFFFFFFFFFF7A
:10069000FFFFFFFFFFFFFFFFFFFFFFFFFFFFFFFF6A
:1006A000FFFFFFFFFFFFFFFFFFFFFFFFFFFFFFFF5A
:1006B000FFFFFFFFFFFFFFFFFFFFFFFFFFFFFFFF4A
:1006C000FFFFFFFFFFFFFFFFFFFFFFFFFFFFFFFF3A
:1006D000FFFFFFFFFFFFFFFFFFFFFFFFFFFFFFFF2A
:1006E000FFFFFFFFFFFFFFFFFFFFFFFFFFFFFFFF1A
:1006F000FFFFFFFFFFFFFFFFFFFFFFFFFFFFFFFF0A
:10070000FFFFFFFFFFFFFFFFFFFFFFFFFFFFFFFFF9
:10071000FFFFFFFFFFFFFFFFFFFFFFFFFFFFFFFFE9
:10072000FFFFFFFFFFFFFFFFFFFFFFFFFFFFFFFFD9
:10073000FFFFFFFFFFFFFFFFFFFFFFFFFFFFFFFFC9
:10074000FFFFFFFFFFFFFFFFFFFFFFFFFFFFFFFFB9
:10075000FFFFFFFFFFFFFFFFFFFFFFFFFFFFFFFFA9
:10076000FFFFFFFFFFFFFFFFFFFFFFFFFFFFFFFF99
:10077000FFFFFFFFFFFFFFFFFFFFFFFFFFFFFFFF89
:10078000FFFFFFFFFFFFFFFFFFFFFFFFFFFFFFFF79
:10079000FFFFFFFFFFFFFFFFFFFFFFFFFFFFFFFF69
:1007A000FFFFFFFFFFFFFFFFFFFFFFFFFFFFFFFF59
:1007B000FFFFFFFFFFFFFFFFFFFFFFFFFFFFFFFF49
:1007C000FFFFFFFFFFFFFFFFFFFFFFFFFFFFFFFF39
:1007D000FFFFFFFFFFFFFFFFFFFFFFFFFFFFFFFF29
:1007E000FFFFFFFFFFFFFFFFFFFFFFFFFFFFFFFF19
:1007F000FFFFFFFFFFFFFFFFFFFFFFFFFFFFFFFF09
:10080000FFFFFFFFFFFFFFFFFFFFFFFFFFFFFFFFF8
:10081000FFFFFFFFFFFFFFFFFFFFFFFFFFFFFFFFE8
:10082000FFFFFFFFFFFFFFFFFFFFFFFFFFFFFFFFD8
:10083000FFFFFFFFFFFFFFFFFFFFFFFFFFFFFFFFC8
:10084000FFFFFFFFFFFFFFFFFFFFFFFFFFFFFFFFB8
:10085000FFFFFFFFFFFFFFFFFFFFFFFFFFFFFFFFA8
:10086000FFFFFFFFFFFFFFFFFFFFFFFFFFFFFFFF98
:10087000FFFFFFFFFFFFFFFFFFFFFFFFFFFFFFFF88
:10088000FFFFFFFFFFFFFFFFFFFFFFFFFFFFFFFF78
:10089000FFFFFFFFFFFFFFFFFFFFFFFFFFFFFFFF68
:1008A000FFFFFFFFFFFFFFFFFFFFFFFFFFFFFFFF58
:1008B000FFFFFFFFFFFFFFFFFFFFFFFFFFFFFFFF48
:1008C000FFFFFFFFFFFFFFFFFFFFFFFFFFFFFFFF38
:1008D000FFFFFFFFFFFFFFFFFFFFFFFFFFFFFFFF28
:1008E000FFFFFFFFFFFFFFFFFFFFFFFFFFFFFFFF18
:1008F000FFFFFFFFFFFFFFFFFFFFFFFFFFFFFFFF08
:10090000FFFFFFFFFFFFFFFFFFFFFFFFFFFFFFFFF7
:10091000FFFFFFFFFFFFFFFFFFFFFFFFFFFFFFFFE7
:10092000FFFFFFFFFFFFFFFFFFFFFFFFFFFFFFFFD7
:10093000FFFFFFFFFFFFFFFFFFFFFFFFFFFFFFFFC7
:10094000FFFFFFFFFFFFFFFFFFFFFFFFFFFFFFFFB7
:10095000FFFFFFFFFFFFFFFFFFFFFFFFFFFFFFFFA7
:10096000FFFFFFFFFFFFFFFFFFFFFFFFFFFFFFFF97
:10097000FFFFFFFFFFFFFFFFFFFFFFFFFFFFFFFF87
:10098000FFFFFFFFFFFFFFFFFFFFFFFFFFFFFFFF77
:10099000FFFFFFFFFFFFFFFFFFFFFFFFFFFFFFFF67
:1009A000FFFFFFFFFFFFFFFFFFFFFFFFFFFFFFFF57
:1009B000FFFFFFFFFFFFFFFFFFFFFFFFFFFFFFFF47
:1009C000FFFFFFFFFFFFFFFFFFFFFFFFFFFFFFFF37
:1009D000FFFFFFFFFFFFFFFFFFFFFFFFFFFFFFFF27
:1009E000FFFFFFFFFFFFFFFFFFFFFFFFFFFFFFFF17
:1009F000FFFFFFFFFFFFFFFFFFFFFFFFFFFFFFFF07
:100A0000FFFFFFFFFFFFFFFFFFFFFFFFFFFFFFFFF6
:100A1000FFFFFFFFFFFFFFFFFFFFFFFFFFFFFFFFE6
:100A2000FFFFFFFFFFFFFFFFFFFFFFFFFFFFFFFFD6
:100A3000FFFFFFFFFFFFFFFFFFFFFFFFFFFFFFFFC6
:100A4000FFFFFFFFFFFFFFFFFFFFFFFFFFFFFFFFB6
:100A5000FFFFFFFFFFFFFFFFFFFFFFFFFFFFFFFFA6
:100A6000FFFFFFFFFFFFFFFFFFFFFFFFFFFFFFFF96
:100A7000FFFFFFFFFFFFFFFFFFFFFFFFFFFFFFFF86
:100A8000FFFFFFFFFFFFFFFFFFFFFFFFFFFFFFFF76
:100A9000FFFFFFFFFFFFFFFFFFFFFFFFFFFFFFFF66
:100AA000FFFFFFFFFFFFFFFFFFFFFFFFFFFFFFFF56
:100AB000FFFFFFFFFFFFFFFFFFFFFFFFFFFFFFFF46
:100AC000FFFFFFFFFFFFFFFFFFFFFFFFFFFFFFFF36
:100AD000FFFFFFFFFFFFFFFFFFFFFFFFFFFFFFFF26
:100AE000FFFFFFFFFFFFFFFFFFFFFFFFFFFFFFFF16
:100AF000FFFFFFFFFFFFFFFFFFFFFFFFFFFFFFFF06
:100B0000FFFFFFFFFFFFFFFFFFFFFFFFFFFFFFFFF5
:100B1000FFFFFFFFFFFFFFFFFFFFFFFFFFFFFFFFE5
:100B2000FFFFFFFFFFFFFFFFFFFFFFFFFFFFFFFFD5
:100B3000FFFFFFFFFFFFFFFFFFFFFFFFFFFFFFFFC5
:100B4000FFFFFFFFFFFFFFFFFFFFFFFFFFFFFFFFB5
:100B5000FFFFFFFFFFFFFFFFFFFFFFFFFFFFFFFFA5
:100B6000FFFFFFFFFFFFFFFFFFFFFFFFFFFFFFFF95
:100B7000FFFFFFFFFFFFFFFFFFFFFFFFFFFFFFFF85
:100B8000FFFFFFFFFFFFFFFFFFFFFFFFFFFFFFFF75
:100B9000FFFFFFFFFFFFFFFFFFFFFFFFFFFFFFFF65
:100BA000FFFFFFFFFFFFFFFFFFFFFFFFFFFFFFFF55
:100BB000FFFFFFFFFFFFFFFFFFFFFFFFFFFFFFFF45
:100BC000FFFFFFFFFFFFFFFFFFFFFFFFFFFFFFFF35
:100BD000FFFFFFFFFFFFFFFFFFFFFFFFFFFFFFFF25
:100BE000FFFFFFFFFFFFFFFFFFFFFFFFFFFFFFFF15
:100BF000FFFFFFFFFFFFFFFFFFFFFFFFFFFFFFFF05
:100C0000FFFFFFFFFFFFFFFFFFFFFFFFFFFFFFFFF4
:100C1000FFFFFFFFFFFFFFFFFFFFFFFFFFFFFFFFE4
:100C2000FFFFFFFFFFFFFFFFFFFFFFFFFFFFFFFFD4
:100C3000FFFFFFFFFFFFFFFFFFFFFFFFFFFFFFFFC4
:100C4000FFFFFFFFFFFFFFFFFFFFFFFFFFFFFFFFB4
:100C5000FFFFFFFFFFFFFFFFFFFFFFFFFFFFFFFFA4
:100C6000FFFFFFFFFFFFFFFFFFFFFFFFFFFFFFFF94
:100C7000FFFFFFFFFFFFFFFFFFFFFFFFFFFFFFFF84
:100C8000FFFFFFFFFFFFFFFFFFFFFFFFFFFFFFFF74
:100C9000FFFFFFFFFFFFFFFFFFFFFFFFFFFFFFFF64
:100CA000FFFFFFFFFFFFFFFFFFFFFFFFFFFFFFFF54
:100CB000FFFFFFFFFFFFFFFFFFFFFFFFFFFFFFFF44
:100CC000FFFFFFFFFFFFFFFFFFFFFFFFFFFFFFFF34
:100CD000FFFFFFFFFFFFFFFFFFFFFFFFFFFFFFFF24
:100CE000FFFFFFFFFFFFFFFFFFFFFFFFFFFFFFFF14
:100CF000FFFFFFFFFFFFFFFFFFFFFFFFFFFFFFFF04
:100D0000FFFFFFFFFFFFFFFFFFFFFFFFFFFFFFFFF3
:100D1000FFFFFFFFFFFFFFFFFFFFFFFFFFFFFFFFE3
:100D2000FFFFFFFFFFFFFFFFFFFFFFFFFFFFFFFFD3
:100D3000FFFFFFFFFFFFFFFFFFFFFFFFFFFFFFFFC3
:100D4000FFFFFFFFFFFFFFFFFFFFFFFFFFFFFFFFB3
:100D5000FFFFFFFFFFFFFFFFFFFFFFFFFFFFFFFFA3
:100D6000FFFFFFFFFFFFFFFFFFFFFFFFFFFFFFFF93
:100D7000FFFFFFFFFFFFFFFFFFFFFFFFFFFFFFFF83
:100D8000FFFFFFFFFFFFFFFFFFFFFFFFFFFFFFFF73
:100D9000FFFFFFFFFFFFFFFFFFFFFFFFFFFFFFFF63
:100DA000FFFFFFFFFFFFFFFFFFFFFFFFFFFFFFFF53
:100DB000FFFFFFFFFFFFFFFFFFFFFFFFFFFFFFFF43
:100DC000FFFFFFFFFFFFFFFFFFFFFFFFFFFFFFFF33
:100DD000FFFFFFFFFFFFFFFFFFFFFFFFFFFFFFFF23
:100DE000FFFFFFFFFFFFFFFFFFFFFFFFFFFFFFFF13
:100DF000FFFFFFFFFFFFFFFFFFFFFFFFFFFFFFFF03
:100E0000FFFFFFFFFFFFFFFFFFFFFFFFFFFFFFFFF2
:100E1000FFFFFFFFFFFFFFFFFFFFFFFFFFFFFFFFE2
:100E2000FFFFFFFFFFFFFFFFFFFFFFFFFFFFFFFFD2
:100E3000FFFFFFFFFFFFFFFFFFFFFFFFFFFFFFFFC2
:100E4000FFFFFFFFFFFFFFFFFFFFFFFFFFFFFFFFB2
:100E5000FFFFFFFFFFFFFFFFFFFFFFFFFFFFFFFFA2
:100E6000FFFFFFFFFFFFFFFFFFFFFFFFFFFFFFFF92
:100E7000FFFFFFFFFFFFFFFFFFFFFFFFFFFFFFFF82
:100E8000FFFFFFFFFFFFFFFFFFFFFFFFFFFFFFFF72
:100E9000FFFFFFFFFFFFFFFFFFFFFFFFFFFFFFFF62
:100EA000FFFFFFFFFFFFFFFFFFFFFFFFFFFFFFFF52
:100EB000FFFFFFFFFFFFFFFFFFFFFFFFFFFFFFFF42
:100EC000FFFFFFFFFFFFFFFFFFFFFFFFFFFFFFFF32
:100ED000FFFFFFFFFFFFFFFFFFFFFFFFFFFFFFFF22
:100EE000FFFFFFFFFFFFFFFFFFFFFFFFFFFFFFFF12
:100EF000FFFFFFFFFFFFFFFFFFFFFFFFFFFFFFFF02
:100F0000FFFFFFFFFFFFFFFFFFFFFFFFFFFFFFFFF1
:100F1000FFFFFFFFFFFFFFFFFFFFFFFFFFFFFFFFE1
:100F2000FFFFFFFFFFFFFFFFFFFFFFFFFFFFFFFFD1
:100F3000FFFFFFFFFFFFFFFFFFFFFFFFFFFFFFFFC1
:100F4000FFFFFFFFFFFFFFFFFFFFFFFFFFFFFFFFB1
:100F5000FFFFFFFFFFFFFFFFFFFFFFFFFFFFFFFFA1
:100F6000FFFFFFFFFFFFFFFFFFFFFFFFFFFFFFFF91
:100F7000FFFFFFFFFFFFFFFFFFFFFFFFFFFFFFFF81
:100F8000FFFFFFFFFFFFFFFFFFFFFFFFFFFFFFFF71
:100F9000FFFFFFFFFFFFFFFFFFFFFFFFFFFFFFFF61
:100FA000FFFFFFFFFFFFFFFFFFFFFFFFFFFFFFFF51
:100FB000FFFFFFFFFFFFFFFFFFFFFFFFFFFFFFFF41
:100FC000FFFFFFFFFFFFFFFFFFFFFFFFFFFFFFFF31
:100FD000FFFFFFFFFFFFFFFFFFFFFFFFFFFFFFFF21
:100FE000FFFFFFFFFFFFFFFFFFFFFFFFFFFFFFFF11
:100FF000FFFFFFFFFFFFFFFFFFFFFFFFFFFFFFFF01
:10100000D1002043ED15006000000000000000004A
:101010002010006000100060001403600000000059
:10102000000000600020030000000000FFFFFFFF41
:10103000FFFFFFFFFFFFFFFFFFFFFFFFFFFFFFFFC0
:10104000FFFFFFFFFFFFFFFFFFFFFFFFFFFFFFFFB0
:10105000FFFFFFFFFFFFFFFFFFFFFFFFFFFFFFFFA0
:10106000FFFFFFFFFFFFFFFFFFFFFFFFFFFFFFFF90
:10107000FFFFFFFFFFFFFFFFFFFFFFFFFFFFFFFF80
:10108000FFFFFFFFFFFFFFFFFFFFFFFFFFFFFFFF70
:10109000FFFFFFFFFFFFFFFFFFFFFFFFFFFFFFFF60
:1010A000FFFFFFFFFFFFFFFFFFFFFFFFFFFFFFFF50
:1010B000FFFFFFFFFFFFFFFFFFFFFFFFFFFFFFFF40
:1010C000FFFFFFFFFFFFFFFFFFFFFFFFFFFFFFFF30
:1010D000FFFFFFFFFFFFFFFFFFFFFFFFFFFFFFFF20
:1010E000FFFFFFFFFFFFFFFFFFFFFFFFFFFFFFFF10
:1010F000FFFFFFFFFFFFFFFFFFFFFFFFFFFFFFFF00
:10110000FFFFFFFFFFFFFFFFFFFFFFFFFFFFFFFFEF
:10111000FFFFFFFFFFFFFFFFFFFFFFFFFFFFFFFFDF
:10112000FFFFFFFFFFFFFFFFFFFFFFFFFFFFFFFFCF
:10113000FFFFFFFFFFFFFFFFFFFFFFFFFFFFFFFFBF
:10114000FFFFFFFFFFFFFFFFFFFFFFFFFFFFFFFFAF
:10115000FFFFFFFFFFFFFFFFFFFFFFFFFFFFFFFF9F
:10116000FFFFFFFFFFFFFFFFFFFFFFFFFFFFFFFF8F
:10117000FFFFFFFFFFFFFFFFFFFFFFFFFFFFFFFF7F
:10118000FFFFFFFFFFFFFFFFFFFFFFFFFFFFFFFF6F
:10119000FFFFFFFFFFFFFFFFFFFFFFFFFFFFFFFF5F
:1011A000FFFFFFFFFFFFFFFFFFFFFFFFFFFFFFFF4F
:1011B000FFFFFFFFFFFFFFFFFFFFFFFFFFFFFFFF3F
:1011C000FFFFFFFFFFFFFFFFFFFFFFFFFFFFFFFF2F
:1011D000FFFFFFFFFFFFFFFFFFFFFFFFFFFFFFFF1F
:1011E000FFFFFFFFFFFFFFFFFFFFFFFFFFFFFFFF0F
:1011F000FFFFFFFFFFFFFFFFFFFFFFFFFFFFFFFFFF
:10120000FFFFFFFFFFFFFFFFFFFFFFFFFFFFFFFFEE
:10121000FFFFFFFFFFFFFFFFFFFFFFFFFFFFFFFFDE
:10122000FFFFFFFFFFFFFFFFFFFFFFFFFFFFFFFFCE
:10123000FFFFFFFFFFFFFFFFFFFFFFFFFFFFFFFFBE
:10124000FFFFFFFFFFFFFFFFFFFFFFFFFFFFFFFFAE
:10125000FFFFFFFFFFFFFFFFFFFFFFFFFFFFFFFF9E
:10126000FFFFFFFFFFFFFFFFFFFFFFFFFFFFFFFF8E
:10127000FFFFFFFFFFFFFFFFFFFFFFFFFFFFFFFF7E
:10128000FFFFFFFFFFFFFFFFFFFFFFFFFFFFFFFF6E
:10129000FFFFFFFFFFFFFFFFFFFFFFFFFFFFFFFF5E
:1012A000FFFFFFFFFFFFFFFFFFFFFFFFFFFFFFFF4E
:1012B000FFFFFFFFFFFFFFFFFFFFFFFFFFFFFFFF3E
:1012C000FFFFFFFFFFFFFFFFFFFFFFFFFFFFFFFF2E
:1012D000FFFFFFFFFFFFFFFFFFFFFFFFFFFFFFFF1E
:1012E000FFFFFFFFFFFFFFFFFFFFFFFFFFFFFFFF0E
:1012F000FFFFFFFFFFFFFFFFFFFFFFFFFFFFFFFFFE
:10130000FFFFFFFFFFFFFFFFFFFFFFFFFFFFFFFFED
:10131000FFFFFFFFFFFFFFFFFFFFFFFFFFFFFFFFDD
:10132000FFFFFFFFFFFFFFFFFFFFFFFFFFFFFFFFCD
:10133000FFFFFFFFFFFFFFFFFFFFFFFFFFFFFFFFBD
:10134000FFFFFFFFFFFFFFFFFFFFFFFFFFFFFFFFAD
:10135000FFFFFFFFFFFFFFFFFFFFFFFFFFFFFFFF9D
:10136000FFFFFFFFFFFFFFFFFFFFFFFFFFFFFFFF8D
:10137000FFFFFFFFFFFFFFFFFFFFFFFFFFFFFFFF7D
:10138000FFFFFFFFFFFFFFFFFFFFFFFFFFFFFFFF6D
:10139000FFFFFFFFFFFFFFFFFFFFFFFFFFFFFFFF5D
:1013A000FFFFFFFFFFFFFFFFFFFFFFFFFFFFFFFF4D
:1013B000FFFFFFFFFFFFFFFFFFFFFFFFFFFFFFFF3D
:1013C000FFFFFFFFFFFFFFFFFFFFFFFFFFFFFFFF2D
:1013D000FFFFFFFFFFFFFFFFFFFFFFFFFFFFFFFF1D
:1013E000FFFFFFFFFFFFFFFFFFFFFFFFFFFFFFFF0D
:1013F000FFFFFFFFFFFFFFFFFFFFFFFFFFFFFFFFFD
:10140000824205D051F8043B40F8043B8242F9D8AF
:10141000704700BF044A05494FF0000342F8043BFF
:101420009142FBD8704700BFC0860120807B052019
:1014300080B5BFF34F8F00F093F9534C534B082006
:101440005349C3F85401534AC3F800115248C3F832
:10145000F0405249FFF7D4FF514A52495248FFF732
:10146000CFFF524CFFF7D6FF4FF470004FF0E02152
:1014700000234F4AC1F8880D44F823200133B02BD4
:10148000FAD14C4B80214C4A03F8011B9342FBD10B
:101490004FF0E025494F4A4A4FF0FF31C5F8084D5B
:1014A0000026D5F8243D43F4E023C5F8243DFB692C
:1014B00023F07F0343F04003FB617B6A23F07F034B
:1014C00043F040037B629166D1661167516700F07B
:1014D0004FF93C4B63223C49A3633C4BE36303233A
:1014E0006A613B4AAE612B61C5F8202DD5F8FC2D11
:1014F000384B42F08072C5F8FC2D1A6842F00102A8
:101500001A605B680B6000F0BDF9334800F00CFC1A
:10151000F96E324B324A41F44051F9661E60C3F80D
:101520000861C3F81861C3F82861C3F83861936B88
:10153000DB0708D442F615632A4951651365936B9E
:1015400043F001039363264A274C936843F0011349
:10155000936000F0FBFA00F0EBFB00F0C1F900F043
:1015600001F92368132BFCD900F052FA2368B3F574
:10157000967FFBD300F0FAF800F0F6F800F0F0FBED
:1015800000F0E2FB30BFFDE70C0D111300800D40B1
:101590001B101820C86A010000000000E81F00604E
:1015A000C0860120B48A0160000000200084012070
:1015B0006122010000E400E0A0E400E000C00F4070
:1015C00000C00A405D380100F07A05206138010052
:1015D00000002020001000E00046C3230040084027
:1015E00000400D400000C056F47A0520054B4FF432
:1015F0002A01054A05485A641864054A99639546C4
:10160000FFF716FF00C00A40BFAAAAAA07002000E1
:10161000008006201BB9124B1B6F9B041ED400F0E8
:101620003F000F4B22F0604221F0604140F48910EE
:101630001867C3F88010C3F890201A6F22F4805204
:101640001A671A6F002AFCDAD3F87011054A0A40AB
:10165000C3F870211A6F22F480321A67704700BFF6
:1016600000800D40FF7F7FFFB1F5607FF0B50E4633
:101670008DB028BF4FF460760F46054672B62E4BEC
:1016800000247022186021462C4B2D481C8000F04D
:1016900053FBCFB121462A484FF0010C4A0901F013
:1016A0001F03013150F822400CFA03F38E4243EA43
:1016B000040340F82230F1D8284600234380013348
:1016C00000F582709E42F9D81E4C257815B162B69D
:1016D0000DB0F0BD082000F03FFB1B4B80220646FA
:1016E000009302A90693194B0271056008A80293A2
:1016F00000F03AFB06A9164A304600F039FB069B7B
:1017000008A8DB689847009B02A8DB689847237805
:10171000002BDCD10F4B104AC3F858210F49D020C1
:101720004FF0E023402281F84600C3F8082101234E
:10173000237062B60DB0F0BD8C720520187B0520B9
:10174000947205202C7B05202C6A01201D140100B9
:101750001B100100008401202914010000E400E0B6
:10176000704700BF704700BF704700BF00BF7047A1
:1017700010B44FF0E023002110243248C3F8941D28
:10178000C3F89C4D1124C3F8A00D2F48C3F89C4DFD
:101790001224C3F8A00D2D48C3F89C4D2C4AC3F861
:1017A000A00D2C4C42F015022B48C3F89C4DC3F8F9
:1017B000A00D2A4C2A48C3F89C4DC3F8A00D294C13
:1017C000C3F89C2D2848294AC3F8A04DC3F89C0DA6
:1017D000C3F8A02D02F5A022254C0C322548C3F8F1
:1017E0009C4DC3F8A02D244AC3F89C0DC3F8A02D2E
:1017F00002F14062214C02322148C3F89C4DC3F8EB
:10180000A02D0A32C3F89C0DC3F8A02D00BF00BF65
:1018100000BF00BF00BF0122C3F8942DBFF34F8F5C
:10182000BFF36F8FC3F8501FBFF34F8FBFF36F8F9E
:10183000D3F8142D5DF8044B42F44032C3F8142D54
:10184000704700BF3F000010250008070900100086
:10185000807B0520130020002100020714000020D7
:1018600025000813090000101600202027000B1384
:1018700017000040180000602F000B0719000070CF
:101880001A000080F0B4154A40274FF480314FF41D
:1018900080564FF400554FF4404443F24200136920
:1018A00013F0020F0ED113F4005F0FD013F4805F1A
:1018B0000ED0002BF3DA13F4803F0BD15B060BD56F
:1018C000F0BC7047946151619061E8E75561E6E7CB
:1018D0005661E4E79161E2E75761E0E700800D407F
:1018E0003F4A03203F49F3EE095AD2F880304FF0C7
:1018F000000C9FED3D6A23F001039FED3C5A30B48C
:10190000C2F88030C2F89000D1F8E010384DCBB268
:10191000384C39482B6007EE903A0B0DC1F30B2180
:10192000F8EEE77A06EE903A07EE101A334BB8EE6F
:10193000C77A2160F8EEE66A314937EEC66A37EEBB
:10194000C55A76EEC76A77EEE57A26EE266AC3EDCB
:10195000006A25EE265AD2F8803067EEA64AC0ED1E
:10196000007AC6EE275A274885EE276AC4EEA76A92
:1019700075EE875AFCEEE55A36EE076A15EE904A88
:10198000BCEEC66A43EA045376EE877AC2F880302A
:1019900016EE103AD2F89041FCEEE77A01EA0341E4
:1019A000214317EE903AC2F89011C3F30B03D2F81B
:1019B00090110B431449C2F89031D2F8803043F0B3
:1019C0000203C2F88030114B80F840C0C1F84031AA
:1019D0004FF0E023012230BCC3F80821704700BF5C
:1019E00000810D4000441F400000AA420000B442A4
:1019F000E07A0520DC7A0520E47A0520E87A0520E3
:101A00000000FF0F00E400E0008401202524010015
:101A1000314B40F6617210B5C3F8202140F2044406
:101A200000F096F92D4A2E49D2F880302D4843F027
:101A30000303C2F880302C4BC1F8604102681A429F
:101A400003D1D1F8A8319A071BD0254A4FF00041A5
:101A5000244B5963D2F8403143F00203C2F84031BD
:101A6000D2F840319B07FBD44FF400304FF0E02117
:101A70001C4B4FF00042C1F88C0219209A6300F011
:101A80005FF9184A4FF08040154C002190630A20FE
:101A9000164B11604FF42072C4F8A801184600F0EC
:101AA0004BF94FF4800203464FF4810040F243119A
:101AB0001860C4F858311A640D4B0E4AC4F8481126
:101AC000C3F804224FF0E0224FF400310123C2F8A2
:101AD0000C11C4F8403110BD00800D4000C00F4013
:101AE00000002E4000900D40001C1E000000002051
:101AF000008401200D26010008B50E4B1B6E9B07CC
:101B000000D4FBBE72B60C4B00200C4AC3F8400157
:101B100003F160430A49A3F55F2311649D46BFF3B7
:101B20004F8F4FF400130748074ADB6902609B6838
:101B3000984700BF00441F4000002E4000C00A40EC
:101B40000300200000802020000012EB104BA0209A
:101B5000104AD96E41F4403110B4D96640F237646E
:101B6000D96E41F44071D96654649064936C1B063D
:101B7000FCD4094A40F23761A02351649364936C0A
:101B800013F08003FBD1054A13705DF8044B7047D6
:101B900000C00F4000400C4000800C40317B05200D
:101BA00043690A4A03EB011010B4037A084C02EBB4
:101BB0000313D3E901321460C2681A6003690BB1E0
:101BC00042691A605DF8044B704700BFBC6A01208F
:101BD00061F801004369027E03EB021292F808C02B
:101BE0008C451CD01A7AFF2A19D0914210B50446B0
:101BF00016D01A7EFF2A06D00121D3E900231268ED
:101C00001A4201D1217610BD064B0522204603EB76
:101C10000C135B681A60FFF7C3FF2176F3E7704788
:101C20000021EAE7BC6A012043690A4A03EB01107C
:101C300010B490F82830084C02EB0313D3E90132BA
:101C40001460C26A1A60036B0BB1426B1A605DF8D4
:101C5000044B7047BC6A012061F801004369427E71
:101C600003EB021292F828C08C451ED093F828206E
:101C7000FF2A1AD0914210B5044617D093F83820A5
:101C8000FF2A06D00121D3E9002312681A4201D1AC
:101C9000617610BD064B0522204603EB0C135B68F2
:101CA0001A60FFF7C1FF6176F3E770470021EAE7AA
:101CB000BC6A0120164942698B6B23F47C0343F410
:101CC000802370B58B630446124DD2E900130A6875
:101CD0001A4303690A60022200211A610E4A19613F
:101CE0009A6401225A629D624FF43035DD624FF0F2
:101CF00001159E6C1E6519629D651A61017EFFF7D4
:101D00004FFF617E2046BDE87040FFF78DBF00BFEA
:101D100000C00F40B80B05053B372819F8B500BFC8
:101D2000F8BC08BC9E4670475FF800F01D1D01001E
:101D30005FF800F0FD3801005FF800F04165010038
:101D40005FF800F00D2001005FF800F0B520010001
:101D50005FF800F0492D01005FF800F0F921010063
:101D60005FF800F0216601005FF800F091140100B7
:101D70005FF800F0C519010045000000910A01005C
:081D80000D130100C91A010056
:101D880018035400650065006E0073007900200098
:101D98004D004900440049001803540065006500DF
:101DA8006E00730079006400750069006E006F00B2
:101DB8000403090409029500030100C032080B005E
:101DC80002020201000904000001020201000524C8
:101DD800001001052401010104240206052406005F
:101DE800010705820310001009040100020A00001F
:101DF80000070503024000000705830240000009B0
:101E08000402000201030000072401000125000666
:101E1800240201010006240202020009240301032E
:101E2800010201000924030204010101000905045B
:101E38000240000000000525010101090584024057
:101E480000000000052501010300000009029500BB
:101E5800030100C032080B0002020201000904005D
:101E680000010202010005240010010524010101FE
:101E78000424020605240600010705820310000554
:101E880009040100020A000000070503020002001D
:101E98000705830200020009040200020103000092
:101EA800072401000125000624020101000624027E
:101EB80002020009240301030102010009240302AC
:101EC80004010101000905040200020000000525C3
:101ED8000101010905840200020000000525010135
:101EE800030000000A060002EF02014001000000A2
:101EF80080C00F400000000319000000100000001F
:101F0800E8841F4001000000FF000000FF000000FF
:101F18000000000000000000180000001000000091
:101F2800E4841F4001000000FF000000FF000000E3
:101F380000000000000000001F0000003D3F0100FD
:101F480070C00F40000C00001100000011000000DC
:101F5800E0841F400200000024000000120000007E
:101F6800E0841F4001000000100000001100000084
:101F7800DC841F4002000000250000001200000061
:101F8800DC841F40010000001E000000313F0100FA
:101F980070C00F40C00000001200000013000000D5
:101FA800D0841F4001000000FF000000FF00000077
:101FB80000000000000000001300000013000000F3
:101FC800CC841F4001000000FF000000FF0000005B
:101FD80000000000000000001C000000253F010078
:101FE80000000000000000000000000000000000E9
:101FF80000000000000000000000000000000000D9
:102008000548064B1B1AD90F01EBA301491002D052
:10201800034B03B118477047C0860120C0860120D2
:102028000000000008B5054B1BB105490548AFF392
:102038000080BDE80840FFF7E3BF00BF00000000D4
:10204800687A052000200360F6EE007A90ED016AB8
:10205800D0ED024AB4EEE76AF1EE007AF1EE10FA3A
:1020680010B540F1C880BFEE000AA6EE270AF5EECB
:10207800C04AF1EE10FA40F3B080B3EE003A9FED9B
:10208800604AB2EE005A64EE833A24EE855A76EE40
:10209800637A36EE237AFAFE677AFDEEE77ABBFEBC
:1020A800477A17EE902AFDEEC77A17EE904AA242B9
:1020B80039DCF0EE441A90ED032A0134DFED512AA1
:1020C800514912E0F8EEE77ADEED006ADEED015ADA
:1020D800013237EE677AA24275EEE65AF0EE667A7A
:1020E800E7EE257AA5EE274A1DD007EE902AB0EE36
:1020F800437AF8EEE77A76EE677AA7EE827A27EEE9
:10210800227AFBFE477AFDEEE77A17EE903AB3F5AE
:10211800006F01EB830ED5D30132F0EE617AA24253
:10212800A5EE274AE1D1B6EE003A30EE044A9FED1B
:10213800340AB1EE455A36EE433A73EE637A33EE1B
:10214800237AFAFE677AFDEEE77ABBFE477A17EE46
:10215800902AFDEEC77A17EE901A8A423BDCB3EE5E
:10216800002AD0ED032AF0EE401A0131DFED253ABE
:10217800254C12E0F8EEE77ADEED006ADEED015A52
:10218800013237EE677A8A4275EEE65AF0EE667AE1
:10219800E7EE257AA5EE270A1DD007EE902AB0EEC5
:1021A800427AF8EEE77A73EE677AA7EEA27A27EE1C
:1021B800237AFBFE477AFDEEE77A17EE903AB3F5FD
:1021C800006F04EB830ED5D30132F0EE617A8A42B8
:1021D800A5EE270AE1D134EE000A36EE246AF7EEBE
:1021E800007AB4EEE76AF1EE10FAA8BF36EE676A35
:1021F80080ED016A10BDB0EE080AA6EE670A36E760
:102208000000000000008042B428012038B543696E
:1022180005462DED028B032B00F27381DFE803F0F6
:10222800FB211C0290ED018A9FEDC00A28EE000AEE
:1022380014F04EF995ED027AF7EE007A38EE078A37
:10224800B4EEE78AF1EE10FAA8BF38EE678A85ED9A
:10225800018ABDEC028B38BDFFF7F6FEBDEC028BA0
:1022680038BDD0ED015AB7EE001A90ED043ABFEE32
:10227800000AD0ED024AF4EEC35AF1EE10FAF5EE78
:10228800C04A48BFB0EE410AF1EE10FA40F3B380FD
:10229800F3EE002A9FEDA64A64EEA23A75EEE37AC1
:1022A80035EEA37AFAFE677AFDEEE77ABBFE477A47
:1022B80017EE902AFDEEC77A17EE904AA24242DC4A
:1022C800F0EE440AD0ED031A01349FED9A2A9A4998
:1022D8001BE0F8EEE77A9EED007A9EED015AF5EEE6
:1022E800C06A013236EE676A35EE475AF0EE477A31
:1022F800F1EE10FAE6EE057AA8BF77EEC17AA242AF
:1023080077EEA77A34EE274A1DD007EE902AF8EE2A
:10231800E76A75EEE66A66EEA16A36EEA26A26EE0E
:10232800026AFBFE467AFDEEE77A17EE903AB3F5BD
:10233800006F01EB830ECCD30132F0EE607AA2423B
:1023480034EE274AE1D135EEC33A34EE004A73EE53
:10235800637A73EE233AFAFE677AFDEEE77AFBFEBC
:10236800633A17EE902AFDEEE37A17EE901A8A4246
:1023780000F3C480B3EE002AD5ED032AF8EE001A64
:102388000131B7EE001A9FED6A0ADFED6A3A6A4C2E
:1023980007EE902A0132F8EEE77A73EE677A67EE75
:1023A800A27A77EE826A66EEA36ABBFE667ABDEE13
:1023B800C77A17EE103AB3F5006F04EB830E16D206
:1023C800B8EEC77A9EED006A9EED015AF5EEC07A26
:1023D80076EEC76A35EE465AB0EE467AF1EE10FA56
:1023E800A6EE857AA8BF37EE417AA7EE210A8A427F
:1023F800CED134EE000A75EEA45AF7EE007AF4EE68
:10240800E75AF1EE10FA01DB75EEE75AC5ED015A0D
:10241800BDEC028B38BDD0ED022AF0EE007ABFEE9B
:10242800000AD0ED015AF5EEC02AA5EEA70AF1EE92
:1024380010FA56DDB3EE004AF0EE657AB0EE657A32
:10244800E2EEC47AA2EE847AFAFE677AFDEEE77AC3
:10245800BBFE477A17EE902AFDEEC77A17EE904A30
:10246800A24248DCB8EE002A90ED033AF7EE001AD3
:102478000134DFED2F4ADFED2F3A2F4907EE902A7E
:102488000132F8EEE77A75EEE77A67EE837A77EE4F
:10249800846A66EEA36ABBFE667ABDEEC77A17EE5B
:1024A800103AB3F5006F01EB830E16D2B8EEC77A77
:1024B8009EED006A9EED015AF5EEC07A76EEC76A87
:1024C80035EE465AB0EE467AF1EE10FAA6EE857A67
:1024D800A8BF37EE617AE7EE024AA242CED130EECB
:1024E800240A75EEA25AF7EE007AF4EEE75AF1EEF6
:1024F80010FA89DA8AE7DFED0E4AF0E79FED0C0A59
:1025080077E7D0ED017AB7EE007AD0ED026A9FED59
:10251800080A77EEA67AF4EEC77AF1EE10FAA8BFA9
:1025280077EEC77AC0ED017A93E600BFDB0FC940AA
:102538000000000000008042B84801202DE9F8435F
:102548000646782200F18405344606F5F6772DED27
:10255800088BB0EE409A9FEDAABADFEDAABA11F047
:10256800A1FD9FEDA9AADFEDA9AADFEDA99A2DE0AB
:10257800B0EE6B7AF0EE6B7A05ED037AB7EE008A6F
:10258800C5ED007A3C3513F0CFFC55ED0F8A78EE97
:10259800407A28EEAA0A45ED0B7A89EE800A13F0F4
:1025A800C3FC9FED9C7A78EE407A68EE878A45ED09
:1025B8000A7A89EEA80A13F0B7FC974BBD4245F892
:1025C800303C38EE408A05ED098A1CD0B5EEC09A39
:1025D800B0EE6B7AB0EE4A0AF1EE10FAF0EE6B7AD2
:1025E800CADDB4EECB9ADFED8D6AB0EE497A9FED85
:1025F8008C6AF0EE497AF1EE10FAB9D569EE266ADE
:1026080086EE260AB8E7B0EE087AD6ED007AF4EE40
:10261800C77AF1EE10FA00F1EC80B1EE047A814A43
:10262800814BF4EEC77AF1EE10FA4BBF904698460C
:10263800072203224CBF4FF004094FF00609B6EEFB
:10264800007AD6ED017AC6F8E49177EE877AFDEE46
:10265800E77A17EE903A013B05D49342A8BF134698
:1026680003EBC3039844C6F8E081F7EE006A98F8D4
:102678000730F6EE009A06F130079FED65AA07EEDF
:10268800903ADFED67AA0025F8EE677A86EEA77A1A
:1026980086ED7A7A53E096ED040A96ED059AB5EE42
:1026A800C00A96ED068AD6ED078AF1EE10FA7DD9B2
:1026B800D4ED217A20EE270A8AEE800A13F034FC42
:1026C800F7EE007AB5EEC09A37EEC00AF1EE10FACE
:1026D80084ED250A73D9D4ED217A29EE270A8AEEEA
:1026E800000A13F021FCF7EE007AF5EEC08A37EE07
:1026F800C00AF1EE10FA84ED260A69D9D4ED217AE0
:1027080028EEA70A8AEE000A13F00EFCB5EEC08A7E
:10271800F7EE007AF1EE10FA37EEC00A5FD4F7EE62
:10272800007AB4EE678AF1EE10FA37FE888A01352E
:1027380084ED270A84ED248A3C34A94555D0F7EC6A
:10274800017AC4ED287A97ED0B7AB5EEC07A84ED5C
:10275800297A7B69F1EE10FAC4F8A830D6ED7B6AC5
:10276800D8BF27EEA67AD4ED1E6AC7EE267AF5EE14
:10277800C07AF1EE10FA35D4F4EE697AF1EE10FA77
:1027880079FEA77AC4ED207A98F806302B41DB074A
:1027980081D496ED080A96ED099AB5EEC00A96ED31
:1027A8000A8AD6ED0B8AF1EE10FA81D8B5EEC09AF6
:1027B800B7EE000AF1EE10FA84ED250A8BD8F5EE93
:1027C800C08AB7EE000AF1EE10FA84ED260A95D811
:1027D800B5EEC08AB7EE000AF1EE10FA9FD59FED6C
:1027E800138AA4E7DFED117ACCE7BDEC088BBDE8CE
:1027F800F88301224FF00209DFF834801FE700BF99
:102808008096184B00803B4749FF15BBCDCCCC3D8B
:102818008E5D93C0CDCC4C3E3333333F0AD7233C37
:10282800549F8CBFD0680120186901200000000067
:10283800BC6801202DE9F04FD0F8E0A12DED0A8BFE
:1028480083B09AF80670DDF858E09FB18346884651
:102858004FF0000C5FFA8CF117F0010F0CF1010C2E
:10286800C1EB011104D00BEB8101D1F8881031B90B
:102878007F08EFD103B0BDEC0A8BBDE8F08F9FED68
:10288800887AF6EE006ADBED7C7A73459BED02AA46
:10289800DBED7AAA2AEE07AA9BED7D9A6AEEA7AA33
:1028A800DFED807AB1EE007ADBF8E4712AEE26AA31
:1028B8006AEEA7AA29EE079ADCDA02EB8306F7EE9E
:1028C800008A08EB8305DFED789A08EB8E039FED0D
:1028D80077CA9FED77BA0093C7EB0713013F0BEB5D
:1028E800830301935B46D3469A46002F61DBF7EEDC
:1028F80008BA019CB9464FF002081BF809209FED61
:102908006B0A82B10021CBB212F0010F01F1010173
:10291800C3EB031305D00AEB8303D3ED2B7A30EE18
:10292800270A5208EFD19BF8083029EE000A4B45D8
:1029380000F09E8094ED108AA8EE290A13F0C8FDD5
:10294800D4ED117AE36C38EE278AD4ED1B7A013B7B
:1029580060EE277AB4EEE88AF1EE10FAA8BF38EEF6
:10296800688A84ED108A032B00F29780DFE803F071
:102978006C524D0294ED147AD4ED186AA7EE667A7B
:10298800B4EECB7AF1EE10FA40F18180B0EE4C7AD9
:10299800002384ED14CAE364236F09F1FF3967EE5D
:1029A800877A3C3CB9F1FF3FC4F8B030C4ED2B7ACC
:1029B800A3D19BF80620002A6CD00024DFED3B7AD7
:1029C800E3B212F0010F04F10104C3EB031305D0C5
:1029D8000AEB830393ED2B7A77EE877A5208EFD1CF
:1029E80095ED007A009BAAEEA77AA5EC017A9D42A4
:1029F80096ED007AAAEEA77AA6EC017A7FF475AF75
:102A080003B0BDEC0A8BBDE8F08F94ED157A84ED28
:102A1800147AC1E794ED147AD4ED156AD4ED175AF7
:102A280036EEC76AA5EE867A37EE666AB0EEC66AF3
:102A3800B4EECB6AF1EE10FA29D50323B0EE667A2C
:102A4800C4ED146AE364A7E794ED147A94ED166A6A
:102A58007BEEC76AA6EE267AB4EEE87AF1EE10FAB3
:102A680015DBB7EE007AC4ED148AC4F84C8093E7FE
:102A7800B5EEC0AAF1EE10FA7FF75CAFD4ED1C7A80
:102A880094ED1D7A77EE877AA7EE8A0A52E784EDED
:102A9800147A81E7DFED057AA2E7B0EE4C7A7BE79E
:102AA800DB0F4940F304353FDB0FC940000000004D
:102AB80017B7D138DFED7F7A90ED027AD0ED006A52
:102AC800B4EEE77A10B5F1EE10FA04462DED048B5A
:102AD80009D4DFED797A66EEA77AB4EEE77AF1EEFB
:102AE80010FA77FE877A94ED038A9FED727AB4EE36
:102AF800C78AF1EE10FA54D4B7EE007A87EE089A36
:102B08009FED6E7A87EEA60A20EE070A13F034FFCF
:102B18006368F0EE408A082B2CD8DFE803F06F7664
:102B28008087919CA8054700D4ED040AB2EE040AF8
:102B3800DFED637AC0EEA70A13F03AFBB5EE400A60
:102B4800B0EE408AF1EE10FA00F1B180B1EEC80A99
:102B5800C8EE808AB7EE007AFFEE007A84ED087A34
:102B6800E8EE087A38EE478A28EE098AC4ED0A7A30
:102B780084ED098AF7EE006A78EE897AB0EE666A23
:102B8800A7EEA86A86EE867A67EE287A84ED057A3B
:102B980027EEA80AC4ED067ABDEC048B84ED070A7B
:102BA80010BDB0EE478A9FED479AA9E7D4ED040A15
:102BB800B2EE040ADFED427AC0EEA70A13F0F8FA83
:102BC800B5EE400AB0EE408AF1EE10FA6CD4B1EEE0
:102BD800C80AB7EE007A68EE086A68EE808A77EE6F
:102BE800487A37EE667AC4ED086A67EE897A84ED2A
:102BF8000A7A67EE887AC4ED097ABBE700234FF0BA
:102C08007E5223626362A262B4E7F1EE497A4FF022
:102C18007E522D4B2262C4ED097AA362AAE70023F3
:102C28004FF07E522362A3626262A3E7F1EE497A13
:102C38004FF07E5200232262C4ED097AA36299E71D
:102C4800F1EE497A4FF07E524FF040432262C4EDD4
:102C5800097AA3628EE7F8EE007A4FF07E520023DD
:102C6800226269EE277AA362C4ED097A82E7DFED72
:102C7800147AB2EE040AD4ED040AC0EEA70A13F0DF
:102C880097FA0023A362B7EE007A28EE008AFFEED7
:102C9800007A84ED087A87EE089AE0EE007A67EE0B
:102CA800897AC4ED097A65E713F044FE91E713F0D9
:102CB80041FE4DE76F12833A48E1FA3EDB0F494087
:102CC80000002042FFFF7944000080BF436830B411
:102CD8002DED048B042B00F25981DFE803F037CB8C
:102CE8005D9503008168CE4A0D6890ED0E7A2A44FE
:102CF8009FEDCC6A82EAD2330A6042F0010202FBFD
:102D080003F383EAD31243F03D0404FB0232534039
:102D180083EA933307EE903AF8EE677A67EE867A9D
:102D2800B4EEE77AF1EE10FA00F33381D0ED0B6AD6
:102D380090ED0C0A26EE800AD0ED0F7A67EEA67A9F
:102D4800C0ED0B7ABDEC048B30BC70478168B0EEE7
:102D5800007AB34ABFEE000A0B68DFEDB26A1A4484
:102D680082EAD23342F001000A6000FB03F383EAEF
:102D7800D31243F03D0101FB0232534083EA9333FF
:102D880007EE903AF8EE677ABDEC048B67EEA67A08
:102D980030BCA7EE870A70478168B0EE005AA04A97
:102DA800FFEE006A0B68B0EE0C0A90ED0A7A1A443E
:102DB800DFED9C4ADFED9C5A42F0010482EAD233EF
:102DC8000A6004FB03F39FED996A83EAD31243F088
:102DD8003D0101FB0232534083EA933307EE903AF8
:102DE800F8EE677ABDEC048B67EEA47A30BCE7EEA8
:102DF800856AF0EE477AE6EEA57A87EE867A27EEC0
:102E0800000A80ED0A7A70478168854A0B6890ED60
:102E18000D7A1A44DFED836A82EAD23342F0010068
:102E28000A6000FB03F383EAD31243F03D0101FB80
:102E38000232534083EA933307EE903AF8EE677A0A
:102E480067EEA67AB4EEE77AF1EE10FA40F29E80C9
:102E5800B6EE006AB7EE000AFFEE006A27EE067AC1
:102E6800BDEC048BB4EEE77A30BCF1EE10FA30FE1C
:102E7800260A70478468B0EE009A694ABFEE004A95
:102E88002368D0ED038A1A4490ED040AD0ED050AB0
:102E980042F0010182EAD233D0ED061A01FB03F3B6
:102EA800DFED609A226083EAD31143F03D02DFED43
:102EB800607A02FB0132DFED5F4A9FED5F8A534083
:102EC800DFED5E3A9FED5E5A83EA93339FED5D1A1C
:102ED800DFED5D5A07EE103A9FED5C6ADFED5C6A44
:102EE800B8EE477A9FED5B2AD0ED072A9FED5A3A54
:102EF80027EE297AA7EE094A64EE277A64EE244A77
:102F080024EE055AE8EE887AE0EE234AD0ED083A36
:102F1800A0EE815A24EE066A64EE255A26EEC47A9B
:102F2800F0EE466A9FED4D6AE1EE825AC0ED037AF3
:102F380037EEA40AC0ED044AE2EE836AD0ED092A0E
:102F4800A3EE867A9FED463A30EE050A9FED456A74
:102F5800DFED453A64EE067A80ED055A30EE250A33
:102F6800C0ED065AC0ED076AC0ED097A30EE260AB0
:102F780080ED087ABDEC048B30EE070A30BC30EEE9
:102F8800220AA4EE030A20EE230A70479FED370AAF
:102F9800D8E6374BF6EE005A364C2B449FED365A9E
:102FA8002C44DFED366A83EAD33243F001030C6028
:102FB80003FB02F242F03D0382EAD21103FB012136
:102FC80084EAD43344F001044A4004FB03F382EA60
:102FD800923283EAD31143F03D0407EE902A04FBB2
:102FE8000131B8EE677A4B4083EA933327EE067ACD
:102FF80007EE903AE7EE056AF8EE677A67EE867AAA
:10300800F4EEE57AF1EE10FA05D4B0EE660A4FF068
:103018007E53036390E6B1EE660A194BF9E700BFE9
:10302800F5792B6D0000802F0AD7A33C5C8F823F77
:10303800BD66633D65C1993D4AB57F3F384A7E3FCD
:10304800618B1D3E6210783FF8F79E3E8E6F083FF9
:10305800AD6D8A3CF2D25D3FCDCC0C3F38F842BF13
:103068006744093F9C6AED3DAE47E13D0000000022
:10307800EAF356DADF6D82473333333F9A99993E44
:10308800000080BFB5EEC00A2DE9F04FF1EE10FA4E
:1030980006460F4614462DED088BB0EE408A83B0E5
:1030A80040F3D681DFEDD27AB4EEE70AF1EE10FAFA
:1030B80000F154810546CF4B45F8043B0FCC0FC5B2
:1030C80094E8030085E80300DFEDC97AB4EEE78AE7
:1030D800F1EE10FA00F14B81C64BF361DFEDC47AD3
:1030E800B4EEE78AF1EE10FA00F14381B2EE006A1D
:1030F8009FEDD27ADFEDD27ABFEE000AC7EE086AFA
:10310800BC4A0023F7637263B36386EE087A68EEFD
:10311800277A80EE270AC6ED1A6A86ED1B7A12F026
:1031280003FF86ED1C0ADFEDB27AB4EEE78AF1EE12
:1031380010FA00F13B8106F18C03DFEDAD7AB4EEB5
:10314800E78AF1EE10FA00F1CF81DFEDBB7A9FED4F
:10315800BD0AB0EE679AA8480022A849F7EE009A7F
:10316800C6F8842006F1AC05B1673446C6ED1D7A71
:1031780006F5D87B86ED249A02279FEDA1AADFEDFC
:10318800AE8ADFED9BAAC6E9223012F0CDFE9FED94
:103198009D0A29EE000A8AEE000A12F0C5FE9FED8C
:1031A8009A0A29EE000A8AEE000A12F0BDFEDFED47
:1031B800977A9FED970A69EE277A80EE270A12F030
:1031C800B3FEDFED947A39EEC00A69EE277A86ED10
:1031D800280A8AEE270A12F0A7FEF5EE007A39EEE1
:1031E800C00A69EE277A86ED290A8AEE270A12F0C4
:1031F8009BFE894BC6F89C3039EEC00A86ED2A0A38
:10320800B5EEC08AF0EE687AF1EE10FA08DDB4EE99
:10321800EA8AF1EE10FA54BFF0EE687AF0EE487AD6
:10322800C5ED007A2846FFF745FC6F60284634351F
:10323800FFF740FC5D45E3D196ED01AAB5EEC0AAC3
:10324800F1EE10FAC0F2C680F1EE007AB4EEE7AA09
:10325800F1EE10FA00F33B81FDEECA7A6F4A17EEE1
:10326800903A032BA8BF032303EB8300591C07EEF6
:10327800903A9F0002EB8000F8EEE77A4FEA810867
:1032880090ED009A01EB810002EB80003AEE67AA0C
:1032980090ED000A1F4406F582738844604D4FEA9A
:1032A800870A01935F4B05EB8705B6EE00BADFEDA1
:1032B8005EAA03EB8809DFED5DBA03EB87070AF125
:1032C80004034FEA8808D618F0EE4A0A80EE090A85
:1032D80012F06EFFF7EC017AB9EC017AF5EC016AAD
:1032E80037EE677A29EE009A26EEAA0AEAEE077AFE
:1032F800F0EE679A12F08CFEA5EB0A03B0EE408A56
:10330800434413ED010A20EE2A0A12F081FEC9EEA9
:10331800298A84ED2D9A04F1AC00C4ED2FBA343417
:1033280030EE480AAAEE008AF4EE4B8AF1EE10FA63
:1033380048BFF0EE4B8AC4ED218AFFF7BBFBC8EE0D
:10334800287A019B9C42EBEC017A3ED0B6EC019ABC
:10335800A6EB0A03434413ED010AB5E705460FCC73
:10336800A5EC010A0FC594E8030085E8030086ED83
:10337800078AB2EE006A9FED317ADFED317ABFEE4F
:10338800000AC7EE086A002386ED0D8A86EE087AE1
:1033980068EE277AC6E90E3780EE270AC6ED1A6A64
:1033A80086ED1B7A12F0C0FD86ED1C0A9FED207A8F
:1033B800F0EE487ADFED166AB0EE489A28EE077A02
:1033C80006F18C0386EE870AC5E603B0BDEC088BD0
:1033D800BDE8F08F00239FED1D0A9FED169A01218D
:1033E8009FED12AA1F460D4A4FF0040852E700BF8E
:1033F8008096184B00803B47979B28ADEC0A073F07
:103408008E5D93C0CDCCCC3DCDCC4C3E0AD7A33CF1
:10341800549F8CBF0AD7A33D9A99593FCC160020D8
:1034280060150020FC1400202D152A3E0000000025
:103438000AD7233C0000164400803B470000FA44AA
:103448006F12033B49FF15BB0000AF430000C843A0
:1034580005465FED078A0FCCE5EC018A0FC594E8B5
:10346800030085E803003FF72FAEC6ED078A3FF754
:1034780035AEB2EE006A1FED0F7A5FED0F7ABFEE40
:10348800000AC7EE086A0023C6ED0D8A86EE087AA0
:1034980068EE277AC6E90E3780EE270AC6ED1A6A63
:1034A80086ED1B7A12F040FDB5EEC08A86ED1C0A47
:1034B800F1EE10FA3FF737AE06F18C033FF73DAE59
:1034C800F0EE687A1FED210AB0EE689A43E6B7EE8F
:1034D80000AA1FED230A1FED239A04210323094A9A
:1034E8000C274FF01008D5E69FED077AB0EE489A02
:1034F800DFED066A28EE077ADFED057A86EE870AA1
:1035080029E600BFCC1600200AD7233C549F8CBF65
:1035180000803B472DE9F04F1D4690F8CC312DED4A
:103528000C8B83B0DDF86080002B70D090ED028AA0
:103538000446B5EEC08AF1EE10FA80F2F6829FEDED
:10354800DD8AD4ED068A4545D4ED727A94ED04AA55
:1035580068EEA78A56DA04F11C0301EB850702EB33
:1035680085069FEDCEBADFEDCE9A0DEE103ADFED6F
:10357800CDAA04F1340A9FEDCF9A04F5D87904F561
:10358800827BD4F8D031002B40F3FC82013BD4F885
:103598008000C4F8D031E36FD4F8842007EE903A65
:1035A800B8EE670A20EE290A042A00F22383DFE82E
:1035B80002F0ABB6A2973300D4ED267AD4ED2A6A8E
:1035C8009FEDB97AE7EEE67AF4EEC77AF1EE10FAF3
:1035D80040F1F082F0EE497A002384ED269AC4F88F
:1035E800943024EE274AD7ED007A0135E8EE847A44
:1035F800A845E7EC017AD6ED007AE8EE847AE6ECA5
:10360800017ABED1D4F894300BB984F8CC3103B028
:10361800BDEC0C8BBDE8F08F94ED1E0A2AEE000A73
:103628001B18E36728D3D4F888302BB31A68F0EE58
:10363800006ABFEE007A02F1DA4202F52D1202F5B5
:10364800675235321A6082EAD23342F0010202FB35
:1036580003F383EAD31243F03D0000FB02325340E8
:1036680083EA933307EE903AF8EE677A67EEA97A21
:10367800A7EEA67A84ED1E7ADFED8C7AD4ED71BAC6
:1036880020EE270A12F0C4FC2BEE800AD4ED077A4C
:10369800C0EE27BAF5EEC0BAF1EE10FA00F14E828C
:1036A800DFED837AF4EEE7BAF1EE10FA00F3638205
:1036B800F5EEC0BAC4ED09BAF1EE10FA40F39782FC
:1036C800F7EE007A87EEAB6A236B84ED0A6A032B68
:1036D80000F29882DFE813F0C701F600DA0035003F
:1036E800F6EE007AB4EEE70AF1EE10FA00F1738212
:1036F800B1EE4A0A94E7B0EE007AFFEE007AE0EE07
:10370800077A2AEE270A8BE720EE2A0ACDE900304D
:1037180012F0DEFE2AEE000ADDE9003080E7F6EE60
:10372800007AB1EE007AB4EEE70AF1EE10FAE4D4CA
:10373800F0EE087AE0EE477A2AEE270A70E7F0EE14
:1037480049BAD4ED08CA2CEEAA0A12F0C1FE7CEEE2
:10375800ABCAF7EE007AB0EE40CAF4EEE7CAF1EE73
:1037680010FAA8BF7CEEE7CAC4ED08CA5046FFF7B6
:10377800ADFAF7EE007A60EE084A2346F0EE003A1A
:103788004A4677EEC87A9FED4B4AE7EE8C4AD3ED6E
:10379800376A343393ED296A34EEE65A93ED247A86
:1037A800F0EE665AD3ED231AD3ED277A93ED252A46
:1037B800E6EE075AD3ED262A25EE077A93ED283A46
:1037C8005B45A1EE867AE5EE025A67EE277A97EE18
:1037D800236AD5EEA36AE4EEA27A83ED296AC3EDE3
:1037E8002A6AE5EE837AB2EC017AA7EE274ACED1AF
:1037F800D4F89430013B032B00F2FF8101A252F868
:1038080023F000BF7F18000043180000351800009F
:10381800D9150000D4ED277A24EE274AC4ED267A7C
:10382800E1E6D4ED267AD4ED276AD4ED295A36EEAE
:10383800E77A9FED1D6AE5EE877A37EEE67AB0EE15
:10384800C77AB4EEC67AF1EE10FA40F1B3810323D9
:10385800F0EE667AC4ED266AC4F89430C1E6B7EE95
:10386800087AD4ED267A94ED286AF7EE006A37EEE6
:10387800677AE6EE077AF4EEE67AF1EE10FACBDB39
:103888000223C4ED266AC4F89430ACE61DEE100A93
:10389800FEF7DAFBB0EE40CA68E700BF0000804FD1
:1038A8000000802FDB0FC94017B7D138ABAAAA3D5B
:1038B80048E1FA3E0000000000008042F0EE49BAFC
:1038C800B0EE496A94ED085AF7EE001AD4ED0B2AC7
:1038D800BFEE00CAB4EEE25AF1EE10FAF5EEC0BA45
:1038E80048BFB0EE61CAF1EE10FA40F3AE80B3EE15
:1038F800002A2BEE823A75EE037A35EE437AFBFE08
:10390800677AFDEEE77ABAFE477A17EE900AFDEE7F
:10391800C77A17EE903A834200F3608101301FEDB9
:103928001B4A5FED1B3AC04A1BE0F8EEE77A9EEDB2
:10393800007ADEED014AF5EEC06A013375EEE75A0A
:1039480074EEC74AF0EE477AF1EE10FAE5EEA47A83
:10395800A8BF77EEE17A834277EEA77A34EE274A5A
:103968001DD007EE903AF8EEE76A75EE666A66EEE5
:10397800866A76EE825A65EEA35AFBFE657AFDEEFC
:10398800E77A17EE901AB1F5006F02EB810ECCD3EF
:103998000133F0EE497A834234EE274AE1D175EEDD
:1039A800622A3CEE044A32EEC37A72EE837ABAFE99
:1039B800477ABDEEC77AFBFE677AFDEEE77A17EE27
:1039C800103A17EE900A834200F30B81B3EE003AE7
:1039D8000130B8EE002A9FED95CAF7EE001ADFED28
:1039E800943A914A07EE903A0133F8EEE77A72EE8C
:1039F800E77A67EE867A77EE836A66EEA36ABBFE9D
:103A0800667ABDEEC77A17EE101AB1F5006F02EBB1
:103A1800810E16D2B8EEC77ADEED005ADEED014A05
:103A2800F5EEC07A76EEC76A74EEE54AB0EE657ACE
:103A3800F1EE10FAA6EEA47AA8BF37EE617AA7EEE7
:103A480002CA8342CED13CEE04CA3BEE855AF7EE59
:103A5800007AB4EEE75AF1EE10FAA8BF35EE675ACD
:103A680084ED085A82E6F5EEC0BA94ED085AF0EEF5
:103A7800007ABFEE00CAF1EE10FAA5EE27CAE4DD1F
:103A8800B3EE003AB0EE457AF0EE457AABEEC37A83
:103A9800EBEE837ABAFE477ABDEEC77AFBFE677A09
:103AA800FDEEE77A17EE103A17EE900A834200F31C
:103AB8009B80F8EE002A0130B7EE002A9FED5B4AA2
:103AC800DFED5B3A584A07EE903A0133F8EEE77AB1
:103AD80075EE677A67EE867A77EE836A66EEA36A92
:103AE800BBFE667ABDEEC77A17EE101AB1F5006F05
:103AF80002EB810E16D2B8EEC77ADEED005ADEED83
:103B0800014AF5EEC07A76EEC76A74EEE54AB0EE81
:103B1800657AF1EE10FAA6EEA47AA8BF37EE427ADB
:103B2800A7EE224A8342CED18DE7F7EE007AB4EEB3
:103B3800678AF1EE10FA37FE888A02E5236B84ED76
:103B4800099A84ED0A9A032B5AD801A252F823F055
:103B5800811B0000DD180000AD1800005F17000091
:103B6800F0EE007A94ED085ABFEE00CAF0EE49BABA
:103B7800A5EE27CA69E7F0EE67BA9FED2E6AC4ED95
:103B8800097AA1E5D4ED036A94ED1D7AC6EE877A29
:103B9800F5EEC07AF1EE10FA0FDBB6EE007AF4EE2D
:103BA800C77AF1EE10FA0ADD4FF000401F23C4F87F
:103BB8008000EEE4C4ED267A13E50020F6E7F5EE82
:103BC800C07AF1EE10FAF8DDA7EE8B7AFCEEC77A30
:103BD80017EE900AEAE7B0EE4A0A21E59FED134A8C
:103BE800DDE69FED12CA2EE79FED104A2BE7B0EEF7
:103BF800496A69E52AEE090A12E524EE094AF2E45F
:103C0800F0EE49BAD4ED087AB7EE007A9FED07CA0C
:103C18007BEEA77AF4EEC77AF1EE10FAA8BF77EE3A
:103C2800C77AC4ED087AA1E5B84801200000000071
:103C380000008042BC9C0240DFEDB07A9FEDB07A74
:103C48002DE9F8432DED0A8B90ED00AAF0EE409A8D
:103C580007462AEE27AACAEE007AF4EEC77AF1EEF2
:103C680010FA42DAB7EE007AF4EEC77AF1EE10FAFB
:103C7800C0F2D480FDEEE77A97F8D93217EE906A51
:103C8800C7F8CC62C3BB97ED017AB5EEC07AF1EE06
:103C980010FA80F29A80F0EE048AD7ED027AF5EEF7
:103CA800C07AF1EE10FAC0F2A280B7EE00BAF4EED4
:103CB800CB7AF1EE10FA00F31D81B6EE007AF7EE3A
:103CC80000BAF4EEC77AB6EE007AF1EE10FAF4EE26
:103CD800C77A98BF37EEA7BAF1EE10FAC0F28B8018
:103CE8007BEEE7BA7BEEABBA85E0402697F8D9328F
:103CF800C7F8CC62002BC6D0D7F8B8120029C2DDAD
:103D0800DFED806A07F1B808B1424FF00003F0EE2A
:103D1800665A4046B0EE666AA8BF314642469942A6
:103D2800F0EE657AB0EE467A0ADDD2ED407AF5EE2D
:103D3800C07AB1EE677AF1EE10FA58BFB0EE677A42
:103D4800013376EE876AE2EC017A402BE7D1F7EE91
:103D5800007AF4EEE76AF1EE10FA0DDD002E87EE38
:103D6800A67A09DD08EB8606D0ED007A67EE877A39
:103D7800E0EC017A8642F7D1B5EE007AD7ED057A04
:103D8800F4EEC77AF1EE10FA4ADAF0EE477A69EE05
:103D9800A79ADFED5D7AF4EEE79AF1EE10FA48DBC8
:103DA800F4EECA9AF1EE10FA3AFE29AA4FF07F53C0
:103DB800002287ED1CAA07F16800BA677B67FEF747
:103DC80079FEBDEC0A8BBDE8F883F7EE007AB4EE15
:103DD800E77AF1EE10FA40F38680D7ED027ADFED4C
:103DE800498AF5EEC07AF1EE10FABFF65EAFF7EE4B
:103DF80000BA9FED44BAF5EE007AD7ED03AAF4EEC7
:103E0800E7AAF1EE10FA17DBF1EE007AF4EEE7AA72
:103E1800F1EE10FA62DDDFED3DAA0FE0012665E75D
:103E2800B3EE007AF4EE477AF1EE10FA77FE277ACD
:103E3800ADE7B0EE67AAB9E7DFED35AA9FED319A95
:103E480007F1B808F1EE688A0124B7EE00CAC14646
:103E5800F0EE49CA4546631EF0EE680AF0EE6C7A49
:103E68009E421DDD07EE904AB8EEE78AB0EE480A9A
:103E780012F09EF929EE888A14F0010FF0EE4C6AD0
:103E88004BFE2B7A27EE800AC8EE2A7A27EEA77A0D
:103E980027EE277AE7EE276AC0EE267A39EE279AC8
:103EA8000134E5EC017A412CD5D1F7EE007AB4EE75
:103EB800E79AF1EE10FACCBF87EE897AB0EE677A0E
:103EC800002E7FF759AF08EB8608D9ED007A67EE28
:103ED800877AE9EC017AC145F7D14DE7DFED0D7A34
:103EE8006AEEA7AAAAE777EEC78AF0EE047A68EE28
:103EF800A78AD2E6DFED03BA7DE700BF6666E63E35
:103F080000008042000000000000204200C05A4625
:103F180000C05A4400C05A452DE9F8431D4690F8A0
:103F2800D8322DED0A8BDDF84880002B00F0F680A2
:103F380090ED049A0446D0ED099AB5EEC09AF1EED8
:103F480010FA80F2EF809FEDB69A454580F26181C4
:103F580001EB85079FEDB3BA02EB8506DFEDB2AA48
:103F68009FEDB2AA04F128099FEDADCADFEDB0BA02
:103F780094EDB00AD4EDB17A94EDB27A77EEC07AC6
:103F8800A7EE270A84EDB00A12F042F8D4F8D0322E
:103F9800B0EE408A002B40F32F81013BD4ED007A2C
:103FA800C4F8D03288EE277AB5EEC07AF1EE10FA6E
:103FB80040F32081F6EE007AB4EEE77AF1EE10FADB
:103FC80000F3B980E7EE0B7AFCEEE77A17EE903A49
:103FD800D4F8BC22134407EE903AC4F8BC32B8EEC9
:103FE800678A28EE2A8A28EE0A8AB0EE480A12F072
:103FF80073FBF0EE408AB0EE480A12F069FAD4F882
:10400800CC3294ED2E8A012B20EE088A1BDD04F1B8
:10401800B801F0EE686AF0EE407A04F1BC0201EBF8
:10402800830160EE265AB2EC016A27EEC07A91420B
:10403800E8EEA75AA8EEA67AA6EE258AF0EE657AEB
:10404800F0EE476AEDD14846FEF740FED4ED266A09
:1040580094ED256AF0EE004A30EE664A94ED207A37
:10406800F0EE665A94ED1F2AD4ED237AB7EE005A83
:10407800D4ED212AE6EE075A94ED223A24EE077A87
:10408800D4ED243A35EE495A94F8D932A2EE067A9C
:10409800E4EE225A67EE277A97EE246AD5EEA46AF0
:1040A800E0EE037A84ED256AC4ED266AE5EEA37A8C
:1040B80069EE277AE5EE087A002B3FD094EDB77ABF
:1040C800D4EDB86A94EDB96A76EEC76AA6EE267A98
:1040D80084EDB77A67EE277A97ED007A0135A7EE77
:1040E800A97AA845A7EC017A96ED007AA7EEA97AF5
:1040F800A6EC017A7FF43CAF002B00F0828094F8A4
:10410800DA325BB1DFED4A7A94EDB77AB4EEE77A4A
:10411800F1EE10FA02D5002384F8D832BDEC0A8BF0
:10412800BDE8F883F7EE007AB4EE679AF1EE10FA7C
:1041380037FE899A09E74FF0004349E7D4F8A020F1
:10414800013A032A68D8DFE802F0391E150294ED17
:10415800297AD4ED2D6AA7EE667AB4EEEB7AF1EE01
:1041680010FA44D50022B0EE4C7A84ED29CAC4F87E
:10417800A02003E094ED2A7A84ED297AD4EDB56A7B
:1041880027EE267AA6E794ED297A94ED2A6AD4EDEB
:104198002C5A76EE476AA5EEA67A77EE466AF0EED6
:1041A800E66AF4EEEB6AF1EE10FA20D50322B0EEDF
:1041B800467A84ED296AC4F8A020DFE7F7EE086A9A
:1041C80094ED297AD4ED2B5AB7EE006A76EEC76AD9
:1041D800A5EEA67AB4EEC67AF1EE10FA07DB022253
:1041E800B0EE467A84ED296AC4F8A020C6E784EDCB
:1041F800297AC3E70023EBE62046FFF71DFD3F239E
:10420800CCE6D4F8A030002B88D1002384F8D8322B
:1042180084E794F8D9326FE7B0EE4C7AAEE700BF86
:10422800000000000000804F0000802FDB0FC94015
:1042380017B7D138D0ED027A90ED047AFBFE677A91
:10424800FDEEE77AB5EEC07A2DE9F04117EE906AF7
:104258000746042EA8BF0426F1EE10FA26EAE676F1
:104268002DED0A8BC0F29F80B7EE00AAB4EECA7A91
:10427800F1EE10FA40F39A806823504D03FB06F6DE
:10428800AB5D182B1A4628BF1822C7F8FC21002B53
:1042980000F085803C4606F10803DFED498A2E448C
:1042A8001C3497ED00CA97ED849A1D446CEE288A59
:1042B800DFED44AADFED449A04EB820849E0F4EE0E
:1042C800467AF1EE10FA76FE277A96ED016AD5ED78
:1042D8000F6A67EE867A97F818329FED3C0A9FEDD1
:1042E8003C7A67EEA67A2BB9F4EE477AF1EE10FA2B
:1042F80077FE277A67EE8C7A043480EE270A11F06D
:1043080013FEB0EE408AB0EE6B0A12F0E5F9B0EE9B
:10431800407A78EE087A28EE088AF0EE4A0A67EEC4
:10432800877A84ED178AB0EE4B0A44ED017A95ED51
:10433800078A11F03DFFB0EE40BAB0EE6B0A12F0FA
:10434800C7F8444528EE0B8A28EE000A84ED2F0AA8
:1043580025D0B5EC01BADFED1F6A6BEE097AF4EEF1
:10436800E87AF1EE10FA0FDA27EEAA7AD7ED037A97
:10437800B3EE0E6AF4EEE67AC7EE0CBAF1EE10FA76
:104388009DDAF0EE667AA0E7C4ED009A0434B0EE48
:10439800690AC4ED179A444584ED2F0AD9D1BDECBA
:1043A8000A8BBDE8F081BFEE00AA65E7F6EE007A59
:1043B80037EE677A37EE07AA5EE700BFE01A0120FA
:1043C8006666E63EDB0FC94000000000550CDDC004
:1043D8009A99993ECDCC4C3D10B52DED068B9FEDAD
:1043E800C69A0B46B0EE408A82B0B4EEC90A0446BB
:1043F8001146F1EE10FA40F31E82DFEDB27AB4EE08
:10440800E70AF1EE10FA00F17B81AF484C226360B5
:10441800206004F108000FF045FEDFEDAA7AB4EE43
:10442800E78AF1EE10FA00F17281A74B6365DFEDC0
:10443800A57AB4EEE78AF1EE10FA00F16A81A24B90
:10444800E366DFEDA07AB4EEE78AF1EE10FA00F148
:1044580062819D4A0123C4F88420C4F89830DFEDB6
:10446800997AB4EEE78AF1EE10FA00F1598196488C
:104478004FF07E5395490022C4F89C0004F1BC001B
:10448800C4F8A010C4F8A420C4F8A830DFED8D7AD1
:10449800B4EEE78AF1EE10FA00F16A818A4B0190D6
:1044A800C4F8BC30FEF706FB00230198C4F8C030FE
:1044B800FEF700FBDFED837AB4EEE78AF1EE10FA3F
:1044C80000F11782DFED8D7AF0EE678AC4ED3C7A51
:1044D800DFED7C7AB4EEE78AF1EE10FA40F17981EB
:1044E800DFED7F7A9FED7F7A68EE277A87EE270ADD
:1044F80084ED438A11F018FD9FED7B0A9FED7B9AAE
:1045080028EE000A89EE000A11F00EFD9FED780AE8
:1045180028EE000A89EE000A11F006FDD4ED027AB1
:1045280094ED090A94ED0AAA94ED0B9AB6EE007A76
:10453800D4ED0C9AB5EEC00A77EE877AF1EE10FA50
:10454800FDEEE77A17EE903A83F30203A366C4F808
:10455800803040F25A8120EE280ADFED627A87EE39
:10456800800A11F0E1FCF7EE007A37EEC00AB5EEEA
:10457800C0AA84ED400AF1EE10FA40F22F812AEE2B
:1045880028AA9FED5A0A80EE0A0A11F0CDFCF7EE30
:10459800007AF5EEC09A37EEC00AF1EE10FA84ED13
:1045A800410A40F2258169EEA89A9FED500A80EEF3
:1045B800290A11F0B9FCF7EE007AB5EEC09A37EE89
:1045C800C00AF1EE10FA84ED420A00F11B81F7EE01
:1045D800007AB4EE679AF1EE10FA37FE899A94EDF4
:1045E8000D0A84ED3F9AB5EEC00AD4ED0E9AD4EDCB
:1045F8000F8A94ED109AF1EE10FA40F2198120EE2C
:10460800080ADFED387A87EE800A11F08DFCF7EEA4
:10461800007A37EEC00AF5EEC09A84ED470AF1EE4B
:1046280010FA40F2028169EE889A9FED300A80EE16
:10463800290A11F079FCF7EE007A37EEC00AB5EED8
:10464800C09A84ED480AF1EE10FA40F2E18029EEB2
:10465800089A9FED260A80EE090A11F065FCF7EE2C
:10466800007AF5EEC08A37EEC00AF1EE10FA84ED52
:10467800490A00F1D780F7EE007AF4EE678AF1EE86
:1046880010FA77FEA88ABFEE007AD4ED127AC4ED4C
:10469800468AF4EEC77AF1EE10FA00F10E81B7EE11
:1046A800000AF4EEC07AF1EE10FA40F30B819FEDA8
:1046B800088A84ED508A84ED510A02B0BDEC068B5D
:1046C80010BD00BF8096184B00803B47B8BF813DA6
:1046D8002EBD3BB36666E63E00007A44DB0FC9C0D8
:1046E8000AD7233C549F8CBFCDCCCC3D8E5D93C064
:1046F800CDCC4C3E49FF15BB0000000000803B4775
:104708004C22083084ED000A63600FF0CBFC84ED86
:10471800158A84ED1B8A012384ED218AC4F8983018
:104728005FED147A38EE080A1FED157A04F1BC0023
:1047380068EE277A5FED176A84ED278A0190F4EE18
:10474800C77AF1EE10FA58BFF0EE477A67EEA67A0C
:1047580087EE800A11F0E8FB00230198C4F8A43022
:10476800F7EE007A37EEC00AC4ED2A7A84ED280AFB
:1047780084ED2F8AF0EE488A0190FEF79BF900231A
:104788000198C4F8C030FEF795F95FED2B7A1FED5C
:104798002B7A68EE277A87EE270AC4ED3C8A11F057
:1047A800C3FB1FED2F0A1FED2F9A28EE800A89EE12
:1047B800000A11F0B9FB1FED320A28EE800A89EED3
:1047C800000A11F0B1FBB5EEC08AF1EE10FA3FF71E
:1047D8007FAE1FED380A1FED378A89E6F5EEC09ADD
:1047E800B7EE000AF1EE10FA84ED410A3FF6DBAEAF
:1047F800B5EEC09AB7EE000AF1EE10FA84ED420A5F
:104808007FF5E5AE1FED449AE9E6B7EE000AAEE69D
:10481800F5EEC08AB7EE000AF1EE10FA84ED490A07
:104828007FF529AF5FED4C8A2DE7B7EE000A06E762
:10483800B7EE000AEFE65FED4F8A4C22436008307E
:1048480040ED028A0FF02EFCB5EEC08AF1EE10FAA8
:104858003FF7E3ADC4ED158A3FF7E9ADC4ED1B8A18
:104868003FF7EFAD4FF00103C4ED218AC4F898304B
:104878003FF7F5AD4FF07E532E4A04F1BC00C4ED6E
:10488800278AC4F8A02084ED299AC4F8A8303FF7F5
:10489800FDADC4ED2F8A0190FEF70CF900230198B5
:1048A800C4F8C030FEF706F9B5EEC08AF1EE10FA8A
:1048B8003FF700AE9FED200A6FE7B7EE008A9FED45
:1048C8001F0AF6E637EE808A9FED1D7AF5EE007A2C
:1048D80028EE078A28EE278AB0EE480A11F0FCFE77
:1048E800F0EE407AB0EE480AB0EE678A11F0F0FDBB
:1048F800DFE6DFED147AF0EE488A9FED130A68EEE2
:10490800277A84ED3C8A9FED119A80EE270A11F0F0
:104918000BFB9FED0F0A28EE000A89EE000A11F042
:1049280003FB9FED0C0A28EE000A89EE000A11F03D
:10493800FBFAD5E5B8BF813D49FF15BB0000000073
:10494800DB0F49400AD7233C549F8CBF8E5D93C030
:10495800CDCCCC3DCDCC4C3ED0ED117AF5EEC07A25
:1049680038B5F1EE10FA04462DED048B00F3FE8005
:10497800D0ED4D6A90ED4E7AF6EE005AD4ED038AEA
:1049880067EEA66A94ED4A9AB2EE0E6A68EEA58AB8
:1049980067EE877A9FEDC47AB0EE000AF0EE680AF7
:1049A80027EE868AD6EE860AC0EE870A11F000FC4A
:1049B80094ED157ADFEDBD6A29EE000AC0EE077A9C
:1049C800F4EEE67AF1EE10FA00F121819FEDB86A73
:1049D800F4EEC67AF1EE10FA00F3AF80F4EEE67A60
:1049E800C4ED177AF1EE10FA40F35881F7EE006A39
:1049F80086EEA77ADFEDAC0A84ED187A78EE888A1D
:104A0800B0EE000AC8EEA00A11F0D2FB94ED1B7AB2
:104A1800DFEDA66A29EE000AC0EE077AF4EEE67A20
:104A2800F1EE10FA00F1F8809FEDA16AF4EEC67A73
:104A3800F1EE10FA00F3F580F4EEE67AC4ED1D7A93
:104A4800F1EE10FA40F32D81F7EE006A86EEA77AB0
:104A5800D4ED216A9FED956A84ED1E7AF6EE007A10
:104A680029EE279AC9EE267AF4EEC67AF1EE10FA04
:104A780000F1C880DFED8E6AF4EEE67AF1EE10FA06
:104A880000F3D480F4EEC67AC4ED237AF1EE10FA7E
:104A980040F30181F7EE006A86EEA77A94ED4B6A3F
:104AA800D4ED140AD4ED086AD4ED457A60EE860A8E
:104AB80094ED058A84ED247AB0EE000AE6EEA70AA2
:104AC80011F076FBF3EE046A28EE000AD4ED007AC2
:104AD8009FED786AB6EE007AD4ED075AB4EE660A0E
:104AE80067EE867AF1EE10FA48BFB0EE660AB4EEC9
:104AF800670AF1EE10FAF4EEC75A37FE800AF1EEB3
:104B080010FA1FD5DFED6C6AD4ED277AB4EEE60A09
:104B180094ED068A37EEA77AF1EE10FA00F18B8051
:104B280067EE867AB4EEE70AF1EE10FA40F3AE804B
:104B3800DFED626A27EEA60A7FE09FED617A84EDD9
:104B4800176A57E7F2EE037AD4ED066A002304F1F8
:104B5800BC0084ED310AA6EEA77AC4F8CC3084ED07
:104B6800327AFDF7A7FFBDEC048B38BD4568BEEE71
:104B7800006A544B2A685449F0EE466A1344D0ED53
:104B88004D3A114490ED4E4A83EAD33243F0010383
:104B980041F0010CDFED4D4A03FB02F281EAD1330B
:104BA8009FED4B5A0CFB03F382EAD21042F03D0C06
:104BB800DFED485A0CFB0020424082EA923207EEB1
:104BC800102A83EAD312B8EE477AE7EE246A66EE33
:104BD800856AE3EEA56AC4ED4D6A296043F03D019C
:104BE80001FB0232534083EA933307EE103AB8EEE2
:104BF800477AA7EE246A26EE057AA4EE257A84ED94
:104C08004E7AB9E6B0EE467A84ED236A46E7B0EE0E
:104C1800667AC4ED176AEDE6B0EE667AC4ED1D6AF1
:104C280016E79FED277A84ED1D6A11E79FED247A38
:104C3800C4ED236A32E79FED280A80EE070A11F0D7
:104C480073F9F7EE007AB5EEC08A37EEC00AF1EED6
:104C580010FA84ED280A09D4DFED207AB4EEE78A49
:104C6800F1EE10FA0DDD9FED1E8A01E09FED0F8A2F
:104C78004FF07E5384ED298ABDEC048BC4F8A8302C
:104C880038BDF1EE007A28EE278AF1E7DFED0B7ADE
:104C980020EE270AD1E7B0EE467AFFE6B0EE667A54
:104CA800A8E6B0EE667AD3E600009644000000005D
:104CB80048E1FA3E6666E63E6F12833ADB0FC9C0EA
:104CC800BC9C0240F5792B6DEAF356DA0000802F80
:104CD800CDCC4C3D77BE7F3F2FE3CDBB6666863F8C
:104CE800666686409446B5EEC00A70B586460446A8
:104CF8000D46F1EE10FABCE80F002DED068BAEE87C
:104D08000F00BCE80F00AEE80F009CE80F00B0EE03
:104D180040AA8EE80F0040F3A381DFEDD37ADFEDE0
:104D2800D36AB4EEE70AF1EE10FA48BFF0EE406A33
:104D38002B68C4ED116A83B16B6873B1AB68002B43
:104D48000BDDEB68002B08DD2B69032B05DD591EF5
:104D5800C74A194218BF154600E0C54DAC4604F1D4
:104D68003005BCE80F000FC5DCF80010002301294E
:104D7800296005DD0120013300FA03F29142FADCD3
:104D8800D4ED127A0139F5EEC07AC4E91613F1EEC2
:104D980010FA40F2B281A16B77EEA77A481E86EE30
:104DA800A77A11D4626B0023043A02E001339942D6
:104DB8000AD0D2ED017A0432F8EEE77AB4EEE77A57
:104DC800F1EE10FAF2DB1846B5EEC0AA2066F1EE55
:104DD80010FA40F36981DFEDA47AB4EEE7AAF1EEA8
:104DE80010FA00F1EE8004F17C03A248A24904F114
:104DF8008005A24AA36700236066E167A26663672D
:104E0800DFED997AB4EEE7AAF1EE10FA00F18B81A2
:104E1800984B2846C4F88030FDF74CFE00232846FE
:104E2800C4F88430FDF746FEDFED8F7AB4EEE7AACA
:104E3800F1EE10FA00F16C819FED8CAA9FED900ABB
:104E4800F0EE4A9A84ED2DAA11F06EF8DFED8D7A16
:104E58009FED8D8A6AEE277A88EE270A11F064F8AA
:104E6800DFED8A7A6AEE277A88EE270A11F05CF875
:104E7800D4ED047A94ED059A94ED068AD4ED078A68
:104E8800F5EEC07AF1EE10FA40F2E78067EE8A7A22
:104E98009FED7F0A80EE270A11F046F8F7EE007AB8
:104EA80077EEC07AB5EEC09AC4ED317AF1EE10FA19
:104EB80040F2D08029EE0A9A9FED730A80EE090A23
:104EC80011F032F8F7EE007A77EEC07AF5EEC08A84
:104ED800C4ED327AF1EE10FA40F2AF8028EE8A0A79
:104EE800DFED697A87EE800A11F01EF8F7EE007A96
:104EF800B5EEC08A37EEC00AF1EE10FA84ED330A37
:104F080000F1A580F7EE007AB4EE678AF1EE10FAA8
:104F180037FE888AD4ED017A84ED308A87EEA97A43
:104F2800B5EEC07AF1EE10FA77DBF6EE007AB4EE61
:104F3800E77AF1EE10FA72DD4FF00043B2EE037A31
:104F4800D4ED0A6AF6EE007A626A9FED528A284624
:104F58002367E6EE877AC4F8882084ED248AC4EDB6
:104F6800237AFDF7A7FDBFEE007AD4ED0B7AF4EEB5
:104F7800C77AF1EE10FA47DBB7EE008AF4EEC87A8A
:104F8800F1EE10FA00F3BB8037EE888A9FED427A83
:104F9800F5EE007A28EE078A28EE278AB0EE480A4E
:104FA80011F09AFBF0EE408AB0EE480A11F090FA40
:104FB800B0EE408AC4ED358A84ED368ABDEC068BA6
:104FC80070BDF0EE4A9A04F17C002B4900232B4A6D
:104FD80004F1800584ED19AAA067E167A2666367FA
:104FE800284684ED20AAFDF765FD00232846C4F86D
:104FF8008430FDF75FFDDFED297A9FED257A6AEEB3
:10500800277A87EE270A1DE7F7EE008A84ED368AAD
:10501800C4ED358ABDEC068B70BD00238EE7B5EE76
:10502800C07AF1EE10FAF8DDDFED1D6AE7EE267AB8
:10503800FCEEE77A17EE903A80E7B5EEC08AB7EE55
:10504800000AF1EE10FA84ED330A7FF55BAF9FEDAD
:10505800118A5FE7F7EE007A38E7F7EE007A21E782
:10506800DFED026A64E600BF8096184B00803B477C
:10507800A028012000803B47979B28ADEC0A073FFA
:1050880049FF15BBCDCCCC3D8E5D93C0CDCC4C3EFD
:10509800549F8CBF00000000DB0F49400AD7233C17
:1050A8000000804F00803B471FED028A04F17C011D
:1050B8001E4A4FF000061E4B04F1800584ED198A44
:1050C800A3666667C4E91E123FF79AAE284684EDC8
:1050D800208AFDF7EFFC2846C4F88460FDF7EAFC57
:1050E800B5EEC0AAF1EE10FA3FF79EAEB0EE48AAB0
:1050F8009FED100AF0EE489AA4E6002064E6DFED82
:105108000E8A84ED368AC4ED358ABDEC068B70BDF7
:10511800DFED0A7A9FED0A7A6AEE277ADFED099ABF
:1051280087EE270A8EE6DFED079A59E7979B28ADA9
:10513800EC0A073F49FF15BB2EBD3BB30AD7233CFA
:10514800549F8CBF00803B472DE9F04F0446D0F8B0
:10515800B8002DED0E8B89B0209D002800F0BD8190
:10516800AB4294ED08BAD4ED00BA94ED02CAD4ED7E
:1051780003CA94ED34DA80F2B08102EB8307226E21
:1051880001EB8306E36B01EB850AE16D02FB03FB90
:10519800013B226CC1F1200807EE903AB6EE00AA56
:1051A800C446DFEDD6DAF8EEE79ADFEDD5AA9FED33
:1051B800D59A02FB0BFB9FEDD48A9046256DCDF85E
:1051C80010C0D4E91C390093236B0193A36D02939B
:1051D80093000593636D039353468A461946013835
:1051E800032800F28581DFE800F050342B02D4ED6B
:1051F8002F8AD4ED337AE8EEE78AF4EEED8AF1EE01
:1052080010FA40F16781F0EE6A8A0023C4ED2FAAF4
:10521800C4F8B8302CEEA8EA6DEE288AE36E07EEE3
:10522800903AB8EE670A60EE097AB9F1040F00F215
:105238005C81DFE819F00401F600ED00E5004500A7
:10524800D4ED307A2CEEA7EAC4ED2F7A6DEE278ADA
:10525800E4E7D4ED2F8AD4ED307AD4ED326A37EE14
:10526800E87AE6EE878A38EEE77AB0EEC77AB4EEE7
:10527800ED7AF1EE10FA40F12D810323F0EE678A02
:10528800C4ED2F7AC4F8B830C4E7B7EE087AD4ED85
:105298002F7A94ED316AF7EE006A37EE677AE6EE18
:1052A800077AF4EEE67AF1EE10FACBDB0223F0EEA1
:1052B8004D8AB0EE6CEAC4ED2F6AC4F8B830ADE799
:1052C80094ED1A0A2CEE000A00981B18E36627D3FF
:1052D800A06F28B30368F0EE006ABFEE007A03F10E
:1052E800DA4303F52D1303F567533533036083EA77
:1052F800D33043F0010300FB03F383EAD31043F0F8
:105308003D0C0CFB0030434083EA933307EE903AA0
:10531800F8EE677A67EE897AA7EEA67A84ED1A7AAC
:105328003BEE800A30EE0E0AB5EEC00AF1EE10FA36
:1053380080F2908069EEAA7AB0EE6A0ABDEEE77A4A
:10534800049B019A25FA03F084ED130A17EE103A2C
:10535800F8EEC76A00F1010C03FB08B377EEE66AC2
:1053680002EB8303029A0CEA020C05FA0AF203EB39
:10537800800EF5EEC06A07EE102A8000DEED007A96
:1053880003EB8C0EB8EE477A4FEA8C0C9EED006A60
:10539800F1EE10FA27EE097A36EE676AE7EE067A3A
:1053A8000FDD059A13441844634490ED006AD3ED69
:1053B800005A75EEC65AA7EE256A36EE676AE6EE1B
:1053C800867AB4EECABA039B1D44F1EE10FA25653D
:1053D8004ADA67EEA87AD4ED356A96ED007AA6EE39
:1053E800A77AA6EC017A8E4297ED007AD4ED366A58
:1053F800A6EEA77AA7EC017A6FD0D4F8B800EEE64B
:10540800F4EECA7AF1EE10FA6CD5B0EE4C0A5BE70E
:10541800B0EE007ABFEE000AA7EE870A2CEE000A6B
:1054280052E7F4EECA7AB1EE007AF1EE10FAF1D44E
:10543800B0EE080AA7EEC70A2CEE000A44E727EEEA
:10544800880ACDE9063111F043F82CEE000ADDE9AF
:10545800063139E7B7EE007AB4EEC70AF1EE10FA72
:1054680033DC60EE297A69E794ED2C6AF0EE004AA5
:10547800D4ED2B5A37EEC64A94ED267AB0EE465A4A
:10548800D4ED253AD4ED296AD4ED272AA5EE875A1A
:1054980094ED283A24EE077AA3EEA57AD4ED2A3AB9
:1054A800A4EE225A67EE266AD7EE245A95EE246AAD
:1054B800B0EE667AA7EE837AC4ED2B5A84ED2C6A97
:1054C800F0EE477AE5EE237A83E7F0EE697AB0EEFC
:1054D800470A33E7C4ED2F8A9CE609B0BDEC0E8B72
:1054E800BDE8F08FB1EE4C0AEEE62CEE2A0AEBE6A8
:1054F8002CEEAAEA6DEE2A8A90E600BF17B7D138DB
:10550800000000000000802FDB0FC940B5EEC00A84
:105518008C4630B5F1EE10FA04462DED068BB0EE50
:10552800408A83B040F3EA80DFED807AB4EEE70A80
:10553800F1EE10FA00F1CC8005467D4B45F8043BAE
:10554800BCE80F000FC59CE8030085E80300DFED09
:10555800777AB4EEE78AF1EE10FA00F1C38004F22C
:105568008450DFED727AB4EEE78AF1EE10FA00F1BA
:10557800D880DFED707AB0EE677A02230025C4ED9B
:10558800077A236380ED007A0190FDF793FA01987A
:10559800C4F88855FDF78EFA8022294604F13400B4
:1055A80012F0BEFF4FF48072294604F1B800C4F827
:1055B800B45012F0B5FF8022294604F5DE70C4F815
:1055C800B85112F0ADFF4FF48072294604F51070FF
:1055D800C4F83C5212F0A4FFB5EEC08AC4F8405398
:1055E800F1EE10FA40F38580DFED507AB4EEE78AE9
:1055F800F1EE10FA7DD5DFED507AF0EE488A9FED96
:105608004F7A68EE277A87EE270A04F5B7659FED8B
:105618004CAADFED4C9AC5ED008A10F085FC9FED91
:105628004A0AB7EE009A28EE800AFFEE00AA8AEE30
:10563800000A10F079FC9FED450A28EE800A8AEEF0
:10564800000A10F071FC9FED3D0A68EEA97A80EE21
:10565800270A10F069FCF5EE007A39EE400A68EE88
:10566800A77A85ED040A8AEE270A10F05DFCDFEDC3
:10567800387A39EE400A68EEA78A85ED050A8AEE7F
:10568800280A10F051FCDFED337A4FF07C53EB60C1
:1056980068EE277A39EE400A85ED060A8AEEA70AEF
:1056A80010F042FC04F2DC5304F5BC6479EE407A55
:1056B80068EE299AC3ED007A8AEEA90A10F034FC44
:1056C80039EE400A84ED000A03B0BDEC068B30BD0C
:1056D8000546BCE80F00A5EC010A0FC59CE80300CD
:1056E80085E80300F0EE487A04F28450B0EE487A78
:1056F80043E79FED190ADFED0F8A86E70546DFEDE0
:105708000D7ABCE80F00E5EC017A0FC59CE80300B0
:1057180085E803003FF71BAF04F284507FF72BAFF7
:105728001FE7B0EE487ADFED037A26E78096184B3C
:1057380000803B4700803B470AD7233C549F8CBFDF
:105748008E5D93C0A69B443BCDCCCC3DCDCC4C3E8E
:105758008FC2F53DA69BC43A49FF15BB2DE9F04F12
:105768002DED0C8B97B0019390F8F935CDE9121215
:10577800002B00F07C82B6EE007AD0ED027AD0EDF4
:1057880001AA044677EE877AF5EEC0AAFDEEE77A1D
:1057980017EE909AB9F1060FA8BF4FF00609B9F1B4
:1057A800010FB8BF4FF00109F1EE10FA80F27B83C8
:1057B80094ED03AADFEDC7AAB5EEC0AAF1EE10FA80
:1057C800C0F28183F7EE007AB4EE67AAF1EE10FA20
:1057D80037FE8AAA04F2F4532C9AD4ED069AD3ED34
:1057E800007A1193019B69EEA79A934280F24C8448
:1057F800D4F8EC35B7EE008ADFEDB78A04F28457A7
:10580800039304F2D4539FEDB39A059304F5BB6355
:10581800069304F5BE63109304F2C4430F93AF4B91
:1058280003F13C0604F24453079304F2045315931E
:1058380004F55173149304F571730A93039B002BB9
:1058480040F36883102BA8BF1023059AF1EE0C3A99
:10585800019938EE4A3A92ED005A069A6AEEA33A4E
:105868000F9DD2ED004A2C9A94ED094A521A94F8E9
:10587800F815DFED9B2A9A42DFED9A5A08460991FE
:10588800A8BF1A4613460292920005EB830E04F253
:10589800E453049204F2DC529C460892DDF820801E
:1058A800914ACDE90D57119FCDE90B94002800F0DE
:1058B8001283D7ED007AF4EEC57A77EEC57AF1EE69
:1058C80010FACCBF98ED007A9CED007AA7EE875AC3
:1058D800B4EEE45A75EE647AF1EE10FACCBF04F532
:1058E800BC6304F5BD6393ED007AD4F8BC35E7EEEC
:1058F800874A013B032B00F2CB83DFE813F0B202A7
:105908009502CB02BD01DFED731A71EE211A36EE56
:10591800046AB4EEC86AF1EE10FAA8BF36EE486A17
:1059280084ED086AE5EC011AAE45BFD1069B9FEDF0
:105938006F6AC3ED004AD4F8B450059BDDE90B90BB
:10594800DDE90DC783ED005AA5F108035CF8041BD7
:1059580004EB8502B0EE467A03F01F03DFED5D7AB3
:1059680051632A4604EB83035C495B6BC0F84433FC
:1059780001E0B1EC017A02F01F038E4202F1FF321E
:1059880004EB8303D3ED0D6AE6EE877AF1D177EE67
:10599800A77A0135E64500F1080005F01F05C0EDBE
:1059A800D07AD1D1029B4FF0000EDDF85080C4F8B8
:1059B800B4504FEA430B0A9DC2469FED4C6AD4F897
:1059C8003C02AC46A0F1080358F8041B04EB800223
:1059D800B0EE467A03F01F03DFED3E7AC2F8BC1141
:1059E800014604EB83033D4AD3F8BC312B6001E048
:1059F800B2EC017A01F01F03964201F1FF3104EB8A
:105A08008303D3ED6F6AE6EE877AF1D10EF1010ECA
:105A180077EEA77A01300835F34545ED017A00F0B5
:105A28001F00CFDC1599B5EE005A0A9BF1EE005A1B
:105A38000D460499B0EE006AC4F83C02F0EE084A3C
:105A480003F1100005EB010EF5EC016AA0F110015D
:105A5800B1EC017A0023F0EE487A0133E6EE877A5A
:105A680027EE857ABBFE477AE7EE657AF4EEC67ACA
:105A7800F1EE10FA4CBF37EEC87A34EEE77A994562
:105A8800E9D1884201ED017AE2D1AE4500F110007A
:105A9800DAD1F6EE005A9FED156AD4F840534FF06C
:105AA800000EA5F10803DCF8000004EB8501B0EE58
:105AB800467A03F01F03C1F8400204EB8303DCF8C5
:105AC8000400C1F8C002691ED3ED907A034867EE5E
:105AD800A57A0FE0000000000AD7A33C3417002085
:105AE80017B7D13800008042B428012086879CB8B7
:105AF800B0EC017A01F01F03824201F1FF3104EB9F
:105B08008303D3EDB06AE6EE877AF1D10EF1010E88
:105B180001350CF1080CEAEC017AF34505F01F0594
:105B2800BFDCDDF81CE0F6EE005A029BC4F84053D7
:105B3800F4461FED126A04EBC308D4F8B8012546F1
:105B4800A0F10803D5F8441304EB8002B0EE467ABE
:105B580003F01F03C2F8B81004EB8303D5F8481309
:105B6800C2F83811421ED3ED2E7ADF4967EEA57AC6
:105B780001E0B1EC017A02F01F038E4202F1FF321C
:105B880004EB8303D3ED4E6AE6EE877AF1D108354C
:105B98000130EEEC017AA84500F01F00D0D1109B2F
:105BA800B0EE004A0499D3ED001A079B129A1944E3
:105BB800C4F8B801019B139802EB830200EB83033E
:105BC800BCEC015AD7ED0C6A97ED0B6A8C4575EE63
:105BD800664A97ED067AF0EE665A97ED052AD7EDF4
:105BE800097AD7ED072AE6EE075A97ED083A24EE28
:105BF800877AD7ED0A3AA2EE067AE4EEA25A67EE61
:105C0800277A97EE046AD5EE846AE5EE037A87ED83
:105C18000B6AC7ED0C6AE5EEA37A92ED007A61EEA5
:105C2800A77AA7EEA97AA2EC017A93ED007AA7EEFB
:105C3800A97AA3EC017AC3D1DDE902135A1A019BB0
:105C480003920B44C4F8EC252C9A01939A423FF72F
:105C5800F5AD099B5BB904F5BB63DFEDA47A93ED61
:105C6800007AB4EEE77AF1EE10FA00F1FF8117B08E
:105C7800BDEC0C8BBDE8F08F04F5B763D3ED027A69
:105C880093ED067AE7EEC77AF4EEE27AF1EE10FACF
:105C980040F12481F0EE497A83ED029A0023C4F89A
:105CA800BC356AEE277A73EE277AF0EE486AB6EECC
:105CB800007AE3EEA76AF1EE007AC5ED106A94ED7A
:105CC800086AB4EEC76AF1EE10FA40F1FF80FFEE01
:105CD800001AE6EE271AB5EEC04AF1EE10FA7FF781
:105CE80016AEF3EE000AB2EE000A24EE20BA24EE55
:105CF800000A36EE4B7A76EE0B7ABAFE477ABDEE9C
:105D0800C77AFBFE677AFDEEE77A17EE103A17EED0
:105D1800901A8B4200F3E580D4ED0ABA01319FED69
:105D2800741A12E0F8EEE77ADBED006A9BED012ABF
:105D3800013337EE677A8B4232EE662AF0EE667AE6
:105D4800E7EE027AA0EE271A1DD007EE903AB0EEE1
:105D5800607AF8EEE77A76EE677AA7EEAB7A27EE06
:105D6800257AFBFE477AFDEEE77A17EE909AB9F5A9
:105D7800006F02EB890BD5D30133F0EE497A8B42E1
:105D8800A0EE271AE1D1F6EE000A31EE811AB1EE43
:105D9800400A76EE600A70EECB7A30EE8BBAFAFEE5
:105DA800677AFDEEE77ABBFE4BBA17EE903AFDEE46
:105DB800CB7A17EE901A8B423FF7A5ADF3EE00BAF7
:105DC80094ED0ABA0131DFED4A1A13E0F8EEE77AEA
:105DD800DBED006A9BED012A37EE677A32EE662A20
:105DE800F0EE667AE7EE027A0133E0EE271A8B428C
:105DF8003FF48BAD07EE903AB0EE6B7AF8EEE77AA7
:105E080070EEE77AA7EE8B7A27EE257AFBFE477AC3
:105E1800FDEEE77A17EE909AB9F5006F02EB890B61
:105E2800D4D3F0EE497ADFE704F5B763D3ED027A0D
:105E3800D3ED036A93ED056A36EEE77AE6EE077A64
:105E480037EEE67AB0EEC77AB4EEE27AF1EE10FAFF
:105E580044D5C3ED026A0323F0EE667AC4F8BC3574
:105E68001FE704F5B763B7EE087AD3ED027AD3EDEE
:105E7800046A37EE677AE6EE877AF4EEC87AF1EECE
:105E880010FA0BDB83ED028A0223F0EE4A7AC4F89B
:105E9800BC3508E704F5B763D3ED037AC3ED027A9E
:105EA8006AEE277AFFE6F7EE007A94ED03AAF4EE9D
:105EB80067AAF1EE10FAB5EEC0AA77FEAAAAF1EE2B
:105EC80010FABFF67FAC9FED0AAA83E4F0EE081A39
:105ED800E6EE671AFFE6F0EE497AECE4C3ED027AE3
:105EE800DFE69FED031A4EE73417002017B7D138C5
:105EF800000000003333B33ECDCC4C3FCDCC4C3EFC
:105F08003333333F9A99993EDA730F413C4DAA4097
:105F1800DA735F41D4ED057AF4EEE87AF1EE10FA1F
:105F28007DDBB1EE047AF4EEC77AF1EE10FA00F3F5
:105F380093801FED10CA27EE8CCA059BFFEE00CA9E
:105F48005FED135A93ED007A1FED140A38EE477A85
:105F5800069B5FED156AD3ED00BAA7EE250A1FED83
:105F680017BA38EE6B6A94ED00DAA6EE26BA20EE80
:105F7800270A20EE0D0A8CEE800A0FF0D5FF04F2F6
:105F8800E4536BEE0C7A38EE407A67EE8D7A83ED47
:105F9800007A8CEEA70A0FF0C7FF04F5BD63F5EE93
:105FA800C0BA38EE400AF1EE10FA83ED000A49DB78
:105FB800F4EEC8BAF1EE10FA49DC1FED2D7A5FED68
:105FC8002D7AEBEE877A94ED04BAB5EEC0BAF1EE0D
:105FD80010FA29DA67EE897A1FED330AB0EE49BA6A
:105FE80030EE270A10F014F82B4B384687ED020ADA
:105FF800FB6087ED049AFCF75DFDF0EE480ADFEDE3
:10600800277AB0EE6B0AEBEE670A10F0D1F8109B16
:1060180083ED000A1023C4F8EC35039315E4F0EE81
:10602800687A9FED1FCA88E7B4EEC8BAF1EE10FA95
:1060380017DC38EE4B0A9FED1B7A67EE8B7A20EE61
:10604800070ACDE7F0EE49BADFED177ABBE7F7EEBE
:1060580000BADFED167AB6E7B7EE0CCAF0EE477A6B
:106068006BE7B7EE00BAB0EE490AB9E704F2D453C9
:1060780093ED007AB4EEE77AF1EE10FA7FF5F7AD1A
:10608800099B84F8F935F2E594F8F8350993E0E5C9
:106098006AEE097A07E600BF9A99193F3333333F0E
:1060A8004160E53BDA735F413C4DAA40789A644110
:1060B800714A01FB00F3A2FB03238E222DE9F04372
:1060C8009B096E4C43F6202747F2404604F10C0E1C
:1060D8000C336B4D02FB00724FF0050CA5FB0281DF
:1060E800B242A2EB010204D901EB5201890B01F182
:1060F800040CA645634402D054F8042FEAE700F2E2
:1061080044725F4D1201A5FB024143F62024521A46
:1061180001EB52014FF4287202FB004447F240425F
:10612800890B944201F1080140F29480A5FB0425F3
:10613800641B05EB5405AA0B41F2651543F62024B0
:1061480005FB004447F24045AC4240F293804C4F77
:10615800A7FB0457E41B07EB5407BF0B4FF4E1659B
:1061680043F6202405FB004447F24045AC427FD962
:10617800434EA6FB0456A41B06EB5406B60B40F68A
:10618800886543F6202405FB004447F24045AC42AD
:106198006CD93B4DA5FB04C5641B05EB5405AD0B41
:1061A8004FF4637C43F620240CFB004447F2404C38
:1061B800644558D9DFF8C8E0AEFB04CEA4EB0E0462
:1061C8000EEB540E4FEA9E3E41F2790C43F6202422
:1061D8000CFB004447F2404C644541D9DFF8A0C0AD
:1061E800ACFB048CA4EB0C040CEB540C4FEA9C3C69
:1061F8004FF4266443F6202804FB008847F2404405
:10620800A0452BD91E4CA4FB0894A8EB040804EB6A
:106218005804A40B43F6202840F65B4909FB00808C
:1062280047F24048404517D9DFF85480A8FB00984A
:10623800A0EB080008EB5000800B03EB4103203370
:1062480013443B4433442B44734463442344184469
:10625800BDE8F08301226FE70120EEE70124D9E7CA
:106268004FF0010CC4E74FF0010EADE7012597E7A9
:10627800012684E7012771E7D34D6210B817012082
:10628800E9A4DD19B5EEC00A2DE9F04FF1EE10FAD8
:106298000446884616461D462DED028BB0EE408A10
:1062A80083B040F39780DFED557AB4EEE70AF1EE5C
:1062B80010FA71D407EE903A9FED517A514BF8EEEF
:1062C800677AC0F8B431002367EE877A80F8D8314E
:1062D800C0ED6E7ADFED4C7AB4EEE78AF1EE10FA93
:1062E80070DCF6EE007A78EE277AFCEEE77A17EEA5
:1062F80090AAB8F1000F65D0294617EE900AFFF76B
:10630800D7FEB0425ED80AFB05F3404A002140465A
:10631800A2FB0323F6EE088AC4F8188026469B09D8
:10632800DFF8F4B0DFF8F49003F10C050833AA00A5
:106338002362E561019212F0F3F80023019A636287
:106348008E2343F62021324803FB0A130521A0FBC4
:10635800030747F240408342A3EB070307EB5307C9
:1063680036D9BF0B391D08EB02000D448A00706353
:10637800C6E90E170021183612F0D2F80023F7628A
:10638800B362244BC6ED0C8A5B4549D05BF8043FE9
:10639800AA00F9EC018AD4E707EE903A9FED187A43
:1063A80084ED6D0A0023F8EE677A80F8D83167EE3D
:1063B800877AC0ED6E7ADFED147AB4EEE78AF1EEF3
:1063C80010FA8EDD002003B0BDEC028BBDE8F08F23
:1063D8000127C8E707EE903A9FED097A094BF8EED6
:1063E800677AC0F8B4314FF0000367EE877A80F817
:1063F800D831C0ED6E7AE5DD6CE700BF8096184BAA
:106408006F12833A00803B470000804BD34D6210E7
:10641800E9A4DD19C4170120B81701207417012059
:106428000AF244724FF42873A04F43F62021120158
:1064380003FB0A11A7FB020308EB8500D21A03EB42
:10644800520247F24043920B994202F1080600F2C9
:106458002F820127BA190021C4F89400C4F89C209F
:1064680004321544C4F89820920012F059F841F209
:10647800651343F6202208EB8500C4F8A47003FBDB
:106488000A220023C4F8A030894BC4F8A83047F288
:1064980040439A4240F24C82844BA3FB0213D21A27
:1064A80003EB52039F0B3A1D15440021C4F8FC70FE
:1064B800C4E93D02920012F033F84FF4E16343F669
:1064C800202208EB8500C4F8047103FB0A2200238C
:1064D800C4F8003147F240439A4240F22682734B97
:1064E800A3FB0213D21A03EB52039F0B3A1D154468
:1064F8000021C4F8B470C4E92B02920012F010F81D
:1065080040F6886343F6202208EB8500C4F8BC7087
:1065180003FB0A224FF07C53C4F8C0300023C4F8B0
:10652800B83047F240439A4240F2FC815F4BA3FBEC
:106538000213D21A03EB52039F0B3A1D1544002194
:10654800C4F81071C4E94202920011F0E9FF4FF457
:10655800637243F6202308EB8500C4F8187102FB28
:106568000A330022C4F8142147F24042934240F211
:10657800D7814E4AA2FB03129B1A02EB5302970BD8
:10658800BA190021C4F8C400C4F8CC200432154458
:10659800C4F8C820920011F0C3FF454B43F62022EF
:1065A80008EB8500C4F8D83041F27903C4F8D470F8
:1065B80003FB0A220023C4F8D03047F240439A4232
:1065C80040F2AB81394BA3FB0213D21A03EB5203FF
:1065D8009E0B321D15440021C4F82461C4E947020A
:1065E800920011F09DFF4FF4266343F6202208EB3A
:1065F8008500C4F82C6103FB0A220023C4F8283163
:1066080047F240439A4240F28581284BA3FB02138C
:10661800D21A03EB52039E0B371DBA000021C4F8AF
:10662800E460C4E9370711F07BFF4FF07C5240F675
:106638005B43E819C4F8F02043F62022002108EB58
:10664800800003FB0A2247F24043C4F8EC609A42F8
:10665800C4F8E81040F25B81144BA3FB0213D21A72
:1066680003EB52039D0B2A1DC4F83851002104F591
:10667800BC77DFF84090DFF840800C4EC4E94C024C
:10668800920011F04DFF0023C4F840513846C4F879
:106698003C3104F5CA7540F261134FF4857243F634
:1066A800202E47F2404C019412E000BFE9A4DD1906
:1066B8003333333F801701209C1701200082E846BE
:1066C800CDCC4C3D8096184B59F8042F58F8043F10
:1066D80002FB0AE2012403FB0AE3A6FB02B16245BE
:1066E800A2EB010201EB520188BF8C0B63454FF00E
:1066F800010140F8044FA6FB0342A3EB020302EB9F
:10670800530288BF910B8542C161DDD1B2EE007A98
:106718005FED166A5FED167ABFEE000A019C28EE5F
:10672800077A68EE277AC7EE268A80EE270AC4ED34
:106738006F8A0FF0F9FB1FED1D7AF7EE007AB4EEC1
:10674800C78A37EEC00AF1EE10FA84ED0A0A40F162
:10675800B68087EE887A04F5AE71924A924B84ED42
:10676800518AC4F84831C4E95612B5EEC07AF1EE40
:1067780010FA80F2E3800023C4F85031DFED8B7A01
:10678800884A87EE887A884B84ED588AC4F8643141
:10679800C4E95D72B5EEC07AF1EE10FA80F2DA80E3
:1067A80000234FF0804101220E9E254684F8D8210F
:1067B800C4E95A130FCE0FC5D4ED007AF5EEC07AAE
:1067C80096E80300F1EE10FA85E80300C0F2908025
:1067D8009FED777AF4EE477AF1EE10FA77FE277A92
:1067E80094ED017AC4ED007AB5EEC07AF1EE10FAB4
:1067F800C0F28A80DFED6F7AB4EE677AF1EE10FAB4
:1068080037FE877AD4ED027A84ED017AF5EEC07A04
:10681800F1EE10FA75DBB7EE007AF4EE477AF1EE96
:1068280010FA77FE277A94ED037AC4ED027AB5EE72
:10683800C07AD4ED6E7AF1EE10FA5FDBB4EEE77A47
:10684800F1EE10FA77FE877A94ED047AC4ED037AB4
:10685800B5EEC07AF1EE10FA4DDBF0EE006AB4EE58
:10686800667AF1EE10FA36FE877AD4ED056A84ED81
:10687800047AF5EEC06AF1EE10FA5CDBB7EE006A56
:10688800F4EE466AF1EE10FA76FE266A68EE277A8A
:10689800012028EE877AC4ED056AC4ED0B7A84EDF1
:1068A800707AC4ED0C7A03B0BDEC028BBDE8F08FB2
:1068B800A7FB0137C91B07EB5107BF0BCAE504F556
:1068C800AE7238493C4B3D48C4F84431C4F85001D5
:1068D800C4E95621344AC4F848213FF54FAFC4F8FB
:1068E80060314FF2AB43C4F86421C4E95D7158E7E5
:1068F800DFED337A74E79FED327AB6E7DFED307A71
:10690800A2E7DFED2F7A8EE79FED2D7A7AE7052251
:106918000125A9E6052701267FE60522012659E675
:1069280001272DE60522012708E605220127DEE5D5
:1069380005220127B8E5DFED226AA7E7F6EE007A1F
:10694800B4EEE77AF1EE10FA1DDD4FF00043C4F81B
:10695800503113E7F6EE007AB4EEE77AF1EE10FA6A
:1069680002DD4FF000431CE7B5EEC07AF1EE10FAF5
:106978007FF716AFDFED136AE7EE267AFCEEE77ACB
:1069880017EE903A0DE7B5EEC07AF1EE10FA7FF700
:10699800F2AEDFED0C6AE7EE267AFCEEE77A17EE48
:1069A800903AD4E7979B28ADEC0A073F3333333F3F
:1069B80048E17A3FA4707D3F00803B47865D010037
:1069C800000000000000804F2DE9F04F04462DED37
:1069D800108B94F8D851BDB05698002D00F035862C
:1069E800F7EE009A94ED05BA834294ED009AD4ED3F
:1069F80001AA79EECBBAD4ED02EA80F2268602EB40
:106A08008302D4ED297A01EB830379EEEAAAB8EE82
:106A180067EA0C920D9301EB8003D4ED357AF6EE1C
:106A2800008A3993B0EE00AA636CF8EE67DAF0EEEC
:106A380004CA9FED5EDA013B3EEE69EA7DEEE9DAD3
:106A48009FED57FA3493E36D9FED568A013B9FED16
:106A580056CA3393636F013B3293D4F88C30013BB1
:106A68003193D4F8BC30013B3B93D4F8EC30013B74
:106A78003A93A3690B93E3691A93636B3593A36BFA
:106A88002293E36C3693236D2193636E3793A36E41
:106A98002093E36F3893D4F880301F93D4F8943060
:106AA8000993D4F898301593D4F8F4300393D4F8B4
:106AB800F8301493D4F8AC300F93D4F8B03019935D
:106AC800D4F808310893D4F80C311893D4F8C430AA
:106AD8000A93D4F8C8301393D4F81C310293D4F82D
:106AE80020311293D4F8DC301093D4F8E0301793A7
:106AF800D4F830310793D4F834311693D4F87C3174
:106B08003093D4F880312F93D4F884312E93D4F86D
:106B180088312D93D4F88C312C93D4F890312B9361
:106B2800D4F894312A93D4F898312993D4F89C3125
:106B38002893D4F8A0312793D4F8A4312693D4F815
:106B4800A8312593D4F8AC312493D4F8B0312393E9
:106B5800636AD4F840800093D4F8E830C346D4F888
:106B6800D0900493D4F8B830D4F888500593D4F86A
:106B7800A030AA46266F0E93D4F80431B046A76D0C
:106B88001B93D4F81831CDF84490B9461C93D4F827
:106B98002C311D93D4F840311E9300F005BC00BF82
:106BA8000000802FDB0FC9409A99193F00000000B0
:106BB800E36B02339342A8BF13460BF1FF32D21A9C
:106BC80001D5229B1A44359BD4ED126A03EB82024D
:106BD80003EB8B030BF1010B92ED007A339AE6EE8F
:106BE800877AC3ED007A94ED126A229BA7EEC67AE3
:106BF8009B4508BF4FF0000B002AC4F840B0F0EEE8
:106C0800476AC0F29584636D02339342A8BF134666
:106C180009F1FF32D21A01D5219B1A44369BF0EEB6
:106C2800667A94ED186A03EB820203EB890309F193
:106C3800010992ED007A329AE6EE077AC3ED007AFE
:106C4800219BD4ED186A994508BF4FF00009002A26
:106C5800A7EEE67AC4F85890C0F26784E36E023370
:106C68009342A8BF134608F1FF32D21A01D5209BE0
:106C78001A44379BD4ED1E6A03EB820203EB8803A8
:106C880008F10108D2ED007A319AA6EEA77A83EDD1
:106C9800007A209BD4ED1E6A984508BF4FF0000883
:106CA800002AE7EE667AC4F87080C0F24884D4F807
:106CB800843002339342A8BF13460AF1FF32D21A36
:106CC80001D51F9B1A44389B94ED247A03EB82026A
:106CD80003EB8A030AF1010AD2ED00FAE7EE2F7AF4
:106CE800C3ED007AD4ED706A1F9BF5EE406A94ED0F
:106CF800247A9A4508BF4FF0000AE7EEC7FAF1EE8A
:106D080010FAC4F888A040F06084F0EE4D7A5FED88
:106D1800596A77EE8E7A94ED757AB0EE6F5AF4EE82
:106D2800E97AA7EE095AF1EE10FAC0F2048494ED5C
:106D3800277AB8EE470AF4EEC07AF1EE10FA00F3BB
:106D48006184BDEEE77AB8EEC70A17EE102A37EE6F
:106D5800C00A0E9B013B9B1A5A1C01D515990A447F
:106D68000999002B01EB8202D2ED005AC0F2D383BD
:106D7800099A02EB830292ED007A5A1E002B00F06A
:106D8800D1830999023B01EB8202D2ED003A01D589
:106D9800159A1344F0EE657A099A37EE636AD4EDD2
:106DA8002A4A02EB8303F7EE082AE7EE6C7A0E997B
:106DB80093ED003A33EEE54A26EE226A02EB8103B0
:106DC80073EE655A039AE3EE8A7AA5EEA86AE3EEB3
:106DD800687AE6EE007A67EE807AE4EE287AA7EE23
:106DE800807AA4EE875A83ED005A4B1CD4ED2A7A98
:106DF8001599A5EE677A8B4208BF00231499C4F849
:106E0800A0300E93D4F8003102EB830282ED007AB1
:106E18005A1C8A4200F09683C4F800211B9A002A63
:106E2800C0F21084D4F8FC201B9902328A42D4BFE5
:106E3800991A591A0029C0F26B83039AD4ED727A11
:106E480002EB810191ED007A3B9937EE677A0029D0
:106E5800E7EE2A7AC4ED727A67EE897AC0F2538334
:106E6800D4F8B42002328A42A8BF0A4605990139EB
:106E7800891A01D5199A11440F9A94ED306A02EBD8
:106E8800810191ED007A0599E6EE077A02EB81021D
:106E9800C2ED007A4A1C19998A4200F0818305994B
:106EA800CDE9052194ED306A059AA7EEC67AD4F8A3
:106EB8001411C4F8B820089A189802EB810282EDE0
:106EC800007A4A1C824200F05983C4F814211C9AA3
:106ED800002AC0F2B383D4F810211C9802328242EF
:106EE800D4BF881A081A0028C0F20A8376EEAD6A61
:106EF800089AD4ED747A02EB8000F4EEE96AE7EEC2
:106F080089FAD0F800E0F1EE10FAC0F2F282D4ED7E
:106F1800337AF8EE677AF4EEE76AF1EE10FA00F3E6
:106F28006883FDEEE67A17EE900AF8EEE77A76EED9
:106F3800E76A119A013A121A501C01D5139D284488
:106F48000A9D002A05EB800090ED005AC0F2C78226
:106F58000A9800EB820090ED007A501E002A00F09B
:106F6800C5820A9D023A05EB8000D0ED003A01D5B2
:106F780013980244F0EE457A0A9837EE636AD4ED26
:106F8800364A00EB8202F7EE082AE7EE6C7A119E89
:106F980092ED003A33EEC54A26EE226A00EB8602ED
:106FA80033EE455A139D0298E3EE8A7AA5EE286AD5
:106FB800E3EE687AE6EE267A67EEA67AE4EE287AB9
:106FC800A7EEA67AE4EE87FAC2ED00FA721CD4EDB9
:106FD800367AAA4208BF0022129DAFEEE77AC4F8BB
:106FE800D0201192D4F8282100EB820080ED007A9D
:106FF800501CA84200F0DA82C4F828011D98002825
:10700800C0F21E83D4F824011D9D0230A842D4BFCB
:10701800161A561B002EC0F25F820298D4ED737ABE
:1070280000EB860696ED007A3A9E37EE677A002ED8
:10703800E7EE2A7AC4ED737A67EE897AC0F247825E
:10704800D4F8E4000230B042A8BF3046049D6E1E5A
:10705800361A01D5179806441098D4ED3C6A00EB0F
:107068008606179D96ED007A049EE6EE877A00EB79
:107078008600C0ED007A701CA84200F0A082049D32
:1070880004900195D4ED3C6A0498A7EEE67A079D32
:10709800C4F8E800D4F83C0105EB8007169D87ED9D
:1070A800007A471CAF4200F072821E9DC4F83C7102
:1070B800002DC0F2C182D4F838711E9D0237AF424C
:1070C800D4BFA0EB070CA0EB050CBCF1000FC0F27D
:1070D800FB81079D05EB8C0C309DDCF80070002DC2
:1070E800C4F8D0E1C4F8D471C0F2E981D4F82471AD
:1070F8000237AF42D4BFA2EB070CA2EB050CBCF1E0
:10710800000F01DA129DAC44029D05EB8C0C2F9DFB
:10711800002D9CED007AC0F2D081D4F8247102379A
:10712800AF42D4BFA2EB070CA2EB050CBCF1000FD9
:1071380001DA129DAC44029D05EB8C0C2E9DDCED12
:10714800007A002D37EE277AC0F2B481D4F8E470C3
:10715800019E0237AF42D4BFF61B761BB446BCF182
:10716800000F01DA179DAC44109D05EB8C0C2D9D8A
:10717800DCED007A002D37EE677AC0F29981D4F8F9
:1071880038710237AF42D4BFA0EB070CA0EB050C57
:10719800BCF1000F01DA169DAC44079D05EB8C0C81
:1071A8002C9DDCED007A002D37EE277AC0F27E8127
:1071B800D4F8FC700237AF42D4BFA3EB070CA3EBA3
:1071C800050CBCF1000F01DA149DAC44039D05EBDE
:1071D8008C0C2B9DDCED007A002D37EE677AC0F21F
:1071E8006281D4F8B470069E0237AF42D4BFF61B52
:1071F800761BB446BCF1000F01DA199DAC440F9D13
:1072080005EB8C0C2A9DDCED007A002D37EE677AB1
:10721800C0F24781D4F810710237AF42D4BFA1EB56
:10722800070CA1EB050CBCF1000F01DA189DAC446A
:10723800089D05EB8C0C299DDCED007A002D37EEBE
:10724800677A27EE0C7AC0F22A81D4F8FC700237EC
:10725800AF42D4BFA3EB070CA3EB050CBCF1000FA6
:1072680001DA149DAC44039D05EB8C0C289D002D80
:10727800DCED007A06DBD4F8FC700237AF42D4BFED
:10728800DB1B5B1B002B01DA149D2B44039D05EBD4
:107298008303279DD3ED006A002D77EEA67A08DBDD
:1072A800D4F8B430069F0233AB42D4BFFF1A7F1B19
:1072B8000697069D002DC0F2EF80069D0F9B03EBFD
:1072C8008505D5ED006A269D77EEE67A002D06DB6A
:1072D800D4F810310233AB42D4BFC91A491B002974
:1072E80001DA189B1944089B03EB8101D1ED006A70
:1072F800259977EEA67A002906DBD4F824310233E3
:107308008B42D4BFD21A521A002A01DA129B1A44AD
:10731800029B03EB8202D2ED006A249A77EEE67AAA
:10732800002A08DBD4F8E430019902339342D4BF31
:10733800C91A891A0191019B002BC0F2A980019EEC
:10734800109B239A03EB8606002AD6ED006A77EE97
:10735800E67A06DBD4F8383102339342D4BFC01A38
:10736800801A002801DA169B1844079B2BEE077A2F
:107378000C9A03EB80000D9B90ED006A53ED016AB7
:1073880077EEC67AA6EEAB7A67EE8C7A6BEE277A42
:1073980003ED017A12ED017AE7EE2B7A42ED017ADC
:1073A800399A9A4200F051810D9B009AF3EC017AC8
:1073B8001A990D930C9BB3EC017A77EE877A0C93AC
:1073C8000B9B67EEA87A03EB8203C3ED007A1346A2
:1073D8000132D4ED0C7A94ED0B7A9142D4ED0A6A1D
:1073E80000F0B98037EE677A013B6262E7EE267AF1
:1073F800F5EEC07AC4ED0C7AF1EE10FAC0F21981FC
:1074080094ED087AF8EE476AF4EEE76AF1EE10FABE
:1074180000F10281BDEEE77A0098F8EEC76A17EE30
:10742800101A401A5B1A77EEE66A00900099002954
:1074380029DB009900920B9A002B02EB810191ED58
:10744800007A01DA1A9A13440B9AD4ED717A02EB96
:107458008303349A93ED006A002A36EE476AA6EE53
:10746800267A37EE677AE7EE2E7AC4ED717ABFF6A0
:107478009FAB0023FFF7A1BBF0EE4D6A4FF0FF3141
:107488006FF00103009100991A9800920144D2E725
:10749800179B019E1E4453E7199B1D440EE79C460B
:1074A800DCE68C46BFE6DDF818C0A3E69C4688E615
:1074B80084466DE6DDF804C051E6944636E6944607
:1074C8001DE64FF0FF3C6046169DAC4401E60020E7
:1074D800BCE54FF0FF363246129806449DE51398F6
:1074E800104405EB800090ED007A501E139D28444F
:1074F80037E5F0EE4D6A01201BE54FF0FF300146FD
:10750800189A1044F2E40022B0E44FF0FF310B4621
:10751800149A114491E4159A1A4401EB820292EDEF
:10752800007A5A1E15990A442BE40023FFF79BBBE7
:107538000023FFF76DBBB0EE4D0A012209E40023DA
:10754800FFF7BBBB0023C4F800311B9B002BDCDB1F
:107558004FF0FF3366E437EE677A00226262E6EEA8
:10756800877AF5EEC07AC4ED0C7AF1EE10FA83DB77
:107578004FF0FF316FF00103009141E70022C4F89A
:1075880014211C9A002AB8DB4FF0FF31A3E4002035
:10759800C4F83C011E98002893DB4FF0FF308AE5C1
:1075A80000224FF0FF36CDE905267BE40022C4F81F
:1075B80028211D9A002A8CDB4FF0FF3222E54FF07C
:1075C800FF300190002004905CE5D4F84C51D4F8C9
:1075D800543107EE905AB8EE670A20EE0F0A042BD2
:1075E80000F21981DFE813F0F800EA00E300DB009D
:1075F8003600BDEEE77A17EE100AB8EEC77A77EED6
:10760800C76A96E4FDEEC07A17EE902AF8EEE77A9C
:1076180030EE670AFFF79DBBFDEEE67A009817EE9D
:10762800901AF8EEE77A401A5B1A76EEE76A00904D
:10763800FCE6F0EE4D6AF9E6844646E5084652E473
:107648001646E7E41946FFF7F5BB3DB0BDEC108BD5
:10765800BDE8F08FD4ED527A66EEA77AD4F85031AF
:10766800ED18C4F84C5126D3D4F858211AB313682E
:10767800BFEE006A03F1DA4303F52D1303F56753F0
:107688003533136083EAD33243F0010302FB03F37B
:1076980083EAD31243F03D0101FB0232534083EAEF
:1076A800933307EE103AB8EE477A27EE0F7AA7EE33
:1076B8000A6A84ED526AD4F86851D4F8703107EE3A
:1076C800105AB8EE470A20EE0F0A042B00F2A080E9
:1076D800DFE803F056484139030094ED597A66EE25
:1076E800876AD4F86C31ED18C4F86851FFF411AB0F
:1076F800D4F87421002A3FF40CAB1368BFEE006A7B
:1077080003F1DA4303F52D1303F56753353313609B
:1077180083EAD33243F0010302FB03F383EAD31273
:1077280043F03D0101FB0232534083EA933307EEF5
:10773800103AB8EE477A27EE0F7AA7EE0A6A84ED78
:10774800596AFFF7E6BAB4EEE80AF1EE10FAC8D4BF
:10775800F1EE666AC5E7BFEE007AA0EE0A7A66EE39
:10776800876ABEE7B4EEE80AB1EE006AF1EE10FAF5
:1077780047D5BFEE007AA0EE067A66EE876AB0E7D4
:1077880020EE080ACDED067ACDED016A0EF0A0FED6
:10779800DDED016ADDED067A66EE806AA1E7B4EEFA
:1077A800E80AF1EE10FA29D5F0EE667A56E7FFEE10
:1077B800007AE0EE0A7A66EEA77A4FE7B4EEE80AB6
:1077C800B1EE007AF1EE10FA11D5FFEE007AE0EE94
:1077D800077A66EEA77A41E720EE080ACDED016A3E
:1077E8000EF076FEDDED016A66EE807A36E7F0EEA1
:1077F800087AE0EE477A66EEA77A2FE7F1EE667A26
:107808002CE7B0EE087AA0EE467A66EE876A68E75B
:1078180066EE8D6A65E766EE8D7A1FE700F5A032A1
:1078280010B50446D2F8240F2DED028B92F82B3FA9
:1078380088B383B391FBF3FC03FB0CFE714501D0C5
:1078480000295EDBA1EB0E01435CD2F8680FD2F889
:107858006C1F00FB0C3339335B1A93FBF0F100FB10
:1078680001FC634502D090EA030F46D407EE901A54
:10787800A3EB0C0302F57361F8EEE77A01EB8303DF
:1078880091ED0C7A93ED000AA7EE870AB4EE400A50
:10789800F1EE10FA24D09FED1D0A04F578341C4A45
:1078A800D4F8DC3703EB830302EB830393F90D3041
:1078B800002B09DD013B30EE000ADAB25BB2002A88
:1078C800F8D1BDEC028B10BDFBD0F6EE007A013387
:1078D80020EE270A5BB2002BF9D1BDEC028B10BD5C
:1078E80002F66472DFED0B7A92ED008A20EE270A29
:1078F8000EF08EFB28EE000ACFE7013900FB01FCF1
:10790800B4E70CF1FF3C03FB0CFE9BE70000C07FD3
:10791800301E01200E745A3A2DE9F84F42F6A80499
:1079280048F2F43B804600F63C6A04448344074628
:1079380000252DED068B9FEDD99ADFEDD9AA9FED95
:10794800D9AADFEDD99ADFEDD97AB6EE008A0026FA
:107958004FF0814EC7ED0E7A07F50059DFEDD47A66
:107968004FF07E53DFEDD38A4FF0804CC7ED117A8C
:107978003146DFEDD17A09F6AC1087ED009AC7EDF4
:10798800147ADFEDCE7AC7ED03AAC7ED157A87ED35
:1079980004AA7D61BD61C7ED099ABD62FD623D63C0
:1079A8007D63FD63BD64FD6487ED078A87ED088A02
:1079B800C7ED108AC24AC7E90166C7E91666C7E972
:1079C8001866CAE90066CAE90266CAF8886CCAF885
:1079D8008C6CCAF8906CCAF8946CC4F814E0DFF8A0
:1079E8002CE3A361E362C4F810C0C4F83CE0A262CF
:1079F80026606560E5612562656284F8306084F818
:107A080031606563A56325646564A564C4E902669D
:107A1800C9F8F468C9F8F868C9F8FC68C9F80069D1
:107A2800C9F80469C9F80869C9F80C69C9F810697E
:107A3800E56625676567A567C4F89030C4F8C43063
:107A4800C4F8DC30C4F8BCC0C4F8D420C4F8D820CA
:107A58006022E567C4F88050C4F88450C4F88850A0
:107A6800C4F88C50C4F89450C4F89850C4F89C508A
:107A7800C4F8A050C4F8A450C4F8A850C4F8AC5036
:107A8800C4F8B050C4F8B450C4F8B850C4F8C050E2
:107A9800C4F8C850C4F8CC50C4F8D050C4F8E0605A
:107AA800C4F8E450C4F8E850C4F8EC60C4F8F050E6
:107AB800C4F8F450C4F8F850C4F8FC60C4F8005195
:107AC80010F02EFD6022314609F60C2010F028FD3A
:107AD8006022314609F66C2010F022FD6022314602
:107AE80009F6CC2010F01CFD6022314609F62C3036
:107AF80010F016FD602209F68C30314610F010FDAA
:107B080042F6FC330122C4F84C631F4484F85063E6
:107B180084F844234FF0FF325F459A44C4F8482361
:107B28001C447FF410AF08F50044314640F6DC02EF
:107B380048F6E045C4F8006404F2044084EDFF9A76
:107B48004544DFF8CC915F4FC4E9FD6610F0E8FCCE
:107B580048F204435C484344DFF8B8E1DFF8B8C1B1
:107B68005A4E5B494FF07E52C3F8C012C3F8C41294
:107B7800C3F8C822C3F8D422C3F8E422DA609A65AD
:107B8800C3F89020C3F8A820C3F8AC20C3F8B020ED
:107B9800C3F8B4204FF0804218605A614FF0FF32AA
:107BA80083ED018AC3F8E82283ED028AC3F81090B6
:107BB800C3F81CE0C3ED088AC3F824C0986298662D
:107BC8001F675E67C3F89C0003F53D73AB42C9D1DC
:107BD800002104F6E84340F6085249F6F815C4F8BF
:107BE800E01CC4F8E41C4544186004F54F60C4F870
:107BF800EC1C10F095FC48F6F04349F2301132487D
:107C080043449FED347A4144DFED337ADFF80CB119
:107C1800DFF80CA1DFF80C91DFF80CE1DFF80CC1FC
:107C28002E4F4FF080464FF07E52DFED2D8ADE60FA
:107C38004FF07C56DA615E624FF07A561A62DE6265
:107C48004FF078561860DE63264E83ED047A9E6402
:107C5800254EC3ED057ADE64244EC3F818B01E65C0
:107C6800234EC3F828A05E65224EC3F830909E6567
:107C78004FF07656C3F834E0DE651F4EC3F838C0BF
:107C88001E661E4E1F645E661D4EC3ED118A9E66FB
:107C98001C4EDE661C4E1E674AE000BF00803B4754
:107CA8003333B33E9A99193F6666663F3333C34010
:107CB800AE47E13D9A99993E8FC2F53C9A99193E93
:107CC8000000DC4300007A4400803B47F304353F62
:107CD80073800C41CDCC4C3F6F12033B398EE33D92
:107CE800CDCCCC3D8C2EBA3DABAAAA3DD9899D3DC1
:107CF8002549923D8988883DF1F0703D398E633D74
:107D08003694573DCDCC4C3D310C433D3BDF7F3F56
:107D1800CDCCCC3D0AD7233CCDCC4C3F9A99993E4B
:107D2800ABAAAA3ECDCC4C3EABAA2A3E2549123E70
:107D3800574E5E67574E9E67574EDE67574EC3F8DD
:107D48008060574EC3F88460564EC3F88860564E1C
:107D5800C3F8A020C3F88C60544EC3F8AC21C3F814
:107D68009060534EC3F8B021C3F89460514EC3F8E5
:107D7800B421C3F898604FF07456C3F8B821C3F81B
:107D8800A001C3F89C6003F58B630A608A60AB426C
:107D9800494A4A604FF0FF32CA6001F58B617FF4AF
:107DA80040AF04F5D05349F6C04A49F6082408F50F
:107DB80010490022C2444444DFED40AA9FED40AA86
:107DC800DFED409A9FED409A9FED408AC9F8F82967
:107DD800C9F8FC291860C9F8042A2046E8220021BD
:107DE8003B4E10F09DFB4FF07C53C4ED04AA04F108
:107DF80030056360E83444ED358A4FF07E5704ED72
:107E080034AA40F2FF1B44ED339A4FF0090E04EDFB
:107E1800319A4FF0FF3C44ED308AA245DFED2D7AD0
:107E28009FED2D7A0FCE0FC533682B6004ED187ABD
:107E380004ED298A04ED218A04ED1A8A44ED177AA3
:107E480044F8407C04ED0D8A44F8287C44F8247CEE
:107E580044F8207C44F81C7C44F8187C44ED057AEE
:107E680044E924BE44ED047A44F80CCCB5D100238F
:107E780009F608224046C9F8C03CC9F8C43C82ED5E
:107E8800B08AC9F8CC3CBDEC068BBDE8F88F00BFC2
:107E98008C2E3A3D4316323DABAA2A3D0AD7233DE4
:107EA800D9891D3D26B4173D2549123DCB3D0D3DD1
:107EB8008988083D0821043D00005C430AD7A33B9C
:107EC800CDCC4C3FCDCC4C3E0000FA4500803B4722
:107ED800A0280120F304353F00007A442DE9F84337
:107EE80006464FF47F72B94900250CF0DBF8DFF83D
:107EF800F88206F2044340F20C62B54906F20C40DF
:107F0800C6F8FC53C6F80054C3F80080C6F80854F5
:107F18000CF0C8F806F5226306F6282E41F2247CF8
:107F2800C6F8185A06F67C62C6F81C5AB444C3F858
:107F38000080002173469FEDA76ADFEDA76A9FEDD9
:107F4800A77ADFEDA77ADFF8B492A648C6F8245AD4
:107F58004FF07E54C3F8B483C3F8C0134FF0804782
:107F6800C3F8C413C3F8C813C3F8CC13C3F8D013A9
:107F7800C3F8D413C3F8D813C3F8DC13C3F8E01359
:107F8800C3F8E813C3F8EC13C3F8F013C3F8F48389
:107F9800C3F8F853C3F8FC13C3F8E443C3F80080EC
:107FA80083ED016AC3ED026A83ED037AC3ED047AB7
:107FB800C3F81490C3E90655C3E90855C3E9EE555B
:107FC80003F2544342F8544C42F8504C42F84C4C9B
:107FD800634542F8484C42F8447C4FF0FF3742F87A
:107FE800401C42F83C0C42F8384C02F8345C42F829
:107FF800301C42F82C1C42F8280C42F8240C42F899
:10800800204C42F81C5C42F8181C42F8141C42F838
:10801800101C42F8085C02F8045C42F80C7C02F27E
:10802800544295D106F580570EF6045E4FF4B462BB
:108038000021C7F8245707F23470C7F828574FF0C3
:108048007C59CEF80080C7F8305710F069FA41F231
:10805800347341F6D44CB1EE047AF5EE007A334429
:10806800B444614ADFF8988160486149DFF894E1D7
:108078004FF0FF35C3F8E800C3F8EC10C3F8084127
:10808800C3F81421C3F81C01C3F82011C3F83C41FC
:10809800C3F84821C3F85001C3F85411C3F870411C
:1080A800C3F87C211A60C3F8088083ED037AC3ED16
:1080B800047A9C61DA61C3F82C905A635C665A674B
:1080C800C3F89020C3F89C40C3F8A040C3F8A4406C
:1080D800C3F8A840C3F8AC20C3F8B400C3F8B8107C
:1080E800C3F8D440C3F8E02003F5F07343F85C0C00
:1080F80043F8581C43F83C4C43F81CEC43F8184C24
:1081080043F80C5C6345B3D1002107F6DC4307F65E
:10811800E44006F55259C7F8D41C4FF07C54C7F810
:10812800D81C1A6041F21822C7F8E01C10F0F8F9C0
:1081380041F6E44C42F26823B0EE006AB4444FF0D2
:108148007E51334428486246DFED2A6A9FED237A40
:10815800DFED297ADFF89480DFF894E04FF0FF35FF
:108168001060C2ED016A82ED026AD46082ED047A81
:108178005461C2ED067AD061D46202F5C16218601A
:10818800C3F80880C3F80CE099625863196459640D
:108198009964D96419679D6703F5C1634B45DDD1BF
:1081A80041F6E44107F5805300223944C3F8FC2E18
:1081B800C3F8002FC1F8200241F22820C3F8082F85
:1081C8006044FFF7A9FB3046BDE8F883F0060020BD
:1081D800EC0A00209A99593FCDCCCC3D3333333F3C
:1081E8008FC2F53C0000484300803B4700007A44BA
:1081F800F304353F3333B33ECDCC4C3F9A99193E07
:10820800CDCCCC3D00005C432DE9F84F42F68413F9
:1082180047F68C46B0EE047ADFF8A48104460025C0
:108228000246034406444FF0804ADFED5F7A00219E
:10823800DFF890B1DFF890E1DFF880C12DED028B17
:1082480042F68410C2F8008055604FF07E59C2EDA6
:10825800027A4FF0FF37C2F80CB0116182ED057A4F
:10826800C2F818E0C2E90755C2E90955024443F8C3
:1082780030AC43F8281CB24243F8241C43F8201CB5
:1082880043F81CCC43F8181C43F8141C03F8105C82
:1082980003F80F5C43F8085C03F8045C43F82C9C73
:1082A80043F80C7C43E90E550344C9D104F5E04674
:1082B800002106F69C4306F69442C6F88C5CC6F884
:1082C800905C1846C2F800804FF4D262C6F8985CF9
:1082D80010F026F935494FF07C5CC0F80080416108
:1082E8000346C0F810C006F6CC6E816104F5004262
:1082F800C0F80CA0C0F814922D48C3F81002C6F8B4
:10830800C07E06F58756CEF8008003F5886EC3F860
:1083180040C2C3F84412C3F84812C3F83CA2CEF8CE
:108328000000C6F8009003F26C46C2F8F070C2F87C
:10833800FC80C6F800A003F58E66C6F800C003F2FC
:108348007446316003F58F66316003F5CE610860CD
:1083580003F2746148F23C3003F5D363C1F800902E
:108368002044C2F82073C2E9CB55C3F80080C2F894
:108378003853FFF7B3FD04F5A03C4FF0E0630D4917
:108388004FF48062CCF81C5FCCF8283F0023CCF86F
:10839800205F4FF0010E8D1D1E460748CCF8241FA4
:1083A800ACF82C2F14E000BF3333B33E9A99193F31
:1083B80000005C43C4150020ABAAAAAA0000DC4355
:1083C80000803B47295C8F3E6666663F11F8013F97
:1083D800A0FB03728D424FEAD20202EB4202A3EBEA
:1083E800820303F10C03A0FB03724FEAD20202EBF3
:1083F8004202A3EB82030EFA03F343EA06039EB29A
:10840800E4D10CF57363D749D74AB2EE086ADFEDB9
:10841800D76AACF8286F224459634521C3ED0C6A2A
:108428000023CCF86C1F07EE903A0133F8EEE77A98
:108438000C2B67EEA67A87EE867AA2EC017AF2D147
:108448000CF57769B6EE008A002504F5B8360027E2
:10845800CCF8683F04F5B03309F5005889ED008A77
:10846800542289ED018A294689ED028A06F564605D
:10847800C9F80C7009F53D59CCF8805F06F64C7ABE
:10848800CCF8845FF7EE008ACCF8885FCCF88C5F74
:10849800C3F8E056C3F8E456C3F8E856C3F8EC56F8
:1084A800DFF8E4B210F03CF808F56D635422294671
:1084B80006F69460C3F800B008F6EC63C3F800B0A1
:1084C80008F60873C3F800B010F02AF808F6247EFE
:1084D80008F6847306F60471CEF800B008F65C7EE0
:1084E800C9F800B0F1EE007ACEF800B006F6147CB8
:1084F800C6F8E85E06F57360C6F8EC5E06F67472B8
:10850800C6F8F05E04F574391F6008F688731F60BA
:1085180008F68C7308F579681F60954BC8F80070E9
:108528004FF001084B60934BC1ED007AC6F80C5F21
:10853800CF602946CCF800B0CCF80470C6F81C5FB0
:10854800C6F8205FC6F8245FC6F8285FC6F82C5F17
:10855800C0F800B0476006F57860C6F8385FC6F81E
:108568003C5FC6F8405FC6F8445FC6F8485FCAF883
:108578000430814B8AED008ACAF808307F4BCAF86C
:108588000C70CAED048ACAF81430C6F8645FC6F8DD
:10859800685FC6F86C5FC6F8705FC2ED008A576006
:1085A800976060220FF0BCFF06F57E6C04F5C033BF
:1085B800C6F8E05FC6F8E45F4FF07A50C6F8E85FA7
:1085C80006F6F87646F80C5C4FF4727246F8688C3A
:1085D800294646F8508C46F8388C46F8208C46F8E0
:1085E800088CCCF8147035607560C3F80880C3E94E
:1085F8000055776104F57836C3F820805F62C3F8C8
:108608003880DF63C3E90455C3E90655C3E90A5551
:10861800C3E90C55C3E91055C3E91255C3E91485DC
:10862800C3E91655C3E91858C3E91A55C3E91C55D7
:10863800C3E91E85C3E92055C3E92258C3F890B0A1
:10864800C3F89470C3F8A850C3F8ACB0C3F8B070BE
:10865800C3E92655C3E92855C3E92D55C3E92F5564
:10866800C3E93155C3E93355C3E93555C3E937552E
:10867800C3E93955C3E93B55C3E93D55C3F8FC5037
:10868800CAF8B80109F50560CAF8B4B1CAF8BC71EE
:10869800CAF8C071CAF8C471CAF8C871CAF8CC71EE
:1086A800CAF8D071CAF8D47183F82451344BC9F888
:1086B8006C54C9F88430334BC9F87054C9F8883001
:1086C800C9F87454C9F87854C9E92355C9E9255536
:1086D8000FF026FF4FF47272294609F618400FF082
:1086E8001FFF4FF47172294609F57E600FF018FFDD
:1086F8004FF400722946C6EDF08A06F57370C6F885
:10870800B473C6F8B853C6F8BCB3C6F8C473C6F891
:10871800C873C6E9E955C6E9EB550FF001FF4FF4F8
:108728000072294606F2CC500FF0FAFE06F2CC731E
:108738002046C3F800B0C6F8D087C6F8D457C6F8A4
:10874800D857C6F8DC57C6F8E057C6F8E457C6F855
:10875800E857C6F8EC57A6F8F057BDEC028BBDE811
:10876800F88F00BF0000DC43304F01000000964442
:10877800CDCC4C3F9A99993E3BDF7F3F3333B33E94
:108788009A9999BECDCC4C3D00803B47B5EEC00AC6
:108798002DE9F041F1EE10FA04460D462DED068B59
:1087A80055DDF0EEC07A9FED877AF0EE408AF4EE60
:1087B800477AF1EE10FA4AD89446864600F1280620
:1087C8004FF0E308AEEC010ADF279FED7F9ABCE883
:1087D8000F00AEE80F00DCF8003030464FF463724B
:1087E8000021CEF800302762C4E906680FF098FE31
:1087F800F4EEC98A0023F1EE10FA636200F1D48026
:10880800B2EE006A9FED717ADFED717ABFEE000A71
:10881800C7EE286A9FED6F8A84EDED8A86EE287A86
:1088280068EEA77AC4E9EE3580EE270AC4EDFA6A45
:1088380084EDFB7A0DF078FBF4EEC98AF0EE407A0D
:10884800F1EE10FA00F1B3809FED630A46E094461A
:10885800DFED607AA64604F128064FF0E308DF272B
:10886800EEEC017AB0EE678ABCE80F00AEE80F00C4
:10887800DCF8003030464FF463720021CEF8003047
:108888002762C4E906680FF04BFE00236362B2EE6C
:10889800006A9FED4E7ADFED4E7ABFEE000AC7EE12
:1088A800086A002384EDED8A86EE087A68EE277A56
:1088B800F0EE488A80EE270AC4EDFA6AC4E9EE357C
:1088C80084EDFB7A0DF030FB9FED447ADFED446ACE
:1088D800F0EE407A28EE077A86EE870AC4EDFC7A35
:1088E80084EDFD8A0DF020FB9FED3E0A9FED3EAA28
:1088F80028EE000A9FED3D9AF7EE009AFFEE00AAD7
:108908008AEE000A0DF010FB9FED390A28EE000AE6
:108918008AEE000A0DF008FBDFED367A9FED300A8B
:1089280068EE277A80EE270A0DF0FEFA04F2044377
:1089380028EE097A79EEC07A8AEE070AC3ED007A42
:108948000DF0F2FADFED2C7A04F5816368EE277AF0
:1089580039EEC00A83ED000A8AEE270A0DF0E4FA20
:10896800DFED267A04F20C4204F5806368EEA77AFC
:1089780039EEC00A82ED000A8AEEA70AC3ED009A12
:108988000DF0D2FA04F5856304F2444483ED000A3D
:1089980028EE899A8AEE890A0DF0C6FA84ED000A53
:1089A800BDEC068BBDE8F081B0EE688A6FE79FEDFD
:1089B8000B7AB0EE688ADFED0A6A28EE877A86EECF
:1089C800870A8BE7FFFF7F7F8096184B0000FA44E9
:1089D8006F12033B00803B4749FF15BB0AD7233C76
:1089E800549F8CBFCDCCCC3D8E5D93C08FC2F53CDF
:1089F800CDCC4C3E0AD7A33C8FC2F53DCDCC4C3DE7
:108A0800B5EEC00A2DE9F041F1EE10FA04460D4624
:108A1800104619462DED048B40F34081DFEDB17A05
:108A2800B0EE408AB4EEE70AF1EE10FA40F1368172
:108A3800002808BF28464C2284ED008A40F2753889
:108A480040F2713704F58056C4E9015004F10C0076
:108A580000250BF027FB04F1680040F6D4520021F2
:108A6800A065C4E917870FF05BFD40F21E3304F6DA
:108A78004C6040F67842C4F8403E40F21A3329462A
:108A88006566C4F8443EC4F83C0E0FF049FD41F653
:108A9800D420C4F8485E40F6D45220442946C6F88B
:108AA800C88A04F50054C6F8C40AC6F8CC7A0FF090
:108AB80037FDDFED8D7ABFEE000A012368EE277AD5
:108AC800C6F8D05A84F8EC3B80EE270A0DF02CFA51
:108AD8009FED866A9FED867A04F50E6383ED000AA2
:108AE800C6EE086AF7EE007A77EEE67AF4EEC77A11
:108AF800F1EE10FAC0F2DB809FED7E7AF4EE477A51
:108B0800F1EE10FA77FE277A9FED7B6AF7EE005AAE
:108B1800DFED7A6ABFEE000A28EE066A9FED787AE2
:108B280068EE266A04F6241328EE077A04F6E401B0
:108B380085EE865A04F51262DFED728AC1ED007A7D
:108B480085EEA66A80EE070A82ED005A83ED006A78
:108B58000DF0EAF968EE288ADFED6B7A04F628133F
:108B6800F4EEE78A83ED000AF1EE10FA00F39C8038
:108B78009FED660A28EE800A80EE080A0DF0D4F907
:108B88009FED637A04F62C13F7EE007AF4EEC78AA9
:108B980037EEC00AF1EE10FA83ED000A00F3818087
:108BA800DFED5A7A28EEA70AF7EE008A80EE080A67
:108BB8000DF0BAF99FED577A04F6341378EEC07ABF
:108BC80087EE080AC3ED007A0DF0AEF904F64C13EF
:108BD800DFED517A38EEC09A87EE880A83ED009A65
:108BE8000DF0A2F99FED4D7A04F5156378EEC08A71
:108BF800F0EE007AC3ED008A77EEC96A77EEE87A7C
:108C080089EE260AC8EEA76A30EE660A20EE070A41
:108C1800B5EEC00AF1EE10FA4CDC9FED417ADFEDBB
:108C2800417ABFEE000A04F65413F7EE008A68EEA4
:108C3800277A83ED007A80EE270A0DF075F904F69D
:108C4800A8139FED397A04F5166282ED000AC8EE82
:108C5800887A87EE080AC3ED007A0DF065F9F0EE20
:108C6800007A38EEC00A04F69C1377EEC07A83EDDA
:108C7800000A87EE807AB5EE407AF1EE10FA25D434
:108C8800F1EEC77A9FED297A04F51A6467EE877AC0
:108C9800BDEC048BC4ED007ABDE8F0819FED248A19
:108CA800C6E69FED240A7FE79FED230A64E7F0EE0E
:108CB800477A29E7B5EE400AF1EE10FA0DD4F1EE45
:108CC800C07AF7EE006A86EEA77AA8E7B0EE470A00
:108CD8000DF030FEF0EE407AD4E70DF02BFEF0EE0A
:108CE800407AEEE78096184BCDCC4C3D6766B04194
:108CF800A4707D3FACFF7F3F0AD7A33C0AD7233C33
:108D08008FC2F53C6666E63E0080BB45DB0FC9C0F6
:108D180000C05A45D253FBC3DD7E3CC3ABAAAA3E72
:108D2800000000008FC2F53DDB0F49C0D7B3DD3F1F
:108D380000803B474CCEABC61D4313C7D0ED057A28
:108D4800F5EEC07AF0B5F1EE10FA06462DED088B77
:108D5800D0ED068A83B040F2E98090ED689A9FEDE5
:108D6800840A67EE897A80EE270A0DF0DDF8F7EEBF
:108D7800007A77EEC07A9FED7F0AB7EE008ADFEDC2
:108D88007E9A29EE000AC6ED6C7A89EE800A0DF00B
:108D9800CBF8F5EEC08A38EE400AF1EE10FA86ED0F
:108DA8006D0A07D928EE890A89EE800A0DF0BCF809
:108DB80038EE408AF7EE009AD6ED008A9FED6F9A5A
:108DC80006F59075D6ED02AA002428EE899A06F2D7
:108DD80044479FED6BAA9FED6BBA86ED6E8AC6ED90
:108DE8006B9A27E0F4EEC77A4FF00043F1EE10FAE1
:108DF80005DCA7EE8B7AFCEEC77A17EE903ADDED2C
:108E0800017A96ED038AF8EEE70A96ED040AC5F8AA
:108E180018310DF0CDF928EE000AFFEE007A20EEA9
:108E2800280A87EE800A0DF07FF8202C85EDA60A27
:108E380000F0818001940134B0EE690A07EE904A8F
:108E4800B8EEE78A6AEE887AA7EE880AB5EE400A95
:108E5800F1EE10FA00F18780F1EEC07A97ED007A12
:108E6800B5EC010A28EE078A20EE0A0A28EE278ABE
:108E78000DF0CEF8B6EE007A28EE000AB4EEC09AED
:108E8800F1EE10FA08D9C0EE287AF5EEC07AF1EEC4
:108E980010FAA7DC0023B2E796ED016A019BB5EE54
:108EA800C06AC6F83C34F1EE10FA31DA019B9FED46
:108EB800366AC3B306F12003019ADFED336A03EB88
:108EC8008202F3EC017A93ED1F7A9A4237EE677AC1
:108ED800E7EE067A76EEA76AC3EDA67AF1D1F7EE49
:108EE800007A96ED077AF4EEE76AF1EE10FAC8BF59
:108EF80087EE267A06F5896306F58866D3ED007A4B
:108F080067EE877AC6ED007A03B0BDEC088BF0BD3A
:108F1800F7EE007A019BB4EE676AF1EE10FA37FEBD
:108F2800866A002BC6D196ED077AE3E7F7EE007A5A
:108F380090ED689A1FE796ED016AC6F83C44B5EED5
:108F4800C06AF1EE10FA0ADBF7EE007A0194B4EE8B
:108F5800E76AF1EE10FAADDDB0EE676AAAE79FEDB9
:108F68000A6A0194A6E70DF0E5FCF0EE407A75E791
:108F7800549F8CBF0AD7233C8E5D93C06666E63E3D
:108F88000E745A3A0000804F000000002DE9F04F9F
:108F98002DED0A8BEBB00D464FF4CE725E490446B8
:108FA80003A80BF07FF85D49482205EBC5000AAB22
:108FB8004FF0000E01EBC00002FB05110122183131
:108FC800D0F80080D0F80490D0F808A0D0F80CB001
:108FD800D0ED04AA90ED05BA08E0202AC3F800E015
:108FE800C3F880E00AD0013204330431501E0B2844
:108FF800F3D808681860C3F88000F4E7DFED48BAD2
:1090080004F60857DFED479A04F551669FED46CA06
:109018009FED46AA9FED469AD6ED008AF5EEC08AE6
:10902800F1EE10FA5CDDF4EEEB8AF1EE10FA61D5A0
:109038009FED407AF0EE687ADFED3F6A04F5D0756F
:1090480028EE877A86EE870A20464FF4CE7203A967
:109058008DED010AE0EC017ACDF81080B7EE008AB8
:10906800CDF81490CDF818A0CDF81CB0CDED08AA15
:109078008DED09BA0BF016F8C4ED688A9DED010A6A
:109088000CF052FF38EE400A84ED6C0A95ED000AA8
:1090980020EE0A0A89EE000A0CF046FFDFED277A77
:1090A80038EE400A84ED6D0A95ED000A20EE270A95
:1090B80089EE000A0CF038FF214B2046C4F8AC3189
:1090C80038EE400A84ED6E0A04F58B64FFF736FE2D
:1090D800A742A1D101206BB0BDEC0A8BBDE8F08F8F
:1090E80004F5D07508DCF0EE697AF0EE698AB0EE26
:1090F8004C0AA9E704F5D075F4EEEB8AF1EE10FA04
:10910800F1D59FED0C7AF0EE697ADFED0B6A28EE67
:10911800877A86EE870A97E7F8100020F82501205D
:109128008096184B00803B4749FF15BBCDCCCC3D02
:109138008E5D93C00AD7233C549F8CBFCDCC4C3E48
:109148003333333F2DE9F04F2DED068B87B0169C56
:10915800A34280F21F8101EB830AD0F8149002EB3E
:109168008302054601EB84039FEDA69A514600F55C
:1091780080540593CA46D0F8E8339146DFEDA28AB9
:109188000093D0F8EC339FEDA1AA03938368DFED39
:10919800A0AA01939FED9F8AC368DFED9F9AD0F83C
:1091A800F4B30493B1EC017A0AF10100F9EC017A05
:1091B800B5EEC07A019B03EB8A03F1EE10FAF5EEE7
:1091C800C07A83ED007A049B4CBFB1EE470AB0EE3B
:1091D800470AF1EE10FA4CBFF1EE676AF0EE676AE3
:1091E800B4EEE60AF1EE10FA30FE260A984200F0D4
:1091F800E18057468246009B039A03EB8B03C5F830
:1092080014A0C3ED007A0BF10103934200F0D7805C
:109218005E469B46C5F8F4B3D4EDCF7AF4EEC07A37
:10922800F1EE10FA40F1BD80B4EEE80AF1EE10FA62
:1092380000F3CA80F0EE4A7A95ED007A77EEC77AA5
:1092480094EDD17AD4EDD06AD4F8280327EE267AA3
:10925800F4EE477AF1EE10FA37FE877A002884EDAB
:10926800D17A40F3CA80D4F82423002A00F09780EA
:10927800531E03F5F97C05EB8C0CDCED017AF4EE5A
:10928800C77AF1EE10FA00F28F8001381A46C4E965
:10929800C9300028E9D1012205EB830CF12B0CF22F
:1092A800CC7814BF0133002388ED007AD4F83483D6
:1092B800CCF8948BC4E9C932D4F8203305EB830C7D
:1092C800DCF8942BA8EB020CBCF1F00F07D9F12BBA
:1092D800C4F8280314BF01330023C4F8203303F56E
:1092E800F973D4EDCC6A05EB830393ED017AD4F8D6
:1092F8002C3305EB8300013300F65C70F12BD0EDC5
:10930800007A77EE677A77EEA67AC4EDCC7A80EDAC
:10931800007AC4F82C335ED087EE880AB5EEC00A0E
:10932800F1EE10FA43D4DFED3D7A20EE670A0291A0
:109338000CF06EFE2B6902990233F02BD4BFFF1A92
:10934800F03F002F01DA049B1F44019B03EB8707C2
:10935800D5F8F0330233D7ED007AF02B67EE807A38
:10936800D4BFF61AF03E41ED017A002E01DA039BD4
:109378001E44009B03EB860608F10103D6ED007A34
:1093880067EE807A49ED017AC4F83433059B8B4245
:109398007FF408AF07B0BDEC068BBDE8F08FF12372
:1093A80067E7F0EE497A4BE71346421C74E7B0EEE4
:1093B800690ABCE74FF0FF374FF0000A1BE74FF090
:1093C800FF364FF0000B25E702910CF089FE029959
:1093D80060EE2A7A30E70023DFED0A7A05F5995026
:1093E800C4F82C3305F65C73B3EC017A984277EE37
:1093F800877AF9D1C4EDCC7A8EE7D4F82433421CAD
:109408004AE700BF0000000052F384370000C0C2E2
:10941800C1A8C04000007143000000802D152A3EFD
:109428002DE9F0479FEDE77A0446DFEDE77A2DED69
:10943800088B90ED009AB0EE608AC9EE078AF4EEC8
:10944800E78AF1EE10FA78FEA78AB4EEE80AF1EEA0
:1094580010FA0ADDF4EE008A69EE288AF4EEC08A72
:10946800F1EE10FA58BFF0EE408A04F50055226A72
:1094780040F2011305F66816C6ED008AA5F874399E
:1094880042B192000021E0690FF04AF894ED009A89
:10949800D6ED008ADFEDCD7A0022D4ED020A05F57B
:1094A8001663A262C9EE289AC3ED007AF4EEE70AC1
:1094B800F1EE10FA00F17881F7EE007AF4EE670A1F
:1094C800F1EE10FA77FEA00A9FEDC10AB7EE00AAE6
:1094D8000CF06EFEDFEDBF6ADFEDBF7A20EE260AE4
:1094E8009FEDBE7A69EE277AB4EE670AF1EE10FABC
:1094F80037FE800A20EE070A80EE090A0CF014FDF8
:10950800DFEDB77A05F65C1305F6581268EEA77A10
:109518003AEE400AC7EE89AA82ED000A3AEE40BA4E
:1095280083ED00BAB0EE6A0A0CF0D2FFB0EE409AB2
:10953800B0EE6A0A0DF0D0F8F0EE4A0AF0EE407A82
:109548002BEE099AEBEE670AB0EE490A0CF05EFDC5
:10955800C0EE2A6A05F654139FEDA27A79EECA7A0C
:1095680077EEE67AF4EE4A7AF1EE10FA48BFF0EEBA
:109578004A7AC3ED007AD4ED050AF4EEC70AF1EE93
:1095880010FA00F19C80F3EE047AF4EE670AF1EE2B
:1095980010FA77FEA00AF8EE087A60EEA80AB2EE92
:1095A800040AC7EEA00A0CF003FED4ED046A05F61F
:1095B800641383ED000AF6EE007AF5EEC06A79EEE0
:1095C800A77AFDEEE77A17EE90EABEF5DB6FA8BF43
:1095D8004FF4DB6EBEF1020FB8BF4FF0020EF1EE92
:1095E80010FA00F1E480F7EE007AF4EEE76AF1EEA3
:1095F80010FA67DDF0EE676A9FED744AB5EEC08A2F
:10960800F1EE10FA65D4F7EE007AB4EEE78AF1EEDF
:1096180010FA40F3D1809FED748AD4F8048004F6E0
:10962800EC56724FB0EE005AD8F80020FFEE005A00
:109638009FED6F6A4FF0010CDFED6E4A3A449FEDE3
:109648006E3A0021DFED613A304613E0012943FE0E
:10965800237A66EEA77AE64567EEA47AE7EE047AFF
:1096680067EE887AC0ED007A36DD01313A440CF1B4
:10967800010C043042F0010982EAD233B0EE657A77
:1096880009FB03F383EAD31943F03D0A0AFB0939BE
:1096980083EA090383EA933307EE903AF8EE677A90
:1096A80067EE867AA7EE857A0029CFD166EEA47A8E
:1096B800E7EE047A67EE887AC0ED007AD5E7F0EE37
:1096C800470A68E7B5EEC08A37EEE64AF1EE10FAC7
:1096D80099D59FED3E8AA0E794ED037A01F27A319D
:1096E800C8F80020B5EEC07A04EB8101C1ED017A1B
:1096F800F1EE10FA55D4DFED417AB4EE677AF1EE67
:1097080010FA37FE877AF6EE007AE7EE297AFDEE50
:10971800E77A17EE908AB8F1000F40DD0EEB0807E4
:10972800B7F5DB6FA8BF4FF4DB67774509DDA7EB1B
:109738000E020EF27B300021920004EB80000EF046
:10974800EFFE474516DD40F27B3307F27B3206EB2E
:109758008806A3EB08033B4404EB830304EB820471
:1097680074ED017A33ED017AB44277EEC77AC4ED2D
:10977800007AF5D1DFED227A002205F66C13C5F8E0
:109788004C79B4EEE78AC5F85029F1EE10FA38FEA4
:10979800278A83ED008ABDEC088BBDE8F087774601
:1097A800E8E79FED0A7AAEE7F0EE670A8CE6B7EED7
:1097B800004ADFED066A21E7DFED0B7A28EE278AFB
:1097C8002BE700BF00005A4400005C420000000084
:1097D800610B363D00A08C466666E63EDB0FC9C0CD
:1097E800DB0FC940CDCC4C3D9A99193FF5792B6DCB
:1097F8000000802FCDCCCC3FCDCCCC3E3333733F53
:109808000AD7233C38B52DED028BB0EE608A864628
:1098180000F5D26C034693F819521C4603F50C73F5
:1098280045B39C45F7D1002490F82C324BB9002C55
:1098380000F0A080D0F82852D4F828329D4238BFD2
:10984800044600F50C706045EED19CB974460EF5DF
:109858000C7EF4450CD0002CF8D0DEF82802D4F8A1
:109868002832984238BF74460EF50C7EF445F2D182
:10987800002C70D0F3EE047A0123D4ED008A84F82A
:109888002C32B4EEE70AC4E98912F1EE10FA09DBCA
:10989800DFED3C7A68EEA77AB4EEE70AF1EE10FA4B
:1098A80077FE807AB5EEC08AC4ED847AF1EE10FABC
:1098B80054DA9FED358A40F20113C022002104F5E5
:1098C8009E70A4F8183284ED858A0EF029FE204691
:1098D800FAF7B0FCD4ED050AF5EEC00AF1EE10FA7D
:1098E80045DBF7EE007AF4EE670AF1EE10FA77FE40
:1098F800A00A9FED260A0CF05BFC9FED257AF6EE98
:10990800007A002320EE070A9FED227AC4F8043279
:1099180078EE085AB4EEC78A9FED1F6AE8EE807A9F
:10992800FDEEE77A17EE903A022BB8BF0223F1EE6C
:1099380010FA07EE903AC4F8003238FE078A84ED30
:10994800878AF8EEE77AC5EEA76A86EE277AC4ED2D
:10995800826A84ED837ABDEC028B38BDF7EE007A1B
:10996800B4EE678AF1EE10FA37FE888AA3E7DFEDD6
:10997800060ABEE7044600F50C7060457FF454AF54
:1099880063E700BFCDCCCC3E00000000CDCCCC3D81
:109998006F12833B0AD7233CDB0FC940F8B52DED86
:1099A800028BB0EE408A0746B0EE600A00F20C6601
:1099B8008646DEF8E03175469C7994B14FF0000C8C
:1099C8005FFA8CF314F0010F0CF1010CC3EB0313D5
:1099D80005D00EEB8303D3F88830002B56D16408EA
:1099E800EED19FED447A012385ED7C0AB4EEC70AD7
:1099F80085F80032D5ED030A85ED7B8AF1EE10FA81
:109A0800C5E97E1230FE070A0CF0D2FB0022B6EE42
:109A1800006AD5F8E4612B460021144685ED7D0ADD
:109A280014E0F4EE467AF1EE10FA76FE277A9642C2
:109A380002F101024FF00100C3ED207AD8BFD3F83C
:109A48008800062A03F13C03D86449D093ED297AAB
:109A5800C3F88840B5EEC07AD967C3F88C10C3F84C
:109A6800AC10F1EE10FAC3F8B01003DC93ED287ACD
:109A780028EE077AD3ED1E6AC7EE267AF5EEC07A8D
:109A8800F1EE10FACDD5DFED1C7AD0E70EF5017EA8
:109A9800B6458ED1002590F800323BB91DB3D0F8F9
:109AA800FC41D5F8FC319C4238BF054600F50170F1
:109AB800B042F0D1002D94D13D4607F50177B74269
:109AC8000CD0002DF8D0D7F8FC01D5F8FC3198421D
:109AD80038BF3D4607F50177B742F2D1002D80D156
:109AE800BDEC028BF8BD054600F50170B042D2D13D
:109AF800E0E700BF6F12833A000000002DE9F04F45
:109B08001E4690F820342DED0E8B85B0002B00F00A
:109B18006281D0F83834044688461746002B29DD80
:109B28001C9A921B9B1A002BC0F8383400F3CB8187
:109B38000023C0F8383400F5866393ED000A30EE50
:109B4800006AD4ED005AF7EE086A04F58363B7EEAD
:109B5800007AC5EE867A83ED000A04F5826377EE13
:109B6800E67AF4EE477AF1EE10FA48BFF0EE477A5B
:109B7800C3ED007AD4ED017AD4ED03DAF5EEC07ABC
:109B8800F1EE10FA80F22C81DFEDDD7A04F21C434D
:109B98009FEDDCAADFEDDCAA94ED027AD3ED006A32
:109BA800B5EEC07AE6EE8AAAF1EE10FA6AEEA7AA36
:109BB800C0F28381F7EE007AB4EEE77AF1EE10FA9C
:109BC80040F37E81D4ED059AF5EEC09AF1EE10FAD5
:109BD800C0F27081F7EE007AF4EE679AF1EE10FAAF
:109BE80077FEA99A04F588639FEDC8BAD3ED007A89
:109BF8001C9B69EEA79AB34269EE8B9A40F3DB800F
:109C080004F5826308EB860807EB8607DFEDBCCA1C
:109C1800039304F56D7004F23C439FEDBDCA9FEDBC
:109C2800BD9A04F2144BDFEDBCBA04F2244A656A0B
:109C3800D4F818900293039B93ED007AB5EEC07A9E
:109C4800F1EE10FAC0F22381D4ED087AF8EE677AC3
:109C5800B4EEE77AF1EE10FA00F32081FDEEC77A50
:109C680017EE901AF8EEE77A77EE677A6A1E521ABC
:109C780001D5E3691A4409EB8202AB1E92ED008A12
:109C88005A1A00F10881134609EB83039BED007A09
:109C9800D3ED006AD4F8F83376EEC86A013BA6EE35
:109CA800A78A38EE077A8BED008A67EE0C8A032BB9
:109CB80000F23481DFE803F0C5A69D0204F20C43EC
:109CC80094EDFFDAD3ED007AADEE67DAB4EEC9DAD7
:109CD800F1EE10FA40F1EB80B0EE6CDA0023C4ED3F
:109CE800FFCAC4F8F8332AEE8DDA029AD2ED007A68
:109CF800F4EEC97AF1EE10FA40F3C68004F2444358
:109D0800B0EE4AEA93ED007A67EE877AA7EEA9EA01
:109D1800C2ED007A0190F8F7D9FFB7EE006A019812
:109D2800F0EE6B6AFFEE005AF0EE467AE0EE0E7A3D
:109D380067EE8D7A38EEE77AE7EE4B6AB1EE475A6E
:109D4800F4EEE56AF1EE10FA80F29680B0EE457A0C
:109D5800E36909EB8502013577EE877AB5EEC08AAB
:109D68009D4208BF0025C2ED007A6562F1EE10FA47
:109D7800D8ED007AEDEE887AE8EC017AD7ED007A32
:109D8800EDEE887A48BFB1EE488AE7EC017ADAED61
:109D9800007AF4EEC87AF1EE10FA05D404F585637A
:109DA80093ED008A27EE888A01361C9B8AED008A8B
:109DB800B3427FF440AFD4F8F83363B904F22442D5
:109DC800DFED547A92ED007AB4EEE77AF1EE10FA0C
:109DD80048BF84F8203405B0BDEC0E8BBDE8F08F89
:109DE800B7EE007AF4EE477AF1EE10FA77FE277AAA
:109DF800CCE604F58063D3ED007A2AEEA7DAC4ED49
:109E0800FF7A72E704F5806394EDFFDAD3ED007A08
:109E180004F5816337EECD7AD3ED006AA6EE87DAD2
:109E28003DEE677AB0EEC77AB4EEC97AF1EE10FA71
:109E38003DD50323B0EE67DAC4EDFF7AC4F8F833F2
:109E480051E7B7EE087AD4EDFF7A04F20443F7EE4F
:109E5800006A37EE677A93ED006AE6EE077AF4EE69
:109E6800E67AF1EE10FAC8DB0223B0EE6ADAC4ED46
:109E7800FF6AC4F8F83338E7F4EEC66AF1EE10FA70
:109E8800D8BF27EE267A63E7B0EE4AEA42E7F0EE5B
:109E98006C7A0021EAE6E3691344F5E6BDEEE77A59
:109EA80017EE101AB8EEC77A77EEC77ADEE684EDB9
:109EB800FFDA18E7DFED129A94E69FED11AA81E622
:109EC80027EE0AAA7EE607EE903A00F23443F7EE50
:109ED800000AF8EEE77AD3ED006A00F22C4387EE29
:109EE800A67A93ED008A00F5866393ED000A80EE6A
:109EF800080A70EEC70A0CF05BF928EE000A1EE6A5
:109F080000000000CDCCCC3E9A99193F9A99993E11
:109F18003333F3BE17B7D1383333333F2AEEACDAD5
:109F2800E3E600BF2DE9F04F064600F5B4650446A8
:109F38002DED088B83B094F8CC71234604F5F074AA
:109F480067B3AC42F7D1002390F8DC414CB9002B41
:109F580000F05381D0F8D871D3F8D841A74238BF60
:109F6800034600F5F070A842EED1BBB9334606F5BA
:109F7800F076AE420CD0002BF8D0D6F8D841D3F802
:109F8800D801844238BF334606F5F076AE42F2D1A6
:109F980023B903B0BDEC088BBDE8F08FF3EE047A6B
:109FA800012093ED007A83F8DC01B4EEE70AC3E9F7
:109FB8007512F1EE10FA09DBDFED937A67EE277A76
:109FC800B4EEE70AF1EE10FA77FE807AF5EEC00AF1
:109FD800C3ED717AF1EE10FA72DADFED8C0AD3ED87
:109FE800035AB6EE007A93ED1D6A0122D3ED056A95
:109FF8000021C5EE867A83F8CC21002219628448B4
:10A00800C3ED720AD862F4EEC76ADA67F1EE10FAA5
:10A0180054BF012111461963F5EEC07AF1EE10FA2A
:10A0280057DBF4EEC77AF1EE10FA00F3C480F5EED0
:10A03800C07AF1EE10FA4CDDDFED766AA7EEA67A6B
:10A04800FCEEC77A17EE901A9FED709A0120D3EDB7
:10A05800017A0022C3F88010F4EEC97A83ED369AAB
:10A0680083ED379A83ED439AF1EE10FA83ED449A23
:10A0780083ED509A83ED519A83ED5D9A83ED5E9A54
:10A0880083ED6A9A83ED6B9A83ED269AC3F8940060
:10A09800C3F8D0211FDBB1EE007AF4EEC77AF1EEF7
:10A0A80010FA40F38B80B7EE009A9FED5B0ADFED64
:10A0B8005B9A04200322DFF878B10C21102612E005
:10A0C800F7EE007AF4EE670AF1EE10FA77FEA00ACE
:10A0D80085E71146B8E79FED510A1146DFED509A22
:10A0E8000426DFF84CB10A441C4606444D4F4FEA9B
:10A0F80082084D4DB6EE00BA4FEA860908F104030E
:10A1080007EB8606DFED49AA07EB82079B4405EBC0
:10A11800820504F5827304F5D87ADFED3CBA019321
:10A12800F0EE490A80EE290A0CF042F8F7EC017AC1
:10A13800B6EC017AF5EC016A37EE677A60EE299A97
:10A1480026EEAA0AE7EE097AB0EE67AA0BF060FFDE
:10A15800A5EB0803B0EE408A4B4413ED010A20EE4C
:10A168002A0A0BF055FFC9EE8A8AC4ED2D9A04F12C
:10A17800AC00C4ED2FBA343430EE480AA0EE098A98
:10A18800F4EE4B8AF1EE10FA48BFF0EE4B8AC4EDBC
:10A19800218AF8F78FFCC8EE287A019B9C42EAECEA
:10A1A800017A3FF4F6AEFBEC019AABEB08034B44A3
:10A1B80013ED010AB4E74FF0004145E7BDEEE77A39
:10A1C800DFF86CB017EE102A032AA8BF032202EBAF
:10A1D8008204101807EE102A91000BEB8404B8EEE5
:10A1E800C79A8600D4ED009A00EB80040BEB840438
:10A1F80037EEC99A94ED000A75E7034600F5F0704A
:10A20800A8427FF4A1AEB0E63333B33E00000000AD
:10A218009A99993E0000804F0000AF430000C84360
:10A2280000001644FC140020601500202D152A3E5D
:10A23800CC1600202DE9F04F05462DED0E8B8FB082
:10A24800002940F0CE80D2E9002300925A7A082AE9
:10A2580040F0BD809A7A00F19C04E24B00F6781732
:10A2680002EBC2029FEDE0CADFEDE0BA00F6E406B9
:10A2780003EB8203DFEDDEDA9FEDDEDA9FEDDE9A97
:10A28800DFEDDECA93ED00BAD3ED01AA93ED02AA81
:10A29800D3ED039AD3F810B0D3F814A0D3F81890DC
:10A2A800D3F81C8093ED08EAD6ED008AD5F8DC389F
:10A2B800F5EEC08AF1EE10FA40F3EF80F4EEC98AA9
:10A2C800F1EE10FA40F1378144ED278A04ED26BA01
:10A2D80044ED25AA04ED24AA44ED239A44F888BC49
:10A2E80044F884AC44F8809C44F87C8C04ED1EEA65
:10A2F800B2EE006A44F86C3C8CEE287A002344EDF8
:10A308001D8A44F8703CC6EE287AFFEE006A28EEF3
:10A31800AB0A86EE800A04ED107A44ED0F7A0BF052
:10A3280003FEA4F1340004ED0E0A44ED0D8A0190F9
:10A33800F8F7C0FB0223019844F8303CF8F7BAFB61
:10A3480068EEAD7A8DEE270AC4ED008A0BF0ECFDBD
:10A35800D4ED00EADFEDAA7ADFEDAA8AB7EE008A2B
:10A368006EEEA77A38EE400A84ED040A88EEA70A52
:10A378000BF0DAFDDFEDA47A38EE400A6EEEA7EABC
:10A3880084ED050A88EEAE0A0BF0CEFD54ED277A6F
:10A39800DFED9E6A9E4B38EE400AE360BFEE007A1E
:10A3A80067EEA67A84ED060A04F53D7487EE270A5F
:10A3B8000BF0BAFD974B44F8D03C44F8CC3C38EE4F
:10A3C800400A04ED2B0ABC427FF46EAF0121009BCA
:10A3D80003F5783383F8F0170FB0BDEC0E8BBDE8AA
:10A3E800F08F013900F024810129F5D1D2E90083E9
:10A3F8005A7A0A2A40F030819A7A2C21864B41F207
:10A408000467864E41F6BC0A01FB023C074402ACD5
:10A418008244DCED006AB9469CED017ADCED027AF3
:10A42800DCF80CB0DFF804E27D4D0FCE0FC40FCE80
:10A438000FC496E80F00CDED026A8DED037ACDEDDD
:10A44800047A84E80F00CDF814B0DCF81030CDF8A9
:10A4580030E00693DCF814300793DCF818300893E2
:10A46800DCF81C300993DCF820300A93DCF824303F
:10A478000B933846E83799EDB00A02AA2946FAF74D
:10A4880031FC5745F5D1012308F5783888F8F037BD
:10A498000FB0BDEC0E8BBDE8F08F9FED628A04ED26
:10A4A80026BA44ED25AA04ED24AA04ED278A44ED32
:10A4B800239A44F888BC44F884AC44F8809C44F857
:10A4C8007C8C04ED1EEA4BDCB2EE006A44F86C3C6E
:10A4D8008CEE287A002304ED1D8A44F8703CC6EE01
:10A4E800287AFFEE006A28EEAB0A86EE800A04EDB1
:10A4F800107A44ED0F7A0BF017FDF5EEC08AA4F13F
:10A50800340004ED0E0AF1EE10FA4DDC04ED0D8A6C
:10A518000190F8F7CFFA0223019844F8303CF8F795
:10A52800C9FAF5EEC08AF1EE10FA4FDCF0EE488A6F
:10A53800B0EE6C0A08E73C4A04ED26BA44ED25AAB9
:10A5480004ED24AA44ED239A44F888BC44F884AC6A
:10A5580044F8809C44F87C8C04ED1EEA44F89C2C5A
:10A56800F4EEC98AF1EE10FA3FF5C2AEB2EE006A17
:10A5780044F86C3C8CEE287A2B4B44F8743C00234E
:10A5880044F8703CC6EE287AFFEE006A28EEAB0A63
:10A5980086EE800A04ED107A44ED0F7A0BF0C4FCC5
:10A5A800A4F1340004ED0E0AF4EEC98AF1EE10FAB3
:10A5B8003FF5BBAE1C4B019044F8343CF8F77AFAEF
:10A5C8000223019844F8303CF8F774FAF4EEC98A8B
:10A5D800F1EE10FA3FF5B4AEB0EE6C0ADFED118A79
:10A5E800B2E600BF602701200000FA446F12033B67
:10A5F8000AD7233C549F8CBF8096184B49FF15BB44
:10A60800CDCCCC3D8E5D93C0CDCC4C3E0AD7A33B80
:10A618003333333F73800C415C28012094120020AF
:10A62800A028012000803B4700803B479A99193EAB
:10A63800D2E900435A7A092A05D1997A00F6EC0042
:10A64800FEF7A4FC014604F5783484F8F0170FB03F
:10A65800BDEC0E8BBDE8F08F002315E72DE9F04720
:10A66800044694B071BBD2E90052537A062B22D12A
:10A67800927A41F21827434B01AE02EB420242495B
:10A68800074400F5805803EBC20306911A6801924B
:10A698005A6802929A680392DA681B6904920593D1
:10A6A800204604F5C16498ED880A3146FAF72EFF72
:10A6B800A742F5D1012105F5783383F8F01714B0D6
:10A6C800BDE8F087012951D1D2E90072537A072BEE
:10A6D80055D1937A4C212D4A41F2282549F21C681C
:10A6E80000F5104401FB03220544804401AE1368C1
:10A6F80004F2246A42F6FC39019353680293936882
:10A708000393D36804931369059353690693936974
:10A718000793D3690893136A0993536A0A93936A50
:10A728000B93D36A0C93136B0D93536B0E93936B2C
:10A738000F93D36B1093136C1193536C1293936C08
:10A74800139328464D449AED000A3346D4F8202640
:10A75800D4F81C16FEF754F94545F2D1012307F544
:10A76800783787F8F03714B0BDE8F08749F22C60E5
:10A7780002392044FFF75EFD14B0BDE8F0870023DE
:10A78800EDE700BF882801209A99593F4424012009
:10A798002DE9F04704469EB0002947D1D2E9007060
:10A7A800437A022B3BD16E46857A4C229349304638
:10A7B80004F57F7909F076FC914B04F2044803EB29
:10A7C800851325461A6800925A6801929A6802927F
:10A7D800DA6803921A6904925A6905929A6906928C
:10A7E800DA6907921A6A08925A6A09929A6A0A9268
:10A7F800DA6A0B921A6B0C925A6B0D929A6BDB6B9E
:10A808000E920F93284605F5AA7598ED000A324670
:10A81800D4F8FC13F9F7E0FD4D45F3D1012107F514
:10A82800783787F8F0171EB0BDE8F087012974D192
:10A83800D2E90082537A032B40F0D580957A6E4690
:10A848007822704905EB8507304609F02BFCDFF8C4
:10A85800C0C13D463F010DF130090DF1480E0CEB2A
:10A86800051507F1300240372B68D5ED017A07EB63
:10A878000C0A009302EB0C035CF8020059689A6812
:10A88800DB68CDED017AD5ED027ACDED027AD5ED12
:10A89800037ACDED037AD5ED047ACDED047AD5EDC2
:10A8A800057ACDED057AD5ED067ACDED067AD5EDAA
:10A8B800077ACDED077AD5ED087ACDED087AD5ED92
:10A8C800097ACDED097AD5ED0A7AED6ACDED0A7AE5
:10A8D8000B9504F20C45A9E80F005CF8070004F694
:10A8E8001827DAF8041004F52264DAF80820DAF8F0
:10A8F8000C30AEE80F00284605F5017594ED000A06
:10A908003146F7F71BFEAF42F5D1012208F578333F
:10A9180083F8F0271EB0BDE8F087022932D1D2E9CA
:10A928000072537A042B60D1927A00F62825364BB0
:10A9380041F2247802EB820200F5805480446E468E
:10A9480003EB820305F604591A6800925A680192CB
:10A958009A680292DA681B6903920493284605F202
:10A96800544599ED000A3246D4F82417FDF70EFF36
:10A978004545F3D1012307F5783787F8F0371EB03E
:10A98800BDE8F087032932D1D2E90072537A052B4A
:10A998002BD1927A41F234751C4B41F6D44802EB24
:10A9A800420200F580540544804403EBC2036E461E
:10A9B80004F6DC491A6800925A6801929A68029271
:10A9C800DA6803921A695B6904920593284605F5CB
:10A9D800F07599ED000A3246D4F8D41CF8F752FB0A
:10A9E8004545F3D1C6E7002290E70023C3E741F6C7
:10A9F800E44004392044FFF731FE14E7C412002074
:10AA0800E81C012010130020081E0120C025012089
:10AA1800F0190120F0B5134600F5516704464FF4CC
:10AA2800CE722DED088BB0EE408AEBB087ED000AB0
:10AA380004F60856C0F8081DC0F80C3D03A845499F
:10AA480009F030FBB5EEC08ADFED43AADFED439A8B
:10AA5800F1EE10FA9FED42BA9FED42AA9FED429A9D
:10AA680051DDB4EEEA8AF1EE10FA5AD59FED3F7A3D
:10AA7800F0EE487ADFED3E6A04F5D07528EE077AE5
:10AA880086EE870A20464FF4CE7203A98DED010A9F
:10AA9800E0EC017A09F006FB84ED688AF7EE008A9B
:10AAA8009DED010A0BF040FA38EEC00A84ED6C0AFD
:10AAB80095ED000A20EE0A0A89EE000A0BF034FA36
:10AAC800DFED2C7A38EEC00A84ED6D0A95ED000AA8
:10AAD80020EE270A89EE000A0BF026FA264B2046BC
:10AAE800C4F8AC3138EEC00A84ED6E0A04F58B6404
:10AAF800FEF724F9B44210D097ED008AB5EEC08A6B
:10AB0800F1EE10FAADDC04F5D0750CDCF0EE697AE4
:10AB1800B0EE4B0AB0EE698AB4E76BB0BDEC088BB7
:10AB2800F0BD04F5D075B4EEEA8AF1EE10FA06D459
:10AB3800F0EE697AB0EE698AB0EE4B0AA2E79FEDB3
:10AB48000B7AF0EE697ADFED0A6A28EE077A86EE6C
:10AB5800870A97E7F81000208096184B00803B473B
:10AB680049FF15BBCDCCCC3D8E5D93C00AD7233CA5
:10AB7800549F8CBFCDCC4C3E3333333F0B68DD4AFA
:10AB880091ED010A9A1803F5A7332DE9F04F03F563
:10AB9800907300F5805900F51046DFF8988341F26C
:10ABA800282549F21C6A04460F460544824442F6A9
:10ABB800FC3B2DED0A8BC9F81C3297B006F22463D2
:10ABC800C9F818220DF10C0C89ED880A0193B8E830
:10ABD8000F00ACE80F0098E803008CE8030020465B
:10ABE80003A9FAF793FC99ED880A03A904F5C16053
:10ABF800FAF78CFC99ED880A03A904F54160FAF785
:10AC080085FCDFF834933B6808F10801DFF8E4823B
:10AC180003A897ED018A99449844019A82ED008A25
:10AC28004C22C6F81C86C6F8209609F03BFA414625
:10AC38004A46DDF8048028465D44B0EE480A03AB76
:10AC4800FDF7DEFE554506D098ED008AD6F81C16AD
:10AC5800D6F82026EFE7D7ED019A0DF10C0C3B68EA
:10AC680049F2C865DFF88C82B0EE698ADFF8C892CD
:10AC780049F6A47A9844DFF8C4E2994406F571636A
:10AC8800B5EEC08ADFED9CAAC3ED009A25449FED7E
:10AC98009BAAA244F1EE10FA9FED99CADFED99BA8A
:10ACA8009FED999A9FED99BAC6F8088FC6F80C9F40
:10ACB800BEE80F00ACE80F00BEE80F00ACE80F00DC
:10ACC800DEF80030CCF8003040F38F80B4EEC98A4B
:10ACD800F1EE10FA40F134810DF10C0EA5F1980C4B
:10ACE80005ED278ABEE80F00ACE80F00BEE80F00AC
:10ACF800ACE80F00DEF80030CCF80030B2EE006AA5
:10AD080000238AEE887A05ED1D8A45F86C8C45F893
:10AD1800703CC6EE087AFFEE006A28EE0A0A86EE54
:10AD2800800A05ED107A45ED0F7A0BF0FDF8A5F1D4
:10AD3800340005ED0E0A05ED0D8A0190F7F7BAFE0D
:10AD48000223019845F8303CF7F7B4FE68EE0C7A18
:10AD58008BEEA70A85ED008A0BF0E6F895ED008AE0
:10AD6800DFED6B7ADFED6BCAF7EE008A68EE277AC3
:10AD780038EEC00A85ED040A8CEEA70A0BF0D4F869
:10AD8800DFED657A38EEC00A28EE278A85ED050AD8
:10AD98008CEE880A0BF0C8F855ED277ADFED5F6A6C
:10ADA8005F4B38EEC00AEB60BFEE007A67EEA67A1A
:10ADB80085ED060A05F53D7587EE270A0BF0B4F810
:10ADC800584B554545F8D03C45F8CC3C38EEC00AC0
:10ADD80005ED2B0A58D006F5716393ED008AB5EEA0
:10ADE800C08AF1EE10FA3FF771AF0DF10C0EDFEDEE
:10ADF8004E8AA5F1980C45ED278ABEE80F00ACE80D
:10AE08000F00BEE80F00ACE80F00DEF80030CCF809
:10AE1800003000F3A880B2EE006A00238AEE887A38
:10AE280045ED1D8A45F86C8C45F8703CC6EE087AED
:10AE3800FFEE006A28EE0A0A86EE800A05ED107A0F
:10AE480045ED0F7A0BF070F8B5EEC08AA5F1340025
:10AE580005ED0E0AF1EE10FA00F3A98045ED0D8A12
:10AE68000190F7F727FE0223019845F8303CF7F7E1
:10AE780021FEB5EEC08AF1EE10FA00F3AA80B0EE1A
:10AE8800688AB0EE4B0A65E749F61870B0EE690AB1
:10AE98004A4641462044254EFFF7BCFD04F52043B1
:10AEA80097ED010A03AD03F5436B4AF630474AF6BE
:10AEB800E86A8BEDB00A2744C3F8E88EA244C3F8C9
:10AEC800EC9E1B4C0FCE0FC50FCE0FC596E80F009A
:10AED80085E80F003846E83703AA2146F9F702FF4C
:10AEE800574502D09BEDB00AF4E717B0BDEC0A8BCA
:10AEF800BDE8F08F1C4F01000000FA446F12033BBD
:10AF08000AD7233C549F8CBF8096184B49FF15BB2A
:10AF1800CDCCCC3D8E5D93C0CDCC4C3E0AD7A33B67
:10AF28003333333F73800C4100803B479412002039
:10AF3800A028012088130020204F0100EC130020D6
:10AF4800294B0DF10C0EA5F1980C45F89C3CBEE878
:10AF58000F00ACE80F00BEE80F00ACE80F00DEF809
:10AF68000030CCF80030B4EEC98AF1EE10FA3FF5A3
:10AF7800C5AEB2EE006A1C4B8AEE887A45F86C8C36
:10AF880045F8743C002345F8703CC6EE087AFFEE9D
:10AF9800006A28EE0A0A86EE800A05ED107A45ED69
:10AFA8000F7A0AF0C1FFA5F1340005ED0E0AB4EEE0
:10AFB800C98AF1EE10FA3FF5BEAE0B4B019045F889
:10AFC800343CF7F777FD0223019845F8303CF7F752
:10AFD80071FDB4EEC98AF1EE10FA3FF5B7AEB0EEE6
:10AFE8004B0A9FED028AB5E600803B4700803B474D
:10AFF8002DE9F04F0B6800F20446C74CC74F1A19E9
:10B0080004461F4404F57F75A0462DED0C8B91ED89
:10B01800018AA7B086ED008A0292C0F8FC234C2270
:10B02800C0F80074CDE90601BD4908A809F03AF84E
:10B03800B0EE480A0299204604F5AA7408AAF9F75E
:10B04800CBF9AC4204D096ED000AD8F8FC13F2E72D
:10B05800069E7822029B08A806F5226406F20C4593
:10B06800B04906F6282984ED008A41F24C78C6F8E2
:10B07800183AC6F81C7AB04409F014F82846B0EE1D
:10B08800480A08A9F7F75AFA94ED000A06F5C260CB
:10B0980008A9F7F753FA06F6140008A994ED000A70
:10B0A800F7F74CFA06F58053079A34461946059384
:10B0B800D2ED017A09F60453DFF8B0C208AEF5EE16
:10B0C800C07AC3ED007A0B46029904F52565DFEDD9
:10B0D80096CAC3F82417F1EE10FAC3F8287704F6D5
:10B0E800DC54DFED92AADFED92BA9FED92CA9FED94
:10B0F80092BADFED928ABCE80F000FC6DCF8003088
:10B10800336040F3DA80B0EEE77AB4EEEC7AF1EE31
:10B1180010FA88BFF0EE6A7A0DF1200EA5F1240C22
:10B1280045ED0A7A4FF0E30B4FF0DF0A2E46BEE8F2
:10B138000F00ACE80F00DEF80030CCF8003045F81E
:10B14800105C45E903BAE6EC018AA642FBD115ED8D
:10B158000A8A0023B5EEC08A45F8043CF1EE10FADD
:10B1680040F3AE80B4EEEB8AF1EE10FA40F1808342
:10B17800B2EE006A9FED727ADFED727ABFEE000AD6
:10B18800C7EE086AC5F89033029B05F5737685ED1E
:10B19800E38AC5F8943386EE087A68EE277A80EE5B
:10B1A800270AC5EDF06A85EDF17A0AF0BDFEDFEDFC
:10B1B800666AF0EE407A68EE266AB0EE487A8BEE60
:10B1C800260A85EDF37A05F2544545ED237A0AF00F
:10B1D800ABFEDFED5E7A9FED5EAAB7EE009ADFED7B
:10B1E8005D9ABFEE00DA39EE400A84ED140A96ED56
:10B1F800000A20EE270A8AEE000A0AF095FEDFED23
:10B20800567A39EE400A84ED150A96ED000A20EECA
:10B21800270A8AEE000A0AF087FE504BDFED507AC3
:10B22800E36439EE400A84ED160A96ED000A20EE32
:10B23800270A8BEE000A0AF077FE39EE400A84ED01
:10B24800140A96ED000A20EE290A8AEE000A0AF08E
:10B258006BFEDFED447A39EE400A84ED150A96ED6F
:10B26800000A20EE270A8AEE000A0AF05DFEDFEDEA
:10B278003E7A84ED139A68EE277A39EE400A84ED17
:10B28800160A8DEE270A0AF04FFE84ED1D0A28EEF5
:10B29800290A8DEE000A0AF047FE454584ED240A86
:10B2A80004F2544464D009F60453D3ED007AF5EE61
:10B2B800C07AF1EE10FA3FF726AFDFED1C7A2BE7E4
:10B2C800B2EE006A9FED1E7ADFED1E7ABFEE000A2D
:10B2D800C7EE086AC5F89033029B05F57376C5ED8D
:10B2E800E3AAC5F8943386EE087A68EE277A80EEEA
:10B2F800270AC5EDF06A85EDF17A0AF015FEB5EE7C
:10B30800C08AF0EE407AF1EE10FA00F3D282B0EE85
:10B318006A7AB0EE4C0A54E71C4F0100204F010036
:10B32800C412002010130020FFFF7F7F00803B47DE
:10B338008096184B49FF15BB549F8CBF0000000036
:10B348000000FA446F12033B0AD7233CCDCCCC3D16
:10B358008E5D93C08FC2F53CCDCC4C3E3333333F2A
:10B368000AD7A33C8FC2F53DCDCC4C3D101400202C
:10B37800059A08AD079BD24E93ED018A02F6DC438D
:10B388009FEDD0CA83ED008AB5EEC08A029BC2F851
:10B39800D87CC2F8D43CF1EE10FA069BDFEDCAAABD
:10B3A80003F5BF5403F5EC53DFEDC8CA0493DFED92
:10B3B800C8BA0FCE0FC596E8030085E8030040F32E
:10B3C800C081B4EECC8AF1EE10FA40F10E8208AEDC
:10B3D800A4F1A80504ED2B8A0FCE0FC596E803004B
:10B3E80085E8030004ED248AB2EE006A9FEDC77A6F
:10B3F800DFEDC77ABFEE000AC7EE086A029B04EDCC
:10B408001E8A44F8703C002344F8743C86EE087A9F
:10B4180068EE277A80EE270A44ED116A04ED107A67
:10B428000AF082FDF0EE487AA4F13802A94BF0EE5A
:10B43800006A44ED0E7ABFEE007A04ED0F0AB5EE0D
:10B44800C08A936154F8202C9FEDA36AF1EE10FA9C
:10B4580002F1DA4202F52D1202F5675202F13502C5
:10B4680082EAD23344F8202C42F0010202FB03F3B3
:10B47800A4F1200243F03D0144F8242C83EAD312BE
:10B4880001FB023283EA020383EA933307EE903A20
:10B498004FF00003F8EE677A44F8283C67EE867AA6
:10B4A800A7EEA67A04ED0D7A40F38281B4EECC8A39
:10B4B800F1EE10FA40F17C819FED967AF0EE487A31
:10B4C80028EE077A8CEE870A44ED077A25460AF0BB
:10B4D8002BFD54ED078A9FED810AA046DFED809A87
:10B4E80004F5827728EE800A0226B7EE009A89EEE4
:10B4F800800A0AF019FD9FED7B0A28EE800A89EE82
:10B50800800A0AF011FD9FED780A28EE800A8CEE79
:10B51800800A0AF009FDDFED757A39EE400A68EE17
:10B52800A77A04ED030A89EEA70A0AF0FDFCF5EEF6
:10B53800007A39EE400A68EEA78A04ED020A89EE1D
:10B54800A80A0AF0F1FC6A4B44F8103C39EE400AAC
:10B5580004ED010AB5EEC08AF0EE6A7AF1EE10FA4F
:10B5680008DDB4EECC8AF1EE10FA54BFF0EE6A7A38
:10B57800F0EE487A2846C8ED007AF7F79BFA284695
:10B588003435C8F80460F7F795FABA46BD4208F1B1
:10B598003408DFD114ED2AAAB5EEC0AAF1EE10FAEC
:10B5A800C0F20B81F1EE007AB4EEE7AAF1EE10FAE0
:10B5B80000F38E81FDEECA7A4E4B17EE902A032ACD
:10B5C800A8BF032202EB8200511C07EE902A9600C6
:10B5D80003EB8000F8EEE77A8F0090ED008A01EB2C
:10B5E800810003EB80003AEE67AA90ED000A16444A
:10B5F800414B0F44B6EE00DA4FEA860804F108051D
:10B6080003EB86093D4B08F10402A34603EB8606CB
:10B61800384B0394BF0013449FED39BA04F1D002AC
:10B628001C460192F0EE4A0A343580EE080A0AF008
:10B63800BFFDF9EC017AB6EC017AA9EB08023A44AD
:10B6480020EE088A27EE0B0A12ED017A37EE677AA8
:10B65800E7EE0A7AF0EE679A0AF0DAFCA6EB08023F
:10B66800F0EE408A3A4412ED010A20EE0B0A0AF085
:10B67800CFFC88EE299A584605ED0D8A45ED0BBAA0
:10B6880030EE680AE0EE0A8AB4EE4D9AF1EE10FA4E
:10B6980048BFB0EE4D9A05ED0C9AF7F70BFAC8EED5
:10B6A800897A019B9B450BF1340BEAEC017A37D080
:10B6B800B4EC018AA4EB08023A4412ED010AB1E79E
:10B6C800241400208096184B00803B47549F8CBF61
:10B6D80000000000A221FD3F0000802FCDCCCC3D12
:10B6E8008E5D93C0CDCC4C3E0AD7A33C0AD7A33D70
:10B6F8009A99593FCC160020FC14002060150020B0
:10B708002D152A3E49FF15BB000016440000FA44D7
:10B718006F12033B0AD7233C0000AF430000C84325
:10B72800039C049B04F5F0749C4251D0059B03F6DE
:10B73800DC4393ED008AB5EEC08AF1EE10FA3FF7CC
:10B7480040AE08AEA4F1A80544ED2BAA0FCE0FC554
:10B7580096E8030085E8030052DC44ED24AA57DC90
:10B76800B2EE006A1FED177A5FED177ABFEE000A96
:10B77800C7EE086A029B44ED1EAA44F8703C0023F9
:10B7880044F8743C86EE087A68EE277A80EE270A39
:10B7980044ED116A04ED107A0AF0C6FBB5EEC08AD2
:10B7A800A4F13802F1EE10FA58DCF0EE6A7A3DE6C0
:10B7B800F0EE6A7A1FED2D0A86E60022B0EE6BAA3B
:10B7C8001FED2A0A01211FED308A042716460EE7CD
:10B7D800DDE9063141F6E44003441846FFF7CEF9A7
:10B7E80027B0BDEC0C8BBDE8F08F08AEA4F1A8051E
:10B7F80044ED2BAA0FCE0FC596E8030085E8030099
:10B80800B4EECC8AF1EE10FA3FF5ECAD44ED24AA83
:10B81800B4EECC8AF1EE10FA3FF5E6ADB2EE006A6E
:10B828001FED467A5FED467ABFEE000AC7EE086A5A
:10B83800029B44ED1EAA44F8703C002344F8743C73
:10B8480086EE087A68EE277A80EE270A44ED116AB8
:10B8580004ED107A0AF068FBA4F13802B4EECC8A41
:10B86800F1EE10FA54BFF0EE6A7AF0EE487ADDE5B0
:10B87800B2EE006A1FED5B7A5FED5B7ABFEE000AFD
:10B88800C7EE086AC5F89033029B05F57376C5EDD7
:10B89800E3AAC5F8943386EE087A68EE277A80EE34
:10B8A800270AC5EDF06A85EDF17A0AF03DFBF0EE66
:10B8B800407AB4EEEB8AF1EE10FA7FF528AD5FED31
:10B8C8006B6AB0EE487A68EE266A8BEE260A78E450
:10B8D800B7EE00AA1FED700A1FED708A042103223B
:10B8E8000C26102783E600BF38B500F6DC0C864628
:10B8F80003462DED048B93F8D8521C4603F53D738F
:10B908004DB39C45F7D1002490F8F0324BB9002C88
:10B9180000F02881D0F8EC52D4F8EC329D4238BFC0
:10B92800044600F53D706045EED1A4B974460EF5A5
:10B938003D7EF4450CD0002CF8D0DEF8EC02D4F8AB
:10B94800EC32984238BF74460EF53D7EF445F2D18C
:10B95800002C00F0BC80F3EE007A012394ED008AFD
:10B9680084F8F032B4EEE70AC4E9BA12F1EE10FA3C
:10B9780009DBDFED807A68EE277AB4EEE70AF1EEAC
:10B9880010FA77FE807AF5EEC00AF1EE10FA2FDA97
:10B99800DFED790AB0EE670AC4EDB50A0AF0A0FB3C
:10B9A800D4ED067A84EDB10AF5EEC07AF1EE10FA1C
:10B9B80027DBB1EE007A94F8D832F4EEC77AF1EECC
:10B9C80010FA00F3BF80E3B1F5EEC07AF1EE10FA99
:10B9D80017DD28EE278ABFEE000A80EE080A0AF073
:10B9E800A3FAF7EE007A37EEC00A84EDB20A16E041
:10B9F800B7EE007AF4EE470AF1EE10FA77FE200A65
:10BA0800C8E700234FF07E51002284EDB00AC4F845
:10BA18009430C4F89830C4F8C812C4F8BC22D4EDE5
:10BA2800077A00239FED557A84F8D932F4EEC77A65
:10BA380084F8DA32C4F8B832F1EE10FA06DBB1EE67
:10BA4800007AF4EEC77AF1EE10FA43DDF0EE477AA9
:10BA580094ED088A9FED4A7AB4EEC78AF1EE10FA9F
:10BA680041DAB0EE478AD4ED278A9FED460A67EEA1
:10BA7800A87A80EE270A0AF057FAF7EE007A37EE2E
:10BA8800C00ADFED417A9FED417A68EEA77A84ED2E
:10BA98002B0A87EE270A0AF047FAF7EE007AB5EE86
:10BAA800C08A37EEC00AF1EE10FA84ED2C0A3CD8B1
:10BAB800B0EE670A01233649002284ED2D0AC4F846
:10BAC800A810C4F8A030C4F8D02284F8D832BDEC4D
:10BAD800048B38BD94ED088A9FED297AB4EEC78AA5
:10BAE800F1EE10FA06DBB2EE007AB4EEC78AF1EE98
:10BAF80010FA2DDDF5EEC07AB0EE478AF1EE10FAB5
:10BB0800B1D8D4ED278AB7EE009ADFED1F7A9FED02
:10BB18001F0A68EEA77A84ED2B9A80EE270A0AF0AE
:10BB280003FA39EE400A84ED2C0A28EE288A9FEDA4
:10BB3800170A80EE080A0AF0F7F9F7EE007A37EEEE
:10BB4800C00AB7E7002B3FF45CAFF0EE477A40E756
:10BB5800F5EEC07AF1EE10FA85D8B7EE000AD4ED0A
:10BB6800278A8EE7044600F53D7060457FF4CCAE29
:10BB7800DBE600BF6666E63E000000006F12833A0F
:10BB88000AD7233C549F8CBFCDCCCC3D8E5D93C04F
:10BB98009A99593FD0ED0B7AF5EEC07A2DE9F04F1E
:10BBA800F1EE10FA82462DED0C8B87B0C0F232818F
:10BBB800F7EE00CAF4EEEC7AF1EE10FA00F33581F4
:10BBC8009FEDA96AF4EEC67AF1EE10FA40F33F81D0
:10BBD8009FEDA67A9FEDA68AF4EEC77A9FEDA50A97
:10BBE8009FEDA55ADFEDA56AF1EE10FADFEDA45A34
:10BBF800CCBF0223012330FE080A76FEA56A039310
:10BC0800CCBF0323022338FE058A37FE067A029347
:10BC180077EEC77AC7EEA6CAF5EEC0CAF1EE10FAFB
:10BC280080F20C81DFED97CA039B42F6AC1B964964
:10BC3800B8EE00CAC3EBC304944EDB00944DA700D2
:10BC4800B7EE009A059306EB8408029B043705EBD0
:10BC58008404DFED90BAC3EBC3020F44DB009FED11
:10BC68008EBA01EB820942F6C8119FED8CAAD34423
:10BC78005144DFED8B9A09F1040906EB820605EBC6
:10BC880082050191049303E0B7EC018AB9EC010A3B
:10BC980080EE080AF0EE6C0A0AF08AFA20EE088AAA
:10BCA800DAED00AAF0EE4A5AF8EC017AF0EE69DA19
:10BCB80028EE2B8AB4EC017AB6EC016AF5EC016A3D
:10BCC80088EE2ADA36EE676A76EEC76AE6EE2C7AEE
:10BCD800A6EEAC7AB0EE678AF0EE478AB4EECBDA1D
:10BCE800B0EE4D0AF1EE10FA09D50AF0F1FBF0EECC
:10BCF80040DAB0EE4D0A0AF0EFFC60EE0C5A38EE6E
:10BD0800088A019B8DEE887A77EE097A39EE475AD0
:10BD180087EE276AC5EEA76A85EE277AABEC016A3B
:10BD28009B45CBED478ACBED176A8BED2F7AABD1CC
:10BD3800059BF0EE6C0A039AB8EE00AA594DF7EE8F
:10BD4800009A991A049B029A5C46DFF8748105F1FF
:10BD580040099A1A4C4B544F03EB81019FED538ACB
:10BD680003EB82029FED4BDAD1ED058A92ED050ACD
:10BD7800DFED49CA80EE280A9FED48CA0AF018FA92
:10BD88009FED4B7ADFED4B7A9FED45BA4A4E28EE90
:10BD9800800AC0EE07BA05E0F5EC017AB8EC018A32
:10BDA80057F8046B6BEEA77AF0EE4C6AF0EE4B8A0C
:10BDB80067EE8D7A87EEAA9AB4EEEC9AB0EE490A4D
:10BDC800F1EE10FA09D50AF083FBF0EE408AB0EEE6
:10BDD800490A0AF081FC60EE0A6A38EE088AA94529
:10BDE80088EE887A77EE297A39EEC75AC7EE275A4D
:10BDF80086EEA76A85EE277AE4EC015AC4F81C613E
:10BE080084ED176A84ED2F7AC6D107B0BDEC0C8B90
:10BE1800BDE8F08F012300219FED170A9FED278AC7
:10BE2800DFED18CACDE90231FEE6032302229FEDB9
:10BE3800110A9FED0F8ACDE90232F5E6F7EE007A96
:10BE4800F4EE67CAF1EE10FA77FEACCAECE601230D
:10BE58000020F0EE466A9FED080A9FED188A9FEDD4
:10BE6800097ACDE90230D3E6EC51383E52B81E3F8C
:10BE78000000D24200007042000066435C8FC23E60
:10BE8800AE47E13E00000000C8170120A8180120B5
:10BE980038180120DB0FC94043023F4025D9FC3F39
:10BEA8005A30203E1C190120601901205E82804111
:10BEB80000C00F4512735F446DD3BB3E00808943B9
:10BEC800A419012070B500F50054D0ED030ADFED88
:10BED800E57A054604F50D62F5EEC00A04F6BC03E2
:10BEE80092ED007AF1EE10FA67EE277A2DED108BBD
:10BEF800D0ED00EA84B0CEEE876A8DED027AC7EE07
:10BF0800AE8ACDED016AC3ED006AC0F27681F7EE24
:10BF1800007AF4EE670AF1EE10FA77FEA00A9FEDB8
:10BF2800D20A0AF045F9DFEDD1DA9FEDD17AD5EDE5
:10BF3800067A20EE070A2EEEAD7AB4EEC70A8DED2A
:10BF4800037AF1EE10FAF5EEC07A58BFB0EE470A60
:10BF5800F1EE10FA07DDDFEDC77AB4EEE70AF1EE8D
:10BF680010FA40F1B981DFEDC47A20EE270A80EE9D
:10BF78002E0A09F0D9FF95ED057A05F5235204F646
:10BF8800C403F7EE006AB5EEC07A76EEC07AF1EE39
:10BF980010FA36EEE78AC2ED007A83ED008AC0F225
:10BFA8002981B4EE667AF1EE10FA36FE877AB0EEA1
:10BFB800470ADFEDB20A0AF0FBF8B0EE40FADFED0F
:10BFC800B07AB7EE00AA04F50F66B0EE680A2FEE55
:10BFD80027FAF0EE4ADAB0EE4ABA86ED00FA0AF02D
:10BFE80077FAB0EE409AB0EE680A0AF075FBE8EE10
:10BFF80040DA28EE09EAF0EE409AB0EE4E0AF0EE8A
:10C008006D0A0AF003F804F6E4037AEE69BAD3ED90
:10C0180000AA80EE28CAF0EE6B0AB0EE490A09F0D1
:10C02800F5FFAAEEE9BA6AEE89AAB0EE408AB0EE48
:10C038006A0AF0EE4B0A09F0E9FF38EE400A7FEE93
:10C04800290AB1EE400A80EE288A38EE0C8AB1EE51
:10C0580049CAB0EE4C0A09F0D9FFF0EE4A0AF0EEF0
:10C0680040CA2FEE490AEFEE290A09F0CFFF7CEE0D
:10C07800C0CADDED017AF1EE005AF1EE6CCA37EE76
:10C08800CAAACCEEA87AA7EEA58A7AEE487AF4EE88
:10C09800E57AF1EE10FA50D5DFED7ACA9FED7ADA3B
:10C0A80042E02FEE0DFA86ED00FA09F0AFFFF0EE50
:10C0B8006B0AF0EE40FAB0EE490A09F0A7FFF0EE7D
:10C0C8004B0AB0EE408AB0EE6A0A09F09FFFF0EE24
:10C0D800407ACFEEA85A78EE677A7FEE290AB0EE5A
:10C0E8004C0AF1EE677A87EEA88A38EE258A09F0BD
:10C0F8008DFFF7EE000AF0EE40FA2FEE490AEFEE58
:10C10800290A09F083FF7FEEC0FAF1EE005AF1EE3A
:10C118006FFACFEEA87AA7EEA58A7AEE487AF4EEFF
:10C12800E57AF1EE10FA08D5B4EEECFAF0EE6D0A05
:10C13800B0EE4E0AF1EE10FAB3D4B7EE007ADFEDA6
:10C14800536A04F6B803F4EE477AF1EE10FA48BFE2
:10C15800F0EE477A9DED037AB4EEE67AC3ED007A05
:10C16800F1EE10FA7ADCDFED447A27EE270A80EE4A
:10C178002E0A09F0D9FE04F66C13F7EE000A70EEE9
:10C18800C07A30EEE77AC3ED007A04F51763E7EE7C
:10C19800690A83ED007A27EE090A09F037FFF0EE05
:10C1A8006B0AF0EE409AB0EE490A09F02FFFB0EEA4
:10C1B800408AF0EE4B0AB0EE6A0A09F027FF38EE23
:10C1C800408AC9EEA86AD5ED137AB1EE488AF5EE31
:10C1D800C07A88EE287AF1EE10FA37EE268A0FDB5D
:10C1E8009FED2B7AF4EEC77AF1EE10FA7EDD9FED23
:10C1F800290A07E09FED287AD9E6DFED270A8EE6BF
:10C208009FED250A09F004FFDDED017AB7EE007A0B
:10C2180004F66413C7EE807A77EEC77A77EEC87AA9
:10C22800F4EE477AF1EE10FA48BFF0EE477AC3ED24
:10C23800007A94F8D838CBB3D5ED040AF5EEC00AE5
:10C24800F1EE10FA4BDADFED140A9FED140A09F04B
:10C25800AFFFDFED0A7A20EE270A29E09FED100AEA
:10C2680085E700BFDB0FC9400AD7A33D6666E63EF7
:10C2780000606A4600408345DB0FC9C09A99993E21
:10C28800666666BF6F1283BA3333333F00007A465F
:10C2980000004842ABAA2A3D0000000000002042EE
:10C2A8007C59C4C7C22ACEC60E745A3AB5EE000AE3
:10C2B800DDED027AF8EE080A04F6CC0427EE80EAEF
:10C2C800B2EE040AC0EE8E0A09F072FF84ED000A8D
:10C2D80004B0BDEC108B70BD1FED0E0A47E6F4EEFE
:10C2E800470AF1EE10FA77FE200AAEE71FED127A40
:10C2F80027EE870A86E700BF2DE9F04F00F578376B
:10C30800D7F8EC37002B2DED0E8B83B040DDDFF82E
:10C31800548305460026DFF850A3DFEDCABA8044EF
:10C328009FEDC9BABB46DFEDC9AA9FEDC9CADBF8C4
:10C33800DC3758F8047F03EB83030AEB83035B7A4B
:10C3480073BB47F68C425B4642F68414A9462A44DE
:10C35800AB462C449FEDBFAA3D46DFEDBF9A17467A
:10C368009FEDBEDA1A4614F8043C1BB154F80C3C95
:10C378009D425CD042F6841399441C444F45F2D147
:10C388005D4693460136DBF8EC37B342CFDC5F46B7
:10C398000023C7F8EC3703B0BDEC0E8BBDE8F08F77
:10C3A800012B13D147F69C4448F22C3900222C4427
:10C3B800A94494F82C3223B1D4F824329F4200F0D7
:10C3C800AB8004F50C74A145F3D1DBE7022B14D143
:10C3D80048F23C3348F23871002004242B442944A5
:10C3E80093F8502122B1D3F84821974200F0CD802C
:10C3F80003F5AA738B42F3D1C4E7032B00F0A680A0
:10C40800042B40F0D48048F6645249F6602000249A
:10C418002A44284492F8501421B1D2F848148F4283
:10C4280000F0068102F254428242F3D1AAE7D9ED24
:10C43800020A0023D9ED00CAF5EEC00A14ED079AE6
:10C4480004F8043C8CEE898A04F8103CF1EE10FAEA
:10C4580000F1AA80F7EE007AF4EE670AF1EE10FA1E
:10C4680077FEA00AB0EE6B0A019209F0A1FE6CEE0D
:10C47800AA7A20EE0B0AF7EE008AB4EE670AF1EE0C
:10C4880010FA37FE800A20EE0A0A80EE2C0A09F01C
:10C498004BFD69EE297A38EEC00AC7EEACDA04ED36
:10C4A8000B0A38EEC0EA04ED0AEAB0EE6D0A0AF0AB
:10C4B8000FF8F0EE40CAB0EE6D0A0AF00DF9F0EE92
:10C4C800680AF0EE407A6EEE2CCAEEEE670AB0EE1D
:10C4D8006C0A09F09BFD80EE2D7A019A78EE687A55
:10C4E80077EEC77AF4EE687AF1EE10FA48BFF0EE0C
:10C4F800687A44ED0C7AD9ED057AF4EECD7AF1EE4E
:10C5080010FA12D4B3EE047AF4EEC77AF1EE10FA08
:10C5180031DDDFED537A0AE084F82C22204684F8D6
:10C528001822F7F787FE00224BE7DFED4C7A29EE59
:10C53800279A0192F8EE080AB2EE040AC0EE890AB8
:10C5480009F036FE019A04ED080A13E748F2487329
:10C5580048F654504FF0000C04242B44284493F818
:10C5680000221AB1D3F8F821974239D003F50173A4
:10C578008342F4D106E79FED3A7AF4EEC77AF1EEFA
:10C5880010FA58BFF0EE477AD1E7D3F8F42083F8D1
:10C5980050010AB1C3F8F440D3F81021002A3FF43F
:10C5A80027AFC3F8104123E7DFED290A5AE7052B27
:10C5B8002AD0062B63D14AF220034BF238210020FF
:10C5C80004242B44294493F8042622B1D3F8FC25EB
:10C5D800974200F0818003F5C1638B42F3D1D1E625
:10C5E800D3F8E42183F800C2002ABFDDC2EB0212AF
:10C5F80003EB820E1A46D2F8881009B1C2F88840B7
:10C608003C327245F7D1B1E749F670234AF210017E
:10C61800002004242B44294493F8DC211AB1D3F8D0
:10C62800D421974222D003F5F0738B42F4D1A9E6C6
:10C63800D2F8F81382F8504400293FF4F3AEC2F858
:10C64800F833EFE6610B363D00A08C466666E63EA1
:10C6580000000000DB0FC9C0DB0FC940CDCC4C3D4A
:10C66800EC51383EDCE70300301E0120D3F894205B
:10C6780083F8DC01002AD6D0C3F89440D3E7072B0F
:10C6880014D14DF62034DFF83091002243492C4470
:10C69800A94442F6FC3394F8200318B1D4F81803DF
:10C6A80087423BD01C444C45F5D16BE6082B1FD183
:10C6B8003B4B4FF0000C3B4A04242B4401202A44F6
:10C6C80093F8F01219B1D3F8E8128F4231D003F57C
:10C6D8003D739342F4D155E6D3F8BC2583F804069C
:10C6E80083F8F805002A3FF476AFC3F8BC4572E733
:10C6F800093B28D0012B7FF445AE2B4B00242B4A55
:10C7080004202B442A4493F8E41019B1D3F8DC1020
:10C718008F4233D0E8339342F5D133E6601884F87A
:10C7280020232270FFF7CEFB42F6FC331B49002280
:10C73800B8E793F8D91283F8F0C241B383F8DA0264
:10C7480083EDB8CAC3E71A4B00241A4A04202B44C5
:10C758002A4493F8541419B1D3F84C148F4204D0D6
:10C7680003F58B639342F4D10CE6D3F8A41183F854
:10C7780054440029F4D0C3F8A401F1E7D3F8B81061
:10C7880083F8E4400029C5D0C3F8B800C2E7D3F85D
:10C79800A01000299BD0C3F8A04098E728D7FFFF36
:10C7A8004C360100283F0100504C0100084F0100A1
:10C7B800383F0100404C0100145F0100BB4B32229E
:10C7C8002DE9F04F044683FB0103C817C0EB231A79
:10C7D80002FB1A1ABAF1000F2DED0A8B89B000DAA4
:10C7E8009244204604F57835FFF786FD0022B04EC6
:10C7F8004FEA8A09C5F8D82785F8F0270AEB8A0294
:10C80800C5F8DCA706EB82020294517A039200294C
:10C8180000F0DE82012900F06C8348F23C300239D6
:10C8280002AA2044FDF7B4FF09EB0A0306EB8303D1
:10C83800DA7A012A40F04A811A7B04F5A0359D4B2B
:10C8480003EB021305F5776293ED016AD3ED007AE5
:10C85800B5EEC06AD3ED026A93ED037AC2ED007AB1
:10C86800F1EE10FAC0F24283F7EE005AB4EE656AB0
:10C87800F1EE10FA35FE866AF5EEC06A05F57763C3
:10C8880083ED016AF1EE10FAC0F21C83F7EE005A4C
:10C89800F4EE656AF1EE10FA75FEA66AB5EEC07A96
:10C8A80005F57763C3ED026AF1EE10FAC0F207836B
:10C8B800F6EE006AB4EE667AF1EE10FA36FE877A82
:10C8C800F5EEC07A05F5776383ED037AF1EE10FA99
:10C8D800C0F20983B3EE047AF4EE477AF1EE10FA67
:10C8E80077FE277A744BF6EE005A74499FED745A16
:10C8F80023442144D3ED006A87EEA67AB5EEC07AC8
:10C90800F1EE10FAC0F2B380B4EEE57AF1EE10FA67
:10C9180040F3BD804FF00042D3ED156ADA6087EE30
:10C92800A67AB5EEC07AF1EE10FAC0F29E80B4EEA7
:10C93800E57AF1EE10FA40F39C804FF000421A6657
:10C948001C338B42D6D142F67073D5F8842F2B4412
:10C9580003F6847103F68873D1ED007A67EE867A60
:10C96800C3ED007A2AB192000021D5F8800F0BF0B0
:10C97800D7FD04F5B0360021D6F8E426C5F88C1F9B
:10C9880022B19200D6F8E0060BF0CAFD002242F66A
:10C998007073DFED4C5AF5EE006A2B44C6F8EC26AE
:10C9A8001146494AB0EE657A03F68C75B7EE006A0F
:10C9B80003F57960F0EE084A2244F0EE657A0B46FA
:10C9C8009FED3F5AC5ED005AC0ED005A77EEA67AA2
:10C9D80042F8543C77EEC77AF5EEC07AF1EE10FAD9
:10C9E80041DDF4EEC67AF1EE10FA3CDA67EE857AAC
:10C9F800FCEEE77A17EE903A0131136003292DD047
:10CA080007EE901AB8EEE77AC7EE247ABBFE677A8B
:10CA180037EEC77AB5EEC07AF1EE10FA40F3C2816C
:10CA2800B4EEC67AF1EE10FA80F2BC8127EE057AF0
:10CA3800BCEEC77A17EE103A37EEA67A1C32BBFE68
:10CA4800477AC3E700220023C5F83C2FC5F8243FE6
:10CA5800C5F8403FC5F81C3FC5F8383F09B0BDECE4
:10CA68000A8BBDE8F08F0023C6E7002267E70022A3
:10CA780052E7B5EEC07AF1EE10FAF6DDF0EE656A2F
:10CA8800E7EE056ABCEEE67A17EE102A57E7B5EE30
:10CA9800C07AF1EE10FAEADDF0EE656AE7EE056AB3
:10CAA800BCEEE67A17EE102A36E700BF1F85EB5179
:10CAB800301E012004240120407E0100947E0100E4
:10CAC8000000804F000000009C7E0100022A6BD10C
:10CAD800197B02AEB44A04F5B835B44B02EBC10277
:10CAE800B34F05F60474D2ED007AF5EEC07A0FCB99
:10CAF800F1EE10FA86E80F00CDED027A039796E87A
:10CB08000F0084E80F00C0F2E9819FEDAA7AF4EEE5
:10CB1800477AF1EE10FA77FE277A05F6147393ED4B
:10CB2800007AC7EE876AF5EEC06AF1EE10FAC0F235
:10CB3800D881B6EE007AF4EEC76AF1EE10FA00F387
:10CB48003282F5EEC06AF1EE10FA40F3CA819FED29
:10CB58009A6AA6EE867ABCEEC77A17EE102A05F511
:10CB68007363C5F8202FD3ED006A87EEA67AB5EE79
:10CB7800C07AF1EE10FAFFF665AFF6EE007AB4EE81
:10CB8800E77AF1EE10FA00F30B82B5EEC07AF1EE17
:10CB980010FA7FF757AFDFED886AE7EE267AFCEEEA
:10CBA800E77A17EE902A4EE7042A7FF457AF1B7BEB
:10CBB80002AEDFF814C204F5B83503EB43027F4B2D
:10CBC800B64605F64C7703EB8203D3ED007AD3ED36
:10CBD800016A93ED027AF5EEC07ABCE80F000FC641
:10CBE8009CE80300F1EE10FA86E803008DED077A61
:10CBF800CDED027ACDED056ABEE80F000FC796E8C5
:10CC0800030087E80300C0F266819FED6D6AF4EEC9
:10CC1800467AF1EE10FA76FE277AF5EEC06A05F646
:10CC28004C73C3ED007AF1EE10FAD3ED6E7AC0F2D0
:10CC38004F81F4EEE76AF1EE10FA77FEA67AB5EEC8
:10CC4800C07A05F64C73C3ED037AF1EE10FAC0F220
:10CC58003C81F7EE006AB4EE667AF1EE10FA36FE21
:10CC6800877A05F64C7605F6747304F5C037D6ED69
:10CC78006D6AD6F8BC2167EEA67A86ED057AC6F805
:10CC8800C021C3ED017A97F82431002B3FF4E6AEBA
:10CC9800D5F8682F5AB192000021D5F8640F0BF02F
:10CCA8003FFCD6ED6D7A96ED037A67EE877A454EAE
:10CCB80005F67473DFF814814FF000092644A04488
:10CCC800C5F8709FC3ED017AC3ED027A736800213D
:10CCD8009A0013B130680BF023FCC6F80C90183694
:10CCE8004645F3D1D5F8E42F2AB192000021D5F8B2
:10CCF800E00F0BF015FC00217A6CC5F8EC1F1AB197
:10CD08009200386C0BF00CFC0021D5F8FC2FF9646C
:10CD180022B19200D5F8F80F0BF002FC0021BA6D91
:10CD280079601AB19200786D0BF0FAFB00217A69EC
:10CD380039661AB1920038690BF0F2FB0021FA6EDD
:10CD4800F9611AB19200B86E0BF0EAFB0021FA6A99
:10CD580079671AB19200B86A0BF0E2FB0021D7F8A4
:10CD6800802079631AB19200F86F0BF0D9FB05F6B1
:10CD78004C75002300224FF08041C7F88820C7F87F
:10CD88009820C7F8B410C5F8C431C5F8C831C5F83B
:10CD9800CC31C5F8D031C5F8D43109B0BDEC0A8B17
:10CDA800BDE8F08F002347E6F02501203C14002061
:10CDB800CDCCCC3E0000C8420000804FB8220120F4
:10CDC80048E17A3F807F01004C140020E07F010099
:10CDD800927A04F5E04704F6EC5B47F6B84802EBB4
:10CDE8008201724A07F69443A04402EB810204F1DF
:10CDF8002C0100945C460195BB469FED6DCA0D461B
:10CE0800DFED6CBA1F469FED6CBAD2ED00AA92ED29
:10CE180001AAD2ED029A92ED039AD2ED048A9FED0F
:10CE2800678AD7ED007ADBF88C3CF5EEC07AF1EE34
:10CE380010FA41DDB0EEE77AB4EECC7AF1EE10FAF2
:10CE480088BFF0EE6B7A4FF45C7245F8283C4FF4DB
:10CE58005B7345ED0B7A45ED09AA05ED08AA45ED8A
:10CE6800079A05ED069A45ED058A45F8105C45E9EF
:10CE780003232B46A3EC018AA342FBD155ED0B7A81
:10CE8800BFEE000A002367EE8B7A45F8043C80EE7B
:10CE9800270A09F049F842F6841042F6441304447C
:10CEA8002B440544454583ED000ABAD1DDE9004528
:10CEB800012285F8F027B7E4DFED3E7AC3E79FED5E
:10CEC8003F7AFDE4DFED3D6AE8E49FED3C7AC8E691
:10CED800DFED3A7AB3E6DFED397A9EE6DFED377AB1
:10CEE8001BE600223BE6DFED357AFBE49FED336A73
:10CEF800C2E4927A04F5E04747F69C4B04F50043F8
:10CF080002EB82012E4A48F22C38009402EB81028F
:10CF18009FED288AA044DFED2BBA5C449FED2ABA26
:10CF2800BB46D2ED00AA92ED01AA1F46D2ED029AA5
:10CF380092ED039AD2ED048A41F23432F0EE487A47
:10CF48005A4492ED000AD7F82C23B5EEC00AF1EE48
:10CF580010FA08DDB4EEEB0AF1EE10FA54BFF0EE69
:10CF6800487AF0EE407ABFEE007A626020EE0B0A53
:10CF7800C4ED007AC4ED02AA84ED03AAC4ED049AB4
:10CF880087EE000A84ED059AC4ED068A04F50C7450
:10CF980008F0CAFF04ED040AA045CDD1009C87E73C
:10CFA8004FF000424FE54FF00042D8E5E82201205B
:10CFB800FFFF7F7F00803B47CDCC4C3D0000000049
:10CFC800182201208096184B8FC2753D2DE9F04F2D
:10CFD80000F5783A944D044600220AF2CC732DED00
:10CFE800088B0BEE101A83ED000AF0EE408A93B01E
:10CFF8002946722301E011F8013F0132002BFAD1D2
:10D008008A4B70218A485340722201E015F8012F9B
:10D018004B40114600FB03F34FEAF343002AF5D1D6
:10D02800844883EA1343844A04F5A03500FB03F3DC
:10D03800824883EA533302FB03F3024683EA13432D
:10D04800C5F81C3F722301E012F8013F0131002BA3
:10D05800FAD1764A7223764E4A40702101E010F8E0
:10D06800013F4A40194606FB02F24FEAF242002B02
:10D07800F5D1704982EA12426F489C4601FB02F2E0
:10D088006F49012682EA52328F1DC5F8241F00FB22
:10D0980002F26C4882EA1242C5F8202F40F2097267
:10D0A800A5F82A2F40F20632A5F82C2F01E011F836
:10D0B800013FA0FB03E28F424FEAD20202EB420299
:10D0C800A3EB820303F10C03A0FB03E24FEAD202B5
:10D0D80002EB4202A3EB820306FA03F34CEA0303D2
:10D0E8001FFA83FCA5F828CFE1D1574AB2EE086AA7
:10D0F8000023DFED566A224407EE903A0133F8EE3A
:10D10800E77A0C2B67EEA67A87EE867AA2EC017A8C
:10D11800F2D1C5F8683F05F573624D49F0EE687ABB
:10D128004C4B04F5E04951630CAEC2ED0C6A1A464B
:10D138004523F5EEC07AA218DFF82CC1C5F86C3F7C
:10D1480047F6B843DFF824B1F1EE10FA234403920E
:10D15800A344DFED41AA029309F694439FED3FAA49
:10D1680004F12C07C3ED008A04F6EC58C9F8902C9A
:10D17800DFED3B9A9FED3B8A0894CDED098AC9F80B
:10D188008CBCBCE80F000FC6DCF80030336047DD0C
:10D19800B0EEE77AB4EEEA7AF1EE10FA88BFF0EE74
:10D1A8004A7A0DF1300EA7F1240C47ED0B7A3E4672
:10D1B80047F828BCBEE80F00ACE80F00DEF80030E6
:10D1C8004FF45C72CCF800304FF45B7347F8107C76
:10D1D80047E90323A6EC018AB045FBD117ED0B0AFA
:10D1E800BFEE009A002320EE290A47F8043C89EE96
:10D1F800000A08F099FE42F6441342F684123B44B2
:10D208001744904483ED000A029BBB4232D009F6D2
:10D218009443D3ED007AF5EEC07AF1EE10FAB7DC5C
:10D22800DFED0E7ABDE700BF3D69012067E6096AB8
:10D23800512D9ECC6BCAEB8535AEB2C24569012033
:10D24800EE150020ABAAAAAA304F010000009644B0
:10D258000000DC43204F0100FFFF7F7F00803B4739
:10D26800CDCC4C3D00000000641400201C4F010090
:10D278008FC2753D5FED027A41F23433039A47F667
:10D288009C4668EEA77A4B44DFF874E22644C3ED67
:10D29800008A04F50043C9EE279A48F22C370DF1AD
:10D2A800300C9FED8D8A9FED8DAA2744B046C3E9C7
:10D2B800CBB2BEE80F00ACE80F00DEF80030CCF8C7
:10D2C8000030F5EEC08AF0EE487AF1EE10FA08DD8B
:10D2D800F4EECA8AF1EE10FA54BFF0EE487AF0EE96
:10D2E800687A0DF1300E08F1080CC8ED007AB0EE3E
:10D2F800690AC8F804B008F50C78BEE80F00DEF833
:10D3080000E0ACE80F00CCF800E008F00DFE47455F
:10D3180008ED040AD5D108AF06F5D4600DF1100860
:10D328000026394604F5B039FDF762FE40F2D453C1
:10D33800DFF8D0C1C5F8843F4FF4BA63A444C5F8F8
:10D34800883F674BC5F880CF0FCB88E80F00604651
:10D35800314641F250720BF0E3F840F2D453614881
:10D368003146C5F88C6F41F250722044C9F8E43652
:10D378004FF4BA63C9F8E006C9F8E8360BF0D0F8FC
:10D38800C9F8EC66F0EE007A3146FFEE005A564EC8
:10D39800DFED566A43F6F4639FED5D6A26449FED20
:10D3A800544AE6EEA75A5348B2EE047A28EE844A65
:10D3B8002B44F0EE083ADFED502AF0EE466ADFED36
:10D3C800464AB0EE465A9FED453A9FED4C2A204416
:10D3D800DFF834E13246DFF834C183ED004A27EE46
:10D3E800227AF5EEC08A27EE287AF1EE10FAA0EC40
:10D3F800017A40F36782F4EEC38AF1EE10FA54BF63
:10D40800F0EE647AF0EE687AF5EEC08A1346C2ED63
:10D41800007A1833C2ED015AF1EE10FAC2E9053C60
:10D4280040F34D82F4EEC38AF1EE10FA54BFF0EEE9
:10D43800647AF0EE687A85EE237AC2ED157A02F105
:10D448006C03C2F86CC0C2ED165A936677EE467A42
:10D45800F5EEC07AF1EE10FA3BDDB7EE006AF4EEB5
:10D46800C67AF1EE10FA34DA67EE827AFCEEE77AE1
:10D4780017EE903AF5EE007A936077EE277A77EE1A
:10D48800E67AF5EEC07AF1EE10FA43DDB7EE007AEF
:10D49800F4EEC77AF1EE10FA3CDA67EE827A0131DF
:10D4A8001C320329FCEEE77A17EE903A136437D062
:10D4B80007EE901ABEEC017AB8EEE75AF5EE007A5C
:10D4C80085EE236A76EE277ABBFE466AFBFE676A1C
:10D4D80085E70023CEE700BF00803B478096184BC6
:10D4E8008C140020F0660100407E01007685433FE1
:10D4F8000BD7A33BE87E01006F12833A0000804FF0
:10D5080078140020904F0100E8190120979B28AD5E
:10D5180000000000013100231C3203291364C7D125
:10D5280005F5776C5FED067A98E80F008CE80F0038
:10D538009CED017AB4EEE77AF1EE10FA80F22F82D0
:10D5480024EE274AB0EE677A05F57763D3ED027AC1
:10D5580083ED017AF5EEC07AF1EE10FAC0F21C8282
:10D56800B7EE007AF4EE477AF1EE10FA77FE277AF2
:10D5780005F5776393ED037AC3ED027AB5EEC07AC9
:10D58800F1EE10FAC0F21782F6EE007AB4EE677A7E
:10D59800F1EE10FA37FE877A05F57763D3ED007A56
:10D5A80083ED037AF5EEC07AF1EE10FAC0F2CC8181
:10D5B800B3EE047AF4EE477AF1EE10FA77FE277AA2
:10D5C800E34AB6EE006ADFEDE35A2244D6ED006A7C
:10D5D80087EEA67AB5EEC07AF1EE10FAC0F277813E
:10D5E800B4EEC67AF1EE10FA40F373814FF00043BF
:10D5F800D6ED156AF36087EEA67AB5EEC07AF1EE3D
:10D6080010FAC0F26281B4EEC67AF1EE10FA40F375
:10D618006E814FF0004333661C369642D6D143F6EE
:10D62800F863F5EEC08A2B44F1EE10FA83ED004A58
:10D63800C94B0FCB87E80F0007DDDFEDC87AF4EEA2
:10D64800E78AF1EE10FA00F1C3819FEDC56ADFEDBC
:10D65800D17AD5F81C1F04F5B836C24AF0EE006A34
:10D6680006F61470DFEDC05A0A44BFEE007AC0ED2A
:10D67800007AF5EEC08A82EAD23342F00102C6F897
:10D6880028BF02FB03F3F1EE10FA83EAD31243F04A
:10D698003D0C0CFB023283EA020383EA933307EE64
:10D6A800903AF8EE677A67EEA57AA7EEA67A80ED4B
:10D6B800017A07DDDFEDA97AF4EEE78AF1EE10FAD8
:10D6C80000F17F81DFEDA66ADFEDB27AA74AF0EEBE
:10D6D800005A9FEDA55ABFEE007A0A4406F5736119
:10D6E800B5EEC06AC1ED007A82EAD233C6F844BF0B
:10D6F800C5F81C2F42F00102F1EE10FA06F6047587
:10D7080002FB03F343F03D0083EAD31200FB02322D
:10D7180083EA020383EA933307EE903AF8EE677AD6
:10D7280067EE857AA7EEA57A81ED017A97E80F0072
:10D7380085E80F00C0F2E980F6EE007AB4EEE76AF9
:10D74800F1EE10FA00F34E81B5EEC06AF1EE10FA70
:10D7580040F3DB809FED7F7AF5EEC06AE6EE077A4C
:10D76800F1EE10FAFCEEE77A17EE903AC6F8203F91
:10D7780080F2D4800023C6F83C3F0CAA00237C4FDB
:10D7880000921546C6F8243F2744C6F8403FB0EE3D
:10D79800680AC6F81C3FC6F8383F764E0FCE0FC54C
:10D7A80096E803001E2349F2D73285E8030007F5FF
:10D7B800EE713846F8F766FDF5EEC08A8AF8F1078B
:10D7C800F1EE10FA40F3FA80DFED647AF4EEE78ABE
:10D7D800F1EE10FA40F1F28004F57436F42366484D
:10D7E8000025664F4FF47472CAEDEF8A204427442F
:10D7F800C6F89030C6F87034F0232946C6F88C0075
:10D80800C6F89430C6F87434C6F86C740AF088FE0A
:10D81800294638464FF47472C6F898500AF080FECC
:10D8280057484FF471722946C6F878542044CAF80C
:10D83800AC53CAE9E9550AF073FE9FED527A00230A
:10D84800FFEE007A28EE870ACAF8B053CAF8B43354
:10D85800CAF8C8334C4B87EE800ACAF8B85386ED2D
:10D86800227AC6ED217ACAF8C03308F05DFBF8EEDB
:10D878004B5A9FED466AB1EE007A0AF2CC73F6EE87
:10D88800006AC5EE867A294693ED006A20468AED3D
:10D89800F10A27EE877AC6EE077A77EEA67AFDEECA
:10D8A800E77A17EE903A012BB8BF0123CAF8D037B0
:10D8B800FEF784FF13B0BDEC088BBDE8F08FF0EEE7
:10D8C800647AB8E5F0EE647A9EE50023A3E60023C7
:10D8D8008EE6B5EEC07AF1EE10FAF8DDF0EE466AA3
:10D8E800E7EE256ABCEEE67A17EE103A80E6B5EE6A
:10D8F800C07AF1EE10FAE8DDF0EE466AE7EE256A46
:10D90800BCEEE67A17EE103A85E60023F5EEC06A1B
:10D91800C6F8203FF1EE10FAFFF62CAFF6EE007ACB
:10D92800F4EEE76AF1EE10FA59DCF5EEC06AF1EEB2
:10D9380010FA7FF71FAF9FED077AE6EE877AFCEEC5
:10D94800E77A17EE903A16E7DFED117A38E600BF6E
:10D95800947E01000000804F3C1400208096184BF4
:10D968003EC3AE38F5792B6D0000802FEAF356DA06
:10D978004C7F01004C1400209CD003007CD4030091
:10D98800E0DF03008FC2753D0629643F0000704246
:10D998000000000000803B475FED037AE8E5F7EE02
:10D9A800007AB4EEE77AF1EE10FAD4BF24EE074A13
:10D9B800B0EE677AC8E51FED0A7AEDE55FED0B8AF0
:10D9C8000AE7B1EE007AF0EE687AC7EE286A7DE6DB
:10D9D800B1EE007AF0EE687A87EE286A39E64FF001
:10D9E8000043C8E64FF0004390E700BF2DE9F84335
:10D9F800224D40F2EE28224C224FDFF8A8902E68E4
:10DA080007F08EFE2378FBB13B78DB071CD52B682B
:10DA1800D9F800209B1A0E2B16D91B4805F0D6F909
:10DA28004D21194805F018FA60219FED180A184889
:10DA3800FFF7CCFA174B93F8F13793B11421164836
:10DA4800BDE8F8430BF018B82B6822789B1B2AB165
:10DA5800B3F5FA6FE1D807F063FED1E74345FAD989
:10DA6800DBE734210D4807F0DDFD0D4806F084F8AA
:10DA780014210948BDE8F8430AF0FEBFF47A0520EE
:10DA88003E7B05203D7B05205872052000442C472D
:10DA9800648A0120646A052000002020506E01205D
:10DAA80098780120047B05202DE9F04FDFF80092DB
:10DAB8004FF000086D4FDFF8FCB16D4EDFF8F8A1AC
:10DAC8002DED028B9FED6B8A83B073E06A4A52F8A2
:10DAD800233043B1184601930AF0C2FD019B014669
:10DAE800184607F09FFD0121504607F09BFD63197A
:10DAF80007EB83035B7A0A2B00F292805F4A52F8A5
:10DB0800233043B1184601930AF0AAFD019B014650
:10DB1800184607F087FD0821594807F083FD631967
:10DB28000221304607EB830393ED040A0193B7EE15
:10DB3800C00A06F031F8019B93F90D30002B72D121
:10DB48002C4407EB8404E37A032B7CD099F8F03754
:10DB5800002B00F0818007214A4807F063FD4FF44D
:10DB6800C852BBF800303046474902FB03F391ED39
:10DB7800007A012107EE903AB8EE477AF8EEE77A94
:10DB880067EE887A87EE870AB7EEC00A06F004F8CF
:10DB980001213E4807F046FD304605F0EDFF3C4BBD
:10DBA80042F210701B88ABF8003006F01FFAB8F18B
:10DBB800320F56D0414608F101083648FEF7FEFDFF
:10DBC80041463046D9F8DC5705F0CAFF01215046D6
:10DBD800AC0007F027FD3221304605F0C1FF0221D5
:10DBE8002D4807F01FFD05EB850307EB83035B68F2
:10DBF80043B1184601930AF033FD019B01461846CC
:10DC080007F010FD0321254807F00CFD631907EB09
:10DC180083031B7A072B7FF659AF0121204B5FE75F
:10DC280001211F4B74E706211E482C44019307F07D
:10DC3800F9FC019B07EB84043046194605F090FF78
:10DC4800E37A032B82D11E21174807F0EBFC99F8E1
:10DC5800F037002B7FF47FAF3421144807F0E2FC43
:10DC680079E703B0BDEC028BBDE8F08F301E0120D0
:10DC7800987801200044AC43AC160020D82301203A
:10DC8800586D0120C46D012094780120CC6D0120CD
:10DC9800147B0520648A0120506D0120546D0120F9
:10DCA800486D0120646D01206C6D01208C6D012090
:10DCB800646A0520167B05204C6D01209FEDD96A0A
:10DCC800D0ED006A9FEDD87AC6EE867A2DE9F0414C
:10DCD80005462DED028BF4EEC77AF1EE10FA77FEC9
:10DCE800877AB4EEE70AF1EE10FA0ADBB2EE047AAC
:10DCF800C6EE877AF4EEC07AF1EE10FA58BFF0EE6D
:10DD0800407AF5EEC00A05F5005404F50D63F1EE0E
:10DD180010FAC3ED007AC0F27B81F7EE007AF4EED8
:10DD2800670AF1EE10FA77FEA00AEA6D04F6D4034A
:10DD380040F20111C3ED000AA4F8D81822B19200EC
:10DD48000021A86D0AF0ECFB002304F6C8020021AC
:10DD58004FF07E506966136004F6E802136004F61B
:10DD6800EC02136004F6F402136004F60412136064
:10DD780004F6F802136004F60812136004F6FC02B5
:10DD8800136004F60C12136005F52452136004F5B1
:10DD98001162136004F61412136004F6181210606E
:10DDA80004F61C12136004F513621360D5F8402EB4
:10DDB80022B19200D5F83C0E0AF0B2FB00260022F0
:10DDC80004F6981342F62C30C5F8486E05F58058CD
:10DDD800C4F8946931461A6004F68C13C4F8A4692F
:10DDE8002844C4F888691A60C0220AF099FBD8F858
:10DDF800C82A2AB192003146D8F8C40A0AF090FB22
:10DE0800AF68002395ED008A4FF0000C3968BFEE2B
:10DE1800000AC8F8D03A04F66813844EC3F800C064
:10DE280004F674138819DFF82882C3F800C080EA62
:10DE3800D03240F001034144DFED7D8A03FB02F25A
:10DE4800DFED7C5A81EAD13341F0010142F03D0E09
:10DE58009FED797A01FB03F382EAD2119FED776A8D
:10DE68000EFB0121DFED766A4A4043F03D0182EA6C
:10DE7800923207EE902A83EAD312F8EE677A01FB12
:10DE88000232534067EEA87A83EA9333A7EEA57A65
:10DE980007EE903A04F67813F8EE677AC3F800C0F4
:10DEA80004F6381367EEA87A27EE087AE7EE866A52
:10DEB80080EE070AC3ED006A386008F035F8396863
:10DEC80005F52553B5EE006A8A19414483ED000A29
:10DED800F1EE0C5A82EAD2333A6042F00102F2EED5
:10DEE800006A02FB03F381EAD13241F0010183EABF
:10DEF800D31001FB02F243F03D0101FB00314B401E
:10DF080042F03D0183EA933307EE903A82EAD21356
:10DF180001FB0323F8EE677A5A4067EEA87A82EA93
:10DF2800923207EE102AF4EEC67AB8EE477AF1EE8E
:10DF380010FA27EE287AE7EE256A01D5F1EE666A2F
:10DF480004F65813F7EE008A002104F63C12C3EDDC
:10DF5800006A04F64413C2ED008A04F648121960F8
:10DF680004F65C1311602846C3ED008AFDF7AAFF8A
:10DF780004F50D62F6EE005A04F6D40392ED005A49
:10DF880095ED066AC8EE057A93ED007ADFED2D6A05
:10DF9800B5EEC06A67EE266A77EEA57AFDEEE77AF7
:10DFA80017EE903A022BB8BF0223F1EE10FA08DB05
:10DFB800B4EEE86AF1EE10FA2DDDDFED237A66EEB5
:10DFC800A76AF6EE007A6A689FED206A04F6AC004C
:10DFD800116867EE277AC0ED006A1D4D04F6DC0073
:10DFE800C4F8A818F4EEC67A116805FB0311F1EE1F
:10DFF80010FA11604FF00002C4F8B03877FE867A44
:10E00800C4F8B428C0ED007ABDEC028BBDE8F081FD
:10E01800DFED100A89E6DFED097AE6EE678A66EE3B
:10E02800A86ACEE700405A4400005C42EAF356DA98
:10E038000000802F0AD7A33C8FC2F53CCDCC4C3FC3
:10E048009A99193FCDCC0C3FCCCC4C3E0AD7233CF7
:10E05800F5792B6D000000002DE9F04104461546C6
:10E068002DED028B002964D1D2E9007607F5A032A4
:10E07800D2F8240F92F82B1FC0B3B9B396FBF1FC6A
:10E0880001FB0CF39E4205D0002E03DA0CF1FF3C95
:10E0980001FB0CF3F31AD2F86C1FC35CD2F8680FBB
:10E0A80000FB0C3339335B1A93FBF0F100FB01FCE6
:10E0B800634505D090EA030F02D5013900FB01FC46
:10E0C80007EE901AA3EB0C0302F57361F8EEE77AFA
:10E0D80001EB830391ED0C7A93ED000AA7EE870A12
:10E0E800B4EE400AF1EE10FA00F037819FEDA10A74
:10E0F80007F57837A04AD7F8DC3703EB830302EB40
:10E10800830393F90D30002B40F31C81013B30EE63
:10E11800000ADAB25BB2002AF8D1D4F8AC2531464D
:10E12800D5ED020A2046FBF7FDFEBDEC028BBDE8EB
:10E13800F081012950D1D2E9007607F5A032D2F852
:10E14800240F92F82B1F002800F09581002900F079
:10E15800928196FBF1FC01FB0CF39E4205D0002E48
:10E1680003DA0CF1FF3C01FB0CF3F31AD2F86C1F35
:10E17800C35CD2F8680F00FB0C3339335B1A93FB8E
:10E18800F0F100FB01FC634503D090EA030F00F1B6
:10E19800538307EE901AA3EB0C0302F57361F8EEB4
:10E1A800E77A01EB830391ED0C7A93ED000AA7EE71
:10E1B800870AB4EE400AF1EE10FA40F05C8102F6EC
:10E1C8006472DFED707A92ED008A20EE270A07F07C
:10E1D8001FFF28EE000A50E1022940F0D580D2E95D
:10E1E800007607F5A032D2F8240F92F82B1FC0B39F
:10E1F800B9B396FBF1FC01FB0CF39E4205D0002E4F
:10E2080003DA0CF1FF3C01FB0CF3F31AD2F86C1F94
:10E21800C35CD2F8680F00FB0C3339335B1A93FBED
:10E22800F0F100FB01FC634505D090EA030F02D52D
:10E23800013900FB01FC07EE901AA3EB0C0302F571
:10E248007361F8EEE77A01EB830391ED0C7A93EDB5
:10E25800000AA7EE870AB4EE400AF1EE10FA00F0C1
:10E26800DE829FED440A07F57837434AD7F8DC3752
:10E2780003EB830302EB830393F90D30002B40F388
:10E288009C81013B30EE000ADAB25BB2002AF8D179
:10E2980004F5104144F2B1034CF2A542D5ED020A4F
:10E2A800D1F8D8CB23442244344F42F6FC351978B0
:10E2B800D8192B44002939D09A42F8D144F2D433E2
:10E2C8004CF2C87100202E4F2344214442F6FC38FA
:10E2D8001A4612F8044C02EB070E5CB900F500541C
:10E2E800002800F08483D4F8F44B52F8085CA54267
:10E2F80038BF704642449142EBD1B8B9DFF880E0AC
:10E3080042F6FC3700F5005403EB0E02002800F03B
:10E318008083D4F8F44B53F8085CA54238BF104604
:10E328003B449942EED100283FF4FFAE00F500537C
:10E338000122C3F8F06BC3F8F4CB83F8F82BFFF78E
:10E34800BDFCF2E63FF4E9AEF6EE007A013320EECA
:10E35800270A5BB2002BF9D1DFE602F66472DFED23
:10E36800097A92ED008A20EE270A07F051FE28EE7E
:10E37800000ABDE60000C07F301E012027D7FFFF3E
:10E3880004D4FFFF0E745A3A032940F03381D2E9CE
:10E39800007607F5A032D2F8240F92F82B1F002838
:10E3A80000F02783002900F0248396FBF1FC01FB91
:10E3B8000CF39E4205D0002E03DA0CF1FF3C01FB62
:10E3C8000CF3F31AD2F86C1FC35CD2F8680F00FB89
:10E3D8000C3339335B1A93FBF0F100FB01FC634506
:10E3E80005D090EA030F02D5013900FB01FC07EEC6
:10E3F800901AA3EB0C0302F57361B8EEE77A01EB10
:10E408008303D1ED0C6AD3ED007AE7EE267AF4EEB9
:10E41800677AF1EE10FA40F0EC8202F664721FEDB2
:10E42800270A92ED008A27EE800A07F0F1FD28EE10
:10E43800000A07F578376A4AD7F8DC3703EB830315
:10E4480002EB830393F90D30002B40F3D582013B97
:10E4580030EE000ADAB25BB2002AF8D104F52043A4
:10E4680049F6DC30D5ED020A3146D3F8C4242044FD
:10E47800FDF73AFA59E69FED5B0A07F57837584AEF
:10E48800D7F8DC3703EB830302EB830393F90D30F2
:10E49800002B40F38780013B30EE000ADAB25BB212
:10E4A800002AF8D104F5B66104F5805341F2C8702A
:10E4B800D5ED027AD3F8D4770D4620440A4692F86F
:10E4C800F945134602F5C162B4B19042F7D1002371
:10E4D80091F804264AB9002B00F09982D1F8004639
:10E4E800D3F80026944238BF0B4601F5C16181423A
:10E4F800EED1002B00F07D81F5EEC07A0122C3F841
:10E50800FC65C3F80076F1EE10FA83F804265FDBA9
:10E51800B7EE007AF4EE477AF1EE10FA77FE277A32
:10E52800D3ED076A03F2F4529FED2F6A40F201110E
:10E5380080EE267AC2ED007AA3F8F815B4EEC67A12
:10E54800F1EE10FA47D4DFED296AB4EEE67AF1EE7F
:10E5580010FA00F34981B4EEC67A83ED097AF1EE38
:10E5680010FA40F38082F7EE006AC6EE877A00223E
:10E5780003F2845103F5BB6003F2D455C3ED0A7A64
:10E5880000241A62CA620A6301212A60026003F544
:10E59800B760C3F8EC458260C3F8BC15BDEC028BCC
:10E5A800BDE8F0813FF47EAFF6EE007A013320EE4D
:10E5B800270A5BB2002BF9D174E73FF469AEF6EE97
:10E5C800007A013320EE270A5BB2002BF9D15FE60F
:10E5D800DFED057AA4E7F0EE467A83ED096AC6E72F
:10E5E800301E01200000C07F0000000048E1FA3E14
:10E5F8000E745A3A043900F02B8101297FF495AD45
:10E60800D2E9007607F5A032D2F8240F92F82B1F32
:10E61800002800F01882002900F0158296FBF1FC12
:10E6280001FB0CF39E4205D0002E03DA0CF1FF3CEF
:10E6380001FB0CF3F31AD2F86C1FC35CD2F8680F15
:10E6480000FB0C3339335B1A93FBF0F100FB01FC40
:10E65800634505D090EA030F02D5013900FB01FCA0
:10E6680007EE901AA3EB0C0302F57361F8EEE77A54
:10E6780001EB8303D1ED0C6A93ED007AA7EEA67A3D
:10E68800B4EE477AF1EE10FA40F0DD8102F66472DA
:10E698001FED290A92ED008A27EE000A07F0B8FC60
:10E6A80028EE000A07F57837654AD7F8DC3703EB18
:10E6B800830302EB830393F90D30002B40F3B881F9
:10E6C800013B30EE000ADAB25BB2002AF8D14BF215
:10E6D800E01104F530434BF29840D5F808C02144C6
:10E6E800D3F8A47420440A46D2F8B8401346E83256
:10E6F8003CB38242F8D10A46002392F8E4404CB970
:10E70800002B00F0AE81D3F8E040D2F8E050A542EB
:10E7180038BF1346E8328242EFD193B90B46E8314D
:10E7280081420BD0002BF9D0D1F8E040D3F8E0209B
:10E73800944238BF0B46E8318142F3D1002B3FF4B5
:10E74800F4ACD3ED116A0122C3F8D0C080EE267A6A
:10E7580083F8E42083ED120AC3E93767B5EEC07A7F
:10E76800F1EE10FA40F37981F6EE007AB4EEE77A2A
:10E77800F1EE10FA00F36A819FED326AE7EE067A4D
:10E78800FCEEE77A17EE902AB5EEC00A5A65F1EE6C
:10E7980010FA40F26081986B30EE000A441E86EE53
:10E7A800807A00F15681596B0022043903E0013266
:10E7B800904200F04E81D1ED017A0431F8EEE77A0B
:10E7C800B4EEE77AF1EE10FAF1DB00210020012423
:10E7D8001A661865D866C3F8AC10C3F8B010C3F849
:10E7E800BC10C3F8B840A0E4DFED177AC3ED096A9E
:10E7F800BDE62B4605F5C165A8420CD0002BF8D024
:10E80800D5F80016D3F80026914238BF2B4605F5F7
:10E81800C165A842F2D1002B3FF487AC6CE602F642
:10E828006472DFED0A7A92ED008A20EE270A07F07B
:10E83800EFFB28EE000A16E5013900FB01FCA8E40D
:10E84800301E01200000804FBC9C02400E745A3AD2
:10E85800D2E9007607F5A032D2F8240F92F82B1FE0
:10E86800002800F0E280002900F0DF8096FBF1FC30
:10E8780001FB0CF39E4205D0002E03DA0CF1FF3C9D
:10E8880001FB0CF3F31AD2F86C1FC35CD2F8680FC3
:10E8980000FB0C3339335B1A93FBF0F100FB01FCEE
:10E8A800634505D090EA030F02D5013900FB01FC4E
:10E8B80007EE901AA3EB0C0302F57361F8EEE77A02
:10E8C80001EB8303D1ED0C6A93ED007AA7EEA67AEB
:10E8D800B4EE477AF1EE10FA40F0A78002F66472BF
:10E8E8001FED260A92ED008A27EE000A07F090FB3A
:10E8F80028EE000A07F578375C4AD7F8DC3703EBCF
:10E90800830302EB830393F90D30002B40F38380DC
:10E91800013B30EE000ADAB25BB2002AF8D14AF2C3
:10E92800C84204F530434BF2D011D5F808C0224450
:10E93800D3F8DC7121441346D3F8A4011C4603F52F
:10E948008B6350B39942F7D11346002493F85404CB
:10E9580048B9002C00F08380D4F85004D3F8505400
:10E96800854238BF1C4603F58B639942EED1A4B9A2
:10E97800144602F58B6291420CD0002CF8D0D2F8E4
:10E988005004D4F85034984238BF144602F58B62CC
:10E998009142F2D1002C3FF4C8AB04F58963012100
:10E9A80004F24442C4F84C6484F8541404F5DE704C
:10E9B800C4F85074002182ED000A8022C3F800C018
:10E9C80009F0AEFD4FF07E5104F54F7304F56F72F8
:10E9D80043F8041B9A42FBD1002201232046C4F8C5
:10E9E800A821C4F8A431FAF7A9F9FFF79EBB70462D
:10E9F80080E49FED1F0A1CE53FF430ADF6EE007A87
:10EA0800013320EE270A5BB2002BF9D126E50B462D
:10EA18006BE5104684E482D0F6EE007A013320EEEE
:10EA2800270A5BB2002BF9D179E79FED110A61E75C
:10EA38003FF44DAEF6EE007A013320EE270A5BB2C2
:10EA4800002BF9D143E69FED0A0A2BE64FF000426E
:10EA58009AE62246B9E60022B7E6002294E61C466A
:10EA680081E7134656E6F0EE467A80E5301E01202F
:10EA78000000C07F2DE9F04F00F5005499462DEDB8
:10EA8800108B94F8D93891B02A9E002B00F0658538
:10EA980094F8EC3B05460F469246002B40F0AA85B9
:10EAA800D4F88839002B15DDA6EB09029B1A002B38
:10EAB800C4F8883900F38A870023C4F8883905F533
:10EAC800265393ED000A04F50D63284683ED000AEA
:10EAD800FDF7F8F9D5ED06EA95ED099AF5EEC0EAE5
:10EAE800F1EE10FA80F23E85D5ED126ADFED11EAFB
:10EAF800F5EEC06AF1EE10FAC0F24485B7EE007A7E
:10EB08009FED065AF4EEC76AF1EE10FA40F3598702
:10EB1800F0EE476ADFED077A00F03ABD9A99193EA0
:10EB28000AD7233D000048420000802FEC84173AA2
:10EB38009A99993E000000000AD7A33DCDCC4C3EDF
:10EB48006666863F0000804FDB0F4940DB0FC940F7
:10EB580017B7D1381FED0EBA95ED0C7A04F6BC0341
:10EB68005FED0C4AD3ED006AB4EEE47A95ED13CA72
:10EB78006BEE266AF1EE10FACDED0B6A80F2E286B2
:10EB88009DED067A67EE246A27EE857AD5ED157A2B
:10EB98001FED195A66EE266AF5EEC07A27EE057A59
:10EBA800CDED0C6AF1EE10FA8DED0D7AC0F2C68645
:10EBB800B7EE007AF4EE477AF1EE10FA77FE277A8C
:10EBC80004F51963D5ED0A8A1FED247AD3ED006A9E
:10EBD800F5EEC08A67EEA67ADDED066AF1EE10FA68
:10EBE80067EEA67A67EE877ACDED0F7AC0F2A28635
:10EBF800F7EE007AF4EE678AF1EE10FA77FEA88A4B
:10EC0800D5ED0F9AF5EEC09AF1EE10FAC0F28E86A5
:10EC18005FED3C7AF4EE679AF1EE10FA77FEA99A66
:10EC2800D5ED0E7AF5EEC07AF1EE10FAC0F27A86DA
:10EC3800B3EE047AF4EE477AF1EE10FA77FE277A0B
:10EC480095ED007A04F50F63D5ED10DAC7EE877AF3
:10EC580093ED00EAF5EEC0DAF1EE10FAD8BF5FEDF9
:10EC68004BDA4E45CDED077A40F3CE8607EB8603A7
:10EC7800F0EE4E7A0AEB890AB0EE6EEA029342F69B
:10EC8800F40307EB890942F60417EB18F0EE67EA7C
:10EC98002F44D5F804B00493D4F8B038D5F8588088
:10ECA8000193EB6D6E6E009394F8D8381FED62AA4D
:10ECB800059305F523531FED63DA5FED63AA1FED96
:10ECC80063FA0393DBF80030FFEE005AF5EEC09AC2
:10ECD80003F1DA43B0EE006AB0EE65BA03F52D131E
:10ECE800F1EE10FA03F5675303F1350383EAD332E3
:10ECF800CBF8003043F0010302FB03F383EAD3129D
:10ED080043F03D0101FB023283EA020383EA9333B5
:10ED180007EE903AF8EE677A67EE8A7AA7EE86BA37
:10ED280040F33D8504F6981304F69C12D3ED007A5F
:10ED380092ED005A04F51A623BEE676AE5EE067A30
:10ED480092ED006AD4F8A42907EE102A04F6A81256
:10ED5800B8EEC70A92ED005A27EE866AC3ED007A2C
:10ED680020EE050AB4EEE56AF1EE10FAC0F27985F4
:10ED7800B7EE008AB4EEC86AF1EE10FA00F3B18576
:10ED8800F0EE485A5FED947AE6EE275A5FED957AF1
:10ED9800A6EE278AF7EE007AB4EEE70AF1EE10FA4B
:10EDA80000F16B855FED9A7A9DED077A67EE277A19
:10EDB80067EEA57AF5EEC07AF1EE10FA40F38E858B
:10EDC800B6EE006AF4EEC67AF1EE10FA00F3728538
:10EDD8001FEDA47AA7EE876AFCEEC67A17EE902A92
:10EDE80030EE6D0AD4F894391344B5EEC00AC4F86D
:10EDF8009439F1EE10FA40F25985B4EEEA0AF1EED0
:10EE080010FA80F267855FEDB07A089320EE270A42
:10EE180080EE2A0A07F060FC089BF7EE007AB6EE4F
:10EE2800006A77EEC07A67EE86FA07EE903A29EE26
:10EE3800888A04F6B803B8EE670A5FEDBC7A28EE54
:10EE48002F8AD3ED00BA20EE0A0A20EE270A07F02F
:10EE58003FFB68EE2B7A30EE2A0A67EE8D7A67EE72
:10EE6800807AB5EEC0EAF1EE10FA1CDD04F65C1308
:10EE78001FEDC95A93ED006AB4EEC56AF1EE10FAB7
:10EE880011DD04F6581292ED005A04F516622BEEC5
:10EE9800855A92ED004A26EE046A25EE0D5A83ED56
:10EEA800006AE6EE457A77EEAB7AB7EE006AF4EEE2
:10EEB800C67AF1EE10FAC0F26D8495ED187AB8EEC4
:10EEC800476AF4EEC67AF1EE10FA00F3C084BDEE9C
:10EED800E77AB8EEC76A17EE102A37EEC66A731ECD
:10EEE8009B1A5A1C01D500990A4408EB8202002B90
:10EEF80092ED004AC0F2048408EB830292ED005AB6
:10EF08005A1E002B00F0038408EB8202023BD2ED6C
:10EF1800003A01D5009A1344F0EE045A08EB830333
:10EF2800F0EE447A04F6C402B7EE083AD3ED002AAC
:10EF3800039B04F6E401E5EE657AF0EE005AE3EE91
:10EF4800A57A75EE635A73EEC43A32EEC44A65EE9A
:10EF5800835AB6EE003AE4EE035AE2EEC37AE5EEDF
:10EF6800867AD3ED005A04F6C80367EE867AE3EE94
:10EF7800837AA7EE865A93ED006AD2ED007A04F6FA
:10EF8800E80267EE867A92ED008AE5EE857AD1EDA1
:10EF9800005AC3ED007A04F6EC0337EEC88A93ED05
:10EFA800006AC2ED007A3A46A5EE868A83ED008AA9
:10EFB800049BD3ED007A92ED007AEEEE887AA3EC0A
:10EFC800018A9F42E7EE6E7AB0EE678AE2EC017A38
:10EFD800EFD104F6CC03D4F8B428D3ED007A019B22
:10EFE80028EE278A9A42C0F2E283F0EE4FFAB5EE95
:10EFF800C0EAF1EE10FA40F38083059B002B00F085
:10F00800098404F6141304F5126293ED006AD2ED34
:10F01800007A76EE27BAF7EE007AF4EEE7BAF1EE68
:10F0280010FA40F30684F0EE67BADDED063AC3ED58
:10F03800007A04F61C1204F6281104F618139FED42
:10F04800E82A92ED003AD1ED002A04F62C113BEEA5
:10F05800434AD3ED007AD1ED001A2CEE822A62EEF3
:10F06800A77A9FEDD61AA1EE843A9DED0E7AB7EEF7
:10F07800004AA7EEC24A82ED003AC3ED007A04F6D0
:10F088008C1393ED002A24EE074A9DED0C7AB4EE1A
:10F09800C12A63EE071AF1EE10FA09DD62EE822A40
:10F0A8009DED0F7AC3ED002A62EE872AE3EE221A5D
:10F0B8009DED0D7A04F6441204F6481304F64C113B
:10F0C80067EE877A05F52550D3ED002AD1ED000AC1
:10F0D80004F5156167EE837A92ED003A7BEE626A79
:10F0E80091ED002A3BEE431A04F63C11E2EE262A83
:10F0F80091ED002AA0EE813A90ED001A04F6541022
:10F1080022EE012AD0ED006A81ED002A82ED003A54
:10F1180033EE623AC3ED002A71EEA72A23EE263AAF
:10F12800FFEE086AB4EEE63AF1EE10FAC0F2CF83C9
:10F13800F7EE086AB4EE663AF1EE10FA36FE833A54
:10F14800F6EE006A04F63813CDED097A93ED001A4D
:10F158006CEEA66ADDED0A7A9FED930ACDED081AEA
:10F1680066EE816A66EE826AB7EE002AA6EE832A08
:10F17800F6EE086AE2EE232A72EEC52A9FED8B5A54
:10F1880032EE855AB5EEC05AF1EE10FA48BFB1EE2C
:10F19800455AE4EE056AB7EE005A66EEA66A66EED0
:10F1A800A66A85EE26BAF0EE6A6AB4EEC5BAF1EE42
:10F1B80010FAC8BFB0EE45BA9FED7D5AD8BF62EECF
:10F1C8008B2AE7EE856A66EEA26A26EE800A07F0C9
:10F1D800FDFB04F5136304F634129DED0B7A93EDF1
:10F1E800005A92ED004AF0EE456ADDED081ADDEDB1
:10F1F800097ADEEE006AA4EE265AF7EE006AB4EE4B
:10F20800E67A83ED005AF1EE10FAC0F27983D5F868
:10F21800443E06EE903AB8EE664AB4EEC47AF1EE91
:10F2280010FA00F37683FDEEC76AB8EEE64A16EEEA
:10F23800900A37EE444AD5F8482ED5F840CE531EEA
:10F24800D5F83C1E1B1A581C48BF6044002B01EB24
:10F258008000D0ED002AC0F24A8301EB830090EDD4
:10F26800002A581E002B00F04983B0EE043A023BF6
:10F27800F0EE626A01EB800048BF6344B7EE081AFB
:10F28800D0ED003AE2EE436A01EB8303B0EE003AB8
:10F2980001EB820193ED000A013281ED005A6245CB
:10F2A80008BF0022E3EE836AC5F8482E32EE633ABF
:10F2B80073EEE23A70EE622A23EE013AB6EE001AD5
:10F2C800E0EE416AA2EE813AE3EE046A66EE846AF1
:10F2D800E3EE816AA6EE842AF3EE046A27EEA64AD4
:10F2E800F0EE087AA1EEA74ADFED3A7AA2EE675A65
:10F2F800DFED307A24EE0B4A24EE2B4A24EE0E4A38
:10F30800A5EE274A38EE048A08EB8603B5EEC0CA94
:10F31800013683ED008A009B9E4208BF0026F1EE6D
:10F3280010FA6E6640F3F78104F66413F7EE006A8C
:10F33800D3ED007AF4EEE67AF1EE10FAC0F2A58287
:10F3480005F58050D0F8CC3A07EE103AB8EE475A97
:10F35800F4EEC57AF1EE10FA00F3B082BDEEE77A6A
:10F36800B8EEC75A17EE10CA37EEC55AD0F8D02AE9
:10F37800D0F8C41A531EA3EB0C03D0F8C8CA13F173
:10F38800010E48BFE644002B01EB8E0E9EED002ACD
:10F39800C0F2828201EB830EDEED003A03F1FF3EFC
:10F3A800002B00F081821DE0CDCC8C3F6F12833A98
:10F3B8003333B33F6C282F3F8FC2F53D17B7D13891
:10F3C8009A99993ECDCC4C3D9A99193E0AD7A33CBF
:10F3D8006666E63E6666663F00000000CDCC4C3FA0
:10F3E8003333B33EF0EE046A023BF0EE427A01EBAF
:10F3F8008E0E48BF6344B0EE006A9EED003A04F6F4
:10F40800E40EE3EEE67A01EB830373EEC32A01EB25
:10F418008201F7EE086AD3ED001A013204F6681388
:10F42800F5EEC08A62EEA62A624508BF0022E3EE26
:10F43800067A04F5176CF6EE006A33EE423A31EEBE
:10F44800C22AF1EE10FAE1EEE67AE2EE262AE2EEC0
:10F45800857A67EE857AE3EE267AE7EE853A93EDCC
:10F46800005ADCED007A04F66C1C67EE857A9CED98
:10F47800005A04F6741CE5EE237A9CED005AC3ED9D
:10F48800007A04F65C13B0EE673AD3ED003A37EE33
:10F49800C55A5FED377A04F67813E3EE867ADEED27
:10F4A800003A67EE847A93ED004A8CED003AA3EEB9
:10F4B800845A83ED005A04F6CC0393ED004AE4EE37
:10F4C800057AB0EE485AEFEE867AC1ED007AA7EEDB
:10F4D800A65AC0F8D02A00F32681D9ED007AD4F8CC
:10F4E800A439E5EE097AB3F1804FE9EC017ADAED57
:10F4F800007AE5EE097AEAEC017A02DA0133C4F817
:10F50800A439B5EEC08A04F6DC03D3ED007AF1EE37
:10F5180010FA48BFB1EE488AF4EEC87AF1EE10FA54
:10F5280005D404F50E6393ED008A27EE888A04F665
:10F53800DC0383ED008A029B4B457FF4C3AB05993E
:10F5480059B904F6DC035FED637A93ED007AB4EE03
:10F55800E77AF1EE10FA00F1028211B0BDEC108BDF
:10F56800BDE8F08FF7EE007AD5ED126AF4EE67EA9F
:10F57800F1EE10FAF5EEC06A77FEAEEAF1EE10FA97
:10F58800BFF6BCAA1FED6C5AF7EE007AF0EE456A9A
:10F5980095ED087A1FED706AB4EEC67AF1EE10FAAE
:10F5A80034DA67EE867A04F6D4035FED774A1FED06
:10F5B800746A93ED007AA7EE246AE6EE267AF5EEF1
:10F5C800C07AF1EE10FA2BDBF7EE006AF4EEE67A79
:10F5D800F1EE10FA40F3EC81D5ED07BA5FED887AC9
:10F5E800F5EEC0BACDED067AF1EE10FA23DA5FED4A
:10F5F80086BA28E0FCF7CEFA002384F8EC3BD4F86E
:10F608008839002B3FF750AAFFF764BAB7EE006AB3
:10F61800B4EEC67AF1EE10FAD8BF67EE877AC2E781
:10F628005FED987ACDED067AD5ED07BAF5EEC0BA5A
:10F63800F1EE10FADBDBF7EE007AF4EE67BAF1EEE2
:10F6480010FA77FEABBAF6EE007A37EE677AE7EE95
:10F6580005BAF5EEC0BACDED0ABAF1EE10FA10DB34
:10F66800B7EE007AF4EEC7BAF1EE10FA40F38D81E6
:10F67800F7EE087A1FEDAD6A8DED0E7A8DED0A7AF8
:10F6880009E0B1EE047A1FEDB06A8DED0E7A1FED38
:10F69800AE7A8DED0A7AD5ED0DCA1FEDB17AF4EE8A
:10F6A800C7CAF1EE10FA1BDADDED066AF0EE47CABA
:10F6B80026EE875A95ED11BA1FEDBC7AB4EEC7BA9B
:10F6C800F1EE10FAFFF646AA1FEDBF7AB4EEC7BAFC
:10F6D800F1EE10FA40F355811FEDC2BAFFF73CBABC
:10F6E800B7EE007AF4EEC7CAF1EE10FA40F344819F
:10F6F800F0EE47CA9DED065ADCE7B0EE4F4A03E646
:10F70800009A9A1808EB820292ED005A5A1E009944
:10F718000A44FFF7F9BBF5EEC08AB0EE485AF1EE9D
:10F7280010FA7FF7DAAE42F6AC1342F60C221FED60
:10F73800D64A2B442A44B3EC016A93ED5F7A93428C
:10F74800D3ED2F7AA6EE057AD3ED776AD3ED175A63
:10F7580067EEC77AE5EEC76AD3ED475AE6EE457A13
:10F76800A5EE874AC3ED5F6AC3ED777AE3D15FED13
:10F77800E57AF7EE006A24EE274A5FEDE77A76EE3F
:10F78800E86AA5EE274A64EE287AE6EE857AB0EEB6
:10F79800675AA2E6B0EE4F6A0122FFF7A0BB04F653
:10F7A800B803DFED9B7AD3ED00BAFFF75ABBD4F864
:10F7B800A8380132B0EE004A03F1DA43FFEE005AEE
:10F7C80003F52D1303F56753353383EAD331C4F8B2
:10F7D800A83843F0010301FB03F304F6AC0191EDF3
:10F7E800006A43F03D01C4F8B42883EAD31201FB50
:10F7F8000232534083EA933307EE903AF8EE677A81
:10F8080067EE8A7AE7EE845A65EE86FA38EE2F8A32
:10F81800FFF7EDBB04F6141304F6241293ED006A07
:10F82800D2ED007A76EE67BAF5EEC0BAF1EE10FACC
:10F838006AD4F5EEC0BAC3ED00BAF1EE10FA7FF75C
:10F848005CAFDDED067A67EEAB3AFFF7F2BBFDEE93
:10F85800C67A17EE902AF8EEE77A36EE676AFFF76F
:10F868003EBBF7EE007A9FED6B8ADFED6B5AB4EE84
:10F87800E70AF1EE10FA7FF595AA9FED686ADFEDC9
:10F88800687AE0EE067AFFF78FBAB0EE4F5A4FF07B
:10F89800010C05F5805069E503EB0C0E01EB8E0EAB
:10F8A800DEED003A03F1FF3EE6449BE5F0EE4FFA49
:10F8B800FFF7BBBA4FF00042FFF792BAFDEEC57AE8
:10F8C80017EE90CAF8EEE77A35EE675A4EE5B0EED5
:10F8D800663A35E4F7EE00FAFFF7A7BA0022FFF719
:10F8E8007FBA9FED508ADFED505AFFF753BA03EB0A
:10F8F8000C0001EB800090ED002A581E6044B4E42F
:10F90800B0EE4F4A012096E4B0EE4F4A83ED00FA7C
:10F91800FAE4BDEEC47AF8EEC76A17EE100A34EEC0
:10F92800664A88E4DFED3A7AFFF78AB9DFED389A5C
:10F93800FFF776B9DFED368AFFF762B9DFED347A83
:10F94800FFF73EB9F7EE006AB4EEE67ADDED066A37
:10F95800F1EE10FAD8BF67EE266AFFF715B9D4F8AA
:10F96800B428D4F8B0389A42A8BF84F8D91811B08E
:10F97800BDEC108BBDE8F08F9DED067A2CEE875A12
:10F9880098E63BEE0BBAFFF7E7B8B1EE005ADFEDA9
:10F99800274AF1EE046A9FED266A37EE6B7A7BEE12
:10F9A800A77AEBEEC56AA7EE246ACDED0E6A72E679
:10F9B800F5EE006A9FED1EEAA7EEA6EA8DED06EACF
:10F9C80032E677EE667A26EE855AE1E507EE903A5A
:10F9D80004F68413F7EE000AF8EEE77AD3ED006A2E
:10F9E80004F67C1387EEA67A93ED008A05F5265374
:10F9F80093ED000A80EE080A70EEC70A06F0D8FBFD
:10FA080028EE000AFFF75FB894F8D838059396E512
:10FA180000000000CDCC4C3F1F856B3F9A99193EE2
:10FA28006666663F9A99993F713D8A3FCDCCCC3D39
:10FA3800CDCC4C3D2DE9F04F04462DED0A8B87B017
:10FA480021BB136842F6D905DFF8A0924AF6CD46E5
:10FA5800DFF890820544D2F804A0994498440644FB
:10FA6800DFF89CB242F6FC372B78002B53D13D448B
:10FA7800AE42F9D104F50044D4F800345344C4F834
:10FA8800003407B0BDEC0A8BBDE8F08F012920D106
:10FA9800136848F20445DFF8548248F6E046914F6F
:10FAA8000544D2F8049098441F44064495F8D83287
:10FAB800DBBB05F53D75B542F8D104F50044D4F833
:10FAC800EC3C4B44C4F8EC3C07B0BDEC0A8BBDE8F9
:10FAD800F08F023932D00129D3D1136849F60825AD
:10FAE800DFF8089249F6C0467E4F0544D2F80480F4
:10FAF80099441F440644D5F8B830002B40F0DE8006
:10FB0800E835B542F7D104F51044D4F8CC3C434469
:10FB1800C4F8CC3CB5E7002305EB0B004246494648
:10FB2800CDF800A0FEF7A6FFA1E7002328463A4635
:10FB38004146CDF80090F4F7EFF9BAE748F6A86621
:10FB480049F6B031DFED689A4118064467489FEDE1
:10FB5800689A8946DFED67AADFED67BA0494D2E9AF
:10FB680000320344039203EB820B059356F8144CBE
:10FB78006CB906F58B664E45F8D1049C039A04F5DA
:10FB88001044D4F8043A1344C4F8043A79E7039BC0
:10FB980096EDA2AADFED597A002BD6F884822AEED8
:10FBA80027AAE6DDB7EE08CA059FB7EE00BA06EB4E
:10FBB8008805B8F1000FDFED508A21DDB2465AF80A
:10FBC800043F9AED608ADAED807ADAF8802067EEF1
:10FBD800887A1344CAED607A07EE903ACAF8003082
:10FBE800B8EE670A20EE290A20EE090A06F070FC32
:10FBF800DAED407A554528EE278AE8EE008ADED10C
:10FC0800013C68EE8A8A032C69D8DFE804F0293CB5
:10FC1800120256ED047A96ED007AE7EEC77AF4EE12
:10FC2800EA7AF1EE10FA52D446ED047A68EEA78A21
:10FC380005E056ED037A68EEA78A46ED047AD7ED1B
:10FC4800007A77EEA87AE7EC017ABB45D7ED7F7AA0
:10FC580077EEA87AC7ED7F7A8BD056F8144CA8E7D0
:10FC680056ED047A56ED026A3CEE677AE6EE877A3C
:10FC7800F4EECB7AF1EE10FADDDB022306ED04BADE
:10FC880046F8143CDBE756ED047A16ED037A16EDD8
:10FC9800016A77EE676AE6EE267A77EEC76AF0EED3
:10FCA800E66AF4EEEA6AF1EE10FABDD50323F0EE47
:10FCB800477A06ED047A46F8143CB7E7002328464D
:10FCC8003A464946CDF80080F5F73EFA18E7002392
:10FCD800F0EE6B7A46ED04BA46F8143CA6E768EEF7
:10FCE800AB8AACE7CCE503000000802FCCE303002F
:10FCF800DB0FC94017B7D13800000000F304353FC7
:10FD080027D7FFFF2DE9F04F134605462DED108B41
:10FD180087B0F9B95E688346126800F57F73DFED36
:10FD2800D49A0492039602930590DBF8F430002BE2
:10FD380043D10BF5AA7B029B9B45F6D1059D039AFF
:10FD4800D5F808341344C5F8083407B0BDEC108B57
:10FD5800BDE8F08F012940F0F681126800F20C44EA
:10FD6800DFF8149300F61826C24FD3F804809144A4
:10FD78001744D4F8E0319A798AB10021CBB212F055
:10FD8800010F01F10101C3EB031306D004EB830358
:10FD9800D3F88830002B40F0F8815208EED104F5F2
:10FDA8000174B442E5D1D5F8243A4344C5F8243A5D
:10FDB80007B0BDEC108BBDE8F08F002EDBED078A95
:10FDC8009BED049AB5DDDBF83CA10BF15409049BCB
:10FDD8000BF16C08A84DBAF1000F0BF184074FF036
:10FDE80000041D4440F3FE800AF1FF3ADBF81031AD
:10FDF800CBF83CA1013B032B18D8DFE813F05A01DC
:10FE0800410133010400DBED457A9BED497AE7EEC9
:10FE1800C77AF4EEE97AF1EE10FA40F19181DFED5C
:10FE2800977A0023CBED457ACBF810314846B6EEE9
:10FE380000EAF2F7EBF9B0EE408A4046F2F7E6F94D
:10FE4800384638EE008AF2F7E1F929EE000AF4EEB6
:10FE5800CE8AA8EE0E0AF1EE10FAB0EE40CA40F1D2
:10FE68003F819BED2E8AB1EE40AADBED29FAF0EE38
:10FE7800487A9BED2AFAE0EE4E7AAFEEE70A2FEECB
:10FE8800000A06F0A3FDDBED2BEAF0EE40AA9BED9D
:10FE980028BAB0EE6E0A06F099FD7AEEC0AAEBEE2B
:10FEA8002AEAB0EE6E0A06F091FDDBED2CDAB0EE30
:10FEB80040DAB0EE6D0A06F089FD7DEE406AEBEEA1
:10FEC80026DAB0EE6D0A06F081FDDBED2DAAF0EE24
:10FED80040CAB0EE6A0A06F079FD3CEEC00AEBEEC5
:10FEE80000AAB0EE6A0A06F071FDF0EE40BAB0EE74
:10FEF800480A06F06BFD3BEEC00AABEE008AF0EE56
:10FF0800487AEAEE0E7AA7EEEFCA2CEE0F0A06F050
:10FF18005DFD70EE4D6AB0EE6E0AA6EE8B0A8BEDB3
:10FF28002B0A06F053FD30EE6C7AB0EE6D0AA7EEA0
:10FF38000B0A8BED2C0A06F049FD30EE6B0AE0EE59
:10FF48000BAAB0EE6A0ACBED2DAA06F03FFDF0EE43
:10FF580040AAB0EE480A06F039FDB0EE487A3AEE0B
:10FF6800C00AA0EE0B7A8BED2E7ADBF8F430013B59
:10FF7800032B00F27981DFE803F05C403B02DBED04
:10FF88003E7ADBED426AE7EEE67AF4EEE97AF1EEE4
:10FF980010FA40F1D280DFED397A0023CBED3E7ABA
:10FFA800CBF8F430DBED4C5A0134D5ED006A67EE3E
:10FFB800A57A9BED506AA64267EE877AB0EE667A1C
:10FFC800A7EE867AA5EC017ADBED516A95ED7F7A8A
:10FFD800A7EEA67A85ED7F7A3FF4ABAEBAF1000FB3
:10FFE8003FF702AF58464FF00F0AF4F7B5FCFDE6AD
:08FFF800DBED3F7ACBED3E7A10
:02000004600199
:10000000D4E7DBED3E7A9BED3F6ADBED415A76EEBD
:10001000676AE5EEA67A77EEC66AF0EEE66AF4EE77
:10002000E96AF1EE10FA40F18C800323F0EE467A93
:100030008BED3E6ACBF8F430B8E7F7EE086ADBEDFB
:100040003E7ADBED405AB7EE006A76EEE76AE5EEFF
:10005000A67AF4EEC67AF1EE10FA72DB0223F0EE25
:10006000467A8BED3E6ACBF8F4309FE7DBF8183127
:10007000CBF81431DEE600BF17B7D138CCE503006A
:10008000CCE3030000000000DBED457ADBED466ABF
:100090009BED486A36EEE77AE6EE077A37EEE67AC7
:1000A000B0EEC77AB4EEE97AF1EE10FA4CD503233C
:1000B000CBED456ACBF81031BCE6B7EE087ADBED44
:1000C000457A9BED476AF7EE006A37EE677AE6EE0F
:1000D000077AF4EEE67AF1EE10FA35DB0223CBED87
:1000E000456ACBF81031A5E6DBED3B6AB0EE005A6D
:1000F0009BED3A6A70EE664ADBED357AF0EE665AB1
:10010000DBED342A9BED363A9BED387AE6EE275A42
:10011000DBED373A64EEA77A9BED394AE2EE867A58
:10012000E4EE835A27EE877A97EE856AD5EE856AE4
:10013000A0EE237A8BED3A6ACBED3B6AA5EE847A8A
:1001400017E7CBED3E7A31E7CBED457A72E602292F
:100150002DD003295DD1126841F23474DFF820817B
:1001600041F6D446444F0444D3F8049090441744D5
:10017000064494F8CC31002B42D104F5F074B4421B
:10018000F7D105F58055D5F8E03C4B44C5F8E03C87
:10019000DFE5204604F5017400233A464946CDF8D0
:1001A0000080F2F74BFBB4427FF4E7ADFFE5126845
:1001B00041F22476DFF8C88000F628242E4F06444A
:1001C000D3F804909044174494F820347BB904F297
:1001D0005444B442F8D105F58055D5F830374B4436
:1001E000C5F8303707B0BDEC108BBDE8F08F0023A9
:1001F00020463A464146CDF80090F9F783FCE6E701
:10020000002320463A464146CDF80090F3F786F9A0
:10021000B3E704291CD1126841F6E444DFF860809A
:1002200042F6FC66144F0444D3F8049090441744FB
:10023000064494F8F93593B904F5C164B442F8D191
:1002400005F50055D5F8083F4B44C5F8083F80E553
:1002500042F60C7005392844FFF7F0FB79E50023DE
:1002600020463A464146CDF80090F5F77BFAE3E7A1
:10027000DFED027A9AE600BFCCE503000000000043
:10028000CCE3030038B500F6085C86460346D3F895
:10029000A4511C4603F58B633DB36345F7D100249D
:1002A00090F8543443B9002C48D0D0F85054D4F8C6
:1002B00050349D4238BF044600F58B606045EFD155
:1002C0009CB974460EF58B6EE6450CD0002CF8D028
:1002D000DEF85004D4F85034984238BF74460EF516
:1002E0008B6EE645F2D104B938BD04F5896304F29A
:1002F00044400125C4F84C14C4F85024002184F86B
:100300005454802280ED000A04F5DE70C3ED000A2B
:1003100008F00AF94FF07E5104F54F7304F56F723F
:1003200043F8041B9342FBD1002201232046C4F86A
:10033000A821C4F8A431F8F705FD38BD044600F53E
:100340008B606045ACD1BBE770B58446044600F5D0
:100350002E7EDCF8B85063460CF1E80C25B3E64578
:10036000F7D1002390F8E45045B9002B77D0D3F8AB
:10037000E050D0F8E060AE4238BF0346E830704548
:10038000F0D18BB92346E834A6450BD0002BF9D029
:10039000D4F8E050D3F8E000854238BF2346E83473
:1003A000A645F3D103B970BDD3ED116A0120C3EDA9
:1003B000340A80EE267A83F8E40083ED120AC3E95A
:1003C0003712B5EEC07AF1EE10FA46DDF6EE007A9D
:1003D000B4EEE77AF1EE10FA35DC9FED246AE7EE31
:1003E000067AFCEEE77A17EE902AB5EEC00A5A6557
:1003F000F1EE10FA2FD9986B30EE000A441E86EE0B
:10040000807A11D4596B0022043902E00132904203
:100410000AD0D1ED017A0431F8EEE77AB4EEE77A4A
:10042000F1EE10FAF2DB14460022002101201C66D6
:100430001965D966C3F8AC20C3F8B020C3F8BC2056
:10044000C3F8B80070BDB5EEC00A4FF000425A655F
:10045000F1EE10FACFD80024E6E70022C5E7034604
:10046000E83070457FF47EAF8BE700BF0000804F1F
:100470002DE9F04F00F578350446D5F8D86773427A
:1004800006F00F0103F00F03084658BF5842002E34
:10049000B4BF06F10F0333461B115A4203F00303A6
:1004A00002F0030258BF5342002B03F00103B8BF10
:1004B0005B42012B2DED048B89B071D0704B53F84A
:1004C000201011F1630F71D0D5F8DC9710F0030FF5
:1004D0006C4F09EB8903DFED6C8ADFED6C7A4FEA34
:1004E000890807EB830348FEA78ACDED078A5B7A6C
:1004F000CDE90541002B61D104F5A033D3F824CF19
:1005000093F82B0FBCF1000F00F0C081002800F021
:10051000BD8191FBF0FE00FB0EF2914205D0002957
:1005200003DA0EF1FF3E00FB0EF28A1A1CF80220DD
:10053000D3F868CF0CFB0E2202F13900D3F86C2FF0
:10054000821A92FBFCF00CFB00FE724503D09CEA81
:10055000020F00F1DA8607EE900AA2EB0E0203F515
:100560007360F8EEE77A00EB820290ED0C7A92ED80
:10057000000AA7EE870AB4EE400AF1EE10FA40F046
:10058000858103F66473DFED437A009193ED008A71
:1005900020EE270A05F040FD009928EE000A77E1D9
:1005A000002900F0E8810C2800F09F850136C5F88D
:1005B000D86709B0BDEC048BBDE8F08F012B6BD17F
:1005C00004F5A033D3F8246F93F82B0FC6B3B8B358
:1005D00091FBF0FC00FB0CF2914205D0002903DAFC
:1005E0000CF1FF3C00FB0CF28A1AD3F86C0FB25CE2
:1005F000D3F8686F06FB0C223932121A92FBF6F020
:1006000006FB00FC624505D096EA020F02D50138D0
:1006100006FB00FC07EE900AA2EB0C0203F57360E8
:10062000F8EEE77A00EB820290ED0C7A92ED000A88
:10063000A7EE870AB4EE400AF1EE10FA00F05586F4
:100640009FED130AC84407EB880898F90D30002B7A
:1006500040F39E83013B30EE000ADAB25BB2002A1F
:10066000F8D104F5004347F69C40F0EE680AD3F851
:1006700038232044F9F7CAF8D5F8D86796E700BFC1
:1006800054690120301E01206666663F9A99193F21
:100690000000C07F0E745A3A022B40F0178404F514
:1006A000A033D3F824CF93F82B0FBCF1000F00F048
:1006B000C286002800F0BF8691FBF0FE00FB0EF220
:1006C000914205D0002903DA0EF1FF3E00FB0EF245
:1006D0008A1A1CF80220D3F868CF0CFB0E2202F114
:1006E0003900D3F86C2F821A92FBFCF00CFB00FE51
:1006F000724505D09CEA020F02D501380CFB00FEC2
:1007000007EE900AA2EB0E0203F57360F8EEE77AAB
:1007100000EB820290ED0C7A92ED000AA7EE870AB8
:10072000B4EE400AF1EE10FA40F0858603F66473E9
:100730005FED287A009193ED008A20EE270A05F0FC
:100740006BFC009928EE000AC84407EB880898F96A
:100750000D30002B40F38286013B30EE000ADAB206
:100760005BB2002AF8D148F23C3048F2387C204491
:10077000A44486460246D2F8F470134602F5AA72E3
:100780004FB39445F7D1002390F850214AB9002B7C
:1007900001F03680D0F84C71D3F84C21974238BF25
:1007A000034600F5AA708445EED1A3B973460EF551
:1007B000AA7EF4450CD0002BF8D0DEF84C01D3F81B
:1007C0004C21904238BF73460EF5AA7EF445F2D113
:1007D000002B3FF4EBAEF7EE007A04F5004493ED06
:1007E000136A0022D4F84447012077EEE86AC3F880
:1007F0004811C3F84C414FF0000C5C68E6EE667A95
:10080000CF49276883F850013944C3F83821C3F829
:1008100034219A65C3ED4C7A83ED4A0AC3ED4B8AC5
:100820002160C3F88820C3F8B820C3F8B420C3F807
:10083000B020C3F8AC20C3F8E820C3F8EC20C3F81C
:10084000F820C3F8142181EAD1320143C3F8F4003F
:10085000C3F8100101FB02F29FEDBA7AC3F83CC164
:1008600082EAD21142F03D0000FB01214A4082EAB7
:10087000923207EE902AF8EE677A67EE877ABBFE2F
:10088000677A77EEC77AC3ED1C7A8FE69FEDB90AD7
:10089000C84407EB880898F90D30002B61DD013B57
:1008A00030EE000ADAB25BB2002AF8D142F68417C1
:1008B0004AF2106CDFF8B08204EB070EA4447346D2
:1008C00013F80F2C03EB08003B44B2B39C45F7D15F
:1008D00072460020DFF8908242F684178A4612F8AA
:1008E000043C02EB08095BB900F50053002800F056
:1008F000CF85D3F87C3952F8081C994238BF484656
:100900003A449445EBD15146B8B9DFF85C9242F6CF
:10091000841800F500520EEB0903002800F08F85C3
:10092000D2F87C295EF8087C974238BF1846C64446
:10093000F445EED100283FF439AE04F5E04400F56B
:1009400000530122F0EE680AD4F8984CC3F87819E5
:10095000C3F87C4983F88029F8F766FDD5F8D86795
:1009600024E6A3D0F6EE007A013320EE270A5BB22C
:10097000002BF9D19AE7744B2046DFF8F0A10E4620
:100980000093FBF7BDFCDFF8E8B1A2446F4BA9462A
:10099000A344DFED6F8AE318DFED6E9A9FED6E9A48
:1009A0006E4F0393D9F8DC5705EB85034FEA8508B2
:1009B00007EB83035B7A002B40F0E08004F5A03264
:1009C000D2F8240F92F82BCF002800F0D781BCF189
:1009D000000F00F0D38196FBFCF10CFB01F39E426B
:1009E00002D0002EC0F21D85F31AC35CD2F8680F46
:1009F00000FB013303F13901D2F86C3FCB1A93FBB2
:100A0000F0F100FB01FC634503D090EA030F00F115
:100A10000D8507EE901AA3EB0C0302F57361F8EE57
:100A2000E77A01EB830391ED0C7A93ED000AA7EED0
:100A3000870AB4EE400AF1EE10FA40F09F8102F608
:100A40006472DFED477A92ED008A20EE270A05F006
:100A5000E3FA28EE000A454407EB850595F90D30C9
:100A6000002B40F38081013B30EE000ADAB25BB22A
:100A7000002AF8D104F5E04342F6841EDFF8E8804E
:100A8000D3F898CC04EB0E024AF2106311462344CB
:100A900011F80F5C01EB08007144002D38D08B4237
:100AA000F6D111460020DFF8C08042F6841ECDE961
:100AB000016211F8046C01EB08055EB900F50056FF
:100AC000002800F0F584D6F87C6951F8082CB24271
:100AD00038BF284671448B42EBD1DDE90162B8B9D9
:100AE000DFF884E042F68418019400F5005502EB2B
:100AF0000E01002800F0BE84D5F87C5952F8084C4D
:100B0000AC4238BF084642449342EED1019C60B1EA
:100B100000F500530122DFED130AC3F87CC9C3F8C6
:100B2000786983F88029F8F77FFC4AF8046FD34589
:100B300000F02781009B53F8046F009332E700BF59
:100B4000F5792B6D0000802F94690120504C010035
:100B50000000000048E1FA3E0000DC42301E0120A7
:100B60000E745A3A52B81E3F7CD6FFFFDCE70300F2
:100B7000E8E703000000C07FCDCCCC3E012B40F065
:100B8000128104F5A032D2F8240F92F82BCFD0B303
:100B9000BCF1000F37D096FBFCF10CFB01F39E4239
:100BA00004D0002E02DA01390CFB01F3F31AC35C06
:100BB000D2F8680F00FB013303F13901D2F86C3F22
:100BC000CB1A93FBF0F100FB01FC634505D090EAE2
:100BD000030F02D5013900FB01FC07EE901AA3EBCD
:100BE0000C0302F57361F8EEE77A01EB830391EDF4
:100BF0000C7A93ED000AA7EE870AB4EE400AF1EEF4
:100C000010FA00F000841FED250A454407EB850526
:100C100095F90D30002B40F33A81013B30EE000A8C
:100C2000DAB25BB2002AF8D104F5004347F69C4ED5
:100C3000D3F838C3A64448F22C3370467246234496
:100C400092F81912154602F50C7249B39342F7D186
:100C500000259EF82C224AB9002D00F04D85DEF8C3
:100C60002812D5F82822914238BF75460EF50C7E21
:100C70009E45EED1A5B9054600F50C7083420CD017
:100C8000002DF8D0D0F82812D5F82822914238BF8C
:100C9000054600F50C708342F2D1002D3FF445AFBC
:100CA000F3EE047A012395ED008AC5F828C2B4EE6C
:100CB000E70AC5F8246285F82C32F1EE10FA0ADB57
:100CC0005FED537A68EE277AF4EEC07AF1EE10FA0F
:100CD00058BFF0EE407A734BC0220021C5ED847AF4
:100CE000C5F8143240F2011305F59E70A5F81832CC
:100CF00007F01AFC2846F3F7A1FAD5ED050AF5EE40
:100D0000C00AF1EE10FA80F20583DFED670A9FED6D
:100D1000670A05F051FADFED667A00239FED657AE8
:100D200020EE270A9FED646AF6EE007AC5F80432D9
:100D30005C4BE8EE007AC5F81C32FDEEE77A17EE60
:100D4000903A022BB8BF022307EE903AC5F8003262
:100D5000F8EEE77AC7EE276A86EE277AC5ED826A53
:100D600085ED837AE1E63FF485AEF6EE007A013355
:100D700020EE270A5BB2002BF9D17BE69FED4F0AEC
:100D800069E603234D46D9F8D867C9F8EC370DE476
:100D90003FF467ACF6EE007A013320EE270A5BB22F
:100DA000002BF9D15DE4022B00F0A681032B40F06B
:100DB000828304F5A032D2F8240F92F82BCF0028BA
:100DC00000F08084BCF1000F00F07C8496FBFCF105
:100DD0000CFB01F39E4204D0002E02DA01390CFB19
:100DE00001F3F31AC35CD2F8680F00FB013303F17F
:100DF0003901D2F86C3FCB1A93FBF0F100FB01FCF8
:100E0000634505D090EA030F02D5013900FB01FCD0
:100E100007EE901AA3EB0C0302F57361B8EEE77AC4
:100E200001EB8303D1ED0C6AD3ED007AE7EE267A6D
:100E3000F4EE677AF1EE10FA40F0448402F6647240
:100E40009FED200A92ED008A27EE800A05F0E4F873
:100E500028EE000A08EB050307EB830393F90D3036
:100E6000002B40F32084013B30EE000ADAB25BB283
:100E7000002AF8D104F5004348F24870DFED100A6B
:100E80003146D3F8602D2044F8F78CFD4DE63FF451
:100E9000CBAEF6EE007A013320EE270A5BB2002BD0
:100EA000F9D1C1E652B81E3F00000000CDCCCC3DC8
:100EB0006F12833B52B89E3FDB0FC9400000C07FDA
:100EC00052B81E3F0E745A3A0000DC42032B00F069
:100ED0002A82042B40F0FA8304F5A033D3F824CF00
:100EE00093F82B0FBCF1000F00F07B84002800F07A
:100EF000788491FBF0FE00FB0EF2914205D00029B0
:100F000003DA0EF1FF3E00FB0EF28A1A1CF80220F3
:100F1000D3F868CF0CFB0E2202F13900D3F86C2F06
:100F2000821A92FBFCF00CFB00FE724505D09CEA95
:100F3000020F02D501380CFB00FE07EE900AA2EB6F
:100F40000E0203F57360F8EEE77A00EB8202D0ED53
:100F50000C6A92ED007AA7EEA67AB4EE477AF1EE2B
:100F600010FA40F03E8403F664731FED2A0A0091E4
:100F700093ED008A27EE000A05F04EF8009928EE5E
:100F8000000AC84407EB880797F90D30002B40F39F
:100F9000A883013B30EE000ADAB25BB2002AF8D136
:100FA00048F6645249F6602C2244A444134693F850
:100FB00020041F4603F2544350B39C45F7D1964694
:100FC00000279EF850344BB9002F00F0AD85DEF8B5
:100FD0004C04D7F84C34984238BF77460EF2544E42
:100FE000F445EED1A7B9174602F2544294450CD00D
:100FF000002FF8D0D2F84C04D7F84C34984238BFC0
:10100000174602F254429445F2D1002F3FF4CEAA83
:101010005FED537A04F51044012297ED007AB4EEA7
:10102000E70AD4F86C3AC7F8481487F85024F1EE70
:1010300010FAC7F84C34C0F2ED84F2EE086AC7EE3D
:10104000267AF4EEC07AF1EE10FA40F1628537EEBE
:10105000A78AF5EEC08A07F58363C3ED007AF1EE47
:1010600010FAC0F2C884F7EE007AF4EE678AF1EE67
:1010700010FA77FEA88A07F21C43FA69C3ED008ACA
:1010800032B192000021B86907F04EFA97ED007A6C
:10109000C7EE087A0023002107F2144207F58260A8
:1010A000D5F8D867796213600122F7EE086AC7F8AD
:1010B000FC33B7EE007AC7F8F82377EEE67AF4EE61
:1010C000477AF1EE10FA48BFF0EE477AC0ED007AA9
:1010D000C7F8381407F23C410B6007F22443D949A2
:1010E00087F820241960FFF761BA2046FBF708F95A
:1010F000D5F8D867FFF75ABA04F5A032D2F8240F12
:1011000092F82BCF002800F0C681BCF1000F00F050
:10111000C28196FBFCF10CFB01F39E4204D0002E31
:1011200002DA01390CFB01F3F31AC35CD2F8680F41
:1011300000FB013303F13901D2F86C3FCB1A93FB6A
:10114000F0F100FB01FC634505D090EA030F02D5E6
:10115000013900FB01FC07EE901AA3EB0C0302F52A
:101160007361B8EEE77A01EB8303D1ED0C6AD3ED3E
:10117000007AE7EE267AF4EE677AF1EE10FA40F0A4
:101180008A8102F664729FEDB40A92ED008A27EE1E
:10119000800A04F041FF28EE000A454407EB85056C
:1011A00095F90D30002B40F36881013B30EE000AC9
:1011B000DAB25BB2002AF8D148F23C3E04F50043B3
:1011C00048F23870A644D3F844C7204475467246A6
:1011D000D2F8F410134602F5AA7249B39042F7D13F
:1011E00000239EF850214AB9002B00F00F83DEF84F
:1011F0004C11D3F84C21914238BF73460EF5AA7EAC
:101200008645EED1A3B92B4605F5AA75A8420CD0A8
:10121000002BF8D0D5F84C11D3F84C21914238BFAF
:101220002B4605F5AA75A842F2D1002B3FF47DAC00
:101230005868F7EE007A93ED136A01220168DFED3A
:10124000826A01F1DA41814DE6EE667A83F8502137
:1012500001F52D11C3F84CC1C3F8486101F5675180
:1012600083ED4A0AC3ED4E8A3531C3ED4D8AC3ED95
:101270004C7AC3ED168AC3F82C510160C3F8F420F0
:10128000C3F8102181EAD13241F001019FED707A5B
:10129000C3ED228A01FB02F20021C3ED2E8A42F047
:1012A0003D00C3F83C1182EAD211C3ED2D8AC3ED93
:1012B0002C8A00FB0121C3ED2B8A4A40C3ED3A8AF8
:1012C000C3ED3B8A82EA9232C3ED3E8AC3ED458A82
:1012D00007EE902AF8EE677A67EE877ABBFE677AA8
:1012E00077EEC77AC3ED1C7A1FE403F66473DFED73
:1012F0005A7A009193ED008A20EE270A04F08CFEC2
:10130000009928EE000AFFF79DB901380CFB00FE9A
:10131000FFF721B9F7EE007AF4EE670AF1EE10FA62
:1013200077FEA00AF3E404F5A033D3F8246F93F812
:101330002B0F002E00F0C381002800F0C08191FB2C
:10134000F0FC00FB0CF2914205D0002903DA0CF10D
:10135000FF3C00FB0CF28A1AD3F86C0FB25CD3F896
:10136000686F06FB0C223932121A92FBF6F006FB6C
:1013700000FC624505D096EA020F02D5013806FB53
:1013800000FC07EE900AA2EB0C0203F57360B8EEC6
:10139000E77A00EB8202D0ED0C6AD2ED007AE7EE3C
:1013A000267AF4EE677AF1EE10FA40F0888103F6BF
:1013B00064739FED290A009193ED008A27EE800A5D
:1013C00004F02AFE009928EE000A08EB090307EB57
:1013D000830393F90D30002B60DD013B30EE000AF2
:1013E000DAB25BB2002AF8D104F5004348F2487043
:1013F000F0EE680AD3F8602D2044F8F7D3FAD5F858
:10140000D867FFF7D3B802F66472DFED137A92ED76
:10141000008A20EE270A04F0FFFD28EE000AFFF7FD
:10142000F4BB01390CFB01F3FFF7DEBA013900FB15
:1014300001FCFFF7EEBA9FED070AFFF785B91846E2
:10144000FFF775BA0AD7233C5C8FC23E52B81E3FE5
:101450000000802F0000C07F0E745A3A3FF483A929
:10146000F6EE007A013320EE270A5BB2002BF9D1A9
:10147000FFF779B90846FFF746BB3FF49DAEF6EE9D
:10148000007A013320EE270A5BB2002BF9D193E6F4
:101490004846FFF735BA1FED110A7EE6A4D0F6EEF6
:1014A000007A013320EE270A5BB2002BF9D19BE7CB
:1014B0002846FFF70FBB042B40F0218104F5A03232
:1014C000D2F8240F92F82BCF002800F09C81BCF1B9
:1014D000000F00F0988196FBFCF10CFB01F39E429B
:1014E00004D0002E02DA01390CFB01F3F31AC35CBD
:1014F000D2F8680F00FB013303F13901D2F86C3FD9
:10150000CB1A93FBF0F100FB01FC634505D090EA98
:10151000030F02D5013900FB01FC07EE901AA3EB83
:101520000C0302F57361F8EEE77A01EB8303D1ED6A
:101530000C6A93ED007AA7EEA67AB4EE477AF1EE44
:1015400010FA40F0608102F664721FED3D0A92EDE0
:10155000008A27EE000A04F05FFD28EE000A08EB7F
:10156000050307EB830393F90D30002B40F33D8116
:10157000013B30EE000ADAB25BB2002AF8D104F582
:10158000104348F6645ED3F86CCAA64449F660235B
:1015900070467246234492F82014154602F25442D3
:1015A00049B39342F7D100259EF850244AB9002D43
:1015B00000F0D382DEF84C14D5F84C24914238BFA9
:1015C00075460EF2544E9E45EED1A5B9054600F281
:1015D000544083420CD0002DF8D0D0F84C14D5F8EC
:1015E0004C24914238BF054600F254408342F2D168
:1015F000002D3FF49AAAB4EEC90A012395ED007AB2
:10160000C5F84CC4F1EE10FAC5F8486485F85034BA
:10161000C0F20782F2EE086AC7EE267AF4EEC07ACC
:10162000F1EE10FA40F17B8237EEA78A05F583636D
:10163000774AC3ED007A05F21C431A60EA6932B1B9
:1016400092000021A86906F06FFF95ED007AC7EEC1
:10165000087A002205F2144101236A62C1ED008A72
:1016600005F58261C5F8F833F7EE086AC5EDFF8A23
:10167000B7EE007A77EEE67AF4EE477AF1EE10FAFA
:1016800048BFF0EE477AC1ED007AC5F8382405F27C
:101690003C4205F22445C2ED008A05F8043C5D4B4E
:1016A0002B60FFF742BA3FF4E5ABF6EE007A013368
:1016B00020EE270A5BB2002BF9D1FFF7DBBB9FEDD1
:1016C000560A82E69FED540AFFF7C4BB49F6702024
:1016D00005AA591F2044FCF7C3FCD5F8D867FEF7CC
:1016E00065BF3FF45DACF6EE007A013320EE270AC9
:1016F0005BB2002BF9D153E47546FFF7B7BA052B5F
:1017000040F0908004F5A032D2F824CF92F82B3F1D
:10171000BCF1000F00F08281002B00F07F8196FB6E
:10172000F3F103FB01F0864204D0002E02DA013906
:1017300003FB01F0301A1CF80030D2F8680F00FBF0
:10174000013303F13901D2F86C3FCB1A93FBF0F16E
:1017500000FB01FC634505D090EA030F02D5013977
:1017600000FB01FC07EE901AA3EB0C0302F573617A
:10177000F8EEE77A01EB8303D1ED0C6A93ED007A82
:10178000A7EEA67AB4EE477AF1EE10FA40F0468161
:1017900002F664729FED220A92ED008A27EE000A9B
:1017A00004F03AFC28EE000A08EB050307EB83037C
:1017B00093F90D30002B40F32281013B30EE000AFB
:1017C000DAB25BB2002AF8D104F5204349F6702062
:1017D000DFED120A3146DA692044F8F7A7FBFFF77C
:1017E000A4B99FED0D0AFFF7CCBB3FF4C8AEF6EEEF
:1017F000007A013320EE270A5BB2002BF9D1BEE656
:101800000346FEF7CEBF9FED040AA8E67346F5E453
:1018100052B81E3F0AD7233C0000C07F52B81E3F7B
:101820000E745A3A062B40F0018104F5A032D2F82A
:10183000240F92F82BCF002800F07981BCF1000F23
:1018400000F0758196FBFCF10CFB01F39E4204D085
:10185000002E02DA01390CFB01F3F31AC35CD2F853
:10186000680F00FB013303F13901D2F86C3FCB1A4A
:1018700093FBF0F100FB01FC634505D090EA030FF8
:1018800002D5013900FB01FC07EE901AA3EB0C0313
:1018900002F57361F8EEE77A01EB8303D1ED0C6A90
:1018A00093ED007AA7EEA67AB4EE477AF1EE10FA3D
:1018B00040F03D8102F664721FED270A92ED008A26
:1018C00027EE000A04F0A8FB28EE000A08EB050347
:1018D00007EB830393F90D30002B40F30F81013B9D
:1018E00030EE000ADAB25BB2002AF8D14AF22000E8
:1018F00004F530434BF238252044D3F844C2254444
:10190000024692F8F915134602F5C16251B39542A9
:10191000F7D1864600239EF804264AB9002B00F032
:101920003D81DEF80016D3F80026914238BF734699
:101930000EF5C16E7545EED1A3B9034600F5C16041
:1019400085420CD0002BF8D0D0F80016D3F8002632
:10195000914238BF034600F5C1608542F2D1002BA9
:101960003FF4E3A893ED077A01229949C0EE077A84
:1019700083F8042603F2F452C3F800C6C3F8FC65EA
:10198000116040F20112A3F8F825F5EEC07AF1EEED
:1019900010FA00F1E480F4EEE97AF1EE10FA00F3C7
:1019A000E380F5EEC07AC3ED097AF1EE10FA40F368
:1019B0000C81F7EE006A86EEA77A03F2845283ED7B
:1019C0000A7AC3ED088AC2ED0B8AC2ED0C8A03F2D3
:1019D000D452C2ED008A03F5BB62C2ED008A002238
:1019E000C3F8EC2503F5B762C2ED028A0122C3F801
:1019F000BC25FFF79AB8DFED778AFFF73CBB3FF4D1
:101A0000E3AEF6EE007A013320EE270A5BB2002B3C
:101A1000F9D1D9E69FED708AFFF71BBB9FED6F0AE6
:101A2000C2E6F0EE497A9FED6C8AFFE5072B40F0A5
:101A3000818031462046F5F7F5FE04F59833684A73
:101A400042F6FC31D3F848362244664D01934DF6F8
:101A50002133234493F800C058190B44BCF1000F04
:101A60003CD09A42F6D14DF644635F4D0020DFF83A
:101A700088812344254442F6FC3E1946029311F81E
:101A8000042C01EB080C5AB900F50052002800F0B4
:101A90008980D2F8F42B51F8083C934238BF604655
:101AA00071448D42EBD1029BC0B9DFF84CC142F6C4
:101AB000FC38A64600F5005103EB0C0200286FD05D
:101AC000D1F8F41B53F8084C8C4238BF10464344FD
:101AD0009D42EFD1744600283FF427A800F500533B
:101AE000019ADFED420AC3F8F42B0122C3F8F06B30
:101AF00083F8F82BFCF7E6F8FFF717B83FF4F6AEDB
:101B0000F6EE007A013320EE270A5BB2002BF9D102
:101B1000ECE630EE008AF0EE407AFFF79ABA30EE4B
:101B2000008AF0EE407A81E57746FFF757BA9FEDDD
:101B30002B0ACBE6082B1CD131462046F5F772FE66
:101B400004F598332A483146DFED280AD3F8342FBC
:101B50002044F9F7CDFEFEF7E8BF754631E5B0EE5B
:101B6000687AC3ED098A28E7F0EE697AC3ED099A2D
:101B70001FE7093B18D0012B7EF4D7AF3146204632
:101B8000F5F750FE04F5A033DFED180A3146D3F81F
:101B9000142F0398FEF7D8FBFEF7C7BF7346C7E6BE
:101BA000104694E760467BE731462046F5F73AFE5B
:101BB00004F5A0330F483146DFED0C0AD3F84C2C66
:101BC0002044FEF75FFBFEF7B0BFB0EE687AF4E6A4
:101BD00052B81E3F0000000000005C430000C07FC0
:101BE000155F010027D7FFFF3862010052B81E3F82
:101BF0004C360100383F010004D4FFFF2DE9F04FBF
:101C00002DED108B9BB0CDE90F12349908938B42C8
:101C1000059080F2848600F5783203468149D2F837
:101C2000D4570B449FED868A002D0E92169340F3F5
:101C3000AE80349B089A9B1A802BA8BF8023AB42AE
:101C4000A8BF2B46002B9A460DDD059C9A007648CE
:101C500000210292204406F067FC7448029A002199
:101C6000204406F061FC0E9BD3F8DC27059B0C9208
:101C7000CDE9183A02EB820392000D926C4A02EB16
:101C800083035B7A0293002B40F08A80059B42F627
:101C90008412654C47F68C4BB7EE003ADFED651ABF
:101CA0001C44F0EE043A1A449B441E4604EB8A0896
:101CB00012F80F3C002B40F09E8042F684131E4425
:101CC0001A44B345F4D1059B03F5E042D2F8983CA1
:101CD0005344C2F8983CDDE90C231344544A02EB08
:101CE0008303DB7A012B00F07383022B00F03C822C
:101CF000042B0BD1059B4D4A4B494F481A441944BC
:101D0000CDF800A018440023F4F762FEBAF1000FEA
:101D100025DD454C059B1C44DDE90C231344444A56
:101D200002EB83030F9A93ED047A089B02EB830185
:101D3000109A02EB83020023F4EC016A0133D1ED27
:101D4000007A9A45E7EE267AE1EC017AD2ED007A44
:101D5000D4ED7F6AE7EE267AE2EC017AECDC089BB0
:101D600016980AEB0304DDE90F120094F7F7EEF979
:101D70000E9AD2F8D437A3EB0A05349B9C42C2F8E2
:101D8000D45780F2CC85002D08943FF752AF0598C8
:101D9000FEF76EFB0E9BD3F8D057C3F8D45748E735
:101DA000029B012B40F01081059B48F22C321E4C07
:101DB00047F69C45B0EE009A9FED1EBA1C441D44A8
:101DC0001344DFED1E8A04EB8A0203940293144647
:101DD00095F81932002B40F0018105F50C75029B36
:101DE000AB42F5D1059B03F50042D2F8383353449A
:101DF000C2F838336FE7BAF1000F96ED064A40F3A8
:101E0000D280059BB0EE002A084FF6EE004AF7EEAE
:101E1000082AF06952F838EC2546D6F820C0DF19B8
:101E2000B16AA0E084D00300CCE30300CCE503005A
:101E3000301E012017B7D1384C7F01000000802FE1
:101E40000000000096ED097AF8EE476AF4EEE67AB3
:101E5000F1EE10FA00F39E80BDEEE77AF8EEC76A65
:101E600017EE109A77EEE66A4B1EA3EB090313F107
:101E7000010948BFE144002B00EB8909D9ED007A44
:101E80007EDB00EB830999ED005A03F1FF39002B4B
:101E90007ED0B0EE677A023B00EB890912ED099A19
:101EA00048BF634412ED0B0AA5EE637A99ED001A60
:101EB00000EB830335EE416AD3ED000A71EE678AC9
:101EC00052F8343C70EEE75A52ED0A7AA1EE027AEB
:101ED000734526EE226A12ED081A67EE897AA5EE9E
:101EE000A46AA0EEE47AA6EE267A27EE267AA8EE79
:101EF000A47AA7EE265AE0EE057A42ED097A67EE5B
:101F0000817A0ADA03F27A39013306EB890942F859
:101F1000343C99ED017A77EE877A00EB8103013149
:101F2000B0EEE77A614508BF0021C3ED007AB162E7
:101F3000D5ED006AE4EE276AE5EC016AD7ED006AA8
:101F4000E4EE276AE7EC016A52ED067AB4EEE77A2E
:101F5000F1EE10FA03DC12ED057A27EE877AA84538
:101F600002ED067A21D052ED0C7AF4EEC37AF1EE4E
:101F700010FABFF667AFF0EE486A4FF0010973E759
:101F80000CEB030900EB890999ED005A03F1FF39C5
:101F9000E1447EE7FDEEE67A17EE909AF8EEE77AF6
:101FA00076EEE76A60E712ED067AB4EEE17AF1EEDA
:101FB00010FA7FF582AE52E90E319942FFF67DAEFE
:101FC000029B02F80F3C78E6029B48F23C3018AACC
:101FD000991E059B1844FDF799FE7CE6BAF1000FA7
:101FE000D5ED06BAD5F8FC9140F39E8405F11C0BA3
:101FF000FFEE00AAB5EE00AAD5F80082B7EE00CA3F
:10200000039FF6EE009A0BEB8906CDF810A0D5F8E9
:1020100004A2C24554DBB9F1000FF0EE484A40F388
:1020200094801FED797A5B46F3EC015AD3ED5F7A29
:102030009E4293ED175AD3ED476A67EEC57A93ED4A
:102040002F6AC3ED5F6AE5EEA67AE6EE247A37EEF4
:10205000277AC3ED477AE7D1B5EEC07AD7ED006AAB
:10206000D7ED807AEBEE876AEBEE877AF1EE10FA25
:1020700048BFB1EE477AC7ED006AC7ED807AD5ED6B
:10208000877AF4EEC77AF1EE10FA03D495ED887AE8
:1020900027EE877A043785ED877ABC42B7D1DDF821
:1020A00010A0B4EECB7AF1EE10FA7FF596AED5E93A
:1020B00080319942FFF691AE002385F819328CE603
:1020C00007EE90AAB8EEE70AD5ED837A20EE270A4C
:1020D00004F006FB69680AF1010295ED827A0B684B
:1020E000F0EE6A6A7CEE404AB9F1000F03F1DA4380
:1020F00003F52D1364EEA94A03F5675303F1350385
:102100000B60C5F8042283EAD33243F0010302FBDB
:1021100003F383EAD31243F03D0101FB023283EA69
:10212000020383EA933307EE903AF8EE677A67EE9C
:10213000A87AE7EE896AF0EE4C7AE6EE8A7A64EEE7
:10214000A74A64EE874A3FF76CAFD7ED006AD7ED38
:10215000807AEBEE886A1FEDC67AEBEE887AC7EDDF
:10216000006AC7ED807A8AE7059BB6EE00BABAF13D
:10217000000F03F5B83505F6047393ED01AA2AEEB6
:102180000BAA7FF7ECAD059B05F614728D4CB7EEEC
:10219000009AD5F8209FF0EE00AA1C44D5F83C7FA9
:1021A000D5F8243F04EB8A0B2646CDF80CA0049406
:1021B000DA464C46DFED849AB946DFED848AD5F8DD
:1021C000408F9B461746D5F81C3F07EE903AB8EE75
:1021D000670A20EE290ABBF1040F00F2B283DFE8A0
:1021E0000BF0C1D5CCE60300D7ED017A79EE677A22
:1021F00067EE8A7A1B19C5F81C3F26D3D5F8280F3D
:1022000018B30368FFEE006A03F1DA4303F52D13F8
:1022100003F567533533036083EAD33043F001039A
:1022200000FB03F383EAD31043F03D0C0CFB0030BA
:10223000434083EA933307EE103AB8EE477A27EE2D
:10224000297AE7EE2A6AC7ED016A79EE677A96ED98
:10225000007AD5F8383F67EE877AE6EC017A07EE28
:10226000903AB8EE670A20EE290AB8F1040F00F29E
:102270006583DFE808F06C5B5248030005F5736086
:10228000D0ED017A79EE677A67EE8A7A13EB09036B
:10229000C5F8383F29D3D5F8440F30B30368FFEEB3
:1022A000006A03F1DA4303F52D1303F56753353361
:1022B000036083EAD33043F0010300FB03F305F529
:1022C000736083EAD31C43F03D0E0EFB0C3C83EAA3
:1022D0000C0383EA933307EE103AB8EE477A27EE01
:1022E000297AE7EE2A6AC0ED016A79EE677A96EDFF
:1022F0007F7AB24567EE277AC6ED7F7A7FF463AFC7
:10230000DDE903A408E5B4EECB0AF1EE10FA4CBF08
:102310006AEE087A7AEE0A7AB8E7FFEE007AE0EE23
:102320002A7A79EE677A67EE8A7AAFE7B4EECB0A5B
:10233000B1EE007AF1EE10FA40F1DF82FFEE007AA2
:10234000E0EE077A79EE677A67EE8A7A9EE720EE0A
:10235000280A029304F0C0F879EE407A029B67EEF7
:102360008A7A93E720EE280A029304F0B5F879EE12
:10237000407A029B67EE8A7A3CE7FFEE007AE0EE55
:102380002A7A79EE677A67EE8A7A33E7B4EECB0A77
:10239000B1EE007AF1EE10FA40F1B882FFEE007A69
:1023A000E0EE077A79EE677A67EE8A7A22E7B4EE92
:1023B000CB0AF1EE10FA4CBF6AEE087A7AEE0A7A8E
:1023C00018E700BFCCE303000000802FDB0FC940FB
:1023D000059AB7EE00EAB0EE087ABAF1000F02F5FE
:1023E000A03000F57763D3ED027A93ED03FAC7EEE0
:1023F00087EA3EEE67EA7FF7B2AC8E4902F5B03964
:10240000DFF8488203F500535118D9F8EC469044A0
:10241000F6EE008A1391B0EE00AA8749D9F8E0568B
:1024200051180693049403F68C73129108EB8A04F6
:102430008249CDF85CA0CA460A44DFED81AAD0F8F3
:10244000806F0792D9F8E426D0F884BFD0F88C1FAB
:10245000914611940993F8EC01DA099BF0EE6D7A3C
:1024600098ED7FDA93ED007A06EB8103EFEE077AC1
:10247000C3ED007A4B1C5B4500F0248202911946A3
:10248000069BF0EE4D7AC0F88C1F03F57963049A31
:1024900093ED007A05EB8203EFEE077AC3ED007A45
:1024A000531C4B4500F00882049ACDE90323049B9A
:1024B000B7EE00CA9FED639AF0EE04BACAF8EC36A4
:1024C000B7EE08BA069BF0EE499ADFED5FFA03F625
:1024D0008873CDE90A18D3ED00CA8046DDE91247BA
:1024E0006168E36807EE901AF7EC016AB8EE670AD4
:1024F00060EE2A7A042B00F21E82DFE813F0A401BA
:1025000096018F018701050094ED000A2CEE800AE8
:10251000A368C918616025D3216919B30B68BFEEA0
:10252000007A03F1DA4303F52D1303F567533533CE
:102530000B6083EAD33143F0010301FB03F383EA29
:10254000D31143F03D0C0CFB01314B4083EA933334
:1025500007EE903AF8EE677A67EEAA7AA7EE8A7AE3
:1025600084ED007A36EE800AB4EECC0AF1EE10FA71
:10257000C0F28C81D8F8883F07EE903AB8EE677ABF
:10258000B4EEC70AF1EE10FA00F38D81FDEEC07AC9
:10259000B8EEE77A17EE903A30EE477A029AD31AFD
:1025A000591C48BF5944002B06EB810191ED005A9C
:1025B000C0F2638106EB830191ED006A591E002B86
:1025C00000F06281F0EE457A023B06EB810148BFE4
:1025D0005B44E6EE6B7AD1ED004A06EB8303A16D16
:1025E00076EE645AD3ED003A34EEC54A236E33EEEC
:1025F000C55AE4EE8A7A65EE8B5AE5EE285AE3EE88
:10260000E87AE5EE877A67EE877AE4EE287AA7EE35
:10261000876A07EE901AB8EE670A20EE2A7A79EEFA
:10262000869A042B00F28481DFE803F0E3D3CCC365
:10263000120000BFE87E0100447E0100F47E01002C
:102640000000802F00000000DB0FC940CCE3030036
:1026500094ED150A2CEE800AE36DC918A16525D307
:10266000616E19B30B68BFEE007A03F1DA4303F52C
:102670002D1303F5675335330B6083EAD33143F0F1
:10268000010301FB03F383EAD31143F03D0C0CFB80
:1026900001314B4083EA933307EE903AF8EE677AC4
:1026A00067EEAA7AA7EE8A7A84ED157A76EE806ACA
:1026B000F4EECC6AF1EE10FAC0F2D280DAF8E83625
:1026C00007EE903AB8EE677AF4EEC76AF1EE10FAC8
:1026D00000F3E080FDEEE67AB8EEE77A17EE903A86
:1026E00036EEC77A039AD31A591C48BF4944002BC7
:1026F00005EB8101D1ED005AC0F2B68005EB8301F4
:10270000D1ED006A591E002B00F0B580F0EE657A1D
:10271000023B05EB810104F11C0448BF4B44E6EE8B
:10272000EB7A91ED005A05EB830336EEC56AD3EDE3
:10273000004A35EE654A079B74EEE55AE5EE0A7AE3
:10274000BB4226EE0B6AA5EEA86AE4EEE87AE6EE56
:10275000077A67EE877AE4EE287AE7EE876A39EE41
:10276000269A7FF4BDAEF0EE086A099B2EEEA97A98
:1027700040466EEE897ADDF82C80C9EEA65A0A9999
:1027800089EE266AAEEE2D7AEEEE0D7AC3ED005A92
:10279000069B03F5796383ED006A119B08ED017ACE
:1027A0004345C8ED7F7A7FF456AEDDF85CA0FFF7B5
:1027B000ADBAB4EEE87AF1EE10FA00F19B80B1EE1A
:1027C0006C0A49E7BFEE000AA7EE0A0A2CEE800A5F
:1027D00042E7B4EEE87AB1EE006AF1EE10FA76D58F
:1027E000BFEE000AF0EE407AE7EE067A2CEEA70A7A
:1027F00032E727EE2F0A1591CDED146A03F06CFE37
:10280000DDED146A2CEE800A159925E7F4EEE87ADE
:10281000F1EE10FA64D4B1EE6C0A79E6BFEE000A6C
:10282000A7EE8A0A2CEE800A72E6F4EEE87AB1EEA0
:10283000007AF1EE10FA56D5BFEE000AA7EE870A2D
:102840002CEE800A64E627EEAF0A1591CDED146AEE
:1028500003F042FEDDED146A2CEE800A159957E66E
:10286000B0EE487A01233DE709EB030105EB810156
:10287000D1ED006A591E494448E70BEB030106EB12
:10288000810191ED006A591E59449BE6B0EE487AE9
:10289000012383E6FDEEC77A17EE903AF8EEE77A69
:1028A00037EE677A1EE7FDEEC77A17EE903AF8EE3C
:1028B000E77A37EE677A71E64FF0FF320023CDE911
:1028C0000323F4E54FF0FF3300210293D8E5B0EE87
:1028D000080AF0EE407AE7EE467A2CEEA70ABBE64D
:1028E000B0EE6C0A14E6B0EE080AA7EEC70A2CEEAA
:1028F000800A0DE6B0EE6C0AAEE6F0EE087AE0EE85
:10290000477A79EE677A67EE8A7ABFE4F0EE087A62
:10291000E0EE477A79EE677A67EE8A7A6AE41BB06E
:10292000BDEC108BBDE8F08F95ED877AFFF7B9BB52
:102930002CEE880A90E62CEE880AE9E5F0EE4A7A59
:10294000A4E4F0EE4A7A55E4F0B583B0054600F011
:102950009DFD002800F08380044600F097FD0646A8
:1029600000287ED04FF4007200213F4805F0DCFDC6
:102970004FF4007200213D4805F0D6FD80223A490F
:1029800000230092394AA869FFF738F9364ABFEEAA
:10299000007AB01CF7EE006A9FED356A04F1020C74
:1029A000324902F5007E334F29E0F4EEE67AF1EE8B
:1029B00010FA4DDC67EE867AFDEEE77A17EE903A74
:1029C0001BB2F1EC017A2CF8023FF4EE677AF1EEDB
:1029D00010FA40D6F4EEC77AF1EE10FA1DDBF4EEF1
:1029E000E67AF1EE10FA30DC67EE867AFDEEE77AF1
:1029F00017EE903A1BB2964520F8023F12D0F2EC47
:102A0000017AF4EE677AF1EE10FA26D6F4EEC77A80
:102A1000F1EE10FAC9DA3B46D3E73B46964520F87B
:102A2000023FECD100222146284600F0ADFD0122F4
:102A30003146284600F0A8FD204600F07DFD3046D6
:102A400003B0BDE8F04000F077BD47F6FF73D2E772
:102A500047F6FF73B5E70023CDE70023B1E703B0E6
:102A6000F0BD2046ECE700BF4C7305204C750520F7
:102A700000FEFF460180FFFF10B52E4882B0F5F73B
:102A8000C7FB2D492D4A00232D480C681361138183
:102A90001060D360002C4AD0234619465B69002B96
:102AA000FBD14A6127480021274B10602148516122
:102AB000906102205160917203F118021972D9607D
:102AC0009961D96158721A6122466469002CFBD160
:102AD0001E4953615C605C619C7219601A4800F089
:102AE0009BFB1B4B1B490A221B4819601A7200F002
:102AF0007BFD154B224611490094174800F0E8FD74
:102B0000164A1749144802F079FF164800F06CFD88
:102B100001220A4900920C4B124800F0D9FD0F4ADD
:102B20000F49104802B0BDE8104002F067BF1446DC
:102B30000A60B7E7648A012090720520488A012064
:102B4000A8690120286A0120288A0120B46901208F
:102B500058720520E869012064720520747C012008
:102B60009D170100787205200020704700207047F3
:102B7000F8B50127027A1E4C0D46BA40C1F3072171
:102B80000646204684F8A52084F8307184F82F7119
:102B900002F05EFFE9B2204602F05AFF0021204613
:102BA00003F02EF808B10020F8BD3B460222317A2E
:102BB000204603F0A5F80128F5D994F8A22094F84E
:102BC000A300824210D2531CA118DBB2897E984226
:102BD0004FEA012184F8A23006D923440232987EBC
:102BE00084F8A2200843F8BD4FF0FF30F8BD00BFC5
:102BF000A8780120F8B50127037A144C242903FA98
:102C000007F30D4608BFC2801646C1F307212046D0
:102C100084F8A53084F8307184F82F7102F018FF21
:102C2000E9B2204602F014FFC6F30721204602F065
:102C30000FFF2046F1B202F00BFF3946204602F0AA
:102C4000DFFFB0FA80F04009F8BD00BFA87801208E
:102C50002DE9F0414FF001080F461546302144F2AE
:102C6000600280F804800446FFF7C4FF064610B9EE
:102C70003046BDE8F0816C2226212046FFF7BAFFDE
:102C80004FF4F97228212046FFF7B4FF40F6227274
:102C90002C212046FFF7AEFF44F246423C2120465D
:102CA000FFF7A8FF40F2371224212046FFF7A2FFCA
:102CB000002F6BD0454B342120469F428CBF4246AB
:102CC0000022FFF797FF07EE905A9FED417A3221DD
:102CD000B8EE676A07EE907A2046F8EE676AB5FBB1
:102CE000F7F2C6EE267A02F01F0206EE902AF8EE00
:102CF000E66A77EEE67A67EE877AFCEEE77A17EE19
:102D0000903AC3F30A0343EAC222FFF773FF44F287
:102D1000FF5230212046FFF76DFF7322022120462B
:102D2000FFF768FF4FF4C87001F064F941F61D52D7
:102D30002E212046FFF75EFF072204212046FFF7E1
:102D400059FFB02206212046FFF754FF10220A2126
:102D50002046FFF74FFF00220E212046FFF74AFFD3
:102D600043F63C4210212046FFF744FF47F67F72AE
:102D700022212046FFF73EFF362224212046FFF77E
:102D800039FF012330466372BDE8F08144F2FF024F
:102D900030212046FFF72EFF732202212046FFF745
:102DA00029FF4FF4C87001F025F941F61D522E217C
:102DB0002046FFF71FFF042220461146FFF71AFFA7
:102DC000302206212046FFF715FFBFE740660301CA
:102DD0000000004510B50446084805F05DFE0520DA
:102DE00001F008F906212046FFF7C2FE2046044AFA
:102DF0000021BDE81040FFF72BBF00BFA8780120DD
:102E00000040C40A10B50446D1B1012901D0002008
:102E100010BD40F273122A21FFF7ECFE0028F6D015
:102E2000882220212046FFF7E5FE0028EFD0E28827
:102E30002046242122F00402BDE81040FFF7DABE4C
:102E400055222021FFF7D6FE0028E0D0E288204658
:102E5000242142F00402BDE81040FFF7CBBE00BFC2
:102E600038B5054611B380290CD8C1F180042B79FF
:102E700044EA042453B9224628462221BDE83840BA
:102E8000FFF7B8BE2B790024002BF4D0EA8800238A
:102E90002421284622F010022B71FFF7ABFE2246B8
:102EA00028462221BDE83840FFF7A4BE012347F69B
:102EB0007F7222210371FFF79DFEEA8828462421B4
:102EC00042F01002BDE83840FFF794BE9FED1F7A34
:102ED000DFED1F7AE0EE077A38B50546FCEEE77ABB
:102EE00017EE904A14B3802C0CD8C4F180042B79CF
:102EF00044EA042453B9224628462221BDE838403A
:102F0000FFF778BE2B790024002BF4D0EA88002349
:102F10002421284622F010022B71FFF76BFE224677
:102F200028462221BDE83840FFF764BE012347F65A
:102F30007F7222210371FFF75DFEEA882846242173
:102F400042F01002BDE83840FFF754BE00000143D4
:102F5000EE7CFF3E2DE9F84F454B464C1868197939
:102F600004F580750368444AAB42D1770BD2434BDA
:102F70001B78002B4BD04FF0E02340222C4605F568
:102F80008075C3F808223E4BDFF804A1D3F8008017
:102F9000DFF800913B4BBAF80060D3F800B0B9F805
:102FA0000070B8F1000F4FD0BBF1000F21D1B8F184
:102FB000000F49D008F10401204601EB46014036DC
:102FC00000F0C3F9BFF34F8F4FF0E022C2F8704F0B
:102FD0002034AC42FAD3BFF34F8FBFF36F8F7F2EF5
:102FE00026D8AAF800607F2F15D8A9F80070BDE890
:102FF000F88F0BF1040208F10401204602EB4702AE
:10300000403701EB4601403600F080F9DAE72C4604
:1030100005F58075B7E700245846A9F8004000F090
:103020008BFA194B1A681C60164B1A60BDE8F88FB2
:1030300000244046AAF8004000F07EFA134A104BE4
:10304000116814601960CEE7BBF1000F08D00BF1D6
:103050000401204601EB4701403700F096F9B1E743
:103060004FF480725946204605F05EFAAAE700BF89
:10307000187305206014202000800E402D7B052051
:103080000873052010730520147305200C730520A8
:103090001A7B05201C7B052038B50021044600F072
:1030A00097FA88B172B61C4A1368002B2BD01B49C3
:1030B0000D68002D2CD0156008600021184A118081
:1030C00062B6184600F038FA0121204600F080FA76
:1030D00098B172B6134A136883B113490C6854B19E
:1030E00014600024114A0860148062B61846BDE8D6
:1030F000384000F021BA086062B638BD0B49106054
:103100000B8062B638BD064910600B8062B6DBE703
:10311000086062B6D8E700BF087305200C7305206D
:103120001A7B052010730520147305201C7B0520D5
:1031300010B5044600F0C6FB204610BDF8B52D4C76
:1031400005462D4AE36F43F44023E3679368002B61
:1031500046DBD2F88830002B42DB002342F21072AB
:103160004FF40C611C2005F093FCE369234A23F41F
:103170004063234943F40063E361A36A1A40214B8F
:1031800042F0CE02A2624A68134043F400234B602F
:103190002DB91D4B0322C3F82021C3F824211A4E58
:1031A0000327154B0124C6F8287100254FF4803001
:1031B0001649174A174E1D66DC601E6158619961F9
:1031C000DA61C3F8E050C3F88C4004F1E064C3F85E
:1031D0009040C3F89400C3F89810C3F89C20F8BD41
:1031E000002DFCD1084B0322C3F82021C3F8242171
:1031F000F8BD00BF00C00F400040384000FEFFFF98
:1032000000C00A40F8FFF7FF00801F401B1F0100AD
:10321000001F1F1F0100004770B5264D002401212B
:10322000254E284600F0EAFA244A254B2046146031
:103230001C60FFF783FF234B0321234A0220C3F8BE
:1032400080112B6821491A604FF480729C61DA82E8
:10325000DA8306229C829A831D4ADE601A61C3E9E2
:10326000011029791B480FFA81FC1B4B40F82C40B8
:1032700040F82C30194B1A48D976D2F86630194CE0
:1032800043F01043C2F8663042F81A0C00F094FA8A
:103290002A79154B0121207002F1100003EB521323
:1032A00002F01F02114C91409B00114A42F820404D
:1032B000196070BD1873052000FEFFFF087305201C
:1032C0001073052000801F406014202002000101BF
:1032D0002240384000C00E401400008000800E40A4
:1032E000010000902D7B0520403800386D0F010053
:1032F00000840120024A0349034802F07FBB00BF5B
:10330000747C012049110100187305202DE9F04F4C
:1033100000F5807EB1E8A00AB2E84015C5EA064390
:10332000C6EA2544C7EA0845C8EA2746C9EA0A4763
:10333000CAEA2948CBEA0C49CCEA2B4AA0E8F807AC
:103340008645E7D1BDE8F04F70474FF000022DE908
:10335000F00F00F5807C00BFB1E8A00AC5EA0203C7
:10336000C2EA2544C7EA0205C2EA2746C9EA0207BB
:10337000C2EA2948CBEA0209C2EA2B4AA0E8F807C8
:103380008445E9D1BDE8F00F70474FF000022DE908
:10339000F00F00F5807C00BFB1E8A00AC2EA054347
:1033A000C2EA0504C2EA0745C2EA0706C2EA0947BB
:1033B000C2EA0908C2EA0B49C2EA0B0AA0E8F80708
:1033C0008445E9D1BDE8F00F70472DE9F00F089C66
:1033D00000F5007B51F8045B53F8046BC5EA06471F
:1033E000C6EA254952F8045B54F8046BC5EA06485E
:1033F000C6EA254AA0E880078345EBD1BDE8F00F77
:10340000704700BF4FF0E0234022C3F80822704706
:10341000F8B5144B144D1C686E689CB1237A204695
:103420006BB123686F681B6898476B68E188DB1B8A
:10343000C3F38F12B1EB931FA28038BFE28064699F
:10344000002CEBD1084B094A5B6810889B1B084C89
:10345000C3F38F11B0EB931F218038BF1180BFF3EE
:103460004F8FF8BD90720520001000E0167B0520FC
:10347000147B0520036818470B680360704700BF82
:103480000B680360704700BF704700BF30B472B66E
:10349000244D254C2A8804F1700104EB82038B42F1
:1034A0003CD204F16F01501CC91A00EB910002E0FC
:1034B0000132824232D09C4653F8041B0029F7D0D7
:1034C000B1FA81F04FF00043C34021EA0301CCF888
:1034D000001001B90132154B2A801A88013291B2CD
:1034E000198062B6ACEB040C41F67C73C0EB00644F
:1034F0004FEAAC0CC0EB841001240CEB8C1C03EBEA
:10350000CC1303EB80030A480068C4541844094BE9
:103510001C88944230BC38BF1980704762B60020C6
:1035200030BC7047187B052094720520107B052065
:103530008C720520127B0520428872B60378012B1D
:1035400003D9013B037062B67047D14353090B485E
:103550004FF0004201F01F01CA4050F823100A4307
:103560000749B1F800C040F823209C45054A88BFB0
:103570000B801388013B138062B67047947205205C
:10358000187B0520107B0520C36813B91DE0DB689C
:10359000E3B1187A9042FAD110B4586893F809C090
:1035A000006950F82C4054B1DB682BB1187A904276
:1035B000F3D0DB68002BF9D15DF8044B704740F87D
:1035C0002C10087801300870EEE77047704700BF94
:1035D000437A8B4206D90369002253F8210043F84D
:1035E000212070470020704700220449C0E90022D2
:1035F000028102740A680860C26070470473052083
:10360000037CFBB903680146FBB14368EBB1427A26
:103610005B7A9A421CD230B472B62B4B1C68ECB168
:10362000E368C3B1486801E0DB68A3B15A6882422D
:10363000FAD193F809C04A7A9445F5D162B60420CC
:1036400030BC7047012062B67047032062B67047F5
:10365000022062B670476469002CE1D11B4C2368DC
:1036600043B1994202D10BE0994207D01A46DB6878
:10367000002BF9D1052062B630BC704702F10C0472
:103680000D68E868E8B1C3681BB908E0DA683AB1C8
:10369000134681421846F9D162B60620D0E70346A8
:1036A000D960CB68002023600123C860AA7A2B72FE
:1036B0001A44AA724A68947A13721C4494720B7466
:1036C000D9E7E960EDE700BF90720520047305209B
:1036D00010B5047C9DF808E00CB1012010BD027209
:1036E00080F809E0C0E90013BDE81040FFF788BF8B
:1036F00038B5037C002B36D043680446427A5B7AA7
:103700009A4238D272B60168CB68002B2DD098420D
:1037100033D01A46DB689C422AD0002BF9D162686C
:10372000607A136953F8200048B1FFF705FF72B6BD
:1037300062680025607A1369216843F820508B7A0B
:10374000013BDBB28B7203B90B72937A013BDBB2A4
:10375000937203B913720A4B00201A6820741C601C
:10376000E26062B638BD012038BD62B6032038BDC4
:10377000E368D360D3E7022038BDC368CB60CEE7EF
:103780000473052010B50446FFF7B2FF094A136819
:1037900043B19C4202D108E09C4205D01A46DB6846
:1037A000002BF9D1204610BD0C32E368204613608F
:1037B00010BD00BF047305200C4B1A789AB90C4A4F
:1037C0000C4910B4C2F858110B48D02401224FF014
:1037D000E02180F8464040241046C1F808415DF8D9
:1037E000044B1A7070470020704700BF2C7B0520E7
:1037F000008401202914010000E400E070B472B6D6
:1038000021B9036813B102790F2A45D9294C2188BF
:10381000002341FA03F212F0010208D00133102B09
:10382000F7D162B600220371026070BC70474FF09E
:10383000010C0CFA03FC41EA0C01218062B61E4D1A
:103840005FFA83FC1D4940F2824680F804C0EC6FA9
:10385000194483F0030344F0C0044901EC67A5F563
:103860009F35174CA5F58075266084F81AC084F83A
:103870001EC084F818C084F81FC00160C1E900228E
:10388000C1E90222C1E90422C1E906225A5D42F0DF
:10389000C0025A5570BC7047064C218841FA02F5A7
:1038A000ED07B5D5054D1544B3EB451FB0D162B654
:1038B000BBE700BF1E7B052000C00F4080740002E4
:1038C00000800E4003790F2B11D8094A937672B607
:1038D0000849012290F804C00B8802FA0CF223EA8E
:1038E00002030B8062B6102200230271036070474E
:1038F00000800E401E7B0520704700BF704700BF50
:10390000704700BF704700BF70B51A4C1A4D23684E
:10391000AB4202D0194AD16829BBA369AB4202D09D
:10392000164AD169C9B9236BAB4202D0134AD16A96
:1039300069B9A36CAB4209D0104AD16B31B10121F6
:103940001B680F48D163BDE87040184770BD012166
:103950001B680C48D1629847EBE701211B680A48B5
:10396000D1619847DFE701211B6804F10800D160AD
:103970009847D2E7C0860120EC140020004108409F
:1039800010870120F8860120E086012038B5064C1A
:10399000A4F1600554F8083C2046183CDB689847C1
:1039A000AC42F7D138BD00BF1087012003682DE974
:1039B000F041044688B01746002B4BD000229A6095
:1039C0000122DA60304D04A8DFF8E0801D4451F890
:1039D000083B2D1102935B6805EB45069847F600FE
:1039E00006F1080058F806304044DB68019098471B
:1039F000264A04A9DDE90103029248F806309B68D3
:103A00009847029B04A8DB68984723680322204854
:103A10001F609A601F4A23791F4C535513785178C1
:103A2000C0F828428B4228BF0B469178D2788B424F
:103A300028BF0B46934228BF1346184C4FF0E02294
:103A40004FF08061012084F87A30C2F80C1108B080
:103A5000BDE8F081124AD36E43F44053D36601228D
:103A6000104B1A60104A13460260403298680028D2
:103A7000A8D0103393422360F8D100231846236066
:103A800008B0BDE8F08100BF00BFF7BFEC14002014
:103A900000840120687C01202119010000E400E07D
:103AA00000C00F400040084000410840C08601208F
:103AB00010B4064B0020064C064A1C609C611C6337
:103AC0009C6405495DF8044B01F098BFC086012055
:103AD000EC140020747C0120A5190100002070471F
:103AE000084601F08DBD00BF012A70B508BF0A224B
:103AF0008AB091B34FF0210E01E05FFA86FE0EF11D
:103B0000FF36B1FBF2F502FB15145FFA84FC092CB9
:103B10000CF137040CF1300C98BF5FFA8CF40EF105
:103B2000280C88BFE4B29142EC4429460CF8244C9E
:103B3000E3D24BB10EF1FF3E2D225FFA8EFE0EF165
:103B400028036B4403F8242C036801A9CEF1220258
:103B50005B68714498470AB070BD30224FF0210E67
:103B60008DF82520E5E700BF002903DB00230A22AA
:103B7000FFF7BABF49422D230A22FFF7B5BF00BFA6
:103B800000B5036883B040F60D2C022201A95B68E2
:103B9000ADF804C0984703B05DF804FB00000000D6
:103BA000B4EE400B70B5F1EE10FA05462DED028B28
:103BB00086B07CD6B0EEC07B9FED476BB4EE467B03
:103BC000F1EE10FA6BDC9FED467BB4EEC70BF1EE25
:103BD00010FA5ADC9FED447BB4EEC70BF1EE10FAFD
:103BE00053D4B5EEC00B0C46F1EE10FA5BD40023B3
:103BF000B6EE007B002C5ED04FF0000C9FED3C6BCE
:103C00000CF1010C27EE067B5FFA8CF2A242F7D38F
:103C100030EE070B0A222846FCEEC07BB8EE678B1D
:103C200017EE901A30EE488BFFF75EFF0F2C4FF027
:103C30002E03B2EE046B064628BF0F248DF8083021
:103C40000DF1090302AA611E53FA81F128EE060B59
:103C5000FCEEC07BCDED017A9DF8043007EE903A82
:103C60003033B8EEE78B02F8013F914230EE488BDB
:103C7000ECD12B68013402A928465B68E2B2984770
:103C8000304606B0BDEC028B70BD2B6803221A498A
:103C90005B6806B0BDEC028BBDE870401847036856
:103CA00003221649F4E7B1EE400B0123A0E70368B5
:103CB00003221349ECE730EE070B0A222846FCEEFC
:103CC000C07B17EE901A06B0BDEC028BBDE87040C9
:103CD000FFF70ABFAFF30080FFFFFFFFFFFFEF7F9B
:103CE000000000E0FFFFEF41000000E0FFFFEFC138
:103CF0009A9999999999B93FE8140020E414002001
:103D0000E0140020A249A34B88422DE9F047A24CC1
:103D10005E699A69D4F80C801BD9A04B984240F296
:103D20000281C31A9E491B0AA1FB031340F22761BB
:103D3000DB0903EB830303EB830303F2E2438B42D0
:103D400028BF0B46A3F54877964BA3FB0737FF0820
:103D500004E0954FB8428CBF0E2706278D4908F026
:103D60001F09D1F88030B94543F0C003C1F8803055
:103D70000CD228F01F08A1F5F82148EA0708C1F87D
:103D80000C800B68002BFCDA08F01F0916F000739A
:103D900024D186490C698649A14300F0EA8082F467
:103DA000805134464FF4805514F0605F04D026F003
:103DB00060561E43774B5E6111F4405F07D022F4DA
:103DC000405274492A438A618B6C1A07FCD446F02E
:103DD0000076704A5661936C9B06FCD4754CA042E9
:103DE00000F2CE804FF0010C0146634603FB011246
:103DF00003F1010E0CF10105A24218D8BEF1080F23
:103E00004FF0010340F08D80BCF1040F00F291806F
:103E10000A18A24200F2A48005FB00F1AC4603F1AF
:103E2000010E03FB01120CF10105A242E6D90CF1CF
:103E3000FF318C0286EA81215F4810445F4A90423C
:103E40007FD9DFF8A4A16C225D48584DB0FBFEF08D
:103E5000D5F800E0B0FBFCF0DFF890C10EEA0C0CE6
:103E6000D44509D042F400524FF4805CC5F800C03C
:103E70002A602A68002AFCDA464A156905F0070517
:103E80009D4203D01361936CDD03FCD411F4E05F19
:103E900009D026F4E05604F4E0543E4A2643566125
:103EA000936C9907FCD44749474A014491423CD856
:103EB000464BC909A3FB0131090B4B1E1B0286EAC5
:103EC000030212F4407F06D026F4407603F44073D8
:103ED000304A334353612F4A536923F000735361CF
:103EE000936C9B06FCD43A4B4F45A3FB00234FF049
:103EF000FF324FEA9343B0FBF1F1B2FBF3F3354AE3
:103F00001060354A1160354A136008D228F01F0846
:103F1000214A48EA0707D7601368002BFCDABDE89E
:103F2000F087734662E7122718E74FF440730421C5
:103F3000C5E70CF1FF31204807238C02104486EAC4
:103F40008121274ADFF8A8A0A2FB0020020D254806
:103F5000362A38BF362202FB00F042EA0A0A74E72A
:103F60004FEA8C24002386EA8C214FF0010EAC46E8
:103F700062E71D4686F0C05411464FF0C05313E768
:103F800000244FF0010C024631462346E64653E733
:103F900000A4781F00C00F40000008400046C32363
:103FA00023B24C001F85EB5100366E0100800D409E
:103FB00040300080FFB19F26808D5B00FF7EF64D74
:103FC00000643F4D7FD1F0087F17B42C9F10E500AF
:103FD00083DE1B439478012090780120EC7A052041
:103FE000819F5E16001BB7006C2000807F3001802F
:103FF0000020008000B970472DE9F84F012181466B
:10400000214C224D224E54E8003F2A68306844E893
:104010000013002BF7D11F494B684FF47A7BDFF870
:1040200078A01B1A01270BFB02F8DAF80020A3FB8B
:1040300002325A4594BF9044D84454E8003F2A685D
:10404000306844E80073002BF7D14B68DAF800C001
:104050001B1A0BFB02F2A3FB0C3CBCF57A7F94BF4E
:10406000624402F57A72A2EB0802B2F57A7F06D3B7
:10407000B9F1010908F57A78DFD1BDE8F88F01F0D0
:1040800053FB0449D9E700BFF87A0520F47A0520EC
:10409000F07A0520001000E0EC7A052008B5F9F769
:1040A000A9FCF9F705FD01F03FFBFAE7844641EA78
:1040B000000313F003036DD1403A41D351F8043BA0
:1040C00040F8043B51F8043B40F8043B51F8043BF2
:1040D00040F8043B51F8043B40F8043B51F8043BE2
:1040E00040F8043B51F8043B40F8043B51F8043BD2
:1040F00040F8043B51F8043B40F8043B51F8043BC2
:1041000040F8043B51F8043B40F8043B51F8043BB1
:1041100040F8043B51F8043B40F8043B51F8043BA1
:1041200040F8043B51F8043B40F8043B51F8043B91
:1041300040F8043B51F8043B40F8043B403ABDD200
:10414000303211D351F8043B40F8043B51F8043BA2
:1041500040F8043B51F8043B40F8043B51F8043B61
:1041600040F8043B103AEDD20C3205D351F8043B31
:1041700040F8043B043AF9D2043208D0D2071CBFFD
:1041800011F8013B00F8013B01D30B880380604626
:10419000704700BF082A13D38B078DD010F003039C
:1041A0008AD0C3F10403D21ADB071CBF11F8013B0C
:1041B00000F8013B80D331F8023B20F8023B7BE75B
:1041C000043AD9D3013A11F8013B00F8013BF9D286
:1041D0000B7803704B7843708B7883706046704720
:1041E00003F0DEBE01F1FF3C70B56646002400E03E
:1041F0000134B0FBF2F502FB1503092B03F1370E76
:1042000003F130035FFA8EFE98BF5FFA83FE90429F
:10421000284606F801EFEBD2631C0022C818CA54E6
:104220007CB162461CF8015F10F8016DA1EB0C0334
:1042300002328CF80060013B521A057023449A4206
:10424000EFDB084670BD00BF72B6EFF30583524C3A
:10425000C4F884301EF0040F0CBFEFF30882EFF3B4
:1042600009824FF0E0234D4E4D4DD3F8280DD3F881
:104270002C1DC4E92201D3F8341DD3F8383DC4E91C
:1042800024139369C4F89830D369C4F89C3000F0C3
:10429000BFF884ED280A01F09FFB0B214FF0FF329D
:1042A000C4F8A4000B46C4F880103E49301D5A40A3
:1042B000202402F00103013C01FB03F383EA5202D4
:1042C000F7D1A84202D073680646EFE7324BC3F835
:1042D000A820BFF34F8F4FF0E0233049324AC3F894
:1042E000701FC3F8702FBFF34F8FBFF36F8F2F4A2C
:1042F00002252F48D36E2F4943F44053D3660560FF
:10430000D3692D4823F07F0343F04003D3610B684A
:1043100083423DD8264D00214FF0E0234FF0FF327D
:1043200029600126C5F808112449C5F80011C5F80F
:104330000861C3F88021C3F88421C3F88821C3F839
:104340008C21C3F8902101E000F054F9D5F80C312C
:10435000002BF9D00134C5F80C614F2CF4D9184B5F
:10436000022018494FF00042C1F840015A63D5F8C5
:104370000C313BB9144815490D4A0163D2F80C3190
:10438000002BFAD04FF0E023114AC3F80C2DFEE7C2
:10439000FFF7B8FCBEE700BF00FF272080FF272003
:1043A000A8FF27202083B8EDA0FF272000C00F40E2
:1043B0000040084094780120803DCD0B009F2400F0
:1043C00000900D4000002E4000800F40F100AD0B2A
:1043D0000400FA050A490A6838B108B513180948F3
:1043E000834204D810460B6008BD1046704704F0A5
:1043F00005F90C234FF0FF320360104608BD00BFE3
:10440000707C01200000282030BFFDE7FFF71CBFB3
:10441000124AD2F880305B07FBD5D2F880301048C2
:10442000C3F30B230F4990ED007A07EE903A91ED1C
:10443000006AB8EE477A0C4AF8EEE77A0B4BD2EDF9
:10444000006A77EEC77A93ED007AB8EE477A67EEA6
:10445000867A87EEA60A37EE400A704700810D4043
:10446000DC7A0520E47A0520E87A0520E07A052048
:10447000836BF0B41BB1536843F40043536072B6CE
:10448000446B3CB31A4B2260D3F8B0410C421DD1AF
:10449000184E776804E07468E41BB4F5166F0BD20D
:1044A000D3F8404144F48044C3F84041D3F8B851B4
:1044B000D3F840416404EED50D4007D10C4CC0E95F
:1044C0000225D4F8B0310B43C4F8B031426362B670
:1044D000F0BC7047064DC0E90224D5F8B0310B435B
:1044E000C5F8B0310263426362B6F0BC704700BFEA
:1044F00000002E40001000E070B5056B9DB106462F
:104500002A46002403E012680134012A0CD05368C3
:1045100013F08003F7D032632CB12846B36B2D68BB
:104520009847013CF9D170BDC6E90C33F4E700BFF0
:1045300030B4D9B91F4C204B0021204A01254FF03F
:10454000011099601D60C4E9023180245C60C2F8EA
:10455000BC01D2F8B0311A482B43C2F8B031016027
:10456000D2F8B031002BFBD130BC70470904154B99
:10457000104C012541F080019860104A596000F507
:1045800080511D60D96000F50051A364196100F5E8
:10459000405100F58040596100219861E164D2F8F2
:1045A000B03143F48033C2F8B031D2F8B031002BCF
:1045B000FBD1C0E7000000202087012000002E4032
:1045C0005C7A052040870120084901220B7802FA15
:1045D00000F023EA0000087030B9054AD2F84831EB
:1045E00023F08003C2F84831704700BF367B0520B6
:1045F00000002E402DE9F04F9C4C83B0D4F844616C
:10460000F107C4F844616AD5D4F8AC31002B61D00D
:10461000DFF88482964DDFF878B208F5805ADFF82B
:104620007C92944FC4F8AC31D5E90A20D4F84031DB
:1046300043F40053C4F84031D4F840319B04F5D51D
:10464000D4F8403123F40053C4F840314FF0011343
:10465000C4F8B431D4F8B43113F00113FAD191B2E3
:1046600040F2816CCBF80030614500F2D980B1F5A1
:10467000D06F80F06181B1F5817F00F08F8140F2D1
:10468000AB8040F2023C614500F0B281B1F5A06F11
:1046900040F0C1807849EB648B600123A9640B6012
:1046A00080234B604FF00113C4F8BC31D4F8B03113
:1046B00043F48033C4F8B031D4F8B031002BFBD1CF
:1046C000130C5B0643F08073C4F85431D4F8AC315A
:1046D000002BA7D1654AD2F8BC31002B4AD1720613
:1046E00016D5624BD3F8AC21C3F8AC21D3F8BC216A
:1046F000C3F8BC21D3F8B041002CFBD14FF0FF32FE
:10470000C3F8B421D3F8843100F012FE5B4B1C6077
:10471000F40103D55A4B1B6803B19847B00103D588
:10472000584B1B6803B19847710708D54F4BD3F816
:10473000843113F400731AD0534B01221A704B4B7F
:10474000D3F848311A060FD533060DD54F4A1378E2
:104750002BB1013BDBB21370002B00F0428203B09F
:10476000BDE8F04F00F0E4BB03B0BDE8F08F464A6F
:104770001370E4E74649C2F8BC310868034240F0D0
:1047800061813E4A14681C40A9D05FEA144810D0E9
:10479000374D4FF0010998FAA8F7B7FA87F705EBFC
:1047A000C71009FA07F74030FFF7A6FE38EA0708F6
:1047B000F1D1A4B2002C92D02D4D4FF0010894FA03
:1047C000A4F7B7FA87F705EBC71008FA07F7FFF762
:1047D00093FEBC43F3D182E7802900F0A7808229B1
:1047E00019D183B210F0780015D103F07F0257F889
:1047F0002210284A1080180600F1C081CB0701D58D
:104800000123137002212348FFF792FE5EE7010C9B
:10481000072900F045814FF00113C4F8C03155E776
:1048200042F2210C6145F2D03AD942F22123994259
:1048300068D042F221339942EDD10F4B00229A60A9
:10484000EA640122AB641A6080225A604FF00113BF
:10485000C4F8BC31D4F8B03143F48033C4F8B0317B
:10486000D4F8B031002BFBD130E700BF00002E4060
:1048700000000020C0012E4020870120607A052022
:10488000087B05200C7B05203F7B0520407B052015
:104890005C7A0520807A0520547A05204087012023
:1048A000B1F5086F3AD0B1F5106FB4D1B548C2F385
:1048B00007424FF0C81100930270B34AC4F8C821F0
:1048C000C4F8CC11C4F8D01100F034FD00F0CEFAD9
:1048D000AE4A0121009BAA6411608021936051605F
:1048E0004FF00112EB64C4F8BC21D4F8B02142F4BB
:1048F0008032C4F8B021CBF80030D4F8B031002BAE
:10490000FBD1E3E680B2002897D1A14BC2F3074266
:104910001968A04B1960A04B1A708EE7994B0121C2
:104920009E481B780370FFF703FECFE69B480221E9
:104930000380FFF7FDFDC9E6994B596800293FF454
:104940006AAF4FEA124E82B204E019690C330029B3
:104950003FF461AFB3F800C0F445F6D1B3F802C03C
:104960009445F2D14FEA1E22032A00F0D8801A891A
:10497000000C824228BF0246BEF5007F40F0D48082
:10498000884B89491878894B0092002818BF19462E
:104990008748FFF78BFB864B009ADAE010F0780F20
:1049A00083B27FF438AF03F07F0213F0800F57F823
:1049B000223014BF23F4803323F0010347F8223060
:1049C0000022724BEA649A600122AB641A60802272
:1049D0005A604FF00113C4F8BC31D4F8B03143F43D
:1049E0008033C4F8B031D4F8B031002BFBD16DE680
:1049F00010F0780F83B27FF40EAF03F07F0213F054
:104A0000800F57F8223014BF43F4803343F0010382
:104A100047F8223000225D4BEA649A600122AB64C1
:104A20001A6080225A604FF00113C4F8BC31D4F8E8
:104A3000B03143F48033C4F8B031D4F8B031002B36
:104A4000FBD143E6002008605A490C88486842F2CE
:104A500021018C427FF495AE80B200287FF491AEA4
:104A60005549564C03C9A18086284FEA1141206060
:104A7000A1717FF486AE72B65148017841F0080109
:104A80000170D2F848110D0605D480200143C2F808
:104A90004401C2F8481162B64A4A5021117070E6CA
:104AA000EB6001234349C9F80030474B0A60C9F85D
:104AB0000430464B4860C9F81030C5F80890C9E981
:104AC000028AD4F8B02142F00102C4F8B02103F503
:104AD000805203F50053C9F81420C9F81830D4F8EF
:104AE000B031002BFBD1294AEB6493600123AA6407
:104AF000136048F2800353604FF00113C4F8BC31D7
:104B0000D4F8B03143F48033C4F8B0314FF480337B
:104B1000CBF80030D4F8B031002BFBD1D6E5000C37
:104B20000A78824228BF0246BEF5E06F50D11D4B85
:104B30001D4893F800C01D491D4BBCF1000F18BF64
:104B4000014600921846FFF7B1FA0721034641706B
:104B5000009A23F01F011344BFF34F8F4FF0E02062
:104B6000C0F8701F20318B42FAD8BFF34F8FBFF3CC
:104B70006F8F0F481146FFF7DBFCA7E5C9033FF530
:104B80003FAE3FE63E7B05200200CC00208701209F
:104B9000F47A0520047B05203D7B0520807A0520E2
:104BA000007701203F7B0520BC1D0060541E006083
:104BB00060162020208A0120547A0520FC7A0520E6
:104BC000367B0520407B052080000700549A052095
:104BD000064B1846CDE90023FFF768FADDE900230C
:104BE000B7E70320FFF7F0FC03F04EFF601620202C
:104BF0002DE9F0471F46831E022B01D9BDE8F0873F
:104C0000DFF84C9015460C463C2209EBC0180646CE
:104C10004FEAC01A002108F10400240403F084FCC8
:104C2000B5FA85F20123520944EA427449F80A4070
:104C3000C8F83870C8F80830002FDFD0034AB340F6
:104C400011680B431360BDE8F08700BF607A052050
:104C5000000000202DE9F0470D46811E022901D9F0
:104C6000BDE8F087C701DFF84C9092460446403714
:104C70003C2200211E4609EB07082D0408F1040020
:104C800003F052FCBAFA8AF2520945EA427249F834
:104C900007200122C8F83860C8F80820002EDFD0AD
:104CA000034B10341968A2400A431A60BDE8F0872C
:104CB000607A05200000002012048160C36101F5C4
:104CC000405342F0800210B40124426001F50052CA
:104CD000046001F5805401F58041C46081615DF894
:104CE000044BC0E904237047831E0A46022B00D9F7
:104CF0007047064B00F110014FF0010C03EBC010A0
:104D00000CFA01F14030FFF7B3BB00BF00000020F8
:104D1000831E0A46022B00D970470121024B8140B5
:104D200003EBC010FFF7A4BB0000002040687047F1
:104D3000124A134BD2F8200220F07F40984210B55F
:104D400084B002D200EB800040000E4C01A90A2280
:104D5000FFF748FA01A90023204611F8012B01337F
:104D60003AB10A2B20F8022FF7D11623237004B092
:104D700010BD5B00DBB2237004B010BD00441F40C7
:104D800080969800AC80012000F0F2BB00F0C2BB1E
:104D900000F026BC00F0E0BB00F07CBC00F052BC90
:104DA0000846114600F042BCF8B5144C4FF0E0251F
:104DB000134E4FF4003204EB4024124F06EB401622
:104DC0000346C5F88C2121463A883046FFF774FF28
:104DD0003B882344BFF34F8FC5F85C4F2034A34278
:104DE000FAD8BFF34F8FBFF36F8F04203146FFF720
:104DF0008FFF4FF40033C5F80C31F8BD00172020A9
:104E000060870120207B052042684FF6FC71114B22
:104E1000C2F30E42C0691B889B1A0B4017D00E4983
:104E200030B40E4C0E4D227821F8103000210132A2
:104E300025F81010062A94BFD1B20A4621700949FC
:104E40000C6823440B60084B985430BC7047FFF744
:104E5000ABBF00BF207B0520907A0520327B052068
:104E6000AC7A0520887A0520C87A0520214B70B5D8
:104E70001B78002B3BD04FF400731E461E49802246
:104E80001E4D00240B8000211D482B8003F04CFB9D
:104E90001C4A21461C4B1470C0221C481C8003F085
:104EA00043FB1B4A31461B4B042094609C60C2E9C3
:104EB0000044194AC3E900441470184B184A1C7086
:104EC000184B14602246FFF793FE2346224629889A
:104ED0000420FFF7BFFE20460134FFF765FF062CD4
:104EE000F9D100231049114A0B70137070BD402393
:104EF0001E46C3E73F7B0520207B0520287B05203D
:104F000020890120397B0520247B05206087012032
:104F1000907A0520AC7A0520327B0520347B052071
:104F2000887A0520212E0100377B05203B7B052058
:104F30002DE9F843214B1D7815B9214E33880BB963
:104F4000BDE8F883DFF888801E4A98F800701E4C90
:104F500002EB47191D4A04EB4724128848462146B4
:104F6000D21A2B46FFF7A8FEBFF34F8F04F12002A1
:104F700004F50073934234BF012310234FF0E02265
:104F800004EB4313C2F8704F20349C42FAD1BFF3B4
:104F90004F8FBFF36F8F013749460420FFF7A4FE00
:104FA000032F4FF000034FF0020098BFFDB2338093
:104FB00088F80050BDE8F843FFF706BB3B7B0520AF
:104FC000247B05202089012000232020287B052028
:104FD000397B0520F8B5144C4FF0E025134E4FF403
:104FE000003204EB4024124F06EB40160346C5F88E
:104FF0008C2121463A883046FFF75EFE3B882344E9
:10500000BFF34F8FC5F85C4F2034A342FAD8BFF3EB
:105010004F8FBFF36F8F03203146FFF779FE4FF4B8
:105020000033C5F80C31F8BD002B2020208801206A
:10503000227B0520244B2DE9F0411C884368C5697B
:10504000C3F30E43E41A002C24DD204920480A78DB
:105050000078D3B21F4E82421F4807D010F8038059
:1050600036F81870C7F50072944218D9013300223F
:1050700026F81540082B194E88BF134626F8152030
:1050800098BFDAB2C554164B0A701A6814441C60F3
:10509000BDE8F0812846BDE8F041FFF79BBF07EB74
:1050A0004820104922462744084401EB4521FEF7D9
:1050B000FDFF0B4A284626F8187013682344BDE804
:1050C000F0411360FFF786BF227B0520337B05206C
:1050D000357B05209C7A0520D07A0520B87A0520FA
:1050E0008C7A0520002B20201D4B1A78002A36D1FF
:1050F00002F0FF031B4A12788AB32DE9F0411A4DE2
:105100002A8852B3194EC2F50068194F3278194CEB
:1051100007EB421704EBC224424638462146FFF70C
:10512000CBFD04EB0802BFF34F8F4FF0E023C3F831
:10513000704F2034A242FAD8BFF34F8FBFF36F8F66
:1051400003203946FFF7D0FD33780133DBB2032B60
:1051500088BF0023337000232B80BDE8F0817047A7
:105160003C7B05203E7B0520267B05203A7B0520E5
:10517000A0890120003B20202DE9F04F85B0CDE92A
:105180000110002900F0BF800023604CDFF89881F7
:10519000DFF898A15E4F009301235E4A23705E4BB7
:1051A0001978B8F8003002EB4119002B40F0A780C5
:1051B0001E461D469B464846FFF7B8FD10F080008E
:1051C00000F08C80BFF34F8F9AF8003084F800B065
:1051D00005B93E68002B7DD13B689B1B782B00F204
:1051E00087804E4B1B78002B74D000F09DFA012273
:1051F000B8F8003015462270002BDCD0464AC3F5C3
:10520000006011781A4600EBC120454DC9022844C0
:10521000019D954217D20393DDE901512A46FEF71D
:1052200045FF039B4FF040425B1BA8F800303D4B0D
:10523000C3F88420BFF34F8F0098002328442370C5
:1052400005B0BDE8F08F364BCD180299FEF72EFF62
:1052500000234FF4006229464846FFF72DFDBFF3B7
:105260004F8F05F1200205F50063934234BF0123FF
:1052700040234FF0E02205EB4313C2F8705F203566
:10528000AB42FAD1BFF34F8FBFF36F8F0320494674
:10529000FFF72AFD204A13780133DBB2032B84BFCA
:1052A00000231D4A1370B8F80030019AD11A009AF1
:1052B0001A4401910092029A1A4400230292194A58
:1052C000A8F80030C2F88430BFF34F8F2370002954
:1052D0007FF462AF009805B0BDE8F08F4FF4006234
:1052E0000D4B8AF8000019781346A8F800208AE7C9
:1052F000012300988AF8003005B0BDE8F08F1A4607
:10530000C3F500607FE70198E5E700BF3C7B05201F
:10531000F47A0520A08901203A7B05203E7B0520F8
:10532000003B202000002E40267B0520387B0520F6
:10533000704700BF2D4B002180222D4870B51B788F
:1053400000242C4D8B422C4E0CBF40234FF4007395
:105350002B80338003F0E8F8284A2146284B14704C
:105360004FF4807227481C8003F0DEF8264A102193
:10537000264B0220C2E90044C2E90244244AC3E9A0
:1053800000441470234AC3E90244234B1C70234693
:1053900014602246FFF75EFC2246318803201F4B33
:1053A000FFF726FC2346012229880320FFF752FC41
:1053B00020460134FFF70EFE082CF9D1184B0021CE
:1053C0004A221848184C0460C3F88410C3F880209F
:1053D000D3F84821154942F08072C3F8482121B121
:1053E000134A137843F00103137070BD3F7B05200F
:1053F000A08901202A7B0520227B05203A7B0520FD
:10540000267B0520208801209C7A0520B87A05207B
:10541000337B05208C7A0520357B05204D3001003B
:1054200000002E40087B0520013101000000000033
:10543000417B05202DE9F04F4FF0E0234FF400327F
:10544000DFF8C8A083B0C3F88C218B469AF80040DF
:1054500000294FD08046E4B20027DFF8B490264BF5
:10546000ABEB070225491B78A34204F101043FD0AE
:10547000092C234B404628BF00241E5D39F816C076
:105480000CEB462319441F4B33F81650A5EB0C05C3
:10549000AA421CD20CEB462C18491B4C61440192C9
:1054A000FEF704FE216839F816505846019AA1EB20
:1054B0000B012A44394429F8162021604FF0E023DB
:1054C0004FF40032C3F80C2103B0BDE8F08F2A4638
:1054D0002F44FEF7EBFD0C49E3B230460A68A844BE
:1054E000521B0A608AF80030FFF774FDBB45B6D83E
:1054F0003846E3E70846E1E7337B0520002B202010
:10550000D07A05209C7A05208C7A0520357B0520F1
:10551000B87A05200B4B0C4A12781978D3B28A421C
:105520000DD0013309480A4A092B0A4928BF002334
:10553000C35C31F8131002EB4323585C70474FF003
:10554000FF307047337B0520357B0520D07A05205E
:10555000002B2020B87A0520044B10B51C680CB134
:10556000204610BD00F0E0F8204610BD8C7A0520E2
:105570002DE9F84F144E154D33782A78934221D0F7
:10558000DCB2DFF85090DFF850B0DFF85080104FF9
:105590000134082C5FFA84FA01D90024A24619F8D4
:1055A0000400DBF8003038F8102037F81010521AD9
:1055B0009B1ACBF80030FFF70DFD86F800A02B7882
:1055C000A342E5D1BDE8F88F357B0520337B05206C
:1055D000B87A0520D07A05208C7A05209C7A05209F
:1055E00000B583B001210DF10700FFF723FF20B1C3
:1055F0009DF8070003B05DF804FB4FF0FF30F9E7BA
:10560000094B00B583B01B788DF807003BB1012131
:105610000DF10700FFF7B0FD03B05DF804FB03F0E8
:10562000FF0003B05DF804FB3E7B0520044B1B78B4
:1056300003F0FF020BB1FFF79FBD1046704700BF9C
:105640003E7B05202DE9F0410024DFF84480012352
:105650000D4D27460D4E88F800303378284620350A
:10566000A34204F1010405D0FFF760FB030658BF15
:1056700007F50067042CF0D1BFF34F8F00233846A5
:1056800088F80030BDE8F081A08901203A7B052030
:105690003C7B05202DE9F8431D4B1B7813B11D4DB4
:1056A0002A880AB9BDE8F8831B4EC2F500691B4978
:1056B00033784A461A4C01EB43181A4F04EBC324C3
:1056C000012340463B7021460023FFF7F5FA04EB27
:1056D0000902BFF34F8F4FF0E023C3F8704F20341F
:1056E000A242FAD8BFF34F8FBFF36F8F032041461A
:1056F000FFF7FAFA33780133DBB2032B88BF0023BC
:10570000337000232B80BFF34F8F3B70BDE8F883CD
:105710003E7B0520267B05203A7B0520A0890120C1
:10572000003B20203C7B05202DE9F8432D4B1E78C3
:1057300066B12D4F3B784BB90123F1073B7043D441
:10574000B20726D400233B70730701D4BDE8F88369
:10575000264B1A68002AF9D0EFF30582002AF5D10A
:10576000EFF3108572B61868002834D0204C2178E9
:10577000002930D10122227042691A60002A2ED0FD
:10578000916105B962B60025836845779847257011
:10579000DCE7DFF8648098F80030002BD2D00025D9
:1057A000DFF858902B4659F82340013523682046EE
:1057B0001B69984710B163699B68984798F8002067
:1057C000EBB29A42EFD8BDE7FFF7C6FE0028B7D08C
:1057D000AFF30080B4E7002DB8D162B6B6E7054B51
:1057E0001A60CEE7417B0520307B05202073052021
:1057F0002E7B05202C7305202F7B05203073052080
:1058000070B5EFF3108272B60C4C206880B10C4E6C
:1058100000254369236073B19D6102B962B6836854
:1058200045779847EFF3108272B620680028F0D1D0
:1058300002B962B670BD3360EFE700BF2873052080
:1058400024730520FFF7DCBF0449054A4968054B6E
:105850001960136801331360704700BF001000E047
:10586000F47A0520F07A052000230F2248F2B82CA4
:10587000194610B54FF470444FF4806EA0F88C4177
:105880004FF46044A0F88E210A46A0F89031B0F899
:1058900088319BB243F0F003A0F8883101EB41035B
:1058A000013100EB431304299C80A3F806E05A84DD
:1058B0001A865A805A81A3F80EC05A82DA825A8315
:1058C000DA83EBD1B0F888319BB243F00F03A0F834
:1058D0008831B0F888319BB243F47063A0F8883106
:1058E00010BD00BF374B384A996F384841F47F01EB
:1058F00070B5996741F20106D3F8801045F6C0559E
:1059000043F226040A43C3F88020FFF7ADFF00F5F9
:105910008040FFF7A9FF00F58040FFF7A5FF00F5E5
:105920008040FFF7A1FF0022A0F503104FF00F0EFB
:10593000114600EB42134FEA421C01329981042ABE
:105940005981A3F80EE09E82DD8020F80C101982A8
:105950009C81EED100221E484FF00F0E41F201064D
:10596000114645F6C05543F2260400EB42134FEAB8
:10597000421C01329981042A5981A3F80EE09E82CB
:10598000DD8020F80C1019829C81EED10022114894
:105990000F2641F20105114645F6C05443F2260E8A
:1059A00000EB42134FEA421C01329981042A5981CB
:1059B000DE819D82DC8020F80C101982A3F80CE0B7
:1059C000EED170BD00C00F40000003FC00C03D40A0
:1059D00000001E4000401E40074A506A936A194664
:1059E0008446506A936A9942F9D18445F7D1DB0B1A
:1059F00043EA4040704700BF00400D400346084660
:105A0000194602F0E3BD00BF90F8A32090F8A20071
:105A1000101A704790F8A23090F8A3209A4205D946
:105A20005A1C034480F8A220987E70474FF0FF3044
:105A3000704700BF90F8A23090F8A3209A4202D994
:105A40001844807E70474FF0FF307047704700BFAA
:105A50000346B0F8300178B193F82F21882A03D992
:105A6000012200205A60704702F1010C01201A4403
:105A700083F82FC182F8A510704700BF38B5B0F881
:105A800030410CB9204638BD90F82F310546C3F19E
:105A90008904A2420DD8144605F1A50022461844F7
:105AA000FEF704FB95F82F312046234485F82F316B
:105AB00038BD01224260EFE72DE9F04FD0F814A085
:105AC0001524017E8146437E83B00AEB0111384ADA
:105AD0000AEB0313374F097A93F8283002EB0115CC
:105AE0000901E86852F8018002EB0311D5F804B00F
:105AF0001B01CE68D558CBF80040C8F88400D8F810
:105B000004304A6803432C490192C8F804301460F9
:105B1000C5F884606B6833436B60284B4C683A6807
:105B2000A3FB0232920C02EB820252004B681B1B59
:105B30009A42FBD84FF0090C1F4ADFF880E0D8F8F2
:105B40000830034202D0AB6833422FD1C5F88860D9
:105B500054683968AEFB0131890C01EB810153684F
:105B60001B1B9942FBD8C5F8846054683968AEFBAA
:105B70000131890C01EB810153681B1B9942FBD851
:105B8000BCF1010CDBD1604699F81830019A0AEBA0
:105B90000313DB68CBF8003099F819300AEB031ACD
:105BA000DAF82C30136003B0BDE8F08F0120EBE78A
:105BB000BC6A012094780120001000E083DE1B43C2
:105BC0000E4A10B51168046905E0DB0107D41368BB
:105BD0005B1A102B08D8636913F0007FF5D14FF4DE
:105BE000FE430120636110BDFFF766FF0028FAD075
:105BF0004FF4FE4301206361F5E700BFF47A05200E
:105C00002DE9F04790F82FA10569BAF1000F4FD0A8
:105C100081468846FFF7D4FF002849D0374E00243C
:105C2000376818E06B69190551D4DA0455D4580562
:105C300059D4990441D43268D21B322A3DD85445F4
:105C400007D9EA6D520704D19B0555D4B8F1000F6E
:105C500052D0FFF769FD5445E4D8EA6D500702F0D1
:105C60000703DFD413E099F8A5200133022442F49E
:105C70008062042B2A661ED08A4503F1010309EBDA
:105C800001020ED992F8A520042B2A66CAD0012160
:105C9000002CE8D02146013301348A4509EB01028A
:105CA000F0D8B8F1000FBDD04FF400732B66B9E700
:105CB0000420BDE8F0870124B4E72B694FF400729B
:105CC000042043F440732B612A66BDE8F0872B69FA
:105CD000042043F440732B61EBE72B69052043F468
:105CE00040732B61E5E72B694FF40072022043F407
:105CF00040732B612A66DCE70020DAE7F47A05209E
:105D00002DE9F84F83460C4615461F46D0F810A0E3
:105D1000FFF756FF002800F09E806100012DDFF89C
:105D20003C8140F20146CBB24FF0000138BF012563
:105D3000D8F800900C461E43ABF8A21020E09BF868
:105D4000A330872B3FD9DAF8142010055AD412F467
:105D5000105F70D1D8F80030A3EB0903322B6AD85A
:105D60009BF8A330AB4209D3022C07D9DAF85C3098
:105D7000590703D193054BD4002F49D0FFF7D4FC2A
:105D8000022CDCD8DAF85C3003F007025B07D6D4CB
:105D9000681E224440F480704CB9CAF86060013437
:105DA000131B032BCBD8022CC9D8002CF5D0012C07
:105DB00037D01FB14FF40073CAF860309BF8A3309E
:105DC0000324872BBFD8DAF85C2012F4E02FC2F34B
:105DD000024CB8D0591C9C441933C9B25FFA8CFCF0
:105DE0005BFA83F3DAF870004A1C61458BF8A31064
:105DF000D1B203F8010FA6D08929F3D1DAF8142023
:105E00001005A4D5DAF8103043F44073CAF8103006
:105E1000DAF85C3013F4E02F06D19BF8A300BDE85C
:105E2000F88FCAF86000BAE7DAF8103043F400736C
:105E3000CAF81030F1E7DAF810304FF4007243F48A
:105E40004073CAF81030CAF86020DAF85C3013F4F6
:105E5000E02FE2D0E8E70420BDE8F88FF47A0520CF
:105E6000F8B506690446D6F8145115F4706301D0EC
:105E7000C6F81431A8070BD5D6F8702111043ED509
:105E80000023012184F8A230234484F8A3109A76D9
:105E9000EB0710D594F83071FFB194F82E7194F897
:105EA0002F31BB4227D97B1C274484F82E3197F829
:105EB000A530C6F8603115F4407F0DD094F8A300EA
:105EC00018B1D4F83C3103B198470023A4F8A230AC
:105ED000A4F82E3184F83031F8BDD4F8383103B14C
:105EE0009847002384F82E31012384F8303194F848
:105EF0002F31BB42D7D80023C6F86031DBE794F8D6
:105F0000A330872BC4D8591CC9B2BDE70148FFF79D
:105F1000A7BF00BFA87801200148FFF7A1BF00BFBD
:105F2000E87901200148FFF79BBF00BF287B0120D3
:105F300010EE103A40F22A41C3F30A528A42B7EEF9
:105F4000C03A32D8B7EE000B2D4B93ED4A2B93EDB0
:105F5000481BB0EE417BA2EE037B17EE100A37EE32
:105F6000417B00F01F0203EBC20130B492EE037BD1
:105F700093ED4C4B53F832404D6893ED4E6B93EDDF
:105F8000505BA4EE076B27EE074B00210A1905EBC7
:105F9000C033A5EE070B43EC172BA6EE040B30BC69
:105FA00020EE070BB7EEC00B704713F5000F20D0A3
:105FB000B2F5FF6F1AD2DFED137AB4EEE70AF1EE15
:105FC00010FA10DCDFED107AB4EEE70AF1EE10FA09
:105FD00012D4DFED0E7AB4EEE70AF1EE10FAB1D585
:105FE000002000F07DBC002000F080BC30EE000AF4
:105FF00070479FED070A7047002000F06BBC00BFA0
:10600000800200201772B142B4F1CFC2CF8ECEC24F
:106010000000000000F038BE10EE103AC3F30A5240
:10602000B2F5866FB7EEC07A2ED2B7EE000B2A4BD0
:1060300093ED402B32EE073B13EE100A33EE423B5A
:1060400000F01F0203EBC20130B437EE437B93ED47
:10605000424B53F832404D6893ED446B93ED465BF1
:10606000A4EE076B27EE074B00210A1905EBC0339E
:10607000A5EE070B43EC172BA6EE040B30BC20EE6D
:10608000070BB7EEC00B704713F5000F1ED0B2F52B
:10609000FF6F18D2B5EEC00AF1EE10FA10DCDFED9A
:1060A0000F6AB4EEE60AF1EE10FA12D9DFED0C6ACF
:1060B000B4EEE60AF1EE10FAB7D5002000F010BCFD
:1060C000002000F013BC30EE000A70479FED050A77
:1060D0007047002000F0FEBB80020020000016C3C5
:1060E000000015C30000000010EE103AB3F17E5F0F
:1060F0003ED0A3F50001B1F1FE4F10EE102A3AD2C6
:10610000BFEE002B02F14043284903F54D03C3F3D2
:10611000C34001EB001091ED424B91ED447B91EDBA
:10612000406B91ED465BD90DC9052DED028B90EDCD
:10613000021B90ED008B521ADB1500EE103A03EEB5
:10614000902AB8EEC00BB7EEE33A30EE010BA8EEA2
:10615000032BBDEC028B22EE023BA4EE027BA5EEEC
:10616000020BA6EE037BA3EE070BB7EEC00B704746
:106170009FED0F0A7047590014D0B3F1FF4F14D0B0
:10618000002B0BDBB1F17F4F08D2DFED0A7A60EE16
:10619000277A17EE903AA3F13862B1E700EE103A91
:1061A00000F0BCBB012000F0A7BB7047C803002073
:1061B000000000000000004B30B410EE103A2DED4E
:1061C000028BA3F5000110EE902AB1F1FE4F10EE04
:1061D000104A82B04FEA42017CD201F1FF3C6FF0DD
:1061E0008070844580F0F780002004F1404303F57F
:1061F0004D03C3F3C342DB0DDB05E11ADB1507EEEC
:10620000903AB14B03EB021292ED003B04EE101AF0
:10621000B7EEE06AB7EEC44ABFEE000BA3EE040B84
:1062200093ED443B20EE001B93ED464B93ED402B4A
:10623000A0EE034B93ED425B93ED483BA0EE025B77
:1062400021EE012B92ED028BB8EEE77B37EE087B57
:10625000A0EE037BA1EE047BA5EE027B26EE077B7E
:1062600017EE903A48F2BF01C3F3CF338B4250D2BE
:10627000B7EE000B954B93ED402B37EE023B13EE40
:10628000102A33EE423B02F01F01821803EBC100DB
:1062900093ED424B37EE437B53F83140456893ED25
:1062A000446B93ED465BA7EE046B27EE074B002390
:1062B000181905EBC231A7EE050B41EC170BA6EE42
:1062C000040B20EE070BB7EEC00B02B0BDEC028B47
:1062D00030BC70474D1E6FF08070854280F0CE80DC
:1062E00059004D1E854280F09280002B55DB002026
:1062F000B4F5000FBFF479AFDFED757A07EE103A11
:1063000067EE277A17EE904A24F00044A4F138642F
:106310006BE79FED656BB4EEC67BF1EE10FA15DC12
:106320009FED636BB4EEC67BF1EE10FA20DD4FF00B
:106330004C5388B10193DDED016ABFEE006A76EE41
:10634000666AF4EE466AF1EE10FA11D002B0BDECC6
:10635000028B30BC00F0CABA0093DDED006AB7EEE4
:10636000006A76EE866AF4EE466AF1EE10FAEDD136
:106370009FED516BB4EEC67BF1EE10FA57D99FED4D
:10638000506BB4EEC67BF1EE10FA7FF571AF02B040
:10639000BDEC028B30BC00F0A3BAC2F3C7517E291A
:1063A00011DD962954DC0120C1F1960100FA01F1BA
:1063B000481E104207D1114214BF012000200004E2
:1063C00024F0004494E700EE103A02B0BDEC028BDA
:1063D00030BC00F0A3BA002952D0B3F17E5F2CD0BC
:1063E0006400B4F17F4F2ED8B1F17F4F2BD1B4F1BF
:1063F000FE4F4BD0B4F1FE4F6FEA020234BF0024CF
:106400000124D20F94424CD09FED320A5DE7002B5D
:1064100020EE000A1EDB002000293AD1002ABFF638
:1064200054AF02B0BDEC028B30BC00F065BA02B0D4
:10643000BDEC028B30BC00F04DBA82F480025200F9
:1064400012F5000F22D907EE903A37EEA00A3CE78A
:106450000020B5E7C2F3C753A3F17F001728DAD8AD
:10646000C3F19600012303FA00F0441E1442D2D176
:106470001040D1D0B1EE400A1846CDE70029AFD187
:1064800084F48002520012F5000FDCD8B7EE000A47
:106490001BE7002ABFF619AFF7EE007A87EE800AF5
:1064A00013E720EEA00A10E771D5D1FFFFFF5F4090
:1064B000E2AAA3FFFFFF5F400000000000C062C02F
:1064C0000000000000A062C0E8040020800200205C
:1064D0000000004B0000000030B510EE104AC4F37D
:1064E0000A53B3F57D7FB7EEC06A83B01BD226EEA8
:1064F000065BB3F5667F6ED326EE052B25EE021BF9
:10650000734B93ED1A3B93ED187B93ED164BA5EE71
:10651000037BA2EE046BB0EE460BA7EE010BB7EEC9
:10652000C00B03B030BD40F22E4293425ED86849A2
:1065300091ED087B26EE077BFDEEC77B91ED0A5BB4
:1065400017EE903A03F500031B1613F0020F07EE47
:10655000903A01F1700208BF0A46D807B8EEE77B0F
:10656000A7EE456B26EE067B1BD403F0030301EB7D
:10657000C30192ED1A4B91ED002B92ED185B26EEC4
:10658000026B92ED163BA7EE045B26EE074B27EE5F
:10659000047BA4EE036BA5EE076BB7EEC60B03B04E
:1065A00030BD92ED142B27EE075B92ED126B92ED4E
:1065B0000E3BA7EE026B92ED0C0B92ED104BA7EE8B
:1065C000030B27EE057BA5EE040BA6EE070BB7EE3B
:1065D000C00B03B030BD220D12F4FF6FDFD1B7EE58
:1065E000C55B00EE104A8DED015AD8E7B3F5FF6F99
:1065F0004BD2384BC4F3836203EB820053F8222062
:106600000569C4F31603C4F3C25143F400038B407D
:10661000016A03FB02F2A3FB0110E3FB050202F196
:1066200000518D0F01F04041511A01F08BFC2A4BB3
:106630009FED257B05EBD47441EC160B14F0020F93
:10664000A3F1700208BF1346E90726EE077B27EE89
:10665000076B1FD404F0030402EBC40293ED1A4B42
:1066600092ED002B93ED185B27EE027B93ED163B2A
:10667000A6EE045B27EE064B26EE046BA4EE037B2E
:10668000A5EE067BB7EEC70B89E703B0BDE8304047
:1066900000F044B993ED142B26EE065B93ED127BCC
:1066A00093ED0E3BA6EE027B93ED0C0B93ED104B9E
:1066B000A6EE030B26EE056BA5EE040BA7EE060B6C
:1066C000B7EEC00B6BE700BF182D4454FB21193CFB
:1066D000100600203C6A0120800600200000000017
:1066E00038B510EE104AC4F30A53B3F57D7FB7EE08
:1066F000C07A1ED227EE077BB3F5667F6FD327EEF5
:10670000071B634B93ED142B93ED125B93ED0E3B44
:10671000A7EE025B93ED0C0B93ED104BA7EE030B72
:1067200027EE017BA1EE040BA5EE070BB7EEC00B25
:1067300038BD40F22E42934254D8554991ED086B32
:1067400027EE066BFDEEC66B91ED0A5B16EE903AF6
:1067500003F500031B1613F0020F06EE903A01F149
:10676000700208BF0A46D807B8EEE66BA6EE457B76
:1067700027EE076B1AD503F0030301EBC30191ED7C
:10678000002B92ED1A4B92ED185B92ED163BA6EEA4
:10679000045B27EE027B27EE064B26EE046BA4EE8D
:1067A000037BA5EE067BB7EEC70B38BD92ED142B2D
:1067B00092ED127B92ED0E3B92ED0C0B92ED104B95
:1067C00026EE065BA6EE027BA6EE030B26EE056B1D
:1067D000A5EE040BA7EE060BB7EEC00B38BDB7EE67
:1067E000000A38BDB3F5FF6F3DD22A4BC4F3836274
:1067F00003EB820053F822200569C4F31603C4F3A7
:10680000C25143F400038B40016A03FB02F2A3FB75
:106810000110E3FB050202F100518D0F01F0404130
:10682000511A01F08FFB1C4B9FED177B05EBD474C5
:1068300041EC160B14F0020FA3F1700208BF1346CF
:10684000E90726EE077B27EE076B10D504F003045B
:1068500002EBC40292ED002B93ED1A4B93ED185B03
:1068600093ED163B93E7BDE8384000F057B893ED41
:10687000142B93ED127B93ED0E3B93ED0C0B93EDEC
:10688000104B9DE7AFF30080182D4454FB21193CB9
:10689000100600203C6A01208006002010B582B05E
:1068A0008DED010A044601F0A9FE9DED010A046088
:1068B00002B010BD30B1F1EE407A27EE800A2220FE
:1068C000FFF7ECBFF0EE407A27EE800A2220FFF7B8
:1068D000E5BF00BF9FED010AFFF7ECBF000000100D
:1068E0009FED010AFFF7E6BF0000201A9FED010AA5
:1068F000FFF7E0BF000000709FED070AFFEE007A8F
:10690000B7EE007A00284FF0220047FE277A87EE84
:10691000800AFFF7C3BF00BF0000000070EE407A9E
:10692000B4EE400A87EEA77AF1EE10FAB0EE470A0D
:1069300002D62120FFF7B2BF704700BF08B52DED8A
:10694000028BB0EE408A00F045FAB4EE488AF1EED0
:1069500010FA06D6DFED098AB4EEE88AF1EE10FAF5
:1069600002D4BDEC028B08BD01F048FE88EEA80AF7
:10697000BDEC028B2123036008BD00BF00000000B6
:1069800010EE103A114A23F00043934218DDB3F1A0
:10699000FF4F02DB30EE400A704700B583B0684617
:1069A00000F01CFA400000F00200DDED010A9DED50
:1069B000000AC0F1010000F087F803B05DF804FBA5
:1069C000DFED030A012000F07FB800BFDA0F493F76
:1069D0000000000030B52DED028B83B08DED010A73
:1069E000019C24F00043B3F1FF4F10DB324B002C2D
:1069F00093ED007AD3ED007A39DBF0EE406A87EE52
:106A0000260A30EE270A03B0BDEC028B30BD2B4ABC
:106A100093420FDD284A2A4B92ED000AD3ED007A0B
:106A200030EE670A002CB8BFB1EE400A03B0BDECEF
:106A3000028B30BDB3F1105F23DBB3F17E5F214DDC
:106A400029DB00F005FDD5ED007A20EE270A00F0E5
:106A5000F5FA194BD3ED007AD5ED006A95ED007A81
:106A600037EE000A86EE807A37EEC70ADAE7DDED08
:106A7000016A87EE260A30EE670A03B0BDEC028B8E
:106A800030BD0D4BDDED017A93ED000A30EE270AA3
:106A900020EE270AB7E795ED008A00F0D9FC28EE32
:106AA000400A00F0CBFA95ED007A37EE007AF1EE6D
:106AB000407A87EE870AB5E7A0800120FFFFAF414B
:106AC000A4800120A880012008B510EE103A23F020
:106AD0000042B2F1465FF0EE407A0FDABDEEC07AC6
:106AE00017EE101AF9B9431C134300F09F800128D8
:106AF00003D0BFEE007A87EE270A08BD50498A42CC
:106B000011DB9FED507ADFED506A002BBCBFF1EE38
:106B1000600AF1EE407A77EE677A36EEE07ADFEDE2
:106B20004B0A77EE277A67EEA76ADFED494ADFED79
:106B3000495A9FED495A9FED496A414926EEA67A86
:106B40008A42E7EE245AA7EE056ADFED454A9FED3B
:106B5000455AE5EE874AA6EE075ADFED435A9FED08
:106B6000436AE4EE875AA5EE076ADFED414A9FEDDE
:106B7000415AE5EE874AA6EE075A9FED3F6ADFEDE0
:106B80003F5AA4EE876AE5EE075AB0EE467AA5EEC4
:106B9000A67A27EEA65AB0EE606AA7EE056ADFED88
:106BA000384AE6EE260AE5EE240A37EEA00A1FDA96
:106BB0000128A2D0BFEE007AC7EE006A314B10EE7A
:106BC000102A1A4006EE102A16EE902A76EE677A00
:106BD000134000EE103AB7EE007A70EEE70AF0EEDE
:106BE000477AE6EE007AE0EE807AA7EEA60A08BDC4
:106BF00007EE100AB8EEC77A60EE006A30EE070AB8
:106C00009B1786EE806A03F00203C3F10103F0EEE6
:106C1000005A36EE606A06EE903A77EEC67AF8EEE3
:106C2000E66AA7EEE57A26EE870A08BD00F010FCBA
:106C3000B7EE007AF0EE407A87EE270A08BD00BF73
:106C400040A12C3FDA0F493F6821223300000000A9
:106C50005FAE9BB745F4A3388453D9377AC09538D3
:106C6000C8261A3AB937813916696B3B48DEBE3AF5
:106C7000A427B33C1F37113C8988083ED10D5D3DE8
:106C8000ABAAAA3E00F0FFFF10B582B0CDED010A1D
:106C9000019B23F00042B2F1FF4FF0EE407A30DC6E
:106CA00010EE100A20F00041B1F1FF4F29DCB3F1E2
:106CB0007E5F40D09C1704F0020444EAD07431B3E4
:106CC00072B3B2F1FF4F3ED0B1F1FF4F28D0891A15
:106CD000B1F1F45F4FEAE15232DA002B40DA3C3294
:106CE0003EDA9FED330A012C4CD0022C41D064B126
:106CF0009FED307ADFED307A30EE070A30EE670A2A
:106D000003E09DED017A37EE270A02B010BD022C98
:106D10000ED09FED2A7A032C07FE000A02B010BDA8
:106D20009FED270ADFED277A002820FE270AECE7EF
:106D30009FED210AE9E702B0BDE8104000F0B2BAC9
:106D40009FED1F0ACFE7B1F1FF4F04F1FF3420D0D0
:106D5000022C26D81C4B03EB840393ED000AD4E7E6
:106D60009DED017A87EE870A00F072FB00F09AFA37
:106D7000B9E79FED107ADFED107A30EE070A37EEB3
:106D8000C00AC2E710EE103A03F1004300EE103AD9
:106D9000BBE7022C08D80D4B03EB840393ED000AEC
:106DA000B3E79FED030AB0E79FED090AADE700BF27
:106DB000000000002EBDBB33DB0F4940DB0F49C094
:106DC000DB0FC93FDB0FC9BFA81400209C140020B3
:106DD000DB0F493FB1EEC00A704700BF70B510EE3F
:106DE000103A884A23F00044944286B0054670DD8C
:106DF000854A944210EE106A22DC002BDFED837A84
:106E0000834A24F00F04B0EE407A40F3E2809442CB
:106E100070EE677A09BFDFED7F6A9FED7F7A9FEDA5
:106E20007F7A77EEE67A012077EEC76A77EEE67A28
:106E3000C5ED006A77EEC77AC5ED017A06B070BD80
:106E4000774A944254DDB4F1FF4F49DAE215863AAD
:106E5000A4EBC25307EE903ABDEEE77ADFED716A1C
:106E6000B8EEC77A77EEC77A8DED037A67EEA67A29
:106E7000BDEEE77AB8EEC77A77EEC77A8DED047A81
:106E800067EEA67AF5EE407AF1EE10FACDED057ACE
:106E900040F08E80B5EE407AF1EE10FA14BF022376
:106EA0000123614901910221009103A8294600F0C4
:106EB000D7FA002EC2DA95ED007AD5ED017AB1EE5F
:106EC000477AF1EE677A85ED007AC5ED017A4042A6
:106ED000B4E7002285ED000A4260002006B070BDD4
:106EE00070EE407A0020C5ED017AC5ED007AA5E785
:106EF00000F0AEFA9FED4D7A9FED446AF6EE007A0F
:106F0000E0EE077A9FED447AFDEEE77A17EE900AFD
:106F1000F8EEE76A1F28A6EEC60A66EE877AB1EE9B
:106F2000666A1EDC424A411E24F0FF0352F821200B
:106F3000934216D030EE677A85ED007A30EE470A3C
:106F4000002E30EE670A85ED010ABFF677AFB1EE8D
:106F5000477AB1EE400A85ED007A85ED010A40429C
:106F60006CE730EE677AE21517EE103AC3F3C753B9
:106F7000C3EBD453082BDFDD9FED267A9FED275A14
:106F8000F0EE405AE6EE075A70EE657AE6EE077AC2
:106F9000D6EE857A35EEE77A17EE103AC3F3C7538B
:106FA000D21A192A06DCB0EE650A85ED007AC5E72B
:106FB000032376E79FED1F7A9FED1F5AB0EE650A17
:106FC000A6EE070A75EEC07AE6EE077AD6EE857A67
:106FD000B0E7944270EE277A09BFDFED0E6A9FEDAD
:106FE0000E7A9FED0E7A77EEA67A4FF0FF3077EEAD
:106FF000876A77EEE67AC5ED006A77EE877AC5EDA7
:10700000017A1BE7D80F493FE3CB1640800FC93FF9
:10701000D00FC93F004435374344353708A3852E88
:10702000800F494300008043E873012084F9223F28
:10703000D06D012000A3852E32318D2410EE102A50
:10704000894922F000438B422AD9B3F1FF4F7ED801
:1070500000F0D680002AC0F28A80844A934200F26F
:10706000F0809FED837A20EE077AF6EE007A77EED5
:10707000877A9FED806ADFED806AFDEEE77AB8EEF1
:10708000E77A17EE903AF0EE407AE7EE467A27EE8E
:10709000267A37EEC70A77EEC07A77EEC77A07E02E
:1070A00076498B4256D8B3F14C5FC0F08280002302
:1070B000B6EE003A20EE034ADFED716A9FED716A89
:1070C000DFED714A9FED715A20EE047AF7EE003A37
:1070D000A7EE266ADFED6E6AE6EE074AB0EE086AB2
:1070E000E4EE876AF1EE085AA6EE875AF0EE636A7C
:1070F000E5EE076AA4EE666AE0EE465A36EEC66A28
:10710000C6EE256A66EE876A002B4DD076EEE76AFA
:107110005A1CD6EE807A77EEC77A63D0012B51D015
:107120005A1C392A33D8162B70DC4FF080721A4162
:10713000C2F17E5207EE102A77EEC07A77EE677AB8
:1071400017EE902A02EBC35300EE103A704730EE70
:10715000000A70474F498B4279D8002ADFED457A03
:1071600047DB9FED457A70EE677A012391E7DFED0B
:107170004A7A70EE277AF5EEC07AF1EE10FA63D40F
:107180009FED3B7AFEEE007A20EE077A6FE777EE0E
:10719000C07A73EEE77A17EE902A02EBC35307EE3C
:1071A000903A37EEE30A704790EE267A30EE470ABF
:1071B0007047DFED3A7A70EE277A77EEE77A30EEB5
:1071C000670A7047BDEE007AB4EEC70AF1EE10FA16
:1071D0002ED530EE033AB8EE000A77EEC37A27EEEA
:1071E000800A704770EE677ABEEE000AA7EE830A47
:1071F00070479FED2B7A70EE277A4FF0FF3348E708
:10720000FFEE007A002A20FE270A7047C3F17F02B2
:10721000D20507EE102A77EE877A70EE677A77EE5E
:10722000A37A17EE902A02EBC35300EE103A704790
:1072300070EE677AB0EE007AE7EE873AB0EE630A56
:1072400070470020FFF752BBBFEE000A70479FED6A
:10725000087AF6EE007AFEEE006A002A20EE077A3F
:1072600067FEA67A03E700BF43B895411772B142A3
:107270003BAAB83F8071313FD1F717371872B13E42
:10728000BBED57B4547E8636CD70A6B8898808BD4C
:10729000010DD03A9115853F6042A20DCAF24971A5
:1072A000D1F717B738B510EE105A25F00044B4F1F5
:1072B000A14FF0EE407A0ADBB4F1FF4F58DCDFED6E
:1072C000517A9FED517A002D37FE870A38BD4F4B1A
:1072D0009C425CDCB4F1445F4DDB4FF0FF3327EEA2
:1072E000A76ADFED4B6ADFED4B5ADFED4B4A9FEDAE
:1072F0004B5A9FED4B4A26EE067A5A1CE7EE265A69
:10730000DFED486AA5EE875AE7EE246ADFED465ABC
:10731000DFED464AE6EE875AA5EE074A9FED445A4E
:10732000DFED446AA5EE875AE4EE074ADFED425AE4
:10733000E4EE876AE5EE075A66EE866A65EE875ADE
:107340003AD03E4A02EB830276EEA56A92ED007ACD
:107350003B4A96EEA77A02EB8303002DD3ED006A39
:1073600077EE677A36EEE70AB0DAB1EE400A38BD5A
:1073700030EE000A38BD9FED337A30EE077AF7EE33
:10738000006AB4EEE67AF1EE10FAA6DD38BD00F040
:107390005FF82D4B9C4216DCA3F5D0039C4227DC02
:1073A000F0EE007ABFEE007AA0EE277A002330EEEE
:1073B000270AC7EE007A92E776EEA56AE6EEE77A4C
:1073C000B0EE670A38BD214B9C420BDCF7EE087A21
:1073D000B7EE007AA0EE277A022330EE670AC0EEFD
:1073E000077A7CE7BFEE007AC7EE007A032376E7E0
:1073F000F7EE007A30EE677A30EE270A0123C7EE07
:10740000007A6CE7DB0FC93FDB0FC9BFFFFFDF3E30
:10741000D769853C59DA4B3D21A215BD356B883DB6
:107420006E2EBA3D6BF16EBD95879DBD2549123E0E
:10743000388EE3BDABAAAA3ECDCC4CBEAC6A0120CF
:107440009C6A0120CAF24971FFFF973FFFFF1B4072
:1074500010EE103A23F0004300EE103A704700BFE0
:107460002DE9F04F2DED048BDBB01C460393069104
:10747000A04B6899089253F82150111D824604F1DF
:10748000FF38C0F29882D31E48BF131DDB10029351
:107490000133DB000793DDE907239B1A0593029B69
:1074A00015EB0801A3EB080316D401319FED927A86
:1074B000699819441EAA002BA4BF50F8234007EE78
:1074C000904A03F10103ACBFF8EEE77AF0EE477A99
:1074D0008B42E2EC017AEED1002DC0F2DB82039BFD
:1074E0001EAA02EB830446AE4FEA830C4046EF1817
:1074F0000AEB8301B8F1000FDFED7F7A09DB22464A
:107500005346F3EC016A32ED017A8B42E6EE877A5C
:10751000F7D10130B842E6EC017A04F10404E9D174
:107520000AAF07EB8503043B9FED759ADFED738A85
:10753000059804930AEB0C0407EB850946AE009509
:107540005AAB03EB8503002D13ED140A4FEA850BAC
:1075500016DD06EB85033A4660EE097AB0EE407A16
:10756000FDEEE77A73ED016AF8EEE77AB342A7EE33
:10757000E87A37EEA60ABDEEC77AA2EC017AEBD123
:10758000019000F0DFFAB0EE408AB4EE000A28EE77
:10759000000A00F091FAF2EE007AA0EE678A0198F4
:1075A0000028FDEEC89AF8EEE97A38EE678A76DDB3
:1075B00005F1FF3EC0F1080357F82E2042FA03FC04
:1075C0000CFA03F3D31AC0F1070119EE902A47F819
:1075D0002E300B416244002B09EE902A67DCB5EE99
:1075E000408AF1EE10FA40F0BE80009A05F1FF3BB0
:1075F0005A450EDC4FEA850C07EB850200219E46BA
:1076000052F8043D4A4541EA0301F9D1002940F00E
:10761000F180009B013B57F82330002B40F0E680BF
:10762000049B4FF0010C53F8042D0CF1010C002ABF
:10763000F9D06B1CAC449E460299039A01EB030BF4
:107640000BF1804B69992A440BF1FF3B06EB830554
:107650001EAB01EB8B0B03EB8201DBED017A9FED9F
:10766000267AF8EEE77AB8F1000F0BF1040BC1EDC2
:10767000007A0A4601F1040109DB534601E072ED8C
:10768000017AF3EC016AA342A6EEA77AF7D10EF1D4
:10769000010EE645A5EC017ADFDD654650E740F0D6
:1076A0009B806B1E57F82330DB11002B97DD19EE02
:1076B000902A002D02F1010209EE902A40F39181F7
:1076C000396800297ED1012D26D03A464FF0010CB1
:1076D00052F8041F002979D00CF10102C1F5807124
:1076E000954247F82C1016DD57F82210BB4407EBE3
:1076F00082020AE03C6D012000000000000080438F
:107700000000803B0000C93F1168C1F1FF0142F851
:10771000041B5A45F8D1012100280CDD012800F096
:107720004181022807D105F1FF3C57F82C2002F0D7
:107730003F0247F82C20022B7FF451AFB7EE000A2E
:1077400030EE488A00293FF44AAF0993019000F0D7
:10775000F9F938EE408A099B0198B5EE408AF1EEBE
:1077600010FA3FF442AF9846DDE90732B0EE480A1E
:10777000981A0195009D00F0E5F91FED207A019B14
:10778000B4EEC70AF1EE10FAC0F255815FED247A2B
:10779000059A60EE277A0832FDEEE77A0592F8EE58
:1077A000E77A03F1010BA7EEC70AFDEEE77ABDEE1B
:1077B000C00A10EE102A47F8232017EE903A47F837
:1077C0002B302BE001224FF0000C87E70CF1010C6D
:1077D000AC457FF47DAF9FE7F6EE007AB4EEE78A22
:1077E000F1EE10FA80F2EC800023F8E66B1C9E4666
:1077F0009C4621E7059B009DA3F1080257F82B301A
:107800000592F04653B9ACF104033B4453F8041D10
:107810000BF1FF3B083A0029F8D005920598B7EE26
:10782000000A00F08FF9BBF1000FC0F229810BF1C3
:10783000010646AA1FED4E7A4FEA860C07EB860337
:1078400002EB860273ED017AF8EEE77ABB4267EE4F
:10785000807A20EE070A62ED017AF3D1ACF10403DD
:1078600046AA002D1FED596A02EB03044FF00000F9
:1078700022DB8F49DFED8F7AB0EE467A2246002375
:1078800003E0984208DBB1EC017AF2EC016A0133C3
:107890009D42E6EE877AF4DA5AAB03EB8003584553
:1078A00043ED287A4FEA800100F10102A4F10404BB
:1078B00005D0002D1046DCDADFED7E7AECE7689A21
:1078C000022A1DDC002A00F38E8010D132ABDFEDDE
:1078D000797A9C443CED017A634577EE877AF9D159
:1078E00043460BB1F1EE677A069BC3ED007A19EEC1
:1078F000903A03F007005BB0BDEC048BBDE8F08F5D
:10790000689A032AF3D1BBF1000F00F0CB8032A8B4
:1079100013ED287A00EB8B020BF1804372ED017AB4
:10792000F0EE476A37EE277A904277EEC77A82ED1B
:10793000007A77EEA67AC2ED017AEFD1BBF1010FA2
:1079400040F3B08001F5B4720DEB020111ED287A1D
:107950009A0033A900EB830373ED017AF0EE476AD6
:1079600037EE277A994277EEC77A83ED007A77EE81
:10797000A67AC3ED017AEFD1131DDFED4E7A0344F1
:10798000083033ED017A984277EE877AF9D1434691
:10799000002B58D10699329A339B0A604B60C1ED97
:1079A000027AA4E705F1FF3C57F82C2002F07F0291
:1079B00047F82C20BFE608230793002302936AE5CB
:1079C00019EE903A002D03F1010309EE903AC8BF79
:1079D00002233FF775AEF7EE007A37EEC88A02232E
:1079E000FDE5002198E632ABDFED327A03EB860647
:1079F00036ED017AB34277EE877AF9D143469DEDB1
:107A0000327A93BB069BBBF1000FC3ED007A77EE91
:107A1000677A0CDD33AA0123B2EC017A01339B456E
:107A200077EE877AF8DA43460BB1F1EE677A069B78
:107A3000C3ED017A5BE7BDEEC00A9B4610EE102A4B
:107A400047F82320EAE6DDED326A9DED337A069BA6
:107A5000F1EE666AB1EE477AF1EE677AC3ED006A3D
:107A600083ED017AC3ED027A41E7069BF1EE676A86
:107A7000BBF1000F77EE677AC3ED006ACADCD4E78A
:107A8000689B022B0ADC002B0FDC7FF430AFDFEDAC
:107A9000097A25E7039B4FEA830C41E5689B032B9A
:107AA0007FF425AFDFED037A71E7DFED027AA5E71A
:107AB000B81400200000000010EE102AC2F3C753D3
:107AC0007F3B162B22F000412ADC002B10EE100A1F
:107AD00018DB194919410A4221D0DFED187A70EEFE
:107AE000277AF5EEC07AF1EE10FA18DD002A04DAF2
:107AF0004FF4000242FA03F3184420EA010300EEB7
:107B0000103A7047DFED0D7A70EE277AF5EEC07A05
:107B1000F1EE10FA03DD002A08DB9FED090A704739
:107B2000B1F1FF4FFBD330EE000A7047FFEE007A51
:107B3000002900FE270A7047FFFF7F00CAF2497143
:107B40000000000010EE103A33F0004110EE102A51
:107B500027D0B1F1FF4F21D213F0FF4F22D1DFED3B
:107B60002B7A2B4A60EE277A904217EE903A33DB5D
:107B70004CF2503CC3F3C751604517EE902AA1F177
:107B8000190115DDDFED237ADFED236AB0EE677AA8
:107B9000002B67FEA67A27EE870A704730EE000AB0
:107BA000704770474CF2503C60454FEAD151E9DCD8
:107BB0000144FE29E6DC002915DC11F1160F19DB62
:107BC000193122F0FF4242EAC15207EE902A9FED9E
:107BD000130A27EE800A7047DFED117A07EE103A9C
:107BE00027EE270A704722F0FF4242EAC15300EE17
:107BF000103A7047DFED0A7ADFED0A6AB0EE677A75
:107C0000002B67FEA67A27EE870A70470000004C1B
:107C1000B03CFFFFCAF24971CAF249F100000033DB
:107C20006042A20D6042A28D81F0004102E000BFDF
:107C300083F0004330B54FEA41044FEA430594EA2C
:107C4000050F08BF90EA020F1FBF54EA000C55EA67
:107C5000020C7FEA645C7FEA655C00F0E2804FEA38
:107C60005454D4EB5555B8BF6D420CDD2C4480EA1A
:107C7000020281EA030382EA000083EA010180EA4A
:107C8000020281EA0303362D88BF30BD11F0004F98
:107C90004FEA01314FF4801C4CEA113102D04042CE
:107CA00061EB410113F0004F4FEA03334CEA133309
:107CB00002D0524263EB430394EA050F00F0A78021
:107CC000A4F10104D5F1200E0DDB02FA0EFC22FA1C
:107CD00005F2801841F1000103FA0EF2801843FA10
:107CE00005F359410EE0A5F120050EF1200E012A01
:107CF00003FA0EFC28BF4CF0020C43FA05F3C0183F
:107D000051EBE37101F0004507D54FF0000EDCF1B7
:107D1000000C7EEB00006EEB0101B1F5801F1BD360
:107D2000B1F5001F0CD349085FEA30004FEA3C0C64
:107D300004F101044FEA445212F5800F80F09A805A
:107D4000BCF1004F08BF5FEA500C50F1000041EB5E
:107D5000045141EA050130BD5FEA4C0C404141EB62
:107D60000101013C28BFB1F5801FE9D291F0000F5D
:107D700004BF01460020B1FA81F308BF2033A3F10C
:107D80000B03B3F120020CDA0C3208DD02F1140C03
:107D9000C2F10C0201FA0CF021FA02F10CE002F13E
:107DA0001402D8BFC2F1200C01FA02F120FA0CFC37
:107DB000DCBF41EA0C019040E41AA2BF01EB045180
:107DC000294330BD6FEA04041F3C1CDA0C340EDC7E
:107DD00004F11404C4F1200220FA04F001FA02F3C1
:107DE00040EA030021FA04F345EA030130BDC4F17F
:107DF0000C04C4F1200220FA02F001FA04F340EA74
:107E00000300294630BD21FA04F0294630BD94F024
:107E1000000F83F4801306BF81F480110134013D0B
:107E20004EE77FEA645C18BF7FEA655C29D094EA7C
:107E3000050F08BF90EA020F05D054EA000C04BFFA
:107E40001946104630BD91EA030F1EBF00210020E5
:107E500030BD5FEA545C05D14000494128BF41F084
:107E6000004130BD14F580043CBF01F5801130BDE8
:107E700001F0004545F0FE4141F470014FF0000073
:107E800030BD7FEA645C1ABF194610467FEA655C24
:107E90001CBF0B46024650EA013406BF52EA0335C6
:107EA00091EA030F41F4002130BD00BF90F0000FB4
:107EB00004BF0021704730B54FF4806404F13204F0
:107EC0004FF000054FF0000150E700BF90F0000FA9
:107ED00004BF0021704730B54FF4806404F13204D0
:107EE00010F0004548BF40424FF000013EE700BFA0
:107EF00042004FEAE2014FEA31014FEA02701FBF30
:107F000012F07F4393F07F4F81F06051704732F061
:107F10007F4208BF704793F07F4F04BF41F40021B8
:107F2000704730B54FF4607401F0004521F0004116
:107F30001CE700BF50EA010208BF704730B54FF0A0
:107F400000050AE050EA010208BF704730B511F0A1
:107F5000004502D5404261EB41014FF4806404F1D9
:107F600032045FEA915C3FF4D8AE4FF003025FEA5F
:107F7000DC0C18BF03325FEADC0C18BF033202EBE3
:107F8000DC02C2F1200300FA03FC20FA02F001FA3D
:107F900003FE40EA0E0021FA02F11444BDE600BFE0
:107FA000024B0146186800F003B800BF888001202A
:107FB0002DE9F04F01F10B06162E83B0044624D8AC
:107FC000102900F2BA8000F0A3FA1026182202202D
:107FD000B54F3A44A2F1080153688B4200F0BA80D1
:107FE0005A68D96822F003021A449D68E9608D60DE
:107FF000516841F001012046516003F1080500F08D
:108000008DFA284603B0BDE8F08F36F0070600F180
:108010009480B14200F2918000F07AFAB6F5FC7FCC
:10802000C0F09A81730A00F08F80042B00F26F81F8
:10803000B30903F1390003F1380CC3009A4F3B44F4
:10804000A3F108055B689D4206D10CE0002980F28F
:108050002781DB689D4206D05A6822F00302911BFB
:108060000F29F3DD60463D69DFF850C265457CD0DD
:108070006A6822F00302931B0F2B00F37B81002B15
:10808000C7E904CC80F26C81B2F5007F80F01A81E0
:10809000D308796801334FEA521E012202FA0EF228
:1080A0000A4357F833E0C5F808E007EBC301083985
:1080B000E9607A6047F83350CEF80C508310012104
:1080C0009940914257D8114206D120F0030049004F
:1080D000114200F10400FAD007EBC0094D46864674
:1080E000D5F80C80454508D11DE1002B80F2248194
:1080F000D8F80C80454500F01681D8F8042022F00D
:108100000302931B0F2BF0DD2046D8E9025408EB45
:10811000060146F00106C8F80460EC60A56043F073
:108120000104C7E90411C1E902CC4C6048F80230EF
:1081300000F0F4F908F1080502E00C2323600025A3
:10814000284603B0BDE8F08F4FF4007340204FF095
:108150003F0C73E7D3689A4208BF02307FF440AF08
:108160003D69DFF858C1654582D17A6883100121E5
:1081700099409142A7D9BD686B6823F003094E4529
:1081800003D8A9EB06030F2B7ADCDFF834B1474B99
:10819000DBF800201B680132334405EB090A00F0CC
:1081A000338103F580530F3323F47F6828F00F08E1
:1081B0004146204600F010FA411C024600F0F380D0
:1081C000824500F2EE803A4B196841441960084636
:1081D00000F04E81DBF80010019301311BBFA2EBD0
:1081E0000A010918CBF80020196012F0070B00F003
:1081F0001781CBF108010A44CBF580519044083136
:10820000A1EB0801C1F30B0A51462046009200F091
:10821000E3F9421CDDE9002300F04F81801A00EBF6
:108220000A081968BA6048F001005144BD42506024
:10823000196000F02981B9F10F0F40F227816868B9
:10824000A9F10C0C2CF0070C00F0010040EA0C0026
:1082500068604FF0050E05EB0C00BCF10F0FC0E994
:1082600001EE00F2328150681546124B1A688A42BC
:1082700038BF1960104B1A688A4238BF196094E001
:10828000AA1943F0010346F001066E602046BA6069
:10829000536000F043F90835284603B0BDE8F08F7D
:1082A000D9681A44A1E600BF787C0120187905201E
:1082B000E87805201079052014790520807C0120BC
:1082C00080800120B2F5206F4FEA522363D3142B34
:1082D00000F2B78003F15C01C9005B3307EB010ECC
:1082E0007958AEF1080E8E4500F091804B6823F06E
:1082F0000303934202D989688E45F7D1D1F80CE087
:108300007A68C5E9021ECEF80850CD60D6E6142B77
:1083100059D9542B00F29D80330B03F16F0003F108
:108320006E0CC3008AE60EF1010E1EF0030F05F17C
:1083300008057FF4D5AE51E0424445465368D8F86D
:108340000C1043F00103536055F8083F2046D960F4
:108350008B6000F0E3F8F3E6F00806F1080237E678
:108360002A442046536843F001035360083500F067
:10837000D5F8E5E6A919204646F0010643F00104C8
:108380006E60C7E90411C1E902CC4C60AB5000F04B
:10839000C5F80835D4E6930903F13901C90038332B
:1083A0009CE7BD425FD0BD68686820F00308464581
:1083B000A8EB060302D80F2B3FF762AF204600F070
:1083C000ADF80025BCE603F15C0003F15B0CC300D3
:1083D00034E659F808394B4540F0968010F0030F09
:1083E00000F1FF30F5D17B6823EA01037B6049008F
:1083F00099423FF6C0AE19B9BDE649000EF1040E30
:108400001942FAD0704667E603F11008D0E69A10D8
:108410004FF001087B6808FA02F21A437A6070E7AD
:1084200002EB08014942C1F30B0A51462046009273
:1084300000F0D2F8431CDDE900237FF4EFAEDA460A
:10844000EFE6542B25D8130B03F16F01C9006E33EF
:1084500044E7B3F5AA7F25D8F30B03F1780003F1C5
:10846000770CC300EAE5294B186840441860B1E670
:10847000CAF30B0CBCF1000F7FF4ACAEBD68C8446E
:1084800048F001006860F0E61546EEE6012353600F
:1084900094E7B3F5AA7F23D8D30B03F17801C90081
:1084A00077331BE740F25452934223D8B30C03F1C5
:1084B0007D0003F17C0CC300C0E5ABF1080BD84490
:1084C000A8EB02084FF0000AABE605F108012046D0
:1084D000009300F0CBF9BD68009B68681968C4E69A
:1084E00040F254518B420BD8930C03F17D01C9002B
:1084F0007C33F3E64FF47E737F204FF07E0C9DE5D6
:108500004FF47E717E23E9E67B6870E7E87805200A
:10851000014800F09DB800BFE4780520014800F054
:1085200099B800BFE4780520830730B548D0541EC1
:10853000002A3FD0CAB2034601E0013C3AD303F817
:10854000012B9D07F9D1032C2DD9CDB245EA052584
:108550000F2C45EA054536D9A4F1100222F00F0C84
:1085600003F1200EE6444FEA121C03F1100242E927
:10857000045542E9025510327245F8D10CF101025E
:1085800014F00C0F03EB021204F00F0C13D0ACF13B
:10859000040323F003030433134442F8045B9342BF
:1085A000FBD10CF003042CB1C9B21C4403F8011B2D
:1085B0009C42FBD130BD64461346002CF4D1F9E750
:1085C00003461446BFE71A46A446E0E713460A46A8
:1085D0000146022000F0B6B838B5074D0022044627
:1085E00008462A60FBF7F6FE431C00D038BD2B6816
:1085F000002BFBD0236038BD647A0520014B18683E
:10860000704700BF8880012070B50D4E0D4D761B60
:10861000B61006D0002455F8043B01349847A64212
:10862000F9D1094E094D761B00F026FAB61006D096
:10863000002455F8043B01349847A642F9D170BD97
:10864000781D0060781D0060881D0060781D006046
:10865000704700BF704700BF00000000000000002E
:10866000000000000000000090F800F06DE90245F5
:1086700020F007016FF0000C10F0070491F820F0D3
:1086800040F049804FF000046FF00700D1E900236B
:1086900091F840F000F1080082FA4CF2A4FA8CF252
:1086A00083FA4CF3A2FA8CF34BBBD1E9022382FA92
:1086B0004CF200F10800A4FA8CF283FA4CF3A2FA0F
:1086C0008CF3E3B9D1E9042382FA4CF200F10800FB
:1086D000A4FA8CF283FA4CF3A2FA8CF37BB9D1E9B9
:1086E000062301F1200182FA4CF200F10800A4FAFD
:1086F0008CF283FA4CF3A2FA8CF3002BC6D0002A3A
:1087000004BF04301A4612BAB2FA82F2FDE80245FA
:1087100000EBD2007047D1E9002304F00305C4F157
:1087200000004FEAC50514F0040F91F840F00CFA70
:1087300005F562EA05021CBF63EA050362464FF0D5
:108740000004A9E72DE9F047DFF87CA00646DAF837
:10875000000098460F469146FFF77AFF184B1C68B9
:1087600024B365681F2D24DC5EB96B1C0235DAF872
:108770000000636044F82570FFF76CFF0020BDE83F
:10878000F08704EB85010123C1F88890D4F8882193
:10879000AB401A43022EC4F88821C1F80881E4D105
:1087A000D4F88C211A43C4F88C21DEE7054C1C60F8
:1087B000D7E7DAF80000FFF74DFF4FF0FF30DEE7B4
:1087C0004C770520507705206C7C0120F8B5244FAC
:1087D0000C460646FFF79CFEBB685D68C4F57E61EB
:1087E0000F3125F003054B1923F47F6323F00F03AA
:1087F000A3F58054B4F5805F07DB00213046FFF716
:10880000EBFEBB682B44984204D03046FFF786FE4F
:108810000020F8BD61423046FFF7DEFE01300DD08A
:10882000104ABB682D1B45F001055D60136830469A
:108830001B1B1360FFF772FE0120F8BD00213046BC
:10884000FFF7CAFEBA68831A0F2BDEDD43F001037F
:108850005360054B03491B68C01A0860D5E700BF89
:10886000787C0120E878052080800120002961D0F3
:10887000F8B50C460646FFF74BFE54F8042C7B4F28
:10888000A4F1080522F0010105EB010CB868DCF841
:108890000430604523F0030300F08B80D207CCF84E
:1088A000043032D454F8082CAD1A1144AA6807F1E8
:1088B000080082426AD00CEB0304D4F804E0EC68B0
:1088C000D4601EF0010FA26000F0978041F0010318
:1088D0006B60CCF80010B1F5007F35D27868CB081A
:1088E0000122490901338A40024357F833107A6064
:1088F00007EBC302083AC5E9021247F83350CD60CE
:108900003046BDE8F840FFF709BE0CEB03025268A1
:10891000D00710D4194407F10800DCF8083083426E
:1089200073D0DCF80C20DA60936041F001036B60D7
:108930006950D0E7704741F00103B1F5007F44F87A
:10894000043CCCF80010C9D3B1F5206F4FEA512395
:1089500048D28B0903F1390003F13802C300F8183B
:10896000FB580838984259D05A6822F003028A42CC
:1089700002D99B689842F7D1D868C5E90230856072
:10898000DD603046BDE8F840FFF7C8BD0CEB0302E0
:108990005268D20763D40B44DCE90212CA609160CA
:1089A00043F001026A603046EB50BDE8F840FFF743
:1089B000B5BD0B44D10707D454F8082CAD1A1344A5
:1089C000D5E90212CA60916043F001026A60284A48
:1089D000BD6012689A4293D8264B30461968FFF75B
:1089E000F5FE8DE7142B0AD9542B1FD80B0B03F17E
:1089F0006F0003F16E02C300B1E719448DE703F184
:108A00005C0003F15B02C300A9E741F00103C7E981
:108A10000455C5E902006B60695071E779689210EE
:108A2000012404FA02F20A437A60A6E7B3F5AA7FAA
:108A300006D8CB0B03F1780003F17702C3008EE771
:108A400040F25452934206D88B0C03F17D0003F19F
:108A50007C02C30083E74FF47E737E227FE741F000
:108A600001036B60CCF800104AE700BF787C01205E
:108A700084800120187905205FF800F01D1D00603A
:108A80005FF800F0691600605FF800F0F91A006006
:108A90005FF800F0151600605FF800F0B51C00608C
:088AA0000000000000000000CE
:048AA800F8B500BF5E
:088AAC0050CFFF7F0100000024
:108AB40000000000000000000000000000000000B2
:108AC40000000000000000000000000000000000A2
:108AD4000000000000000000000000000000000092
:108AE4000000000000000000000000000000000082
:108AF4000000000000000000000000000000000072
:108B04000000000000000000000000000000000061
:108B14000000000000000000000000000000000051
:108B24000000000000000000000000000000000041
:108B34000000000000000000000000000000000031
:108B44000000000000000000000000000000000021
:108B54000000000000000000000000000000000011
:108B64000000000000000000000000000000000001
:108B740000000000000000000000000000000000F1
:108B840000000000000000000000000000000000E1
:108B940000000000000000000000000000000000D1
:108BA40000000000000000000000000000000000C1
:108BB40000000000000000000000000000000000B1
:108BC40000000000000000000000000000000000A1
:108BD4000000000000000000000000000000000091
:108BE4000000000000000000000000000000000081
:108BF4000000000000000000000000000000000071
:108C04000000000000000000000000000000000060
:108C14000000000000000000000000000000000050
:108C24000000000000000000000000000000000040
:108C34000000000000000000000000000000000030
:108C44000000000000000000000000000000000020
:108C54000000000000000000000000000000000010
:108C64000000000000000000000000000000000000
:108C740000000000000000000000000000000000F0
:108C840000000000000000000000000000000000E0
:108C940000000000000000000000000000000000D0
:108CA40000000000000000000000000000000000C0
:108CB40000000000000000000000000000000000B0
:108CC40000000000000000000000000000000000A0
:108CD4000000000000000000000000000000000090
:108CE4000000000000000000000000000000000080
:108CF4000000000000000000000000000000000070
:108D0400000000000000000000000000000000005F
:108D1400000000000000000000000000000000004F
:108D2400000000000000000000000000000000003F
:108D3400000000000000F03F748515D3B0D9EF3F68
:108D44000F89F96C58B5EF3F515B12D00193EF3F97
:108D54007B517D3CB872EF3FAAB968318754EF3F2D
:108D64003862756E7A38EF3FE1DE1FF59D1EEF3FE6
:108D740015B7310AFE06EF3FCBA93A37A7F1EE3F0C
:108D84002234124CA6DEEE3F2D89616008CEEE3F00
:108D9400272A36D5DABFEE3F824F9D562BB4EE3FDD
:108DA400295448DD07ABEE3F85553AB07EA4EE3F2B
:108DB400CD3B7F669EA0EE3F745FECE8759FEE3F6F
:108DC4008701EB7314A1EE3F13CE4C9989A5EE3FB6
:108DD400DBA02A42E5ACEE3FE5C5CDB037B7EE3FA8
:108DE40090F0A38291C4EE3F5D253EB203D5EE3FE1
:108DF400ADD35A999FE8EE3F475EFBF276FFEE3F14
:108E04009C5285DD9B19EF3F6990EFDC2037EF3FE3
:108E140087A4FBDC1858EF3F5F9B7B33977CEF3FC5
:108E2400DA90A4A2AFA4EF3F40456E5B76D0EF3F4B
:108E3400000000000000E8429423914BF86AAC3F24
:108E4400F3C4FA50CEBFCE3FD6520CFF422EE63FBB
:108E54000000000000003843FE822B6547154740A0
:108E64009423914BF86ABC3EF3C4FA50CEBF2E3F14
:108E7400D6520CFF422E963FBEF3F879EC61F63FD2
:108E84001930965BC6FEDEBF3D88AF4AED71F53FF3
:108E9400A4FCD432680BDBBFB010F0F03995F43F7A
:108EA4007BB71F0A8B41D7BF8503B8B095C9F33F81
:108EB4007BCF6D1AE99DD3BFA564880C190DF33FD0
:108EC40031B6F2F39B1DD0BFA08E0B7B225EF23F26
:108ED400F07A3B1B1D7CC9BF3F341A4A4ABBF13FA1
:108EE4009F3CAF93E3F9C2BFBAE58AF05823F13F40
:108EF4005C8D78BFCB60B9BFA70099413F95F03F27
:108F0400CE5F47B69D6FAABF000000000000F03F8F
:108F14000000000000000000AC479AFD8C60EE3FAA
:108F24003DF5249FCA38B33FA06A021FB3A4EC3FA7
:108F3400BA913854A976C43FE6FC6A573620EB3F11
:108F4400D2E4C44A0B84CE3F2DAAA163D1C2E93F27
:108F54001C65C6F04506D43FED417803E686E83F3C
:108F6400F89F1B2C9C8ED83F624853F5DC67E73F83
:108F7400CC7BB14EA4E0DC3F4D7E0AF7B612D7BFDE
:108F8400E0326849BFCADE3FDEE3FA9F4715E7BF18
:108F9400B8C8355F4715F73FBEF3F879EC61F63F83
:108FA4001930965BC6FEDEBF3D88AF4AED71F53FD2
:108FB400A4FCD432680BDBBFB010F0F03995F43F59
:108FC4007BB71F0A8B41D7BF8503B8B095C9F33F60
:108FD4007BCF6D1AE99DD3BFA564880C190DF33FAF
:108FE40031B6F2F39B1DD0BFA08E0B7B225EF23F05
:108FF400F07A3B1B1D7CC9BF3F341A4A4ABBF13F80
:109004009F3CAF93E3F9C2BFBAE58AF05823F13F1E
:109014005C8D78BFCB60B9BFA70099413F95F03F05
:10902400CE5F47B69D6FAABF000000000000F03F6E
:109034000000000000000000AC479AFD8C60EE3F89
:109044003DF5249FCA38B33FA06A021FB3A4EC3F86
:10905400BA913854A976C43FE6FC6A573620EB3FF0
:10906400D2E4C44A0B84CE3F2DAAA163D1C2E93F06
:109074001C65C6F04506D43FED417803E686E83F1B
:10908400F89F1B2C9C8ED83F624853F5DC67E73F62
:10909400CC7BB14EA4E0DC3F0B6E49C91676D23FBF
:1090A4007AC675A06919D7BFDDBAA76C0AC7DE3FB7
:1090B400C8F6BE484715E7BF2BB82A654715F73FE2
:1090C400000000000000F03F000000000000F0BFBE
:1090D400000000000000F0BF000000000000F03FAE
:1090E40083C8C96D305F6441182D4454FB21F93F96
:1090F400000000000000F03F1C620CFDFFFFDFBF1A
:10910400198F06E15355A53F9D359AE887C056BF90
:10911400C3F87B024393F93E03A695595455C5BF42
:10912400C40B23057610813F24CF7437EB9429BFF9
:10913400000000000000F03F000000000000F0BF4D
:10914400000000000000F0BF000000000000F03F3D
:1091540083C8C96D305F6441182D4454FB21F93F25
:10916400000000000000F0BF1C620CFDFFFFDF3FA9
:10917400198F06E15355A5BF9D359AE887C0563F20
:10918400C3F87B024393F9BE03A695595455C5BF52
:10919400C40B23057610813F24CF7437EB9429BF89
:1091A40000803B4700000000000000000000E04099
:1091B4000000000000A00C46CDCC4C3E0000000096
:1091C400000000000AD7A33BCDCCCC3DCDCC4C3F16
:1091D400CDCC4C3EA69B443B9A99193E0000003FDF
:1091E400CDCC4C3E00000000000000000000003F19
:1091F4000000000000803B47000000000000000069
:10920400000000000000003F0000000000803B4719
:109214000000000000000000000000000000003F0B
:109224000000000000803B47000000000000000038
:10923400000000000000003F0000000000803B47E9
:1092440000000000000000000000803F000000005B
:1092540000000000000000000000000000803B4708
:109264000000000000007A44F304353F00000000D1
:1092740000000000000000000000000000000000EA
:10928400000000000000803F00000000000000001B
:1092940000803B4700000000000000000000803F09
:1092A4000000803F0000803F0000803F00803B477B
:1092B40000000000000000000000803F0000803F2C
:1092C4000000803F0000803F0000DC430000803F3E
:1092D4000000803F000000000000000000000000CB
:1092E400F304353FF304353FFFFFFFFF00000000A8
:1092F4000000000000803B47000000000000000068
:109304000000E0400000000000A00C46CDCC4C3E24
:1093140000000000000000000AD7A33BCDCCCC3DE8
:10932400CDCC4C3FCDCC4C3EA69B443B9A99193EA8
:109334000000003FCDCC4C3E0000000000000000C7
:109344000000003F0000000000803B4700000000D8
:1093540000000000000000000000003F00000000CA
:1093640000803B47000000000000000000000000F7
:109374000000003F0000000000803B4700000000A8
:1093840000000000000000000000003F000000009A
:1093940000803B4700000000000000000000803F08
:1093A40000000000000000000000000000000000B9
:1093B40000803B470000000000007A44F304353F7E
:1093C4000000000000000000000000000000000099
:1093D40000000000000000000000803F00000000CA
:1093E4000000000000803B47000000000000000077
:1093F4000000803F0000803F0000803F0000803F6D
:1094040000803B4700000000000000000000803F97
:109414000000803F0000803F0000803F0000DC43EC
:109424000000803F0000803F0000000000000000BA
:1094340000000000F304353FF304353FFFFFFFFF56
:10944400000000000000000000803B470000000016
:10945400000000000000E0400000000000A00C46F6
:10946400CDCC4C3E00000000000000000AD7A33B16
:10947400CDCCCC3DCDCC4C3FCDCC4C3EA69B443B3F
:109484009A99193E0000003FCDCC4C3E00000000EC
:10949400000000000000003F0000000000803B4787
:1094A4000000000000000000000000000000003F79
:1094B4000000000000803B470000000000000000A6
:1094C400000000000000003F0000000000803B4757
:1094D4000000000000000000000000000000003F49
:1094E4000000000000803B47000000000000000076
:1094F4000000803F000000000000000000000000A9
:109504000000000000803B470000000000007A4497
:10951400F304353F000000000000000000000000DC
:109524000000000000000000000000000000803F78
:10953400000000000000000000803B470000000025
:10954400000000000000803F0000803F0000803FDA
:109554000000803F00803B47000000000000000046
:109564000000803F0000803F0000803F0000803FFB
:109574000000DC430000803F0000803F000000004A
:109584000000000000000000F304353FF304353F01
:10959400FFFFFFFF0000000000000000000080400B
:1095A4000000803F000000000000003FA69B443BF9
:1095B4009A99993E3333333F9A99993E6F12033BFC
:1095C400CDCCCC3E0000003FCDCC4C3E0000803FD3
:1095D4000000803F0000803F0000803F0000803F8B
:1095E4000000803F0000803F9A99193F0000003F2F
:1095F400CDCCCC3ECDCCCC3E9A99993E0000000017
:109604000000000000000000000000000000000056
:109614000000000000803B47000000000000000044
:1096240000803B4700000000000000000000803F75
:109634000000803F0000803F0000803F0000803F2A
:10964400000000000000803F000000000000000057
:1096540000803B47000000000000000000803B4702
:1096640000000000000000000000803F0000803F78
:109674000000803F0000803F0000803F00000000A9
:109684000000803F000000000000000000803B4715
:10969400000000000000000000803B4700000000C4
:1096A400000000000000803F0000803F0000803F79
:1096B4000000803F0000803F000000000000803F69
:1096C400000000000000000000803B470000000094
:1096D4000000000000803B47000000000000000084
:1096E4000000803F0000803F0000803F0000803F7A
:1096F4000000803F000000000000803F00000000E8
:109704000000000000803B47000000000000000053
:1097140000803B4700000000000000000000803F84
:109724000000803F0000803F0000803F0000803F39
:10973400000000000000803F000000000000000066
:1097440000803B47000000000000000000803B4711
:1097540000000000000000000000803F0000803F87
:109764000000803F0000803F0000803F00000000B8
:109774000000803F0000000000000000D0680120CD
:10978400040000000000803F0000DC430000803F34
:109794000000803FFFFFFFFF00000000000000000A
:1097A400000080400000803F000000000000003FF7
:1097B400A69B443B9A99993E3333333F9A99993EF9
:1097C4006F12033BCDCCCC3E0000003FCDCC4C3ED1
:1097D4000000803F0000803F0000803F0000803F89
:1097E4000000803F0000803F0000803F9A99193FAD
:1097F4000000003FCDCCCC3ECDCCCC3E9A99993ED6
:109804000000000000000000000000000000000054
:10981400000000000000000000803B470000000042
:109824000000000000803B47000000000000000032
:109834000000803F0000803F0000803F0000803F28
:109844000000803F000000000000803F0000000096
:109854000000000000803B47000000000000000002
:1098640000803B4700000000000000000000803F33
:109874000000803F0000803F0000803F0000803FE8
:10988400000000000000803F000000000000000015
:1098940000803B47000000000000000000803B47C0
:1098A40000000000000000000000803F0000803F36
:1098B4000000803F0000803F0000803F0000000067
:1098C4000000803F000000000000000000803B47D3
:1098D400000000000000000000803B470000000082
:1098E400000000000000803F0000803F0000803F37
:1098F4000000803F0000803F000000000000803F27
:10990400000000000000000000803B470000000051
:109914000000000000803B47000000000000000041
:109924000000803F0000803F0000803F0000803F37
:109934000000803F000000000000803F00000000A5
:109944000000000000803B47000000000000000011
:1099540000803B4700000000000000000000803F42
:109964000000803F0000803F0000803F0000803FF7
:10997400000000000000803F000000000000000024
:10998400D0680120040000000000803F0000DC4398
:109994000000803F0000803FFFFFFFFF0000000049
:1099A40000000000000080400000803F0000000034
:1099B4000000003FA69B443B9A99993E3333333FC2
:1099C4009A99993E6F12033BCDCCCC3E0000003FE8
:1099D400CDCC4C3E0000803F0000803F0000803F23
:1099E4000000803F0000803F0000803F0000803F77
:1099F4009A99193F0000003FCDCCCC3ECDCCCC3E53
:109A04009A99993E00000000000000000000000048
:109A140000000000000000000000000000803B4740
:109A2400000000000000000000803B470000000030
:109A3400000000000000803F0000803F0000803FE5
:109A44000000803F0000803F000000000000803FD5
:109A5400000000000000000000803B470000000000
:109A64000000000000803B470000000000000000F0
:109A74000000803F0000803F0000803F0000803FE6
:109A84000000803F000000000000803F0000000054
:109A94000000000000803B470000000000000000C0
:109AA40000803B4700000000000000000000803FF1
:109AB4000000803F0000803F0000803F0000803FA6
:109AC400000000000000803F0000000000000000D3
:109AD40000803B47000000000000000000803B477E
:109AE40000000000000000000000803F0000803FF4
:109AF4000000803F0000803F0000803F0000000025
:109B04000000803F000000000000000000803B4790
:109B1400000000000000000000803B47000000003F
:109B2400000000000000803F0000803F0000803FF4
:109B34000000803F0000803F000000000000803FE4
:109B4400000000000000000000803B47000000000F
:109B54000000000000803B470000000000000000FF
:109B64000000803F0000803F0000803F0000803FF5
:109B74000000803F000000000000803F0000000063
:109B840000000000D0680120040000000000803FB5
:109B94000000DC430000803F0000803FFFFFFFFF28
:109BA40000000000000000000000000000000000B1
:109BB40000000040CDCC4C3F6F12033B9A99993E74
:109BC4000000803F0000803F0000003FABAAAA3E97
:109BD4000000803ECDCC4C3EABAA2A3E2549123E25
:109BE4000000003E398EE33DCDCCCC3D8C2EBA3DF9
:109BF400ABAAAA3DD9899D3D2549923D8988883DD6
:109C04000000803DF1F0703D398E633D3694573D40
:109C1400CDCC4C3D310C433D8C2E3A3D4316323D68
:109C2400ABAA2A3D0AD7233DD9891D3D26B4173D49
:109C34002549123DCB3D0D3D8988083D0821043D51
:109C44000000003D0000803F000000000000000014
:109C54000000000000000000000000000000000000
:109C640000000000000000000000000000000000F0
:109C740000000000000000000000000000000000E0
:109C840000000000000000000000000000000000D0
:109C940000000000000000000000000000000000C0
:109CA40000000000000000000000000000000000B0
:109CB40000000000000000000000000000000000A0
:109CC4000000000000000000000000000000000090
:109CD4000000000000000000000000000000000080
:109CE4000000000000000000000000000000000070
:109CF4000000000000000000000000000000000060
:109D0400000000000000000000000000000000004F
:109D1400000000000000000000000000000000003F
:109D2400000000000000000000000000000000002F
:109D3400000000000000000000000000000000001F
:109D440000000000000000000000003F00000000D0
:109D5400000000000AD7A33BCDCCCC3DCDCC4C3F7A
:109D6400CDCC4C3E000000000000FA45CDCCCC3DEB
:109D740000000000000000000000E04000000000BF
:109D840000A00C46CDCC4C3E0000000000000000BA
:109D94000AD7A33BCDCCCC3DCDCC4C3FCDCC4C3E17
:109DA400A69B443B9A99193E0000003FCDCC4C3E03
:109DB40000000000000000000000003F0000000060
:109DC400000080400000803F000000000000003FD1
:109DD400A69B443B9A99993E3333333F9A99993ED3
:109DE4006F12033BCDCCCC3E0000003FCDCC4C3EAB
:109DF4000000803F0000803F0000803F0000803F63
:109E04000000803F0000803F0000803F9A99193F86
:109E14000000003FCDCCCC3ECDCCCC3E9A99993EAF
:109E2400000000000000000000000000000000002E
:109E340000000000000000003333B33E0000004087
:109E44000000003F3333333F0000003FCDCC4C3F94
:109E54003333B33E9A99193F00000000000000001C
:109E64000000003F0000003F6666663F00000000FF
:109E74000000000000000000000000003333C34075
:109E8400000000009A99993EAE47E13D00000000B1
:109E9400000000008FC2F53C9A99193E0000003F73
:109EA4000000003F0000803FCDCCCC3D00000040CE
:109EB400000000000AD7233C9A99993ECDCC4C3F30
:109EC4009A99593FCDCCCC3D3333333F8FC2F53CC7
:109ED4009A99193E00000000CDCCCC3D0000A04072
:109EE4000000803E000000000000803F0000804031
:109EF400CDCC4C3F00000000000000000000003FFB
:109F04009A99993E3BDF7F3F000000000000803FAC
:109F14003333B33E3333B33E295C8F3E000000003D
:109F2400000020406666663F00000000000000401C
:109F34000000003F9A99193F9A99193F0000003F89
:109F44000000003F0000003F00000000DB0F49BF9D
:109F5400E4CB1640E4CB16C000000080DB0F494080
:109F6400DB0F49C00000C93F0000F0390000DA37B8
:109F74000000A2330000842E0000502B0000C227F2
:109F84000000D0220000C41F0000C61B00004417BC
:109F94006E616E00696E66006F76660011190100CD
:109FA40015190100191901001D1901000000704262
:109FB40000008C420000DC420000F042000002433A
:109FC400000020420000A0420000C8420000F0420D
:109FD4000000F042000070420000B4420000C84299
:109FE4000000F0420000F042000020420000A042C5
:109FF4000000C8420000F0420000F042000020428D
:10A004000000A0420000C8420000F0420000F042FC
:10A01400000000000000E0C0000010C1000010C1FA
:10A024000000A0C100000000000040C1000010C1F9
:10A03400000040C1000090C1000000000000F0C119
:10A04400000080C10000B0C10000E0C100000000B9
:10A05400000030C10000A8C10000A0C1000020C25F
:10A06400000000000000A0C1000000C20000E0C128
:10A07400000010C20002040507090B0002040507D2
:10A08400090B0002030507090A0001030507080A72
:10A094000002040607090B0002040507090A00026E
:10A0A400030507080A0002030507080A000103055F
:10A0B40006080A0002030507080B00010405070847
:10A0C4000A0002030607090A0002030507090B0038
:10A0D40002040607090A0001030406080A00020430
:10A0E4000709000305070A00030506070A0002041E
:10A0F4000507090A0B000204050708090B000204FE
:10A1040006080A000103040607090A0002030506FB
:10A1140008090B000102030405060708090A0B00DD
:10A1240002030708000105070A000105060A0002E8
:10A134000307090001040507080B000203060708CA
:10A144000B0001030507090B0001030507080B00B9
:10A15400020406090A00010406080A0BE86E01203D
:10A16400F06E0120F86E0120006F0120086F0120BD
:10A17400106F0120186F0120206F01200000164489
:10A184000000824400A00C450020194500E02B4546
:10A194000000C8430080CA440000164500002F4553
:10A1A40000C0414500007A4300C0DA4400802245E3
:10A1B40000A03E4500C050450000C84300803B4419
:10A1C4000000164500802245004035450000AF439D
:10A1D400000016440000164500302745006038454D
:10A1E40086879CB8EBDA5F3AA09D53BB4001103CD4
:10A1F4003E3DA5BCFEF22D3DD73BBCBD7665A03EE1
:10A204007665A03ED73BBCBDFEF22D3D3E3DA5BCD0
:10A214004001103CA09D53BBEBDA5F3A86879CB8A3
:10A2240032318DA0900E493CB00AC93C2CC3163D76
:10A2340030FB483D742B7B3D05A9963D80B6AF3D70
:10A2440036BDC83D2EBCE13D73B2FA3D86CF093E12
:10A254008340163EB6AB223EA2102F3ECF6E3B3E4D
:10A26400C2C5473E0115543E135C603E7F9A6C3E66
:10A27400CCCF783EC07D823E938E883E229A8E3E1D
:10A2840031A0943E86A09A3EE59AA03E128FA63E47
:10A29400D47CAC3EEF63B23E2A44B83E4A1DBE3E77
:10A2A40015EFC33E53B9C93ECA7BCF3E4136D53EB6
:10A2B40080E8DA3E4F92E03E7533E63EBBCBEB3EA0
:10A2C400EA5AF13ECBE0F63E275DFC3EE4E7003F70
:10A2D4003D9C033F824B063F9BF5083F6B9A0B3F27
:10A2E400DA390E3FCDD3103F2A68133FD9F6153F14
:10A2F400C07F183FC6021B3FD17F1D3FCBF61F3FD7
:10A304009967223F25D2243F5636273F1594293F8B
:10A314004AEB2B3FDE3B2E3FBB85303FC9C8323F63
:10A32400F304353F233A373F4268393F3B8F3B3F85
:10A33400F9AE3D3F67C73F3F70D8413F00E2433F1E
:10A3440003E4453F65DE473F12D1493FF8BB4B3F2D
:10A35400029F4D3F1F7A4F3F3D4D513F4918533F98
:10A3640031DB543FE595563F5348583F6AF2593F15
:10A374001A945B3F532D5D3F05BE5E3F2146603F0F
:10A3840098C5613F5A3C633F59AA643F880F663FB2
:10A39400D86B673F3CBF683FA7096A3F0C4B6B3FD4
:10A3A4005E836C3F93B26D3F9ED86E3F73F56F3FF3
:10A3B4000809713F5213723F4714733FDD0B743F1A
:10A3C4000BFA743FC6DE753F07BA763FC58B773FFD
:10A3D400F853783F9812793F9DC7793F02737A3FCB
:10A3E400BE147B3FCDAC7B3F283B7C3FC9BF7C3F49
:10A3F400AC3A7D3FCCAB7D3F24137E3FB0707E3FB3
:10A404006DC47E3F580E7F3F6D4E7F3FAB847F3FD0
:10A414000FB17F3F97D37F3F43EC7F3F11FB7F3FDB
:10A424000000803F11FB7F3F43EC7F3F97D37F3F8A
:10A434000FB17F3FAB847F3F6D4E7F3F580E7F3F10
:10A444006DC47E3FB0707E3F24137E3FCCAB7D3F16
:10A45400AC3A7D3FC9BF7C3F283B7C3FCDAC7B3FC2
:10A46400BE147B3F02737A3F9DC7793F9812793FB0
:10A47400F853783FC58B773F07BA763FC6DE753F02
:10A484000BFA743FDD0B743F4714733F5213723F52
:10A494000809713F73F56F3F9ED86E3F93B26D3FCD
:10A4A4005E836C3F0C4B6B3FA7096A3F3CBF683F20
:10A4B400D86B673F880F663F59AA643F5A3C633F95
:10A4C40098C5613F2146603F05BE5E3F532D5D3F09
:10A4D4001A945B3F6AF2593F5348583FE595563FFB
:10A4E40031DB543F4918533F3D4D513F1F7A4F3F95
:10A4F400029F4D3FF8BB4B3F12D1493F65DE473FBA
:10A5040003E4453F00E2433F70D8413F67C73F3F04
:10A51400F9AE3D3F3B8F3B3F4268393F233A373FDB
:10A52400F304353FC9C8323FBB85303FDE3B2E3F85
:10A534004AEB2B3F1594293F5636273F25D2243F1B
:10A544009967223FCBF61F3FD17F1D3FC6021B3FB9
:10A55400C07F183FD9F6153F2A68133FCDD3103F6B
:10A56400DA390E3F6B9A0B3F9BF5083F824B063F4F
:10A574003D9C033FE4E7003F275DFC3ECBE0F63E15
:10A58400EA5AF13EBBCBEB3E7533E63E4F92E03EDA
:10A5940080E8DA3E4136D53ECA7BCF3E53B9C93E48
:10A5A40015EFC33E4A1DBE3E2A44B83EEF63B23E99
:10A5B400D47CAC3E128FA63EE59AA03E86A09A3E7D
:10A5C40031A0943E229A8E3E938E883EC07D823E78
:10A5D400CCCF783E7F9A6C3E135C603E0115543EAE
:10A5E400C2C5473ECF6E3B3EA2102F3EB6AB223EC5
:10A5F4008340163E86CF093E73B2FA3D2EBCE13D40
:10A6040036BDC83D80B6AF3D05A9963D742B7B3D54
:10A6140030FB483D2CC3163DB00AC93C900E493C62
:10A6240099EA0C25900E49BCB00AC9BC2CC316BDCE
:10A6340030FB48BD742B7BBD05A996BD80B6AFBD6C
:10A6440036BDC8BD2EBCE1BD73B2FABD86CF09BE0E
:10A65400834016BEB6AB22BEA2102FBECF6E3BBE49
:10A66400C2C547BE011554BE135C60BE7F9A6CBE62
:10A67400CCCF78BEC07D82BE938E88BE229A8EBE19
:10A6840031A094BE86A09ABEE59AA0BE128FA6BE43
:10A69400D47CACBEEF63B2BE2A44B8BE4A1DBEBE73
:10A6A40015EFC3BE53B9C9BECA7BCFBE4136D5BEB2
:10A6B40080E8DABE4F92E0BE7533E6BEBBCBEBBE9C
:10A6C400EA5AF1BECBE0F6BE275DFCBEE4E700BF6C
:10A6D4003D9C03BF824B06BF9BF508BF6B9A0BBF23
:10A6E400DA390EBFCDD310BF2A6813BFD9F615BF10
:10A6F400C07F18BFC6021BBFD17F1DBFCBF61FBFD3
:10A70400996722BF25D224BF563627BF159429BF87
:10A714004AEB2BBFDE3B2EBFBB8530BFC9C832BF5F
:10A72400F30435BF233A37BF426839BF3B8F3BBF81
:10A73400F9AE3DBF67C73FBF70D841BF00E243BF1A
:10A7440003E445BF65DE47BF12D149BFF8BB4BBF29
:10A75400029F4DBF1F7A4FBF3D4D51BF491853BF94
:10A7640031DB54BFE59556BF534858BF6AF259BF11
:10A774001A945BBF532D5DBF05BE5EBF214660BF0B
:10A7840098C561BF5A3C63BF59AA64BF880F66BFAE
:10A79400D86B67BF3CBF68BFA7096ABF0C4B6BBFD0
:10A7A4005E836CBF93B26DBF9ED86EBF73F56FBFEF
:10A7B400080971BF521372BF471473BFDD0B74BF16
:10A7C4000BFA74BFC6DE75BF07BA76BFC58B77BFF9
:10A7D400F85378BF981279BF9DC779BF02737ABFC7
:10A7E400BE147BBFCDAC7BBF283B7CBFC9BF7CBF45
:10A7F400AC3A7DBFCCAB7DBF24137EBFB0707EBFAF
:10A804006DC47EBF580E7FBF6D4E7FBFAB847FBFCC
:10A814000FB17FBF97D37FBF43EC7FBF11FB7FBFD7
:10A82400000080BF11FB7FBF43EC7FBF97D37FBF86
:10A834000FB17FBFAB847FBF6D4E7FBF580E7FBF0C
:10A844006DC47EBFB0707EBF24137EBFCCAB7DBF12
:10A85400AC3A7DBFC9BF7CBF283B7CBFCDAC7BBFBE
:10A86400BE147BBF02737ABF9DC779BF981279BFAC
:10A87400F85378BFC58B77BF07BA76BFC6DE75BFFE
:10A884000BFA74BFDD0B74BF471473BF521372BF4E
:10A89400080971BF73F56FBF9ED86EBF93B26DBFC9
:10A8A4005E836CBF0C4B6BBFA7096ABF3CBF68BF1C
:10A8B400D86B67BF880F66BF59AA64BF5A3C63BF91
:10A8C40098C561BF214660BF05BE5EBF532D5DBF05
:10A8D4001A945BBF6AF259BF534858BFE59556BFF7
:10A8E40031DB54BF491853BF3D4D51BF1F7A4FBF91
:10A8F400029F4DBFF8BB4BBF12D149BF65DE47BFB6
:10A9040003E445BF00E243BF70D841BF67C73FBF00
:10A91400F9AE3DBF3B8F3BBF426839BF233A37BFD7
:10A92400F30435BFC9C832BFBB8530BFDE3B2EBF81
:10A934004AEB2BBF159429BF563627BF25D224BF17
:10A94400996722BFCBF61FBFD17F1DBFC6021BBFB5
:10A95400C07F18BFD9F615BF2A6813BFCDD310BF67
:10A96400DA390EBF6B9A0BBF9BF508BF824B06BF4B
:10A974003D9C03BFE4E700BF275DFCBECBE0F6BE11
:10A98400EA5AF1BEBBCBEBBE7533E6BE4F92E0BED6
:10A9940080E8DABE4136D5BECA7BCFBE53B9C9BE44
:10A9A40015EFC3BE4A1DBEBE2A44B8BEEF63B2BE95
:10A9B400D47CACBE128FA6BEE59AA0BE86A09ABE79
:10A9C40031A094BE229A8EBE938E88BEC07D82BE74
:10A9D400CCCF78BE7F9A6CBE135C60BE011554BEAA
:10A9E400C2C547BECF6E3BBEA2102FBEB6AB22BEC1
:10A9F400834016BE86CF09BE73B2FABD2EBCE1BD3C
:10AA040036BDC8BD80B6AFBD05A996BD742B7BBD50
:10AA140030FB48BD2CC316BDB00AC9BC900E49BC5E
:10AA2400000080BF00007EBF00007CBF00007ABF32
:10AA3400000078BF000076BF000074BF000072BF42
:10AA4400000070BF00006EBF00006CBF00006ABF52
:10AA5400000068BF000066BF000064BF000062BF62
:10AA6400000060BF00005EBF00005CBF00005ABF72
:10AA7400000058BF000056BF000054BF000052BF82
:10AA8400000050BF00004EBF00004CBF00004ABF92
:10AA9400000048BF000046BF000044BF000042BFA2
:10AAA400000040BF00003EBF00003CBF00003ABFB2
:10AAB400000038BF000036BF000034BF000032BFC2
:10AAC400000030BF00002EBF00002CBF00002ABFD2
:10AAD400000028BF000026BF000024BF000022BFE2
:10AAE400000020BF00001EBF00001CBF00001ABFF2
:10AAF400000018BF000016BF000014BF000012BF02
:10AB0400000010BF00000EBF00000CBF00000ABF11
:10AB1400000008BF000006BF000004BF000002BF21
:10AB2400000000BF0000FCBE0000F8BE0000F4BE40
:10AB34000000F0BE0000ECBE0000E8BE0000E4BE71
:10AB44000000E0BE0000DCBE0000D8BE0000D4BEA1
:10AB54000000D0BE0000CCBE0000C8BE0000C4BED1
:10AB64000000C0BE0000BCBE0000B8BE0000B4BE01
:10AB74000000B0BE0000ACBE0000A8BE0000A4BE31
:10AB84000000A0BE00009CBE000098BE000094BE61
:10AB9400000090BE00008CBE000088BE000084BE91
:10ABA400000080BE000078BE000070BE000068BED9
:10ABB400000060BE000058BE000050BE000048BE49
:10ABC400000040BE000038BE000030BE000028BEB9
:10ABD400000020BE000018BE000010BE000008BE29
:10ABE400000000BE0000F0BD0000E0BD0000D0BDCC
:10ABF4000000C0BD0000B0BD0000A0BD000090BDBD
:10AC0400000080BD000060BD000040BD000020BD0C
:10AC1400000000BD0000C0BC000080BC000000BCFF
:10AC2400000000000000003C0000803C0000C03C2C
:10AC34000000003D0000203D0000403D0000603D5C
:10AC44000000803D0000903D0000A03D0000B03DAC
:10AC54000000C03D0000D03D0000E03D0000F03D9C
:10AC64000000003E0000083E0000103E0000183EB8
:10AC74000000203E0000283E0000303E0000383E28
:10AC84000000403E0000483E0000503E0000583E98
:10AC94000000603E0000683E0000703E0000783E08
:10ACA4000000803E0000843E0000883E00008C3E90
:10ACB4000000903E0000943E0000983E00009C3E40
:10ACC4000000A03E0000A43E0000A83E0000AC3EF0
:10ACD4000000B03E0000B43E0000B83E0000BC3EA0
:10ACE4000000C03E0000C43E0000C83E0000CC3E50
:10ACF4000000D03E0000D43E0000D83E0000DC3E00
:10AD04000000E03E0000E43E0000E83E0000EC3EAF
:10AD14000000F03E0000F43E0000F83E0000FC3E5F
:10AD24000000003F0000023F0000043F0000063F17
:10AD34000000083F00000A3F00000C3F00000E3FE7
:10AD44000000103F0000123F0000143F0000163FB7
:10AD54000000183F00001A3F00001C3F00001E3F87
:10AD64000000203F0000223F0000243F0000263F57
:10AD74000000283F00002A3F00002C3F00002E3F27
:10AD84000000303F0000323F0000343F0000363FF7
:10AD94000000383F00003A3F00003C3F00003E3FC7
:10ADA4000000403F0000423F0000443F0000463F97
:10ADB4000000483F00004A3F00004C3F00004E3F67
:10ADC4000000503F0000523F0000543F0000563F37
:10ADD4000000583F00005A3F00005C3F00005E3F07
:10ADE4000000603F0000623F0000643F0000663FD7
:10ADF4000000683F00006A3F00006C3F00006E3FA7
:10AE04000000703F0000723F0000743F0000763F76
:10AE14000000783F00007A3F00007C3F00007E3F46
:10AE24000000803F00007E3F00007C3F00007A3F2E
:10AE34000000783F0000763F0000743F0000723F3E
:10AE44000000703F00006E3F00006C3F00006A3F4E
:10AE54000000683F0000663F0000643F0000623F5E
:10AE64000000603F00005E3F00005C3F00005A3F6E
:10AE74000000583F0000563F0000543F0000523F7E
:10AE84000000503F00004E3F00004C3F00004A3F8E
:10AE94000000483F0000463F0000443F0000423F9E
:10AEA4000000403F00003E3F00003C3F00003A3FAE
:10AEB4000000383F0000363F0000343F0000323FBE
:10AEC4000000303F00002E3F00002C3F00002A3FCE
:10AED4000000283F0000263F0000243F0000223FDE
:10AEE4000000203F00001E3F00001C3F00001A3FEE
:10AEF4000000183F0000163F0000143F0000123FFE
:10AF04000000103F00000E3F00000C3F00000A3F0D
:10AF14000000083F0000063F0000043F0000023F1D
:10AF24000000003F0000FC3E0000F83E0000F43E3C
:10AF34000000F03E0000EC3E0000E83E0000E43E6D
:10AF44000000E03E0000DC3E0000D83E0000D43E9D
:10AF54000000D03E0000CC3E0000C83E0000C43ECD
:10AF64000000C03E0000BC3E0000B83E0000B43EFD
:10AF74000000B03E0000AC3E0000A83E0000A43E2D
:10AF84000000A03E00009C3E0000983E0000943E5D
:10AF94000000903E00008C3E0000883E0000843E8D
:10AFA4000000803E0000783E0000703E0000683ED5
:10AFB4000000603E0000583E0000503E0000483E45
:10AFC4000000403E0000383E0000303E0000283EB5
:10AFD4000000203E0000183E0000103E0000083E25
:10AFE4000000003E0000F03D0000E03D0000D03DC8
:10AFF4000000C03D0000B03D0000A03D0000903DB9
:10B004000000803D0000603D0000403D0000203D08
:10B014000000003D0000C03C0000803C0000003CFB
:10B0240000000000000000BC000080BC0000C0BCA8
:10B03400000000BD000020BD000040BD000060BD58
:10B04400000080BD000090BD0000A0BD0000B0BDA8
:10B054000000C0BD0000D0BD0000E0BD0000F0BD98
:10B06400000000BE000008BE000010BE000018BEB4
:10B07400000020BE000028BE000030BE000038BE24
:10B08400000040BE000048BE000050BE000058BE94
:10B09400000060BE000068BE000070BE000078BE04
:10B0A400000080BE000084BE000088BE00008CBE8C
:10B0B400000090BE000094BE000098BE00009CBE3C
:10B0C4000000A0BE0000A4BE0000A8BE0000ACBEEC
:10B0D4000000B0BE0000B4BE0000B8BE0000BCBE9C
:10B0E4000000C0BE0000C4BE0000C8BE0000CCBE4C
:10B0F4000000D0BE0000D4BE0000D8BE0000DCBEFC
:10B104000000E0BE0000E4BE0000E8BE0000ECBEAB
:10B114000000F0BE0000F4BE0000F8BE0000FCBE5B
:10B12400000000BF000002BF000004BF000006BF13
:10B13400000008BF00000ABF00000CBF00000EBFE3
:10B14400000010BF000012BF000014BF000016BFB3
:10B15400000018BF00001ABF00001CBF00001EBF83
:10B16400000020BF000022BF000024BF000026BF53
:10B17400000028BF00002ABF00002CBF00002EBF23
:10B18400000030BF000032BF000034BF000036BFF3
:10B19400000038BF00003ABF00003CBF00003EBFC3
:10B1A400000040BF000042BF000044BF000046BF93
:10B1B400000048BF00004ABF00004CBF00004EBF63
:10B1C400000050BF000052BF000054BF000056BF33
:10B1D400000058BF00005ABF00005CBF00005EBF03
:10B1E400000060BF000062BF000064BF000066BFD3
:10B1F400000068BF00006ABF00006CBF00006EBFA3
:10B20400000070BF000072BF000074BF000076BF72
:10B21400000078BF00007ABF00007CBF00007EBF42
:10B2240000807FBF00807FBF00807DBF00807DBF26
:10B2340000807BBF00807BBF008079BF008079BF26
:10B24400008077BF008077BF008075BF008075BF26
:10B25400008073BF008073BF008071BF008071BF26
:10B2640000806FBF00806FBF00806DBF00806DBF26
:10B2740000806BBF00806BBF008069BF008069BF26
:10B28400008067BF008067BF008065BF008065BF26
:10B29400008063BF008063BF008061BF008061BF26
:10B2A40000805FBF00805FBF00805DBF00805DBF26
:10B2B40000805BBF00805BBF008059BF008059BF26
:10B2C400008057BF008057BF008055BF008055BF26
:10B2D400008053BF008053BF008051BF008051BF26
:10B2E40000804FBF00804FBF00804DBF00804DBF26
:10B2F40000804BBF00804BBF008049BF008049BF26
:10B30400008047BF008047BF008045BF008045BF25
:10B31400008043BF008043BF008041BF008041BF25
:10B3240000803FBF00803FBF00803DBF00803DBF25
:10B3340000803BBF00803BBF008039BF008039BF25
:10B34400008037BF008037BF008035BF008035BF25
:10B35400008033BF008033BF008031BF008031BF25
:10B3640000802FBF00802FBF00802DBF00802DBF25
:10B3740000802BBF00802BBF008029BF008029BF25
:10B38400008027BF008027BF008025BF008025BF25
:10B39400008023BF008023BF008021BF008021BF25
:10B3A40000801FBF00801FBF00801DBF00801DBF25
:10B3B40000801BBF00801BBF008019BF008019BF25
:10B3C400008017BF008017BF008015BF008015BF25
:10B3D400008013BF008013BF008011BF008011BF25
:10B3E40000800FBF00800FBF00800DBF00800DBF25
:10B3F40000800BBF00800BBF008009BF008009BF25
:10B40400008007BF008007BF008005BF008005BF24
:10B41400008003BF008003BF008001BF008001BF24
:10B424000000FFBE0000FFBE0000FBBE0000FBBE2C
:10B434000000F7BE0000F7BE0000F3BE0000F3BE3C
:10B444000000EFBE0000EFBE0000EBBE0000EBBE4C
:10B454000000E7BE0000E7BE0000E3BE0000E3BE5C
:10B464000000DFBE0000DFBE0000DBBE0000DBBE6C
:10B474000000D7BE0000D7BE0000D3BE0000D3BE7C
:10B484000000CFBE0000CFBE0000CBBE0000CBBE8C
:10B494000000C7BE0000C7BE0000C3BE0000C3BE9C
:10B4A4000000BFBE0000BFBE0000BBBE0000BBBEAC
:10B4B4000000B7BE0000B7BE0000B3BE0000B3BEBC
:10B4C4000000AFBE0000AFBE0000ABBE0000ABBECC
:10B4D4000000A7BE0000A7BE0000A3BE0000A3BEDC
:10B4E40000009FBE00009FBE00009BBE00009BBEEC
:10B4F400000097BE000097BE000093BE000093BEFC
:10B5040000008FBE00008FBE00008BBE00008BBE0B
:10B51400000087BE000087BE000083BE000083BE1B
:10B5240000007EBE00007EBE000076BE000076BE37
:10B5340000006EBE00006EBE000066BE000066BE67
:10B5440000005EBE00005EBE000056BE000056BE97
:10B5540000004EBE00004EBE000046BE000046BEC7
:10B5640000003EBE00003EBE000036BE000036BEF7
:10B5740000002EBE00002EBE000026BE000026BE27
:10B5840000001EBE00001EBE000016BE000016BE57
:10B5940000000EBE00000EBE000006BE000006BE87
:10B5A4000000FCBD0000FCBD0000ECBD0000ECBDD3
:10B5B4000000DCBD0000DCBD0000CCBD0000CCBD43
:10B5C4000000BCBD0000BCBD0000ACBD0000ACBDB3
:10B5D40000009CBD00009CBD00008CBD00008CBD23
:10B5E400000078BD000078BD000058BD000058BDC3
:10B5F400000038BD000038BD000018BD000018BDB3
:10B604000000F0BC0000F0BC0000B0BC0000B0BC06
:10B61400000060BC000060BC0000C0BB0000C0BBF8
:10B624000000003B0000003B0000203C0000203CE8
:10B634000000903C0000903C0000D03C0000D03C56
:10B644000000083D0000083D0000283D0000283DA2
:10B654000000483D0000483D0000683D0000683D92
:10B664000000843D0000843D0000943D0000943DB2
:10B674000000A43D0000A43D0000B43D0000B43D22
:10B684000000C43D0000C43D0000D43D0000D43D92
:10B694000000E43D0000E43D0000F43D0000F43D02
:10B6A4000000023E0000023E00000A3E00000A3E86
:10B6B4000000123E0000123E00001A3E00001A3E36
:10B6C4000000223E0000223E00002A3E00002A3EE6
:10B6D4000000323E0000323E00003A3E00003A3E96
:10B6E4000000423E0000423E00004A3E00004A3E46
:10B6F4000000523E0000523E00005A3E00005A3EF6
:10B704000000623E0000623E00006A3E00006A3EA5
:10B714000000723E0000723E00007A3E00007A3E55
:10B724000000813E0000813E0000853E0000853E11
:10B734000000893E0000893E00008D3E00008D3EE1
:10B744000000913E0000913E0000953E0000953EB1
:10B754000000993E0000993E00009D3E00009D3E81
:10B764000000A13E0000A13E0000A53E0000A53E51
:10B774000000A93E0000A93E0000AD3E0000AD3E21
:10B784000000B13E0000B13E0000B53E0000B53EF1
:10B794000000B93E0000B93E0000BD3E0000BD3EC1
:10B7A4000000C13E0000C13E0000C53E0000C53E91
:10B7B4000000C93E0000C93E0000CD3E0000CD3E61
:10B7C4000000D13E0000D13E0000D53E0000D53E31
:10B7D4000000D93E0000D93E0000DD3E0000DD3E01
:10B7E4000000E13E0000E13E0000E53E0000E53ED1
:10B7F4000000E93E0000E93E0000ED3E0000ED3EA1
:10B804000000F13E0000F13E0000F53E0000F53E70
:10B814000000F93E0000F93E0000FD3E0000FD3E40
:10B824000080003F0080003F0080023F0080023F14
:10B834000080043F0080043F0080063F0080063FF4
:10B844000080083F0080083F00800A3F00800A3FD4
:10B8540000800C3F00800C3F00800E3F00800E3FB4
:10B864000080103F0080103F0080123F0080123F94
:10B874000080143F0080143F0080163F0080163F74
:10B884000080183F0080183F00801A3F00801A3F54
:10B8940000801C3F00801C3F00801E3F00801E3F34
:10B8A4000080203F0080203F0080223F0080223F14
:10B8B4000080243F0080243F0080263F0080263FF4
:10B8C4000080283F0080283F00802A3F00802A3FD4
:10B8D40000802C3F00802C3F00802E3F00802E3FB4
:10B8E4000080303F0080303F0080323F0080323F94
:10B8F4000080343F0080343F0080363F0080363F74
:10B904000080383F0080383F00803A3F00803A3F53
:10B9140000803C3F00803C3F00803E3F00803E3F33
:10B924000080403F0080403F0080423F0080423F13
:10B934000080443F0080443F0080463F0080463FF3
:10B944000080483F0080483F00804A3F00804A3FD3
:10B9540000804C3F00804C3F00804E3F00804E3FB3
:10B964000080503F0080503F0080523F0080523F93
:10B974000080543F0080543F0080563F0080563F73
:10B984000080583F0080583F00805A3F00805A3F53
:10B9940000805C3F00805C3F00805E3F00805E3F33
:10B9A4000080603F0080603F0080623F0080623F13
:10B9B4000080643F0080643F0080663F0080663FF3
:10B9C4000080683F0080683F00806A3F00806A3FD3
:10B9D40000806C3F00806C3F00806E3F00806E3FB3
:10B9E4000080703F0080703F0080723F0080723F93
:10B9F4000080743F0080743F0080763F0080763F73
:10BA04000080783F0080783F00807A3F00807A3F52
:10BA140000807C3F00807C3F00807E3F00807E3F32
:10BA24000000803F0000803F0000803F0000803F16
:10BA34000000803F0000803F0000803F0000803F06
:10BA44000000803F0000803F0000803F0000803FF6
:10BA54000000803F0000803F0000803F0000803FE6
:10BA64000000803F0000803F0000803F0000803FD6
:10BA74000000803F0000803F0000803F0000803FC6
:10BA84000000803F0000803F0000803F0000803FB6
:10BA94000000803F0000803F0000803F0000803FA6
:10BAA4000000803F0000803F0000803F0000803F96
:10BAB4000000803F0000803F0000803F0000803F86
:10BAC4000000803F0000803F0000803F0000803F76
:10BAD4000000803F0000803F0000803F0000803F66
:10BAE4000000803F0000803F0000803F0000803F56
:10BAF4000000803F0000803F0000803F0000803F46
:10BB04000000803F0000803F0000803F0000803F35
:10BB14000000803F0000803F0000803F0000803F25
:10BB24000000803F0000803F0000803F0000803F15
:10BB34000000803F0000803F0000803F0000803F05
:10BB44000000803F0000803F0000803F0000803FF5
:10BB54000000803F0000803F0000803F0000803FE5
:10BB64000000803F0000803F0000803F0000803FD5
:10BB74000000803F0000803F0000803F0000803FC5
:10BB84000000803F0000803F0000803F0000803FB5
:10BB94000000803F0000803F0000803F0000803FA5
:10BBA4000000803F0000803F0000803F0000803F95
:10BBB4000000803F0000803F0000803F0000803F85
:10BBC4000000803F0000803F0000803F0000803F75
:10BBD4000000803F0000803F0000803F0000803F65
:10BBE4000000803F0000803F0000803F0000803F55
:10BBF4000000803F0000803F0000803F0000803F45
:10BC04000000803F0000803F0000803F0000803F34
:10BC14000000803F0000803F0000803F0000803F24
:10BC24000000803F0000803F0000803F0000803F14
:10BC34000000803F0000803F0000803F0000803F04
:10BC44000000803F0000803F0000803F0000803FF4
:10BC54000000803F0000803F0000803F0000803FE4
:10BC64000000803F0000803F0000803F0000803FD4
:10BC74000000803F0000803F0000803F0000803FC4
:10BC84000000803F0000803F0000803F0000803FB4
:10BC94000000803F0000803F0000803F0000803FA4
:10BCA4000000803F0000803F0000803F0000803F94
:10BCB4000000803F0000803F0000803F0000803F84
:10BCC4000000803F0000803F0000803F0000803F74
:10BCD4000000803F0000803F0000803F0000803F64
:10BCE4000000803F0000803F0000803F0000803F54
:10BCF4000000803F0000803F0000803F0000803F44
:10BD04000000803F0000803F0000803F0000803F33
:10BD14000000803F0000803F0000803F0000803F23
:10BD24000000803F0000803F0000803F0000803F13
:10BD34000000803F0000803F0000803F0000803F03
:10BD44000000803F0000803F0000803F0000803FF3
:10BD54000000803F0000803F0000803F0000803FE3
:10BD64000000803F0000803F0000803F0000803FD3
:10BD74000000803F0000803F0000803F0000803FC3
:10BD84000000803F0000803F0000803F0000803FB3
:10BD94000000803F0000803F0000803F0000803FA3
:10BDA4000000803F0000803F0000803F0000803F93
:10BDB4000000803F0000803F0000803F0000803F83
:10BDC4000000803F0000803F0000803F0000803F73
:10BDD4000000803F0000803F0000803F0000803F63
:10BDE4000000803F0000803F0000803F0000803F53
:10BDF4000000803F0000803F0000803F0000803F43
:10BE04000000803F0000803F0000803F0000803F32
:10BE14000000803F0000803F0000803F0000803F22
:10BE2400000080BF000080BF000080BF000080BF12
:10BE3400000080BF000080BF000080BF000080BF02
:10BE4400000080BF000080BF000080BF000080BFF2
:10BE5400000080BF000080BF000080BF000080BFE2
:10BE6400000080BF000080BF000080BF000080BFD2
:10BE7400000080BF000080BF000080BF000080BFC2
:10BE8400000080BF000080BF000080BF000080BFB2
:10BE9400000080BF000080BF000080BF000080BFA2
:10BEA400000080BF000080BF000080BF000080BF92
:10BEB400000080BF000080BF000080BF000080BF82
:10BEC400000080BF000080BF000080BF000080BF72
:10BED400000080BF000080BF000080BF000080BF62
:10BEE400000080BF000080BF000080BF000080BF52
:10BEF400000080BF000080BF000080BF000080BF42
:10BF0400000080BF000080BF000080BF000080BF31
:10BF1400000080BF000080BF000080BF000080BF21
:10BF2400000080BF000080BF000080BF000080BF11
:10BF3400000080BF000080BF000080BF000080BF01
:10BF4400000080BF000080BF000080BF000080BFF1
:10BF5400000080BF000080BF000080BF000080BFE1
:10BF6400000080BF000080BF000080BF000080BFD1
:10BF7400000080BF000080BF000080BF000080BFC1
:10BF8400000080BF000080BF000080BF000080BFB1
:10BF9400000080BF000080BF000080BF000080BFA1
:10BFA400000080BF000080BF000080BF000080BF91
:10BFB400000080BF000080BF000080BF000080BF81
:10BFC400000080BF000080BF000080BF000080BF71
:10BFD400000080BF000080BF000080BF000080BF61
:10BFE400000080BF000080BF000080BF000080BF51
:10BFF400000080BF000080BF000080BF000080BF41
:10C00400000080BF000080BF000080BF000080BF30
:10C01400000080BF000080BF000080BF000080BF20
:10C02400000080BF000080BF000080BF000080BF10
:10C03400000080BF000080BF000080BF000080BF00
:10C04400000080BF000080BF000080BF000080BFF0
:10C05400000080BF000080BF000080BF000080BFE0
:10C06400000080BF000080BF000080BF000080BFD0
:10C07400000080BF000080BF000080BF000080BFC0
:10C08400000080BF000080BF000080BF000080BFB0
:10C09400000080BF000080BF000080BF000080BFA0
:10C0A400000080BF000080BF000080BF000080BF90
:10C0B400000080BF000080BF000080BF000080BF80
:10C0C400000080BF000080BF000080BF000080BF70
:10C0D400000080BF000080BF000080BF000080BF60
:10C0E400000080BF000080BF000080BF000080BF50
:10C0F400000080BF000080BF000080BF000080BF40
:10C10400000080BF000080BF000080BF000080BF2F
:10C11400000080BF000080BF000080BF000080BF1F
:10C12400000080BF000080BF000080BF000080BF0F
:10C13400000080BF000080BF000080BF000080BFFF
:10C14400000080BF000080BF000080BF000080BFEF
:10C15400000080BF000080BF000080BF000080BFDF
:10C16400000080BF000080BF000080BF000080BFCF
:10C17400000080BF000080BF000080BF000080BFBF
:10C18400000080BF000080BF000080BF000080BFAF
:10C19400000080BF000080BF000080BF000080BF9F
:10C1A400000080BF000080BF000080BF000080BF8F
:10C1B400000080BF000080BF000080BF000080BF7F
:10C1C400000080BF000080BF000080BF000080BF6F
:10C1D400000080BF000080BF000080BF000080BF5F
:10C1E400000080BF000080BF000080BF000080BF4F
:10C1F400000080BF000080BF000080BF000080BF3F
:10C20400000080BF000080BF000080BF000080BF2E
:10C21400000080BF000080BF000080BF000080BF1E
:10C224000089CAA5910E493CB00AC93C2CC3163DED
:10C2340030FB483D752B7B3D05A9963D80B6AF3D4F
:10C2440036BDC83D2EBCE13D72B2FA3D86CF093EF3
:10C254008340163EB6AB223EA2102F3ECF6E3B3E2D
:10C26400C2C5473E0115543E135C603E7F9A6C3E46
:10C27400CCCF783EC07D823E938E883E229A8E3EFD
:10C2840031A0943E86A09A3EE59AA03E128FA63E27
:10C29400D47CAC3EEF63B23E2A44B83E4A1DBE3E57
:10C2A40015EFC33E53B9C93ECA7BCF3E4136D53E96
:10C2B40080E8DA3E4F92E03E7533E63EBBCBEB3E80
:10C2C400EA5AF13ECBE0F63E275DFC3EE4E7003F50
:10C2D4003D9C033F824B063F9BF5083F6B9A0B3F07
:10C2E400DA390E3FCDD3103F2A68133FD9F6153FF4
:10C2F400C07F183FC6021B3FD17F1D3FCBF61F3FB7
:10C304009967223F25D2243F5636273F1594293F6B
:10C314004AEB2B3FDE3B2E3FBB85303FC9C8323F43
:10C32400F304353F233A373F4268393F3B8F3B3F65
:10C33400F9AE3D3F67C73F3F70D8413F00E2433FFE
:10C3440003E4453F65DE473F12D1493FF8BB4B3F0D
:10C35400029F4D3F1F7A4F3F3D4D513F4918533F78
:10C3640031DB543FE595563F5348583F6AF2593FF5
:10C374001A945B3F532D5D3F05BE5E3F2146603FEF
:10C3840098C5613F5A3C633F59AA643F880F663F92
:10C39400D86B673F3CBF683FA7096A3F0C4B6B3FB4
:10C3A4005E836C3F93B26D3F9ED86E3F73F56F3FD3
:10C3B4000809713F5213723F4714733FDD0B743FFA
:10C3C4000BFA743FC6DE753F07BA763FC58B773FDD
:10C3D400F853783F9812793F9DC7793F02737A3FAB
:10C3E400BE147B3FCDAC7B3F283B7C3FC9BF7C3F29
:10C3F400AC3A7D3FCCAB7D3F24137E3FB0707E3F93
:10C404006DC47E3F580E7F3F6D4E7F3FAB847F3FB0
:10C414000FB17F3F97D37F3F43EC7F3F11FB7F3FBB
:10C424000000803F11FB7F3F43EC7F3F97D37F3F6A
:10C434000FB17F3FAB847F3F6D4E7F3F580E7F3FF0
:10C444006DC47E3FB0707E3F24137E3FCCAB7D3FF6
:10C45400AC3A7D3FC9BF7C3F283B7C3FCDAC7B3FA2
:10C46400BE147B3F02737A3F9DC7793F9812793F90
:10C47400F853783FC58B773F07BA763FC6DE753FE2
:10C484000BFA743FDD0B743F4714733F5213723F32
:10C494000809713F73F56F3F9ED86E3F93B26D3FAD
:10C4A4005E836C3F0C4B6B3FA7096A3F3CBF683F00
:10C4B400D86B673F880F663F59AA643F5A3C633F75
:10C4C40098C5613F2146603F05BE5E3F532D5D3FE9
:10C4D4001A945B3F6AF2593F5348583FE595563FDB
:10C4E40031DB543F4918533F3D4D513F1F7A4F3F75
:10C4F400029F4D3FF8BB4B3F12D1493F65DE473F9A
:10C5040003E4453F00E2433F70D8413F67C73F3FE4
:10C51400F9AE3D3F3B8F3B3F4268393F233A373FBB
:10C52400F304353FC9C8323FBB85303FDE3B2E3F65
:10C534004AEB2B3F1594293F5636273F25D2243FFB
:10C544009967223FCBF61F3FD17F1D3FC6021B3F99
:10C55400C07F183FD9F6153F2A68133FCDD3103F4B
:10C56400DA390E3F6B9A0B3F9BF5083F824B063F2F
:10C574003D9C033FE4E7003F275DFC3ECBE0F63EF5
:10C58400EA5AF13EBBCBEB3E7533E63E4F92E03EBA
:10C5940080E8DA3E4136D53ECA7BCF3E53B9C93E28
:10C5A40015EFC33E4A1DBE3E2A44B83EEF63B23E79
:10C5B400D47CAC3E128FA63EE59AA03E86A09A3E5D
:10C5C40031A0943E229A8E3E938E883EC07D823E58
:10C5D400CCCF783E7F9A6C3E135C603E0115543E8E
:10C5E400C2C5473ECF6E3B3EA2102F3EB6AB223EA5
:10C5F4008340163E86CF093E72B2FA3D2EBCE13D21
:10C6040036BDC83D80B6AF3D05A9963D752B7B3D33
:10C6140030FB483D2CC3163DB00AC93C910E493C41
:10C62400B48EED25910E49BCB00AC9BC2CC316BD0D
:10C6340030FB48BD752B7BBD05A996BD80B6AFBD4B
:10C6440036BDC8BD2EBCE1BD72B2FABD86CF09BEEF
:10C65400834016BEB6AB22BEA2102FBECF6E3BBE29
:10C66400C2C547BE011554BE135C60BE7F9A6CBE42
:10C67400CCCF78BEC07D82BE938E88BE229A8EBEF9
:10C6840031A094BE86A09ABEE59AA0BE128FA6BE23
:10C69400D47CACBEEF63B2BE2A44B8BE4A1DBEBE53
:10C6A40015EFC3BE53B9C9BECA7BCFBE4136D5BE92
:10C6B40080E8DABE4F92E0BE7533E6BEBBCBEBBE7C
:10C6C400EA5AF1BECBE0F6BE275DFCBEE4E700BF4C
:10C6D4003D9C03BF824B06BF9BF508BF6B9A0BBF03
:10C6E400DA390EBFCDD310BF2A6813BFD9F615BFF0
:10C6F400C07F18BFC6021BBFD17F1DBFCBF61FBFB3
:10C70400996722BF25D224BF563627BF159429BF67
:10C714004AEB2BBFDE3B2EBFBB8530BFC9C832BF3F
:10C72400F30435BF233A37BF426839BF3B8F3BBF61
:10C73400F9AE3DBF67C73FBF70D841BF00E243BFFA
:10C7440003E445BF65DE47BF12D149BFF8BB4BBF09
:10C75400029F4DBF1F7A4FBF3D4D51BF491853BF74
:10C7640031DB54BFE59556BF534858BF6AF259BFF1
:10C774001A945BBF532D5DBF05BE5EBF214660BFEB
:10C7840098C561BF5A3C63BF59AA64BF880F66BF8E
:10C79400D86B67BF3CBF68BFA7096ABF0C4B6BBFB0
:10C7A4005E836CBF93B26DBF9ED86EBF73F56FBFCF
:10C7B400080971BF521372BF471473BFDD0B74BFF6
:10C7C4000BFA74BFC6DE75BF07BA76BFC58B77BFD9
:10C7D400F85378BF981279BF9DC779BF02737ABFA7
:10C7E400BE147BBFCDAC7BBF283B7CBFC9BF7CBF25
:10C7F400AC3A7DBFCCAB7DBF24137EBFB0707EBF8F
:10C804006DC47EBF580E7FBF6D4E7FBFAB847FBFAC
:10C814000FB17FBF97D37FBF43EC7FBF11FB7FBFB7
:10C82400000080BF11FB7FBF43EC7FBF97D37FBF66
:10C834000FB17FBFAB847FBF6D4E7FBF580E7FBFEC
:10C844006DC47EBFB0707EBF24137EBFCCAB7DBFF2
:10C85400AC3A7DBFC9BF7CBF283B7CBFCDAC7BBF9E
:10C86400BE147BBF02737ABF9DC779BF981279BF8C
:10C87400F85378BFC58B77BF07BA76BFC6DE75BFDE
:10C884000BFA74BFDD0B74BF471473BF521372BF2E
:10C89400080971BF73F56FBF9ED86EBF93B26DBFA9
:10C8A4005E836CBF0C4B6BBFA7096ABF3CBF68BFFC
:10C8B400D86B67BF880F66BF59AA64BF5A3C63BF71
:10C8C40098C561BF214660BF05BE5EBF532D5DBFE5
:10C8D4001A945BBF6AF259BF534858BFE59556BFD7
:10C8E40031DB54BF491853BF3D4D51BF1F7A4FBF71
:10C8F400029F4DBFF8BB4BBF12D149BF65DE47BF96
:10C9040003E445BF00E243BF70D841BF67C73FBFE0
:10C91400F9AE3DBF3B8F3BBF426839BF233A37BFB7
:10C92400F30435BFC9C832BFBB8530BFDE3B2EBF61
:10C934004AEB2BBF159429BF563627BF25D224BFF7
:10C94400996722BFCBF61FBFD17F1DBFC6021BBF95
:10C95400C07F18BFD9F615BF2A6813BFCDD310BF47
:10C96400DA390EBF6B9A0BBF9BF508BF824B06BF2B
:10C974003D9C03BFE4E700BF275DFCBECBE0F6BEF1
:10C98400EA5AF1BEBBCBEBBE7533E6BE4F92E0BEB6
:10C9940080E8DABE4136D5BECA7BCFBE53B9C9BE24
:10C9A40015EFC3BE4A1DBEBE2A44B8BEEF63B2BE75
:10C9B400D47CACBE128FA6BEE59AA0BE86A09ABE59
:10C9C40031A094BE229A8EBE938E88BEC07D82BE54
:10C9D400CCCF78BE7F9A6CBE135C60BE011554BE8A
:10C9E400C2C547BECF6E3BBEA2102FBEB6AB22BEA1
:10C9F400834016BE86CF09BE72B2FABD2EBCE1BD1D
:10CA040036BDC8BD80B6AFBD05A996BD752B7BBD2F
:10CA140030FB48BD2CC316BDB00AC9BC910E49BC3D
:10CA2400085D7FBF085D7EBF12177CBF1DD179BF33
:10CA3400D5F777BF8C1E76BF090474BF85E971BF33
:10CA4400A1FD6FBFBC116EBF8D016CBF5FF169BFEB
:10CA5400E9FE67BF730C66BFCF0064BF2BF561BFEF
:10CA640061FF5FBF98095EBF7E005CBF64F759BF7A
:10CA74009AFF57BFD00756BF540054BFD8F851BFD0
:10CA8400B9FF4FBF9A064EBF3C004CBFDEF949BF09
:10CA9400CCFF47BFBA0546BF2D0044BFA0FA41BF33
:10CAA400D9FF3FBF11053EBF23003CBF34FB39BF54
:10CAB400E1FF37BF8E0436BF1C0034BFAAFB31BF71
:10CAC400E7FF2FBF25042EBF16002CBF08FC29BF8B
:10CAD400ECFF27BFCF0326BF130024BF56FC21BFA2
:10CAE400EFFF1FBF88031EBF0F001CBF97FC19BFB9
:10CAF400F2FF17BF4D0316BF0D0014BFCDFC11BFCD
:10CB0400F4FF0FBF1B030EBF0B000CBFFBFC09BFE0
:10CB1400F6FF07BFF00206BF0A0004BF23FD01BFF2
:10CB2400EEFFFFBE9605FCBE1000F8BE8BFAF3BE06
:10CB3400F1FFEFBE5605ECBE0E00E8BEC6FAE3BE3A
:10CB4400F3FFDFBE1F05DCBE0C00D8BEFAFAD3BE6D
:10CB5400F4FFCFBEEF04CCBE0B00C8BE27FBC3BEA0
:10CB6400F6FFBFBEC504BCBE0900B8BE4EFBB3BED3
:10CB7400F7FFAFBEA104ACBE0800A8BE6FFBA3BE06
:10CB8400F8FF9FBE81049CBE070098BE8DFB93BE38
:10CB9400F9FF8FBE66048CBE060088BEA6FB83BE6A
:10CBA400F5FF7FBE9D0878BE0A0070BE78F767BEA9
:10CBB400F6FF5FBE750858BE090050BE9CF747BE1D
:10CBC400F8FF3FBE540838BE070030BEBAF727BE90
:10CBD400FAFF1FBE390818BE060010BED3F707BE01
:10CBE400F6FFFFBD4610F0BD0900E0BDCCEFCFBDA0
:10CBF400F8FFBFBD2510B0BD0600A0BDE8EF8FBD96
:10CC0400F6FF7FBD1D2060BD070040BDF2DF1FBDE4
:10CC1400F6FFFFBC0940C0BC050080BC0500FFBB9B
:10CC2400EAE79FA50500FF3B0500803C0940C03CA6
:10CC3400F6FFFF3CF2DF1F3D0700403D1D20603D35
:10CC4400F6FF7F3DE8EF8F3D0600A03D2510B03D87
:10CC5400F8FFBF3DCCEFCF3D0900E03D4610F03D6D
:10CC6400F6FFFF3DD3F7073E0600103E3908183E95
:10CC7400FAFF1F3EBAF7273E0700303E5408383EFD
:10CC8400F8FF3F3E9CF7473E0900503E7508583E6A
:10CC9400F6FF5F3E78F7673E0A00703E9D08783ED7
:10CCA400F5FF7F3EA6FB833E0600883E66048C3E6D
:10CCB400F9FF8F3E8DFB933E0700983E81049C3E16
:10CCC400F8FF9F3E6FFBA33E0800A83EA104AC3EC4
:10CCD400F7FFAF3E4EFBB33E0900B83EC504BC3E71
:10CCE400F6FFBF3E27FBC33E0B00C83EEF04CC3E1D
:10CCF400F4FFCF3EFAFAD33E0C00D83E1F05DC3ECB
:10CD0400F3FFDF3EC6FAE33E0E00E83E5605EC3E76
:10CD1400F1FFEF3E8BFAF33E1000F83E9605FC3E21
:10CD2400EEFFFF3E23FD013F0A00043FF002063FF1
:10CD3400F6FF073FFBFC093F0B000C3F1B030E3FB4
:10CD4400F4FF0F3FCDFC113F0D00143F4D03163F80
:10CD5400F2FF173F97FC193F0F001C3F88031E3F4B
:10CD6400EFFF1F3F56FC213F1300243FCF03263F14
:10CD7400ECFF273F08FC293F16002C3F25042E3FDB
:10CD8400E7FF2F3FAAFB313F1C00343F8E04363FA0
:10CD9400E1FF373F34FB393F23003C3F11053E3F61
:10CDA400D9FF3F3FA0FA413F2D00443FBA05463F1B
:10CDB400CCFF473FDEF9493F3C004C3F9A064E3FCB
:10CDC400B9FF4F3FD8F8513F5400543FD007563F66
:10CDD4009AFF573F64F7593F7E005C3F98095E3FD6
:10CDE40061FF5F3F2BF5613FCF00643F730C663FEB
:10CDF400E9FE673F5FF1693F8D016C3FBC116E3FF7
:10CE0400A1FD6F3F85E9713F0904743F8C1E763F95
:10CE1400D5F7773F1DD1793F12177C3F085D7E3FE0
:10CE2400085D7F3F085D7E3F12177C3F1DD1793F2F
:10CE3400D5F7773F8C1E763F0904743F85E9713F2F
:10CE4400A1FD6F3FBC116E3F8D016C3F5FF1693FE7
:10CE5400E9FE673F730C663FCF00643F2BF5613FEB
:10CE640061FF5F3F98095E3F7E005C3F64F7593F76
:10CE74009AFF573FD007563F5400543FD8F8513FCC
:10CE8400B9FF4F3F9A064E3F3C004C3FDEF9493F05
:10CE9400CCFF473FBA05463F2D00443FA0FA413F2F
:10CEA400D9FF3F3F11053E3F23003C3F34FB393F50
:10CEB400E1FF373F8E04363F1C00343FAAFB313F6D
:10CEC400E7FF2F3F25042E3F16002C3F08FC293F87
:10CED400ECFF273FCF03263F1300243F56FC213F9E
:10CEE400EFFF1F3F88031E3F0F001C3F97FC193FB5
:10CEF400F2FF173F4D03163F0D00143FCDFC113FC9
:10CF0400F4FF0F3F1B030E3F0B000C3FFBFC093FDC
:10CF1400F6FF073FF002063F0A00043F23FD013FEE
:10CF2400EEFFFF3E9605FC3E1000F83E8BFAF33E02
:10CF3400F1FFEF3E5605EC3E0E00E83EC6FAE33E36
:10CF4400F3FFDF3E1F05DC3E0C00D83EFAFAD33E69
:10CF5400F4FFCF3EEF04CC3E0B00C83E27FBC33E9C
:10CF6400F6FFBF3EC504BC3E0900B83E4EFBB33ECF
:10CF7400F7FFAF3EA104AC3E0800A83E6FFBA33E02
:10CF8400F8FF9F3E81049C3E0700983E8DFB933E34
:10CF9400F9FF8F3E66048C3E0600883EA6FB833E66
:10CFA400F5FF7F3E9D08783E0A00703E78F7673EA5
:10CFB400F6FF5F3E7508583E0900503E9CF7473E19
:10CFC400F8FF3F3E5408383E0700303EBAF7273E8C
:10CFD400FAFF1F3E3908183E0600103ED3F7073EFD
:10CFE400F6FFFF3D4610F03D0900E03DCCEFCF3D9C
:10CFF400F8FFBF3D2510B03D0600A03DE8EF8F3D92
:10D00400F6FF7F3D1D20603D0700403DF2DF1F3DE0
:10D01400F6FFFF3C0940C03C0500803C0500FF3B97
:10D02400EAE79F250500FFBB050080BC0940C0BCA2
:10D03400F6FFFFBCF2DF1FBD070040BD1D2060BD31
:10D04400F6FF7FBDE8EF8FBD0600A0BD2510B0BD83
:10D05400F8FFBFBDCCEFCFBD0900E0BD4610F0BD69
:10D06400F6FFFFBDD3F707BE060010BE390818BE91
:10D07400FAFF1FBEBAF727BE070030BE540838BEF9
:10D08400F8FF3FBE9CF747BE090050BE750858BE66
:10D09400F6FF5FBE78F767BE0A0070BE9D0878BED3
:10D0A400F5FF7FBEA6FB83BE060088BE66048CBE69
:10D0B400F9FF8FBE8DFB93BE070098BE81049CBE12
:10D0C400F8FF9FBE6FFBA3BE0800A8BEA104ACBEC0
:10D0D400F7FFAFBE4EFBB3BE0900B8BEC504BCBE6D
:10D0E400F6FFBFBE27FBC3BE0B00C8BEEF04CCBE19
:10D0F400F4FFCFBEFAFAD3BE0C00D8BE1F05DCBEC7
:10D10400F3FFDFBEC6FAE3BE0E00E8BE5605ECBE72
:10D11400F1FFEFBE8BFAF3BE1000F8BE9605FCBE1D
:10D12400EEFFFFBE23FD01BF0A0004BFF00206BFED
:10D13400F6FF07BFFBFC09BF0B000CBF1B030EBFB0
:10D14400F4FF0FBFCDFC11BF0D0014BF4D0316BF7C
:10D15400F2FF17BF97FC19BF0F001CBF88031EBF47
:10D16400EFFF1FBF56FC21BF130024BFCF0326BF10
:10D17400ECFF27BF08FC29BF16002CBF25042EBFD7
:10D18400E7FF2FBFAAFB31BF1C0034BF8E0436BF9C
:10D19400E1FF37BF34FB39BF23003CBF11053EBF5D
:10D1A400D9FF3FBFA0FA41BF2D0044BFBA0546BF17
:10D1B400CCFF47BFDEF949BF3C004CBF9A064EBFC7
:10D1C400B9FF4FBFD8F851BF540054BFD00756BF62
:10D1D4009AFF57BF64F759BF7E005CBF98095EBFD2
:10D1E40061FF5FBF2BF561BFCF0064BF730C66BFE7
:10D1F400E9FE67BF5FF169BF8D016CBFBC116EBFF3
:10D20400A1FD6FBF85E971BF090474BF8C1E76BF91
:10D21400D5F777BF1DD179BF12177CBF085D7EBFDC
:10D224000000FFBE7FBC90BF7FBC90BF64276ABF75
:10D23400642768BF89DE83BF89DE83BF86786FBFBA
:10D2440086786DBF898F7EBF898F7EBF6EC46EBFA7
:10D254006EC46CBFF84678BFF84678BF64716CBF83
:10D2640064716ABFB1FE72BFB1FE72BFC87469BF98
:10D27400C87467BF832C6EBF832C6EBF972266BFB2
:10D28400972264BF579A69BF579A69BF439F62BF89
:10D29400439F60BFB82E65BFB82E65BF22FD5EBF39
:10D2A40022FD5CBF19DC60BF19DC60BF6F465BBF49
:10D2B4006F4659BF9B9A5CBF9B9A5CBF528157BF14
:10D2C400528155BF5C6558BF5C6558BFB6B153BF4A
:10D2D400B6B151BF2C3954BF2C3954BF3BDA4FBFC0
:10D2E4003BDA4DBFE01350BFE01350BFB0FC4BBF5F
:10D2F400B0FC49BFF0F34BBFF0F34BBF621A48BF19
:10D30400621A46BF3FD847BF3FD847BF453444BFE2
:10D31400453442BFFCBF43BFFCBF43BF0F4B40BFBC
:10D324000F4B3EBF87AA3FBF87AA3FBF4E5F3CBF9C
:10D334004E5F3ABF65973BBF65973BBF6C7138BF83
:10D344006C7136BF358637BF358637BFC18134BF70
:10D35400C18132BFAA7633BFAA7633BF929030BF61
:10D3640092902EBF86682FBF86682FBF159E2CBF54
:10D37400159E2ABF975B2BBF975B2BBF7AAA28BF4A
:10D384007AAA26BFB44F27BFB44F27BFE4B524BF42
:10D39400E4B522BFBA4423BFBA4423BF75C020BF3B
:10D3A40075C01EBF8C3A1FBF8C3A1FBF46CA1CBF34
:10D3B40046CA1ABF12311BBF12311BBF6ED318BF2E
:10D3C4006ED316BF372817BF372817BF00DC14BF2A
:10D3D40000DC12BFEA1F13BFEA1F13BF0CE410BF27
:10D3E4000CE40EBF1C180FBF1C180FBFA0EB0CBF22
:10D3F400A0EB0ABFBF100BBFBF100BBFC9F208BF21
:10D40400C9F206BFC70907BFC70907BF91F904BF1F
:10D4140091F902BF2C0303BF2C0303BF020001BF19
:10D424000500FEBEC6F9FDBEC6F9FDBE490CFABE36
:10D43400490CF6BECCEDF5BECCEDF5BEFE17F2BE42
:10D44400FE17EEBE5AE2EDBE5AE2EDBE3023EABE4E
:10D454003023E6BE64D7E5BE64D7E5BEEB2DE2BE5D
:10D46400EB2DDEBEE0CCDDBEE0CCDDBE3A38DABE6C
:10D474003A38D6BEC4C2D5BEC4C2D5BE2642D2BE78
:10D484002642CEBE07B9CDBE07B9CDBEB74BCABE84
:10D49400B74BC6BEA0AFC5BEA0AFC5BEF554C2BE95
:10D4A400F554BEBE8AA6BDBE8AA6BDBEE65DBABEA2
:10D4B400E65DB6BEBC9DB5BEBC9DB5BE9166B2BEB2
:10D4C4009166AEBE3295ADBE3295ADBEFC6EAABEBF
:10D4D400FC6EA6BEE58CA5BEE58CA5BE2C77A2BECF
:10D4E4002C779EBED1849DBED1849DBE267F9ABEDC
:10D4F400267F96BEF17C95BEF17C95BEED8692BEEC
:10D50400ED868EBE40758DBE40758DBE878E8ABEFB
:10D51400878E86BEBC6D85BEBC6D85BEF79582BE0A
:10D52400EF2B7DBEBECC7ABEBECC7ABE823A75BE2F
:10D53400823A6DBE4FBE6ABE4FBE6ABED04865BE5B
:10D54400D0485DBE22B05ABE22B05ABEDD5655BE8A
:10D55400DD564DBE32A24ABE32A24ABEB16445BEB9
:10D56400B1643DBE79943ABE79943ABE517235BEE7
:10D5740051722DBEF1862ABEF1862ABEC17F25BE18
:10D58400C17F1DBE96791ABE96791ABE088D15BE46
:10D59400088D0DBE636C0ABE636C0ABE299A05BE73
:10D5A4005234FBBDA5BEF4BDA5BEF4BD534EEBBDC8
:10D5B400534EDBBDC2A4D4BDC2A4D4BD1C68CBBD34
:10D5C4001C68BBBD128BB4BD128BB4BDB581ABBDA1
:10D5D400B5819BBD8E7194BD8E7194BD269B8BBD10
:10D5E4004C3677BD5BB068BD5BB068BDF06857BDB5
:10D5F400F06837BDD17D28BDD17D28BD649B17BDA2
:10D60400C936EFBCDC96D0BCDC96D0BC749BAFBCF6
:10D61400E8365FBC886420BC886420BC0000C0BBC2
:10D624000000003B11C9C03B11C9C03BE8361F3C98
:10D63400749B8F3CDC96B03CDC96B03CC936CF3C46
:10D64400649B073DD17D183DD17D183DF068273D91
:10D65400F068473D5BB0583D5BB0583D4C36673D84
:10D66400269B833D8E718C3D8E718C3DB581933D9F
:10D67400B581A33D128BAC3D128BAC3D1C68B33D10
:10D684001C68C33DC2A4CC3DC2A4CC3D534ED33D83
:10D69400534EE33DA5BEEC3DA5BEEC3D5234F33DF7
:10D6A400299A013E636C063E636C063E088D093E72
:10D6B400088D113E9679163E9679163EC17F193E25
:10D6C400C17F213EF186263EF186263E5172293ED7
:10D6D4005172313E7994363E7994363EB164393E86
:10D6E400B164413E32A2463E32A2463EDD56493E38
:10D6F400DD56513E22B0563E22B0563ED048593EE9
:10D70400D048613E4FBE663E4FBE663E823A693E99
:10D71400823A713EBECC763EBECC763EEF2B793E4D
:10D72400F795803EBC6D833EBC6D833E878E843E00
:10D73400878E883E40758B3E40758B3EED868C3ED1
:10D74400ED86903EF17C933EF17C933E267F943EA1
:10D75400267F983ED1849B3ED1849B3E2C779C3E71
:10D764002C77A03EE58CA33EE58CA33EFC6EA43E44
:10D77400FC6EA83E3295AB3E3295AB3E9166AC3E14
:10D784009166B03EBC9DB33EBC9DB33EE65DB43EE7
:10D79400E65DB83E8AA6BB3E8AA6BB3EF554BC3EB7
:10D7A400F554C03EA0AFC33EA0AFC33EB74BC43E8A
:10D7B400B74BC83E07B9CB3E07B9CB3E2642CC3E59
:10D7C4002642D03EC4C2D33EC4C2D33E3A38D43E2D
:10D7D4003A38D83EE0CCDB3EE0CCDB3EEB2DDC3E01
:10D7E400EB2DE03E64D7E33E64D7E33E3023E43ED2
:10D7F4003023E83E5AE2EB3E5AE2EB3EFE17EC3EA3
:10D80400FE17F03ECCEDF33ECCEDF33E490CF43E76
:10D81400490CF83EC6F9FB3EC6F9FB3E0500FC3E4A
:10D824000200003F2C03023F2C03023F91F9013F09
:10D8340091F9033FC709063FC709063FC9F2053FEF
:10D84400C9F2073FBF100A3FBF100A3FA0EB093FD0
:10D85400A0EB0B3F1C180E3F1C180E3F0CE40D3FB1
:10D864000CE40F3FEA1F123FEA1F123F00DC113F96
:10D8740000DC133F3728163F3728163F6ED3153F79
:10D884006ED3173F12311A3F12311A3F46CA193F5D
:10D8940046CA1B3F8C3A1E3F8C3A1E3F75C01D3F43
:10D8A40075C01F3FBA44223FBA44223FE4B5213F2A
:10D8B400E4B5233FB44F263FB44F263F7AAA253F11
:10D8C4007AAA273F975B2A3F975B2A3F159E293FF9
:10D8D400159E2B3F86682E3F86682E3F92902D3FE3
:10D8E40092902F3FAA76323FAA76323FC181313FD0
:10D8F400C181333F3586363F3586363F6C71353FBF
:10D904006C71373F65973A3F65973A3F4E5F393FB1
:10D914004E5F3B3F87AA3E3F87AA3E3F0F4B3D3FAA
:10D924000F4B3F3FFCBF423FFCBF423F4534413FAA
:10D934004534433F3FD8463F3FD8463F621A453FB0
:10D94400621A473FF0F34A3FF0F34A3FB0FC483FC6
:10D95400B0FC4A3FE0134F3FE0134F3F3BDA4C3FEC
:10D964003BDA4E3F2C39533F2C39533FB6B1503F2D
:10D97400B6B1523F5C65573F5C65573F5281543F97
:10D984005281563F9B9A5B3F9B9A5B3F6F46583F41
:10D994006F465A3F19DC5F3F19DC5F3F22FD5B3F56
:10D9A40022FD5D3FB82E643FB82E643F439F5F3F26
:10D9B400439F613F579A683F579A683F9722633F56
:10D9C4009722653F832C6D3F832C6D3FC874663F5F
:10D9D400C874683FB1FE713FB1FE713F6471693F25
:10D9E40064716B3FF846773FF846773F6EC46B3FF0
:10D9F4006EC46D3F898F7D3F898F7D3F86786C3FF4
:10DA040086786E3F895E833F895E833F6427673FE4
:10DA14006427693F7F3C903F7F3C903F0000FD3E80
:10DA24000000003F487D913F487D913F3FA46C3FFB
:10DA34003FA46C3FE5A0863FE5A0863F3CF2753FDE
:10DA44003CF2753FB30B843FB30B843FFD3A793FFF
:10DA5400FD3A793FFFE8823FFFE8823FC9E47A3F1D
:10DA6400C9E47A3F7146823F7146823FFEE47B3FC0
:10DA7400FEE47B3FF2DE813FF2DE813F9B8F7C3F01
:10DA84009B8F7C3F7897813F7897813F0E097D3F3C
:10DA94000E097D3F4663813F4663813FAD637D3F11
:10DAA400AD637D3F993B813F993B813FB1A97D3F68
:10DAB400B1A97D3F801C813F801C813F42E17D3FB5
:10DAC40042E17D3F8C03813F8C03813F4A0E7E3FC0
:10DAD4004A0E7E3F25EF803F25EF803F67337E3F30
:10DAE40067337E3F36DE803F36DE803F67527E3FBF
:10DAF40067527E3FFCCF803FFCCF803F966C7E3FD9
:10DB0400966C7E3FEAC3803FEAC3803FE5827E3F56
:10DB1400E5827E3F96B9803F96B9803F0B967E3F63
:10DB24000B967E3FB3B0803FB3B0803F91A67E3F5B
:10DB340091A67E3F03A9803F03A9803FE3B47E3FC3
:10DB4400E3B47E3F57A2803F57A2803F54C17E3F3B
:10DB540054C17E3F899C803F899C803F28CC7E3F76
:10DB640028CC7E3F7C97803F7C97803F93D57E3F37
:10DB740093D57E3F1893803F1893803FC2DD7E3F4C
:10DB8400C2DD7E3F498F803F498F803FD7E47E3F8F
:10DB9400D7E47E3FFF8B803FFF8B803FF0EA7E3FE0
:10DBA400F0EA7E3F2E89803F2E89803F22F07E3F1F
:10DBB40022F07E3FCB86803FCB86803F81F47E3F40
:10DBC40081F47E3FCD84803FCD84803F1DF87E3F2D
:10DBD4001DF87E3F2D83803F2D83803F02FB7E3FD7
:10DBE40002FB7E3FE781803FE781803F38FD7E3F37
:10DBF40038FD7E3FF680803FF680803FC8FE7E3F42
:10DC0400C8FE7E3F5780803F5780803FB6FF7E3FEF
:10DC1400B6FF7E3F0780803F0780803F05007F3F3F
:10DC240005007F3F0780803F0780803FB6FF7E3F2F
:10DC3400B6FF7E3F5780803F5780803FC8FE7E3FBF
:10DC4400C8FE7E3FF680803FF680803F38FD7E3FF1
:10DC540038FD7E3FE781803FE781803F02FB7E3FC6
:10DC640002FB7E3F2D83803F2D83803F1DF87E3F46
:10DC74001DF87E3FCD84803FCD84803F81F47E3F7C
:10DC840081F47E3FCB86803FCB86803F22F07E3F6F
:10DC940022F07E3F2E89803F2E89803FF0EA7E3F2E
:10DCA400F0EA7E3FFF8B803FFF8B803FD7E47E3FCF
:10DCB400D7E47E3F498F803F498F803FC2DD7E3F5E
:10DCC400C2DD7E3F1893803F1893803F93D57E3FFB
:10DCD40093D57E3F7C97803F7C97803F28CC7E3FC6
:10DCE40028CC7E3F899C803F899C803F54C17E3FE5
:10DCF40054C17E3F57A2803F57A2803FE3B47E3F8A
:10DD0400E3B47E3F03A9803F03A9803F91A67E3FF1
:10DD140091A67E3FB3B0803FB3B0803F0B967E3F69
:10DD24000B967E3F96B9803F96B9803FE5827E3F51
:10DD3400E5827E3FEAC3803FEAC3803F966C7E3F24
:10DD4400966C7E3FFCCF803FFCCF803F67527E3F86
:10DD540067527E3F36DE803F36DE803F67337E3F4C
:10DD640067337E3F25EF803F25EF803F4A0E7E3F9D
:10DD74004A0E7E3F8C03813F8C03813F42E17D3F0D
:10DD840042E17D3F801C813F801C813FB1A97D3FE2
:10DD9400B1A97D3F993B813F993B813FAD637D3F75
:10DDA400AD637D3F4663813F4663813F0E097D3FFE
:10DDB4000E097D3F7897813F7897813F9B8F7C3F09
:10DDC4009B8F7C3FF2DE813FF2DE813FFEE47B3FAE
:10DDD400FEE47B3F7146823F7146823FC9E47A3F4D
:10DDE400C9E47A3FFFE8823FFFE8823FFD3A793F8A
:10DDF400FD3A793FB30B843FB30B843F3CF2753F4C
:10DE04003CF2753FE5A0863FE5A0863F3FA46C3F0A
:10DE14003FA46C3F487D913F487D913F0000003F07
:10DE2400000000BF487D91BF487D91BF3FA46CBFF7
:10DE34003FA46CBFE5A086BFE5A086BF3CF275BFDA
:10DE44003CF275BFB30B84BFB30B84BFFD3A79BFFB
:10DE5400FD3A79BFFFE882BFFFE882BFC9E47ABF19
:10DE6400C9E47ABF714682BF714682BFFEE47BBFBC
:10DE7400FEE47BBFF2DE81BFF2DE81BF9B8F7CBFFD
:10DE84009B8F7CBF789781BF789781BF0E097DBF38
:10DE94000E097DBF466381BF466381BFAD637DBF0D
:10DEA400AD637DBF993B81BF993B81BFB1A97DBF64
:10DEB400B1A97DBF801C81BF801C81BF42E17DBFB1
:10DEC40042E17DBF8C0381BF8C0381BF4A0E7EBFBC
:10DED4004A0E7EBF25EF80BF25EF80BF67337EBF2C
:10DEE40067337EBF36DE80BF36DE80BF67527EBFBB
:10DEF40067527EBFFCCF80BFFCCF80BF966C7EBFD5
:10DF0400966C7EBFEAC380BFEAC380BFE5827EBF52
:10DF1400E5827EBF96B980BF96B980BF0B967EBF5F
:10DF24000B967EBFB3B080BFB3B080BF91A67EBF57
:10DF340091A67EBF03A980BF03A980BFE3B47EBFBF
:10DF4400E3B47EBF57A280BF57A280BF54C17EBF37
:10DF540054C17EBF899C80BF899C80BF28CC7EBF72
:10DF640028CC7EBF7C9780BF7C9780BF93D57EBF33
:10DF740093D57EBF189380BF189380BFC2DD7EBF48
:10DF8400C2DD7EBF498F80BF498F80BFD7E47EBF8B
:10DF9400D7E47EBFFF8B80BFFF8B80BFF0EA7EBFDC
:10DFA400F0EA7EBF2E8980BF2E8980BF22F07EBF1B
:10DFB40022F07EBFCB8680BFCB8680BF81F47EBF3C
:10DFC40081F47EBFCD8480BFCD8480BF1DF87EBF29
:10DFD4001DF87EBF2D8380BF2D8380BF02FB7EBFD3
:10DFE40002FB7EBFE78180BFE78180BF38FD7EBF33
:10DFF40038FD7EBFF68080BFF68080BFC8FE7EBF3E
:10E00400C8FE7EBF578080BF578080BFB6FF7EBFEB
:10E01400B6FF7EBF078080BF078080BF05007FBF3B
:10E0240005007FBF078080BF078080BFB6FF7EBF2B
:10E03400B6FF7EBF578080BF578080BFC8FE7EBFBB
:10E04400C8FE7EBFF68080BFF68080BF38FD7EBFED
:10E0540038FD7EBFE78180BFE78180BF02FB7EBFC2
:10E0640002FB7EBF2D8380BF2D8380BF1DF87EBF42
:10E074001DF87EBFCD8480BFCD8480BF81F47EBF78
:10E0840081F47EBFCB8680BFCB8680BF22F07EBF6B
:10E0940022F07EBF2E8980BF2E8980BFF0EA7EBF2A
:10E0A400F0EA7EBFFF8B80BFFF8B80BFD7E47EBFCB
:10E0B400D7E47EBF498F80BF498F80BFC2DD7EBF5A
:10E0C400C2DD7EBF189380BF189380BF93D57EBFF7
:10E0D40093D57EBF7C9780BF7C9780BF28CC7EBFC2
:10E0E40028CC7EBF899C80BF899C80BF54C17EBFE1
:10E0F40054C17EBF57A280BF57A280BFE3B47EBF86
:10E10400E3B47EBF03A980BF03A980BF91A67EBFED
:10E1140091A67EBFB3B080BFB3B080BF0B967EBF65
:10E124000B967EBF96B980BF96B980BFE5827EBF4D
:10E13400E5827EBFEAC380BFEAC380BF966C7EBF20
:10E14400966C7EBFFCCF80BFFCCF80BF67527EBF82
:10E1540067527EBF36DE80BF36DE80BF67337EBF48
:10E1640067337EBF25EF80BF25EF80BF4A0E7EBF99
:10E174004A0E7EBF8C0381BF8C0381BF42E17DBF09
:10E1840042E17DBF801C81BF801C81BFB1A97DBFDE
:10E19400B1A97DBF993B81BF993B81BFAD637DBF71
:10E1A400AD637DBF466381BF466381BF0E097DBFFA
:10E1B4000E097DBF789781BF789781BF9B8F7CBF05
:10E1C4009B8F7CBFF2DE81BFF2DE81BFFEE47BBFAA
:10E1D400FEE47BBF714682BF714682BFC9E47ABF49
:10E1E400C9E47ABFFFE882BFFFE882BFFD3A79BF86
:10E1F400FD3A79BFB30B84BFB30B84BF3CF275BF48
:10E204003CF275BFE5A086BFE5A086BF3FA46CBF06
:10E214003FA46CBF487D91BF487D91BF000000BF03
:10E22400C1FE20A5900E493CB00AC93C2CC3163D42
:10E2340030FB483D742B7B3D05A9963D80B6AF3D30
:10E2440036BDC83D2EBCE13D72B2FA3D86CF093ED3
:10E254008340163EB5AB223EA2102F3ECF6E3B3E0E
:10E26400C2C5473E0115543E135C603E7F9A6C3E26
:10E27400CCCF783EC07D823E938E883E229A8E3EDD
:10E2840031A0943E86A09A3EE59AA03E128FA63E07
:10E29400D47CAC3EEF63B23E2A44B83E4A1DBE3E37
:10E2A40015EFC33E53B9C93ECA7BCF3E4136D53E76
:10E2B40080E8DA3E4F92E03E7533E63EBBCBEB3E60
:10E2C400EA5AF13ECBE0F63E275DFC3EE4E7003F30
:10E2D4003D9C033F824B063F9BF5083F6B9A0B3FE7
:10E2E400DA390E3FCDD3103F2A68133FD9F6153FD4
:10E2F400C07F183FC6021B3FD17F1D3FCBF61F3F97
:10E304009967223F25D2243F5636273F1594293F4B
:10E314004AEB2B3FDE3B2E3FBB85303FC9C8323F23
:10E32400F304353F233A373F4268393F3B8F3B3F45
:10E33400F9AE3D3F67C73F3F70D8413F00E2433FDE
:10E3440003E4453F65DE473F12D1493FF8BB4B3FED
:10E35400029F4D3F1F7A4F3F3D4D513F4918533F58
:10E3640031DB543FE595563F5348583F6AF2593FD5
:10E374001A945B3F532D5D3F05BE5E3F2146603FCF
:10E3840098C5613F5A3C633F59AA643F880F663F72
:10E39400D86B673F3CBF683FA7096A3F0C4B6B3F94
:10E3A4005F836C3F93B26D3F9ED86E3F73F56F3FB2
:10E3B4000809713F5213723F4714733FDD0B743FDA
:10E3C4000AFA743FC6DE753F07BA763FC58B773FBE
:10E3D400F853783F9812793F9DC7793F02737A3F8B
:10E3E400BE147B3FCDAC7B3F283B7C3FC9BF7C3F09
:10E3F400AC3A7D3FCCAB7D3F24137E3FB0707E3F73
:10E404006DC47E3F580E7F3F6D4E7F3FAB847F3F90
:10E414000FB17F3F97D37F3F43EC7F3F11FB7F3F9B
:10E424000000803F11FB7F3F43EC7F3F97D37F3F4A
:10E434000FB17F3FAB847F3F6D4E7F3F580E7F3FD0
:10E444006DC47E3FB0707E3F24137E3FCCAB7D3FD6
:10E45400AC3A7D3FC9BF7C3F283B7C3FCDAC7B3F82
:10E46400BE147B3F02737A3F9DC7793F9812793F70
:10E47400F853783FC58B773F07BA763FC6DE753FC2
:10E484000AFA743FDD0B743F4714733F5213723F13
:10E494000809713F73F56F3F9ED86E3F93B26D3F8D
:10E4A4005F836C3F0C4B6B3FA7096A3F3CBF683FDF
:10E4B400D86B673F880F663F59AA643F5A3C633F55
:10E4C40098C5613F2146603F05BE5E3F532D5D3FC9
:10E4D4001A945B3F6AF2593F5348583FE595563FBB
:10E4E40031DB543F4918533F3D4D513F1F7A4F3F55
:10E4F400029F4D3FF8BB4B3F12D1493F65DE473F7A
:10E5040003E4453F00E2433F70D8413F67C73F3FC4
:10E51400F9AE3D3F3B8F3B3F4268393F233A373F9B
:10E52400F304353FC9C8323FBB85303FDE3B2E3F45
:10E534004AEB2B3F1594293F5636273F25D2243FDB
:10E544009967223FCBF61F3FD17F1D3FC6021B3F79
:10E55400C07F183FD9F6153F2A68133FCDD3103F2B
:10E56400DA390E3F6B9A0B3F9BF5083F824B063F0F
:10E574003D9C033FE4E7003F275DFC3ECBE0F63ED5
:10E58400EA5AF13EBBCBEB3E7533E63E4F92E03E9A
:10E5940080E8DA3E4136D53ECA7BCF3E53B9C93E08
:10E5A40015EFC33E4A1DBE3E2A44B83EEF63B23E59
:10E5B400D47CAC3E128FA63EE59AA03E86A09A3E3D
:10E5C40031A0943E229A8E3E938E883EC07D823E38
:10E5D400CCCF783E7F9A6C3E135C603E0115543E6E
:10E5E400C2C5473ECF6E3B3EA2102F3EB5AB223E86
:10E5F4008340163E86CF093E72B2FA3D2EBCE13D01
:10E6040036BDC83D80B6AF3D05A9963D742B7B3D14
:10E6140030FB483D2CC3163DB00AC93C900E493C22
:10E62400DCBD4325900E49BCB00AC9BC2CC316BD41
:10E6340030FB48BD742B7BBD05A996BD80B6AFBD2C
:10E6440036BDC8BD2EBCE1BD72B2FABD86CF09BECF
:10E65400834016BEB5AB22BEA2102FBECF6E3BBE0A
:10E66400C2C547BE011554BE135C60BE7F9A6CBE22
:10E67400CCCF78BEC07D82BE938E88BE229A8EBED9
:10E6840031A094BE86A09ABEE59AA0BE128FA6BE03
:10E69400D47CACBEEF63B2BE2A44B8BE4A1DBEBE33
:10E6A40015EFC3BE53B9C9BECA7BCFBE4136D5BE72
:10E6B40080E8DABE4F92E0BE7533E6BEBBCBEBBE5C
:10E6C400EA5AF1BECBE0F6BE275DFCBEE4E700BF2C
:10E6D4003D9C03BF824B06BF9BF508BF6B9A0BBFE3
:10E6E400DA390EBFCDD310BF2A6813BFD9F615BFD0
:10E6F400C07F18BFC6021BBFD17F1DBFCBF61FBF93
:10E70400996722BF25D224BF563627BF159429BF47
:10E714004AEB2BBFDE3B2EBFBB8530BFC9C832BF1F
:10E72400F30435BF233A37BF426839BF3B8F3BBF41
:10E73400F9AE3DBF67C73FBF70D841BF00E243BFDA
:10E7440003E445BF65DE47BF12D149BFF8BB4BBFE9
:10E75400029F4DBF1F7A4FBF3D4D51BF491853BF54
:10E7640031DB54BFE59556BF534858BF6AF259BFD1
:10E774001A945BBF532D5DBF05BE5EBF214660BFCB
:10E7840098C561BF5A3C63BF59AA64BF880F66BF6E
:10E79400D86B67BF3CBF68BFA7096ABF0C4B6BBF90
:10E7A4005F836CBF93B26DBF9ED86EBF73F56FBFAE
:10E7B400080971BF521372BF471473BFDD0B74BFD6
:10E7C4000AFA74BFC6DE75BF07BA76BFC58B77BFBA
:10E7D400F85378BF981279BF9DC779BF02737ABF87
:10E7E400BE147BBFCDAC7BBF283B7CBFC9BF7CBF05
:10E7F400AC3A7DBFCCAB7DBF24137EBFB0707EBF6F
:10E804006DC47EBF580E7FBF6D4E7FBFAB847FBF8C
:10E814000FB17FBF97D37FBF43EC7FBF11FB7FBF97
:10E82400000080BF11FB7FBF43EC7FBF97D37FBF46
:10E834000FB17FBFAB847FBF6D4E7FBF580E7FBFCC
:10E844006DC47EBFB0707EBF24137EBFCCAB7DBFD2
:10E85400AC3A7DBFC9BF7CBF283B7CBFCDAC7BBF7E
:10E86400BE147BBF02737ABF9DC779BF981279BF6C
:10E87400F85378BFC58B77BF07BA76BFC6DE75BFBE
:10E884000AFA74BFDD0B74BF471473BF521372BF0F
:10E89400080971BF73F56FBF9ED86EBF93B26DBF89
:10E8A4005F836CBF0C4B6BBFA7096ABF3CBF68BFDB
:10E8B400D86B67BF880F66BF59AA64BF5A3C63BF51
:10E8C40098C561BF214660BF05BE5EBF532D5DBFC5
:10E8D4001A945BBF6AF259BF534858BFE59556BFB7
:10E8E40031DB54BF491853BF3D4D51BF1F7A4FBF51
:10E8F400029F4DBFF8BB4BBF12D149BF65DE47BF76
:10E9040003E445BF00E243BF70D841BF67C73FBFC0
:10E91400F9AE3DBF3B8F3BBF426839BF233A37BF97
:10E92400F30435BFC9C832BFBB8530BFDE3B2EBF41
:10E934004AEB2BBF159429BF563627BF25D224BFD7
:10E94400996722BFCBF61FBFD17F1DBFC6021BBF75
:10E95400C07F18BFD9F615BF2A6813BFCDD310BF27
:10E96400DA390EBF6B9A0BBF9BF508BF824B06BF0B
:10E974003D9C03BFE4E700BF275DFCBECBE0F6BED1
:10E98400EA5AF1BEBBCBEBBE7533E6BE4F92E0BE96
:10E9940080E8DABE4136D5BECA7BCFBE53B9C9BE04
:10E9A40015EFC3BE4A1DBEBE2A44B8BEEF63B2BE55
:10E9B400D47CACBE128FA6BEE59AA0BE86A09ABE39
:10E9C40031A094BE229A8EBE938E88BEC07D82BE34
:10E9D400CCCF78BE7F9A6CBE135C60BE011554BE6A
:10E9E400C2C547BECF6E3BBEA2102FBEB5AB22BE82
:10E9F400834016BE86CF09BE72B2FABD2EBCE1BDFD
:10EA040036BDC8BD80B6AFBD05A996BD742B7BBD10
:10EA140030FB48BD2CC316BDB00AC9BC900E49BC1E
:10EA240094767EBF94F67DBF17907CBF9D867ABF97
:10EA34004B3078BFF8D975BFC6B173BFF3BF71BF90
:10EA440018EF6FBF3C1E6EBFB8336CBF86286ABF19
:10EA5400500868BF1AE865BFB2D963BFAFE261BFAF
:10EA640021FB5FBF92135EBF5C1E5CBFE3165ABFFF
:10EA74002D0358BF77EF55BFDAE653BF3DED51BFC5
:10EA8400C7FD4FBF510E4EBF7D154CBFE90F4ABFA6
:10EA9400A30148BF5EF345BF36ED43BF2CF241BF2F
:10EAA400BFFE3FBF530B3EBFB9103CBF400C3ABF43
:10EAB400FC0038BFB9F535BFE8F033BFFCF431BF13
:10EAC40035FF2FBF6E092EBFC90D2CBF070A2ABF01
:10EAD400A60028BF46F725BF4AF323BFC8F621BFC7
:10EAE40076FF1FBF23081EBFD10B1CBF8D081ABFA2
:10EAF400740018BF5CF815BFEFF413BF03F811BF1F
:10EB04009DFF0FBF38070EBF6D0A0CBF84070ABFF5
:10EB1400550008BF26F905BF1EF603BFE4F801BF80
:10EB24006EFFFFBE140DFCBED212F8BE840DF4BEFF
:10EB34007E00F0BE78F3EBBEFFEDE7BE16F3E3BE56
:10EB440093FFDFBE0F0CDCBE4C11D8BE630CD4BEE9
:10EB54005F00D0BE5BF4CBBE52EFC7BE11F4C3BEA0
:10EB6400ADFFBFBE490BBCBE2510B8BE890BB4BEF9
:10EB74004800B0BE07F5ABBE52F0A7BECFF4A3BEAB
:10EB8400C1FF9FBEB30A9CBE460F98BEE40A94BE62
:10EB9400360090BE88F58BBE13F187BE5FF583BE49
:10EBA400A3FF7FBE891478BE401D70BED01468BE1A
:10EBB4004F0060BECDEB57BE42E34FBE91EB47BE64
:10EBC400BFFF3FBEEC1338BE511C30BE1D1428BE1F
:10EBD400350020BE4EEC17BE07E40FBE26EC07BE80
:10EBE400ACFFFFBD0C27F0BD6737E0BD4827D0BDA3
:10EBF4003E00C0BD34D9AFBDFFC89FBD09D98FBD8C
:10EC0400AEFF7FBD4A4D60BD7A6D40BD7D4D20BDD8
:10EC1400290000BDA965BFBC274B7EBC1F96FDBB68
:10EC2400A063C9A41F96FD3B274B7E3CA965BF3C4E
:10EC34002900003D7D4D203D7A6D403D4A4D603DAB
:10EC4400AEFF7F3D09D98F3DFFC89F3D34D9AF3D0D
:10EC54003E00C03D4827D03D6737E03D0C27F03DDE
:10EC6400ACFFFF3D26EC073E07E40F3E4EEC173E9B
:10EC74003500203E1D14283E511C303EEC13383E16
:10EC8400BFFF3F3E91EB473E42E34F3ECDEB573E45
:10EC94004F00603ED014683E401D703E8914783E9B
:10ECA400A3FF7F3E5FF5833E13F1873E88F58B3EDD
:10ECB4003600903EE40A943E460F983EB30A9C3ECA
:10ECC400C1FF9F3ECFF4A33E52F0A73E07F5AB3EF3
:10ECD4004800B03E890BB43E2510B83E490BBC3EFB
:10ECE400ADFFBF3E11F4C33E52EFC73E5BF4CB3ED3
:10ECF4005F00D03E630CD43E4C11D83E0F0CDC3E7A
:10ED040093FFDF3E16F3E33EFFEDE73E78F3EB3E81
:10ED14007E00F03E840DF43ED212F83E140DFC3E0B
:10ED24006EFFFF3EE4F8013F1EF6033F26F9053F60
:10ED34005500083F84070A3F6D0A0C3F38070E3F11
:10ED44009DFF0F3F03F8113FEFF4133F5CF8153FAD
:10ED54007400183F8D081A3FD10B1C3F23081E3F37
:10ED640076FF1F3FC8F6213F4AF3233F46F7253F6E
:10ED7400A600283F070A2A3FC90D2C3F6E092E3FE3
:10ED840035FF2F3FFCF4313FE8F0333FB9F5353F11
:10ED9400FC00383F400C3A3FB9103C3F530B3E3F18
:10EDA400BFFE3F3F2CF2413F36ED433F5EF3453F0C
:10EDB400A301483FE90F4A3F7D154C3F510E4E3F9A
:10EDC400C7FD4F3F3DED513FDAE6533F77EF553FE7
:10EDD4002D03583FE3165A3F5C1E5C3F92135E3F7F
:10EDE40021FB5F3FAFE2613FB2D9633F1AE8653F61
:10EDF4005008683F86286A3FB8336C3F3C1E6E3F1C
:10EE040018EF6F3FF3BF713FC6B1733FF8D9753F39
:10EE14004B30783F9D867A3F17907C3F94F67D3F38
:10EE240094767E3F94F67D3F17907C3F9D867A3F93
:10EE34004B30783FF8D9753FC6B1733FF3BF713F8C
:10EE440018EF6F3F3C1E6E3FB8336C3F86286A3F15
:10EE54005008683F1AE8653FB2D9633FAFE2613FAB
:10EE640021FB5F3F92135E3F5C1E5C3FE3165A3FFB
:10EE74002D03583F77EF553FDAE6533F3DED513FC1
:10EE8400C7FD4F3F510E4E3F7D154C3FE90F4A3FA2
:10EE9400A301483F5EF3453F36ED433F2CF2413F2B
:10EEA400BFFE3F3F530B3E3FB9103C3F400C3A3F3F
:10EEB400FC00383FB9F5353FE8F0333FFCF4313F0F
:10EEC40035FF2F3F6E092E3FC90D2C3F070A2A3FFD
:10EED400A600283F46F7253F4AF3233FC8F6213FC3
:10EEE40076FF1F3F23081E3FD10B1C3F8D081A3F9E
:10EEF4007400183F5CF8153FEFF4133F03F8113F1B
:10EF04009DFF0F3F38070E3F6D0A0C3F84070A3FF1
:10EF14005500083F26F9053F1EF6033FE4F8013F7C
:10EF24006EFFFF3E140DFC3ED212F83E840DF43EFB
:10EF34007E00F03E78F3EB3EFFEDE73E16F3E33E52
:10EF440093FFDF3E0F0CDC3E4C11D83E630CD43EE5
:10EF54005F00D03E5BF4CB3E52EFC73E11F4C33E9C
:10EF6400ADFFBF3E490BBC3E2510B83E890BB43EF5
:10EF74004800B03E07F5AB3E52F0A73ECFF4A33EA7
:10EF8400C1FF9F3EB30A9C3E460F983EE40A943E5E
:10EF94003600903E88F58B3E13F1873E5FF5833E45
:10EFA400A3FF7F3E8914783E401D703ED014683E16
:10EFB4004F00603ECDEB573E42E34F3E91EB473E60
:10EFC400BFFF3F3EEC13383E511C303E1D14283E1B
:10EFD4003500203E4EEC173E07E40F3E26EC073E7C
:10EFE400ACFFFF3D0C27F03D6737E03D4827D03D9F
:10EFF4003E00C03D34D9AF3DFFC89F3D09D98F3D88
:10F00400AEFF7F3D4A4D603D7A6D403D7D4D203DD4
:10F014002900003DA965BF3C274B7E3C1F96FD3B64
:10F02400A063C9241F96FDBB274B7EBCA965BFBC4A
:10F03400290000BD7D4D20BD7A6D40BD4A4D60BDA7
:10F04400AEFF7FBD09D98FBDFFC89FBD34D9AFBD09
:10F054003E00C0BD4827D0BD6737E0BD0C27F0BDDA
:10F06400ACFFFFBD26EC07BE07E40FBE4EEC17BE97
:10F07400350020BE1D1428BE511C30BEEC1338BE12
:10F08400BFFF3FBE91EB47BE42E34FBECDEB57BE41
:10F094004F0060BED01468BE401D70BE891478BE97
:10F0A400A3FF7FBE5FF583BE13F187BE88F58BBED9
:10F0B400360090BEE40A94BE460F98BEB30A9CBEC6
:10F0C400C1FF9FBECFF4A3BE52F0A7BE07F5ABBEEF
:10F0D4004800B0BE890BB4BE2510B8BE490BBCBEF7
:10F0E400ADFFBFBE11F4C3BE52EFC7BE5BF4CBBECF
:10F0F4005F00D0BE630CD4BE4C11D8BE0F0CDCBE76
:10F1040093FFDFBE16F3E3BEFFEDE7BE78F3EBBE7D
:10F114007E00F0BE840DF4BED212F8BE140DFCBE07
:10F124006EFFFFBEE4F801BF1EF603BF26F905BF5C
:10F13400550008BF84070ABF6D0A0CBF38070EBF0D
:10F144009DFF0FBF03F811BFEFF413BF5CF815BFA9
:10F15400740018BF8D081ABFD10B1CBF23081EBF33
:10F1640076FF1FBFC8F621BF4AF323BF46F725BF6A
:10F17400A60028BF070A2ABFC90D2CBF6E092EBFDF
:10F1840035FF2FBFFCF431BFE8F033BFB9F535BF0D
:10F19400FC0038BF400C3ABFB9103CBF530B3EBF14
:10F1A400BFFE3FBF2CF241BF36ED43BF5EF345BF08
:10F1B400A30148BFE90F4ABF7D154CBF510E4EBF96
:10F1C400C7FD4FBF3DED51BFDAE653BF77EF55BFE3
:10F1D4002D0358BFE3165ABF5C1E5CBF92135EBF7B
:10F1E40021FB5FBFAFE261BFB2D963BF1AE865BF5D
:10F1F400500868BF86286ABFB8336CBF3C1E6EBF18
:10F2040018EF6FBFF3BF71BFC6B173BFF8D975BF35
:10F214004B3078BF9D867ABF17907CBF94F67DBF34
:10F2240000007EBE2D0831BFF1C180BFD3D093BF93
:10F23400D3D093BF1A2688BFC32574BFD3FC61BF44
:10F24400D3FC5FBF6D126BBF57597ABF1F4282BF99
:10F254001F4282BFBB607BBFF4C36EBFB96565BF8D
:10F26400B96563BFCA7168BF387670BFE93476BFC9
:10F27400E93476BFE17470BFFA1768BFCF6861BF25
:10F28400CF685FBF954662BF9E7D67BF466D6BBF0B
:10F29400466D6BBFC23367BFC9D460BF9B735BBF8E
:10F2A4009B7359BF53305BBF92E95EBF7FDC61BF84
:10F2B4007FDC61BFEC815EBFF44B59BFFBB054BF30
:10F2C400FBB052BF44BC53BF8C8756BFA8DA58BFAB
:10F2D400A8DA58BFD41056BF0E9E51BFD7864DBF73
:10F2E400D7864BBFA4194CBFBA414EBF342650BF7A
:10F2F400342650BF5AC24DBF37DA49BF522146BFE8
:10F30400522144BF985C44BF4E0D46BF50A047BF36
:10F3140050A047BF7F8845BF5A0842BF9D963EBF55
:10F324009D963CBF248F3CBF58E43DBF98383FBFF7
:10F3340098383FBFE95B3DBF002D3ABF17F336BF96
:10F3440017F334BFCFB634BF52C335BF87E536BFDA
:10F3540087E536BF5A3835BFF04A32BF333E2FBF38
:10F36400333E2DBFE7D62CBF06A82DBF35A12EBF37
:10F3740035A12EBF351B2DBFF6632ABFAF7C27BF37
:10F38400AF7C25BF84F124BFFA9025BFC76726BF91
:10F39400C76726BFC70225BF477922BFB6B11FBFC3
:10F3A400B6B11DBF0B081DBF2D7D1DBF9B361EBFF3
:10F3B4009B361EBFEBED1CBFBD8B1ABF7CDF17BF96
:10F3C4007CDF15BF701B15BFE86B15BFD60B16BFCE
:10F3D400D60B16BFD0DB14BFF49B12BF940710BF2B
:10F3E40094070EBF652C0DBFA35C0DBF22E60DBFB5
:10F3F40022E60DBFE2CB0CBF5FAA0ABF262B08BFD3
:10F40400262B06BF683B05BFFC4E05BF7CC405BF69
:10F414007CC405BFB2BD04BF55B702BF0F4B00BFCC
:10F424001F96FCBEB491FABE4A85FABE474CFBBE99
:10F43400474CFBBED661F9BE3786F5BEF9CFF0BEA8
:10F44400F9CFECBE0BAAEABEC66EEABE0115EBBE4E
:10F454000115EBBE9A4AE9BECA9BE5BEE604E1BECD
:10F46400E604DDBE47C0DABE0E5ADABE39E2DABEC1
:10F4740039E2DABE4835D9BEBAAFD5BEB935D1BE48
:10F48400B935CDBEC3D4CABED646CABE30B3CABED1
:10F4940030B3CABE8F21C9BE4AC2C5BE1E63C1BE37
:10F4A4001E63BDBEC9E7BABEE034BABE4C87BABE5D
:10F4B4004C87BABE2E0FB9BEB2D3B5BEA08DB1BEB5
:10F4C400A08DADBE94F9AABEFB23AABE0E5EAABE51
:10F4D4000E5EAABEEDFDA8BE20E4A5BEB5B5A1BED4
:10F4E400B5B59DBE560A9BBEFA139ABE0B379ABE9B
:10F4F4000B379ABEA0ED98BEBBF395BEBCDB91BEA4
:10F50400BCDB8DBE381A8BBEBB048ABEEA118ABE30
:10F51400EA118ABE20DE88BEA60286BE0A0082BE2A
:10F5240014007CBEBB5276BE3DEC73BEBDDC73BE24
:10F53400BDDC73BE999E71BEF8216CBECA4564BE23
:10F54400CA455CBECA6F56BE12D053BE499853BE5C
:10F55400499853BE148251BEAD3D4CBE188944BE79
:10F5640018893CBED28B36BEC6B433BE055633BEF4
:10F57400055633BE7F6631BE99582CBE6CCA24BE74
:10F584006CCA1CBE00A716BE2F9A13BE881513BEE4
:10F59400881513BEAD4B11BEE4720CBE290A05BE1C
:10F5A4005314FABD0083EDBD4E00E7BDE7ACE5BDE5
:10F5B400E7ACE5BDEC62E2BD6519D9BD5791CABDA2
:10F5C4005791BABDEDB6ADBD13CDA6BDDF30A5BD17
:10F5D400DF30A5BD6D2FA2BD4F4C99BD8C0C8BBDEA
:10F5E400171976BD1CD45BBDD6344DBDAB6C49BD7B
:10F5F400AB6C49BD31F943BD8DFD32BD220D17BD44
:10F60400441AEEBC9A72B8BC55A099BCB9F290BC2D
:10F61400B9F290BCB32887BC53884DBC0000C0BB72
:10F624000000003B53880D3C66514E3C71E5613C43
:10F6340071E5613CA940733C9A72983C441ACE3CF3
:10F64400220D073D8DFD223D31F9333DAB6C393D33
:10F65400AB6C393DD6343D3D1CD44B3D1719663D4A
:10F664008C0C833D4F4C913D6D2F9A3DDF309D3D79
:10F67400DF309D3D13CD9E3DEDB6A53D5791B23D86
:10F684005791C23D6519D13DEC62DA3DE7ACDD3DF1
:10F69400E7ACDD3D4E00DF3D0083E53D5314F23D14
:10F6A400290A013EE472083EAD4B0D3E88150F3E1B
:10F6B40088150F3E2F9A0F3E00A7123E6CCA183EC3
:10F6C4006CCA203E9958283E7F662D3E05562F3E33
:10F6D40005562F3EC6B42F3ED28B323E1889383E93
:10F6E4001889403EAD3D483E14824D3E49984F3EF8
:10F6F40049984F3E12D04F3ECA6F523ECA45583EBB
:10F70400CA45603EF821683E999E6D3EBDDC6F3E61
:10F71400BDDC6F3E3DEC6F3EBB52723E1400783E42
:10F724000A00803EA602843E20DE863EEA11883E20
:10F73400EA11883EBB04883E381A893EBCDB8B3E06
:10F74400BCDB8F3EBBF3933EA0ED963E0B37983E59
:10F754000B37983EFA13983E560A993EB5B59B3E30
:10F76400B5B59F3E20E4A33EEDFDA63E0E5EA83E49
:10F774000E5EA83EFB23A83E94F9A83EA08DAB3EA6
:10F78400A08DAF3EB2D3B33E2E0FB73E4C87B83EEA
:10F794004C87B83EE034B83EC9E7B83E1E63BB3E72
:10F7A4001E63BF3E4AC2C33E8F21C73E30B3C83E2C
:10F7B40030B3C83ED646C83EC3D4C83EB935CB3EA6
:10F7C400B935CF3EBAAFD33E4835D73E39E2D83EFD
:10F7D40039E2D83E0E5AD83E47C0D83EE604DB3E56
:10F7E400E604DF3ECA9BE33E9A4AE73E0115E93E42
:10F7F4000115E93EC66EE83E0BAAE83EF9CFEA3EA3
:10F80400F9CFEE3E3786F33ED661F73E474CF93EDC
:10F81400474CF93E4A85F83EB491F83E1F96FA3EAD
:10F824001F96FE3E55B7013FB2BD033F7CC4043F63
:10F834007CC4043FFC4E043F683B043F262B053F39
:10F84400262B073F5FAA093FE2CB0B3F22E60C3F82
:10F8540022E60C3FA35C0C3F652C0C3F94070D3F44
:10F8640094070F3FF49B113FD0DB133FD60B153F9A
:10F87400D60B153FE86B143F701B143F7CDF143F1D
:10F884007CDF163FBD8B193FEBED1B3F9B361D3FC5
:10F894009B361D3F2D7D1C3F0B081C3FB6B11C3F02
:10F8A400B6B11E3F4779213FC702243FC767253FB2
:10F8B400C767253FFA90243F84F1233FAF7C243F60
:10F8C400AF7C263FF663293F351B2C3F35A12D3FE6
:10F8D40035A12D3F06A82C3FE7D62B3F333E2C3FC6
:10F8E400333E2E3FF04A313F5A38343F87E5353FA7
:10F8F40087E5353F52C3343FCFB6333F17F3333F29
:10F9040017F3353F002D393FE95B3C3F98383E3FC4
:10F9140098383E3F58E43C3F248F3B3F9D963B3F05
:10F924009D963D3F5A08413F7F88443F50A0463F43
:10F9340050A0463F4E0D453F985C433F5221433F04
:10F944005221453F37DA483F5AC24C3F34264F3F95
:10F9540034264F3FBA414D3FA4194B3FD7864A3F07
:10F96400D7864C3F0E9E503FD410553FA8DA573FE0
:10F97400A8DA573F8C87553F44BC523FFBB0513FF8
:10F98400FBB0533FF44B583FEC815D3F7FDC603F5D
:10F994007FDC603F92E95D3F53305A3F9B73583F91
:10F9A4009B735A3FC9D45F3FC233663F466D6A3F7B
:10F9B400466D6A3F9E7D663F9546613FCF685E3FD8
:10F9C400CF68603FFA17673FE1746F3FE934753FD2
:10F9D400E934753F38766F3FCA71673FB965623F56
:10F9E400B965643FF4C36D3FBB607A3F1FC2813F7A
:10F9F4001FC2813F5759793F6D126A3FD3FC5E3F66
:10FA0400D3FC603FC325733F1AA6873FD350933F6F
:10FA1400D350933FF141803F2D08303F00007A3EA0
:10FA24000000803E4E3E333F945E823F9E94953F5D
:10FA34009E94953F9C0C8A3F58E9783FA66D683F99
:10FA4400A66D683F4642753F75CC823F850D883F61
:10FA5400850D883F049A833F36817B3F4AC7733FB5
:10FA64004AC7733F549B7A3F13DE813F83ED843F43
:10FA740083ED843F4227823FD8CE7C3FFABA773F5A
:10FA8400FABA773FC2697C3FFE64813F7191833F3C
:10FA94007191833FE689813F29857D3F26B6793F71
:10FAA40026B6793F0C4D7D3F3F1E813FF0D0823F0B
:10FAB400F0D0823F3C34813FB5F57D3F96E37A3FF9
:10FAC40096E37A3F6BD27D3F96F0803F1458823F95
:10FAD4001458823F03FF803F02417E3F1DA97B3FB4
:10FAE4001DA97B3F10297E3F20D1803F2306823F02
:10FAF4002306823F2FDB803F29767E3FC5327C3F41
:10FB0400C5327C3F16657E3F7ABA803FBFCB813FCA
:10FB1400BFCB813FC7C1803F089D7E3FA2967C3FFB
:10FB2400A2967C3F77907E3FB4A9803FC7A0813FD7
:10FB3400C7A0813F23AF803F1CBA7E3FF5E07C3FE6
:10FB4400F5E07C3FACB07E3F119D803F8680813FD5
:10FB54008680813F2CA1803F1BD07E3F0D197D3FC5
:10FB64000D197D3FF7C87E3F7E93803F1E68813F1D
:10FB74001E68813F9996803FC0E07E3F7F437D3F72
:10FB84007F437D3F5DDB7E3F498C803FB655813F9F
:10FB9400B655813F9C8E803F2CED7E3F45637D3F73
:10FBA40045637D3F30E97E3FFB86803F1948813FB6
:10FBB4001948813FAB88803F1FF67E3F597A7D3FCD
:10FBC400597A7D3F4DF37E3F4683803F793E813FA6
:10FBD400793E813F6C84803F17FC7E3F078A7D3FDE
:10FBE400078A7D3F4AFA7E3FF880803F5138813F43
:10FBF4005138813FA381803F64FF7E3F22937D3F44
:10FC040022937D3F83FE7E3FF47F803F5035813FCA
:10FC14005035813F2C80803F30007F3F1F967D3FD1
:10FC24001F967D3F30007F3F2C80803F5035813FC1
:10FC34005035813FF47F803F83FE7E3F22937D3F9A
:10FC440022937D3F64FF7E3FA381803F5138813FF3
:10FC54005138813FF880803F4AFA7E3F078A7D3FD2
:10FC6400078A7D3F17FC7E3F6C84803F793E813F4D
:10FC7400793E813F4683803F4DF37E3F597A7D3FF5
:10FC8400597A7D3F1FF67E3FAB88803F1948813FFC
:10FC94001948813FFB86803F30E97E3F45637D3FC5
:10FCA40045637D3F2CED7E3F9C8E803FB655813F62
:10FCB400B655813F498C803F5DDB7E3F7F437D3F6E
:10FCC4007F437D3FC0E07E3F9996803F1E68813F21
:10FCD4001E68813F7E93803FF7C87E3F0D197D3FAC
:10FCE4000D197D3F1BD07E3F2CA1803F8680813F34
:10FCF4008680813F119D803FACB07E3FF5E07C3F24
:10FD0400F5E07C3F1CBA7E3F23AF803FC7A0813F14
:10FD1400C7A0813FB4A9803F77907E3FA2967C3FE5
:10FD2400A2967C3F089D7E3FC7C1803FBFCB813FE9
:10FD3400BFCB813F7ABA803F16657E3FC5327C3F98
:10FD4400C5327C3F29767E3F2FDB803F2306823FEE
:10FD54002306823F20D1803F10297E3F1DA97B3F8F
:10FD64001DA97B3F02417E3F03FF803F1458823F21
:10FD74001458823F96F0803F6BD27D3F96E37A3FE2
:10FD840096E37A3FB5F57D3F3C34813FF0D0823F26
:10FD9400F0D0823F3F1E813F0C4D7D3F26B6793F18
:10FDA40026B6793F29857D3FE689813F7191833F5E
:10FDB4007191833FFE64813FC2697C3FFABA773F09
:10FDC400FABA773FD8CE7C3F4227823F83ED843F07
:10FDD40083ED843F13DE813F549B7A3F4AC7733FD0
:10FDE4004AC7733F36817B3F049A833F850D883F22
:10FDF400850D883F75CC823F4642753FA66D683FAE
:10FE0400A66D683F58E9783F9C0C8A3F9E94953FC5
:10FE14009E94953F945E823F4E3E333F0000803E69
:10FE2400000080BE4E3E33BF945E82BF9E9495BF59
:10FE34009E9495BF9C0C8ABF58E978BFA66D68BF95
:10FE4400A66D68BF464275BF75CC82BF850D88BF5D
:10FE5400850D88BF049A83BF36817BBF4AC773BFB1
:10FE64004AC773BF549B7ABF13DE81BF83ED84BF3F
:10FE740083ED84BF422782BFD8CE7CBFFABA77BF56
:10FE8400FABA77BFC2697CBFFE6481BF719183BF38
:10FE9400719183BFE68981BF29857DBF26B679BF6D
:10FEA40026B679BF0C4D7DBF3F1E81BFF0D082BF07
:10FEB400F0D082BF3C3481BFB5F57DBF96E37ABFF5
:10FEC40096E37ABF6BD27DBF96F080BF145882BF91
:10FED400145882BF03FF80BF02417EBF1DA97BBFB0
:10FEE4001DA97BBF10297EBF20D180BF230682BFFE
:10FEF400230682BF2FDB80BF29767EBFC5327CBF3D
:10FF0400C5327CBF16657EBF7ABA80BFBFCB81BFC6
:10FF1400BFCB81BFC7C180BF089D7EBFA2967CBFF7
:10FF2400A2967CBF77907EBFB4A980BFC7A081BFD3
:10FF3400C7A081BF23AF80BF1CBA7EBFF5E07CBFE2
:10FF4400F5E07CBFACB07EBF119D80BF868081BFD1
:10FF5400868081BF2CA180BF1BD07EBF0D197DBFC1
:10FF64000D197DBFF7C87EBF7E9380BF1E6881BF19
:10FF74001E6881BF999680BFC0E07EBF7F437DBF6E
:10FF84007F437DBF5DDB7EBF498C80BFB65581BF9B
:10FF9400B65581BF9C8E80BF2CED7EBF45637DBF6F
:10FFA40045637DBF30E97EBFFB8680BF194881BFB2
:10FFB400194881BFAB8880BF1FF67EBF597A7DBFC9
:10FFC400597A7DBF4DF37EBF468380BF793E81BFA2
:10FFD400793E81BF6C8480BF17FC7EBF078A7DBFDA
:10FFE400078A7DBF4AFA7EBFF88080BF513881BF3F
:0CFFF400513881BFA38180BF64FF7EBF35
:02000004600298
:1000000022937DBF22937DBF83FE7EBFF47F80BF9E
:10001000503581BF503581BF2C8080BF30007FBFFD
:100020001F967DBF1F967DBF30007FBF2C8080BF95
:10003000503581BF503581BFF47F80BF83FE7EBFC6
:1000400022937DBF22937DBF64FF7EBFA38180BFCB
:10005000513881BF513881BFF88080BF4AFA7EBFD6
:10006000078A7DBF078A7DBF17FC7EBF6C8480BF77
:10007000793E81BF793E81BF468380BF4DF37EBF0D
:10008000597A7DBF597A7DBF1FF67EBFAB8880BF8E
:10009000194881BF194881BFFB8680BF30E97EBF08
:1000A00045637DBF45637DBF2CED7EBF9C8E80BFC9
:1000B000B65581BFB65581BF498C80BF5DDB7EBF21
:1000C0007F437DBF7F437DBFC0E07EBF999680BFE9
:1000D0001E6881BF1E6881BF7E9380BFF7C87EBF48
:1000E0000D197DBF0D197DBF1BD07EBF2CA180BF18
:1000F000868081BF868081BF119D80BFACB07EBFEE
:10010000F5E07CBFF5E07CBF1CBA7EBF23AF80BFAB
:10011000C7A081BFC7A081BFB4A980BF77907EBFB1
:10012000A2967CBFA2967CBF089D7EBFC7C180BF40
:10013000BFCB81BFBFCB81BF7ABA80BF16657EBF00
:10014000C5327CBFC5327CBF29767EBF2FDB80BF26
:10015000230682BF230682BF20D180BF10297EBF25
:100160001DA97BBF1DA97BBF02417EBF03FF80BFCE
:10017000145882BF145882BF96F080BF6BD27DBFE7
:1001800096E37ABF96E37ABFB5F57DBF3C3481BF75
:10019000F0D082BFF0D082BF3F1E81BF0C4D7DBF2B
:1001A00026B679BF26B679BF29857DBFE68981BF8E
:1001B000719183BF719183BFFE6481BFC2697CBFAF
:1001C000FABA77BFFABA77BFD8CE7CBF422782BFD0
:1001D00083ED84BF83ED84BF13DE81BF549B7ABF60
:1001E0004AC773BF4AC773BF36817BBF049A83BFB8
:1001F000850D88BF850D88BF75CC82BF464275BF0F
:10020000A66D68BFA66D68BF58E978BF9C0C8ABF11
:100210009E9495BF9E9495BF945E82BF4E3E33BF21
:10022000000080BE40AC63A5900E493CB00AC93CBA
:100230002CC3163D2FFB483D742B7B3D05A9963DF5
:1002400080B6AF3D36BDC83D2EBCE13D73B2FA3D30
:1002500086CF093E8340163EB5AB223EA2102F3E0C
:10026000CF6E3B3EC2C5473E0115543E135C603E17
:100270007F9A6C3ECCCF783EC07D823E938E883E86
:10028000229A8E3E31A0943E86A09A3EE59AA03EE8
:10029000128FA63ED47CAC3EEF63B23E2A44B83EF9
:1002A0004A1DBE3E15EFC33E53B9C93ECA7BCF3E81
:1002B0004136D53E80E8DA3E4F92E03E7533E63E69
:1002C000BBCBEB3EEA5AF13ECBE0F63E275DFC3E6F
:1002D000E4E7003F3D9C033F824B063F9BF5083F10
:1002E0006B9A0B3FDA390E3FCDD3103F2A68133F8C
:1002F000D9F6153FC07F183FC6021B3FD17F1D3F77
:10030000CBF61F3F9967223F25D2243F5636273F21
:100310001594293F4AEB2B3FDE3B2E3FBB85303FF8
:10032000C9C8323FF304353F233A373F4268393F6B
:100330003B8F3B3FF9AE3D3F67C73F3F70D8413FE2
:1003400000E2433F03E4453F65DE473F12D1493FAA
:10035000F7BB4B3F029F4D3F1F7A4F3F3D4D513FF3
:100360004918533F31DB543FE595563F5348583FBA
:100370006AF2593F1A945B3F532D5D3F05BE5E3FC5
:100380002146603F98C5613F5A3C633F59AA643F8C
:10039000880F663FD86B673F3CBF683FA7096A3F3D
:1003A0000C4B6B3F5F836C3F93B26D3F9ED86E3FAB
:1003B00073F56F3F0809713F5213723F4714733F43
:1003C000DD0B743F0AFA743FC6DE753F07BA763F0D
:1003D000C58B773FF853783F9812793F9DC7793F97
:1003E00002737A3FBF147B3FCDAC7B3F283B7C3F01
:1003F000C9BF7C3FAC3A7D3FCCAB7D3F24137E3FF1
:10040000B0707E3F6DC47E3F580E7F3F6D4E7F3F84
:10041000AB847F3F0FB17F3F97D37F3F43EC7F3F5C
:1004200011FB7F3F0000803F11FB7F3F43EC7F3F8C
:1004300097D37F3F0FB17F3FAB847F3F6D4E7F3FB0
:10044000580E7F3F6DC47E3FB0707E3F24137E3FC9
:10045000CCAB7D3FAC3A7D3FC9BF7C3F283B7C3F66
:10046000CDAC7B3FBF147B3F02737A3F9DC7793F82
:100470009812793FF853783FC58B773F07BA763F9C
:10048000C6DE753F0AFA743FDD0B743F4714733FB5
:100490005213723F0809713F73F56F3F9ED86E3F4C
:1004A00093B26D3F5F836C3F0C4B6B3FA7096A3F74
:1004B0003CBF683FD86B673F880F663F59AA643FCF
:1004C0005A3C633F98C5613F2146603F05BE5E3F91
:1004D000532D5D3F1A945B3F6AF2593F5348583F92
:1004E000E595563F31DB543F4918533F3D4D513F51
:1004F0001F7A4F3F029F4D3FF7BB4B3F12D1493F01
:1005000065DE473F03E4453F00E2433F70D8413F8B
:1005100067C73F3FF9AE3D3F3B8F3B3F4268393FA6
:10052000233A373FF304353FC9C8323FBB85303FDC
:10053000DE3B2E3F4AEB2B3F1594293F5636273F93
:1005400025D2243F9967223FCBF61F3FD17F1D3F25
:10055000C6021B3FC07F183FD9F6153F2A68133FDC
:10056000CDD3103FDA390E3F6B9A0B3F9BF5083F16
:10057000824B063F3D9C033FE4E7003F275DFC3E86
:10058000CBE0F63EEA5AF13EBBCBEB3E7533E63E9E
:100590004F92E03E80E8DA3E4136D53ECA7BCF3E00
:1005A00053B9C93E15EFC33E4A1DBE3E2A44B83E6C
:1005B000EF63B23ED47CAC3E128FA63EE59AA03EDD
:1005C00086A09A3E31A0943E229A8E3E938E883E1B
:1005D000C07D823ECCCF783E7F9A6C3E135C603EFD
:1005E0000115543EC2C5473ECF6E3B3EA2102F3E82
:1005F000B5AB223E8340163E86CF093E73B2FA3D2C
:100600002EBCE13D36BDC83D80B6AF3D05A9963D47
:10061000742B7B3D2FFB483D2CC3163DB00AC93CD3
:10062000900E493C35C57425900E49BCB00AC9BC32
:100630002CC316BD2FFB48BD742B7BBD05A996BDF1
:1006400080B6AFBD36BDC8BD2EBCE1BD73B2FABD2C
:1006500086CF09BE834016BEB5AB22BEA2102FBE08
:10066000CF6E3BBEC2C547BE011554BE135C60BE13
:100670007F9A6CBECCCF78BEC07D82BE938E88BE82
:10068000229A8EBE31A094BE86A09ABEE59AA0BEE4
:10069000128FA6BED47CACBEEF63B2BE2A44B8BEF5
:1006A0004A1DBEBE15EFC3BE53B9C9BECA7BCFBE7D
:1006B0004136D5BE80E8DABE4F92E0BE7533E6BE65
:1006C000BBCBEBBEEA5AF1BECBE0F6BE275DFCBE6B
:1006D000E4E700BF3D9C03BF824B06BF9BF508BF0C
:1006E0006B9A0BBFDA390EBFCDD310BF2A6813BF88
:1006F000D9F615BFC07F18BFC6021BBFD17F1DBF73
:10070000CBF61FBF996722BF25D224BF563627BF1D
:10071000159429BF4AEB2BBFDE3B2EBFBB8530BFF4
:10072000C9C832BFF30435BF233A37BF426839BF67
:100730003B8F3BBFF9AE3DBF67C73FBF70D841BFDE
:1007400000E243BF03E445BF65DE47BF12D149BFA6
:10075000F7BB4BBF029F4DBF1F7A4FBF3D4D51BFEF
:10076000491853BF31DB54BFE59556BF534858BFB6
:100770006AF259BF1A945BBF532D5DBF05BE5EBFC1
:10078000214660BF98C561BF5A3C63BF59AA64BF88
:10079000880F66BFD86B67BF3CBF68BFA7096ABF39
:1007A0000C4B6BBF5F836CBF93B26DBF9ED86EBFA7
:1007B00073F56FBF080971BF521372BF471473BF3F
:1007C000DD0B74BF0AFA74BFC6DE75BF07BA76BF09
:1007D000C58B77BFF85378BF981279BF9DC779BF93
:1007E00002737ABFBF147BBFCDAC7BBF283B7CBFFD
:1007F000C9BF7CBFAC3A7DBFCCAB7DBF24137EBFED
:10080000B0707EBF6DC47EBF580E7FBF6D4E7FBF80
:10081000AB847FBF0FB17FBF97D37FBF43EC7FBF58
:1008200011FB7FBF000080BF11FB7FBF43EC7FBF88
:1008300097D37FBF0FB17FBFAB847FBF6D4E7FBFAC
:10084000580E7FBF6DC47EBFB0707EBF24137EBFC5
:10085000CCAB7DBFAC3A7DBFC9BF7CBF283B7CBF62
:10086000CDAC7BBFBF147BBF02737ABF9DC779BF7E
:10087000981279BFF85378BFC58B77BF07BA76BF98
:10088000C6DE75BF0AFA74BFDD0B74BF471473BFB1
:10089000521372BF080971BF73F56FBF9ED86EBF48
:1008A00093B26DBF5F836CBF0C4B6BBFA7096ABF70
:1008B0003CBF68BFD86B67BF880F66BF59AA64BFCB
:1008C0005A3C63BF98C561BF214660BF05BE5EBF8D
:1008D000532D5DBF1A945BBF6AF259BF534858BF8E
:1008E000E59556BF31DB54BF491853BF3D4D51BF4D
:1008F0001F7A4FBF029F4DBFF7BB4BBF12D149BFFD
:1009000065DE47BF03E445BF00E243BF70D841BF87
:1009100067C73FBFF9AE3DBF3B8F3BBF426839BFA2
:10092000233A37BFF30435BFC9C832BFBB8530BFD8
:10093000DE3B2EBF4AEB2BBF159429BF563627BF8F
:1009400025D224BF996722BFCBF61FBFD17F1DBF21
:10095000C6021BBFC07F18BFD9F615BF2A6813BFD8
:10096000CDD310BFDA390EBF6B9A0BBF9BF508BF12
:10097000824B06BF3D9C03BFE4E700BF275DFCBE82
:10098000CBE0F6BEEA5AF1BEBBCBEBBE7533E6BE9A
:100990004F92E0BE80E8DABE4136D5BECA7BCFBEFC
:1009A00053B9C9BE15EFC3BE4A1DBEBE2A44B8BE68
:1009B000EF63B2BED47CACBE128FA6BEE59AA0BED9
:1009C00086A09ABE31A094BE229A8EBE938E88BE17
:1009D000C07D82BECCCF78BE7F9A6CBE135C60BEF9
:1009E000011554BEC2C547BECF6E3BBEA2102FBE7E
:1009F000B5AB22BE834016BE86CF09BE73B2FABD28
:100A00002EBCE1BD36BDC8BD80B6AFBD05A996BD43
:100A1000742B7BBD2FFB48BD2CC316BDB00AC9BCCF
:100A2000900E49BCF1CC7CBFF18C7CBF34D07BBF35
:100A300036A07ABFD20B79BFE82577BFBA0375BF5E
:100A40001ABB72BFA26070BF2B066EBF96B96BBF98
:100A50001D8469BF196A67BF596B65BFDB8363BFBC
:100A6000E9AC61BF53DE5FBFBE0F5EBFC5395CBF7F
:100A7000E2565ABF026458BFAB6056BFD44E54BF53
:100A8000623252BF721050BF81EE4DBFA2D14BBF38
:100A9000C7BD49BF48B547BFA9B845BFA5C643BFF5
:100AA0007DDC41BF75F63FBF6C103EBF81263CBF69
:100AB0009B353ABFD53B38BFB53836BF272D34BF3D
:100AC0004F1B32BF240630BFF9F02DBFFADE2BBF1B
:100AD000B9D229BFCFCD27BFACD025BF95DA23BF70
:100AE000C7E921BFC7FB1FBFC80D1EBF141D1CBF18
:100AF00077271ABF8A2B18BFE72816BF292014BFF3
:100B0000D21212BF090310BF3FF30DBFD6E50BBFD2
:100B1000C1DC09BF40D907BFB5DB05BF97E303BF01
:100B200094EF01BF82FBFFBEDE17FCBEF22FF8BEC2
:100B30003640F4BE6446F0BEC641ECBE4B33E8BE60
:100B4000571DE4BE6203E0BE6EE9DBBE65D3D7BECF
:100B500089C4D3BEF7BECFBE5BC3CBBEDDD0C7BE9C
:100B60004BE5C3BE6FFDBFBE9315BCBE102AB8BE19
:100B7000DB37B4BEF73CB0BEC038ACBEFA2BA8BE63
:100B8000B518A4BEF101A0BE2CEB9BBEDBD797BE6F
:100B9000DFCA93BE1CC68FBE33CA8BBE6BD687BE60
:100BA000D3E883BE20FD7FBE9A2878BE7B4D70BE01
:100BB0003D6668BE386F60BE366758BE924F50BE05
:100BC000032C48BE090240BE0ED837BE73B42FBEF8
:100BD000969C27BE01941FBEEC9B17BE08B30FBEA8
:100BE000BCD507BE65FDFFBD534FF0BDCB94E0BD46
:100BF0004CC3D0BDDBD3C0BD11C4B0BD7196A0BD88
:100C0000045290BD450180BD0D615FBD24D83EBD3D
:100C10009C7C1EBDA4B8FCBC36F8BCBC3E5C7BBC56
:100C200045FAFABB04DD2BA545FAFA3B3E5C7B3C5A
:100C300036F8BC3CA4B8FC3C9C7C1E3D24D83E3D10
:100C40000D615F3D4501803D0452903D7196A03D90
:100C500011C4B03DDBD3C03D4CC3D03DCB94E03D8F
:100C6000534FF03D65FDFF3DBCD5073E08B30F3E39
:100C7000EC9B173E01941F3E969C273E73B42F3E7B
:100C80000ED8373E0902403E032C483E924F503E5C
:100C90003667583E386F603E3D66683E7B4D703E1D
:100CA0009A28783E20FD7F3ED3E8833E6BD6873E70
:100CB00033CA8B3E1CC68F3EDFCA933EDBD7973EBE
:100CC0002CEB9B3EF101A03EB518A43EFA2BA83EAA
:100CD000C038AC3EF73CB03EDB37B43E102AB83EDD
:100CE0009315BC3E6FFDBF3E4BE5C33EDDD0C73E16
:100CF0005BC3CB3EF7BECF3E89C4D33E65D3D73E60
:100D00006EE9DB3E6203E03E571DE43E4B33E83EB6
:100D1000C641EC3E6446F03E3640F43EF22FF83ECB
:100D2000DE17FC3E82FBFF3E94EF013F97E3033F5B
:100D3000B5DB053F40D9073FC1DC093FD6E50B3F96
:100D40003FF30D3F0903103FD212123F2920143FF9
:100D5000E728163F8A2B183F77271A3F141D1C3FA0
:100D6000C80D1E3FC7FB1F3FC7E9213F95DA233F50
:100D7000ACD0253FCFCD273FB9D2293FFADE2B3F5C
:100D8000F9F02D3F2406303F4F1B323F272D343FD3
:100D9000B538363FD53B383F9B353A3F81263C3FFF
:100DA0006C103E3F75F63F3F7DDC413FA5C6433F9B
:100DB000A9B8453F48B5473FC7BD493FA2D14B3FC2
:100DC00081EE4D3F7210503F6232523FD44E543F3D
:100DD000AB60563F0264583FE2565A3FC5395C3F0C
:100DE000BE0F5E3F53DE5F3FE9AC613FDB83633F95
:100DF000596B653F196A673F1D84693F96B96B3F20
:100E00002B066E3FA260703F1ABB723FBA03753F5C
:100E1000E825773FD20B793F36A07A3F34D07B3F2D
:100E2000F18C7C3FF1CC7C3FF18C7C3F34D07B3F1C
:100E300036A07A3FD20B793FE825773FBA03753F5A
:100E40001ABB723FA260703F2B066E3F96B96B3F94
:100E50001D84693F196A673F596B653FDB83633FB8
:100E6000E9AC613F53DE5F3FBE0F5E3FC5395C3F7B
:100E7000E2565A3F0264583FAB60563FD44E543F4F
:100E80006232523F7210503F81EE4D3FA2D14B3F34
:100E9000C7BD493F48B5473FA9B8453FA5C6433FF1
:100EA0007DDC413F75F63F3F6C103E3F81263C3F65
:100EB0009B353A3FD53B383FB538363F272D343F39
:100EC0004F1B323F2406303FF9F02D3FFADE2B3F17
:100ED000B9D2293FCFCD273FACD0253F95DA233F6C
:100EE000C7E9213FC7FB1F3FC80D1E3F141D1C3F14
:100EF00077271A3F8A2B183FE728163F2920143FEF
:100F0000D212123F0903103F3FF30D3FD6E50B3FCE
:100F1000C1DC093F40D9073FB5DB053F97E3033FFD
:100F200094EF013F82FBFF3EDE17FC3EF22FF83EBE
:100F30003640F43E6446F03EC641EC3E4B33E83E5C
:100F4000571DE43E6203E03E6EE9DB3E65D3D73ECB
:100F500089C4D33EF7BECF3E5BC3CB3EDDD0C73E98
:100F60004BE5C33E6FFDBF3E9315BC3E102AB83E15
:100F7000DB37B43EF73CB03EC038AC3EFA2BA83E5F
:100F8000B518A43EF101A03E2CEB9B3EDBD7973E6B
:100F9000DFCA933E1CC68F3E33CA8B3E6BD6873E5C
:100FA000D3E8833E20FD7F3E9A28783E7B4D703EFD
:100FB0003D66683E386F603E3667583E924F503E01
:100FC000032C483E0902403E0ED8373E73B42F3EF4
:100FD000969C273E01941F3EEC9B173E08B30F3EA4
:100FE000BCD5073E65FDFF3D534FF03DCB94E03D42
:100FF0004CC3D03DDBD3C03D11C4B03D7196A03D84
:101000000452903D4501803D0D615F3D24D83E3D39
:101010009C7C1E3DA4B8FC3C36F8BC3C3E5C7B3C52
:1010200045FAFA3B04DD2B2545FAFABB3E5C7BBC56
:1010300036F8BCBCA4B8FCBC9C7C1EBD24D83EBD0C
:101040000D615FBD450180BD045290BD7196A0BD8C
:1010500011C4B0BDDBD3C0BD4CC3D0BDCB94E0BD8B
:10106000534FF0BD65FDFFBDBCD507BE08B30FBE35
:10107000EC9B17BE01941FBE969C27BE73B42FBE77
:101080000ED837BE090240BE032C48BE924F50BE58
:10109000366758BE386F60BE3D6668BE7B4D70BE19
:1010A0009A2878BE20FD7FBED3E883BE6BD687BE6C
:1010B00033CA8BBE1CC68FBEDFCA93BEDBD797BEBA
:1010C0002CEB9BBEF101A0BEB518A4BEFA2BA8BEA6
:1010D000C038ACBEF73CB0BEDB37B4BE102AB8BED9
:1010E0009315BCBE6FFDBFBE4BE5C3BEDDD0C7BE12
:1010F0005BC3CBBEF7BECFBE89C4D3BE65D3D7BE5C
:101100006EE9DBBE6203E0BE571DE4BE4B33E8BEB2
:10111000C641ECBE6446F0BE3640F4BEF22FF8BEC7
:10112000DE17FCBE82FBFFBE94EF01BF97E303BF57
:10113000B5DB05BF40D907BFC1DC09BFD6E50BBF92
:101140003FF30DBF090310BFD21212BF292014BFF5
:10115000E72816BF8A2B18BF77271ABF141D1CBF9C
:10116000C80D1EBFC7FB1FBFC7E921BF95DA23BF4C
:10117000ACD025BFCFCD27BFB9D229BFFADE2BBF58
:10118000F9F02DBF240630BF4F1B32BF272D34BFCF
:10119000B53836BFD53B38BF9B353ABF81263CBFFB
:1011A0006C103EBF75F63FBF7DDC41BFA5C643BF97
:1011B000A9B845BF48B547BFC7BD49BFA2D14BBFBE
:1011C00081EE4DBF721050BF623252BFD44E54BF39
:1011D000AB6056BF026458BFE2565ABFC5395CBF08
:1011E000BE0F5EBF53DE5FBFE9AC61BFDB8363BF91
:1011F000596B65BF196A67BF1D8469BF96B96BBF1C
:101200002B066EBFA26070BF1ABB72BFBA0375BF58
:10121000E82577BFD20B79BF36A07ABF34D07BBF29
:10122000F18C7CBF0000FCBDD6E2B7BE71DA13BF03
:1012300093A744BFDC636CBF45F084BF21648EBFBD
:1012400020CE92BF20CE92BF464E8FBF8F6789BF00
:10125000214382BFC0F775BF060769BFEF1B5FBFA1
:10126000050A59BF050A57BF48C558BF92705DBFF0
:101270001FF263BFB70D6BBF059171BFDD7A76BFFB
:10128000F11879BFF11879BFD38B76BFD0DB71BF6E
:101290003FB76BBFE2F364BFD06E5EBF8BED58BF4C
:1012A000380455BF380453BFE6F452BFF29654BF1A
:1012B0004D7157BF52E55ABF1A475EBF5BF660BF1C
:1012C0006A7462BF6A7462BFC2E360BFFBE95DBF5C
:1012D0006FE059BF5E4355BFB69E50BF7A794CBF91
:1012E000BA4249BFBA4247BF2D9246BF8F1847BF87
:1012F0008E9148BF7B984ABFE7B74CBF1B7B4EBF60
:10130000CF7E4FBFCF7E4FBFBA5E4EBFC22C4CBF09
:10131000331E49BF8C8645BF78CA41BFCD503EBF02
:101320009B733BBF9B7339BF906F38BFD46038BF8E
:10133000631D39BFEA5E3ABFBBCD3BBFF60D3DBF73
:10134000F0CC3DBFF0CC3DBF90ED3CBFB22F3BBFDA
:1013500086B438BFF0B735BF318732BF47752FBF6E
:10136000BFCE2CBFBFCE2ABFD79629BFB62A29BF72
:101370004A7029BF31342ABFC1312BBF5E1D2CBF3B
:10138000A0AF2CBFA0AF2CBFF1FA2BBF2F8A2ABF72
:10139000897128BF45DD25BFD40A23BF903F20BFF8
:1013A00077BE1DBF77BE1BBFA4621ABF78B519BF39
:1013B000BDA719BF3B131ABFAFC01ABF25701BBF13
:1013C00075E21BBF75E21BBF8F4C1BBFA9131ABF71
:1013D000B34218BFAAFA15BF706D13BF3ED610BF37
:1013E000DA700EBFDA700CBF3BFA0ABF581C0ABF96
:1013F000FDCF09BFC3F809BF89690ABF46EB0ABF21
:1014000038450BBF38450BBFF7C60ABF1FB909BF28
:10141000991F08BFB61206BF5CBB03BFD34C01BF08
:1014200045FAFDBE45FAF9BEC9E2F6BE02DAF4BEDF
:10143000FFDDF3BE76C5F3BE4146F4BE9C00F5BEAB
:101440006C8DF5BE6C8DF5BE0BB7F4BEF4E0F2BE4C
:10145000C307F0BE1B4EECBE2CF7E7BE815CE3BEBB
:10146000A8E0DEBEA8E0DABE6EA6D7BE255ED5BE79
:101470000F10D4BEA09FD3BE11D0D3BE904DD4BE0A
:10148000C6B9D4BEC6B9D4BE5703D4BEB367D2BEA4
:1014900021DACFBE8A71CCBEC964C8BE5C02C4BEAC
:1014A000ABA4BFBEABA4BBBED44CB8BE52CEB5BE7F
:1014B000033AB4BE3B7EB3BEA869B3BEC7B2B3BEE7
:1014C000E102B4BEE102B4BE1968B3BE22FFB1BEF0
:1014D00041B3AFBE3591ACBE21C5A8BED493A4BE66
:1014E0008550A0BE85509CBEAFDE98BE7C3096BEB7
:1014F0004D5E94BE056093BE6D0E93BE2B2993BEC8
:10150000566093BE566093BE29DE92BE60A291BE25
:1015100026918FBE32AE8CBE0B1C89BED01685BE06
:1015200037EB80BE6ED679BEE3C372BE60116DBE6E
:101530001FFD68BE1F8866BE457665BE7F5765BEC7
:101540007A9865BE7A9865BE06C164BE019C62BE8B
:10155000E3E45EBE9A9259BEA0D852BE2A1F4BBE8B
:101560009BF342BE9BF33ABECEB533BEB5B32DBEA0
:10157000E83729BE495326BEB9DA24BEA56D24BE7C
:101580006A8424BE6A8424BEDCD623BEFBFE21BE50
:101590004DAC1EBE5AC619BE227013BEC4020CBE8C
:1015A000430004BE8700F8BD5233E9BDCB98DCBDD3
:1015B00057DDD2BDB440CCBDCD8CC8BDF81DC7BD74
:1015C0003FFBC6BD3FFBC6BD02F0C5BD7BD3C2BD60
:1015D0000DEEBCBD74F1B3BD2004A8BD60BB99BDC8
:1015E00038058ABD700A74BDE8D255BD037C3BBD89
:1015F000098B26BD2DB917BD74D80EBDB3DA0ABD4F
:101600008FF909BD8FF909BD677E08BD096403BD67
:10161000BE1EF2BCA455D1BC5E8BA4BC50475BBCC3
:101620000000C0BB0000003B50471B3C5E8B843C6D
:10163000A455B13CBE1ED23C12C8E63CCEFCF03CE8
:101640001EF3F33C1EF3F33C66B5F53CE7B0FD3CFE
:101650002DB9073D098B163D037C2B3DE8D2453D56
:10166000700A643D3805823D60BB913D2004A03D79
:1016700074F1AB3D0DEEB43D7BD3BA3D02F0BD3D00
:101680003FFBBE3D3FFBBE3DF81DBF3DCD8CC03D89
:10169000B440C43D57DDCA3DCB98D43D5233E13D03
:1016A0008700F03D4300003EC402083E22700F3E1A
:1016B0005AC6153E4DAC1A3EFBFE1D3EDCD61F3E03
:1016C0006A84203E6A84203EA56D203EB9DA203E21
:1016D0004953223EE837253EB5B3293ECEB52F3ECD
:1016E0009BF3363E9BF33E3E2A1F473EA0D84E3E1C
:1016F0009A92553EE3E45A3E019C5E3E06C1603E2E
:101700007A98613E7A98613E7F57613E4576613EA8
:101710001F88623E1FFD643E6011693EE3C36E3E5A
:101720006ED6753E6ED67D3ED016833E0B1C873E30
:1017300032AE8A3E26918D3E60A28F3E29DE903EDB
:101740005660913E5660913E2B29913E6D0E913E22
:101750000560913E4D5E923E7C30943EAFDE963EFB
:1017600085509A3E85509E3ED493A23E21C5A63E0A
:101770003591AA3E41B3AD3E22FFAF3E1968B13E5E
:10178000E102B23EE102B23EC7B2B13EA869B13E4B
:101790003B7EB13E033AB23E52CEB33ED44CB63E4F
:1017A000ABA4B93EABA4BD3E5C02C23EC964C63E1A
:1017B0008A71CA3E21DACD3EB367D03E5703D23E8E
:1017C000C6B9D23EC6B9D23E904DD23E11D0D13E1E
:1017D000A09FD13E0F10D23E255ED33E6EA6D53ED1
:1017E000A8E0D83EA8E0DC3E815CE13E2CF7E53E77
:1017F0001B4EEA3EC307EE3EF4E0F03E0BB7F23E6E
:101800006C8DF33E6C8DF33E9C00F33E4146F23E00
:1018100076C5F13EFFDDF13E02DAF23EC9E2F43E6A
:1018200045FAF73E45FAFB3ED34C003F5CBB023F16
:10183000B612053F991F073F1FB9083FF7C6093F7A
:1018400038450A3F38450A3F46EB093F8969093F59
:10185000C3F8083FFDCF083F581C093F3BFA093F3A
:10186000DA700B3FDA700D3F3ED60F3F706D123FBE
:10187000AAFA143FB342173FA913193F8F4C1A3FDE
:1018800075E21A3F75E21A3F25701A3FAFC0193F43
:101890003B13193FBDA7183F78B5183FA462193F05
:1018A00077BE1A3F77BE1C3F903F1F3FD40A223FAE
:1018B00045DD243F8971273F2F8A293FF1FA2A3FCE
:1018C000A0AF2B3FA0AF2B3F5E1D2B3FC1312A3F66
:1018D0003134293F4A70283FB62A283FD796283FFF
:1018E000BFCE293FBFCE2B3F47752E3F3187313FBB
:1018F000F0B7343F86B4373FB22F3A3F90ED3B3FCD
:10190000F0CC3C3FF0CC3C3FF60D3C3FBBCD3A3FEA
:10191000EA5E393F631D383FD460373F906F373FF1
:101920009B73383F9B733A3FCD503D3F78CA403F51
:101930008C86443F331E483FC22C4B3FBA5E4D3F1E
:10194000CF7E4E3FCF7E4E3F1B7B4D3FE7B74B3F99
:101950007B98493F8E91473F8F18463F2D92453FD8
:10196000BA42463FBA42483F7A794B3FB69E4F3F14
:101970005E43543F6FE0583FFBE95C3FC2E35F3F8B
:101980006A74613F6A74613F5BF65F3F1A475D3F6F
:1019900052E5593F4D71563FF296533FE6F4513FA1
:1019A0003804523F3804543F8BED573FD06E5D3FB3
:1019B000E2F3633F3FB76A3FD0DB703FD38B753FA5
:1019C000F118783FF118783FDD7A753F0591703F47
:1019D000B70D6A3F1FF2623F92705C3F48C5573FA8
:1019E000050A563F050A583FEF1B5E3F0607683F52
:1019F000C0F7743F21C3813F8FE7883F46CE8E3FBB
:101A0000204E923F204E923F21E48D3F4570843F0F
:101A1000DC636B3F93A7433F71DA123FD6E2B53EDA
:101A20000000F43D0000003E11BDBC3ECCFE173F5F
:101A300040324A3FD1F4723F658B883F1528923F70
:101A4000EC9D963FEC9D963F1C25933F525E8D3F4B
:101A5000EA80863F70607F3FC6BE733F1E796B3F52
:101A6000AC4A673FAC4A673FB4FC6A3F1671713FAE
:101A70004D70793FBCD5803FBA75843F6F1C873F5E
:101A80002C7C883F2C7C883FC937873FB5F6843F44
:101A9000AB1F823F8D4F7E3FEA01793FF513753FC3
:101AA0004904733F4904733F97F5743FFB72783FD5
:101AB000E3E27C3F33C8803F6CE3823F0976843F9A
:101AC000C24A853FC24A853F967F843F5410833F78
:101AD000A13A813F58917E3FA30B7B3FED66783F53
:101AE000A1FF763FA1FF763FF859783FB7CE7A3F06
:101AF00035F67D3FDAA8803F742F823FAE55833F95
:101B000077F2833F77F2833F4D5A833F2A45823FE6
:101B10001EE0803FD4C57E3FD00E7C3FC5017A3F9A
:101B200037E9783F37E9783FF8FA793FDAEE7B3FDB
:101B30007C747E3FBE93803F75CF813F85BE823FE0
:101B40008E3E833F8E3E833F13C1823F74DB813FD5
:101B500044B2803F17E77E3F6F9F7C3F9FE47A3F10
:101B600001F7793F01F7793FC1E07A3F478D7C3F2C
:101B7000E4B87E3FE986803FA998813FB568823FFF
:101B800088D8823F88D8823F2A6A823F829F813FDD
:101B90005398803F46FA7E3FFDF17C3FFA657B3FDC
:101BA000CD907A3FCD907A3FD2637B3FDCE77C3F9C
:101BB00082E07E3F2680803F447A813FE838823F42
:101BC000AC9F823FAC9F823FAB39823FD97D813F42
:101BD0004289803FB2027F3F831C7D3F75A97B3FD6
:101BE0002EE17A3F2EE17A3F7BA87B3FEE177D3FC7
:101BF0000AF77E3F527E803F016D813F6623823F20
:101C0000F785823FF785823FA223823F206E813F86
:101C10002A81803FB6017F3F5D287D3F37BE7B3FF5
:101C200045FA7A3F45FA7A3F37BE7B3F5D287D3FD4
:101C3000B6017F3F2A81803F206E813FA223823FF1
:101C4000F785823FF785823F6623823F016D813FA2
:101C5000527E803F0AF77E3FEE177D3F7BA87B3F99
:101C60002EE17A3F2EE17A3F75A97B3F831C7D3FB1
:101C7000B2027F3F4289803FD97D813FAB39823FAD
:101C8000AC9F823FAC9F823FE838823F447A813FDD
:101C90002680803F82E07E3FDCE77C3FD2637B3F53
:101CA000CD907A3FCD907A3FFA657B3FFDF17C3F46
:101CB00046FA7E3F5398803F829F813F2A6A823F47
:101CC00088D8823F88D8823FB568823FA998813FF3
:101CD000E986803FE4B87E3F478D7C3FC1E07A3F94
:101CE00001F7793F01F7793F9FE47A3F6F9F7C3F8F
:101CF00017E77E3F44B2803F74DB813F13C1823FD0
:101D00008E3E833F8E3E833F85BE823F75CF813FAF
:101D1000BE93803F7C747E3FDAEE7B3FF8FA793FDA
:101D200037E9783F37E9783FC5017A3FD00E7C3FED
:101D3000D4C57E3F1EE0803F2A45823F4D5A833FF7
:101D400077F2833F77F2833FAE55833F742F823F14
:101D5000DAA8803F35F67D3FB7CE7A3FF859783F15
:101D6000A1FF763FA1FF763FED66783FA30B7B3F57
:101D700058917E3FA13A813F5410833F967F843F24
:101D8000C24A853FC24A853F0976843F6CE3823F61
:101D900033C8803FE3E27C3FFB72783F97F5743FA6
:101DA0004904733F4904733FF513753FEA01793FD6
:101DB0008D4F7E3FAB1F823FB5F6843FC937873FCB
:101DC0002C7C883F2C7C883F6F1C873FBA75843FF2
:101DD000BCD5803F4D70793F1671713FB4FC6A3FAE
:101DE000AC4A673FAC4A673F1E796B3FC6BE733F44
:101DF00070607F3FEA80863F525E8D3F1C25933F97
:101E0000EC9D963FEC9D963F1528923F658B883F51
:101E1000D1F4723F40324A3FCCFE173F11BDBC3E69
:101E20000000003E000000BE11BDBCBECCFE17BFCE
:101E300040324ABFD1F472BF658B88BF152892BF6C
:101E4000EC9D96BFEC9D96BF1C2593BF525E8DBF47
:101E5000EA8086BF70607FBFC6BE73BF1E796BBF4E
:101E6000AC4A67BFAC4A67BFB4FC6ABF167171BFAA
:101E70004D7079BFBCD580BFBA7584BF6F1C87BF5A
:101E80002C7C88BF2C7C88BFC93787BFB5F684BF40
:101E9000AB1F82BF8D4F7EBFEA0179BFF51375BFBF
:101EA000490473BF490473BF97F574BFFB7278BFD1
:101EB000E3E27CBF33C880BF6CE382BF097684BF96
:101EC000C24A85BFC24A85BF967F84BF541083BF74
:101ED000A13A81BF58917EBFA30B7BBFED6678BF4F
:101EE000A1FF76BFA1FF76BFF85978BFB7CE7ABF02
:101EF00035F67DBFDAA880BF742F82BFAE5583BF91
:101F000077F283BF77F283BF4D5A83BF2A4582BFE2
:101F10001EE080BFD4C57EBFD00E7CBFC5017ABF96
:101F200037E978BF37E978BFF8FA79BFDAEE7BBFD7
:101F30007C747EBFBE9380BF75CF81BF85BE82BFDC
:101F40008E3E83BF8E3E83BF13C182BF74DB81BFD1
:101F500044B280BF17E77EBF6F9F7CBF9FE47ABF0C
:101F600001F779BF01F779BFC1E07ABF478D7CBF28
:101F7000E4B87EBFE98680BFA99881BFB56882BFFB
:101F800088D882BF88D882BF2A6A82BF829F81BFD9
:101F9000539880BF46FA7EBFFDF17CBFFA657BBFD8
:101FA000CD907ABFCD907ABFD2637BBFDCE77CBF98
:101FB00082E07EBF268080BF447A81BFE83882BF3E
:101FC000AC9F82BFAC9F82BFAB3982BFD97D81BF3E
:101FD000428980BFB2027FBF831C7DBF75A97BBFD2
:101FE0002EE17ABF2EE17ABF7BA87BBFEE177DBFC3
:101FF0000AF77EBF527E80BF016D81BF662382BF1C
:10200000F78582BFF78582BFA22382BF206E81BF82
:102010002A8180BFB6017FBF5D287DBF37BE7BBFF1
:1020200045FA7ABF45FA7ABF37BE7BBF5D287DBFD0
:10203000B6017FBF2A8180BF206E81BFA22382BFED
:10204000F78582BFF78582BF662382BF016D81BF9E
:10205000527E80BF0AF77EBFEE177DBF7BA87BBF95
:102060002EE17ABF2EE17ABF75A97BBF831C7DBFAD
:10207000B2027FBF428980BFD97D81BFAB3982BFA9
:10208000AC9F82BFAC9F82BFE83882BF447A81BFD9
:10209000268080BF82E07EBFDCE77CBFD2637BBF4F
:1020A000CD907ABFCD907ABFFA657BBFFDF17CBF42
:1020B00046FA7EBF539880BF829F81BF2A6A82BF43
:1020C00088D882BF88D882BFB56882BFA99881BFEF
:1020D000E98680BFE4B87EBF478D7CBFC1E07ABF90
:1020E00001F779BF01F779BF9FE47ABF6F9F7CBF8B
:1020F00017E77EBF44B280BF74DB81BF13C182BFCC
:102100008E3E83BF8E3E83BF85BE82BF75CF81BFAB
:10211000BE9380BF7C747EBFDAEE7BBFF8FA79BFD6
:1021200037E978BF37E978BFC5017ABFD00E7CBFE9
:10213000D4C57EBF1EE080BF2A4582BF4D5A83BFF3
:1021400077F283BF77F283BFAE5583BF742F82BF10
:10215000DAA880BF35F67DBFB7CE7ABFF85978BF11
:10216000A1FF76BFA1FF76BFED6678BFA30B7BBF53
:1021700058917EBFA13A81BF541083BF967F84BF20
:10218000C24A85BFC24A85BF097684BF6CE382BF5D
:1021900033C880BFE3E27CBFFB7278BF97F574BFA2
:1021A000490473BF490473BFF51375BFEA0179BFD2
:1021B0008D4F7EBFAB1F82BFB5F684BFC93787BFC7
:1021C0002C7C88BF2C7C88BF6F1C87BFBA7584BFEE
:1021D000BCD580BF4D7079BF167171BFB4FC6ABFAA
:1021E000AC4A67BFAC4A67BF1E796BBFC6BE73BF40
:1021F00070607FBFEA8086BF525E8DBF1C2593BF93
:10220000EC9D96BFEC9D96BF152892BF658B88BF4D
:10221000D1F472BF40324ABFCCFE17BF11BDBCBE65
:10222000000000BECEC5FB248F0E493CAF0AC93C5E
:102230002BC3163D2FFB483D732B7B3D04A9963DD8
:1022400080B6AF3D36BDC83D2EBCE13D72B2FA3D11
:1022500086CF093E8340163EB5AB223EA2102F3EEC
:10226000CF6E3B3EC2C5473E0115543E135C603EF7
:102270007F9A6C3ECCCF783EC07D823E938E883E66
:10228000229A8E3E31A0943E86A09A3EE59AA03EC8
:10229000128FA63ED47CAC3EEF63B23E2A44B83ED9
:1022A0004A1DBE3E15EFC33E53B9C93ECA7BCF3E61
:1022B0004136D53E80E8DA3E4F92E03E7533E63E49
:1022C000BBCBEB3EEA5AF13ECBE0F63E275DFC3E4F
:1022D000E4E7003F3D9C033F824B063F9BF5083FF0
:1022E0006B9A0B3FDA390E3FCDD3103F2A68133F6C
:1022F000D9F6153FC07F183FC6021B3FD17F1D3F57
:10230000CBF61F3F9967223F25D2243F5636273F01
:102310001594293F4AEB2B3FDE3B2E3FBB85303FD8
:10232000C9C8323FF304353F233A373F4268393F4B
:102330003B8F3B3FF9AE3D3F67C73F3F70D8413FC2
:1023400000E2433F03E4453F65DE473F12D1493F8A
:10235000F8BB4B3F029F4D3F1F7A4F3F3D4D513FD2
:102360004918533F31DB543FE595563F5348583F9A
:102370006AF2593F1A945B3F532D5D3F05BE5E3FA5
:102380002146603F98C5613F5A3C633F59AA643F6C
:10239000880F663FD86B673F3CBF683FA7096A3F1D
:1023A0000C4B6B3F5F836C3F93B26D3F9ED86E3F8B
:1023B00073F56F3F0809713F5213723F4714733F23
:1023C000DD0B743F0BFA743FC6DE753F07BA763FEC
:1023D000C58B773FF853783F9812793F9DC7793F77
:1023E00002737A3FBE147B3FCDAC7B3F283B7C3FE2
:1023F000C9BF7C3FAC3A7D3FCBAB7D3F23137E3FD3
:10240000B0707E3F6DC47E3F580E7F3F6D4E7F3F64
:10241000AB847F3F0FB17F3F98D37F3F43EC7F3F3B
:1024200011FB7F3F0000803F11FB7F3F43EC7F3F6C
:1024300098D37F3F0FB17F3FAB847F3F6D4E7F3F8F
:10244000580E7F3F6DC47E3FB0707E3F23137E3FAA
:10245000CBAB7D3FAC3A7D3FC9BF7C3F283B7C3F47
:10246000CDAC7B3FBE147B3F02737A3F9DC7793F63
:102470009812793FF853783FC58B773F07BA763F7C
:10248000C6DE753F0BFA743FDD0B743F4714733F94
:102490005213723F0809713F73F56F3F9ED86E3F2C
:1024A00093B26D3F5F836C3F0C4B6B3FA7096A3F54
:1024B0003CBF683FD86B673F880F663F59AA643FAF
:1024C0005A3C633F98C5613F2146603F05BE5E3F71
:1024D000532D5D3F1A945B3F6AF2593F5348583F72
:1024E000E595563F31DB543F4918533F3D4D513F31
:1024F0001F7A4F3F029F4D3FF8BB4B3F12D1493FE0
:1025000065DE473F03E4453F00E2433F70D8413F6B
:1025100067C73F3FF9AE3D3F3B8F3B3F4268393F86
:10252000233A373FF304353FC9C8323FBB85303FBC
:10253000DE3B2E3F4AEB2B3F1594293F5636273F73
:1025400025D2243F9967223FCBF61F3FD17F1D3F05
:10255000C6021B3FC07F183FD9F6153F2A68133FBC
:10256000CDD3103FDA390E3F6B9A0B3F9BF5083FF6
:10257000824B063F3D9C033FE4E7003F275DFC3E66
:10258000CBE0F63EEA5AF13EBBCBEB3E7533E63E7E
:102590004F92E03E80E8DA3E4136D53ECA7BCF3EE0
:1025A00053B9C93E15EFC33E4A1DBE3E2A44B83E4C
:1025B000EF63B23ED47CAC3E128FA63EE59AA03EBD
:1025C00086A09A3E31A0943E229A8E3E938E883EFB
:1025D000C07D823ECCCF783E7F9A6C3E135C603EDD
:1025E0000115543EC2C5473ECF6E3B3EA2102F3E62
:1025F000B5AB223E8340163E86CF093E72B2FA3D0D
:102600002EBCE13D36BDC83D80B6AF3D04A9963D28
:10261000732B7B3D2FFB483D2BC3163DAF0AC93CB6
:102620008F0E493C0A3AEBA48F0E49BCAF0AC9BCD5
:102630002BC316BD2FFB48BD732B7BBD04A996BDD4
:1026400080B6AFBD36BDC8BD2EBCE1BD72B2FABD0D
:1026500086CF09BE834016BEB5AB22BEA2102FBEE8
:10266000CF6E3BBEC2C547BE011554BE135C60BEF3
:102670007F9A6CBECCCF78BEC07D82BE938E88BE62
:10268000229A8EBE31A094BE86A09ABEE59AA0BEC4
:10269000128FA6BED47CACBEEF63B2BE2A44B8BED5
:1026A0004A1DBEBE15EFC3BE53B9C9BECA7BCFBE5D
:1026B0004136D5BE80E8DABE4F92E0BE7533E6BE45
:1026C000BBCBEBBEEA5AF1BECBE0F6BE275DFCBE4B
:1026D000E4E700BF3D9C03BF824B06BF9BF508BFEC
:1026E0006B9A0BBFDA390EBFCDD310BF2A6813BF68
:1026F000D9F615BFC07F18BFC6021BBFD17F1DBF53
:10270000CBF61FBF996722BF25D224BF563627BFFD
:10271000159429BF4AEB2BBFDE3B2EBFBB8530BFD4
:10272000C9C832BFF30435BF233A37BF426839BF47
:102730003B8F3BBFF9AE3DBF67C73FBF70D841BFBE
:1027400000E243BF03E445BF65DE47BF12D149BF86
:10275000F8BB4BBF029F4DBF1F7A4FBF3D4D51BFCE
:10276000491853BF31DB54BFE59556BF534858BF96
:102770006AF259BF1A945BBF532D5DBF05BE5EBFA1
:10278000214660BF98C561BF5A3C63BF59AA64BF68
:10279000880F66BFD86B67BF3CBF68BFA7096ABF19
:1027A0000C4B6BBF5F836CBF93B26DBF9ED86EBF87
:1027B00073F56FBF080971BF521372BF471473BF1F
:1027C000DD0B74BF0BFA74BFC6DE75BF07BA76BFE8
:1027D000C58B77BFF85378BF981279BF9DC779BF73
:1027E00002737ABFBE147BBFCDAC7BBF283B7CBFDE
:1027F000C9BF7CBFAC3A7DBFCBAB7DBF23137EBFCF
:10280000B0707EBF6DC47EBF580E7FBF6D4E7FBF60
:10281000AB847FBF0FB17FBF98D37FBF43EC7FBF37
:1028200011FB7FBF000080BF11FB7FBF43EC7FBF68
:1028300098D37FBF0FB17FBFAB847FBF6D4E7FBF8B
:10284000580E7FBF6DC47EBFB0707EBF23137EBFA6
:10285000CBAB7DBFAC3A7DBFC9BF7CBF283B7CBF43
:10286000CDAC7BBFBE147BBF02737ABF9DC779BF5F
:10287000981279BFF85378BFC58B77BF07BA76BF78
:10288000C6DE75BF0BFA74BFDD0B74BF471473BF90
:10289000521372BF080971BF73F56FBF9ED86EBF28
:1028A00093B26DBF5F836CBF0C4B6BBFA7096ABF50
:1028B0003CBF68BFD86B67BF880F66BF59AA64BFAB
:1028C0005A3C63BF98C561BF214660BF05BE5EBF6D
:1028D000532D5DBF1A945BBF6AF259BF534858BF6E
:1028E000E59556BF31DB54BF491853BF3D4D51BF2D
:1028F0001F7A4FBF029F4DBFF8BB4BBF12D149BFDC
:1029000065DE47BF03E445BF00E243BF70D841BF67
:1029100067C73FBFF9AE3DBF3B8F3BBF426839BF82
:10292000233A37BFF30435BFC9C832BFBB8530BFB8
:10293000DE3B2EBF4AEB2BBF159429BF563627BF6F
:1029400025D224BF996722BFCBF61FBFD17F1DBF01
:10295000C6021BBFC07F18BFD9F615BF2A6813BFB8
:10296000CDD310BFDA390EBF6B9A0BBF9BF508BFF2
:10297000824B06BF3D9C03BFE4E700BF275DFCBE62
:10298000CBE0F6BEEA5AF1BEBBCBEBBE7533E6BE7A
:102990004F92E0BE80E8DABE4136D5BECA7BCFBEDC
:1029A00053B9C9BE15EFC3BE4A1DBEBE2A44B8BE48
:1029B000EF63B2BED47CACBE128FA6BEE59AA0BEB9
:1029C00086A09ABE31A094BE229A8EBE938E88BEF7
:1029D000C07D82BECCCF78BE7F9A6CBE135C60BED9
:1029E000011554BEC2C547BECF6E3BBEA2102FBE5E
:1029F000B5AB22BE834016BE86CF09BE72B2FABD09
:102A00002EBCE1BD36BDC8BD80B6AFBD04A996BD24
:102A1000732B7BBD2FFB48BD2BC316BDAF0AC9BCB2
:102A20008F0E49BC718B79BF716B79BFD90B79BFA0
:102A3000E26D78BF8B9377BF8F7F76BF563575BFBA
:102A4000E1B873BFB20E72BFB43B70BF1E456EBF1C
:102A500058306CBFDB026ABF18C267BF577365BFCF
:102A6000A21B63BFAABF60BFB2635EBF7E0B5CBF29
:102A700047BA59BFAE7257BFB93655BFD00753BF1B
:102A8000C3E650BFCCD34EBF9CCE4CBF69D64ABF25
:102A9000FFE948BFCE0747BF022E45BF975A43BF45
:102AA0006D8B41BF5DBE3FBF4DF13DBF42223CBF7C
:102AB000704F3ABF487738BF829836BF27B234BFCD
:102AC00094C332BF7CCC30BFE8CC2EBF31C52CBF05
:102AD000FBB52ABF29A028BFD88426BF496524BFDB
:102AE000DF4222BF061F20BF2DFB1DBFB5D81BBF75
:102AF000E6B819BFE29C17BF9D8515BFD77313BFFA
:102B0000126811BF94620FBF65630DBF4D6A0BBFA2
:102B1000DE7609BF758807BF419E05BF52B703BF68
:102B20009AD201BF02DEFFBED016FCBE6F4DF8BECA
:102B3000D47FF4BE28ACF0BEDAD0ECBEAAECE8BE7E
:102B4000B8FEE4BE8506E1BEF803DDBE5FF7D8BE81
:102B500065E1D4BE10C3D0BEB09DCCBED372C8BE9A
:102B60003944C4BEB913C0BE3AE3BBBE98B4B7BEC5
:102B70009589B3BECA63AFBE9844ABBE192DA7BE3C
:102B8000181EA3BE0C189FBE131B9BBEF02697BE3B
:102B9000143B93BE9E568FBE6B788BBE1B9F87BE29
:102BA00024C983BEC0E97FBE384178BE539570BE4C
:102BB000DEE268BEED2661BEF95E59BEF28851BE06
:102BC0005BA349BE4DAD41BE87A639BE6A8F31BEFB
:102BD000F76829BEC23421BEE2F418BEE0AB10BED5
:102BE000985C08BE1F0A00BE4B6FEFBDB2D0DEBDC1
:102BF000873ECEBD5DBEBDBD1455ADBDA4069DBD19
:102C0000FFD58CBDDA8979BD05A859BD31053ABD1E
:102C1000A89D1ABDDDD6F6BC08CDB8BCBB1476BCE9
:102C2000C9E2F5BB802F9C24C9E2F53BBB14763C7E
:102C300008CDB83CDDD6F63CA89D1A3D31053A3D9D
:102C400005A8593DDA89793DFFD58C3DA4069D3D07
:102C50001455AD3D5DBEBD3D873ECE3DB2D0DE3D9F
:102C60004B6FEF3D1F0A003E985C083EE0AB103E04
:102C7000E2F4183EC234213EF768293E6A8F313EA5
:102C800087A6393E4DAD413E5BA3493EF288513E99
:102C9000F95E593EED26613EDEE2683E5395703E98
:102CA0003841783EC0E97F3E24C9833E1B9F873E62
:102CB0006B788B3E9E568F3E143B933EF026973E9C
:102CC000131B9B3E0C189F3E181EA33E192DA73EBA
:102CD0009844AB3ECA63AF3E9589B33E98B4B73EC5
:102CE0003AE3BB3EB913C03E3944C43ED372C83E3A
:102CF000B09DCC3E10C3D03E65E1D43E5FF7D83ED8
:102D0000F803DD3E8506E13EB8FEE43EAAECE83E6F
:102D1000DAD0EC3E28ACF03ED47FF43E6F4DF83E66
:102D2000D016FC3E02DEFF3E9AD2013F52B7033F6F
:102D3000419E053F7588073FDE76093F4D6A0B3F90
:102D400065630D3F94620F3F1268113FD773133FC5
:102D50009D85153FE29C173FE6B8193FB5D81B3F4C
:102D60002DFB1D3F061F203FDF42223F4965243FC8
:102D7000D884263F29A0283FFBB52A3F31C52C3FE8
:102D8000E8CC2E3F7CCC303F94C3323F27B2343F57
:102D90008298363F4877383F704F3A3F42223C3F57
:102DA0004DF13D3F5DBE3F3F6D8B413F975A433FE5
:102DB000022E453FCE07473FFFE9483F69D64A3FCD
:102DC0009CCE4C3FCCD34E3FC3E6503FD007533F41
:102DD000B936553FAE72573F47BA593F7E0B5C3FFD
:102DE000B2635E3FAABF603FA21B633F5773653F5C
:102DF00018C2673FDB026A3F58306C3F1E456E3F8A
:102E0000B43B703FB20E723FE1B8733F5635753F29
:102E10008F7F763F8B93773FE26D783FD90B793F79
:102E2000716B793F718B793F716B793FD90B793F2A
:102E3000E26D783F8B93773F8F7F763F5635753FB6
:102E4000E1B8733FB20E723FB43B703F1E456E3F18
:102E500058306C3FDB026A3F18C2673F5773653FCB
:102E6000A21B633FAABF603FB2635E3F7E0B5C3F25
:102E700047BA593FAE72573FB936553FD007533F17
:102E8000C3E6503FCCD34E3F9CCE4C3F69D64A3F21
:102E9000FFE9483FCE07473F022E453F975A433F41
:102EA0006D8B413F5DBE3F3F4DF13D3F42223C3F78
:102EB000704F3A3F4877383F8298363F27B2343FC9
:102EC00094C3323F7CCC303FE8CC2E3F31C52C3F01
:102ED000FBB52A3F29A0283FD884263F4965243FD7
:102EE000DF42223F061F203F2DFB1D3FB5D81B3F71
:102EF000E6B8193FE29C173F9D85153FD773133FF6
:102F00001268113F94620F3F65630D3F4D6A0B3F9E
:102F1000DE76093F7588073F419E053F52B7033F64
:102F20009AD2013F02DEFF3ED016FC3E6F4DF83EC6
:102F3000D47FF43E28ACF03EDAD0EC3EAAECE83E7A
:102F4000B8FEE43E8506E13EF803DD3E5FF7D83E7D
:102F500065E1D43E10C3D03EB09DCC3ED372C83E96
:102F60003944C43EB913C03E3AE3BB3E98B4B73EC1
:102F70009589B33ECA63AF3E9844AB3E192DA73E38
:102F8000181EA33E0C189F3E131B9B3EF026973E37
:102F9000143B933E9E568F3E6B788B3E1B9F873E25
:102FA00024C9833EC0E97F3E3841783E5395703E48
:102FB000DEE2683EED26613EF95E593EF288513E02
:102FC0005BA3493E4DAD413E87A6393E6A8F313EF7
:102FD000F768293EC234213EE2F4183EE0AB103ED1
:102FE000985C083E1F0A003E4B6FEF3DB2D0DE3DBD
:102FF000873ECE3D5DBEBD3D1455AD3DA4069D3D15
:10300000FFD58C3DDA89793D05A8593D31053A3D1A
:10301000A89D1A3DDDD6F63C08CDB83CBB14763CE5
:10302000C9E2F53B802F9CA4C9E2F5BBBB1476BC7A
:1030300008CDB8BCDDD6F6BCA89D1ABD31053ABD99
:1030400005A859BDDA8979BDFFD58CBDA4069DBD03
:103050001455ADBD5DBEBDBD873ECEBDB2D0DEBD9B
:103060004B6FEFBD1F0A00BE985C08BEE0AB10BE00
:10307000E2F418BEC23421BEF76829BE6A8F31BEA1
:1030800087A639BE4DAD41BE5BA349BEF28851BE95
:10309000F95E59BEED2661BEDEE268BE539570BE94
:1030A000384178BEC0E97FBE24C983BE1B9F87BE5E
:1030B0006B788BBE9E568FBE143B93BEF02697BE98
:1030C000131B9BBE0C189FBE181EA3BE192DA7BEB6
:1030D0009844ABBECA63AFBE9589B3BE98B4B7BEC1
:1030E0003AE3BBBEB913C0BE3944C4BED372C8BE36
:1030F000B09DCCBE10C3D0BE65E1D4BE5FF7D8BED4
:10310000F803DDBE8506E1BEB8FEE4BEAAECE8BE6B
:10311000DAD0ECBE28ACF0BED47FF4BE6F4DF8BE62
:10312000D016FCBE02DEFFBE9AD201BF52B703BF6B
:10313000419E05BF758807BFDE7609BF4D6A0BBF8C
:1031400065630DBF94620FBF126811BFD77313BFC1
:103150009D8515BFE29C17BFE6B819BFB5D81BBF48
:103160002DFB1DBF061F20BFDF4222BF496524BFC4
:10317000D88426BF29A028BFFBB52ABF31C52CBFE4
:10318000E8CC2EBF7CCC30BF94C332BF27B234BF53
:10319000829836BF487738BF704F3ABF42223CBF53
:1031A0004DF13DBF5DBE3FBF6D8B41BF975A43BFE1
:1031B000022E45BFCE0747BFFFE948BF69D64ABFC9
:1031C0009CCE4CBFCCD34EBFC3E650BFD00753BF3D
:1031D000B93655BFAE7257BF47BA59BF7E0B5CBFF9
:1031E000B2635EBFAABF60BFA21B63BF577365BF58
:1031F00018C267BFDB026ABF58306CBF1E456EBF86
:10320000B43B70BFB20E72BFE1B873BF563575BF25
:103210008F7F76BF8B9377BFE26D78BFD90B79BF75
:10322000716B79BF000078BD1F4135BEDD2495BEAE
:103230003AD6CDBE010402BFA38D1BBF0B4133BFE5
:1032400032E148BF323C5CBF2A2C6DBFDC977BBFAC
:1032500079B983BFFE5E88BF0AC38BBF1CF28DBFE6
:1032600033FE8EBF33FE8EBF370D8EBFC5498CBF78
:10327000FCD489BFA9D186BF656383BF565B7FBF7E
:10328000FCA577BF2CE86FBF4B5E68BF663E61BF91
:1032900021B75ABFDEEE54BF2F0350BF7D084CBF8D
:1032A000050A49BF050A47BF350246BF75E445BF59
:1032B000A69B46BFBF0C48BFEE174ABFDF994CBF65
:1032C0000D6D4FBF0F6B52BFE76D55BF375158BFE4
:1032D00062F35ABF86365DBF51015FBFA73F60BF33
:1032E00016E360BF16E360BF173D60BF5DF45EBFCD
:1032F000A8115DBFB9A25ABFA8B957BF216C54BF6E
:103300008AD250BF11074DBFBE2449BF7E4645BF7C
:10331000368641BFEBFB3DBFFCBC3ABF80DB37BF0D
:10332000B96535BFB96533BF27E131BF2ED930BF8D
:10333000914A30BFEC2D30BF0C7830BF721A31BFCC
:10334000E80332BF2C2133BFAA5D34BF38A435BF98
:10335000DCDF36BF80FC37BFA5E738BFFB9039BF45
:10336000E5EA39BFE5EA39BFE78939BF6CC438BF40
:10337000959A37BF0E1036BFDB2B34BF04F831BF30
:103380002A812FBF0ED62CBFFA062ABF2D2527BFB4
:10339000344224BF536F21BFE3BC1EBFCA391CBFD8
:1033A000F6F219BFF6F217BFA44116BFECE314BF43
:1033B000AADB13BFAC2713BFC6C312BF07A912BF36
:1033C00001CE12BF2E2713BF5CA713BF2F4014BF1F
:1033D000A3E214BF9C7F15BF6D0816BF586F16BFC0
:1033E0000CA816BF0CA816BF076716BF1DDF15BFB8
:1033F000070D15BF32F013BFB48A12BF31E110BF01
:10340000ACFA0EBF38E00CBFA59C0ABF133C08BF46
:1034100084CB05BF5D5803BFF3EF00BF113EFDBE77
:10342000C9E2F8BEC9E2F4BE4A4FF1BE7235EEBE43
:10343000E79DEBBE8E8CE9BE7600E8BEF2F3E6BEF9
:10344000D65CE6BEE32CE6BE5352E6BE87B8E6BEC7
:10345000C848E7BE1EEBE7BE2C87E8BE1005E9BEF4
:103460003B4EE9BE3B4EE9BE70F3E8BEA62FE8BE78
:103470008DF8E6BE0D48E5BE751CE3BE7D78E0BE66
:103480002663DDBE6DE7D9BEDD13D6BE07FAD1BE19
:10349000D4ADCDBED144C9BE5ED5C4BEEB75C0BEF1
:1034A0001F3CBCBE1F3CB8BED287B4BE432EB1BECB
:1034B000223BAEBE5AB6ABBED5A3A9BE5F03A8BE23
:1034C000ACD0A6BE8D03A6BE4090A5BEDF67A5BE4C
:1034D000F378A5BE15B0A5BEA3F8A5BE813DA6BED6
:1034E000D869A6BED869A6BE672BA6BEC69EA5BED5
:1034F0001CB7A4BEEA6AA3BE58B4A1BE68919FBE21
:1035000002049DBED9119ABE37C496BE9F2793BEB2
:10351000544B8FBECF408BBE171B87BE13EE82BEAF
:10352000A39B7DBEA39B75BEA1006EBE4AEB66BE8B
:10353000557760BE90BA5ABE1AC455BEE59B51BEBF
:1035400071424EBED5B04BBE06D949BE5BA648BE41
:1035500056FE47BE9EC147BE1ECD47BE50FB47BE6E
:10356000942548BE942548BEA4D647BE0D1747BE35
:1035700047C945BEF9D443BEDF2741BE64B63DBE50
:10358000087C39BE897B34BEBBBE2EBE315628BEF8
:10359000995821BEECE119BE681212BE650D0ABE33
:1035A0000FF801BE1EF0F3BD6664E4BD3692D5BDD2
:1035B000FEB7C7BD1D0BBBBD07B6AFBDBCD6A5BD15
:1035C000C07D9DBD8BAD96BD755A91BD2C6B8DBDDB
:1035D0009FB98ABD641489BD7E4088BD83FB87BDC9
:1035E000FDFD87BDFDFD87BDC3B187BD60D286BD32
:1035F000461E85BD9B5B82BD9BB47CBD97EB71BDB8
:103600009B2C64BD626353BDA3973FBDC9EC28BD2D
:10361000A6A00FBD7B12E8BC4B23ADBCCDD85EBCD1
:103620000000C0BB0000003BCDD81E3C4B238D3CAE
:103630007B12C83C4D41FF3CC9EC183DA3972F3D80
:103640006263433D9B2C543D97EB613D9BB46C3DC5
:1036500035B7743D8B3C7A3DC0A47D3D85637F3D8D
:10366000FBFB7F3DFBFB7F3D07F77F3D7E40803DC1
:103670006414813D9FB9823D2C6B853D755A893D0F
:103680008BAD8E3DC07D953DBCD69D3D07B6A73D1B
:103690001D0BB33DFEB7BF3D3692CD3D6664DC3DAC
:1036A0001EF0EB3D1EF0FB3D650D063E68120E3E22
:1036B000ECE1153E99581D3E3156243EBBBE2A3ED4
:1036C000897B303E087C353E64B6393EDF273D3E7F
:1036D000F9D43F3E47C9413E0D17433EA4D6433E71
:1036E0009425443E9425443E50FB433E1ECD433E2C
:1036F0009EC1433E56FE433E5BA6443E06D9453E30
:10370000D5B0473E71424A3EE59B4D3E1AC4513EFC
:1037100090BA563E55775C3E4AEB623EA1006A3E47
:10372000A39B713EA39B793E13EE803E171B853E03
:10373000CF40893E544B8D3E9F27913E37C4943EE7
:10374000D911983E02049B3E68919D3E58B49F3E1D
:10375000EA6AA13E1CB7A23EC69EA33E672BA43ECA
:10376000D869A43ED869A43E813DA43EA3F8A33EF7
:1037700015B0A33EF378A33EDF67A33E4090A33E7F
:103780008D03A43EACD0A43E5F03A63ED5A3A73EC6
:103790005AB6A93E223BAC3E432EAF3ED287B23E44
:1037A0001F3CB63E1F3CBA3EEB75BE3E5ED5C23EE8
:1037B000D144C73ED4ADCB3E07FACF3EDD13D43E55
:1037C0006DE7D73E2663DB3E7D78DE3E751CE13E2D
:1037D0000D48E33E8DF8E43EA62FE63E70F3E63E4C
:1037E0003B4EE73E3B4EE73E1005E73E2C87E63E6C
:1037F0001EEBE53EC848E53E87B8E43E5352E43E42
:10380000E32CE43ED65CE43EF2F3E43E7600E63E92
:103810008E8CE73EE79DE93E7235EC3E4A4FEF3E27
:10382000C9E2F23EC9E2F63E113EFB3EE5DFFF3E55
:103830005D58023F84CB043F133C073FA59C093FE2
:1038400038E00B3FACFA0D3F31E10F3FB48A113F36
:1038500032F0123F070D143F1DDF143F0767153F7D
:103860000CA8153F0CA8153F586F153F6D08153F64
:103870009C7F143FA3E2133F2F40133F5CA7123FEE
:103880002E27123F01CE113F07A9113FC6C3113F9A
:10389000AC27123FAADB123FECE3133FA441153FD4
:1038A000F6F2163FF6F2183FCA391B3FE3BC1D3F44
:1038B000536F203F3442233F2D25263FFA06293FF0
:1038C0000ED62B3F2A812E3F04F8303FDB2B333FAF
:1038D0000E10353F959A363F6CC4373FE789383F25
:1038E000E5EA383FE5EA383FFB90383FA5E7373F48
:1038F00080FC363FDCDF353F38A4343FAA5D333FE0
:103900002C21323FE803313F721A303F0C782F3FB1
:10391000EC2D2F3F914A2F3F2ED92F3F27E1303FEB
:10392000B965323FB965343F80DB363FFCBC393F77
:10393000EBFB3C3F3686403F7E46443FBE24483F3B
:1039400011074C3F8AD24F3F216C533FA8B9563FD5
:10395000B9A2593FA8115C3F5DF45D3F173D5F3F41
:1039600016E35F3F16E35F3FA73F5F3F51015E3FB6
:1039700086365C3F62F3593F3751573FE76D543FFE
:103980000F6B513F0D6D4E3FDF994B3FEE17493F97
:10399000BF0C473FA69B453F75E4443F3502453F7A
:1039A000050A463F050A483F7D084B3F2F034F3F1E
:1039B000DEEE533F21B7593F663E603F4B5E673FA7
:1039C0002CE86E3FFCA5763F565B7E3F65E3823F69
:1039D000A951863FFC54893FC5C98B3F378D8D3F28
:1039E000337E8E3F337E8E3F1C728D3F0A438B3F6A
:1039F000FEDE873F7939833FDC977A3F2A2C6C3F84
:103A0000323C5B3F32E1473F0B41323FA38D1A3FCF
:103A10000104013F3AD6CB3EDD24933E1F41313EA7
:103A20000000683D0000803DAC2E3F3E12F79D3EF9
:103A30006257DA3E0CFE093F6F1C253F853A3E3F38
:103A40006817553FFC7E693FE44A7B3F9331853FD1
:103A5000335F8B3FE230903F30B0933F38ED953F7E
:103A600013FE963F13FE963FEF0C963FCD4D943FCD
:103A700042E6913F43FD8E3F18BA8B3F5243883F49
:103A8000D6BD843FF24B813F22197C3F2735763FDC
:103A90008418713FDEE56C3F76B5693F0A95673F54
:103AA0000988663F0988663F8F85673F0F69693FD0
:103AB00021146C3FE5626F3F7A2D733F8E49773F4B
:103AC000EF8B7B3F11CA7F3FC0ED813F98CD833F95
:103AD0005074853F6CD4863F8AE3873FA89A883F1D
:103AE0003DF6883F3DF6883FF69D883FD2F3873FFD
:103AF0000801873F27D1853F9F71843F31F1823F85
:103B00005F5F813FAD977F3FB78B7C3F85B7793F44
:103B1000DA34773FC019753FCF77733FA85B723FA8
:103B2000A1CC713FA1CC713F3058723FB966733F51
:103B3000F9EA743F96D3763FDB0B793F8E7C7B3F6F
:103B4000D50C7E3F9751803F2F93813F32BF823FFC
:103B5000A8CA833F07AC843F845B853F57D3853F2A
:103B6000E90F863FE90F863F54D4853F5E60853F6D
:103B700050B9843F44E6833FE5EF823F12E0813F46
:103B800078C1803F643E7F3FAA087D3F17F77A3FA8
:103B9000611D793FE48C773F0554763FB37D753FD7
:103BA0000511753F0511753F997C753F9B4E763F1A
:103BB000127E773F96FE783FCAC07A3FF5B27C3FCF
:103BC000B7C17E3F616C803FCE71813F3567823FD8
:103BD0005543833FF1FD833F2090843F88F4843F29
:103BE0009527853F9527853FC8F4843F5991843FA9
:103BF0004B01843F4B4A833F7C73823F2E85813F3C
:103C00008F88803FA30E7F3F9E167D3F4E3C7B3FBB
:103C1000CA91793F5127783FAC0A773FAE46763F4D
:103C2000C9E2753FC9E2753FAE46763FAC0A773FC1
:103C30005127783FCA91793F4E3C7B3F9E167D3F8E
:103C4000A30E7F3F8F88803F2E85813F7C73823F0C
:103C50004B4A833F4B01843F5991843FC8F4843FD2
:103C60009527853F9527853F88F4843F2090843FA2
:103C7000F1FD833F5543833F3567823FCE71813FDE
:103C8000616C803FB7C17E3FF5B27C3FCAC07A3FCE
:103C900096FE783F127E773F9B4E763F997C753F2C
:103CA0000511753F0511753FB37D753F0554763F8E
:103CB000E48C773F611D793F17F77A3FAA087D3F73
:103CC000643E7F3F78C1803F12E0813FE5EF823F55
:103CD00044E6833F50B9843F5E60853F54D4853FBE
:103CE000E90F863FE90F863F57D3853F845B853FC9
:103CF00007AC843FA8CA833F32BF823F2F93813FE6
:103D00009751803FD50C7E3F8E7C7B3FDB0B793F0C
:103D100096D3763FF9EA743FB966733F3058723FE5
:103D2000A1CC713FA1CC713FA85B723FCF77733FAD
:103D3000C019753FDA34773F85B7793FB78B7C3F41
:103D4000AD977F3F5F5F813F31F1823F9F71843F3D
:103D500027D1853F0801873FD2F3873FF69D883FF3
:103D60003DF6883F3DF6883FA89A883F8AE3873F23
:103D70006CD4863F5074853F98CD833FC0ED813F22
:103D800011CA7F3FEF8B7B3F8E49773F7A2D733F80
:103D9000E5626F3F21146C3F0F69693F8F85673F74
:103DA0000988663F0988663F0A95673F76B5693F8F
:103DB000DEE56C3F8418713F2735763F22197C3F42
:103DC000F24B813FD6BD843F5243883F18BA8B3FA8
:103DD00043FD8E3F42E6913FCD4D943FEF0C963F21
:103DE00013FE963F13FE963F38ED953F30B0933F5C
:103DF000E230903F335F8B3F9331853FE44A7B3F16
:103E0000FC7E693F6817553F853A3E3F6F1C253F52
:103E10000CFE093F6257DA3E12F79D3EAC2E3F3E44
:103E20000000803D000080BDAC2E3FBE12F79DBE5D
:103E30006257DABE0CFE09BF6F1C25BF853A3EBF34
:103E4000681755BFFC7E69BFE44A7BBF933185BFCD
:103E5000335F8BBFE23090BF30B093BF38ED95BF7A
:103E600013FE96BF13FE96BFEF0C96BFCD4D94BFC9
:103E700042E691BF43FD8EBF18BA8BBF524388BF45
:103E8000D6BD84BFF24B81BF22197CBF273576BFD8
:103E9000841871BFDEE56CBF76B569BF0A9567BF50
:103EA000098866BF098866BF8F8567BF0F6969BFCC
:103EB00021146CBFE5626FBF7A2D73BF8E4977BF47
:103EC000EF8B7BBF11CA7FBFC0ED81BF98CD83BF91
:103ED000507485BF6CD486BF8AE387BFA89A88BF19
:103EE0003DF688BF3DF688BFF69D88BFD2F387BFF9
:103EF000080187BF27D185BF9F7184BF31F182BF81
:103F00005F5F81BFAD977FBFB78B7CBF85B779BF40
:103F1000DA3477BFC01975BFCF7773BFA85B72BFA4
:103F2000A1CC71BFA1CC71BF305872BFB96673BF4D
:103F3000F9EA74BF96D376BFDB0B79BF8E7C7BBF6B
:103F4000D50C7EBF975180BF2F9381BF32BF82BFF8
:103F5000A8CA83BF07AC84BF845B85BF57D385BF26
:103F6000E90F86BFE90F86BF54D485BF5E6085BF69
:103F700050B984BF44E683BFE5EF82BF12E081BF42
:103F800078C180BF643E7FBFAA087DBF17F77ABFA4
:103F9000611D79BFE48C77BF055476BFB37D75BFD3
:103FA000051175BF051175BF997C75BF9B4E76BF16
:103FB000127E77BF96FE78BFCAC07ABFF5B27CBFCB
:103FC000B7C17EBF616C80BFCE7181BF356782BFD4
:103FD000554383BFF1FD83BF209084BF88F484BF25
:103FE000952785BF952785BFC8F484BF599184BFA5
:103FF0004B0184BF4B4A83BF7C7382BF2E8581BF38
:104000008F8880BFA30E7FBF9E167DBF4E3C7BBFB7
:10401000CA9179BF512778BFAC0A77BFAE4676BF49
:10402000C9E275BFC9E275BFAE4676BFAC0A77BFBD
:10403000512778BFCA9179BF4E3C7BBF9E167DBF8A
:10404000A30E7FBF8F8880BF2E8581BF7C7382BF08
:104050004B4A83BF4B0184BF599184BFC8F484BFCE
:10406000952785BF952785BF88F484BF209084BF9E
:10407000F1FD83BF554383BF356782BFCE7181BFDA
:10408000616C80BFB7C17EBFF5B27CBFCAC07ABFCA
:1040900096FE78BF127E77BF9B4E76BF997C75BF28
:1040A000051175BF051175BFB37D75BF055476BF8A
:1040B000E48C77BF611D79BF17F77ABFAA087DBF6F
:1040C000643E7FBF78C180BF12E081BFE5EF82BF51
:1040D00044E683BF50B984BF5E6085BF54D485BFBA
:1040E000E90F86BFE90F86BF57D385BF845B85BFC5
:1040F00007AC84BFA8CA83BF32BF82BF2F9381BFE2
:10410000975180BFD50C7EBF8E7C7BBFDB0B79BF08
:1041100096D376BFF9EA74BFB96673BF305872BFE1
:10412000A1CC71BFA1CC71BFA85B72BFCF7773BFA9
:10413000C01975BFDA3477BF85B779BFB78B7CBF3D
:10414000AD977FBF5F5F81BF31F182BF9F7184BF39
:1041500027D185BF080187BFD2F387BFF69D88BFEF
:104160003DF688BF3DF688BFA89A88BF8AE387BF1F
:104170006CD486BF507485BF98CD83BFC0ED81BF1E
:1041800011CA7FBFEF8B7BBF8E4977BF7A2D73BF7C
:10419000E5626FBF21146CBF0F6969BF8F8567BF70
:1041A000098866BF098866BF0A9567BF76B569BF8B
:1041B000DEE56CBF841871BF273576BF22197CBF3E
:1041C000F24B81BFD6BD84BF524388BF18BA8BBFA4
:1041D00043FD8EBF42E691BFCD4D94BFEF0C96BF1D
:1041E00013FE96BF13FE96BF38ED95BF30B093BF58
:1041F000E23090BF335F8BBF933185BFE44A7BBF12
:10420000FC7E69BF681755BF853A3EBF6F1C25BF4E
:104210000CFE09BF6257DABE12F79DBEAC2E3FBE40
:10422000000080BD778E7923900E493CB00AC93CCE
:104230002CC3163D30FB483D742B7B3D05A9963DB4
:1042400080B6AF3D36BDC83D2EBCE13D73B2FA3DF0
:1042500086CF093E8340163EB6AB223EA2102F3ECB
:10426000CF6E3B3EC2C5473E0115543E135C603ED7
:104270007F9A6C3ECCCF783EC07D823E938E883E46
:10428000229A8E3E31A0943E86A09A3EE59AA03EA8
:10429000128FA63ED47CAC3EEF63B23E2A44B83EB9
:1042A0004A1DBE3E15EFC33E53B9C93ECA7BCF3E41
:1042B0004136D53E80E8DA3E4F92E03E7533E63E29
:1042C000BBCBEB3EEA5AF13ECBE0F63E275DFC3E2F
:1042D000E4E7003F3D9C033F824B063F9BF5083FD0
:1042E0006B9A0B3FDA390E3FCDD3103F2A68133F4C
:1042F000D9F6153FC07F183FC6021B3FD17F1D3F37
:10430000CBF61F3F9967223F25D2243F5636273FE1
:104310001594293F4AEB2B3FDE3B2E3FBB85303FB8
:10432000C9C8323FF304353F233A373F4268393F2B
:104330003B8F3B3FF9AE3D3F67C73F3F70D8413FA2
:1043400001E2433F03E4453F65DE473F12D1493F69
:10435000F8BB4B3F029F4D3F1F7A4F3F3D4D513FB2
:104360004918533F31DB543FE595563F5348583F7A
:104370006AF2593F1A945B3F532D5D3F05BE5E3F85
:104380002146603F98C5613F5A3C633F59AA643F4C
:10439000880F663FD86B673F3CBF683FA7096A3FFD
:1043A0000C4B6B3F5E836C3F93B26D3F9ED86E3F6C
:1043B00073F56F3F0809713F5213723F4714733F03
:1043C000DD0B743F0BFA743FC6DE753F07BA763FCC
:1043D000C58B773FF853783F9812793F9DC7793F57
:1043E00002737A3FBE147B3FCDAC7B3F283B7C3FC2
:1043F000C9BF7C3FAC3A7D3FCCAB7D3F24137E3FB1
:10440000B0707E3F6DC47E3F580E7F3F6D4E7F3F44
:10441000AB847F3F0FB17F3F97D37F3F43EC7F3F1C
:1044200011FB7F3F0000803F11FB7F3F43EC7F3F4C
:1044300097D37F3F0FB17F3FAB847F3F6D4E7F3F70
:10444000580E7F3F6DC47E3FB0707E3F24137E3F89
:10445000CCAB7D3FAC3A7D3FC9BF7C3F283B7C3F26
:10446000CDAC7B3FBE147B3F02737A3F9DC7793F43
:104470009812793FF853783FC58B773F07BA763F5C
:10448000C6DE753F0BFA743FDD0B743F4714733F74
:104490005213723F0809713F73F56F3F9ED86E3F0C
:1044A00093B26D3F5E836C3F0C4B6B3FA7096A3F35
:1044B0003CBF683FD86B673F880F663F59AA643F8F
:1044C0005A3C633F98C5613F2146603F05BE5E3F51
:1044D000532D5D3F1A945B3F6AF2593F5348583F52
:1044E000E595563F31DB543F4918533F3D4D513F11
:1044F0001F7A4F3F029F4D3FF8BB4B3F12D1493FC0
:1045000065DE473F03E4453F01E2433F70D8413F4A
:1045100067C73F3FF9AE3D3F3B8F3B3F4268393F66
:10452000233A373FF304353FC9C8323FBB85303F9C
:10453000DE3B2E3F4AEB2B3F1594293F5636273F53
:1045400025D2243F9967223FCBF61F3FD17F1D3FE5
:10455000C6021B3FC07F183FD9F6153F2A68133F9C
:10456000CDD3103FDA390E3F6B9A0B3F9BF5083FD6
:10457000824B063F3D9C033FE4E7003F275DFC3E46
:10458000CBE0F63EEA5AF13EBBCBEB3E7533E63E5E
:104590004F92E03E80E8DA3E4136D53ECA7BCF3EC0
:1045A00053B9C93E15EFC33E4A1DBE3E2A44B83E2C
:1045B000EF63B23ED47CAC3E128FA63EE59AA03E9D
:1045C00086A09A3E31A0943E229A8E3E938E883EDB
:1045D000C07D823ECCCF783E7F9A6C3E135C603EBD
:1045E0000115543EC2C5473ECF6E3B3EA2102F3E42
:1045F000B6AB223E8340163E86CF093E73B2FA3DEB
:104600002EBCE13D36BDC83D80B6AF3D05A9963D07
:10461000742B7B3D30FB483D2CC3163DB00AC93C92
:10462000900E493CF1C83BA3900E49BCB00AC9BCEE
:104630002CC316BD30FB48BD742B7BBD05A996BDB0
:1046400080B6AFBD36BDC8BD2EBCE1BD73B2FABDEC
:1046500086CF09BE834016BEB6AB22BEA2102FBEC7
:10466000CF6E3BBEC2C547BE011554BE135C60BED3
:104670007F9A6CBECCCF78BEC07D82BE938E88BE42
:10468000229A8EBE31A094BE86A09ABEE59AA0BEA4
:10469000128FA6BED47CACBEEF63B2BE2A44B8BEB5
:1046A0004A1DBEBE15EFC3BE53B9C9BECA7BCFBE3D
:1046B0004136D5BE80E8DABE4F92E0BE7533E6BE25
:1046C000BBCBEBBEEA5AF1BECBE0F6BE275DFCBE2B
:1046D000E4E700BF3D9C03BF824B06BF9BF508BFCC
:1046E0006B9A0BBFDA390EBFCDD310BF2A6813BF48
:1046F000D9F615BFC07F18BFC6021BBFD17F1DBF33
:10470000CBF61FBF996722BF25D224BF563627BFDD
:10471000159429BF4AEB2BBFDE3B2EBFBB8530BFB4
:10472000C9C832BFF30435BF233A37BF426839BF27
:104730003B8F3BBFF9AE3DBF67C73FBF70D841BF9E
:1047400001E243BF03E445BF65DE47BF12D149BF65
:10475000F8BB4BBF029F4DBF1F7A4FBF3D4D51BFAE
:10476000491853BF31DB54BFE59556BF534858BF76
:104770006AF259BF1A945BBF532D5DBF05BE5EBF81
:10478000214660BF98C561BF5A3C63BF59AA64BF48
:10479000880F66BFD86B67BF3CBF68BFA7096ABFF9
:1047A0000C4B6BBF5E836CBF93B26DBF9ED86EBF68
:1047B00073F56FBF080971BF521372BF471473BFFF
:1047C000DD0B74BF0BFA74BFC6DE75BF07BA76BFC8
:1047D000C58B77BFF85378BF981279BF9DC779BF53
:1047E00002737ABFBE147BBFCDAC7BBF283B7CBFBE
:1047F000C9BF7CBFAC3A7DBFCCAB7DBF24137EBFAD
:10480000B0707EBF6DC47EBF580E7FBF6D4E7FBF40
:10481000AB847FBF0FB17FBF97D37FBF43EC7FBF18
:1048200011FB7FBF000080BF11FB7FBF43EC7FBF48
:1048300097D37FBF0FB17FBFAB847FBF6D4E7FBF6C
:10484000580E7FBF6DC47EBFB0707EBF24137EBF85
:10485000CCAB7DBFAC3A7DBFC9BF7CBF283B7CBF22
:10486000CDAC7BBFBE147BBF02737ABF9DC779BF3F
:10487000981279BFF85378BFC58B77BF07BA76BF58
:10488000C6DE75BF0BFA74BFDD0B74BF471473BF70
:10489000521372BF080971BF73F56FBF9ED86EBF08
:1048A00093B26DBF5E836CBF0C4B6BBFA7096ABF31
:1048B0003CBF68BFD86B67BF880F66BF59AA64BF8B
:1048C0005A3C63BF98C561BF214660BF05BE5EBF4D
:1048D000532D5DBF1A945BBF6AF259BF534858BF4E
:1048E000E59556BF31DB54BF491853BF3D4D51BF0D
:1048F0001F7A4FBF029F4DBFF8BB4BBF12D149BFBC
:1049000065DE47BF03E445BF01E243BF70D841BF46
:1049100067C73FBFF9AE3DBF3B8F3BBF426839BF62
:10492000233A37BFF30435BFC9C832BFBB8530BF98
:10493000DE3B2EBF4AEB2BBF159429BF563627BF4F
:1049400025D224BF996722BFCBF61FBFD17F1DBFE1
:10495000C6021BBFC07F18BFD9F615BF2A6813BF98
:10496000CDD310BFDA390EBF6B9A0BBF9BF508BFD2
:10497000824B06BF3D9C03BFE4E700BF275DFCBE42
:10498000CBE0F6BEEA5AF1BEBBCBEBBE7533E6BE5A
:104990004F92E0BE80E8DABE4136D5BECA7BCFBEBC
:1049A00053B9C9BE15EFC3BE4A1DBEBE2A44B8BE28
:1049B000EF63B2BED47CACBE128FA6BEE59AA0BE99
:1049C00086A09ABE31A094BE229A8EBE938E88BED7
:1049D000C07D82BECCCF78BE7F9A6CBE135C60BEB9
:1049E000011554BEC2C547BECF6E3BBEA2102FBE3E
:1049F000B6AB22BE834016BE86CF09BE73B2FABDE7
:104A00002EBCE1BD36BDC8BD80B6AFBD05A996BD03
:104A1000742B7BBD30FB48BD2CC316BDB00AC9BC8E
:104A2000900E49BC811B73BF810B73BF8EDB72BFBD
:104A3000CF8B72BF841C72BF068E71BFC9E070BF7E
:104A4000561570BF502C6FBF6E266EBF7F046DBFB2
:104A500064C76BBF13706ABF93FF68BFFA7667BF06
:104A60006ED765BF232264BF585862BF537B60BFB7
:104A7000678C5EBFEA8C5CBF387E5ABFAE6158BFA0
:104A8000AC3856BF8F0454BFB5C651BF73804FBFFB
:104A90001C334DBFF9DF4ABF4A8848BF472D46BF88
:104AA00018D043BFDB7141BF9F133FBF60B63CBF0F
:104AB0000F5B3ABF880238BF95AD35BFEF5C33BF9F
:104AC0003A1131BF08CB2EBFD58A2CBF0C512ABF5B
:104AD000031E28BFFBF125BF24CD23BF98AF21BF04
:104AE00061991FBF788A1DBFC1821BBF148219BF85
:104AF000378817BFE29415BFC2A713BF76C011BF96
:104B000091DE0FBF9F010EBF22290CBF97540ABF31
:104B1000728308BF26B506BF22E904BFD21E03BFB9
:104B2000A45501BF0B1AFFBECF88FBBE7AF6F7BEB5
:104B3000FD61F4BE55CAF0BE8B2EEDBEB98DE9BE47
:104B400008E7E5BEB539E2BE1085DEBE80C8DABE34
:104B50008003D7BEA235D3BE905ECFBE0D7ECBBE46
:104B6000F093C7BE2CA0C3BEC9A2BFBEE69BBBBE0E
:104B7000BA8BB7BE8F72B3BEC750AFBED426ABBE22
:104B80003DF5A6BE96BCA2BE857D9EBEBC389ABE33
:104B9000FAEE95BE05A191BEAD4F8DBEC7FB88BE96
:104BA0002DA684BEB84F80BE85F277BE4B476FBE40
:104BB0006A9F66BE7DFC5DBE116055BE9FCB4CBE3C
:104BC000894044BE1AC03BBE7C4B33BEC0E32ABE04
:104BD000D18922BE7A3E1ABE600212BE03D609BE39
:104BE000BBB901BE735BF3BD1164E3BD148DD3BDCE
:104BF000F1D5C3BDD23DB4BD97C3A4BDD66595BDA7
:104C0000E52286BDADF16DBD0ACB4FBD27CD31BDCF
:104C1000ECF213BDD46DECBCDC26B1BC240A6CBC38
:104C20000CF1EBBB00F023A30CF1EB3B240A6C3C32
:104C3000DC26B13CD46DEC3CECF2133D27CD313D8C
:104C40000ACB4F3DADF16D3DE522863DD665953DE4
:104C500097C3A43DD23DB43DF1D5C33D148DD33DA2
:104C60001164E33D735BF33DBBB9013E03D6093EDE
:104C70006002123E7A3E1A3ED189223EC0E32A3EAD
:104C80007C4B333E1AC03B3E8940443E9FCB4C3E5A
:104C90001160553E7DFC5D3E6A9F663E4B476F3E10
:104CA00085F2773EB84F803E2DA6843EC7FB883EF6
:104CB000AD4F8D3E05A1913EFAEE953EBC389A3E31
:104CC000857D9E3E96BCA23E3DF5A63ED426AB3EDB
:104CD000C750AF3E8F72B33EBA8BB73EE69BBB3E2A
:104CE000C9A2BF3E2CA0C33EF093C73E0D7ECB3E73
:104CF000905ECF3EA235D33E8003D73E80C8DA3ED9
:104D00001085DE3EB539E23E08E7E53EB98DE93E65
:104D10008B2EED3E55CAF03EFD61F43E7AF6F73E2D
:104D2000CF88FB3E0B1AFF3EA455013FD21E033F26
:104D300022E9043F26B5063F7283083F97540A3F95
:104D400022290C3F9F010E3F91DE0F3F76C0113F9D
:104D5000C2A7133FE294153F3788173F1482193FCB
:104D6000C1821B3F788A1D3F61991F3F98AF213F49
:104D700024CD233FFBF1253F031E283F0C512A3F42
:104D8000D58A2C3F08CB2E3F3A11313FEF5C333FA1
:104D900095AD353F8802383F0F5B3A3F60B63C3FE8
:104DA0009F133F3FDB71413F18D0433F472D463FA4
:104DB0004A88483FF9DF4A3F1C334D3F73804F3FDD
:104DC000B5C6513F8F04543FAC38563FAE61583F93
:104DD000387E5A3FEA8C5C3F678C5E3F537B603F76
:104DE0005858623F2322643F6ED7653FFA76673F8B
:104DF00093FF683F13706A3F64C76B3F7F046D3F4A
:104E00006E266E3F502C6F3F5615703FC9E0703FC5
:104E1000068E713F841C723FCF8B723F8EDB723FD8
:104E2000810B733F811B733F810B733F8EDB723F9E
:104E3000CF8B723F841C723F068E713FC9E0703F7A
:104E40005615703F502C6F3F6E266E3F7F046D3FAE
:104E500064C76B3F13706A3F93FF683FFA76673F02
:104E60006ED7653F2322643F5858623F537B603FB3
:104E7000678C5E3FEA8C5C3F387E5A3FAE61583F9C
:104E8000AC38563F8F04543FB5C6513F73804F3FF7
:104E90001C334D3FF9DF4A3F4A88483F472D463F84
:104EA00018D0433FDB71413F9F133F3F60B63C3F0B
:104EB0000F5B3A3F8802383F95AD353FEF5C333F9B
:104EC0003A11313F08CB2E3FD58A2C3F0C512A3F57
:104ED000031E283FFBF1253F24CD233F98AF213F00
:104EE00061991F3F788A1D3FC1821B3F1482193F81
:104EF0003788173FE294153FC2A7133F76C0113F92
:104F000091DE0F3F9F010E3F22290C3F97540A3F2D
:104F10007283083F26B5063F22E9043FD21E033FB5
:104F2000A455013F0B1AFF3ECF88FB3E7AF6F73EB1
:104F3000FD61F43E55CAF03E8B2EED3EB98DE93E43
:104F400008E7E53EB539E23E1085DE3E80C8DA3E30
:104F50008003D73EA235D33E905ECF3E0D7ECB3E42
:104F6000F093C73E2CA0C33EC9A2BF3EE69BBB3E0A
:104F7000BA8BB73E8F72B33EC750AF3ED426AB3E1E
:104F80003DF5A63E96BCA23E857D9E3EBC389A3E2F
:104F9000FAEE953E05A1913EAD4F8D3EC7FB883E92
:104FA0002DA6843EB84F803E85F2773E4B476F3E3C
:104FB0006A9F663E7DFC5D3E1160553E9FCB4C3E38
:104FC0008940443E1AC03B3E7C4B333EC0E32A3E00
:104FD000D189223E7A3E1A3E6002123E03D6093E35
:104FE000BBB9013E735BF33D1164E33D148DD33DCA
:104FF000F1D5C33DD23DB43D97C3A43DD665953DA3
:10500000E522863DADF16D3D0ACB4F3D27CD313DCB
:10501000ECF2133DD46DEC3CDC26B13C240A6C3C34
:105020000CF1EB3B00F023230CF1EBBB240A6CBC2E
:10503000DC26B1BCD46DECBCECF213BD27CD31BD88
:105040000ACB4FBDADF16DBDE52286BDD66595BDE0
:1050500097C3A4BDD23DB4BDF1D5C3BD148DD3BD9E
:105060001164E3BD735BF3BDBBB901BE03D609BEDA
:10507000600212BE7A3E1ABED18922BEC0E32ABEA9
:105080007C4B33BE1AC03BBE894044BE9FCB4CBE56
:10509000116055BE7DFC5DBE6A9F66BE4B476FBE0C
:1050A00085F277BEB84F80BE2DA684BEC7FB88BEF2
:1050B000AD4F8DBE05A191BEFAEE95BEBC389ABE2D
:1050C000857D9EBE96BCA2BE3DF5A6BED426ABBED7
:1050D000C750AFBE8F72B3BEBA8BB7BEE69BBBBE26
:1050E000C9A2BFBE2CA0C3BEF093C7BE0D7ECBBE6F
:1050F000905ECFBEA235D3BE8003D7BE80C8DABED5
:105100001085DEBEB539E2BE08E7E5BEB98DE9BE61
:105110008B2EEDBE55CAF0BEFD61F4BE7AF6F7BE29
:10512000CF88FBBE0B1AFFBEA45501BFD21E03BF22
:1051300022E904BF26B506BF728308BF97540ABF91
:1051400022290CBF9F010EBF91DE0FBF76C011BF99
:10515000C2A713BFE29415BF378817BF148219BFC7
:10516000C1821BBF788A1DBF61991FBF98AF21BF45
:1051700024CD23BFFBF125BF031E28BF0C512ABF3E
:10518000D58A2CBF08CB2EBF3A1131BFEF5C33BF9D
:1051900095AD35BF880238BF0F5B3ABF60B63CBFE4
:1051A0009F133FBFDB7141BF18D043BF472D46BFA0
:1051B0004A8848BFF9DF4ABF1C334DBF73804FBFD9
:1051C000B5C651BF8F0454BFAC3856BFAE6158BF8F
:1051D000387E5ABFEA8C5CBF678C5EBF537B60BF72
:1051E000585862BF232264BF6ED765BFFA7667BF87
:1051F00093FF68BF13706ABF64C76BBF7F046DBF46
:105200006E266EBF502C6FBF561570BFC9E070BFC1
:10521000068E71BF841C72BFCF8B72BF8EDB72BFD4
:10522000810B73BF0000F0BCD7D4ABBD34940DBE6E
:10523000A1D244BE817B7BBEB1B298BEE633B3BE81
:10524000B62DCDBE238DE6BEF83FFFBE6C9A0BBFD8
:10525000AB2D17BF095222BF5C002DBF113237BFE3
:1052600032E140BF68084ABF06A352BF0AAD5ABF29
:10527000242362BFB50269BFD2496FBF49F774BF2B
:10528000980A7ABFF2837EBF1E3281BF83D682BF67
:10529000453084BFD34085BFEB0986BF948D86BF60
:1052A00020CE86BF20CE86BF659086BFFB1786BF07
:1052B0001F6885BF3E8484BFF06F83BFEC2E82BF22
:1052C0000AC580BF6D6C7EBFE10C7BBF847377BF66
:1052D00071A873BFC3B36FBF849D6BBFA56D67BF5C
:1052E000F32B63BF07E05EBF44915ABFC44656BF6D
:1052F000550752BF6ED94DBF27C349BF33CA45BFFB
:10530000D7F341BFE8443EBFC2C13ABF476E37BF83
:10531000D94D34BF5E6331BF35B12EBF3D392CBF8F
:10532000D3FC29BFD3FC27BF9A3926BF07B324BFBC
:10533000846823BF035922BF098321BFB2E420BF81
:10534000B47B20BF6B4520BFDC3E20BFC06420BFC4
:105350008BB320BF722721BF79BC21BF766E22BFDD
:105360001F3923BF101824BFD60625BFF70026BF5C
:10537000FA0127BF730528BF070729BF79022ABF93
:10538000AEF32ABFB6D62BBFD3A72CBF80632DBFE9
:1053900075062EBFAD8D2EBF6DF62EBF473E2FBFBB
:1053A0001A632FBF1A632FBFCF3C2FBF18EF2EBF3A
:1053B0002B792EBF94DA2DBF37132DBF4D232CBF71
:1053C000620B2BBF53CC29BF4D6728BFC3DD26BF5F
:1053D000743125BF5B6423BFB37821BFED701FBF5D
:1053E000AC4F1DBFBC171BBF10CC18BFB86F16BF8A
:1053F000DD0514BFB69111BF86160FBF94970CBF81
:105400001F180ABF619B07BF7F2405BF8AB602BF72
:10541000725400BF1202FCBEEB7DF7BE6321F3BEE7
:105420000CF1EEBE0CF1EABE1625E7BE6390E3BEBA
:10543000B035E0BE3417DDBEA536DABE2C95D7BE3A
:105440006F33D5BE8711D3BE082FD1BE038BCFBE1D
:105450000524CEBE1FF8CCBEEB04CCBE9047CBBE1D
:10546000CDBCCABEFD60CABE2230CABEEC25CABED3
:10547000C53DCABEDC72CABE2AC0CABE8520CBBE2C
:10548000A48ECBBE3005CCBEC97ECCBE1AF6CCBE37
:10549000DA65CDBEDFC8CDBE241ACEBED554CEBE91
:1054A0005874CEBE5874CEBECA50CEBEF805CEBE1D
:1054B0008690CDBE7AEDCCBE401ACCBEB014CBBE29
:1054C00011DBC9BE1C6CC8BEFCC6C6BE53EBC4BE55
:1054D00036D9C2BE2E91C0BE3514BEBEB563BBBEAA
:1054E0008181B8BED66FB5BE4E31B2BEE1C8AEBE88
:1054F000DA39ABBED187A7BEA3B6A3BE68CA9FBE2A
:105500006DC79BBE28B297BE2F8F93BE2F638FBEF1
:10551000E0328BBE000387BE40D882BE8B6E7DBE5C
:105520002D4975BE2D496DBEF67665BE87DA5DBE26
:10553000637B56BE7E604FBE369048BE411042BE71
:10554000A3E53BBEA31436BEC7A030BEC98C2BBE9C
:1055500092DA26BE3D8B22BE0C9F1EBE72151BBE6C
:105560000CED17BEAC2315BE5CB612BE61A110BE19
:105570004BE00EBEF86D0DBEA4440CBEF45D0BBE38
:1055800005B30ABE783C0ABE86F209BE0ECD09BE3E
:10559000A7C309BEB4CD09BE72E209BE10F909BEA7
:1055A000BD080ABEBD080ABE7BF009BE9CB709BE95
:1055B0000F5609BE1DC408BE7EFA07BE61F206BEC4
:1055C00081A505BE2C0E04BE562702BE34D9FFBDF0
:1055D00098B4FABDF5DAF4BDF147EEBDBBF8E6BD0F
:1055E00019ECDEBD6322D6BD879DCCBD0261C2BD74
:1055F000D871B7BD8AD6ABBD06979FBD99BC92BD89
:10560000D95185BD19C56EBD2CF751BDA85534BD06
:105610000DFE15BDB91EEEBCB053AFBCF6BA5FBCF3
:105620000000C0BB0000003BF6BA1F3CB0538F3CEB
:10563000B91ECE3C0DFE053DA855243D2CF7413D3D
:1056400019C55E3DB2A37A3D99BC8A3D0697973D48
:105650008AD6A33DD871AF3D0261BA3D879DC43D56
:105660006322CE3D19ECD63DBBF8DE3DF147E63D69
:10567000F5DAEC3D98B4F23D34D9F73DAB4EFC3D44
:105680002C0E003E81A5013E61F2023E7EFA033EF1
:105690001DC4043E0F56053E9CB7053E7BF0053EFB
:1056A000BD08063EBD08063E10F9053E72E2053E05
:1056B000B4CD053EA7C3053E0ECD053E86F2053EA0
:1056C000783C063E05B3063EF45D073EA444083E22
:1056D000F86D093E4BE00A3E61A10C3E5CB60E3E01
:1056E000AC23113E0CED133E7215173E0C9F1A3E73
:1056F0003D8B1E3E92DA223EC98C273EC7A02C3E2F
:10570000A314323EA3E5373E41103E3E3690443E60
:105710007E604B3E637B523E87DA593EF676613EB1
:105720002D49693E2D49713E8B6E793E40D8803EB1
:105730000003853EE032893E2F638D3E2F8F913EE0
:1057400028B2953E6DC7993E68CA9D3EA3B6A13E5C
:10575000D187A53EDA39A93EE1C8AC3E4E31B03E14
:10576000D66FB33E8181B63EB563B93E3514BC3EBB
:105770002E91BE3E36D9C03E53EBC23EFCC6C43E5F
:105780001C6CC63E11DBC73EB014C93E401ACA3E6F
:105790007AEDCA3E8690CB3EF805CC3ECA50CC3E50
:1057A0005874CC3E5874CC3ED554CC3E241ACC3ED2
:1057B000DFC8CB3EDA65CB3E1AF6CA3EC97ECA3E8A
:1057C0003005CA3EA48EC93E8520C93E2AC0C83EC7
:1057D000DC72C83EC53DC83EEC25C83E2230C83EFE
:1057E000FD60C83ECDBCC83E9047C93EEB04CA3EF2
:1057F0001FF8CA3E0524CC3E038BCD3E082FCF3E7A
:105800008711D13E6F33D33E2C95D53EA536D83E79
:105810003417DB3EB035DE3E6390E13E1625E53EB3
:105820000CF1E83E0CF1EC3E6321F13EEB7DF53EE0
:105830001202FA3EE5A8FE3E8AB6013F7F24043FED
:10584000619B063F1F18093F94970B3F86160E3F3A
:10585000B691103FDD05133FB86F153F10CC173FD1
:10586000BC171A3FAC4F1C3FED701E3FB378203F72
:105870005B64223F7431243FC3DD253F4D67273FE2
:1058800053CC283F620B2A3F4D232B3F37132C3F2D
:1058900094DA2C3F2B792D3F18EF2D3FCF3C2E3F34
:1058A0001A632E3F1A632E3F473E2E3F6DF62D3F63
:1058B000AD8D2D3F75062D3F80632C3FD3A72B3F29
:1058C000B6D62A3FAEF3293F7902293F0707283F82
:1058D0007305273FFA01263FF700253FD606243FF0
:1058E0001018233F1F39223F766E213F79BC203F9D
:1058F0007227203F8BB31F3FC0641F3FDC3E1F3F1A
:105900006B451F3FB47B1F3FB2E41F3F0983203F1D
:105910000359213F8468223F07B3233F9A39253F2B
:10592000D3FC263FD3FC283F3D392B3F35B12D3FDB
:105930005E63303FD94D333F476E363FC2C1393F7A
:10594000E8443D3FD7F3403F33CA443F27C3483F75
:105950006ED94C3F5507513FC446553F4491593F7E
:1059600007E05D3FF32B623FA56D663F849D6A3F74
:10597000C3B36E3F71A8723F8473763FE10C7A3FE8
:105980006D6C7D3F0A45803FECAE813FF0EF823F7A
:105990003E04843F1FE8843FFB97853F6510863FA8
:1059A000204E863F204E863F940D863FEB89853FF3
:1059B000D3C0843F45B0833F8356823F1EB2803FB1
:1059C000F2837D3F980A793F49F7733FD2496E3F92
:1059D000B502683F2423613F0AAD593F06A3513FFA
:1059E0006808493F32E13F3F1132363F5C002C3FAF
:1059F0000952213FAB2D163F6C9A0A3FF83FFD3EFE
:105A0000238DE43EB62DCB3EE633B13EB1B2963E99
:105A1000817B773EA1D2403E3494093ED7D4A33D4A
:105A20000000D03C0000003D35CCBF3DAA7E1F3EAB
:105A300078965E3E827D8E3E663DAD3ECC72CB3E1C
:105A40005906E93ECDF0023F8FF7103F4C8D1E3FC7
:105A50007DA82B3F4440383F7C4C443FC2C54F3F5C
:105A60007EA55A3FEBE5643F1D826E3F0876773F87
:105A700083BE7F3FA4AC833F7C22873F8F408A3F19
:105A800011078D3FA9768F3F6A90913FD255933F82
:105A9000C9C8943F95EB953FDEC0963FA44B973F16
:105AA000378F973F378F973F874F973F49D4963F20
:105AB000D521963FB33C953F9129943F3DED923FD0
:105AC000998C913F970C903F2F728E3F57C28C3F1D
:105AD000F8018B3FEB35893FEE62873F9E8D853F16
:105AE0006FBA833FA5ED813F502B803F87EE7C3F0F
:105AF00024AA793F1290763F59A6733F65F2703F12
:105B000000796E3F513E6C3FD2456A3F5492683FE8
:105B1000F925673F3602663FD727653FFB96643F0E
:105B20001F4F643F1F4F643F3D95643F281F653FF3
:105B300004EA653F73F2663FA134683F49AC693FB0
:105B4000C8546B3F21296D3F10246F3F1240713FB5
:105B50007477733F5FC4753FEA20783F1D877A3FB3
:105B60000AF17C3FD1587F3F58DC803F8905823F56
:105B70004825833F0739843F583E853FFC32863FA6
:105B8000DE14873F1FE2873F1699883F5038893FD0
:105B900099BE893FF82A8A3FB57C8A3F56B38A3F2F
:105BA000A3CE8A3FA3CE8A3F9DB38A3F157E8A3F0C
:105BB000CD2E8A3FC0C6893F2247893F59B1883FD1
:105BC000FD06883FD349873FC77B863FEC9E853FD4
:105BD00071B5843F9FC1833FD4C5823F7FC4813F5D
:105BE00015C0803F22767F3FD86F7D3F2E727B3F6E
:105BF000EC81793FB8A3773F08DC753F182F743FDD
:105C0000E3A0723F1835713F15EF6F3FDCD16E3F57
:105C10000CE06D3FE11B6D3F27876C3F3C236C3FE1
:105C20000CF16B3F0CF16B3F3C236C3F27876C3FC3
:105C3000E11B6D3F0CE06D3FDCD16E3F15EF6F3F18
:105C40001835713FE3A0723F182F743F08DC753F91
:105C5000B8A3773FEC81793F2E727B3FD86F7D3FB1
:105C600022767F3F15C0803F7FC4813FD4C5823FED
:105C70009FC1833F71B5843FEC9E853FC77B863FC4
:105C8000D349873FFD06883F59B1883F2247893F66
:105C9000C0C6893FCD2E8A3F157E8A3F9DB38A3F7D
:105CA000A3CE8A3FA3CE8A3F56B38A3FB57C8A3FB4
:105CB000F82A8A3F99BE893F5038893F1699883F14
:105CC0001FE2873FDE14873FFC32863F583E853F08
:105CD0000739843F4825833F8905823F58DC803F50
:105CE000D1587F3F0AF17C3F1D877A3FEA20783FF9
:105CF0005FC4753F7477733F1240713F10246F3F4C
:105D000021296D3FC8546B3F49AC693FA134683FBE
:105D100073F2663F04EA653F281F653F3D95643F87
:105D20001F4F643F1F4F643FFB96643FD727653F7B
:105D30003602663FF925673F5492683FD2456A3F75
:105D4000513E6C3F00796E3F65F2703F59A6733F3C
:105D50001290763F24AA793F87EE7C3F502B803FFC
:105D6000A5ED813F6FBA833F9E8D853FEE62873FF1
:105D7000EB35893FF8018B3F57C28C3F2F728E3F26
:105D8000970C903F998C913F3DED923F9129943F24
:105D9000B33C953FD521963F49D4963F874F973FD7
:105DA000378F973F378F973FA44B973FDEC0963F83
:105DB00095EB953FC9C8943FD255933F6A90913F68
:105DC000A9768F3F11078D3F8F408A3F7C22873F06
:105DD000A4AC833F83BE7F3F0876773F1D826E3F32
:105DE000EBE5643F7EA55A3FC2C54F3F7C4C443F24
:105DF0004440383F7DA82B3F4C8D1E3F8FF7103F0E
:105E0000CDF0023F5906E93ECC72CB3E663DAD3E39
:105E1000827D8E3E78965E3EAA7E1F3E35CCBF3D8B
:105E20000000003D000000BD35CCBFBDAA7E1FBEF6
:105E300078965EBE827D8EBE663DADBECC72CBBE18
:105E40005906E9BECDF002BF8FF710BF4C8D1EBFC3
:105E50007DA82BBF444038BF7C4C44BFC2C54FBF58
:105E60007EA55ABFEBE564BF1D826EBF087677BF83
:105E700083BE7FBFA4AC83BF7C2287BF8F408ABF15
:105E800011078DBFA9768FBF6A9091BFD25593BF7E
:105E9000C9C894BF95EB95BFDEC096BFA44B97BF12
:105EA000378F97BF378F97BF874F97BF49D496BF1C
:105EB000D52196BFB33C95BF912994BF3DED92BFCC
:105EC000998C91BF970C90BF2F728EBF57C28CBF19
:105ED000F8018BBFEB3589BFEE6287BF9E8D85BF12
:105EE0006FBA83BFA5ED81BF502B80BF87EE7CBF0B
:105EF00024AA79BF129076BF59A673BF65F270BF0E
:105F000000796EBF513E6CBFD2456ABF549268BFE4
:105F1000F92567BF360266BFD72765BFFB9664BF0A
:105F20001F4F64BF1F4F64BF3D9564BF281F65BFEF
:105F300004EA65BF73F266BFA13468BF49AC69BFAC
:105F4000C8546BBF21296DBF10246FBF124071BFB1
:105F5000747773BF5FC475BFEA2078BF1D877ABFAF
:105F60000AF17CBFD1587FBF58DC80BF890582BF52
:105F7000482583BF073984BF583E85BFFC3286BFA2
:105F8000DE1487BF1FE287BF169988BF503889BFCC
:105F900099BE89BFF82A8ABFB57C8ABF56B38ABF2B
:105FA000A3CE8ABFA3CE8ABF9DB38ABF157E8ABF08
:105FB000CD2E8ABFC0C689BF224789BF59B188BFCD
:105FC000FD0688BFD34987BFC77B86BFEC9E85BFD0
:105FD00071B584BF9FC183BFD4C582BF7FC481BF59
:105FE00015C080BF22767FBFD86F7DBF2E727BBF6A
:105FF000EC8179BFB8A377BF08DC75BF182F74BFD9
:10600000E3A072BF183571BF15EF6FBFDCD16EBF53
:106010000CE06DBFE11B6DBF27876CBF3C236CBFDD
:106020000CF16BBF0CF16BBF3C236CBF27876CBFBF
:10603000E11B6DBF0CE06DBFDCD16EBF15EF6FBF14
:10604000183571BFE3A072BF182F74BF08DC75BF8D
:10605000B8A377BFEC8179BF2E727BBFD86F7DBFAD
:1060600022767FBF15C080BF7FC481BFD4C582BFE9
:106070009FC183BF71B584BFEC9E85BFC77B86BFC0
:10608000D34987BFFD0688BF59B188BF224789BF62
:10609000C0C689BFCD2E8ABF157E8ABF9DB38ABF79
:1060A000A3CE8ABFA3CE8ABF56B38ABFB57C8ABFB0
:1060B000F82A8ABF99BE89BF503889BF169988BF10
:1060C0001FE287BFDE1487BFFC3286BF583E85BF04
:1060D000073984BF482583BF890582BF58DC80BF4C
:1060E000D1587FBF0AF17CBF1D877ABFEA2078BFF5
:1060F0005FC475BF747773BF124071BF10246FBF48
:1061000021296DBFC8546BBF49AC69BFA13468BFBA
:1061100073F266BF04EA65BF281F65BF3D9564BF83
:106120001F4F64BF1F4F64BFFB9664BFD72765BF77
:10613000360266BFF92567BF549268BFD2456ABF71
:10614000513E6CBF00796EBF65F270BF59A673BF38
:10615000129076BF24AA79BF87EE7CBF502B80BFF8
:10616000A5ED81BF6FBA83BF9E8D85BFEE6287BFED
:10617000EB3589BFF8018BBF57C28CBF2F728EBF22
:10618000970C90BF998C91BF3DED92BF912994BF20
:10619000B33C95BFD52196BF49D496BF874F97BFD3
:1061A000378F97BF378F97BFA44B97BFDEC096BF7F
:1061B00095EB95BFC9C894BFD25593BF6A9091BF64
:1061C000A9768FBF11078DBF8F408ABF7C2287BF02
:1061D000A4AC83BF83BE7FBF087677BF1D826EBF2E
:1061E000EBE564BF7EA55ABFC2C54FBF7C4C44BF20
:1061F000444038BF7DA82BBF4C8D1EBF8FF710BF0A
:10620000CDF002BF5906E9BECC72CBBE663DADBE35
:10621000827D8EBE78965EBEAA7E1FBE35CCBFBD87
:10622000000000BD34539C23900E493CB00AC93C89
:106230002CC3163D30FB483D742B7B3D05A9963D94
:1062400080B6AF3D36BDC83D2EBCE13D73B2FA3DD0
:1062500086CF093E8340163EB6AB223EA2102F3EAB
:10626000CF6E3B3EC2C5473E0115543E135C603EB7
:106270007F9A6C3ECCCF783EC07D823E938E883E26
:10628000229A8E3E31A0943E86A09A3EE59AA03E88
:10629000128FA63ED47CAC3EEF63B23E2A44B83E99
:1062A0004A1DBE3E15EFC33E53B9C93ECA7BCF3E21
:1062B0004136D53E80E8DA3E4F92E03E7533E63E09
:1062C000BBCBEB3EEA5AF13ECBE0F63E275DFC3E0F
:1062D000E4E7003F3D9C033F824B063F9BF5083FB0
:1062E0006B9A0B3FDA390E3FCDD3103F2A68133F2C
:1062F000D9F6153FC07F183FC6021B3FD17F1D3F17
:10630000CBF61F3F9967223F25D2243F5636273FC1
:106310001594293F4AEB2B3FDE3B2E3FBB85303F98
:10632000C9C8323FF304353F233A373F4268393F0B
:106330003B8F3B3FF9AE3D3F67C73F3F70D8413F82
:1063400000E2433F03E4453F65DE473F12D1493F4A
:10635000F8BB4B3F029F4D3F1F7A4F3F3D4D513F92
:106360004918533F31DB543FE595563F5348583F5A
:106370006AF2593F1A945B3F532D5D3F05BE5E3F65
:106380002146603F98C5613F5A3C633F59AA643F2C
:10639000880F663FD86B673F3CBF683FA7096A3FDD
:1063A0000C4B6B3F5E836C3F93B26D3F9ED86E3F4C
:1063B00073F56F3F0809713F5213723F4714733FE3
:1063C000DD0B743F0BFA743FC6DE753F07BA763FAC
:1063D000C58B773FF853783F9812793F9DC7793F37
:1063E00002737A3FBE147B3FCDAC7B3F283B7C3FA2
:1063F000C9BF7C3FAC3A7D3FCCAB7D3F23137E3F92
:10640000B0707E3F6DC47E3F580E7F3F6D4E7F3F24
:10641000AB847F3F0FB17F3F97D37F3F43EC7F3FFC
:1064200011FB7F3F0000803F11FB7F3F43EC7F3F2C
:1064300097D37F3F0FB17F3FAB847F3F6D4E7F3F50
:10644000580E7F3F6DC47E3FB0707E3F23137E3F6A
:10645000CCAB7D3FAC3A7D3FC9BF7C3F283B7C3F06
:10646000CDAC7B3FBE147B3F02737A3F9DC7793F23
:106470009812793FF853783FC58B773F07BA763F3C
:10648000C6DE753F0BFA743FDD0B743F4714733F54
:106490005213723F0809713F73F56F3F9ED86E3FEC
:1064A00093B26D3F5E836C3F0C4B6B3FA7096A3F15
:1064B0003CBF683FD86B673F880F663F59AA643F6F
:1064C0005A3C633F98C5613F2146603F05BE5E3F31
:1064D000532D5D3F1A945B3F6AF2593F5348583F32
:1064E000E595563F31DB543F4918533F3D4D513FF1
:1064F0001F7A4F3F029F4D3FF8BB4B3F12D1493FA0
:1065000065DE473F03E4453F00E2433F70D8413F2B
:1065100067C73F3FF9AE3D3F3B8F3B3F4268393F46
:10652000233A373FF304353FC9C8323FBB85303F7C
:10653000DE3B2E3F4AEB2B3F1594293F5636273F33
:1065400025D2243F9967223FCBF61F3FD17F1D3FC5
:10655000C6021B3FC07F183FD9F6153F2A68133F7C
:10656000CDD3103FDA390E3F6B9A0B3F9BF5083FB6
:10657000824B063F3D9C033FE4E7003F275DFC3E26
:10658000CBE0F63EEA5AF13EBBCBEB3E7533E63E3E
:106590004F92E03E80E8DA3E4136D53ECA7BCF3EA0
:1065A00053B9C93E15EFC33E4A1DBE3E2A44B83E0C
:1065B000EF63B23ED47CAC3E128FA63EE59AA03E7D
:1065C00086A09A3E31A0943E229A8E3E938E883EBB
:1065D000C07D823ECCCF783E7F9A6C3E135C603E9D
:1065E0000115543EC2C5473ECF6E3B3EA2102F3E22
:1065F000B6AB223E8340163E86CF093E73B2FA3DCB
:106600002EBCE13D36BDC83D80B6AF3D05A9963DE7
:10661000742B7B3D30FB483D2CC3163DB00AC93C72
:10662000900E493C98168FA3900E49BCB00AC9BC85
:106630002CC316BD30FB48BD742B7BBD05A996BD90
:1066400080B6AFBD36BDC8BD2EBCE1BD73B2FABDCC
:1066500086CF09BE834016BEB6AB22BEA2102FBEA7
:10666000CF6E3BBEC2C547BE011554BE135C60BEB3
:106670007F9A6CBECCCF78BEC07D82BE938E88BE22
:10668000229A8EBE31A094BE86A09ABEE59AA0BE84
:10669000128FA6BED47CACBEEF63B2BE2A44B8BE95
:1066A0004A1DBEBE15EFC3BE53B9C9BECA7BCFBE1D
:1066B0004136D5BE80E8DABE4F92E0BE7533E6BE05
:1066C000BBCBEBBEEA5AF1BECBE0F6BE275DFCBE0B
:1066D000E4E700BF3D9C03BF824B06BF9BF508BFAC
:1066E0006B9A0BBFDA390EBFCDD310BF2A6813BF28
:1066F000D9F615BFC07F18BFC6021BBFD17F1DBF13
:10670000CBF61FBF996722BF25D224BF563627BFBD
:10671000159429BF4AEB2BBFDE3B2EBFBB8530BF94
:10672000C9C832BFF30435BF233A37BF426839BF07
:106730003B8F3BBFF9AE3DBF67C73FBF70D841BF7E
:1067400000E243BF03E445BF65DE47BF12D149BF46
:10675000F8BB4BBF029F4DBF1F7A4FBF3D4D51BF8E
:10676000491853BF31DB54BFE59556BF534858BF56
:106770006AF259BF1A945BBF532D5DBF05BE5EBF61
:10678000214660BF98C561BF5A3C63BF59AA64BF28
:10679000880F66BFD86B67BF3CBF68BFA7096ABFD9
:1067A0000C4B6BBF5E836CBF93B26DBF9ED86EBF48
:1067B00073F56FBF080971BF521372BF471473BFDF
:1067C000DD0B74BF0BFA74BFC6DE75BF07BA76BFA8
:1067D000C58B77BFF85378BF981279BF9DC779BF33
:1067E00002737ABFBE147BBFCDAC7BBF283B7CBF9E
:1067F000C9BF7CBFAC3A7DBFCCAB7DBF23137EBF8E
:10680000B0707EBF6DC47EBF580E7FBF6D4E7FBF20
:10681000AB847FBF0FB17FBF97D37FBF43EC7FBFF8
:1068200011FB7FBF000080BF11FB7FBF43EC7FBF28
:1068300097D37FBF0FB17FBFAB847FBF6D4E7FBF4C
:10684000580E7FBF6DC47EBFB0707EBF23137EBF66
:10685000CCAB7DBFAC3A7DBFC9BF7CBF283B7CBF02
:10686000CDAC7BBFBE147BBF02737ABF9DC779BF1F
:10687000981279BFF85378BFC58B77BF07BA76BF38
:10688000C6DE75BF0BFA74BFDD0B74BF471473BF50
:10689000521372BF080971BF73F56FBF9ED86EBFE8
:1068A00093B26DBF5E836CBF0C4B6BBFA7096ABF11
:1068B0003CBF68BFD86B67BF880F66BF59AA64BF6B
:1068C0005A3C63BF98C561BF214660BF05BE5EBF2D
:1068D000532D5DBF1A945BBF6AF259BF534858BF2E
:1068E000E59556BF31DB54BF491853BF3D4D51BFED
:1068F0001F7A4FBF029F4DBFF8BB4BBF12D149BF9C
:1069000065DE47BF03E445BF00E243BF70D841BF27
:1069100067C73FBFF9AE3DBF3B8F3BBF426839BF42
:10692000233A37BFF30435BFC9C832BFBB8530BF78
:10693000DE3B2EBF4AEB2BBF159429BF563627BF2F
:1069400025D224BF996722BFCBF61FBFD17F1DBFC1
:10695000C6021BBFC07F18BFD9F615BF2A6813BF78
:10696000CDD310BFDA390EBF6B9A0BBF9BF508BFB2
:10697000824B06BF3D9C03BFE4E700BF275DFCBE22
:10698000CBE0F6BEEA5AF1BEBBCBEBBE7533E6BE3A
:106990004F92E0BE80E8DABE4136D5BECA7BCFBE9C
:1069A00053B9C9BE15EFC3BE4A1DBEBE2A44B8BE08
:1069B000EF63B2BED47CACBE128FA6BEE59AA0BE79
:1069C00086A09ABE31A094BE229A8EBE938E88BEB7
:1069D000C07D82BECCCF78BE7F9A6CBE135C60BE99
:1069E000011554BEC2C547BECF6E3BBEA2102FBE1E
:1069F000B6AB22BE834016BE86CF09BE73B2FABDC7
:106A00002EBCE1BD36BDC8BD80B6AFBD05A996BDE3
:106A1000742B7BBD30FB48BD2CC316BDB00AC9BC6E
:106A2000900E49BC339166BF338966BF357166BF2E
:106A30003D4966BF521166BF80C965BFD57165BF4C
:106A4000610A65BF389364BF710C64BF277663BF6A
:106A500074D062BF7A1B62BF5B5761BF3C8460BF6A
:106A600045A25FBFA1B15EBF7EB25DBF0BA55CBF9B
:106A70007C895BBF04605ABFDD2859BF40E457BF23
:106A8000689256BF953355BF07C853BF015052BFD8
:106A9000C6CB50BF9E3B4FBFD19F4DBFA9F84BBF48
:106AA00071464ABF778948BF09C246BF77F044BFE5
:106AB000121543BF2D3041BF1B423FBF314B3DBF7D
:106AC000C34B3BBF274439BFB43437BFC21D35BFAA
:106AD000A7FF32BFBDDA30BF5AAF2EBFD77D2CBF64
:106AE0008C462ABFD30928BF02C825BF718123BFA6
:106AF000783621BF6EE71EBFA9941CBF7E3E1ABF29
:106B000043E517BF4C8915BFEA2A13BF71CA10BFEE
:106B100030680EBF78040CBF979F09BFD93907BFF3
:106B200089D304BFF16C02BF590600BF0F40FBBE02
:106B30008174F6BE8EAAF1BEB5E2ECBE751DE8BE4C
:106B4000465BE3BE9C9CDEBEE9E1D9BE972BD5BE79
:106B50000D7AD0BEAFCDCBBED926C7BEE485C2BEAE
:106B600025EBBDBEE956B9BE7CC9B4BE2043B0BE5C
:106B700016C4ABBE994CA7BEDDDCA2BE12759EBE8C
:106B800063159ABEF5BD95BEE86E91BE58288DBEC0
:106B90005AEA88BEFFB484BE528880BEB1C878BEAF
:106BA0002A9270BE066D68BE335960BE965658BEB6
:106BB0000A6550BE618448BE62B440BECEF438BEA1
:106BC000594531BEB2A529BE7D1522BE57941ABEC5
:106BD000D62113BE86BD0BBEEC6604BE113BFABDCA
:106BE000A4C1EBBD7360DDBD5416CFBD11E2C0BDC5
:106BF00069C2B2BD0FB6A4BDAEBB96BDE8D188BD1B
:106C0000A9EE75BD0A555ABD08D43EBDA96823BD7D
:106C1000EB0F08BD848DD9BC3214A3BC575B59BCA3
:106C2000C74ED9BB0000BB22C74ED93B575B593C6E
:106C30003214A33C848DD93CEB0F083DA968233D59
:106C400008D43E3D0A555A3DA9EE753DE8D1883D30
:106C5000AEBB963D0FB6A43D69C2B23D11E2C03D48
:106C60005416CF3D7360DD3DA4C1EB3D113BFA3DB1
:106C7000EC66043E86BD0B3ED621133E57941A3E69
:106C80007D15223EB2A5293E5945313ECEF4383E0F
:106C900062B4403E6184483E0A65503E9656583E76
:106CA0003359603E066D683E2A92703EB1C8783E08
:106CB0005288803EFFB4843E5AEA883E58288D3E72
:106CC000E86E913EF5BD953E63159A3E12759E3E67
:106CD000DDDCA23E994CA73E16C4AB3E2043B03E3D
:106CE0007CC9B43EE956B93E25EBBD3EE485C23EC3
:106CF000D926C73EAFCDCB3E0D7AD03E972BD53EA1
:106D0000E9E1D93E9C9CDE3E465BE33E751DE83ED4
:106D1000B5E2EC3E8EAAF13E8174F63E0F40FB3E9A
:106D20005906003FF16C023F89D3043FD939073F30
:106D3000979F093F78040C3F30680E3F71CA103F9F
:106D4000EA2A133F4C89153F43E5173F7E3E1A3F21
:106D5000A9941C3F6EE71E3F7836213F7181233F87
:106D600002C8253FD309283F8C462A3FD77D2C3FB8
:106D70005AAF2E3FBDDA303FA7FF323FC21D353F2D
:106D8000B434373F2744393FC34B3B3F314B3D3F42
:106D90001B423F3F2D30413F1215433F77F0443FA8
:106DA00009C2463F7789483F71464A3FA9F84B3FA1
:106DB000D19F4D3F9E3B4F3FC6CB503F0150523F6E
:106DC00007C8533F9533553F6892563F40E4573FBD
:106DD000DD28593F04605A3F7C895B3F0BA55C3F2F
:106DE0007EB25D3FA1B15E3F45A25F3F3C84603F04
:106DF0005B57613F7A1B623F74D0623F2776633FE7
:106E0000710C643F3893643F610A653FD571653FFB
:106E100080C9653F5211663F3D49663F3571663F07
:106E20003389663F3391663F3389663F3571663FEC
:106E30003D49663F5211663F80C9653FD571653F48
:106E4000610A653F3893643F710C643F2776633F66
:106E500074D0623F7A1B623F5B57613F3C84603F66
:106E600045A25F3FA1B15E3F7EB25D3F0BA55C3F97
:106E70007C895B3F04605A3FDD28593F40E4573F1F
:106E80006892563F9533553F07C8533F0150523FD4
:106E9000C6CB503F9E3B4F3FD19F4D3FA9F84B3F44
:106EA00071464A3F7789483F09C2463F77F0443FE1
:106EB0001215433F2D30413F1B423F3F314B3D3F79
:106EC000C34B3B3F2744393FB434373FC21D353FA6
:106ED000A7FF323FBDDA303F5AAF2E3FD77D2C3F60
:106EE0008C462A3FD309283F02C8253F7181233FA2
:106EF0007836213F6EE71E3FA9941C3F7E3E1A3F25
:106F000043E5173F4C89153FEA2A133F71CA103FEA
:106F100030680E3F78040C3F979F093FD939073FEF
:106F200089D3043FF16C023F5906003F0F40FB3EFE
:106F30008174F63E8EAAF13EB5E2EC3E751DE83E48
:106F4000465BE33E9C9CDE3EE9E1D93E972BD53E75
:106F50000D7AD03EAFCDCB3ED926C73EE485C23EAA
:106F600025EBBD3EE956B93E7CC9B43E2043B03E58
:106F700016C4AB3E994CA73EDDDCA23E12759E3E88
:106F800063159A3EF5BD953EE86E913E58288D3EBC
:106F90005AEA883EFFB4843E5288803EB1C8783EAB
:106FA0002A92703E066D683E3359603E9656583EB2
:106FB0000A65503E6184483E62B4403ECEF4383E9D
:106FC0005945313EB2A5293E7D15223E57941A3EC1
:106FD000D621133E86BD0B3EEC66043E113BFA3DC6
:106FE000A4C1EB3D7360DD3D5416CF3D11E2C03DC1
:106FF00069C2B23D0FB6A43DAEBB963DE8D1883D17
:10700000A9EE753D0A555A3D08D43E3DA968233D79
:10701000EB0F083D848DD93C3214A33C575B593C9F
:10702000C74ED93B0000BBA2C74ED9BB575B59BC6A
:107030003214A3BC848DD9BCEB0F08BDA96823BD55
:1070400008D43EBD0A555ABDA9EE75BDE8D188BD2C
:10705000AEBB96BD0FB6A4BD69C2B2BD11E2C0BD44
:107060005416CFBD7360DDBDA4C1EBBD113BFABDAD
:10707000EC6604BE86BD0BBED62113BE57941ABE65
:107080007D1522BEB2A529BE594531BECEF438BE0B
:1070900062B440BE618448BE0A6550BE965658BE72
:1070A000335960BE066D68BE2A9270BEB1C878BE04
:1070B000528880BEFFB484BE5AEA88BE58288DBE6E
:1070C000E86E91BEF5BD95BE63159ABE12759EBE63
:1070D000DDDCA2BE994CA7BE16C4ABBE2043B0BE39
:1070E0007CC9B4BEE956B9BE25EBBDBEE485C2BEBF
:1070F000D926C7BEAFCDCBBE0D7AD0BE972BD5BE9D
:10710000E9E1D9BE9C9CDEBE465BE3BE751DE8BED0
:10711000B5E2ECBE8EAAF1BE8174F6BE0F40FBBE96
:10712000590600BFF16C02BF89D304BFD93907BF2C
:10713000979F09BF78040CBF30680EBF71CA10BF9B
:10714000EA2A13BF4C8915BF43E517BF7E3E1ABF1D
:10715000A9941CBF6EE71EBF783621BF718123BF83
:1071600002C825BFD30928BF8C462ABFD77D2CBFB4
:107170005AAF2EBFBDDA30BFA7FF32BFC21D35BF29
:10718000B43437BF274439BFC34B3BBF314B3DBF3E
:107190001B423FBF2D3041BF121543BF77F044BFA4
:1071A00009C246BF778948BF71464ABFA9F84BBF9D
:1071B000D19F4DBF9E3B4FBFC6CB50BF015052BF6A
:1071C00007C853BF953355BF689256BF40E457BFB9
:1071D000DD2859BF04605ABF7C895BBF0BA55CBF2B
:1071E0007EB25DBFA1B15EBF45A25FBF3C8460BF00
:1071F0005B5761BF7A1B62BF74D062BF277663BFE3
:10720000710C64BF389364BF610A65BFD57165BFF7
:1072100080C965BF521166BF3D4966BF357166BF03
:10722000338966BF000060BC5DF717BDD5D477BD5C
:1072300096C3ABBD987EDBBD718905BEF73B1DBE15
:10724000A1D234BE3B494CBE989B63BE95C57ABE65
:107250008EE188BE104894BE52949FBE5BC4AABE05
:107260003AD6B5BE07C8C0BEE397CBBEF543D6BE7F
:1072700070CAE0BE9329EBBEA25FF5BEF26AFFBE04
:10728000EFA404BF697D09BF213E0EBF58E612BFBF
:10729000557517BF68EA1BBFE44420BF278424BF8D
:1072A00093A728BF93AE2CBF989830BF1D6534BFFD
:1072B000A21338BFB1A33BBFDA143FBFB76642BFCA
:1072C000E79845BF16AB48BFF29C4BBF386E4EBF28
:1072D000A71E51BF0BAE53BF351C56BF026958BF26
:1072E00054945ABF169E5CBF3E865EBFC64C60BFBC
:1072F000B5F161BF167563BF00D764BF8E1766BF57
:10730000E63667BF363568BFB31269BF99CF69BF2C
:107310002D6C6ABFBAE86ABF96456BBF19836BBF15
:10732000A6A16BBFA6A16BBF88836BBFC4476BBF11
:10733000D4EE6ABF3E796ABF89E769BF443A69BF44
:10734000067268BF678F67BF079366BF8C7D65BF96
:107350009E4F64BFEB0963BF26AD61BF053A60BFB6
:1073600044B15EBF9F135DBFD8615BBFB59C59BF81
:10737000FBC457BF77DB55BFF3E053BF40D651BFC7
:107380002CBC4FBF8A934DBF2E5D4BBFEC1949BF3C
:1073900098CA46BF0A7044BF160B42BF929C3FBFBB
:1073A00055253DBF34A63ABF022038BF949335BF60
:1073B000BA0133BF476B30BF08D12DBFCB332BBFD2
:1073C000599428BF7AF325BFF55123BF8BB020BF56
:1073D000FB0F1EBF01711BBF55D418BFAC3A16BFBF
:1073E000B6A413BF1E1311BF8D860EBFA6FF0BBF21
:1073F000087F09BF4C0507BF069304BFC72802BF1B
:107400002F8EFFBEFADCFABEED3EF6BEFBB4F1BE37
:107410000A40EDBEF7E0E8BE9098E4BE9867E0BE93
:10742000C74EDCBEC74ED8BE3668D4BEA59BD0BE04
:1074300099E9CCBE8952C9BEE0D6C5BEFD76C2BEB2
:107440003133BFBEC00BBCBEE100B9BEC012B6BE78
:107450007B41B3BE248DB0BEBEF5ADBE447BABBE9A
:10746000A11DA9BEB5DCA6BE55B8A4BE48B0A2BE3B
:107470004DC4A0BE14F49EBE443F9DBE77A59BBEE6
:107480003F269ABE22C198BE9C7597BE1F4396BEEA
:10749000142995BEDB2694BECA3B93BE2F6792BECD
:1074A00050A891BE6CFE90BEB86890BE64E68FBED8
:1074B0009A768FBE7A188FBE22CB8EBEA98D8EBED5
:1074C000205F8EBE953E8EBE0F2B8EBE95238EBE48
:1074D00027278EBEC5348EBE694B8EBE0E6A8EBE09
:1074E000AC8F8EBE3ABB8EBEADEB8EBEFA1F8FBE8A
:1074F00019578FBEFD8F8FBE9FC98FBEF70290BEFA
:10750000FE3A90BEB07090BE0CA390BE14D190BE57
:10751000CBF990BE3B1C91BE713791BE7D4A91BEA6
:10752000765491BE765491BE9E4991BE153391BE5C
:10753000081091BEA9DF90BE34A190BEE95390BE61
:1075400012F78FBEFD898FBE040C8FBE877C8EBE66
:10755000EFDA8DBEAD268DBE3B5F8CBE1D848BBE2B
:10756000DF948ABE169189BE627888BE6B4A87BE58
:10757000E30686BE88AD84BE1D3E83BE75B881BE5F
:10758000681C80BEB5D37CBE744179BEFE8175BED9
:10759000579571BE957B6DBEE53469BE87C164BEEB
:1075A000CD2160BE1D565BBEF15E56BED63C51BEBF
:1075B0006BF04BBE617A46BE7CDB40BE90143BBE96
:1075C000852635BE52122FBEFDD828BEA07B22BE16
:1075D00061FB1BBE765915BE24970EBEBDB507BE16
:1075E000A2B600BE7A36F3BD11CAE4BD0E2BD6BDDD
:1075F000905CC7BDC961B8BDFC3DA9BD7FF499BD14
:10760000B9888ABD3BFC75BD5CB056BDF03437BD52
:10761000269117BD7898EFBC02DBAFBC33F15FBC9D
:107620000000C0BB0000003B33F11F3C02DB8F3C7D
:107630007898CF3C2691073DF034273D5CB0463D1D
:107640003BFC653DB988823D7FF4913DFC3DA13D09
:10765000C961B03D905CBF3D0E2BCE3D11CADC3DF3
:107660007A36EB3D436DF93DBDB5033E24970A3EA6
:107670007659113E61FB173EA07B1E3EFDD8243E8D
:1076800052122B3E8526313E9014373E7CDB3C3E29
:10769000617A423E6BF0473ED63C4D3EF15E523E33
:1076A0001D56573ECD215C3E87C1603EE534653EA8
:1076B000957B693E57956D3EFE81713E7441753EE6
:1076C000B5D3783ED0387C3EEA707F3E1D3E813E89
:1076D00088AD823EE306843E6B4A853E6278863EF4
:1076E0001691873EDF94883E1D84893E3B5F8A3E2B
:1076F000AD268B3EEFDA8B3E877C8C3E040C8D3EB4
:10770000FD898D3E12F78D3EE9538E3E34A18E3EAB
:10771000A9DF8E3E08108F3E15338F3E9E498F3E67
:1077200076548F3E76548F3E7D4A8F3E71378F3E22
:107730003B1C8F3ECBF98E3E14D18E3E0CA38E3E69
:10774000B0708E3EFE3A8E3EF7028E3E9FC98D3E51
:10775000FD8F8D3E19578D3EFA1F8D3EADEB8C3E51
:107760003ABB8C3EAC8F8C3E0E6A8C3E694B8C3E95
:10777000C5348C3E27278C3E95238C3E0F2B8C3EA8
:10778000953E8C3E205F8C3EA98D8C3E22CB8C3E5C
:107790007A188D3E9A768D3E64E68D3EB8688E3EB0
:1077A0006CFE8E3E50A88F3E2F67903ECA3B913EA6
:1077B000DB26923E1429933E1F43943E9C75953ED2
:1077C00022C1963E3F26983E77A5993E443F9B3E78
:1077D00014F49C3E4DC49E3E48B0A03E55B8A23E17
:1077E000B5DCA43EA11DA73E447BA93EBEF5AB3E41
:1077F000248DAE3E7B41B13EC012B43EE100B73EA7
:10780000C00BBA3E3133BD3EFD76C03EE0D6C33E2E
:107810008952C73E99E9CA3EA59BCE3E3668D23E04
:10782000C74ED63EC74EDA3E9867DE3E9098E23E9F
:10783000F7E0E63E0A40EB3EFBB4EF3EED3EF43EA1
:10784000FADCF83E2F8EFD3EC728013F0693033F2A
:107850004C05063F087F083FA6FF0A3F8D860D3F77
:107860001E13103FB6A4123FAC3A153F55D4173F34
:1078700001711A3FFB0F1D3F8BB01F3FF551223F97
:107880007AF3243F5994273FCB332A3F08D12C3F2A
:10789000476B2F3FBA01323F9493343F0220373F6A
:1078A00034A6393F55253C3F929C3E3F160B413F45
:1078B0000A70433F98CA453FEC19483F2E5D4A3F46
:1078C0008A934C3F2CBC4E3F40D6503FF3E0523F92
:1078D00077DB543FFBC4563FB59C583FD8615A3FB5
:1078E0009F135C3F44B15D3F053A5F3F26AD603F6B
:1078F000EB09623F9E4F633F8C7D643F0793653F7A
:10790000678F663F0672673F443A683F89E7683F82
:107910003E79693FD4EE693FC4476A3F88836A3F36
:10792000A6A16A3FA6A16A3F19836A3F96456A3FAE
:10793000BAE8693F2D6C693F99CF683FB312683F41
:107940003635673FE636663F8E17653F00D7633FA3
:107950001675623FB5F1603FC64C5F3F3E865D3FA6
:10796000169E5B3F5494593F0269573F351C553F63
:107970000BAE523FA71E503F386E4D3FF29C4A3F20
:1079800016AB473FE798443FB766413FDA143E3FA6
:10799000B1A33A3FA213373F1D65333F98982F3F5D
:1079A00093AE2B3F93A7273F2784233FE4441F3FF9
:1079B00068EA1A3F5575163F58E6113F213E0D3FC4
:1079C000697D083FEFA4033FF26AFD3EA25FF33EEC
:1079D0009329E93E70CADE3EF543D43EE397C93EA3
:1079E00007C8BE3E3AD6B33E5BC4A83E52949D3E05
:1079F0001048923E8EE1863E95C5763E989B5F3E4E
:107A00003B49483EA1D2303EF73B193E7189013EC9
:107A1000987ED33D96C3A33DD5D4673D5DF7073D22
:107A20000000203C0000803CAAF33F3D2BE19F3D3D
:107A3000B4A9DF3D96A30F3EAD562F3E0EE84E3E55
:107A4000B0516E3ECCC6863EEC4A963E4AB2A53E4A
:107A500000FAB43E351FC43E161FD33EDFF6E13EAA
:107A6000D9A3F03E5823FF3E61B9063FC3C70D3F7F
:107A700096BB143FA2931B3FB94E223FB8EB283F61
:107A800084692F3F0AC7353F45033C3F361D423FBF
:107A9000ED13483F83E64D3F1A94533FE31B593F94
:107AA0001A7D5E3F06B7633FFAC8683F56B26D3F26
:107AB0008772723F0709773F5A757B3F14B77F3F44
:107AC000EAE6813FA5DC833F96BC853FA386873FDE
:107AD000B53A893FBED88A3FB5608C3F99D28D3F79
:107AE0006F2E8F3F4374903F26A4913F32BE923F4A
:107AF00086C2933F47B1943FA28A953FC84E963FB6
:107B0000F2FD963F6098973F541E983F1990983F1A
:107B100001EE983F5F38993F906F993FF493993FFA
:107B2000F0A5993FF0A5993F6494993FBE71993FA4
:107B3000793E993F12FB983F09A8983FE545983F49
:107B40002FD5973F7356973F41CA963F2E31963FA8
:107B5000CE8B953FBCDA943F921E943FEE57933FF5
:107B60007087923FBAAD913F70CB903F35E18F3F28
:107B7000AFEF8E3F85F78D3F5FF98C3FE4F58B3F8C
:107B8000BBED8A3F8DE1893F01D2883FBEBF873F71
:107B90006BAB863FAB95853F247F843F7768833FFF
:107BA0004652823F2E3D813FCD29803F78317E3F36
:107BB00028157C3FD1FF793F98F2773F98EE753FCB
:107BC000EAF4733F9A06723FB124703F2D506E3F26
:107BD000058A6C3F28D36A3F7A2C693FD696673F67
:107BE0001013663FEEA1643F2F44633F86FA613F66
:107BF0009AC5603F09A65F3F669C5E3F37A95D3F1F
:107C0000F7CC5C3F15085C3FF55A5B3FEDC55A3F2A
:107C100049495A3F48E5593F1A9A593FE767593F42
:107C2000C74E593FC74E593FE767593F1A9A593FC8
:107C300048E5593F49495A3FEDC55A3FF55A5B3F20
:107C400015085C3FF7CC5C3F37A95D3F669C5E3F03
:107C500009A65F3F9AC5603F86FA613F2F44633FA4
:107C6000EEA1643F1013663FD696673F7A2C693FBA
:107C700028D36A3F058A6C3F2D506E3FB124703F78
:107C80009A06723FEAF4733F98EE753F98F2773F99
:107C9000D1FF793F28157C3F78317E3FCD29803F49
:107CA0002E3D813F4652823F7768833F247F843F49
:107CB000AB95853F6BAB863FBEBF873F01D2883F08
:107CC0008DE1893FBBED8A3FE4F58B3F5FF98C3F47
:107CD00085F78D3FAFEF8E3F35E18F3F70CB903F03
:107CE000BAAD913F7087923FEE57933F921E943FFB
:107CF000BCDA943FCE8B953F2E31963F41CA963FDA
:107D00007356973F2FD5973FE545983F09A8983F71
:107D100012FB983F793E993FBE71993F6494993F19
:107D2000F0A5993FF0A5993FF493993F906F993F43
:107D30005F38993F01EE983F1990983F541E983F45
:107D40006098973FF2FD963FC84E963FA28A953FB6
:107D500047B1943F86C2933F32BE923F26A4913FE3
:107D60004374903F6F2E8F3F99D28D3FB5608C3F0B
:107D7000BED88A3FB53A893FA386873F96BC853FE8
:107D8000A5DC833FEAE6813F14B77F3F5A757B3F0E
:107D90000709773F8772723F56B26D3FFAC8683F56
:107DA00006B7633F1A7D5E3FE31B593F1A94533F6A
:107DB00083E64D3FED13483F361D423F45033C3FB0
:107DC0000AC7353F84692F3FB8EB283FB94E223FA1
:107DD000A2931B3F96BB143FC3C70D3F61B9063F3B
:107DE0005823FF3ED9A3F03EDFF6E13E161FD33EF7
:107DF000351FC43E00FAB43E4AB2A53EEC4A963E58
:107E0000CCC6863EB0516E3E0EE84E3EAD562F3E7D
:107E100096A30F3EB4A9DF3D2BE19F3DAAF33F3D62
:107E20000000803C000080BCAAF33FBD2BE19FBD59
:107E3000B4A9DFBD96A30FBEAD562FBE0EE84EBE51
:107E4000B0516EBECCC686BEEC4A96BE4AB2A5BE46
:107E500000FAB4BE351FC4BE161FD3BEDFF6E1BEA6
:107E6000D9A3F0BE5823FFBE61B906BFC3C70DBF7B
:107E700096BB14BFA2931BBFB94E22BFB8EB28BF5D
:107E800084692FBF0AC735BF45033CBF361D42BFBB
:107E9000ED1348BF83E64DBF1A9453BFE31B59BF90
:107EA0001A7D5EBF06B763BFFAC868BF56B26DBF22
:107EB000877272BF070977BF5A757BBF14B77FBF40
:107EC000EAE681BFA5DC83BF96BC85BFA38687BFDA
:107ED000B53A89BFBED88ABFB5608CBF99D28DBF75
:107EE0006F2E8FBF437490BF26A491BF32BE92BF46
:107EF00086C293BF47B194BFA28A95BFC84E96BFB2
:107F0000F2FD96BF609897BF541E98BF199098BF16
:107F100001EE98BF5F3899BF906F99BFF49399BFF6
:107F2000F0A599BFF0A599BF649499BFBE7199BFA0
:107F3000793E99BF12FB98BF09A898BFE54598BF45
:107F40002FD597BF735697BF41CA96BF2E3196BFA4
:107F5000CE8B95BFBCDA94BF921E94BFEE5793BFF1
:107F6000708792BFBAAD91BF70CB90BF35E18FBF24
:107F7000AFEF8EBF85F78DBF5FF98CBFE4F58BBF88
:107F8000BBED8ABF8DE189BF01D288BFBEBF87BF6D
:107F90006BAB86BFAB9585BF247F84BF776883BFFB
:107FA000465282BF2E3D81BFCD2980BF78317EBF32
:107FB00028157CBFD1FF79BF98F277BF98EE75BFC7
:107FC000EAF473BF9A0672BFB12470BF2D506EBF22
:107FD000058A6CBF28D36ABF7A2C69BFD69667BF63
:107FE000101366BFEEA164BF2F4463BF86FA61BF62
:107FF0009AC560BF09A65FBF669C5EBF37A95DBF1B
:10800000F7CC5CBF15085CBFF55A5BBFEDC55ABF26
:1080100049495ABF48E559BF1A9A59BFE76759BF3E
:10802000C74E59BFC74E59BFE76759BF1A9A59BFC4
:1080300048E559BF49495ABFEDC55ABFF55A5BBF1C
:1080400015085CBFF7CC5CBF37A95DBF669C5EBFFF
:1080500009A65FBF9AC560BF86FA61BF2F4463BFA0
:10806000EEA164BF101366BFD69667BF7A2C69BFB6
:1080700028D36ABF058A6CBF2D506EBFB12470BF74
:108080009A0672BFEAF473BF98EE75BF98F277BF95
:10809000D1FF79BF28157CBF78317EBFCD2980BF45
:1080A0002E3D81BF465282BF776883BF247F84BF45
:1080B000AB9585BF6BAB86BFBEBF87BF01D288BF04
:1080C0008DE189BFBBED8ABFE4F58BBF5FF98CBF43
:1080D00085F78DBFAFEF8EBF35E18FBF70CB90BFFF
:1080E000BAAD91BF708792BFEE5793BF921E94BFF7
:1080F000BCDA94BFCE8B95BF2E3196BF41CA96BFD6
:10810000735697BF2FD597BFE54598BF09A898BF6D
:1081100012FB98BF793E99BFBE7199BF649499BF15
:10812000F0A599BFF0A599BFF49399BF906F99BF3F
:108130005F3899BF01EE98BF199098BF541E98BF41
:10814000609897BFF2FD96BFC84E96BFA28A95BFB2
:1081500047B194BF86C293BF32BE92BF26A491BFDF
:10816000437490BF6F2E8FBF99D28DBFB5608CBF07
:10817000BED88ABFB53A89BFA38687BF96BC85BFE4
:10818000A5DC83BFEAE681BF14B77FBF5A757BBF0A
:10819000070977BF877272BF56B26DBFFAC868BF52
:1081A00006B763BF1A7D5EBFE31B59BF1A9453BF66
:1081B00083E64DBFED1348BF361D42BF45033CBFAC
:1081C0000AC735BF84692FBFB8EB28BFB94E22BF9D
:1081D000A2931BBF96BB14BFC3C70DBF61B906BF37
:1081E0005823FFBED9A3F0BEDFF6E1BE161FD3BEF3
:1081F000351FC4BE00FAB4BE4AB2A5BEEC4A96BE54
:10820000CCC686BEB0516EBE0EE84EBEAD562FBE79
:1082100096A30FBEB4A9DFBD2BE19FBDAAF33FBD5E
:10822000000080BC76965323900E493CB00AC93CAE
:108230002CC3163D30FB483D742B7B3D05A9963D74
:1082400080B6AF3D36BDC83D2EBCE13D73B2FA3DB0
:1082500086CF093E8340163EB6AB223EA2102F3E8B
:10826000CF6E3B3EC2C5473E0115543E135C603E97
:108270007F9A6C3ECCCF783EC07D823E938E883E06
:10828000229A8E3E31A0943E86A09A3EE59AA03E68
:10829000128FA63ED47CAC3EEF63B23E2A44B83E79
:1082A0004A1DBE3E15EFC33E53B9C93ECA7BCF3E01
:1082B0004136D53E80E8DA3E4F92E03E7533E63EE9
:1082C000BBCBEB3EEA5AF13ECBE0F63E275DFC3EEF
:1082D000E4E7003F3D9C033F824B063F9BF5083F90
:1082E0006B9A0B3FDA390E3FCDD3103F2A68133F0C
:1082F000D9F6153FC07F183FC6021B3FD17F1D3FF7
:10830000CBF61F3F9967223F25D2243F5636273FA1
:108310001594293F4AEB2B3FDE3B2E3FBB85303F78
:10832000C9C8323FF304353F233A373F4268393FEB
:108330003B8F3B3FF9AE3D3F67C73F3F70D8413F62
:1083400000E2433F03E4453F65DE473F12D1493F2A
:10835000F8BB4B3F029F4D3F1F7A4F3F3D4D513F72
:108360004918533F31DB543FE595563F5348583F3A
:108370006AF2593F1A945B3F532D5D3F05BE5E3F45
:108380002146603F98C5613F5A3C633F59AA643F0C
:10839000880F663FD86B673F3CBF683FA7096A3FBD
:1083A0000C4B6B3F5E836C3F93B26D3F9ED86E3F2C
:1083B00073F56F3F0809713F5213723F4714733FC3
:1083C000DD0B743F0BFA743FC6DE753F07BA763F8C
:1083D000C58B773FF853783F9812793F9DC7793F17
:1083E00002737A3FBE147B3FCDAC7B3F283B7C3F82
:1083F000C9BF7C3FAC3A7D3FCCAB7D3F24137E3F71
:10840000B0707E3F6DC47E3F580E7F3F6D4E7F3F04
:10841000AB847F3F0FB17F3F97D37F3F43EC7F3FDC
:1084200011FB7F3F0000803F11FB7F3F43EC7F3F0C
:1084300097D37F3F0FB17F3FAB847F3F6D4E7F3F30
:10844000580E7F3F6DC47E3FB0707E3F24137E3F49
:10845000CCAB7D3FAC3A7D3FC9BF7C3F283B7C3FE6
:10846000CDAC7B3FBE147B3F02737A3F9DC7793F03
:108470009812793FF853783FC58B773F07BA763F1C
:10848000C6DE753F0BFA743FDD0B743F4714733F34
:108490005213723F0809713F73F56F3F9ED86E3FCC
:1084A00093B26D3F5E836C3F0C4B6B3FA7096A3FF5
:1084B0003CBF683FD86B673F880F663F59AA643F4F
:1084C0005A3C633F98C5613F2146603F05BE5E3F11
:1084D000532D5D3F1A945B3F6AF2593F5348583F12
:1084E000E595563F31DB543F4918533F3D4D513FD1
:1084F0001F7A4F3F029F4D3FF8BB4B3F12D1493F80
:1085000065DE473F03E4453F00E2433F70D8413F0B
:1085100067C73F3FF9AE3D3F3B8F3B3F4268393F26
:10852000233A373FF304353FC9C8323FBB85303F5C
:10853000DE3B2E3F4AEB2B3F1594293F5636273F13
:1085400025D2243F9967223FCBF61F3FD17F1D3FA5
:10855000C6021B3FC07F183FD9F6153F2A68133F5C
:10856000CDD3103FDA390E3F6B9A0B3F9BF5083F96
:10857000824B063F3D9C033FE4E7003F275DFC3E06
:10858000CBE0F63EEA5AF13EBBCBEB3E7533E63E1E
:108590004F92E03E80E8DA3E4136D53ECA7BCF3E80
:1085A00053B9C93E15EFC33E4A1DBE3E2A44B83EEC
:1085B000EF63B23ED47CAC3E128FA63EE59AA03E5D
:1085C00086A09A3E31A0943E229A8E3E938E883E9B
:1085D000C07D823ECCCF783E7F9A6C3E135C603E7D
:1085E0000115543EC2C5473ECF6E3B3EA2102F3E02
:1085F000B6AB223E8340163E86CF093E73B2FA3DAB
:108600002EBCE13D36BDC83D80B6AF3D05A9963DC7
:10861000742B7B3D30FB483D2CC3163DB00AC93C52
:10862000900E493C63C34AA3900E49BCB00AC9BC32
:108630002CC316BD30FB48BD742B7BBD05A996BD70
:1086400080B6AFBD36BDC8BD2EBCE1BD73B2FABDAC
:1086500086CF09BE834016BEB6AB22BEA2102FBE87
:10866000CF6E3BBEC2C547BE011554BE135C60BE93
:108670007F9A6CBECCCF78BEC07D82BE938E88BE02
:10868000229A8EBE31A094BE86A09ABEE59AA0BE64
:10869000128FA6BED47CACBEEF63B2BE2A44B8BE75
:1086A0004A1DBEBE15EFC3BE53B9C9BECA7BCFBEFD
:1086B0004136D5BE80E8DABE4F92E0BE7533E6BEE5
:1086C000BBCBEBBEEA5AF1BECBE0F6BE275DFCBEEB
:1086D000E4E700BF3D9C03BF824B06BF9BF508BF8C
:1086E0006B9A0BBFDA390EBFCDD310BF2A6813BF08
:1086F000D9F615BFC07F18BFC6021BBFD17F1DBFF3
:10870000CBF61FBF996722BF25D224BF563627BF9D
:10871000159429BF4AEB2BBFDE3B2EBFBB8530BF74
:10872000C9C832BFF30435BF233A37BF426839BFE7
:108730003B8F3BBFF9AE3DBF67C73FBF70D841BF5E
:1087400000E243BF03E445BF65DE47BF12D149BF26
:10875000F8BB4BBF029F4DBF1F7A4FBF3D4D51BF6E
:10876000491853BF31DB54BFE59556BF534858BF36
:108770006AF259BF1A945BBF532D5DBF05BE5EBF41
:10878000214660BF98C561BF5A3C63BF59AA64BF08
:10879000880F66BFD86B67BF3CBF68BFA7096ABFB9
:1087A0000C4B6BBF5E836CBF93B26DBF9ED86EBF28
:1087B00073F56FBF080971BF521372BF471473BFBF
:1087C000DD0B74BF0BFA74BFC6DE75BF07BA76BF88
:1087D000C58B77BFF85378BF981279BF9DC779BF13
:1087E00002737ABFBE147BBFCDAC7BBF283B7CBF7E
:1087F000C9BF7CBFAC3A7DBFCCAB7DBF24137EBF6D
:10880000B0707EBF6DC47EBF580E7FBF6D4E7FBF00
:10881000AB847FBF0FB17FBF97D37FBF43EC7FBFD8
:1088200011FB7FBF000080BF11FB7FBF43EC7FBF08
:1088300097D37FBF0FB17FBFAB847FBF6D4E7FBF2C
:10884000580E7FBF6DC47EBFB0707EBF24137EBF45
:10885000CCAB7DBFAC3A7DBFC9BF7CBF283B7CBFE2
:10886000CDAC7BBFBE147BBF02737ABF9DC779BFFF
:10887000981279BFF85378BFC58B77BF07BA76BF18
:10888000C6DE75BF0BFA74BFDD0B74BF471473BF30
:10889000521372BF080971BF73F56FBF9ED86EBFC8
:1088A00093B26DBF5E836CBF0C4B6BBFA7096ABFF1
:1088B0003CBF68BFD86B67BF880F66BF59AA64BF4B
:1088C0005A3C63BF98C561BF214660BF05BE5EBF0D
:1088D000532D5DBF1A945BBF6AF259BF534858BF0E
:1088E000E59556BF31DB54BF491853BF3D4D51BFCD
:1088F0001F7A4FBF029F4DBFF8BB4BBF12D149BF7C
:1089000065DE47BF03E445BF00E243BF70D841BF07
:1089100067C73FBFF9AE3DBF3B8F3BBF426839BF22
:10892000233A37BFF30435BFC9C832BFBB8530BF58
:10893000DE3B2EBF4AEB2BBF159429BF563627BF0F
:1089400025D224BF996722BFCBF61FBFD17F1DBFA1
:10895000C6021BBFC07F18BFD9F615BF2A6813BF58
:10896000CDD310BFDA390EBF6B9A0BBF9BF508BF92
:10897000824B06BF3D9C03BFE4E700BF275DFCBE02
:10898000CBE0F6BEEA5AF1BEBBCBEBBE7533E6BE1A
:108990004F92E0BE80E8DABE4136D5BECA7BCFBE7C
:1089A00053B9C9BE15EFC3BE4A1DBEBE2A44B8BEE8
:1089B000EF63B2BED47CACBE128FA6BEE59AA0BE59
:1089C00086A09ABE31A094BE229A8EBE938E88BE97
:1089D000C07D82BECCCF78BE7F9A6CBE135C60BE79
:1089E000011554BEC2C547BECF6E3BBEA2102FBEFE
:1089F000B6AB22BE834016BE86CF09BE73B2FABDA7
:108A00002EBCE1BD36BDC8BD80B6AFBD05A996BDC3
:108A1000742B7BBD30FB48BD2CC316BDB00AC9BC4E
:108A2000900E49BC26824FBF267E4FBF26724FBF95
:108A3000275E4FBF29424FBF2D1E4FBF36F24EBF9C
:108A400044BE4EBF5A824EBF793E4EBFA5F24DBFC7
:108A5000E09E4DBF2E434DBF92DF4CBF10744CBF04
:108A6000AD004CBF6C854BBF52024BBF64774ABF11
:108A7000A9E449BF254A49BFDEA748BFDBFD47BF80
:108A8000224C47BFBA9246BFAAD145BFFA0845BF9C
:108A9000B13844BFD86043BF768142BF959A41BF89
:108AA0003DAC40BF77B63FBF4DB93EBFC9B43DBF37
:108AB000F5A83CBFDA953BBF847B3ABFFE5939BF6E
:108AC000533138BF8D0137BFBACA35BFE48C34BFCC
:108AD000184833BF63FC31BFD1A930BF70502FBFDE
:108AE0004CF02DBF74892CBFF41B2BBFDCA729BF12
:108AF0003A2D28BF1CAC26BF912425BFA89623BFC2
:108B0000700222BFFA6720BF54C71EBF8F201DBF4F
:108B1000BC731BBFEAC019BF2B0818BF8F4916BF13
:108B2000298514BF08BB12BF3FEB10BFE0150FBF74
:108B3000FD3A0DBFA75A0BBFF37409BFF28907BFF7
:108B4000B79905BF55A403BFE1A901BFD954FFBE22
:108B5000184CFBBEA739F7BEAE1DF3BE56F8EEBEED
:108B6000C7C9EABE2B92E6BEAB51E2BE7208DEBEBA
:108B7000A9B6D9BE7C5CD5BE15FAD0BE9F8FCCBE3F
:108B8000461DC8BE37A3C3BE9C21BFBEA398BABEB4
:108B90007908B6BE4A71B1BE44D3ACBE942EA8BE0D
:108BA0006883A3BEEED19EBE551A9ABECB5C95BE1D
:108BB0007F9990BEA0D08BBE5D0287BEE52E82BE9F
:108BC000D1AC7ABE2FF270BE422E67BE6B615DBE25
:108BD0000B8C53BE84AE49BE36C93FBE83DC35BE66
:108BE000CEE82BBE78EE21BEE3ED17BE73E70DBED7
:108BF0008BDB03BE1A95F3BDBB69DFBDBE35CBBDB4
:108C0000ECF9B6BD0CB7A2BDE66D8EBD853E74BD58
:108C1000D4974BBD49E922BDEB68F4BCD9F5A2BCA1
:108C2000FDF822BC00004423FDF8223CD9F5A23C0B
:108C3000EB68F43C49E9223DD4974B3D853E743DB9
:108C4000E66D8E3D0CB7A23DECF9B63DBE35CB3D91
:108C5000BB69DF3D1A95F33D8BDB033E73E70D3EA9
:108C6000E3ED173E78EE213ECEE82B3E83DC353E29
:108C700036C93F3E84AE493E0B8C533E6B615D3E30
:108C8000422E673E2FF2703ED1AC7A3EE52E823EF8
:108C90005D02873EA0D08B3E7F99903ECB5C953E97
:108CA000551A9A3EEED19E3E6883A33E942EA83E6E
:108CB00044D3AC3E4A71B13E7908B63EA398BA3E61
:108CC0009C21BF3E37A3C33E461DC83E9F8FCC3E6E
:108CD00015FAD03E7C5CD53EA9B6D93E7208DE3E80
:108CE000AB51E23E2B92E63EC7C9EA3E56F8EE3E55
:108CF000AE1DF33EA739F73E184CFB3ED954FF3E5C
:108D0000E1A9013F55A4033FB799053FF289073F09
:108D1000F374093FA75A0B3FFD3A0D3FE0150F3F93
:108D20003FEB103F08BB123F2985143F8F49163F88
:108D30002B08183FEAC0193FBC731B3F8F201D3F13
:108D400054C71E3FFA67203F7002223FA896233F78
:108D50009124253F1CAC263F3A2D283FDCA7293F14
:108D6000F41B2B3F74892C3F4CF02D3F70502F3F4C
:108D7000D1A9303F63FC313F1848333FE48C343F86
:108D8000BACA353F8D01373F5331383FFE59393F1D
:108D9000847B3A3FDA953B3FF5A83C3FC9B43D3F61
:108DA0004DB93E3F77B63F3F3DAC403F959A413F7E
:108DB0007681423FD860433FB138443FFA08453F8F
:108DC000AAD1453FBA92463F224C473FDBFD473F81
:108DD000DEA7483F254A493FA9E4493F64774A3F17
:108DE00052024B3F6C854B3FAD004C3F10744C3FE3
:108DF00092DF4C3F2E434D3FE09E4D3FA5F24D3F4D
:108E0000793E4E3F5A824E3F44BE4E3F36F24E3F71
:108E10002D1E4F3F29424F3F275E4F3F26724F3F47
:108E2000267E4F3F26824F3F267E4F3F26724F3F82
:108E3000275E4F3F29424F3F2D1E4F3F36F24E3F98
:108E400044BE4E3F5A824E3F793E4E3FA5F24D3FC3
:108E5000E09E4D3F2E434D3F92DF4C3F10744C3F00
:108E6000AD004C3F6C854B3F52024B3F64774A3F0D
:108E7000A9E4493F254A493FDEA7483FDBFD473F7C
:108E8000224C473FBA92463FAAD1453FFA08453F98
:108E9000B138443FD860433F7681423F959A413F85
:108EA0003DAC403F77B63F3F4DB93E3FC9B43D3F33
:108EB000F5A83C3FDA953B3F847B3A3FFE59393F6A
:108EC0005331383F8D01373FBACA353FE48C343FC8
:108ED0001848333F63FC313FD1A9303F70502F3FDA
:108EE0004CF02D3F74892C3FF41B2B3FDCA7293F0E
:108EF0003A2D283F1CAC263F9124253FA896233FBE
:108F00007002223FFA67203F54C71E3F8F201D3F4B
:108F1000BC731B3FEAC0193F2B08183F8F49163F0F
:108F20002985143F08BB123F3FEB103FE0150F3F70
:108F3000FD3A0D3FA75A0B3FF374093FF289073FF3
:108F4000B799053F55A4033FE1A9013FD954FF3E1E
:108F5000184CFB3EA739F73EAE1DF33E56F8EE3EE9
:108F6000C7C9EA3E2B92E63EAB51E23E7208DE3EB6
:108F7000A9B6D93E7C5CD53E15FAD03E9F8FCC3E3B
:108F8000461DC83E37A3C33E9C21BF3EA398BA3EB0
:108F90007908B63E4A71B13E44D3AC3E942EA83E09
:108FA0006883A33EEED19E3E551A9A3ECB5C953E19
:108FB0007F99903EA0D08B3E5D02873EE52E823E9B
:108FC000D1AC7A3E2FF2703E422E673E6B615D3E21
:108FD0000B8C533E84AE493E36C93F3E83DC353E62
:108FE000CEE82B3E78EE213EE3ED173E73E70D3ED3
:108FF0008BDB033E1A95F33DBB69DF3DBE35CB3DB0
:10900000ECF9B63D0CB7A23DE66D8E3D853E743D54
:10901000D4974B3D49E9223DEB68F43CD9F5A23C9D
:10902000FDF8223C000044A3FDF822BCD9F5A2BC07
:10903000EB68F4BC49E922BDD4974BBD853E74BDB5
:10904000E66D8EBD0CB7A2BDECF9B6BDBE35CBBD8D
:10905000BB69DFBD1A95F3BD8BDB03BE73E70DBEA5
:10906000E3ED17BE78EE21BECEE82BBE83DC35BE25
:1090700036C93FBE84AE49BE0B8C53BE6B615DBE2C
:10908000422E67BE2FF270BED1AC7ABEE52E82BEF4
:109090005D0287BEA0D08BBE7F9990BECB5C95BE93
:1090A000551A9ABEEED19EBE6883A3BE942EA8BE6A
:1090B00044D3ACBE4A71B1BE7908B6BEA398BABE5D
:1090C0009C21BFBE37A3C3BE461DC8BE9F8FCCBE6A
:1090D00015FAD0BE7C5CD5BEA9B6D9BE7208DEBE7C
:1090E000AB51E2BE2B92E6BEC7C9EABE56F8EEBE51
:1090F000AE1DF3BEA739F7BE184CFBBED954FFBE58
:10910000E1A901BF55A403BFB79905BFF28907BF05
:10911000F37409BFA75A0BBFFD3A0DBFE0150FBF8F
:109120003FEB10BF08BB12BF298514BF8F4916BF84
:109130002B0818BFEAC019BFBC731BBF8F201DBF0F
:1091400054C71EBFFA6720BF700222BFA89623BF74
:10915000912425BF1CAC26BF3A2D28BFDCA729BF10
:10916000F41B2BBF74892CBF4CF02DBF70502FBF48
:10917000D1A930BF63FC31BF184833BFE48C34BF82
:10918000BACA35BF8D0137BF533138BFFE5939BF19
:10919000847B3ABFDA953BBFF5A83CBFC9B43DBF5D
:1091A0004DB93EBF77B63FBF3DAC40BF959A41BF7A
:1091B000768142BFD86043BFB13844BFFA0845BF8B
:1091C000AAD145BFBA9246BF224C47BFDBFD47BF7D
:1091D000DEA748BF254A49BFA9E449BF64774ABF13
:1091E00052024BBF6C854BBFAD004CBF10744CBFDF
:1091F00092DF4CBF2E434DBFE09E4DBFA5F24DBF49
:10920000793E4EBF5A824EBF44BE4EBF36F24EBF6D
:109210002D1E4FBF29424FBF275E4FBF26724FBF43
:10922000267E4FBF0000C0BB88FD5FBCD5F9AFBC38
:10923000BBEEEFBC7FED17BD15DE37BDE2C757BDF6
:10924000ADA977BD1DC18BBD28A89BBD5B89ABBDFA
:109250001764BBBDC237CBBDBF03DBBD71C7EABD61
:109260003E82FABDC51905BE5DED0CBE9ABB14BEAB
:109270002F841CBECE4624BE2D032CBEFDB833BEAB
:10928000F3673BBEC30F43BE22B04ABEC54852BEC1
:109290005FD959BEA76161BE53E168BE185870BE60
:1092A000ACC577BEC7297FBE104283BE36EA86BEF4
:1092B000338D8ABEE32A8EBE21C391BECA5595BEA8
:1092C000BCE298BED2699CBEEBEA9FBEE365A3BE3A
:1092D00098DAA6BEE848AABEB2B0ADBED311B1BE00
:1092E0002B6CB4BE98BFB7BEF90BBBBE2E51BEBE31
:1092F000168FC1BE92C5C4BE82F4C7BEC61BCBBE0C
:10930000403BCEBED052D1BE5862D4BEBA69D7BEA1
:10931000D768DABE935FDDBED04DE0BE7133E3BEE9
:109320005A10E6BE6EE4E8BE91AFEBBEA871EEBE89
:10933000972AF1BE44DAF3BE9580F6BE6E1DF9BEE3
:10934000B7B0FBBE553AFEBE185D00BF189801BF0E
:109350001DCE02BF1DFF03BF0A2B05BFDB5106BF99
:10936000827307BFF68F08BF2BA709BF16B90ABFC4
:10937000ADC50BBFE6CC0CBFB5CE0DBF13CB0EBF3A
:10938000F3C10FBF4EB310BF1A9F11BF4D8512BF5F
:10939000E06513BFC84014BFFE1515BF7AE515BFC1
:1093A00034AF16BF237317BF403118BF84E918BF0D
:1093B000E89B19BF65481ABFF4EE1ABF8F8F1BBF19
:1093C0002F2A1CBFD0BE1CBF6A4D1DBFF8D51DBFC4
:1093D00076581EBFDED41EBF2B4B1FBF59BB1FBF0D
:1093E000642520BF478920BFFEE620BF863E21BFFF
:1093F000DC8F21BFFCDA21BFE41F22BF915E22BFB8
:10940000009722BF2FC922BF1DF522BFC71A23BF55
:109410002C3A23BF4C5323BF246623BFB57223BF0E
:10942000FD7823BFFD7823BFB57223BF246623BF19
:109430004C5323BF2C3A23BFC71A23BF1DF522BFAD
:109440002FC922BF009722BF915E22BFE41F22BF17
:10945000FCDA21BFDC8F21BF863E21BFFEE620BFA4
:10946000478920BF642520BF59BB1FBF2B4B1FBF9F
:10947000DED41EBF76581EBFF8D51DBF6A4D1DBF76
:10948000D0BE1CBF2F2A1CBF8F8F1BBFF4EE1ABF8C
:1094900065481ABFE89B19BF84E918BF403118BF5F
:1094A000237317BF34AF16BF7AE515BFFE1515BF7E
:1094B000C84014BFE06513BF4D8512BF1A9F11BF8E
:1094C0004EB310BFF3C10FBF13CB0EBFB5CE0DBF50
:1094D000E6CC0CBFADC50BBF16B90ABF2BA709BFA1
:1094E000F68F08BF827307BFDB5106BF0A2B05BF8B
:1094F0001DFF03BF1DCE02BF189801BF185D00BF3E
:10950000553AFEBEB7B0FBBE6E1DF9BE9580F6BEE5
:1095100044DAF3BE972AF1BEA871EEBE91AFEBBE5E
:109520006EE4E8BE5A10E6BE7133E3BED04DE0BE35
:10953000935FDDBED768DABEBA69D7BE5862D4BEC3
:10954000D052D1BE403BCEBEC61BCBBE82F4C7BEFE
:1095500092C5C4BE168FC1BE2E51BEBEF90BBBBE96
:1095600098BFB7BE2B6CB4BED311B1BEB2B0ADBE06
:10957000E848AABE98DAA6BEE365A3BEEBEA9FBEA2
:10958000D2699CBEBCE298BECA5595BE21C391BEAD
:10959000E32A8EBE338D8ABE36EA86BE104283BE73
:1095A000C7297FBEACC577BE185870BE53E168BEF0
:1095B000A76161BE5FD959BEC54852BE22B04ABE3E
:1095C000C30F43BEF3673BBEFDB833BE2D032CBEB5
:1095D000CE4624BE2F841CBE9ABB14BE5DED0CBECD
:1095E000C51905BE3E82FABD71C7EABDBF03DBBD2A
:1095F000C237CBBD1764BBBD5B89ABBD28A89BBD83
:109600001DC18BBDADA977BDE2C757BD15DE37BD06
:109610007FED17BDBBEEEFBCD5F9AFBC88FD5FBCDD
:109620000000C0BB0000003B88FD1F3CD5F98F3C0B
:10963000BBEECF3C7FED073D15DE273DE2C7473D42
:10964000ADA9673D1DC1833D28A8933D5B89A33D1E
:109650001764B33DC237C33DBF03D33D71C7E23D7D
:109660003E82F23DC519013E5DED083E9ABB103EBB
:109670002F84183ECE46203E2D03283EFDB82F3EB7
:10968000F367373EC30F3F3E22B0463EC5484E3ECD
:109690005FD9553EA7615D3E53E1643E18586C3E6C
:1096A000ACC5733EC7297B3E1042813E36EA843EFC
:1096B000338D883EE32A8C3E21C38F3ECA55933EAC
:1096C000BCE2963ED2699A3EEBEA9D3EE365A13E3E
:1096D00098DAA43EE848A83EB2B0AB3ED311AF3E04
:1096E0002B6CB23E98BFB53EF90BB93E2E51BC3E35
:1096F000168FBF3E92C5C23E82F4C53EC61BC93E10
:10970000403BCC3ED052CF3E5862D23EBA69D53EA5
:10971000D768D83E935FDB3ED04DDE3E7133E13EED
:109720005A10E43E6EE4E63E91AFE93EA871EC3E8D
:10973000972AEF3E44DAF13E9580F43E6E1DF73EE7
:10974000B7B0F93E553AFC3E30BAFE3E1898003F9D
:109750001DCE013F1DFF023F0A2B043FDB51053F99
:109760008273063FF68F073F2BA7083F16B9093FC4
:10977000ADC50A3FE6CC0B3FB5CE0C3F13CB0D3F3A
:10978000F3C10E3F4EB30F3F1A9F103F4D85113F5F
:10979000E065123FC840133FFE15143F7AE5143FC1
:1097A00034AF153F2373163F4031173F84E9173F0D
:1097B000E89B183F6548193FF4EE193F8F8F1A3F19
:1097C0002F2A1B3FD0BE1B3F6A4D1C3FF8D51C3FC4
:1097D00076581D3FDED41D3F2B4B1E3F59BB1E3F0D
:1097E00064251F3F47891F3FFEE61F3F863E203FFF
:1097F000DC8F203FFCDA203FE41F213F915E213FB8
:109800000097213F2FC9213F1DF5213FC71A223F55
:109810002C3A223F4C53223F2466223FB572223F0E
:10982000FD78223FFD78223FB572223F2466223F19
:109830004C53223F2C3A223FC71A223F1DF5213FAD
:109840002FC9213F0097213F915E213FE41F213F17
:10985000FCDA203FDC8F203F863E203FFEE61F3FA4
:1098600047891F3F64251F3F59BB1E3F2B4B1E3F9F
:10987000DED41D3F76581D3FF8D51C3F6A4D1C3F76
:10988000D0BE1B3F2F2A1B3F8F8F1A3FF4EE193F8C
:109890006548193FE89B183F84E9173F4031173F5F
:1098A0002373163F34AF153F7AE5143FFE15143F7E
:1098B000C840133FE065123F4D85113F1A9F103F8E
:1098C0004EB30F3FF3C10E3F13CB0D3FB5CE0C3F50
:1098D000E6CC0B3FADC50A3F16B9093F2BA7083FA1
:1098E000F68F073F8273063FDB51053F0A2B043F8B
:1098F0001DFF023F1DCE013F1898003F30BAFE3ECB
:10990000553AFC3EB7B0F93E6E1DF73E9580F43EE9
:1099100044DAF13E972AEF3EA871EC3E91AFE93E62
:109920006EE4E63E5A10E43E7133E13ED04DDE3E39
:10993000935FDB3ED768D83EBA69D53E5862D23EC7
:10994000D052CF3E403BCC3EC61BC93E82F4C53E02
:1099500092C5C23E168FBF3E2E51BC3EF90BB93E9A
:1099600098BFB53E2B6CB23ED311AF3EB2B0AB3E0A
:10997000E848A83E98DAA43EE365A13EEBEA9D3EA6
:10998000D2699A3EBCE2963ECA55933E21C38F3EB1
:10999000E32A8C3E338D883E36EA843E1042813E77
:1099A000C7297B3EACC5733E18586C3E53E1643EFC
:1099B000A7615D3E5FD9553EC5484E3E22B0463E4A
:1099C000C30F3F3EF367373EFDB82F3E2D03283EC1
:1099D000CE46203E2F84183E9ABB103E5DED083ED9
:1099E000C519013E3E82F23D71C7E23DBF03D33D42
:1099F000C237C33D1764B33D5B89A33D28A8933D9F
:109A00001DC1833DADA9673DE2C7473D15DE273D3A
:109A10007FED073DBBEECF3CD5F98F3C88FD1F3C69
:109A20000000003B0000003C88FDBF3CD5F91F3D15
:109A3000BBEE5F3D7FED8F3D15DEAF3DE2C7CF3D15
:109A4000ADA9EF3D1DC1073E28A8173E5B89273E03
:109A50001764373EC237473EBF03573E71C7663E65
:109A60003E82763EC519833E5DED8A3E9ABB923EAC
:109A70002F849A3ECE46A23E2D03AA3EFDB8B13EAB
:109A8000F367B93EC30FC13E22B0C83EC548D03EC1
:109A90005FD9D73EA761DF3E53E1E63E1858EE3E60
:109AA000ACC5F53EC729FD3E1042023F36EA053FF0
:109AB000338D093FE32A0D3F21C3103FCA55143FA0
:109AC000BCE2173FD2691B3FEBEA1E3FE365223F32
:109AD00098DA253FE848293FB2B02C3FD311303FF8
:109AE0002B6C333F98BF363FF90B3A3F2E513D3F29
:109AF000168F403F92C5433F82F4463FC61B4A3F04
:109B0000403B4D3FD052503F5862533FBA69563F99
:109B1000D768593F935F5C3FD04D5F3F7133623FE1
:109B20005A10653F6EE4673F91AF6A3FA8716D3F81
:109B3000972A703F44DA723F9580753F6E1D783FDB
:109B4000B7B07A3F553A7D3F30BA7F3F1818813F12
:109B50001D4E823F1D7F833F0AAB843FDBD1853F93
:109B600082F3863FF60F883F2B27893F16398A3FBD
:109B7000AD458B3FE64C8C3FB54E8D3F134B8E3F32
:109B8000F3418F3F4E33903F1A1F913F4D05923F57
:109B9000E0E5923FC8C0933FFE95943F7A65953FBC
:109BA000342F963F23F3963F40B1973F8469983F07
:109BB000E81B993F65C8993FF46E9A3F8F0F9B3F12
:109BC0002FAA9B3FD03E9C3F6ACD9C3FF8559D3FBE
:109BD00076D89D3FDE549E3F2BCB9E3F593B9F3F07
:109BE00064A59F3F4709A03FFE66A03F86BEA03FF9
:109BF000DC0FA13FFC5AA13FE49FA13F91DEA13FB2
:109C00000017A23F2F49A23F1D75A23FC79AA23F4E
:109C10002CBAA23F4CD3A23F24E6A23FB5F2A23F0A
:109C2000FDF8A23FFDF8A23FB5F2A23F24E6A23F15
:109C30004CD3A23F2CBAA23FC79AA23F1D75A23FA8
:109C40002F49A23F0017A23F91DEA13FE49FA13F11
:109C5000FC5AA13FDC0FA13F86BEA03FFE66A03F9D
:109C60004709A03F64A59F3F593B9F3F2BCB9E3F99
:109C7000DE549E3F76D89D3FF8559D3F6ACD9C3F70
:109C8000D03E9C3F2FAA9B3F8F0F9B3FF46E9A3F85
:109C900065C8993FE81B993F8469983F40B1973F59
:109CA00023F3963F342F963F7A65953FFE95943F78
:109CB000C8C0933FE0E5923F4D05923F1A1F913F88
:109CC0004E33903FF3418F3F134B8E3FB54E8D3F48
:109CD000E64C8C3FAD458B3F16398A3F2B27893F99
:109CE000F60F883F82F3863FDBD1853F0AAB843F86
:109CF0001D7F833F1D4E823F1818813F30BA7F3F42
:109D0000553A7D3FB7B07A3F6E1D783F9580753FDD
:109D100044DA723F972A703FA8716D3F91AF6A3F56
:109D20006EE4673F5A10653F7133623FD04D5F3F2D
:109D3000935F5C3FD768593FBA69563F5862533FBB
:109D4000D052503F403B4D3FC61B4A3F82F4463FF6
:109D500092C5433F168F403F2E513D3FF90B3A3F8E
:109D600098BF363F2B6C333FD311303FB2B02C3FFE
:109D7000E848293F98DA253FE365223FEBEA1E3F9A
:109D8000D2691B3FBCE2173FCA55143F21C3103FA5
:109D9000E32A0D3F338D093F36EA053F1042023F6B
:109DA000C729FD3EACC5F53E1858EE3E53E1E63EF0
:109DB000A761DF3E5FD9D73EC548D03E22B0C83E3E
:109DC000C30FC13EF367B93EFDB8B13E2D03AA3EB5
:109DD000CE46A23E2F849A3E9ABB923E5DED8A3ECD
:109DE000C519833E3E82763E71C7663EBF03573E2D
:109DF000C237473E1764373E5B89273E28A8173E87
:109E00001DC1073EADA9EF3DE2C7CF3D15DEAF3D19
:109E10007FED8F3DBBEE5F3DD5F91F3D88FDBF3C1B
:109E20000000003C000000BC88FDBFBCD5F91FBD90
:109E3000BBEE5FBD7FED8FBD15DEAFBDE2C7CFBD11
:109E4000ADA9EFBD1DC107BE28A817BE5B8927BEFF
:109E5000176437BEC23747BEBF0357BE71C766BE61
:109E60003E8276BEC51983BE5DED8ABE9ABB92BEA8
:109E70002F849ABECE46A2BE2D03AABEFDB8B1BEA7
:109E8000F367B9BEC30FC1BE22B0C8BEC548D0BEBD
:109E90005FD9D7BEA761DFBE53E1E6BE1858EEBE5C
:109EA000ACC5F5BEC729FDBE104202BF36EA05BFEC
:109EB000338D09BFE32A0DBF21C310BFCA5514BF9C
:109EC000BCE217BFD2691BBFEBEA1EBFE36522BF2E
:109ED00098DA25BFE84829BFB2B02CBFD31130BFF4
:109EE0002B6C33BF98BF36BFF90B3ABF2E513DBF25
:109EF000168F40BF92C543BF82F446BFC61B4ABF00
:109F0000403B4DBFD05250BF586253BFBA6956BF95
:109F1000D76859BF935F5CBFD04D5FBF713362BFDD
:109F20005A1065BF6EE467BF91AF6ABFA8716DBF7D
:109F3000972A70BF44DA72BF958075BF6E1D78BFD7
:109F4000B7B07ABF553A7DBF30BA7FBF181881BF0E
:109F50001D4E82BF1D7F83BF0AAB84BFDBD185BF8F
:109F600082F386BFF60F88BF2B2789BF16398ABFB9
:109F7000AD458BBFE64C8CBFB54E8DBF134B8EBF2E
:109F8000F3418FBF4E3390BF1A1F91BF4D0592BF53
:109F9000E0E592BFC8C093BFFE9594BF7A6595BFB8
:109FA000342F96BF23F396BF40B197BF846998BF03
:109FB000E81B99BF65C899BFF46E9ABF8F0F9BBF0E
:109FC0002FAA9BBFD03E9CBF6ACD9CBFF8559DBFBA
:109FD00076D89DBFDE549EBF2BCB9EBF593B9FBF03
:109FE00064A59FBF4709A0BFFE66A0BF86BEA0BFF5
:109FF000DC0FA1BFFC5AA1BFE49FA1BF91DEA1BFAE
:10A000000017A2BF2F49A2BF1D75A2BFC79AA2BF4A
:10A010002CBAA2BF4CD3A2BF24E6A2BFB5F2A2BF06
:10A02000FDF8A2BFFDF8A2BFB5F2A2BF24E6A2BF11
:10A030004CD3A2BF2CBAA2BFC79AA2BF1D75A2BFA4
:10A040002F49A2BF0017A2BF91DEA1BFE49FA1BF0D
:10A05000FC5AA1BFDC0FA1BF86BEA0BFFE66A0BF99
:10A060004709A0BF64A59FBF593B9FBF2BCB9EBF95
:10A07000DE549EBF76D89DBFF8559DBF6ACD9CBF6C
:10A08000D03E9CBF2FAA9BBF8F0F9BBFF46E9ABF81
:10A0900065C899BFE81B99BF846998BF40B197BF55
:10A0A00023F396BF342F96BF7A6595BFFE9594BF74
:10A0B000C8C093BFE0E592BF4D0592BF1A1F91BF84
:10A0C0004E3390BFF3418FBF134B8EBFB54E8DBF44
:10A0D000E64C8CBFAD458BBF16398ABF2B2789BF95
:10A0E000F60F88BF82F386BFDBD185BF0AAB84BF82
:10A0F0001D7F83BF1D4E82BF181881BF30BA7FBF3E
:10A10000553A7DBFB7B07ABF6E1D78BF958075BFD9
:10A1100044DA72BF972A70BFA8716DBF91AF6ABF52
:10A120006EE467BF5A1065BF713362BFD04D5FBF29
:10A13000935F5CBFD76859BFBA6956BF586253BFB7
:10A14000D05250BF403B4DBFC61B4ABF82F446BFF2
:10A1500092C543BF168F40BF2E513DBFF90B3ABF8A
:10A1600098BF36BF2B6C33BFD31130BFB2B02CBFFA
:10A17000E84829BF98DA25BFE36522BFEBEA1EBF96
:10A18000D2691BBFBCE217BFCA5514BF21C310BFA1
:10A19000E32A0DBF338D09BF36EA05BF104202BF67
:10A1A000C729FDBEACC5F5BE1858EEBE53E1E6BEEC
:10A1B000A761DFBE5FD9D7BEC548D0BE22B0C8BE3A
:10A1C000C30FC1BEF367B9BEFDB8B1BE2D03AABEB1
:10A1D000CE46A2BE2F849ABE9ABB92BE5DED8ABEC9
:10A1E000C51983BE3E8276BE71C766BEBF0357BE29
:10A1F000C23747BE176437BE5B8927BE28A817BE83
:10A200001DC107BEADA9EFBDE2C7CFBD15DEAFBD15
:10A210007FED8FBDBBEE5FBDD5F91FBD88FDBFBC17
:10A22000000000BC0000403F0000403F0000203F15
:10A230000000203F0A0100009E0B0000790700008B
:10A24000CC070000C6070000BB0000002A04000085
:10A25000610100002B0E0000CC040000710A000018
:10A260003F0800004F010000790000008E00000050
:10A270006B0000007B010000150100000080894395
:10A280000080CA430080E8430080094400007A440B
:10A2900000C00F4500C05A45000066430000AA43B5
:10A2A0000080BB430000E643000048440080D444E3
:10A2B00000002F450000D2420000164300002F434B
:10A2C00000005C430000C8430000C84400401C4537
:10A2D000000070420000AA420000C8420000FA429A
:10A2E0000000C84300803B440000AF443333333F99
:10A2F0009A99993E6666663F0000803F0000003FE5
:10A30000CDCC4C3F0000003FCDCC0C3F3333B33EAF
:10A310009A99593F0000803F0000403F3333333F5C
:10A320006666E63E9A99593F9A99993E0000803FA9
:10A330006666663F0000003F3333333F6666E63EA5
:10A34000CDCC4C3F9A99993E0000803F6666663FAF
:10A350009A99193F9A99193F3333B33E0000C84187
:10A360000000F0410000C8410000C84100008040EA
:10A3700000002040000040400000C8410000C841EB
:10A380000000B0410000B04100004040000020400B
:10A39000000040400000A0410000C8410000A04172
:10A3A0000000A0410000804000002040000040402C
:10A3B000000070410000A0410000704100007041A9
:10A3C00000004040000000400000204012735F4445
:10A3D0009BE94C4402338544BFED8944B977C444BA
:10A3E0008F2EDE44D69BD944DE851345EC98134569
:10A3F0002C61224544996B45536A6445818B8445A1
:10A400003E679D4504A3C6457ECDEA45DCE1034693
:10A410006DD3BB3E29D69DBE3E62BF3E8FE5AEBE2C
:10A42000CBBDAA3E696F89BE88C14F3E856FA8BE6D
:10A430000FC3533E5B3CA4BEA3A0993E2CC189BE72
:10A44000C9DB533E7A3539BE62A2973E4AA9AABEFD
:10A45000F41E6D3E5E82804149F2C7417EE8A6410E
:10A46000BCF05C41CC27664185640841DEB1C04147
:10A47000C65E7F410E048E41064D4341EC849141FE
:10A480007FF04E41F6588341094487418288294133
:10A4900028B54241EF3125410000204100008C41A8
:10A4A0000000C841000000400000803F0000803EE6
:10A4B000CDCC4C3F8FC2753D0000803E9A99593FEC
:10A4C0000000803EEC51B83D0000003F6666263F2C
:10A4D000CDCC4C3E0000803F0000803F0000803F1C
:10A4E0000000803F0000803FCDCC0C3F0000003FCB
:10A4F000CDCCCC3E000080400000A040CDCCCC3D77
:10A500006666663F6F12033B3333B33FCDCC4C3EA0
:10A510003333B33E6F12833A9A99993E000000009C
:10A52000CDCC4C3E0000803F0000803F0000803FCB
:10A53000000060410000803FCDCCCC3ECDCC0C3F34
:10A54000CDCCCC3D000000400000803F9A99193EE0
:10A550000000803F6F12033B00000040000000003D
:10A560009A99193F6F12833ACDCC8C3F00000000BE
:10A570000000003F0000803F85EB61400000803F0D
:10A580000000803F0000803F6666E63E0000003F1E
:10A59000CDCCCC3E060000000000803F0000803F94
:10A5A0004E62304091EDAC4091ED0E411F8555411A
:10A5B000A01A954100000000000000000000803F4C
:10A5C0003333333F6666E63E9A99993EEC51383E06
:10A5D000CDCCCC3D00000000000000000000803F1A
:10A5E0003333333F0000003F3333B33E0000803E3F
:10A5F000EC51383E000000000000000008000000A0
:10A60000CDCCCC3E0000803F3108CC3F39B408406F
:10A61000AAF11240C1CA294083C03A40E7FB494031
:10A62000621060400000803FCDCC4C3F6666263F04
:10A630000000003FCDCCCC3E0AD7A33E0000803EB8
:10A64000CDCC4C3E0000803F9A99593F3333333F85
:10A650006666263FCDCC0C3F0000003F6666E63EB6
:10A66000CDCCCC3E060000006666E63F0000803F91
:10A67000000000409A9919400000404000009040BE
:10A680005C8FAA4000000000000000000000803F36
:10A690009A99593F9A99193F0000003F9A99993E1B
:10A6A0000000803E00000000000000000000803F2D
:10A6B000CDCC4C3F3333333FCDCC0C3FCDCCCC3E17
:10A6C0003333B33E0000000000000000050000002E
:10A6D0006666A63F0000803FE17A14400000884093
:10A6E000F628D4407B141641000000000000000052
:10A6F000000000000000803FCDCC0C3F9A99993EAD
:10A70000EC51383ECDCCCC3D0000000000000000F4
:10A71000000000000000803F0000403F0000003FBC
:10A720003333B33E0000803E000000000000000014
:10A7300000000000050000008FC2F53D0000803FD2
:10A74000A69B2440A69B9440EE7CDF4068911B4171
:10A750000000000000000000000000000000803F3A
:10A760009A99193F3333B33ECDCC4C3E8FC2F53D61
:10A770000000000000000000000000000000803F1A
:10A780003333B33EEC51383ECDCCCC3D8FC2753D1A
:10A7900000000000000000000000000000000000B9
:10A7A00000001041CDCC4C3E000048453333B33E51
:10A7B000000000000000C03F6F12833B9A99193ED1
:10A7C0009A99593FEC51383E6F12033B0000803E8E
:10A7D0006666E63ECDCC4C3E0000803E00000000A8
:10A7E000000090413333B33E0000C8448FC2F53DB2
:10A7F000000000000000803F9A99193FCDCCCC3E6C
:10A800009A99593FCDCC8C3F6666663F0000003F69
:10A810009A99193FCDCC4C3FCDCCCC3E00000000E6
:10A8200000000000000000000000A0439A99593F7A
:10A8300000000000000040406F12033B0000803E1B
:10A84000CDCC0C3F8FC2F53D6F12833AEC51383EB0
:10A85000CDCC4C3DCDCCCC3DCDCCCC3D0000404012
:10A860000000000000000000000061440000000043
:10A8700000000000000000006F12833BCDCCCC3DF7
:10A880000000803F8FC2F53DA69B443B9A99193E3C
:10A890000000003FCDCC4C3E00000000FF00000057
:10A8A0007F0000003F0000001F0000000F000000BC
:10A8B0000700000003000000010000009A99593FC2
:10A8C000CDCC4C3DCDCC4C3F0AD7A33C0000000082
:10A8D0003333333F8FC2F53D0000403F0AD7A33CDE
:10A8E00000000000286F0120386F012000000000E8
:10A8F000000000009A99593F486F0120586F0120CD
:10A900000000010000000000CDCC4C3F686F01202A
:10A91000786F01200000020100000000CDCC4C3F08
:10A92000886F0120986F01200000030000000000E4
:10A930006666663FA86F0120B86F0120000004031F
:10A9400000000000CDCC4C3FC86F0120D46F012027
:10A950000000050000FE00006666663FE06F012013
:10A96000E86F01200000060000000000CDCC4C3F45
:10A97000F06F0120FC6F01200000070000000000C4
:10A98000CDCC4C3F08700120107001200000080061
:10A9900000000000CDCC4C3F187001202070012039
:10A9A0000000090000000000CDCC4C3F28700120C1
:10A9B0003470012000000A0000000000CDCC4C3FA4
:10A9C00040700120487001200107000400000000D1
:10A9D000D7A3703F50700120587001200107010477
:10A9E000010000000000803F6070012068700120BD
:10A9F0000107020402FF0000D7A3703F707001201E
:10AA00007C7001200107030403FE0000C3F5283F0A
:10AA1000887001209C7001200107040000000000E4
:10AA20000000803FB0700120C070012002080000CB
:10AA300000010000CDCC4C3FD0700120DC70012023
:10AA40000208010000010000CDCC4C3FE87001205D
:10AA5000F47001200204000000000000CDCC4C3F47
:10AA6000007101200C7101200204010000010000AE
:10AA7000CDCC4C3F1871012020710120020802004A
:10AA800000010000CDCC4C3F287101203471012021
:10AA90000208030000000000CDCC4C3F40710120B3
:10AAA000487101200308040000000000CDCC4C3F99
:10AAB000507101205C7101200308050000FF0000B7
:10AAC000CDCC4C3F6871012078710120030806014C
:10AAD00001000000CDCC4C3F887101209071012015
:10AAE0000303000000000000CDCC4C3F9871012012
:10AAF000A47101200403010102000000CDCC4C3FF1
:10AB0000B0710120C07101200409000000000000A4
:10AB1000CDCC4C3FD0710120E0710120040901002F
:10AB200000000000CDCC4C3FF0710120FC710120F1
:10AB300004000B0000000000CDCC4C3F0872012047
:10AB4000107201200409020000010000CDCC4C3F2E
:10AB50001872012024720120040903000002000081
:10AB6000CDCC4C3F3072012038720120050100002D
:10AB700000000000CDCC4C3F407201204C720120FF
:10AB80000501010200000000CDCC4C3F58720120AD
:10AB9000687201200501020000020000CDCC4C3F8C
:10ABA0007872012088720120050103000000000076
:10ABB000CDCC4C3F98720120A07201200501040009
:10ABC00000000000CDCC4C3FA8720120B4720120DF
:10ABD0000501050000000000CDCC4C3FC0720120F3
:10ABE000CC7201200501060000000000CDCC4C3FD6
:10ABF000D8720120E07201200501070000FE00006C
:10AC0000CDCC4C3FE8720120F47201200605000112
:10AC100003000000CDCC4C3F007301200C730120D9
:10AC20000605010000000000CDCC4C3F1873012048
:10AC3000207301200609040000020000CDCC4C3F27
:10AC40002873012034730120070200000000000077
:10AC5000CDCC4C3F407301204C7301200702010012
:10AC6000000000000000403F587301206473012081
:10AC70000702020000FF0000CDCC4C3F70730120A2
:10AC80007C7301200702030000FE00003333733F92
:10AC9000887301209C73012007060000000000005B
:10ACA000CDCC4C3FB0730120BC730120070A0000DB
:10ACB000000000000000403FC8730120D87301204D
:10ACC0000703020000000000CDCC4C3F0000000054
:10ACD000CDCCCC3E6666E63E0000003F0000403F23
:10ACE0000000000000006040CDCCCC3E3333B33ECA
:10ACF0006666263F00000000CDCCCC3FCDCC4C3F5B
:10AD00009A99593F0000003F000000400000A04019
:10AD10000000003F3333333FCDCC0C3F0000000038
:10AD20006666663FAE47613ECDCCCC3ECDCC4C3F57
:10AD300000000040CDCC8C3F52B81E3F6666E63E18
:10AD40003333333F00008040000000409A99193FA0
:10AD50006666663F9A99593F0000803F0000404078
:10AD60009A99193E9A99993ECDCC4C3F3D0AD73ECF
:10AD70000AD7A33C295C0F3E3D0AD73E0AD7A33C25
:10AD8000295C0F3E3D0AD73ECDCCCC3C9A99193E6A
:10AD90003D0AD73ECDCCCC3C8FC2F53D0000003FF4
:10ADA0000AD7A33E9A99193FCDCC0C406666663F00
:10ADB0008FC2753EEC51383ECDCC4C3E0000604019
:10ADC0009A99593FB81E853E0AD7233ECDCC4C3EBA
:10ADD000CDCC4C40CDCC4C3F14AE473F8FC2F53D5F
:10ADE0003333B33E3333B33E3333733F9A99993E93
:10ADF000295C0F3E9A99193E000040409A99593FAC
:10AE0000CDCC0C3F0000803E6666E63ECDCC0C40CB
:10AE10003333733F8FC2F53D0AD7A33DCDCC0C3FF2
:10AE2000CDCC8C3FCDCC4C3FEC51383E0AD7233DA6
:10AE30009A99993E0000C0400000403F3D0AD73E2D
:10AE40003D0AD73E0000403F6666E63F9A99593F6B
:10AE5000CDCCCC3E0000003F0000003F0000904001
:10AE60009A99593F9A99993E295C8F3D0000803FFD
:10AE70006666663F6666663FCDCC4C3E8FC2753DCA
:10AE80000000803FCDCCCC3F9A99593F886E01207D
:10AE9000906E0120986E01209C6E0120A06E012012
:10AEA000A86E0120B06E0120BC6E0120C46E01208E
:10AEB000D06E0120DC6E0120CDCC4C3F3333B33E4D
:10AEC000CDCC0C3F000000000000003F9A99993E55
:10AED000CDCCCC3E000000003333333F9A99993EED
:10AEE0009A99993E00000000CDCCCC3E6666E63EC5
:10AEF0000000003F00000000EC51383E9A99593F95
:10AF000000000000CDCC4C3FCDCC0C3F9A99193FAE
:10AF1000CDCC4C3FCDCC4C3F000000003333B33E92
:10AF20000000003F3333C3400000B0419A99993E7E
:10AF3000AE47E13D3333333F00000040295C0F3D15
:10AF4000CDCC4C3E295C8F3E9A99593F00000000C1
:10AF5000CDCC4C3F9A99193FCDCC0C3FCDCC4C3F3A
:10AF6000CDCC4C3FEC51383E3333B33E6666E63EC3
:10AF70003333B3400000A0419A99993E1F85EB3DC1
:10AF80003333333F000000400AD7233DCDCC4C3E45
:10AF90005C8FC23E6666663F000000009A99593F8A
:10AFA0006666263F6666E63ECDCC4C3FCDCC4C3F38
:10AFB00052B81E3FCDCCCC3ECDCC0C3F0000A040C3
:10AFC000000080413333B33E0000003E3333333F53
:10AFD0006666E63FCDCC4C3DCDCC4C3E0000003FFC
:10AFE0006666663FCDCC4C3D9A99593F3333333F2B
:10AFF0003333B33E9A99593F3333333F0000803F98
:10B000006666E63E9A99193F000090400000204194
:10B01000CDCCCC3E295C0F3E3333333F0000C03FE4
:10B020008FC2753DCDCC4C3E6666E63E9A99993E00
:10B0300000000000000000000000003F0000003F92
:10B040006666663F9A99193F9A99993E00000000FA
:10B05000000000003333C340000000009A99993E7D
:10B06000AE47E13D00000000000000008FC2F53C4B
:10B070009A99193E000000009A99193E00009040EC
:10B08000CDCC4C3E000000000000803FCDCC4C40B9
:10B090008FC2F53D0000A0400000803E000000008F
:10B0A000CDCC8C3F00009040CDCCCC3E00000000C9
:10B0B0000000A0410000803F6F12833B0AD7A33DF0
:10B0C0000000803F0000803F9A99593F6666263F06
:10B0D0000000003FEC51383ECDCCCC3E0AD7A33D1A
:10B0E0009A99993E00000000000000000000000056
:10B0F00000000000000000000000A0410000803FB0
:10B100000AD7233D9A99993E0000803F0000803F76
:10B110000000403FCDCCCC3E9A99193F9A99193EF8
:10B120003333B33E0AD7A33D9A99993E00000000FD
:10B130008FC2F53D00000000EC51383E6F12833A9B
:10B140006666E63FCDCC0C3F6F12833ACDCCCC3E49
:10B150000000803F0000803FCDCC4C3ECDCC4C3D2C
:10B160008FC2F53D0000000000000000000000005C
:10B1700000000000000000000000000000000000CF
:10B18000000000006F12833B6666A63F6666E63EDF
:10B190006F12833A9A99993E0000803F0000803FE9
:10B1A000000000000000003F00000000AE47613ECC
:10B1B00000000000CDCCCC3D0000000000000000ED
:10B1C000000000000000000000000000000000007F
:10B1D0000000A0410000803F0AD7233D8FC2F53D0B
:10B1E0006666663F0000803F00000000000000002F
:10B1F000000000000000000000000000000000004F
:10B20000000000000000000000000000000000003E
:10B21000000000000AD7A33E0000003F0000803F6E
:10B22000EC51383E00008040000000008FC2753DA8
:10B23000CDCC4C3E9A99593F0000803E0000003F23
:10B240000000803F3333B33E000040400000000068
:10B25000CDCC4C3D9A99193E9A99593F0AD7A33DB6
:10B260000000003F0000803FCDCCCC3D0000803F7F
:10B27000000000000AD7233D8FC2F53D6666663F99
:10B280003333B33E0000003F0000803FCDCCCC3EC6
:10B290000000204000000000EC51B83D9A99993E12
:10B2A0009A99593FEC51383F0000003F6666E63FEF
:10B2B0000AD7233D00000040000000000AD7233DCC
:10B2C0009A99193ECDCC4C3FCDCC0C3F0000003FAD
:10B2D0006666663FCDCC4C3D00000040000000009B
:10B2E000295C8F3DCDCC4C3E9A99593F52B81E3FB8
:10B2F0000000003F3333B33F8FC2753D0000004074
:10B3000000000000EC51B83D0000803E9A99593F82
:10B310000000803ECDCC4C3E3333B33E0000803E37
:10B320003333333FCDCCCC3E9A99593F9A99993FCC
:10B330000000803F00806D459A99193ECDCC0C3FAE
:10B3400000000040CDCC4C3F9A99593F9A99993EC4
:10B350009A99593F70170020E81D0120080000004D
:10B360000400000000020000000000003A1C19B3B5
:10B370002F7219B42F0DADB47B2C1AB5BF6071B507
:10B38000C215AEB51345EDB5B91B1BB6257044B655
:10B39000949672B667C192B6C492AEB62CB6CCB6CD
:10B3A000D420EDB629E307B74D4C1AB7FEC32DB72D
:10B3B0008D4142B776BB57B75D276EB707BD82B7E1
:10B3C000BED38EB763519BB71A2FA8B79B65B5B78D
:10B3D00036EDC2B7D5BDD0B7F8CEDEB7BE17EDB7E4
:10B3E000E18EFBB75F1505B8A8700CB81FD413B871
:10B3F0006A3A1BB8069E22B847F929B85D4631B8AB
:10B40000537F38B8129E3FB8669C46B8FE734DB85D
:10B410006D1E54B833955AB8B8D160B855CD66B8DA
:10B4200055816CB8F8E671B877F776B806AC7BB89A
:10B43000DAFD7FB815F381B81AAF83B8A12F85B8AC
:10B44000557186B8EC7087B8242B88B8CB9C88B827
:10B45000BEC288B8E89988B84B1F88B8FB4F87B838
:10B46000262986B811A884B81CCA82B8C78C80B8AF
:10B470005CDB7BB81FD575B89C026FB8DF5F67B81F
:10B4800044E95EB8789B55B87C734BB8AB6E40B856
:10B49000BB8A34B8C3C527B83B1E1AB8FF920BB895
:10B4A000AF46F8B7E99DD7B7E92BB5B7CEF190B75E
:10B4B00030E355B7675C06B7AE5B4DB6D38E0C363E
:10B4C0001210FA36B7485A373B6B9D370850CF37C2
:10B4D000966401380BE61B38A02637381220533803
:10B4E000A4CB6F380E918638E48D95383CD8A438BB
:10B4F000C36BB438ED43C438F15BD438CFAEE43815
:10B500004F37F53801F80239A3690B39A3ED133928
:10B51000FD801C39962025393DC92D39AC77363947
:10B5200087283F3961D84739BB83503905275939B6
:10B530009FBE6139E0466A390EBC7239681A7B39A0
:10B5400012AF8139B8C185393AC38939ACB18D3967
:10B55000208B9139A84D953958F7983944869C39F4
:10B5600085F89F39384CA3397D7FA6397C90A9395D
:10B57000637DAC396844AF39CAE3B139D359B439C2
:10B58000D6A4B63934C3B8395AB3BA39C373BC393F
:10B59000FA02BE39995FBF394C88C039CF7BC139B7
:10B5A000F438C2399EBEC239C50BC339791FC339BD
:10B5B000DDF8C2392E97C239BFF9C139FD1FC13933
:10B5C0006F09C039B4B5BE398824BD39C155BB39FE
:10B5D0005249B9394AFFB639D477B4393AB3B13997
:10B5E000E4B1AE395574AB3933FBA7394047A439C0
:10B5F0005B59A03986329C39DFD39739A43E933901
:10B6000032748E3904768939B5458439F8C97D3963
:10B6100061AB72398D336739A0665B39F5484F39B4
:10B6200023DF4239F52D36396E3A2939C4091C39E0
:10B6300062A10E39E20601391E80E638BFA5CA387C
:10B64000EE8AAE38443C92384B8D6B38846E32387B
:10B65000306EF237D3048037B989DD35FABB47B78E
:10B66000C7E5D4B7798222B894005AB8EA6788B897
:10B670005569A3B8B8F5BDB837FED7B8F673F1B8B9
:10B680000E2405B9F23511B94BE81CB9CC3328B9F1
:10B690003C1133B973793DB9656547B920CE50B9CE
:10B6A000D4AC59B9D4FA61B99BB169B9CECA70B9F1
:10B6B000424077B9FE0B7DB9201481B9BE4783B9EA
:10B6C000341E85B9FB9486B9B0A987B9105A88B9D8
:10B6D00001A488B98E8588B9E8FC87B96E0887B956
:10B6E000A6A685B944D683B9299681B9CBCA7DB9B6
:10B6F000718677B9285E70B9345168B93F5F5FB918
:10B700005E8855B90ACD4AB92A2E3FB90DAD32B976
:10B71000724B25B9810B17B9D2EF07B9D8F6EFB83C
:10B720008363CEB86B2DABB82F5D86B899F83FB860
:10B730005F54E0B7FC2BEBB6B6F56037E6A41038E3
:10B7400097B56B3849A9A438AAAED43873ED02393D
:10B750009C0E1C390BB23539A5CE4F39F25A6A39D5
:10B7600093A68239934D9039421D9E394410AC39CD
:10B770001B21BA39254AC839A485D639BACDE4394E
:10B78000701CF339DBB5003AB2DA073AA2F90E3A87
:10B79000840F163A2D191D3A6A13243A05FB2A3AEA
:10B7A000C5CC313A6E85383AC7213F3A959E453A25
:10B7B000A3F84B3ABE2C523ABA37583A73165E3A4F
:10B7C000CEC5633ABB42693A348A6E3A4399733ABA
:10B7D000006D783A95027D3A9FAB803A25B4823A63
:10B7E0008F99843A9B5A863A13F6873ACD6A893AFA
:10B7F000AFB78A3AABDB8B3AC3D58C3A07A58D3A03
:10B8000099488E3AABBF8E3A82098F3A71258F3AAA
:10B81000E2128F3A50D18E3A49608E3A6FBF8D3A1C
:10B820007AEE8C3A35ED8B3A81BB8A3A5459893A93
:10B83000BAC6873AD603863ADF10843A24EE813AB4
:10B8400017387F3A21367A3A8AD7743AA81D6F3A68
:10B85000F909693A2C9E623A1DDC5B3AD2C5543A2A
:10B86000815D4D3A8AA5453A7BA03D3A0A51353A69
:10B8700019BA2C3AB4DE233A0EC21A3A8367113A47
:10B8800096D2073ADC0DFC39B010E83986B5D339C9
:10B890008104BF390206AA39ABC29439AC867E391D
:10B8A0002A2253395C6A273959E4F638C0999E3800
:10B8B0002D380C38386713B7F3B155B871FFC2B8DB
:10B8C0009E5B0DB980EB38B98D1A64B9F26987B9FE
:10B8D0004B819CB9D848B1B922B6C5B9BDBED9B95A
:10B8E0004758EDB9393C00BA828A09BAF19112BAC7
:10B8F000884D1BBA5AB823BA94CD2BBA748833BA80
:10B9000058E43ABAB6DC41BA276D48BA61914EBAEA
:10B91000414554BAC78459BA1E4C5EBA989762BA68
:10B92000B86366BA2AAD69BACF706CBABAAB6EBAF0
:10B930002F5B70BAAE7C71BAEA0D72BAD30C72BAD0
:10B94000927771BA914C70BA748A6EBA20306CBA20
:10B95000BD3C69BAB3AF65BAAD8861BA9BC75CBA82
:10B96000B26C57BA6C7851BA89EB4ABA10C743BA6D
:10B970004F0C3CBADBBC33BA8FDA2ABA906721BAD3
:10B98000486617BA68D90CBAE8C301BA0C52ECB9C8
:10B990008718D4B9D1E2BAB9FEB8A0B9A8A385B9BD
:10B9A000D75753B9C8B619B9A7F0BCB87BC606B803
:10B9B0002C3AE437C736B838E7F21C3928F55E3937
:10B9C00059049139A609B339027DD5399D50F8390A
:10B9D0002ABB0D3ADB6F1F3A063F313A2E21433A1C
:10B9E000BA0E553AF4FF663A11ED783A1767853A80
:10B9F000AE4D8E3A4E26973AF1EC9F3A919DA83A79
:10BA00002334B13A9FACB93AFE02C23A3E33CA3A45
:10BA10006039D23A6F11DA3A81B7E13AB327E93A9D
:10BA2000335EF03A3C57F73A1D0FFE3A1941023B9C
:10BA30007A56053BF545083BDC0D0B3B8EAC0D3BC8
:10BA40007720103B1268123BEB81143B9C6C163B39
:10BA5000D226183B4BAF193BD9041B3B5F261C3B3E
:10BA6000D8121D3B51C91D3BED481E3BE5901E3BC6
:10BA70008AA01E3B42771E3B8D141E3B03781D3B64
:10BA800052A11C3B46901B3BBF441A3BBBBE183B1C
:10BA90004FFE163BAD03153B1FCF123B0C61103B15
:10BAA000F4B90D3B72DA0A3B3CC3073B2375043BF8
:10BAB00012F1003B1F70FA3A7896F23AA257EA3A2E
:10BAC00047B6E13A41B5D83A9E57CF3A9FA0C53A1A
:10BAD000B193BB3A7434B13AB586A63A6E8E9B3AAE
:10BAE000C54F903A0CCF843A7321723ADF325A3AFA
:10BAF000E8DB413A6026293A601C103A7F90ED3924
:10BB00002569BA3949D88639DAE725397393763801
:10BB1000F1AB2BB8AF9913B9B2387CB9864CB2B936
:10BB2000B245E6B905F80CBAD19926BA3DFC3FBA40
:10BB3000491359BAF4D271BAA41785BA2C0E91BA26
:10BB400027C79CBAB53CA8BA0469B3BA5546BEBA71
:10BB5000FECEC8BA68FDD2BA1BCCDCBAB735E6BA9D
:10BB6000FE34EFBAD4C4F7BA3EE0FFBA36C103BB25
:10BB70005A5307BB4EA40ABBEBB10DBB237A10BBD3
:10BB8000FFFA12BBA83215BB5D1F17BB7FBF18BBE6
:10BB900089111ABB17141BBBE4C51BBBCB251CBBEF
:10BBA000CB321CBB03EC1BBBB4501BBB47601ABBA6
:10BBB000451A19BB5E7E17BB678C15BB594413BB76
:10BBC00058A610BBA9B20DBBBB690ABB23CC06BBF0
:10BBD0009EDA02BB1D2CFDBAFEFEF3BA4430EABA6F
:10BBE0009FC2DFBA0CB9D4BAD916C9BA9BDFBCBAA6
:10BBF0003517B0BAD4C1A2BAEEE394BA408286BA7D
:10BC00009D436FBAC48F50BA0DF430BA147C10BA89
:10BC1000E267DEB973509AB9DF9729B9F754DFB7F5
:10BC20006D5EE838303E83390961CD3904310C3A14
:10BC30003011323A5341583A6BB17E3A99A8923A50
:10BC40001208A63AC56EB93A3CD4CC3AEE2FE03A87
:10BC50004079F33AC653033B0FD90C3B2248163BBD
:10BC6000A29C1F3B33D2283B7DE4313B2ECF3A3B95
:10BC7000F88D433B981C4C3BD676543B85985C3BF7
:10BC8000897D643BD4216C3B6F81733B72987A3B16
:10BC900089B1803BCBEE833B3302873BFFE9893B95
:10BCA00081A48C3B18308F3B328B913B54B4933B37
:10BCB00010AA953B0F6B973B0CF6983BD8499A3BE3
:10BCC00059659B3B8C479C3B84EF9C3B6B5C9D3B4D
:10BCD000868D9D3B2F829D3BDC399D3B1BB49C3B5D
:10BCE00095F09B3B0FEF9A3B65AF993B9131983BA9
:10BCF000AA75963BDE7B943B7C44923BEBCF8F3B1B
:10BD0000B11E8D3B6E318A3BE008873BDFA5833B4C
:10BD10006209803BF068783B9F50703B5ECC673B8C
:10BD2000F5DE5E3B5E8B553BC9D44B3B9BBE413B36
:10BD30006A4C373BFC812C3B4B63213B7EF4153B2B
:10BD4000E8390A3B1970FC3A2CE7E33AB0E2CA3A08
:10BD50009F6CB13A3A8F973A12AA7A3AB091453A23
:10BD600063EB0F3A699BB339663E0D39B4BC9BB89F
:10BD700053E094B91E8201BA2E9538BAD5906FBAA5
:10BD8000302E93BA796FAEBAC97FC9BA9D52E4BA60
:10BD90006CDBFEBAD7860CBB746E19BB531E26BB78
:10BDA000459032BB28BE3EBBE8A14ABB843556BB9A
:10BDB0000D7361BBAF546CBBAFD476BBB77680BBA1
:10BDC000B84C85BBADE989BBFA4A8EBB196E92BBF4
:10BDD000985096BB1CF099BB624A9DBB415DA0BBCD
:10BDE000A826A3BBA3A4A5BB5BD5A7BB16B7A9BBBD
:10BDF0003948ABBB4787ACBBE672ADBBDD09AEBB18
:10BE0000154BAEBB9A35AEBB9EC8ADBB7403ADBB84
:10BE100099E5ABBBAC6EAABB749EA8BBE074A6BB95
:10BE200004F2A3BB1F16A1BB95E19DBBF4549ABBC2
:10BE3000F17096BB6A3692BB66A68DBB14C288BBF6
:10BE4000CC8A83BB17047CBBF65270BBD00564BBA5
:10BE5000912057BB72A749BBF69E3BBBEB0B2DBB9A
:10BE60006AF31DBBD35A0EBB998FFCBA7F80DBBA35
:10BE7000B494B9BA11D996BAD8B566BA27501EBAD1
:10BE8000213BA9B90FB71BB817708439F31D0F3ABE
:10BE90009AD65C3AD4A0953A131FBD3A43D5E43AFA
:10BEA0002D59063B89521A3BF74D2E3BA442423B8B
:10BEB000A627563B05F4693BBE9E7D3B628F883BBF
:10BEC0008335923B3BBD9B3B0222A53B555FAE3B7E
:10BED000B970B73BB851C03BE8FDC83BE970D13BF6
:10BEE0006BA6D93B2C9AE13BFE47E93BC7ABF03B45
:10BEF00082C1F73B4385FE3B9B79023CD483053CE2
:10BF00007E5F083CDF0A0B3C4A840D3C27CA0F3C8D
:10BF1000EDDA113C29B5133C7C57153C9CC0163C0E
:10BF200054EF173C87E2183C2E99193C5B121A3CDF
:10BF30003A4D1A3C0D491A3C32051A3C2381193CF2
:10BF400071BC183CCDB6173CFF6F163CF0E7143CB3
:10BF5000A31E133C3814113CECC80E3C1B3D0C3C9A
:10BF60003C71093CE565063CCB1B033C7D27FF3B50
:10BF70005B9DF73B4B9BEF3B9E23E73BE438DE3B6F
:10BF8000E4DDD43B9F15CB3B4EE3C03B634AB63B5D
:10BF9000864EAB3B95F39F3BA33D943BF630883BED
:10BFA0000EA4773BFF4A5E3B7060443B6FEE293B3B
:10BFB00061FF0E3B003CE73AACAAAF3AECC26E3AE6
:10BFC00076DEF9398B9D20384F79D3B9C4325EBA09
:10BFD0001093A9BACD31E4BAD66D0FBB38BB2CBBD8
:10BFE000CEF349BB390A67BB83F881BB564D90BB82
:10BFF000CC7C9EBB1980ACBB6E50BABB01E7C7BB03
:10C000000D3DD5BBD54BE2BBA70CEFBBE178FBBB2D
:10C01000F9C403BCB09C09BC61400FBCE9AC14BCC2
:10C0200031DF19BC35D41EBC008923BCB2FA27BC51
:10C0300081262CBCB80930BCB9A133BC02EC36BC9B
:10C0400028E639BCDF8D3CBCF7E03EBC5EDD40BC81
:10C05000258142BC79CA43BCAEB744BC394745BC14
:10C06000B47745BCDF4745BCA0B644BC06C343BC5F
:10C07000456C42BCC0B140BCFE923EBCB50F3CBC5E
:10C08000C52739BC3ADB35BC4E2A32BC66152EBCFE
:10C09000169D29BC1FC224BC72851FBC2CE819BC8C
:10C0A00099EB13BC36910DBCABDA06BCA293FFBB77
:10C0B0005BC1F0BBE942E1BB121DD1BBF354C0BB75
:10C0C00003F0AEBB14F49CBB4D678ABB54A06EBB9F
:10C0D000FB6A47BBD53C1FBB9449ECBABF6498BA16
:10C0E000CBD605BABE082039727C583A6DA8C53A3D
:10C0F0008D0D103B57B83D3B51C16B3B640A8D3BE6
:10C10000504FA43B2BA5BB3B8601D33BCA59EA3B0E
:10C110009BD1003C73690C3CEFEE173C7F5C233CE9
:10C120008DAC2E3C76D9393C92DD443C36B34F3C45
:10C13000B3545A3C5CBC643C86E46E3C8BC7783C90
:10C14000E72F813CDCD3853CE24C8A3C3E988E3C18
:10C150003BB3923C309B963C804D9A3C9AC79D3CA9
:10C16000FA06A13C2D09A43CCFCBA63C8F4CA93CA0
:10C170002E89AB3C817FAD3C752DAF3C0A91B03C24
:10C180005CA8B13C9D71B23C1AEBB23C3E13B33C8F
:10C190008DE8B23CAB69B23C5C95B13C826AB03C84
:10C1A0001FE8AE3C5B0DAD3C7ED9AA3CF54BA83CEC
:10C1B0005264A53C4B22A23CC1859E3CB88E9A3C61
:10C1C0005F3D963C0C92913C418D8C3CA82F873C66
:10C1D000187A813C25DB763C89166A3C10A95C3CC8
:10C1E000C8954E3C19E03F3CC68B303CED9C203C52
:10C1F0000A18103CE403FE3BB1BFDA3B9C6EB63B31
:10C200007B1C913BBEAB553B2350073B8D085D3AF1
:10C210009C06D3B9D5F3DABAE3E841BB0EC68BBBB3
:10C220004820B7BBF1F0E2BB969207BCBBD41DBC63
:10C23000D23434BC74A84ABCE82461BC2A9F77BCC1
:10C24000F30587BCC12F92BC0A479DBCB945A8BC69
:10C250009625B3BC48E0BDBC556FC8BC26CCD2BC4B
:10C2600006F0DCBC24D4E6BC9671F0BC58C1F9BC25
:10C27000265E01BDA1AD05BD7ACB09BD03B40DBDE0
:10C28000886311BD4BD614BD880818BD75F61ABD5C
:10C29000419C1DBD18F61FBD230022BD87B623BDDE
:10C2A000671525BDE81826BD2ABD26BD53FE26BD4F
:10C2B00088D826BDF14726BDBB4825BD17D723BD6D
:10C2C0003CEF21BD668D1FBDDAAD1CBDE54C19BD2F
:10C2D000DE6615BD25F810BD26FD0BBD587206BDE6
:10C2E000405400BDE33EF3BC19A1E4BC84C8D4BCF7
:10C2F000A6AEC3BC254DB1BCC99D9DBC819A88BC6E
:10C30000C67A64BC590135BC8EBD02BC1D499BBBBD
:10C31000F25EADBA89DA143B6519C63BB0DF233C47
:10C3200093B8673CF64F973CF34EBC3C1DDDE23CB6
:10C330000F7F053DB15A1A3D1203303DB079463D9D
:10C34000EDBF5D3D0CD7753D1B60873D383E943D8C
:10C350005286A13DD038AF3D0756BD3D3EDECB3DB8
:10C36000ACD1DA3D7730EA3DB9FAF93D7730EA3DB4
:10C37000ACD1DA3D3EDECB3D0756BD3DD038AF3DBA
:10C380005286A13D383E943D1B60873D0CD7753DDC
:10C39000EDBF5D3DB079463D1203303DB15A1A3DC7
:10C3A0000F7F053D1DDDE23CF34EBC3CF64F973C54
:10C3B00093B8673CB0DF233C6519C63B89DA143B70
:10C3C000F25EADBA1D499BBB8EBD02BC590135BCA6
:10C3D000C67A64BC819A88BCC99D9DBC254DB1BC00
:10C3E000A6AEC3BC84C8D4BC19A1E4BCE33EF3BC74
:10C3F000405400BD587206BD26FD0BBD25F810BD8A
:10C40000DE6615BDE54C19BDDAAD1CBD668D1FBDE0
:10C410003CEF21BD17D723BDBB4825BDF14726BD45
:10C4200088D826BD53FE26BD2ABD26BDE81826BDE8
:10C43000671525BD87B623BD230022BD18F61FBD95
:10C44000419C1DBD75F61ABD880818BD4BD614BD9C
:10C45000886311BD03B40DBD7ACB09BDA1AD05BD87
:10C46000265E01BD58C1F9BC9671F0BC24D4E6BC6F
:10C4700006F0DCBC26CCD2BC556FC8BC48E0BDBCC5
:10C480009625B3BCB945A8BC0A479DBCC12F92BC38
:10C49000F30587BC2A9F77BCE82461BC74A84ABC1A
:10C4A000D23434BCBBD41DBC969207BCF1F0E2BBC5
:10C4B0004820B7BB0EC68BBBE3E841BBD5F3DABA65
:10C4C0009C06D3B98D085D3A2350073BBEAB553B64
:10C4D0007B1C913B9C6EB63BB1BFDA3BE403FE3B59
:10C4E0000A18103CED9C203CC68B303C19E03F3CC8
:10C4F000C8954E3C10A95C3C89166A3C25DB763C0D
:10C50000187A813CA82F873C418D8C3C0C92913C41
:10C510005F3D963CB88E9A3CC1859E3C4B22A23C26
:10C520005264A53CF54BA83C7ED9AA3C5B0DAD3CC2
:10C530001FE8AE3C826AB03C5C95B13CAB69B23C52
:10C540008DE8B23C3E13B33C1AEBB23C9D71B23C59
:10C550005CA8B13C0A91B03C752DAF3C817FAD3CED
:10C560002E89AB3C8F4CA93CCFCBA63C2D09A43CDB
:10C57000FA06A13C9AC79D3C804D9A3C309B963C64
:10C580003BB3923C3E988E3CE24C8A3CDCD3853CEB
:10C59000E72F813C8BC7783C86E46E3C5CBC643CF6
:10C5A000B3545A3C36B34F3C92DD443C76D9393CC7
:10C5B0008DAC2E3C7F5C233CEFEE173C73690C3C4A
:10C5C0009BD1003CCA59EA3B8601D33B2BA5BB3B20
:10C5D000504FA43B640A8D3B51C16B3B57B83D3B68
:10C5E0008D0D103B6DA8C53A727C583ABE082039B3
:10C5F000CBD605BABF6498BA9449ECBAD53C1FBBF8
:10C60000FB6A47BB54A06EBB4D678ABB14F49CBB4E
:10C6100003F0AEBBF354C0BB121DD1BBE942E1BB7A
:10C620005BC1F0BBA293FFBBABDA06BC36910DBC7D
:10C6300099EB13BC2CE819BC72851FBC1FC224BC2B
:10C64000169D29BC66152EBC4E2A32BC3ADB35BC81
:10C65000C52739BCB50F3CBCFE923EBCC0B140BC46
:10C66000456C42BC06C343BCA0B644BCDF4745BCD6
:10C67000B47745BC394745BCAEB744BC79CA43BC66
:10C68000258142BC5EDD40BCF7E03EBCDF8D3CBC9A
:10C6900028E639BC02EC36BCB9A133BCB80930BCC1
:10C6A00081262CBCB2FA27BC008923BC35D41EBC21
:10C6B00031DF19BCE9AC14BC61400FBCB09C09BCB3
:10C6C000F9C403BCE178FBBBA70CEFBBD54BE2BBC5
:10C6D0000D3DD5BB01E7C7BB6E50BABB1980ACBBE3
:10C6E000CC7C9EBB564D90BB83F881BB390A67BB9F
:10C6F000CEF349BB38BB2CBBD66D0FBBCD31E4BAF2
:10C700001093A9BAC4325EBA4F79D3B98B9D203841
:10C7100076DEF939ECC26E3AACAAAF3A003CE73AA1
:10C7200061FF0E3B6FEE293B7060443BFF4A5E3B6E
:10C730000EA4773BF630883BA33D943B95F39F3B9B
:10C74000864EAB3B634AB63B4EE3C03B9F15CB3BAB
:10C75000E4DDD43BE438DE3B9E23E73B4B9BEF3BE1
:10C760005B9DF73B7D27FF3BCB1B033CE565063C10
:10C770003C71093C1B3D0C3CECC80E3C3814113C90
:10C78000A31E133CF0E7143CFF6F163CCDB6173CDC
:10C7900071BC183C2381193C32051A3C0D491A3CE6
:10C7A0003A4D1A3C5B121A3C2E99193C87E2183C10
:10C7B00054EF173C9CC0163C7C57153C29B5133CE4
:10C7C000EDDA113C27CA0F3C4A840D3CDF0A0B3CD2
:10C7D0007E5F083CD483053C9B79023C4385FE3B4D
:10C7E00082C1F73BC7ABF03BFE47E93B2C9AE13BEC
:10C7F0006BA6D93BE970D13BE8FDC83BB851C03BC3
:10C80000B970B73B555FAE3B0222A53B3BBD9B3B9E
:10C810008335923B628F883BBE9E7D3B05F4693B2E
:10C82000A627563BA442423BF74D2E3B89521A3B6A
:10C830002D59063B43D5E43A131FBD3AD4A0953A8F
:10C840009AD65C3AF31D0F3A177084390FB71BB8AC
:10C85000213BA9B927501EBAD8B566BA11D996BAE4
:10C86000B494B9BA7F80DBBA998FFCBAD35A0EBBA5
:10C870006AF31DBBEB0B2DBBF69E3BBB72A749BBFE
:10C88000912057BBD00564BBF65270BB17047CBB2C
:10C89000CC8A83BB14C288BB66A68DBB6A3692BBAA
:10C8A000F17096BBF4549ABB95E19DBB1F16A1BBDA
:10C8B00004F2A3BBE074A6BB749EA8BBAC6EAABB7B
:10C8C00099E5ABBB7403ADBB9EC8ADBB9A35AEBB9F
:10C8D000154BAEBBDD09AEBBE672ADBB4787ACBB4B
:10C8E0003948ABBB16B7A9BB5BD5A7BBA3A4A5BBF7
:10C8F000A826A3BB415DA0BB624A9DBB1CF099BBAF
:10C90000985096BB196E92BBFA4A8EBBADE989BBB3
:10C91000B84C85BBB77680BBAFD476BBAF546CBB8D
:10C920000D7361BB843556BBE8A14ABB28BE3EBB34
:10C93000459032BB531E26BB746E19BBD7860CBB09
:10C940006CDBFEBA9D52E4BAC97FC9BA796FAEBA40
:10C95000302E93BAD5906FBA2E9538BA1E8201BA8E
:10C9600053E094B9B4BC9BB8663E0D39699BB339AA
:10C9700063EB0F3AB091453A12AA7A3A3A8F973A56
:10C980009F6CB13AB0E2CA3A2CE7E33A1970FC3A2C
:10C99000E8390A3B7EF4153B4B63213BFC812C3B81
:10C9A0006A4C373B9BBE413BC9D44B3B5E8B553BEE
:10C9B000F5DE5E3B5ECC673B9F50703BF068783B9A
:10C9C0006209803BDFA5833BE008873B6E318A3BF1
:10C9D000B11E8D3BEBCF8F3B7C44923BDE7B943B87
:10C9E000AA75963B9131983B65AF993B0FEF9A3B07
:10C9F00095F09B3B1BB49C3BDC399D3B2F829D3BC0
:10CA0000868D9D3B6B5C9D3B84EF9C3B8C479C3BA8
:10CA100059659B3BD8499A3B0CF6983B0F6B973B6B
:10CA200010AA953B54B4933B328B913B18308F3B0B
:10CA300081A48C3BFFE9893B3302873BCBEE833BF0
:10CA400089B1803B72987A3B6F81733BD4216C3BF8
:10CA5000897D643B85985C3BD676543B981C4C3B67
:10CA6000F88D433B2ECF3A3B7DE4313B33D2283B1C
:10CA7000A29C1F3B2248163B0FD90C3BC653033BDD
:10CA80004079F33AEE2FE03A3CD4CC3AC56EB93A4D
:10CA90001208A63A99A8923A6BB17E3A5341583A95
:10CAA0003011323A04310C3A0961CD39303E8339C4
:10CAB0006D5EE838F754DFB7DF9729B973509AB93C
:10CAC000E267DEB9147C10BA0DF430BAC48F50BAE4
:10CAD0009D436FBA408286BAEEE394BAD4C1A2BA3B
:10CAE0003517B0BA9BDFBCBAD916C9BA0CB9D4BADB
:10CAF0009FC2DFBA4430EABAFEFEF3BA1D2CFDBA7B
:10CB00009EDA02BB23CC06BBBB690ABBA9B20DBB34
:10CB100058A610BB594413BB678C15BB5E7E17BB70
:10CB2000451A19BB47601ABBB4501BBB03EC1BBBB7
:10CB3000CB321CBBCB251CBBE4C51BBB17141BBBDA
:10CB400089111ABB7FBF18BB5D1F17BBA83215BB6D
:10CB5000FFFA12BB237A10BBEBB10DBB4EA40ABB8C
:10CB60005A5307BB36C103BB3EE0FFBAD4C4F7BA81
:10CB7000FE34EFBAB735E6BA1BCCDCBA68FDD2BAE0
:10CB8000FECEC8BA5546BEBA0469B3BAB53CA8BA17
:10CB900027C79CBA2C0E91BAA41785BAF4D271BAE1
:10CBA000491359BA3DFC3FBAD19926BA05F80CBAD7
:10CBB000B245E6B9864CB2B9B2387CB9AF9913B96F
:10CBC000F1AB2BB873937638DAE7253949D8863933
:10CBD0002569BA397F90ED39601C103A6026293AF0
:10CBE000E8DB413ADF325A3A7321723A0CCF843A89
:10CBF000C54F903A6E8E9B3AB586A63A7434B13AD8
:10CC0000B193BB3A9FA0C53A9E57CF3A41B5D83AA7
:10CC100047B6E13AA257EA3A7896F23A1F70FA3AE2
:10CC200012F1003B2375043B3CC3073B72DA0A3B1D
:10CC3000F4B90D3B0C61103B1FCF123BAD03153B0C
:10CC40004FFE163BBBBE183BBF441A3B46901B3BF6
:10CC500052A11C3B03781D3B8D141E3B42771E3BAB
:10CC60008AA01E3BE5901E3BED481E3B51C91D3B73
:10CC7000D8121D3B5F261C3BD9041B3B4BAF193B15
:10CC8000D226183B9C6C163BEB81143B1268123B7E
:10CC90007720103B8EAC0D3BDC0D0B3BF545083B84
:10CCA0007A56053B1941023B1D0FFE3A3C57F73AB5
:10CCB000335EF03AB327E93A81B7E13A6F11DA3AD5
:10CCC0006039D23A3E33CA3AFE02C23A9FACB93A10
:10CCD0002334B13A919DA83AF1EC9F3A4E26973A07
:10CCE000AE4D8E3A1767853A11ED783AF4FF663A01
:10CCF000BA0E553A2E21433A063F313ADB6F1F3ABE
:10CD00002ABB0D3A9D50F839027DD539A609B339B1
:10CD10005904913928F55E39E7F21C39C736B8381D
:10CD20002C3AE4377BC606B8A7F0BCB8C8B619B928
:10CD3000D75753B9A8A385B9FEB8A0B9D1E2BAB9FB
:10CD40008718D4B90C52ECB9E8C301BA68D90CBA47
:10CD5000486617BA906721BA8FDA2ABADBBC33BAB1
:10CD60004F0C3CBA10C743BA89EB4ABA6C7851BA37
:10CD7000B26C57BA9BC75CBAAD8861BAB3AF65BA3B
:10CD8000BD3C69BA20306CBA748A6EBA914C70BAE4
:10CD9000927771BAD30C72BAEA0D72BAAE7C71BADC
:10CDA0002F5B70BABAAB6EBACF706CBA2AAD69BAE3
:10CDB000B86366BA989762BA1E4C5EBAC78459BA0D
:10CDC000414554BA61914EBA276D48BAB6DC41BAB2
:10CDD00058E43ABA748833BA94CD2BBA5AB823BA05
:10CDE000884D1BBAF19112BA828A09BA393C00BA4D
:10CDF0004758EDB9BDBED9B922B6C5B9D848B1B901
:10CE00004B819CB9F26987B98D1A64B980EB38B946
:10CE10009E5B0DB971FFC2B8F3B155B8386713B74F
:10CE20002D380C38C0999E3859E4F6385C6A273999
:10CE30002A225339AC867E39ABC294390206AA390C
:10CE40008104BF3986B5D339B010E839DC0DFC391F
:10CE500096D2073A8367113A0EC21A3AB4DE233AE1
:10CE600019BA2C3A0A51353A7BA03D3A8AA5453A7F
:10CE7000815D4D3AD2C5543A1DDC5B3A2C9E623A34
:10CE8000F909693AA81D6F3A8AD7743A21367A3A75
:10CE900017387F3A24EE813ADF10843AD603863A77
:10CEA000BAC6873A5459893A81BB8A3A35ED8B3AEA
:10CEB0007AEE8C3A6FBF8D3A49608E3A50D18E3AF5
:10CEC000E2128F3A71258F3A82098F3AABBF8E3AC0
:10CED00099488E3A07A58D3AC3D58C3AABDB8B3A8D
:10CEE000AFB78A3ACD6A893A13F6873A9B5A863A9F
:10CEF0008F99843A25B4823A9FAB803A95027D3A65
:10CF0000006D783A4399733A348A6E3ABB42693A73
:10CF1000CEC5633A73165E3ABA37583ABE2C523AC7
:10CF2000A3F84B3A959E453AC7213F3A6E85383A69
:10CF3000C5CC313A05FB2A3A6A13243A2D191D3A19
:10CF4000840F163AA2F90E3AB2DA073ADBB5003A84
:10CF5000701CF339BACDE439A485D639254AC839CD
:10CF60001B21BA394410AC39421D9E39934D90397A
:10CF700093A68239F25A6A39A5CE4F390BB23539A8
:10CF80009C0E1C3973ED0239AAAED43849A9A438D5
:10CF900097B56B38E6A41038B6F56037FC2BEBB6C6
:10CFA0005F54E0B799F83FB82F5D86B86B2DABB8EA
:10CFB0008363CEB8D8F6EFB8D2EF07B9810B17B9B3
:10CFC000724B25B90DAD32B92A2E3FB90ACD4AB9F7
:10CFD0005E8855B93F5F5FB9345168B9285E70B952
:10CFE000718677B9CBCA7DB9299681B944D683B900
:10CFF000A6A685B96E0887B9E8FC87B98E8588B979
:10D0000001A488B9105A88B9B0A987B9FB9486B928
:10D01000341E85B9BE4783B9201481B9FE0B7DB992
:10D02000424077B9CECA70B99BB169B9D4FA61B937
:10D03000D4AC59B920CE50B9656547B973793DB9BB
:10D040003C1133B9CC3328B94BE81CB9F23511B9CE
:10D050000E2405B9F673F1B837FED7B8B8F5BDB8E8
:10D060005569A3B8EA6788B894005AB8798222B89B
:10D07000C7E5D4B7FABB47B7B989DD35D3048037E4
:10D08000306EF237846E32384B8D6B38443C9238B8
:10D09000EE8AAE38BFA5CA381E80E638E2060139EE
:10D0A00062A10E39C4091C396E3A2939F52D363979
:10D0B00023DF4239F5484F39A0665B398D33673934
:10D0C00061AB7239F8C97D39B5458439047689393F
:10D0D00032748E39A43E9339DFD3973986329C3926
:10D0E0005B59A0394047A43933FBA7395574AB3994
:10D0F000E4B1AE393AB3B139D477B4394AFFB6396D
:10D100005249B939C155BB398824BD39B4B5BE3986
:10D110006F09C039FD1FC139BFF9C1392E97C23916
:10D12000DDF8C239791FC339C50BC3399EBEC23978
:10D13000F438C239CF7BC1394C88C039995FBF39C7
:10D14000FA02BE39C373BC395AB3BA3934C3B839D9
:10D15000D6A4B639D359B439CAE3B1396844AF3922
:10D16000637DAC397C90A9397D7FA639384CA339D1
:10D1700085F89F3944869C3958F79839A84D9539D8
:10D18000208B9139ACB18D393AC38939B8C1853911
:10D1900012AF8139681A7B390EBC7239E0466A39A0
:10D1A0009FBE613905275939BB83503961D847394A
:10D1B00087283F39AC7736393DC92D399620253936
:10D1C000FD801C39A3ED1339A3690B3901F802392D
:10D1D0004F37F538CFAEE438F15BD438ED43C4387F
:10D1E000C36BB4383CD8A438E48D95380E9186389A
:10D1F000A4CB6F3812205338A02637380BE61B38E3
:10D20000966401380850CF373B6B9D37B7485A3783
:10D210001210FA36D38E0C36AE5B4DB6675C06B78D
:10D2200030E355B7CEF190B7E92BB5B7E99DD7B745
:10D23000AF46F8B7FF920BB83B1E1AB8C3C527B864
:10D24000BB8A34B8AB6E40B87C734BB8789B55B88A
:10D2500044E95EB8DF5F67B89C026FB81FD575B848
:10D260005CDB7BB8C78C80B81CCA82B811A884B8B4
:10D27000262986B8FB4F87B84B1F88B8E89988B82D
:10D28000BEC288B8CB9C88B8242B88B8EC7087B80D
:10D29000557186B8A12F85B81AAF83B815F381B838
:10D2A000DAFD7FB806AC7BB877F776B8F8E671B8E8
:10D2B00055816CB855CD66B8B8D160B833955AB8B9
:10D2C0006D1E54B8FE734DB8669C46B8129E3FB8AA
:10D2D000537F38B85D4631B847F929B8069E22B861
:10D2E0006A3A1BB81FD413B8A8700CB85F1505B8FC
:10D2F000E18EFBB7BE17EDB7F8CEDEB7D5BDD0B720
:10D3000036EDC2B79B65B5B71A2FA8B763519BB767
:10D31000BED38EB707BD82B75D276EB776BB57B752
:10D320008D4142B7FEC32DB74D4C1AB729E307B75D
:10D33000D420EDB62CB6CCB6C492AEB667C192B6C8
:10D34000949672B6257044B6B91B1BB61245EDB55E
:10D35000C215AEB5BF6071B57A2C1AB52D0DADB43E
:10D360002D7219B4321C19B3009E0529000000006B
:10D370003A1C99B625C819B7378867B772D39AB7D8
:10D38000A0FDC1B7752DE9B7882608B8F4A21BB86F
:10D390006C002FB8103342B8BE2E55B813E767B8EB
:10D3A000704F7AB8832D86B86AFE8EB8DC9397B832
:10D3B00033E79FB8C2F1A7B8CFACAFB89D11B7B8EB
:10D3C0006D19BEB881BDC4B823F7CAB8A9BFD0B81B
:10D3D0007510D6B8FEE2DAB8D130DFB898F3E2B80B
:10D3E0001C25E6B84BBFE8B83ABCEAB82D16ECB835
:10D3F0009AC7ECB82BCBECB8C41BECB88BB4EAB82A
:10D40000E690E8B882ACE5B85803E2B8B291DDB86E
:10D410002B54D8B8B647D2B8A169CBB89AB7C3B81D
:10D42000AF2FBBB857D0B1B86F98A7B841879CB899
:10D43000879C90B86DD883B823776CB8168E4FB898
:10D44000D3F830B86DBB10B8E7B5DDB7E0BA96B722
:10D45000AD2719B74721AF33DEF72137743EA43724
:10D460008A60FA3701A52938557057381242833837
:10D47000A9689B38E323B438366BCD389C35E73840
:10D48000CABC003995160E39F9A21B39875C2939B7
:10D49000993D373956404539AE5E5339629261390C
:10D4A00003D56F39F41F7E3938368639C5598D3921
:10D4B00017779439948A9B399390A2395A85A93960
:10D4C0002765B0392A2CB7398DD6BD397160C4397A
:10D4D000F2C5CA392A03D1392F14D7391BF5DC39E3
:10D4E00009A2E2391817E8396F50ED393E4AF2398E
:10D4F000BE00F7393770FB390295FF39C2B5013AE2
:10D500001F78033ADE0F053A577B063AEAB8073A26
:10D5100008C7083A31A4093AF54E0A3AF4C50A3A5E
:10D52000E3070B3A88130B3ABEE70A3A77830A3AC5
:10D53000B9E5093AA20D093A6AFA073A5EAB063A2A
:10D54000E81F053A8C57033AE851013A701DFE393D
:10D55000A41BF939569EF339ADA5ED390A32E739E6
:10D560000C44E03991DCD839B8FCD039DDA5C83994
:10D570009DD9BF39D699B639A8E8AC3973C8A23954
:10D58000D93B9839BB458D393CE9813981536C3998
:10D59000D61554393C213B39F67D2139BF34073942
:10D5A0009A9DD8389AABA1387A4F5338919CC2379C
:10D5B000210394B6E9EE07B807CE7EB87B76BBB8F8
:10D5C000BA0CF8B8F6871AB9C93239B946F957B959
:10D5D00094CD76B9C9D08AB970339AB97387A9B98D
:10D5E0006CC5B8B9DCE5C7B934E1D6B9D2AFE5B995
:10D5F0000A4AF4B9125401BA336108BA88480FBA1A
:10D60000340616BA5A961CBA25F522BAC41E29BA8F
:10D61000700F2FBA6CC334BA09373ABAA4663FBA4E
:10D62000AC4E44BAA2EB48BA1C3A4DBAC73651BA0E
:10D6300067DE54BADC2D58BA20225BBA4DB85DBA09
:10D640009DED5FBA6DBF61BA3B2B63BAAC2E64BA75
:10D650008DC764BAD4F364BAA0B164BA3DFF63BAAB
:10D6600025DB62BA024461BAAC385FBA2FB85CBA43
:10D67000C9C159BAEE5456BA457152BAAC164EBA2F
:10D68000394549BA39FD43BA343F3EBAE80B38BA96
:10D69000506431BAA0492ABA46BD22BAECC01ABABF
:10D6A000785612BA088009BAF83F00BABB31EDB912
:10D6B0000E1BD9B9FF41C4B914ADAEB9436398B9D3
:10D6C000F56B81B9FC9D53B9402923B91716E3B80E
:10D6D00003567BB8D1B831B7843C26383C2CBE38D1
:10D6E00049641539D4634C3925FF81394B0E9E3975
:10D6F0008853BA39C2C2D6399B4FF339BDF6073ABF
:10D70000C747163A6994243A0CD6323A0206413A8F
:10D710008F1D4F3AE8155D3A35E86A3A9A8D783AA6
:10D7200099FF823A0D9B893AB615903A266C963A43
:10D73000F29A9C3AB39EA23A0C74A83AA817AE3A51
:10D740003B86B33A89BCB83A61B7BD3AA473C23AD2
:10D7500043EEC63A4224CB3ABB12CF3ADEB6D23AB7
:10D76000F30DD63A5D15D93A98CADB3A3E2BDE3A2C
:10D770000735E03ACDE5E13A883BE33A5534E43AFF
:10D7800074CEE43A4B08E53A66E0E43A7A55E43A76
:10D790006366E33A2912E23AFF57E03A4237DE3A4B
:10D7A0007FAFDB3A6EC0D83AF769D53A31ACD13A9F
:10D7B0006287CD3A02FCC83AB90AC43A5EB4BE3AAE
:10D7C000FCF9B83ACFDCB23A445EAC3AFA7FA53AFB
:10D7D000C0439E3A99AB963AB7B98E3A7E70863A74
:10D7E00000A57B3A03C5693AE846573AF030443A17
:10D7F000B789303A2F581C3AA5A3073A72E7E439A3
:10D80000B7A0B9399E838D3982424139462DCC3833
:10D810008B811A372CC7A7B8E26532B9A9DB88B962
:10D82000C7D7B8B9B512E9B9BDBB0CBA66F824BA06
:10D8300083343DBA236555BA347F6DBAC5BB82BA0D
:10D8400073A18EBAFA6A9ABAAD12A6BAD992B1BACF
:10D85000CFE5BCBADC05C8BA58EDD2BA9E96DDBA9F
:10D8600014FCE7BA2F18F2BA71E5FBBA37AF02BB66
:10D87000EA3E07BB309F0BBB79CD0FBB41C713BB43
:10D88000148A17BB91131BBB67611EBB5B7121BB65
:10D89000454124BB16CF26BBD41829BB9F1C2BBBEC
:10D8A000B0D82CBB5C4B2EBB15732FBB674E30BB67
:10D8B000FFDB30BBA81A31BB4D0931BBFCA630BB26
:10D8C000E2F22FBB4FEC2EBBB9922DBBB7E52BBBC1
:10D8D00005E529BB869027BB42E824BB65EC21BB4C
:10D8E000459D1EBB5CFB1ABB4B0717BBDEC112BBC1
:10D8F000032C0EBBD24609BB8C1304BB2C27FDBAEC
:10D90000FB90F1BAEE67E5BABAAFD8BA606CCBBAA1
:10D910002DA2BDBAB755AFBADF8BA0BACA4991BA2A
:10D92000E79481BACBE562BA75D341BA33FF1FBA27
:10D93000D4EBFAB9F389B4B9CBE859B9AF1E91B8B1
:10D94000947B953862C25F395E20BB39727E033AA0
:10D9500048AB293A5006503AE07E763A09828E3A30
:10D9600064C2A13AD8F7B43AAB19C83A0F1FDB3AF0
:10D970002BFFED3A8F58003BFE95093B70B3123BED
:10D9800071AC1B3B937C243B6A1F2D3B9590353B30
:10D99000BBCB3D3B90CC453BD48E4D3B590E553BCC
:10D9A00002475C3BC634633BB3D3693BEE1F703B1D
:10D9B000B815763B6BB17B3BC277803B4EE6823B32
:10D9C000B722853B6F2B873BF8FE883BE99B8A3B60
:10D9D000ED008C3BC62C8D3B4A1E8E3B67D48E3BA4
:10D9E000224E8F3B9C8A8F3B09898F3BBD488F3BE2
:10D9F00021C98E3BBC098E3B310A8D3B3BCA8B3B18
:10DA0000B5498A3B9688883BF186863BF544843B42
:10DA1000F2C2813BA7027E3B4401783B0B83713B02
:10DA200086896A3B7B16633BED2B5B3B18CC523BF4
:10DA300074F9493BB4B6403BC406373BC9EC2C3BB8
:10DA4000216C223B6188173B54450C3BFBA6003BF5
:10DA50001663E93AD6D2D03A65A6B73A56E79D3A68
:10DA6000929F833AC0B2513AAE3E1B3A8AF1C7390F
:10DA7000C0DD2F3922E54AB8F6C18BB90B11FFB9C9
:10DA8000778C39BAEAD373BACB2297BAEF63B4BAB8
:10DA90006AA0D1BA27CBEEBA7AEB05BB455B14BBC3
:10DAA0004AAE22BBD7DD30BB3BE33EBBC4B74CBB69
:10DAB000C4545ABB97B367BB9FCD74BB27CE80BB02
:10DAC000920C87BBDC1E8DBBDB0193BB70B298BB95
:10DAD0008C2D9EBB3270A3BB7177A8BB7040ADBBD1
:10DAE00068C8B1BBA70CB6BB940ABABBAEBFBDBB7E
:10DAF0008F29C1BBE945C4BB9012C7BB708DC9BBA0
:10DB000099B4CBBB3986CDBBA100CFBB4222D0BBE1
:10DB1000B3E9D0BBB055D1BB1965D1BBF516D1BBAC
:10DB2000736AD0BBE95ECFBBD6F3CDBBE428CCBBD8
:10DB3000E5FDC9BBD672C7BBDF87C4BB543DC1BBC3
:10DB4000B593BDBBAB8BB9BB0D26B5BBDF63B0BB1B
:10DB50004E46ABBBB6CEA5BB9DFE9FBBB4D799BB13
:10DB6000D95B93BB138D8CBB946D85BB6DFF7BBB69
:10DB7000028C6CBB3E865CBBCCF34BBBA0DA3ABBE1
:10DB8000FC4029BB6C2D17BBC1A604BB2568E3BABA
:10DB900070B9BCBA965095BA837A5ABA231F09BA9B
:10DBA0008CC05AB99D84E538B0C0E139CCBB453A48
:10DBB000768F8D3A8F72B83A9D74E33A6A41073B8B
:10DBC00017C51C3BBE3B323BB49B473B41DB5C3B38
:10DBD000A1F0713B0669833BDCBA8D3BEEE8973BD5
:10DBE0005EEEA13B50C6AB3BF46BB53B81DABE3B6E
:10DBF0003D0DC83B7BFFD03BA1ACD93B2610E23B9F
:10DC00009825EA3B9DE8F13BF354F93B3B33003C5C
:10DC1000908C033C85B4063C37A9093CD7680C3C82
:10DC2000A9F10E3C0242113C5058133C1433153CF0
:10DC3000E8D0163C7C30183C9A50193C23301A3CF2
:10DC400015CE1A3C85291B3CA6411B3CC7151B3C25
:10DC500052A51A3CD0EF193CE5F4183C55B4173CDA
:10DC6000032E163CED61143C3550123C19F90F3C63
:10DC7000F85C0D3C4F7C0A3CBB57073CFBEF033C78
:10DC8000EB45003C11B5F83BDD5DF03BB288E73B6E
:10DC90004438DE3B856FD43BA531CA3B0E82BF3B87
:10DCA0006664B43B8CDCA83B98EE9C3BDA9E903BD0
:10DCB000D7F1833B93D86D3B3D26533BE7D6373BAB
:10DCC0002EF51B3B0D18FF3A7B4DC53AE7A18A3A6A
:10DCD000585A1E3ACE3D1839D6D5A6B9CFE14DBA1D
:10DCE000AC90A4BA657AE2BAAC4910BB37602FBBDE
:10DCF00024734EBBA5746DBB682B86BBD48595BBC6
:10DD000090C2A4BB94DAB3BBD4C6C2BB4880D1BB1B
:10DD1000EEFFDFBBCB3EEEBBF135FCBB40EF04BCFE
:10DD2000D4980BBC5A1412BC825E18BC09741EBC79
:10DD3000BC5124BC7AF429BC34592FBCED7C34BCD2
:10DD4000C25C39BCE2F53DBC974542BC464946BC85
:10DD50006DFE49BCA7624DBCB07350BC5F2F53BC75
:10DD6000AE9355BCB99E57BCBD4E59BC1EA25ABC01
:10DD700061975BBC362D5CBC70625CBC0C365CBCD5
:10DD80002EA75BBC25B55ABC6B5F59BCA2A557BC7E
:10DD90009A8755BC4D0553BCE31E50BCAFD44CBC58
:10DDA000332749BC1C1745BC46A540BCB9D23BBC77
:10DDB000AAA036BC7E1031BCC3232BBC37DC24BCEC
:10DDC000C33B1EBC7C4417BCA3F80FBCA35A08BCC1
:10DDD000116D00BC5C65F0BBC15CDFBB72C6CDBB26
:10DDE000DBA8BBBBB50AA9BB01F395BB0A6982BB23
:10DDF000B4E85CBB843934BB9ED40ABB2895C1BA55
:10DE0000B0B158BA57B930B96C18023AE6EC983A42
:10DE1000D265F13AA628253B88C4513B31737E3B3D
:10DE20008490953B22DDAB3B7B15C23B872FD83BD3
:10DE30003221EE3B32F0013C7FB10C3C724F173C7B
:10DE400001C5213C270D2C3CE522363C4801403CD5
:10DE500067A3493C6A04533C871F5C3C08F0643C60
:10DE60004C716D3CCA9E753C11747D3C6776823C5A
:10DE70006502863CF75B893C24818C3C03708F3CB7
:10DE8000C026923C9AA3943CE5E4963C0CE9983C6D
:10DE900091AE9A3C0C349C3C2F789D3CC6799E3CBC
:10DEA000B6379F3C00B19F3CBFE49F3C2CD29F3CC7
:10DEB0009D789F3C84D79E3C73EE9D3C1ABD9C3C54
:10DEC00046439B3CE580993C0676973CD622953CA0
:10DED000A287923CDAA48F3C0B7B8C3CE60A893CFF
:10DEE0003A55853CF95A813C673A7A3C363A713C5E
:10DEF00004B8673CB5B65D3C6B39533C8843483C3D
:10DF0000ABD83C3CB1FC303CB1B3243CFE01183CE6
:10DF100022EC0A3CC4EDFA3B6D4EDF3B9C04C33B54
:10DF2000141BA63BF99C883B9E2B553BE622183BD5
:10DF30006370B43A6824DC398A790FBACEACC7BAB8
:10DF4000C24824BB3B1A65BB931793BBB6B5B3BBA2
:10DF50005159D4BB01F4F4BBA3BB0ABC3EEA1ABCC2
:10DF600078FE2ABCEDF03ABC35BA4ABCE3525ABC42
:10DF700090B369BCD4D478BCAAD783BCDE1D8BBC5B
:10DF8000633992BCA12699BC07E29FBC1368A6BC6A
:10DF90004FB5ACBC54C6B2BCCD97B8BC7826BEBC9D
:10DFA000246FC3BCBA6EC8BC3722CDBCB286D1BC0C
:10DFB0005C99D5BC8357D9BC91BEDCBC0FCCDFBC0F
:10DFC000A57DE2BC1FD1E4BC6AC4E6BC9755E8BCA1
:10DFD000DC82E9BC974AEABC4CABEABCA8A3EABC29
:10DFE0008232EABCDA56E9BCDF0FE8BCE85CE6BC8A
:10DFF0007C3DE4BC4EB1E1BC42B8DEBC6752DBBC48
:10E00000FF7FD7BC7B41D3BC7A97CEBCCF82C9BC43
:10E010007C04C4BCB31DBEBCD9CFB7BC821CB1BC90
:10E020007405AABCA48CA2BC3AB49ABC8B7E92BCE8
:10E030001DEE89BCA50581BC0C906FBCA2705CBCB8
:10E0400088B348BC915F34BCE87B1FBC0B100ABC92
:10E050009747E8BB937EBBBBE7D58DBB06BE3EBBF7
:10E06000A8AFC0BA2C4F1EB7D190C03A3835423B4A
:10E070000B80923B0C40C43BC345F63BF83D143C3F
:10E080007D662D3C7C91463CDBB35F3C5EC2783CB8
:10E09000D8D8883C303B953C7682A13CE1A8AD3C89
:10E0A000A4A8B93CEC7BC53CEA1CD13CCD85DC3C4A
:10E0B000CAB0E73C1D98F23C0B36FD3C72C2033DF2
:10E0C00084BF083D738F0D3D802F123DF89C163D97
:10E0D00033D51A3D97D51E3D999B223DBC24263D44
:10E0E000976E293DD1762C3D243B2F3D61B9313DC2
:10E0F0006FEF333D48DB353D037B373DCCCC383DBE
:10E10000EECE393DCC7F3A3DE5DD3A3DD7E73A3DAD
:10E11000609C3A3D59FA393DBF00393DAEAE373DBE
:10E120006503363D46FE333DD49E313DBAE42E3D77
:10E13000C5CF2B3DE75F283D3B95243D0070203D3A
:10E140009DF01B3DA117173DC0E5113DDA5B0C3D6D
:10E15000F57A063D4044003D2672F33CDFB5E53CD0
:10E16000FD56D73C2659C83C51C0B83CC790A83C86
:10E1700022CF973C4C80863C0153693C92A0443CA2
:10E18000FDF41E3C1EB9F03B5AC8A13B5465223B2E
:10E19000D6CFEBB79AEB28BBE94CA9BBA951FFBB83
:10E1A000C2312BBC713057BCCCC981BCB92498BCDE
:10E1B000DD9FAEBCE131C5BC33D1DBBC0C74F2BC1D
:10E1C000398804BD1FCE0FBD8C061BBD402C26BD5B
:10E1D000E53931BD162A3CBD5AF746BD2A9C51BDD2
:10E1E000F1125CBD0D5666BDD45F70BD8F2A7ABD3D
:10E1F00042D881BDF87586BD87EB8ABD0C368FBDD0
:10E20000A25293BD663E97BD77F69ABDF6779EBD46
:10E2100007C0A1BDD3CBA4BD8998A7BD5B23AABD70
:10E220008669ACBD4C68AEBDFA1CB0BDE584B1BD1D
:10E230006E9DB2BD0164B3BD16D6B3BD32F1B3BDA0
:10E24000EBB2B3BDE118B3BDC820B2BD64C8B0BD68
:10E25000870DAFBD1AEEACBD1668AABD8979A7BD02
:10E260009420A4BD6E5BA0BD64289CBDDB8597BDDA
:10E270004B7292BD48EC8CBD7CF286BDAB8380BDF9
:10E28000653D73BD118564BD7DDC54BD034244BD55
:10E2900033B432BDD13120BDDFB90CBD2697F0BCFF
:10E2A000BDCCC5BCDA1399BC8FD854BC1659E7BB9A
:10E2B00056516ABAEE76B43BD2F1463CE3BC9B3C85
:10E2C00015E7D53C3BFA083DC3F0273D26D5473D31
:10E2D0002DA5683D332F853D137F963DC340A83D56
:10E2E000B372BA3D3713CD3D8620E03DBE98F33D75
:10E2F000EFBC033EE6E00D3E2A37183E93BE223EB9
:10E30000EF752D3EFB5B383E6C6F433EEAAE4E3EF2
:10E3100011195A3E71AC653E9267713EEF487D3EE1
:10E320007DA7843E0EBC8A3E5AE1903E8B16973EF6
:10E33000C95A9D3E37ADA33EF30CAA3E1A79B03EB2
:10E34000C4F0B63E0673BD3EF3FEC33E9A93CA3E8A
:10E350000A30D13E4DD3D73E6E7CDE3E742AE53E78
:10E3600067DCEB3E4C91F23E2848F93E0000003F4E
:10E37000EC5B033F5AB7063FCD110A3FC66A0D3F1B
:10E38000C9C1103F5916143FFB67173F33B61A3FF8
:10E3900086001E3F7D46213F9E87243F73C3273F53
:10E3A00086F92A3F65292E3F9B52313FBA74343F8C
:10E3B000538F373FF9A13A3F41AC3D3FC4AD403F99
:10E3C0001BA6433FE494463FBC79493F45544C3F2C
:10E3D00025244F3F01E9513F84A2543F5B50573FF2
:10E3E00036F2593FC6875C3FC4105F3FE88C613FFF
:10E3F000EFFB633F995D663FAAB1683FE8F76A3F6C
:10E400001E306D3F1A5A6F3FAD75713FAE82733F3C
:10E41000F480753F5C70773FC750793F19227B3F8E
:10E4200039E47C3F12977E3F4A1D803F59E7803F89
:10E43000B1A9813F4F64823F3317833F5DC2833F61
:10E44000CF65843F8F01853FA295853F1022863F8F
:10E45000E4A6863F2824873FEB99873F3B08883F07
:10E46000286F883FC5CE883F2527893F5E78893F42
:10E4700086C2893FB7058A3F09428A3F99778A3F1A
:10E4800081A68A3FE2CE8A3FD8F08A3F860C8B3F36
:10E490000D228B3F8E318B3F2F3B8B3F133F8B3FAA
:10E4A000613D8B3F40368B3FD7298B3F4E188B3FCA
:10E4B000D0018B3F85E68A3F98C68A3F36A28A3FC5
:10E4C00089798A3FBD4C8A3F001C8A3F7FE7893F9C
:10E4D00067AF893FE673893F2A35893F61F3883FFB
:10E4E000B8AE883F6067883F841D883F54D1873F1E
:10E4F000FF82873FB032873F98E0863FE18C863FBE
:10E50000BB37863F51E1853FCF89853F6231853FEB
:10E5100034D8843F717E843F4224843FD0C9833FF6
:10E52000456F833FC814833F7FBA823F9360823F29
:10E530002707823F61AE813F6356813F52FF803F94
:10E540004DA9803F7654803FEC00803F9B5D7F3F2C
:10E550006FBC7E3F8E1E7E3F2C847D3F7EED7C3FD8
:10E56000B45A7C3FFECB7B3F87417B3F7ABB7A3FEF
:10E57000FD397A3F37BD793F4845793F51D2783FE1
:10E580006F64783FBCFB773F5198773F423A773FC3
:10E59000A4E1763F868E763FF640763F00F9753FE0
:10E5A000ACB6753F027A753F0443753FB411753FB1
:10E5B00013E6743F1CC0743FCA9F743F1585743FB7
:10E5C000F46F743F5A60743F3A56743F8351743FFE
:10E5D0002252743F0358743F1163743F3373743F86
:10E5E0005088743F4CA2743F09C1743F6AE4743F81
:10E5F0004E0C753F9338753F1769753FB49D753F55
:10E6000046D6753FA712763FAD52763F3196763F9C
:10E6100008DD763F0927773F0874773FD9C3773FF6
:10E620005016783F3F6B783F7AC2783FD21B793FD4
:10E630001977793F21D4793FBB327A3FB9927A3F3B
:10E64000ECF37A3F27567B3F39B97B3FF71C7C3F81
:10E6500031817C3FBAE57C3F664A7D3F08AF7D3F14
:10E6600074137E3F80777E3F00DB7E3FCB3D7F3F54
:10E67000B89F7F3F4F00803F2C30803F5F5F803FDF
:10E68000D68D803F7FBB803F48E8803F2014813F8C
:10E69000F83E813FBF68813F6791813FE1B8813F8C
:10E6A00020DF813F1704823FB827823FFA49823F2B
:10E6B000D16A823F338A823F16A8823F72C4823F6A
:10E6C0003FDF823F77F8823F1210833F0B26833F64
:10E6D0005E3A833F064D833F005E833F4A6D833F32
:10E6E000E17A833FC586833FF690833F7499833FE9
:10E6F0003FA0833F5BA5833FCAA8833F8FAA833F88
:10E70000ADAA833F2AA9833F0BA6833F56A1833F2F
:10E71000129B833F4593833FF789833F307F833F3D
:10E72000FA72833F5E65833F6556833F1B46833F96
:10E730008934833FBB21833FBD0D833F9AF8823FDD
:10E740005FE2823F19CB823FD5B2823FA099823FE0
:10E75000887F823F9B64823FE648823F772C823FDE
:10E760005F0F823FAAF1813F67D3813FA6B4813F0B
:10E770007495813FE275813FFD55813FD435813FDE
:10E780007715813FF4F4803F59D4803FB6B3803F82
:10E790001893803F8D72803F2452803FEB31803F41
:10E7A000EF11803F7BE47F3FC8A57F3FDD677F3F60
:10E7B000D42A7F3FC6EE7E3FCAB37E3FF7797E3FC5
:10E7C00063417E3F240A7E3F4FD47D3FF89F7D3FCB
:10E7D000316D7D3F0D3C7D3F9D0C7D3FF2DE7C3FEA
:10E7E0001AB37C3F25897C3F20617C3F173B7C3FEF
:10E7F00016177C3F28F57B3F56D57B3FA9B77B3F5B
:10E80000289C7B3FD9827B3FC36B7B3FE9567B3F94
:10E8100050447B3FF9337B3FE6257B3F171A7B3F14
:10E820008C107B3F44097B3F3B047B3F6F017B3F68
:10E83000DA007B3F78027B3F42067B3F320C7B3F16
:10E840003F147B3F601E7B3F8B2A7B3FB8387B3F6A
:10E85000D9487B3FE35A7B3FCA6E7B3F80847B3F36
:10E86000F79B7B3F20B57B3FEDCF7B3F4DEC7B3F64
:10E87000300A7C3F85297C3F3B4A7C3F406C7C3F93
:10E88000828F7C3FEEB37C3F72D97C3FFBFF7C3FA5
:10E8900074277D3FCB4F7D3FEC787D3FC2A27D3F0B
:10E8A0003ACD7D3F3FF87D3FBE237E3FA14F7E3F67
:10E8B000D57B7E3F46A87E3FDFD47E3F8D017F3FE4
:10E8C0003B2E7F3FD75A7F3F4D877F3F8AB37F3FA5
:10E8D0007ADF7F3F8605803F161B803F6530803F93
:10E8E0006A45803F1D5A803F746E803F6982803F39
:10E8F000F395803F0BA9803FA9BB803FC6CD803FE9
:10E900005DDF803F65F0803FDA00813FB510813FD9
:10E91000F11F813F892E813F773C813FB849813F7C
:10E920004856813F2162813F416D813FA577813FFC
:10E930004B81813F2E8A813F4E92813FA999813F31
:10E940003EA0813F0BA6813F0FAB813F4BAF813F84
:10E95000BFB2813F6AB5813F4EB7813F6CB8813FFE
:10E96000C5B8813F5AB8813F2FB7813F44B5813F39
:10E970009DB2813F3DAF813F27AB813F5FA6813F85
:10E98000E7A0813FC59A813FFD93813F938C813FF2
:10E990008B84813FEC7B813FBA72813FFA68813F73
:10E9A000B25E813FE953813FA348813FE83C813F0C
:10E9B000BD30813F2924813F3217813FDE09813FED
:10E9C00036FC803F3FEE803F00E0803F80D1803FBB
:10E9D000C7C2803FDBB3803FC3A4803F8695803FA2
:10E9E0002B86803FBA76803F3A67803FB057803FA2
:10E9F0002548803F9F38803F2429803FBC19803FB5
:10EA00006D0A803F7CF67F3F69D87F3FAFBA7F3F7A
:10EA1000599D7F3F74807F3F0B647F3F29487F3F34
:10EA2000DA2C7F3F27127F3F1CF87E3FC2DE7E3FFD
:10EA300023C67E3F47AE7E3F37977E3FFC807E3FBA
:10EA40009D6B7E3F21577E3F8F437E3FEF307E3F61
:10EA5000441F7E3F960E7E3FE8FE7D3F40F07D3FA7
:10EA6000A1E27D3F0FD67D3F8CCA7D3F1CC07D3F1C
:10EA7000BFB67D3F78AE7D3F48A77D3F2FA17D3F4C
:10EA80002C9C7D3F41987D3F6B957D3FA9937D3FB9
:10EA9000F9927D3F5A937D3FC8947D3F3F977D3FDC
:10EAA000BE9A7D3F3E9F7D3FBCA47D3F34AB7D3F02
:10EAB0009FB27D3FF8BA7D3F39C47D3F5DCE7D3F3B
:10EAC0005BD97D3F2EE57D3FCEF17D3F33FF7D3F1E
:10EAD000560D7E3F2F1C7E3FB52B7E3FE03B7E3F99
:10EAE000A74C7E3F015E7E3FE66F7E3F4B827E3FBE
:10EAF00028957E3F73A87E3F23BC7E3F2ED07E3F6D
:10EB00008AE47E3F2EF97E3F0F0E7F3F25237F3F15
:10EB100064387F3FC44D7F3F3B637F3FBF787F3F7B
:10EB2000468E7F3FC7A37F3F38B97F3F91CE7F3F5F
:10EB3000C8E37F3FD4F87F3FD606803F2411803F53
:10EB40004F1B803F5425803F2E2F803FDA38803F77
:10EB50005342803F974B803FA154803F6D5D803F83
:10EB6000FA65803F436E803F4676803F007E803F5F
:10EB70006E85803F8D8C803F5C93803FD899803F2D
:10EB8000FF9F803FCFA5803F46AB803F64B0803F72
:10EB900026B5803F8CB9803F94BD803F3DC1803F0A
:10EBA00088C4803F73C7803FFEC9803F29CC803F27
:10EBB000F4CD803F5FCF803F6AD0803F17D1803F48
:10EBC00065D1803F56D1803FEAD0803F22D0803F40
:10EBD00001CF803F86CD803FB5CB803F8DC9803F40
:10EBE00013C7803F46C4803F2AC1803FC0BD803FDD
:10EBF0000BBA803F0DB6803FC8B1803F40AD803F2B
:10EC000077A8803F70A3803F2E9E803FB298803FC0
:10EC10000293803F1F8D803F0D87803FCE80803FD5
:10EC2000677A803FDA73803F2A6D803F5C66803F61
:10EC3000725F803F6F58803F5751803F2E4A803F20
:10EC4000F642803FB33B803F6834803F192D803FC0
:10EC5000C925803F7A1E803F3217803FF10F803FE9
:10EC6000BC08803F9601803F02F57F3F02E77F3F6F
:10EC700030D97F3F93CB7F3F30BE7F3F0CB17F3F8A
:10EC80002DA47F3F97977F3F4E8B7F3F597F7F3FDC
:10EC9000BB737F3F78687F3F945D7F3F13537F3F17
:10ECA000F9487F3F493F7F3F07367F3F342D7F3F05
:10ECB000D4247F3FEA1C7F3F76157F3F7D0E7F3F48
:10ECC000FF077F3FFD017F3F7AFC7E3F76F77E3F67
:10ECD000F2F27E3FEFEE7E3F6DEB7E3F6CE87E3FD3
:10ECE000ECE57E3FEDE37E3F6EE27E3F6FE17E3FEF
:10ECF000EEE07E3FEBE07E3F64E17E3F57E27E3F09
:10ED0000C3E37E3FA6E57E3FFEE77E3FC8EA7E3F47
:10ED100002EE7E3FA9F17E3FBBF57E3F33FA7E3F98
:10ED200010FF7E3F4F047F3FEA097F3FE00F7F3FA8
:10ED30002C167F3FCB1C7F3FB9237F3FF22A7F3FBA
:10ED400071327F3F333A7F3F34427F3F6F4A7F3F8C
:10ED5000E1527F3F835B7F3F54647F3F4D6D7F3F38
:10ED60006A767F3FA77F7F3F00897F3F70927F3F1A
:10ED7000F39B7F3F84A57F3F1FAF7F3FBFB87F3F9F
:10ED800060C27F3FFECB7F3F95D57F3F20DF7F3F37
:10ED90009CE87F3F04F27F3F54FB7F3F4402803F6B
:10EDA000CF06803F490B803FAF0F803F0014803F6C
:10EDB0003A18803F5D1C803F6520803F5224803F91
:10EDC0002328803FD52B803F692F803FDB32803F57
:10EDD0002C36803F5A39803F643C803F4A3F803F19
:10EDE0000A42803FA344803F1647803F6149803FED
:10EDF000844B803F7E4D803F4F4F803FF650803F99
:10EE00007452803FC853803FF354803FF355803F96
:10EE1000C956803F7657803FF957803F5358803F0F
:10EE20008558803F8D58803F6E58803F2758803FDF
:10EE3000BA57803F2657803F6C56803F8E55803FA3
:10EE40008C54803F6853803F2152803FB950803FAF
:10EE5000314F803F8A4D803FC54B803FE449803F22
:10EE6000E747803FD045803F9F43803F5841803FE8
:10EE7000F93E803F863C803FFF39803F6637803FC8
:10EE8000BB34803F0132803F392F803F652C803F6B
:10EE90008529803F9B26803FA823803FAF20803F6D
:10EEA000B01D803FAD1A803FA717803F9F14803F61
:10EEB0009811803F910E803F8D0B803F8E08803FE0
:10EEC0009305803F9F02803F65FF7F3F9FF97F3F13
:10EED000ECF37F3F50EE7F3FCCE87F3F63E37F3F23
:10EEE00017DE7F3FEAD87F3FDED37F3FF4CE7F3F00
:10EEF0002ECA7F3F8FC57F3F17C17F3FC8BC7F3F72
:10EF0000A3B87F3FAAB47F3FDEB07F3F40AD7F3FD5
:10EF1000D1A97F3F92A67F3F83A37F3FA6A07F3FDB
:10EF2000FB9D7F3F829B7F3F3C997F3F2A977F3F9E
:10EF30004B957F3FA0937F3F28927F3FE4907F3F98
:10EF4000D48F7F3FF78E7F3F4D8E7F3FD58D7F3FA4
:10EF5000908D7F3F7C8D7F3F998D7F3FE68D7F3FFA
:10EF6000628E7F3F0D8F7F3FE58F7F3FEA907F3F2F
:10EF70001B927F3F75937F3FF9947F3FA5967F3F1C
:10EF800077987F3F6E9A7F3F899C7F3FC69E7F3FE9
:10EF900024A17F3FA2A37F3F3DA67F3FF4A87F3FF0
:10EFA000C6AB7F3FB1AE7F3FB3B17F3FCAB47F3FB7
:10EFB000F5B77F3F32BB7F3F80BE7F3FDDC17F3FE4
:10EFC00046C57F3FBBC87F3F39CC7F3FBECF7F3F29
:10EFD0004AD37F3FDBD67F3F6EDA7F3F02DE7F3F43
:10EFE00096E17F3F28E57F3FB6E87F3F3EEC7F3FDD
:10EFF000C0EF7F3F3AF37F3FAAF67F3F0FFA7F3F94
:10F0000067FD7F3F5900803FF701803F8C03803FC1
:10F010001905803F9D06803F1708803F8609803F85
:10F02000EB0A803F440C803F920D803FD30E803F1F
:10F030000810803F3011803F4B12803F5813803FB3
:10F040005814803F4915803F2D16803F0117803F9F
:10F05000C817803F8018803F2919803FC319803F1F
:10F060004E1A803FCB1A803F381B803F971B803F52
:10F07000E71B803F281C803F5B1C803F801C803F3B
:10F08000961C803F9E1C803F991C803F861C803FC1
:10F09000651C803F381C803FFE1B803FB71B803FB4
:10F0A000641B803F061B803F9C1A803F271A803FCD
:10F0B000A719803F1D19803F8A18803FED17803FB8
:10F0C0004717803F9816803FE215803F2415803F08
:10F0D0005F14803F9313803FC112803FE911803F4E
:10F0E0000C11803F2B10803F450F803F5B0E803F0F
:10F0F0006E0D803F7E0C803F8C0B803F980A803FD6
:10F10000A309803FAD08803FB607803FC006803F1F
:10F11000CA05803FD404803FE003803FEE02803F79
:10F12000FE01803F1001803F2500803F7BFE7F3F36
:10F13000B3FC7F3FF3FA7F3F3BF97F3F8DF77F3F83
:10F14000E8F57F3F4EF47F3FBFF27F3F3BF17F3FCB
:10F15000C3EF7F3F57EE7F3FF9EC7F3FA7EB7F3F49
:10F1600063EA7F3F2DE97F3F05E87F3FEBE67F3F86
:10F17000E0E57F3FE4E47F3FF7E37F3F1AE37F3F33
:10F180004BE27F3F8CE17F3FDDE07F3F3CE07F3F14
:10F19000ACDF7F3F2ADF7F3FB8DE7F3F55DE7F3F1A
:10F1A00001DE7F3FBDDD7F3F87DD7F3F5FDD7F3F4E
:10F1B00046DD7F3F3BDD7F3F3EDD7F3F4FDD7F3FD5
:10F1C0006CDD7F3F97DD7F3FCEDD7F3F12DE7F3FEF
:10F1D00061DE7F3FBCDE7F3F22DF7F3F93DF7F3FEB
:10F1E0000DE07F3F92E07F3F20E17F3FB7E17F3F2F
:10F1F00056E27F3FFDE27F3FACE37F3F61E47F3F2C
:10F200001DE57F3FE0E57F3FA7E67F3F74E77F3F57
:10F2100045E87F3F1AE97F3FF3E97F3FCFEA7F3F31
:10F22000AEEB7F3F8FEC7F3F71ED7F3F55EE7F3F31
:10F2300039EF7F3F1EF07F3F03F17F3FE7F17F3FD4
:10F24000CAF27F3FACF37F3F8CF47F3F6AF57F3F8C
:10F2500046F67F3F1FF77F3FF4F77F3FC6F87F3FBB
:10F2600095F97F3F5FFA7F3F25FB7F3FE6FB7F3FBE
:10F27000A2FC7F3F59FD7F3F0BFE7F3FB8FE7F3FE3
:10F280005EFF7F3FFFFF7F3F4D00803F9700803F45
:10F29000DE00803F2101803F6201803F9F01803F6F
:10F2A000D901803F0F02803F4202803F7202803FBF
:10F2B0009E02803FC702803FED02803F0F03803FE8
:10F2C0002E03803F4903803F6103803F7603803FE8
:10F2D0008803803F9703803FA203803FAB03803FBA
:10F2E000B003803FB303803FB303803FB003803F50
:10F2F000AB03803FA303803F9903803F8C03803F93
:10F300007D03803F6C03803F5803803F4303803F71
:10F310002C03803F1303803FF802803FDC02803FD4
:10F32000BF02803FA002803F8002803F5E02803F9C
:10F330003C02803F1902803FF501803FD001803FB1
:10F34000AA01803F8401803F5E01803F3701803FFA
:10F350001001803FE900803FC200803F9B00803F5A
:10F360007400803F4D00803F2600803F0000803FBA
:10F370000200000000000101010000000000000385
:10F380000201000002040800000001010306000859
:10F390000000000101030A04000000000101030055
:10F3A0000408000000030203020008000000050238
:10F3B000030808080000000703030000080000001D
:10F3C0000703030000000000000F04030200081000
:10F3D00020000502050200080020001503051600A4
:10F3E000080020000101050000000000003F0605A4
:10F3F0007072657365747300707265736574733AC7
:10F400003A6E6F7465000000000000009DFFFFFF72
:10F41000040000009DFFFFFF020000009DFFFFFFB2
:10F42000070000009DFFFFFF040000009DFFFFFF9D
:10F43000020000009DFFFFFF000000009DFFFFFF96
:10F440009DFFFFFF9DFFFFFF000000000200000086
:10F450000400000000000000000000002124010062
:10F460000000000000000000B110010000000000DA
:10F4700000000000F91A0100B92D0100B52D0100AE
:10F48000B12D0100AD2D0100A92D0100A52D010018
:10F49000A12D01000000000000000000ED0D0100A2
:10F4A000810B0100E50E0100850B01001D0E01001E
:10F4B0000000000000000000693A0100953A0100D8
:10F4C000F51A0100653A0100213A01002D3A0100C8
:10F4D0004D3A010000000000000000006109010039
:10F4E0008D1401009114010099140100A114010070
:10F4F000A2000000F9A2000083F9A2006E83F9A225
:10F500004E6E83F9444E6E8315444E6E2915444E5B
:10F51000FC29154427FC29155727FC29D15727FC1E
:10F52000F5D1572734F5D157DD34F5D1C0DD34F5A9
:10F53000DBC0DD3462DBC0DD9562DBC0999562DB48
:10F540003C999562433C999590433C994190433C4A
:10F550003863ED3EDA0F493F5E987B3FDA0FC93FD3
:10F560006937AC3168212233B40F14336821A233D8
:10F5700000000042C8801F40B8821F400800000001
:10F5800000000042C4801F40B4821F4004000000FD
:10F5900000C0004224801F4014821F401000000061
:10F5A00000C0004228801F4018821F402000000039
:10F5B00000C000422C801F401C821F404000000001
:10F5C00000C0004234801F4024821F400001000020
:10F5D0000040004264811F4054831F40000400002B
:10F5E0000040004280811F4070831F4000000200E5
:10F5F000004000427C811F406C831F4000000100DE
:10F600000040004268811F4058831F4000080000EE
:10F61000004000423C811F402C831F40010000003D
:10F620000040004244811F4034831F40040000001A
:10F630000040004240811F4030831F400200000014
:10F640000040004248811F4038831F4008000000EE
:10F650000000004204811F40F4821F4000000400AB
:10F660000000004208811F40F8821F40000008008F
:10F670000000004218811F4008831F4000008000E6
:10F680000000004214811F4004831F40000040001E
:10F690000000004200811F40F0821F400000020075
:10F6A00000000042FC801F40EC821F40000001006F
:10F6B0000000004224811F4014831F40000000040A
:10F6C0000000004228811F4018831F4000000008EE
:10F6D000000000421C811F400C831F4000000001FD
:10F6E0000000004220811F4010831F4000000002E4
:10F6F00000000042EC801F40DC821F400010000030
:10F7000000000042F0801F40E0821F400020000007
:10F710000000004234811F4024831F40000000404D
:10F720000000004238811F4028831F4000000080F5
:10F730000080004294801F4084821F40000004002B
:10F7400000C0004290801F4080821F400000008067
:10F7500000800042A8801F4098821F400000800067
:10F7600000800042A4801F4094821F40000040009F
:10F77000004000426C811F405C831F40001000006D
:10F7800000C0004230801F4020821F4080000000E7
:10F7900000800042C8811F40B8831F4000800000E5
:10F7A00000800042C4811F40B4831F40004000001D
:10F7B00000800042C0811F40B0831F400020000035
:10F7C00000800042BC811F40AC831F40001000003D
:10F7D00000800042D0811F40C0831F400000020013
:10F7E00000800042CC811F40BC831F40000001000C
:10F7F0000400000007000000090000003F000000B6
:10F800002F0000002020000020205B005D202067EA
:10F8100061696E200000000020206F6374200000EA
:10F82000202028746170652064656C6179206E6F9A
:10F830007420706F727465642C20647279290000E2
:10F8400020204E4F54204C4F414445442C206261AF
:10F850006E6B206F7264657220646F6573206E6FCB
:10F8600074206D6174636820507265736574456EB1
:10F8700067696E650000000020202063707520001D
:10F8800025000000000FC93F000F494000CB964003
:10F89000000FC9400053FB4000CB164100ED2F4143
:10F8A000000F49410031624100537B41003A8A41D7
:10F8B00000CB9641005CA34100EDAF41007EBC410E
:10F8C000000FC94100A0D5410031E24100C2EE4124
:10F8D0000053FB4100F20342003A0A420083104207
:10F8E00000CB164200141D42005C234200A52942B1
:10F8F00000ED2F4200363642007E3C4200C74242B5
:10F90000000F4942706C61746520646964206E6FF9
:10F910007420696E69743A20746865207374726922
:10F920006E6720707265736574732077696C6C20E4
:10F93000706C61792064727900000000706C7563EE
:10F940006B0000006D6F64616C0000007661000068
:10F95000666D00007475626500000000666F726D70
:10F96000616E740077657374636F61737400000077
:10F97000737472696E6700006861726D6F6E69639F
:10F98000000000006164646974697665000000002D
:10F99000776176657461626C6500000067756974F3
:10F9A00061727300737472696E67730077696E6455
:10F9B0007300000062726173730000006B657973FD
:10F9C000000000006D616C6C65747300766F696394
:10F9D0006573000073796E74680000006E796C6F57
:10F9E0006E2D677569746172000000004E594C4FAE
:10F9F0004E2047554954415200000000737465651C
:10FA00006C2D6775697461720000000053544545A0
:10FA10004C20475549544152000000007477656CF2
:10FA200076652D737472696E670000005457454CFB
:10FA3000564520535452494E470000006D75746579
:10FA4000642D656C65637472696300004D5554459F
:10FA50004420454C4543545249430000636C656162
:10FA60006E2D656C6563747269630000434C45419B
:10FA70004E20454C45435452494300006261737324
:10FA80002D6775697461720042415353204755498F
:10FA90005441520062616E6A6F00000042414E4A5A
:10FAA0004F00000073697461722D64726F6E65009F
:10FAB00053495441522044524F4E45006B6F746F6E
:10FAC000000000004B4F544F00000000686172704E
:10FAD000000000004841525000000000636C617655
:10FAE000696E657400000000434C4156494E455410
:10FAF0000000000076696F6C696E000056494F4C3B
:10FB0000494E000076696F6C6100000056494F4C09
:10FB10004100000063656C6C6F00000043454C4C75
:10FB20004F000000646F75626C652D626173730035
:10FB3000444F55424C4520424153530070697A7AF4
:10FB4000696361746F2D737472696E67730000006E
:10FB500050495A5A494341544F20535452494E47F1
:10FB600053000000636F6E636572742D666C75746C
:10FB700065000000434F4E4345525420464C5554B7
:10FB80004500000070616E2D666C757465000000A4
:10FB900050414E20464C555445000000636C617244
:10FBA000696E657400000000434C4152494E455453
:10FBB000000000007265636F7264657200000000EF
:10FBC0005245434F52444552000000006F6361723A
:10FBD000696E61004F434152494E41007368616B49
:10FBE00075686163686900005348414B554841435B
:10FBF000484900007472756D706574005452554D1B
:10FC00005045540074726F6D626F6E6500000000A5
:10FC100054524F4D424F4E450000000062726173D6
:10FC2000732D73656374696F6E0000004252415317
:10FC3000532053454354494F4E000000666D2D68D4
:10FC40006F726E00464D20484F524E0064782D650D
:10FC50007069616E6F000000445820452D50494185
:10FC60004E4F0000647261776261722D6F7267613E
:10FC70006E00000044524157424152204F524741CA
:10FC80004E0000006368757263682D6F7267616E65
:10FC900000000000434855524348204F5247414E10
:10FCA0000000000068617270736963686F726400BD
:10FCB00048415250534943484F52440063656C6574
:10FCC0007374610043454C45535441006D7573692D
:10FCD000632D626F780000004D5553494320424F19
:10FCE000580000006D6172696D6261004D415249BA
:10FCF0004D424100766962726170686F6E65000006
:10FD0000564942524150484F4E450000676C6F6360
:10FD10006B656E737069656C00000000474C4F4363
:10FD20004B454E535049454C0000000074756275B8
:10FD30006C61722D62656C6C730000005455425505
:10FD40004C41522042454C4C530000006B616C69A1
:10FD50006D6261004B414C494D42410073746565D1
:10FD60006C2D6472756D0000535445454C2044520F
:10FD7000554D0000776F6F64626C6F636B0000001D
:10FD8000574F4F44424C4F434B00000074696D7015
:10FD9000616E690054494D50414E490063686F6976
:10FDA000722D61616800000043484F495220414173
:10FDB00048000000766F6963652D6F6F6800000072
:10FDC000564F494345204F4F4800000077686973FC
:10FDD000746C650057484953544C4500616E616C22
:10FDE0006F672D6C65616400414E414C4F47204C5C
:10FDF000454144006661742D7361772D7061640024
:10FE00004641542053415720504144006163696486
:10FE10002D62617373000000414349442042415305
:10FE2000530000007375622D62617373000000005F
:10FE300053554220424153530000000077657374CC
:10FE40002D636F6173742D706C75636B000000001F
:10FE50005745535420434F41535420504C55434B26
:10FE6000000000006D6F74696F6E2D70616400009A
:10FE70004D4F54494F4E205041440000666D2D6255
:10FE8000656C6C2D6C65616400000000464D20427D
:10FE9000454C4C204C45414400000000A2000000AD
:10FEA000F9000000830000006E0000004E0000001A
:10FEB000440000001500000029000000FC000000C4
:10FEC0002700000057000000D1000000F5000000EE
:10FED00034000000DD000000C0000000DB00000076
:10FEE0006200000095000000990000003C00000046
:10FEF000430000009000000041000000FE000000F0
:10FF00005100000063000000AB000000DE000000B4
:10FF1000BB000000C500000061000000B700000049
:10FF2000240000006E0000003A00000042000000C3
:10FF30004D000000D2000000E000000006000000BC
:10FF4000490000002E000000EA0000000900000047
:10FF5000D1000000920000001C000000FE00000024
:10FF60001D000000EB0000001C000000B1000000BC
:10FF700029000000A70000003E000000E80000008B
:10FF80008200000035000000F50000002E00000097
:10FF9000BB0000004400000084000000E9000000F5
:10FFA0009C0000007000000026000000B40000006B
:10FFB0005F0000007E0000004100000039000000EA
:10FFC00091000000D600000039000000830000000E
:10FFD0005300000039000000F40000009C00000005
:10FFE000840000005F0000008B000000BD000000E6
:10FFF000F9000000280000003B0000001F00000086
:02000004600397
:10000000F800000097000000FF000000DE00000084
:1000100005000000980000000F000000EF00000045
:100020002F000000110000008B0000005A000000AB
:100030000A0000006D0000001F0000006D000000BD
:10004000360000007E000000CF0000002700000006
:10005000CB00000009000000B70000004F000000C6
:10006000460000003F000000660000009E00000007
:100070005F000000EA0000002D0000007500000095
:1000800027000000BA000000C7000000EB000000DD
:10009000E5000000F10000007B0000003D000000D2
:1000A0000700000039000000F70000008A0000008F
:1000B0005200000092000000EA0000006B00000007
:1000C000FB0000005F000000B10000001F00000006
:1000D0008D0000005D0000000800000056000000D8
:1000E000030000003000000046000000FC0000009B
:1000F0007B0000006B000000AB000000F00000007F
:10010000CF000000BC000000200000009A000000AA
:10011000F4000000360000001D000000A9000000EF
:10012000E300000091000000610000005E0000009C
:10013000E60000001B000000080000006500000051
:1001400099000000850000005F000000140000001E
:10015000A000000068000000400000008D000000CA
:10016000FF000000D8000000800000004D000000EB
:1001700073000000270000003100000006000000AE
:10018000060000001500000056000000CA00000034
:1001900073000000A8000000C9000000600000001B
:1001A000E20000007B000000C00000008C000000A6
:1001B0006B000000000100008C8001201200000094
:1001C00000060000EC1E00600A00000000020000B3
:1001D000541E00609500000000070000BC1D006078
:1001E0009500000000030000B81D00600000000042
:1001F00001030904A01D00600000000002030904BF
:10020000881D00600000000003030904AC80012089
:1002100000000000000000000000000000000000DE
:1002200000000000000000001C79052084790520F2
:10023000EC79052000000000000000000000000034
:1002400000000000000000000000000000000000AE
:10025000000000000000000000000000000000009E
:10026000000000000000000000000000000000008E
:10027000000000000000000000000000000000007E
:10028000000000000000000000000000000000006E
:10029000000000000000000000000000000000005E
:1002A000000000000000000000000000000000004E
:1002B000000000000000000000000000010000003D
:1002C000000000000E33CDAB34126DE6ECDE05000D
:1002D0000B00000000000000000000000000000013
:1002E000000000000000000000000000000000000E
:1002F00000000000000000000000000000000000FE
:1003000000000000000000000000000000000000ED
:1003100000000000000000000000000000000000DD
:1003200000000000000000000000000000000000CD
:1003300000000000000000000000000000000000BD
:10034000000000000029DE07007B9A17C069012029
:1003500000000000E803000000000000046A012023
:1003600000000000E80300000000000000003F4023
:10037000981F006000000000000000000000000066
:10038000000000000000000000000000000000006D
:10039000000000000000000000000000000000005D
:1003A000000000000000000000000000000000004D
:1003B000000000000000000000000000000000003D
:1003C000000000000000000000000000000000002D
:1003D000000000000000000000000000000000001D
:1003E000000000000000000000000000000000000D
:1003F00000000000000000000000000000000000FD
:1004000000000000000000000000000000000000EC
:1004100000000000000000000000000000000000DC
:1004200000000000000000000000000000000000CC
:1004300000000000000000000000000000000000BC
:1004400000000000000000000000000000000000AC
:10045000000000000000000000000000000000009C
:10046000000000000000000000000000000000008C
:10047000000000000000000000000000000000007C
:10048000000000000000000000000000000000006C
:10049000000000000000000000000000046A0120CD
:1004A00000000000E80300000000000000803F4062
:1004B000481F006000000000000000000000000075
:1004C000000000000000000000000000000000002C
:1004D000000000000000000000000000000000001C
:1004E000000000000000000000000000000000000C
:1004F00000000000000000000000000000000000FC
:1005000000000000000000000000000000000000EB
:1005100000000000000000000000000000000000DB
:1005200000000000000000000000000000000000CB
:1005300000000000000000000000000000000000BB
:1005400000000000000000000000000000000000AB
:10055000000000000000000000000000000000009B
:10056000000000000000000000000000000000008B
:10057000000000000000000000000000000000007B
:10058000000000000000000000000000000000006B
:10059000000000000000000000000000000000005B
:1005A000000000000000000000000000000000004B
:1005B000000000000000000000000000000000003B
:1005C000000000000000000000000000000000002B
:1005D000000000000000000000000000046A01208C
:1005E00000000000E80300000000000000C03F40E1
:1005F000F81E006000000000000000000000000085
:1006000000000000000000000000000000000000EA
:1006100000000000000000000000000000000000DA
:1006200000000000000000000000000000000000CA
:1006300000000000000000000000000000000000BA
:1006400000000000000000000000000000000000AA
:10065000000000000000000000000000000000009A
:10066000000000000000000000000000000000008A
:10067000000000000000000000000000000000007A
:10068000000000000000000000000000000000006A
:10069000000000000000000000000000000000005A
:1006A000000000000000000000000000000000004A
:1006B000000000000000000000000000000000003A
:1006C000000000000000000000000000000000002A
:1006D000000000000000000000000000000000001A
:1006E000000000000000000000000000000000000A
:1006F00000000000000000000000000000000000FA
:1007000000000000000000000000000000000000E9
:10071000000000000000000000000000FFFFFFFFDD
:10072000E0780520005B20200000000000000000B1
:1007300000000000787C0120787C0120807C012072
:10074000807C0120887C0120887C0120907C012015
:10075000907C0120987C0120987C0120A07C0120C5
:10076000A07C0120A87C0120A87C0120B07C012075
:10077000B07C0120B87C0120B87C0120C07C012025
:10078000C07C0120C87C0120C87C0120D07C0120D5
:10079000D07C0120D87C0120D87C0120E07C012085
:1007A000E07C0120E87C0120E87C0120F07C012035
:1007B000F07C0120F87C0120F87C0120007D0120E4
:1007C000007D0120087D0120087D0120107D012091
:1007D000107D0120187D0120187D0120207D012041
:1007E000207D0120287D0120287D0120307D0120F1
:1007F000307D0120387D0120387D0120407D0120A1
:10080000407D0120487D0120487D0120507D012050
:10081000507D0120587D0120587D0120607D012000
:10082000607D0120687D0120687D0120707D0120B0
:10083000707D0120787D0120787D0120807D012060
:10084000807D0120887D0120887D0120907D012010
:10085000907D0120987D0120987D0120A07D0120C0
:10086000A07D0120A87D0120A87D0120B07D012070
:10087000B07D0120B87D0120B87D0120C07D012020
:10088000C07D0120C87D0120C87D0120D07D0120D0
:10089000D07D0120D87D0120D87D0120E07D012080
:1008A000E07D0120E87D0120E87D0120F07D012030
:1008B000F07D0120F87D0120F87D0120007E0120DF
:1008C000007E0120087E0120087E0120107E01208C
:1008D000107E0120187E0120187E0120207E01203C
:1008E000207E0120287E0120287E0120307E0120EC
:1008F000307E0120387E0120387E0120407E01209C
:10090000407E0120487E0120487E0120507E01204B
:10091000507E0120587E0120587E0120607E0120FB
:10092000607E0120687E0120687E0120707E0120AB
:10093000707E0120787E0120787E0120807E01205B
:10094000807E0120887E0120887E0120907E01200B
:10095000907E0120987E0120987E0120A07E0120BB
:10096000A07E0120A87E0120A87E0120B07E01206B
:10097000B07E0120B87E0120B87E0120C07E01201B
:10098000C07E0120C87E0120C87E0120D07E0120CB
:10099000D07E0120D87E0120D87E0120E07E01207B
:1009A000E07E0120E87E0120E87E0120F07E01202B
:1009B000F07E0120F87E0120F87E0120007F0120DA
:1009C000007F0120087F0120087F0120107F012087
:1009D000107F0120187F0120187F0120207F012037
:1009E000207F0120287F0120287F0120307F0120E7
:1009F000307F0120387F0120387F0120407F012097
:100A0000407F0120487F0120487F0120507F012046
:100A1000507F0120587F0120587F0120607F0120F6
:100A2000607F0120687F0120687F0120707F0120A6
:100A3000707F0120787F0120787F0120807F012056
:100A4000807F0120887F0120887F0120907F012006
:100A5000907F0120987F0120987F0120A07F0120B6
:100A6000A07F0120A87F0120A87F0120B07F012066
:100A7000B07F0120B87F0120B87F0120C07F012016
:100A8000C07F0120C87F0120C87F0120D07F0120C6
:100A9000D07F0120D87F0120D87F0120E07F012076
:100AA000E07F0120E87F0120E87F0120F07F012026
:100AB000F07F0120F87F0120F87F012000800120D5
:100AC0000080012008800120088001201080012082
:100AD0001080012018800120188001202080012032
:100AE00020800120288001202880012030800120E2
:100AF0003080012038800120388001204080012092
:100B00004080012048800120488001205080012041
:100B100050800120588001205880012060800120F1
:100B200060800120688001206880012070800120A1
:100B300070800120FFFFFFFF00000200707701209E
:100B400012010002EF020140C0168904790201027D
:100B5000030100000000803F6042A20D0000004041
:100B60000C03000000000000000000000000000076
:100B70000000000000000000000000000000000075
:100B80000000000000000000000000000000000065
:100B90000000000000000000000000000000000055
:100BA0000000000000000000000000000000000045
:100BB0000000000000000000000000000000000035
:100BC0000000000000000000000000000000000025
:100BD0000000000000000000000000000000000015
:100BE0000000000000000000000000000000000005
:100BF00000000000000000000000000000000000F5
:100C000000000000000000000000000000000000E4
:100C100000000000000000000000000000000000D4
:100C200000000000000000000000000000000000C4
:100C300000000000000000000000000000000000B4
:100C400000000000000000000000000000000000A4
:100C50000000000000000000000000000000000094
:100C60000000000000000000000000000000000084
:100C70000000000000000000000000000000000074
:100C80000000000000000000000000000000000064
:100C90000000000000000000000000000000000054
:100CA0000000000000000000000000000000000044
:100CB0000000000000000000000000000000000034
:100CC0000000000000000000000000000000000024
:100CD0000000000000000000000000000000000014
:100CE0000000000000000000000000000000000004
:100CF00000000000000000000000000000000000F4
:100D000000000000000000000000000000000000E3
:100D100000000000000000000000000000000000D3
:100D200000000000000000000000000000000000C3
:100D300000000000000000000000000000000000B3
:100D400000000000000000000000000000000000A3
:100D50000000000000000000000000000000000093
:100D60000000000000000000000000000000000083
:100D70000000000000000000000000000000000073
:100D80000000000000000000000000000000000063
:100D90000000000000000000000000000000000053
:100DA0000000000000000000000000000000000043
:100DB0000000000000000000000000000000000033
:100DC0000000000000000000000000000000000023
:100DD0000000000000000000000000000000000013
:100DE0000000000000000000000000000000000003
:100DF00000000000000000000000000000000000F3
:100E000000000000000000000000000000000000E2
:100E100000000000000000000000000000000000D2
:100E200000000000000000000000000000000000C2
:100E300000000000000000000000000000000000B2
:100E400000000000000000000000000000000000A2
:100E50000000000000000000000000000000000092
:100E60000000000000000000000000000000000082
:100E70000000000000000000000000000000000072
:100E80000000000000000000000000000000000062
:100E90000000000000000000000000000000000052
:100EA0000000000000000000000000000000000042
:100EB0000000000000000000000000000000000032
:100EC0000000000000000000000000000000000022
:100ED0000000000000000000000000000000000012
:100EE0000000000000000000000000000000000002
:100EF00000000000000000000000000000000000F2
:100F000000000000000000000000000000000000E1
:100F100000000000000000000000000000000000D1
:100F200000000000000000000000000000000000C1
:100F300000000000000000000000000000000000B1
:100F400000000000000000000000000000000000A1
:100F50000000000000000000000000000000000091
:100F60000000000000000000000000000000000081
:100F70000000000000000000000000000000000071
:100F80000000000000000000000000000000000061
:100F90000000000000000000000000000000000051
:100FA0000000000000000000000000000000000041
:100FB0000000000000000000000000000000000031
:100FC0000000000000000000000000000000000021
:100FD0000000000000000000000000000000000011
:100FE0000000000000000000000000000000000001
:100FF00000000000000000000000000000000000F1
:1010000000000000000000000000000000000000E0
:1010100000000000000000000000000000000000D0
:1010200000000000000000000000000000000000C0
:1010300000000000000000000000000000000000B0
:1010400000000000000000000000000000000000A0
:101050000000000000000000000000000000000090
:101060000000000000000000000000000000000080
:101070000000000000000000000000000000000070
:101080000000000000000000000000000000000060
:101090000000000000000000000000000000000050
:1010A0000000000000000000000000000000000040
:1010B0000000000000000000000000000000000030
:1010C0000000000000000000000000000000000020
:1010D0000000000000000000000000000000000010
:1010E0000000000000000000000000000000000000
:1010F00000000000000000000000000000000000F0
:1011000000000000000000000000000000000000DF
:1011100000000000000000000000000000000000CF
:1011200000000000000000000000000000000000BF
:1011300000000000000000000000000000000000AF
:10114000000000000000000000000000000000009F
:10115000000000000000000000000000000000008F
:10116000000000000000000000000000000000007F
:04117000000000007B
:10117400FFFFFFFFFFFFFFFFFFFFFFFFFFFFFFFF7B
:10118400FFFFFFFFFFFFFFFFFFFFFFFFFFFFFFFF6B
:10119400FFFFFFFFFFFFFFFFFFFFFFFFFFFFFFFF5B
:1011A400FFFFFFFFFFFFFFFFFFFFFFFFFFFFFFFF4B
:1011B400FFFFFFFFFFFFFFFFFFFFFFFFFFFFFFFF3B
:1011C400FFFFFFFFFFFFFFFFFFFFFFFFFFFFFFFF2B
:1011D400FFFFFFFFFFFFFFFFFFFFFFFFFFFFFFFF1B
:1011E400FFFFFFFFFFFFFFFFFFFFFFFFFFFFFFFF0B
:1011F400FFFFFFFFFFFFFFFFFFFFFFFFFFFFFFFFFB
:10120400FFFFFFFFFFFFFFFFFFFFFFFFFFFFFFFFEA
:10121400FFFFFFFFFFFFFFFFFFFFFFFFFFFFFFFFDA
:10122400FFFFFFFFFFFFFFFFFFFFFFFFFFFFFFFFCA
:10123400FFFFFFFFFFFFFFFFFFFFFFFFFFFFFFFFBA
:10124400FFFFFFFFFFFFFFFFFFFFFFFFFFFFFFFFAA
:10125400FFFFFFFFFFFFFFFFFFFFFFFFFFFFFFFF9A
:10126400FFFFFFFFFFFFFFFFFFFFFFFFFFFFFFFF8A
:10127400FFFFFFFFFFFFFFFFFFFFFFFFFFFFFFFF7A
:10128400FFFFFFFFFFFFFFFFFFFFFFFFFFFFFFFF6A
:10129400FFFFFFFFFFFFFFFFFFFFFFFFFFFFFFFF5A
:1012A400FFFFFFFFFFFFFFFFFFFFFFFFFFFFFFFF4A
:1012B400FFFFFFFFFFFFFFFFFFFFFFFFFFFFFFFF3A
:1012C400FFFFFFFFFFFFFFFFFFFFFFFFFFFFFFFF2A
:1012D400FFFFFFFFFFFFFFFFFFFFFFFFFFFFFFFF1A
:1012E400FFFFFFFFFFFFFFFFFFFFFFFFFFFFFFFF0A
:1012F400FFFFFFFFFFFFFFFFFFFFFFFFFFFFFFFFFA
:10130400FFFFFFFFFFFFFFFFFFFFFFFFFFFFFFFFE9
:10131400FFFFFFFFFFFFFFFFFFFFFFFFFFFFFFFFD9
:10132400FFFFFFFFFFFFFFFFFFFFFFFFFFFFFFFFC9
:10133400FFFFFFFFFFFFFFFFFFFFFFFFFFFFFFFFB9
:10134400FFFFFFFFFFFFFFFFFFFFFFFFFFFFFFFFA9
:10135400FFFFFFFFFFFFFFFFFFFFFFFFFFFFFFFF99
:10136400FFFFFFFFFFFFFFFFFFFFFFFFFFFFFFFF89
:10137400FFFFFFFFFFFFFFFFFFFFFFFFFFFFFFFF79
:10138400FFFFFFFFFFFFFFFFFFFFFFFFFFFFFFFF69
:10139400FFFFFFFFFFFFFFFFFFFFFFFFFFFFFFFF59
:1013A400FFFFFFFFFFFFFFFFFFFFFFFFFFFFFFFF49
:1013B400FFFFFFFFFFFFFFFFFFFFFFFFFFFFFFFF39
:1013C400FFFFFFFFFFFFFFFFFFFFFFFFFFFFFFFF29
:1013D400FFFFFFFFFFFFFFFFFFFFFFFFFFFFFFFF19
:1013E400FFFFFFFFFFFFFFFFFFFFFFFFFFFFFFFF09
:1013F400FFFFFFFFFFFFFFFFFFFFFFFF00000000F5
:1014040000000000000000000000000000000000D8
:1014140000000000000000000000000000000000C8
:1014240000000000000000000000000000000000B8
:1014340000000000000000000000000000000000A8
:101444000000000000000000000000000000000098
:101454000000000000000000000000000000000088
:101464000000000000000000000000000000000078
:101474000000000000000000000000000000000068
:101484000000000000000000000000000000000058
:101494000000000000000000000000000000000048
:1014A4000000000000000000000000000000000038
:1014B4000000000000000000000000000000000028
:1014C4000000000000000000000000000000000018
:1014D4000000000000000000000000000000000008
:1014E40000000000000000000000000000000000F8
:1014F40000000000000000000000000000000000E8
:1015040000000000000000000000000000000000D7
:1015140000000000000000000000000000000000C7
:1015240000000000000000000000000000000000B7
:1015340000000000000000000000000000000000A7
:101544000000000000000000000000000000000097
:101554000000000000000000000000000000000087
:101564000000000000000000000000000000000077
:101574000000000000000000000000000000000067
:101584000000000000000000000000000000000057
:101594000000000000000000000000000000000047
:1015A4000000000000000000000000000000000037
:1015B4000000000000000000000000000000000027
:1015C4000000000000000000000000000000000017
:1015D4000000000000000000000000000000000007
:1015E40000000000000000000000000000000000F7
:1015F40000000000000000000000000000000000E7
:1016040000000000000000000000000000000000D6
:1016140000000000000000000000000000000000C6
:1016240000000000000000000000000000000000B6
:1016340000000000000000000000000000000000A6
:101644000000000000000000000000000000000096
:101654000000000000000000000000000000000086
:101664000000000000000000000000000000000076
:101674000000000000000000000000000000000066
:101684000000000000000000000000000000000056
:101694000000000000000000000000000000000046
:1016A4000000000000000000000000000000000036
:1016B4000000000000000000000000000000000026
:1016C4000000000000000000000000000000000016
:1016D4000000000000000000000000000000000006
:1016E40000000000000000000000000000000000F6
:1016F40000000000000000000000000000000000E6
:1017040000000000000000000000000000000000D5
:1017140000000000000000000000000000000000C5
:1017240000000000000000000000000000000000B5
:1017340000000000000000000000000000000000A5
:101744000000000000000000000000000000000095
:101754000000000000000000000000000000000085
:101764000000000000000000000000000000000075
:101774000000000000000000000000000000000065
:101784000000000000000000000000000000000055
:101794000000000000000000000000000000000045
:1017A4000000000000000000000000000000000035
:1017B4000000000000000000000000000000000025
:1017C4000000000000000000000000000000000015
:1017D4000000000000000000000000000000000005
:1017E40000000000000000000000000000000000F5
:1017F40000000000000000000000000000000000E5
:1018040000000000000000000000000000000000D4
:1018140000000000000000000000000000000000C4
:1018240000000000000000000000000000000000B4
:1018340000000000000000000000000000000000A4
:101844000000000000000000000000000000000094
:101854000000000000000000000000000000000084
:101864000000000000000000000000000000000074
:101874000000000000000000000000000000000064
:101884000000000000000000000000000000000054
:101894000000000000000000000000000000000044
:1018A4000000000000000000000000000000000034
:1018B4000000000000000000000000000000000024
:1018C4000000000000000000000000000000000014
:1018D4000000000000000000000000000000000004
:1018E40000000000000000000000000000000000F4
:1018F40000000000000000000000000000000000E4
:1019040000000000000000000000000000000000D3
:1019140000000000000000000000000000000000C3
:1019240000000000000000000000000000000000B3
:1019340000000000000000000000000000000000A3
:101944000000000000000000000000000000000093
:101954000000000000000000000000000000000083
:101964000000000000000000000000000000000073
:101974000000000000000000000000000000000063
:101984000000000000000000000000000000000053
:101994000000000000000000000000000000000043
:1019A4000000000000000000000000000000000033
:1019B4000000000000000000000000000000000023
:1019C4000000000000000000000000000000000013
:1019D4000000000000000000000000000000000003
:1019E40000000000000000000000000000000000F3
:1019F40000000000000000000000000000000000E3
:101A040000000000000000000000000000000000D2
:101A140000000000000000000000000000000000C2
:101A240000000000000000000000000000000000B2
:101A340000000000000000000000000000000000A2
:101A44000000000000000000000000000000000092
:101A54000000000000000000000000000000000082
:101A64000000000000000000000000000000000072
:101A74000000000000000000000000000000000062
:101A84000000000000000000000000000000000052
:101A94000000000000000000000000000000000042
:101AA4000000000000000000000000000000000032
:101AB4000000000000000000000000000000000022
:101AC4000000000000000000000000000000000012
:101AD4000000000000000000000000000000000002
:101AE40000000000000000000000000000000000F2
:101AF40000000000000000000000000000000000E2
:101B040000000000000000000000000000000000D1
:101B140000000000000000000000000000000000C1
:101B240000000000000000000000000000000000B1
:101B340000000000000000000000000000000000A1
:101B44000000000000000000000000000000000091
:101B54000000000000000000000000000000000081
:101B64000000000000000000000000000000000071
:101B74000000000000000000000000000000000061
:101B84000000000000000000000000000000000051
:101B94000000000000000000000000000000000041
:101BA4000000000000000000000000000000000031
:101BB4000000000000000000000000000000000021
:101BC4000000000000000000000000000000000011
:101BD4000000000000000000000000000000000001
:101BE40000000000000000000000000000000000F1
:101BF40000000000000000000000000000000000E1
:101C040000000000000000000000000000000000D0
:101C140000000000000000000000000000000000C0
:101C240000000000000000000000000000000000B0
:101C340000000000000000000000000000000000A0
:101C44000000000000000000000000000000000090
:101C54000000000000000000000000000000000080
:101C64000000000000000000000000000000000070
:101C74000000000000000000000000000000000060
:101C84000000000000000000000000000000000050
:101C94000000000000000000000000000000000040
:101CA4000000000000000000000000000000000030
:101CB4000000000000000000000000000000000020
:101CC4000000000000000000000000000000000010
:101CD4000000000000000000000000000000000000
:101CE40000000000000000000000000000000000F0
:101CF40000000000000000000000000000000000E0
:101D040000000000000000000000000000000000CF
:101D140000000000000000000000000000000000BF
:101D240000000000000000000000000000000000AF
:101D3400000000000000000000000000000000009F
:101D4400000000000000000000000000000000008F
:101D5400000000000000000000000000000000007F
:101D6400000000000000000000000000000000006F
:101D7400000000000000000000000000000000005F
:101D8400000000000000000000000000000000004F
:101D9400000000000000000000000000000000003F
:101DA400000000000000000000000000000000002F
:101DB400000000000000000000000000000000001F
:101DC400000000000000000000000000000000000F
:101DD40000000000000000000000000000000000FF
:101DE40000000000000000000000000000000000EF
:101DF40000000000000000000000000000000000DF
:101E040000000000000000000000000000000000CE
:101E140000000000000000000000000000000000BE
:101E240000000000000000000000000000000000AE
:101E3400000000000000000000000000000000009E
:101E4400000000000000000000000000000000008E
:101E5400000000000000000000000000000000007E
:101E6400000000000000000000000000000000006E
:101E7400000000000000000000000000000000005E
:101E8400000000000000000000000000000000004E
:101E9400000000000000000000000000000000003E
:101EA400000000000000000000000000000000002E
:101EB400000000000000000000000000000000001E
:101EC400000000000000000000000000000000000E
:101ED40000000000000000000000000000000000FE
:101EE40000000000000000000000000000000000EE
:101EF40000000000000000000000000000000000DE
:101F040000000000000000000000000000000000CD
:101F140000000000000000000000000000000000BD
:101F240000000000000000000000000000000000AD
:101F3400000000000000000000000000000000009D
:101F4400000000000000000000000000000000008D
:101F5400000000000000000000000000000000007D
:101F6400000000000000000000000000000000006D
:101F7400000000000000000000000000000000005D
:101F8400000000000000000000000000000000004D
:101F9400000000000000000000000000000000003D
:101FA400000000000000000000000000000000002D
:101FB400000000000000000000000000000000001D
:101FC400000000000000000000000000000000000D
:101FD40000000000000000000000000000000000FD
:101FE40000000000000000000000000000000000ED
:0C1FF400000000000000000000000000E1
:040000056000100087
:00000001FF
